Datetime (UTC),Country,Zone name,Zone id,Carbon intensity gCO₂eq/kWh (direct),Carbon intensity gCO₂eq/kWh (Life cycle),Carbon-free energy percentage (CFE%),Renewable energy percentage (RE%),Data source,Data estimated,Data estimation method
2022-01-01T00:00:00.000000,Sweden,Sweden,SE,6.17,32.29,99.31,69.28,entsoe.eu,false,""
2022-01-01T01:00:00.000000,Sweden,Sweden,SE,3.14,27.92,99.7,68.29,entsoe.eu,false,""
2022-01-01T02:00:00.000000,Sweden,Sweden,SE,3.32,28.01,99.68,68.07,entsoe.eu,false,""
2022-01-01T03:00:00.000000,Sweden,Sweden,SE,6.05,32.28,99.33,66.91,entsoe.eu,false,""
2022-01-01T04:00:00.000000,Sweden,Sweden,SE,3.4,28.66,99.68,67.17,entsoe.eu,false,""
2022-01-01T05:00:00.000000,Sweden,Sweden,SE,5.25,31.65,99.44,67.44,entsoe.eu,false,""
2022-01-01T06:00:00.000000,Sweden,Sweden,SE,7.28,35.03,99.16,67.82,entsoe.eu,false,""
2022-01-01T07:00:00.000000,Sweden,Sweden,SE,5.18,32.68,99.46,68.86,entsoe.eu,false,""
2022-01-01T08:00:00.000000,Sweden,Sweden,SE,2.49,28.94,99.82,68.67,entsoe.eu,false,""
2022-01-01T09:00:00.000000,Sweden,Sweden,SE,7.64,35.2,99.15,68.09,entsoe.eu,false,""
2022-01-01T10:00:00.000000,Sweden,Sweden,SE,21.3,50.28,98.0,66.85,entsoe.eu,false,""
2022-01-01T11:00:00.000000,Sweden,Sweden,SE,27.53,57.22,97.01,65.43,entsoe.eu,false,""
2022-01-01T12:00:00.000000,Sweden,Sweden,SE,30.59,60.69,96.52,64.52,entsoe.eu,false,""
2022-01-01T13:00:00.000000,Sweden,Sweden,SE,22.2,51.08,97.88,65.26,entsoe.eu,false,""
2022-01-01T14:00:00.000000,Sweden,Sweden,SE,22.26,51.57,97.87,66.11,entsoe.eu,false,""
2022-01-01T15:00:00.000000,Sweden,Sweden,SE,24.92,54.71,97.54,66.83,entsoe.eu,false,""
2022-01-01T16:00:00.000000,Sweden,Sweden,SE,13.52,42.84,98.45,68.53,entsoe.eu,false,""
2022-01-01T17:00:00.000000,Sweden,Sweden,SE,12.62,40.87,98.41,69.63,entsoe.eu,false,""
2022-01-01T18:00:00.000000,Sweden,Sweden,SE,11.31,39.47,98.62,70.2,entsoe.eu,false,""
2022-01-01T19:00:00.000000,Sweden,Sweden,SE,6.28,33.26,99.29,70.99,entsoe.eu,false,""
2022-01-01T20:00:00.000000,Sweden,Sweden,SE,3.17,28.85,99.71,71.21,entsoe.eu,false,""
2022-01-01T21:00:00.000000,Sweden,Sweden,SE,2.36,27.5,99.82,71.14,entsoe.eu,false,""
2022-01-01T22:00:00.000000,Sweden,Sweden,SE,2.01,26.02,99.86,71.18,entsoe.eu,false,""
2022-01-01T23:00:00.000000,Sweden,Sweden,SE,1.96,25.41,99.86,69.91,entsoe.eu,false,""
2022-01-02T00:00:00.000000,Sweden,Sweden,SE,2.0,25.22,99.85,68.89,entsoe.eu,false,""
2022-01-02T01:00:00.000000,Sweden,Sweden,SE,1.88,24.71,99.86,68.68,entsoe.eu,false,""
2022-01-02T02:00:00.000000,Sweden,Sweden,SE,3.82,27.97,99.59,67.16,entsoe.eu,false,""
2022-01-02T03:00:00.000000,Sweden,Sweden,SE,6.19,31.73,99.28,66.62,entsoe.eu,false,""
2022-01-02T04:00:00.000000,Sweden,Sweden,SE,7.87,33.92,99.04,66.47,entsoe.eu,false,""
2022-01-02T05:00:00.000000,Sweden,Sweden,SE,9.91,36.35,98.77,66.81,entsoe.eu,false,""
2022-01-02T06:00:00.000000,Sweden,Sweden,SE,7.35,33.19,99.11,68.4,entsoe.eu,false,""
2022-01-02T07:00:00.000000,Sweden,Sweden,SE,7.06,33.1,99.16,69.19,entsoe.eu,false,""
2022-01-02T08:00:00.000000,Sweden,Sweden,SE,6.02,32.04,99.34,70.38,entsoe.eu,false,""
2022-01-02T09:00:00.000000,Sweden,Sweden,SE,5.36,31.47,99.43,69.9,entsoe.eu,false,""
2022-01-02T10:00:00.000000,Sweden,Sweden,SE,4.6,30.78,99.53,69.38,entsoe.eu,false,""
2022-01-02T11:00:00.000000,Sweden,Sweden,SE,4.09,30.28,99.6,69.52,entsoe.eu,false,""
2022-01-02T12:00:00.000000,Sweden,Sweden,SE,2.37,28.0,99.83,69.27,entsoe.eu,false,""
2022-01-02T13:00:00.000000,Sweden,Sweden,SE,3.92,29.77,99.64,69.14,entsoe.eu,false,""
2022-01-02T14:00:00.000000,Sweden,Sweden,SE,4.31,29.93,99.59,68.73,entsoe.eu,false,""
2022-01-02T15:00:00.000000,Sweden,Sweden,SE,5.1,31.58,99.49,68.69,entsoe.eu,false,""
2022-01-02T16:00:00.000000,Sweden,Sweden,SE,5.4,32.15,99.45,68.75,entsoe.eu,false,""
2022-01-02T17:00:00.000000,Sweden,Sweden,SE,6.09,33.13,99.36,68.86,entsoe.eu,false,""
2022-01-02T18:00:00.000000,Sweden,Sweden,SE,7.57,35.42,99.15,69.06,entsoe.eu,false,""
2022-01-02T19:00:00.000000,Sweden,Sweden,SE,7.12,34.36,99.19,68.34,entsoe.eu,false,""
2022-01-02T20:00:00.000000,Sweden,Sweden,SE,5.82,33.01,99.37,66.86,entsoe.eu,false,""
2022-01-02T21:00:00.000000,Sweden,Sweden,SE,4.97,31.48,99.47,67.22,entsoe.eu,false,""
2022-01-02T22:00:00.000000,Sweden,Sweden,SE,9.02,37.56,98.9,64.38,entsoe.eu,false,""
2022-01-02T23:00:00.000000,Sweden,Sweden,SE,30.46,62.44,96.55,61.59,entsoe.eu,false,""
2022-01-03T00:00:00.000000,Sweden,Sweden,SE,34.4,66.8,96.14,60.13,entsoe.eu,false,""
2022-01-03T01:00:00.000000,Sweden,Sweden,SE,36.09,69.06,95.93,59.63,entsoe.eu,false,""
2022-01-03T02:00:00.000000,Sweden,Sweden,SE,35.74,68.56,96.0,59.34,entsoe.eu,false,""
2022-01-03T03:00:00.000000,Sweden,Sweden,SE,36.7,69.35,95.9,61.1,entsoe.eu,false,""
2022-01-03T04:00:00.000000,Sweden,Sweden,SE,21.72,53.78,97.37,63.53,entsoe.eu,false,""
2022-01-03T05:00:00.000000,Sweden,Sweden,SE,10.78,39.58,98.65,67.13,entsoe.eu,false,""
2022-01-03T06:00:00.000000,Sweden,Sweden,SE,5.77,33.6,99.37,69.63,entsoe.eu,false,""
2022-01-03T07:00:00.000000,Sweden,Sweden,SE,5.94,33.46,99.35,69.86,entsoe.eu,false,""
2022-01-03T08:00:00.000000,Sweden,Sweden,SE,7.75,35.31,99.12,70.38,entsoe.eu,false,""
2022-01-03T09:00:00.000000,Sweden,Sweden,SE,7.33,35.06,99.19,70.1,entsoe.eu,false,""
2022-01-03T10:00:00.000000,Sweden,Sweden,SE,5.37,32.66,99.42,70.41,entsoe.eu,false,""
2022-01-03T11:00:00.000000,Sweden,Sweden,SE,5.82,33.15,99.35,70.81,entsoe.eu,false,""
2022-01-03T12:00:00.000000,Sweden,Sweden,SE,5.94,32.92,99.33,71.35,entsoe.eu,false,""
2022-01-03T13:00:00.000000,Sweden,Sweden,SE,5.02,31.12,99.46,71.28,entsoe.eu,false,""
2022-01-03T14:00:00.000000,Sweden,Sweden,SE,6.71,33.23,99.24,71.79,entsoe.eu,false,""
2022-01-03T15:00:00.000000,Sweden,Sweden,SE,6.97,33.38,99.21,71.9,entsoe.eu,false,""
2022-01-03T16:00:00.000000,Sweden,Sweden,SE,7.22,33.43,99.17,72.0,entsoe.eu,false,""
2022-01-03T17:00:00.000000,Sweden,Sweden,SE,5.39,31.37,99.41,71.86,entsoe.eu,false,""
2022-01-03T18:00:00.000000,Sweden,Sweden,SE,2.89,28.49,99.75,72.09,entsoe.eu,false,""
2022-01-03T19:00:00.000000,Sweden,Sweden,SE,2.97,28.64,99.74,71.53,entsoe.eu,false,""
2022-01-03T20:00:00.000000,Sweden,Sweden,SE,3.29,28.86,99.69,70.81,entsoe.eu,false,""
2022-01-03T21:00:00.000000,Sweden,Sweden,SE,2.1,26.72,99.85,70.21,entsoe.eu,false,""
2022-01-03T22:00:00.000000,Sweden,Sweden,SE,2.05,26.23,99.86,69.39,entsoe.eu,false,""
2022-01-03T23:00:00.000000,Sweden,Sweden,SE,2.05,26.2,99.85,67.91,entsoe.eu,false,""
2022-01-04T00:00:00.000000,Sweden,Sweden,SE,2.08,26.27,99.85,67.41,entsoe.eu,false,""
2022-01-04T01:00:00.000000,Sweden,Sweden,SE,2.08,26.18,99.85,66.97,entsoe.eu,false,""
2022-01-04T02:00:00.000000,Sweden,Sweden,SE,2.09,26.18,99.85,66.65,entsoe.eu,false,""
2022-01-04T03:00:00.000000,Sweden,Sweden,SE,2.04,26.03,99.85,67.73,entsoe.eu,false,""
2022-01-04T04:00:00.000000,Sweden,Sweden,SE,2.1,26.47,99.85,68.72,entsoe.eu,false,""
2022-01-04T05:00:00.000000,Sweden,Sweden,SE,2.15,26.97,99.84,69.25,entsoe.eu,false,""
2022-01-04T06:00:00.000000,Sweden,Sweden,SE,2.26,27.98,99.84,69.32,entsoe.eu,false,""
2022-01-04T07:00:00.000000,Sweden,Sweden,SE,2.21,27.52,99.83,71.16,entsoe.eu,false,""
2022-01-04T08:00:00.000000,Sweden,Sweden,SE,2.25,27.7,99.83,70.08,entsoe.eu,false,""
2022-01-04T09:00:00.000000,Sweden,Sweden,SE,2.14,27.62,99.85,69.9,entsoe.eu,false,""
2022-01-04T10:00:00.000000,Sweden,Sweden,SE,2.15,27.76,99.85,69.61,entsoe.eu,false,""
2022-01-04T11:00:00.000000,Sweden,Sweden,SE,2.12,27.36,99.85,70.13,entsoe.eu,false,""
2022-01-04T12:00:00.000000,Sweden,Sweden,SE,2.19,27.43,99.84,69.64,entsoe.eu,false,""
2022-01-04T13:00:00.000000,Sweden,Sweden,SE,2.2,27.71,99.84,69.48,entsoe.eu,false,""
2022-01-04T14:00:00.000000,Sweden,Sweden,SE,2.99,28.62,99.72,69.79,entsoe.eu,false,""
2022-01-04T15:00:00.000000,Sweden,Sweden,SE,3.89,29.91,99.59,70.2,entsoe.eu,false,""
2022-01-04T16:00:00.000000,Sweden,Sweden,SE,3.46,29.4,99.65,70.7,entsoe.eu,false,""
2022-01-04T17:00:00.000000,Sweden,Sweden,SE,5.32,31.69,99.38,70.11,entsoe.eu,false,""
2022-01-04T18:00:00.000000,Sweden,Sweden,SE,4.27,30.6,99.55,69.13,entsoe.eu,false,""
2022-01-04T19:00:00.000000,Sweden,Sweden,SE,4.05,30.62,99.59,67.97,entsoe.eu,false,""
2022-01-04T20:00:00.000000,Sweden,Sweden,SE,4.36,30.71,99.55,67.52,entsoe.eu,false,""
2022-01-04T21:00:00.000000,Sweden,Sweden,SE,3.14,29.33,99.72,67.76,entsoe.eu,false,""
2022-01-04T22:00:00.000000,Sweden,Sweden,SE,4.31,30.91,99.56,67.4,entsoe.eu,false,""
2022-01-04T23:00:00.000000,Sweden,Sweden,SE,2.2,27.06,99.84,67.08,entsoe.eu,false,""
2022-01-05T00:00:00.000000,Sweden,Sweden,SE,2.27,26.53,99.83,66.79,entsoe.eu,false,""
2022-01-05T01:00:00.000000,Sweden,Sweden,SE,2.0,25.41,99.86,66.8,entsoe.eu,false,""
2022-01-05T02:00:00.000000,Sweden,Sweden,SE,2.0,25.45,99.86,66.67,entsoe.eu,false,""
2022-01-05T03:00:00.000000,Sweden,Sweden,SE,2.23,26.23,99.83,66.73,entsoe.eu,false,""
2022-01-05T04:00:00.000000,Sweden,Sweden,SE,2.18,27.02,99.85,67.13,entsoe.eu,false,""
2022-01-05T05:00:00.000000,Sweden,Sweden,SE,2.28,27.49,99.83,68.54,entsoe.eu,false,""
2022-01-05T06:00:00.000000,Sweden,Sweden,SE,3.57,29.78,99.68,68.73,entsoe.eu,false,""
2022-01-05T07:00:00.000000,Sweden,Sweden,SE,3.94,30.19,99.64,69.9,entsoe.eu,false,""
2022-01-05T08:00:00.000000,Sweden,Sweden,SE,6.6,32.94,99.36,69.79,entsoe.eu,false,""
2022-01-05T09:00:00.000000,Sweden,Sweden,SE,6.64,33.26,99.35,69.25,entsoe.eu,false,""
2022-01-05T10:00:00.000000,Sweden,Sweden,SE,6.72,33.66,99.35,68.83,entsoe.eu,false,""
2022-01-05T11:00:00.000000,Sweden,Sweden,SE,7.52,34.63,99.23,68.34,entsoe.eu,false,""
2022-01-05T12:00:00.000000,Sweden,Sweden,SE,8.07,35.21,99.15,68.34,entsoe.eu,false,""
2022-01-05T13:00:00.000000,Sweden,Sweden,SE,10.4,38.21,98.85,68.5,entsoe.eu,false,""
2022-01-05T14:00:00.000000,Sweden,Sweden,SE,11.22,38.76,98.74,68.86,entsoe.eu,false,""
2022-01-05T15:00:00.000000,Sweden,Sweden,SE,8.5,36.4,99.02,69.26,entsoe.eu,false,""
2022-01-05T16:00:00.000000,Sweden,Sweden,SE,9.36,37.3,98.91,69.4,entsoe.eu,false,""
2022-01-05T17:00:00.000000,Sweden,Sweden,SE,5.71,32.87,99.36,70.18,entsoe.eu,false,""
2022-01-05T18:00:00.000000,Sweden,Sweden,SE,3.86,30.45,99.6,70.53,entsoe.eu,false,""
2022-01-05T19:00:00.000000,Sweden,Sweden,SE,2.25,27.98,99.84,70.32,entsoe.eu,false,""
2022-01-05T20:00:00.000000,Sweden,Sweden,SE,2.28,28.15,99.84,70.03,entsoe.eu,false,""
2022-01-05T21:00:00.000000,Sweden,Sweden,SE,2.28,28.21,99.84,69.58,entsoe.eu,false,""
2022-01-05T22:00:00.000000,Sweden,Sweden,SE,2.19,27.59,99.85,69.63,entsoe.eu,false,""
2022-01-05T23:00:00.000000,Sweden,Sweden,SE,1.94,25.51,99.86,70.25,entsoe.eu,false,""
2022-01-06T00:00:00.000000,Sweden,Sweden,SE,1.84,24.56,99.87,69.99,entsoe.eu,false,""
2022-01-06T01:00:00.000000,Sweden,Sweden,SE,1.78,24.15,99.88,70.05,entsoe.eu,false,""
2022-01-06T02:00:00.000000,Sweden,Sweden,SE,1.79,24.19,99.87,70.01,entsoe.eu,false,""
2022-01-06T03:00:00.000000,Sweden,Sweden,SE,1.8,24.36,99.88,69.59,entsoe.eu,false,""
2022-01-06T04:00:00.000000,Sweden,Sweden,SE,1.94,25.65,99.87,69.68,entsoe.eu,false,""
2022-01-06T05:00:00.000000,Sweden,Sweden,SE,6.56,31.54,99.43,69.6,entsoe.eu,false,""
2022-01-06T06:00:00.000000,Sweden,Sweden,SE,7.65,33.1,99.32,69.88,entsoe.eu,false,""
2022-01-06T07:00:00.000000,Sweden,Sweden,SE,16.71,43.68,98.44,70.94,entsoe.eu,false,""
2022-01-06T08:00:00.000000,Sweden,Sweden,SE,18.68,46.42,98.07,72.12,entsoe.eu,false,""
2022-01-06T09:00:00.000000,Sweden,Sweden,SE,17.2,45.33,98.04,71.4,entsoe.eu,false,""
2022-01-06T10:00:00.000000,Sweden,Sweden,SE,19.61,48.35,97.88,70.78,entsoe.eu,false,""
2022-01-06T11:00:00.000000,Sweden,Sweden,SE,21.14,50.24,97.61,70.35,entsoe.eu,false,""
2022-01-06T12:00:00.000000,Sweden,Sweden,SE,11.07,39.17,98.89,70.74,entsoe.eu,false,""
2022-01-06T13:00:00.000000,Sweden,Sweden,SE,10.47,38.63,98.88,70.63,entsoe.eu,false,""
2022-01-06T14:00:00.000000,Sweden,Sweden,SE,3.36,30.93,99.67,71.84,entsoe.eu,false,""
2022-01-06T15:00:00.000000,Sweden,Sweden,SE,3.44,30.64,99.64,71.79,entsoe.eu,false,""
2022-01-06T16:00:00.000000,Sweden,Sweden,SE,4.16,31.27,99.51,71.58,entsoe.eu,false,""
2022-01-06T17:00:00.000000,Sweden,Sweden,SE,4.22,31.49,99.51,71.04,entsoe.eu,false,""
2022-01-06T18:00:00.000000,Sweden,Sweden,SE,4.96,31.68,99.39,70.99,entsoe.eu,false,""
2022-01-06T19:00:00.000000,Sweden,Sweden,SE,4.38,30.97,99.48,70.55,entsoe.eu,false,""
2022-01-06T20:00:00.000000,Sweden,Sweden,SE,2.88,29.92,99.75,72.48,entsoe.eu,false,""
2022-01-06T21:00:00.000000,Sweden,Sweden,SE,5.47,33.23,99.41,74.18,entsoe.eu,false,""
2022-01-06T22:00:00.000000,Sweden,Sweden,SE,8.04,36.65,99.05,72.3,entsoe.eu,false,""
2022-01-06T23:00:00.000000,Sweden,Sweden,SE,9.87,40.51,98.86,70.57,entsoe.eu,false,""
2022-01-07T00:00:00.000000,Sweden,Sweden,SE,23.18,52.92,97.57,69.05,entsoe.eu,false,""
2022-01-07T01:00:00.000000,Sweden,Sweden,SE,10.81,38.38,98.73,69.22,entsoe.eu,false,""
2022-01-07T02:00:00.000000,Sweden,Sweden,SE,12.45,40.23,98.56,69.39,entsoe.eu,false,""
2022-01-07T03:00:00.000000,Sweden,Sweden,SE,11.19,39.34,98.59,70.56,entsoe.eu,false,""
2022-01-07T04:00:00.000000,Sweden,Sweden,SE,14.06,43.74,98.32,70.95,entsoe.eu,false,""
2022-01-07T05:00:00.000000,Sweden,Sweden,SE,13.74,43.2,98.38,72.56,entsoe.eu,false,""
2022-01-07T06:00:00.000000,Sweden,Sweden,SE,13.75,43.29,98.3,73.05,entsoe.eu,false,""
2022-01-07T07:00:00.000000,Sweden,Sweden,SE,18.97,49.66,97.64,72.96,entsoe.eu,false,""
2022-01-07T08:00:00.000000,Sweden,Sweden,SE,17.79,47.69,97.78,73.4,entsoe.eu,false,""
2022-01-07T09:00:00.000000,Sweden,Sweden,SE,16.53,46.04,97.9,73.6,entsoe.eu,false,""
2022-01-07T10:00:00.000000,Sweden,Sweden,SE,11.96,40.29,98.46,74.7,entsoe.eu,false,""
2022-01-07T11:00:00.000000,Sweden,Sweden,SE,10.43,38.2,98.69,75.05,entsoe.eu,false,""
2022-01-07T12:00:00.000000,Sweden,Sweden,SE,10.5,38.47,98.64,75.09,entsoe.eu,false,""
2022-01-07T13:00:00.000000,Sweden,Sweden,SE,9.25,36.7,98.83,75.27,entsoe.eu,false,""
2022-01-07T14:00:00.000000,Sweden,Sweden,SE,8.72,36.3,98.89,75.59,entsoe.eu,false,""
2022-01-07T15:00:00.000000,Sweden,Sweden,SE,9.34,37.21,98.81,75.07,entsoe.eu,false,""
2022-01-07T16:00:00.000000,Sweden,Sweden,SE,10.94,39.43,98.59,74.63,entsoe.eu,false,""
2022-01-07T17:00:00.000000,Sweden,Sweden,SE,11.42,40.15,98.52,73.95,entsoe.eu,false,""
2022-01-07T18:00:00.000000,Sweden,Sweden,SE,9.16,37.02,98.85,74.21,entsoe.eu,false,""
2022-01-07T19:00:00.000000,Sweden,Sweden,SE,9.56,37.68,98.82,73.72,entsoe.eu,false,""
2022-01-07T20:00:00.000000,Sweden,Sweden,SE,6.09,33.66,99.31,73.48,entsoe.eu,false,""
2022-01-07T21:00:00.000000,Sweden,Sweden,SE,2.51,29.43,99.8,73.49,entsoe.eu,false,""
2022-01-07T22:00:00.000000,Sweden,Sweden,SE,2.46,29.51,99.82,73.12,entsoe.eu,false,""
2022-01-07T23:00:00.000000,Sweden,Sweden,SE,2.48,29.05,99.8,73.58,entsoe.eu,false,""
2022-01-08T00:00:00.000000,Sweden,Sweden,SE,2.52,29.22,99.8,73.36,entsoe.eu,false,""
2022-01-08T01:00:00.000000,Sweden,Sweden,SE,2.47,29.08,99.81,72.75,entsoe.eu,false,""
2022-01-08T02:00:00.000000,Sweden,Sweden,SE,2.47,29.05,99.8,73.38,entsoe.eu,false,""
2022-01-08T03:00:00.000000,Sweden,Sweden,SE,2.42,28.65,99.8,73.76,entsoe.eu,false,""
2022-01-08T04:00:00.000000,Sweden,Sweden,SE,2.37,28.31,99.81,72.85,entsoe.eu,false,""
2022-01-08T05:00:00.000000,Sweden,Sweden,SE,2.33,28.24,99.82,72.78,entsoe.eu,false,""
2022-01-08T06:00:00.000000,Sweden,Sweden,SE,2.72,28.72,99.77,72.98,entsoe.eu,false,""
2022-01-08T07:00:00.000000,Sweden,Sweden,SE,6.19,32.61,99.28,72.99,entsoe.eu,false,""
2022-01-08T08:00:00.000000,Sweden,Sweden,SE,7.05,33.73,99.16,72.83,entsoe.eu,false,""
2022-01-08T09:00:00.000000,Sweden,Sweden,SE,6.23,32.52,99.26,73.58,entsoe.eu,false,""
2022-01-08T10:00:00.000000,Sweden,Sweden,SE,4.91,31.12,99.45,73.89,entsoe.eu,false,""
2022-01-08T11:00:00.000000,Sweden,Sweden,SE,5.28,31.77,99.39,73.93,entsoe.eu,false,""
2022-01-08T12:00:00.000000,Sweden,Sweden,SE,3.74,30.1,99.6,73.8,entsoe.eu,false,""
2022-01-08T13:00:00.000000,Sweden,Sweden,SE,5.27,31.85,99.4,73.38,entsoe.eu,false,""
2022-01-08T14:00:00.000000,Sweden,Sweden,SE,8.18,35.07,99.0,73.52,entsoe.eu,false,""
2022-01-08T15:00:00.000000,Sweden,Sweden,SE,12.58,40.41,98.41,72.95,entsoe.eu,false,""
2022-01-08T16:00:00.000000,Sweden,Sweden,SE,10.91,37.96,98.67,72.98,entsoe.eu,false,""
2022-01-08T17:00:00.000000,Sweden,Sweden,SE,14.24,42.35,98.24,72.64,entsoe.eu,false,""
2022-01-08T18:00:00.000000,Sweden,Sweden,SE,13.69,42.16,98.3,71.94,entsoe.eu,false,""
2022-01-08T19:00:00.000000,Sweden,Sweden,SE,16.34,45.51,98.11,71.14,entsoe.eu,false,""
2022-01-08T20:00:00.000000,Sweden,Sweden,SE,15.23,44.26,98.31,70.43,entsoe.eu,false,""
2022-01-08T21:00:00.000000,Sweden,Sweden,SE,11.19,39.59,98.76,70.44,entsoe.eu,false,""
2022-01-08T22:00:00.000000,Sweden,Sweden,SE,6.62,34.55,99.31,70.19,entsoe.eu,false,""
2022-01-08T23:00:00.000000,Sweden,Sweden,SE,5.5,33.3,99.43,69.76,entsoe.eu,false,""
2022-01-09T00:00:00.000000,Sweden,Sweden,SE,4.91,32.53,99.48,70.02,entsoe.eu,false,""
2022-01-09T01:00:00.000000,Sweden,Sweden,SE,4.37,32.02,99.55,70.23,entsoe.eu,false,""
2022-01-09T02:00:00.000000,Sweden,Sweden,SE,4.18,31.63,99.58,70.25,entsoe.eu,false,""
2022-01-09T03:00:00.000000,Sweden,Sweden,SE,3.98,31.32,99.61,70.16,entsoe.eu,false,""
2022-01-09T04:00:00.000000,Sweden,Sweden,SE,3.91,31.53,99.62,70.42,entsoe.eu,false,""
2022-01-09T05:00:00.000000,Sweden,Sweden,SE,4.24,32.43,99.58,70.72,entsoe.eu,false,""
2022-01-09T06:00:00.000000,Sweden,Sweden,SE,4.41,32.5,99.58,71.31,entsoe.eu,false,""
2022-01-09T07:00:00.000000,Sweden,Sweden,SE,3.0,30.4,99.76,71.44,entsoe.eu,false,""
2022-01-09T08:00:00.000000,Sweden,Sweden,SE,2.44,29.3,99.83,71.93,entsoe.eu,false,""
2022-01-09T09:00:00.000000,Sweden,Sweden,SE,2.63,28.99,99.78,73.82,entsoe.eu,false,""
2022-01-09T10:00:00.000000,Sweden,Sweden,SE,2.37,28.61,99.8,74.8,entsoe.eu,false,""
2022-01-09T11:00:00.000000,Sweden,Sweden,SE,2.37,28.58,99.8,74.76,entsoe.eu,false,""
2022-01-09T12:00:00.000000,Sweden,Sweden,SE,2.43,28.86,99.79,74.7,entsoe.eu,false,""
2022-01-09T13:00:00.000000,Sweden,Sweden,SE,2.39,28.8,99.8,75.09,entsoe.eu,false,""
2022-01-09T14:00:00.000000,Sweden,Sweden,SE,6.34,33.18,99.26,74.9,entsoe.eu,false,""
2022-01-09T15:00:00.000000,Sweden,Sweden,SE,7.71,34.83,99.05,74.88,entsoe.eu,false,""
2022-01-09T16:00:00.000000,Sweden,Sweden,SE,6.52,33.56,99.22,75.21,entsoe.eu,false,""
2022-01-09T17:00:00.000000,Sweden,Sweden,SE,6.42,33.48,99.24,75.02,entsoe.eu,false,""
2022-01-09T18:00:00.000000,Sweden,Sweden,SE,9.22,36.56,98.86,74.72,entsoe.eu,false,""
2022-01-09T19:00:00.000000,Sweden,Sweden,SE,6.68,33.71,99.22,74.6,entsoe.eu,false,""
2022-01-09T20:00:00.000000,Sweden,Sweden,SE,4.29,31.02,99.55,74.45,entsoe.eu,false,""
2022-01-09T21:00:00.000000,Sweden,Sweden,SE,2.38,28.71,99.8,74.69,entsoe.eu,false,""
2022-01-09T22:00:00.000000,Sweden,Sweden,SE,2.44,29.13,99.8,74.36,entsoe.eu,false,""
2022-01-09T23:00:00.000000,Sweden,Sweden,SE,2.46,29.3,99.81,73.15,entsoe.eu,false,""
2022-01-10T00:00:00.000000,Sweden,Sweden,SE,2.41,29.1,99.83,72.25,entsoe.eu,false,""
2022-01-10T01:00:00.000000,Sweden,Sweden,SE,2.43,29.35,99.83,71.94,entsoe.eu,false,""
2022-01-10T02:00:00.000000,Sweden,Sweden,SE,2.46,29.54,99.83,71.8,entsoe.eu,false,""
2022-01-10T03:00:00.000000,Sweden,Sweden,SE,2.48,29.5,99.82,71.9,entsoe.eu,false,""
2022-01-10T04:00:00.000000,Sweden,Sweden,SE,5.36,32.86,99.42,72.55,entsoe.eu,false,""
2022-01-10T05:00:00.000000,Sweden,Sweden,SE,9.52,37.77,98.83,73.97,entsoe.eu,false,""
2022-01-10T06:00:00.000000,Sweden,Sweden,SE,9.56,38.44,98.79,74.28,entsoe.eu,false,""
2022-01-10T07:00:00.000000,Sweden,Sweden,SE,9.34,39.31,98.84,74.2,entsoe.eu,false,""
2022-01-10T08:00:00.000000,Sweden,Sweden,SE,10.93,42.18,98.56,73.4,entsoe.eu,false,""
2022-01-10T09:00:00.000000,Sweden,Sweden,SE,10.42,41.68,98.7,73.3,entsoe.eu,false,""
2022-01-10T10:00:00.000000,Sweden,Sweden,SE,10.17,41.46,98.72,73.77,entsoe.eu,false,""
2022-01-10T11:00:00.000000,Sweden,Sweden,SE,13.5,44.7,98.07,73.62,entsoe.eu,false,""
2022-01-10T12:00:00.000000,Sweden,Sweden,SE,13.11,44.54,98.16,73.29,entsoe.eu,false,""
2022-01-10T13:00:00.000000,Sweden,Sweden,SE,14.89,46.72,98.22,73.15,entsoe.eu,false,""
2022-01-10T14:00:00.000000,Sweden,Sweden,SE,21.32,53.78,97.17,72.38,entsoe.eu,false,""
2022-01-10T15:00:00.000000,Sweden,Sweden,SE,13.69,45.16,98.09,73.49,entsoe.eu,false,""
2022-01-10T16:00:00.000000,Sweden,Sweden,SE,7.82,38.88,98.93,74.11,entsoe.eu,false,""
2022-01-10T17:00:00.000000,Sweden,Sweden,SE,11.46,43.05,98.56,73.88,entsoe.eu,false,""
2022-01-10T18:00:00.000000,Sweden,Sweden,SE,10.77,41.73,98.63,74.45,entsoe.eu,false,""
2022-01-10T19:00:00.000000,Sweden,Sweden,SE,7.78,38.1,99.06,74.63,entsoe.eu,false,""
2022-01-10T20:00:00.000000,Sweden,Sweden,SE,9.47,39.74,98.81,74.52,entsoe.eu,false,""
2022-01-10T21:00:00.000000,Sweden,Sweden,SE,6.58,35.67,99.23,74.53,entsoe.eu,false,""
2022-01-10T22:00:00.000000,Sweden,Sweden,SE,2.64,29.77,99.78,74.13,entsoe.eu,false,""
2022-01-10T23:00:00.000000,Sweden,Sweden,SE,2.52,29.79,99.8,72.84,entsoe.eu,false,""
2022-01-11T00:00:00.000000,Sweden,Sweden,SE,2.49,29.68,99.81,72.2,entsoe.eu,false,""
2022-01-11T01:00:00.000000,Sweden,Sweden,SE,2.49,29.72,99.81,71.73,entsoe.eu,false,""
2022-01-11T02:00:00.000000,Sweden,Sweden,SE,2.47,29.63,99.82,71.88,entsoe.eu,false,""
2022-01-11T03:00:00.000000,Sweden,Sweden,SE,2.48,29.68,99.81,72.19,entsoe.eu,false,""
2022-01-11T04:00:00.000000,Sweden,Sweden,SE,2.54,29.89,99.79,73.8,entsoe.eu,false,""
2022-01-11T05:00:00.000000,Sweden,Sweden,SE,5.45,32.83,99.38,75.05,entsoe.eu,false,""
2022-01-11T06:00:00.000000,Sweden,Sweden,SE,8.86,36.79,98.92,74.81,entsoe.eu,false,""
2022-01-11T07:00:00.000000,Sweden,Sweden,SE,9.13,37.15,98.9,74.81,entsoe.eu,false,""
2022-01-11T08:00:00.000000,Sweden,Sweden,SE,9.25,37.68,98.89,74.87,entsoe.eu,false,""
2022-01-11T09:00:00.000000,Sweden,Sweden,SE,8.72,37.74,98.96,74.58,entsoe.eu,false,""
2022-01-11T10:00:00.000000,Sweden,Sweden,SE,8.38,37.1,99.01,73.68,entsoe.eu,false,""
2022-01-11T11:00:00.000000,Sweden,Sweden,SE,6.09,34.56,99.32,73.49,entsoe.eu,false,""
2022-01-11T12:00:00.000000,Sweden,Sweden,SE,4.14,32.35,99.59,73.34,entsoe.eu,false,""
2022-01-11T13:00:00.000000,Sweden,Sweden,SE,4.3,32.31,99.56,73.56,entsoe.eu,false,""
2022-01-11T14:00:00.000000,Sweden,Sweden,SE,5.42,33.55,99.4,73.58,entsoe.eu,false,""
2022-01-11T15:00:00.000000,Sweden,Sweden,SE,5.81,33.86,99.34,73.78,entsoe.eu,false,""
2022-01-11T16:00:00.000000,Sweden,Sweden,SE,6.68,34.82,99.23,73.64,entsoe.eu,false,""
2022-01-11T17:00:00.000000,Sweden,Sweden,SE,4.53,32.43,99.52,73.64,entsoe.eu,false,""
2022-01-11T18:00:00.000000,Sweden,Sweden,SE,2.53,30.14,99.8,72.93,entsoe.eu,false,""
2022-01-11T19:00:00.000000,Sweden,Sweden,SE,2.52,29.71,99.8,71.56,entsoe.eu,false,""
2022-01-11T20:00:00.000000,Sweden,Sweden,SE,2.45,29.46,99.82,70.38,entsoe.eu,false,""
2022-01-11T21:00:00.000000,Sweden,Sweden,SE,2.4,28.95,99.82,69.29,entsoe.eu,false,""
2022-01-11T22:00:00.000000,Sweden,Sweden,SE,3.12,28.21,99.68,68.6,entsoe.eu,false,""
2022-01-11T23:00:00.000000,Sweden,Sweden,SE,2.73,27.01,99.73,67.39,entsoe.eu,false,""
2022-01-12T00:00:00.000000,Sweden,Sweden,SE,2.26,25.54,99.8,67.29,entsoe.eu,false,""
2022-01-12T01:00:00.000000,Sweden,Sweden,SE,1.9,24.7,99.86,67.15,entsoe.eu,false,""
2022-01-12T02:00:00.000000,Sweden,Sweden,SE,1.89,24.54,99.86,66.97,entsoe.eu,false,""
2022-01-12T03:00:00.000000,Sweden,Sweden,SE,1.97,25.1,99.85,67.61,entsoe.eu,false,""
2022-01-12T04:00:00.000000,Sweden,Sweden,SE,2.0,25.49,99.85,67.98,entsoe.eu,false,""
2022-01-12T05:00:00.000000,Sweden,Sweden,SE,2.08,26.17,99.84,69.06,entsoe.eu,false,""
2022-01-12T06:00:00.000000,Sweden,Sweden,SE,2.23,26.63,99.81,70.38,entsoe.eu,false,""
2022-01-12T07:00:00.000000,Sweden,Sweden,SE,3.11,27.97,99.66,70.75,entsoe.eu,false,""
2022-01-12T08:00:00.000000,Sweden,Sweden,SE,3.52,27.99,99.59,70.3,entsoe.eu,false,""
2022-01-12T09:00:00.000000,Sweden,Sweden,SE,4.05,28.58,99.46,70.34,entsoe.eu,false,""
2022-01-12T10:00:00.000000,Sweden,Sweden,SE,3.81,27.88,99.51,70.5,entsoe.eu,false,""
2022-01-12T11:00:00.000000,Sweden,Sweden,SE,1.92,25.28,99.86,70.6,entsoe.eu,false,""
2022-01-12T12:00:00.000000,Sweden,Sweden,SE,1.9,25.17,99.86,70.77,entsoe.eu,false,""
2022-01-12T13:00:00.000000,Sweden,Sweden,SE,3.83,27.4,99.49,70.19,entsoe.eu,false,""
2022-01-12T14:00:00.000000,Sweden,Sweden,SE,3.07,26.54,99.64,70.62,entsoe.eu,false,""
2022-01-12T15:00:00.000000,Sweden,Sweden,SE,2.95,26.21,99.67,70.86,entsoe.eu,false,""
2022-01-12T16:00:00.000000,Sweden,Sweden,SE,3.5,26.74,99.57,70.49,entsoe.eu,false,""
2022-01-12T17:00:00.000000,Sweden,Sweden,SE,2.41,25.57,99.77,70.38,entsoe.eu,false,""
2022-01-12T18:00:00.000000,Sweden,Sweden,SE,1.79,24.53,99.88,70.43,entsoe.eu,false,""
2022-01-12T19:00:00.000000,Sweden,Sweden,SE,1.67,23.49,99.88,70.36,entsoe.eu,false,""
2022-01-12T20:00:00.000000,Sweden,Sweden,SE,1.59,22.75,99.89,69.75,entsoe.eu,false,""
2022-01-12T21:00:00.000000,Sweden,Sweden,SE,1.52,22.46,99.9,69.06,entsoe.eu,false,""
2022-01-12T22:00:00.000000,Sweden,Sweden,SE,1.38,21.71,99.92,68.31,entsoe.eu,false,""
2022-01-12T23:00:00.000000,Sweden,Sweden,SE,1.35,21.39,99.92,66.93,entsoe.eu,false,""
2022-01-13T00:00:00.000000,Sweden,Sweden,SE,1.33,21.16,99.92,66.34,entsoe.eu,false,""
2022-01-13T01:00:00.000000,Sweden,Sweden,SE,1.28,20.77,99.92,66.41,entsoe.eu,false,""
2022-01-13T02:00:00.000000,Sweden,Sweden,SE,1.29,20.81,99.92,66.65,entsoe.eu,false,""
2022-01-13T03:00:00.000000,Sweden,Sweden,SE,1.32,21.08,99.92,66.67,entsoe.eu,false,""
2022-01-13T04:00:00.000000,Sweden,Sweden,SE,1.35,21.4,99.92,67.4,entsoe.eu,false,""
2022-01-13T05:00:00.000000,Sweden,Sweden,SE,1.45,22.12,99.91,68.54,entsoe.eu,false,""
2022-01-13T06:00:00.000000,Sweden,Sweden,SE,1.52,22.26,99.89,70.15,entsoe.eu,false,""
2022-01-13T07:00:00.000000,Sweden,Sweden,SE,1.48,21.97,99.9,70.65,entsoe.eu,false,""
2022-01-13T08:00:00.000000,Sweden,Sweden,SE,1.5,22.09,99.89,70.83,entsoe.eu,false,""
2022-01-13T09:00:00.000000,Sweden,Sweden,SE,1.54,22.32,99.89,70.55,entsoe.eu,false,""
2022-01-13T10:00:00.000000,Sweden,Sweden,SE,1.56,22.46,99.89,70.32,entsoe.eu,false,""
2022-01-13T11:00:00.000000,Sweden,Sweden,SE,1.54,22.43,99.89,69.85,entsoe.eu,false,""
2022-01-13T12:00:00.000000,Sweden,Sweden,SE,1.51,22.18,99.89,70.12,entsoe.eu,false,""
2022-01-13T13:00:00.000000,Sweden,Sweden,SE,1.47,22.04,99.9,69.88,entsoe.eu,false,""
2022-01-13T14:00:00.000000,Sweden,Sweden,SE,1.48,21.94,99.9,70.13,entsoe.eu,false,""
2022-01-13T15:00:00.000000,Sweden,Sweden,SE,1.49,21.94,99.89,70.59,entsoe.eu,false,""
2022-01-13T16:00:00.000000,Sweden,Sweden,SE,1.47,21.83,99.9,70.51,entsoe.eu,false,""
2022-01-13T17:00:00.000000,Sweden,Sweden,SE,1.49,21.99,99.89,70.5,entsoe.eu,false,""
2022-01-13T18:00:00.000000,Sweden,Sweden,SE,1.43,21.61,99.9,70.36,entsoe.eu,false,""
2022-01-13T19:00:00.000000,Sweden,Sweden,SE,1.41,21.48,99.9,69.8,entsoe.eu,false,""
2022-01-13T20:00:00.000000,Sweden,Sweden,SE,1.38,21.14,99.91,69.12,entsoe.eu,false,""
2022-01-13T21:00:00.000000,Sweden,Sweden,SE,1.24,20.45,99.92,68.12,entsoe.eu,false,""
2022-01-13T22:00:00.000000,Sweden,Sweden,SE,1.64,20.87,99.87,67.0,entsoe.eu,false,""
2022-01-13T23:00:00.000000,Sweden,Sweden,SE,1.16,19.66,99.93,66.12,entsoe.eu,false,""
2022-01-14T00:00:00.000000,Sweden,Sweden,SE,1.17,19.82,99.93,66.38,entsoe.eu,false,""
2022-01-14T01:00:00.000000,Sweden,Sweden,SE,1.16,19.75,99.93,66.28,entsoe.eu,false,""
2022-01-14T02:00:00.000000,Sweden,Sweden,SE,1.16,19.75,99.93,66.26,entsoe.eu,false,""
2022-01-14T03:00:00.000000,Sweden,Sweden,SE,1.19,20.01,99.93,66.61,entsoe.eu,false,""
2022-01-14T04:00:00.000000,Sweden,Sweden,SE,1.3,20.9,99.92,67.0,entsoe.eu,false,""
2022-01-14T05:00:00.000000,Sweden,Sweden,SE,1.48,22.39,99.91,68.51,entsoe.eu,false,""
2022-01-14T06:00:00.000000,Sweden,Sweden,SE,1.65,23.54,99.89,70.12,entsoe.eu,false,""
2022-01-14T07:00:00.000000,Sweden,Sweden,SE,1.71,24.07,99.88,70.71,entsoe.eu,false,""
2022-01-14T08:00:00.000000,Sweden,Sweden,SE,1.73,24.25,99.88,71.11,entsoe.eu,false,""
2022-01-14T09:00:00.000000,Sweden,Sweden,SE,1.74,24.35,99.88,70.95,entsoe.eu,false,""
2022-01-14T10:00:00.000000,Sweden,Sweden,SE,1.74,24.46,99.88,70.89,entsoe.eu,false,""
2022-01-14T11:00:00.000000,Sweden,Sweden,SE,1.72,24.26,99.88,71.18,entsoe.eu,false,""
2022-01-14T12:00:00.000000,Sweden,Sweden,SE,1.72,24.14,99.88,71.08,entsoe.eu,false,""
2022-01-14T13:00:00.000000,Sweden,Sweden,SE,1.76,24.32,99.88,71.19,entsoe.eu,false,""
2022-01-14T14:00:00.000000,Sweden,Sweden,SE,1.77,24.53,99.88,70.87,entsoe.eu,false,""
2022-01-14T15:00:00.000000,Sweden,Sweden,SE,1.81,24.68,99.87,70.78,entsoe.eu,false,""
2022-01-14T16:00:00.000000,Sweden,Sweden,SE,1.79,24.6,99.88,70.65,entsoe.eu,false,""
2022-01-14T17:00:00.000000,Sweden,Sweden,SE,1.86,24.91,99.87,70.51,entsoe.eu,false,""
2022-01-14T18:00:00.000000,Sweden,Sweden,SE,2.43,25.55,99.77,70.04,entsoe.eu,false,""
2022-01-14T19:00:00.000000,Sweden,Sweden,SE,1.82,24.83,99.88,69.72,entsoe.eu,false,""
2022-01-14T20:00:00.000000,Sweden,Sweden,SE,1.75,24.43,99.89,69.52,entsoe.eu,false,""
2022-01-14T21:00:00.000000,Sweden,Sweden,SE,1.55,22.79,99.9,68.51,entsoe.eu,false,""
2022-01-14T22:00:00.000000,Sweden,Sweden,SE,1.49,22.11,99.9,68.04,entsoe.eu,false,""
2022-01-14T23:00:00.000000,Sweden,Sweden,SE,1.4,21.3,99.91,67.43,entsoe.eu,false,""
2022-01-15T00:00:00.000000,Sweden,Sweden,SE,1.41,21.35,99.91,67.21,entsoe.eu,false,""
2022-01-15T01:00:00.000000,Sweden,Sweden,SE,1.44,21.43,99.9,66.83,entsoe.eu,false,""
2022-01-15T02:00:00.000000,Sweden,Sweden,SE,1.44,21.4,99.9,66.4,entsoe.eu,false,""
2022-01-15T03:00:00.000000,Sweden,Sweden,SE,2.75,22.67,99.65,65.9,entsoe.eu,false,""
2022-01-15T04:00:00.000000,Sweden,Sweden,SE,3.17,24.65,99.6,65.42,entsoe.eu,false,""
2022-01-15T05:00:00.000000,Sweden,Sweden,SE,3.4,26.54,99.58,65.75,entsoe.eu,false,""
2022-01-15T06:00:00.000000,Sweden,Sweden,SE,3.48,27.33,99.58,66.13,entsoe.eu,false,""
2022-01-15T07:00:00.000000,Sweden,Sweden,SE,3.47,27.26,99.58,67.16,entsoe.eu,false,""
2022-01-15T08:00:00.000000,Sweden,Sweden,SE,3.94,27.66,99.49,67.91,entsoe.eu,false,""
2022-01-15T09:00:00.000000,Sweden,Sweden,SE,4.0,27.93,99.49,67.95,entsoe.eu,false,""
2022-01-15T10:00:00.000000,Sweden,Sweden,SE,4.04,28.12,99.48,68.16,entsoe.eu,false,""
2022-01-15T11:00:00.000000,Sweden,Sweden,SE,4.22,29.11,99.46,67.51,entsoe.eu,false,""
2022-01-15T12:00:00.000000,Sweden,Sweden,SE,4.31,29.27,99.46,67.19,entsoe.eu,false,""
2022-01-15T13:00:00.000000,Sweden,Sweden,SE,4.34,29.4,99.46,67.06,entsoe.eu,false,""
2022-01-15T14:00:00.000000,Sweden,Sweden,SE,2.92,27.52,99.7,68.53,entsoe.eu,false,""
2022-01-15T15:00:00.000000,Sweden,Sweden,SE,2.67,27.17,99.74,68.9,entsoe.eu,false,""
2022-01-15T16:00:00.000000,Sweden,Sweden,SE,2.9,27.33,99.7,69.14,entsoe.eu,false,""
2022-01-15T17:00:00.000000,Sweden,Sweden,SE,2.08,26.31,99.84,69.38,entsoe.eu,false,""
2022-01-15T18:00:00.000000,Sweden,Sweden,SE,1.98,25.99,99.87,68.61,entsoe.eu,false,""
2022-01-15T19:00:00.000000,Sweden,Sweden,SE,3.54,27.29,99.59,68.1,entsoe.eu,false,""
2022-01-15T20:00:00.000000,Sweden,Sweden,SE,3.48,27.33,99.6,67.29,entsoe.eu,false,""
2022-01-15T21:00:00.000000,Sweden,Sweden,SE,1.81,25.02,99.89,68.11,entsoe.eu,false,""
2022-01-15T22:00:00.000000,Sweden,Sweden,SE,1.59,23.12,99.9,67.11,entsoe.eu,false,""
2022-01-15T23:00:00.000000,Sweden,Sweden,SE,1.36,21.09,99.91,66.31,entsoe.eu,false,""
2022-01-16T00:00:00.000000,Sweden,Sweden,SE,1.34,20.8,99.91,66.44,entsoe.eu,false,""
2022-01-16T01:00:00.000000,Sweden,Sweden,SE,1.34,20.86,99.91,66.49,entsoe.eu,false,""
2022-01-16T02:00:00.000000,Sweden,Sweden,SE,1.37,21.12,99.91,66.51,entsoe.eu,false,""
2022-01-16T03:00:00.000000,Sweden,Sweden,SE,1.41,21.28,99.91,66.15,entsoe.eu,false,""
2022-01-16T04:00:00.000000,Sweden,Sweden,SE,1.42,21.36,99.91,66.74,entsoe.eu,false,""
2022-01-16T05:00:00.000000,Sweden,Sweden,SE,1.43,21.55,99.91,67.13,entsoe.eu,false,""
2022-01-16T06:00:00.000000,Sweden,Sweden,SE,1.45,21.65,99.9,68.01,entsoe.eu,false,""
2022-01-16T07:00:00.000000,Sweden,Sweden,SE,1.49,22.12,99.9,68.04,entsoe.eu,false,""
2022-01-16T08:00:00.000000,Sweden,Sweden,SE,1.49,22.24,99.9,68.6,entsoe.eu,false,""
2022-01-16T09:00:00.000000,Sweden,Sweden,SE,1.46,22.15,99.91,68.79,entsoe.eu,false,""
2022-01-16T10:00:00.000000,Sweden,Sweden,SE,1.44,21.94,99.91,69.26,entsoe.eu,false,""
2022-01-16T11:00:00.000000,Sweden,Sweden,SE,1.43,21.92,99.91,69.38,entsoe.eu,false,""
2022-01-16T12:00:00.000000,Sweden,Sweden,SE,1.48,22.05,99.9,69.69,entsoe.eu,false,""
2022-01-16T13:00:00.000000,Sweden,Sweden,SE,1.55,22.59,99.89,69.37,entsoe.eu,false,""
2022-01-16T14:00:00.000000,Sweden,Sweden,SE,1.71,22.89,99.88,69.02,entsoe.eu,false,""
2022-01-16T15:00:00.000000,Sweden,Sweden,SE,2.06,23.74,99.84,68.82,entsoe.eu,false,""
2022-01-16T16:00:00.000000,Sweden,Sweden,SE,3.05,24.88,99.65,69.4,entsoe.eu,false,""
2022-01-16T17:00:00.000000,Sweden,Sweden,SE,2.17,23.89,99.82,68.93,entsoe.eu,false,""
2022-01-16T18:00:00.000000,Sweden,Sweden,SE,2.26,23.84,99.81,69.29,entsoe.eu,false,""
2022-01-16T19:00:00.000000,Sweden,Sweden,SE,1.56,22.8,99.9,68.82,entsoe.eu,false,""
2022-01-16T20:00:00.000000,Sweden,Sweden,SE,2.42,23.91,99.79,68.49,entsoe.eu,false,""
2022-01-16T21:00:00.000000,Sweden,Sweden,SE,2.4,23.9,99.8,68.49,entsoe.eu,false,""
2022-01-16T22:00:00.000000,Sweden,Sweden,SE,2.25,23.77,99.81,68.04,entsoe.eu,false,""
2022-01-16T23:00:00.000000,Sweden,Sweden,SE,2.44,24.03,99.79,67.16,entsoe.eu,false,""
2022-01-17T00:00:00.000000,Sweden,Sweden,SE,2.18,23.83,99.82,67.12,entsoe.eu,false,""
2022-01-17T01:00:00.000000,Sweden,Sweden,SE,2.03,23.74,99.84,67.35,entsoe.eu,false,""
2022-01-17T02:00:00.000000,Sweden,Sweden,SE,2.42,24.63,99.79,67.49,entsoe.eu,false,""
2022-01-17T03:00:00.000000,Sweden,Sweden,SE,2.18,24.33,99.83,67.74,entsoe.eu,false,""
2022-01-17T04:00:00.000000,Sweden,Sweden,SE,1.71,24.04,99.89,68.82,entsoe.eu,false,""
2022-01-17T05:00:00.000000,Sweden,Sweden,SE,1.79,24.63,99.88,70.8,entsoe.eu,false,""
2022-01-17T06:00:00.000000,Sweden,Sweden,SE,1.84,25.36,99.88,71.6,entsoe.eu,false,""
2022-01-17T07:00:00.000000,Sweden,Sweden,SE,2.1,25.95,99.85,71.85,entsoe.eu,false,""
2022-01-17T08:00:00.000000,Sweden,Sweden,SE,2.23,26.06,99.83,71.8,entsoe.eu,false,""
2022-01-17T09:00:00.000000,Sweden,Sweden,SE,1.76,25.06,99.89,71.44,entsoe.eu,false,""
2022-01-17T10:00:00.000000,Sweden,Sweden,SE,1.8,25.4,99.89,71.53,entsoe.eu,false,""
2022-01-17T11:00:00.000000,Sweden,Sweden,SE,2.12,25.82,99.85,71.38,entsoe.eu,false,""
2022-01-17T12:00:00.000000,Sweden,Sweden,SE,1.82,25.51,99.89,70.95,entsoe.eu,false,""
2022-01-17T13:00:00.000000,Sweden,Sweden,SE,1.82,25.47,99.89,71.36,entsoe.eu,false,""
2022-01-17T14:00:00.000000,Sweden,Sweden,SE,1.85,25.36,99.88,71.98,entsoe.eu,false,""
2022-01-17T15:00:00.000000,Sweden,Sweden,SE,1.76,24.78,99.89,71.72,entsoe.eu,false,""
2022-01-17T16:00:00.000000,Sweden,Sweden,SE,1.86,25.33,99.87,71.85,entsoe.eu,false,""
2022-01-17T17:00:00.000000,Sweden,Sweden,SE,1.82,25.16,99.88,71.43,entsoe.eu,false,""
2022-01-17T18:00:00.000000,Sweden,Sweden,SE,2.5,26.32,99.78,70.32,entsoe.eu,false,""
2022-01-17T19:00:00.000000,Sweden,Sweden,SE,3.62,27.94,99.58,69.83,entsoe.eu,false,""
2022-01-17T20:00:00.000000,Sweden,Sweden,SE,3.05,27.35,99.68,69.54,entsoe.eu,false,""
2022-01-17T21:00:00.000000,Sweden,Sweden,SE,2.75,27.23,99.74,68.68,entsoe.eu,false,""
2022-01-17T22:00:00.000000,Sweden,Sweden,SE,3.47,27.83,99.61,67.55,entsoe.eu,false,""
2022-01-17T23:00:00.000000,Sweden,Sweden,SE,3.24,27.39,99.65,67.57,entsoe.eu,false,""
2022-01-18T00:00:00.000000,Sweden,Sweden,SE,3.66,27.98,99.57,67.12,entsoe.eu,false,""
2022-01-18T01:00:00.000000,Sweden,Sweden,SE,3.8,28.54,99.55,66.32,entsoe.eu,false,""
2022-01-18T02:00:00.000000,Sweden,Sweden,SE,3.35,28.08,99.63,66.01,entsoe.eu,false,""
2022-01-18T03:00:00.000000,Sweden,Sweden,SE,2.2,27.23,99.85,65.98,entsoe.eu,false,""
2022-01-18T04:00:00.000000,Sweden,Sweden,SE,2.22,27.51,99.85,66.91,entsoe.eu,false,""
2022-01-18T05:00:00.000000,Sweden,Sweden,SE,2.22,27.37,99.82,70.21,entsoe.eu,false,""
2022-01-18T06:00:00.000000,Sweden,Sweden,SE,4.68,30.27,99.46,70.57,entsoe.eu,false,""
2022-01-18T07:00:00.000000,Sweden,Sweden,SE,2.2,27.15,99.82,71.26,entsoe.eu,false,""
2022-01-18T08:00:00.000000,Sweden,Sweden,SE,2.1,27.02,99.84,71.26,entsoe.eu,false,""
2022-01-18T09:00:00.000000,Sweden,Sweden,SE,2.05,26.61,99.84,71.47,entsoe.eu,false,""
2022-01-18T10:00:00.000000,Sweden,Sweden,SE,2.0,26.54,99.85,71.3,entsoe.eu,false,""
2022-01-18T11:00:00.000000,Sweden,Sweden,SE,3.57,28.3,99.57,71.17,entsoe.eu,false,""
2022-01-18T12:00:00.000000,Sweden,Sweden,SE,2.92,27.38,99.69,70.63,entsoe.eu,false,""
2022-01-18T13:00:00.000000,Sweden,Sweden,SE,2.34,26.74,99.81,70.03,entsoe.eu,false,""
2022-01-18T14:00:00.000000,Sweden,Sweden,SE,1.89,25.85,99.88,70.75,entsoe.eu,false,""
2022-01-18T15:00:00.000000,Sweden,Sweden,SE,1.9,25.75,99.88,71.09,entsoe.eu,false,""
2022-01-18T16:00:00.000000,Sweden,Sweden,SE,2.11,25.89,99.83,71.88,entsoe.eu,false,""
2022-01-18T17:00:00.000000,Sweden,Sweden,SE,1.95,25.84,99.86,71.53,entsoe.eu,false,""
2022-01-18T18:00:00.000000,Sweden,Sweden,SE,2.12,26.15,99.84,70.58,entsoe.eu,false,""
2022-01-18T19:00:00.000000,Sweden,Sweden,SE,3.16,27.45,99.67,70.03,entsoe.eu,false,""
2022-01-18T20:00:00.000000,Sweden,Sweden,SE,1.85,25.65,99.89,69.75,entsoe.eu,false,""
2022-01-18T21:00:00.000000,Sweden,Sweden,SE,1.77,24.95,99.89,69.7,entsoe.eu,false,""
2022-01-18T22:00:00.000000,Sweden,Sweden,SE,1.63,23.78,99.9,69.76,entsoe.eu,false,""
2022-01-18T23:00:00.000000,Sweden,Sweden,SE,1.38,21.29,99.91,68.92,entsoe.eu,false,""
2022-01-19T00:00:00.000000,Sweden,Sweden,SE,1.34,20.9,99.91,68.37,entsoe.eu,false,""
2022-01-19T01:00:00.000000,Sweden,Sweden,SE,1.36,21.13,99.91,67.97,entsoe.eu,false,""
2022-01-19T02:00:00.000000,Sweden,Sweden,SE,1.35,21.26,99.92,67.89,entsoe.eu,false,""
2022-01-19T03:00:00.000000,Sweden,Sweden,SE,1.36,21.43,99.92,68.18,entsoe.eu,false,""
2022-01-19T04:00:00.000000,Sweden,Sweden,SE,1.47,22.37,99.91,67.82,entsoe.eu,false,""
2022-01-19T05:00:00.000000,Sweden,Sweden,SE,1.51,22.8,99.91,70.21,entsoe.eu,false,""
2022-01-19T06:00:00.000000,Sweden,Sweden,SE,1.6,23.56,99.9,70.57,entsoe.eu,false,""
2022-01-19T07:00:00.000000,Sweden,Sweden,SE,1.66,23.44,99.89,70.69,entsoe.eu,false,""
2022-01-19T08:00:00.000000,Sweden,Sweden,SE,1.82,23.94,99.84,70.93,entsoe.eu,false,""
2022-01-19T09:00:00.000000,Sweden,Sweden,SE,1.61,23.74,99.9,70.99,entsoe.eu,false,""
2022-01-19T10:00:00.000000,Sweden,Sweden,SE,1.6,23.63,99.9,71.06,entsoe.eu,false,""
2022-01-19T11:00:00.000000,Sweden,Sweden,SE,1.63,23.9,99.9,70.87,entsoe.eu,false,""
2022-01-19T12:00:00.000000,Sweden,Sweden,SE,1.57,23.33,99.9,70.74,entsoe.eu,false,""
2022-01-19T13:00:00.000000,Sweden,Sweden,SE,1.51,22.86,99.91,71.06,entsoe.eu,false,""
2022-01-19T14:00:00.000000,Sweden,Sweden,SE,1.51,22.8,99.91,71.06,entsoe.eu,false,""
2022-01-19T15:00:00.000000,Sweden,Sweden,SE,1.76,23.21,99.87,71.15,entsoe.eu,false,""
2022-01-19T16:00:00.000000,Sweden,Sweden,SE,1.48,22.56,99.91,70.98,entsoe.eu,false,""
2022-01-19T17:00:00.000000,Sweden,Sweden,SE,1.5,22.71,99.91,70.56,entsoe.eu,false,""
2022-01-19T18:00:00.000000,Sweden,Sweden,SE,1.58,22.77,99.9,70.26,entsoe.eu,false,""
2022-01-19T19:00:00.000000,Sweden,Sweden,SE,1.58,22.48,99.89,69.74,entsoe.eu,false,""
2022-01-19T20:00:00.000000,Sweden,Sweden,SE,1.37,21.54,99.92,69.29,entsoe.eu,false,""
2022-01-19T21:00:00.000000,Sweden,Sweden,SE,2.46,22.95,99.77,69.5,entsoe.eu,false,""
2022-01-19T22:00:00.000000,Sweden,Sweden,SE,2.74,23.11,99.73,68.5,entsoe.eu,false,""
2022-01-19T23:00:00.000000,Sweden,Sweden,SE,2.56,22.43,99.75,67.47,entsoe.eu,false,""
2022-01-20T00:00:00.000000,Sweden,Sweden,SE,3.57,23.68,99.61,67.07,entsoe.eu,false,""
2022-01-20T01:00:00.000000,Sweden,Sweden,SE,4.24,24.5,99.52,67.35,entsoe.eu,false,""
2022-01-20T02:00:00.000000,Sweden,Sweden,SE,3.87,23.96,99.58,67.44,entsoe.eu,false,""
2022-01-20T03:00:00.000000,Sweden,Sweden,SE,3.32,23.41,99.65,68.1,entsoe.eu,false,""
2022-01-20T04:00:00.000000,Sweden,Sweden,SE,2.42,23.2,99.78,68.69,entsoe.eu,false,""
2022-01-20T05:00:00.000000,Sweden,Sweden,SE,2.18,24.16,99.82,70.01,entsoe.eu,false,""
2022-01-20T06:00:00.000000,Sweden,Sweden,SE,4.58,27.41,99.54,71.18,entsoe.eu,false,""
2022-01-20T07:00:00.000000,Sweden,Sweden,SE,7.77,31.54,99.14,71.24,entsoe.eu,false,""
2022-01-20T08:00:00.000000,Sweden,Sweden,SE,7.29,31.1,99.19,71.5,entsoe.eu,false,""
2022-01-20T09:00:00.000000,Sweden,Sweden,SE,6.2,29.79,99.32,71.5,entsoe.eu,false,""
2022-01-20T10:00:00.000000,Sweden,Sweden,SE,5.8,29.22,99.38,71.47,entsoe.eu,false,""
2022-01-20T11:00:00.000000,Sweden,Sweden,SE,5.2,28.32,99.44,71.66,entsoe.eu,false,""
2022-01-20T12:00:00.000000,Sweden,Sweden,SE,5.35,28.32,99.42,71.82,entsoe.eu,false,""
2022-01-20T13:00:00.000000,Sweden,Sweden,SE,4.56,27.08,99.52,71.62,entsoe.eu,false,""
2022-01-20T14:00:00.000000,Sweden,Sweden,SE,6.01,28.83,99.33,71.61,entsoe.eu,false,""
2022-01-20T15:00:00.000000,Sweden,Sweden,SE,8.56,32.5,98.99,71.48,entsoe.eu,false,""
2022-01-20T16:00:00.000000,Sweden,Sweden,SE,7.49,31.16,99.13,71.61,entsoe.eu,false,""
2022-01-20T17:00:00.000000,Sweden,Sweden,SE,2.0,24.83,99.85,71.61,entsoe.eu,false,""
2022-01-20T18:00:00.000000,Sweden,Sweden,SE,1.71,24.52,99.89,71.69,entsoe.eu,false,""
2022-01-20T19:00:00.000000,Sweden,Sweden,SE,1.7,24.49,99.9,71.22,entsoe.eu,false,""
2022-01-20T20:00:00.000000,Sweden,Sweden,SE,1.68,24.26,99.9,71.09,entsoe.eu,false,""
2022-01-20T21:00:00.000000,Sweden,Sweden,SE,1.63,23.89,99.9,70.64,entsoe.eu,false,""
2022-01-20T22:00:00.000000,Sweden,Sweden,SE,1.54,23.08,99.91,70.11,entsoe.eu,false,""
2022-01-20T23:00:00.000000,Sweden,Sweden,SE,1.41,21.96,99.91,69.74,entsoe.eu,false,""
2022-01-21T00:00:00.000000,Sweden,Sweden,SE,1.39,21.73,99.92,69.06,entsoe.eu,false,""
2022-01-21T01:00:00.000000,Sweden,Sweden,SE,1.38,21.64,99.92,69.12,entsoe.eu,false,""
2022-01-21T02:00:00.000000,Sweden,Sweden,SE,1.4,21.82,99.91,69.05,entsoe.eu,false,""
2022-01-21T03:00:00.000000,Sweden,Sweden,SE,1.5,22.63,99.91,69.65,entsoe.eu,false,""
2022-01-21T04:00:00.000000,Sweden,Sweden,SE,1.7,24.22,99.89,69.97,entsoe.eu,false,""
2022-01-21T05:00:00.000000,Sweden,Sweden,SE,2.06,25.99,99.85,70.13,entsoe.eu,false,""
2022-01-21T06:00:00.000000,Sweden,Sweden,SE,3.98,28.46,99.52,70.44,entsoe.eu,false,""
2022-01-21T07:00:00.000000,Sweden,Sweden,SE,4.66,29.41,99.39,71.22,entsoe.eu,false,""
2022-01-21T08:00:00.000000,Sweden,Sweden,SE,3.38,28.01,99.62,70.44,entsoe.eu,false,""
2022-01-21T09:00:00.000000,Sweden,Sweden,SE,3.27,28.11,99.64,70.47,entsoe.eu,false,""
2022-01-21T10:00:00.000000,Sweden,Sweden,SE,3.1,28.09,99.68,69.27,entsoe.eu,false,""
2022-01-21T11:00:00.000000,Sweden,Sweden,SE,4.0,29.33,99.53,68.53,entsoe.eu,false,""
2022-01-21T12:00:00.000000,Sweden,Sweden,SE,4.14,29.31,99.5,69.21,entsoe.eu,false,""
2022-01-21T13:00:00.000000,Sweden,Sweden,SE,5.24,30.44,99.31,68.96,entsoe.eu,false,""
2022-01-21T14:00:00.000000,Sweden,Sweden,SE,4.86,30.02,99.37,69.42,entsoe.eu,false,""
2022-01-21T15:00:00.000000,Sweden,Sweden,SE,4.58,29.68,99.42,69.56,entsoe.eu,false,""
2022-01-21T16:00:00.000000,Sweden,Sweden,SE,4.47,29.52,99.42,70.29,entsoe.eu,false,""
2022-01-21T17:00:00.000000,Sweden,Sweden,SE,3.97,28.95,99.52,70.17,entsoe.eu,false,""
2022-01-21T18:00:00.000000,Sweden,Sweden,SE,4.09,29.17,99.51,68.98,entsoe.eu,false,""
2022-01-21T19:00:00.000000,Sweden,Sweden,SE,4.28,29.93,99.49,68.72,entsoe.eu,false,""
2022-01-21T20:00:00.000000,Sweden,Sweden,SE,3.37,29.24,99.65,67.95,entsoe.eu,false,""
2022-01-21T21:00:00.000000,Sweden,Sweden,SE,3.31,28.84,99.66,67.41,entsoe.eu,false,""
2022-01-21T22:00:00.000000,Sweden,Sweden,SE,4.17,29.36,99.5,66.56,entsoe.eu,false,""
2022-01-21T23:00:00.000000,Sweden,Sweden,SE,4.2,28.85,99.49,65.08,entsoe.eu,false,""
2022-01-22T00:00:00.000000,Sweden,Sweden,SE,3.81,28.23,99.56,64.42,entsoe.eu,false,""
2022-01-22T01:00:00.000000,Sweden,Sweden,SE,2.82,26.87,99.73,64.98,entsoe.eu,false,""
2022-01-22T02:00:00.000000,Sweden,Sweden,SE,8.38,32.78,99.25,64.97,entsoe.eu,false,""
2022-01-22T03:00:00.000000,Sweden,Sweden,SE,8.75,33.52,99.22,64.8,entsoe.eu,false,""
2022-01-22T04:00:00.000000,Sweden,Sweden,SE,9.16,34.67,99.18,65.04,entsoe.eu,false,""
2022-01-22T05:00:00.000000,Sweden,Sweden,SE,2.28,28.23,99.85,65.34,entsoe.eu,false,""
2022-01-22T06:00:00.000000,Sweden,Sweden,SE,2.26,27.99,99.84,67.39,entsoe.eu,false,""
2022-01-22T07:00:00.000000,Sweden,Sweden,SE,2.25,28.2,99.82,69.05,entsoe.eu,false,""
2022-01-22T08:00:00.000000,Sweden,Sweden,SE,2.31,28.71,99.82,69.34,entsoe.eu,false,""
2022-01-22T09:00:00.000000,Sweden,Sweden,SE,2.35,28.79,99.81,69.32,entsoe.eu,false,""
2022-01-22T10:00:00.000000,Sweden,Sweden,SE,2.36,28.9,99.81,69.15,entsoe.eu,false,""
2022-01-22T11:00:00.000000,Sweden,Sweden,SE,2.31,28.65,99.82,69.25,entsoe.eu,false,""
2022-01-22T12:00:00.000000,Sweden,Sweden,SE,2.29,28.4,99.82,69.22,entsoe.eu,false,""
2022-01-22T13:00:00.000000,Sweden,Sweden,SE,2.27,28.21,99.82,69.29,entsoe.eu,false,""
2022-01-22T14:00:00.000000,Sweden,Sweden,SE,2.3,28.44,99.82,68.87,entsoe.eu,false,""
2022-01-22T15:00:00.000000,Sweden,Sweden,SE,3.59,30.23,99.62,68.11,entsoe.eu,false,""
2022-01-22T16:00:00.000000,Sweden,Sweden,SE,3.61,30.22,99.6,68.34,entsoe.eu,false,""
2022-01-22T17:00:00.000000,Sweden,Sweden,SE,3.57,30.31,99.6,68.07,entsoe.eu,false,""
2022-01-22T18:00:00.000000,Sweden,Sweden,SE,3.54,30.21,99.61,68.27,entsoe.eu,false,""
2022-01-22T19:00:00.000000,Sweden,Sweden,SE,3.53,30.07,99.61,68.04,entsoe.eu,false,""
2022-01-22T20:00:00.000000,Sweden,Sweden,SE,3.05,29.69,99.71,67.43,entsoe.eu,false,""
2022-01-22T21:00:00.000000,Sweden,Sweden,SE,2.65,29.31,99.79,66.63,entsoe.eu,false,""
2022-01-22T22:00:00.000000,Sweden,Sweden,SE,3.05,28.74,99.7,66.57,entsoe.eu,false,""
2022-01-22T23:00:00.000000,Sweden,Sweden,SE,3.74,28.38,99.56,66.15,entsoe.eu,false,""
2022-01-23T00:00:00.000000,Sweden,Sweden,SE,3.65,27.75,99.57,65.5,entsoe.eu,false,""
2022-01-23T01:00:00.000000,Sweden,Sweden,SE,3.66,27.9,99.56,65.25,entsoe.eu,false,""
2022-01-23T02:00:00.000000,Sweden,Sweden,SE,3.67,27.94,99.56,65.28,entsoe.eu,false,""
2022-01-23T03:00:00.000000,Sweden,Sweden,SE,3.67,27.98,99.56,65.05,entsoe.eu,false,""
2022-01-23T04:00:00.000000,Sweden,Sweden,SE,3.48,27.72,99.6,65.18,entsoe.eu,false,""
2022-01-23T05:00:00.000000,Sweden,Sweden,SE,3.62,28.5,99.58,65.6,entsoe.eu,false,""
2022-01-23T06:00:00.000000,Sweden,Sweden,SE,3.27,28.61,99.65,65.8,entsoe.eu,false,""
2022-01-23T07:00:00.000000,Sweden,Sweden,SE,3.12,28.55,99.68,66.23,entsoe.eu,false,""
2022-01-23T08:00:00.000000,Sweden,Sweden,SE,3.25,28.73,99.66,66.17,entsoe.eu,false,""
2022-01-23T09:00:00.000000,Sweden,Sweden,SE,3.78,29.4,99.56,65.99,entsoe.eu,false,""
2022-01-23T10:00:00.000000,Sweden,Sweden,SE,3.8,29.38,99.55,66.9,entsoe.eu,false,""
2022-01-23T11:00:00.000000,Sweden,Sweden,SE,3.75,29.17,99.56,66.81,entsoe.eu,false,""
2022-01-23T12:00:00.000000,Sweden,Sweden,SE,3.34,28.58,99.64,66.53,entsoe.eu,false,""
2022-01-23T13:00:00.000000,Sweden,Sweden,SE,3.15,28.29,99.67,66.51,entsoe.eu,false,""
2022-01-23T14:00:00.000000,Sweden,Sweden,SE,3.46,28.36,99.61,67.1,entsoe.eu,false,""
2022-01-23T15:00:00.000000,Sweden,Sweden,SE,3.62,28.43,99.58,67.65,entsoe.eu,false,""
2022-01-23T16:00:00.000000,Sweden,Sweden,SE,3.6,28.36,99.58,68.13,entsoe.eu,false,""
2022-01-23T17:00:00.000000,Sweden,Sweden,SE,3.56,28.21,99.59,68.02,entsoe.eu,false,""
2022-01-23T18:00:00.000000,Sweden,Sweden,SE,3.56,28.1,99.59,68.09,entsoe.eu,false,""
2022-01-23T19:00:00.000000,Sweden,Sweden,SE,3.5,27.52,99.59,68.07,entsoe.eu,false,""
2022-01-23T20:00:00.000000,Sweden,Sweden,SE,3.09,26.8,99.66,67.3,entsoe.eu,false,""
2022-01-23T21:00:00.000000,Sweden,Sweden,SE,1.86,24.73,99.87,67.2,entsoe.eu,false,""
2022-01-23T22:00:00.000000,Sweden,Sweden,SE,1.63,22.88,99.89,66.32,entsoe.eu,false,""
2022-01-23T23:00:00.000000,Sweden,Sweden,SE,1.6,22.39,99.89,65.98,entsoe.eu,false,""
2022-01-24T00:00:00.000000,Sweden,Sweden,SE,1.56,21.97,99.89,66.44,entsoe.eu,false,""
2022-01-24T01:00:00.000000,Sweden,Sweden,SE,1.54,21.88,99.89,66.36,entsoe.eu,false,""
2022-01-24T02:00:00.000000,Sweden,Sweden,SE,1.53,21.93,99.89,66.31,entsoe.eu,false,""
2022-01-24T03:00:00.000000,Sweden,Sweden,SE,1.5,21.95,99.9,66.79,entsoe.eu,false,""
2022-01-24T04:00:00.000000,Sweden,Sweden,SE,1.55,22.33,99.89,67.59,entsoe.eu,false,""
2022-01-24T05:00:00.000000,Sweden,Sweden,SE,1.66,23.75,99.89,69.07,entsoe.eu,false,""
2022-01-24T06:00:00.000000,Sweden,Sweden,SE,1.83,25.29,99.88,69.96,entsoe.eu,false,""
2022-01-24T07:00:00.000000,Sweden,Sweden,SE,1.8,25.18,99.89,70.2,entsoe.eu,false,""
2022-01-24T08:00:00.000000,Sweden,Sweden,SE,1.83,25.17,99.88,70.07,entsoe.eu,false,""
2022-01-24T09:00:00.000000,Sweden,Sweden,SE,1.88,25.39,99.87,70.19,entsoe.eu,false,""
2022-01-24T10:00:00.000000,Sweden,Sweden,SE,1.89,25.41,99.87,70.06,entsoe.eu,false,""
2022-01-24T11:00:00.000000,Sweden,Sweden,SE,1.9,25.26,99.87,69.81,entsoe.eu,false,""
2022-01-24T12:00:00.000000,Sweden,Sweden,SE,1.9,25.29,99.87,69.7,entsoe.eu,false,""
2022-01-24T13:00:00.000000,Sweden,Sweden,SE,1.86,24.98,99.87,69.89,entsoe.eu,false,""
2022-01-24T14:00:00.000000,Sweden,Sweden,SE,1.82,24.88,99.88,69.97,entsoe.eu,false,""
2022-01-24T15:00:00.000000,Sweden,Sweden,SE,1.82,24.87,99.88,70.31,entsoe.eu,false,""
2022-01-24T16:00:00.000000,Sweden,Sweden,SE,2.03,25.26,99.84,70.23,entsoe.eu,false,""
2022-01-24T17:00:00.000000,Sweden,Sweden,SE,2.11,25.41,99.83,69.93,entsoe.eu,false,""
2022-01-24T18:00:00.000000,Sweden,Sweden,SE,2.59,26.03,99.75,69.5,entsoe.eu,false,""
2022-01-24T19:00:00.000000,Sweden,Sweden,SE,1.73,24.02,99.88,69.55,entsoe.eu,false,""
2022-01-24T20:00:00.000000,Sweden,Sweden,SE,1.59,22.82,99.89,68.81,entsoe.eu,false,""
2022-01-24T21:00:00.000000,Sweden,Sweden,SE,1.49,21.95,99.9,67.97,entsoe.eu,false,""
2022-01-24T22:00:00.000000,Sweden,Sweden,SE,1.47,21.76,99.9,66.99,entsoe.eu,false,""
2022-01-24T23:00:00.000000,Sweden,Sweden,SE,1.53,21.86,99.89,67.52,entsoe.eu,false,""
2022-01-25T00:00:00.000000,Sweden,Sweden,SE,1.57,22.16,99.88,67.28,entsoe.eu,false,""
2022-01-25T01:00:00.000000,Sweden,Sweden,SE,1.55,22.0,99.89,67.12,entsoe.eu,false,""
2022-01-25T02:00:00.000000,Sweden,Sweden,SE,1.63,22.6,99.88,66.78,entsoe.eu,false,""
2022-01-25T03:00:00.000000,Sweden,Sweden,SE,1.73,23.44,99.87,66.72,entsoe.eu,false,""
2022-01-25T04:00:00.000000,Sweden,Sweden,SE,1.85,24.57,99.87,66.58,entsoe.eu,false,""
2022-01-25T05:00:00.000000,Sweden,Sweden,SE,2.53,26.38,99.77,67.31,entsoe.eu,false,""
2022-01-25T06:00:00.000000,Sweden,Sweden,SE,3.12,27.26,99.65,69.43,entsoe.eu,false,""
2022-01-25T07:00:00.000000,Sweden,Sweden,SE,4.36,28.86,99.44,69.61,entsoe.eu,false,""
2022-01-25T08:00:00.000000,Sweden,Sweden,SE,4.8,29.96,99.36,68.75,entsoe.eu,false,""
2022-01-25T09:00:00.000000,Sweden,Sweden,SE,4.58,30.14,99.4,68.84,entsoe.eu,false,""
2022-01-25T10:00:00.000000,Sweden,Sweden,SE,4.66,30.39,99.38,68.04,entsoe.eu,false,""
2022-01-25T11:00:00.000000,Sweden,Sweden,SE,4.53,30.47,99.41,68.51,entsoe.eu,false,""
2022-01-25T12:00:00.000000,Sweden,Sweden,SE,4.06,29.81,99.49,68.28,entsoe.eu,false,""
2022-01-25T13:00:00.000000,Sweden,Sweden,SE,3.65,29.32,99.57,68.03,entsoe.eu,false,""
2022-01-25T14:00:00.000000,Sweden,Sweden,SE,3.78,29.15,99.55,68.21,entsoe.eu,false,""
2022-01-25T15:00:00.000000,Sweden,Sweden,SE,3.78,29.17,99.54,68.35,entsoe.eu,false,""
2022-01-25T16:00:00.000000,Sweden,Sweden,SE,4.68,30.25,99.38,69.23,entsoe.eu,false,""
2022-01-25T17:00:00.000000,Sweden,Sweden,SE,4.55,30.25,99.41,68.89,entsoe.eu,false,""
2022-01-25T18:00:00.000000,Sweden,Sweden,SE,2.54,27.73,99.77,69.0,entsoe.eu,false,""
2022-01-25T19:00:00.000000,Sweden,Sweden,SE,2.14,27.11,99.84,69.41,entsoe.eu,false,""
2022-01-25T20:00:00.000000,Sweden,Sweden,SE,2.12,26.99,99.84,68.62,entsoe.eu,false,""
2022-01-25T21:00:00.000000,Sweden,Sweden,SE,2.07,26.35,99.85,67.34,entsoe.eu,false,""
2022-01-25T22:00:00.000000,Sweden,Sweden,SE,2.06,26.34,99.86,66.58,entsoe.eu,false,""
2022-01-25T23:00:00.000000,Sweden,Sweden,SE,1.95,25.33,99.86,66.48,entsoe.eu,false,""
2022-01-26T00:00:00.000000,Sweden,Sweden,SE,1.87,24.62,99.87,65.93,entsoe.eu,false,""
2022-01-26T01:00:00.000000,Sweden,Sweden,SE,1.73,23.59,99.88,66.27,entsoe.eu,false,""
2022-01-26T02:00:00.000000,Sweden,Sweden,SE,1.72,23.46,99.88,66.79,entsoe.eu,false,""
2022-01-26T03:00:00.000000,Sweden,Sweden,SE,1.71,23.54,99.88,67.87,entsoe.eu,false,""
2022-01-26T04:00:00.000000,Sweden,Sweden,SE,1.84,24.57,99.87,68.05,entsoe.eu,false,""
2022-01-26T05:00:00.000000,Sweden,Sweden,SE,1.92,25.39,99.87,69.45,entsoe.eu,false,""
2022-01-26T06:00:00.000000,Sweden,Sweden,SE,1.92,25.45,99.87,70.6,entsoe.eu,false,""
2022-01-26T07:00:00.000000,Sweden,Sweden,SE,1.93,25.7,99.87,70.89,entsoe.eu,false,""
2022-01-26T08:00:00.000000,Sweden,Sweden,SE,1.98,26.04,99.86,70.71,entsoe.eu,false,""
2022-01-26T09:00:00.000000,Sweden,Sweden,SE,1.98,26.04,99.87,70.56,entsoe.eu,false,""
2022-01-26T10:00:00.000000,Sweden,Sweden,SE,1.97,26.04,99.87,70.43,entsoe.eu,false,""
2022-01-26T11:00:00.000000,Sweden,Sweden,SE,1.95,25.79,99.87,70.75,entsoe.eu,false,""
2022-01-26T12:00:00.000000,Sweden,Sweden,SE,1.99,26.07,99.86,70.59,entsoe.eu,false,""
2022-01-26T13:00:00.000000,Sweden,Sweden,SE,1.99,26.09,99.86,70.37,entsoe.eu,false,""
2022-01-26T14:00:00.000000,Sweden,Sweden,SE,2.43,26.65,99.8,70.2,entsoe.eu,false,""
2022-01-26T15:00:00.000000,Sweden,Sweden,SE,2.09,26.18,99.85,70.32,entsoe.eu,false,""
2022-01-26T16:00:00.000000,Sweden,Sweden,SE,2.12,25.98,99.84,70.53,entsoe.eu,false,""
2022-01-26T17:00:00.000000,Sweden,Sweden,SE,2.06,26.05,99.85,70.46,entsoe.eu,false,""
2022-01-26T18:00:00.000000,Sweden,Sweden,SE,1.97,25.73,99.86,70.62,entsoe.eu,false,""
2022-01-26T19:00:00.000000,Sweden,Sweden,SE,1.9,25.3,99.87,70.03,entsoe.eu,false,""
2022-01-26T20:00:00.000000,Sweden,Sweden,SE,1.9,25.2,99.87,69.07,entsoe.eu,false,""
2022-01-26T21:00:00.000000,Sweden,Sweden,SE,1.88,24.89,99.87,68.34,entsoe.eu,false,""
2022-01-26T22:00:00.000000,Sweden,Sweden,SE,1.89,24.17,99.86,67.23,entsoe.eu,false,""
2022-01-26T23:00:00.000000,Sweden,Sweden,SE,1.87,22.67,99.85,65.92,entsoe.eu,false,""
2022-01-27T00:00:00.000000,Sweden,Sweden,SE,3.36,24.5,99.65,65.08,entsoe.eu,false,""
2022-01-27T01:00:00.000000,Sweden,Sweden,SE,4.71,26.31,99.48,64.4,entsoe.eu,false,""
2022-01-27T02:00:00.000000,Sweden,Sweden,SE,5.12,26.79,99.42,64.39,entsoe.eu,false,""
2022-01-27T03:00:00.000000,Sweden,Sweden,SE,5.01,26.53,99.44,65.4,entsoe.eu,false,""
2022-01-27T04:00:00.000000,Sweden,Sweden,SE,3.85,25.35,99.59,66.47,entsoe.eu,false,""
2022-01-27T05:00:00.000000,Sweden,Sweden,SE,2.46,24.62,99.78,68.19,entsoe.eu,false,""
2022-01-27T06:00:00.000000,Sweden,Sweden,SE,1.83,24.2,99.87,70.42,entsoe.eu,false,""
2022-01-27T07:00:00.000000,Sweden,Sweden,SE,1.7,23.77,99.89,70.47,entsoe.eu,false,""
2022-01-27T08:00:00.000000,Sweden,Sweden,SE,2.07,24.71,99.84,70.35,entsoe.eu,false,""
2022-01-27T09:00:00.000000,Sweden,Sweden,SE,2.17,25.31,99.83,70.27,entsoe.eu,false,""
2022-01-27T10:00:00.000000,Sweden,Sweden,SE,2.57,25.97,99.78,70.02,entsoe.eu,false,""
2022-01-27T11:00:00.000000,Sweden,Sweden,SE,2.65,26.22,99.77,70.15,entsoe.eu,false,""
2022-01-27T12:00:00.000000,Sweden,Sweden,SE,2.55,26.2,99.78,69.61,entsoe.eu,false,""
2022-01-27T13:00:00.000000,Sweden,Sweden,SE,2.18,25.5,99.83,69.66,entsoe.eu,false,""
2022-01-27T14:00:00.000000,Sweden,Sweden,SE,2.15,25.35,99.84,69.92,entsoe.eu,false,""
2022-01-27T15:00:00.000000,Sweden,Sweden,SE,2.07,24.97,99.84,70.17,entsoe.eu,false,""
2022-01-27T16:00:00.000000,Sweden,Sweden,SE,1.85,24.69,99.87,70.4,entsoe.eu,false,""
2022-01-27T17:00:00.000000,Sweden,Sweden,SE,1.83,24.51,99.87,70.93,entsoe.eu,false,""
2022-01-27T18:00:00.000000,Sweden,Sweden,SE,1.81,24.37,99.87,70.52,entsoe.eu,false,""
2022-01-27T19:00:00.000000,Sweden,Sweden,SE,1.77,23.88,99.87,69.53,entsoe.eu,false,""
2022-01-27T20:00:00.000000,Sweden,Sweden,SE,1.76,23.81,99.87,68.43,entsoe.eu,false,""
2022-01-27T21:00:00.000000,Sweden,Sweden,SE,1.67,22.92,99.88,67.56,entsoe.eu,false,""
2022-01-27T22:00:00.000000,Sweden,Sweden,SE,1.78,21.74,99.85,67.66,entsoe.eu,false,""
2022-01-27T23:00:00.000000,Sweden,Sweden,SE,1.3,19.77,99.9,66.93,entsoe.eu,false,""
2022-01-28T00:00:00.000000,Sweden,Sweden,SE,1.61,20.08,99.86,66.63,entsoe.eu,false,""
2022-01-28T01:00:00.000000,Sweden,Sweden,SE,1.84,20.34,99.83,66.83,entsoe.eu,false,""
2022-01-28T02:00:00.000000,Sweden,Sweden,SE,1.47,19.97,99.88,67.24,entsoe.eu,false,""
2022-01-28T03:00:00.000000,Sweden,Sweden,SE,1.21,19.83,99.92,67.57,entsoe.eu,false,""
2022-01-28T04:00:00.000000,Sweden,Sweden,SE,1.29,20.52,99.92,68.82,entsoe.eu,false,""
2022-01-28T05:00:00.000000,Sweden,Sweden,SE,1.49,22.08,99.9,70.69,entsoe.eu,false,""
2022-01-28T06:00:00.000000,Sweden,Sweden,SE,1.6,23.12,99.89,71.92,entsoe.eu,false,""
2022-01-28T07:00:00.000000,Sweden,Sweden,SE,1.62,23.29,99.89,71.86,entsoe.eu,false,""
2022-01-28T08:00:00.000000,Sweden,Sweden,SE,1.6,23.25,99.9,71.31,entsoe.eu,false,""
2022-01-28T09:00:00.000000,Sweden,Sweden,SE,1.59,23.32,99.9,70.84,entsoe.eu,false,""
2022-01-28T10:00:00.000000,Sweden,Sweden,SE,1.62,23.69,99.9,70.49,entsoe.eu,false,""
2022-01-28T11:00:00.000000,Sweden,Sweden,SE,1.73,24.01,99.88,70.5,entsoe.eu,false,""
2022-01-28T12:00:00.000000,Sweden,Sweden,SE,1.79,24.34,99.88,69.54,entsoe.eu,false,""
2022-01-28T13:00:00.000000,Sweden,Sweden,SE,1.82,24.52,99.87,69.04,entsoe.eu,false,""
2022-01-28T14:00:00.000000,Sweden,Sweden,SE,1.89,24.97,99.87,68.89,entsoe.eu,false,""
2022-01-28T15:00:00.000000,Sweden,Sweden,SE,1.87,24.72,99.86,69.81,entsoe.eu,false,""
2022-01-28T16:00:00.000000,Sweden,Sweden,SE,1.82,24.53,99.86,70.8,entsoe.eu,false,""
2022-01-28T17:00:00.000000,Sweden,Sweden,SE,1.73,24.07,99.87,70.67,entsoe.eu,false,""
2022-01-28T18:00:00.000000,Sweden,Sweden,SE,1.63,23.49,99.89,70.52,entsoe.eu,false,""
2022-01-28T19:00:00.000000,Sweden,Sweden,SE,1.59,23.25,99.9,70.08,entsoe.eu,false,""
2022-01-28T20:00:00.000000,Sweden,Sweden,SE,1.52,22.68,99.91,70.43,entsoe.eu,false,""
2022-01-28T21:00:00.000000,Sweden,Sweden,SE,1.51,22.49,99.9,69.82,entsoe.eu,false,""
2022-01-28T22:00:00.000000,Sweden,Sweden,SE,1.46,21.96,99.91,68.76,entsoe.eu,false,""
2022-01-28T23:00:00.000000,Sweden,Sweden,SE,1.45,21.37,99.9,68.04,entsoe.eu,false,""
2022-01-29T00:00:00.000000,Sweden,Sweden,SE,1.34,20.45,99.9,67.67,entsoe.eu,false,""
2022-01-29T01:00:00.000000,Sweden,Sweden,SE,1.37,20.6,99.9,66.91,entsoe.eu,false,""
2022-01-29T02:00:00.000000,Sweden,Sweden,SE,1.37,20.52,99.9,66.45,entsoe.eu,false,""
2022-01-29T03:00:00.000000,Sweden,Sweden,SE,1.39,20.56,99.9,66.56,entsoe.eu,false,""
2022-01-29T04:00:00.000000,Sweden,Sweden,SE,1.39,20.55,99.9,66.47,entsoe.eu,false,""
2022-01-29T05:00:00.000000,Sweden,Sweden,SE,1.39,20.69,99.9,66.93,entsoe.eu,false,""
2022-01-29T06:00:00.000000,Sweden,Sweden,SE,1.37,20.69,99.9,67.62,entsoe.eu,false,""
2022-01-29T07:00:00.000000,Sweden,Sweden,SE,1.38,20.88,99.9,68.41,entsoe.eu,false,""
2022-01-29T08:00:00.000000,Sweden,Sweden,SE,1.42,21.19,99.9,68.59,entsoe.eu,false,""
2022-01-29T09:00:00.000000,Sweden,Sweden,SE,1.49,21.69,99.89,70.2,entsoe.eu,false,""
2022-01-29T10:00:00.000000,Sweden,Sweden,SE,1.52,22.03,99.89,70.17,entsoe.eu,false,""
2022-01-29T11:00:00.000000,Sweden,Sweden,SE,1.5,21.95,99.89,70.48,entsoe.eu,false,""
2022-01-29T12:00:00.000000,Sweden,Sweden,SE,1.53,22.13,99.89,69.72,entsoe.eu,false,""
2022-01-29T13:00:00.000000,Sweden,Sweden,SE,1.85,22.6,99.85,69.13,entsoe.eu,false,""
2022-01-29T14:00:00.000000,Sweden,Sweden,SE,1.98,22.79,99.83,69.16,entsoe.eu,false,""
2022-01-29T15:00:00.000000,Sweden,Sweden,SE,1.76,21.96,99.86,70.19,entsoe.eu,false,""
2022-01-29T16:00:00.000000,Sweden,Sweden,SE,1.46,21.39,99.89,70.24,entsoe.eu,false,""
2022-01-29T17:00:00.000000,Sweden,Sweden,SE,1.45,21.25,99.89,70.16,entsoe.eu,false,""
2022-01-29T18:00:00.000000,Sweden,Sweden,SE,1.42,21.16,99.9,69.58,entsoe.eu,false,""
2022-01-29T19:00:00.000000,Sweden,Sweden,SE,1.4,21.0,99.9,69.04,entsoe.eu,false,""
2022-01-29T20:00:00.000000,Sweden,Sweden,SE,2.7,22.76,99.74,68.07,entsoe.eu,false,""
2022-01-29T21:00:00.000000,Sweden,Sweden,SE,4.01,24.22,99.58,67.74,entsoe.eu,false,""
2022-01-29T22:00:00.000000,Sweden,Sweden,SE,3.4,23.25,99.65,67.49,entsoe.eu,false,""
2022-01-29T23:00:00.000000,Sweden,Sweden,SE,2.79,21.91,99.74,66.25,entsoe.eu,false,""
2022-01-30T00:00:00.000000,Sweden,Sweden,SE,3.17,22.39,99.69,66.18,entsoe.eu,false,""
2022-01-30T01:00:00.000000,Sweden,Sweden,SE,1.5,20.36,99.89,66.67,entsoe.eu,false,""
2022-01-30T02:00:00.000000,Sweden,Sweden,SE,1.24,20.11,99.92,66.55,entsoe.eu,false,""
2022-01-30T03:00:00.000000,Sweden,Sweden,SE,1.24,20.11,99.92,66.71,entsoe.eu,false,""
2022-01-30T04:00:00.000000,Sweden,Sweden,SE,1.26,20.17,99.92,66.86,entsoe.eu,false,""
2022-01-30T05:00:00.000000,Sweden,Sweden,SE,5.33,25.69,99.42,66.39,entsoe.eu,false,""
2022-01-30T06:00:00.000000,Sweden,Sweden,SE,3.91,23.98,99.57,66.93,entsoe.eu,false,""
2022-01-30T07:00:00.000000,Sweden,Sweden,SE,2.86,22.5,99.7,67.06,entsoe.eu,false,""
2022-01-30T08:00:00.000000,Sweden,Sweden,SE,2.66,22.21,99.72,67.58,entsoe.eu,false,""
2022-01-30T09:00:00.000000,Sweden,Sweden,SE,3.38,23.16,99.62,67.61,entsoe.eu,false,""
2022-01-30T10:00:00.000000,Sweden,Sweden,SE,4.32,24.78,99.5,68.28,entsoe.eu,false,""
2022-01-30T11:00:00.000000,Sweden,Sweden,SE,4.78,25.47,99.45,68.24,entsoe.eu,false,""
2022-01-30T12:00:00.000000,Sweden,Sweden,SE,4.93,25.7,99.43,68.58,entsoe.eu,false,""
2022-01-30T13:00:00.000000,Sweden,Sweden,SE,3.73,24.15,99.6,68.58,entsoe.eu,false,""
2022-01-30T14:00:00.000000,Sweden,Sweden,SE,1.41,20.98,99.9,69.34,entsoe.eu,false,""
2022-01-30T15:00:00.000000,Sweden,Sweden,SE,1.43,21.72,99.9,70.26,entsoe.eu,false,""
2022-01-30T16:00:00.000000,Sweden,Sweden,SE,1.48,22.13,99.9,70.51,entsoe.eu,false,""
2022-01-30T17:00:00.000000,Sweden,Sweden,SE,1.48,22.12,99.9,69.78,entsoe.eu,false,""
2022-01-30T18:00:00.000000,Sweden,Sweden,SE,1.49,22.25,99.9,69.65,entsoe.eu,false,""
2022-01-30T19:00:00.000000,Sweden,Sweden,SE,1.49,22.2,99.9,69.35,entsoe.eu,false,""
2022-01-30T20:00:00.000000,Sweden,Sweden,SE,1.46,21.87,99.9,68.77,entsoe.eu,false,""
2022-01-30T21:00:00.000000,Sweden,Sweden,SE,1.49,21.99,99.9,68.18,entsoe.eu,false,""
2022-01-30T22:00:00.000000,Sweden,Sweden,SE,1.52,22.1,99.9,67.49,entsoe.eu,false,""
2022-01-30T23:00:00.000000,Sweden,Sweden,SE,1.64,22.97,99.89,67.47,entsoe.eu,false,""
2022-01-31T00:00:00.000000,Sweden,Sweden,SE,1.66,23.14,99.89,67.12,entsoe.eu,false,""
2022-01-31T01:00:00.000000,Sweden,Sweden,SE,1.68,23.27,99.88,67.29,entsoe.eu,false,""
2022-01-31T02:00:00.000000,Sweden,Sweden,SE,1.75,23.73,99.88,67.3,entsoe.eu,false,""
2022-01-31T03:00:00.000000,Sweden,Sweden,SE,1.92,25.22,99.87,66.16,entsoe.eu,false,""
2022-01-31T04:00:00.000000,Sweden,Sweden,SE,2.06,26.47,99.86,66.58,entsoe.eu,false,""
2022-01-31T05:00:00.000000,Sweden,Sweden,SE,2.05,26.22,99.85,69.3,entsoe.eu,false,""
2022-01-31T06:00:00.000000,Sweden,Sweden,SE,2.07,26.5,99.84,70.18,entsoe.eu,false,""
2022-01-31T07:00:00.000000,Sweden,Sweden,SE,3.51,28.53,99.59,70.11,entsoe.eu,false,""
2022-01-31T08:00:00.000000,Sweden,Sweden,SE,4.62,30.02,99.38,70.1,entsoe.eu,false,""
2022-01-31T09:00:00.000000,Sweden,Sweden,SE,4.28,29.76,99.44,70.04,entsoe.eu,false,""
2022-01-31T10:00:00.000000,Sweden,Sweden,SE,4.76,30.37,99.35,69.98,entsoe.eu,false,""
2022-01-31T11:00:00.000000,Sweden,Sweden,SE,5.41,31.1,99.25,69.79,entsoe.eu,false,""
2022-01-31T12:00:00.000000,Sweden,Sweden,SE,4.26,29.8,99.45,69.65,entsoe.eu,false,""
2022-01-31T13:00:00.000000,Sweden,Sweden,SE,4.94,30.16,99.33,69.25,entsoe.eu,false,""
2022-01-31T14:00:00.000000,Sweden,Sweden,SE,6.7,32.15,99.07,69.06,entsoe.eu,false,""
2022-01-31T15:00:00.000000,Sweden,Sweden,SE,7.35,32.67,98.98,68.5,entsoe.eu,false,""
2022-01-31T16:00:00.000000,Sweden,Sweden,SE,6.9,32.03,99.04,69.19,entsoe.eu,false,""
2022-01-31T17:00:00.000000,Sweden,Sweden,SE,4.79,29.7,99.35,69.65,entsoe.eu,false,""
2022-01-31T18:00:00.000000,Sweden,Sweden,SE,4.82,29.89,99.35,69.77,entsoe.eu,false,""
2022-01-31T19:00:00.000000,Sweden,Sweden,SE,4.89,30.15,99.35,69.51,entsoe.eu,false,""
2022-01-31T20:00:00.000000,Sweden,Sweden,SE,3.94,29.25,99.52,68.92,entsoe.eu,false,""
2022-01-31T21:00:00.000000,Sweden,Sweden,SE,3.04,28.24,99.67,68.23,entsoe.eu,false,""
2022-01-31T22:00:00.000000,Sweden,Sweden,SE,3.95,29.08,99.56,67.02,entsoe.eu,false,""
2022-01-31T23:00:00.000000,Sweden,Sweden,SE,3.51,28.15,99.63,65.93,entsoe.eu,false,""
2022-02-01T00:00:00.000000,Sweden,Sweden,SE,3.79,28.05,99.59,65.56,entsoe.eu,false,""
2022-02-01T01:00:00.000000,Sweden,Sweden,SE,3.63,28.16,99.59,65.06,entsoe.eu,false,""
2022-02-01T02:00:00.000000,Sweden,Sweden,SE,3.7,28.31,99.58,65.25,entsoe.eu,false,""
2022-02-01T03:00:00.000000,Sweden,Sweden,SE,2.56,27.13,99.78,65.6,entsoe.eu,false,""
2022-02-01T04:00:00.000000,Sweden,Sweden,SE,3.16,28.82,99.71,66.96,entsoe.eu,false,""
2022-02-01T05:00:00.000000,Sweden,Sweden,SE,2.37,27.49,99.8,69.38,entsoe.eu,false,""
2022-02-01T06:00:00.000000,Sweden,Sweden,SE,3.76,29.53,99.61,69.71,entsoe.eu,false,""
2022-02-01T07:00:00.000000,Sweden,Sweden,SE,3.89,30.07,99.59,69.08,entsoe.eu,false,""
2022-02-01T08:00:00.000000,Sweden,Sweden,SE,4.73,30.88,99.46,69.84,entsoe.eu,false,""
2022-02-01T09:00:00.000000,Sweden,Sweden,SE,4.54,30.61,99.49,70.08,entsoe.eu,false,""
2022-02-01T10:00:00.000000,Sweden,Sweden,SE,4.68,30.65,99.47,70.33,entsoe.eu,false,""
2022-02-01T11:00:00.000000,Sweden,Sweden,SE,5.13,30.71,99.4,70.09,entsoe.eu,false,""
2022-02-01T12:00:00.000000,Sweden,Sweden,SE,5.11,30.3,99.41,70.24,entsoe.eu,false,""
2022-02-01T13:00:00.000000,Sweden,Sweden,SE,9.05,35.03,98.92,69.67,entsoe.eu,false,""
2022-02-01T14:00:00.000000,Sweden,Sweden,SE,9.73,35.43,98.85,69.7,entsoe.eu,false,""
2022-02-01T15:00:00.000000,Sweden,Sweden,SE,9.23,34.6,98.92,69.71,entsoe.eu,false,""
2022-02-01T16:00:00.000000,Sweden,Sweden,SE,10.41,36.08,98.77,70.16,entsoe.eu,false,""
2022-02-01T17:00:00.000000,Sweden,Sweden,SE,9.01,34.77,98.95,69.74,entsoe.eu,false,""
2022-02-01T18:00:00.000000,Sweden,Sweden,SE,10.27,36.28,98.82,69.1,entsoe.eu,false,""
2022-02-01T19:00:00.000000,Sweden,Sweden,SE,7.92,33.66,99.09,69.03,entsoe.eu,false,""
2022-02-01T20:00:00.000000,Sweden,Sweden,SE,7.73,33.25,99.11,68.25,entsoe.eu,false,""
2022-02-01T21:00:00.000000,Sweden,Sweden,SE,7.09,32.21,99.18,67.85,entsoe.eu,false,""
2022-02-01T22:00:00.000000,Sweden,Sweden,SE,7.11,32.02,99.18,67.01,entsoe.eu,false,""
2022-02-01T23:00:00.000000,Sweden,Sweden,SE,7.66,33.38,99.11,66.28,entsoe.eu,false,""
2022-02-02T00:00:00.000000,Sweden,Sweden,SE,9.73,35.61,98.86,65.62,entsoe.eu,false,""
2022-02-02T01:00:00.000000,Sweden,Sweden,SE,10.21,36.23,98.8,65.62,entsoe.eu,false,""
2022-02-02T02:00:00.000000,Sweden,Sweden,SE,9.84,35.52,98.86,65.66,entsoe.eu,false,""
2022-02-02T03:00:00.000000,Sweden,Sweden,SE,10.17,35.71,98.83,66.08,entsoe.eu,false,""
2022-02-02T04:00:00.000000,Sweden,Sweden,SE,9.45,35.54,98.92,67.05,entsoe.eu,false,""
2022-02-02T05:00:00.000000,Sweden,Sweden,SE,11.15,37.98,98.76,68.1,entsoe.eu,false,""
2022-02-02T06:00:00.000000,Sweden,Sweden,SE,10.31,37.23,98.79,70.29,entsoe.eu,false,""
2022-02-02T07:00:00.000000,Sweden,Sweden,SE,9.44,36.85,98.88,70.51,entsoe.eu,false,""
2022-02-02T08:00:00.000000,Sweden,Sweden,SE,12.67,40.55,98.49,69.97,entsoe.eu,false,""
2022-02-02T09:00:00.000000,Sweden,Sweden,SE,13.52,41.91,98.38,69.93,entsoe.eu,false,""
2022-02-02T10:00:00.000000,Sweden,Sweden,SE,12.74,41.18,98.49,69.57,entsoe.eu,false,""
2022-02-02T11:00:00.000000,Sweden,Sweden,SE,12.32,40.82,98.54,68.96,entsoe.eu,false,""
2022-02-02T12:00:00.000000,Sweden,Sweden,SE,10.08,38.26,98.79,69.38,entsoe.eu,false,""
2022-02-02T13:00:00.000000,Sweden,Sweden,SE,9.37,37.39,98.86,69.51,entsoe.eu,false,""
2022-02-02T14:00:00.000000,Sweden,Sweden,SE,6.91,33.86,99.18,69.52,entsoe.eu,false,""
2022-02-02T15:00:00.000000,Sweden,Sweden,SE,5.11,31.62,99.42,69.85,entsoe.eu,false,""
2022-02-02T16:00:00.000000,Sweden,Sweden,SE,7.51,35.17,99.08,69.87,entsoe.eu,false,""
2022-02-02T17:00:00.000000,Sweden,Sweden,SE,6.36,34.1,99.26,69.8,entsoe.eu,false,""
2022-02-02T18:00:00.000000,Sweden,Sweden,SE,5.93,33.71,99.31,70.14,entsoe.eu,false,""
2022-02-02T19:00:00.000000,Sweden,Sweden,SE,5.34,33.35,99.41,69.57,entsoe.eu,false,""
2022-02-02T20:00:00.000000,Sweden,Sweden,SE,4.45,32.38,99.55,68.93,entsoe.eu,false,""
2022-02-02T21:00:00.000000,Sweden,Sweden,SE,2.56,30.0,99.81,68.54,entsoe.eu,false,""
2022-02-02T22:00:00.000000,Sweden,Sweden,SE,2.47,29.68,99.83,67.64,entsoe.eu,false,""
2022-02-02T23:00:00.000000,Sweden,Sweden,SE,2.36,28.63,99.83,67.53,entsoe.eu,false,""
2022-02-03T00:00:00.000000,Sweden,Sweden,SE,2.25,27.52,99.84,67.6,entsoe.eu,false,""
2022-02-03T01:00:00.000000,Sweden,Sweden,SE,2.17,26.67,99.84,67.75,entsoe.eu,false,""
2022-02-03T02:00:00.000000,Sweden,Sweden,SE,2.19,26.92,99.84,67.58,entsoe.eu,false,""
2022-02-03T03:00:00.000000,Sweden,Sweden,SE,2.25,27.33,99.83,67.68,entsoe.eu,false,""
2022-02-03T04:00:00.000000,Sweden,Sweden,SE,2.35,27.97,99.81,69.29,entsoe.eu,false,""
2022-02-03T05:00:00.000000,Sweden,Sweden,SE,5.26,31.63,99.37,70.37,entsoe.eu,false,""
2022-02-03T06:00:00.000000,Sweden,Sweden,SE,6.39,33.42,99.2,69.86,entsoe.eu,false,""
2022-02-03T07:00:00.000000,Sweden,Sweden,SE,13.21,42.66,98.24,69.06,entsoe.eu,false,""
2022-02-03T08:00:00.000000,Sweden,Sweden,SE,17.13,47.85,97.77,68.83,entsoe.eu,false,""
2022-02-03T09:00:00.000000,Sweden,Sweden,SE,16.12,47.0,97.92,68.94,entsoe.eu,false,""
2022-02-03T10:00:00.000000,Sweden,Sweden,SE,12.71,42.94,98.38,69.71,entsoe.eu,false,""
2022-02-03T11:00:00.000000,Sweden,Sweden,SE,6.24,34.03,99.25,70.52,entsoe.eu,false,""
2022-02-03T12:00:00.000000,Sweden,Sweden,SE,5.23,32.25,99.42,70.82,entsoe.eu,false,""
2022-02-03T13:00:00.000000,Sweden,Sweden,SE,5.28,32.27,99.41,70.7,entsoe.eu,false,""
2022-02-03T14:00:00.000000,Sweden,Sweden,SE,5.57,32.07,99.36,70.82,entsoe.eu,false,""
2022-02-03T15:00:00.000000,Sweden,Sweden,SE,5.56,31.78,99.35,71.01,entsoe.eu,false,""
2022-02-03T16:00:00.000000,Sweden,Sweden,SE,5.73,31.25,99.32,71.28,entsoe.eu,false,""
2022-02-03T17:00:00.000000,Sweden,Sweden,SE,2.74,27.97,99.75,71.23,entsoe.eu,false,""
2022-02-03T18:00:00.000000,Sweden,Sweden,SE,2.47,27.42,99.78,71.42,entsoe.eu,false,""
2022-02-03T19:00:00.000000,Sweden,Sweden,SE,2.11,26.62,99.83,70.85,entsoe.eu,false,""
2022-02-03T20:00:00.000000,Sweden,Sweden,SE,2.06,26.28,99.85,69.46,entsoe.eu,false,""
2022-02-03T21:00:00.000000,Sweden,Sweden,SE,2.51,26.83,99.79,68.73,entsoe.eu,false,""
2022-02-03T22:00:00.000000,Sweden,Sweden,SE,2.06,25.9,99.85,68.35,entsoe.eu,false,""
2022-02-03T23:00:00.000000,Sweden,Sweden,SE,1.94,24.57,99.85,67.83,entsoe.eu,false,""
2022-02-04T00:00:00.000000,Sweden,Sweden,SE,1.86,24.34,99.86,67.62,entsoe.eu,false,""
2022-02-04T01:00:00.000000,Sweden,Sweden,SE,1.82,24.15,99.87,67.58,entsoe.eu,false,""
2022-02-04T02:00:00.000000,Sweden,Sweden,SE,1.68,23.65,99.89,67.78,entsoe.eu,false,""
2022-02-04T03:00:00.000000,Sweden,Sweden,SE,1.88,23.95,99.86,68.02,entsoe.eu,false,""
2022-02-04T04:00:00.000000,Sweden,Sweden,SE,2.39,25.28,99.8,68.54,entsoe.eu,false,""
2022-02-04T05:00:00.000000,Sweden,Sweden,SE,2.08,25.31,99.84,69.64,entsoe.eu,false,""
2022-02-04T06:00:00.000000,Sweden,Sweden,SE,1.85,25.14,99.87,70.48,entsoe.eu,false,""
2022-02-04T07:00:00.000000,Sweden,Sweden,SE,1.8,24.99,99.88,70.28,entsoe.eu,false,""
2022-02-04T08:00:00.000000,Sweden,Sweden,SE,1.76,24.77,99.89,71.03,entsoe.eu,false,""
2022-02-04T09:00:00.000000,Sweden,Sweden,SE,1.76,24.72,99.89,70.89,entsoe.eu,false,""
2022-02-04T10:00:00.000000,Sweden,Sweden,SE,1.68,24.05,99.89,71.18,entsoe.eu,false,""
2022-02-04T11:00:00.000000,Sweden,Sweden,SE,1.64,23.73,99.89,70.73,entsoe.eu,false,""
2022-02-04T12:00:00.000000,Sweden,Sweden,SE,1.59,23.21,99.9,70.28,entsoe.eu,false,""
2022-02-04T13:00:00.000000,Sweden,Sweden,SE,1.61,23.36,99.89,70.14,entsoe.eu,false,""
2022-02-04T14:00:00.000000,Sweden,Sweden,SE,1.68,23.75,99.88,70.34,entsoe.eu,false,""
2022-02-04T15:00:00.000000,Sweden,Sweden,SE,1.73,24.02,99.88,70.34,entsoe.eu,false,""
2022-02-04T16:00:00.000000,Sweden,Sweden,SE,1.97,24.39,99.85,70.04,entsoe.eu,false,""
2022-02-04T17:00:00.000000,Sweden,Sweden,SE,1.77,24.2,99.88,69.79,entsoe.eu,false,""
2022-02-04T18:00:00.000000,Sweden,Sweden,SE,1.71,23.75,99.88,69.07,entsoe.eu,false,""
2022-02-04T19:00:00.000000,Sweden,Sweden,SE,1.67,23.32,99.88,68.88,entsoe.eu,false,""
2022-02-04T20:00:00.000000,Sweden,Sweden,SE,1.55,22.15,99.89,69.15,entsoe.eu,false,""
2022-02-04T21:00:00.000000,Sweden,Sweden,SE,1.55,22.06,99.89,68.88,entsoe.eu,false,""
2022-02-04T22:00:00.000000,Sweden,Sweden,SE,1.46,21.24,99.89,68.76,entsoe.eu,false,""
2022-02-04T23:00:00.000000,Sweden,Sweden,SE,1.35,20.36,99.9,68.6,entsoe.eu,false,""
2022-02-05T00:00:00.000000,Sweden,Sweden,SE,1.33,20.17,99.9,67.91,entsoe.eu,false,""
2022-02-05T01:00:00.000000,Sweden,Sweden,SE,1.35,20.23,99.9,67.69,entsoe.eu,false,""
2022-02-05T02:00:00.000000,Sweden,Sweden,SE,1.28,20.05,99.91,67.56,entsoe.eu,false,""
2022-02-05T03:00:00.000000,Sweden,Sweden,SE,1.29,20.05,99.91,68.05,entsoe.eu,false,""
2022-02-05T04:00:00.000000,Sweden,Sweden,SE,1.28,19.96,99.91,67.86,entsoe.eu,false,""
2022-02-05T05:00:00.000000,Sweden,Sweden,SE,1.31,20.25,99.91,68.21,entsoe.eu,false,""
2022-02-05T06:00:00.000000,Sweden,Sweden,SE,1.44,21.51,99.9,69.1,entsoe.eu,false,""
2022-02-05T07:00:00.000000,Sweden,Sweden,SE,1.54,22.39,99.9,69.46,entsoe.eu,false,""
2022-02-05T08:00:00.000000,Sweden,Sweden,SE,1.59,22.98,99.89,69.57,entsoe.eu,false,""
2022-02-05T09:00:00.000000,Sweden,Sweden,SE,1.71,23.98,99.88,69.53,entsoe.eu,false,""
2022-02-05T10:00:00.000000,Sweden,Sweden,SE,1.68,23.73,99.89,69.69,entsoe.eu,false,""
2022-02-05T11:00:00.000000,Sweden,Sweden,SE,1.67,23.69,99.89,69.2,entsoe.eu,false,""
2022-02-05T12:00:00.000000,Sweden,Sweden,SE,1.69,23.8,99.89,68.68,entsoe.eu,false,""
2022-02-05T13:00:00.000000,Sweden,Sweden,SE,1.69,23.66,99.89,68.37,entsoe.eu,false,""
2022-02-05T14:00:00.000000,Sweden,Sweden,SE,1.7,23.79,99.89,68.6,entsoe.eu,false,""
2022-02-05T15:00:00.000000,Sweden,Sweden,SE,1.69,23.8,99.89,70.05,entsoe.eu,false,""
2022-02-05T16:00:00.000000,Sweden,Sweden,SE,1.69,23.79,99.89,70.11,entsoe.eu,false,""
2022-02-05T17:00:00.000000,Sweden,Sweden,SE,1.7,23.86,99.89,70.1,entsoe.eu,false,""
2022-02-05T18:00:00.000000,Sweden,Sweden,SE,1.64,23.24,99.89,70.23,entsoe.eu,false,""
2022-02-05T19:00:00.000000,Sweden,Sweden,SE,1.66,22.82,99.88,69.58,entsoe.eu,false,""
2022-02-05T20:00:00.000000,Sweden,Sweden,SE,4.05,25.27,99.56,68.55,entsoe.eu,false,""
2022-02-05T21:00:00.000000,Sweden,Sweden,SE,2.88,23.2,99.72,67.12,entsoe.eu,false,""
2022-02-05T22:00:00.000000,Sweden,Sweden,SE,3.95,24.55,99.57,66.52,entsoe.eu,false,""
2022-02-05T23:00:00.000000,Sweden,Sweden,SE,5.27,26.39,99.4,66.52,entsoe.eu,false,""
2022-02-06T00:00:00.000000,Sweden,Sweden,SE,7.47,28.85,99.14,64.93,entsoe.eu,false,""
2022-02-06T01:00:00.000000,Sweden,Sweden,SE,7.49,28.85,99.14,64.59,entsoe.eu,false,""
2022-02-06T02:00:00.000000,Sweden,Sweden,SE,6.99,28.18,99.22,63.82,entsoe.eu,false,""
2022-02-06T03:00:00.000000,Sweden,Sweden,SE,6.88,28.2,99.21,63.73,entsoe.eu,false,""
2022-02-06T04:00:00.000000,Sweden,Sweden,SE,8.1,30.26,99.03,63.82,entsoe.eu,false,""
2022-02-06T05:00:00.000000,Sweden,Sweden,SE,7.62,30.01,99.12,64.47,entsoe.eu,false,""
2022-02-06T06:00:00.000000,Sweden,Sweden,SE,5.87,28.17,99.37,65.19,entsoe.eu,false,""
2022-02-06T07:00:00.000000,Sweden,Sweden,SE,3.94,26.35,99.6,66.1,entsoe.eu,false,""
2022-02-06T08:00:00.000000,Sweden,Sweden,SE,4.9,28.01,99.46,67.14,entsoe.eu,false,""
2022-02-06T09:00:00.000000,Sweden,Sweden,SE,3.44,25.92,99.65,67.42,entsoe.eu,false,""
2022-02-06T10:00:00.000000,Sweden,Sweden,SE,1.99,23.77,99.84,68.76,entsoe.eu,false,""
2022-02-06T11:00:00.000000,Sweden,Sweden,SE,1.74,23.52,99.87,68.74,entsoe.eu,false,""
2022-02-06T12:00:00.000000,Sweden,Sweden,SE,1.82,23.99,99.86,68.11,entsoe.eu,false,""
2022-02-06T13:00:00.000000,Sweden,Sweden,SE,1.86,24.17,99.86,67.69,entsoe.eu,false,""
2022-02-06T14:00:00.000000,Sweden,Sweden,SE,1.88,24.52,99.86,67.68,entsoe.eu,false,""
2022-02-06T15:00:00.000000,Sweden,Sweden,SE,1.96,25.08,99.86,67.41,entsoe.eu,false,""
2022-02-06T16:00:00.000000,Sweden,Sweden,SE,3.38,26.8,99.61,67.43,entsoe.eu,false,""
2022-02-06T17:00:00.000000,Sweden,Sweden,SE,3.54,27.2,99.58,67.3,entsoe.eu,false,""
2022-02-06T18:00:00.000000,Sweden,Sweden,SE,3.57,27.24,99.58,67.16,entsoe.eu,false,""
2022-02-06T19:00:00.000000,Sweden,Sweden,SE,3.62,27.37,99.57,67.11,entsoe.eu,false,""
2022-02-06T20:00:00.000000,Sweden,Sweden,SE,2.03,24.65,99.84,66.83,entsoe.eu,false,""
2022-02-06T21:00:00.000000,Sweden,Sweden,SE,1.77,23.36,99.87,66.57,entsoe.eu,false,""
2022-02-06T22:00:00.000000,Sweden,Sweden,SE,1.65,22.48,99.88,66.0,entsoe.eu,false,""
2022-02-06T23:00:00.000000,Sweden,Sweden,SE,1.67,22.78,99.88,65.71,entsoe.eu,false,""
2022-02-07T00:00:00.000000,Sweden,Sweden,SE,1.51,21.28,99.89,65.93,entsoe.eu,false,""
2022-02-07T01:00:00.000000,Sweden,Sweden,SE,2.15,22.61,99.81,64.76,entsoe.eu,false,""
2022-02-07T02:00:00.000000,Sweden,Sweden,SE,7.76,29.65,99.09,65.67,entsoe.eu,false,""
2022-02-07T03:00:00.000000,Sweden,Sweden,SE,3.18,24.12,99.68,66.36,entsoe.eu,false,""
2022-02-07T04:00:00.000000,Sweden,Sweden,SE,1.7,22.91,99.87,68.31,entsoe.eu,false,""
2022-02-07T05:00:00.000000,Sweden,Sweden,SE,1.84,24.49,99.87,69.58,entsoe.eu,false,""
2022-02-07T06:00:00.000000,Sweden,Sweden,SE,1.89,25.04,99.87,70.39,entsoe.eu,false,""
2022-02-07T07:00:00.000000,Sweden,Sweden,SE,1.9,25.24,99.87,70.51,entsoe.eu,false,""
2022-02-07T08:00:00.000000,Sweden,Sweden,SE,1.85,25.12,99.88,70.74,entsoe.eu,false,""
2022-02-07T09:00:00.000000,Sweden,Sweden,SE,2.55,26.32,99.79,70.95,entsoe.eu,false,""
2022-02-07T10:00:00.000000,Sweden,Sweden,SE,2.01,25.43,99.86,70.48,entsoe.eu,false,""
2022-02-07T11:00:00.000000,Sweden,Sweden,SE,1.77,24.85,99.89,70.29,entsoe.eu,false,""
2022-02-07T12:00:00.000000,Sweden,Sweden,SE,1.95,24.76,99.86,70.43,entsoe.eu,false,""
2022-02-07T13:00:00.000000,Sweden,Sweden,SE,2.85,25.73,99.56,70.11,entsoe.eu,false,""
2022-02-07T14:00:00.000000,Sweden,Sweden,SE,2.18,25.21,99.84,70.62,entsoe.eu,false,""
2022-02-07T15:00:00.000000,Sweden,Sweden,SE,1.77,24.56,99.89,70.32,entsoe.eu,false,""
2022-02-07T16:00:00.000000,Sweden,Sweden,SE,1.79,24.57,99.88,70.23,entsoe.eu,false,""
2022-02-07T17:00:00.000000,Sweden,Sweden,SE,1.8,24.73,99.88,69.47,entsoe.eu,false,""
2022-02-07T18:00:00.000000,Sweden,Sweden,SE,1.86,24.89,99.87,69.65,entsoe.eu,false,""
2022-02-07T19:00:00.000000,Sweden,Sweden,SE,1.85,24.94,99.88,68.66,entsoe.eu,false,""
2022-02-07T20:00:00.000000,Sweden,Sweden,SE,3.35,26.5,99.73,69.25,entsoe.eu,false,""
2022-02-07T21:00:00.000000,Sweden,Sweden,SE,1.86,24.83,99.87,68.91,entsoe.eu,false,""
2022-02-07T22:00:00.000000,Sweden,Sweden,SE,1.82,24.49,99.88,68.36,entsoe.eu,false,""
2022-02-07T23:00:00.000000,Sweden,Sweden,SE,1.63,22.9,99.89,68.12,entsoe.eu,false,""
2022-02-08T00:00:00.000000,Sweden,Sweden,SE,1.51,21.8,99.9,68.13,entsoe.eu,false,""
2022-02-08T01:00:00.000000,Sweden,Sweden,SE,1.4,20.89,99.9,68.23,entsoe.eu,false,""
2022-02-08T02:00:00.000000,Sweden,Sweden,SE,1.36,20.65,99.91,67.86,entsoe.eu,false,""
2022-02-08T03:00:00.000000,Sweden,Sweden,SE,1.39,20.84,99.9,68.04,entsoe.eu,false,""
2022-02-08T04:00:00.000000,Sweden,Sweden,SE,1.44,21.39,99.9,68.61,entsoe.eu,false,""
2022-02-08T05:00:00.000000,Sweden,Sweden,SE,1.51,22.13,99.9,69.73,entsoe.eu,false,""
2022-02-08T06:00:00.000000,Sweden,Sweden,SE,1.52,22.27,99.9,70.55,entsoe.eu,false,""
2022-02-08T07:00:00.000000,Sweden,Sweden,SE,1.48,21.95,99.9,70.59,entsoe.eu,false,""
2022-02-08T08:00:00.000000,Sweden,Sweden,SE,1.46,21.91,99.91,70.31,entsoe.eu,false,""
2022-02-08T09:00:00.000000,Sweden,Sweden,SE,3.17,23.81,99.4,70.17,entsoe.eu,false,""
2022-02-08T10:00:00.000000,Sweden,Sweden,SE,2.95,23.41,99.46,70.52,entsoe.eu,false,""
2022-02-08T11:00:00.000000,Sweden,Sweden,SE,1.39,21.37,99.91,70.55,entsoe.eu,false,""
2022-02-08T12:00:00.000000,Sweden,Sweden,SE,1.96,21.98,99.74,70.3,entsoe.eu,false,""
2022-02-08T13:00:00.000000,Sweden,Sweden,SE,3.45,23.99,99.31,70.01,entsoe.eu,false,""
2022-02-08T14:00:00.000000,Sweden,Sweden,SE,3.39,23.74,99.32,69.9,entsoe.eu,false,""
2022-02-08T15:00:00.000000,Sweden,Sweden,SE,2.06,22.69,99.73,70.27,entsoe.eu,false,""
2022-02-08T16:00:00.000000,Sweden,Sweden,SE,1.47,21.85,99.9,70.67,entsoe.eu,false,""
2022-02-08T17:00:00.000000,Sweden,Sweden,SE,1.5,22.08,99.9,70.42,entsoe.eu,false,""
2022-02-08T18:00:00.000000,Sweden,Sweden,SE,1.49,22.08,99.9,70.5,entsoe.eu,false,""
2022-02-08T19:00:00.000000,Sweden,Sweden,SE,1.4,21.39,99.91,70.21,entsoe.eu,false,""
2022-02-08T20:00:00.000000,Sweden,Sweden,SE,1.32,20.78,99.91,69.51,entsoe.eu,false,""
2022-02-08T21:00:00.000000,Sweden,Sweden,SE,1.31,20.65,99.91,69.2,entsoe.eu,false,""
2022-02-08T22:00:00.000000,Sweden,Sweden,SE,1.28,20.48,99.92,68.8,entsoe.eu,false,""
2022-02-08T23:00:00.000000,Sweden,Sweden,SE,1.23,19.87,99.92,68.06,entsoe.eu,false,""
2022-02-09T00:00:00.000000,Sweden,Sweden,SE,1.23,19.76,99.92,67.48,entsoe.eu,false,""
2022-02-09T01:00:00.000000,Sweden,Sweden,SE,1.21,19.56,99.91,68.01,entsoe.eu,false,""
2022-02-09T02:00:00.000000,Sweden,Sweden,SE,1.22,19.6,99.91,67.87,entsoe.eu,false,""
2022-02-09T03:00:00.000000,Sweden,Sweden,SE,1.3,20.09,99.9,68.14,entsoe.eu,false,""
2022-02-09T04:00:00.000000,Sweden,Sweden,SE,1.41,21.12,99.9,68.9,entsoe.eu,false,""
2022-02-09T05:00:00.000000,Sweden,Sweden,SE,1.54,22.37,99.89,69.82,entsoe.eu,false,""
2022-02-09T06:00:00.000000,Sweden,Sweden,SE,1.63,23.14,99.88,70.69,entsoe.eu,false,""
2022-02-09T07:00:00.000000,Sweden,Sweden,SE,1.62,23.03,99.89,70.62,entsoe.eu,false,""
2022-02-09T08:00:00.000000,Sweden,Sweden,SE,2.35,23.92,99.67,70.5,entsoe.eu,false,""
2022-02-09T09:00:00.000000,Sweden,Sweden,SE,3.31,24.91,99.39,70.3,entsoe.eu,false,""
2022-02-09T10:00:00.000000,Sweden,Sweden,SE,2.13,23.28,99.73,70.45,entsoe.eu,false,""
2022-02-09T11:00:00.000000,Sweden,Sweden,SE,1.53,22.4,99.89,70.52,entsoe.eu,false,""
2022-02-09T12:00:00.000000,Sweden,Sweden,SE,2.11,22.88,99.72,70.86,entsoe.eu,false,""
2022-02-09T13:00:00.000000,Sweden,Sweden,SE,3.33,24.2,99.36,70.92,entsoe.eu,false,""
2022-02-09T14:00:00.000000,Sweden,Sweden,SE,3.44,24.29,99.32,70.8,entsoe.eu,false,""
2022-02-09T15:00:00.000000,Sweden,Sweden,SE,1.6,21.96,99.86,71.2,entsoe.eu,false,""
2022-02-09T16:00:00.000000,Sweden,Sweden,SE,1.52,22.22,99.89,71.29,entsoe.eu,false,""
2022-02-09T17:00:00.000000,Sweden,Sweden,SE,1.54,22.39,99.89,71.51,entsoe.eu,false,""
2022-02-09T18:00:00.000000,Sweden,Sweden,SE,1.52,22.39,99.9,71.13,entsoe.eu,false,""
2022-02-09T19:00:00.000000,Sweden,Sweden,SE,1.48,22.04,99.9,71.16,entsoe.eu,false,""
2022-02-09T20:00:00.000000,Sweden,Sweden,SE,1.4,21.37,99.9,71.23,entsoe.eu,false,""
2022-02-09T21:00:00.000000,Sweden,Sweden,SE,1.38,21.2,99.91,70.6,entsoe.eu,false,""
2022-02-09T22:00:00.000000,Sweden,Sweden,SE,1.27,20.51,99.92,69.66,entsoe.eu,false,""
2022-02-09T23:00:00.000000,Sweden,Sweden,SE,1.21,19.92,99.92,68.41,entsoe.eu,false,""
2022-02-10T00:00:00.000000,Sweden,Sweden,SE,1.19,19.95,99.93,67.95,entsoe.eu,false,""
2022-02-10T01:00:00.000000,Sweden,Sweden,SE,1.17,19.85,99.93,68.0,entsoe.eu,false,""
2022-02-10T02:00:00.000000,Sweden,Sweden,SE,1.2,20.06,99.93,68.01,entsoe.eu,false,""
2022-02-10T03:00:00.000000,Sweden,Sweden,SE,1.24,20.38,99.92,68.03,entsoe.eu,false,""
2022-02-10T04:00:00.000000,Sweden,Sweden,SE,1.35,21.34,99.92,68.5,entsoe.eu,false,""
2022-02-10T05:00:00.000000,Sweden,Sweden,SE,1.54,23.05,99.9,70.24,entsoe.eu,false,""
2022-02-10T06:00:00.000000,Sweden,Sweden,SE,1.67,23.89,99.89,70.94,entsoe.eu,false,""
2022-02-10T07:00:00.000000,Sweden,Sweden,SE,1.81,23.99,99.87,70.85,entsoe.eu,false,""
2022-02-10T08:00:00.000000,Sweden,Sweden,SE,2.49,24.99,99.7,70.53,entsoe.eu,false,""
2022-02-10T09:00:00.000000,Sweden,Sweden,SE,2.57,25.18,99.68,70.18,entsoe.eu,false,""
2022-02-10T10:00:00.000000,Sweden,Sweden,SE,2.46,24.65,99.65,70.27,entsoe.eu,false,""
2022-02-10T11:00:00.000000,Sweden,Sweden,SE,2.17,24.33,99.74,70.08,entsoe.eu,false,""
2022-02-10T12:00:00.000000,Sweden,Sweden,SE,1.61,23.53,99.9,70.07,entsoe.eu,false,""
2022-02-10T13:00:00.000000,Sweden,Sweden,SE,1.62,23.54,99.9,69.9,entsoe.eu,false,""
2022-02-10T14:00:00.000000,Sweden,Sweden,SE,1.8,23.5,99.86,69.83,entsoe.eu,false,""
2022-02-10T15:00:00.000000,Sweden,Sweden,SE,2.71,24.66,99.71,69.71,entsoe.eu,false,""
2022-02-10T16:00:00.000000,Sweden,Sweden,SE,3.47,25.68,99.58,69.45,entsoe.eu,false,""
2022-02-10T17:00:00.000000,Sweden,Sweden,SE,3.56,25.95,99.57,69.34,entsoe.eu,false,""
2022-02-10T18:00:00.000000,Sweden,Sweden,SE,3.54,25.56,99.56,69.92,entsoe.eu,false,""
2022-02-10T19:00:00.000000,Sweden,Sweden,SE,3.47,24.95,99.56,69.29,entsoe.eu,false,""
2022-02-10T20:00:00.000000,Sweden,Sweden,SE,1.49,22.28,99.9,69.66,entsoe.eu,false,""
2022-02-10T21:00:00.000000,Sweden,Sweden,SE,1.46,22.15,99.91,68.82,entsoe.eu,false,""
2022-02-10T22:00:00.000000,Sweden,Sweden,SE,1.44,22.01,99.91,68.36,entsoe.eu,false,""
2022-02-10T23:00:00.000000,Sweden,Sweden,SE,1.39,21.35,99.91,67.16,entsoe.eu,false,""
2022-02-11T00:00:00.000000,Sweden,Sweden,SE,1.43,21.57,99.91,66.39,entsoe.eu,false,""
2022-02-11T01:00:00.000000,Sweden,Sweden,SE,1.48,21.76,99.9,66.34,entsoe.eu,false,""
2022-02-11T02:00:00.000000,Sweden,Sweden,SE,1.49,21.78,99.9,66.34,entsoe.eu,false,""
2022-02-11T03:00:00.000000,Sweden,Sweden,SE,1.53,22.32,99.9,66.07,entsoe.eu,false,""
2022-02-11T04:00:00.000000,Sweden,Sweden,SE,2.34,23.76,99.76,66.48,entsoe.eu,false,""
2022-02-11T05:00:00.000000,Sweden,Sweden,SE,2.59,24.75,99.73,67.96,entsoe.eu,false,""
2022-02-11T06:00:00.000000,Sweden,Sweden,SE,3.43,26.03,99.58,68.89,entsoe.eu,false,""
2022-02-11T07:00:00.000000,Sweden,Sweden,SE,3.72,26.84,99.54,69.31,entsoe.eu,false,""
2022-02-11T08:00:00.000000,Sweden,Sweden,SE,4.9,28.51,99.36,69.42,entsoe.eu,false,""
2022-02-11T09:00:00.000000,Sweden,Sweden,SE,3.34,27.19,99.61,69.33,entsoe.eu,false,""
2022-02-11T10:00:00.000000,Sweden,Sweden,SE,2.54,26.41,99.78,68.96,entsoe.eu,false,""
2022-02-11T11:00:00.000000,Sweden,Sweden,SE,5.03,29.46,99.44,68.65,entsoe.eu,false,""
2022-02-11T12:00:00.000000,Sweden,Sweden,SE,3.61,27.8,99.63,68.7,entsoe.eu,false,""
2022-02-11T13:00:00.000000,Sweden,Sweden,SE,1.98,25.48,99.86,68.93,entsoe.eu,false,""
2022-02-11T14:00:00.000000,Sweden,Sweden,SE,3.0,26.45,99.67,68.97,entsoe.eu,false,""
2022-02-11T15:00:00.000000,Sweden,Sweden,SE,3.12,26.34,99.65,68.98,entsoe.eu,false,""
2022-02-11T16:00:00.000000,Sweden,Sweden,SE,4.17,27.74,99.47,68.75,entsoe.eu,false,""
2022-02-11T17:00:00.000000,Sweden,Sweden,SE,4.13,27.53,99.48,68.72,entsoe.eu,false,""
2022-02-11T18:00:00.000000,Sweden,Sweden,SE,4.07,27.17,99.48,68.88,entsoe.eu,false,""
2022-02-11T19:00:00.000000,Sweden,Sweden,SE,3.93,26.15,99.49,68.22,entsoe.eu,false,""
2022-02-11T20:00:00.000000,Sweden,Sweden,SE,1.55,22.25,99.89,68.91,entsoe.eu,false,""
2022-02-11T21:00:00.000000,Sweden,Sweden,SE,1.41,21.79,99.91,68.42,entsoe.eu,false,""
2022-02-11T22:00:00.000000,Sweden,Sweden,SE,1.4,21.66,99.92,68.4,entsoe.eu,false,""
2022-02-11T23:00:00.000000,Sweden,Sweden,SE,1.44,21.45,99.9,68.66,entsoe.eu,false,""
2022-02-12T00:00:00.000000,Sweden,Sweden,SE,1.44,21.24,99.89,68.81,entsoe.eu,false,""
2022-02-12T01:00:00.000000,Sweden,Sweden,SE,1.41,20.86,99.89,68.94,entsoe.eu,false,""
2022-02-12T02:00:00.000000,Sweden,Sweden,SE,1.43,20.98,99.89,68.72,entsoe.eu,false,""
2022-02-12T03:00:00.000000,Sweden,Sweden,SE,1.43,20.98,99.89,68.45,entsoe.eu,false,""
2022-02-12T04:00:00.000000,Sweden,Sweden,SE,1.41,20.81,99.89,68.36,entsoe.eu,false,""
2022-02-12T05:00:00.000000,Sweden,Sweden,SE,1.37,20.73,99.9,68.89,entsoe.eu,false,""
2022-02-12T06:00:00.000000,Sweden,Sweden,SE,1.4,21.2,99.9,69.53,entsoe.eu,false,""
2022-02-12T07:00:00.000000,Sweden,Sweden,SE,1.47,21.75,99.89,69.71,entsoe.eu,false,""
2022-02-12T08:00:00.000000,Sweden,Sweden,SE,1.39,21.32,99.91,69.65,entsoe.eu,false,""
2022-02-12T09:00:00.000000,Sweden,Sweden,SE,1.37,21.26,99.91,69.84,entsoe.eu,false,""
2022-02-12T10:00:00.000000,Sweden,Sweden,SE,1.34,20.95,99.91,69.6,entsoe.eu,false,""
2022-02-12T11:00:00.000000,Sweden,Sweden,SE,1.33,20.78,99.91,70.01,entsoe.eu,false,""
2022-02-12T12:00:00.000000,Sweden,Sweden,SE,1.36,20.86,99.9,69.88,entsoe.eu,false,""
2022-02-12T13:00:00.000000,Sweden,Sweden,SE,1.38,20.86,99.9,69.65,entsoe.eu,false,""
2022-02-12T14:00:00.000000,Sweden,Sweden,SE,1.43,21.2,99.89,69.85,entsoe.eu,false,""
2022-02-12T15:00:00.000000,Sweden,Sweden,SE,1.46,21.47,99.89,70.61,entsoe.eu,false,""
2022-02-12T16:00:00.000000,Sweden,Sweden,SE,1.49,21.73,99.89,70.81,entsoe.eu,false,""
2022-02-12T17:00:00.000000,Sweden,Sweden,SE,1.5,21.82,99.89,70.92,entsoe.eu,false,""
2022-02-12T18:00:00.000000,Sweden,Sweden,SE,1.49,21.67,99.89,70.99,entsoe.eu,false,""
2022-02-12T19:00:00.000000,Sweden,Sweden,SE,1.38,20.8,99.9,70.85,entsoe.eu,false,""
2022-02-12T20:00:00.000000,Sweden,Sweden,SE,1.27,19.72,99.9,70.47,entsoe.eu,false,""
2022-02-12T21:00:00.000000,Sweden,Sweden,SE,1.25,19.45,99.9,70.18,entsoe.eu,false,""
2022-02-12T22:00:00.000000,Sweden,Sweden,SE,1.2,18.92,99.9,70.02,entsoe.eu,false,""
2022-02-12T23:00:00.000000,Sweden,Sweden,SE,1.24,19.22,99.9,67.56,entsoe.eu,false,""
2022-02-13T00:00:00.000000,Sweden,Sweden,SE,1.24,19.36,99.9,67.34,entsoe.eu,false,""
2022-02-13T01:00:00.000000,Sweden,Sweden,SE,1.22,19.23,99.91,67.63,entsoe.eu,false,""
2022-02-13T02:00:00.000000,Sweden,Sweden,SE,1.2,19.28,99.91,68.18,entsoe.eu,false,""
2022-02-13T03:00:00.000000,Sweden,Sweden,SE,1.19,19.25,99.91,68.13,entsoe.eu,false,""
2022-02-13T04:00:00.000000,Sweden,Sweden,SE,1.19,19.28,99.91,68.62,entsoe.eu,false,""
2022-02-13T05:00:00.000000,Sweden,Sweden,SE,1.19,19.37,99.91,68.71,entsoe.eu,false,""
2022-02-13T06:00:00.000000,Sweden,Sweden,SE,1.28,20.06,99.91,68.81,entsoe.eu,false,""
2022-02-13T07:00:00.000000,Sweden,Sweden,SE,1.31,20.34,99.9,69.66,entsoe.eu,false,""
2022-02-13T08:00:00.000000,Sweden,Sweden,SE,1.36,20.69,99.9,70.06,entsoe.eu,false,""
2022-02-13T09:00:00.000000,Sweden,Sweden,SE,1.37,20.84,99.9,70.43,entsoe.eu,false,""
2022-02-13T10:00:00.000000,Sweden,Sweden,SE,1.4,21.08,99.9,70.45,entsoe.eu,false,""
2022-02-13T11:00:00.000000,Sweden,Sweden,SE,1.39,20.86,99.9,70.09,entsoe.eu,false,""
2022-02-13T12:00:00.000000,Sweden,Sweden,SE,1.4,20.87,99.89,69.98,entsoe.eu,false,""
2022-02-13T13:00:00.000000,Sweden,Sweden,SE,1.36,20.67,99.9,69.5,entsoe.eu,false,""
2022-02-13T14:00:00.000000,Sweden,Sweden,SE,1.38,20.74,99.9,69.8,entsoe.eu,false,""
2022-02-13T15:00:00.000000,Sweden,Sweden,SE,1.35,20.89,99.91,69.47,entsoe.eu,false,""
2022-02-13T16:00:00.000000,Sweden,Sweden,SE,1.9,21.6,99.81,69.3,entsoe.eu,false,""
2022-02-13T17:00:00.000000,Sweden,Sweden,SE,1.99,21.75,99.8,69.52,entsoe.eu,false,""
2022-02-13T18:00:00.000000,Sweden,Sweden,SE,1.29,20.7,99.92,69.29,entsoe.eu,false,""
2022-02-13T19:00:00.000000,Sweden,Sweden,SE,1.24,20.24,99.92,68.23,entsoe.eu,false,""
2022-02-13T20:00:00.000000,Sweden,Sweden,SE,1.19,19.67,99.92,68.57,entsoe.eu,false,""
2022-02-13T21:00:00.000000,Sweden,Sweden,SE,1.21,19.67,99.92,68.02,entsoe.eu,false,""
2022-02-13T22:00:00.000000,Sweden,Sweden,SE,1.21,19.68,99.92,67.2,entsoe.eu,false,""
2022-02-13T23:00:00.000000,Sweden,Sweden,SE,1.29,19.99,99.91,67.77,entsoe.eu,false,""
2022-02-14T00:00:00.000000,Sweden,Sweden,SE,1.35,20.35,99.9,66.8,entsoe.eu,false,""
2022-02-14T01:00:00.000000,Sweden,Sweden,SE,1.82,21.2,99.84,65.48,entsoe.eu,false,""
2022-02-14T02:00:00.000000,Sweden,Sweden,SE,1.44,20.88,99.9,65.58,entsoe.eu,false,""
2022-02-14T03:00:00.000000,Sweden,Sweden,SE,1.47,21.35,99.9,66.46,entsoe.eu,false,""
2022-02-14T04:00:00.000000,Sweden,Sweden,SE,1.52,21.71,99.89,67.73,entsoe.eu,false,""
2022-02-14T05:00:00.000000,Sweden,Sweden,SE,1.69,23.3,99.88,69.15,entsoe.eu,false,""
2022-02-14T06:00:00.000000,Sweden,Sweden,SE,1.78,24.15,99.88,68.65,entsoe.eu,false,""
2022-02-14T07:00:00.000000,Sweden,Sweden,SE,1.73,23.59,99.88,69.66,entsoe.eu,false,""
2022-02-14T08:00:00.000000,Sweden,Sweden,SE,4.77,27.71,99.47,70.11,entsoe.eu,false,""
2022-02-14T09:00:00.000000,Sweden,Sweden,SE,2.88,25.47,99.72,70.35,entsoe.eu,false,""
2022-02-14T10:00:00.000000,Sweden,Sweden,SE,2.63,25.28,99.76,69.44,entsoe.eu,false,""
2022-02-14T11:00:00.000000,Sweden,Sweden,SE,2.77,25.29,99.74,68.9,entsoe.eu,false,""
2022-02-14T12:00:00.000000,Sweden,Sweden,SE,3.46,26.28,99.65,68.52,entsoe.eu,false,""
2022-02-14T13:00:00.000000,Sweden,Sweden,SE,3.13,26.04,99.69,68.55,entsoe.eu,false,""
2022-02-14T14:00:00.000000,Sweden,Sweden,SE,2.02,24.23,99.84,68.73,entsoe.eu,false,""
2022-02-14T15:00:00.000000,Sweden,Sweden,SE,2.12,24.42,99.83,68.65,entsoe.eu,false,""
2022-02-14T16:00:00.000000,Sweden,Sweden,SE,1.77,23.83,99.88,68.84,entsoe.eu,false,""
2022-02-14T17:00:00.000000,Sweden,Sweden,SE,1.72,23.56,99.88,69.59,entsoe.eu,false,""
2022-02-14T18:00:00.000000,Sweden,Sweden,SE,1.69,23.4,99.88,69.88,entsoe.eu,false,""
2022-02-14T19:00:00.000000,Sweden,Sweden,SE,1.68,23.27,99.88,69.71,entsoe.eu,false,""
2022-02-14T20:00:00.000000,Sweden,Sweden,SE,1.61,22.53,99.88,69.83,entsoe.eu,false,""
2022-02-14T21:00:00.000000,Sweden,Sweden,SE,1.59,22.29,99.88,68.93,entsoe.eu,false,""
2022-02-14T22:00:00.000000,Sweden,Sweden,SE,1.51,21.49,99.89,68.24,entsoe.eu,false,""
2022-02-14T23:00:00.000000,Sweden,Sweden,SE,1.38,20.59,99.9,68.15,entsoe.eu,false,""
2022-02-15T00:00:00.000000,Sweden,Sweden,SE,1.38,20.56,99.9,67.18,entsoe.eu,false,""
2022-02-15T01:00:00.000000,Sweden,Sweden,SE,1.39,20.61,99.9,67.17,entsoe.eu,false,""
2022-02-15T02:00:00.000000,Sweden,Sweden,SE,1.36,20.46,99.9,67.39,entsoe.eu,false,""
2022-02-15T03:00:00.000000,Sweden,Sweden,SE,1.36,20.6,99.9,68.01,entsoe.eu,false,""
2022-02-15T04:00:00.000000,Sweden,Sweden,SE,1.44,21.25,99.9,68.79,entsoe.eu,false,""
2022-02-15T05:00:00.000000,Sweden,Sweden,SE,1.49,22.09,99.9,69.81,entsoe.eu,false,""
2022-02-15T06:00:00.000000,Sweden,Sweden,SE,1.55,22.59,99.9,70.47,entsoe.eu,false,""
2022-02-15T07:00:00.000000,Sweden,Sweden,SE,1.55,22.58,99.9,70.76,entsoe.eu,false,""
2022-02-15T08:00:00.000000,Sweden,Sweden,SE,1.59,22.87,99.89,70.64,entsoe.eu,false,""
2022-02-15T09:00:00.000000,Sweden,Sweden,SE,1.64,23.08,99.89,71.07,entsoe.eu,false,""
2022-02-15T10:00:00.000000,Sweden,Sweden,SE,1.63,23.1,99.89,71.14,entsoe.eu,false,""
2022-02-15T11:00:00.000000,Sweden,Sweden,SE,1.61,23.0,99.89,71.02,entsoe.eu,false,""
2022-02-15T12:00:00.000000,Sweden,Sweden,SE,1.61,23.03,99.89,71.01,entsoe.eu,false,""
2022-02-15T13:00:00.000000,Sweden,Sweden,SE,1.63,23.18,99.89,70.77,entsoe.eu,false,""
2022-02-15T14:00:00.000000,Sweden,Sweden,SE,1.65,23.36,99.89,70.77,entsoe.eu,false,""
2022-02-15T15:00:00.000000,Sweden,Sweden,SE,1.67,23.52,99.89,70.75,entsoe.eu,false,""
2022-02-15T16:00:00.000000,Sweden,Sweden,SE,1.69,23.6,99.88,70.46,entsoe.eu,false,""
2022-02-15T17:00:00.000000,Sweden,Sweden,SE,1.72,23.75,99.88,70.18,entsoe.eu,false,""
2022-02-15T18:00:00.000000,Sweden,Sweden,SE,1.65,23.19,99.89,70.22,entsoe.eu,false,""
2022-02-15T19:00:00.000000,Sweden,Sweden,SE,1.56,22.41,99.89,69.95,entsoe.eu,false,""
2022-02-15T20:00:00.000000,Sweden,Sweden,SE,1.55,22.25,99.89,69.33,entsoe.eu,false,""
2022-02-15T21:00:00.000000,Sweden,Sweden,SE,1.41,20.93,99.9,68.92,entsoe.eu,false,""
2022-02-15T22:00:00.000000,Sweden,Sweden,SE,1.32,19.85,99.9,68.4,entsoe.eu,false,""
2022-02-15T23:00:00.000000,Sweden,Sweden,SE,1.2,18.87,99.91,66.98,entsoe.eu,false,""
2022-02-16T00:00:00.000000,Sweden,Sweden,SE,1.23,19.06,99.91,66.39,entsoe.eu,false,""
2022-02-16T01:00:00.000000,Sweden,Sweden,SE,1.22,19.08,99.91,66.38,entsoe.eu,false,""
2022-02-16T02:00:00.000000,Sweden,Sweden,SE,1.2,18.98,99.91,67.17,entsoe.eu,false,""
2022-02-16T03:00:00.000000,Sweden,Sweden,SE,1.25,19.41,99.91,67.56,entsoe.eu,false,""
2022-02-16T04:00:00.000000,Sweden,Sweden,SE,1.46,21.15,99.89,68.19,entsoe.eu,false,""
2022-02-16T05:00:00.000000,Sweden,Sweden,SE,1.64,22.78,99.88,69.41,entsoe.eu,false,""
2022-02-16T06:00:00.000000,Sweden,Sweden,SE,1.68,23.23,99.88,69.84,entsoe.eu,false,""
2022-02-16T07:00:00.000000,Sweden,Sweden,SE,1.71,23.5,99.88,70.25,entsoe.eu,false,""
2022-02-16T08:00:00.000000,Sweden,Sweden,SE,1.74,23.81,99.88,70.21,entsoe.eu,false,""
2022-02-16T09:00:00.000000,Sweden,Sweden,SE,1.76,23.93,99.88,69.8,entsoe.eu,false,""
2022-02-16T10:00:00.000000,Sweden,Sweden,SE,1.8,24.12,99.87,69.73,entsoe.eu,false,""
2022-02-16T11:00:00.000000,Sweden,Sweden,SE,2.27,24.61,99.78,69.63,entsoe.eu,false,""
2022-02-16T12:00:00.000000,Sweden,Sweden,SE,2.33,24.72,99.77,69.51,entsoe.eu,false,""
2022-02-16T13:00:00.000000,Sweden,Sweden,SE,3.42,26.18,99.58,68.97,entsoe.eu,false,""
2022-02-16T14:00:00.000000,Sweden,Sweden,SE,3.4,26.25,99.59,68.97,entsoe.eu,false,""
2022-02-16T15:00:00.000000,Sweden,Sweden,SE,3.57,26.64,99.58,68.83,entsoe.eu,false,""
2022-02-16T16:00:00.000000,Sweden,Sweden,SE,3.77,26.79,99.53,68.61,entsoe.eu,false,""
2022-02-16T17:00:00.000000,Sweden,Sweden,SE,3.8,26.78,99.5,68.38,entsoe.eu,false,""
2022-02-16T18:00:00.000000,Sweden,Sweden,SE,3.48,26.29,99.57,68.33,entsoe.eu,false,""
2022-02-16T19:00:00.000000,Sweden,Sweden,SE,3.63,26.21,99.54,67.64,entsoe.eu,false,""
2022-02-16T20:00:00.000000,Sweden,Sweden,SE,1.76,23.52,99.87,67.62,entsoe.eu,false,""
2022-02-16T21:00:00.000000,Sweden,Sweden,SE,2.83,24.85,99.72,67.28,entsoe.eu,false,""
2022-02-16T22:00:00.000000,Sweden,Sweden,SE,2.17,22.54,99.8,66.49,entsoe.eu,false,""
2022-02-16T23:00:00.000000,Sweden,Sweden,SE,2.52,22.47,99.75,66.5,entsoe.eu,false,""
2022-02-17T00:00:00.000000,Sweden,Sweden,SE,4.21,24.11,99.52,66.95,entsoe.eu,false,""
2022-02-17T01:00:00.000000,Sweden,Sweden,SE,3.89,23.64,99.56,66.64,entsoe.eu,false,""
2022-02-17T02:00:00.000000,Sweden,Sweden,SE,2.54,22.11,99.75,66.37,entsoe.eu,false,""
2022-02-17T03:00:00.000000,Sweden,Sweden,SE,1.48,21.03,99.89,67.38,entsoe.eu,false,""
2022-02-17T04:00:00.000000,Sweden,Sweden,SE,1.62,22.23,99.88,68.1,entsoe.eu,false,""
2022-02-17T05:00:00.000000,Sweden,Sweden,SE,1.78,23.79,99.87,69.26,entsoe.eu,false,""
2022-02-17T06:00:00.000000,Sweden,Sweden,SE,2.88,25.85,99.78,68.92,entsoe.eu,false,""
2022-02-17T07:00:00.000000,Sweden,Sweden,SE,3.93,27.46,99.68,68.03,entsoe.eu,false,""
2022-02-17T08:00:00.000000,Sweden,Sweden,SE,1.87,25.12,99.88,68.8,entsoe.eu,false,""
2022-02-17T09:00:00.000000,Sweden,Sweden,SE,1.88,25.11,99.88,69.02,entsoe.eu,false,""
2022-02-17T10:00:00.000000,Sweden,Sweden,SE,1.99,25.44,99.86,69.45,entsoe.eu,false,""
2022-02-17T11:00:00.000000,Sweden,Sweden,SE,1.81,24.81,99.88,69.29,entsoe.eu,false,""
2022-02-17T12:00:00.000000,Sweden,Sweden,SE,1.84,24.72,99.87,69.36,entsoe.eu,false,""
2022-02-17T13:00:00.000000,Sweden,Sweden,SE,1.81,24.6,99.88,69.42,entsoe.eu,false,""
2022-02-17T14:00:00.000000,Sweden,Sweden,SE,1.84,24.68,99.87,69.45,entsoe.eu,false,""
2022-02-17T15:00:00.000000,Sweden,Sweden,SE,1.82,24.48,99.88,69.66,entsoe.eu,false,""
2022-02-17T16:00:00.000000,Sweden,Sweden,SE,2.34,25.2,99.78,69.86,entsoe.eu,false,""
2022-02-17T17:00:00.000000,Sweden,Sweden,SE,3.23,26.37,99.62,69.68,entsoe.eu,false,""
2022-02-17T18:00:00.000000,Sweden,Sweden,SE,2.96,26.09,99.67,69.8,entsoe.eu,false,""
2022-02-17T19:00:00.000000,Sweden,Sweden,SE,1.73,23.89,99.88,69.89,entsoe.eu,false,""
2022-02-17T20:00:00.000000,Sweden,Sweden,SE,1.67,23.23,99.88,69.4,entsoe.eu,false,""
2022-02-17T21:00:00.000000,Sweden,Sweden,SE,1.51,22.4,99.9,69.12,entsoe.eu,false,""
2022-02-17T22:00:00.000000,Sweden,Sweden,SE,1.35,21.06,99.91,69.23,entsoe.eu,false,""
2022-02-17T23:00:00.000000,Sweden,Sweden,SE,1.36,21.01,99.91,67.18,entsoe.eu,false,""
2022-02-18T00:00:00.000000,Sweden,Sweden,SE,1.36,21.0,99.91,66.73,entsoe.eu,false,""
2022-02-18T01:00:00.000000,Sweden,Sweden,SE,1.36,21.05,99.91,67.02,entsoe.eu,false,""
2022-02-18T02:00:00.000000,Sweden,Sweden,SE,1.37,21.13,99.91,67.11,entsoe.eu,false,""
2022-02-18T03:00:00.000000,Sweden,Sweden,SE,1.33,20.92,99.91,68.35,entsoe.eu,false,""
2022-02-18T04:00:00.000000,Sweden,Sweden,SE,1.43,21.77,99.91,69.43,entsoe.eu,false,""
2022-02-18T05:00:00.000000,Sweden,Sweden,SE,1.56,22.98,99.9,71.23,entsoe.eu,false,""
2022-02-18T06:00:00.000000,Sweden,Sweden,SE,1.69,23.96,99.89,70.96,entsoe.eu,false,""
2022-02-18T07:00:00.000000,Sweden,Sweden,SE,1.73,24.28,99.89,70.4,entsoe.eu,false,""
2022-02-18T08:00:00.000000,Sweden,Sweden,SE,1.74,24.4,99.89,70.67,entsoe.eu,false,""
2022-02-18T09:00:00.000000,Sweden,Sweden,SE,1.76,24.58,99.88,70.69,entsoe.eu,false,""
2022-02-18T10:00:00.000000,Sweden,Sweden,SE,1.8,24.85,99.88,70.35,entsoe.eu,false,""
2022-02-18T11:00:00.000000,Sweden,Sweden,SE,1.85,25.15,99.88,69.81,entsoe.eu,false,""
2022-02-18T12:00:00.000000,Sweden,Sweden,SE,1.89,25.22,99.87,69.53,entsoe.eu,false,""
2022-02-18T13:00:00.000000,Sweden,Sweden,SE,1.89,25.25,99.87,68.95,entsoe.eu,false,""
2022-02-18T14:00:00.000000,Sweden,Sweden,SE,1.9,25.17,99.87,68.88,entsoe.eu,false,""
2022-02-18T15:00:00.000000,Sweden,Sweden,SE,1.88,24.93,99.87,68.99,entsoe.eu,false,""
2022-02-18T16:00:00.000000,Sweden,Sweden,SE,2.8,26.5,99.73,69.59,entsoe.eu,false,""
2022-02-18T17:00:00.000000,Sweden,Sweden,SE,3.4,27.42,99.62,70.64,entsoe.eu,false,""
2022-02-18T18:00:00.000000,Sweden,Sweden,SE,3.17,26.95,99.65,70.93,entsoe.eu,false,""
2022-02-18T19:00:00.000000,Sweden,Sweden,SE,3.55,27.2,99.58,71.13,entsoe.eu,false,""
2022-02-18T20:00:00.000000,Sweden,Sweden,SE,1.92,25.31,99.86,72.1,entsoe.eu,false,""
2022-02-18T21:00:00.000000,Sweden,Sweden,SE,1.92,25.09,99.86,72.1,entsoe.eu,false,""
2022-02-18T22:00:00.000000,Sweden,Sweden,SE,1.91,25.03,99.86,72.4,entsoe.eu,false,""
2022-02-18T23:00:00.000000,Sweden,Sweden,SE,1.71,23.43,99.87,72.67,entsoe.eu,false,""
2022-02-19T00:00:00.000000,Sweden,Sweden,SE,1.62,22.67,99.88,72.53,entsoe.eu,false,""
2022-02-19T01:00:00.000000,Sweden,Sweden,SE,1.55,22.09,99.88,72.45,entsoe.eu,false,""
2022-02-19T02:00:00.000000,Sweden,Sweden,SE,1.57,21.92,99.88,72.69,entsoe.eu,false,""
2022-02-19T03:00:00.000000,Sweden,Sweden,SE,4.3,25.72,99.54,70.47,entsoe.eu,false,""
2022-02-19T04:00:00.000000,Sweden,Sweden,SE,5.81,27.47,99.33,71.58,entsoe.eu,false,""
2022-02-19T05:00:00.000000,Sweden,Sweden,SE,7.1,29.78,99.16,72.33,entsoe.eu,false,""
2022-02-19T06:00:00.000000,Sweden,Sweden,SE,6.95,29.56,99.19,72.66,entsoe.eu,false,""
2022-02-19T07:00:00.000000,Sweden,Sweden,SE,6.7,29.19,99.22,73.59,entsoe.eu,false,""
2022-02-19T08:00:00.000000,Sweden,Sweden,SE,8.35,31.74,98.98,74.29,entsoe.eu,false,""
2022-02-19T09:00:00.000000,Sweden,Sweden,SE,8.92,32.2,98.92,74.73,entsoe.eu,false,""
2022-02-19T10:00:00.000000,Sweden,Sweden,SE,8.6,31.85,98.97,74.37,entsoe.eu,false,""
2022-02-19T11:00:00.000000,Sweden,Sweden,SE,9.24,32.73,98.89,74.11,entsoe.eu,false,""
2022-02-19T12:00:00.000000,Sweden,Sweden,SE,9.65,33.47,98.84,73.86,entsoe.eu,false,""
2022-02-19T13:00:00.000000,Sweden,Sweden,SE,9.88,34.15,98.81,72.86,entsoe.eu,false,""
2022-02-19T14:00:00.000000,Sweden,Sweden,SE,9.48,34.18,98.87,73.17,entsoe.eu,false,""
2022-02-19T15:00:00.000000,Sweden,Sweden,SE,4.65,28.87,99.49,73.91,entsoe.eu,false,""
2022-02-19T16:00:00.000000,Sweden,Sweden,SE,2.35,26.78,99.81,73.54,entsoe.eu,false,""
2022-02-19T17:00:00.000000,Sweden,Sweden,SE,2.51,27.14,99.78,73.3,entsoe.eu,false,""
2022-02-19T18:00:00.000000,Sweden,Sweden,SE,2.94,27.41,99.7,73.56,entsoe.eu,false,""
2022-02-19T19:00:00.000000,Sweden,Sweden,SE,3.18,27.67,99.65,73.15,entsoe.eu,false,""
2022-02-19T20:00:00.000000,Sweden,Sweden,SE,2.06,26.41,99.85,72.96,entsoe.eu,false,""
2022-02-19T21:00:00.000000,Sweden,Sweden,SE,2.07,26.29,99.85,72.48,entsoe.eu,false,""
2022-02-19T22:00:00.000000,Sweden,Sweden,SE,1.97,25.32,99.85,72.42,entsoe.eu,false,""
2022-02-19T23:00:00.000000,Sweden,Sweden,SE,1.77,23.52,99.86,71.84,entsoe.eu,false,""
2022-02-20T00:00:00.000000,Sweden,Sweden,SE,1.75,23.18,99.86,71.85,entsoe.eu,false,""
2022-02-20T01:00:00.000000,Sweden,Sweden,SE,1.75,23.26,99.86,71.72,entsoe.eu,false,""
2022-02-20T02:00:00.000000,Sweden,Sweden,SE,1.79,23.59,99.86,71.45,entsoe.eu,false,""
2022-02-20T03:00:00.000000,Sweden,Sweden,SE,1.9,24.65,99.86,71.63,entsoe.eu,false,""
2022-02-20T04:00:00.000000,Sweden,Sweden,SE,2.0,25.42,99.85,72.4,entsoe.eu,false,""
2022-02-20T05:00:00.000000,Sweden,Sweden,SE,2.09,26.31,99.84,72.78,entsoe.eu,false,""
2022-02-20T06:00:00.000000,Sweden,Sweden,SE,2.07,26.45,99.85,72.65,entsoe.eu,false,""
2022-02-20T07:00:00.000000,Sweden,Sweden,SE,2.69,27.58,99.77,72.45,entsoe.eu,false,""
2022-02-20T08:00:00.000000,Sweden,Sweden,SE,2.56,27.78,99.79,72.47,entsoe.eu,false,""
2022-02-20T09:00:00.000000,Sweden,Sweden,SE,4.83,30.92,99.48,73.03,entsoe.eu,false,""
2022-02-20T10:00:00.000000,Sweden,Sweden,SE,7.24,34.22,99.17,73.54,entsoe.eu,false,""
2022-02-20T11:00:00.000000,Sweden,Sweden,SE,6.95,33.73,99.2,73.72,entsoe.eu,false,""
2022-02-20T12:00:00.000000,Sweden,Sweden,SE,7.24,33.75,99.17,73.47,entsoe.eu,false,""
2022-02-20T13:00:00.000000,Sweden,Sweden,SE,7.55,33.55,99.12,73.34,entsoe.eu,false,""
2022-02-20T14:00:00.000000,Sweden,Sweden,SE,7.09,32.36,99.18,73.55,entsoe.eu,false,""
2022-02-20T15:00:00.000000,Sweden,Sweden,SE,6.98,31.7,99.18,74.12,entsoe.eu,false,""
2022-02-20T16:00:00.000000,Sweden,Sweden,SE,8.93,34.1,98.94,74.93,entsoe.eu,false,""
2022-02-20T17:00:00.000000,Sweden,Sweden,SE,9.2,34.29,98.91,75.23,entsoe.eu,false,""
2022-02-20T18:00:00.000000,Sweden,Sweden,SE,12.13,37.17,98.66,75.04,entsoe.eu,false,""
2022-02-20T19:00:00.000000,Sweden,Sweden,SE,8.89,33.78,98.92,75.36,entsoe.eu,false,""
2022-02-20T20:00:00.000000,Sweden,Sweden,SE,9.14,33.17,98.89,74.79,entsoe.eu,false,""
2022-02-20T21:00:00.000000,Sweden,Sweden,SE,3.94,26.01,99.57,74.4,entsoe.eu,false,""
2022-02-20T22:00:00.000000,Sweden,Sweden,SE,4.93,27.1,99.44,73.85,entsoe.eu,false,""
2022-02-20T23:00:00.000000,Sweden,Sweden,SE,13.52,37.8,98.37,72.73,entsoe.eu,false,""
2022-02-21T00:00:00.000000,Sweden,Sweden,SE,12.55,36.55,98.5,72.25,entsoe.eu,false,""
2022-02-21T01:00:00.000000,Sweden,Sweden,SE,12.63,36.83,98.5,72.05,entsoe.eu,false,""
2022-02-21T02:00:00.000000,Sweden,Sweden,SE,12.12,36.34,98.57,71.87,entsoe.eu,false,""
2022-02-21T03:00:00.000000,Sweden,Sweden,SE,12.3,36.84,98.51,71.51,entsoe.eu,false,""
2022-02-21T04:00:00.000000,Sweden,Sweden,SE,4.72,28.24,99.46,72.87,entsoe.eu,false,""
2022-02-21T05:00:00.000000,Sweden,Sweden,SE,1.97,25.1,99.85,75.28,entsoe.eu,false,""
2022-02-21T06:00:00.000000,Sweden,Sweden,SE,3.1,27.45,99.7,76.16,entsoe.eu,false,""
2022-02-21T07:00:00.000000,Sweden,Sweden,SE,4.36,29.53,99.53,75.98,entsoe.eu,false,""
2022-02-21T08:00:00.000000,Sweden,Sweden,SE,2.89,27.39,99.73,76.05,entsoe.eu,false,""
2022-02-21T09:00:00.000000,Sweden,Sweden,SE,5.27,30.21,99.41,75.98,entsoe.eu,false,""
2022-02-21T10:00:00.000000,Sweden,Sweden,SE,4.39,28.95,99.53,76.28,entsoe.eu,false,""
2022-02-21T11:00:00.000000,Sweden,Sweden,SE,3.82,28.27,99.61,76.54,entsoe.eu,false,""
2022-02-21T12:00:00.000000,Sweden,Sweden,SE,4.28,28.48,99.63,76.52,entsoe.eu,false,""
2022-02-21T13:00:00.000000,Sweden,Sweden,SE,3.79,27.88,99.69,76.5,entsoe.eu,false,""
2022-02-21T14:00:00.000000,Sweden,Sweden,SE,4.07,28.5,99.66,75.67,entsoe.eu,false,""
2022-02-21T15:00:00.000000,Sweden,Sweden,SE,1.9,25.6,99.87,76.04,entsoe.eu,false,""
2022-02-21T16:00:00.000000,Sweden,Sweden,SE,2.03,25.93,99.85,76.05,entsoe.eu,false,""
2022-02-21T17:00:00.000000,Sweden,Sweden,SE,2.02,26.53,99.86,75.88,entsoe.eu,false,""
2022-02-21T18:00:00.000000,Sweden,Sweden,SE,1.97,26.24,99.86,75.81,entsoe.eu,false,""
2022-02-21T19:00:00.000000,Sweden,Sweden,SE,1.91,25.76,99.87,75.67,entsoe.eu,false,""
2022-02-21T20:00:00.000000,Sweden,Sweden,SE,1.73,24.22,99.88,75.11,entsoe.eu,false,""
2022-02-21T21:00:00.000000,Sweden,Sweden,SE,1.75,24.37,99.88,74.83,entsoe.eu,false,""
2022-02-21T22:00:00.000000,Sweden,Sweden,SE,1.74,24.13,99.88,74.36,entsoe.eu,false,""
2022-02-21T23:00:00.000000,Sweden,Sweden,SE,1.62,22.97,99.88,74.08,entsoe.eu,false,""
2022-02-22T00:00:00.000000,Sweden,Sweden,SE,1.66,23.19,99.88,74.13,entsoe.eu,false,""
2022-02-22T01:00:00.000000,Sweden,Sweden,SE,1.63,22.97,99.88,74.01,entsoe.eu,false,""
2022-02-22T02:00:00.000000,Sweden,Sweden,SE,1.67,23.15,99.88,74.02,entsoe.eu,false,""
2022-02-22T03:00:00.000000,Sweden,Sweden,SE,2.5,24.93,99.77,73.92,entsoe.eu,false,""
2022-02-22T04:00:00.000000,Sweden,Sweden,SE,2.47,26.19,99.79,73.61,entsoe.eu,false,""
2022-02-22T05:00:00.000000,Sweden,Sweden,SE,5.68,30.64,99.51,74.12,entsoe.eu,false,""
2022-02-22T06:00:00.000000,Sweden,Sweden,SE,18.29,44.47,98.21,73.66,entsoe.eu,false,""
2022-02-22T07:00:00.000000,Sweden,Sweden,SE,23.06,49.94,97.6,73.23,entsoe.eu,false,""
2022-02-22T08:00:00.000000,Sweden,Sweden,SE,20.42,47.68,97.92,73.06,entsoe.eu,false,""
2022-02-22T09:00:00.000000,Sweden,Sweden,SE,18.39,45.68,98.08,73.44,entsoe.eu,false,""
2022-02-22T10:00:00.000000,Sweden,Sweden,SE,11.73,38.77,98.88,73.64,entsoe.eu,false,""
2022-02-22T11:00:00.000000,Sweden,Sweden,SE,12.86,40.55,98.74,73.17,entsoe.eu,false,""
2022-02-22T12:00:00.000000,Sweden,Sweden,SE,15.54,44.06,98.38,72.5,entsoe.eu,false,""
2022-02-22T13:00:00.000000,Sweden,Sweden,SE,9.61,37.95,98.83,73.14,entsoe.eu,false,""
2022-02-22T14:00:00.000000,Sweden,Sweden,SE,8.98,36.91,98.92,73.47,entsoe.eu,false,""
2022-02-22T15:00:00.000000,Sweden,Sweden,SE,10.3,38.68,98.72,73.15,entsoe.eu,false,""
2022-02-22T16:00:00.000000,Sweden,Sweden,SE,14.26,43.26,98.24,73.47,entsoe.eu,false,""
2022-02-22T17:00:00.000000,Sweden,Sweden,SE,15.47,44.48,98.07,73.88,entsoe.eu,false,""
2022-02-22T18:00:00.000000,Sweden,Sweden,SE,13.04,40.94,98.39,74.39,entsoe.eu,false,""
2022-02-22T19:00:00.000000,Sweden,Sweden,SE,13.23,40.82,98.45,74.82,entsoe.eu,false,""
2022-02-22T20:00:00.000000,Sweden,Sweden,SE,13.28,40.4,98.47,74.03,entsoe.eu,false,""
2022-02-22T21:00:00.000000,Sweden,Sweden,SE,11.7,38.03,98.66,74.49,entsoe.eu,false,""
2022-02-22T22:00:00.000000,Sweden,Sweden,SE,10.18,35.86,98.84,74.34,entsoe.eu,false,""
2022-02-22T23:00:00.000000,Sweden,Sweden,SE,8.33,33.47,99.04,73.57,entsoe.eu,false,""
2022-02-23T00:00:00.000000,Sweden,Sweden,SE,7.29,31.73,99.15,73.72,entsoe.eu,false,""
2022-02-23T01:00:00.000000,Sweden,Sweden,SE,6.03,30.39,99.32,73.69,entsoe.eu,false,""
2022-02-23T02:00:00.000000,Sweden,Sweden,SE,4.45,28.39,99.53,73.5,entsoe.eu,false,""
2022-02-23T03:00:00.000000,Sweden,Sweden,SE,4.45,28.78,99.53,73.9,entsoe.eu,false,""
2022-02-23T04:00:00.000000,Sweden,Sweden,SE,4.89,29.94,99.47,73.88,entsoe.eu,false,""
2022-02-23T05:00:00.000000,Sweden,Sweden,SE,2.23,26.54,99.82,74.89,entsoe.eu,false,""
2022-02-23T06:00:00.000000,Sweden,Sweden,SE,13.48,38.54,98.71,75.28,entsoe.eu,false,""
2022-02-23T07:00:00.000000,Sweden,Sweden,SE,14.85,40.26,98.51,75.42,entsoe.eu,false,""
2022-02-23T08:00:00.000000,Sweden,Sweden,SE,6.08,31.04,99.34,75.96,entsoe.eu,false,""
2022-02-23T09:00:00.000000,Sweden,Sweden,SE,15.55,42.01,98.39,74.59,entsoe.eu,false,""
2022-02-23T10:00:00.000000,Sweden,Sweden,SE,10.33,36.96,98.84,75.24,entsoe.eu,false,""
2022-02-23T11:00:00.000000,Sweden,Sweden,SE,6.61,32.49,99.25,75.4,entsoe.eu,false,""
2022-02-23T12:00:00.000000,Sweden,Sweden,SE,7.67,33.73,99.12,75.66,entsoe.eu,false,""
2022-02-23T13:00:00.000000,Sweden,Sweden,SE,6.78,32.89,99.22,75.47,entsoe.eu,false,""
2022-02-23T14:00:00.000000,Sweden,Sweden,SE,5.39,30.99,99.42,75.06,entsoe.eu,false,""
2022-02-23T15:00:00.000000,Sweden,Sweden,SE,2.5,26.68,99.79,75.0,entsoe.eu,false,""
2022-02-23T16:00:00.000000,Sweden,Sweden,SE,3.08,27.18,99.7,75.35,entsoe.eu,false,""
2022-02-23T17:00:00.000000,Sweden,Sweden,SE,2.12,25.94,99.83,75.45,entsoe.eu,false,""
2022-02-23T18:00:00.000000,Sweden,Sweden,SE,2.3,25.97,99.81,75.74,entsoe.eu,false,""
2022-02-23T19:00:00.000000,Sweden,Sweden,SE,1.8,25.01,99.88,75.75,entsoe.eu,false,""
2022-02-23T20:00:00.000000,Sweden,Sweden,SE,1.7,24.07,99.88,75.88,entsoe.eu,false,""
2022-02-23T21:00:00.000000,Sweden,Sweden,SE,1.59,23.08,99.89,75.6,entsoe.eu,false,""
2022-02-23T22:00:00.000000,Sweden,Sweden,SE,1.41,21.68,99.9,75.13,entsoe.eu,false,""
2022-02-23T23:00:00.000000,Sweden,Sweden,SE,1.24,20.33,99.92,73.91,entsoe.eu,false,""
2022-02-24T00:00:00.000000,Sweden,Sweden,SE,1.22,20.11,99.92,73.19,entsoe.eu,false,""
2022-02-24T01:00:00.000000,Sweden,Sweden,SE,1.22,20.16,99.92,72.86,entsoe.eu,false,""
2022-02-24T02:00:00.000000,Sweden,Sweden,SE,1.26,20.35,99.91,72.63,entsoe.eu,false,""
2022-02-24T03:00:00.000000,Sweden,Sweden,SE,1.28,20.48,99.91,72.82,entsoe.eu,false,""
2022-02-24T04:00:00.000000,Sweden,Sweden,SE,1.5,21.85,99.89,74.05,entsoe.eu,false,""
2022-02-24T05:00:00.000000,Sweden,Sweden,SE,1.64,23.1,99.88,75.84,entsoe.eu,false,""
2022-02-24T06:00:00.000000,Sweden,Sweden,SE,1.82,24.78,99.87,75.99,entsoe.eu,false,""
2022-02-24T07:00:00.000000,Sweden,Sweden,SE,1.85,25.05,99.87,75.69,entsoe.eu,false,""
2022-02-24T08:00:00.000000,Sweden,Sweden,SE,1.83,24.98,99.87,75.65,entsoe.eu,false,""
2022-02-24T09:00:00.000000,Sweden,Sweden,SE,2.05,25.27,99.84,75.52,entsoe.eu,false,""
2022-02-24T10:00:00.000000,Sweden,Sweden,SE,2.36,25.58,99.77,75.22,entsoe.eu,false,""
2022-02-24T11:00:00.000000,Sweden,Sweden,SE,2.72,26.12,99.72,74.68,entsoe.eu,false,""
2022-02-24T12:00:00.000000,Sweden,Sweden,SE,2.72,26.2,99.73,74.2,entsoe.eu,false,""
2022-02-24T13:00:00.000000,Sweden,Sweden,SE,2.62,25.75,99.73,74.4,entsoe.eu,false,""
2022-02-24T14:00:00.000000,Sweden,Sweden,SE,3.56,27.14,99.6,74.22,entsoe.eu,false,""
2022-02-24T15:00:00.000000,Sweden,Sweden,SE,3.64,27.73,99.6,73.78,entsoe.eu,false,""
2022-02-24T16:00:00.000000,Sweden,Sweden,SE,4.95,29.83,99.37,73.32,entsoe.eu,false,""
2022-02-24T17:00:00.000000,Sweden,Sweden,SE,4.87,29.7,99.33,72.65,entsoe.eu,false,""
2022-02-24T18:00:00.000000,Sweden,Sweden,SE,4.1,28.41,99.47,72.89,entsoe.eu,false,""
2022-02-24T19:00:00.000000,Sweden,Sweden,SE,4.0,28.27,99.49,72.58,entsoe.eu,false,""
2022-02-24T20:00:00.000000,Sweden,Sweden,SE,3.76,27.87,99.54,72.39,entsoe.eu,false,""
2022-02-24T21:00:00.000000,Sweden,Sweden,SE,3.39,27.51,99.61,71.48,entsoe.eu,false,""
2022-02-24T22:00:00.000000,Sweden,Sweden,SE,3.14,25.67,99.63,71.38,entsoe.eu,false,""
2022-02-24T23:00:00.000000,Sweden,Sweden,SE,2.9,24.13,99.66,71.86,entsoe.eu,false,""
2022-02-25T00:00:00.000000,Sweden,Sweden,SE,2.82,23.63,99.67,71.91,entsoe.eu,false,""
2022-02-25T01:00:00.000000,Sweden,Sweden,SE,2.86,23.97,99.67,72.1,entsoe.eu,false,""
2022-02-25T02:00:00.000000,Sweden,Sweden,SE,2.22,23.52,99.78,72.12,entsoe.eu,false,""
2022-02-25T03:00:00.000000,Sweden,Sweden,SE,1.61,23.23,99.89,72.8,entsoe.eu,false,""
2022-02-25T04:00:00.000000,Sweden,Sweden,SE,1.71,24.13,99.89,73.55,entsoe.eu,false,""
2022-02-25T05:00:00.000000,Sweden,Sweden,SE,3.38,26.96,99.61,74.05,entsoe.eu,false,""
2022-02-25T06:00:00.000000,Sweden,Sweden,SE,3.22,27.65,99.66,73.89,entsoe.eu,false,""
2022-02-25T07:00:00.000000,Sweden,Sweden,SE,3.76,28.62,99.56,74.05,entsoe.eu,false,""
2022-02-25T08:00:00.000000,Sweden,Sweden,SE,2.06,26.93,99.86,74.7,entsoe.eu,false,""
2022-02-25T09:00:00.000000,Sweden,Sweden,SE,2.73,28.33,99.77,74.51,entsoe.eu,false,""
2022-02-25T10:00:00.000000,Sweden,Sweden,SE,4.29,30.52,99.59,74.34,entsoe.eu,false,""
2022-02-25T11:00:00.000000,Sweden,Sweden,SE,5.23,31.46,99.45,74.09,entsoe.eu,false,""
2022-02-25T12:00:00.000000,Sweden,Sweden,SE,2.45,28.27,99.82,73.41,entsoe.eu,false,""
2022-02-25T13:00:00.000000,Sweden,Sweden,SE,2.1,27.48,99.87,73.02,entsoe.eu,false,""
2022-02-25T14:00:00.000000,Sweden,Sweden,SE,2.16,27.16,99.85,73.09,entsoe.eu,false,""
2022-02-25T15:00:00.000000,Sweden,Sweden,SE,4.16,29.39,99.49,72.86,entsoe.eu,false,""
2022-02-25T16:00:00.000000,Sweden,Sweden,SE,4.69,30.05,99.41,72.69,entsoe.eu,false,""
2022-02-25T17:00:00.000000,Sweden,Sweden,SE,5.39,30.82,99.26,72.71,entsoe.eu,false,""
2022-02-25T18:00:00.000000,Sweden,Sweden,SE,4.64,29.76,99.4,72.84,entsoe.eu,false,""
2022-02-25T19:00:00.000000,Sweden,Sweden,SE,3.94,28.57,99.52,72.8,entsoe.eu,false,""
2022-02-25T20:00:00.000000,Sweden,Sweden,SE,2.6,26.67,99.75,72.91,entsoe.eu,false,""
2022-02-25T21:00:00.000000,Sweden,Sweden,SE,2.34,26.44,99.8,72.7,entsoe.eu,false,""
2022-02-25T22:00:00.000000,Sweden,Sweden,SE,2.63,25.56,99.73,72.43,entsoe.eu,false,""
2022-02-25T23:00:00.000000,Sweden,Sweden,SE,3.05,25.16,99.64,71.54,entsoe.eu,false,""
2022-02-26T00:00:00.000000,Sweden,Sweden,SE,3.05,24.93,99.64,71.37,entsoe.eu,false,""
2022-02-26T01:00:00.000000,Sweden,Sweden,SE,2.9,25.28,99.68,71.04,entsoe.eu,false,""
2022-02-26T02:00:00.000000,Sweden,Sweden,SE,2.84,25.73,99.7,70.83,entsoe.eu,false,""
2022-02-26T03:00:00.000000,Sweden,Sweden,SE,2.79,26.93,99.72,71.14,entsoe.eu,false,""
2022-02-26T04:00:00.000000,Sweden,Sweden,SE,3.05,28.78,99.7,71.19,entsoe.eu,false,""
2022-02-26T05:00:00.000000,Sweden,Sweden,SE,3.64,29.95,99.58,72.41,entsoe.eu,false,""
2022-02-26T06:00:00.000000,Sweden,Sweden,SE,4.19,30.65,99.46,72.86,entsoe.eu,false,""
2022-02-26T07:00:00.000000,Sweden,Sweden,SE,4.08,30.57,99.49,73.1,entsoe.eu,false,""
2022-02-26T08:00:00.000000,Sweden,Sweden,SE,4.71,31.52,99.37,73.23,entsoe.eu,false,""
2022-02-26T09:00:00.000000,Sweden,Sweden,SE,4.99,32.14,99.31,72.54,entsoe.eu,false,""
2022-02-26T10:00:00.000000,Sweden,Sweden,SE,3.95,31.37,99.52,71.35,entsoe.eu,false,""
2022-02-26T11:00:00.000000,Sweden,Sweden,SE,5.69,33.45,99.22,70.22,entsoe.eu,false,""
2022-02-26T12:00:00.000000,Sweden,Sweden,SE,4.98,32.19,99.38,70.59,entsoe.eu,false,""
2022-02-26T13:00:00.000000,Sweden,Sweden,SE,3.61,30.38,99.6,71.38,entsoe.eu,false,""
2022-02-26T14:00:00.000000,Sweden,Sweden,SE,3.37,29.78,99.64,71.56,entsoe.eu,false,""
2022-02-26T15:00:00.000000,Sweden,Sweden,SE,2.1,27.7,99.87,71.98,entsoe.eu,false,""
2022-02-26T16:00:00.000000,Sweden,Sweden,SE,2.19,27.48,99.83,73.51,entsoe.eu,false,""
2022-02-26T17:00:00.000000,Sweden,Sweden,SE,3.41,28.91,99.63,73.15,entsoe.eu,false,""
2022-02-26T18:00:00.000000,Sweden,Sweden,SE,4.08,29.52,99.5,72.49,entsoe.eu,false,""
2022-02-26T19:00:00.000000,Sweden,Sweden,SE,3.75,29.3,99.57,72.19,entsoe.eu,false,""
2022-02-26T20:00:00.000000,Sweden,Sweden,SE,4.05,29.85,99.5,71.9,entsoe.eu,false,""
2022-02-26T21:00:00.000000,Sweden,Sweden,SE,3.6,29.06,99.59,71.44,entsoe.eu,false,""
2022-02-26T22:00:00.000000,Sweden,Sweden,SE,2.32,26.62,99.81,71.79,entsoe.eu,false,""
2022-02-26T23:00:00.000000,Sweden,Sweden,SE,2.52,26.6,99.77,71.53,entsoe.eu,false,""
2022-02-27T00:00:00.000000,Sweden,Sweden,SE,1.8,25.19,99.89,71.81,entsoe.eu,false,""
2022-02-27T01:00:00.000000,Sweden,Sweden,SE,1.89,25.28,99.87,71.41,entsoe.eu,false,""
2022-02-27T02:00:00.000000,Sweden,Sweden,SE,1.92,25.39,99.87,71.55,entsoe.eu,false,""
2022-02-27T03:00:00.000000,Sweden,Sweden,SE,1.84,25.23,99.88,71.87,entsoe.eu,false,""
2022-02-27T04:00:00.000000,Sweden,Sweden,SE,1.89,25.61,99.88,72.13,entsoe.eu,false,""
2022-02-27T05:00:00.000000,Sweden,Sweden,SE,1.93,26.06,99.87,72.39,entsoe.eu,false,""
2022-02-27T06:00:00.000000,Sweden,Sweden,SE,2.0,26.62,99.87,72.3,entsoe.eu,false,""
2022-02-27T07:00:00.000000,Sweden,Sweden,SE,2.24,27.42,99.84,72.6,entsoe.eu,false,""
2022-02-27T08:00:00.000000,Sweden,Sweden,SE,2.17,27.69,99.85,72.75,entsoe.eu,false,""
2022-02-27T09:00:00.000000,Sweden,Sweden,SE,2.12,27.75,99.86,71.59,entsoe.eu,false,""
2022-02-27T10:00:00.000000,Sweden,Sweden,SE,2.14,27.91,99.86,71.12,entsoe.eu,false,""
2022-02-27T11:00:00.000000,Sweden,Sweden,SE,2.12,27.83,99.86,70.92,entsoe.eu,false,""
2022-02-27T12:00:00.000000,Sweden,Sweden,SE,2.04,27.22,99.87,71.17,entsoe.eu,false,""
2022-02-27T13:00:00.000000,Sweden,Sweden,SE,1.98,26.72,99.88,70.2,entsoe.eu,false,""
2022-02-27T14:00:00.000000,Sweden,Sweden,SE,1.96,26.65,99.88,69.98,entsoe.eu,false,""
2022-02-27T15:00:00.000000,Sweden,Sweden,SE,2.01,26.97,99.88,69.41,entsoe.eu,false,""
2022-02-27T16:00:00.000000,Sweden,Sweden,SE,3.28,28.92,99.66,69.42,entsoe.eu,false,""
2022-02-27T17:00:00.000000,Sweden,Sweden,SE,3.19,28.41,99.67,69.79,entsoe.eu,false,""
2022-02-27T18:00:00.000000,Sweden,Sweden,SE,3.28,28.44,99.65,69.95,entsoe.eu,false,""
2022-02-27T19:00:00.000000,Sweden,Sweden,SE,3.24,28.82,99.67,69.57,entsoe.eu,false,""
2022-02-27T20:00:00.000000,Sweden,Sweden,SE,2.11,27.41,99.86,69.16,entsoe.eu,false,""
2022-02-27T21:00:00.000000,Sweden,Sweden,SE,2.07,27.23,99.87,69.12,entsoe.eu,false,""
2022-02-27T22:00:00.000000,Sweden,Sweden,SE,2.02,26.64,99.87,68.45,entsoe.eu,false,""
2022-02-27T23:00:00.000000,Sweden,Sweden,SE,1.91,25.63,99.88,68.78,entsoe.eu,false,""
2022-02-28T00:00:00.000000,Sweden,Sweden,SE,1.88,25.28,99.88,68.46,entsoe.eu,false,""
2022-02-28T01:00:00.000000,Sweden,Sweden,SE,1.88,25.2,99.88,68.85,entsoe.eu,false,""
2022-02-28T02:00:00.000000,Sweden,Sweden,SE,1.92,25.52,99.87,68.91,entsoe.eu,false,""
2022-02-28T03:00:00.000000,Sweden,Sweden,SE,2.05,26.47,99.86,68.45,entsoe.eu,false,""
2022-02-28T04:00:00.000000,Sweden,Sweden,SE,2.18,27.48,99.85,68.59,entsoe.eu,false,""
2022-02-28T05:00:00.000000,Sweden,Sweden,SE,2.24,27.78,99.84,69.45,entsoe.eu,false,""
2022-02-28T06:00:00.000000,Sweden,Sweden,SE,2.61,28.21,99.76,70.48,entsoe.eu,false,""
2022-02-28T07:00:00.000000,Sweden,Sweden,SE,2.61,28.14,99.75,70.8,entsoe.eu,false,""
2022-02-28T08:00:00.000000,Sweden,Sweden,SE,2.23,27.6,99.83,70.12,entsoe.eu,false,""
2022-02-28T09:00:00.000000,Sweden,Sweden,SE,3.64,29.63,99.58,70.43,entsoe.eu,false,""
2022-02-28T10:00:00.000000,Sweden,Sweden,SE,3.18,28.75,99.68,69.46,entsoe.eu,false,""
2022-02-28T11:00:00.000000,Sweden,Sweden,SE,2.98,28.17,99.71,69.05,entsoe.eu,false,""
2022-02-28T12:00:00.000000,Sweden,Sweden,SE,3.62,28.25,99.59,68.66,entsoe.eu,false,""
2022-02-28T13:00:00.000000,Sweden,Sweden,SE,2.91,27.14,99.71,68.88,entsoe.eu,false,""
2022-02-28T14:00:00.000000,Sweden,Sweden,SE,3.28,27.2,99.64,69.29,entsoe.eu,false,""
2022-02-28T15:00:00.000000,Sweden,Sweden,SE,3.97,27.63,99.52,69.52,entsoe.eu,false,""
2022-02-28T16:00:00.000000,Sweden,Sweden,SE,3.97,27.54,99.52,69.46,entsoe.eu,false,""
2022-02-28T17:00:00.000000,Sweden,Sweden,SE,3.83,27.02,99.54,69.46,entsoe.eu,false,""
2022-02-28T18:00:00.000000,Sweden,Sweden,SE,3.77,26.82,99.54,69.76,entsoe.eu,false,""
2022-02-28T19:00:00.000000,Sweden,Sweden,SE,2.86,25.34,99.69,69.55,entsoe.eu,false,""
2022-02-28T20:00:00.000000,Sweden,Sweden,SE,2.09,22.87,99.8,69.66,entsoe.eu,false,""
2022-02-28T21:00:00.000000,Sweden,Sweden,SE,1.41,21.58,99.91,69.39,entsoe.eu,false,""
2022-02-28T22:00:00.000000,Sweden,Sweden,SE,1.32,20.72,99.92,68.94,entsoe.eu,false,""
2022-02-28T23:00:00.000000,Sweden,Sweden,SE,1.23,19.8,99.92,68.91,entsoe.eu,false,""
2022-03-01T00:00:00.000000,Sweden,Sweden,SE,1.59,20.09,99.85,68.5,entsoe.eu,false,""
2022-03-01T01:00:00.000000,Sweden,Sweden,SE,1.95,20.6,99.79,67.89,entsoe.eu,false,""
2022-03-01T02:00:00.000000,Sweden,Sweden,SE,1.55,20.28,99.86,67.83,entsoe.eu,false,""
2022-03-01T03:00:00.000000,Sweden,Sweden,SE,1.35,20.61,99.91,68.78,entsoe.eu,false,""
2022-03-01T04:00:00.000000,Sweden,Sweden,SE,1.51,21.96,99.89,69.95,entsoe.eu,false,""
2022-03-01T05:00:00.000000,Sweden,Sweden,SE,2.8,24.62,99.69,70.23,entsoe.eu,false,""
2022-03-01T06:00:00.000000,Sweden,Sweden,SE,3.05,24.82,99.65,70.34,entsoe.eu,false,""
2022-03-01T07:00:00.000000,Sweden,Sweden,SE,3.25,25.06,99.62,70.7,entsoe.eu,false,""
2022-03-01T08:00:00.000000,Sweden,Sweden,SE,3.27,25.44,99.62,70.37,entsoe.eu,false,""
2022-03-01T09:00:00.000000,Sweden,Sweden,SE,3.37,25.85,99.61,69.94,entsoe.eu,false,""
2022-03-01T10:00:00.000000,Sweden,Sweden,SE,3.39,26.13,99.6,69.87,entsoe.eu,false,""
2022-03-01T11:00:00.000000,Sweden,Sweden,SE,3.42,26.14,99.6,69.64,entsoe.eu,false,""
2022-03-01T12:00:00.000000,Sweden,Sweden,SE,3.43,26.19,99.6,69.2,entsoe.eu,false,""
2022-03-01T13:00:00.000000,Sweden,Sweden,SE,3.48,26.66,99.59,69.24,entsoe.eu,false,""
2022-03-01T14:00:00.000000,Sweden,Sweden,SE,3.52,26.74,99.59,69.11,entsoe.eu,false,""
2022-03-01T15:00:00.000000,Sweden,Sweden,SE,3.56,26.83,99.57,69.92,entsoe.eu,false,""
2022-03-01T16:00:00.000000,Sweden,Sweden,SE,3.41,26.68,99.59,70.33,entsoe.eu,false,""
2022-03-01T17:00:00.000000,Sweden,Sweden,SE,3.53,26.74,99.57,69.87,entsoe.eu,false,""
2022-03-01T18:00:00.000000,Sweden,Sweden,SE,3.53,26.76,99.57,69.62,entsoe.eu,false,""
2022-03-01T19:00:00.000000,Sweden,Sweden,SE,3.56,26.81,99.56,68.77,entsoe.eu,false,""
2022-03-01T20:00:00.000000,Sweden,Sweden,SE,3.52,26.76,99.58,67.54,entsoe.eu,false,""
2022-03-01T21:00:00.000000,Sweden,Sweden,SE,3.12,26.4,99.65,67.24,entsoe.eu,false,""
2022-03-01T22:00:00.000000,Sweden,Sweden,SE,2.76,26.06,99.72,66.95,entsoe.eu,false,""
2022-03-01T23:00:00.000000,Sweden,Sweden,SE,3.06,25.76,99.65,66.85,entsoe.eu,false,""
2022-03-02T00:00:00.000000,Sweden,Sweden,SE,3.17,26.03,99.63,65.72,entsoe.eu,false,""
2022-03-02T01:00:00.000000,Sweden,Sweden,SE,3.2,26.04,99.62,65.83,entsoe.eu,false,""
2022-03-02T02:00:00.000000,Sweden,Sweden,SE,3.13,25.45,99.63,65.61,entsoe.eu,false,""
2022-03-02T03:00:00.000000,Sweden,Sweden,SE,3.17,25.83,99.63,65.92,entsoe.eu,false,""
2022-03-02T04:00:00.000000,Sweden,Sweden,SE,3.23,26.32,99.63,65.67,entsoe.eu,false,""
2022-03-02T05:00:00.000000,Sweden,Sweden,SE,3.6,26.63,99.55,67.65,entsoe.eu,false,""
2022-03-02T06:00:00.000000,Sweden,Sweden,SE,3.61,26.78,99.55,68.61,entsoe.eu,false,""
2022-03-02T07:00:00.000000,Sweden,Sweden,SE,3.61,27.07,99.55,69.04,entsoe.eu,false,""
2022-03-02T08:00:00.000000,Sweden,Sweden,SE,3.62,27.06,99.55,69.0,entsoe.eu,false,""
2022-03-02T09:00:00.000000,Sweden,Sweden,SE,5.56,29.66,99.38,67.68,entsoe.eu,false,""
2022-03-02T10:00:00.000000,Sweden,Sweden,SE,5.72,30.23,99.37,66.86,entsoe.eu,false,""
2022-03-02T11:00:00.000000,Sweden,Sweden,SE,3.78,28.14,99.55,67.0,entsoe.eu,false,""
2022-03-02T12:00:00.000000,Sweden,Sweden,SE,3.72,27.8,99.56,67.0,entsoe.eu,false,""
2022-03-02T13:00:00.000000,Sweden,Sweden,SE,3.64,27.39,99.57,67.17,entsoe.eu,false,""
2022-03-02T14:00:00.000000,Sweden,Sweden,SE,3.43,26.88,99.6,67.51,entsoe.eu,false,""
2022-03-02T15:00:00.000000,Sweden,Sweden,SE,3.42,26.46,99.59,67.98,entsoe.eu,false,""
2022-03-02T16:00:00.000000,Sweden,Sweden,SE,3.04,25.76,99.65,68.79,entsoe.eu,false,""
2022-03-02T17:00:00.000000,Sweden,Sweden,SE,3.47,26.13,99.58,69.14,entsoe.eu,false,""
2022-03-02T18:00:00.000000,Sweden,Sweden,SE,3.58,26.18,99.55,68.19,entsoe.eu,false,""
2022-03-02T19:00:00.000000,Sweden,Sweden,SE,3.57,26.09,99.55,68.05,entsoe.eu,false,""
2022-03-02T20:00:00.000000,Sweden,Sweden,SE,3.5,25.78,99.56,68.02,entsoe.eu,false,""
2022-03-02T21:00:00.000000,Sweden,Sweden,SE,3.07,25.32,99.64,67.7,entsoe.eu,false,""
2022-03-02T22:00:00.000000,Sweden,Sweden,SE,3.04,24.92,99.64,67.09,entsoe.eu,false,""
2022-03-02T23:00:00.000000,Sweden,Sweden,SE,3.09,25.56,99.64,66.22,entsoe.eu,false,""
2022-03-03T00:00:00.000000,Sweden,Sweden,SE,3.08,25.57,99.64,66.18,entsoe.eu,false,""
2022-03-03T01:00:00.000000,Sweden,Sweden,SE,3.06,25.47,99.65,66.11,entsoe.eu,false,""
2022-03-03T02:00:00.000000,Sweden,Sweden,SE,3.09,25.71,99.64,65.8,entsoe.eu,false,""
2022-03-03T03:00:00.000000,Sweden,Sweden,SE,3.06,25.55,99.65,66.22,entsoe.eu,false,""
2022-03-03T04:00:00.000000,Sweden,Sweden,SE,3.18,25.92,99.63,66.17,entsoe.eu,false,""
2022-03-03T05:00:00.000000,Sweden,Sweden,SE,3.16,25.91,99.63,67.39,entsoe.eu,false,""
2022-03-03T06:00:00.000000,Sweden,Sweden,SE,3.22,26.18,99.62,68.07,entsoe.eu,false,""
2022-03-03T07:00:00.000000,Sweden,Sweden,SE,3.31,26.46,99.6,68.84,entsoe.eu,false,""
2022-03-03T08:00:00.000000,Sweden,Sweden,SE,3.46,27.05,99.58,68.79,entsoe.eu,false,""
2022-03-03T09:00:00.000000,Sweden,Sweden,SE,3.62,27.66,99.56,68.16,entsoe.eu,false,""
2022-03-03T10:00:00.000000,Sweden,Sweden,SE,3.67,28.41,99.57,66.79,entsoe.eu,false,""
2022-03-03T11:00:00.000000,Sweden,Sweden,SE,3.69,28.18,99.56,66.79,entsoe.eu,false,""
2022-03-03T12:00:00.000000,Sweden,Sweden,SE,3.67,27.9,99.56,66.46,entsoe.eu,false,""
2022-03-03T13:00:00.000000,Sweden,Sweden,SE,3.6,27.62,99.57,66.24,entsoe.eu,false,""
2022-03-03T14:00:00.000000,Sweden,Sweden,SE,3.54,27.13,99.58,66.84,entsoe.eu,false,""
2022-03-03T15:00:00.000000,Sweden,Sweden,SE,3.54,27.0,99.56,67.74,entsoe.eu,false,""
2022-03-03T16:00:00.000000,Sweden,Sweden,SE,3.33,26.95,99.6,68.56,entsoe.eu,false,""
2022-03-03T17:00:00.000000,Sweden,Sweden,SE,3.69,27.22,99.54,68.52,entsoe.eu,false,""
2022-03-03T18:00:00.000000,Sweden,Sweden,SE,3.55,27.0,99.57,68.23,entsoe.eu,false,""
2022-03-03T19:00:00.000000,Sweden,Sweden,SE,3.64,27.05,99.56,67.59,entsoe.eu,false,""
2022-03-03T20:00:00.000000,Sweden,Sweden,SE,3.21,26.6,99.64,67.17,entsoe.eu,false,""
2022-03-03T21:00:00.000000,Sweden,Sweden,SE,3.41,27.38,99.61,66.14,entsoe.eu,false,""
2022-03-03T22:00:00.000000,Sweden,Sweden,SE,4.15,28.39,99.49,65.68,entsoe.eu,false,""
2022-03-03T23:00:00.000000,Sweden,Sweden,SE,4.05,27.8,99.5,66.09,entsoe.eu,false,""
2022-03-04T00:00:00.000000,Sweden,Sweden,SE,4.11,27.97,99.49,66.22,entsoe.eu,false,""
2022-03-04T01:00:00.000000,Sweden,Sweden,SE,4.08,28.1,99.49,66.2,entsoe.eu,false,""
2022-03-04T02:00:00.000000,Sweden,Sweden,SE,7.48,31.68,99.17,65.58,entsoe.eu,false,""
2022-03-04T03:00:00.000000,Sweden,Sweden,SE,6.47,30.68,99.26,65.46,entsoe.eu,false,""
2022-03-04T04:00:00.000000,Sweden,Sweden,SE,3.3,27.57,99.64,65.93,entsoe.eu,false,""
2022-03-04T05:00:00.000000,Sweden,Sweden,SE,2.17,26.45,99.81,69.38,entsoe.eu,false,""
2022-03-04T06:00:00.000000,Sweden,Sweden,SE,2.81,27.34,99.7,69.3,entsoe.eu,false,""
2022-03-04T07:00:00.000000,Sweden,Sweden,SE,2.91,27.85,99.7,68.74,entsoe.eu,false,""
2022-03-04T08:00:00.000000,Sweden,Sweden,SE,3.17,28.52,99.54,68.84,entsoe.eu,false,""
2022-03-04T09:00:00.000000,Sweden,Sweden,SE,2.26,27.73,99.82,69.58,entsoe.eu,false,""
2022-03-04T10:00:00.000000,Sweden,Sweden,SE,2.34,27.49,99.81,68.62,entsoe.eu,false,""
2022-03-04T11:00:00.000000,Sweden,Sweden,SE,2.91,28.15,99.72,67.55,entsoe.eu,false,""
2022-03-04T12:00:00.000000,Sweden,Sweden,SE,2.86,27.88,99.73,67.01,entsoe.eu,false,""
2022-03-04T13:00:00.000000,Sweden,Sweden,SE,2.76,26.88,99.73,66.64,entsoe.eu,false,""
2022-03-04T14:00:00.000000,Sweden,Sweden,SE,2.75,26.62,99.73,66.63,entsoe.eu,false,""
2022-03-04T15:00:00.000000,Sweden,Sweden,SE,2.76,26.54,99.72,66.77,entsoe.eu,false,""
2022-03-04T16:00:00.000000,Sweden,Sweden,SE,2.06,25.82,99.83,68.2,entsoe.eu,false,""
2022-03-04T17:00:00.000000,Sweden,Sweden,SE,2.07,25.92,99.83,68.54,entsoe.eu,false,""
2022-03-04T18:00:00.000000,Sweden,Sweden,SE,2.05,25.86,99.84,67.58,entsoe.eu,false,""
2022-03-04T19:00:00.000000,Sweden,Sweden,SE,2.02,25.78,99.86,66.79,entsoe.eu,false,""
2022-03-04T20:00:00.000000,Sweden,Sweden,SE,3.98,28.02,99.68,66.48,entsoe.eu,false,""
2022-03-04T21:00:00.000000,Sweden,Sweden,SE,2.74,26.94,99.74,66.18,entsoe.eu,false,""
2022-03-04T22:00:00.000000,Sweden,Sweden,SE,3.92,28.13,99.53,66.11,entsoe.eu,false,""
2022-03-04T23:00:00.000000,Sweden,Sweden,SE,3.59,27.54,99.59,66.19,entsoe.eu,false,""
2022-03-05T00:00:00.000000,Sweden,Sweden,SE,3.66,27.51,99.57,65.8,entsoe.eu,false,""
2022-03-05T01:00:00.000000,Sweden,Sweden,SE,3.57,27.17,99.58,66.12,entsoe.eu,false,""
2022-03-05T02:00:00.000000,Sweden,Sweden,SE,3.53,27.07,99.58,66.38,entsoe.eu,false,""
2022-03-05T03:00:00.000000,Sweden,Sweden,SE,3.5,27.11,99.59,66.44,entsoe.eu,false,""
2022-03-05T04:00:00.000000,Sweden,Sweden,SE,3.48,27.11,99.59,66.37,entsoe.eu,false,""
2022-03-05T05:00:00.000000,Sweden,Sweden,SE,3.42,27.07,99.61,67.17,entsoe.eu,false,""
2022-03-05T06:00:00.000000,Sweden,Sweden,SE,3.41,27.14,99.61,67.17,entsoe.eu,false,""
2022-03-05T07:00:00.000000,Sweden,Sweden,SE,3.24,27.27,99.64,68.0,entsoe.eu,false,""
2022-03-05T08:00:00.000000,Sweden,Sweden,SE,2.11,26.23,99.84,68.6,entsoe.eu,false,""
2022-03-05T09:00:00.000000,Sweden,Sweden,SE,2.61,26.94,99.76,68.88,entsoe.eu,false,""
2022-03-05T10:00:00.000000,Sweden,Sweden,SE,3.03,27.38,99.68,69.06,entsoe.eu,false,""
2022-03-05T11:00:00.000000,Sweden,Sweden,SE,3.06,27.53,99.68,68.83,entsoe.eu,false,""
2022-03-05T12:00:00.000000,Sweden,Sweden,SE,3.01,27.74,99.69,67.92,entsoe.eu,false,""
2022-03-05T13:00:00.000000,Sweden,Sweden,SE,2.37,26.82,99.8,67.55,entsoe.eu,false,""
2022-03-05T14:00:00.000000,Sweden,Sweden,SE,2.81,27.4,99.73,67.09,entsoe.eu,false,""
2022-03-05T15:00:00.000000,Sweden,Sweden,SE,3.08,27.21,99.68,67.85,entsoe.eu,false,""
2022-03-05T16:00:00.000000,Sweden,Sweden,SE,2.7,26.67,99.74,67.61,entsoe.eu,false,""
2022-03-05T17:00:00.000000,Sweden,Sweden,SE,1.9,25.65,99.88,67.72,entsoe.eu,false,""
2022-03-05T18:00:00.000000,Sweden,Sweden,SE,1.92,25.89,99.88,67.74,entsoe.eu,false,""
2022-03-05T19:00:00.000000,Sweden,Sweden,SE,1.91,25.89,99.88,67.58,entsoe.eu,false,""
2022-03-05T20:00:00.000000,Sweden,Sweden,SE,2.44,26.63,99.79,67.21,entsoe.eu,false,""
2022-03-05T21:00:00.000000,Sweden,Sweden,SE,2.68,26.81,99.75,67.07,entsoe.eu,false,""
2022-03-05T22:00:00.000000,Sweden,Sweden,SE,2.96,27.01,99.69,66.79,entsoe.eu,false,""
2022-03-05T23:00:00.000000,Sweden,Sweden,SE,2.83,25.8,99.7,66.28,entsoe.eu,false,""
2022-03-06T00:00:00.000000,Sweden,Sweden,SE,2.87,25.01,99.67,66.02,entsoe.eu,false,""
2022-03-06T01:00:00.000000,Sweden,Sweden,SE,2.96,24.84,99.65,65.9,entsoe.eu,false,""
2022-03-06T02:00:00.000000,Sweden,Sweden,SE,2.97,24.87,99.65,65.71,entsoe.eu,false,""
2022-03-06T03:00:00.000000,Sweden,Sweden,SE,2.96,24.91,99.65,65.89,entsoe.eu,false,""
2022-03-06T04:00:00.000000,Sweden,Sweden,SE,2.96,24.88,99.65,65.88,entsoe.eu,false,""
2022-03-06T05:00:00.000000,Sweden,Sweden,SE,2.96,24.86,99.66,66.6,entsoe.eu,false,""
2022-03-06T06:00:00.000000,Sweden,Sweden,SE,2.97,25.52,99.66,66.25,entsoe.eu,false,""
2022-03-06T07:00:00.000000,Sweden,Sweden,SE,2.74,25.85,99.71,66.65,entsoe.eu,false,""
2022-03-06T08:00:00.000000,Sweden,Sweden,SE,2.85,26.36,99.7,66.75,entsoe.eu,false,""
2022-03-06T09:00:00.000000,Sweden,Sweden,SE,2.61,26.06,99.74,66.62,entsoe.eu,false,""
2022-03-06T10:00:00.000000,Sweden,Sweden,SE,1.77,25.01,99.89,66.73,entsoe.eu,false,""
2022-03-06T11:00:00.000000,Sweden,Sweden,SE,1.82,25.5,99.89,66.67,entsoe.eu,false,""
2022-03-06T12:00:00.000000,Sweden,Sweden,SE,1.78,25.14,99.89,67.21,entsoe.eu,false,""
2022-03-06T13:00:00.000000,Sweden,Sweden,SE,1.73,24.67,99.89,67.76,entsoe.eu,false,""
2022-03-06T14:00:00.000000,Sweden,Sweden,SE,1.77,24.89,99.89,67.09,entsoe.eu,false,""
2022-03-06T15:00:00.000000,Sweden,Sweden,SE,1.77,24.77,99.89,67.25,entsoe.eu,false,""
2022-03-06T16:00:00.000000,Sweden,Sweden,SE,2.64,26.11,99.75,67.69,entsoe.eu,false,""
2022-03-06T17:00:00.000000,Sweden,Sweden,SE,2.91,26.38,99.7,68.16,entsoe.eu,false,""
2022-03-06T18:00:00.000000,Sweden,Sweden,SE,2.87,26.21,99.7,68.45,entsoe.eu,false,""
2022-03-06T19:00:00.000000,Sweden,Sweden,SE,2.82,26.2,99.71,68.25,entsoe.eu,false,""
2022-03-06T20:00:00.000000,Sweden,Sweden,SE,1.86,25.16,99.88,68.24,entsoe.eu,false,""
2022-03-06T21:00:00.000000,Sweden,Sweden,SE,1.92,25.46,99.87,68.0,entsoe.eu,false,""
2022-03-06T22:00:00.000000,Sweden,Sweden,SE,1.92,25.17,99.87,67.71,entsoe.eu,false,""
2022-03-06T23:00:00.000000,Sweden,Sweden,SE,1.94,24.95,99.86,67.7,entsoe.eu,false,""
2022-03-07T00:00:00.000000,Sweden,Sweden,SE,1.97,25.01,99.85,67.45,entsoe.eu,false,""
2022-03-07T01:00:00.000000,Sweden,Sweden,SE,1.94,24.84,99.86,67.48,entsoe.eu,false,""
2022-03-07T02:00:00.000000,Sweden,Sweden,SE,1.98,25.12,99.86,67.14,entsoe.eu,false,""
2022-03-07T03:00:00.000000,Sweden,Sweden,SE,2.04,25.57,99.85,67.18,entsoe.eu,false,""
2022-03-07T04:00:00.000000,Sweden,Sweden,SE,2.07,25.87,99.85,66.97,entsoe.eu,false,""
2022-03-07T05:00:00.000000,Sweden,Sweden,SE,2.14,26.31,99.84,67.65,entsoe.eu,false,""
2022-03-07T06:00:00.000000,Sweden,Sweden,SE,2.23,27.22,99.83,68.14,entsoe.eu,false,""
2022-03-07T07:00:00.000000,Sweden,Sweden,SE,4.52,30.46,99.44,67.49,entsoe.eu,false,""
2022-03-07T08:00:00.000000,Sweden,Sweden,SE,3.13,29.18,99.69,67.1,entsoe.eu,false,""
2022-03-07T09:00:00.000000,Sweden,Sweden,SE,2.73,29.09,99.76,66.94,entsoe.eu,false,""
2022-03-07T10:00:00.000000,Sweden,Sweden,SE,2.35,28.33,99.82,66.91,entsoe.eu,false,""
2022-03-07T11:00:00.000000,Sweden,Sweden,SE,2.33,28.16,99.83,66.15,entsoe.eu,false,""
2022-03-07T12:00:00.000000,Sweden,Sweden,SE,2.62,28.5,99.78,65.64,entsoe.eu,false,""
2022-03-07T13:00:00.000000,Sweden,Sweden,SE,2.17,27.62,99.86,66.09,entsoe.eu,false,""
2022-03-07T14:00:00.000000,Sweden,Sweden,SE,3.03,28.09,99.7,66.46,entsoe.eu,false,""
2022-03-07T15:00:00.000000,Sweden,Sweden,SE,3.69,28.56,99.58,66.17,entsoe.eu,false,""
2022-03-07T16:00:00.000000,Sweden,Sweden,SE,3.18,27.75,99.66,66.94,entsoe.eu,false,""
2022-03-07T17:00:00.000000,Sweden,Sweden,SE,3.21,27.56,99.64,68.24,entsoe.eu,false,""
2022-03-07T18:00:00.000000,Sweden,Sweden,SE,3.18,27.37,99.65,68.27,entsoe.eu,false,""
2022-03-07T19:00:00.000000,Sweden,Sweden,SE,3.18,27.39,99.66,67.4,entsoe.eu,false,""
2022-03-07T20:00:00.000000,Sweden,Sweden,SE,3.21,27.62,99.65,66.8,entsoe.eu,false,""
2022-03-07T21:00:00.000000,Sweden,Sweden,SE,3.14,27.68,99.67,66.09,entsoe.eu,false,""
2022-03-07T22:00:00.000000,Sweden,Sweden,SE,3.1,27.41,99.67,65.84,entsoe.eu,false,""
2022-03-07T23:00:00.000000,Sweden,Sweden,SE,2.62,26.83,99.76,65.41,entsoe.eu,false,""
2022-03-08T00:00:00.000000,Sweden,Sweden,SE,3.17,27.27,99.66,65.53,entsoe.eu,false,""
2022-03-08T01:00:00.000000,Sweden,Sweden,SE,3.35,27.67,99.63,65.3,entsoe.eu,false,""
2022-03-08T02:00:00.000000,Sweden,Sweden,SE,3.12,27.61,99.67,64.99,entsoe.eu,false,""
2022-03-08T03:00:00.000000,Sweden,Sweden,SE,3.38,27.92,99.63,65.24,entsoe.eu,false,""
2022-03-08T04:00:00.000000,Sweden,Sweden,SE,3.51,28.29,99.61,65.7,entsoe.eu,false,""
2022-03-08T05:00:00.000000,Sweden,Sweden,SE,4.07,29.39,99.49,67.59,entsoe.eu,false,""
2022-03-08T06:00:00.000000,Sweden,Sweden,SE,5.2,30.7,99.25,67.95,entsoe.eu,false,""
2022-03-08T07:00:00.000000,Sweden,Sweden,SE,7.31,33.7,98.98,66.63,entsoe.eu,false,""
2022-03-08T08:00:00.000000,Sweden,Sweden,SE,4.51,30.64,99.43,66.21,entsoe.eu,false,""
2022-03-08T09:00:00.000000,Sweden,Sweden,SE,4.74,30.29,99.39,65.9,entsoe.eu,false,""
2022-03-08T10:00:00.000000,Sweden,Sweden,SE,7.56,33.65,98.84,65.38,entsoe.eu,false,""
2022-03-08T11:00:00.000000,Sweden,Sweden,SE,6.57,32.58,99.21,65.61,entsoe.eu,false,""
2022-03-08T12:00:00.000000,Sweden,Sweden,SE,6.1,31.76,99.28,66.11,entsoe.eu,false,""
2022-03-08T13:00:00.000000,Sweden,Sweden,SE,2.27,27.15,99.84,66.0,entsoe.eu,false,""
2022-03-08T14:00:00.000000,Sweden,Sweden,SE,3.3,28.16,99.63,66.54,entsoe.eu,false,""
2022-03-08T15:00:00.000000,Sweden,Sweden,SE,3.52,28.4,99.58,67.29,entsoe.eu,false,""
2022-03-08T16:00:00.000000,Sweden,Sweden,SE,2.35,26.97,99.78,68.49,entsoe.eu,false,""
2022-03-08T17:00:00.000000,Sweden,Sweden,SE,2.96,27.62,99.64,69.02,entsoe.eu,false,""
2022-03-08T18:00:00.000000,Sweden,Sweden,SE,3.17,27.98,99.6,68.61,entsoe.eu,false,""
2022-03-08T19:00:00.000000,Sweden,Sweden,SE,2.99,27.64,99.67,68.25,entsoe.eu,false,""
2022-03-08T20:00:00.000000,Sweden,Sweden,SE,2.27,26.94,99.81,67.78,entsoe.eu,false,""
2022-03-08T21:00:00.000000,Sweden,Sweden,SE,2.29,27.0,99.81,66.83,entsoe.eu,false,""
2022-03-08T22:00:00.000000,Sweden,Sweden,SE,3.69,28.84,99.58,64.89,entsoe.eu,false,""
2022-03-08T23:00:00.000000,Sweden,Sweden,SE,16.21,41.96,98.5,64.21,entsoe.eu,false,""
2022-03-09T00:00:00.000000,Sweden,Sweden,SE,16.48,42.31,98.44,63.94,entsoe.eu,false,""
2022-03-09T01:00:00.000000,Sweden,Sweden,SE,10.7,36.31,98.99,64.07,entsoe.eu,false,""
2022-03-09T02:00:00.000000,Sweden,Sweden,SE,11.3,36.86,98.93,64.52,entsoe.eu,false,""
2022-03-09T03:00:00.000000,Sweden,Sweden,SE,17.98,44.08,98.33,63.9,entsoe.eu,false,""
2022-03-09T04:00:00.000000,Sweden,Sweden,SE,6.58,32.02,99.42,65.3,entsoe.eu,false,""
2022-03-09T05:00:00.000000,Sweden,Sweden,SE,2.67,28.4,99.74,68.14,entsoe.eu,false,""
2022-03-09T06:00:00.000000,Sweden,Sweden,SE,4.3,30.45,99.45,67.99,entsoe.eu,false,""
2022-03-09T07:00:00.000000,Sweden,Sweden,SE,3.89,30.17,99.53,67.68,entsoe.eu,false,""
2022-03-09T08:00:00.000000,Sweden,Sweden,SE,4.37,30.74,99.41,68.06,entsoe.eu,false,""
2022-03-09T09:00:00.000000,Sweden,Sweden,SE,3.75,29.93,99.55,68.15,entsoe.eu,false,""
2022-03-09T10:00:00.000000,Sweden,Sweden,SE,2.82,28.97,99.73,67.99,entsoe.eu,false,""
2022-03-09T11:00:00.000000,Sweden,Sweden,SE,3.08,29.17,99.68,67.32,entsoe.eu,false,""
2022-03-09T12:00:00.000000,Sweden,Sweden,SE,3.66,29.95,99.59,66.3,entsoe.eu,false,""
2022-03-09T13:00:00.000000,Sweden,Sweden,SE,3.46,29.43,99.62,66.39,entsoe.eu,false,""
2022-03-09T14:00:00.000000,Sweden,Sweden,SE,3.48,29.39,99.62,66.23,entsoe.eu,false,""
2022-03-09T15:00:00.000000,Sweden,Sweden,SE,2.81,28.6,99.74,65.89,entsoe.eu,false,""
2022-03-09T16:00:00.000000,Sweden,Sweden,SE,2.29,27.82,99.83,67.21,entsoe.eu,false,""
2022-03-09T17:00:00.000000,Sweden,Sweden,SE,2.2,27.3,99.83,68.89,entsoe.eu,false,""
2022-03-09T18:00:00.000000,Sweden,Sweden,SE,3.36,28.35,99.63,68.13,entsoe.eu,false,""
2022-03-09T19:00:00.000000,Sweden,Sweden,SE,3.22,28.02,99.68,68.1,entsoe.eu,false,""
2022-03-09T20:00:00.000000,Sweden,Sweden,SE,2.81,27.16,99.73,68.03,entsoe.eu,false,""
2022-03-09T21:00:00.000000,Sweden,Sweden,SE,3.97,27.72,99.59,67.91,entsoe.eu,false,""
2022-03-09T22:00:00.000000,Sweden,Sweden,SE,1.9,24.59,99.87,67.31,entsoe.eu,false,""
2022-03-09T23:00:00.000000,Sweden,Sweden,SE,1.59,22.65,99.89,67.04,entsoe.eu,false,""
2022-03-10T00:00:00.000000,Sweden,Sweden,SE,1.55,22.3,99.89,67.16,entsoe.eu,false,""
2022-03-10T01:00:00.000000,Sweden,Sweden,SE,1.56,22.36,99.89,66.84,entsoe.eu,false,""
2022-03-10T02:00:00.000000,Sweden,Sweden,SE,1.56,22.48,99.9,66.73,entsoe.eu,false,""
2022-03-10T03:00:00.000000,Sweden,Sweden,SE,1.61,22.95,99.89,66.7,entsoe.eu,false,""
2022-03-10T04:00:00.000000,Sweden,Sweden,SE,1.77,24.19,99.88,67.15,entsoe.eu,false,""
2022-03-10T05:00:00.000000,Sweden,Sweden,SE,1.88,25.33,99.88,67.72,entsoe.eu,false,""
2022-03-10T06:00:00.000000,Sweden,Sweden,SE,1.93,25.87,99.88,68.03,entsoe.eu,false,""
2022-03-10T07:00:00.000000,Sweden,Sweden,SE,2.07,26.25,99.85,68.04,entsoe.eu,false,""
2022-03-10T08:00:00.000000,Sweden,Sweden,SE,2.27,26.59,99.82,67.67,entsoe.eu,false,""
2022-03-10T09:00:00.000000,Sweden,Sweden,SE,3.22,27.86,99.67,67.48,entsoe.eu,false,""
2022-03-10T10:00:00.000000,Sweden,Sweden,SE,2.14,26.76,99.85,67.24,entsoe.eu,false,""
2022-03-10T11:00:00.000000,Sweden,Sweden,SE,2.71,27.43,99.75,66.81,entsoe.eu,false,""
2022-03-10T12:00:00.000000,Sweden,Sweden,SE,4.75,29.86,99.48,67.06,entsoe.eu,false,""
2022-03-10T13:00:00.000000,Sweden,Sweden,SE,4.74,29.95,99.49,66.92,entsoe.eu,false,""
2022-03-10T14:00:00.000000,Sweden,Sweden,SE,3.84,28.36,99.59,67.38,entsoe.eu,false,""
2022-03-10T15:00:00.000000,Sweden,Sweden,SE,3.23,27.34,99.67,67.42,entsoe.eu,false,""
2022-03-10T16:00:00.000000,Sweden,Sweden,SE,2.94,26.9,99.72,67.81,entsoe.eu,false,""
2022-03-10T17:00:00.000000,Sweden,Sweden,SE,3.07,26.89,99.7,68.43,entsoe.eu,false,""
2022-03-10T18:00:00.000000,Sweden,Sweden,SE,3.78,27.35,99.6,67.98,entsoe.eu,false,""
2022-03-10T19:00:00.000000,Sweden,Sweden,SE,2.76,26.02,99.73,67.78,entsoe.eu,false,""
2022-03-10T20:00:00.000000,Sweden,Sweden,SE,2.01,24.53,99.84,67.54,entsoe.eu,false,""
2022-03-10T21:00:00.000000,Sweden,Sweden,SE,1.69,23.45,99.89,67.21,entsoe.eu,false,""
2022-03-10T22:00:00.000000,Sweden,Sweden,SE,1.62,22.77,99.89,66.89,entsoe.eu,false,""
2022-03-10T23:00:00.000000,Sweden,Sweden,SE,1.57,21.67,99.88,66.78,entsoe.eu,false,""
2022-03-11T00:00:00.000000,Sweden,Sweden,SE,1.96,22.1,99.81,66.31,entsoe.eu,false,""
2022-03-11T01:00:00.000000,Sweden,Sweden,SE,1.94,21.95,99.81,65.51,entsoe.eu,false,""
2022-03-11T02:00:00.000000,Sweden,Sweden,SE,1.8,22.32,99.85,65.24,entsoe.eu,false,""
2022-03-11T03:00:00.000000,Sweden,Sweden,SE,1.69,22.99,99.88,65.51,entsoe.eu,false,""
2022-03-11T04:00:00.000000,Sweden,Sweden,SE,1.86,24.49,99.87,65.67,entsoe.eu,false,""
2022-03-11T05:00:00.000000,Sweden,Sweden,SE,1.96,25.09,99.86,67.05,entsoe.eu,false,""
2022-03-11T06:00:00.000000,Sweden,Sweden,SE,5.62,29.56,99.43,67.36,entsoe.eu,false,""
2022-03-11T07:00:00.000000,Sweden,Sweden,SE,3.12,27.65,99.72,67.82,entsoe.eu,false,""
2022-03-11T08:00:00.000000,Sweden,Sweden,SE,3.69,28.23,99.64,68.42,entsoe.eu,false,""
2022-03-11T09:00:00.000000,Sweden,Sweden,SE,3.58,27.56,99.65,67.66,entsoe.eu,false,""
2022-03-11T10:00:00.000000,Sweden,Sweden,SE,6.36,30.99,99.3,67.09,entsoe.eu,false,""
2022-03-11T11:00:00.000000,Sweden,Sweden,SE,10.93,36.31,98.78,66.39,entsoe.eu,false,""
2022-03-11T12:00:00.000000,Sweden,Sweden,SE,12.61,39.21,98.6,65.44,entsoe.eu,false,""
2022-03-11T13:00:00.000000,Sweden,Sweden,SE,12.21,38.96,98.66,65.03,entsoe.eu,false,""
2022-03-11T14:00:00.000000,Sweden,Sweden,SE,9.81,35.87,98.94,65.28,entsoe.eu,false,""
2022-03-11T15:00:00.000000,Sweden,Sweden,SE,3.08,25.63,99.72,67.3,entsoe.eu,false,""
2022-03-11T16:00:00.000000,Sweden,Sweden,SE,1.96,25.06,99.86,67.76,entsoe.eu,false,""
2022-03-11T17:00:00.000000,Sweden,Sweden,SE,1.94,24.95,99.86,67.68,entsoe.eu,false,""
2022-03-11T18:00:00.000000,Sweden,Sweden,SE,1.95,25.03,99.86,67.65,entsoe.eu,false,""
2022-03-11T19:00:00.000000,Sweden,Sweden,SE,1.92,24.66,99.86,68.14,entsoe.eu,false,""
2022-03-11T20:00:00.000000,Sweden,Sweden,SE,1.85,24.19,99.87,67.58,entsoe.eu,false,""
2022-03-11T21:00:00.000000,Sweden,Sweden,SE,1.78,23.53,99.87,67.92,entsoe.eu,false,""
2022-03-11T22:00:00.000000,Sweden,Sweden,SE,1.69,22.72,99.87,67.1,entsoe.eu,false,""
2022-03-11T23:00:00.000000,Sweden,Sweden,SE,1.69,22.74,99.87,66.96,entsoe.eu,false,""
2022-03-12T00:00:00.000000,Sweden,Sweden,SE,1.7,22.79,99.87,67.02,entsoe.eu,false,""
2022-03-12T01:00:00.000000,Sweden,Sweden,SE,1.73,22.88,99.87,67.14,entsoe.eu,false,""
2022-03-12T02:00:00.000000,Sweden,Sweden,SE,1.76,23.08,99.87,66.62,entsoe.eu,false,""
2022-03-12T03:00:00.000000,Sweden,Sweden,SE,1.78,23.34,99.87,66.28,entsoe.eu,false,""
2022-03-12T04:00:00.000000,Sweden,Sweden,SE,1.81,23.56,99.87,66.17,entsoe.eu,false,""
2022-03-12T05:00:00.000000,Sweden,Sweden,SE,1.82,23.9,99.87,66.7,entsoe.eu,false,""
2022-03-12T06:00:00.000000,Sweden,Sweden,SE,1.88,24.48,99.87,67.0,entsoe.eu,false,""
2022-03-12T07:00:00.000000,Sweden,Sweden,SE,1.95,25.02,99.86,67.3,entsoe.eu,false,""
2022-03-12T08:00:00.000000,Sweden,Sweden,SE,1.97,25.26,99.86,67.25,entsoe.eu,false,""
2022-03-12T09:00:00.000000,Sweden,Sweden,SE,2.03,25.71,99.85,66.98,entsoe.eu,false,""
2022-03-12T10:00:00.000000,Sweden,Sweden,SE,2.02,25.71,99.85,66.91,entsoe.eu,false,""
2022-03-12T11:00:00.000000,Sweden,Sweden,SE,1.99,25.53,99.86,66.35,entsoe.eu,false,""
2022-03-12T12:00:00.000000,Sweden,Sweden,SE,1.99,25.38,99.86,66.23,entsoe.eu,false,""
2022-03-12T13:00:00.000000,Sweden,Sweden,SE,1.95,24.98,99.86,66.6,entsoe.eu,false,""
2022-03-12T14:00:00.000000,Sweden,Sweden,SE,1.95,24.84,99.85,66.71,entsoe.eu,false,""
2022-03-12T15:00:00.000000,Sweden,Sweden,SE,1.93,24.51,99.85,67.13,entsoe.eu,false,""
2022-03-12T16:00:00.000000,Sweden,Sweden,SE,1.93,24.53,99.85,66.92,entsoe.eu,false,""
2022-03-12T17:00:00.000000,Sweden,Sweden,SE,1.94,24.66,99.85,66.68,entsoe.eu,false,""
2022-03-12T18:00:00.000000,Sweden,Sweden,SE,1.94,24.72,99.85,66.69,entsoe.eu,false,""
2022-03-12T19:00:00.000000,Sweden,Sweden,SE,1.92,24.43,99.85,67.17,entsoe.eu,false,""
2022-03-12T20:00:00.000000,Sweden,Sweden,SE,1.9,24.41,99.86,66.64,entsoe.eu,false,""
2022-03-12T21:00:00.000000,Sweden,Sweden,SE,1.87,24.05,99.86,66.84,entsoe.eu,false,""
2022-03-12T22:00:00.000000,Sweden,Sweden,SE,1.83,23.6,99.86,66.45,entsoe.eu,false,""
2022-03-12T23:00:00.000000,Sweden,Sweden,SE,1.8,23.45,99.86,66.32,entsoe.eu,false,""
2022-03-13T00:00:00.000000,Sweden,Sweden,SE,1.78,23.27,99.86,65.77,entsoe.eu,false,""
2022-03-13T01:00:00.000000,Sweden,Sweden,SE,1.77,23.06,99.86,66.0,entsoe.eu,false,""
2022-03-13T02:00:00.000000,Sweden,Sweden,SE,1.76,23.16,99.87,65.79,entsoe.eu,false,""
2022-03-13T03:00:00.000000,Sweden,Sweden,SE,1.77,23.28,99.87,65.87,entsoe.eu,false,""
2022-03-13T04:00:00.000000,Sweden,Sweden,SE,1.76,23.42,99.87,65.82,entsoe.eu,false,""
2022-03-13T05:00:00.000000,Sweden,Sweden,SE,1.8,23.71,99.87,65.95,entsoe.eu,false,""
2022-03-13T06:00:00.000000,Sweden,Sweden,SE,1.82,23.99,99.87,65.91,entsoe.eu,false,""
2022-03-13T07:00:00.000000,Sweden,Sweden,SE,1.9,24.77,99.86,65.88,entsoe.eu,false,""
2022-03-13T08:00:00.000000,Sweden,Sweden,SE,1.97,25.27,99.86,65.69,entsoe.eu,false,""
2022-03-13T09:00:00.000000,Sweden,Sweden,SE,1.98,25.52,99.86,65.82,entsoe.eu,false,""
2022-03-13T10:00:00.000000,Sweden,Sweden,SE,2.0,25.46,99.85,66.26,entsoe.eu,false,""
2022-03-13T11:00:00.000000,Sweden,Sweden,SE,2.46,26.2,99.78,65.73,entsoe.eu,false,""
2022-03-13T12:00:00.000000,Sweden,Sweden,SE,6.62,32.08,99.3,64.85,entsoe.eu,false,""
2022-03-13T13:00:00.000000,Sweden,Sweden,SE,4.11,28.63,99.59,64.69,entsoe.eu,false,""
2022-03-13T14:00:00.000000,Sweden,Sweden,SE,1.93,24.54,99.85,66.08,entsoe.eu,false,""
2022-03-13T15:00:00.000000,Sweden,Sweden,SE,1.86,23.99,99.86,66.75,entsoe.eu,false,""
2022-03-13T16:00:00.000000,Sweden,Sweden,SE,1.83,23.78,99.86,67.07,entsoe.eu,false,""
2022-03-13T17:00:00.000000,Sweden,Sweden,SE,1.85,24.16,99.86,67.44,entsoe.eu,false,""
2022-03-13T18:00:00.000000,Sweden,Sweden,SE,2.49,24.67,99.75,67.41,entsoe.eu,false,""
2022-03-13T19:00:00.000000,Sweden,Sweden,SE,2.78,24.36,99.68,67.19,entsoe.eu,false,""
2022-03-13T20:00:00.000000,Sweden,Sweden,SE,1.95,23.9,99.84,69.57,entsoe.eu,false,""
2022-03-13T21:00:00.000000,Sweden,Sweden,SE,1.71,23.03,99.87,69.82,entsoe.eu,false,""
2022-03-13T22:00:00.000000,Sweden,Sweden,SE,1.76,23.38,99.87,69.5,entsoe.eu,false,""
2022-03-13T23:00:00.000000,Sweden,Sweden,SE,1.74,23.14,99.87,68.71,entsoe.eu,false,""
2022-03-14T00:00:00.000000,Sweden,Sweden,SE,2.39,24.11,99.75,68.21,entsoe.eu,false,""
2022-03-14T01:00:00.000000,Sweden,Sweden,SE,2.84,24.75,99.67,68.46,entsoe.eu,false,""
2022-03-14T02:00:00.000000,Sweden,Sweden,SE,2.85,25.13,99.68,68.4,entsoe.eu,false,""
2022-03-14T03:00:00.000000,Sweden,Sweden,SE,2.43,24.74,99.76,67.17,entsoe.eu,false,""
2022-03-14T04:00:00.000000,Sweden,Sweden,SE,2.46,25.2,99.76,66.93,entsoe.eu,false,""
2022-03-14T05:00:00.000000,Sweden,Sweden,SE,1.94,24.74,99.85,68.5,entsoe.eu,false,""
2022-03-14T06:00:00.000000,Sweden,Sweden,SE,1.97,25.25,99.84,69.19,entsoe.eu,false,""
2022-03-14T07:00:00.000000,Sweden,Sweden,SE,2.21,25.95,99.8,69.4,entsoe.eu,false,""
2022-03-14T08:00:00.000000,Sweden,Sweden,SE,3.29,27.62,99.63,69.08,entsoe.eu,false,""
2022-03-14T09:00:00.000000,Sweden,Sweden,SE,3.16,27.67,99.66,67.74,entsoe.eu,false,""
2022-03-14T10:00:00.000000,Sweden,Sweden,SE,3.18,27.79,99.66,67.48,entsoe.eu,false,""
2022-03-14T11:00:00.000000,Sweden,Sweden,SE,3.27,27.8,99.64,66.94,entsoe.eu,false,""
2022-03-14T12:00:00.000000,Sweden,Sweden,SE,3.26,27.5,99.64,66.89,entsoe.eu,false,""
2022-03-14T13:00:00.000000,Sweden,Sweden,SE,3.18,27.05,99.65,66.92,entsoe.eu,false,""
2022-03-14T14:00:00.000000,Sweden,Sweden,SE,3.21,27.01,99.65,66.89,entsoe.eu,false,""
2022-03-14T15:00:00.000000,Sweden,Sweden,SE,3.23,26.8,99.64,66.62,entsoe.eu,false,""
2022-03-14T16:00:00.000000,Sweden,Sweden,SE,3.13,26.18,99.65,67.07,entsoe.eu,false,""
2022-03-14T17:00:00.000000,Sweden,Sweden,SE,3.11,26.39,99.65,66.93,entsoe.eu,false,""
2022-03-14T18:00:00.000000,Sweden,Sweden,SE,3.09,26.42,99.66,67.04,entsoe.eu,false,""
2022-03-14T19:00:00.000000,Sweden,Sweden,SE,3.06,26.61,99.67,66.42,entsoe.eu,false,""
2022-03-14T20:00:00.000000,Sweden,Sweden,SE,2.98,26.33,99.68,65.88,entsoe.eu,false,""
2022-03-14T21:00:00.000000,Sweden,Sweden,SE,3.02,26.56,99.68,65.64,entsoe.eu,false,""
2022-03-14T22:00:00.000000,Sweden,Sweden,SE,2.96,25.77,99.67,65.84,entsoe.eu,false,""
2022-03-14T23:00:00.000000,Sweden,Sweden,SE,2.86,24.96,99.68,65.71,entsoe.eu,false,""
2022-03-15T00:00:00.000000,Sweden,Sweden,SE,2.95,25.61,99.67,65.65,entsoe.eu,false,""
2022-03-15T01:00:00.000000,Sweden,Sweden,SE,3.02,26.0,99.66,65.61,entsoe.eu,false,""
2022-03-15T02:00:00.000000,Sweden,Sweden,SE,3.06,26.21,99.66,65.26,entsoe.eu,false,""
2022-03-15T03:00:00.000000,Sweden,Sweden,SE,3.13,26.48,99.65,65.18,entsoe.eu,false,""
2022-03-15T04:00:00.000000,Sweden,Sweden,SE,3.35,26.98,99.61,66.05,entsoe.eu,false,""
2022-03-15T05:00:00.000000,Sweden,Sweden,SE,3.2,26.99,99.64,67.44,entsoe.eu,false,""
2022-03-15T06:00:00.000000,Sweden,Sweden,SE,3.26,27.55,99.63,67.58,entsoe.eu,false,""
2022-03-15T07:00:00.000000,Sweden,Sweden,SE,3.32,28.0,99.62,67.56,entsoe.eu,false,""
2022-03-15T08:00:00.000000,Sweden,Sweden,SE,3.42,28.35,99.61,67.11,entsoe.eu,false,""
2022-03-15T09:00:00.000000,Sweden,Sweden,SE,3.88,28.92,99.53,66.18,entsoe.eu,false,""
2022-03-15T10:00:00.000000,Sweden,Sweden,SE,3.56,29.02,99.61,66.0,entsoe.eu,false,""
2022-03-15T11:00:00.000000,Sweden,Sweden,SE,3.48,28.95,99.62,66.32,entsoe.eu,false,""
2022-03-15T12:00:00.000000,Sweden,Sweden,SE,3.42,28.84,99.63,65.63,entsoe.eu,false,""
2022-03-15T13:00:00.000000,Sweden,Sweden,SE,3.4,28.72,99.64,65.25,entsoe.eu,false,""
2022-03-15T14:00:00.000000,Sweden,Sweden,SE,3.37,28.35,99.64,65.85,entsoe.eu,false,""
2022-03-15T15:00:00.000000,Sweden,Sweden,SE,3.33,27.83,99.64,66.0,entsoe.eu,false,""
2022-03-15T16:00:00.000000,Sweden,Sweden,SE,3.3,27.75,99.63,66.36,entsoe.eu,false,""
2022-03-15T17:00:00.000000,Sweden,Sweden,SE,2.93,28.06,99.7,66.28,entsoe.eu,false,""
2022-03-15T18:00:00.000000,Sweden,Sweden,SE,3.17,27.92,99.66,65.41,entsoe.eu,false,""
2022-03-15T19:00:00.000000,Sweden,Sweden,SE,3.16,27.59,99.67,64.54,entsoe.eu,false,""
2022-03-15T20:00:00.000000,Sweden,Sweden,SE,2.31,26.4,99.82,64.61,entsoe.eu,false,""
2022-03-15T21:00:00.000000,Sweden,Sweden,SE,2.93,27.03,99.7,64.3,entsoe.eu,false,""
2022-03-15T22:00:00.000000,Sweden,Sweden,SE,3.06,27.22,99.68,64.54,entsoe.eu,false,""
2022-03-15T23:00:00.000000,Sweden,Sweden,SE,3.11,27.22,99.67,63.92,entsoe.eu,false,""
2022-03-16T00:00:00.000000,Sweden,Sweden,SE,3.08,26.74,99.67,63.62,entsoe.eu,false,""
2022-03-16T01:00:00.000000,Sweden,Sweden,SE,3.07,26.6,99.67,64.12,entsoe.eu,false,""
2022-03-16T02:00:00.000000,Sweden,Sweden,SE,3.07,26.64,99.66,64.39,entsoe.eu,false,""
2022-03-16T03:00:00.000000,Sweden,Sweden,SE,3.14,27.23,99.66,64.65,entsoe.eu,false,""
2022-03-16T04:00:00.000000,Sweden,Sweden,SE,3.11,28.53,99.69,64.88,entsoe.eu,false,""
2022-03-16T05:00:00.000000,Sweden,Sweden,SE,3.44,29.56,99.64,65.7,entsoe.eu,false,""
2022-03-16T06:00:00.000000,Sweden,Sweden,SE,3.46,30.13,99.63,66.6,entsoe.eu,false,""
2022-03-16T07:00:00.000000,Sweden,Sweden,SE,3.44,30.31,99.63,67.51,entsoe.eu,false,""
2022-03-16T08:00:00.000000,Sweden,Sweden,SE,3.48,30.61,99.62,67.6,entsoe.eu,false,""
2022-03-16T09:00:00.000000,Sweden,Sweden,SE,3.54,31.09,99.62,67.17,entsoe.eu,false,""
2022-03-16T10:00:00.000000,Sweden,Sweden,SE,3.5,30.86,99.63,66.81,entsoe.eu,false,""
2022-03-16T11:00:00.000000,Sweden,Sweden,SE,3.47,30.83,99.64,66.06,entsoe.eu,false,""
2022-03-16T12:00:00.000000,Sweden,Sweden,SE,3.42,30.44,99.65,65.65,entsoe.eu,false,""
2022-03-16T13:00:00.000000,Sweden,Sweden,SE,3.29,29.32,99.66,65.7,entsoe.eu,false,""
2022-03-16T14:00:00.000000,Sweden,Sweden,SE,3.24,28.96,99.66,66.07,entsoe.eu,false,""
2022-03-16T15:00:00.000000,Sweden,Sweden,SE,3.22,28.53,99.65,66.89,entsoe.eu,false,""
2022-03-16T16:00:00.000000,Sweden,Sweden,SE,3.26,28.86,99.64,67.4,entsoe.eu,false,""
2022-03-16T17:00:00.000000,Sweden,Sweden,SE,3.09,28.9,99.67,67.42,entsoe.eu,false,""
2022-03-16T18:00:00.000000,Sweden,Sweden,SE,3.18,28.92,99.66,66.82,entsoe.eu,false,""
2022-03-16T19:00:00.000000,Sweden,Sweden,SE,3.09,28.16,99.68,67.21,entsoe.eu,false,""
2022-03-16T20:00:00.000000,Sweden,Sweden,SE,2.87,26.53,99.7,66.82,entsoe.eu,false,""
2022-03-16T21:00:00.000000,Sweden,Sweden,SE,2.81,25.9,99.7,66.92,entsoe.eu,false,""
2022-03-16T22:00:00.000000,Sweden,Sweden,SE,2.64,24.25,99.71,66.86,entsoe.eu,false,""
2022-03-16T23:00:00.000000,Sweden,Sweden,SE,2.62,23.62,99.7,65.52,entsoe.eu,false,""
2022-03-17T00:00:00.000000,Sweden,Sweden,SE,2.53,22.97,99.7,65.65,entsoe.eu,false,""
2022-03-17T01:00:00.000000,Sweden,Sweden,SE,2.48,22.51,99.71,65.3,entsoe.eu,false,""
2022-03-17T02:00:00.000000,Sweden,Sweden,SE,2.46,22.3,99.71,65.02,entsoe.eu,false,""
2022-03-17T03:00:00.000000,Sweden,Sweden,SE,2.45,22.6,99.71,65.0,entsoe.eu,false,""
2022-03-17T04:00:00.000000,Sweden,Sweden,SE,2.51,23.22,99.72,65.39,entsoe.eu,false,""
2022-03-17T05:00:00.000000,Sweden,Sweden,SE,2.63,24.58,99.72,66.28,entsoe.eu,false,""
2022-03-17T06:00:00.000000,Sweden,Sweden,SE,4.06,26.71,99.53,66.49,entsoe.eu,false,""
2022-03-17T07:00:00.000000,Sweden,Sweden,SE,3.9,27.09,99.55,67.02,entsoe.eu,false,""
2022-03-17T08:00:00.000000,Sweden,Sweden,SE,2.92,26.34,99.68,66.8,entsoe.eu,false,""
2022-03-17T09:00:00.000000,Sweden,Sweden,SE,2.96,26.56,99.67,66.98,entsoe.eu,false,""
2022-03-17T10:00:00.000000,Sweden,Sweden,SE,2.84,26.08,99.69,67.15,entsoe.eu,false,""
2022-03-17T11:00:00.000000,Sweden,Sweden,SE,1.84,24.19,99.86,68.16,entsoe.eu,false,""
2022-03-17T12:00:00.000000,Sweden,Sweden,SE,1.7,23.22,99.87,68.65,entsoe.eu,false,""
2022-03-17T13:00:00.000000,Sweden,Sweden,SE,1.97,23.45,99.82,68.17,entsoe.eu,false,""
2022-03-17T14:00:00.000000,Sweden,Sweden,SE,2.41,23.61,99.74,67.75,entsoe.eu,false,""
2022-03-17T15:00:00.000000,Sweden,Sweden,SE,1.65,22.29,99.87,68.05,entsoe.eu,false,""
2022-03-17T16:00:00.000000,Sweden,Sweden,SE,2.06,22.46,99.79,68.55,entsoe.eu,false,""
2022-03-17T17:00:00.000000,Sweden,Sweden,SE,2.31,22.89,99.74,68.58,entsoe.eu,false,""
2022-03-17T18:00:00.000000,Sweden,Sweden,SE,2.21,22.43,99.76,68.74,entsoe.eu,false,""
2022-03-17T19:00:00.000000,Sweden,Sweden,SE,2.13,22.2,99.77,68.1,entsoe.eu,false,""
2022-03-17T20:00:00.000000,Sweden,Sweden,SE,2.1,21.96,99.78,67.16,entsoe.eu,false,""
2022-03-17T21:00:00.000000,Sweden,Sweden,SE,1.71,20.92,99.84,66.26,entsoe.eu,false,""
2022-03-17T22:00:00.000000,Sweden,Sweden,SE,1.21,20.0,99.93,66.26,entsoe.eu,false,""
2022-03-17T23:00:00.000000,Sweden,Sweden,SE,1.21,19.77,99.92,66.05,entsoe.eu,false,""
2022-03-18T00:00:00.000000,Sweden,Sweden,SE,1.19,19.56,99.92,65.65,entsoe.eu,false,""
2022-03-18T01:00:00.000000,Sweden,Sweden,SE,1.27,19.82,99.91,65.82,entsoe.eu,false,""
2022-03-18T02:00:00.000000,Sweden,Sweden,SE,1.32,20.0,99.9,65.58,entsoe.eu,false,""
2022-03-18T03:00:00.000000,Sweden,Sweden,SE,1.46,20.58,99.88,64.97,entsoe.eu,false,""
2022-03-18T04:00:00.000000,Sweden,Sweden,SE,1.62,21.86,99.87,65.53,entsoe.eu,false,""
2022-03-18T05:00:00.000000,Sweden,Sweden,SE,1.81,23.7,99.86,66.3,entsoe.eu,false,""
2022-03-18T06:00:00.000000,Sweden,Sweden,SE,2.6,25.19,99.73,66.74,entsoe.eu,false,""
2022-03-18T07:00:00.000000,Sweden,Sweden,SE,2.71,25.68,99.72,67.11,entsoe.eu,false,""
2022-03-18T08:00:00.000000,Sweden,Sweden,SE,2.19,25.03,99.81,66.82,entsoe.eu,false,""
2022-03-18T09:00:00.000000,Sweden,Sweden,SE,1.94,24.89,99.85,66.51,entsoe.eu,false,""
2022-03-18T10:00:00.000000,Sweden,Sweden,SE,1.94,24.95,99.85,66.63,entsoe.eu,false,""
2022-03-18T11:00:00.000000,Sweden,Sweden,SE,1.97,25.2,99.85,65.99,entsoe.eu,false,""
2022-03-18T12:00:00.000000,Sweden,Sweden,SE,1.94,24.92,99.85,66.11,entsoe.eu,false,""
2022-03-18T13:00:00.000000,Sweden,Sweden,SE,1.92,24.95,99.86,65.32,entsoe.eu,false,""
2022-03-18T14:00:00.000000,Sweden,Sweden,SE,1.88,24.56,99.86,65.44,entsoe.eu,false,""
2022-03-18T15:00:00.000000,Sweden,Sweden,SE,1.89,24.4,99.86,65.83,entsoe.eu,false,""
2022-03-18T16:00:00.000000,Sweden,Sweden,SE,1.89,24.26,99.86,66.29,entsoe.eu,false,""
2022-03-18T17:00:00.000000,Sweden,Sweden,SE,1.97,24.57,99.84,66.81,entsoe.eu,false,""
2022-03-18T18:00:00.000000,Sweden,Sweden,SE,1.94,24.5,99.85,65.92,entsoe.eu,false,""
2022-03-18T19:00:00.000000,Sweden,Sweden,SE,2.45,24.92,99.76,64.58,entsoe.eu,false,""
2022-03-18T20:00:00.000000,Sweden,Sweden,SE,1.83,23.81,99.86,64.79,entsoe.eu,false,""
2022-03-18T21:00:00.000000,Sweden,Sweden,SE,2.26,23.56,99.77,64.27,entsoe.eu,false,""
2022-03-18T22:00:00.000000,Sweden,Sweden,SE,2.33,23.4,99.75,64.84,entsoe.eu,false,""
2022-03-18T23:00:00.000000,Sweden,Sweden,SE,2.62,23.83,99.7,64.81,entsoe.eu,false,""
2022-03-19T00:00:00.000000,Sweden,Sweden,SE,2.61,23.82,99.7,64.65,entsoe.eu,false,""
2022-03-19T01:00:00.000000,Sweden,Sweden,SE,2.62,23.92,99.7,64.5,entsoe.eu,false,""
2022-03-19T02:00:00.000000,Sweden,Sweden,SE,2.55,23.91,99.72,64.49,entsoe.eu,false,""
2022-03-19T03:00:00.000000,Sweden,Sweden,SE,2.5,24.14,99.73,64.67,entsoe.eu,false,""
2022-03-19T04:00:00.000000,Sweden,Sweden,SE,2.43,24.14,99.75,64.88,entsoe.eu,false,""
2022-03-19T05:00:00.000000,Sweden,Sweden,SE,2.46,24.81,99.76,64.94,entsoe.eu,false,""
2022-03-19T06:00:00.000000,Sweden,Sweden,SE,2.52,25.55,99.75,65.25,entsoe.eu,false,""
2022-03-19T07:00:00.000000,Sweden,Sweden,SE,2.5,25.5,99.76,64.9,entsoe.eu,false,""
2022-03-19T08:00:00.000000,Sweden,Sweden,SE,2.44,25.07,99.76,64.43,entsoe.eu,false,""
2022-03-19T09:00:00.000000,Sweden,Sweden,SE,2.46,25.18,99.75,64.05,entsoe.eu,false,""
2022-03-19T10:00:00.000000,Sweden,Sweden,SE,2.33,25.36,99.78,62.85,entsoe.eu,false,""
2022-03-19T11:00:00.000000,Sweden,Sweden,SE,2.16,25.16,99.81,62.84,entsoe.eu,false,""
2022-03-19T12:00:00.000000,Sweden,Sweden,SE,2.78,26.33,99.76,61.66,entsoe.eu,false,""
2022-03-19T13:00:00.000000,Sweden,Sweden,SE,3.34,27.34,99.68,61.36,entsoe.eu,false,""
2022-03-19T14:00:00.000000,Sweden,Sweden,SE,4.14,27.47,99.57,62.59,entsoe.eu,false,""
2022-03-19T15:00:00.000000,Sweden,Sweden,SE,2.56,25.61,99.75,63.19,entsoe.eu,false,""
2022-03-19T16:00:00.000000,Sweden,Sweden,SE,2.66,26.1,99.74,63.77,entsoe.eu,false,""
2022-03-19T17:00:00.000000,Sweden,Sweden,SE,2.45,26.05,99.78,64.2,entsoe.eu,false,""
2022-03-19T18:00:00.000000,Sweden,Sweden,SE,2.61,26.47,99.75,63.87,entsoe.eu,false,""
2022-03-19T19:00:00.000000,Sweden,Sweden,SE,2.65,26.33,99.75,64.16,entsoe.eu,false,""
2022-03-19T20:00:00.000000,Sweden,Sweden,SE,2.66,26.01,99.74,64.25,entsoe.eu,false,""
2022-03-19T21:00:00.000000,Sweden,Sweden,SE,2.68,25.91,99.73,62.94,entsoe.eu,false,""
2022-03-19T22:00:00.000000,Sweden,Sweden,SE,2.61,25.32,99.73,63.01,entsoe.eu,false,""
2022-03-19T23:00:00.000000,Sweden,Sweden,SE,2.61,24.87,99.72,63.28,entsoe.eu,false,""
2022-03-20T00:00:00.000000,Sweden,Sweden,SE,2.63,24.78,99.72,63.14,entsoe.eu,false,""
2022-03-20T01:00:00.000000,Sweden,Sweden,SE,2.65,24.8,99.72,62.87,entsoe.eu,false,""
2022-03-20T02:00:00.000000,Sweden,Sweden,SE,2.65,24.86,99.72,63.03,entsoe.eu,false,""
2022-03-20T03:00:00.000000,Sweden,Sweden,SE,2.72,25.37,99.71,62.73,entsoe.eu,false,""
2022-03-20T04:00:00.000000,Sweden,Sweden,SE,2.77,25.73,99.71,62.71,entsoe.eu,false,""
2022-03-20T05:00:00.000000,Sweden,Sweden,SE,2.79,26.05,99.71,62.8,entsoe.eu,false,""
2022-03-20T06:00:00.000000,Sweden,Sweden,SE,2.83,26.5,99.71,61.42,entsoe.eu,false,""
2022-03-20T07:00:00.000000,Sweden,Sweden,SE,7.69,33.0,99.14,59.17,entsoe.eu,false,""
2022-03-20T08:00:00.000000,Sweden,Sweden,SE,9.3,35.2,98.98,59.37,entsoe.eu,false,""
2022-03-20T09:00:00.000000,Sweden,Sweden,SE,9.89,36.46,98.9,59.36,entsoe.eu,false,""
2022-03-20T10:00:00.000000,Sweden,Sweden,SE,11.76,38.91,98.66,60.73,entsoe.eu,false,""
2022-03-20T11:00:00.000000,Sweden,Sweden,SE,13.31,41.07,98.48,60.99,entsoe.eu,false,""
2022-03-20T12:00:00.000000,Sweden,Sweden,SE,15.71,44.39,98.2,60.94,entsoe.eu,false,""
2022-03-20T13:00:00.000000,Sweden,Sweden,SE,14.79,42.58,98.31,60.38,entsoe.eu,false,""
2022-03-20T14:00:00.000000,Sweden,Sweden,SE,14.35,41.45,98.36,60.35,entsoe.eu,false,""
2022-03-20T15:00:00.000000,Sweden,Sweden,SE,7.25,31.96,99.22,61.55,entsoe.eu,false,""
2022-03-20T16:00:00.000000,Sweden,Sweden,SE,1.97,24.31,99.84,64.52,entsoe.eu,false,""
2022-03-20T17:00:00.000000,Sweden,Sweden,SE,2.6,24.97,99.72,65.33,entsoe.eu,false,""
2022-03-20T18:00:00.000000,Sweden,Sweden,SE,2.65,25.27,99.72,65.51,entsoe.eu,false,""
2022-03-20T19:00:00.000000,Sweden,Sweden,SE,2.61,25.29,99.73,65.17,entsoe.eu,false,""
2022-03-20T20:00:00.000000,Sweden,Sweden,SE,2.34,24.42,99.77,64.47,entsoe.eu,false,""
2022-03-20T21:00:00.000000,Sweden,Sweden,SE,1.74,23.32,99.88,64.59,entsoe.eu,false,""
2022-03-20T22:00:00.000000,Sweden,Sweden,SE,1.73,23.08,99.87,64.75,entsoe.eu,false,""
2022-03-20T23:00:00.000000,Sweden,Sweden,SE,1.68,23.0,99.88,64.85,entsoe.eu,false,""
2022-03-21T00:00:00.000000,Sweden,Sweden,SE,1.67,22.77,99.88,64.8,entsoe.eu,false,""
2022-03-21T01:00:00.000000,Sweden,Sweden,SE,2.38,23.84,99.74,64.11,entsoe.eu,false,""
2022-03-21T02:00:00.000000,Sweden,Sweden,SE,2.55,24.34,99.72,63.95,entsoe.eu,false,""
2022-03-21T03:00:00.000000,Sweden,Sweden,SE,2.53,24.94,99.73,64.21,entsoe.eu,false,""
2022-03-21T04:00:00.000000,Sweden,Sweden,SE,2.65,25.97,99.73,65.51,entsoe.eu,false,""
2022-03-21T05:00:00.000000,Sweden,Sweden,SE,2.69,26.69,99.74,66.04,entsoe.eu,false,""
2022-03-21T06:00:00.000000,Sweden,Sweden,SE,2.73,27.08,99.73,66.58,entsoe.eu,false,""
2022-03-21T07:00:00.000000,Sweden,Sweden,SE,2.78,27.53,99.72,67.16,entsoe.eu,false,""
2022-03-21T08:00:00.000000,Sweden,Sweden,SE,2.98,28.48,99.7,66.6,entsoe.eu,false,""
2022-03-21T09:00:00.000000,Sweden,Sweden,SE,2.89,28.27,99.72,64.48,entsoe.eu,false,""
2022-03-21T10:00:00.000000,Sweden,Sweden,SE,2.84,28.09,99.73,65.01,entsoe.eu,false,""
2022-03-21T11:00:00.000000,Sweden,Sweden,SE,2.57,27.59,99.77,65.12,entsoe.eu,false,""
2022-03-21T12:00:00.000000,Sweden,Sweden,SE,2.51,26.92,99.77,64.68,entsoe.eu,false,""
2022-03-21T13:00:00.000000,Sweden,Sweden,SE,2.49,26.42,99.77,64.52,entsoe.eu,false,""
2022-03-21T14:00:00.000000,Sweden,Sweden,SE,2.26,25.97,99.81,64.52,entsoe.eu,false,""
2022-03-21T15:00:00.000000,Sweden,Sweden,SE,2.04,25.66,99.85,64.61,entsoe.eu,false,""
2022-03-21T16:00:00.000000,Sweden,Sweden,SE,2.62,26.57,99.75,65.08,entsoe.eu,false,""
2022-03-21T17:00:00.000000,Sweden,Sweden,SE,2.85,26.51,99.7,66.46,entsoe.eu,false,""
2022-03-21T18:00:00.000000,Sweden,Sweden,SE,3.53,27.16,99.57,66.46,entsoe.eu,false,""
2022-03-21T19:00:00.000000,Sweden,Sweden,SE,3.77,27.7,99.53,66.71,entsoe.eu,false,""
2022-03-21T20:00:00.000000,Sweden,Sweden,SE,3.68,27.26,99.53,66.4,entsoe.eu,false,""
2022-03-21T21:00:00.000000,Sweden,Sweden,SE,3.71,27.06,99.53,65.45,entsoe.eu,false,""
2022-03-21T22:00:00.000000,Sweden,Sweden,SE,3.64,25.79,99.52,64.65,entsoe.eu,false,""
2022-03-21T23:00:00.000000,Sweden,Sweden,SE,3.52,25.06,99.53,64.5,entsoe.eu,false,""
2022-03-22T00:00:00.000000,Sweden,Sweden,SE,2.78,24.25,99.67,64.49,entsoe.eu,false,""
2022-03-22T01:00:00.000000,Sweden,Sweden,SE,2.74,24.91,99.69,63.95,entsoe.eu,false,""
2022-03-22T02:00:00.000000,Sweden,Sweden,SE,2.67,25.49,99.72,64.08,entsoe.eu,false,""
2022-03-22T03:00:00.000000,Sweden,Sweden,SE,3.06,26.37,99.66,64.7,entsoe.eu,false,""
2022-03-22T04:00:00.000000,Sweden,Sweden,SE,3.06,26.8,99.68,64.46,entsoe.eu,false,""
2022-03-22T05:00:00.000000,Sweden,Sweden,SE,2.28,26.32,99.81,66.45,entsoe.eu,false,""
2022-03-22T06:00:00.000000,Sweden,Sweden,SE,2.53,26.74,99.76,67.03,entsoe.eu,false,""
2022-03-22T07:00:00.000000,Sweden,Sweden,SE,2.88,27.67,99.72,66.25,entsoe.eu,false,""
2022-03-22T08:00:00.000000,Sweden,Sweden,SE,2.81,27.98,99.75,64.8,entsoe.eu,false,""
2022-03-22T09:00:00.000000,Sweden,Sweden,SE,2.72,28.02,99.76,65.01,entsoe.eu,false,""
2022-03-22T10:00:00.000000,Sweden,Sweden,SE,3.02,28.34,99.71,65.32,entsoe.eu,false,""
2022-03-22T11:00:00.000000,Sweden,Sweden,SE,3.1,28.08,99.68,65.55,entsoe.eu,false,""
2022-03-22T12:00:00.000000,Sweden,Sweden,SE,2.98,27.91,99.7,65.1,entsoe.eu,false,""
2022-03-22T13:00:00.000000,Sweden,Sweden,SE,2.68,27.14,99.75,65.03,entsoe.eu,false,""
2022-03-22T14:00:00.000000,Sweden,Sweden,SE,2.79,27.17,99.73,64.53,entsoe.eu,false,""
2022-03-22T15:00:00.000000,Sweden,Sweden,SE,2.55,26.85,99.77,64.24,entsoe.eu,false,""
2022-03-22T16:00:00.000000,Sweden,Sweden,SE,2.9,27.05,99.7,65.62,entsoe.eu,false,""
2022-03-22T17:00:00.000000,Sweden,Sweden,SE,2.86,26.7,99.71,65.87,entsoe.eu,false,""
2022-03-22T18:00:00.000000,Sweden,Sweden,SE,2.79,26.09,99.71,67.07,entsoe.eu,false,""
2022-03-22T19:00:00.000000,Sweden,Sweden,SE,2.8,26.17,99.7,67.16,entsoe.eu,false,""
2022-03-22T20:00:00.000000,Sweden,Sweden,SE,2.7,26.01,99.72,66.62,entsoe.eu,false,""
2022-03-22T21:00:00.000000,Sweden,Sweden,SE,2.66,25.38,99.72,65.71,entsoe.eu,false,""
2022-03-22T22:00:00.000000,Sweden,Sweden,SE,2.62,24.58,99.71,65.13,entsoe.eu,false,""
2022-03-22T23:00:00.000000,Sweden,Sweden,SE,2.2,23.9,99.79,64.74,entsoe.eu,false,""
2022-03-23T00:00:00.000000,Sweden,Sweden,SE,1.76,23.67,99.87,64.35,entsoe.eu,false,""
2022-03-23T01:00:00.000000,Sweden,Sweden,SE,1.74,23.58,99.87,64.93,entsoe.eu,false,""
2022-03-23T02:00:00.000000,Sweden,Sweden,SE,1.79,23.98,99.87,65.17,entsoe.eu,false,""
2022-03-23T03:00:00.000000,Sweden,Sweden,SE,1.9,25.01,99.87,64.91,entsoe.eu,false,""
2022-03-23T04:00:00.000000,Sweden,Sweden,SE,2.0,25.9,99.86,65.08,entsoe.eu,false,""
2022-03-23T05:00:00.000000,Sweden,Sweden,SE,2.01,26.14,99.86,65.2,entsoe.eu,false,""
2022-03-23T06:00:00.000000,Sweden,Sweden,SE,2.05,26.46,99.85,66.74,entsoe.eu,false,""
2022-03-23T07:00:00.000000,Sweden,Sweden,SE,2.1,26.82,99.84,67.06,entsoe.eu,false,""
2022-03-23T08:00:00.000000,Sweden,Sweden,SE,2.39,27.48,99.77,66.23,entsoe.eu,false,""
2022-03-23T09:00:00.000000,Sweden,Sweden,SE,2.12,27.2,99.86,65.65,entsoe.eu,false,""
2022-03-23T10:00:00.000000,Sweden,Sweden,SE,2.6,27.75,99.78,65.43,entsoe.eu,false,""
2022-03-23T11:00:00.000000,Sweden,Sweden,SE,3.2,28.33,99.68,64.98,entsoe.eu,false,""
2022-03-23T12:00:00.000000,Sweden,Sweden,SE,3.07,27.73,99.69,65.27,entsoe.eu,false,""
2022-03-23T13:00:00.000000,Sweden,Sweden,SE,2.81,27.3,99.73,65.18,entsoe.eu,false,""
2022-03-23T14:00:00.000000,Sweden,Sweden,SE,2.93,27.17,99.71,65.2,entsoe.eu,false,""
2022-03-23T15:00:00.000000,Sweden,Sweden,SE,2.88,26.94,99.71,65.47,entsoe.eu,false,""
2022-03-23T16:00:00.000000,Sweden,Sweden,SE,2.79,26.54,99.73,65.98,entsoe.eu,false,""
2022-03-23T17:00:00.000000,Sweden,Sweden,SE,2.59,26.33,99.76,65.77,entsoe.eu,false,""
2022-03-23T18:00:00.000000,Sweden,Sweden,SE,2.66,26.24,99.74,66.16,entsoe.eu,false,""
2022-03-23T19:00:00.000000,Sweden,Sweden,SE,2.55,25.56,99.74,66.42,entsoe.eu,false,""
2022-03-23T20:00:00.000000,Sweden,Sweden,SE,2.49,25.1,99.75,65.56,entsoe.eu,false,""
2022-03-23T21:00:00.000000,Sweden,Sweden,SE,2.34,23.75,99.76,65.02,entsoe.eu,false,""
2022-03-23T22:00:00.000000,Sweden,Sweden,SE,2.15,22.25,99.78,65.27,entsoe.eu,false,""
2022-03-23T23:00:00.000000,Sweden,Sweden,SE,2.13,21.84,99.77,65.25,entsoe.eu,false,""
2022-03-24T00:00:00.000000,Sweden,Sweden,SE,2.15,21.83,99.77,64.61,entsoe.eu,false,""
2022-03-24T01:00:00.000000,Sweden,Sweden,SE,2.13,21.79,99.77,64.54,entsoe.eu,false,""
2022-03-24T02:00:00.000000,Sweden,Sweden,SE,2.16,21.88,99.77,64.37,entsoe.eu,false,""
2022-03-24T03:00:00.000000,Sweden,Sweden,SE,2.31,22.64,99.74,64.54,entsoe.eu,false,""
2022-03-24T04:00:00.000000,Sweden,Sweden,SE,2.53,24.67,99.74,65.13,entsoe.eu,false,""
2022-03-24T05:00:00.000000,Sweden,Sweden,SE,2.72,25.97,99.73,65.94,entsoe.eu,false,""
2022-03-24T06:00:00.000000,Sweden,Sweden,SE,3.02,26.91,99.68,66.18,entsoe.eu,false,""
2022-03-24T07:00:00.000000,Sweden,Sweden,SE,3.34,27.95,99.63,65.75,entsoe.eu,false,""
2022-03-24T08:00:00.000000,Sweden,Sweden,SE,2.95,27.86,99.71,65.49,entsoe.eu,false,""
2022-03-24T09:00:00.000000,Sweden,Sweden,SE,2.12,27.06,99.85,65.11,entsoe.eu,false,""
2022-03-24T10:00:00.000000,Sweden,Sweden,SE,2.0,26.55,99.87,65.59,entsoe.eu,false,""
2022-03-24T11:00:00.000000,Sweden,Sweden,SE,1.99,26.28,99.87,65.58,entsoe.eu,false,""
2022-03-24T12:00:00.000000,Sweden,Sweden,SE,1.97,26.17,99.87,65.86,entsoe.eu,false,""
2022-03-24T13:00:00.000000,Sweden,Sweden,SE,1.91,25.46,99.87,66.36,entsoe.eu,false,""
2022-03-24T14:00:00.000000,Sweden,Sweden,SE,1.89,25.11,99.87,66.6,entsoe.eu,false,""
2022-03-24T15:00:00.000000,Sweden,Sweden,SE,1.88,24.9,99.87,66.65,entsoe.eu,false,""
2022-03-24T16:00:00.000000,Sweden,Sweden,SE,1.86,24.6,99.87,66.85,entsoe.eu,false,""
2022-03-24T17:00:00.000000,Sweden,Sweden,SE,1.85,24.57,99.86,67.71,entsoe.eu,false,""
2022-03-24T18:00:00.000000,Sweden,Sweden,SE,2.29,25.02,99.79,67.08,entsoe.eu,false,""
2022-03-24T19:00:00.000000,Sweden,Sweden,SE,2.82,25.49,99.68,66.81,entsoe.eu,false,""
2022-03-24T20:00:00.000000,Sweden,Sweden,SE,2.61,24.96,99.72,66.5,entsoe.eu,false,""
2022-03-24T21:00:00.000000,Sweden,Sweden,SE,1.71,23.51,99.88,66.56,entsoe.eu,false,""
2022-03-24T22:00:00.000000,Sweden,Sweden,SE,1.57,22.35,99.89,66.45,entsoe.eu,false,""
2022-03-24T23:00:00.000000,Sweden,Sweden,SE,1.51,21.75,99.89,66.17,entsoe.eu,false,""
2022-03-25T00:00:00.000000,Sweden,Sweden,SE,1.5,21.58,99.89,65.56,entsoe.eu,false,""
2022-03-25T01:00:00.000000,Sweden,Sweden,SE,1.51,21.68,99.89,65.94,entsoe.eu,false,""
2022-03-25T02:00:00.000000,Sweden,Sweden,SE,1.49,21.61,99.9,65.32,entsoe.eu,false,""
2022-03-25T03:00:00.000000,Sweden,Sweden,SE,1.51,22.0,99.9,65.66,entsoe.eu,false,""
2022-03-25T04:00:00.000000,Sweden,Sweden,SE,1.55,22.41,99.89,66.59,entsoe.eu,false,""
2022-03-25T05:00:00.000000,Sweden,Sweden,SE,1.65,23.13,99.88,68.09,entsoe.eu,false,""
2022-03-25T06:00:00.000000,Sweden,Sweden,SE,1.75,24.09,99.88,68.29,entsoe.eu,false,""
2022-03-25T07:00:00.000000,Sweden,Sweden,SE,1.81,24.61,99.87,68.65,entsoe.eu,false,""
2022-03-25T08:00:00.000000,Sweden,Sweden,SE,1.84,24.99,99.87,68.13,entsoe.eu,false,""
2022-03-25T09:00:00.000000,Sweden,Sweden,SE,1.86,25.21,99.87,68.15,entsoe.eu,false,""
2022-03-25T10:00:00.000000,Sweden,Sweden,SE,1.74,24.56,99.88,68.14,entsoe.eu,false,""
2022-03-25T11:00:00.000000,Sweden,Sweden,SE,1.63,23.45,99.89,68.07,entsoe.eu,false,""
2022-03-25T12:00:00.000000,Sweden,Sweden,SE,1.55,22.71,99.89,67.86,entsoe.eu,false,""
2022-03-25T13:00:00.000000,Sweden,Sweden,SE,1.53,22.53,99.89,67.42,entsoe.eu,false,""
2022-03-25T14:00:00.000000,Sweden,Sweden,SE,1.4,21.21,99.9,66.75,entsoe.eu,false,""
2022-03-25T15:00:00.000000,Sweden,Sweden,SE,1.4,20.85,99.89,67.26,entsoe.eu,false,""
2022-03-25T16:00:00.000000,Sweden,Sweden,SE,1.41,20.57,99.89,67.93,entsoe.eu,false,""
2022-03-25T17:00:00.000000,Sweden,Sweden,SE,1.39,20.45,99.89,68.47,entsoe.eu,false,""
2022-03-25T18:00:00.000000,Sweden,Sweden,SE,1.42,20.82,99.89,68.21,entsoe.eu,false,""
2022-03-25T19:00:00.000000,Sweden,Sweden,SE,1.29,19.86,99.9,68.19,entsoe.eu,false,""
2022-03-25T20:00:00.000000,Sweden,Sweden,SE,1.29,19.75,99.9,68.19,entsoe.eu,false,""
2022-03-25T21:00:00.000000,Sweden,Sweden,SE,1.29,19.64,99.9,67.53,entsoe.eu,false,""
2022-03-25T22:00:00.000000,Sweden,Sweden,SE,1.19,19.06,99.91,66.68,entsoe.eu,false,""
2022-03-25T23:00:00.000000,Sweden,Sweden,SE,1.12,18.9,99.93,64.43,entsoe.eu,false,""
2022-03-26T00:00:00.000000,Sweden,Sweden,SE,1.08,18.82,99.93,63.74,entsoe.eu,false,""
2022-03-26T01:00:00.000000,Sweden,Sweden,SE,1.08,18.84,99.93,63.45,entsoe.eu,false,""
2022-03-26T02:00:00.000000,Sweden,Sweden,SE,1.08,18.85,99.93,63.73,entsoe.eu,false,""
2022-03-26T03:00:00.000000,Sweden,Sweden,SE,1.1,18.98,99.93,63.46,entsoe.eu,false,""
2022-03-26T04:00:00.000000,Sweden,Sweden,SE,1.76,19.57,99.82,63.94,entsoe.eu,false,""
2022-03-26T05:00:00.000000,Sweden,Sweden,SE,1.81,19.8,99.81,64.66,entsoe.eu,false,""
2022-03-26T06:00:00.000000,Sweden,Sweden,SE,1.74,20.0,99.82,65.55,entsoe.eu,false,""
2022-03-26T07:00:00.000000,Sweden,Sweden,SE,1.8,20.35,99.81,64.58,entsoe.eu,false,""
2022-03-26T08:00:00.000000,Sweden,Sweden,SE,1.56,20.58,99.86,64.33,entsoe.eu,false,""
2022-03-26T09:00:00.000000,Sweden,Sweden,SE,1.2,19.99,99.92,64.95,entsoe.eu,false,""
2022-03-26T10:00:00.000000,Sweden,Sweden,SE,1.17,20.08,99.93,65.21,entsoe.eu,false,""
2022-03-26T11:00:00.000000,Sweden,Sweden,SE,1.32,20.16,99.9,64.6,entsoe.eu,false,""
2022-03-26T12:00:00.000000,Sweden,Sweden,SE,1.33,20.1,99.9,64.24,entsoe.eu,false,""
2022-03-26T13:00:00.000000,Sweden,Sweden,SE,1.37,20.26,99.9,63.45,entsoe.eu,false,""
2022-03-26T14:00:00.000000,Sweden,Sweden,SE,1.33,20.6,99.91,63.14,entsoe.eu,false,""
2022-03-26T15:00:00.000000,Sweden,Sweden,SE,1.52,21.47,99.88,63.51,entsoe.eu,false,""
2022-03-26T16:00:00.000000,Sweden,Sweden,SE,1.65,22.44,99.88,64.61,entsoe.eu,false,""
2022-03-26T17:00:00.000000,Sweden,Sweden,SE,1.79,23.63,99.87,65.49,entsoe.eu,false,""
2022-03-26T18:00:00.000000,Sweden,Sweden,SE,1.92,24.77,99.86,64.6,entsoe.eu,false,""
2022-03-26T19:00:00.000000,Sweden,Sweden,SE,1.95,24.92,99.86,64.45,entsoe.eu,false,""
2022-03-26T20:00:00.000000,Sweden,Sweden,SE,1.98,25.1,99.86,63.7,entsoe.eu,false,""
2022-03-26T21:00:00.000000,Sweden,Sweden,SE,2.0,25.09,99.85,63.54,entsoe.eu,false,""
2022-03-26T22:00:00.000000,Sweden,Sweden,SE,1.97,24.89,99.85,64.57,entsoe.eu,false,""
2022-03-26T23:00:00.000000,Sweden,Sweden,SE,1.98,24.84,99.85,65.03,entsoe.eu,false,""
2022-03-27T00:00:00.000000,Sweden,Sweden,SE,1.99,24.6,99.84,65.14,entsoe.eu,false,""
2022-03-27T01:00:00.000000,Sweden,Sweden,SE,2.37,25.45,99.8,64.24,entsoe.eu,false,""
2022-03-27T02:00:00.000000,Sweden,Sweden,SE,1.98,24.63,99.85,64.76,entsoe.eu,false,""
2022-03-27T03:00:00.000000,Sweden,Sweden,SE,1.88,24.51,99.87,64.81,entsoe.eu,false,""
2022-03-27T04:00:00.000000,Sweden,Sweden,SE,1.95,24.56,99.85,64.69,entsoe.eu,false,""
2022-03-27T05:00:00.000000,Sweden,Sweden,SE,1.9,24.47,99.86,65.7,entsoe.eu,false,""
2022-03-27T06:00:00.000000,Sweden,Sweden,SE,1.94,24.82,99.86,66.33,entsoe.eu,false,""
2022-03-27T07:00:00.000000,Sweden,Sweden,SE,1.96,25.15,99.86,66.09,entsoe.eu,false,""
2022-03-27T08:00:00.000000,Sweden,Sweden,SE,1.94,25.12,99.86,65.91,entsoe.eu,false,""
2022-03-27T09:00:00.000000,Sweden,Sweden,SE,1.85,24.63,99.87,66.0,entsoe.eu,false,""
2022-03-27T10:00:00.000000,Sweden,Sweden,SE,1.72,23.77,99.88,66.16,entsoe.eu,false,""
2022-03-27T11:00:00.000000,Sweden,Sweden,SE,1.7,23.47,99.88,65.9,entsoe.eu,false,""
2022-03-27T12:00:00.000000,Sweden,Sweden,SE,1.63,22.9,99.88,65.72,entsoe.eu,false,""
2022-03-27T13:00:00.000000,Sweden,Sweden,SE,1.52,22.0,99.89,66.28,entsoe.eu,false,""
2022-03-27T14:00:00.000000,Sweden,Sweden,SE,1.47,21.31,99.89,66.9,entsoe.eu,false,""
2022-03-27T15:00:00.000000,Sweden,Sweden,SE,1.43,20.96,99.89,67.02,entsoe.eu,false,""
2022-03-27T16:00:00.000000,Sweden,Sweden,SE,1.38,20.43,99.89,67.7,entsoe.eu,false,""
2022-03-27T17:00:00.000000,Sweden,Sweden,SE,1.4,20.53,99.89,67.4,entsoe.eu,false,""
2022-03-27T18:00:00.000000,Sweden,Sweden,SE,1.41,20.66,99.89,67.26,entsoe.eu,false,""
2022-03-27T19:00:00.000000,Sweden,Sweden,SE,1.4,20.64,99.89,66.65,entsoe.eu,false,""
2022-03-27T20:00:00.000000,Sweden,Sweden,SE,1.3,20.03,99.9,67.21,entsoe.eu,false,""
2022-03-27T21:00:00.000000,Sweden,Sweden,SE,1.23,19.76,99.91,66.48,svk.se,true,ESTIMATED_FORECASTS_HIERARCHY
2022-03-27T22:00:00.000000,Sweden,Sweden,SE,1.16,19.55,99.93,65.3,entsoe.eu,false,""
2022-03-27T23:00:00.000000,Sweden,Sweden,SE,1.19,19.76,99.93,65.48,entsoe.eu,false,""
2022-03-28T00:00:00.000000,Sweden,Sweden,SE,1.19,19.84,99.93,65.83,entsoe.eu,false,""
2022-03-28T01:00:00.000000,Sweden,Sweden,SE,1.17,19.63,99.93,65.68,entsoe.eu,false,""
2022-03-28T02:00:00.000000,Sweden,Sweden,SE,1.19,19.79,99.92,65.95,entsoe.eu,false,""
2022-03-28T03:00:00.000000,Sweden,Sweden,SE,1.29,20.32,99.91,66.73,entsoe.eu,false,""
2022-03-28T04:00:00.000000,Sweden,Sweden,SE,1.37,20.93,99.91,68.42,entsoe.eu,false,""
2022-03-28T05:00:00.000000,Sweden,Sweden,SE,1.42,21.44,99.9,68.21,entsoe.eu,false,""
2022-03-28T06:00:00.000000,Sweden,Sweden,SE,1.43,21.61,99.9,68.7,entsoe.eu,false,""
2022-03-28T07:00:00.000000,Sweden,Sweden,SE,1.39,21.39,99.9,69.08,entsoe.eu,false,""
2022-03-28T08:00:00.000000,Sweden,Sweden,SE,1.39,21.2,99.9,68.9,entsoe.eu,false,""
2022-03-28T09:00:00.000000,Sweden,Sweden,SE,1.39,21.37,99.9,68.94,entsoe.eu,false,""
2022-03-28T10:00:00.000000,Sweden,Sweden,SE,1.4,21.69,99.91,68.29,entsoe.eu,false,""
2022-03-28T11:00:00.000000,Sweden,Sweden,SE,1.37,21.64,99.91,68.79,entsoe.eu,false,""
2022-03-28T12:00:00.000000,Sweden,Sweden,SE,1.38,21.74,99.91,68.98,entsoe.eu,false,""
2022-03-28T13:00:00.000000,Sweden,Sweden,SE,1.41,21.79,99.91,68.61,entsoe.eu,false,""
2022-03-28T14:00:00.000000,Sweden,Sweden,SE,1.46,21.85,99.9,68.92,entsoe.eu,false,""
2022-03-28T15:00:00.000000,Sweden,Sweden,SE,1.49,21.8,99.89,68.81,entsoe.eu,false,""
2022-03-28T16:00:00.000000,Sweden,Sweden,SE,1.47,21.66,99.9,69.13,entsoe.eu,false,""
2022-03-28T17:00:00.000000,Sweden,Sweden,SE,1.56,22.15,99.89,68.45,entsoe.eu,false,""
2022-03-28T18:00:00.000000,Sweden,Sweden,SE,1.57,22.28,99.89,66.71,entsoe.eu,false,""
2022-03-28T19:00:00.000000,Sweden,Sweden,SE,1.58,22.38,99.89,65.92,entsoe.eu,false,""
2022-03-28T20:00:00.000000,Sweden,Sweden,SE,1.53,21.95,99.89,66.36,entsoe.eu,false,""
2022-03-28T21:00:00.000000,Sweden,Sweden,SE,1.51,21.85,99.9,65.86,entsoe.eu,false,""
2022-03-28T22:00:00.000000,Sweden,Sweden,SE,1.86,22.49,99.84,66.51,entsoe.eu,false,""
2022-03-28T23:00:00.000000,Sweden,Sweden,SE,2.66,23.78,99.7,65.95,entsoe.eu,false,""
2022-03-29T00:00:00.000000,Sweden,Sweden,SE,2.7,23.91,99.69,65.88,entsoe.eu,false,""
2022-03-29T01:00:00.000000,Sweden,Sweden,SE,2.76,24.24,99.69,65.96,entsoe.eu,false,""
2022-03-29T02:00:00.000000,Sweden,Sweden,SE,2.83,24.96,99.69,66.2,entsoe.eu,false,""
2022-03-29T03:00:00.000000,Sweden,Sweden,SE,2.96,25.93,99.68,66.28,entsoe.eu,false,""
2022-03-29T04:00:00.000000,Sweden,Sweden,SE,3.04,26.61,99.67,66.42,entsoe.eu,false,""
2022-03-29T05:00:00.000000,Sweden,Sweden,SE,3.11,27.04,99.65,67.44,entsoe.eu,false,""
2022-03-29T06:00:00.000000,Sweden,Sweden,SE,2.84,27.06,99.69,67.96,entsoe.eu,false,""
2022-03-29T07:00:00.000000,Sweden,Sweden,SE,2.43,26.5,99.77,68.28,entsoe.eu,false,""
2022-03-29T08:00:00.000000,Sweden,Sweden,SE,2.0,26.0,99.84,68.08,entsoe.eu,false,""
2022-03-29T09:00:00.000000,Sweden,Sweden,SE,2.03,26.38,99.85,67.19,entsoe.eu,false,""
2022-03-29T10:00:00.000000,Sweden,Sweden,SE,2.96,27.75,99.69,65.61,entsoe.eu,false,""
2022-03-29T11:00:00.000000,Sweden,Sweden,SE,5.01,30.57,99.41,64.65,entsoe.eu,false,""
2022-03-29T12:00:00.000000,Sweden,Sweden,SE,6.15,31.94,99.26,64.88,entsoe.eu,false,""
2022-03-29T13:00:00.000000,Sweden,Sweden,SE,4.57,29.85,99.47,64.91,entsoe.eu,false,""
2022-03-29T14:00:00.000000,Sweden,Sweden,SE,3.09,27.85,99.68,64.67,entsoe.eu,false,""
2022-03-29T15:00:00.000000,Sweden,Sweden,SE,2.89,27.39,99.7,65.79,entsoe.eu,false,""
2022-03-29T16:00:00.000000,Sweden,Sweden,SE,2.13,26.24,99.83,66.94,entsoe.eu,false,""
2022-03-29T17:00:00.000000,Sweden,Sweden,SE,2.57,26.58,99.74,67.77,entsoe.eu,false,""
2022-03-29T18:00:00.000000,Sweden,Sweden,SE,3.05,27.27,99.67,67.18,entsoe.eu,false,""
2022-03-29T19:00:00.000000,Sweden,Sweden,SE,3.47,27.8,99.6,65.81,entsoe.eu,false,""
2022-03-29T20:00:00.000000,Sweden,Sweden,SE,3.62,28.04,99.58,65.88,entsoe.eu,false,""
2022-03-29T21:00:00.000000,Sweden,Sweden,SE,3.79,27.96,99.53,66.49,entsoe.eu,false,""
2022-03-29T22:00:00.000000,Sweden,Sweden,SE,3.29,27.82,99.63,65.84,entsoe.eu,false,""
2022-03-29T23:00:00.000000,Sweden,Sweden,SE,14.49,40.35,98.31,64.66,entsoe.eu,false,""
2022-03-30T00:00:00.000000,Sweden,Sweden,SE,13.54,39.45,98.3,65.35,entsoe.eu,false,""
2022-03-30T01:00:00.000000,Sweden,Sweden,SE,12.87,39.07,98.27,65.28,entsoe.eu,false,""
2022-03-30T02:00:00.000000,Sweden,Sweden,SE,18.16,45.12,97.76,65.03,entsoe.eu,false,""
2022-03-30T03:00:00.000000,Sweden,Sweden,SE,3.9,30.59,99.54,66.16,entsoe.eu,false,""
2022-03-30T04:00:00.000000,Sweden,Sweden,SE,3.89,30.64,99.55,67.34,entsoe.eu,false,""
2022-03-30T05:00:00.000000,Sweden,Sweden,SE,4.84,32.17,99.31,67.22,entsoe.eu,false,""
2022-03-30T06:00:00.000000,Sweden,Sweden,SE,4.8,32.49,99.32,67.8,entsoe.eu,false,""
2022-03-30T07:00:00.000000,Sweden,Sweden,SE,4.89,32.82,99.3,68.59,entsoe.eu,false,""
2022-03-30T08:00:00.000000,Sweden,Sweden,SE,5.01,33.32,99.3,67.2,entsoe.eu,false,""
2022-03-30T09:00:00.000000,Sweden,Sweden,SE,3.71,32.05,99.61,66.91,entsoe.eu,false,""
2022-03-30T10:00:00.000000,Sweden,Sweden,SE,5.98,34.58,99.32,66.88,entsoe.eu,false,""
2022-03-30T11:00:00.000000,Sweden,Sweden,SE,6.54,35.41,99.25,66.82,entsoe.eu,false,""
2022-03-30T12:00:00.000000,Sweden,Sweden,SE,3.54,31.78,99.64,66.4,entsoe.eu,false,""
2022-03-30T13:00:00.000000,Sweden,Sweden,SE,3.81,32.12,99.58,66.43,entsoe.eu,false,""
2022-03-30T14:00:00.000000,Sweden,Sweden,SE,4.26,32.0,99.46,66.42,entsoe.eu,false,""
2022-03-30T15:00:00.000000,Sweden,Sweden,SE,4.26,31.66,99.45,67.36,entsoe.eu,false,""
2022-03-30T16:00:00.000000,Sweden,Sweden,SE,3.87,31.03,99.53,67.57,entsoe.eu,false,""
2022-03-30T17:00:00.000000,Sweden,Sweden,SE,3.34,30.26,99.63,68.53,entsoe.eu,false,""
2022-03-30T18:00:00.000000,Sweden,Sweden,SE,3.6,30.5,99.58,68.47,entsoe.eu,false,""
2022-03-30T19:00:00.000000,Sweden,Sweden,SE,5.05,32.37,99.27,67.07,entsoe.eu,false,""
2022-03-30T20:00:00.000000,Sweden,Sweden,SE,6.16,33.94,99.04,65.77,entsoe.eu,false,""
2022-03-30T21:00:00.000000,Sweden,Sweden,SE,5.76,33.94,99.15,66.41,entsoe.eu,false,""
2022-03-30T22:00:00.000000,Sweden,Sweden,SE,4.25,31.08,99.5,65.05,entsoe.eu,false,""
2022-03-30T23:00:00.000000,Sweden,Sweden,SE,4.61,31.0,99.42,64.44,entsoe.eu,false,""
2022-03-31T00:00:00.000000,Sweden,Sweden,SE,4.05,30.36,99.52,64.19,entsoe.eu,false,""
2022-03-31T01:00:00.000000,Sweden,Sweden,SE,3.57,30.08,99.62,64.32,entsoe.eu,false,""
2022-03-31T02:00:00.000000,Sweden,Sweden,SE,3.65,30.16,99.6,64.74,entsoe.eu,false,""
2022-03-31T03:00:00.000000,Sweden,Sweden,SE,4.68,32.17,99.4,64.26,entsoe.eu,false,""
2022-03-31T04:00:00.000000,Sweden,Sweden,SE,3.32,31.25,99.66,67.68,entsoe.eu,false,""
2022-03-31T05:00:00.000000,Sweden,Sweden,SE,4.59,32.92,99.5,68.01,entsoe.eu,false,""
2022-03-31T06:00:00.000000,Sweden,Sweden,SE,3.88,32.56,99.59,68.33,entsoe.eu,false,""
2022-03-31T07:00:00.000000,Sweden,Sweden,SE,3.11,32.18,99.72,68.61,entsoe.eu,false,""
2022-03-31T08:00:00.000000,Sweden,Sweden,SE,2.94,32.18,99.75,67.9,entsoe.eu,false,""
2022-03-31T09:00:00.000000,Sweden,Sweden,SE,3.21,32.5,99.72,66.81,entsoe.eu,false,""
2022-03-31T10:00:00.000000,Sweden,Sweden,SE,3.8,33.23,99.62,65.84,entsoe.eu,false,""
2022-03-31T11:00:00.000000,Sweden,Sweden,SE,4.11,33.57,99.57,65.6,entsoe.eu,false,""
2022-03-31T12:00:00.000000,Sweden,Sweden,SE,4.03,33.02,99.57,65.4,entsoe.eu,false,""
2022-03-31T13:00:00.000000,Sweden,Sweden,SE,4.01,32.8,99.58,65.59,entsoe.eu,false,""
2022-03-31T14:00:00.000000,Sweden,Sweden,SE,3.99,32.48,99.58,65.33,entsoe.eu,false,""
2022-03-31T15:00:00.000000,Sweden,Sweden,SE,3.87,32.24,99.6,65.35,entsoe.eu,false,""
2022-03-31T16:00:00.000000,Sweden,Sweden,SE,3.16,30.55,99.71,65.2,entsoe.eu,false,""
2022-03-31T17:00:00.000000,Sweden,Sweden,SE,2.58,29.17,99.78,67.56,entsoe.eu,false,""
2022-03-31T18:00:00.000000,Sweden,Sweden,SE,2.81,29.7,99.78,66.79,entsoe.eu,false,""
2022-03-31T19:00:00.000000,Sweden,Sweden,SE,2.41,28.78,99.84,64.43,entsoe.eu,false,""
2022-03-31T20:00:00.000000,Sweden,Sweden,SE,2.31,27.8,99.84,64.48,entsoe.eu,false,""
2022-03-31T21:00:00.000000,Sweden,Sweden,SE,3.43,28.78,99.66,64.22,entsoe.eu,false,""
2022-03-31T22:00:00.000000,Sweden,Sweden,SE,8.04,34.16,99.13,63.94,entsoe.eu,false,""
2022-03-31T23:00:00.000000,Sweden,Sweden,SE,23.39,50.63,97.6,63.38,entsoe.eu,false,""
2022-04-01T00:00:00.000000,Sweden,Sweden,SE,25.01,51.98,97.49,63.37,entsoe.eu,false,""
2022-04-01T01:00:00.000000,Sweden,Sweden,SE,23.95,51.04,97.65,63.23,entsoe.eu,false,""
2022-04-01T02:00:00.000000,Sweden,Sweden,SE,25.15,52.41,97.51,64.07,entsoe.eu,false,""
2022-04-01T03:00:00.000000,Sweden,Sweden,SE,25.01,52.21,97.5,64.77,entsoe.eu,false,""
2022-04-01T04:00:00.000000,Sweden,Sweden,SE,22.86,50.54,97.64,65.12,entsoe.eu,false,""
2022-04-01T05:00:00.000000,Sweden,Sweden,SE,8.85,35.51,98.98,66.66,entsoe.eu,false,""
2022-04-01T06:00:00.000000,Sweden,Sweden,SE,3.8,29.89,99.62,67.62,entsoe.eu,false,""
2022-04-01T07:00:00.000000,Sweden,Sweden,SE,5.15,31.58,99.46,66.14,entsoe.eu,false,""
2022-04-01T08:00:00.000000,Sweden,Sweden,SE,10.86,38.3,98.66,66.27,entsoe.eu,false,""
2022-04-01T09:00:00.000000,Sweden,Sweden,SE,12.18,39.6,98.58,66.75,entsoe.eu,false,""
2022-04-01T10:00:00.000000,Sweden,Sweden,SE,9.71,36.84,98.85,66.35,entsoe.eu,false,""
2022-04-01T11:00:00.000000,Sweden,Sweden,SE,8.71,35.53,98.98,66.84,entsoe.eu,false,""
2022-04-01T12:00:00.000000,Sweden,Sweden,SE,8.68,35.18,98.97,66.32,entsoe.eu,false,""
2022-04-01T13:00:00.000000,Sweden,Sweden,SE,9.94,36.43,98.84,65.82,entsoe.eu,false,""
2022-04-01T14:00:00.000000,Sweden,Sweden,SE,9.03,35.13,98.96,65.29,entsoe.eu,false,""
2022-04-01T15:00:00.000000,Sweden,Sweden,SE,8.05,34.08,99.05,65.31,entsoe.eu,false,""
2022-04-01T16:00:00.000000,Sweden,Sweden,SE,7.12,32.87,99.2,65.35,entsoe.eu,false,""
2022-04-01T17:00:00.000000,Sweden,Sweden,SE,2.63,27.47,99.78,66.41,entsoe.eu,false,""
2022-04-01T18:00:00.000000,Sweden,Sweden,SE,7.66,33.44,99.13,66.0,entsoe.eu,false,""
2022-04-01T19:00:00.000000,Sweden,Sweden,SE,11.26,37.39,98.71,65.83,entsoe.eu,false,""
2022-04-01T20:00:00.000000,Sweden,Sweden,SE,11.15,36.64,98.73,65.68,entsoe.eu,false,""
2022-04-01T21:00:00.000000,Sweden,Sweden,SE,11.86,37.03,98.63,65.62,entsoe.eu,false,""
2022-04-01T22:00:00.000000,Sweden,Sweden,SE,12.19,36.56,98.58,65.65,entsoe.eu,false,""
2022-04-01T23:00:00.000000,Sweden,Sweden,SE,12.76,37.17,98.57,64.83,entsoe.eu,false,""
2022-04-02T00:00:00.000000,Sweden,Sweden,SE,14.04,38.82,98.4,64.48,entsoe.eu,false,""
2022-04-02T01:00:00.000000,Sweden,Sweden,SE,13.19,37.93,98.48,65.15,entsoe.eu,false,""
2022-04-02T02:00:00.000000,Sweden,Sweden,SE,13.51,38.36,98.45,64.92,entsoe.eu,false,""
2022-04-02T03:00:00.000000,Sweden,Sweden,SE,13.26,38.03,98.47,65.38,entsoe.eu,false,""
2022-04-02T04:00:00.000000,Sweden,Sweden,SE,13.72,38.77,98.42,65.38,entsoe.eu,false,""
2022-04-02T05:00:00.000000,Sweden,Sweden,SE,14.97,40.44,98.24,65.08,entsoe.eu,false,""
2022-04-02T06:00:00.000000,Sweden,Sweden,SE,12.19,38.26,98.53,65.25,entsoe.eu,false,""
2022-04-02T07:00:00.000000,Sweden,Sweden,SE,11.61,37.98,98.58,65.65,entsoe.eu,false,""
2022-04-02T08:00:00.000000,Sweden,Sweden,SE,11.34,38.08,98.6,66.49,entsoe.eu,false,""
2022-04-02T09:00:00.000000,Sweden,Sweden,SE,11.14,37.26,98.6,66.24,entsoe.eu,false,""
2022-04-02T10:00:00.000000,Sweden,Sweden,SE,8.85,34.3,98.87,65.59,entsoe.eu,false,""
2022-04-02T11:00:00.000000,Sweden,Sweden,SE,9.0,34.57,98.84,64.59,entsoe.eu,false,""
2022-04-02T12:00:00.000000,Sweden,Sweden,SE,8.94,34.12,98.85,64.89,entsoe.eu,false,""
2022-04-02T13:00:00.000000,Sweden,Sweden,SE,10.13,35.55,98.74,64.99,entsoe.eu,false,""
2022-04-02T14:00:00.000000,Sweden,Sweden,SE,6.63,31.04,99.22,65.63,entsoe.eu,false,""
2022-04-02T15:00:00.000000,Sweden,Sweden,SE,2.1,24.94,99.83,66.14,entsoe.eu,false,""
2022-04-02T16:00:00.000000,Sweden,Sweden,SE,2.77,25.59,99.7,66.48,entsoe.eu,false,""
2022-04-02T17:00:00.000000,Sweden,Sweden,SE,2.92,26.18,99.68,66.14,entsoe.eu,false,""
2022-04-02T18:00:00.000000,Sweden,Sweden,SE,2.1,25.25,99.83,66.15,entsoe.eu,false,""
2022-04-02T19:00:00.000000,Sweden,Sweden,SE,1.94,24.94,99.86,65.83,entsoe.eu,false,""
2022-04-02T20:00:00.000000,Sweden,Sweden,SE,1.86,24.23,99.86,65.52,entsoe.eu,false,""
2022-04-02T21:00:00.000000,Sweden,Sweden,SE,1.87,24.16,99.86,65.2,entsoe.eu,false,""
2022-04-02T22:00:00.000000,Sweden,Sweden,SE,1.84,23.84,99.86,64.93,entsoe.eu,false,""
2022-04-02T23:00:00.000000,Sweden,Sweden,SE,1.87,23.9,99.86,64.48,entsoe.eu,false,""
2022-04-03T00:00:00.000000,Sweden,Sweden,SE,1.9,24.01,99.85,64.48,entsoe.eu,false,""
2022-04-03T01:00:00.000000,Sweden,Sweden,SE,1.89,23.97,99.85,65.1,entsoe.eu,false,""
2022-04-03T02:00:00.000000,Sweden,Sweden,SE,1.93,24.29,99.85,65.16,entsoe.eu,false,""
2022-04-03T03:00:00.000000,Sweden,Sweden,SE,1.97,24.58,99.85,65.02,entsoe.eu,false,""
2022-04-03T04:00:00.000000,Sweden,Sweden,SE,1.96,24.67,99.85,65.36,entsoe.eu,false,""
2022-04-03T05:00:00.000000,Sweden,Sweden,SE,1.97,24.89,99.85,65.23,entsoe.eu,false,""
2022-04-03T06:00:00.000000,Sweden,Sweden,SE,2.98,26.37,99.68,65.48,entsoe.eu,false,""
2022-04-03T07:00:00.000000,Sweden,Sweden,SE,3.12,26.91,99.66,65.3,entsoe.eu,false,""
2022-04-03T08:00:00.000000,Sweden,Sweden,SE,4.21,28.01,99.51,65.61,entsoe.eu,false,""
2022-04-03T09:00:00.000000,Sweden,Sweden,SE,6.45,30.58,99.21,65.89,entsoe.eu,false,""
2022-04-03T10:00:00.000000,Sweden,Sweden,SE,6.59,30.59,99.2,65.89,entsoe.eu,false,""
2022-04-03T11:00:00.000000,Sweden,Sweden,SE,4.11,27.52,99.54,66.03,entsoe.eu,false,""
2022-04-03T12:00:00.000000,Sweden,Sweden,SE,4.01,27.21,99.58,66.4,entsoe.eu,false,""
2022-04-03T13:00:00.000000,Sweden,Sweden,SE,3.2,26.12,99.7,66.38,entsoe.eu,false,""
2022-04-03T14:00:00.000000,Sweden,Sweden,SE,3.14,26.04,99.72,66.23,entsoe.eu,false,""
2022-04-03T15:00:00.000000,Sweden,Sweden,SE,4.39,27.11,99.56,67.02,entsoe.eu,false,""
2022-04-03T16:00:00.000000,Sweden,Sweden,SE,8.54,31.79,99.08,67.42,entsoe.eu,false,""
2022-04-03T17:00:00.000000,Sweden,Sweden,SE,7.95,31.08,99.14,67.72,entsoe.eu,false,""
2022-04-03T18:00:00.000000,Sweden,Sweden,SE,7.09,30.13,99.23,67.42,entsoe.eu,false,""
2022-04-03T19:00:00.000000,Sweden,Sweden,SE,7.66,30.59,99.17,67.44,entsoe.eu,false,""
2022-04-03T20:00:00.000000,Sweden,Sweden,SE,7.5,30.43,99.19,66.55,entsoe.eu,false,""
2022-04-03T21:00:00.000000,Sweden,Sweden,SE,7.73,30.85,99.17,66.74,entsoe.eu,false,""
2022-04-03T22:00:00.000000,Sweden,Sweden,SE,6.62,29.11,99.3,65.93,entsoe.eu,false,""
2022-04-03T23:00:00.000000,Sweden,Sweden,SE,7.74,30.78,99.17,64.54,entsoe.eu,false,""
2022-04-04T00:00:00.000000,Sweden,Sweden,SE,6.52,29.75,99.31,63.38,entsoe.eu,false,""
2022-04-04T01:00:00.000000,Sweden,Sweden,SE,5.47,28.39,99.44,63.64,entsoe.eu,false,""
2022-04-04T02:00:00.000000,Sweden,Sweden,SE,6.24,29.38,99.35,64.77,entsoe.eu,false,""
2022-04-04T03:00:00.000000,Sweden,Sweden,SE,6.25,29.56,99.35,65.97,entsoe.eu,false,""
2022-04-04T04:00:00.000000,Sweden,Sweden,SE,6.32,29.82,99.35,68.34,entsoe.eu,false,""
2022-04-04T05:00:00.000000,Sweden,Sweden,SE,7.17,31.88,99.24,67.81,entsoe.eu,false,""
2022-04-04T06:00:00.000000,Sweden,Sweden,SE,10.21,36.13,98.87,68.47,entsoe.eu,false,""
2022-04-04T07:00:00.000000,Sweden,Sweden,SE,11.34,37.51,98.74,68.92,entsoe.eu,false,""
2022-04-04T08:00:00.000000,Sweden,Sweden,SE,13.27,39.14,98.53,69.03,entsoe.eu,false,""
2022-04-04T09:00:00.000000,Sweden,Sweden,SE,12.55,38.8,98.6,69.18,entsoe.eu,false,""
2022-04-04T10:00:00.000000,Sweden,Sweden,SE,12.28,38.15,98.63,69.01,entsoe.eu,false,""
2022-04-04T11:00:00.000000,Sweden,Sweden,SE,12.51,38.52,98.6,68.81,entsoe.eu,false,""
2022-04-04T12:00:00.000000,Sweden,Sweden,SE,12.1,37.74,98.65,69.72,entsoe.eu,false,""
2022-04-04T13:00:00.000000,Sweden,Sweden,SE,12.97,38.85,98.54,69.47,entsoe.eu,false,""
2022-04-04T14:00:00.000000,Sweden,Sweden,SE,9.29,34.3,98.95,69.5,entsoe.eu,false,""
2022-04-04T15:00:00.000000,Sweden,Sweden,SE,6.43,30.18,99.29,70.11,entsoe.eu,false,""
2022-04-04T16:00:00.000000,Sweden,Sweden,SE,4.43,26.48,99.53,69.77,entsoe.eu,false,""
2022-04-04T17:00:00.000000,Sweden,Sweden,SE,4.34,26.11,99.54,70.11,entsoe.eu,false,""
2022-04-04T18:00:00.000000,Sweden,Sweden,SE,4.22,25.73,99.56,69.57,entsoe.eu,false,""
2022-04-04T19:00:00.000000,Sweden,Sweden,SE,3.97,25.39,99.59,68.75,entsoe.eu,false,""
2022-04-04T20:00:00.000000,Sweden,Sweden,SE,4.33,25.88,99.54,67.99,entsoe.eu,false,""
2022-04-04T21:00:00.000000,Sweden,Sweden,SE,4.4,25.57,99.53,68.08,entsoe.eu,false,""
2022-04-04T22:00:00.000000,Sweden,Sweden,SE,3.75,24.52,99.6,64.86,entsoe.eu,false,""
2022-04-04T23:00:00.000000,Sweden,Sweden,SE,3.68,24.38,99.6,64.8,entsoe.eu,false,""
2022-04-05T00:00:00.000000,Sweden,Sweden,SE,4.0,24.78,99.56,64.38,entsoe.eu,false,""
2022-04-05T01:00:00.000000,Sweden,Sweden,SE,4.22,25.17,99.52,65.21,entsoe.eu,false,""
2022-04-05T02:00:00.000000,Sweden,Sweden,SE,4.82,26.44,99.45,65.05,entsoe.eu,false,""
2022-04-05T03:00:00.000000,Sweden,Sweden,SE,2.32,23.77,99.78,66.25,entsoe.eu,false,""
2022-04-05T04:00:00.000000,Sweden,Sweden,SE,3.69,25.84,99.62,68.45,entsoe.eu,false,""
2022-04-05T05:00:00.000000,Sweden,Sweden,SE,6.03,29.08,99.35,68.21,entsoe.eu,false,""
2022-04-05T06:00:00.000000,Sweden,Sweden,SE,3.61,26.64,99.61,67.85,entsoe.eu,false,""
2022-04-05T07:00:00.000000,Sweden,Sweden,SE,4.09,27.78,99.52,68.12,entsoe.eu,false,""
2022-04-05T08:00:00.000000,Sweden,Sweden,SE,5.92,30.29,99.33,68.08,entsoe.eu,false,""
2022-04-05T09:00:00.000000,Sweden,Sweden,SE,6.57,31.11,99.26,68.18,entsoe.eu,false,""
2022-04-05T10:00:00.000000,Sweden,Sweden,SE,3.59,27.65,99.65,67.69,entsoe.eu,false,""
2022-04-05T11:00:00.000000,Sweden,Sweden,SE,5.14,29.07,99.45,67.9,entsoe.eu,false,""
2022-04-05T12:00:00.000000,Sweden,Sweden,SE,5.64,28.77,99.34,68.5,entsoe.eu,false,""
2022-04-05T13:00:00.000000,Sweden,Sweden,SE,5.0,27.85,99.45,68.35,entsoe.eu,false,""
2022-04-05T14:00:00.000000,Sweden,Sweden,SE,4.52,27.09,99.51,68.21,entsoe.eu,false,""
2022-04-05T15:00:00.000000,Sweden,Sweden,SE,2.29,24.84,99.8,67.77,entsoe.eu,false,""
2022-04-05T16:00:00.000000,Sweden,Sweden,SE,1.87,25.06,99.87,68.14,entsoe.eu,false,""
2022-04-05T17:00:00.000000,Sweden,Sweden,SE,2.43,25.61,99.78,68.09,entsoe.eu,false,""
2022-04-05T18:00:00.000000,Sweden,Sweden,SE,2.65,25.91,99.74,68.08,entsoe.eu,false,""
2022-04-05T19:00:00.000000,Sweden,Sweden,SE,2.85,26.31,99.7,66.97,entsoe.eu,false,""
2022-04-05T20:00:00.000000,Sweden,Sweden,SE,2.73,24.97,99.71,66.73,entsoe.eu,false,""
2022-04-05T21:00:00.000000,Sweden,Sweden,SE,2.65,23.87,99.7,66.22,entsoe.eu,false,""
2022-04-05T22:00:00.000000,Sweden,Sweden,SE,2.59,23.42,99.7,65.8,entsoe.eu,false,""
2022-04-05T23:00:00.000000,Sweden,Sweden,SE,6.2,27.58,99.28,65.44,entsoe.eu,false,""
2022-04-06T00:00:00.000000,Sweden,Sweden,SE,10.93,33.14,98.74,65.55,entsoe.eu,false,""
2022-04-06T01:00:00.000000,Sweden,Sweden,SE,12.05,34.63,98.62,65.98,entsoe.eu,false,""
2022-04-06T02:00:00.000000,Sweden,Sweden,SE,11.31,34.41,98.71,66.48,entsoe.eu,false,""
2022-04-06T03:00:00.000000,Sweden,Sweden,SE,10.98,35.81,98.77,66.53,entsoe.eu,false,""
2022-04-06T04:00:00.000000,Sweden,Sweden,SE,7.65,33.62,99.11,65.7,entsoe.eu,false,""
2022-04-06T05:00:00.000000,Sweden,Sweden,SE,14.71,42.19,98.33,65.47,entsoe.eu,false,""
2022-04-06T06:00:00.000000,Sweden,Sweden,SE,13.05,40.64,98.53,64.82,entsoe.eu,false,""
2022-04-06T07:00:00.000000,Sweden,Sweden,SE,11.11,38.86,98.77,65.06,entsoe.eu,false,""
2022-04-06T08:00:00.000000,Sweden,Sweden,SE,13.45,41.99,98.42,64.9,entsoe.eu,false,""
2022-04-06T09:00:00.000000,Sweden,Sweden,SE,12.78,40.45,98.61,66.0,entsoe.eu,false,""
2022-04-06T10:00:00.000000,Sweden,Sweden,SE,9.05,35.84,99.02,66.35,entsoe.eu,false,""
2022-04-06T11:00:00.000000,Sweden,Sweden,SE,6.92,33.2,99.28,65.6,entsoe.eu,false,""
2022-04-06T12:00:00.000000,Sweden,Sweden,SE,7.53,33.61,99.17,64.88,entsoe.eu,false,""
2022-04-06T13:00:00.000000,Sweden,Sweden,SE,7.5,33.07,99.14,65.17,entsoe.eu,false,""
2022-04-06T14:00:00.000000,Sweden,Sweden,SE,6.85,31.98,99.23,65.81,entsoe.eu,false,""
2022-04-06T15:00:00.000000,Sweden,Sweden,SE,4.91,30.17,99.48,65.92,entsoe.eu,false,""
2022-04-06T16:00:00.000000,Sweden,Sweden,SE,10.53,36.56,98.8,66.13,entsoe.eu,false,""
2022-04-06T17:00:00.000000,Sweden,Sweden,SE,7.4,32.32,99.12,65.26,entsoe.eu,false,""
2022-04-06T18:00:00.000000,Sweden,Sweden,SE,5.05,29.41,99.42,65.56,entsoe.eu,false,""
2022-04-06T19:00:00.000000,Sweden,Sweden,SE,5.49,29.35,99.35,65.65,entsoe.eu,false,""
2022-04-06T20:00:00.000000,Sweden,Sweden,SE,4.02,26.54,99.55,64.84,entsoe.eu,false,""
2022-04-06T21:00:00.000000,Sweden,Sweden,SE,2.87,24.6,99.68,64.04,entsoe.eu,false,""
2022-04-06T22:00:00.000000,Sweden,Sweden,SE,1.58,22.12,99.89,64.63,entsoe.eu,false,""
2022-04-06T23:00:00.000000,Sweden,Sweden,SE,1.6,22.21,99.89,64.72,entsoe.eu,false,""
2022-04-07T00:00:00.000000,Sweden,Sweden,SE,1.62,22.4,99.89,64.54,entsoe.eu,false,""
2022-04-07T01:00:00.000000,Sweden,Sweden,SE,1.69,22.76,99.88,64.19,entsoe.eu,false,""
2022-04-07T02:00:00.000000,Sweden,Sweden,SE,1.75,23.29,99.88,63.97,entsoe.eu,false,""
2022-04-07T03:00:00.000000,Sweden,Sweden,SE,3.64,26.28,99.66,65.07,entsoe.eu,false,""
2022-04-07T04:00:00.000000,Sweden,Sweden,SE,11.39,35.97,98.75,65.49,entsoe.eu,false,""
2022-04-07T05:00:00.000000,Sweden,Sweden,SE,11.83,36.47,98.7,65.71,entsoe.eu,false,""
2022-04-07T06:00:00.000000,Sweden,Sweden,SE,14.18,39.23,98.31,65.98,entsoe.eu,false,""
2022-04-07T07:00:00.000000,Sweden,Sweden,SE,10.97,35.27,98.72,66.22,entsoe.eu,false,""
2022-04-07T08:00:00.000000,Sweden,Sweden,SE,9.31,33.76,98.98,66.48,entsoe.eu,false,""
2022-04-07T09:00:00.000000,Sweden,Sweden,SE,7.28,31.14,99.23,66.83,entsoe.eu,false,""
2022-04-07T10:00:00.000000,Sweden,Sweden,SE,8.86,33.08,99.03,67.88,entsoe.eu,false,""
2022-04-07T11:00:00.000000,Sweden,Sweden,SE,5.98,29.6,99.35,68.06,entsoe.eu,false,""
2022-04-07T12:00:00.000000,Sweden,Sweden,SE,5.63,29.33,99.39,68.15,entsoe.eu,false,""
2022-04-07T13:00:00.000000,Sweden,Sweden,SE,4.5,27.82,99.53,68.21,entsoe.eu,false,""
2022-04-07T14:00:00.000000,Sweden,Sweden,SE,5.25,28.91,99.45,67.94,entsoe.eu,false,""
2022-04-07T15:00:00.000000,Sweden,Sweden,SE,2.34,25.18,99.82,67.1,entsoe.eu,false,""
2022-04-07T16:00:00.000000,Sweden,Sweden,SE,5.55,28.71,99.4,67.7,entsoe.eu,false,""
2022-04-07T17:00:00.000000,Sweden,Sweden,SE,6.37,29.18,99.27,68.6,entsoe.eu,false,""
2022-04-07T18:00:00.000000,Sweden,Sweden,SE,4.24,26.41,99.5,68.78,entsoe.eu,false,""
2022-04-07T19:00:00.000000,Sweden,Sweden,SE,4.98,26.82,99.4,68.59,entsoe.eu,false,""
2022-04-07T20:00:00.000000,Sweden,Sweden,SE,5.13,26.41,99.39,67.45,entsoe.eu,false,""
2022-04-07T21:00:00.000000,Sweden,Sweden,SE,5.81,27.23,99.31,64.79,entsoe.eu,false,""
2022-04-07T22:00:00.000000,Sweden,Sweden,SE,9.7,32.56,98.86,60.53,entsoe.eu,false,""
2022-04-07T23:00:00.000000,Sweden,Sweden,SE,11.99,35.52,98.59,60.45,entsoe.eu,false,""
2022-04-08T00:00:00.000000,Sweden,Sweden,SE,11.51,34.75,98.65,60.32,entsoe.eu,false,""
2022-04-08T01:00:00.000000,Sweden,Sweden,SE,7.12,29.24,99.16,61.67,entsoe.eu,false,""
2022-04-08T02:00:00.000000,Sweden,Sweden,SE,7.89,29.68,99.09,63.36,entsoe.eu,false,""
2022-04-08T03:00:00.000000,Sweden,Sweden,SE,4.64,26.17,99.49,66.34,entsoe.eu,false,""
2022-04-08T04:00:00.000000,Sweden,Sweden,SE,4.01,25.66,99.59,67.83,entsoe.eu,false,""
2022-04-08T05:00:00.000000,Sweden,Sweden,SE,5.49,27.68,99.4,68.5,entsoe.eu,false,""
2022-04-08T06:00:00.000000,Sweden,Sweden,SE,6.16,28.73,99.23,68.77,entsoe.eu,false,""
2022-04-08T07:00:00.000000,Sweden,Sweden,SE,5.13,28.09,99.41,69.1,entsoe.eu,false,""
2022-04-08T08:00:00.000000,Sweden,Sweden,SE,4.53,27.34,99.53,69.18,entsoe.eu,false,""
2022-04-08T09:00:00.000000,Sweden,Sweden,SE,6.11,29.15,99.35,69.3,entsoe.eu,false,""
2022-04-08T10:00:00.000000,Sweden,Sweden,SE,6.48,29.85,99.31,69.41,entsoe.eu,false,""
2022-04-08T11:00:00.000000,Sweden,Sweden,SE,6.84,30.0,99.27,68.95,entsoe.eu,false,""
2022-04-08T12:00:00.000000,Sweden,Sweden,SE,7.58,31.16,99.19,68.68,entsoe.eu,false,""
2022-04-08T13:00:00.000000,Sweden,Sweden,SE,7.07,30.35,99.24,68.23,entsoe.eu,false,""
2022-04-08T14:00:00.000000,Sweden,Sweden,SE,5.63,28.74,99.41,68.12,entsoe.eu,false,""
2022-04-08T15:00:00.000000,Sweden,Sweden,SE,6.73,29.82,99.25,67.67,entsoe.eu,false,""
2022-04-08T16:00:00.000000,Sweden,Sweden,SE,5.97,28.44,99.35,68.31,entsoe.eu,false,""
2022-04-08T17:00:00.000000,Sweden,Sweden,SE,4.52,26.82,99.49,67.03,entsoe.eu,false,""
2022-04-08T18:00:00.000000,Sweden,Sweden,SE,2.49,24.36,99.74,66.83,entsoe.eu,false,""
2022-04-08T19:00:00.000000,Sweden,Sweden,SE,2.58,24.32,99.71,66.36,entsoe.eu,false,""
2022-04-08T20:00:00.000000,Sweden,Sweden,SE,2.66,24.42,99.69,65.22,entsoe.eu,false,""
2022-04-08T21:00:00.000000,Sweden,Sweden,SE,3.74,25.79,99.54,64.49,entsoe.eu,false,""
2022-04-08T22:00:00.000000,Sweden,Sweden,SE,4.55,26.01,99.43,65.39,entsoe.eu,false,""
2022-04-08T23:00:00.000000,Sweden,Sweden,SE,5.46,26.63,99.33,65.55,entsoe.eu,false,""
2022-04-09T00:00:00.000000,Sweden,Sweden,SE,4.64,25.98,99.42,65.16,entsoe.eu,false,""
2022-04-09T01:00:00.000000,Sweden,Sweden,SE,4.96,26.23,99.39,64.83,entsoe.eu,false,""
2022-04-09T02:00:00.000000,Sweden,Sweden,SE,4.24,25.51,99.53,65.47,entsoe.eu,false,""
2022-04-09T03:00:00.000000,Sweden,Sweden,SE,4.06,25.51,99.55,66.01,entsoe.eu,false,""
2022-04-09T04:00:00.000000,Sweden,Sweden,SE,3.72,25.31,99.59,66.52,entsoe.eu,false,""
2022-04-09T05:00:00.000000,Sweden,Sweden,SE,4.35,26.2,99.52,67.07,entsoe.eu,false,""
2022-04-09T06:00:00.000000,Sweden,Sweden,SE,4.24,26.37,99.55,66.86,entsoe.eu,false,""
2022-04-09T07:00:00.000000,Sweden,Sweden,SE,3.86,26.1,99.59,67.29,entsoe.eu,false,""
2022-04-09T08:00:00.000000,Sweden,Sweden,SE,4.6,28.14,99.51,65.68,entsoe.eu,false,""
2022-04-09T09:00:00.000000,Sweden,Sweden,SE,8.01,32.63,99.09,65.22,entsoe.eu,false,""
2022-04-09T10:00:00.000000,Sweden,Sweden,SE,11.26,36.42,98.7,65.02,entsoe.eu,false,""
2022-04-09T11:00:00.000000,Sweden,Sweden,SE,10.79,36.06,98.76,66.09,entsoe.eu,false,""
2022-04-09T12:00:00.000000,Sweden,Sweden,SE,11.87,37.27,98.61,65.45,entsoe.eu,false,""
2022-04-09T13:00:00.000000,Sweden,Sweden,SE,11.93,37.45,98.63,65.07,entsoe.eu,false,""
2022-04-09T14:00:00.000000,Sweden,Sweden,SE,11.33,36.5,98.7,65.39,entsoe.eu,false,""
2022-04-09T15:00:00.000000,Sweden,Sweden,SE,6.41,30.07,99.28,65.83,entsoe.eu,false,""
2022-04-09T16:00:00.000000,Sweden,Sweden,SE,4.55,26.37,99.51,68.42,entsoe.eu,false,""
2022-04-09T17:00:00.000000,Sweden,Sweden,SE,6.03,28.01,99.34,67.74,entsoe.eu,false,""
2022-04-09T18:00:00.000000,Sweden,Sweden,SE,5.06,26.64,99.43,67.99,entsoe.eu,false,""
2022-04-09T19:00:00.000000,Sweden,Sweden,SE,4.79,26.73,99.48,67.11,entsoe.eu,false,""
2022-04-09T20:00:00.000000,Sweden,Sweden,SE,4.37,26.33,99.52,66.67,entsoe.eu,false,""
2022-04-09T21:00:00.000000,Sweden,Sweden,SE,4.45,26.6,99.5,66.13,entsoe.eu,false,""
2022-04-09T22:00:00.000000,Sweden,Sweden,SE,4.79,27.54,99.41,67.24,entsoe.eu,false,""
2022-04-09T23:00:00.000000,Sweden,Sweden,SE,4.87,27.53,99.42,67.62,entsoe.eu,false,""
2022-04-10T00:00:00.000000,Sweden,Sweden,SE,4.29,26.89,99.52,67.1,entsoe.eu,false,""
2022-04-10T01:00:00.000000,Sweden,Sweden,SE,4.22,26.81,99.54,67.11,entsoe.eu,false,""
2022-04-10T02:00:00.000000,Sweden,Sweden,SE,4.19,26.75,99.53,67.04,entsoe.eu,false,""
2022-04-10T03:00:00.000000,Sweden,Sweden,SE,4.1,26.65,99.55,67.39,entsoe.eu,false,""
2022-04-10T04:00:00.000000,Sweden,Sweden,SE,3.73,26.19,99.58,67.46,entsoe.eu,false,""
2022-04-10T05:00:00.000000,Sweden,Sweden,SE,3.94,26.39,99.52,66.71,entsoe.eu,false,""
2022-04-10T06:00:00.000000,Sweden,Sweden,SE,3.92,26.69,99.52,67.27,entsoe.eu,false,""
2022-04-10T07:00:00.000000,Sweden,Sweden,SE,3.25,26.51,99.66,66.94,entsoe.eu,false,""
2022-04-10T08:00:00.000000,Sweden,Sweden,SE,7.25,32.0,99.17,67.57,entsoe.eu,false,""
2022-04-10T09:00:00.000000,Sweden,Sweden,SE,6.09,30.7,99.31,67.98,entsoe.eu,false,""
2022-04-10T10:00:00.000000,Sweden,Sweden,SE,9.49,34.88,98.92,67.55,entsoe.eu,false,""
2022-04-10T11:00:00.000000,Sweden,Sweden,SE,10.41,35.94,98.82,67.08,entsoe.eu,false,""
2022-04-10T12:00:00.000000,Sweden,Sweden,SE,11.03,36.37,98.75,67.26,entsoe.eu,false,""
2022-04-10T13:00:00.000000,Sweden,Sweden,SE,10.26,35.06,98.85,67.53,entsoe.eu,false,""
2022-04-10T14:00:00.000000,Sweden,Sweden,SE,4.52,27.28,99.52,67.66,entsoe.eu,false,""
2022-04-10T15:00:00.000000,Sweden,Sweden,SE,2.05,23.64,99.82,68.94,entsoe.eu,false,""
2022-04-10T16:00:00.000000,Sweden,Sweden,SE,1.75,23.53,99.87,70.19,entsoe.eu,false,""
2022-04-10T17:00:00.000000,Sweden,Sweden,SE,2.57,24.33,99.72,70.33,entsoe.eu,false,""
2022-04-10T18:00:00.000000,Sweden,Sweden,SE,2.61,24.6,99.71,70.29,entsoe.eu,false,""
2022-04-10T19:00:00.000000,Sweden,Sweden,SE,2.54,24.81,99.73,69.67,entsoe.eu,false,""
2022-04-10T20:00:00.000000,Sweden,Sweden,SE,1.85,24.01,99.86,69.36,entsoe.eu,false,""
2022-04-10T21:00:00.000000,Sweden,Sweden,SE,2.2,24.68,99.81,68.67,entsoe.eu,false,""
2022-04-10T22:00:00.000000,Sweden,Sweden,SE,1.95,24.44,99.84,68.36,entsoe.eu,false,""
2022-04-10T23:00:00.000000,Sweden,Sweden,SE,1.98,24.44,99.83,67.91,entsoe.eu,false,""
2022-04-11T00:00:00.000000,Sweden,Sweden,SE,1.97,24.54,99.84,67.05,entsoe.eu,false,""
2022-04-11T01:00:00.000000,Sweden,Sweden,SE,1.94,24.31,99.84,66.45,entsoe.eu,false,""
2022-04-11T02:00:00.000000,Sweden,Sweden,SE,1.89,24.2,99.85,66.61,entsoe.eu,false,""
2022-04-11T03:00:00.000000,Sweden,Sweden,SE,1.87,24.12,99.86,68.11,entsoe.eu,false,""
2022-04-11T04:00:00.000000,Sweden,Sweden,SE,2.39,25.27,99.78,68.58,entsoe.eu,false,""
2022-04-11T05:00:00.000000,Sweden,Sweden,SE,2.25,25.68,99.79,70.12,entsoe.eu,false,""
2022-04-11T06:00:00.000000,Sweden,Sweden,SE,2.37,25.91,99.77,70.32,entsoe.eu,false,""
2022-04-11T07:00:00.000000,Sweden,Sweden,SE,2.18,25.86,99.81,69.09,entsoe.eu,false,""
2022-04-11T08:00:00.000000,Sweden,Sweden,SE,2.85,26.73,99.72,68.57,entsoe.eu,false,""
2022-04-11T09:00:00.000000,Sweden,Sweden,SE,2.54,26.81,99.77,68.08,entsoe.eu,false,""
2022-04-11T10:00:00.000000,Sweden,Sweden,SE,2.08,26.27,99.84,68.32,entsoe.eu,false,""
2022-04-11T11:00:00.000000,Sweden,Sweden,SE,1.98,26.19,99.86,67.94,entsoe.eu,false,""
2022-04-11T12:00:00.000000,Sweden,Sweden,SE,1.93,26.01,99.87,67.48,entsoe.eu,false,""
2022-04-11T13:00:00.000000,Sweden,Sweden,SE,1.96,26.09,99.87,67.29,entsoe.eu,false,""
2022-04-11T14:00:00.000000,Sweden,Sweden,SE,2.26,26.28,99.82,66.9,entsoe.eu,false,""
2022-04-11T15:00:00.000000,Sweden,Sweden,SE,2.32,26.05,99.8,67.54,entsoe.eu,false,""
2022-04-11T16:00:00.000000,Sweden,Sweden,SE,2.03,25.58,99.85,67.91,entsoe.eu,false,""
2022-04-11T17:00:00.000000,Sweden,Sweden,SE,2.04,25.45,99.84,68.51,entsoe.eu,false,""
2022-04-11T18:00:00.000000,Sweden,Sweden,SE,2.03,25.48,99.84,68.56,entsoe.eu,false,""
2022-04-11T19:00:00.000000,Sweden,Sweden,SE,2.79,26.43,99.71,66.8,entsoe.eu,false,""
2022-04-11T20:00:00.000000,Sweden,Sweden,SE,2.91,26.38,99.68,66.32,entsoe.eu,false,""
2022-04-11T21:00:00.000000,Sweden,Sweden,SE,2.93,26.09,99.67,66.2,entsoe.eu,false,""
2022-04-11T22:00:00.000000,Sweden,Sweden,SE,2.93,25.46,99.66,64.53,entsoe.eu,false,""
2022-04-11T23:00:00.000000,Sweden,Sweden,SE,2.95,25.46,99.66,63.88,entsoe.eu,false,""
2022-04-12T00:00:00.000000,Sweden,Sweden,SE,2.95,25.45,99.66,64.05,entsoe.eu,false,""
2022-04-12T01:00:00.000000,Sweden,Sweden,SE,2.97,25.45,99.65,63.88,entsoe.eu,false,""
2022-04-12T02:00:00.000000,Sweden,Sweden,SE,3.06,26.01,99.65,64.32,entsoe.eu,false,""
2022-04-12T03:00:00.000000,Sweden,Sweden,SE,3.17,26.81,99.65,65.03,entsoe.eu,false,""
2022-04-12T04:00:00.000000,Sweden,Sweden,SE,3.28,27.51,99.62,66.03,entsoe.eu,false,""
2022-04-12T05:00:00.000000,Sweden,Sweden,SE,3.3,27.93,99.61,66.24,entsoe.eu,false,""
2022-04-12T06:00:00.000000,Sweden,Sweden,SE,3.02,27.89,99.67,66.37,entsoe.eu,false,""
2022-04-12T07:00:00.000000,Sweden,Sweden,SE,3.01,27.88,99.67,66.23,entsoe.eu,false,""
2022-04-12T08:00:00.000000,Sweden,Sweden,SE,4.09,29.81,99.48,63.33,entsoe.eu,false,""
2022-04-12T09:00:00.000000,Sweden,Sweden,SE,9.49,35.76,98.99,63.17,entsoe.eu,false,""
2022-04-12T10:00:00.000000,Sweden,Sweden,SE,4.1,30.14,99.6,63.37,entsoe.eu,false,""
2022-04-12T11:00:00.000000,Sweden,Sweden,SE,3.64,29.28,99.67,62.94,entsoe.eu,false,""
2022-04-12T12:00:00.000000,Sweden,Sweden,SE,3.83,29.33,99.64,63.07,entsoe.eu,false,""
2022-04-12T13:00:00.000000,Sweden,Sweden,SE,2.87,27.76,99.73,62.75,entsoe.eu,false,""
2022-04-12T14:00:00.000000,Sweden,Sweden,SE,3.29,28.04,99.65,62.48,entsoe.eu,false,""
2022-04-12T15:00:00.000000,Sweden,Sweden,SE,3.24,26.88,99.64,64.81,entsoe.eu,false,""
2022-04-12T16:00:00.000000,Sweden,Sweden,SE,3.23,26.66,99.64,65.16,entsoe.eu,false,""
2022-04-12T17:00:00.000000,Sweden,Sweden,SE,3.22,26.5,99.64,65.75,entsoe.eu,false,""
2022-04-12T18:00:00.000000,Sweden,Sweden,SE,3.2,26.42,99.64,65.89,entsoe.eu,false,""
2022-04-12T19:00:00.000000,Sweden,Sweden,SE,3.28,26.55,99.64,64.83,entsoe.eu,false,""
2022-04-12T20:00:00.000000,Sweden,Sweden,SE,6.1,29.98,99.25,65.26,entsoe.eu,false,""
2022-04-12T21:00:00.000000,Sweden,Sweden,SE,7.15,30.48,99.1,65.09,entsoe.eu,false,""
2022-04-12T22:00:00.000000,Sweden,Sweden,SE,7.22,30.87,99.08,62.89,entsoe.eu,false,""
2022-04-12T23:00:00.000000,Sweden,Sweden,SE,6.96,30.62,99.11,62.9,entsoe.eu,false,""
2022-04-13T00:00:00.000000,Sweden,Sweden,SE,5.78,29.43,99.24,62.97,entsoe.eu,false,""
2022-04-13T01:00:00.000000,Sweden,Sweden,SE,5.82,29.34,99.26,62.87,entsoe.eu,false,""
2022-04-13T02:00:00.000000,Sweden,Sweden,SE,5.41,28.65,99.33,63.21,entsoe.eu,false,""
2022-04-13T03:00:00.000000,Sweden,Sweden,SE,4.48,27.71,99.5,64.55,entsoe.eu,false,""
2022-04-13T04:00:00.000000,Sweden,Sweden,SE,2.0,25.12,99.85,65.48,entsoe.eu,false,""
2022-04-13T05:00:00.000000,Sweden,Sweden,SE,2.01,25.07,99.83,67.36,entsoe.eu,false,""
2022-04-13T06:00:00.000000,Sweden,Sweden,SE,2.56,25.53,99.74,67.64,entsoe.eu,false,""
2022-04-13T07:00:00.000000,Sweden,Sweden,SE,3.18,26.73,99.65,66.67,entsoe.eu,false,""
2022-04-13T08:00:00.000000,Sweden,Sweden,SE,3.17,26.69,99.65,66.54,entsoe.eu,false,""
2022-04-13T09:00:00.000000,Sweden,Sweden,SE,3.02,26.13,99.66,66.71,entsoe.eu,false,""
2022-04-13T10:00:00.000000,Sweden,Sweden,SE,2.89,25.88,99.68,66.19,entsoe.eu,false,""
2022-04-13T11:00:00.000000,Sweden,Sweden,SE,2.74,25.41,99.7,66.28,entsoe.eu,false,""
2022-04-13T12:00:00.000000,Sweden,Sweden,SE,2.72,25.43,99.7,65.96,entsoe.eu,false,""
2022-04-13T13:00:00.000000,Sweden,Sweden,SE,2.79,25.4,99.69,65.94,entsoe.eu,false,""
2022-04-13T14:00:00.000000,Sweden,Sweden,SE,2.84,25.41,99.68,65.85,entsoe.eu,false,""
2022-04-13T15:00:00.000000,Sweden,Sweden,SE,2.87,25.49,99.67,66.0,entsoe.eu,false,""
2022-04-13T16:00:00.000000,Sweden,Sweden,SE,2.84,25.4,99.68,66.21,entsoe.eu,false,""
2022-04-13T17:00:00.000000,Sweden,Sweden,SE,2.86,25.37,99.68,66.2,entsoe.eu,false,""
2022-04-13T18:00:00.000000,Sweden,Sweden,SE,2.86,25.42,99.68,66.24,entsoe.eu,false,""
2022-04-13T19:00:00.000000,Sweden,Sweden,SE,2.84,25.26,99.68,65.58,entsoe.eu,false,""
2022-04-13T20:00:00.000000,Sweden,Sweden,SE,2.86,25.1,99.67,64.94,entsoe.eu,false,""
2022-04-13T21:00:00.000000,Sweden,Sweden,SE,2.98,25.29,99.65,63.98,entsoe.eu,false,""
2022-04-13T22:00:00.000000,Sweden,Sweden,SE,3.09,25.54,99.63,62.67,entsoe.eu,false,""
2022-04-13T23:00:00.000000,Sweden,Sweden,SE,3.14,25.71,99.63,62.53,entsoe.eu,false,""
2022-04-14T00:00:00.000000,Sweden,Sweden,SE,3.18,25.86,99.62,62.18,entsoe.eu,false,""
2022-04-14T01:00:00.000000,Sweden,Sweden,SE,3.15,25.83,99.63,62.08,entsoe.eu,false,""
2022-04-14T02:00:00.000000,Sweden,Sweden,SE,3.06,25.57,99.64,62.65,entsoe.eu,false,""
2022-04-14T03:00:00.000000,Sweden,Sweden,SE,2.92,25.12,99.66,64.55,entsoe.eu,false,""
2022-04-14T04:00:00.000000,Sweden,Sweden,SE,2.94,25.5,99.67,65.71,entsoe.eu,false,""
2022-04-14T05:00:00.000000,Sweden,Sweden,SE,2.98,25.83,99.67,66.02,entsoe.eu,false,""
2022-04-14T06:00:00.000000,Sweden,Sweden,SE,3.03,26.05,99.66,65.97,entsoe.eu,false,""
2022-04-14T07:00:00.000000,Sweden,Sweden,SE,3.09,26.27,99.66,65.73,entsoe.eu,false,""
2022-04-14T08:00:00.000000,Sweden,Sweden,SE,3.16,26.49,99.65,65.21,entsoe.eu,false,""
2022-04-14T09:00:00.000000,Sweden,Sweden,SE,2.96,26.45,99.68,64.9,entsoe.eu,false,""
2022-04-14T10:00:00.000000,Sweden,Sweden,SE,2.59,25.96,99.75,65.27,entsoe.eu,false,""
2022-04-14T11:00:00.000000,Sweden,Sweden,SE,3.09,26.43,99.66,65.27,entsoe.eu,false,""
2022-04-14T12:00:00.000000,Sweden,Sweden,SE,3.11,26.43,99.65,64.95,entsoe.eu,false,""
2022-04-14T13:00:00.000000,Sweden,Sweden,SE,3.1,26.27,99.65,64.98,entsoe.eu,false,""
2022-04-14T14:00:00.000000,Sweden,Sweden,SE,3.06,25.94,99.65,65.24,entsoe.eu,false,""
2022-04-14T15:00:00.000000,Sweden,Sweden,SE,2.97,25.61,99.66,65.64,entsoe.eu,false,""
2022-04-14T16:00:00.000000,Sweden,Sweden,SE,2.91,25.45,99.67,65.62,entsoe.eu,false,""
2022-04-14T17:00:00.000000,Sweden,Sweden,SE,2.87,25.33,99.67,66.04,entsoe.eu,false,""
2022-04-14T18:00:00.000000,Sweden,Sweden,SE,2.82,24.99,99.68,65.75,entsoe.eu,false,""
2022-04-14T19:00:00.000000,Sweden,Sweden,SE,2.78,24.51,99.68,65.05,entsoe.eu,false,""
2022-04-14T20:00:00.000000,Sweden,Sweden,SE,2.78,24.24,99.67,63.75,entsoe.eu,false,""
2022-04-14T21:00:00.000000,Sweden,Sweden,SE,1.97,23.2,99.82,64.75,entsoe.eu,false,""
2022-04-14T22:00:00.000000,Sweden,Sweden,SE,3.58,25.51,99.52,61.99,entsoe.eu,false,""
2022-04-14T23:00:00.000000,Sweden,Sweden,SE,5.34,27.57,99.19,60.57,entsoe.eu,false,""
2022-04-15T00:00:00.000000,Sweden,Sweden,SE,4.99,27.24,99.26,60.34,entsoe.eu,false,""
2022-04-15T01:00:00.000000,Sweden,Sweden,SE,4.41,26.08,99.36,60.37,entsoe.eu,false,""
2022-04-15T02:00:00.000000,Sweden,Sweden,SE,2.77,23.99,99.67,60.95,entsoe.eu,false,""
2022-04-15T03:00:00.000000,Sweden,Sweden,SE,1.9,23.33,99.84,61.99,entsoe.eu,false,""
2022-04-15T04:00:00.000000,Sweden,Sweden,SE,1.94,24.13,99.85,62.62,entsoe.eu,false,""
2022-04-15T05:00:00.000000,Sweden,Sweden,SE,1.98,24.58,99.85,63.09,entsoe.eu,false,""
2022-04-15T06:00:00.000000,Sweden,Sweden,SE,1.97,24.74,99.85,63.35,entsoe.eu,false,""
2022-04-15T07:00:00.000000,Sweden,Sweden,SE,1.98,25.03,99.85,63.72,entsoe.eu,false,""
2022-04-15T08:00:00.000000,Sweden,Sweden,SE,5.38,29.25,99.41,64.14,entsoe.eu,false,""
2022-04-15T09:00:00.000000,Sweden,Sweden,SE,7.3,32.26,99.18,64.23,entsoe.eu,false,""
2022-04-15T10:00:00.000000,Sweden,Sweden,SE,5.97,30.76,99.36,64.0,entsoe.eu,false,""
2022-04-15T11:00:00.000000,Sweden,Sweden,SE,10.15,35.96,98.86,63.55,entsoe.eu,false,""
2022-04-15T12:00:00.000000,Sweden,Sweden,SE,7.09,32.56,99.21,63.08,entsoe.eu,false,""
2022-04-15T13:00:00.000000,Sweden,Sweden,SE,10.01,35.95,98.86,63.06,entsoe.eu,false,""
2022-04-15T14:00:00.000000,Sweden,Sweden,SE,7.35,32.41,99.14,63.28,entsoe.eu,false,""
2022-04-15T15:00:00.000000,Sweden,Sweden,SE,2.25,25.73,99.82,63.48,entsoe.eu,false,""
2022-04-15T16:00:00.000000,Sweden,Sweden,SE,2.01,25.15,99.85,63.92,entsoe.eu,false,""
2022-04-15T17:00:00.000000,Sweden,Sweden,SE,2.0,25.01,99.85,63.86,entsoe.eu,false,""
2022-04-15T18:00:00.000000,Sweden,Sweden,SE,1.91,24.33,99.86,64.69,entsoe.eu,false,""
2022-04-15T19:00:00.000000,Sweden,Sweden,SE,1.91,24.3,99.86,63.99,entsoe.eu,false,""
2022-04-15T20:00:00.000000,Sweden,Sweden,SE,1.93,24.24,99.85,63.33,entsoe.eu,false,""
2022-04-15T21:00:00.000000,Sweden,Sweden,SE,1.85,23.46,99.86,63.41,entsoe.eu,false,""
2022-04-15T22:00:00.000000,Sweden,Sweden,SE,1.8,23.02,99.86,63.16,entsoe.eu,false,""
2022-04-15T23:00:00.000000,Sweden,Sweden,SE,1.75,22.43,99.86,63.01,entsoe.eu,false,""
2022-04-16T00:00:00.000000,Sweden,Sweden,SE,8.19,30.31,99.06,63.38,entsoe.eu,false,""
2022-04-16T01:00:00.000000,Sweden,Sweden,SE,11.06,33.92,98.73,62.97,entsoe.eu,false,""
2022-04-16T02:00:00.000000,Sweden,Sweden,SE,10.91,33.48,98.76,63.32,entsoe.eu,false,""
2022-04-16T03:00:00.000000,Sweden,Sweden,SE,10.32,32.73,98.82,63.44,entsoe.eu,false,""
2022-04-16T04:00:00.000000,Sweden,Sweden,SE,1.84,22.55,99.85,63.61,entsoe.eu,false,""
2022-04-16T05:00:00.000000,Sweden,Sweden,SE,2.52,23.35,99.75,64.26,entsoe.eu,false,""
2022-04-16T06:00:00.000000,Sweden,Sweden,SE,2.94,24.04,99.7,64.22,entsoe.eu,false,""
2022-04-16T07:00:00.000000,Sweden,Sweden,SE,4.29,26.21,99.55,63.74,entsoe.eu,false,""
2022-04-16T08:00:00.000000,Sweden,Sweden,SE,6.6,29.39,99.24,63.85,entsoe.eu,false,""
2022-04-16T09:00:00.000000,Sweden,Sweden,SE,5.32,28.17,99.41,63.8,entsoe.eu,false,""
2022-04-16T10:00:00.000000,Sweden,Sweden,SE,3.12,25.3,99.69,62.68,entsoe.eu,false,""
2022-04-16T11:00:00.000000,Sweden,Sweden,SE,3.81,26.5,99.6,61.26,entsoe.eu,false,""
2022-04-16T12:00:00.000000,Sweden,Sweden,SE,6.63,30.72,99.22,57.98,entsoe.eu,false,""
2022-04-16T13:00:00.000000,Sweden,Sweden,SE,6.04,29.63,99.3,58.45,entsoe.eu,false,""
2022-04-16T14:00:00.000000,Sweden,Sweden,SE,4.25,26.3,99.54,60.78,entsoe.eu,false,""
2022-04-16T15:00:00.000000,Sweden,Sweden,SE,5.11,26.66,99.46,62.18,entsoe.eu,false,""
2022-04-16T16:00:00.000000,Sweden,Sweden,SE,7.9,29.63,99.11,62.62,entsoe.eu,false,""
2022-04-16T17:00:00.000000,Sweden,Sweden,SE,6.98,28.29,99.2,62.75,entsoe.eu,false,""
2022-04-16T18:00:00.000000,Sweden,Sweden,SE,5.38,26.8,99.36,63.05,entsoe.eu,false,""
2022-04-16T19:00:00.000000,Sweden,Sweden,SE,2.04,22.5,99.82,62.58,entsoe.eu,false,""
2022-04-16T20:00:00.000000,Sweden,Sweden,SE,9.5,31.03,98.89,62.3,entsoe.eu,false,""
2022-04-16T21:00:00.000000,Sweden,Sweden,SE,8.64,30.17,99.01,62.2,entsoe.eu,false,""
2022-04-16T22:00:00.000000,Sweden,Sweden,SE,11.55,33.56,98.73,61.12,entsoe.eu,false,""
2022-04-16T23:00:00.000000,Sweden,Sweden,SE,14.4,37.28,98.42,60.77,entsoe.eu,false,""
2022-04-17T00:00:00.000000,Sweden,Sweden,SE,13.5,36.39,98.48,60.54,entsoe.eu,false,""
2022-04-17T01:00:00.000000,Sweden,Sweden,SE,8.77,30.79,99.03,60.56,entsoe.eu,false,""
2022-04-17T02:00:00.000000,Sweden,Sweden,SE,10.52,32.84,98.86,60.55,entsoe.eu,false,""
2022-04-17T03:00:00.000000,Sweden,Sweden,SE,9.66,31.91,98.97,60.45,entsoe.eu,false,""
2022-04-17T04:00:00.000000,Sweden,Sweden,SE,10.04,32.66,98.93,61.58,entsoe.eu,false,""
2022-04-17T05:00:00.000000,Sweden,Sweden,SE,8.04,30.72,99.16,62.08,entsoe.eu,false,""
2022-04-17T06:00:00.000000,Sweden,Sweden,SE,7.25,29.8,99.25,62.5,entsoe.eu,false,""
2022-04-17T07:00:00.000000,Sweden,Sweden,SE,7.16,30.26,99.24,61.73,entsoe.eu,false,""
2022-04-17T08:00:00.000000,Sweden,Sweden,SE,5.24,28.41,99.4,61.4,entsoe.eu,false,""
2022-04-17T09:00:00.000000,Sweden,Sweden,SE,7.35,32.84,99.15,57.29,entsoe.eu,false,""
2022-04-17T10:00:00.000000,Sweden,Sweden,SE,26.53,55.94,97.14,54.25,entsoe.eu,false,""
2022-04-17T11:00:00.000000,Sweden,Sweden,SE,39.0,69.64,95.92,53.45,entsoe.eu,false,""
2022-04-17T12:00:00.000000,Sweden,Sweden,SE,40.09,70.28,95.82,52.83,entsoe.eu,false,""
2022-04-17T13:00:00.000000,Sweden,Sweden,SE,42.98,73.48,95.42,51.91,entsoe.eu,false,""
2022-04-17T14:00:00.000000,Sweden,Sweden,SE,36.06,65.58,96.19,53.19,entsoe.eu,false,""
2022-04-17T15:00:00.000000,Sweden,Sweden,SE,10.14,34.07,98.83,57.91,entsoe.eu,false,""
2022-04-17T16:00:00.000000,Sweden,Sweden,SE,9.8,32.69,98.93,60.49,entsoe.eu,false,""
2022-04-17T17:00:00.000000,Sweden,Sweden,SE,8.25,30.12,99.09,62.08,entsoe.eu,false,""
2022-04-17T18:00:00.000000,Sweden,Sweden,SE,3.44,24.16,99.66,62.85,entsoe.eu,false,""
2022-04-17T19:00:00.000000,Sweden,Sweden,SE,9.09,30.48,98.98,62.35,entsoe.eu,false,""
2022-04-17T20:00:00.000000,Sweden,Sweden,SE,11.41,33.71,98.72,62.07,entsoe.eu,false,""
2022-04-17T21:00:00.000000,Sweden,Sweden,SE,10.56,32.61,98.83,61.43,entsoe.eu,false,""
2022-04-17T22:00:00.000000,Sweden,Sweden,SE,8.02,29.6,99.12,61.26,entsoe.eu,false,""
2022-04-17T23:00:00.000000,Sweden,Sweden,SE,7.62,29.19,99.16,60.81,entsoe.eu,false,""
2022-04-18T00:00:00.000000,Sweden,Sweden,SE,8.79,30.74,99.04,60.56,entsoe.eu,false,""
2022-04-18T01:00:00.000000,Sweden,Sweden,SE,9.65,31.84,98.95,60.32,entsoe.eu,false,""
2022-04-18T02:00:00.000000,Sweden,Sweden,SE,7.35,29.21,99.21,60.24,entsoe.eu,false,""
2022-04-18T03:00:00.000000,Sweden,Sweden,SE,7.2,29.78,99.25,59.54,entsoe.eu,false,""
2022-04-18T04:00:00.000000,Sweden,Sweden,SE,7.34,30.19,99.25,58.6,entsoe.eu,false,""
2022-04-18T05:00:00.000000,Sweden,Sweden,SE,7.01,30.14,99.28,58.74,entsoe.eu,false,""
2022-04-18T06:00:00.000000,Sweden,Sweden,SE,2.09,24.7,99.84,59.56,entsoe.eu,false,""
2022-04-18T07:00:00.000000,Sweden,Sweden,SE,2.01,24.77,99.85,61.7,entsoe.eu,false,""
2022-04-18T08:00:00.000000,Sweden,Sweden,SE,3.9,27.3,99.63,62.45,entsoe.eu,false,""
2022-04-18T09:00:00.000000,Sweden,Sweden,SE,3.82,27.67,99.61,62.29,entsoe.eu,false,""
2022-04-18T10:00:00.000000,Sweden,Sweden,SE,5.87,30.02,99.33,61.54,entsoe.eu,false,""
2022-04-18T11:00:00.000000,Sweden,Sweden,SE,5.96,30.83,99.33,61.22,entsoe.eu,false,""
2022-04-18T12:00:00.000000,Sweden,Sweden,SE,7.24,32.68,99.18,61.36,entsoe.eu,false,""
2022-04-18T13:00:00.000000,Sweden,Sweden,SE,4.91,29.17,99.43,61.55,entsoe.eu,false,""
2022-04-18T14:00:00.000000,Sweden,Sweden,SE,5.62,29.69,99.4,63.12,entsoe.eu,false,""
2022-04-18T15:00:00.000000,Sweden,Sweden,SE,2.62,25.33,99.76,65.59,entsoe.eu,false,""
2022-04-18T16:00:00.000000,Sweden,Sweden,SE,3.65,26.58,99.62,65.78,entsoe.eu,false,""
2022-04-18T17:00:00.000000,Sweden,Sweden,SE,2.03,24.44,99.83,66.51,entsoe.eu,false,""
2022-04-18T18:00:00.000000,Sweden,Sweden,SE,2.09,24.55,99.82,66.72,entsoe.eu,false,""
2022-04-18T19:00:00.000000,Sweden,Sweden,SE,2.09,24.85,99.82,66.59,entsoe.eu,false,""
2022-04-18T20:00:00.000000,Sweden,Sweden,SE,2.2,25.23,99.81,65.75,entsoe.eu,false,""
2022-04-18T21:00:00.000000,Sweden,Sweden,SE,2.17,25.1,99.81,65.56,entsoe.eu,false,""
2022-04-18T22:00:00.000000,Sweden,Sweden,SE,2.66,25.89,99.73,64.32,entsoe.eu,false,""
2022-04-18T23:00:00.000000,Sweden,Sweden,SE,2.45,25.69,99.76,63.97,entsoe.eu,false,""
2022-04-19T00:00:00.000000,Sweden,Sweden,SE,2.57,25.91,99.73,64.1,entsoe.eu,false,""
2022-04-19T01:00:00.000000,Sweden,Sweden,SE,2.5,25.99,99.73,64.79,entsoe.eu,false,""
2022-04-19T02:00:00.000000,Sweden,Sweden,SE,2.37,25.99,99.77,65.95,entsoe.eu,false,""
2022-04-19T03:00:00.000000,Sweden,Sweden,SE,2.37,26.28,99.78,67.42,entsoe.eu,false,""
2022-04-19T04:00:00.000000,Sweden,Sweden,SE,2.27,26.46,99.81,68.61,entsoe.eu,false,""
2022-04-19T05:00:00.000000,Sweden,Sweden,SE,2.59,27.23,99.76,68.96,entsoe.eu,false,""
2022-04-19T06:00:00.000000,Sweden,Sweden,SE,3.85,28.9,99.55,68.26,entsoe.eu,false,""
2022-04-19T07:00:00.000000,Sweden,Sweden,SE,4.02,29.41,99.52,68.55,entsoe.eu,false,""
2022-04-19T08:00:00.000000,Sweden,Sweden,SE,2.98,28.09,99.69,69.04,entsoe.eu,false,""
2022-04-19T09:00:00.000000,Sweden,Sweden,SE,2.26,27.82,99.83,68.8,entsoe.eu,false,""
2022-04-19T10:00:00.000000,Sweden,Sweden,SE,2.23,27.81,99.84,68.46,entsoe.eu,false,""
2022-04-19T11:00:00.000000,Sweden,Sweden,SE,2.6,27.99,99.76,67.86,entsoe.eu,false,""
2022-04-19T12:00:00.000000,Sweden,Sweden,SE,2.55,27.96,99.77,67.46,entsoe.eu,false,""
2022-04-19T13:00:00.000000,Sweden,Sweden,SE,2.68,27.74,99.74,67.45,entsoe.eu,false,""
2022-04-19T14:00:00.000000,Sweden,Sweden,SE,2.42,27.41,99.79,67.39,entsoe.eu,false,""
2022-04-19T15:00:00.000000,Sweden,Sweden,SE,2.18,26.61,99.83,67.86,entsoe.eu,false,""
2022-04-19T16:00:00.000000,Sweden,Sweden,SE,2.18,26.35,99.83,68.27,entsoe.eu,false,""
2022-04-19T17:00:00.000000,Sweden,Sweden,SE,2.12,25.83,99.83,68.81,entsoe.eu,false,""
2022-04-19T18:00:00.000000,Sweden,Sweden,SE,2.32,25.83,99.79,68.94,entsoe.eu,false,""
2022-04-19T19:00:00.000000,Sweden,Sweden,SE,2.09,25.19,99.83,68.46,entsoe.eu,false,""
2022-04-19T20:00:00.000000,Sweden,Sweden,SE,1.97,24.82,99.85,68.22,entsoe.eu,false,""
2022-04-19T21:00:00.000000,Sweden,Sweden,SE,1.94,24.64,99.85,66.88,entsoe.eu,false,""
2022-04-19T22:00:00.000000,Sweden,Sweden,SE,2.15,25.01,99.82,64.78,entsoe.eu,false,""
2022-04-19T23:00:00.000000,Sweden,Sweden,SE,2.25,25.21,99.8,64.63,entsoe.eu,false,""
2022-04-20T00:00:00.000000,Sweden,Sweden,SE,2.02,24.79,99.84,65.43,entsoe.eu,false,""
2022-04-20T01:00:00.000000,Sweden,Sweden,SE,2.07,25.03,99.83,65.5,entsoe.eu,false,""
2022-04-20T02:00:00.000000,Sweden,Sweden,SE,2.2,25.41,99.81,65.87,entsoe.eu,false,""
2022-04-20T03:00:00.000000,Sweden,Sweden,SE,2.12,25.83,99.83,67.31,entsoe.eu,false,""
2022-04-20T04:00:00.000000,Sweden,Sweden,SE,2.12,26.21,99.84,68.69,entsoe.eu,false,""
2022-04-20T05:00:00.000000,Sweden,Sweden,SE,2.14,26.23,99.84,70.0,entsoe.eu,false,""
2022-04-20T06:00:00.000000,Sweden,Sweden,SE,2.12,26.52,99.84,69.76,entsoe.eu,false,""
2022-04-20T07:00:00.000000,Sweden,Sweden,SE,2.08,26.74,99.85,69.88,entsoe.eu,false,""
2022-04-20T08:00:00.000000,Sweden,Sweden,SE,2.14,27.36,99.85,69.27,entsoe.eu,false,""
2022-04-20T09:00:00.000000,Sweden,Sweden,SE,2.14,27.42,99.85,69.4,entsoe.eu,false,""
2022-04-20T10:00:00.000000,Sweden,Sweden,SE,5.05,30.45,99.39,68.98,entsoe.eu,false,""
2022-04-20T11:00:00.000000,Sweden,Sweden,SE,6.35,32.47,99.22,68.4,entsoe.eu,false,""
2022-04-20T12:00:00.000000,Sweden,Sweden,SE,5.84,31.35,99.29,68.09,entsoe.eu,false,""
2022-04-20T13:00:00.000000,Sweden,Sweden,SE,2.11,26.49,99.84,67.87,entsoe.eu,false,""
2022-04-20T14:00:00.000000,Sweden,Sweden,SE,1.99,25.47,99.85,67.97,entsoe.eu,false,""
2022-04-20T15:00:00.000000,Sweden,Sweden,SE,1.94,24.74,99.85,68.49,entsoe.eu,false,""
2022-04-20T16:00:00.000000,Sweden,Sweden,SE,1.89,24.27,99.85,68.72,entsoe.eu,false,""
2022-04-20T17:00:00.000000,Sweden,Sweden,SE,1.89,24.18,99.85,68.95,entsoe.eu,false,""
2022-04-20T18:00:00.000000,Sweden,Sweden,SE,1.87,23.95,99.85,69.11,entsoe.eu,false,""
2022-04-20T19:00:00.000000,Sweden,Sweden,SE,1.85,23.82,99.85,68.43,entsoe.eu,false,""
2022-04-20T20:00:00.000000,Sweden,Sweden,SE,1.85,23.64,99.85,67.57,entsoe.eu,false,""
2022-04-20T21:00:00.000000,Sweden,Sweden,SE,1.91,23.98,99.85,66.43,entsoe.eu,false,""
2022-04-20T22:00:00.000000,Sweden,Sweden,SE,2.02,24.86,99.84,65.4,entsoe.eu,false,""
2022-04-20T23:00:00.000000,Sweden,Sweden,SE,2.2,25.03,99.8,65.45,entsoe.eu,false,""
2022-04-21T00:00:00.000000,Sweden,Sweden,SE,2.1,24.44,99.81,66.18,entsoe.eu,false,""
2022-04-21T01:00:00.000000,Sweden,Sweden,SE,1.95,24.21,99.84,66.69,entsoe.eu,false,""
2022-04-21T02:00:00.000000,Sweden,Sweden,SE,1.93,23.97,99.84,67.45,entsoe.eu,false,""
2022-04-21T03:00:00.000000,Sweden,Sweden,SE,1.83,23.51,99.85,69.83,entsoe.eu,false,""
2022-04-21T04:00:00.000000,Sweden,Sweden,SE,1.85,23.92,99.85,70.45,entsoe.eu,false,""
2022-04-21T05:00:00.000000,Sweden,Sweden,SE,1.84,24.11,99.85,71.14,entsoe.eu,false,""
2022-04-21T06:00:00.000000,Sweden,Sweden,SE,1.84,24.15,99.86,70.68,entsoe.eu,false,""
2022-04-21T07:00:00.000000,Sweden,Sweden,SE,1.93,24.82,99.84,70.27,entsoe.eu,false,""
2022-04-21T08:00:00.000000,Sweden,Sweden,SE,2.35,25.46,99.79,70.81,entsoe.eu,false,""
2022-04-21T09:00:00.000000,Sweden,Sweden,SE,2.86,26.35,99.74,70.69,entsoe.eu,false,""
2022-04-21T10:00:00.000000,Sweden,Sweden,SE,3.2,26.79,99.69,69.95,entsoe.eu,false,""
2022-04-21T11:00:00.000000,Sweden,Sweden,SE,3.32,27.22,99.65,69.03,entsoe.eu,false,""
2022-04-21T12:00:00.000000,Sweden,Sweden,SE,4.42,28.96,99.5,68.28,entsoe.eu,false,""
2022-04-21T13:00:00.000000,Sweden,Sweden,SE,4.28,28.48,99.51,68.75,entsoe.eu,false,""
2022-04-21T14:00:00.000000,Sweden,Sweden,SE,1.91,24.9,99.85,68.14,entsoe.eu,false,""
2022-04-21T15:00:00.000000,Sweden,Sweden,SE,1.82,23.99,99.85,68.7,entsoe.eu,false,""
2022-04-21T16:00:00.000000,Sweden,Sweden,SE,1.75,23.3,99.86,69.56,entsoe.eu,false,""
2022-04-21T17:00:00.000000,Sweden,Sweden,SE,1.71,22.88,99.86,70.14,entsoe.eu,false,""
2022-04-21T18:00:00.000000,Sweden,Sweden,SE,1.73,22.8,99.86,70.25,entsoe.eu,false,""
2022-04-21T19:00:00.000000,Sweden,Sweden,SE,1.7,22.67,99.86,69.61,entsoe.eu,false,""
2022-04-21T20:00:00.000000,Sweden,Sweden,SE,1.68,22.64,99.87,69.32,entsoe.eu,false,""
2022-04-21T21:00:00.000000,Sweden,Sweden,SE,1.6,22.28,99.88,68.95,entsoe.eu,false,""
2022-04-21T22:00:00.000000,Sweden,Sweden,SE,1.48,21.77,99.9,66.76,entsoe.eu,false,""
2022-04-21T23:00:00.000000,Sweden,Sweden,SE,1.53,21.82,99.89,66.34,entsoe.eu,false,""
2022-04-22T00:00:00.000000,Sweden,Sweden,SE,1.5,21.73,99.89,66.66,entsoe.eu,false,""
2022-04-22T01:00:00.000000,Sweden,Sweden,SE,1.53,21.98,99.89,66.53,entsoe.eu,false,""
2022-04-22T02:00:00.000000,Sweden,Sweden,SE,1.49,21.87,99.9,67.9,entsoe.eu,false,""
2022-04-22T03:00:00.000000,Sweden,Sweden,SE,1.55,22.06,99.88,70.86,entsoe.eu,false,""
2022-04-22T04:00:00.000000,Sweden,Sweden,SE,1.6,22.59,99.88,72.08,entsoe.eu,false,""
2022-04-22T05:00:00.000000,Sweden,Sweden,SE,1.71,23.36,99.87,72.93,entsoe.eu,false,""
2022-04-22T06:00:00.000000,Sweden,Sweden,SE,1.8,24.11,99.86,72.79,entsoe.eu,false,""
2022-04-22T07:00:00.000000,Sweden,Sweden,SE,1.86,24.81,99.86,72.4,entsoe.eu,false,""
2022-04-22T08:00:00.000000,Sweden,Sweden,SE,1.88,25.07,99.86,71.92,entsoe.eu,false,""
2022-04-22T09:00:00.000000,Sweden,Sweden,SE,1.88,25.36,99.86,71.2,entsoe.eu,false,""
2022-04-22T10:00:00.000000,Sweden,Sweden,SE,1.93,25.43,99.85,70.9,entsoe.eu,false,""
2022-04-22T11:00:00.000000,Sweden,Sweden,SE,3.07,26.78,99.71,70.21,entsoe.eu,false,""
2022-04-22T12:00:00.000000,Sweden,Sweden,SE,1.91,25.6,99.87,68.09,entsoe.eu,false,""
2022-04-22T13:00:00.000000,Sweden,Sweden,SE,1.84,25.09,99.87,68.79,entsoe.eu,false,""
2022-04-22T14:00:00.000000,Sweden,Sweden,SE,1.78,24.04,99.86,69.46,entsoe.eu,false,""
2022-04-22T15:00:00.000000,Sweden,Sweden,SE,1.76,23.54,99.86,69.63,entsoe.eu,false,""
2022-04-22T16:00:00.000000,Sweden,Sweden,SE,1.78,23.39,99.86,68.34,entsoe.eu,false,""
2022-04-22T17:00:00.000000,Sweden,Sweden,SE,1.64,22.55,99.88,68.16,entsoe.eu,false,""
2022-04-22T18:00:00.000000,Sweden,Sweden,SE,1.98,22.57,99.81,68.42,entsoe.eu,false,""
2022-04-22T19:00:00.000000,Sweden,Sweden,SE,4.19,24.72,99.38,67.47,entsoe.eu,false,""
2022-04-22T20:00:00.000000,Sweden,Sweden,SE,6.55,27.66,98.98,66.36,entsoe.eu,false,""
2022-04-22T21:00:00.000000,Sweden,Sweden,SE,9.99,31.07,98.45,64.53,entsoe.eu,false,""
2022-04-22T22:00:00.000000,Sweden,Sweden,SE,10.01,30.75,98.5,63.7,entsoe.eu,false,""
2022-04-22T23:00:00.000000,Sweden,Sweden,SE,8.78,29.42,98.72,63.6,entsoe.eu,false,""
2022-04-23T00:00:00.000000,Sweden,Sweden,SE,6.63,27.23,98.99,63.83,entsoe.eu,false,""
2022-04-23T01:00:00.000000,Sweden,Sweden,SE,5.47,25.63,99.17,64.32,entsoe.eu,false,""
2022-04-23T02:00:00.000000,Sweden,Sweden,SE,5.29,25.71,99.19,64.43,entsoe.eu,false,""
2022-04-23T03:00:00.000000,Sweden,Sweden,SE,4.4,24.8,99.37,65.34,entsoe.eu,false,""
2022-04-23T04:00:00.000000,Sweden,Sweden,SE,4.16,24.79,99.4,65.47,entsoe.eu,false,""
2022-04-23T05:00:00.000000,Sweden,Sweden,SE,1.46,21.53,99.9,68.05,entsoe.eu,false,""
2022-04-23T06:00:00.000000,Sweden,Sweden,SE,1.54,21.75,99.88,69.23,entsoe.eu,false,""
2022-04-23T07:00:00.000000,Sweden,Sweden,SE,1.51,21.97,99.89,69.88,entsoe.eu,false,""
2022-04-23T08:00:00.000000,Sweden,Sweden,SE,1.52,22.28,99.89,69.51,entsoe.eu,false,""
2022-04-23T09:00:00.000000,Sweden,Sweden,SE,2.32,23.72,99.79,68.32,entsoe.eu,false,""
2022-04-23T10:00:00.000000,Sweden,Sweden,SE,7.53,30.43,99.15,67.41,entsoe.eu,false,""
2022-04-23T11:00:00.000000,Sweden,Sweden,SE,8.02,30.35,99.08,66.99,entsoe.eu,false,""
2022-04-23T12:00:00.000000,Sweden,Sweden,SE,8.12,30.31,99.05,67.95,entsoe.eu,false,""
2022-04-23T13:00:00.000000,Sweden,Sweden,SE,6.95,28.58,99.18,66.73,entsoe.eu,false,""
2022-04-23T14:00:00.000000,Sweden,Sweden,SE,2.78,23.24,99.7,68.38,entsoe.eu,false,""
2022-04-23T15:00:00.000000,Sweden,Sweden,SE,3.25,23.24,99.63,69.89,entsoe.eu,false,""
2022-04-23T16:00:00.000000,Sweden,Sweden,SE,1.51,20.97,99.88,69.83,entsoe.eu,false,""
2022-04-23T17:00:00.000000,Sweden,Sweden,SE,1.52,20.92,99.87,70.29,entsoe.eu,false,""
2022-04-23T18:00:00.000000,Sweden,Sweden,SE,1.48,20.87,99.88,69.94,entsoe.eu,false,""
2022-04-23T19:00:00.000000,Sweden,Sweden,SE,1.52,21.09,99.88,69.33,entsoe.eu,false,""
2022-04-23T20:00:00.000000,Sweden,Sweden,SE,1.81,21.48,99.84,69.25,entsoe.eu,false,""
2022-04-23T21:00:00.000000,Sweden,Sweden,SE,2.89,22.13,99.7,68.72,entsoe.eu,false,""
2022-04-23T22:00:00.000000,Sweden,Sweden,SE,2.82,22.61,99.71,68.68,entsoe.eu,false,""
2022-04-23T23:00:00.000000,Sweden,Sweden,SE,2.42,22.3,99.76,68.73,entsoe.eu,false,""
2022-04-24T00:00:00.000000,Sweden,Sweden,SE,2.54,22.5,99.74,68.47,entsoe.eu,false,""
2022-04-24T01:00:00.000000,Sweden,Sweden,SE,2.12,22.19,99.79,68.37,entsoe.eu,false,""
2022-04-24T02:00:00.000000,Sweden,Sweden,SE,3.01,23.02,99.69,68.75,entsoe.eu,false,""
2022-04-24T03:00:00.000000,Sweden,Sweden,SE,1.59,21.43,99.87,68.47,entsoe.eu,false,""
2022-04-24T04:00:00.000000,Sweden,Sweden,SE,1.62,21.89,99.87,68.93,entsoe.eu,false,""
2022-04-24T05:00:00.000000,Sweden,Sweden,SE,1.78,22.28,99.85,70.41,entsoe.eu,false,""
2022-04-24T06:00:00.000000,Sweden,Sweden,SE,1.63,22.09,99.87,71.51,entsoe.eu,false,""
2022-04-24T07:00:00.000000,Sweden,Sweden,SE,4.13,25.26,99.5,72.2,entsoe.eu,false,""
2022-04-24T08:00:00.000000,Sweden,Sweden,SE,3.85,25.23,99.53,72.6,entsoe.eu,false,""
2022-04-24T09:00:00.000000,Sweden,Sweden,SE,3.68,25.37,99.56,71.88,entsoe.eu,false,""
2022-04-24T10:00:00.000000,Sweden,Sweden,SE,4.58,27.38,99.46,69.82,entsoe.eu,false,""
2022-04-24T11:00:00.000000,Sweden,Sweden,SE,6.6,30.1,99.21,68.9,entsoe.eu,false,""
2022-04-24T12:00:00.000000,Sweden,Sweden,SE,7.08,30.6,99.15,69.39,entsoe.eu,false,""
2022-04-24T13:00:00.000000,Sweden,Sweden,SE,5.15,27.73,99.38,68.99,entsoe.eu,false,""
2022-04-24T14:00:00.000000,Sweden,Sweden,SE,5.73,27.5,99.33,71.17,entsoe.eu,false,""
2022-04-24T15:00:00.000000,Sweden,Sweden,SE,5.75,27.17,99.37,71.69,entsoe.eu,false,""
2022-04-24T16:00:00.000000,Sweden,Sweden,SE,4.58,26.27,99.51,71.53,entsoe.eu,false,""
2022-04-24T17:00:00.000000,Sweden,Sweden,SE,2.65,24.15,99.74,70.6,entsoe.eu,false,""
2022-04-24T18:00:00.000000,Sweden,Sweden,SE,1.79,23.18,99.85,70.46,entsoe.eu,false,""
2022-04-24T19:00:00.000000,Sweden,Sweden,SE,1.86,23.67,99.85,70.16,entsoe.eu,false,""
2022-04-24T20:00:00.000000,Sweden,Sweden,SE,1.87,23.72,99.84,70.73,entsoe.eu,false,""
2022-04-24T21:00:00.000000,Sweden,Sweden,SE,1.85,23.39,99.84,70.51,entsoe.eu,false,""
2022-04-24T22:00:00.000000,Sweden,Sweden,SE,1.87,23.52,99.84,69.63,entsoe.eu,false,""
2022-04-24T23:00:00.000000,Sweden,Sweden,SE,2.09,23.88,99.8,69.31,entsoe.eu,false,""
2022-04-25T00:00:00.000000,Sweden,Sweden,SE,2.03,23.81,99.81,69.55,entsoe.eu,false,""
2022-04-25T01:00:00.000000,Sweden,Sweden,SE,2.39,24.18,99.74,69.58,entsoe.eu,false,""
2022-04-25T02:00:00.000000,Sweden,Sweden,SE,1.83,23.5,99.85,69.79,entsoe.eu,false,""
2022-04-25T03:00:00.000000,Sweden,Sweden,SE,1.82,23.8,99.86,70.05,entsoe.eu,false,""
2022-04-25T04:00:00.000000,Sweden,Sweden,SE,1.97,25.4,99.85,70.15,entsoe.eu,false,""
2022-04-25T05:00:00.000000,Sweden,Sweden,SE,2.09,26.34,99.84,71.17,entsoe.eu,false,""
2022-04-25T06:00:00.000000,Sweden,Sweden,SE,2.41,27.49,99.79,70.69,entsoe.eu,false,""
2022-04-25T07:00:00.000000,Sweden,Sweden,SE,2.15,27.19,99.84,70.65,entsoe.eu,false,""
2022-04-25T08:00:00.000000,Sweden,Sweden,SE,2.18,27.51,99.84,70.52,entsoe.eu,false,""
2022-04-25T09:00:00.000000,Sweden,Sweden,SE,2.18,27.77,99.84,69.96,entsoe.eu,false,""
2022-04-25T10:00:00.000000,Sweden,Sweden,SE,2.12,27.42,99.85,69.69,entsoe.eu,false,""
2022-04-25T11:00:00.000000,Sweden,Sweden,SE,1.99,27.1,99.88,69.61,entsoe.eu,false,""
2022-04-25T12:00:00.000000,Sweden,Sweden,SE,1.99,27.07,99.88,69.21,entsoe.eu,false,""
2022-04-25T13:00:00.000000,Sweden,Sweden,SE,2.55,27.35,99.8,69.53,entsoe.eu,false,""
2022-04-25T14:00:00.000000,Sweden,Sweden,SE,1.95,26.24,99.87,69.26,entsoe.eu,false,""
2022-04-25T15:00:00.000000,Sweden,Sweden,SE,2.11,25.98,99.84,68.61,entsoe.eu,false,""
2022-04-25T16:00:00.000000,Sweden,Sweden,SE,2.02,25.52,99.85,68.04,entsoe.eu,false,""
2022-04-25T17:00:00.000000,Sweden,Sweden,SE,1.9,25.01,99.87,68.62,entsoe.eu,false,""
2022-04-25T18:00:00.000000,Sweden,Sweden,SE,2.87,25.8,99.71,68.25,entsoe.eu,false,""
2022-04-25T19:00:00.000000,Sweden,Sweden,SE,1.79,24.45,99.88,68.8,entsoe.eu,false,""
2022-04-25T20:00:00.000000,Sweden,Sweden,SE,3.23,25.86,99.58,68.36,entsoe.eu,false,""
2022-04-25T21:00:00.000000,Sweden,Sweden,SE,3.81,25.56,99.43,67.39,entsoe.eu,false,""
2022-04-25T22:00:00.000000,Sweden,Sweden,SE,3.86,24.86,99.42,66.56,entsoe.eu,false,""
2022-04-25T23:00:00.000000,Sweden,Sweden,SE,10.23,31.27,98.99,66.39,entsoe.eu,false,""
2022-04-26T00:00:00.000000,Sweden,Sweden,SE,11.13,32.39,98.93,66.43,entsoe.eu,false,""
2022-04-26T01:00:00.000000,Sweden,Sweden,SE,3.91,25.1,99.43,67.01,entsoe.eu,false,""
2022-04-26T02:00:00.000000,Sweden,Sweden,SE,4.42,26.9,99.35,67.07,entsoe.eu,false,""
2022-04-26T03:00:00.000000,Sweden,Sweden,SE,2.49,26.85,99.77,67.65,entsoe.eu,false,""
2022-04-26T04:00:00.000000,Sweden,Sweden,SE,2.23,28.72,99.86,69.16,entsoe.eu,false,""
2022-04-26T05:00:00.000000,Sweden,Sweden,SE,2.42,29.65,99.84,69.91,entsoe.eu,false,""
2022-04-26T06:00:00.000000,Sweden,Sweden,SE,2.68,30.29,99.8,69.47,entsoe.eu,false,""
2022-04-26T07:00:00.000000,Sweden,Sweden,SE,2.41,29.98,99.84,69.8,entsoe.eu,false,""
2022-04-26T08:00:00.000000,Sweden,Sweden,SE,2.4,29.93,99.84,69.96,entsoe.eu,false,""
2022-04-26T09:00:00.000000,Sweden,Sweden,SE,2.39,29.78,99.84,70.42,entsoe.eu,false,""
2022-04-26T10:00:00.000000,Sweden,Sweden,SE,2.52,29.59,99.82,70.22,entsoe.eu,false,""
2022-04-26T11:00:00.000000,Sweden,Sweden,SE,2.53,29.82,99.82,69.22,entsoe.eu,false,""
2022-04-26T12:00:00.000000,Sweden,Sweden,SE,2.54,29.81,99.82,68.57,entsoe.eu,false,""
2022-04-26T13:00:00.000000,Sweden,Sweden,SE,2.25,29.15,99.86,68.81,entsoe.eu,false,""
2022-04-26T14:00:00.000000,Sweden,Sweden,SE,2.27,29.06,99.86,69.07,entsoe.eu,false,""
2022-04-26T15:00:00.000000,Sweden,Sweden,SE,2.25,28.77,99.85,69.96,entsoe.eu,false,""
2022-04-26T16:00:00.000000,Sweden,Sweden,SE,2.27,28.87,99.85,70.72,entsoe.eu,false,""
2022-04-26T17:00:00.000000,Sweden,Sweden,SE,2.26,28.7,99.84,71.16,entsoe.eu,false,""
2022-04-26T18:00:00.000000,Sweden,Sweden,SE,2.21,28.16,99.85,71.27,entsoe.eu,false,""
2022-04-26T19:00:00.000000,Sweden,Sweden,SE,2.81,29.21,99.73,70.06,entsoe.eu,false,""
2022-04-26T20:00:00.000000,Sweden,Sweden,SE,3.67,29.95,99.54,69.04,entsoe.eu,false,""
2022-04-26T21:00:00.000000,Sweden,Sweden,SE,3.17,27.76,99.61,69.3,entsoe.eu,false,""
2022-04-26T22:00:00.000000,Sweden,Sweden,SE,3.06,25.48,99.59,68.32,entsoe.eu,false,""
2022-04-26T23:00:00.000000,Sweden,Sweden,SE,3.46,25.13,99.49,68.14,entsoe.eu,false,""
2022-04-27T00:00:00.000000,Sweden,Sweden,SE,3.25,24.62,99.53,68.05,entsoe.eu,false,""
2022-04-27T01:00:00.000000,Sweden,Sweden,SE,3.65,25.46,99.44,68.28,entsoe.eu,false,""
2022-04-27T02:00:00.000000,Sweden,Sweden,SE,3.89,26.6,99.43,68.17,entsoe.eu,false,""
2022-04-27T03:00:00.000000,Sweden,Sweden,SE,4.67,30.15,99.35,68.77,entsoe.eu,false,""
2022-04-27T04:00:00.000000,Sweden,Sweden,SE,2.6,30.19,99.78,70.89,entsoe.eu,false,""
2022-04-27T05:00:00.000000,Sweden,Sweden,SE,2.68,30.91,99.79,70.71,entsoe.eu,false,""
2022-04-27T06:00:00.000000,Sweden,Sweden,SE,4.24,33.35,99.56,70.03,entsoe.eu,false,""
2022-04-27T07:00:00.000000,Sweden,Sweden,SE,5.05,34.54,99.46,69.51,entsoe.eu,false,""
2022-04-27T08:00:00.000000,Sweden,Sweden,SE,4.18,33.26,99.6,69.49,entsoe.eu,false,""
2022-04-27T09:00:00.000000,Sweden,Sweden,SE,3.41,32.36,99.71,69.07,entsoe.eu,false,""
2022-04-27T10:00:00.000000,Sweden,Sweden,SE,2.63,31.14,99.81,68.94,entsoe.eu,false,""
2022-04-27T11:00:00.000000,Sweden,Sweden,SE,2.65,31.18,99.81,68.69,entsoe.eu,false,""
2022-04-27T12:00:00.000000,Sweden,Sweden,SE,3.23,31.56,99.68,68.91,entsoe.eu,false,""
2022-04-27T13:00:00.000000,Sweden,Sweden,SE,3.1,31.28,99.73,68.92,entsoe.eu,false,""
2022-04-27T14:00:00.000000,Sweden,Sweden,SE,2.65,30.68,99.8,69.21,entsoe.eu,false,""
2022-04-27T15:00:00.000000,Sweden,Sweden,SE,2.75,30.32,99.78,69.04,entsoe.eu,false,""
2022-04-27T16:00:00.000000,Sweden,Sweden,SE,2.62,30.04,99.8,69.03,entsoe.eu,false,""
2022-04-27T17:00:00.000000,Sweden,Sweden,SE,2.52,29.31,99.8,69.75,entsoe.eu,false,""
2022-04-27T18:00:00.000000,Sweden,Sweden,SE,2.54,29.15,99.8,70.11,entsoe.eu,false,""
2022-04-27T19:00:00.000000,Sweden,Sweden,SE,2.64,29.3,99.78,69.89,entsoe.eu,false,""
2022-04-27T20:00:00.000000,Sweden,Sweden,SE,2.64,28.95,99.77,68.84,entsoe.eu,false,""
2022-04-27T21:00:00.000000,Sweden,Sweden,SE,3.73,29.0,99.56,67.41,entsoe.eu,false,""
2022-04-27T22:00:00.000000,Sweden,Sweden,SE,10.16,32.85,98.97,66.24,entsoe.eu,false,""
2022-04-27T23:00:00.000000,Sweden,Sweden,SE,11.92,33.29,98.81,66.25,entsoe.eu,false,""
2022-04-28T00:00:00.000000,Sweden,Sweden,SE,12.99,34.27,98.73,66.95,entsoe.eu,false,""
2022-04-28T01:00:00.000000,Sweden,Sweden,SE,14.58,36.0,98.62,66.79,entsoe.eu,false,""
2022-04-28T02:00:00.000000,Sweden,Sweden,SE,16.93,39.62,98.39,67.74,entsoe.eu,false,""
2022-04-28T03:00:00.000000,Sweden,Sweden,SE,13.35,37.76,98.53,67.97,entsoe.eu,false,""
2022-04-28T04:00:00.000000,Sweden,Sweden,SE,2.05,26.16,99.84,70.56,entsoe.eu,false,""
2022-04-28T05:00:00.000000,Sweden,Sweden,SE,2.1,26.61,99.84,71.44,entsoe.eu,false,""
2022-04-28T06:00:00.000000,Sweden,Sweden,SE,9.67,35.38,99.03,69.76,entsoe.eu,false,""
2022-04-28T07:00:00.000000,Sweden,Sweden,SE,2.49,27.73,99.78,69.92,entsoe.eu,false,""
2022-04-28T08:00:00.000000,Sweden,Sweden,SE,2.08,27.03,99.86,70.13,entsoe.eu,false,""
2022-04-28T09:00:00.000000,Sweden,Sweden,SE,2.02,26.55,99.86,70.67,entsoe.eu,false,""
2022-04-28T10:00:00.000000,Sweden,Sweden,SE,1.96,26.37,99.87,70.33,entsoe.eu,false,""
2022-04-28T11:00:00.000000,Sweden,Sweden,SE,1.97,26.4,99.86,70.44,entsoe.eu,false,""
2022-04-28T12:00:00.000000,Sweden,Sweden,SE,1.89,25.76,99.87,70.8,entsoe.eu,false,""
2022-04-28T13:00:00.000000,Sweden,Sweden,SE,1.81,25.58,99.89,69.95,entsoe.eu,false,""
2022-04-28T14:00:00.000000,Sweden,Sweden,SE,1.84,25.62,99.89,69.79,entsoe.eu,false,""
2022-04-28T15:00:00.000000,Sweden,Sweden,SE,1.88,25.09,99.87,69.76,entsoe.eu,false,""
2022-04-28T16:00:00.000000,Sweden,Sweden,SE,1.96,25.06,99.85,69.6,entsoe.eu,false,""
2022-04-28T17:00:00.000000,Sweden,Sweden,SE,1.96,25.05,99.85,69.72,entsoe.eu,false,""
2022-04-28T18:00:00.000000,Sweden,Sweden,SE,2.03,25.35,99.84,69.64,entsoe.eu,false,""
2022-04-28T19:00:00.000000,Sweden,Sweden,SE,2.03,25.48,99.84,69.78,entsoe.eu,false,""
2022-04-28T20:00:00.000000,Sweden,Sweden,SE,2.15,25.03,99.8,69.2,entsoe.eu,false,""
2022-04-28T21:00:00.000000,Sweden,Sweden,SE,9.32,32.14,99.02,67.62,entsoe.eu,false,""
2022-04-28T22:00:00.000000,Sweden,Sweden,SE,1.85,23.42,99.84,67.61,entsoe.eu,false,""
2022-04-28T23:00:00.000000,Sweden,Sweden,SE,3.52,26.2,99.49,67.54,entsoe.eu,false,""
2022-04-29T00:00:00.000000,Sweden,Sweden,SE,4.28,27.28,99.33,67.97,entsoe.eu,false,""
2022-04-29T01:00:00.000000,Sweden,Sweden,SE,7.87,31.24,99.0,67.98,entsoe.eu,false,""
2022-04-29T02:00:00.000000,Sweden,Sweden,SE,14.67,38.73,98.48,67.73,entsoe.eu,false,""
2022-04-29T03:00:00.000000,Sweden,Sweden,SE,6.49,30.96,99.21,68.33,entsoe.eu,false,""
2022-04-29T04:00:00.000000,Sweden,Sweden,SE,2.35,27.05,99.78,70.53,entsoe.eu,false,""
2022-04-29T05:00:00.000000,Sweden,Sweden,SE,2.2,27.28,99.82,71.2,entsoe.eu,false,""
2022-04-29T06:00:00.000000,Sweden,Sweden,SE,2.29,27.89,99.82,70.08,entsoe.eu,false,""
2022-04-29T07:00:00.000000,Sweden,Sweden,SE,3.51,29.57,99.66,70.07,entsoe.eu,false,""
2022-04-29T08:00:00.000000,Sweden,Sweden,SE,2.36,27.48,99.8,69.39,entsoe.eu,false,""
2022-04-29T09:00:00.000000,Sweden,Sweden,SE,2.23,27.5,99.83,69.09,entsoe.eu,false,""
2022-04-29T10:00:00.000000,Sweden,Sweden,SE,2.96,28.39,99.71,68.23,entsoe.eu,false,""
2022-04-29T11:00:00.000000,Sweden,Sweden,SE,3.03,28.98,99.71,67.44,entsoe.eu,false,""
2022-04-29T12:00:00.000000,Sweden,Sweden,SE,2.8,28.53,99.75,67.23,entsoe.eu,false,""
2022-04-29T13:00:00.000000,Sweden,Sweden,SE,2.36,27.46,99.79,67.69,entsoe.eu,false,""
2022-04-29T14:00:00.000000,Sweden,Sweden,SE,2.27,26.85,99.8,69.06,entsoe.eu,false,""
2022-04-29T15:00:00.000000,Sweden,Sweden,SE,2.21,26.33,99.81,70.09,entsoe.eu,false,""
2022-04-29T16:00:00.000000,Sweden,Sweden,SE,2.24,26.24,99.81,69.23,entsoe.eu,false,""
2022-04-29T17:00:00.000000,Sweden,Sweden,SE,2.21,26.13,99.81,69.06,entsoe.eu,false,""
2022-04-29T18:00:00.000000,Sweden,Sweden,SE,2.13,25.48,99.82,69.46,entsoe.eu,false,""
2022-04-29T19:00:00.000000,Sweden,Sweden,SE,2.09,25.39,99.82,69.03,entsoe.eu,false,""
2022-04-29T20:00:00.000000,Sweden,Sweden,SE,1.96,24.61,99.84,68.68,entsoe.eu,false,""
2022-04-29T21:00:00.000000,Sweden,Sweden,SE,1.85,23.76,99.85,68.3,entsoe.eu,false,""
2022-04-29T22:00:00.000000,Sweden,Sweden,SE,1.75,22.56,99.85,67.6,entsoe.eu,false,""
2022-04-29T23:00:00.000000,Sweden,Sweden,SE,1.66,21.99,99.86,67.53,entsoe.eu,false,""
2022-04-30T00:00:00.000000,Sweden,Sweden,SE,1.77,22.21,99.83,67.2,entsoe.eu,false,""
2022-04-30T01:00:00.000000,Sweden,Sweden,SE,1.78,22.21,99.84,66.93,entsoe.eu,false,""
2022-04-30T02:00:00.000000,Sweden,Sweden,SE,1.82,22.17,99.82,67.42,entsoe.eu,false,""
2022-04-30T03:00:00.000000,Sweden,Sweden,SE,2.12,22.95,99.75,67.4,entsoe.eu,false,""
2022-04-30T04:00:00.000000,Sweden,Sweden,SE,1.97,22.77,99.78,68.23,entsoe.eu,false,""
2022-04-30T05:00:00.000000,Sweden,Sweden,SE,1.96,23.4,99.81,68.32,entsoe.eu,false,""
2022-04-30T06:00:00.000000,Sweden,Sweden,SE,2.01,24.3,99.81,68.35,entsoe.eu,false,""
2022-04-30T07:00:00.000000,Sweden,Sweden,SE,1.94,24.49,99.84,68.63,entsoe.eu,false,""
2022-04-30T08:00:00.000000,Sweden,Sweden,SE,2.23,25.21,99.8,68.91,entsoe.eu,false,""
2022-04-30T09:00:00.000000,Sweden,Sweden,SE,7.76,32.69,99.05,68.82,entsoe.eu,false,""
2022-04-30T10:00:00.000000,Sweden,Sweden,SE,9.64,35.23,98.81,68.07,entsoe.eu,false,""
2022-04-30T11:00:00.000000,Sweden,Sweden,SE,9.43,34.98,98.76,67.97,entsoe.eu,false,""
2022-04-30T12:00:00.000000,Sweden,Sweden,SE,8.68,34.18,98.85,68.15,entsoe.eu,false,""
2022-04-30T13:00:00.000000,Sweden,Sweden,SE,8.64,34.26,98.93,68.28,entsoe.eu,false,""
2022-04-30T14:00:00.000000,Sweden,Sweden,SE,4.03,27.81,99.51,68.8,entsoe.eu,false,""
2022-04-30T15:00:00.000000,Sweden,Sweden,SE,1.86,24.15,99.84,74.34,entsoe.eu,false,""
2022-04-30T16:00:00.000000,Sweden,Sweden,SE,1.98,24.8,99.83,75.45,entsoe.eu,false,""
2022-04-30T17:00:00.000000,Sweden,Sweden,SE,1.77,23.06,99.85,76.84,entsoe.eu,false,""
2022-04-30T18:00:00.000000,Sweden,Sweden,SE,1.76,22.99,99.84,77.54,entsoe.eu,false,""
2022-04-30T19:00:00.000000,Sweden,Sweden,SE,1.73,22.62,99.84,78.53,entsoe.eu,false,""
2022-04-30T20:00:00.000000,Sweden,Sweden,SE,1.73,22.55,99.84,79.3,entsoe.eu,false,""
2022-04-30T21:00:00.000000,Sweden,Sweden,SE,1.7,22.44,99.84,79.34,entsoe.eu,false,""
2022-04-30T22:00:00.000000,Sweden,Sweden,SE,2.11,25.36,99.81,72.13,entsoe.eu,false,""
2022-04-30T23:00:00.000000,Sweden,Sweden,SE,2.15,25.63,99.81,72.6,entsoe.eu,false,""
2022-05-01T00:00:00.000000,Sweden,Sweden,SE,2.17,25.58,99.8,72.8,entsoe.eu,false,""
2022-05-01T01:00:00.000000,Sweden,Sweden,SE,2.17,25.57,99.8,72.83,entsoe.eu,false,""
2022-05-01T02:00:00.000000,Sweden,Sweden,SE,2.16,25.53,99.8,73.17,entsoe.eu,false,""
2022-05-01T03:00:00.000000,Sweden,Sweden,SE,2.17,25.68,99.8,73.26,entsoe.eu,false,""
2022-05-01T04:00:00.000000,Sweden,Sweden,SE,2.18,25.77,99.8,73.34,entsoe.eu,false,""
2022-05-01T05:00:00.000000,Sweden,Sweden,SE,2.44,26.27,99.77,73.09,entsoe.eu,false,""
2022-05-01T06:00:00.000000,Sweden,Sweden,SE,18.1,44.74,97.99,72.31,entsoe.eu,false,""
2022-05-01T07:00:00.000000,Sweden,Sweden,SE,24.3,52.45,97.12,72.0,entsoe.eu,false,""
2022-05-01T08:00:00.000000,Sweden,Sweden,SE,20.22,48.13,97.6,72.47,entsoe.eu,false,""
2022-05-01T09:00:00.000000,Sweden,Sweden,SE,21.49,49.39,97.58,72.47,entsoe.eu,false,""
2022-05-01T10:00:00.000000,Sweden,Sweden,SE,14.05,41.29,98.25,72.62,entsoe.eu,false,""
2022-05-01T11:00:00.000000,Sweden,Sweden,SE,14.57,41.5,98.25,72.47,entsoe.eu,false,""
2022-05-01T12:00:00.000000,Sweden,Sweden,SE,10.66,37.06,98.73,72.35,entsoe.eu,false,""
2022-05-01T13:00:00.000000,Sweden,Sweden,SE,6.79,32.67,99.19,72.64,entsoe.eu,false,""
2022-05-01T14:00:00.000000,Sweden,Sweden,SE,8.44,34.34,98.98,72.79,entsoe.eu,false,""
2022-05-01T15:00:00.000000,Sweden,Sweden,SE,8.16,33.4,99.06,72.57,entsoe.eu,false,""
2022-05-01T16:00:00.000000,Sweden,Sweden,SE,3.61,28.09,99.57,72.63,entsoe.eu,false,""
2022-05-01T17:00:00.000000,Sweden,Sweden,SE,3.38,27.46,99.6,72.59,entsoe.eu,false,""
2022-05-01T18:00:00.000000,Sweden,Sweden,SE,4.47,28.51,99.42,72.44,entsoe.eu,false,""
2022-05-01T19:00:00.000000,Sweden,Sweden,SE,3.27,27.0,99.62,73.35,entsoe.eu,false,""
2022-05-01T20:00:00.000000,Sweden,Sweden,SE,2.45,25.79,99.75,73.53,entsoe.eu,false,""
2022-05-01T21:00:00.000000,Sweden,Sweden,SE,2.06,25.0,99.82,73.38,entsoe.eu,false,""
2022-05-01T22:00:00.000000,Sweden,Sweden,SE,1.93,23.69,99.82,73.47,entsoe.eu,false,""
2022-05-01T23:00:00.000000,Sweden,Sweden,SE,2.05,23.6,99.78,73.14,entsoe.eu,false,""
2022-05-02T00:00:00.000000,Sweden,Sweden,SE,1.83,23.22,99.83,73.3,svk.se,false,""
2022-05-02T01:00:00.000000,Sweden,Sweden,SE,1.88,23.39,99.82,73.15,svk.se,false,""
2022-05-02T02:00:00.000000,Sweden,Sweden,SE,1.72,22.97,99.85,73.76,svk.se,false,""
2022-05-02T03:00:00.000000,Sweden,Sweden,SE,1.81,23.5,99.84,74.63,svk.se,false,""
2022-05-02T04:00:00.000000,Sweden,Sweden,SE,3.24,26.59,99.61,74.64,svk.se,false,""
2022-05-02T05:00:00.000000,Sweden,Sweden,SE,3.06,26.74,99.66,74.81,svk.se,false,""
2022-05-02T06:00:00.000000,Sweden,Sweden,SE,3.64,28.07,99.57,74.7,svk.se,false,""
2022-05-02T07:00:00.000000,Sweden,Sweden,SE,2.23,26.45,99.8,75.77,svk.se,false,""
2022-05-02T08:00:00.000000,Sweden,Sweden,SE,1.92,26.09,99.86,76.22,svk.se,false,""
2022-05-02T09:00:00.000000,Sweden,Sweden,SE,1.79,25.27,99.87,76.63,svk.se,false,""
2022-05-02T10:00:00.000000,Sweden,Sweden,SE,4.97,28.82,99.4,76.81,svk.se,false,""
2022-05-02T11:00:00.000000,Sweden,Sweden,SE,7.49,31.79,99.11,76.77,svk.se,false,""
2022-05-02T12:00:00.000000,Sweden,Sweden,SE,7.47,31.11,99.12,76.52,svk.se,false,""
2022-05-02T13:00:00.000000,Sweden,Sweden,SE,7.37,30.38,99.13,76.53,svk.se,false,""
2022-05-02T14:00:00.000000,Sweden,Sweden,SE,2.22,24.05,99.8,76.37,svk.se,false,""
2022-05-02T15:00:00.000000,Sweden,Sweden,SE,1.47,22.87,99.9,76.28,svk.se,false,""
2022-05-02T16:00:00.000000,Sweden,Sweden,SE,1.49,22.72,99.9,76.2,svk.se,false,""
2022-05-02T17:00:00.000000,Sweden,Sweden,SE,1.9,23.22,99.83,75.49,svk.se,false,""
2022-05-02T18:00:00.000000,Sweden,Sweden,SE,2.92,24.23,99.65,74.91,svk.se,false,""
2022-05-02T19:00:00.000000,Sweden,Sweden,SE,1.89,22.16,99.82,74.51,svk.se,false,""
2022-05-02T20:00:00.000000,Sweden,Sweden,SE,1.3,21.33,99.92,74.64,svk.se,false,""
2022-05-02T21:00:00.000000,Sweden,Sweden,SE,1.31,21.37,99.92,74.41,svk.se,false,""
2022-05-02T22:00:00.000000,Sweden,Sweden,SE,1.37,21.12,99.91,74.35,svk.se,false,""
2022-05-02T23:00:00.000000,Sweden,Sweden,SE,1.27,21.1,99.92,73.9,svk.se,false,""
2022-05-03T00:00:00.000000,Sweden,Sweden,SE,4.5,25.13,99.52,74.08,svk.se,false,""
2022-05-03T01:00:00.000000,Sweden,Sweden,SE,4.78,25.46,99.46,74.16,svk.se,false,""
2022-05-03T02:00:00.000000,Sweden,Sweden,SE,1.34,21.65,99.92,73.95,svk.se,false,""
2022-05-03T03:00:00.000000,Sweden,Sweden,SE,1.65,23.42,99.88,75.26,svk.se,false,""
2022-05-03T04:00:00.000000,Sweden,Sweden,SE,8.42,31.98,99.23,73.88,svk.se,false,""
2022-05-03T05:00:00.000000,Sweden,Sweden,SE,24.44,49.5,97.57,68.45,svk.se,false,""
2022-05-03T06:00:00.000000,Sweden,Sweden,SE,25.67,52.32,97.47,72.39,svk.se,false,""
2022-05-03T07:00:00.000000,Sweden,Sweden,SE,21.79,48.14,97.91,72.82,svk.se,false,""
2022-05-03T08:00:00.000000,Sweden,Sweden,SE,19.35,45.72,98.15,73.3,svk.se,false,""
2022-05-03T09:00:00.000000,Sweden,Sweden,SE,15.55,42.32,98.5,73.28,svk.se,false,""
2022-05-03T10:00:00.000000,Sweden,Sweden,SE,18.61,46.01,98.16,73.26,svk.se,false,""
2022-05-03T11:00:00.000000,Sweden,Sweden,SE,24.34,52.69,97.31,72.51,svk.se,false,""
2022-05-03T12:00:00.000000,Sweden,Sweden,SE,17.16,44.89,98.01,73.17,svk.se,false,""
2022-05-03T13:00:00.000000,Sweden,Sweden,SE,9.66,36.8,98.78,72.84,svk.se,false,""
2022-05-03T14:00:00.000000,Sweden,Sweden,SE,3.11,28.33,99.7,73.27,svk.se,false,""
2022-05-03T15:00:00.000000,Sweden,Sweden,SE,17.51,43.32,98.31,73.06,svk.se,false,""
2022-05-03T16:00:00.000000,Sweden,Sweden,SE,4.24,28.94,99.57,73.82,svk.se,false,""
2022-05-03T17:00:00.000000,Sweden,Sweden,SE,1.91,25.94,99.85,74.85,svk.se,false,""
2022-05-03T18:00:00.000000,Sweden,Sweden,SE,1.97,26.01,99.84,74.78,svk.se,false,""
2022-05-03T19:00:00.000000,Sweden,Sweden,SE,2.03,25.87,99.83,74.73,svk.se,false,""
2022-05-03T20:00:00.000000,Sweden,Sweden,SE,2.01,26.14,99.84,73.85,svk.se,false,""
2022-05-03T21:00:00.000000,Sweden,Sweden,SE,3.88,28.06,99.51,72.34,svk.se,false,""
2022-05-03T22:00:00.000000,Sweden,Sweden,SE,3.62,27.59,99.55,71.92,svk.se,false,""
2022-05-03T23:00:00.000000,Sweden,Sweden,SE,3.91,27.88,99.49,71.5,svk.se,false,""
2022-05-04T00:00:00.000000,Sweden,Sweden,SE,3.72,27.47,99.53,71.36,svk.se,false,""
2022-05-04T01:00:00.000000,Sweden,Sweden,SE,3.58,27.87,99.55,71.24,svk.se,false,""
2022-05-04T02:00:00.000000,Sweden,Sweden,SE,3.61,28.47,99.56,71.61,svk.se,false,""
2022-05-04T03:00:00.000000,Sweden,Sweden,SE,6.6,33.3,99.38,72.62,svk.se,false,""
2022-05-04T04:00:00.000000,Sweden,Sweden,SE,4.61,32.19,99.56,74.22,svk.se,false,""
2022-05-04T05:00:00.000000,Sweden,Sweden,SE,7.61,37.37,98.95,72.91,svk.se,false,""
2022-05-04T06:00:00.000000,Sweden,Sweden,SE,12.53,43.09,98.54,72.81,svk.se,false,""
2022-05-04T07:00:00.000000,Sweden,Sweden,SE,10.12,40.56,98.71,72.47,svk.se,false,""
2022-05-04T08:00:00.000000,Sweden,Sweden,SE,9.75,39.99,98.71,72.6,svk.se,false,""
2022-05-04T09:00:00.000000,Sweden,Sweden,SE,4.16,32.89,99.54,73.62,svk.se,false,""
2022-05-04T10:00:00.000000,Sweden,Sweden,SE,4.98,33.7,99.42,73.19,svk.se,false,""
2022-05-04T11:00:00.000000,Sweden,Sweden,SE,11.48,42.09,98.54,72.76,svk.se,false,""
2022-05-04T12:00:00.000000,Sweden,Sweden,SE,10.5,39.43,98.66,73.21,svk.se,false,""
2022-05-04T13:00:00.000000,Sweden,Sweden,SE,6.96,34.64,99.12,73.21,svk.se,false,""
2022-05-04T14:00:00.000000,Sweden,Sweden,SE,3.92,30.01,99.53,73.82,svk.se,false,""
2022-05-04T15:00:00.000000,Sweden,Sweden,SE,3.72,29.21,99.55,74.49,svk.se,false,""
2022-05-04T16:00:00.000000,Sweden,Sweden,SE,2.41,28.54,99.8,75.23,svk.se,false,""
2022-05-04T17:00:00.000000,Sweden,Sweden,SE,2.37,28.45,99.8,75.4,svk.se,false,""
2022-05-04T18:00:00.000000,Sweden,Sweden,SE,2.5,28.67,99.78,75.8,svk.se,false,""
2022-05-04T19:00:00.000000,Sweden,Sweden,SE,2.42,28.4,99.8,75.21,svk.se,false,""
2022-05-04T20:00:00.000000,Sweden,Sweden,SE,2.37,28.03,99.81,74.94,svk.se,false,""
2022-05-04T21:00:00.000000,Sweden,Sweden,SE,2.12,25.92,99.83,74.13,svk.se,false,""
2022-05-04T22:00:00.000000,Sweden,Sweden,SE,1.93,23.94,99.83,73.38,svk.se,false,""
2022-05-04T23:00:00.000000,Sweden,Sweden,SE,1.9,23.99,99.84,72.57,svk.se,false,""
2022-05-05T00:00:00.000000,Sweden,Sweden,SE,1.86,23.91,99.85,72.34,entsoe.eu,false,""
2022-05-05T01:00:00.000000,Sweden,Sweden,SE,1.85,24.0,99.85,72.13,entsoe.eu,false,""
2022-05-05T02:00:00.000000,Sweden,Sweden,SE,1.88,24.35,99.85,73.04,entsoe.eu,false,""
2022-05-05T03:00:00.000000,Sweden,Sweden,SE,2.34,26.3,99.78,74.63,entsoe.eu,false,""
2022-05-05T04:00:00.000000,Sweden,Sweden,SE,2.3,28.34,99.83,75.26,entsoe.eu,false,""
2022-05-05T05:00:00.000000,Sweden,Sweden,SE,2.72,29.62,99.73,76.09,entsoe.eu,false,""
2022-05-05T06:00:00.000000,Sweden,Sweden,SE,2.68,30.48,99.77,75.97,entsoe.eu,false,""
2022-05-05T07:00:00.000000,Sweden,Sweden,SE,2.57,30.12,99.79,76.13,entsoe.eu,false,""
2022-05-05T08:00:00.000000,Sweden,Sweden,SE,3.1,30.69,99.71,75.6,entsoe.eu,false,""
2022-05-05T09:00:00.000000,Sweden,Sweden,SE,3.87,31.05,99.58,75.74,entsoe.eu,false,""
2022-05-05T10:00:00.000000,Sweden,Sweden,SE,3.83,30.42,99.58,76.1,entsoe.eu,false,""
2022-05-05T11:00:00.000000,Sweden,Sweden,SE,3.75,29.93,99.58,75.78,entsoe.eu,false,""
2022-05-05T12:00:00.000000,Sweden,Sweden,SE,3.7,29.74,99.57,75.38,entsoe.eu,false,""
2022-05-05T13:00:00.000000,Sweden,Sweden,SE,3.33,28.91,99.63,75.64,entsoe.eu,false,""
2022-05-05T14:00:00.000000,Sweden,Sweden,SE,2.67,27.66,99.74,76.21,entsoe.eu,false,""
2022-05-05T15:00:00.000000,Sweden,Sweden,SE,2.63,27.0,99.74,76.45,entsoe.eu,false,""
2022-05-05T16:00:00.000000,Sweden,Sweden,SE,2.5,26.97,99.77,75.61,entsoe.eu,false,""
2022-05-05T17:00:00.000000,Sweden,Sweden,SE,2.25,26.8,99.81,75.5,entsoe.eu,false,""
2022-05-05T18:00:00.000000,Sweden,Sweden,SE,3.96,28.55,99.51,75.21,entsoe.eu,false,""
2022-05-05T19:00:00.000000,Sweden,Sweden,SE,3.58,27.83,99.56,74.85,entsoe.eu,false,""
2022-05-05T20:00:00.000000,Sweden,Sweden,SE,2.26,25.6,99.78,74.86,entsoe.eu,false,""
2022-05-05T21:00:00.000000,Sweden,Sweden,SE,2.47,25.75,99.75,73.85,entsoe.eu,false,""
2022-05-05T22:00:00.000000,Sweden,Sweden,SE,1.99,23.23,99.8,73.15,entsoe.eu,false,""
2022-05-05T23:00:00.000000,Sweden,Sweden,SE,1.95,22.56,99.8,73.51,entsoe.eu,false,""
2022-05-06T00:00:00.000000,Sweden,Sweden,SE,1.92,22.36,99.8,73.21,entsoe.eu,false,""
2022-05-06T01:00:00.000000,Sweden,Sweden,SE,1.97,22.87,99.8,73.34,entsoe.eu,false,""
2022-05-06T02:00:00.000000,Sweden,Sweden,SE,1.94,23.14,99.81,73.98,entsoe.eu,false,""
2022-05-06T03:00:00.000000,Sweden,Sweden,SE,2.12,24.87,99.81,74.82,entsoe.eu,false,""
2022-05-06T04:00:00.000000,Sweden,Sweden,SE,2.34,26.69,99.78,75.05,entsoe.eu,false,""
2022-05-06T05:00:00.000000,Sweden,Sweden,SE,2.52,27.59,99.74,76.06,entsoe.eu,false,""
2022-05-06T06:00:00.000000,Sweden,Sweden,SE,2.6,28.07,99.71,76.8,entsoe.eu,false,""
2022-05-06T07:00:00.000000,Sweden,Sweden,SE,2.58,28.63,99.74,76.44,entsoe.eu,false,""
2022-05-06T08:00:00.000000,Sweden,Sweden,SE,3.91,30.57,99.53,75.66,entsoe.eu,false,""
2022-05-06T09:00:00.000000,Sweden,Sweden,SE,4.81,31.75,99.39,75.08,entsoe.eu,false,""
2022-05-06T10:00:00.000000,Sweden,Sweden,SE,4.99,31.72,99.36,74.96,entsoe.eu,false,""
2022-05-06T11:00:00.000000,Sweden,Sweden,SE,8.59,35.62,98.85,74.77,entsoe.eu,false,""
2022-05-06T12:00:00.000000,Sweden,Sweden,SE,7.82,33.8,99.01,75.16,entsoe.eu,false,""
2022-05-06T13:00:00.000000,Sweden,Sweden,SE,2.04,25.85,99.83,74.91,entsoe.eu,false,""
2022-05-06T14:00:00.000000,Sweden,Sweden,SE,1.92,24.92,99.84,74.84,entsoe.eu,false,""
2022-05-06T15:00:00.000000,Sweden,Sweden,SE,1.94,24.5,99.83,75.59,entsoe.eu,false,""
2022-05-06T16:00:00.000000,Sweden,Sweden,SE,1.9,23.82,99.83,75.51,entsoe.eu,false,""
2022-05-06T17:00:00.000000,Sweden,Sweden,SE,1.85,23.49,99.83,74.3,entsoe.eu,false,""
2022-05-06T18:00:00.000000,Sweden,Sweden,SE,1.57,22.05,99.88,73.91,entsoe.eu,false,""
2022-05-06T19:00:00.000000,Sweden,Sweden,SE,1.54,21.3,99.87,74.34,entsoe.eu,false,""
2022-05-06T20:00:00.000000,Sweden,Sweden,SE,1.51,21.24,99.88,74.91,entsoe.eu,false,""
2022-05-06T21:00:00.000000,Sweden,Sweden,SE,1.81,21.21,99.83,75.3,entsoe.eu,false,""
2022-05-06T22:00:00.000000,Sweden,Sweden,SE,3.08,22.8,99.62,72.45,entsoe.eu,false,""
2022-05-06T23:00:00.000000,Sweden,Sweden,SE,3.36,23.23,99.58,71.73,entsoe.eu,false,""
2022-05-07T00:00:00.000000,Sweden,Sweden,SE,3.24,23.13,99.6,72.86,entsoe.eu,false,""
2022-05-07T01:00:00.000000,Sweden,Sweden,SE,3.24,23.1,99.6,73.33,entsoe.eu,false,""
2022-05-07T02:00:00.000000,Sweden,Sweden,SE,3.2,23.01,99.6,73.03,entsoe.eu,false,""
2022-05-07T03:00:00.000000,Sweden,Sweden,SE,3.2,23.19,99.6,72.32,entsoe.eu,false,""
2022-05-07T04:00:00.000000,Sweden,Sweden,SE,2.0,22.22,99.81,72.64,entsoe.eu,false,""
2022-05-07T05:00:00.000000,Sweden,Sweden,SE,1.29,21.3,99.92,74.84,entsoe.eu,false,""
2022-05-07T06:00:00.000000,Sweden,Sweden,SE,1.32,21.53,99.91,75.73,entsoe.eu,false,""
2022-05-07T07:00:00.000000,Sweden,Sweden,SE,1.48,22.66,99.9,76.4,entsoe.eu,false,""
2022-05-07T08:00:00.000000,Sweden,Sweden,SE,1.54,23.36,99.9,76.34,entsoe.eu,false,""
2022-05-07T09:00:00.000000,Sweden,Sweden,SE,4.3,27.25,99.55,76.56,entsoe.eu,false,""
2022-05-07T10:00:00.000000,Sweden,Sweden,SE,4.74,28.06,99.47,76.51,entsoe.eu,false,""
2022-05-07T11:00:00.000000,Sweden,Sweden,SE,3.97,26.58,99.57,75.9,entsoe.eu,false,""
2022-05-07T12:00:00.000000,Sweden,Sweden,SE,4.15,26.49,99.52,75.6,entsoe.eu,false,""
2022-05-07T13:00:00.000000,Sweden,Sweden,SE,3.97,26.55,99.58,75.51,entsoe.eu,false,""
2022-05-07T14:00:00.000000,Sweden,Sweden,SE,3.03,25.34,99.7,74.81,entsoe.eu,false,""
2022-05-07T15:00:00.000000,Sweden,Sweden,SE,3.59,26.18,99.64,74.8,entsoe.eu,false,""
2022-05-07T16:00:00.000000,Sweden,Sweden,SE,1.76,24.02,99.87,74.22,entsoe.eu,false,""
2022-05-07T17:00:00.000000,Sweden,Sweden,SE,3.03,25.02,99.66,73.63,entsoe.eu,false,""
2022-05-07T18:00:00.000000,Sweden,Sweden,SE,2.96,24.66,99.67,73.7,entsoe.eu,false,""
2022-05-07T19:00:00.000000,Sweden,Sweden,SE,2.69,23.93,99.71,73.31,entsoe.eu,false,""
2022-05-07T20:00:00.000000,Sweden,Sweden,SE,3.11,23.55,99.63,72.85,entsoe.eu,false,""
2022-05-07T21:00:00.000000,Sweden,Sweden,SE,3.42,23.09,99.57,72.46,entsoe.eu,false,""
2022-05-07T22:00:00.000000,Sweden,Sweden,SE,3.46,22.96,99.56,72.0,entsoe.eu,false,""
2022-05-07T23:00:00.000000,Sweden,Sweden,SE,3.44,22.88,99.56,71.2,entsoe.eu,false,""
2022-05-08T00:00:00.000000,Sweden,Sweden,SE,5.23,25.14,99.34,71.11,svk.se,false,""
2022-05-08T01:00:00.000000,Sweden,Sweden,SE,8.05,28.78,98.97,72.12,svk.se,false,""
2022-05-08T02:00:00.000000,Sweden,Sweden,SE,7.69,28.46,99.0,72.08,svk.se,false,""
2022-05-08T03:00:00.000000,Sweden,Sweden,SE,9.03,30.28,98.87,71.81,svk.se,false,""
2022-05-08T04:00:00.000000,Sweden,Sweden,SE,7.12,28.59,99.17,72.7,svk.se,false,""
2022-05-08T05:00:00.000000,Sweden,Sweden,SE,8.53,30.84,99.0,72.82,svk.se,false,""
2022-05-08T06:00:00.000000,Sweden,Sweden,SE,8.55,32.14,98.93,72.73,svk.se,false,""
2022-05-08T07:00:00.000000,Sweden,Sweden,SE,8.22,32.5,98.97,73.23,svk.se,false,""
2022-05-08T08:00:00.000000,Sweden,Sweden,SE,6.73,30.86,99.13,74.16,svk.se,false,""
2022-05-08T09:00:00.000000,Sweden,Sweden,SE,6.03,30.31,99.2,74.31,svk.se,false,""
2022-05-08T10:00:00.000000,Sweden,Sweden,SE,7.31,31.72,99.08,73.98,svk.se,false,""
2022-05-08T11:00:00.000000,Sweden,Sweden,SE,5.76,30.07,99.28,74.27,svk.se,false,""
2022-05-08T12:00:00.000000,Sweden,Sweden,SE,5.98,30.47,99.25,74.22,svk.se,false,""
2022-05-08T13:00:00.000000,Sweden,Sweden,SE,6.26,30.85,99.24,74.18,svk.se,false,""
2022-05-08T14:00:00.000000,Sweden,Sweden,SE,5.6,30.18,99.28,74.16,svk.se,false,""
2022-05-08T15:00:00.000000,Sweden,Sweden,SE,6.37,30.53,99.13,73.8,svk.se,false,""
2022-05-08T16:00:00.000000,Sweden,Sweden,SE,6.92,30.82,99.04,72.6,svk.se,false,""
2022-05-08T17:00:00.000000,Sweden,Sweden,SE,4.78,27.8,99.35,72.34,svk.se,false,""
2022-05-08T18:00:00.000000,Sweden,Sweden,SE,5.14,27.88,99.28,72.88,svk.se,false,""
2022-05-08T19:00:00.000000,Sweden,Sweden,SE,5.34,27.99,99.25,72.83,svk.se,false,""
2022-05-08T20:00:00.000000,Sweden,Sweden,SE,5.24,27.67,99.27,73.36,svk.se,false,""
2022-05-08T21:00:00.000000,Sweden,Sweden,SE,5.85,28.33,99.15,72.79,svk.se,false,""
2022-05-08T22:00:00.000000,Sweden,Sweden,SE,5.16,27.55,99.26,71.34,svk.se,false,""
2022-05-08T23:00:00.000000,Sweden,Sweden,SE,4.18,26.22,99.44,71.77,svk.se,false,""
2022-05-09T00:00:00.000000,Sweden,Sweden,SE,3.08,25.13,99.63,72.6,svk.se,false,""
2022-05-09T01:00:00.000000,Sweden,Sweden,SE,1.8,23.69,99.86,72.72,svk.se,false,""
2022-05-09T02:00:00.000000,Sweden,Sweden,SE,2.38,24.32,99.76,73.23,svk.se,false,""
2022-05-09T03:00:00.000000,Sweden,Sweden,SE,1.77,23.79,99.87,74.33,svk.se,false,""
2022-05-09T04:00:00.000000,Sweden,Sweden,SE,1.89,24.61,99.84,75.52,svk.se,false,""
2022-05-09T05:00:00.000000,Sweden,Sweden,SE,1.95,24.76,99.81,76.77,svk.se,false,""
2022-05-09T06:00:00.000000,Sweden,Sweden,SE,2.32,26.04,99.75,76.95,svk.se,false,""
2022-05-09T07:00:00.000000,Sweden,Sweden,SE,2.32,26.61,99.75,76.74,svk.se,false,""
2022-05-09T08:00:00.000000,Sweden,Sweden,SE,2.29,26.66,99.77,75.7,svk.se,false,""
2022-05-09T09:00:00.000000,Sweden,Sweden,SE,3.59,28.05,99.6,74.93,svk.se,false,""
2022-05-09T10:00:00.000000,Sweden,Sweden,SE,7.33,32.92,99.0,75.18,svk.se,false,""
2022-05-09T11:00:00.000000,Sweden,Sweden,SE,6.4,31.36,99.14,75.45,svk.se,false,""
2022-05-09T12:00:00.000000,Sweden,Sweden,SE,4.18,28.36,99.49,75.2,svk.se,false,""
2022-05-09T13:00:00.000000,Sweden,Sweden,SE,1.9,25.51,99.86,75.0,svk.se,false,""
2022-05-09T14:00:00.000000,Sweden,Sweden,SE,1.96,25.06,99.83,75.64,svk.se,false,""
2022-05-09T15:00:00.000000,Sweden,Sweden,SE,2.04,24.93,99.81,75.83,svk.se,false,""
2022-05-09T16:00:00.000000,Sweden,Sweden,SE,1.95,24.55,99.83,75.19,svk.se,false,""
2022-05-09T17:00:00.000000,Sweden,Sweden,SE,2.02,24.58,99.81,75.43,svk.se,false,""
2022-05-09T18:00:00.000000,Sweden,Sweden,SE,1.99,24.2,99.81,75.73,svk.se,false,""
2022-05-09T19:00:00.000000,Sweden,Sweden,SE,1.87,23.93,99.84,75.1,svk.se,false,""
2022-05-09T20:00:00.000000,Sweden,Sweden,SE,1.65,22.86,99.87,75.19,svk.se,false,""
2022-05-09T21:00:00.000000,Sweden,Sweden,SE,1.35,21.28,99.91,75.08,svk.se,false,""
2022-05-09T22:00:00.000000,Sweden,Sweden,SE,1.28,21.04,99.92,73.92,svk.se,false,""
2022-05-09T23:00:00.000000,Sweden,Sweden,SE,1.23,20.54,99.92,73.05,svk.se,false,""
2022-05-10T00:00:00.000000,Sweden,Sweden,SE,1.21,20.37,99.93,72.92,svk.se,false,""
2022-05-10T01:00:00.000000,Sweden,Sweden,SE,1.34,20.63,99.9,73.52,svk.se,false,""
2022-05-10T02:00:00.000000,Sweden,Sweden,SE,1.8,21.5,99.83,73.95,svk.se,false,""
2022-05-10T03:00:00.000000,Sweden,Sweden,SE,2.07,22.4,99.79,73.93,svk.se,false,""
2022-05-10T04:00:00.000000,Sweden,Sweden,SE,1.62,22.64,99.86,75.53,svk.se,false,""
2022-05-10T05:00:00.000000,Sweden,Sweden,SE,1.82,24.23,99.84,76.32,svk.se,false,""
2022-05-10T06:00:00.000000,Sweden,Sweden,SE,1.79,24.5,99.86,76.1,svk.se,false,""
2022-05-10T07:00:00.000000,Sweden,Sweden,SE,3.14,26.2,99.65,75.83,svk.se,false,""
2022-05-10T08:00:00.000000,Sweden,Sweden,SE,5.75,28.76,99.23,75.51,svk.se,false,""
2022-05-10T09:00:00.000000,Sweden,Sweden,SE,6.07,28.81,99.19,75.69,svk.se,false,""
2022-05-10T10:00:00.000000,Sweden,Sweden,SE,5.12,27.24,99.34,75.91,svk.se,false,""
2022-05-10T11:00:00.000000,Sweden,Sweden,SE,4.36,26.08,99.47,76.04,svk.se,false,""
2022-05-10T12:00:00.000000,Sweden,Sweden,SE,4.13,25.5,99.52,75.8,svk.se,false,""
2022-05-10T13:00:00.000000,Sweden,Sweden,SE,4.41,25.52,99.5,76.19,svk.se,false,""
2022-05-10T14:00:00.000000,Sweden,Sweden,SE,5.62,26.61,99.34,76.09,svk.se,false,""
2022-05-10T15:00:00.000000,Sweden,Sweden,SE,4.4,25.92,99.47,76.28,svk.se,false,""
2022-05-10T16:00:00.000000,Sweden,Sweden,SE,3.33,24.33,99.62,76.59,svk.se,false,""
2022-05-10T17:00:00.000000,Sweden,Sweden,SE,2.03,22.39,99.8,76.93,svk.se,false,""
2022-05-10T18:00:00.000000,Sweden,Sweden,SE,1.54,21.68,99.87,76.76,svk.se,false,""
2022-05-10T19:00:00.000000,Sweden,Sweden,SE,1.57,21.51,99.86,76.59,svk.se,false,""
2022-05-10T20:00:00.000000,Sweden,Sweden,SE,1.55,21.15,99.86,76.48,svk.se,false,""
2022-05-10T21:00:00.000000,Sweden,Sweden,SE,1.54,20.74,99.85,74.95,svk.se,false,""
2022-05-10T22:00:00.000000,Sweden,Sweden,SE,1.26,20.34,99.92,71.98,svk.se,false,""
2022-05-10T23:00:00.000000,Sweden,Sweden,SE,2.46,21.73,99.73,70.3,svk.se,false,""
2022-05-11T00:00:00.000000,Sweden,Sweden,SE,2.27,21.82,99.76,69.44,entsoe.eu,false,""
2022-05-11T01:00:00.000000,Sweden,Sweden,SE,2.65,22.35,99.7,68.91,entsoe.eu,false,""
2022-05-11T02:00:00.000000,Sweden,Sweden,SE,1.59,21.42,99.86,69.0,entsoe.eu,false,""
2022-05-11T03:00:00.000000,Sweden,Sweden,SE,1.82,22.11,99.82,68.7,entsoe.eu,false,""
2022-05-11T04:00:00.000000,Sweden,Sweden,SE,1.91,23.5,99.82,72.37,entsoe.eu,false,""
2022-05-11T05:00:00.000000,Sweden,Sweden,SE,2.17,24.82,99.76,73.91,entsoe.eu,false,""
2022-05-11T06:00:00.000000,Sweden,Sweden,SE,2.07,24.99,99.79,74.25,entsoe.eu,false,""
2022-05-11T07:00:00.000000,Sweden,Sweden,SE,3.09,26.54,99.64,73.38,entsoe.eu,false,""
2022-05-11T08:00:00.000000,Sweden,Sweden,SE,4.65,27.55,99.37,72.68,entsoe.eu,false,""
2022-05-11T09:00:00.000000,Sweden,Sweden,SE,6.13,29.14,99.27,73.06,entsoe.eu,false,""
2022-05-11T10:00:00.000000,Sweden,Sweden,SE,5.29,27.79,99.35,73.01,entsoe.eu,false,""
2022-05-11T11:00:00.000000,Sweden,Sweden,SE,6.94,29.69,99.17,72.18,entsoe.eu,false,""
2022-05-11T12:00:00.000000,Sweden,Sweden,SE,9.11,31.77,98.91,72.77,entsoe.eu,false,""
2022-05-11T13:00:00.000000,Sweden,Sweden,SE,5.66,26.94,99.31,72.67,entsoe.eu,false,""
2022-05-11T14:00:00.000000,Sweden,Sweden,SE,4.45,25.04,99.47,72.87,entsoe.eu,false,""
2022-05-11T15:00:00.000000,Sweden,Sweden,SE,4.94,26.1,99.42,73.85,entsoe.eu,false,""
2022-05-11T16:00:00.000000,Sweden,Sweden,SE,3.86,25.21,99.53,74.23,entsoe.eu,false,""
2022-05-11T17:00:00.000000,Sweden,Sweden,SE,2.53,23.85,99.72,73.69,entsoe.eu,false,""
2022-05-11T18:00:00.000000,Sweden,Sweden,SE,1.85,22.75,99.82,73.16,entsoe.eu,false,""
2022-05-11T19:00:00.000000,Sweden,Sweden,SE,1.73,22.51,99.85,72.34,entsoe.eu,false,""
2022-05-11T20:00:00.000000,Sweden,Sweden,SE,1.75,22.24,99.84,72.21,entsoe.eu,false,""
2022-05-11T21:00:00.000000,Sweden,Sweden,SE,1.9,22.2,99.8,71.54,entsoe.eu,false,""
2022-05-11T22:00:00.000000,Sweden,Sweden,SE,1.95,22.02,99.78,71.06,entsoe.eu,false,""
2022-05-11T23:00:00.000000,Sweden,Sweden,SE,1.95,21.58,99.78,71.53,entsoe.eu,false,""
2022-05-12T00:00:00.000000,Sweden,Sweden,SE,4.47,24.62,99.45,72.02,entsoe.eu,false,""
2022-05-12T01:00:00.000000,Sweden,Sweden,SE,4.35,24.47,99.47,71.93,entsoe.eu,false,""
2022-05-12T02:00:00.000000,Sweden,Sweden,SE,3.26,22.97,99.63,71.91,entsoe.eu,false,""
2022-05-12T03:00:00.000000,Sweden,Sweden,SE,1.59,21.41,99.86,72.11,entsoe.eu,false,""
2022-05-12T04:00:00.000000,Sweden,Sweden,SE,1.67,22.48,99.86,73.58,entsoe.eu,false,""
2022-05-12T05:00:00.000000,Sweden,Sweden,SE,1.68,22.72,99.86,74.16,entsoe.eu,false,""
2022-05-12T06:00:00.000000,Sweden,Sweden,SE,1.64,22.47,99.86,74.16,entsoe.eu,false,""
2022-05-12T07:00:00.000000,Sweden,Sweden,SE,1.69,22.68,99.86,74.76,entsoe.eu,false,""
2022-05-12T08:00:00.000000,Sweden,Sweden,SE,3.22,24.58,99.65,74.69,entsoe.eu,false,""
2022-05-12T09:00:00.000000,Sweden,Sweden,SE,3.61,24.89,99.59,74.77,entsoe.eu,false,""
2022-05-12T10:00:00.000000,Sweden,Sweden,SE,3.38,24.57,99.6,74.62,entsoe.eu,false,""
2022-05-12T11:00:00.000000,Sweden,Sweden,SE,3.24,24.41,99.62,74.74,entsoe.eu,false,""
2022-05-12T12:00:00.000000,Sweden,Sweden,SE,3.28,24.57,99.61,74.25,entsoe.eu,false,""
2022-05-12T13:00:00.000000,Sweden,Sweden,SE,3.25,24.25,99.62,74.37,entsoe.eu,false,""
2022-05-12T14:00:00.000000,Sweden,Sweden,SE,3.55,24.31,99.59,74.31,entsoe.eu,false,""
2022-05-12T15:00:00.000000,Sweden,Sweden,SE,3.38,23.8,99.61,74.59,entsoe.eu,false,""
2022-05-12T16:00:00.000000,Sweden,Sweden,SE,3.19,22.83,99.64,73.87,entsoe.eu,false,""
2022-05-12T17:00:00.000000,Sweden,Sweden,SE,1.47,20.79,99.87,73.29,entsoe.eu,false,""
2022-05-12T18:00:00.000000,Sweden,Sweden,SE,1.55,20.65,99.85,73.95,entsoe.eu,false,""
2022-05-12T19:00:00.000000,Sweden,Sweden,SE,1.57,20.43,99.84,74.1,entsoe.eu,false,""
2022-05-12T20:00:00.000000,Sweden,Sweden,SE,1.55,19.94,99.83,73.41,entsoe.eu,false,""
2022-05-12T21:00:00.000000,Sweden,Sweden,SE,1.52,19.37,99.83,72.62,entsoe.eu,false,""
2022-05-12T22:00:00.000000,Sweden,Sweden,SE,1.43,19.34,99.85,71.54,entsoe.eu,false,""
2022-05-12T23:00:00.000000,Sweden,Sweden,SE,1.45,19.36,99.84,71.01,entsoe.eu,false,""
2022-05-13T00:00:00.000000,Sweden,Sweden,SE,1.41,19.16,99.85,71.01,entsoe.eu,false,""
2022-05-13T01:00:00.000000,Sweden,Sweden,SE,1.37,19.13,99.86,70.41,entsoe.eu,false,""
2022-05-13T02:00:00.000000,Sweden,Sweden,SE,1.37,19.26,99.87,70.83,entsoe.eu,false,""
2022-05-13T03:00:00.000000,Sweden,Sweden,SE,1.43,19.99,99.87,71.33,entsoe.eu,false,""
2022-05-13T04:00:00.000000,Sweden,Sweden,SE,1.5,20.75,99.87,71.88,entsoe.eu,false,""
2022-05-13T05:00:00.000000,Sweden,Sweden,SE,1.74,22.1,99.83,72.63,entsoe.eu,false,""
2022-05-13T06:00:00.000000,Sweden,Sweden,SE,1.91,22.97,99.8,72.97,entsoe.eu,false,""
2022-05-13T07:00:00.000000,Sweden,Sweden,SE,1.89,23.47,99.82,72.9,entsoe.eu,false,""
2022-05-13T08:00:00.000000,Sweden,Sweden,SE,2.58,24.46,99.74,72.88,entsoe.eu,false,""
2022-05-13T09:00:00.000000,Sweden,Sweden,SE,2.89,24.92,99.68,72.77,entsoe.eu,false,""
2022-05-13T10:00:00.000000,Sweden,Sweden,SE,3.14,24.99,99.63,72.21,entsoe.eu,false,""
2022-05-13T11:00:00.000000,Sweden,Sweden,SE,3.27,24.59,99.61,72.23,entsoe.eu,false,""
2022-05-13T12:00:00.000000,Sweden,Sweden,SE,3.91,26.04,99.49,71.01,entsoe.eu,false,""
2022-05-13T13:00:00.000000,Sweden,Sweden,SE,3.92,25.64,99.48,71.41,entsoe.eu,false,""
2022-05-13T14:00:00.000000,Sweden,Sweden,SE,2.89,23.31,99.65,72.13,entsoe.eu,false,""
2022-05-13T15:00:00.000000,Sweden,Sweden,SE,2.71,22.77,99.69,72.41,entsoe.eu,false,""
2022-05-13T16:00:00.000000,Sweden,Sweden,SE,2.17,22.11,99.77,72.31,entsoe.eu,false,""
2022-05-13T17:00:00.000000,Sweden,Sweden,SE,1.96,21.62,99.8,72.35,entsoe.eu,false,""
2022-05-13T18:00:00.000000,Sweden,Sweden,SE,2.98,22.19,99.67,72.71,entsoe.eu,false,""
2022-05-13T19:00:00.000000,Sweden,Sweden,SE,2.38,21.47,99.74,71.96,entsoe.eu,false,""
2022-05-13T20:00:00.000000,Sweden,Sweden,SE,2.55,21.69,99.71,71.7,entsoe.eu,false,""
2022-05-13T21:00:00.000000,Sweden,Sweden,SE,2.34,21.24,99.74,71.04,entsoe.eu,false,""
2022-05-13T22:00:00.000000,Sweden,Sweden,SE,2.59,21.33,99.71,69.89,entsoe.eu,false,""
2022-05-13T23:00:00.000000,Sweden,Sweden,SE,2.63,21.37,99.7,69.17,entsoe.eu,false,""
2022-05-14T00:00:00.000000,Sweden,Sweden,SE,3.15,21.76,99.65,68.72,entsoe.eu,false,""
2022-05-14T01:00:00.000000,Sweden,Sweden,SE,2.16,20.59,99.77,68.16,entsoe.eu,false,""
2022-05-14T02:00:00.000000,Sweden,Sweden,SE,1.71,19.93,99.83,67.97,entsoe.eu,false,""
2022-05-14T03:00:00.000000,Sweden,Sweden,SE,1.33,19.39,99.88,67.91,entsoe.eu,false,""
2022-05-14T04:00:00.000000,Sweden,Sweden,SE,1.35,19.78,99.88,67.81,entsoe.eu,false,""
2022-05-14T05:00:00.000000,Sweden,Sweden,SE,1.36,20.02,99.88,68.75,entsoe.eu,false,""
2022-05-14T06:00:00.000000,Sweden,Sweden,SE,1.44,20.16,99.87,69.72,entsoe.eu,false,""
2022-05-14T07:00:00.000000,Sweden,Sweden,SE,1.73,20.49,99.83,70.34,entsoe.eu,false,""
2022-05-14T08:00:00.000000,Sweden,Sweden,SE,2.0,20.89,99.79,71.15,entsoe.eu,false,""
2022-05-14T09:00:00.000000,Sweden,Sweden,SE,1.99,20.56,99.79,71.23,entsoe.eu,false,""
2022-05-14T10:00:00.000000,Sweden,Sweden,SE,2.02,20.73,99.78,71.23,entsoe.eu,false,""
2022-05-14T11:00:00.000000,Sweden,Sweden,SE,2.1,20.87,99.77,70.93,entsoe.eu,false,""
2022-05-14T12:00:00.000000,Sweden,Sweden,SE,2.09,21.15,99.79,69.86,entsoe.eu,false,""
2022-05-14T13:00:00.000000,Sweden,Sweden,SE,1.79,20.66,99.83,69.83,entsoe.eu,false,""
2022-05-14T14:00:00.000000,Sweden,Sweden,SE,1.51,20.11,99.87,69.58,entsoe.eu,false,""
2022-05-14T15:00:00.000000,Sweden,Sweden,SE,1.15,19.25,99.92,70.73,entsoe.eu,false,""
2022-05-14T16:00:00.000000,Sweden,Sweden,SE,1.18,19.03,99.9,70.8,entsoe.eu,false,""
2022-05-14T17:00:00.000000,Sweden,Sweden,SE,1.2,18.76,99.89,70.85,entsoe.eu,false,""
2022-05-14T18:00:00.000000,Sweden,Sweden,SE,1.32,18.78,99.88,71.21,entsoe.eu,false,""
2022-05-14T19:00:00.000000,Sweden,Sweden,SE,1.15,18.44,99.9,71.19,entsoe.eu,false,""
2022-05-14T20:00:00.000000,Sweden,Sweden,SE,1.19,18.35,99.89,71.03,entsoe.eu,false,""
2022-05-14T21:00:00.000000,Sweden,Sweden,SE,1.12,18.29,99.91,70.94,entsoe.eu,false,""
2022-05-14T22:00:00.000000,Sweden,Sweden,SE,1.13,18.38,99.91,69.8,entsoe.eu,false,""
2022-05-14T23:00:00.000000,Sweden,Sweden,SE,1.03,18.07,99.93,69.71,entsoe.eu,false,""
2022-05-15T00:00:00.000000,Sweden,Sweden,SE,0.97,17.96,99.94,69.23,entsoe.eu,false,""
2022-05-15T01:00:00.000000,Sweden,Sweden,SE,0.99,18.09,99.94,68.17,entsoe.eu,false,""
2022-05-15T02:00:00.000000,Sweden,Sweden,SE,0.99,18.07,99.94,68.28,entsoe.eu,false,""
2022-05-15T03:00:00.000000,Sweden,Sweden,SE,1.05,18.28,99.93,68.38,entsoe.eu,false,""
2022-05-15T04:00:00.000000,Sweden,Sweden,SE,1.11,18.66,99.92,69.16,entsoe.eu,false,""
2022-05-15T05:00:00.000000,Sweden,Sweden,SE,1.74,20.08,99.84,69.56,entsoe.eu,false,""
2022-05-15T06:00:00.000000,Sweden,Sweden,SE,3.45,23.14,99.57,69.57,entsoe.eu,false,""
2022-05-15T07:00:00.000000,Sweden,Sweden,SE,3.93,24.33,99.53,69.07,entsoe.eu,false,""
2022-05-15T08:00:00.000000,Sweden,Sweden,SE,1.54,21.14,99.88,69.21,entsoe.eu,false,""
2022-05-15T09:00:00.000000,Sweden,Sweden,SE,1.52,20.97,99.88,69.91,entsoe.eu,false,""
2022-05-15T10:00:00.000000,Sweden,Sweden,SE,2.8,23.03,99.7,70.51,entsoe.eu,false,""
2022-05-15T11:00:00.000000,Sweden,Sweden,SE,3.42,23.72,99.63,70.53,entsoe.eu,false,""
2022-05-15T12:00:00.000000,Sweden,Sweden,SE,2.4,22.38,99.76,69.52,entsoe.eu,false,""
2022-05-15T13:00:00.000000,Sweden,Sweden,SE,1.21,20.7,99.93,69.61,entsoe.eu,false,""
2022-05-15T14:00:00.000000,Sweden,Sweden,SE,1.29,21.16,99.92,70.0,entsoe.eu,false,""
2022-05-15T15:00:00.000000,Sweden,Sweden,SE,2.4,22.98,99.76,69.85,entsoe.eu,false,""
2022-05-15T16:00:00.000000,Sweden,Sweden,SE,1.3,21.0,99.92,69.64,entsoe.eu,false,""
2022-05-15T17:00:00.000000,Sweden,Sweden,SE,1.33,20.94,99.91,69.16,entsoe.eu,false,""
2022-05-15T18:00:00.000000,Sweden,Sweden,SE,1.31,20.63,99.91,69.36,entsoe.eu,false,""
2022-05-15T19:00:00.000000,Sweden,Sweden,SE,1.22,19.97,99.92,69.43,entsoe.eu,false,""
2022-05-15T20:00:00.000000,Sweden,Sweden,SE,1.18,19.78,99.93,69.37,entsoe.eu,false,""
2022-05-15T21:00:00.000000,Sweden,Sweden,SE,1.14,19.36,99.93,68.07,entsoe.eu,false,""
2022-05-15T22:00:00.000000,Sweden,Sweden,SE,1.0,18.13,99.94,66.99,entsoe.eu,false,""
2022-05-15T23:00:00.000000,Sweden,Sweden,SE,1.01,18.18,99.94,66.75,entsoe.eu,false,""
2022-05-16T00:00:00.000000,Sweden,Sweden,SE,1.0,18.12,99.94,66.93,entsoe.eu,false,""
2022-05-16T01:00:00.000000,Sweden,Sweden,SE,1.0,18.13,99.94,67.26,entsoe.eu,false,""
2022-05-16T02:00:00.000000,Sweden,Sweden,SE,1.01,18.3,99.94,67.8,entsoe.eu,false,""
2022-05-16T03:00:00.000000,Sweden,Sweden,SE,1.14,19.46,99.93,68.95,entsoe.eu,false,""
2022-05-16T04:00:00.000000,Sweden,Sweden,SE,1.3,20.81,99.92,69.65,entsoe.eu,false,""
2022-05-16T05:00:00.000000,Sweden,Sweden,SE,1.59,21.94,99.87,69.38,entsoe.eu,false,""
2022-05-16T06:00:00.000000,Sweden,Sweden,SE,1.58,22.44,99.87,69.72,entsoe.eu,false,""
2022-05-16T07:00:00.000000,Sweden,Sweden,SE,2.41,23.73,99.7,69.68,entsoe.eu,false,""
2022-05-16T08:00:00.000000,Sweden,Sweden,SE,2.58,24.25,99.67,69.34,entsoe.eu,false,""
2022-05-16T09:00:00.000000,Sweden,Sweden,SE,2.2,24.03,99.76,69.07,entsoe.eu,false,""
2022-05-16T10:00:00.000000,Sweden,Sweden,SE,1.49,23.11,99.91,69.07,entsoe.eu,false,""
2022-05-16T11:00:00.000000,Sweden,Sweden,SE,1.54,23.45,99.9,69.22,entsoe.eu,false,""
2022-05-16T12:00:00.000000,Sweden,Sweden,SE,1.51,23.21,99.91,69.28,entsoe.eu,false,""
2022-05-16T13:00:00.000000,Sweden,Sweden,SE,1.52,23.19,99.91,68.9,entsoe.eu,false,""
2022-05-16T14:00:00.000000,Sweden,Sweden,SE,1.5,22.81,99.91,68.55,entsoe.eu,false,""
2022-05-16T15:00:00.000000,Sweden,Sweden,SE,1.6,22.19,99.88,68.25,entsoe.eu,false,""
2022-05-16T16:00:00.000000,Sweden,Sweden,SE,1.69,22.45,99.86,68.37,entsoe.eu,false,""
2022-05-16T17:00:00.000000,Sweden,Sweden,SE,1.43,21.79,99.91,68.3,entsoe.eu,false,""
2022-05-16T18:00:00.000000,Sweden,Sweden,SE,1.38,21.17,99.91,68.52,entsoe.eu,false,""
2022-05-16T19:00:00.000000,Sweden,Sweden,SE,1.35,21.01,99.92,68.28,entsoe.eu,false,""
2022-05-16T20:00:00.000000,Sweden,Sweden,SE,1.34,20.88,99.92,67.75,entsoe.eu,false,""
2022-05-16T21:00:00.000000,Sweden,Sweden,SE,1.33,20.51,99.91,66.89,entsoe.eu,false,""
2022-05-16T22:00:00.000000,Sweden,Sweden,SE,1.28,19.67,99.91,66.32,entsoe.eu,false,""
2022-05-16T23:00:00.000000,Sweden,Sweden,SE,1.25,19.6,99.91,66.56,entsoe.eu,false,""
2022-05-17T00:00:00.000000,Sweden,Sweden,SE,1.25,19.67,99.91,66.23,entsoe.eu,false,""
2022-05-17T01:00:00.000000,Sweden,Sweden,SE,1.3,19.98,99.91,66.02,entsoe.eu,false,""
2022-05-17T02:00:00.000000,Sweden,Sweden,SE,1.29,19.93,99.91,66.61,entsoe.eu,false,""
2022-05-17T03:00:00.000000,Sweden,Sweden,SE,1.44,20.72,99.89,67.35,entsoe.eu,false,""
2022-05-17T04:00:00.000000,Sweden,Sweden,SE,1.87,22.56,99.82,68.01,entsoe.eu,false,""
2022-05-17T05:00:00.000000,Sweden,Sweden,SE,1.93,23.92,99.83,69.68,entsoe.eu,false,""
2022-05-17T06:00:00.000000,Sweden,Sweden,SE,2.19,25.13,99.79,68.93,entsoe.eu,false,""
2022-05-17T07:00:00.000000,Sweden,Sweden,SE,2.05,25.57,99.83,68.96,entsoe.eu,false,""
2022-05-17T08:00:00.000000,Sweden,Sweden,SE,2.04,26.18,99.84,68.54,entsoe.eu,false,""
2022-05-17T09:00:00.000000,Sweden,Sweden,SE,2.72,27.06,99.76,68.36,entsoe.eu,false,""
2022-05-17T10:00:00.000000,Sweden,Sweden,SE,2.58,26.99,99.77,67.97,entsoe.eu,false,""
2022-05-17T11:00:00.000000,Sweden,Sweden,SE,2.77,27.49,99.74,67.52,entsoe.eu,false,""
2022-05-17T12:00:00.000000,Sweden,Sweden,SE,2.15,26.29,99.83,67.27,entsoe.eu,false,""
2022-05-17T13:00:00.000000,Sweden,Sweden,SE,2.04,25.83,99.84,67.38,entsoe.eu,false,""
2022-05-17T14:00:00.000000,Sweden,Sweden,SE,1.98,25.1,99.84,67.48,entsoe.eu,false,""
2022-05-17T15:00:00.000000,Sweden,Sweden,SE,1.93,24.6,99.85,67.64,entsoe.eu,false,""
2022-05-17T16:00:00.000000,Sweden,Sweden,SE,1.88,23.96,99.84,68.36,entsoe.eu,false,""
2022-05-17T17:00:00.000000,Sweden,Sweden,SE,1.87,23.55,99.84,68.84,entsoe.eu,false,""
2022-05-17T18:00:00.000000,Sweden,Sweden,SE,1.76,22.75,99.85,68.99,entsoe.eu,false,""
2022-05-17T19:00:00.000000,Sweden,Sweden,SE,3.17,23.87,99.59,68.24,entsoe.eu,false,""
2022-05-17T20:00:00.000000,Sweden,Sweden,SE,3.39,23.67,99.52,68.35,entsoe.eu,false,""
2022-05-17T21:00:00.000000,Sweden,Sweden,SE,1.58,20.71,99.85,68.37,entsoe.eu,false,""
2022-05-17T22:00:00.000000,Sweden,Sweden,SE,1.54,20.18,99.85,66.36,entsoe.eu,false,""
2022-05-17T23:00:00.000000,Sweden,Sweden,SE,1.73,20.43,99.81,66.18,entsoe.eu,false,""
2022-05-18T00:00:00.000000,Sweden,Sweden,SE,1.64,20.25,99.83,65.94,entsoe.eu,false,""
2022-05-18T01:00:00.000000,Sweden,Sweden,SE,1.43,19.88,99.87,66.96,entsoe.eu,false,""
2022-05-18T02:00:00.000000,Sweden,Sweden,SE,1.27,19.56,99.9,66.9,entsoe.eu,false,""
2022-05-18T03:00:00.000000,Sweden,Sweden,SE,1.45,20.14,99.87,67.29,entsoe.eu,false,""
2022-05-18T04:00:00.000000,Sweden,Sweden,SE,1.41,20.43,99.88,68.93,entsoe.eu,false,""
2022-05-18T05:00:00.000000,Sweden,Sweden,SE,1.57,21.91,99.87,69.65,entsoe.eu,false,""
2022-05-18T06:00:00.000000,Sweden,Sweden,SE,1.72,22.55,99.84,70.01,entsoe.eu,false,""
2022-05-18T07:00:00.000000,Sweden,Sweden,SE,1.73,23.03,99.85,69.97,entsoe.eu,false,""
2022-05-18T08:00:00.000000,Sweden,Sweden,SE,1.72,23.39,99.86,69.63,entsoe.eu,false,""
2022-05-18T09:00:00.000000,Sweden,Sweden,SE,1.7,23.46,99.87,69.39,entsoe.eu,false,""
2022-05-18T10:00:00.000000,Sweden,Sweden,SE,1.67,23.38,99.87,69.44,entsoe.eu,false,""
2022-05-18T11:00:00.000000,Sweden,Sweden,SE,1.63,22.84,99.87,69.17,entsoe.eu,false,""
2022-05-18T12:00:00.000000,Sweden,Sweden,SE,1.58,22.27,99.87,68.78,entsoe.eu,false,""
2022-05-18T13:00:00.000000,Sweden,Sweden,SE,1.55,21.57,99.86,68.39,entsoe.eu,false,""
2022-05-18T14:00:00.000000,Sweden,Sweden,SE,1.57,21.25,99.85,69.03,entsoe.eu,false,""
2022-05-18T15:00:00.000000,Sweden,Sweden,SE,1.54,21.04,99.86,69.61,entsoe.eu,false,""
2022-05-18T16:00:00.000000,Sweden,Sweden,SE,1.46,20.39,99.87,69.74,entsoe.eu,false,""
2022-05-18T17:00:00.000000,Sweden,Sweden,SE,1.48,20.42,99.86,70.44,entsoe.eu,false,""
2022-05-18T18:00:00.000000,Sweden,Sweden,SE,1.51,20.5,99.86,70.26,entsoe.eu,false,""
2022-05-18T19:00:00.000000,Sweden,Sweden,SE,1.48,20.13,99.86,69.84,entsoe.eu,false,""
2022-05-18T20:00:00.000000,Sweden,Sweden,SE,1.47,19.85,99.86,69.47,entsoe.eu,false,""
2022-05-18T21:00:00.000000,Sweden,Sweden,SE,1.44,19.69,99.86,68.23,entsoe.eu,false,""
2022-05-18T22:00:00.000000,Sweden,Sweden,SE,1.45,19.52,99.86,66.61,entsoe.eu,false,""
2022-05-18T23:00:00.000000,Sweden,Sweden,SE,1.42,19.41,99.86,66.32,entsoe.eu,false,""
2022-05-19T00:00:00.000000,Sweden,Sweden,SE,1.41,19.21,99.86,66.36,entsoe.eu,false,""
2022-05-19T01:00:00.000000,Sweden,Sweden,SE,1.42,19.17,99.86,66.23,entsoe.eu,false,""
2022-05-19T02:00:00.000000,Sweden,Sweden,SE,1.53,19.75,99.85,66.15,entsoe.eu,false,""
2022-05-19T03:00:00.000000,Sweden,Sweden,SE,1.54,20.26,99.85,67.15,entsoe.eu,false,""
2022-05-19T04:00:00.000000,Sweden,Sweden,SE,1.61,21.1,99.85,68.09,entsoe.eu,false,""
2022-05-19T05:00:00.000000,Sweden,Sweden,SE,1.77,22.1,99.81,69.83,entsoe.eu,false,""
2022-05-19T06:00:00.000000,Sweden,Sweden,SE,1.9,22.79,99.79,70.21,entsoe.eu,false,""
2022-05-19T07:00:00.000000,Sweden,Sweden,SE,1.97,22.91,99.77,70.52,entsoe.eu,false,""
2022-05-19T08:00:00.000000,Sweden,Sweden,SE,1.97,23.14,99.78,69.95,entsoe.eu,false,""
2022-05-19T09:00:00.000000,Sweden,Sweden,SE,1.93,23.2,99.79,69.36,entsoe.eu,false,""
2022-05-19T10:00:00.000000,Sweden,Sweden,SE,1.77,22.69,99.83,69.27,entsoe.eu,false,""
2022-05-19T11:00:00.000000,Sweden,Sweden,SE,1.73,22.49,99.83,69.71,entsoe.eu,false,""
2022-05-19T12:00:00.000000,Sweden,Sweden,SE,1.64,22.33,99.86,68.5,entsoe.eu,false,""
2022-05-19T13:00:00.000000,Sweden,Sweden,SE,1.71,22.4,99.84,68.56,entsoe.eu,false,""
2022-05-19T14:00:00.000000,Sweden,Sweden,SE,1.66,21.88,99.85,68.99,entsoe.eu,false,""
2022-05-19T15:00:00.000000,Sweden,Sweden,SE,1.64,21.51,99.84,69.93,entsoe.eu,false,""
2022-05-19T16:00:00.000000,Sweden,Sweden,SE,1.61,21.31,99.84,68.95,entsoe.eu,false,""
2022-05-19T17:00:00.000000,Sweden,Sweden,SE,1.59,20.62,99.83,69.11,entsoe.eu,false,""
2022-05-19T18:00:00.000000,Sweden,Sweden,SE,1.56,20.46,99.84,69.14,entsoe.eu,false,""
2022-05-19T19:00:00.000000,Sweden,Sweden,SE,1.62,20.76,99.83,68.67,entsoe.eu,false,""
2022-05-19T20:00:00.000000,Sweden,Sweden,SE,1.56,20.25,99.85,68.03,entsoe.eu,false,""
2022-05-19T21:00:00.000000,Sweden,Sweden,SE,1.54,20.01,99.85,67.67,entsoe.eu,false,""
2022-05-19T22:00:00.000000,Sweden,Sweden,SE,1.56,20.33,99.85,66.35,entsoe.eu,false,""
2022-05-19T23:00:00.000000,Sweden,Sweden,SE,1.6,20.55,99.84,65.73,entsoe.eu,false,""
2022-05-20T00:00:00.000000,Sweden,Sweden,SE,1.53,20.14,99.85,66.14,entsoe.eu,false,""
2022-05-20T01:00:00.000000,Sweden,Sweden,SE,1.49,19.9,99.86,66.26,entsoe.eu,false,""
2022-05-20T02:00:00.000000,Sweden,Sweden,SE,1.56,20.1,99.84,66.93,entsoe.eu,false,""
2022-05-20T03:00:00.000000,Sweden,Sweden,SE,1.49,20.19,99.86,67.22,entsoe.eu,false,""
2022-05-20T04:00:00.000000,Sweden,Sweden,SE,1.54,20.94,99.86,68.99,entsoe.eu,false,""
2022-05-20T05:00:00.000000,Sweden,Sweden,SE,1.65,21.71,99.84,70.93,entsoe.eu,false,""
2022-05-20T06:00:00.000000,Sweden,Sweden,SE,1.75,22.07,99.81,71.74,entsoe.eu,false,""
2022-05-20T07:00:00.000000,Sweden,Sweden,SE,1.87,22.44,99.77,72.1,entsoe.eu,false,""
2022-05-20T08:00:00.000000,Sweden,Sweden,SE,1.71,22.52,99.83,71.3,entsoe.eu,false,""
2022-05-20T09:00:00.000000,Sweden,Sweden,SE,1.62,22.36,99.86,70.27,entsoe.eu,false,""
2022-05-20T10:00:00.000000,Sweden,Sweden,SE,1.67,22.3,99.84,70.26,entsoe.eu,false,""
2022-05-20T11:00:00.000000,Sweden,Sweden,SE,1.66,22.54,99.85,70.18,entsoe.eu,false,""
2022-05-20T12:00:00.000000,Sweden,Sweden,SE,1.68,22.47,99.85,69.48,entsoe.eu,false,""
2022-05-20T13:00:00.000000,Sweden,Sweden,SE,1.67,22.36,99.85,70.15,entsoe.eu,false,""
2022-05-20T14:00:00.000000,Sweden,Sweden,SE,1.71,22.26,99.83,69.72,entsoe.eu,false,""
2022-05-20T15:00:00.000000,Sweden,Sweden,SE,1.69,22.0,99.84,70.1,entsoe.eu,false,""
2022-05-20T16:00:00.000000,Sweden,Sweden,SE,1.69,21.53,99.83,69.5,entsoe.eu,false,""
2022-05-20T17:00:00.000000,Sweden,Sweden,SE,1.75,21.55,99.82,68.8,entsoe.eu,false,""
2022-05-20T18:00:00.000000,Sweden,Sweden,SE,1.65,21.09,99.84,68.43,entsoe.eu,false,""
2022-05-20T19:00:00.000000,Sweden,Sweden,SE,1.61,20.93,99.85,68.45,entsoe.eu,false,""
2022-05-20T20:00:00.000000,Sweden,Sweden,SE,1.56,20.47,99.85,68.41,entsoe.eu,false,""
2022-05-20T21:00:00.000000,Sweden,Sweden,SE,1.55,20.31,99.85,68.23,entsoe.eu,false,""
2022-05-20T22:00:00.000000,Sweden,Sweden,SE,1.59,20.15,99.84,67.14,entsoe.eu,false,""
2022-05-20T23:00:00.000000,Sweden,Sweden,SE,1.59,20.08,99.84,66.94,entsoe.eu,false,""
2022-05-21T00:00:00.000000,Sweden,Sweden,SE,2.13,20.66,99.76,67.35,entsoe.eu,false,""
2022-05-21T01:00:00.000000,Sweden,Sweden,SE,5.74,25.04,99.32,68.3,entsoe.eu,false,""
2022-05-21T02:00:00.000000,Sweden,Sweden,SE,6.29,25.74,99.27,68.0,entsoe.eu,false,""
2022-05-21T03:00:00.000000,Sweden,Sweden,SE,5.96,25.72,99.28,67.3,entsoe.eu,false,""
2022-05-21T04:00:00.000000,Sweden,Sweden,SE,7.11,27.48,99.18,65.33,entsoe.eu,false,""
2022-05-21T05:00:00.000000,Sweden,Sweden,SE,6.92,27.33,99.21,66.32,entsoe.eu,false,""
2022-05-21T06:00:00.000000,Sweden,Sweden,SE,6.99,27.82,99.19,65.56,entsoe.eu,false,""
2022-05-21T07:00:00.000000,Sweden,Sweden,SE,12.01,33.24,98.7,65.34,entsoe.eu,false,""
2022-05-21T08:00:00.000000,Sweden,Sweden,SE,16.18,37.97,98.3,65.09,entsoe.eu,false,""
2022-05-21T09:00:00.000000,Sweden,Sweden,SE,9.77,31.65,98.87,64.51,entsoe.eu,false,""
2022-05-21T10:00:00.000000,Sweden,Sweden,SE,14.31,36.81,98.47,62.18,entsoe.eu,false,""
2022-05-21T11:00:00.000000,Sweden,Sweden,SE,13.55,36.52,98.49,62.15,entsoe.eu,false,""
2022-05-21T12:00:00.000000,Sweden,Sweden,SE,20.11,43.59,97.87,62.1,entsoe.eu,false,""
2022-05-21T13:00:00.000000,Sweden,Sweden,SE,11.02,33.86,98.71,62.96,entsoe.eu,false,""
2022-05-21T14:00:00.000000,Sweden,Sweden,SE,11.04,33.07,98.7,64.12,entsoe.eu,false,""
2022-05-21T15:00:00.000000,Sweden,Sweden,SE,4.94,24.92,99.41,65.0,entsoe.eu,false,""
2022-05-21T16:00:00.000000,Sweden,Sweden,SE,12.99,33.47,98.68,64.56,entsoe.eu,false,""
2022-05-21T17:00:00.000000,Sweden,Sweden,SE,9.33,28.87,99.1,64.5,entsoe.eu,false,""
2022-05-21T18:00:00.000000,Sweden,Sweden,SE,1.59,20.37,99.84,65.52,entsoe.eu,false,""
2022-05-21T19:00:00.000000,Sweden,Sweden,SE,2.82,21.88,99.59,65.7,entsoe.eu,false,""
2022-05-21T20:00:00.000000,Sweden,Sweden,SE,2.72,21.92,99.61,65.43,entsoe.eu,false,""
2022-05-21T21:00:00.000000,Sweden,Sweden,SE,6.35,25.5,99.38,65.44,entsoe.eu,false,""
2022-05-21T22:00:00.000000,Sweden,Sweden,SE,4.73,23.65,99.54,64.35,entsoe.eu,false,""
2022-05-21T23:00:00.000000,Sweden,Sweden,SE,3.56,22.13,99.65,64.46,entsoe.eu,false,""
2022-05-22T00:00:00.000000,Sweden,Sweden,SE,3.7,22.43,99.63,63.79,entsoe.eu,false,""
2022-05-22T01:00:00.000000,Sweden,Sweden,SE,3.66,21.94,99.64,63.78,entsoe.eu,false,""
2022-05-22T02:00:00.000000,Sweden,Sweden,SE,3.8,22.26,99.62,63.52,entsoe.eu,false,""
2022-05-22T03:00:00.000000,Sweden,Sweden,SE,4.33,22.91,99.55,63.3,entsoe.eu,false,""
2022-05-22T04:00:00.000000,Sweden,Sweden,SE,5.99,24.61,99.4,63.62,entsoe.eu,false,""
2022-05-22T05:00:00.000000,Sweden,Sweden,SE,9.03,28.49,99.12,63.1,entsoe.eu,false,""
2022-05-22T06:00:00.000000,Sweden,Sweden,SE,13.03,33.54,98.68,63.7,entsoe.eu,false,""
2022-05-22T07:00:00.000000,Sweden,Sweden,SE,11.43,32.99,98.68,64.55,entsoe.eu,false,""
2022-05-22T08:00:00.000000,Sweden,Sweden,SE,20.73,43.15,97.76,63.54,entsoe.eu,false,""
2022-05-22T09:00:00.000000,Sweden,Sweden,SE,22.54,45.3,97.56,63.86,entsoe.eu,false,""
2022-05-22T10:00:00.000000,Sweden,Sweden,SE,14.86,37.45,98.37,63.79,entsoe.eu,false,""
2022-05-22T11:00:00.000000,Sweden,Sweden,SE,17.3,40.01,98.14,64.1,entsoe.eu,false,""
2022-05-22T12:00:00.000000,Sweden,Sweden,SE,14.55,36.69,98.46,63.95,entsoe.eu,false,""
2022-05-22T13:00:00.000000,Sweden,Sweden,SE,15.64,37.95,98.36,63.98,entsoe.eu,false,""
2022-05-22T14:00:00.000000,Sweden,Sweden,SE,13.58,35.91,98.56,64.72,entsoe.eu,false,""
2022-05-22T15:00:00.000000,Sweden,Sweden,SE,1.83,21.66,99.81,67.4,entsoe.eu,false,""
2022-05-22T16:00:00.000000,Sweden,Sweden,SE,1.75,21.34,99.81,67.24,entsoe.eu,false,""
2022-05-22T17:00:00.000000,Sweden,Sweden,SE,1.75,21.22,99.8,68.33,entsoe.eu,false,""
2022-05-22T18:00:00.000000,Sweden,Sweden,SE,1.78,20.97,99.79,68.63,entsoe.eu,false,""
2022-05-22T19:00:00.000000,Sweden,Sweden,SE,1.87,21.07,99.78,67.82,entsoe.eu,false,""
2022-05-22T20:00:00.000000,Sweden,Sweden,SE,1.8,20.83,99.79,68.35,entsoe.eu,false,""
2022-05-22T21:00:00.000000,Sweden,Sweden,SE,1.85,20.67,99.78,68.05,entsoe.eu,false,""
2022-05-22T22:00:00.000000,Sweden,Sweden,SE,1.74,20.49,99.8,67.81,entsoe.eu,false,""
2022-05-22T23:00:00.000000,Sweden,Sweden,SE,1.61,20.49,99.83,67.87,entsoe.eu,false,""
2022-05-23T00:00:00.000000,Sweden,Sweden,SE,1.64,20.48,99.82,68.07,entsoe.eu,false,""
2022-05-23T01:00:00.000000,Sweden,Sweden,SE,1.62,20.45,99.82,67.66,entsoe.eu,false,""
2022-05-23T02:00:00.000000,Sweden,Sweden,SE,1.67,20.97,99.82,67.77,entsoe.eu,false,""
2022-05-23T03:00:00.000000,Sweden,Sweden,SE,1.84,21.83,99.8,68.08,entsoe.eu,false,""
2022-05-23T04:00:00.000000,Sweden,Sweden,SE,1.92,22.61,99.79,69.29,entsoe.eu,false,""
2022-05-23T05:00:00.000000,Sweden,Sweden,SE,1.92,23.04,99.79,69.65,entsoe.eu,false,""
2022-05-23T06:00:00.000000,Sweden,Sweden,SE,1.83,23.01,99.8,70.17,entsoe.eu,false,""
2022-05-23T07:00:00.000000,Sweden,Sweden,SE,1.81,23.22,99.82,70.39,entsoe.eu,false,""
2022-05-23T08:00:00.000000,Sweden,Sweden,SE,1.85,23.4,99.81,70.64,entsoe.eu,false,""
2022-05-23T09:00:00.000000,Sweden,Sweden,SE,1.9,23.4,99.79,70.8,entsoe.eu,false,""
2022-05-23T10:00:00.000000,Sweden,Sweden,SE,1.86,23.15,99.81,70.1,entsoe.eu,false,""
2022-05-23T11:00:00.000000,Sweden,Sweden,SE,1.89,23.07,99.81,69.22,entsoe.eu,false,""
2022-05-23T12:00:00.000000,Sweden,Sweden,SE,1.79,22.37,99.82,69.13,entsoe.eu,false,""
2022-05-23T13:00:00.000000,Sweden,Sweden,SE,1.81,22.27,99.81,68.68,entsoe.eu,false,""
2022-05-23T14:00:00.000000,Sweden,Sweden,SE,1.81,21.56,99.79,68.92,entsoe.eu,false,""
2022-05-23T15:00:00.000000,Sweden,Sweden,SE,2.15,21.79,99.74,69.55,entsoe.eu,false,""
2022-05-23T16:00:00.000000,Sweden,Sweden,SE,1.89,21.31,99.78,69.07,entsoe.eu,false,""
2022-05-23T17:00:00.000000,Sweden,Sweden,SE,1.98,21.12,99.76,68.98,entsoe.eu,false,""
2022-05-23T18:00:00.000000,Sweden,Sweden,SE,1.82,20.58,99.78,69.37,entsoe.eu,false,""
2022-05-23T19:00:00.000000,Sweden,Sweden,SE,2.65,21.23,99.68,69.86,entsoe.eu,false,""
2022-05-23T20:00:00.000000,Sweden,Sweden,SE,6.06,24.92,99.29,70.57,entsoe.eu,false,""
2022-05-23T21:00:00.000000,Sweden,Sweden,SE,5.82,24.2,99.37,69.79,entsoe.eu,false,""
2022-05-23T22:00:00.000000,Sweden,Sweden,SE,6.05,24.61,99.36,67.95,entsoe.eu,false,""
2022-05-23T23:00:00.000000,Sweden,Sweden,SE,6.48,25.12,99.29,68.34,entsoe.eu,false,""
2022-05-24T00:00:00.000000,Sweden,Sweden,SE,6.13,24.87,99.32,68.1,entsoe.eu,false,""
2022-05-24T01:00:00.000000,Sweden,Sweden,SE,5.98,24.71,99.34,67.69,entsoe.eu,false,""
2022-05-24T02:00:00.000000,Sweden,Sweden,SE,5.71,24.57,99.39,67.43,entsoe.eu,false,""
2022-05-24T03:00:00.000000,Sweden,Sweden,SE,5.77,25.16,99.39,66.87,entsoe.eu,false,""
2022-05-24T04:00:00.000000,Sweden,Sweden,SE,4.73,24.41,99.48,69.48,entsoe.eu,false,""
2022-05-24T05:00:00.000000,Sweden,Sweden,SE,3.97,23.86,99.55,70.77,entsoe.eu,false,""
2022-05-24T06:00:00.000000,Sweden,Sweden,SE,1.64,21.33,99.85,70.69,entsoe.eu,false,""
2022-05-24T07:00:00.000000,Sweden,Sweden,SE,2.52,22.67,99.71,71.96,entsoe.eu,false,""
2022-05-24T08:00:00.000000,Sweden,Sweden,SE,2.51,22.77,99.72,70.67,entsoe.eu,false,""
2022-05-24T09:00:00.000000,Sweden,Sweden,SE,2.09,21.89,99.77,70.54,entsoe.eu,false,""
2022-05-24T10:00:00.000000,Sweden,Sweden,SE,2.93,23.02,99.67,69.96,entsoe.eu,false,""
2022-05-24T11:00:00.000000,Sweden,Sweden,SE,5.05,25.58,99.42,70.52,entsoe.eu,false,""
2022-05-24T12:00:00.000000,Sweden,Sweden,SE,5.66,26.25,99.37,70.07,entsoe.eu,false,""
2022-05-24T13:00:00.000000,Sweden,Sweden,SE,5.05,25.36,99.41,70.06,entsoe.eu,false,""
2022-05-24T14:00:00.000000,Sweden,Sweden,SE,1.52,20.6,99.84,70.41,entsoe.eu,false,""
2022-05-24T15:00:00.000000,Sweden,Sweden,SE,1.6,20.59,99.82,69.91,entsoe.eu,false,""
2022-05-24T16:00:00.000000,Sweden,Sweden,SE,1.6,20.53,99.83,70.05,entsoe.eu,false,""
2022-05-24T17:00:00.000000,Sweden,Sweden,SE,1.6,20.34,99.82,70.37,entsoe.eu,false,""
2022-05-24T18:00:00.000000,Sweden,Sweden,SE,1.66,20.38,99.8,70.27,entsoe.eu,false,""
2022-05-24T19:00:00.000000,Sweden,Sweden,SE,1.59,20.0,99.81,69.9,entsoe.eu,false,""
2022-05-24T20:00:00.000000,Sweden,Sweden,SE,1.63,19.99,99.81,69.69,entsoe.eu,false,""
2022-05-24T21:00:00.000000,Sweden,Sweden,SE,1.59,19.82,99.81,68.6,entsoe.eu,false,""
2022-05-24T22:00:00.000000,Sweden,Sweden,SE,1.6,20.45,99.83,70.08,entsoe.eu,false,""
2022-05-24T23:00:00.000000,Sweden,Sweden,SE,1.68,20.43,99.8,71.83,entsoe.eu,false,""
2022-05-25T00:00:00.000000,Sweden,Sweden,SE,1.69,20.6,99.8,71.53,entsoe.eu,false,""
2022-05-25T01:00:00.000000,Sweden,Sweden,SE,1.63,20.48,99.82,71.23,entsoe.eu,false,""
2022-05-25T02:00:00.000000,Sweden,Sweden,SE,1.52,20.24,99.84,71.31,entsoe.eu,false,""
2022-05-25T03:00:00.000000,Sweden,Sweden,SE,1.75,21.6,99.81,71.77,entsoe.eu,false,""
2022-05-25T04:00:00.000000,Sweden,Sweden,SE,1.86,22.83,99.79,74.61,entsoe.eu,false,""
2022-05-25T05:00:00.000000,Sweden,Sweden,SE,1.87,23.27,99.79,75.86,entsoe.eu,false,""
2022-05-25T06:00:00.000000,Sweden,Sweden,SE,1.86,23.25,99.8,75.67,entsoe.eu,false,""
2022-05-25T07:00:00.000000,Sweden,Sweden,SE,2.64,24.66,99.66,74.79,entsoe.eu,false,""
2022-05-25T08:00:00.000000,Sweden,Sweden,SE,2.16,23.93,99.78,74.57,entsoe.eu,false,""
2022-05-25T09:00:00.000000,Sweden,Sweden,SE,1.7,23.48,99.84,75.32,entsoe.eu,false,""
2022-05-25T10:00:00.000000,Sweden,Sweden,SE,1.58,22.54,99.86,74.48,entsoe.eu,false,""
2022-05-25T11:00:00.000000,Sweden,Sweden,SE,2.63,24.05,99.71,74.18,entsoe.eu,false,""
2022-05-25T12:00:00.000000,Sweden,Sweden,SE,3.56,25.29,99.58,73.94,entsoe.eu,false,""
2022-05-25T13:00:00.000000,Sweden,Sweden,SE,4.91,26.69,99.37,74.19,entsoe.eu,false,""
2022-05-25T14:00:00.000000,Sweden,Sweden,SE,4.36,25.85,99.44,73.97,entsoe.eu,false,""
2022-05-25T15:00:00.000000,Sweden,Sweden,SE,1.96,22.43,99.8,74.62,entsoe.eu,false,""
2022-05-25T16:00:00.000000,Sweden,Sweden,SE,1.67,22.01,99.82,75.3,entsoe.eu,false,""
2022-05-25T17:00:00.000000,Sweden,Sweden,SE,1.62,21.56,99.82,75.33,entsoe.eu,false,""
2022-05-25T18:00:00.000000,Sweden,Sweden,SE,1.57,21.18,99.83,74.12,entsoe.eu,false,""
2022-05-25T19:00:00.000000,Sweden,Sweden,SE,1.66,21.21,99.82,73.15,entsoe.eu,false,""
2022-05-25T20:00:00.000000,Sweden,Sweden,SE,1.66,20.99,99.82,72.81,entsoe.eu,false,""
2022-05-25T21:00:00.000000,Sweden,Sweden,SE,2.46,21.49,99.71,72.68,entsoe.eu,false,""
2022-05-25T22:00:00.000000,Sweden,Sweden,SE,4.43,23.36,99.45,72.08,entsoe.eu,false,""
2022-05-25T23:00:00.000000,Sweden,Sweden,SE,5.06,24.38,99.39,71.3,entsoe.eu,false,""
2022-05-26T00:00:00.000000,Sweden,Sweden,SE,5.28,24.79,99.38,70.32,entsoe.eu,false,""
2022-05-26T01:00:00.000000,Sweden,Sweden,SE,4.54,24.14,99.48,69.34,entsoe.eu,false,""
2022-05-26T02:00:00.000000,Sweden,Sweden,SE,6.15,25.94,99.27,69.41,entsoe.eu,false,""
2022-05-26T03:00:00.000000,Sweden,Sweden,SE,6.51,26.28,99.23,69.8,entsoe.eu,false,""
2022-05-26T04:00:00.000000,Sweden,Sweden,SE,5.67,25.41,99.33,70.82,entsoe.eu,false,""
2022-05-26T05:00:00.000000,Sweden,Sweden,SE,5.16,25.13,99.37,72.51,entsoe.eu,false,""
2022-05-26T06:00:00.000000,Sweden,Sweden,SE,4.45,24.96,99.46,72.25,entsoe.eu,false,""
2022-05-26T07:00:00.000000,Sweden,Sweden,SE,6.9,28.68,99.16,70.82,entsoe.eu,false,""
2022-05-26T08:00:00.000000,Sweden,Sweden,SE,12.24,35.26,98.57,68.12,entsoe.eu,false,""
2022-05-26T09:00:00.000000,Sweden,Sweden,SE,13.01,36.16,98.42,66.99,entsoe.eu,false,""
2022-05-26T10:00:00.000000,Sweden,Sweden,SE,12.43,35.49,98.47,67.08,entsoe.eu,false,""
2022-05-26T11:00:00.000000,Sweden,Sweden,SE,12.52,35.13,98.46,66.03,entsoe.eu,false,""
2022-05-26T12:00:00.000000,Sweden,Sweden,SE,12.91,35.46,98.42,65.98,entsoe.eu,false,""
2022-05-26T13:00:00.000000,Sweden,Sweden,SE,12.53,34.86,98.46,66.26,entsoe.eu,false,""
2022-05-26T14:00:00.000000,Sweden,Sweden,SE,11.07,32.74,98.61,66.22,entsoe.eu,false,""
2022-05-26T15:00:00.000000,Sweden,Sweden,SE,4.87,24.46,99.38,68.09,entsoe.eu,false,""
2022-05-26T16:00:00.000000,Sweden,Sweden,SE,1.74,19.87,99.77,69.9,entsoe.eu,false,""
2022-05-26T17:00:00.000000,Sweden,Sweden,SE,1.67,19.44,99.78,69.44,entsoe.eu,false,""
2022-05-26T18:00:00.000000,Sweden,Sweden,SE,1.64,19.24,99.79,69.1,entsoe.eu,false,""
2022-05-26T19:00:00.000000,Sweden,Sweden,SE,1.66,19.22,99.78,68.42,entsoe.eu,false,""
2022-05-26T20:00:00.000000,Sweden,Sweden,SE,1.67,19.15,99.77,67.96,entsoe.eu,false,""
2022-05-26T21:00:00.000000,Sweden,Sweden,SE,1.72,19.4,99.76,67.34,entsoe.eu,false,""
2022-05-26T22:00:00.000000,Sweden,Sweden,SE,3.81,22.45,99.5,66.66,entsoe.eu,false,""
2022-05-26T23:00:00.000000,Sweden,Sweden,SE,5.46,24.34,99.28,66.89,entsoe.eu,false,""
2022-05-27T00:00:00.000000,Sweden,Sweden,SE,5.91,24.96,99.23,66.27,entsoe.eu,false,""
2022-05-27T01:00:00.000000,Sweden,Sweden,SE,6.58,25.75,99.16,66.83,entsoe.eu,false,""
2022-05-27T02:00:00.000000,Sweden,Sweden,SE,5.86,25.21,99.24,66.88,entsoe.eu,false,""
2022-05-27T03:00:00.000000,Sweden,Sweden,SE,6.56,25.84,99.18,66.79,entsoe.eu,false,""
2022-05-27T04:00:00.000000,Sweden,Sweden,SE,6.53,25.9,99.19,67.68,entsoe.eu,false,""
2022-05-27T05:00:00.000000,Sweden,Sweden,SE,4.01,22.99,99.48,69.38,entsoe.eu,false,""
2022-05-27T06:00:00.000000,Sweden,Sweden,SE,4.04,23.38,99.46,69.87,entsoe.eu,false,""
2022-05-27T07:00:00.000000,Sweden,Sweden,SE,4.63,24.54,99.39,70.06,entsoe.eu,false,""
2022-05-27T08:00:00.000000,Sweden,Sweden,SE,7.23,28.09,99.09,68.12,entsoe.eu,false,""
2022-05-27T09:00:00.000000,Sweden,Sweden,SE,7.94,29.2,99.01,67.69,entsoe.eu,false,""
2022-05-27T10:00:00.000000,Sweden,Sweden,SE,6.98,27.92,99.13,67.62,entsoe.eu,false,""
2022-05-27T11:00:00.000000,Sweden,Sweden,SE,10.95,32.69,98.68,67.43,entsoe.eu,false,""
2022-05-27T12:00:00.000000,Sweden,Sweden,SE,12.44,34.47,98.52,67.12,entsoe.eu,false,""
2022-05-27T13:00:00.000000,Sweden,Sweden,SE,12.83,34.6,98.48,67.34,entsoe.eu,false,""
2022-05-27T14:00:00.000000,Sweden,Sweden,SE,10.85,31.61,98.76,66.87,entsoe.eu,false,""
2022-05-27T15:00:00.000000,Sweden,Sweden,SE,7.76,27.21,99.13,67.1,entsoe.eu,false,""
2022-05-27T16:00:00.000000,Sweden,Sweden,SE,4.11,22.19,99.52,69.14,entsoe.eu,false,""
2022-05-27T17:00:00.000000,Sweden,Sweden,SE,4.58,22.17,99.45,69.84,entsoe.eu,false,""
2022-05-27T18:00:00.000000,Sweden,Sweden,SE,5.14,22.62,99.39,69.44,entsoe.eu,false,""
2022-05-27T19:00:00.000000,Sweden,Sweden,SE,5.75,22.96,99.31,68.88,entsoe.eu,false,""
2022-05-27T20:00:00.000000,Sweden,Sweden,SE,5.9,23.5,99.29,68.71,entsoe.eu,false,""
2022-05-27T21:00:00.000000,Sweden,Sweden,SE,5.27,22.7,99.36,68.59,entsoe.eu,false,""
2022-05-27T22:00:00.000000,Sweden,Sweden,SE,5.08,22.8,99.39,67.85,entsoe.eu,false,""
2022-05-27T23:00:00.000000,Sweden,Sweden,SE,4.65,22.16,99.45,67.27,entsoe.eu,false,""
2022-05-28T00:00:00.000000,Sweden,Sweden,SE,5.5,23.14,99.36,66.87,entsoe.eu,false,""
2022-05-28T01:00:00.000000,Sweden,Sweden,SE,5.84,23.84,99.32,65.94,entsoe.eu,false,""
2022-05-28T02:00:00.000000,Sweden,Sweden,SE,5.48,23.94,99.37,65.95,entsoe.eu,false,""
2022-05-28T03:00:00.000000,Sweden,Sweden,SE,5.78,24.56,99.33,65.23,entsoe.eu,false,""
2022-05-28T04:00:00.000000,Sweden,Sweden,SE,5.04,23.98,99.41,64.68,entsoe.eu,false,""
2022-05-28T05:00:00.000000,Sweden,Sweden,SE,3.85,22.05,99.56,63.17,entsoe.eu,false,""
2022-05-28T06:00:00.000000,Sweden,Sweden,SE,8.39,27.92,99.03,63.43,entsoe.eu,false,""
2022-05-28T07:00:00.000000,Sweden,Sweden,SE,10.15,30.29,98.82,63.45,entsoe.eu,false,""
2022-05-28T08:00:00.000000,Sweden,Sweden,SE,12.64,33.18,98.44,63.58,entsoe.eu,false,""
2022-05-28T09:00:00.000000,Sweden,Sweden,SE,12.63,33.11,98.43,63.91,entsoe.eu,false,""
2022-05-28T10:00:00.000000,Sweden,Sweden,SE,12.67,33.1,98.44,63.78,entsoe.eu,false,""
2022-05-28T11:00:00.000000,Sweden,Sweden,SE,13.79,34.46,98.3,63.79,entsoe.eu,false,""
2022-05-28T12:00:00.000000,Sweden,Sweden,SE,13.66,33.92,98.33,62.98,entsoe.eu,false,""
2022-05-28T13:00:00.000000,Sweden,Sweden,SE,13.34,33.57,98.4,63.53,entsoe.eu,false,""
2022-05-28T14:00:00.000000,Sweden,Sweden,SE,11.2,31.67,98.61,64.25,entsoe.eu,false,""
2022-05-28T15:00:00.000000,Sweden,Sweden,SE,5.97,25.48,99.27,66.04,entsoe.eu,false,""
2022-05-28T16:00:00.000000,Sweden,Sweden,SE,1.7,20.39,99.79,67.57,entsoe.eu,false,""
2022-05-28T17:00:00.000000,Sweden,Sweden,SE,1.82,20.53,99.76,67.56,entsoe.eu,false,""
2022-05-28T18:00:00.000000,Sweden,Sweden,SE,1.59,20.08,99.82,67.95,entsoe.eu,false,""
2022-05-28T19:00:00.000000,Sweden,Sweden,SE,1.5,19.87,99.84,68.41,entsoe.eu,false,""
2022-05-28T20:00:00.000000,Sweden,Sweden,SE,1.51,19.72,99.83,68.06,entsoe.eu,false,""
2022-05-28T21:00:00.000000,Sweden,Sweden,SE,1.46,19.53,99.84,67.43,entsoe.eu,false,""
2022-05-28T22:00:00.000000,Sweden,Sweden,SE,1.47,19.72,99.84,67.05,entsoe.eu,false,""
2022-05-28T23:00:00.000000,Sweden,Sweden,SE,1.54,19.91,99.83,66.53,entsoe.eu,false,""
2022-05-29T00:00:00.000000,Sweden,Sweden,SE,1.52,19.99,99.84,65.61,entsoe.eu,false,""
2022-05-29T01:00:00.000000,Sweden,Sweden,SE,1.48,20.0,99.85,64.46,entsoe.eu,false,""
2022-05-29T02:00:00.000000,Sweden,Sweden,SE,1.55,19.97,99.84,65.64,entsoe.eu,false,""
2022-05-29T03:00:00.000000,Sweden,Sweden,SE,1.76,20.49,99.8,66.02,entsoe.eu,false,""
2022-05-29T04:00:00.000000,Sweden,Sweden,SE,1.73,20.91,99.81,65.67,entsoe.eu,false,""
2022-05-29T05:00:00.000000,Sweden,Sweden,SE,1.81,21.53,99.8,66.17,entsoe.eu,false,""
2022-05-29T06:00:00.000000,Sweden,Sweden,SE,1.8,21.83,99.8,66.18,entsoe.eu,false,""
2022-05-29T07:00:00.000000,Sweden,Sweden,SE,1.9,23.06,99.8,66.1,entsoe.eu,false,""
2022-05-29T08:00:00.000000,Sweden,Sweden,SE,2.04,23.36,99.77,66.16,entsoe.eu,false,""
2022-05-29T09:00:00.000000,Sweden,Sweden,SE,2.01,23.19,99.77,66.95,entsoe.eu,false,""
2022-05-29T10:00:00.000000,Sweden,Sweden,SE,2.37,23.1,99.73,66.62,entsoe.eu,false,""
2022-05-29T11:00:00.000000,Sweden,Sweden,SE,5.2,26.13,99.33,66.9,entsoe.eu,false,""
2022-05-29T12:00:00.000000,Sweden,Sweden,SE,6.04,26.8,99.24,66.98,entsoe.eu,false,""
2022-05-29T13:00:00.000000,Sweden,Sweden,SE,4.19,24.41,99.48,67.04,entsoe.eu,false,""
2022-05-29T14:00:00.000000,Sweden,Sweden,SE,1.79,21.5,99.8,66.13,entsoe.eu,false,""
2022-05-29T15:00:00.000000,Sweden,Sweden,SE,1.94,21.4,99.75,66.43,entsoe.eu,false,""
2022-05-29T16:00:00.000000,Sweden,Sweden,SE,2.11,21.82,99.71,66.49,entsoe.eu,false,""
2022-05-29T17:00:00.000000,Sweden,Sweden,SE,2.08,21.43,99.71,66.87,entsoe.eu,false,""
2022-05-29T18:00:00.000000,Sweden,Sweden,SE,1.99,21.32,99.73,67.22,entsoe.eu,false,""
2022-05-29T19:00:00.000000,Sweden,Sweden,SE,1.78,20.81,99.78,68.11,entsoe.eu,false,""
2022-05-29T20:00:00.000000,Sweden,Sweden,SE,1.68,19.85,99.79,67.41,entsoe.eu,false,""
2022-05-29T21:00:00.000000,Sweden,Sweden,SE,1.52,19.28,99.82,67.76,entsoe.eu,false,""
2022-05-29T22:00:00.000000,Sweden,Sweden,SE,1.6,19.81,99.82,66.76,entsoe.eu,false,""
2022-05-29T23:00:00.000000,Sweden,Sweden,SE,1.52,19.88,99.83,67.46,entsoe.eu,false,""
2022-05-30T00:00:00.000000,Sweden,Sweden,SE,1.57,20.19,99.83,67.37,entsoe.eu,false,""
2022-05-30T01:00:00.000000,Sweden,Sweden,SE,1.62,20.34,99.82,67.34,entsoe.eu,false,""
2022-05-30T02:00:00.000000,Sweden,Sweden,SE,1.67,20.56,99.81,67.38,entsoe.eu,false,""
2022-05-30T03:00:00.000000,Sweden,Sweden,SE,1.9,21.54,99.78,66.25,entsoe.eu,false,""
2022-05-30T04:00:00.000000,Sweden,Sweden,SE,1.99,22.72,99.78,66.55,entsoe.eu,false,""
2022-05-30T05:00:00.000000,Sweden,Sweden,SE,1.86,23.14,99.8,67.88,entsoe.eu,false,""
2022-05-30T06:00:00.000000,Sweden,Sweden,SE,1.79,23.45,99.82,68.31,entsoe.eu,false,""
2022-05-30T07:00:00.000000,Sweden,Sweden,SE,1.85,23.81,99.81,68.76,entsoe.eu,false,""
2022-05-30T08:00:00.000000,Sweden,Sweden,SE,1.71,23.4,99.83,68.64,entsoe.eu,false,""
2022-05-30T09:00:00.000000,Sweden,Sweden,SE,1.78,23.56,99.82,68.54,entsoe.eu,false,""
2022-05-30T10:00:00.000000,Sweden,Sweden,SE,1.95,23.39,99.78,68.74,entsoe.eu,false,""
2022-05-30T11:00:00.000000,Sweden,Sweden,SE,1.99,23.24,99.76,68.44,entsoe.eu,false,""
2022-05-30T12:00:00.000000,Sweden,Sweden,SE,2.08,23.49,99.75,67.64,entsoe.eu,false,""
2022-05-30T13:00:00.000000,Sweden,Sweden,SE,2.05,23.24,99.76,66.94,entsoe.eu,false,""
2022-05-30T14:00:00.000000,Sweden,Sweden,SE,1.99,22.87,99.77,66.74,entsoe.eu,false,""
2022-05-30T15:00:00.000000,Sweden,Sweden,SE,1.95,22.46,99.78,66.67,entsoe.eu,false,""
2022-05-30T16:00:00.000000,Sweden,Sweden,SE,1.92,22.24,99.78,66.84,entsoe.eu,false,""
2022-05-30T17:00:00.000000,Sweden,Sweden,SE,1.85,21.78,99.79,66.16,entsoe.eu,false,""
2022-05-30T18:00:00.000000,Sweden,Sweden,SE,1.79,21.12,99.8,66.18,entsoe.eu,false,""
2022-05-30T19:00:00.000000,Sweden,Sweden,SE,1.78,20.67,99.8,66.04,entsoe.eu,false,""
2022-05-30T20:00:00.000000,Sweden,Sweden,SE,1.78,20.43,99.79,66.45,entsoe.eu,false,""
2022-05-30T21:00:00.000000,Sweden,Sweden,SE,1.94,20.55,99.75,65.71,entsoe.eu,false,""
2022-05-30T22:00:00.000000,Sweden,Sweden,SE,1.94,20.4,99.73,64.1,entsoe.eu,false,""
2022-05-30T23:00:00.000000,Sweden,Sweden,SE,1.94,20.16,99.73,63.25,entsoe.eu,false,""
2022-05-31T00:00:00.000000,Sweden,Sweden,SE,2.02,20.31,99.71,63.12,entsoe.eu,false,""
2022-05-31T01:00:00.000000,Sweden,Sweden,SE,1.96,20.26,99.72,62.95,entsoe.eu,false,""
2022-05-31T02:00:00.000000,Sweden,Sweden,SE,2.0,20.62,99.72,62.97,entsoe.eu,false,""
2022-05-31T03:00:00.000000,Sweden,Sweden,SE,2.02,21.19,99.73,64.57,entsoe.eu,false,""
2022-05-31T04:00:00.000000,Sweden,Sweden,SE,2.03,22.28,99.75,66.19,entsoe.eu,false,""
2022-05-31T05:00:00.000000,Sweden,Sweden,SE,1.99,22.32,99.77,67.03,entsoe.eu,false,""
2022-05-31T06:00:00.000000,Sweden,Sweden,SE,2.14,23.27,99.75,67.9,entsoe.eu,false,""
2022-05-31T07:00:00.000000,Sweden,Sweden,SE,2.12,23.68,99.76,68.11,entsoe.eu,false,""
2022-05-31T08:00:00.000000,Sweden,Sweden,SE,2.15,23.78,99.75,68.35,entsoe.eu,false,""
2022-05-31T09:00:00.000000,Sweden,Sweden,SE,2.0,22.99,99.77,68.3,entsoe.eu,false,""
2022-05-31T10:00:00.000000,Sweden,Sweden,SE,1.94,22.6,99.77,68.72,entsoe.eu,false,""
2022-05-31T11:00:00.000000,Sweden,Sweden,SE,1.97,22.66,99.77,68.66,entsoe.eu,false,""
2022-05-31T12:00:00.000000,Sweden,Sweden,SE,1.85,22.27,99.79,68.72,entsoe.eu,false,""
2022-05-31T13:00:00.000000,Sweden,Sweden,SE,1.81,21.76,99.79,68.71,entsoe.eu,false,""
2022-05-31T14:00:00.000000,Sweden,Sweden,SE,1.73,21.3,99.8,69.17,entsoe.eu,false,""
2022-05-31T15:00:00.000000,Sweden,Sweden,SE,1.66,20.89,99.82,69.04,entsoe.eu,false,""
2022-05-31T16:00:00.000000,Sweden,Sweden,SE,1.62,20.71,99.82,68.88,entsoe.eu,false,""
2022-05-31T17:00:00.000000,Sweden,Sweden,SE,1.59,20.45,99.83,69.16,entsoe.eu,false,""
2022-05-31T18:00:00.000000,Sweden,Sweden,SE,1.59,20.18,99.82,70.17,entsoe.eu,false,""
2022-05-31T19:00:00.000000,Sweden,Sweden,SE,1.49,19.49,99.83,68.77,entsoe.eu,false,""
2022-05-31T20:00:00.000000,Sweden,Sweden,SE,1.55,19.42,99.82,66.89,entsoe.eu,false,""
2022-05-31T21:00:00.000000,Sweden,Sweden,SE,1.67,19.87,99.79,67.95,entsoe.eu,false,""
2022-05-31T22:00:00.000000,Sweden,Sweden,SE,1.54,19.36,99.82,65.86,entsoe.eu,false,""
2022-05-31T23:00:00.000000,Sweden,Sweden,SE,1.55,19.21,99.81,66.15,entsoe.eu,false,""
2022-06-01T00:00:00.000000,Sweden,Sweden,SE,1.68,20.26,99.8,66.72,entsoe.eu,false,""
2022-06-01T01:00:00.000000,Sweden,Sweden,SE,1.82,21.2,99.78,66.81,entsoe.eu,false,""
2022-06-01T02:00:00.000000,Sweden,Sweden,SE,2.0,22.12,99.76,67.31,entsoe.eu,false,""
2022-06-01T03:00:00.000000,Sweden,Sweden,SE,2.18,23.19,99.73,68.0,entsoe.eu,false,""
2022-06-01T04:00:00.000000,Sweden,Sweden,SE,2.33,25.33,99.74,69.83,entsoe.eu,false,""
2022-06-01T05:00:00.000000,Sweden,Sweden,SE,2.25,25.61,99.77,70.17,entsoe.eu,false,""
2022-06-01T06:00:00.000000,Sweden,Sweden,SE,2.25,25.8,99.77,71.66,entsoe.eu,false,""
2022-06-01T07:00:00.000000,Sweden,Sweden,SE,2.25,26.0,99.77,72.56,entsoe.eu,false,""
2022-06-01T08:00:00.000000,Sweden,Sweden,SE,2.45,26.24,99.7,72.58,entsoe.eu,false,""
2022-06-01T09:00:00.000000,Sweden,Sweden,SE,2.6,26.38,99.66,71.68,entsoe.eu,false,""
2022-06-01T10:00:00.000000,Sweden,Sweden,SE,1.92,23.83,99.81,71.68,entsoe.eu,false,""
2022-06-01T11:00:00.000000,Sweden,Sweden,SE,5.41,27.9,99.48,71.39,entsoe.eu,false,""
2022-06-01T12:00:00.000000,Sweden,Sweden,SE,1.95,24.26,99.81,71.87,entsoe.eu,false,""
2022-06-01T13:00:00.000000,Sweden,Sweden,SE,1.91,23.93,99.81,71.89,entsoe.eu,false,""
2022-06-01T14:00:00.000000,Sweden,Sweden,SE,1.88,23.75,99.82,71.63,entsoe.eu,false,""
2022-06-01T15:00:00.000000,Sweden,Sweden,SE,2.04,24.39,99.78,73.27,entsoe.eu,false,""
2022-06-01T16:00:00.000000,Sweden,Sweden,SE,2.08,24.3,99.76,73.97,entsoe.eu,false,""
2022-06-01T17:00:00.000000,Sweden,Sweden,SE,2.14,24.54,99.74,74.55,entsoe.eu,false,""
2022-06-01T18:00:00.000000,Sweden,Sweden,SE,2.21,24.42,99.72,74.37,entsoe.eu,false,""
2022-06-01T19:00:00.000000,Sweden,Sweden,SE,2.2,24.16,99.72,74.18,entsoe.eu,false,""
2022-06-01T20:00:00.000000,Sweden,Sweden,SE,2.27,24.24,99.71,73.74,entsoe.eu,false,""
2022-06-01T21:00:00.000000,Sweden,Sweden,SE,2.17,23.55,99.73,72.72,entsoe.eu,false,""
2022-06-01T22:00:00.000000,Sweden,Sweden,SE,2.0,22.19,99.76,70.46,entsoe.eu,false,""
2022-06-01T23:00:00.000000,Sweden,Sweden,SE,1.94,21.46,99.75,70.5,entsoe.eu,false,""
2022-06-02T00:00:00.000000,Sweden,Sweden,SE,2.02,21.61,99.73,70.81,entsoe.eu,false,""
2022-06-02T01:00:00.000000,Sweden,Sweden,SE,2.06,21.6,99.72,70.97,entsoe.eu,false,""
2022-06-02T02:00:00.000000,Sweden,Sweden,SE,2.01,21.6,99.74,70.48,entsoe.eu,false,""
2022-06-02T03:00:00.000000,Sweden,Sweden,SE,1.98,21.63,99.75,69.84,entsoe.eu,false,""
2022-06-02T04:00:00.000000,Sweden,Sweden,SE,1.94,21.88,99.75,72.02,entsoe.eu,false,""
2022-06-02T05:00:00.000000,Sweden,Sweden,SE,1.94,22.46,99.75,73.01,entsoe.eu,false,""
2022-06-02T06:00:00.000000,Sweden,Sweden,SE,2.35,22.75,99.7,73.08,entsoe.eu,false,""
2022-06-02T07:00:00.000000,Sweden,Sweden,SE,2.01,22.26,99.74,73.37,entsoe.eu,false,""
2022-06-02T08:00:00.000000,Sweden,Sweden,SE,1.98,22.18,99.74,73.27,entsoe.eu,false,""
2022-06-02T09:00:00.000000,Sweden,Sweden,SE,2.48,23.62,99.69,72.57,entsoe.eu,false,""
2022-06-02T10:00:00.000000,Sweden,Sweden,SE,2.32,22.57,99.71,72.1,entsoe.eu,false,""
2022-06-02T11:00:00.000000,Sweden,Sweden,SE,2.81,22.65,99.62,71.7,entsoe.eu,false,""
2022-06-02T12:00:00.000000,Sweden,Sweden,SE,2.97,22.96,99.63,71.17,entsoe.eu,false,""
2022-06-02T13:00:00.000000,Sweden,Sweden,SE,3.12,22.99,99.62,71.12,entsoe.eu,false,""
2022-06-02T14:00:00.000000,Sweden,Sweden,SE,2.24,21.81,99.72,70.97,entsoe.eu,false,""
2022-06-02T15:00:00.000000,Sweden,Sweden,SE,1.82,20.88,99.75,72.64,entsoe.eu,false,""
2022-06-02T16:00:00.000000,Sweden,Sweden,SE,1.83,20.82,99.74,73.12,entsoe.eu,false,""
2022-06-02T17:00:00.000000,Sweden,Sweden,SE,1.82,20.79,99.74,73.63,entsoe.eu,false,""
2022-06-02T18:00:00.000000,Sweden,Sweden,SE,1.79,20.31,99.76,72.58,entsoe.eu,false,""
2022-06-02T19:00:00.000000,Sweden,Sweden,SE,1.64,19.69,99.79,71.46,entsoe.eu,false,""
2022-06-02T20:00:00.000000,Sweden,Sweden,SE,1.57,19.44,99.8,71.51,entsoe.eu,false,""
2022-06-02T21:00:00.000000,Sweden,Sweden,SE,1.74,19.53,99.75,72.27,entsoe.eu,false,""
2022-06-02T22:00:00.000000,Sweden,Sweden,SE,1.84,19.36,99.72,70.67,entsoe.eu,false,""
2022-06-02T23:00:00.000000,Sweden,Sweden,SE,1.84,19.32,99.72,69.87,entsoe.eu,false,""
2022-06-03T00:00:00.000000,Sweden,Sweden,SE,1.78,19.3,99.73,69.17,entsoe.eu,false,""
2022-06-03T01:00:00.000000,Sweden,Sweden,SE,1.76,19.13,99.74,69.15,entsoe.eu,false,""
2022-06-03T02:00:00.000000,Sweden,Sweden,SE,1.82,19.83,99.74,69.04,entsoe.eu,false,""
2022-06-03T03:00:00.000000,Sweden,Sweden,SE,1.84,19.93,99.73,70.69,entsoe.eu,false,""
2022-06-03T04:00:00.000000,Sweden,Sweden,SE,1.84,20.55,99.74,73.0,entsoe.eu,false,""
2022-06-03T05:00:00.000000,Sweden,Sweden,SE,1.98,22.51,99.73,74.27,entsoe.eu,false,""
2022-06-03T06:00:00.000000,Sweden,Sweden,SE,1.95,21.9,99.72,74.13,entsoe.eu,false,""
2022-06-03T07:00:00.000000,Sweden,Sweden,SE,1.96,22.03,99.72,73.71,entsoe.eu,false,""
2022-06-03T08:00:00.000000,Sweden,Sweden,SE,1.96,21.95,99.71,73.23,entsoe.eu,false,""
2022-06-03T09:00:00.000000,Sweden,Sweden,SE,1.86,21.96,99.74,72.14,entsoe.eu,false,""
2022-06-03T10:00:00.000000,Sweden,Sweden,SE,1.95,21.97,99.72,72.35,entsoe.eu,false,""
2022-06-03T11:00:00.000000,Sweden,Sweden,SE,2.37,22.03,99.68,71.29,entsoe.eu,false,""
2022-06-03T12:00:00.000000,Sweden,Sweden,SE,1.66,20.6,99.79,71.31,entsoe.eu,false,""
2022-06-03T13:00:00.000000,Sweden,Sweden,SE,1.74,20.21,99.77,71.27,entsoe.eu,false,""
2022-06-03T14:00:00.000000,Sweden,Sweden,SE,1.7,20.12,99.77,71.63,entsoe.eu,false,""
2022-06-03T15:00:00.000000,Sweden,Sweden,SE,1.64,20.03,99.77,74.17,entsoe.eu,false,""
2022-06-03T16:00:00.000000,Sweden,Sweden,SE,1.57,19.6,99.78,74.34,entsoe.eu,false,""
2022-06-03T17:00:00.000000,Sweden,Sweden,SE,1.56,19.43,99.77,74.67,entsoe.eu,false,""
2022-06-03T18:00:00.000000,Sweden,Sweden,SE,1.59,19.28,99.77,73.5,entsoe.eu,false,""
2022-06-03T19:00:00.000000,Sweden,Sweden,SE,1.56,18.9,99.77,73.22,entsoe.eu,false,""
2022-06-03T20:00:00.000000,Sweden,Sweden,SE,1.49,18.41,99.79,72.32,entsoe.eu,false,""
2022-06-03T21:00:00.000000,Sweden,Sweden,SE,1.41,17.83,99.81,71.59,entsoe.eu,false,""
2022-06-03T22:00:00.000000,Sweden,Sweden,SE,1.43,17.85,99.8,71.2,entsoe.eu,false,""
2022-06-03T23:00:00.000000,Sweden,Sweden,SE,1.43,17.72,99.8,71.86,entsoe.eu,false,""
2022-06-04T00:00:00.000000,Sweden,Sweden,SE,1.51,18.11,99.78,71.72,entsoe.eu,false,""
2022-06-04T01:00:00.000000,Sweden,Sweden,SE,1.63,18.42,99.76,71.79,entsoe.eu,false,""
2022-06-04T02:00:00.000000,Sweden,Sweden,SE,1.63,18.99,99.77,71.08,entsoe.eu,false,""
2022-06-04T03:00:00.000000,Sweden,Sweden,SE,1.72,19.66,99.77,70.63,entsoe.eu,false,""
2022-06-04T04:00:00.000000,Sweden,Sweden,SE,1.8,20.15,99.75,71.19,entsoe.eu,false,""
2022-06-04T05:00:00.000000,Sweden,Sweden,SE,1.86,20.56,99.74,71.59,entsoe.eu,false,""
2022-06-04T06:00:00.000000,Sweden,Sweden,SE,1.91,20.91,99.73,72.61,entsoe.eu,false,""
2022-06-04T07:00:00.000000,Sweden,Sweden,SE,1.92,21.53,99.74,72.4,entsoe.eu,false,""
2022-06-04T08:00:00.000000,Sweden,Sweden,SE,1.97,21.99,99.74,72.13,entsoe.eu,false,""
2022-06-04T09:00:00.000000,Sweden,Sweden,SE,2.05,22.42,99.73,71.88,entsoe.eu,false,""
2022-06-04T10:00:00.000000,Sweden,Sweden,SE,7.33,29.87,99.01,68.78,entsoe.eu,false,""
2022-06-04T11:00:00.000000,Sweden,Sweden,SE,11.33,34.79,98.5,68.01,entsoe.eu,false,""
2022-06-04T12:00:00.000000,Sweden,Sweden,SE,7.61,30.05,99.0,68.72,entsoe.eu,false,""
2022-06-04T13:00:00.000000,Sweden,Sweden,SE,2.98,23.53,99.6,69.45,entsoe.eu,false,""
2022-06-04T14:00:00.000000,Sweden,Sweden,SE,2.06,21.52,99.71,70.7,entsoe.eu,false,""
2022-06-04T15:00:00.000000,Sweden,Sweden,SE,1.88,21.06,99.74,71.09,entsoe.eu,false,""
2022-06-04T16:00:00.000000,Sweden,Sweden,SE,1.83,20.41,99.73,71.96,entsoe.eu,false,""
2022-06-04T17:00:00.000000,Sweden,Sweden,SE,1.86,20.23,99.72,72.33,entsoe.eu,false,""
2022-06-04T18:00:00.000000,Sweden,Sweden,SE,1.84,19.88,99.72,71.9,entsoe.eu,false,""
2022-06-04T19:00:00.000000,Sweden,Sweden,SE,1.83,19.68,99.73,71.15,entsoe.eu,false,""
2022-06-04T20:00:00.000000,Sweden,Sweden,SE,1.76,19.22,99.74,70.73,entsoe.eu,false,""
2022-06-04T21:00:00.000000,Sweden,Sweden,SE,1.7,18.94,99.75,71.02,entsoe.eu,false,""
2022-06-04T22:00:00.000000,Sweden,Sweden,SE,1.67,18.9,99.76,70.77,entsoe.eu,false,""
2022-06-04T23:00:00.000000,Sweden,Sweden,SE,1.62,18.72,99.78,70.05,entsoe.eu,false,""
2022-06-05T00:00:00.000000,Sweden,Sweden,SE,1.54,18.2,99.79,69.94,entsoe.eu,false,""
2022-06-05T01:00:00.000000,Sweden,Sweden,SE,1.61,18.24,99.76,70.28,entsoe.eu,false,""
2022-06-05T02:00:00.000000,Sweden,Sweden,SE,1.75,18.46,99.73,69.66,entsoe.eu,false,""
2022-06-05T03:00:00.000000,Sweden,Sweden,SE,1.71,18.38,99.75,69.48,entsoe.eu,false,""
2022-06-05T04:00:00.000000,Sweden,Sweden,SE,1.58,18.5,99.78,68.37,entsoe.eu,false,""
2022-06-05T05:00:00.000000,Sweden,Sweden,SE,1.77,20.38,99.77,68.59,entsoe.eu,false,""
2022-06-05T06:00:00.000000,Sweden,Sweden,SE,1.74,20.76,99.78,69.18,entsoe.eu,false,""
2022-06-05T07:00:00.000000,Sweden,Sweden,SE,1.84,21.62,99.77,70.21,entsoe.eu,false,""
2022-06-05T08:00:00.000000,Sweden,Sweden,SE,1.88,21.72,99.76,70.9,entsoe.eu,false,""
2022-06-05T09:00:00.000000,Sweden,Sweden,SE,1.74,21.0,99.77,71.15,entsoe.eu,false,""
2022-06-05T10:00:00.000000,Sweden,Sweden,SE,1.8,21.5,99.77,70.79,entsoe.eu,false,""
2022-06-05T11:00:00.000000,Sweden,Sweden,SE,1.71,21.56,99.8,70.7,entsoe.eu,false,""
2022-06-05T12:00:00.000000,Sweden,Sweden,SE,1.64,21.39,99.81,70.69,entsoe.eu,false,""
2022-06-05T13:00:00.000000,Sweden,Sweden,SE,1.69,21.1,99.8,70.3,entsoe.eu,false,""
2022-06-05T14:00:00.000000,Sweden,Sweden,SE,1.75,20.66,99.77,70.08,entsoe.eu,false,""
2022-06-05T15:00:00.000000,Sweden,Sweden,SE,1.79,20.23,99.74,70.16,entsoe.eu,false,""
2022-06-05T16:00:00.000000,Sweden,Sweden,SE,1.78,19.81,99.74,70.31,entsoe.eu,false,""
2022-06-05T17:00:00.000000,Sweden,Sweden,SE,1.68,19.09,99.76,69.86,entsoe.eu,false,""
2022-06-05T18:00:00.000000,Sweden,Sweden,SE,1.68,18.96,99.76,70.15,entsoe.eu,false,""
2022-06-05T19:00:00.000000,Sweden,Sweden,SE,1.76,19.31,99.74,70.63,entsoe.eu,false,""
2022-06-05T20:00:00.000000,Sweden,Sweden,SE,1.78,19.32,99.74,70.7,entsoe.eu,false,""
2022-06-05T21:00:00.000000,Sweden,Sweden,SE,1.85,19.87,99.74,68.61,entsoe.eu,false,""
2022-06-05T22:00:00.000000,Sweden,Sweden,SE,1.61,18.41,99.77,68.12,entsoe.eu,false,""
2022-06-05T23:00:00.000000,Sweden,Sweden,SE,1.35,17.85,99.83,67.54,entsoe.eu,false,""
2022-06-06T00:00:00.000000,Sweden,Sweden,SE,1.35,17.92,99.83,67.46,entsoe.eu,false,""
2022-06-06T01:00:00.000000,Sweden,Sweden,SE,1.43,17.82,99.81,68.7,entsoe.eu,false,""
2022-06-06T02:00:00.000000,Sweden,Sweden,SE,1.6,18.34,99.77,69.13,entsoe.eu,false,""
2022-06-06T03:00:00.000000,Sweden,Sweden,SE,1.77,19.04,99.74,68.68,entsoe.eu,false,""
2022-06-06T04:00:00.000000,Sweden,Sweden,SE,1.8,19.48,99.75,68.87,entsoe.eu,false,""
2022-06-06T05:00:00.000000,Sweden,Sweden,SE,1.83,19.96,99.74,69.67,entsoe.eu,false,""
2022-06-06T06:00:00.000000,Sweden,Sweden,SE,1.79,20.27,99.76,69.08,entsoe.eu,false,""
2022-06-06T07:00:00.000000,Sweden,Sweden,SE,3.91,23.59,99.46,69.45,entsoe.eu,false,""
2022-06-06T08:00:00.000000,Sweden,Sweden,SE,6.33,26.87,99.19,69.23,entsoe.eu,false,""
2022-06-06T09:00:00.000000,Sweden,Sweden,SE,7.58,28.43,99.09,67.09,entsoe.eu,false,""
2022-06-06T10:00:00.000000,Sweden,Sweden,SE,6.65,26.82,99.21,65.64,entsoe.eu,false,""
2022-06-06T11:00:00.000000,Sweden,Sweden,SE,7.8,28.52,99.09,65.68,entsoe.eu,false,""
2022-06-06T12:00:00.000000,Sweden,Sweden,SE,7.61,28.28,99.13,65.61,entsoe.eu,false,""
2022-06-06T13:00:00.000000,Sweden,Sweden,SE,4.91,24.64,99.44,66.21,entsoe.eu,false,""
2022-06-06T14:00:00.000000,Sweden,Sweden,SE,5.19,24.43,99.39,68.11,entsoe.eu,false,""
2022-06-06T15:00:00.000000,Sweden,Sweden,SE,1.77,19.68,99.75,70.23,entsoe.eu,false,""
2022-06-06T16:00:00.000000,Sweden,Sweden,SE,1.7,19.13,99.76,69.56,entsoe.eu,false,""
2022-06-06T17:00:00.000000,Sweden,Sweden,SE,1.58,18.54,99.78,68.65,entsoe.eu,false,""
2022-06-06T18:00:00.000000,Sweden,Sweden,SE,1.49,18.08,99.8,68.59,entsoe.eu,false,""
2022-06-06T19:00:00.000000,Sweden,Sweden,SE,2.64,19.88,99.66,68.4,entsoe.eu,false,""
2022-06-06T20:00:00.000000,Sweden,Sweden,SE,3.0,20.41,99.61,68.0,entsoe.eu,false,""
2022-06-06T21:00:00.000000,Sweden,Sweden,SE,1.63,18.59,99.78,67.7,entsoe.eu,false,""
2022-06-06T22:00:00.000000,Sweden,Sweden,SE,1.64,18.85,99.78,66.83,entsoe.eu,false,""
2022-06-06T23:00:00.000000,Sweden,Sweden,SE,1.51,18.61,99.81,65.59,entsoe.eu,false,""
2022-06-07T00:00:00.000000,Sweden,Sweden,SE,1.49,18.68,99.82,65.01,entsoe.eu,false,""
2022-06-07T01:00:00.000000,Sweden,Sweden,SE,1.59,19.12,99.8,64.78,entsoe.eu,false,""
2022-06-07T02:00:00.000000,Sweden,Sweden,SE,1.62,19.3,99.8,65.98,entsoe.eu,false,""
2022-06-07T03:00:00.000000,Sweden,Sweden,SE,1.63,19.48,99.8,67.58,entsoe.eu,false,""
2022-06-07T04:00:00.000000,Sweden,Sweden,SE,1.63,20.0,99.81,68.73,entsoe.eu,false,""
2022-06-07T05:00:00.000000,Sweden,Sweden,SE,1.46,20.39,99.85,70.16,entsoe.eu,false,""
2022-06-07T06:00:00.000000,Sweden,Sweden,SE,2.28,21.74,99.76,70.54,entsoe.eu,false,""
2022-06-07T07:00:00.000000,Sweden,Sweden,SE,2.37,22.05,99.75,70.59,entsoe.eu,false,""
2022-06-07T08:00:00.000000,Sweden,Sweden,SE,2.5,22.46,99.74,70.4,entsoe.eu,false,""
2022-06-07T09:00:00.000000,Sweden,Sweden,SE,1.46,20.41,99.86,70.22,entsoe.eu,false,""
2022-06-07T10:00:00.000000,Sweden,Sweden,SE,2.96,22.69,99.68,69.31,entsoe.eu,false,""
2022-06-07T11:00:00.000000,Sweden,Sweden,SE,2.78,22.41,99.71,69.25,entsoe.eu,false,""
2022-06-07T12:00:00.000000,Sweden,Sweden,SE,1.91,21.17,99.81,69.39,entsoe.eu,false,""
2022-06-07T13:00:00.000000,Sweden,Sweden,SE,1.44,20.25,99.86,69.23,entsoe.eu,false,""
2022-06-07T14:00:00.000000,Sweden,Sweden,SE,1.68,21.0,99.82,69.35,entsoe.eu,false,""
2022-06-07T15:00:00.000000,Sweden,Sweden,SE,1.85,20.78,99.8,69.55,entsoe.eu,false,""
2022-06-07T16:00:00.000000,Sweden,Sweden,SE,1.65,20.28,99.83,69.09,entsoe.eu,false,""
2022-06-07T17:00:00.000000,Sweden,Sweden,SE,1.62,20.41,99.83,68.67,entsoe.eu,false,""
2022-06-07T18:00:00.000000,Sweden,Sweden,SE,1.42,19.81,99.85,69.38,entsoe.eu,false,""
2022-06-07T19:00:00.000000,Sweden,Sweden,SE,1.44,19.46,99.84,68.95,entsoe.eu,false,""
2022-06-07T20:00:00.000000,Sweden,Sweden,SE,1.39,19.12,99.85,67.89,entsoe.eu,false,""
2022-06-07T21:00:00.000000,Sweden,Sweden,SE,1.5,19.57,99.84,66.39,entsoe.eu,false,""
2022-06-07T22:00:00.000000,Sweden,Sweden,SE,1.45,19.14,99.85,66.2,entsoe.eu,false,""
2022-06-07T23:00:00.000000,Sweden,Sweden,SE,1.47,19.36,99.84,65.45,entsoe.eu,false,""
2022-06-08T00:00:00.000000,Sweden,Sweden,SE,1.39,19.37,99.87,65.87,entsoe.eu,false,""
2022-06-08T01:00:00.000000,Sweden,Sweden,SE,1.4,19.23,99.86,66.1,entsoe.eu,false,""
2022-06-08T02:00:00.000000,Sweden,Sweden,SE,1.34,19.05,99.87,66.49,entsoe.eu,false,""
2022-06-08T03:00:00.000000,Sweden,Sweden,SE,1.32,19.36,99.89,66.68,entsoe.eu,false,""
2022-06-08T04:00:00.000000,Sweden,Sweden,SE,1.3,19.3,99.89,68.84,entsoe.eu,false,""
2022-06-08T05:00:00.000000,Sweden,Sweden,SE,1.36,19.92,99.87,70.29,entsoe.eu,false,""
2022-06-08T06:00:00.000000,Sweden,Sweden,SE,1.44,20.16,99.86,70.79,entsoe.eu,false,""
2022-06-08T07:00:00.000000,Sweden,Sweden,SE,1.48,20.34,99.85,70.62,entsoe.eu,false,""
2022-06-08T08:00:00.000000,Sweden,Sweden,SE,1.38,19.99,99.86,70.95,entsoe.eu,false,""
2022-06-08T09:00:00.000000,Sweden,Sweden,SE,1.34,20.04,99.87,70.59,entsoe.eu,false,""
2022-06-08T10:00:00.000000,Sweden,Sweden,SE,1.28,19.02,99.86,70.49,entsoe.eu,false,""
2022-06-08T11:00:00.000000,Sweden,Sweden,SE,1.15,18.46,99.89,70.67,entsoe.eu,false,""
2022-06-08T12:00:00.000000,Sweden,Sweden,SE,1.14,18.53,99.9,70.31,entsoe.eu,false,""
2022-06-08T13:00:00.000000,Sweden,Sweden,SE,1.08,18.2,99.91,70.02,entsoe.eu,false,""
2022-06-08T14:00:00.000000,Sweden,Sweden,SE,1.08,17.88,99.9,70.55,entsoe.eu,false,""
2022-06-08T15:00:00.000000,Sweden,Sweden,SE,1.08,17.73,99.89,70.73,entsoe.eu,false,""
2022-06-08T16:00:00.000000,Sweden,Sweden,SE,1.14,18.06,99.89,70.22,entsoe.eu,false,""
2022-06-08T17:00:00.000000,Sweden,Sweden,SE,1.26,18.73,99.87,69.69,entsoe.eu,false,""
2022-06-08T18:00:00.000000,Sweden,Sweden,SE,1.18,18.01,99.87,69.51,entsoe.eu,false,""
2022-06-08T19:00:00.000000,Sweden,Sweden,SE,1.17,17.83,99.87,69.07,entsoe.eu,false,""
2022-06-08T20:00:00.000000,Sweden,Sweden,SE,1.19,17.8,99.87,68.29,entsoe.eu,false,""
2022-06-08T21:00:00.000000,Sweden,Sweden,SE,1.18,17.63,99.88,67.01,entsoe.eu,false,""
2022-06-08T22:00:00.000000,Sweden,Sweden,SE,1.17,17.55,99.88,66.43,entsoe.eu,false,""
2022-06-08T23:00:00.000000,Sweden,Sweden,SE,1.19,17.62,99.88,66.02,entsoe.eu,false,""
2022-06-09T00:00:00.000000,Sweden,Sweden,SE,1.13,17.51,99.89,66.14,entsoe.eu,false,""
2022-06-09T01:00:00.000000,Sweden,Sweden,SE,1.09,17.43,99.9,66.23,entsoe.eu,false,""
2022-06-09T02:00:00.000000,Sweden,Sweden,SE,1.12,17.48,99.9,66.22,entsoe.eu,false,""
2022-06-09T03:00:00.000000,Sweden,Sweden,SE,1.13,17.57,99.89,66.44,entsoe.eu,false,""
2022-06-09T04:00:00.000000,Sweden,Sweden,SE,1.07,17.84,99.92,68.34,entsoe.eu,false,""
2022-06-09T05:00:00.000000,Sweden,Sweden,SE,1.35,20.65,99.89,69.9,entsoe.eu,false,""
2022-06-09T06:00:00.000000,Sweden,Sweden,SE,2.18,22.44,99.79,70.75,entsoe.eu,false,""
2022-06-09T07:00:00.000000,Sweden,Sweden,SE,1.48,21.78,99.87,71.06,entsoe.eu,false,""
2022-06-09T08:00:00.000000,Sweden,Sweden,SE,1.44,20.44,99.85,70.87,entsoe.eu,false,""
2022-06-09T09:00:00.000000,Sweden,Sweden,SE,1.32,19.81,99.86,70.77,entsoe.eu,false,""
2022-06-09T10:00:00.000000,Sweden,Sweden,SE,1.35,19.85,99.86,70.45,entsoe.eu,false,""
2022-06-09T11:00:00.000000,Sweden,Sweden,SE,1.38,19.88,99.85,70.13,entsoe.eu,false,""
2022-06-09T12:00:00.000000,Sweden,Sweden,SE,1.45,19.85,99.83,69.74,entsoe.eu,false,""
2022-06-09T13:00:00.000000,Sweden,Sweden,SE,1.55,19.69,99.8,69.94,entsoe.eu,false,""
2022-06-09T14:00:00.000000,Sweden,Sweden,SE,1.6,19.66,99.79,70.02,entsoe.eu,false,""
2022-06-09T15:00:00.000000,Sweden,Sweden,SE,1.68,19.46,99.76,70.3,entsoe.eu,false,""
2022-06-09T16:00:00.000000,Sweden,Sweden,SE,1.62,19.1,99.77,69.9,entsoe.eu,false,""
2022-06-09T17:00:00.000000,Sweden,Sweden,SE,1.99,19.56,99.73,68.91,entsoe.eu,false,""
2022-06-09T18:00:00.000000,Sweden,Sweden,SE,2.57,20.15,99.65,68.75,entsoe.eu,false,""
2022-06-09T19:00:00.000000,Sweden,Sweden,SE,1.58,18.76,99.78,68.44,entsoe.eu,false,""
2022-06-09T20:00:00.000000,Sweden,Sweden,SE,1.58,18.66,99.78,68.19,entsoe.eu,false,""
2022-06-09T21:00:00.000000,Sweden,Sweden,SE,1.52,18.28,99.8,67.34,entsoe.eu,false,""
2022-06-09T22:00:00.000000,Sweden,Sweden,SE,1.51,18.49,99.8,66.3,entsoe.eu,false,""
2022-06-09T23:00:00.000000,Sweden,Sweden,SE,1.48,18.25,99.81,67.52,entsoe.eu,false,""
2022-06-10T00:00:00.000000,Sweden,Sweden,SE,1.41,18.09,99.82,67.94,entsoe.eu,false,""
2022-06-10T01:00:00.000000,Sweden,Sweden,SE,1.45,18.16,99.81,68.13,entsoe.eu,false,""
2022-06-10T02:00:00.000000,Sweden,Sweden,SE,1.52,18.44,99.8,66.76,entsoe.eu,false,""
2022-06-10T03:00:00.000000,Sweden,Sweden,SE,1.55,18.82,99.8,67.05,entsoe.eu,false,""
2022-06-10T04:00:00.000000,Sweden,Sweden,SE,1.52,18.75,99.81,68.19,entsoe.eu,false,""
2022-06-10T05:00:00.000000,Sweden,Sweden,SE,1.62,19.58,99.79,69.6,entsoe.eu,false,""
2022-06-10T06:00:00.000000,Sweden,Sweden,SE,1.68,19.94,99.78,70.71,entsoe.eu,false,""
2022-06-10T07:00:00.000000,Sweden,Sweden,SE,1.67,20.06,99.79,70.39,entsoe.eu,false,""
2022-06-10T08:00:00.000000,Sweden,Sweden,SE,1.75,20.31,99.78,70.47,entsoe.eu,false,""
2022-06-10T09:00:00.000000,Sweden,Sweden,SE,3.52,21.81,99.58,69.65,entsoe.eu,false,""
2022-06-10T10:00:00.000000,Sweden,Sweden,SE,2.79,20.78,99.66,69.92,entsoe.eu,false,""
2022-06-10T11:00:00.000000,Sweden,Sweden,SE,2.07,19.98,99.75,69.91,entsoe.eu,false,""
2022-06-10T12:00:00.000000,Sweden,Sweden,SE,4.34,22.83,99.5,70.4,entsoe.eu,false,""
2022-06-10T13:00:00.000000,Sweden,Sweden,SE,2.19,20.05,99.75,70.04,entsoe.eu,false,""
2022-06-10T14:00:00.000000,Sweden,Sweden,SE,1.19,18.49,99.88,69.7,entsoe.eu,false,""
2022-06-10T15:00:00.000000,Sweden,Sweden,SE,1.36,18.48,99.83,69.47,entsoe.eu,false,""
2022-06-10T16:00:00.000000,Sweden,Sweden,SE,1.22,17.4,99.85,69.14,entsoe.eu,false,""
2022-06-10T17:00:00.000000,Sweden,Sweden,SE,1.26,17.24,99.84,69.13,entsoe.eu,false,""
2022-06-10T18:00:00.000000,Sweden,Sweden,SE,1.22,16.85,99.84,68.98,entsoe.eu,false,""
2022-06-10T19:00:00.000000,Sweden,Sweden,SE,1.26,16.87,99.83,68.66,entsoe.eu,false,""
2022-06-10T20:00:00.000000,Sweden,Sweden,SE,1.29,16.99,99.82,69.09,entsoe.eu,false,""
2022-06-10T21:00:00.000000,Sweden,Sweden,SE,1.44,17.44,99.79,69.66,entsoe.eu,false,""
2022-06-10T22:00:00.000000,Sweden,Sweden,SE,1.49,17.66,99.78,67.54,entsoe.eu,false,""
2022-06-10T23:00:00.000000,Sweden,Sweden,SE,1.51,17.82,99.78,66.9,entsoe.eu,false,""
2022-06-11T00:00:00.000000,Sweden,Sweden,SE,1.46,17.75,99.79,66.33,entsoe.eu,false,""
2022-06-11T01:00:00.000000,Sweden,Sweden,SE,1.47,17.79,99.79,66.34,entsoe.eu,false,""
2022-06-11T02:00:00.000000,Sweden,Sweden,SE,1.41,17.72,99.8,66.62,entsoe.eu,false,""
2022-06-11T03:00:00.000000,Sweden,Sweden,SE,1.56,18.14,99.78,66.42,entsoe.eu,false,""
2022-06-11T04:00:00.000000,Sweden,Sweden,SE,1.54,18.29,99.78,67.58,entsoe.eu,false,""
2022-06-11T05:00:00.000000,Sweden,Sweden,SE,1.58,18.65,99.78,68.54,entsoe.eu,false,""
2022-06-11T06:00:00.000000,Sweden,Sweden,SE,1.55,18.75,99.78,68.97,entsoe.eu,false,""
2022-06-11T07:00:00.000000,Sweden,Sweden,SE,1.5,18.56,99.8,69.35,entsoe.eu,false,""
2022-06-11T08:00:00.000000,Sweden,Sweden,SE,5.0,23.03,99.34,69.37,entsoe.eu,false,""
2022-06-11T09:00:00.000000,Sweden,Sweden,SE,4.68,22.96,99.35,68.63,entsoe.eu,false,""
2022-06-11T10:00:00.000000,Sweden,Sweden,SE,4.05,22.15,99.46,68.64,entsoe.eu,false,""
2022-06-11T11:00:00.000000,Sweden,Sweden,SE,3.89,22.04,99.48,68.96,entsoe.eu,false,""
2022-06-11T12:00:00.000000,Sweden,Sweden,SE,3.46,21.54,99.55,67.93,entsoe.eu,false,""
2022-06-11T13:00:00.000000,Sweden,Sweden,SE,3.59,21.62,99.52,68.4,entsoe.eu,false,""
2022-06-11T14:00:00.000000,Sweden,Sweden,SE,3.25,20.89,99.56,68.82,entsoe.eu,false,""
2022-06-11T15:00:00.000000,Sweden,Sweden,SE,2.52,19.66,99.67,69.02,entsoe.eu,false,""
2022-06-11T16:00:00.000000,Sweden,Sweden,SE,1.26,17.8,99.84,68.65,entsoe.eu,false,""
2022-06-11T17:00:00.000000,Sweden,Sweden,SE,1.3,17.69,99.82,68.18,entsoe.eu,false,""
2022-06-11T18:00:00.000000,Sweden,Sweden,SE,1.41,17.63,99.8,67.57,entsoe.eu,false,""
2022-06-11T19:00:00.000000,Sweden,Sweden,SE,1.45,17.58,99.79,68.26,entsoe.eu,false,""
2022-06-11T20:00:00.000000,Sweden,Sweden,SE,1.47,17.49,99.78,67.57,entsoe.eu,false,""
2022-06-11T21:00:00.000000,Sweden,Sweden,SE,1.31,17.26,99.82,66.77,entsoe.eu,false,""
2022-06-11T22:00:00.000000,Sweden,Sweden,SE,1.2,17.05,99.86,65.95,entsoe.eu,false,""
2022-06-11T23:00:00.000000,Sweden,Sweden,SE,1.23,17.14,99.85,65.83,entsoe.eu,false,""
2022-06-12T00:00:00.000000,Sweden,Sweden,SE,1.23,17.22,99.85,65.54,entsoe.eu,false,""
2022-06-12T01:00:00.000000,Sweden,Sweden,SE,1.27,17.36,99.84,65.18,entsoe.eu,false,""
2022-06-12T02:00:00.000000,Sweden,Sweden,SE,1.42,17.77,99.82,64.8,entsoe.eu,false,""
2022-06-12T03:00:00.000000,Sweden,Sweden,SE,1.59,18.27,99.78,64.68,entsoe.eu,false,""
2022-06-12T04:00:00.000000,Sweden,Sweden,SE,1.8,19.09,99.73,65.91,entsoe.eu,false,""
2022-06-12T05:00:00.000000,Sweden,Sweden,SE,1.66,19.08,99.77,65.88,entsoe.eu,false,""
2022-06-12T06:00:00.000000,Sweden,Sweden,SE,1.57,19.18,99.79,67.09,entsoe.eu,false,""
2022-06-12T07:00:00.000000,Sweden,Sweden,SE,2.22,20.09,99.71,67.71,entsoe.eu,false,""
2022-06-12T08:00:00.000000,Sweden,Sweden,SE,3.0,21.08,99.6,68.29,entsoe.eu,false,""
2022-06-12T09:00:00.000000,Sweden,Sweden,SE,4.71,23.53,99.35,68.42,entsoe.eu,false,""
2022-06-12T10:00:00.000000,Sweden,Sweden,SE,4.28,23.19,99.39,69.13,entsoe.eu,false,""
2022-06-12T11:00:00.000000,Sweden,Sweden,SE,6.37,25.81,99.21,66.98,entsoe.eu,false,""
2022-06-12T12:00:00.000000,Sweden,Sweden,SE,7.26,26.88,99.15,66.29,entsoe.eu,false,""
2022-06-12T13:00:00.000000,Sweden,Sweden,SE,4.51,22.74,99.39,66.94,entsoe.eu,false,""
2022-06-12T14:00:00.000000,Sweden,Sweden,SE,3.55,20.97,99.5,68.96,entsoe.eu,false,""
2022-06-12T15:00:00.000000,Sweden,Sweden,SE,1.53,18.01,99.81,69.16,entsoe.eu,false,""
2022-06-12T16:00:00.000000,Sweden,Sweden,SE,1.24,17.14,99.83,70.24,entsoe.eu,false,""
2022-06-12T17:00:00.000000,Sweden,Sweden,SE,1.23,17.15,99.84,70.25,entsoe.eu,false,""
2022-06-12T18:00:00.000000,Sweden,Sweden,SE,1.19,16.6,99.84,70.05,entsoe.eu,false,""
2022-06-12T19:00:00.000000,Sweden,Sweden,SE,1.13,16.27,99.84,70.18,entsoe.eu,false,""
2022-06-12T20:00:00.000000,Sweden,Sweden,SE,1.25,16.51,99.82,69.42,entsoe.eu,false,""
2022-06-12T21:00:00.000000,Sweden,Sweden,SE,1.33,16.77,99.81,68.08,entsoe.eu,false,""
2022-06-12T22:00:00.000000,Sweden,Sweden,SE,1.25,16.57,99.82,67.61,entsoe.eu,false,""
2022-06-12T23:00:00.000000,Sweden,Sweden,SE,1.33,17.26,99.81,67.13,entsoe.eu,false,""
2022-06-13T00:00:00.000000,Sweden,Sweden,SE,1.38,17.31,99.8,67.26,entsoe.eu,false,""
2022-06-13T01:00:00.000000,Sweden,Sweden,SE,1.42,17.21,99.79,67.03,entsoe.eu,false,""
2022-06-13T02:00:00.000000,Sweden,Sweden,SE,1.39,17.07,99.8,67.14,entsoe.eu,false,""
2022-06-13T03:00:00.000000,Sweden,Sweden,SE,1.37,17.14,99.81,68.86,entsoe.eu,false,""
2022-06-13T04:00:00.000000,Sweden,Sweden,SE,1.18,17.92,99.86,69.25,entsoe.eu,false,""
2022-06-13T05:00:00.000000,Sweden,Sweden,SE,1.16,18.25,99.87,69.86,entsoe.eu,false,""
2022-06-13T06:00:00.000000,Sweden,Sweden,SE,3.55,21.34,99.48,69.27,entsoe.eu,false,""
2022-06-13T07:00:00.000000,Sweden,Sweden,SE,3.13,21.1,99.58,69.19,entsoe.eu,false,""
2022-06-13T08:00:00.000000,Sweden,Sweden,SE,3.2,21.44,99.57,69.31,entsoe.eu,false,""
2022-06-13T09:00:00.000000,Sweden,Sweden,SE,3.21,21.38,99.57,69.67,entsoe.eu,false,""
2022-06-13T10:00:00.000000,Sweden,Sweden,SE,4.02,22.23,99.48,69.72,entsoe.eu,false,""
2022-06-13T11:00:00.000000,Sweden,Sweden,SE,4.52,23.03,99.43,69.93,entsoe.eu,false,""
2022-06-13T12:00:00.000000,Sweden,Sweden,SE,3.98,21.86,99.54,69.8,entsoe.eu,false,""
2022-06-13T13:00:00.000000,Sweden,Sweden,SE,4.77,22.67,99.44,69.77,entsoe.eu,false,""
2022-06-13T14:00:00.000000,Sweden,Sweden,SE,3.86,21.53,99.53,70.11,entsoe.eu,false,""
2022-06-13T15:00:00.000000,Sweden,Sweden,SE,3.27,20.43,99.59,69.22,entsoe.eu,false,""
2022-06-13T16:00:00.000000,Sweden,Sweden,SE,1.44,18.1,99.8,69.82,entsoe.eu,false,""
2022-06-13T17:00:00.000000,Sweden,Sweden,SE,1.47,17.95,99.79,70.11,entsoe.eu,false,""
2022-06-13T18:00:00.000000,Sweden,Sweden,SE,1.34,17.58,99.82,68.88,entsoe.eu,false,""
2022-06-13T19:00:00.000000,Sweden,Sweden,SE,1.32,17.57,99.83,69.07,entsoe.eu,false,""
2022-06-13T20:00:00.000000,Sweden,Sweden,SE,1.33,17.37,99.82,68.92,entsoe.eu,false,""
2022-06-13T21:00:00.000000,Sweden,Sweden,SE,1.34,17.18,99.82,68.02,entsoe.eu,false,""
2022-06-13T22:00:00.000000,Sweden,Sweden,SE,1.29,16.51,99.81,67.41,entsoe.eu,false,""
2022-06-13T23:00:00.000000,Sweden,Sweden,SE,1.29,16.5,99.81,66.73,entsoe.eu,false,""
2022-06-14T00:00:00.000000,Sweden,Sweden,SE,1.3,16.5,99.81,66.94,entsoe.eu,false,""
2022-06-14T01:00:00.000000,Sweden,Sweden,SE,1.29,16.43,99.81,66.87,entsoe.eu,false,""
2022-06-14T02:00:00.000000,Sweden,Sweden,SE,1.24,16.16,99.82,67.33,entsoe.eu,false,""
2022-06-14T03:00:00.000000,Sweden,Sweden,SE,1.27,16.39,99.81,68.82,entsoe.eu,false,""
2022-06-14T04:00:00.000000,Sweden,Sweden,SE,1.2,16.89,99.83,69.79,entsoe.eu,false,""
2022-06-14T05:00:00.000000,Sweden,Sweden,SE,1.22,17.4,99.84,69.4,entsoe.eu,false,""
2022-06-14T06:00:00.000000,Sweden,Sweden,SE,1.36,17.79,99.81,68.95,entsoe.eu,false,""
2022-06-14T07:00:00.000000,Sweden,Sweden,SE,1.33,18.27,99.83,68.69,entsoe.eu,false,""
2022-06-14T08:00:00.000000,Sweden,Sweden,SE,1.25,18.54,99.86,68.42,entsoe.eu,false,""
2022-06-14T09:00:00.000000,Sweden,Sweden,SE,1.35,18.86,99.83,69.08,entsoe.eu,false,""
2022-06-14T10:00:00.000000,Sweden,Sweden,SE,1.54,19.27,99.79,69.26,entsoe.eu,false,""
2022-06-14T11:00:00.000000,Sweden,Sweden,SE,1.45,19.18,99.81,69.16,entsoe.eu,false,""
2022-06-14T12:00:00.000000,Sweden,Sweden,SE,1.42,19.02,99.82,68.78,entsoe.eu,false,""
2022-06-14T13:00:00.000000,Sweden,Sweden,SE,1.39,18.48,99.82,68.14,entsoe.eu,false,""
2022-06-14T14:00:00.000000,Sweden,Sweden,SE,1.3,18.13,99.83,68.5,entsoe.eu,false,""
2022-06-14T15:00:00.000000,Sweden,Sweden,SE,1.24,17.73,99.84,68.9,entsoe.eu,false,""
2022-06-14T16:00:00.000000,Sweden,Sweden,SE,1.19,17.31,99.85,68.58,entsoe.eu,false,""
2022-06-14T17:00:00.000000,Sweden,Sweden,SE,1.27,17.13,99.82,68.41,entsoe.eu,false,""
2022-06-14T18:00:00.000000,Sweden,Sweden,SE,1.21,16.82,99.83,68.44,entsoe.eu,false,""
2022-06-14T19:00:00.000000,Sweden,Sweden,SE,1.2,16.4,99.83,68.42,entsoe.eu,false,""
2022-06-14T20:00:00.000000,Sweden,Sweden,SE,1.24,16.18,99.81,68.97,entsoe.eu,false,""
2022-06-14T21:00:00.000000,Sweden,Sweden,SE,1.03,15.55,99.85,67.25,entsoe.eu,false,""
2022-06-14T22:00:00.000000,Sweden,Sweden,SE,1.15,16.34,99.84,66.62,entsoe.eu,false,""
2022-06-14T23:00:00.000000,Sweden,Sweden,SE,1.03,16.21,99.87,66.82,entsoe.eu,false,""
2022-06-15T00:00:00.000000,Sweden,Sweden,SE,1.06,16.03,99.87,66.16,entsoe.eu,false,""
2022-06-15T01:00:00.000000,Sweden,Sweden,SE,1.05,16.08,99.87,65.91,entsoe.eu,false,""
2022-06-15T02:00:00.000000,Sweden,Sweden,SE,1.08,16.22,99.87,65.83,entsoe.eu,false,""
2022-06-15T03:00:00.000000,Sweden,Sweden,SE,1.25,17.08,99.83,67.71,entsoe.eu,false,""
2022-06-15T04:00:00.000000,Sweden,Sweden,SE,1.32,17.81,99.82,69.03,entsoe.eu,false,""
2022-06-15T05:00:00.000000,Sweden,Sweden,SE,1.48,18.45,99.8,68.58,entsoe.eu,false,""
2022-06-15T06:00:00.000000,Sweden,Sweden,SE,5.24,23.5,99.19,67.77,entsoe.eu,false,""
2022-06-15T07:00:00.000000,Sweden,Sweden,SE,1.56,19.32,99.8,67.92,entsoe.eu,false,""
2022-06-15T08:00:00.000000,Sweden,Sweden,SE,1.6,20.15,99.81,67.03,entsoe.eu,false,""
2022-06-15T09:00:00.000000,Sweden,Sweden,SE,1.57,20.4,99.82,66.91,entsoe.eu,false,""
2022-06-15T10:00:00.000000,Sweden,Sweden,SE,1.69,20.55,99.78,67.34,entsoe.eu,false,""
2022-06-15T11:00:00.000000,Sweden,Sweden,SE,1.97,20.72,99.74,67.77,entsoe.eu,false,""
2022-06-15T12:00:00.000000,Sweden,Sweden,SE,1.97,20.3,99.73,67.77,entsoe.eu,false,""
2022-06-15T13:00:00.000000,Sweden,Sweden,SE,1.84,19.94,99.76,67.26,entsoe.eu,false,""
2022-06-15T14:00:00.000000,Sweden,Sweden,SE,1.9,19.98,99.74,67.54,entsoe.eu,false,""
2022-06-15T15:00:00.000000,Sweden,Sweden,SE,2.16,21.1,99.72,67.62,entsoe.eu,false,""
2022-06-15T16:00:00.000000,Sweden,Sweden,SE,2.21,21.2,99.7,68.37,entsoe.eu,false,""
2022-06-15T17:00:00.000000,Sweden,Sweden,SE,2.2,20.39,99.69,68.26,entsoe.eu,false,""
2022-06-15T18:00:00.000000,Sweden,Sweden,SE,2.36,20.3,99.67,67.88,entsoe.eu,false,""
2022-06-15T19:00:00.000000,Sweden,Sweden,SE,2.07,19.63,99.72,67.19,entsoe.eu,false,""
2022-06-15T20:00:00.000000,Sweden,Sweden,SE,1.62,18.75,99.78,67.65,entsoe.eu,false,""
2022-06-15T21:00:00.000000,Sweden,Sweden,SE,1.59,18.69,99.79,66.67,entsoe.eu,false,""
2022-06-15T22:00:00.000000,Sweden,Sweden,SE,1.3,16.87,99.83,65.63,entsoe.eu,false,""
2022-06-15T23:00:00.000000,Sweden,Sweden,SE,1.13,15.91,99.85,65.6,entsoe.eu,false,""
2022-06-16T00:00:00.000000,Sweden,Sweden,SE,1.14,16.14,99.85,64.98,entsoe.eu,false,""
2022-06-16T01:00:00.000000,Sweden,Sweden,SE,1.26,16.39,99.83,65.0,entsoe.eu,false,""
2022-06-16T02:00:00.000000,Sweden,Sweden,SE,1.23,16.2,99.84,65.29,entsoe.eu,false,""
2022-06-16T03:00:00.000000,Sweden,Sweden,SE,1.21,16.38,99.83,65.83,entsoe.eu,false,""
2022-06-16T04:00:00.000000,Sweden,Sweden,SE,3.64,19.56,99.59,67.19,entsoe.eu,false,""
2022-06-16T05:00:00.000000,Sweden,Sweden,SE,1.47,17.62,99.79,67.18,entsoe.eu,false,""
2022-06-16T06:00:00.000000,Sweden,Sweden,SE,1.43,17.62,99.81,66.91,entsoe.eu,false,""
2022-06-16T07:00:00.000000,Sweden,Sweden,SE,3.36,20.34,99.64,66.51,entsoe.eu,false,""
2022-06-16T08:00:00.000000,Sweden,Sweden,SE,15.78,33.78,98.46,66.27,entsoe.eu,false,""
2022-06-16T09:00:00.000000,Sweden,Sweden,SE,12.23,30.19,98.81,66.46,entsoe.eu,false,""
2022-06-16T10:00:00.000000,Sweden,Sweden,SE,12.26,30.42,98.77,66.71,entsoe.eu,false,""
2022-06-16T11:00:00.000000,Sweden,Sweden,SE,15.82,34.71,98.3,67.54,entsoe.eu,false,""
2022-06-16T12:00:00.000000,Sweden,Sweden,SE,10.71,29.62,98.76,68.14,entsoe.eu,false,""
2022-06-16T13:00:00.000000,Sweden,Sweden,SE,4.37,21.5,99.51,68.01,entsoe.eu,false,""
2022-06-16T14:00:00.000000,Sweden,Sweden,SE,6.52,23.09,99.35,67.32,entsoe.eu,false,""
2022-06-16T15:00:00.000000,Sweden,Sweden,SE,1.25,17.16,99.84,68.16,entsoe.eu,false,""
2022-06-16T16:00:00.000000,Sweden,Sweden,SE,1.24,17.01,99.82,68.96,entsoe.eu,false,""
2022-06-16T17:00:00.000000,Sweden,Sweden,SE,1.22,16.96,99.83,69.36,entsoe.eu,false,""
2022-06-16T18:00:00.000000,Sweden,Sweden,SE,1.27,16.91,99.82,68.47,entsoe.eu,false,""
2022-06-16T19:00:00.000000,Sweden,Sweden,SE,1.23,16.73,99.82,68.64,entsoe.eu,false,""
2022-06-16T20:00:00.000000,Sweden,Sweden,SE,1.18,16.24,99.83,67.81,entsoe.eu,false,""
2022-06-16T21:00:00.000000,Sweden,Sweden,SE,1.11,15.98,99.85,66.22,entsoe.eu,false,""
2022-06-16T22:00:00.000000,Sweden,Sweden,SE,1.05,15.75,99.86,65.41,entsoe.eu,false,""
2022-06-16T23:00:00.000000,Sweden,Sweden,SE,1.06,15.78,99.86,65.61,entsoe.eu,false,""
2022-06-17T00:00:00.000000,Sweden,Sweden,SE,1.15,16.06,99.84,65.8,entsoe.eu,false,""
2022-06-17T01:00:00.000000,Sweden,Sweden,SE,1.3,16.8,99.82,66.4,entsoe.eu,false,""
2022-06-17T02:00:00.000000,Sweden,Sweden,SE,1.44,18.23,99.82,66.71,entsoe.eu,false,""
2022-06-17T03:00:00.000000,Sweden,Sweden,SE,1.54,19.07,99.81,66.82,entsoe.eu,false,""
2022-06-17T04:00:00.000000,Sweden,Sweden,SE,1.65,20.39,99.8,68.93,entsoe.eu,false,""
2022-06-17T05:00:00.000000,Sweden,Sweden,SE,1.62,20.66,99.81,68.79,entsoe.eu,false,""
2022-06-17T06:00:00.000000,Sweden,Sweden,SE,1.77,21.83,99.8,68.49,entsoe.eu,false,""
2022-06-17T07:00:00.000000,Sweden,Sweden,SE,1.84,21.95,99.79,67.58,entsoe.eu,false,""
2022-06-17T08:00:00.000000,Sweden,Sweden,SE,4.01,24.51,99.59,67.9,entsoe.eu,false,""
2022-06-17T09:00:00.000000,Sweden,Sweden,SE,4.47,23.8,99.49,68.46,entsoe.eu,false,""
2022-06-17T10:00:00.000000,Sweden,Sweden,SE,2.41,19.89,99.71,68.38,entsoe.eu,false,""
2022-06-17T11:00:00.000000,Sweden,Sweden,SE,1.37,18.43,99.82,68.6,entsoe.eu,false,""
2022-06-17T12:00:00.000000,Sweden,Sweden,SE,1.33,18.28,99.83,69.05,entsoe.eu,false,""
2022-06-17T13:00:00.000000,Sweden,Sweden,SE,1.34,17.85,99.82,69.81,entsoe.eu,false,""
2022-06-17T14:00:00.000000,Sweden,Sweden,SE,1.27,17.31,99.83,70.46,entsoe.eu,false,""
2022-06-17T15:00:00.000000,Sweden,Sweden,SE,1.16,16.65,99.85,70.79,entsoe.eu,false,""
2022-06-17T16:00:00.000000,Sweden,Sweden,SE,1.12,16.39,99.85,70.74,entsoe.eu,false,""
2022-06-17T17:00:00.000000,Sweden,Sweden,SE,1.1,16.23,99.86,70.57,entsoe.eu,false,""
2022-06-17T18:00:00.000000,Sweden,Sweden,SE,1.11,16.07,99.85,70.9,entsoe.eu,false,""
2022-06-17T19:00:00.000000,Sweden,Sweden,SE,1.05,15.94,99.87,69.49,entsoe.eu,false,""
2022-06-17T20:00:00.000000,Sweden,Sweden,SE,1.13,16.39,99.85,69.83,entsoe.eu,false,""
2022-06-17T21:00:00.000000,Sweden,Sweden,SE,1.1,16.39,99.86,68.95,entsoe.eu,false,""
2022-06-17T22:00:00.000000,Sweden,Sweden,SE,1.22,16.77,99.84,67.99,entsoe.eu,false,""
2022-06-17T23:00:00.000000,Sweden,Sweden,SE,1.27,16.6,99.82,67.25,entsoe.eu,false,""
2022-06-18T00:00:00.000000,Sweden,Sweden,SE,1.38,16.78,99.8,67.29,entsoe.eu,false,""
2022-06-18T01:00:00.000000,Sweden,Sweden,SE,1.39,16.83,99.79,67.28,entsoe.eu,false,""
2022-06-18T02:00:00.000000,Sweden,Sweden,SE,1.36,16.81,99.8,66.98,entsoe.eu,false,""
2022-06-18T03:00:00.000000,Sweden,Sweden,SE,1.56,17.2,99.76,66.73,entsoe.eu,false,""
2022-06-18T04:00:00.000000,Sweden,Sweden,SE,1.49,17.4,99.78,67.27,entsoe.eu,false,""
2022-06-18T05:00:00.000000,Sweden,Sweden,SE,1.45,17.24,99.79,67.78,entsoe.eu,false,""
2022-06-18T06:00:00.000000,Sweden,Sweden,SE,1.52,17.43,99.77,68.85,entsoe.eu,false,""
2022-06-18T07:00:00.000000,Sweden,Sweden,SE,1.52,17.37,99.76,69.75,entsoe.eu,false,""
2022-06-18T08:00:00.000000,Sweden,Sweden,SE,1.48,17.83,99.78,69.55,entsoe.eu,false,""
2022-06-18T09:00:00.000000,Sweden,Sweden,SE,1.65,18.79,99.76,70.14,entsoe.eu,false,""
2022-06-18T10:00:00.000000,Sweden,Sweden,SE,5.17,23.45,99.26,70.5,entsoe.eu,false,""
2022-06-18T11:00:00.000000,Sweden,Sweden,SE,6.2,25.02,99.12,69.79,entsoe.eu,false,""
2022-06-18T12:00:00.000000,Sweden,Sweden,SE,3.49,21.7,99.52,69.73,entsoe.eu,false,""
2022-06-18T13:00:00.000000,Sweden,Sweden,SE,1.16,18.61,99.88,69.46,entsoe.eu,false,""
2022-06-18T14:00:00.000000,Sweden,Sweden,SE,1.06,17.83,99.89,68.94,entsoe.eu,false,""
2022-06-18T15:00:00.000000,Sweden,Sweden,SE,1.0,17.29,99.9,69.62,entsoe.eu,false,""
2022-06-18T16:00:00.000000,Sweden,Sweden,SE,1.12,17.57,99.88,69.77,entsoe.eu,false,""
2022-06-18T17:00:00.000000,Sweden,Sweden,SE,1.16,17.3,99.86,69.43,entsoe.eu,false,""
2022-06-18T18:00:00.000000,Sweden,Sweden,SE,1.08,16.79,99.87,68.72,entsoe.eu,false,""
2022-06-18T19:00:00.000000,Sweden,Sweden,SE,1.09,16.49,99.87,69.12,entsoe.eu,false,""
2022-06-18T20:00:00.000000,Sweden,Sweden,SE,0.98,16.23,99.89,68.82,entsoe.eu,false,""
2022-06-18T21:00:00.000000,Sweden,Sweden,SE,0.81,16.02,99.94,68.22,entsoe.eu,false,""
2022-06-18T22:00:00.000000,Sweden,Sweden,SE,0.86,16.95,99.95,66.02,entsoe.eu,false,""
2022-06-18T23:00:00.000000,Sweden,Sweden,SE,0.85,16.78,99.95,65.28,entsoe.eu,false,""
2022-06-19T00:00:00.000000,Sweden,Sweden,SE,0.84,16.73,99.95,65.02,entsoe.eu,false,""
2022-06-19T01:00:00.000000,Sweden,Sweden,SE,0.83,16.64,99.95,65.1,entsoe.eu,false,""
2022-06-19T02:00:00.000000,Sweden,Sweden,SE,0.85,16.75,99.95,64.79,entsoe.eu,false,""
2022-06-19T03:00:00.000000,Sweden,Sweden,SE,0.89,17.15,99.95,65.72,entsoe.eu,false,""
2022-06-19T04:00:00.000000,Sweden,Sweden,SE,1.86,18.44,99.83,66.11,entsoe.eu,false,""
2022-06-19T05:00:00.000000,Sweden,Sweden,SE,6.82,24.58,99.29,66.47,entsoe.eu,false,""
2022-06-19T06:00:00.000000,Sweden,Sweden,SE,10.58,29.26,98.86,67.05,entsoe.eu,false,""
2022-06-19T07:00:00.000000,Sweden,Sweden,SE,10.42,29.81,98.89,67.71,entsoe.eu,false,""
2022-06-19T08:00:00.000000,Sweden,Sweden,SE,9.97,29.44,98.92,68.3,entsoe.eu,false,""
2022-06-19T09:00:00.000000,Sweden,Sweden,SE,10.13,29.84,98.83,68.39,entsoe.eu,false,""
2022-06-19T10:00:00.000000,Sweden,Sweden,SE,9.72,29.58,98.82,68.77,entsoe.eu,false,""
2022-06-19T11:00:00.000000,Sweden,Sweden,SE,10.24,30.42,98.73,68.72,entsoe.eu,false,""
2022-06-19T12:00:00.000000,Sweden,Sweden,SE,9.82,30.15,98.73,68.05,entsoe.eu,false,""
2022-06-19T13:00:00.000000,Sweden,Sweden,SE,6.79,26.46,99.07,67.58,entsoe.eu,false,""
2022-06-19T14:00:00.000000,Sweden,Sweden,SE,1.54,19.4,99.81,68.98,entsoe.eu,false,""
2022-06-19T15:00:00.000000,Sweden,Sweden,SE,1.49,19.11,99.81,69.44,entsoe.eu,false,""
2022-06-19T16:00:00.000000,Sweden,Sweden,SE,1.36,18.24,99.82,69.9,entsoe.eu,false,""
2022-06-19T17:00:00.000000,Sweden,Sweden,SE,1.37,17.98,99.81,69.98,entsoe.eu,false,""
2022-06-19T18:00:00.000000,Sweden,Sweden,SE,1.29,17.46,99.82,69.11,entsoe.eu,false,""
2022-06-19T19:00:00.000000,Sweden,Sweden,SE,1.25,17.29,99.83,68.23,entsoe.eu,false,""
2022-06-19T20:00:00.000000,Sweden,Sweden,SE,1.27,17.34,99.83,67.56,entsoe.eu,false,""
2022-06-19T21:00:00.000000,Sweden,Sweden,SE,1.28,17.23,99.83,66.96,entsoe.eu,false,""
2022-06-19T22:00:00.000000,Sweden,Sweden,SE,1.5,17.33,99.77,67.21,entsoe.eu,false,""
2022-06-19T23:00:00.000000,Sweden,Sweden,SE,1.38,17.21,99.8,66.42,entsoe.eu,false,""
2022-06-20T00:00:00.000000,Sweden,Sweden,SE,1.37,17.15,99.8,66.11,entsoe.eu,false,""
2022-06-20T01:00:00.000000,Sweden,Sweden,SE,1.37,17.18,99.81,65.41,entsoe.eu,false,""
2022-06-20T02:00:00.000000,Sweden,Sweden,SE,1.45,17.23,99.78,66.41,entsoe.eu,false,""
2022-06-20T03:00:00.000000,Sweden,Sweden,SE,1.66,18.67,99.76,67.39,entsoe.eu,false,""
2022-06-20T04:00:00.000000,Sweden,Sweden,SE,1.87,21.21,99.75,68.39,entsoe.eu,false,""
2022-06-20T05:00:00.000000,Sweden,Sweden,SE,1.95,22.31,99.76,68.4,entsoe.eu,false,""
2022-06-20T06:00:00.000000,Sweden,Sweden,SE,1.87,22.74,99.79,67.95,entsoe.eu,false,""
2022-06-20T07:00:00.000000,Sweden,Sweden,SE,1.95,23.12,99.77,68.04,entsoe.eu,false,""
2022-06-20T08:00:00.000000,Sweden,Sweden,SE,1.94,23.55,99.78,67.88,entsoe.eu,false,""
2022-06-20T09:00:00.000000,Sweden,Sweden,SE,1.95,23.28,99.76,68.62,entsoe.eu,false,""
2022-06-20T10:00:00.000000,Sweden,Sweden,SE,1.92,21.31,99.73,68.65,entsoe.eu,false,""
2022-06-20T11:00:00.000000,Sweden,Sweden,SE,2.32,21.36,99.69,68.43,entsoe.eu,false,""
2022-06-20T12:00:00.000000,Sweden,Sweden,SE,1.81,20.75,99.75,68.66,entsoe.eu,false,""
2022-06-20T13:00:00.000000,Sweden,Sweden,SE,2.54,21.62,99.67,68.55,entsoe.eu,false,""
2022-06-20T14:00:00.000000,Sweden,Sweden,SE,2.25,20.82,99.69,68.14,entsoe.eu,false,""
2022-06-20T15:00:00.000000,Sweden,Sweden,SE,3.03,21.44,99.58,67.97,entsoe.eu,false,""
2022-06-20T16:00:00.000000,Sweden,Sweden,SE,1.74,19.76,99.75,68.17,entsoe.eu,false,""
2022-06-20T17:00:00.000000,Sweden,Sweden,SE,1.71,19.33,99.76,68.01,entsoe.eu,false,""
2022-06-20T18:00:00.000000,Sweden,Sweden,SE,1.63,18.84,99.77,67.73,entsoe.eu,false,""
2022-06-20T19:00:00.000000,Sweden,Sweden,SE,1.62,18.69,99.78,67.35,entsoe.eu,false,""
2022-06-20T20:00:00.000000,Sweden,Sweden,SE,1.66,18.45,99.76,67.59,entsoe.eu,false,""
2022-06-20T21:00:00.000000,Sweden,Sweden,SE,1.75,18.29,99.74,66.57,entsoe.eu,false,""
2022-06-20T22:00:00.000000,Sweden,Sweden,SE,1.62,18.16,99.77,65.81,entsoe.eu,false,""
2022-06-20T23:00:00.000000,Sweden,Sweden,SE,1.58,17.91,99.78,65.52,entsoe.eu,false,""
2022-06-21T00:00:00.000000,Sweden,Sweden,SE,1.6,17.88,99.77,66.05,entsoe.eu,false,""
2022-06-21T01:00:00.000000,Sweden,Sweden,SE,1.52,17.42,99.78,65.74,entsoe.eu,false,""
2022-06-21T02:00:00.000000,Sweden,Sweden,SE,1.4,16.89,99.8,65.59,entsoe.eu,false,""
2022-06-21T03:00:00.000000,Sweden,Sweden,SE,1.55,17.93,99.78,66.55,entsoe.eu,false,""
2022-06-21T04:00:00.000000,Sweden,Sweden,SE,1.76,20.19,99.77,67.95,entsoe.eu,false,""
2022-06-21T05:00:00.000000,Sweden,Sweden,SE,1.98,21.81,99.75,68.9,entsoe.eu,false,""
2022-06-21T06:00:00.000000,Sweden,Sweden,SE,2.06,22.35,99.75,68.72,entsoe.eu,false,""
2022-06-21T07:00:00.000000,Sweden,Sweden,SE,1.9,22.23,99.78,68.67,entsoe.eu,false,""
2022-06-21T08:00:00.000000,Sweden,Sweden,SE,7.79,27.14,99.23,67.63,entsoe.eu,false,""
2022-06-21T09:00:00.000000,Sweden,Sweden,SE,4.05,22.63,99.57,68.26,entsoe.eu,false,""
2022-06-21T10:00:00.000000,Sweden,Sweden,SE,1.41,19.94,99.83,68.78,entsoe.eu,false,""
2022-06-21T11:00:00.000000,Sweden,Sweden,SE,1.45,20.04,99.82,68.5,entsoe.eu,false,""
2022-06-21T12:00:00.000000,Sweden,Sweden,SE,6.66,25.5,99.33,67.77,entsoe.eu,false,""
2022-06-21T13:00:00.000000,Sweden,Sweden,SE,1.45,19.65,99.82,68.55,entsoe.eu,false,""
2022-06-21T14:00:00.000000,Sweden,Sweden,SE,1.46,19.26,99.81,68.83,entsoe.eu,false,""
2022-06-21T15:00:00.000000,Sweden,Sweden,SE,1.34,18.25,99.82,70.08,entsoe.eu,false,""
2022-06-21T16:00:00.000000,Sweden,Sweden,SE,1.4,18.18,99.8,70.44,entsoe.eu,false,""
2022-06-21T17:00:00.000000,Sweden,Sweden,SE,1.39,17.88,99.8,70.73,entsoe.eu,false,""
2022-06-21T18:00:00.000000,Sweden,Sweden,SE,1.35,17.47,99.8,70.13,entsoe.eu,false,""
2022-06-21T19:00:00.000000,Sweden,Sweden,SE,1.27,17.11,99.82,69.27,entsoe.eu,false,""
2022-06-21T20:00:00.000000,Sweden,Sweden,SE,1.23,16.8,99.83,68.63,entsoe.eu,false,""
2022-06-21T21:00:00.000000,Sweden,Sweden,SE,1.19,16.49,99.84,67.81,entsoe.eu,false,""
2022-06-21T22:00:00.000000,Sweden,Sweden,SE,1.26,16.77,99.83,65.83,entsoe.eu,false,""
2022-06-21T23:00:00.000000,Sweden,Sweden,SE,1.31,16.9,99.82,65.94,entsoe.eu,false,""
2022-06-22T00:00:00.000000,Sweden,Sweden,SE,1.2,16.77,99.85,65.62,entsoe.eu,false,""
2022-06-22T01:00:00.000000,Sweden,Sweden,SE,1.17,16.87,99.86,64.21,entsoe.eu,false,""
2022-06-22T02:00:00.000000,Sweden,Sweden,SE,1.27,16.98,99.83,65.23,entsoe.eu,false,""
2022-06-22T03:00:00.000000,Sweden,Sweden,SE,1.37,17.54,99.81,68.01,entsoe.eu,false,""
2022-06-22T04:00:00.000000,Sweden,Sweden,SE,1.44,18.59,99.81,70.5,entsoe.eu,false,""
2022-06-22T05:00:00.000000,Sweden,Sweden,SE,1.74,20.84,99.78,71.22,entsoe.eu,false,""
2022-06-22T06:00:00.000000,Sweden,Sweden,SE,1.91,21.73,99.76,70.96,entsoe.eu,false,""
2022-06-22T07:00:00.000000,Sweden,Sweden,SE,1.92,22.18,99.77,70.52,entsoe.eu,false,""
2022-06-22T08:00:00.000000,Sweden,Sweden,SE,1.91,22.47,99.78,69.96,entsoe.eu,false,""
2022-06-22T09:00:00.000000,Sweden,Sweden,SE,1.86,22.6,99.79,70.23,entsoe.eu,false,""
2022-06-22T10:00:00.000000,Sweden,Sweden,SE,1.86,22.4,99.78,70.39,entsoe.eu,false,""
2022-06-22T11:00:00.000000,Sweden,Sweden,SE,1.62,20.59,99.8,70.15,entsoe.eu,false,""
2022-06-22T12:00:00.000000,Sweden,Sweden,SE,1.47,19.46,99.82,69.46,entsoe.eu,false,""
2022-06-22T13:00:00.000000,Sweden,Sweden,SE,1.51,19.53,99.81,70.05,entsoe.eu,false,""
2022-06-22T14:00:00.000000,Sweden,Sweden,SE,1.55,19.51,99.8,70.09,entsoe.eu,false,""
2022-06-22T15:00:00.000000,Sweden,Sweden,SE,1.57,19.22,99.79,70.81,entsoe.eu,false,""
2022-06-22T16:00:00.000000,Sweden,Sweden,SE,1.55,18.98,99.79,71.03,entsoe.eu,false,""
2022-06-22T17:00:00.000000,Sweden,Sweden,SE,1.6,18.72,99.77,71.37,entsoe.eu,false,""
2022-06-22T18:00:00.000000,Sweden,Sweden,SE,1.54,18.2,99.78,70.92,entsoe.eu,false,""
2022-06-22T19:00:00.000000,Sweden,Sweden,SE,1.43,17.86,99.8,70.31,entsoe.eu,false,""
2022-06-22T20:00:00.000000,Sweden,Sweden,SE,1.36,17.55,99.82,69.61,entsoe.eu,false,""
2022-06-22T21:00:00.000000,Sweden,Sweden,SE,1.33,17.28,99.83,69.18,entsoe.eu,false,""
2022-06-22T22:00:00.000000,Sweden,Sweden,SE,1.41,17.42,99.8,68.51,entsoe.eu,false,""
2022-06-22T23:00:00.000000,Sweden,Sweden,SE,1.43,17.37,99.8,68.86,entsoe.eu,false,""
2022-06-23T00:00:00.000000,Sweden,Sweden,SE,1.37,17.29,99.81,68.78,entsoe.eu,false,""
2022-06-23T01:00:00.000000,Sweden,Sweden,SE,1.48,18.02,99.8,68.07,entsoe.eu,false,""
2022-06-23T02:00:00.000000,Sweden,Sweden,SE,1.61,19.45,99.8,67.4,entsoe.eu,false,""
2022-06-23T03:00:00.000000,Sweden,Sweden,SE,1.72,19.92,99.78,68.49,entsoe.eu,false,""
2022-06-23T04:00:00.000000,Sweden,Sweden,SE,1.62,20.05,99.81,69.72,entsoe.eu,false,""
2022-06-23T05:00:00.000000,Sweden,Sweden,SE,1.6,20.7,99.82,70.23,entsoe.eu,false,""
2022-06-23T06:00:00.000000,Sweden,Sweden,SE,1.63,21.1,99.83,70.1,entsoe.eu,false,""
2022-06-23T07:00:00.000000,Sweden,Sweden,SE,1.68,21.25,99.81,70.38,entsoe.eu,false,""
2022-06-23T08:00:00.000000,Sweden,Sweden,SE,1.7,21.48,99.81,70.96,entsoe.eu,false,""
2022-06-23T09:00:00.000000,Sweden,Sweden,SE,1.68,21.71,99.81,70.76,entsoe.eu,false,""
2022-06-23T10:00:00.000000,Sweden,Sweden,SE,1.54,20.48,99.82,70.7,entsoe.eu,false,""
2022-06-23T11:00:00.000000,Sweden,Sweden,SE,1.4,20.0,99.84,70.12,entsoe.eu,false,""
2022-06-23T12:00:00.000000,Sweden,Sweden,SE,1.47,20.1,99.83,69.68,entsoe.eu,false,""
2022-06-23T13:00:00.000000,Sweden,Sweden,SE,1.6,21.02,99.82,69.54,entsoe.eu,false,""
2022-06-23T14:00:00.000000,Sweden,Sweden,SE,1.71,21.94,99.8,70.13,entsoe.eu,false,""
2022-06-23T15:00:00.000000,Sweden,Sweden,SE,1.83,21.79,99.77,70.35,entsoe.eu,false,""
2022-06-23T16:00:00.000000,Sweden,Sweden,SE,1.83,21.36,99.77,70.07,entsoe.eu,false,""
2022-06-23T17:00:00.000000,Sweden,Sweden,SE,1.85,21.05,99.76,69.8,entsoe.eu,false,""
2022-06-23T18:00:00.000000,Sweden,Sweden,SE,1.84,20.56,99.76,69.97,entsoe.eu,false,""
2022-06-23T19:00:00.000000,Sweden,Sweden,SE,1.76,20.0,99.77,69.87,entsoe.eu,false,""
2022-06-23T20:00:00.000000,Sweden,Sweden,SE,1.62,19.62,99.8,68.84,entsoe.eu,false,""
2022-06-23T21:00:00.000000,Sweden,Sweden,SE,1.47,18.14,99.8,67.94,entsoe.eu,false,""
2022-06-23T22:00:00.000000,Sweden,Sweden,SE,1.46,17.82,99.8,65.78,entsoe.eu,false,""
2022-06-23T23:00:00.000000,Sweden,Sweden,SE,1.29,17.29,99.84,64.03,entsoe.eu,false,""
2022-06-24T00:00:00.000000,Sweden,Sweden,SE,1.16,16.95,99.87,63.01,entsoe.eu,false,""
2022-06-24T01:00:00.000000,Sweden,Sweden,SE,1.21,16.97,99.86,62.4,entsoe.eu,false,""
2022-06-24T02:00:00.000000,Sweden,Sweden,SE,1.28,17.19,99.84,62.28,entsoe.eu,false,""
2022-06-24T03:00:00.000000,Sweden,Sweden,SE,1.26,17.65,99.85,64.48,entsoe.eu,false,""
2022-06-24T04:00:00.000000,Sweden,Sweden,SE,1.25,17.81,99.85,67.25,entsoe.eu,false,""
2022-06-24T05:00:00.000000,Sweden,Sweden,SE,1.22,17.75,99.85,68.74,entsoe.eu,false,""
2022-06-24T06:00:00.000000,Sweden,Sweden,SE,1.43,19.05,99.82,68.09,entsoe.eu,false,""
2022-06-24T07:00:00.000000,Sweden,Sweden,SE,1.42,19.45,99.83,68.49,entsoe.eu,false,""
2022-06-24T08:00:00.000000,Sweden,Sweden,SE,1.4,19.63,99.84,68.59,entsoe.eu,false,""
2022-06-24T09:00:00.000000,Sweden,Sweden,SE,1.39,19.9,99.84,68.49,entsoe.eu,false,""
2022-06-24T10:00:00.000000,Sweden,Sweden,SE,1.36,19.63,99.85,67.72,entsoe.eu,false,""
2022-06-24T11:00:00.000000,Sweden,Sweden,SE,1.33,19.55,99.86,67.98,entsoe.eu,false,""
2022-06-24T12:00:00.000000,Sweden,Sweden,SE,1.35,19.51,99.85,67.9,entsoe.eu,false,""
2022-06-24T13:00:00.000000,Sweden,Sweden,SE,1.36,19.34,99.85,67.63,entsoe.eu,false,""
2022-06-24T14:00:00.000000,Sweden,Sweden,SE,1.3,18.72,99.85,68.1,entsoe.eu,false,""
2022-06-24T15:00:00.000000,Sweden,Sweden,SE,1.25,18.19,99.86,67.95,entsoe.eu,false,""
2022-06-24T16:00:00.000000,Sweden,Sweden,SE,1.29,17.93,99.85,67.68,entsoe.eu,false,""
2022-06-24T17:00:00.000000,Sweden,Sweden,SE,1.25,17.39,99.84,68.57,entsoe.eu,false,""
2022-06-24T18:00:00.000000,Sweden,Sweden,SE,1.33,17.31,99.82,68.91,entsoe.eu,false,""
2022-06-24T19:00:00.000000,Sweden,Sweden,SE,1.38,17.27,99.8,68.12,entsoe.eu,false,""
2022-06-24T20:00:00.000000,Sweden,Sweden,SE,1.36,17.09,99.81,67.55,entsoe.eu,false,""
2022-06-24T21:00:00.000000,Sweden,Sweden,SE,1.36,17.07,99.81,67.34,entsoe.eu,false,""
2022-06-24T22:00:00.000000,Sweden,Sweden,SE,1.37,17.09,99.81,66.21,entsoe.eu,false,""
2022-06-24T23:00:00.000000,Sweden,Sweden,SE,1.51,17.46,99.78,65.51,entsoe.eu,false,""
2022-06-25T00:00:00.000000,Sweden,Sweden,SE,1.6,17.67,99.76,65.36,entsoe.eu,false,""
2022-06-25T01:00:00.000000,Sweden,Sweden,SE,1.67,17.8,99.74,65.82,entsoe.eu,false,""
2022-06-25T02:00:00.000000,Sweden,Sweden,SE,1.65,17.8,99.73,65.92,entsoe.eu,false,""
2022-06-25T03:00:00.000000,Sweden,Sweden,SE,1.73,18.25,99.73,65.12,entsoe.eu,false,""
2022-06-25T04:00:00.000000,Sweden,Sweden,SE,1.73,18.46,99.74,65.78,entsoe.eu,false,""
2022-06-25T05:00:00.000000,Sweden,Sweden,SE,1.69,18.49,99.75,67.3,entsoe.eu,false,""
2022-06-25T06:00:00.000000,Sweden,Sweden,SE,1.57,18.66,99.79,67.53,entsoe.eu,false,""
2022-06-25T07:00:00.000000,Sweden,Sweden,SE,1.5,18.81,99.81,67.76,entsoe.eu,false,""
2022-06-25T08:00:00.000000,Sweden,Sweden,SE,1.37,18.93,99.84,68.08,entsoe.eu,false,""
2022-06-25T09:00:00.000000,Sweden,Sweden,SE,1.35,19.06,99.85,68.28,entsoe.eu,false,""
2022-06-25T10:00:00.000000,Sweden,Sweden,SE,1.38,19.49,99.84,68.68,entsoe.eu,false,""
2022-06-25T11:00:00.000000,Sweden,Sweden,SE,1.46,19.63,99.82,68.47,entsoe.eu,false,""
2022-06-25T12:00:00.000000,Sweden,Sweden,SE,1.44,19.51,99.82,68.13,entsoe.eu,false,""
2022-06-25T13:00:00.000000,Sweden,Sweden,SE,1.44,19.25,99.82,67.72,entsoe.eu,false,""
2022-06-25T14:00:00.000000,Sweden,Sweden,SE,1.42,18.85,99.82,67.29,entsoe.eu,false,""
2022-06-25T15:00:00.000000,Sweden,Sweden,SE,1.35,18.31,99.83,67.09,entsoe.eu,false,""
2022-06-25T16:00:00.000000,Sweden,Sweden,SE,1.31,17.77,99.83,67.05,entsoe.eu,false,""
2022-06-25T17:00:00.000000,Sweden,Sweden,SE,1.37,17.59,99.81,67.34,entsoe.eu,false,""
2022-06-25T18:00:00.000000,Sweden,Sweden,SE,1.37,17.33,99.81,66.69,entsoe.eu,false,""
2022-06-25T19:00:00.000000,Sweden,Sweden,SE,1.4,17.3,99.8,66.59,entsoe.eu,false,""
2022-06-25T20:00:00.000000,Sweden,Sweden,SE,1.53,17.28,99.76,66.57,entsoe.eu,false,""
2022-06-25T21:00:00.000000,Sweden,Sweden,SE,1.46,17.17,99.77,66.78,entsoe.eu,false,""
2022-06-25T22:00:00.000000,Sweden,Sweden,SE,1.31,16.75,99.81,66.23,entsoe.eu,false,""
2022-06-25T23:00:00.000000,Sweden,Sweden,SE,1.38,16.92,99.8,65.54,entsoe.eu,false,""
2022-06-26T00:00:00.000000,Sweden,Sweden,SE,1.4,17.03,99.79,64.86,entsoe.eu,false,""
2022-06-26T01:00:00.000000,Sweden,Sweden,SE,1.39,16.99,99.79,64.9,entsoe.eu,false,""
2022-06-26T02:00:00.000000,Sweden,Sweden,SE,1.53,17.14,99.77,64.85,entsoe.eu,false,""
2022-06-26T03:00:00.000000,Sweden,Sweden,SE,1.66,17.6,99.75,64.42,entsoe.eu,false,""
2022-06-26T04:00:00.000000,Sweden,Sweden,SE,1.5,17.65,99.79,64.43,entsoe.eu,false,""
2022-06-26T05:00:00.000000,Sweden,Sweden,SE,1.5,17.8,99.79,66.51,entsoe.eu,false,""
2022-06-26T06:00:00.000000,Sweden,Sweden,SE,1.43,18.17,99.82,67.47,entsoe.eu,false,""
2022-06-26T07:00:00.000000,Sweden,Sweden,SE,1.3,18.18,99.86,67.5,entsoe.eu,false,""
2022-06-26T08:00:00.000000,Sweden,Sweden,SE,5.05,22.94,99.41,67.36,entsoe.eu,false,""
2022-06-26T09:00:00.000000,Sweden,Sweden,SE,5.76,24.04,99.34,67.54,entsoe.eu,false,""
2022-06-26T10:00:00.000000,Sweden,Sweden,SE,5.9,24.03,99.33,68.11,entsoe.eu,false,""
2022-06-26T11:00:00.000000,Sweden,Sweden,SE,5.76,23.96,99.33,67.95,entsoe.eu,false,""
2022-06-26T12:00:00.000000,Sweden,Sweden,SE,1.25,18.57,99.88,67.49,entsoe.eu,false,""
2022-06-26T13:00:00.000000,Sweden,Sweden,SE,1.2,18.24,99.88,68.16,entsoe.eu,false,""
2022-06-26T14:00:00.000000,Sweden,Sweden,SE,1.22,18.17,99.87,68.01,entsoe.eu,false,""
2022-06-26T15:00:00.000000,Sweden,Sweden,SE,1.42,18.06,99.82,68.41,entsoe.eu,false,""
2022-06-26T16:00:00.000000,Sweden,Sweden,SE,1.33,17.62,99.83,68.07,entsoe.eu,false,""
2022-06-26T17:00:00.000000,Sweden,Sweden,SE,1.29,17.39,99.83,68.4,entsoe.eu,false,""
2022-06-26T18:00:00.000000,Sweden,Sweden,SE,1.26,17.05,99.83,68.68,entsoe.eu,false,""
2022-06-26T19:00:00.000000,Sweden,Sweden,SE,1.24,16.85,99.83,68.19,entsoe.eu,false,""
2022-06-26T20:00:00.000000,Sweden,Sweden,SE,1.32,16.75,99.81,68.12,entsoe.eu,false,""
2022-06-26T21:00:00.000000,Sweden,Sweden,SE,1.31,16.55,99.81,67.44,entsoe.eu,false,""
2022-06-26T22:00:00.000000,Sweden,Sweden,SE,1.24,16.14,99.82,67.63,entsoe.eu,false,""
2022-06-26T23:00:00.000000,Sweden,Sweden,SE,1.17,16.19,99.84,67.57,entsoe.eu,false,""
2022-06-27T00:00:00.000000,Sweden,Sweden,SE,1.08,16.06,99.87,66.22,entsoe.eu,false,""
2022-06-27T01:00:00.000000,Sweden,Sweden,SE,1.13,16.27,99.86,66.85,entsoe.eu,false,""
2022-06-27T02:00:00.000000,Sweden,Sweden,SE,1.17,16.25,99.85,66.49,entsoe.eu,false,""
2022-06-27T03:00:00.000000,Sweden,Sweden,SE,1.3,16.79,99.83,67.35,entsoe.eu,false,""
2022-06-27T04:00:00.000000,Sweden,Sweden,SE,1.36,17.73,99.82,66.95,entsoe.eu,false,""
2022-06-27T05:00:00.000000,Sweden,Sweden,SE,1.26,18.01,99.86,67.55,entsoe.eu,false,""
2022-06-27T06:00:00.000000,Sweden,Sweden,SE,1.3,18.7,99.85,67.95,entsoe.eu,false,""
2022-06-27T07:00:00.000000,Sweden,Sweden,SE,1.3,19.16,99.86,68.62,entsoe.eu,false,""
2022-06-27T08:00:00.000000,Sweden,Sweden,SE,1.28,19.28,99.86,69.29,entsoe.eu,false,""
2022-06-27T09:00:00.000000,Sweden,Sweden,SE,1.26,19.3,99.86,70.26,entsoe.eu,false,""
2022-06-27T10:00:00.000000,Sweden,Sweden,SE,1.33,19.54,99.85,70.93,entsoe.eu,false,""
2022-06-27T11:00:00.000000,Sweden,Sweden,SE,1.33,19.73,99.85,70.98,entsoe.eu,false,""
2022-06-27T12:00:00.000000,Sweden,Sweden,SE,1.41,19.93,99.83,71.64,entsoe.eu,false,""
2022-06-27T13:00:00.000000,Sweden,Sweden,SE,1.36,19.65,99.84,71.49,entsoe.eu,false,""
2022-06-27T14:00:00.000000,Sweden,Sweden,SE,1.41,19.46,99.83,70.68,entsoe.eu,false,""
2022-06-27T15:00:00.000000,Sweden,Sweden,SE,1.37,18.6,99.83,69.99,entsoe.eu,false,""
2022-06-27T16:00:00.000000,Sweden,Sweden,SE,1.47,18.21,99.81,69.29,entsoe.eu,false,""
2022-06-27T17:00:00.000000,Sweden,Sweden,SE,1.35,17.41,99.83,68.67,entsoe.eu,false,""
2022-06-27T18:00:00.000000,Sweden,Sweden,SE,1.44,16.97,99.81,67.61,entsoe.eu,false,""
2022-06-27T19:00:00.000000,Sweden,Sweden,SE,1.53,16.92,99.79,67.13,entsoe.eu,false,""
2022-06-27T20:00:00.000000,Sweden,Sweden,SE,1.36,16.59,99.81,67.95,entsoe.eu,false,""
2022-06-27T21:00:00.000000,Sweden,Sweden,SE,1.35,16.68,99.81,68.49,entsoe.eu,false,""
2022-06-27T22:00:00.000000,Sweden,Sweden,SE,1.34,16.88,99.81,67.4,entsoe.eu,false,""
2022-06-27T23:00:00.000000,Sweden,Sweden,SE,1.28,16.76,99.81,66.28,entsoe.eu,false,""
2022-06-28T00:00:00.000000,Sweden,Sweden,SE,1.34,16.86,99.8,65.77,entsoe.eu,false,""
2022-06-28T01:00:00.000000,Sweden,Sweden,SE,1.44,16.99,99.77,64.83,entsoe.eu,false,""
2022-06-28T02:00:00.000000,Sweden,Sweden,SE,1.4,16.86,99.78,65.96,entsoe.eu,false,""
2022-06-28T03:00:00.000000,Sweden,Sweden,SE,1.3,16.88,99.81,66.74,entsoe.eu,false,""
2022-06-28T04:00:00.000000,Sweden,Sweden,SE,1.38,17.24,99.8,68.21,entsoe.eu,false,""
2022-06-28T05:00:00.000000,Sweden,Sweden,SE,1.42,17.98,99.8,68.38,entsoe.eu,false,""
2022-06-28T06:00:00.000000,Sweden,Sweden,SE,1.49,18.45,99.79,69.28,entsoe.eu,false,""
2022-06-28T07:00:00.000000,Sweden,Sweden,SE,1.4,18.62,99.81,69.11,entsoe.eu,false,""
2022-06-28T08:00:00.000000,Sweden,Sweden,SE,1.37,18.63,99.82,69.44,entsoe.eu,false,""
2022-06-28T09:00:00.000000,Sweden,Sweden,SE,1.24,18.81,99.85,69.52,entsoe.eu,false,""
2022-06-28T10:00:00.000000,Sweden,Sweden,SE,1.28,18.97,99.84,70.08,entsoe.eu,false,""
2022-06-28T11:00:00.000000,Sweden,Sweden,SE,1.25,19.05,99.84,70.41,entsoe.eu,false,""
2022-06-28T12:00:00.000000,Sweden,Sweden,SE,1.28,19.05,99.83,70.86,entsoe.eu,false,""
2022-06-28T13:00:00.000000,Sweden,Sweden,SE,1.25,18.91,99.85,70.42,entsoe.eu,false,""
2022-06-28T14:00:00.000000,Sweden,Sweden,SE,1.74,19.69,99.79,70.09,entsoe.eu,false,""
2022-06-28T15:00:00.000000,Sweden,Sweden,SE,1.53,20.49,99.82,69.85,entsoe.eu,false,""
2022-06-28T16:00:00.000000,Sweden,Sweden,SE,1.66,20.49,99.79,69.47,entsoe.eu,false,""
2022-06-28T17:00:00.000000,Sweden,Sweden,SE,1.72,20.43,99.78,69.49,entsoe.eu,false,""
2022-06-28T18:00:00.000000,Sweden,Sweden,SE,1.76,20.38,99.77,68.63,entsoe.eu,false,""
2022-06-28T19:00:00.000000,Sweden,Sweden,SE,1.69,20.01,99.77,68.24,entsoe.eu,false,""
2022-06-28T20:00:00.000000,Sweden,Sweden,SE,1.73,19.94,99.76,68.01,entsoe.eu,false,""
2022-06-28T21:00:00.000000,Sweden,Sweden,SE,1.7,19.57,99.77,67.45,entsoe.eu,false,""
2022-06-28T22:00:00.000000,Sweden,Sweden,SE,1.65,17.61,99.74,66.63,entsoe.eu,false,""
2022-06-28T23:00:00.000000,Sweden,Sweden,SE,1.7,16.96,99.72,66.21,entsoe.eu,false,""
2022-06-29T00:00:00.000000,Sweden,Sweden,SE,1.71,16.95,99.71,66.33,entsoe.eu,false,""
2022-06-29T01:00:00.000000,Sweden,Sweden,SE,1.69,16.81,99.71,66.2,entsoe.eu,false,""
2022-06-29T02:00:00.000000,Sweden,Sweden,SE,1.59,16.55,99.73,65.09,entsoe.eu,false,""
2022-06-29T03:00:00.000000,Sweden,Sweden,SE,1.38,16.46,99.78,65.78,entsoe.eu,false,""
2022-06-29T04:00:00.000000,Sweden,Sweden,SE,1.32,17.09,99.81,67.5,entsoe.eu,false,""
2022-06-29T05:00:00.000000,Sweden,Sweden,SE,1.33,17.62,99.82,67.88,entsoe.eu,false,""
2022-06-29T06:00:00.000000,Sweden,Sweden,SE,1.43,18.31,99.81,68.34,entsoe.eu,false,""
2022-06-29T07:00:00.000000,Sweden,Sweden,SE,1.42,18.79,99.81,68.45,entsoe.eu,false,""
2022-06-29T08:00:00.000000,Sweden,Sweden,SE,2.05,19.77,99.72,68.29,entsoe.eu,false,""
2022-06-29T09:00:00.000000,Sweden,Sweden,SE,3.23,21.59,99.55,68.28,entsoe.eu,false,""
2022-06-29T10:00:00.000000,Sweden,Sweden,SE,3.95,22.64,99.45,68.43,entsoe.eu,false,""
2022-06-29T11:00:00.000000,Sweden,Sweden,SE,3.61,21.81,99.47,67.65,entsoe.eu,false,""
2022-06-29T12:00:00.000000,Sweden,Sweden,SE,3.81,22.15,99.43,68.32,entsoe.eu,false,""
2022-06-29T13:00:00.000000,Sweden,Sweden,SE,2.66,21.05,99.62,67.83,entsoe.eu,false,""
2022-06-29T14:00:00.000000,Sweden,Sweden,SE,1.79,20.9,99.76,69.13,entsoe.eu,false,""
2022-06-29T15:00:00.000000,Sweden,Sweden,SE,2.38,21.56,99.66,67.92,entsoe.eu,false,""
2022-06-29T16:00:00.000000,Sweden,Sweden,SE,4.14,23.19,99.38,68.54,entsoe.eu,false,""
2022-06-29T17:00:00.000000,Sweden,Sweden,SE,1.96,20.23,99.7,68.86,entsoe.eu,false,""
2022-06-29T18:00:00.000000,Sweden,Sweden,SE,1.93,20.31,99.71,68.96,entsoe.eu,false,""
2022-06-29T19:00:00.000000,Sweden,Sweden,SE,2.06,20.32,99.67,69.55,entsoe.eu,false,""
2022-06-29T20:00:00.000000,Sweden,Sweden,SE,2.13,20.35,99.66,68.41,entsoe.eu,false,""
2022-06-29T21:00:00.000000,Sweden,Sweden,SE,2.06,18.38,99.63,67.34,entsoe.eu,false,""
2022-06-29T22:00:00.000000,Sweden,Sweden,SE,1.93,17.39,99.65,66.68,entsoe.eu,false,""
2022-06-29T23:00:00.000000,Sweden,Sweden,SE,1.79,16.91,99.69,65.74,entsoe.eu,false,""
2022-06-30T00:00:00.000000,Sweden,Sweden,SE,1.55,16.49,99.74,65.87,entsoe.eu,false,""
2022-06-30T01:00:00.000000,Sweden,Sweden,SE,1.62,16.64,99.72,65.59,entsoe.eu,false,""
2022-06-30T02:00:00.000000,Sweden,Sweden,SE,1.62,16.81,99.72,67.21,entsoe.eu,false,""
2022-06-30T03:00:00.000000,Sweden,Sweden,SE,1.6,17.07,99.72,67.98,entsoe.eu,false,""
2022-06-30T04:00:00.000000,Sweden,Sweden,SE,1.65,17.6,99.72,68.16,entsoe.eu,false,""
2022-06-30T05:00:00.000000,Sweden,Sweden,SE,1.66,17.66,99.73,67.17,entsoe.eu,false,""
2022-06-30T06:00:00.000000,Sweden,Sweden,SE,1.68,17.93,99.73,66.85,entsoe.eu,false,""
2022-06-30T07:00:00.000000,Sweden,Sweden,SE,2.55,19.3,99.6,67.07,entsoe.eu,false,""
2022-06-30T08:00:00.000000,Sweden,Sweden,SE,5.36,23.02,99.17,67.49,entsoe.eu,false,""
2022-06-30T09:00:00.000000,Sweden,Sweden,SE,6.67,24.82,98.99,67.4,entsoe.eu,false,""
2022-06-30T10:00:00.000000,Sweden,Sweden,SE,7.75,26.07,98.86,67.42,entsoe.eu,false,""
2022-06-30T11:00:00.000000,Sweden,Sweden,SE,7.03,24.84,99.06,66.32,entsoe.eu,false,""
2022-06-30T12:00:00.000000,Sweden,Sweden,SE,4.95,22.14,99.32,66.11,entsoe.eu,false,""
2022-06-30T13:00:00.000000,Sweden,Sweden,SE,3.08,19.51,99.56,66.35,entsoe.eu,false,""
2022-06-30T14:00:00.000000,Sweden,Sweden,SE,1.34,17.27,99.79,67.12,entsoe.eu,false,""
2022-06-30T15:00:00.000000,Sweden,Sweden,SE,1.31,17.01,99.79,67.67,entsoe.eu,false,""
2022-06-30T16:00:00.000000,Sweden,Sweden,SE,1.37,16.84,99.78,67.59,entsoe.eu,false,""
2022-06-30T17:00:00.000000,Sweden,Sweden,SE,1.33,16.46,99.79,66.21,entsoe.eu,false,""
2022-06-30T18:00:00.000000,Sweden,Sweden,SE,1.22,15.71,99.81,65.07,entsoe.eu,false,""
2022-06-30T19:00:00.000000,Sweden,Sweden,SE,1.26,15.7,99.81,64.51,entsoe.eu,false,""
2022-06-30T20:00:00.000000,Sweden,Sweden,SE,1.43,15.98,99.76,65.19,entsoe.eu,false,""
2022-06-30T21:00:00.000000,Sweden,Sweden,SE,1.39,15.78,99.76,64.51,entsoe.eu,false,""
2022-06-30T22:00:00.000000,Sweden,Sweden,SE,1.41,15.78,99.75,63.65,entsoe.eu,false,""
2022-06-30T23:00:00.000000,Sweden,Sweden,SE,1.56,15.9,99.72,63.96,entsoe.eu,false,""
2022-07-01T00:00:00.000000,Sweden,Sweden,SE,1.6,15.98,99.71,63.3,entsoe.eu,false,""
2022-07-01T01:00:00.000000,Sweden,Sweden,SE,1.62,16.06,99.71,63.12,entsoe.eu,false,""
2022-07-01T02:00:00.000000,Sweden,Sweden,SE,1.62,16.14,99.71,63.83,entsoe.eu,false,""
2022-07-01T03:00:00.000000,Sweden,Sweden,SE,1.67,16.37,99.69,65.27,entsoe.eu,false,""
2022-07-01T04:00:00.000000,Sweden,Sweden,SE,1.75,16.81,99.68,66.02,entsoe.eu,false,""
2022-07-01T05:00:00.000000,Sweden,Sweden,SE,1.62,16.97,99.72,66.9,entsoe.eu,false,""
2022-07-01T06:00:00.000000,Sweden,Sweden,SE,1.59,17.26,99.73,66.94,entsoe.eu,false,""
2022-07-01T07:00:00.000000,Sweden,Sweden,SE,1.53,17.51,99.75,67.57,entsoe.eu,false,""
2022-07-01T08:00:00.000000,Sweden,Sweden,SE,1.48,17.62,99.77,67.54,entsoe.eu,false,""
2022-07-01T09:00:00.000000,Sweden,Sweden,SE,1.41,17.64,99.78,67.56,entsoe.eu,false,""
2022-07-01T10:00:00.000000,Sweden,Sweden,SE,1.4,17.79,99.78,67.74,entsoe.eu,false,""
2022-07-01T11:00:00.000000,Sweden,Sweden,SE,1.39,17.79,99.79,66.97,entsoe.eu,false,""
2022-07-01T12:00:00.000000,Sweden,Sweden,SE,1.46,17.86,99.78,65.88,entsoe.eu,false,""
2022-07-01T13:00:00.000000,Sweden,Sweden,SE,1.47,17.95,99.78,65.2,entsoe.eu,false,""
2022-07-01T14:00:00.000000,Sweden,Sweden,SE,1.52,17.87,99.77,64.66,entsoe.eu,false,""
2022-07-01T15:00:00.000000,Sweden,Sweden,SE,1.48,17.56,99.77,65.13,entsoe.eu,false,""
2022-07-01T16:00:00.000000,Sweden,Sweden,SE,1.4,17.06,99.78,65.68,entsoe.eu,false,""
2022-07-01T17:00:00.000000,Sweden,Sweden,SE,1.42,16.67,99.76,66.04,entsoe.eu,false,""
2022-07-01T18:00:00.000000,Sweden,Sweden,SE,1.08,15.72,99.85,65.4,entsoe.eu,false,""
2022-07-01T19:00:00.000000,Sweden,Sweden,SE,0.85,15.06,99.91,64.82,entsoe.eu,false,""
2022-07-01T20:00:00.000000,Sweden,Sweden,SE,0.8,14.59,99.92,63.59,entsoe.eu,false,""
2022-07-01T21:00:00.000000,Sweden,Sweden,SE,0.84,14.8,99.91,64.3,entsoe.eu,false,""
2022-07-01T22:00:00.000000,Sweden,Sweden,SE,0.93,14.89,99.89,62.35,entsoe.eu,false,""
2022-07-01T23:00:00.000000,Sweden,Sweden,SE,1.03,15.04,99.86,62.89,entsoe.eu,false,""
2022-07-02T00:00:00.000000,Sweden,Sweden,SE,1.14,15.17,99.84,63.37,entsoe.eu,false,""
2022-07-02T01:00:00.000000,Sweden,Sweden,SE,1.18,15.25,99.83,63.25,entsoe.eu,false,""
2022-07-02T02:00:00.000000,Sweden,Sweden,SE,1.14,15.25,99.83,63.21,entsoe.eu,false,""
2022-07-02T03:00:00.000000,Sweden,Sweden,SE,1.21,15.39,99.82,62.86,entsoe.eu,false,""
2022-07-02T04:00:00.000000,Sweden,Sweden,SE,1.18,15.54,99.83,62.42,entsoe.eu,false,""
2022-07-02T05:00:00.000000,Sweden,Sweden,SE,1.11,15.6,99.85,62.86,entsoe.eu,false,""
2022-07-02T06:00:00.000000,Sweden,Sweden,SE,1.01,15.68,99.88,64.32,entsoe.eu,false,""
2022-07-02T07:00:00.000000,Sweden,Sweden,SE,0.98,15.87,99.89,65.17,entsoe.eu,false,""
2022-07-02T08:00:00.000000,Sweden,Sweden,SE,1.16,16.34,99.87,66.1,entsoe.eu,false,""
2022-07-02T09:00:00.000000,Sweden,Sweden,SE,4.01,20.08,99.5,67.13,entsoe.eu,false,""
2022-07-02T10:00:00.000000,Sweden,Sweden,SE,4.22,20.54,99.47,67.94,entsoe.eu,false,""
2022-07-02T11:00:00.000000,Sweden,Sweden,SE,3.82,20.2,99.53,68.85,entsoe.eu,false,""
2022-07-02T12:00:00.000000,Sweden,Sweden,SE,3.27,19.72,99.6,67.99,entsoe.eu,false,""
2022-07-02T13:00:00.000000,Sweden,Sweden,SE,1.06,17.02,99.88,67.61,entsoe.eu,false,""
2022-07-02T14:00:00.000000,Sweden,Sweden,SE,1.05,16.62,99.87,67.98,entsoe.eu,false,""
2022-07-02T15:00:00.000000,Sweden,Sweden,SE,1.1,16.58,99.86,67.52,entsoe.eu,false,""
2022-07-02T16:00:00.000000,Sweden,Sweden,SE,1.01,15.98,99.87,67.44,entsoe.eu,false,""
2022-07-02T17:00:00.000000,Sweden,Sweden,SE,0.97,15.69,99.88,67.16,entsoe.eu,false,""
2022-07-02T18:00:00.000000,Sweden,Sweden,SE,1.02,15.56,99.86,66.23,entsoe.eu,false,""
2022-07-02T19:00:00.000000,Sweden,Sweden,SE,1.09,15.55,99.84,65.65,entsoe.eu,false,""
2022-07-02T20:00:00.000000,Sweden,Sweden,SE,1.21,15.75,99.81,65.09,entsoe.eu,false,""
2022-07-02T21:00:00.000000,Sweden,Sweden,SE,1.31,15.9,99.78,64.62,entsoe.eu,false,""
2022-07-02T22:00:00.000000,Sweden,Sweden,SE,1.17,15.33,99.82,62.58,entsoe.eu,false,""
2022-07-02T23:00:00.000000,Sweden,Sweden,SE,1.36,15.59,99.77,62.35,entsoe.eu,false,""
2022-07-03T00:00:00.000000,Sweden,Sweden,SE,1.52,15.75,99.73,62.54,entsoe.eu,false,""
2022-07-03T01:00:00.000000,Sweden,Sweden,SE,1.62,15.88,99.7,62.47,entsoe.eu,false,""
2022-07-03T02:00:00.000000,Sweden,Sweden,SE,1.62,15.85,99.71,62.55,entsoe.eu,false,""
2022-07-03T03:00:00.000000,Sweden,Sweden,SE,1.65,15.96,99.71,61.22,entsoe.eu,false,""
2022-07-03T04:00:00.000000,Sweden,Sweden,SE,1.73,16.62,99.69,60.04,entsoe.eu,false,""
2022-07-03T05:00:00.000000,Sweden,Sweden,SE,1.61,16.72,99.73,61.0,entsoe.eu,false,""
2022-07-03T06:00:00.000000,Sweden,Sweden,SE,1.59,16.79,99.72,63.31,entsoe.eu,false,""
2022-07-03T07:00:00.000000,Sweden,Sweden,SE,1.61,16.89,99.72,63.86,entsoe.eu,false,""
2022-07-03T08:00:00.000000,Sweden,Sweden,SE,4.34,20.33,99.4,64.15,entsoe.eu,false,""
2022-07-03T09:00:00.000000,Sweden,Sweden,SE,9.78,26.64,98.77,64.25,entsoe.eu,false,""
2022-07-03T10:00:00.000000,Sweden,Sweden,SE,8.15,24.96,98.97,64.39,entsoe.eu,false,""
2022-07-03T11:00:00.000000,Sweden,Sweden,SE,7.55,24.11,99.04,64.67,entsoe.eu,false,""
2022-07-03T12:00:00.000000,Sweden,Sweden,SE,6.62,22.99,99.12,64.83,entsoe.eu,false,""
2022-07-03T13:00:00.000000,Sweden,Sweden,SE,1.56,16.64,99.76,64.14,entsoe.eu,false,""
2022-07-03T14:00:00.000000,Sweden,Sweden,SE,1.35,16.34,99.78,64.87,entsoe.eu,false,""
2022-07-03T15:00:00.000000,Sweden,Sweden,SE,1.31,16.33,99.78,65.64,entsoe.eu,false,""
2022-07-03T16:00:00.000000,Sweden,Sweden,SE,1.25,16.07,99.8,65.58,entsoe.eu,false,""
2022-07-03T17:00:00.000000,Sweden,Sweden,SE,1.25,15.87,99.8,65.08,entsoe.eu,false,""
2022-07-03T18:00:00.000000,Sweden,Sweden,SE,1.25,15.66,99.8,64.15,entsoe.eu,false,""
2022-07-03T19:00:00.000000,Sweden,Sweden,SE,1.21,15.55,99.8,63.89,entsoe.eu,false,""
2022-07-03T20:00:00.000000,Sweden,Sweden,SE,1.21,15.23,99.8,63.16,entsoe.eu,false,""
2022-07-03T21:00:00.000000,Sweden,Sweden,SE,1.2,15.16,99.81,62.91,entsoe.eu,false,""
2022-07-03T22:00:00.000000,Sweden,Sweden,SE,1.42,15.25,99.75,62.98,entsoe.eu,false,""
2022-07-03T23:00:00.000000,Sweden,Sweden,SE,1.47,15.28,99.73,63.14,entsoe.eu,false,""
2022-07-04T00:00:00.000000,Sweden,Sweden,SE,1.54,15.38,99.72,62.62,entsoe.eu,false,""
2022-07-04T01:00:00.000000,Sweden,Sweden,SE,1.52,15.33,99.72,61.34,entsoe.eu,false,""
2022-07-04T02:00:00.000000,Sweden,Sweden,SE,1.49,15.24,99.73,61.67,entsoe.eu,false,""
2022-07-04T03:00:00.000000,Sweden,Sweden,SE,1.51,15.65,99.74,62.65,entsoe.eu,false,""
2022-07-04T04:00:00.000000,Sweden,Sweden,SE,1.43,16.15,99.76,63.81,entsoe.eu,false,""
2022-07-04T05:00:00.000000,Sweden,Sweden,SE,1.37,16.52,99.78,65.05,entsoe.eu,false,""
2022-07-04T06:00:00.000000,Sweden,Sweden,SE,1.29,16.65,99.81,64.55,entsoe.eu,false,""
2022-07-04T07:00:00.000000,Sweden,Sweden,SE,1.22,16.66,99.83,64.22,entsoe.eu,false,""
2022-07-04T08:00:00.000000,Sweden,Sweden,SE,1.25,17.07,99.82,65.34,entsoe.eu,false,""
2022-07-04T09:00:00.000000,Sweden,Sweden,SE,1.29,17.41,99.81,65.67,entsoe.eu,false,""
2022-07-04T10:00:00.000000,Sweden,Sweden,SE,1.45,17.75,99.78,65.25,entsoe.eu,false,""
2022-07-04T11:00:00.000000,Sweden,Sweden,SE,1.45,17.77,99.79,65.26,entsoe.eu,false,""
2022-07-04T12:00:00.000000,Sweden,Sweden,SE,1.34,17.45,99.81,65.52,entsoe.eu,false,""
2022-07-04T13:00:00.000000,Sweden,Sweden,SE,1.18,16.92,99.84,66.12,entsoe.eu,false,""
2022-07-04T14:00:00.000000,Sweden,Sweden,SE,1.11,16.53,99.85,66.66,entsoe.eu,false,""
2022-07-04T15:00:00.000000,Sweden,Sweden,SE,1.08,15.9,99.85,66.41,entsoe.eu,false,""
2022-07-04T16:00:00.000000,Sweden,Sweden,SE,0.96,15.46,99.88,66.53,entsoe.eu,false,""
2022-07-04T17:00:00.000000,Sweden,Sweden,SE,0.92,15.26,99.88,66.29,entsoe.eu,false,""
2022-07-04T18:00:00.000000,Sweden,Sweden,SE,0.89,15.15,99.9,65.26,entsoe.eu,false,""
2022-07-04T19:00:00.000000,Sweden,Sweden,SE,0.68,14.5,99.94,65.27,entsoe.eu,false,""
2022-07-04T20:00:00.000000,Sweden,Sweden,SE,0.65,14.23,99.94,65.5,entsoe.eu,false,""
2022-07-04T21:00:00.000000,Sweden,Sweden,SE,0.67,14.27,99.94,65.36,entsoe.eu,false,""
2022-07-04T22:00:00.000000,Sweden,Sweden,SE,0.81,14.98,99.92,63.79,entsoe.eu,false,""
2022-07-04T23:00:00.000000,Sweden,Sweden,SE,0.85,15.06,99.91,63.34,entsoe.eu,false,""
2022-07-05T00:00:00.000000,Sweden,Sweden,SE,0.9,15.26,99.9,63.84,entsoe.eu,false,""
2022-07-05T01:00:00.000000,Sweden,Sweden,SE,1.03,15.44,99.87,64.13,entsoe.eu,false,""
2022-07-05T02:00:00.000000,Sweden,Sweden,SE,1.09,15.56,99.85,64.05,entsoe.eu,false,""
2022-07-05T03:00:00.000000,Sweden,Sweden,SE,1.15,15.75,99.84,64.42,entsoe.eu,false,""
2022-07-05T04:00:00.000000,Sweden,Sweden,SE,1.32,16.76,99.8,65.56,entsoe.eu,false,""
2022-07-05T05:00:00.000000,Sweden,Sweden,SE,1.31,17.13,99.82,66.0,entsoe.eu,false,""
2022-07-05T06:00:00.000000,Sweden,Sweden,SE,1.42,17.54,99.79,66.83,entsoe.eu,false,""
2022-07-05T07:00:00.000000,Sweden,Sweden,SE,1.77,18.2,99.7,66.78,entsoe.eu,false,""
2022-07-05T08:00:00.000000,Sweden,Sweden,SE,1.39,17.47,99.8,66.13,entsoe.eu,false,""
2022-07-05T09:00:00.000000,Sweden,Sweden,SE,1.3,17.5,99.82,66.01,entsoe.eu,false,""
2022-07-05T10:00:00.000000,Sweden,Sweden,SE,1.26,17.39,99.83,66.49,entsoe.eu,false,""
2022-07-05T11:00:00.000000,Sweden,Sweden,SE,1.22,17.45,99.84,65.95,entsoe.eu,false,""
2022-07-05T12:00:00.000000,Sweden,Sweden,SE,1.33,17.85,99.81,67.53,entsoe.eu,false,""
2022-07-05T13:00:00.000000,Sweden,Sweden,SE,1.42,17.75,99.8,67.2,entsoe.eu,false,""
2022-07-05T14:00:00.000000,Sweden,Sweden,SE,1.19,17.22,99.85,65.98,entsoe.eu,false,""
2022-07-05T15:00:00.000000,Sweden,Sweden,SE,1.19,16.98,99.85,65.62,entsoe.eu,false,""
2022-07-05T16:00:00.000000,Sweden,Sweden,SE,1.23,16.83,99.83,67.47,entsoe.eu,false,""
2022-07-05T17:00:00.000000,Sweden,Sweden,SE,1.24,16.51,99.82,66.79,entsoe.eu,false,""
2022-07-05T18:00:00.000000,Sweden,Sweden,SE,1.31,16.34,99.8,66.27,entsoe.eu,false,""
2022-07-05T19:00:00.000000,Sweden,Sweden,SE,1.46,16.25,99.76,65.99,entsoe.eu,false,""
2022-07-05T20:00:00.000000,Sweden,Sweden,SE,1.36,15.52,99.77,65.04,entsoe.eu,false,""
2022-07-05T21:00:00.000000,Sweden,Sweden,SE,1.13,14.74,99.82,64.12,entsoe.eu,false,""
2022-07-05T22:00:00.000000,Sweden,Sweden,SE,0.7,14.04,99.93,64.93,entsoe.eu,false,""
2022-07-05T23:00:00.000000,Sweden,Sweden,SE,0.61,13.99,99.95,64.3,entsoe.eu,false,""
2022-07-06T00:00:00.000000,Sweden,Sweden,SE,0.69,14.24,99.93,63.82,entsoe.eu,false,""
2022-07-06T01:00:00.000000,Sweden,Sweden,SE,0.81,14.29,99.9,62.7,entsoe.eu,false,""
2022-07-06T02:00:00.000000,Sweden,Sweden,SE,0.95,14.67,99.88,62.02,entsoe.eu,false,""
2022-07-06T03:00:00.000000,Sweden,Sweden,SE,1.24,15.54,99.81,62.22,entsoe.eu,false,""
2022-07-06T04:00:00.000000,Sweden,Sweden,SE,1.42,16.29,99.77,64.85,entsoe.eu,false,""
2022-07-06T05:00:00.000000,Sweden,Sweden,SE,1.33,16.59,99.79,66.47,entsoe.eu,false,""
2022-07-06T06:00:00.000000,Sweden,Sweden,SE,1.19,16.55,99.84,65.58,entsoe.eu,false,""
2022-07-06T07:00:00.000000,Sweden,Sweden,SE,1.76,17.69,99.69,65.92,entsoe.eu,false,""
2022-07-06T08:00:00.000000,Sweden,Sweden,SE,1.58,17.77,99.75,66.95,entsoe.eu,false,""
2022-07-06T09:00:00.000000,Sweden,Sweden,SE,1.58,18.07,99.74,67.2,entsoe.eu,false,""
2022-07-06T10:00:00.000000,Sweden,Sweden,SE,1.56,18.13,99.75,67.28,entsoe.eu,false,""
2022-07-06T11:00:00.000000,Sweden,Sweden,SE,1.51,18.07,99.76,68.18,entsoe.eu,false,""
2022-07-06T12:00:00.000000,Sweden,Sweden,SE,1.57,17.83,99.74,67.7,entsoe.eu,false,""
2022-07-06T13:00:00.000000,Sweden,Sweden,SE,1.56,17.71,99.75,66.91,entsoe.eu,false,""
2022-07-06T14:00:00.000000,Sweden,Sweden,SE,1.56,17.27,99.74,66.54,entsoe.eu,false,""
2022-07-06T15:00:00.000000,Sweden,Sweden,SE,1.53,16.91,99.75,66.91,entsoe.eu,false,""
2022-07-06T16:00:00.000000,Sweden,Sweden,SE,1.5,16.56,99.75,67.04,entsoe.eu,false,""
2022-07-06T17:00:00.000000,Sweden,Sweden,SE,1.43,16.07,99.76,66.27,entsoe.eu,false,""
2022-07-06T18:00:00.000000,Sweden,Sweden,SE,1.4,15.87,99.77,65.73,entsoe.eu,false,""
2022-07-06T19:00:00.000000,Sweden,Sweden,SE,1.37,15.74,99.77,65.26,entsoe.eu,false,""
2022-07-06T20:00:00.000000,Sweden,Sweden,SE,1.41,15.57,99.76,64.79,entsoe.eu,false,""
2022-07-06T21:00:00.000000,Sweden,Sweden,SE,1.41,15.44,99.76,64.11,entsoe.eu,false,""
2022-07-06T22:00:00.000000,Sweden,Sweden,SE,1.39,15.39,99.77,61.45,entsoe.eu,false,""
2022-07-06T23:00:00.000000,Sweden,Sweden,SE,1.47,15.49,99.74,61.28,entsoe.eu,false,""
2022-07-07T00:00:00.000000,Sweden,Sweden,SE,1.49,15.53,99.74,60.67,entsoe.eu,false,""
2022-07-07T01:00:00.000000,Sweden,Sweden,SE,1.57,15.6,99.72,60.88,entsoe.eu,false,""
2022-07-07T02:00:00.000000,Sweden,Sweden,SE,1.59,15.66,99.72,60.93,entsoe.eu,false,""
2022-07-07T03:00:00.000000,Sweden,Sweden,SE,1.5,15.8,99.74,61.21,entsoe.eu,false,""
2022-07-07T04:00:00.000000,Sweden,Sweden,SE,1.46,16.33,99.76,62.43,entsoe.eu,false,""
2022-07-07T05:00:00.000000,Sweden,Sweden,SE,1.33,16.49,99.8,64.1,entsoe.eu,false,""
2022-07-07T06:00:00.000000,Sweden,Sweden,SE,1.25,16.55,99.82,65.23,entsoe.eu,false,""
2022-07-07T07:00:00.000000,Sweden,Sweden,SE,1.33,16.77,99.8,66.56,entsoe.eu,false,""
2022-07-07T08:00:00.000000,Sweden,Sweden,SE,1.31,16.56,99.8,66.65,entsoe.eu,false,""
2022-07-07T09:00:00.000000,Sweden,Sweden,SE,1.17,15.97,99.82,67.19,entsoe.eu,false,""
2022-07-07T10:00:00.000000,Sweden,Sweden,SE,1.21,16.58,99.82,66.14,entsoe.eu,false,""
2022-07-07T11:00:00.000000,Sweden,Sweden,SE,1.16,16.62,99.84,65.77,entsoe.eu,false,""
2022-07-07T12:00:00.000000,Sweden,Sweden,SE,1.26,17.08,99.83,65.2,entsoe.eu,false,""
2022-07-07T13:00:00.000000,Sweden,Sweden,SE,1.22,17.0,99.84,64.68,entsoe.eu,false,""
2022-07-07T14:00:00.000000,Sweden,Sweden,SE,1.2,16.74,99.84,65.06,entsoe.eu,false,""
2022-07-07T15:00:00.000000,Sweden,Sweden,SE,1.15,16.55,99.86,64.93,entsoe.eu,false,""
2022-07-07T16:00:00.000000,Sweden,Sweden,SE,1.08,16.16,99.87,64.43,entsoe.eu,false,""
2022-07-07T17:00:00.000000,Sweden,Sweden,SE,1.12,16.01,99.85,64.77,entsoe.eu,false,""
2022-07-07T18:00:00.000000,Sweden,Sweden,SE,1.09,15.8,99.86,64.67,entsoe.eu,false,""
2022-07-07T19:00:00.000000,Sweden,Sweden,SE,1.06,15.49,99.86,64.55,entsoe.eu,false,""
2022-07-07T20:00:00.000000,Sweden,Sweden,SE,1.02,15.31,99.87,64.27,entsoe.eu,false,""
2022-07-07T21:00:00.000000,Sweden,Sweden,SE,1.01,15.25,99.87,62.85,entsoe.eu,false,""
2022-07-07T22:00:00.000000,Sweden,Sweden,SE,0.62,14.43,99.96,62.99,entsoe.eu,false,""
2022-07-07T23:00:00.000000,Sweden,Sweden,SE,0.62,14.24,99.96,62.3,entsoe.eu,false,""
2022-07-08T00:00:00.000000,Sweden,Sweden,SE,0.65,14.2,99.95,61.06,entsoe.eu,false,""
2022-07-08T01:00:00.000000,Sweden,Sweden,SE,0.91,14.6,99.88,62.22,entsoe.eu,false,""
2022-07-08T02:00:00.000000,Sweden,Sweden,SE,1.27,15.11,99.79,62.27,entsoe.eu,false,""
2022-07-08T03:00:00.000000,Sweden,Sweden,SE,1.14,15.06,99.83,61.82,entsoe.eu,false,""
2022-07-08T04:00:00.000000,Sweden,Sweden,SE,1.33,15.83,99.78,64.24,entsoe.eu,false,""
2022-07-08T05:00:00.000000,Sweden,Sweden,SE,1.24,16.08,99.82,64.52,entsoe.eu,false,""
2022-07-08T06:00:00.000000,Sweden,Sweden,SE,1.05,16.52,99.88,65.0,entsoe.eu,false,""
2022-07-08T07:00:00.000000,Sweden,Sweden,SE,0.98,16.57,99.89,65.84,entsoe.eu,false,""
2022-07-08T08:00:00.000000,Sweden,Sweden,SE,0.95,16.67,99.9,65.38,entsoe.eu,false,""
2022-07-08T09:00:00.000000,Sweden,Sweden,SE,0.9,16.6,99.92,64.07,entsoe.eu,false,""
2022-07-08T10:00:00.000000,Sweden,Sweden,SE,1.04,17.12,99.89,64.22,entsoe.eu,false,""
2022-07-08T11:00:00.000000,Sweden,Sweden,SE,1.14,17.35,99.87,64.94,entsoe.eu,false,""
2022-07-08T12:00:00.000000,Sweden,Sweden,SE,1.03,17.05,99.89,64.75,entsoe.eu,false,""
2022-07-08T13:00:00.000000,Sweden,Sweden,SE,1.0,16.77,99.9,64.43,entsoe.eu,false,""
2022-07-08T14:00:00.000000,Sweden,Sweden,SE,1.04,16.66,99.89,64.47,entsoe.eu,false,""
2022-07-08T15:00:00.000000,Sweden,Sweden,SE,1.14,16.28,99.85,64.48,entsoe.eu,false,""
2022-07-08T16:00:00.000000,Sweden,Sweden,SE,1.14,16.22,99.85,63.68,entsoe.eu,false,""
2022-07-08T17:00:00.000000,Sweden,Sweden,SE,1.21,16.18,99.83,63.69,entsoe.eu,false,""
2022-07-08T18:00:00.000000,Sweden,Sweden,SE,1.1,15.61,99.86,62.89,entsoe.eu,false,""
2022-07-08T19:00:00.000000,Sweden,Sweden,SE,1.18,15.49,99.83,62.53,entsoe.eu,false,""
2022-07-08T20:00:00.000000,Sweden,Sweden,SE,1.14,15.3,99.83,62.9,entsoe.eu,false,""
2022-07-08T21:00:00.000000,Sweden,Sweden,SE,1.18,15.19,99.82,61.28,entsoe.eu,false,""
2022-07-08T22:00:00.000000,Sweden,Sweden,SE,1.33,15.78,99.79,63.07,entsoe.eu,false,""
2022-07-08T23:00:00.000000,Sweden,Sweden,SE,1.51,16.11,99.75,62.46,entsoe.eu,false,""
2022-07-09T00:00:00.000000,Sweden,Sweden,SE,1.7,16.48,99.7,63.04,entsoe.eu,false,""
2022-07-09T01:00:00.000000,Sweden,Sweden,SE,1.73,16.5,99.69,63.69,entsoe.eu,false,""
2022-07-09T02:00:00.000000,Sweden,Sweden,SE,1.62,16.33,99.71,64.15,entsoe.eu,false,""
2022-07-09T03:00:00.000000,Sweden,Sweden,SE,1.66,16.36,99.71,64.02,entsoe.eu,false,""
2022-07-09T04:00:00.000000,Sweden,Sweden,SE,1.57,16.48,99.73,64.31,entsoe.eu,false,""
2022-07-09T05:00:00.000000,Sweden,Sweden,SE,1.35,15.92,99.78,65.97,entsoe.eu,false,""
2022-07-09T06:00:00.000000,Sweden,Sweden,SE,1.26,16.19,99.81,66.36,entsoe.eu,false,""
2022-07-09T07:00:00.000000,Sweden,Sweden,SE,1.2,16.51,99.83,66.6,entsoe.eu,false,""
2022-07-09T08:00:00.000000,Sweden,Sweden,SE,2.12,18.07,99.71,67.3,entsoe.eu,false,""
2022-07-09T09:00:00.000000,Sweden,Sweden,SE,2.28,18.46,99.69,67.17,entsoe.eu,false,""
2022-07-09T10:00:00.000000,Sweden,Sweden,SE,2.97,19.49,99.59,67.33,entsoe.eu,false,""
2022-07-09T11:00:00.000000,Sweden,Sweden,SE,3.3,19.89,99.53,66.93,entsoe.eu,false,""
2022-07-09T12:00:00.000000,Sweden,Sweden,SE,4.67,21.78,99.37,66.64,entsoe.eu,false,""
2022-07-09T13:00:00.000000,Sweden,Sweden,SE,4.87,21.91,99.33,66.26,entsoe.eu,false,""
2022-07-09T14:00:00.000000,Sweden,Sweden,SE,4.44,21.0,99.4,65.78,entsoe.eu,false,""
2022-07-09T15:00:00.000000,Sweden,Sweden,SE,3.95,19.93,99.5,65.94,entsoe.eu,false,""
2022-07-09T16:00:00.000000,Sweden,Sweden,SE,4.34,19.88,99.46,66.17,entsoe.eu,false,""
2022-07-09T17:00:00.000000,Sweden,Sweden,SE,3.96,19.08,99.5,67.58,entsoe.eu,false,""
2022-07-09T18:00:00.000000,Sweden,Sweden,SE,3.42,18.26,99.56,67.34,entsoe.eu,false,""
2022-07-09T19:00:00.000000,Sweden,Sweden,SE,2.75,17.26,99.64,66.89,entsoe.eu,false,""
2022-07-09T20:00:00.000000,Sweden,Sweden,SE,3.47,18.17,99.56,66.07,entsoe.eu,false,""
2022-07-09T21:00:00.000000,Sweden,Sweden,SE,3.15,17.75,99.6,66.31,entsoe.eu,false,""
2022-07-09T22:00:00.000000,Sweden,Sweden,SE,2.09,16.48,99.74,66.17,entsoe.eu,false,""
2022-07-09T23:00:00.000000,Sweden,Sweden,SE,2.59,17.05,99.69,66.01,entsoe.eu,false,""
2022-07-10T00:00:00.000000,Sweden,Sweden,SE,2.16,16.58,99.74,66.17,entsoe.eu,false,""
2022-07-10T01:00:00.000000,Sweden,Sweden,SE,1.66,16.06,99.79,66.35,entsoe.eu,false,""
2022-07-10T02:00:00.000000,Sweden,Sweden,SE,1.07,15.33,99.86,66.31,entsoe.eu,false,""
2022-07-10T03:00:00.000000,Sweden,Sweden,SE,1.01,15.3,99.86,67.29,entsoe.eu,false,""
2022-07-10T04:00:00.000000,Sweden,Sweden,SE,1.01,15.67,99.87,66.57,entsoe.eu,false,""
2022-07-10T05:00:00.000000,Sweden,Sweden,SE,1.63,16.44,99.8,67.23,entsoe.eu,false,""
2022-07-10T06:00:00.000000,Sweden,Sweden,SE,2.54,18.2,99.7,67.59,entsoe.eu,false,""
2022-07-10T07:00:00.000000,Sweden,Sweden,SE,4.57,21.0,99.44,68.12,entsoe.eu,false,""
2022-07-10T08:00:00.000000,Sweden,Sweden,SE,5.35,22.12,99.35,68.02,entsoe.eu,false,""
2022-07-10T09:00:00.000000,Sweden,Sweden,SE,5.6,22.34,99.31,68.84,entsoe.eu,false,""
2022-07-10T10:00:00.000000,Sweden,Sweden,SE,6.82,23.71,99.14,69.14,entsoe.eu,false,""
2022-07-10T11:00:00.000000,Sweden,Sweden,SE,9.57,26.81,98.87,68.05,entsoe.eu,false,""
2022-07-10T12:00:00.000000,Sweden,Sweden,SE,11.88,29.4,98.66,67.81,entsoe.eu,false,""
2022-07-10T13:00:00.000000,Sweden,Sweden,SE,11.36,28.7,98.71,67.93,entsoe.eu,false,""
2022-07-10T14:00:00.000000,Sweden,Sweden,SE,3.15,18.85,99.61,69.3,entsoe.eu,false,""
2022-07-10T15:00:00.000000,Sweden,Sweden,SE,1.17,16.47,99.83,69.27,entsoe.eu,false,""
2022-07-10T16:00:00.000000,Sweden,Sweden,SE,1.17,16.09,99.83,69.36,entsoe.eu,false,""
2022-07-10T17:00:00.000000,Sweden,Sweden,SE,1.25,16.02,99.8,69.44,entsoe.eu,false,""
2022-07-10T18:00:00.000000,Sweden,Sweden,SE,1.29,15.88,99.79,69.24,entsoe.eu,false,""
2022-07-10T19:00:00.000000,Sweden,Sweden,SE,1.24,15.67,99.8,68.06,entsoe.eu,false,""
2022-07-10T20:00:00.000000,Sweden,Sweden,SE,1.22,15.75,99.81,68.04,entsoe.eu,false,""
2022-07-10T21:00:00.000000,Sweden,Sweden,SE,1.26,15.91,99.8,68.16,entsoe.eu,false,""
2022-07-10T22:00:00.000000,Sweden,Sweden,SE,1.26,15.88,99.8,68.06,entsoe.eu,false,""
2022-07-10T23:00:00.000000,Sweden,Sweden,SE,1.24,15.89,99.81,67.89,entsoe.eu,false,""
2022-07-11T00:00:00.000000,Sweden,Sweden,SE,1.25,15.95,99.81,67.73,entsoe.eu,false,""
2022-07-11T01:00:00.000000,Sweden,Sweden,SE,1.31,16.04,99.79,67.59,entsoe.eu,false,""
2022-07-11T02:00:00.000000,Sweden,Sweden,SE,1.39,16.23,99.77,67.09,entsoe.eu,false,""
2022-07-11T03:00:00.000000,Sweden,Sweden,SE,1.45,16.51,99.77,66.96,entsoe.eu,false,""
2022-07-11T04:00:00.000000,Sweden,Sweden,SE,1.59,17.48,99.75,66.11,entsoe.eu,false,""
2022-07-11T05:00:00.000000,Sweden,Sweden,SE,1.54,17.88,99.76,67.54,entsoe.eu,false,""
2022-07-11T06:00:00.000000,Sweden,Sweden,SE,1.53,18.52,99.77,68.02,entsoe.eu,false,""
2022-07-11T07:00:00.000000,Sweden,Sweden,SE,1.44,18.8,99.79,68.58,entsoe.eu,false,""
2022-07-11T08:00:00.000000,Sweden,Sweden,SE,1.35,18.76,99.81,68.65,entsoe.eu,false,""
2022-07-11T09:00:00.000000,Sweden,Sweden,SE,1.42,19.03,99.81,68.83,entsoe.eu,false,""
2022-07-11T10:00:00.000000,Sweden,Sweden,SE,1.57,19.22,99.78,68.78,entsoe.eu,false,""
2022-07-11T11:00:00.000000,Sweden,Sweden,SE,1.52,19.07,99.79,68.79,entsoe.eu,false,""
2022-07-11T12:00:00.000000,Sweden,Sweden,SE,1.51,18.97,99.78,69.09,entsoe.eu,false,""
2022-07-11T13:00:00.000000,Sweden,Sweden,SE,1.54,18.87,99.78,68.37,entsoe.eu,false,""
2022-07-11T14:00:00.000000,Sweden,Sweden,SE,1.5,18.49,99.79,67.58,entsoe.eu,false,""
2022-07-11T15:00:00.000000,Sweden,Sweden,SE,1.58,18.63,99.78,67.37,entsoe.eu,false,""
2022-07-11T16:00:00.000000,Sweden,Sweden,SE,1.62,19.17,99.78,67.94,entsoe.eu,false,""
2022-07-11T17:00:00.000000,Sweden,Sweden,SE,1.69,19.5,99.77,68.13,entsoe.eu,false,""
2022-07-11T18:00:00.000000,Sweden,Sweden,SE,1.68,19.14,99.76,68.54,entsoe.eu,false,""
2022-07-11T19:00:00.000000,Sweden,Sweden,SE,1.66,18.86,99.75,68.07,entsoe.eu,false,""
2022-07-11T20:00:00.000000,Sweden,Sweden,SE,1.63,18.32,99.75,67.92,entsoe.eu,false,""
2022-07-11T21:00:00.000000,Sweden,Sweden,SE,1.4,16.58,99.78,65.44,entsoe.eu,false,""
2022-07-11T22:00:00.000000,Sweden,Sweden,SE,1.46,16.12,99.76,65.03,entsoe.eu,false,""
2022-07-11T23:00:00.000000,Sweden,Sweden,SE,1.36,15.88,99.78,65.27,entsoe.eu,false,""
2022-07-12T00:00:00.000000,Sweden,Sweden,SE,1.38,16.12,99.78,65.68,entsoe.eu,false,""
2022-07-12T01:00:00.000000,Sweden,Sweden,SE,1.43,16.36,99.77,65.76,entsoe.eu,false,""
2022-07-12T02:00:00.000000,Sweden,Sweden,SE,1.3,16.16,99.8,65.55,entsoe.eu,false,""
2022-07-12T03:00:00.000000,Sweden,Sweden,SE,1.22,16.24,99.82,65.83,entsoe.eu,false,""
2022-07-12T04:00:00.000000,Sweden,Sweden,SE,1.28,16.63,99.82,67.28,entsoe.eu,false,""
2022-07-12T05:00:00.000000,Sweden,Sweden,SE,1.4,17.17,99.8,67.67,entsoe.eu,false,""
2022-07-12T06:00:00.000000,Sweden,Sweden,SE,1.5,17.83,99.79,67.7,entsoe.eu,false,""
2022-07-12T07:00:00.000000,Sweden,Sweden,SE,1.42,17.93,99.81,67.74,entsoe.eu,false,""
2022-07-12T08:00:00.000000,Sweden,Sweden,SE,1.36,18.29,99.84,67.94,entsoe.eu,false,""
2022-07-12T09:00:00.000000,Sweden,Sweden,SE,1.29,18.6,99.85,67.77,entsoe.eu,false,""
2022-07-12T10:00:00.000000,Sweden,Sweden,SE,1.29,18.61,99.85,67.87,entsoe.eu,false,""
2022-07-12T11:00:00.000000,Sweden,Sweden,SE,1.28,18.61,99.86,67.92,entsoe.eu,false,""
2022-07-12T12:00:00.000000,Sweden,Sweden,SE,1.19,18.32,99.87,67.88,entsoe.eu,false,""
2022-07-12T13:00:00.000000,Sweden,Sweden,SE,1.13,17.73,99.88,67.94,entsoe.eu,false,""
2022-07-12T14:00:00.000000,Sweden,Sweden,SE,1.07,17.26,99.89,67.84,entsoe.eu,false,""
2022-07-12T15:00:00.000000,Sweden,Sweden,SE,1.0,16.71,99.9,68.47,entsoe.eu,false,""
2022-07-12T16:00:00.000000,Sweden,Sweden,SE,1.06,16.27,99.87,68.97,entsoe.eu,false,""
2022-07-12T17:00:00.000000,Sweden,Sweden,SE,1.04,16.04,99.87,69.05,entsoe.eu,false,""
2022-07-12T18:00:00.000000,Sweden,Sweden,SE,1.06,15.9,99.87,69.03,entsoe.eu,false,""
2022-07-12T19:00:00.000000,Sweden,Sweden,SE,1.03,15.7,99.87,69.2,entsoe.eu,false,""
2022-07-12T20:00:00.000000,Sweden,Sweden,SE,0.97,15.37,99.88,68.79,entsoe.eu,false,""
2022-07-12T21:00:00.000000,Sweden,Sweden,SE,0.89,15.08,99.89,68.03,entsoe.eu,false,""
2022-07-12T22:00:00.000000,Sweden,Sweden,SE,0.91,15.01,99.89,66.25,entsoe.eu,false,""
2022-07-12T23:00:00.000000,Sweden,Sweden,SE,0.95,15.17,99.89,65.27,entsoe.eu,false,""
2022-07-13T00:00:00.000000,Sweden,Sweden,SE,1.02,15.26,99.87,65.72,entsoe.eu,false,""
2022-07-13T01:00:00.000000,Sweden,Sweden,SE,1.08,15.43,99.86,65.81,entsoe.eu,false,""
2022-07-13T02:00:00.000000,Sweden,Sweden,SE,1.06,15.34,99.86,65.92,entsoe.eu,false,""
2022-07-13T03:00:00.000000,Sweden,Sweden,SE,1.1,15.48,99.85,66.03,entsoe.eu,false,""
2022-07-13T04:00:00.000000,Sweden,Sweden,SE,1.03,15.48,99.86,68.48,entsoe.eu,false,""
2022-07-13T05:00:00.000000,Sweden,Sweden,SE,1.07,16.03,99.86,69.49,entsoe.eu,false,""
2022-07-13T06:00:00.000000,Sweden,Sweden,SE,1.09,16.69,99.87,69.75,entsoe.eu,false,""
2022-07-13T07:00:00.000000,Sweden,Sweden,SE,1.1,17.09,99.87,70.23,entsoe.eu,false,""
2022-07-13T08:00:00.000000,Sweden,Sweden,SE,1.1,17.55,99.88,70.24,entsoe.eu,false,""
2022-07-13T09:00:00.000000,Sweden,Sweden,SE,1.05,17.58,99.89,69.98,entsoe.eu,false,""
2022-07-13T10:00:00.000000,Sweden,Sweden,SE,1.0,17.42,99.9,70.02,entsoe.eu,false,""
2022-07-13T11:00:00.000000,Sweden,Sweden,SE,0.9,17.0,99.92,70.42,entsoe.eu,false,""
2022-07-13T12:00:00.000000,Sweden,Sweden,SE,1.02,17.02,99.91,69.46,entsoe.eu,false,""
2022-07-13T13:00:00.000000,Sweden,Sweden,SE,0.74,16.37,99.95,68.74,entsoe.eu,false,""
2022-07-13T14:00:00.000000,Sweden,Sweden,SE,0.74,16.18,99.95,68.6,entsoe.eu,false,""
2022-07-13T15:00:00.000000,Sweden,Sweden,SE,0.74,15.87,99.94,70.55,entsoe.eu,false,""
2022-07-13T16:00:00.000000,Sweden,Sweden,SE,0.81,15.55,99.92,71.22,entsoe.eu,false,""
2022-07-13T17:00:00.000000,Sweden,Sweden,SE,0.76,14.98,99.92,71.1,entsoe.eu,false,""
2022-07-13T18:00:00.000000,Sweden,Sweden,SE,0.84,14.87,99.89,71.86,entsoe.eu,false,""
2022-07-13T19:00:00.000000,Sweden,Sweden,SE,1.03,15.17,99.85,70.83,entsoe.eu,false,""
2022-07-13T20:00:00.000000,Sweden,Sweden,SE,0.9,14.92,99.88,70.35,entsoe.eu,false,""
2022-07-13T21:00:00.000000,Sweden,Sweden,SE,0.73,14.61,99.92,69.92,entsoe.eu,false,""
2022-07-13T22:00:00.000000,Sweden,Sweden,SE,0.91,15.06,99.88,68.65,entsoe.eu,false,""
2022-07-13T23:00:00.000000,Sweden,Sweden,SE,0.72,14.75,99.93,68.21,entsoe.eu,false,""
2022-07-14T00:00:00.000000,Sweden,Sweden,SE,0.77,14.86,99.92,68.01,entsoe.eu,false,""
2022-07-14T01:00:00.000000,Sweden,Sweden,SE,0.87,14.98,99.89,67.55,entsoe.eu,false,""
2022-07-14T02:00:00.000000,Sweden,Sweden,SE,0.95,15.2,99.87,67.85,entsoe.eu,false,""
2022-07-14T03:00:00.000000,Sweden,Sweden,SE,0.84,15.16,99.9,68.3,entsoe.eu,false,""
2022-07-14T04:00:00.000000,Sweden,Sweden,SE,0.86,15.38,99.9,69.39,entsoe.eu,false,""
2022-07-14T05:00:00.000000,Sweden,Sweden,SE,1.09,16.15,99.85,70.18,entsoe.eu,false,""
2022-07-14T06:00:00.000000,Sweden,Sweden,SE,1.08,16.44,99.86,71.2,entsoe.eu,false,""
2022-07-14T07:00:00.000000,Sweden,Sweden,SE,1.09,16.78,99.86,71.98,entsoe.eu,false,""
2022-07-14T08:00:00.000000,Sweden,Sweden,SE,1.03,16.89,99.87,72.33,entsoe.eu,false,""
2022-07-14T09:00:00.000000,Sweden,Sweden,SE,1.05,17.11,99.87,72.14,entsoe.eu,false,""
2022-07-14T10:00:00.000000,Sweden,Sweden,SE,1.04,16.95,99.87,71.55,entsoe.eu,false,""
2022-07-14T11:00:00.000000,Sweden,Sweden,SE,1.01,16.78,99.87,71.86,entsoe.eu,false,""
2022-07-14T12:00:00.000000,Sweden,Sweden,SE,0.99,16.78,99.88,71.93,entsoe.eu,false,""
2022-07-14T13:00:00.000000,Sweden,Sweden,SE,0.99,16.52,99.88,71.67,entsoe.eu,false,""
2022-07-14T14:00:00.000000,Sweden,Sweden,SE,1.03,16.47,99.86,71.52,entsoe.eu,false,""
2022-07-14T15:00:00.000000,Sweden,Sweden,SE,1.07,16.13,99.85,71.75,entsoe.eu,false,""
2022-07-14T16:00:00.000000,Sweden,Sweden,SE,1.08,15.96,99.85,71.01,entsoe.eu,false,""
2022-07-14T17:00:00.000000,Sweden,Sweden,SE,1.1,15.99,99.84,70.54,entsoe.eu,false,""
2022-07-14T18:00:00.000000,Sweden,Sweden,SE,1.15,15.94,99.83,70.42,entsoe.eu,false,""
2022-07-14T19:00:00.000000,Sweden,Sweden,SE,1.05,15.52,99.85,70.11,entsoe.eu,false,""
2022-07-14T20:00:00.000000,Sweden,Sweden,SE,0.88,15.21,99.89,70.34,entsoe.eu,false,""
2022-07-14T21:00:00.000000,Sweden,Sweden,SE,0.82,15.06,99.9,71.31,entsoe.eu,false,""
2022-07-14T22:00:00.000000,Sweden,Sweden,SE,0.85,15.16,99.9,70.35,entsoe.eu,false,""
2022-07-14T23:00:00.000000,Sweden,Sweden,SE,0.69,15.08,99.94,69.3,entsoe.eu,false,""
2022-07-15T00:00:00.000000,Sweden,Sweden,SE,0.75,15.25,99.93,68.7,entsoe.eu,false,""
2022-07-15T01:00:00.000000,Sweden,Sweden,SE,0.76,15.29,99.93,68.64,entsoe.eu,false,""
2022-07-15T02:00:00.000000,Sweden,Sweden,SE,0.83,15.43,99.91,68.76,entsoe.eu,false,""
2022-07-15T03:00:00.000000,Sweden,Sweden,SE,0.82,15.4,99.91,68.74,entsoe.eu,false,""
2022-07-15T04:00:00.000000,Sweden,Sweden,SE,1.07,15.83,99.85,70.45,entsoe.eu,false,""
2022-07-15T05:00:00.000000,Sweden,Sweden,SE,1.42,16.71,99.76,71.5,entsoe.eu,false,""
2022-07-15T06:00:00.000000,Sweden,Sweden,SE,1.5,17.27,99.75,71.61,entsoe.eu,false,""
2022-07-15T07:00:00.000000,Sweden,Sweden,SE,1.31,17.36,99.81,71.15,entsoe.eu,false,""
2022-07-15T08:00:00.000000,Sweden,Sweden,SE,1.31,17.68,99.81,71.83,entsoe.eu,false,""
2022-07-15T09:00:00.000000,Sweden,Sweden,SE,1.21,17.59,99.84,72.34,entsoe.eu,false,""
2022-07-15T10:00:00.000000,Sweden,Sweden,SE,1.12,17.5,99.86,72.44,entsoe.eu,false,""
2022-07-15T11:00:00.000000,Sweden,Sweden,SE,0.99,17.25,99.89,72.13,entsoe.eu,false,""
2022-07-15T12:00:00.000000,Sweden,Sweden,SE,0.84,17.0,99.93,71.95,entsoe.eu,false,""
2022-07-15T13:00:00.000000,Sweden,Sweden,SE,0.79,16.74,99.94,71.42,entsoe.eu,false,""
2022-07-15T14:00:00.000000,Sweden,Sweden,SE,0.73,16.1,99.94,71.5,entsoe.eu,false,""
2022-07-15T15:00:00.000000,Sweden,Sweden,SE,0.87,16.16,99.91,71.51,entsoe.eu,false,""
2022-07-15T16:00:00.000000,Sweden,Sweden,SE,1.19,16.36,99.82,71.86,entsoe.eu,false,""
2022-07-15T17:00:00.000000,Sweden,Sweden,SE,1.16,15.97,99.82,71.02,entsoe.eu,false,""
2022-07-15T18:00:00.000000,Sweden,Sweden,SE,1.21,15.95,99.81,71.28,entsoe.eu,false,""
2022-07-15T19:00:00.000000,Sweden,Sweden,SE,1.18,15.97,99.82,70.85,entsoe.eu,false,""
2022-07-15T20:00:00.000000,Sweden,Sweden,SE,1.15,15.88,99.83,70.65,entsoe.eu,false,""
2022-07-15T21:00:00.000000,Sweden,Sweden,SE,1.09,15.78,99.84,70.79,entsoe.eu,false,""
2022-07-15T22:00:00.000000,Sweden,Sweden,SE,1.26,15.99,99.8,70.1,entsoe.eu,false,""
2022-07-15T23:00:00.000000,Sweden,Sweden,SE,1.25,15.81,99.8,69.75,entsoe.eu,false,""
2022-07-16T00:00:00.000000,Sweden,Sweden,SE,1.2,15.77,99.81,69.61,entsoe.eu,false,""
2022-07-16T01:00:00.000000,Sweden,Sweden,SE,1.15,15.77,99.83,69.43,entsoe.eu,false,""
2022-07-16T02:00:00.000000,Sweden,Sweden,SE,1.01,15.58,99.86,68.89,entsoe.eu,false,""
2022-07-16T03:00:00.000000,Sweden,Sweden,SE,0.91,15.49,99.89,69.29,entsoe.eu,false,""
2022-07-16T04:00:00.000000,Sweden,Sweden,SE,0.87,15.65,99.9,69.47,entsoe.eu,false,""
2022-07-16T05:00:00.000000,Sweden,Sweden,SE,0.92,16.12,99.9,69.06,entsoe.eu,false,""
2022-07-16T06:00:00.000000,Sweden,Sweden,SE,0.86,16.37,99.93,69.97,entsoe.eu,false,""
2022-07-16T07:00:00.000000,Sweden,Sweden,SE,2.45,18.77,99.7,69.78,entsoe.eu,false,""
2022-07-16T08:00:00.000000,Sweden,Sweden,SE,3.09,19.98,99.61,70.32,entsoe.eu,false,""
2022-07-16T09:00:00.000000,Sweden,Sweden,SE,3.86,21.37,99.51,69.84,entsoe.eu,false,""
2022-07-16T10:00:00.000000,Sweden,Sweden,SE,8.34,27.89,98.93,69.6,entsoe.eu,false,""
2022-07-16T11:00:00.000000,Sweden,Sweden,SE,9.0,28.55,98.87,68.96,entsoe.eu,false,""
2022-07-16T12:00:00.000000,Sweden,Sweden,SE,8.87,28.41,98.88,68.51,entsoe.eu,false,""
2022-07-16T13:00:00.000000,Sweden,Sweden,SE,6.95,25.53,99.15,68.51,entsoe.eu,false,""
2022-07-16T14:00:00.000000,Sweden,Sweden,SE,4.13,21.05,99.5,69.45,entsoe.eu,false,""
2022-07-16T15:00:00.000000,Sweden,Sweden,SE,2.57,18.8,99.62,70.69,entsoe.eu,false,""
2022-07-16T16:00:00.000000,Sweden,Sweden,SE,1.35,16.99,99.79,70.04,entsoe.eu,false,""
2022-07-16T17:00:00.000000,Sweden,Sweden,SE,1.38,17.01,99.79,69.89,entsoe.eu,false,""
2022-07-16T18:00:00.000000,Sweden,Sweden,SE,1.37,16.86,99.79,69.95,entsoe.eu,false,""
2022-07-16T19:00:00.000000,Sweden,Sweden,SE,1.36,16.86,99.79,70.0,entsoe.eu,false,""
2022-07-16T20:00:00.000000,Sweden,Sweden,SE,1.44,16.78,99.77,70.4,entsoe.eu,false,""
2022-07-16T21:00:00.000000,Sweden,Sweden,SE,1.38,16.58,99.77,71.05,entsoe.eu,false,""
2022-07-16T22:00:00.000000,Sweden,Sweden,SE,1.3,16.2,99.79,70.59,entsoe.eu,false,""
2022-07-16T23:00:00.000000,Sweden,Sweden,SE,1.05,15.83,99.86,69.71,entsoe.eu,false,""
2022-07-17T00:00:00.000000,Sweden,Sweden,SE,1.02,15.69,99.86,69.55,entsoe.eu,false,""
2022-07-17T01:00:00.000000,Sweden,Sweden,SE,1.04,15.74,99.86,69.68,entsoe.eu,false,""
2022-07-17T02:00:00.000000,Sweden,Sweden,SE,1.24,16.18,99.81,69.5,entsoe.eu,false,""
2022-07-17T03:00:00.000000,Sweden,Sweden,SE,1.44,16.5,99.77,69.2,entsoe.eu,false,""
2022-07-17T04:00:00.000000,Sweden,Sweden,SE,1.44,16.61,99.77,68.97,entsoe.eu,false,""
2022-07-17T05:00:00.000000,Sweden,Sweden,SE,1.46,17.07,99.77,69.1,entsoe.eu,false,""
2022-07-17T06:00:00.000000,Sweden,Sweden,SE,1.33,17.38,99.8,69.54,entsoe.eu,false,""
2022-07-17T07:00:00.000000,Sweden,Sweden,SE,1.39,17.78,99.8,68.71,entsoe.eu,false,""
2022-07-17T08:00:00.000000,Sweden,Sweden,SE,3.11,20.0,99.57,69.98,entsoe.eu,false,""
2022-07-17T09:00:00.000000,Sweden,Sweden,SE,4.87,22.35,99.35,69.44,entsoe.eu,false,""
2022-07-17T10:00:00.000000,Sweden,Sweden,SE,5.37,23.22,99.25,69.01,entsoe.eu,false,""
2022-07-17T11:00:00.000000,Sweden,Sweden,SE,5.62,23.75,99.23,69.39,entsoe.eu,false,""
2022-07-17T12:00:00.000000,Sweden,Sweden,SE,4.54,22.16,99.41,68.67,entsoe.eu,false,""
2022-07-17T13:00:00.000000,Sweden,Sweden,SE,1.98,18.45,99.72,68.59,entsoe.eu,false,""
2022-07-17T14:00:00.000000,Sweden,Sweden,SE,1.32,17.47,99.82,68.8,entsoe.eu,false,""
2022-07-17T15:00:00.000000,Sweden,Sweden,SE,1.26,17.03,99.82,69.03,entsoe.eu,false,""
2022-07-17T16:00:00.000000,Sweden,Sweden,SE,1.38,16.67,99.78,69.77,entsoe.eu,false,""
2022-07-17T17:00:00.000000,Sweden,Sweden,SE,1.37,16.5,99.78,70.32,entsoe.eu,false,""
2022-07-17T18:00:00.000000,Sweden,Sweden,SE,1.1,15.8,99.85,69.38,entsoe.eu,false,""
2022-07-17T19:00:00.000000,Sweden,Sweden,SE,1.21,16.06,99.82,69.11,entsoe.eu,false,""
2022-07-17T20:00:00.000000,Sweden,Sweden,SE,1.2,16.02,99.83,69.18,entsoe.eu,false,""
2022-07-17T21:00:00.000000,Sweden,Sweden,SE,1.32,16.15,99.8,68.74,entsoe.eu,false,""
2022-07-17T22:00:00.000000,Sweden,Sweden,SE,1.54,16.77,99.75,67.26,entsoe.eu,false,""
2022-07-17T23:00:00.000000,Sweden,Sweden,SE,1.49,16.77,99.75,66.97,entsoe.eu,false,""
2022-07-18T00:00:00.000000,Sweden,Sweden,SE,1.45,16.8,99.77,66.3,entsoe.eu,false,""
2022-07-18T01:00:00.000000,Sweden,Sweden,SE,1.34,16.62,99.8,65.69,entsoe.eu,false,""
2022-07-18T02:00:00.000000,Sweden,Sweden,SE,1.25,16.25,99.82,66.03,entsoe.eu,false,""
2022-07-18T03:00:00.000000,Sweden,Sweden,SE,1.33,16.58,99.81,65.96,entsoe.eu,false,""
2022-07-18T04:00:00.000000,Sweden,Sweden,SE,1.25,16.52,99.82,68.11,entsoe.eu,false,""
2022-07-18T05:00:00.000000,Sweden,Sweden,SE,1.25,16.8,99.82,68.64,entsoe.eu,false,""
2022-07-18T06:00:00.000000,Sweden,Sweden,SE,1.3,17.14,99.82,69.56,entsoe.eu,false,""
2022-07-18T07:00:00.000000,Sweden,Sweden,SE,1.3,17.5,99.82,69.65,entsoe.eu,false,""
2022-07-18T08:00:00.000000,Sweden,Sweden,SE,1.24,17.3,99.83,69.95,entsoe.eu,false,""
2022-07-18T09:00:00.000000,Sweden,Sweden,SE,1.22,17.31,99.84,69.93,entsoe.eu,false,""
2022-07-18T10:00:00.000000,Sweden,Sweden,SE,1.36,17.59,99.81,69.72,entsoe.eu,false,""
2022-07-18T11:00:00.000000,Sweden,Sweden,SE,1.34,17.64,99.82,69.29,entsoe.eu,false,""
2022-07-18T12:00:00.000000,Sweden,Sweden,SE,1.37,17.75,99.81,69.49,entsoe.eu,false,""
2022-07-18T13:00:00.000000,Sweden,Sweden,SE,1.4,17.76,99.81,69.41,entsoe.eu,false,""
2022-07-18T14:00:00.000000,Sweden,Sweden,SE,1.36,17.43,99.81,69.69,entsoe.eu,false,""
2022-07-18T15:00:00.000000,Sweden,Sweden,SE,1.34,17.34,99.81,69.89,entsoe.eu,false,""
2022-07-18T16:00:00.000000,Sweden,Sweden,SE,1.25,16.77,99.83,69.7,entsoe.eu,false,""
2022-07-18T17:00:00.000000,Sweden,Sweden,SE,1.19,16.2,99.83,69.04,entsoe.eu,false,""
2022-07-18T18:00:00.000000,Sweden,Sweden,SE,1.16,15.88,99.83,68.77,entsoe.eu,false,""
2022-07-18T19:00:00.000000,Sweden,Sweden,SE,1.24,15.77,99.81,68.67,entsoe.eu,false,""
2022-07-18T20:00:00.000000,Sweden,Sweden,SE,1.18,15.62,99.82,68.92,entsoe.eu,false,""
2022-07-18T21:00:00.000000,Sweden,Sweden,SE,1.25,15.79,99.81,68.27,entsoe.eu,false,""
2022-07-18T22:00:00.000000,Sweden,Sweden,SE,1.32,16.24,99.8,67.29,entsoe.eu,false,""
2022-07-18T23:00:00.000000,Sweden,Sweden,SE,1.34,16.29,99.8,66.99,entsoe.eu,false,""
2022-07-19T00:00:00.000000,Sweden,Sweden,SE,1.34,16.32,99.79,66.99,entsoe.eu,false,""
2022-07-19T01:00:00.000000,Sweden,Sweden,SE,1.36,16.4,99.79,66.53,entsoe.eu,false,""
2022-07-19T02:00:00.000000,Sweden,Sweden,SE,1.39,16.42,99.78,66.94,entsoe.eu,false,""
2022-07-19T03:00:00.000000,Sweden,Sweden,SE,1.35,16.46,99.79,66.88,entsoe.eu,false,""
2022-07-19T04:00:00.000000,Sweden,Sweden,SE,1.37,16.62,99.79,68.15,entsoe.eu,false,""
2022-07-19T05:00:00.000000,Sweden,Sweden,SE,1.42,17.27,99.79,68.57,entsoe.eu,false,""
2022-07-19T06:00:00.000000,Sweden,Sweden,SE,1.53,18.08,99.77,69.09,entsoe.eu,false,""
2022-07-19T07:00:00.000000,Sweden,Sweden,SE,1.53,18.39,99.77,69.48,entsoe.eu,false,""
2022-07-19T08:00:00.000000,Sweden,Sweden,SE,1.51,18.5,99.77,70.09,entsoe.eu,false,""
2022-07-19T09:00:00.000000,Sweden,Sweden,SE,1.45,18.5,99.79,70.37,entsoe.eu,false,""
2022-07-19T10:00:00.000000,Sweden,Sweden,SE,1.47,18.91,99.8,69.22,entsoe.eu,false,""
2022-07-19T11:00:00.000000,Sweden,Sweden,SE,1.41,18.69,99.81,69.31,entsoe.eu,false,""
2022-07-19T12:00:00.000000,Sweden,Sweden,SE,1.38,18.5,99.82,69.34,entsoe.eu,false,""
2022-07-19T13:00:00.000000,Sweden,Sweden,SE,1.39,18.44,99.82,68.87,entsoe.eu,false,""
2022-07-19T14:00:00.000000,Sweden,Sweden,SE,1.47,18.48,99.79,69.44,entsoe.eu,false,""
2022-07-19T15:00:00.000000,Sweden,Sweden,SE,1.53,18.59,99.76,70.07,entsoe.eu,false,""
2022-07-19T16:00:00.000000,Sweden,Sweden,SE,1.63,19.36,99.75,75.69,entsoe.eu,false,""
2022-07-19T17:00:00.000000,Sweden,Sweden,SE,1.7,19.18,99.73,75.47,entsoe.eu,false,""
2022-07-19T18:00:00.000000,Sweden,Sweden,SE,1.72,18.65,99.72,75.43,entsoe.eu,false,""
2022-07-19T19:00:00.000000,Sweden,Sweden,SE,1.57,18.32,99.75,75.19,entsoe.eu,false,""
2022-07-19T20:00:00.000000,Sweden,Sweden,SE,1.47,17.89,99.77,74.62,entsoe.eu,false,""
2022-07-19T21:00:00.000000,Sweden,Sweden,SE,1.35,17.15,99.8,72.73,entsoe.eu,false,""
2022-07-19T22:00:00.000000,Sweden,Sweden,SE,1.5,17.54,99.78,72.41,entsoe.eu,false,""
2022-07-19T23:00:00.000000,Sweden,Sweden,SE,1.18,16.88,99.85,72.24,entsoe.eu,false,""
2022-07-20T00:00:00.000000,Sweden,Sweden,SE,1.27,17.22,99.84,71.35,entsoe.eu,false,""
2022-07-20T01:00:00.000000,Sweden,Sweden,SE,1.46,17.93,99.8,71.93,entsoe.eu,false,""
2022-07-20T02:00:00.000000,Sweden,Sweden,SE,1.59,18.25,99.77,71.51,entsoe.eu,false,""
2022-07-20T03:00:00.000000,Sweden,Sweden,SE,1.62,18.85,99.77,72.84,entsoe.eu,false,""
2022-07-20T04:00:00.000000,Sweden,Sweden,SE,1.88,20.84,99.75,72.99,entsoe.eu,false,""
2022-07-20T05:00:00.000000,Sweden,Sweden,SE,1.94,21.76,99.75,74.18,entsoe.eu,false,""
2022-07-20T06:00:00.000000,Sweden,Sweden,SE,2.01,22.36,99.73,75.09,entsoe.eu,false,""
2022-07-20T07:00:00.000000,Sweden,Sweden,SE,2.07,22.85,99.72,75.96,entsoe.eu,false,""
2022-07-20T08:00:00.000000,Sweden,Sweden,SE,2.1,22.93,99.72,75.35,entsoe.eu,false,""
2022-07-20T09:00:00.000000,Sweden,Sweden,SE,2.02,23.58,99.75,73.7,entsoe.eu,false,""
2022-07-20T10:00:00.000000,Sweden,Sweden,SE,2.21,24.37,99.71,73.75,entsoe.eu,false,""
2022-07-20T11:00:00.000000,Sweden,Sweden,SE,2.22,24.38,99.71,74.17,entsoe.eu,false,""
2022-07-20T12:00:00.000000,Sweden,Sweden,SE,1.93,21.83,99.73,73.95,entsoe.eu,false,""
2022-07-20T13:00:00.000000,Sweden,Sweden,SE,1.78,20.58,99.74,73.76,entsoe.eu,false,""
2022-07-20T14:00:00.000000,Sweden,Sweden,SE,1.76,20.29,99.74,73.95,entsoe.eu,false,""
2022-07-20T15:00:00.000000,Sweden,Sweden,SE,1.76,19.84,99.73,74.85,entsoe.eu,false,""
2022-07-20T16:00:00.000000,Sweden,Sweden,SE,1.69,19.4,99.73,75.93,entsoe.eu,false,""
2022-07-20T17:00:00.000000,Sweden,Sweden,SE,1.61,18.81,99.75,75.24,entsoe.eu,false,""
2022-07-20T18:00:00.000000,Sweden,Sweden,SE,1.6,18.38,99.74,74.81,entsoe.eu,false,""
2022-07-20T19:00:00.000000,Sweden,Sweden,SE,1.56,17.9,99.75,74.45,entsoe.eu,false,""
2022-07-20T20:00:00.000000,Sweden,Sweden,SE,1.48,16.9,99.75,73.99,entsoe.eu,false,""
2022-07-20T21:00:00.000000,Sweden,Sweden,SE,1.39,16.58,99.77,74.11,entsoe.eu,false,""
2022-07-20T22:00:00.000000,Sweden,Sweden,SE,1.55,16.95,99.73,73.32,entsoe.eu,false,""
2022-07-20T23:00:00.000000,Sweden,Sweden,SE,1.63,17.12,99.72,73.25,entsoe.eu,false,""
2022-07-21T00:00:00.000000,Sweden,Sweden,SE,1.65,17.28,99.71,73.22,entsoe.eu,false,""
2022-07-21T01:00:00.000000,Sweden,Sweden,SE,1.63,17.43,99.72,72.94,entsoe.eu,false,""
2022-07-21T02:00:00.000000,Sweden,Sweden,SE,1.6,17.41,99.73,72.93,entsoe.eu,false,""
2022-07-21T03:00:00.000000,Sweden,Sweden,SE,1.68,18.09,99.72,74.07,entsoe.eu,false,""
2022-07-21T04:00:00.000000,Sweden,Sweden,SE,1.79,19.47,99.73,72.78,entsoe.eu,false,""
2022-07-21T05:00:00.000000,Sweden,Sweden,SE,1.91,20.29,99.71,72.81,entsoe.eu,false,""
2022-07-21T06:00:00.000000,Sweden,Sweden,SE,2.03,21.32,99.69,73.14,entsoe.eu,false,""
2022-07-21T07:00:00.000000,Sweden,Sweden,SE,2.17,22.06,99.68,72.91,entsoe.eu,false,""
2022-07-21T08:00:00.000000,Sweden,Sweden,SE,2.12,22.71,99.7,71.09,entsoe.eu,false,""
2022-07-21T09:00:00.000000,Sweden,Sweden,SE,2.02,22.46,99.72,70.65,entsoe.eu,false,""
2022-07-21T10:00:00.000000,Sweden,Sweden,SE,2.05,22.65,99.71,70.7,entsoe.eu,false,""
2022-07-21T11:00:00.000000,Sweden,Sweden,SE,2.02,22.32,99.72,70.51,entsoe.eu,false,""
2022-07-21T12:00:00.000000,Sweden,Sweden,SE,1.87,21.51,99.74,69.13,entsoe.eu,false,""
2022-07-21T13:00:00.000000,Sweden,Sweden,SE,1.69,19.52,99.76,68.08,entsoe.eu,false,""
2022-07-21T14:00:00.000000,Sweden,Sweden,SE,1.64,18.83,99.76,67.99,entsoe.eu,false,""
2022-07-21T15:00:00.000000,Sweden,Sweden,SE,1.74,19.12,99.74,68.68,entsoe.eu,false,""
2022-07-21T16:00:00.000000,Sweden,Sweden,SE,1.83,20.38,99.74,69.21,entsoe.eu,false,""
2022-07-21T17:00:00.000000,Sweden,Sweden,SE,1.61,18.48,99.76,67.63,entsoe.eu,false,""
2022-07-21T18:00:00.000000,Sweden,Sweden,SE,1.52,17.63,99.77,67.4,entsoe.eu,false,""
2022-07-21T19:00:00.000000,Sweden,Sweden,SE,1.41,16.41,99.77,66.62,entsoe.eu,false,""
2022-07-21T20:00:00.000000,Sweden,Sweden,SE,1.4,16.22,99.77,67.82,entsoe.eu,false,""
2022-07-21T21:00:00.000000,Sweden,Sweden,SE,1.42,16.19,99.76,68.19,entsoe.eu,false,""
2022-07-21T22:00:00.000000,Sweden,Sweden,SE,1.37,15.93,99.77,68.53,entsoe.eu,false,""
2022-07-21T23:00:00.000000,Sweden,Sweden,SE,1.4,16.01,99.76,68.2,entsoe.eu,false,""
2022-07-22T00:00:00.000000,Sweden,Sweden,SE,1.35,15.96,99.78,67.73,entsoe.eu,false,""
2022-07-22T01:00:00.000000,Sweden,Sweden,SE,1.26,15.75,99.8,67.49,entsoe.eu,false,""
2022-07-22T02:00:00.000000,Sweden,Sweden,SE,1.16,15.54,99.82,67.82,entsoe.eu,false,""
2022-07-22T03:00:00.000000,Sweden,Sweden,SE,1.15,15.58,99.82,68.57,entsoe.eu,false,""
2022-07-22T04:00:00.000000,Sweden,Sweden,SE,1.22,15.89,99.81,69.44,entsoe.eu,false,""
2022-07-22T05:00:00.000000,Sweden,Sweden,SE,1.28,16.46,99.8,69.57,entsoe.eu,false,""
2022-07-22T06:00:00.000000,Sweden,Sweden,SE,1.39,17.02,99.78,70.08,entsoe.eu,false,""
2022-07-22T07:00:00.000000,Sweden,Sweden,SE,1.42,17.32,99.78,70.49,entsoe.eu,false,""
2022-07-22T08:00:00.000000,Sweden,Sweden,SE,1.39,17.39,99.78,70.97,entsoe.eu,false,""
2022-07-22T09:00:00.000000,Sweden,Sweden,SE,1.37,17.51,99.78,71.61,entsoe.eu,false,""
2022-07-22T10:00:00.000000,Sweden,Sweden,SE,1.4,17.56,99.78,71.48,entsoe.eu,false,""
2022-07-22T11:00:00.000000,Sweden,Sweden,SE,1.34,17.48,99.79,71.19,entsoe.eu,false,""
2022-07-22T12:00:00.000000,Sweden,Sweden,SE,1.28,17.37,99.8,71.11,entsoe.eu,false,""
2022-07-22T13:00:00.000000,Sweden,Sweden,SE,1.21,16.98,99.83,69.56,entsoe.eu,false,""
2022-07-22T14:00:00.000000,Sweden,Sweden,SE,1.24,16.86,99.82,69.33,entsoe.eu,false,""
2022-07-22T15:00:00.000000,Sweden,Sweden,SE,1.27,16.87,99.81,69.68,entsoe.eu,false,""
2022-07-22T16:00:00.000000,Sweden,Sweden,SE,1.23,16.58,99.82,69.43,entsoe.eu,false,""
2022-07-22T17:00:00.000000,Sweden,Sweden,SE,1.24,16.38,99.82,68.83,entsoe.eu,false,""
2022-07-22T18:00:00.000000,Sweden,Sweden,SE,1.25,16.47,99.82,68.45,entsoe.eu,false,""
2022-07-22T19:00:00.000000,Sweden,Sweden,SE,1.21,16.08,99.82,68.4,entsoe.eu,false,""
2022-07-22T20:00:00.000000,Sweden,Sweden,SE,1.39,17.08,99.8,68.36,entsoe.eu,false,""
2022-07-22T21:00:00.000000,Sweden,Sweden,SE,1.44,17.08,99.78,68.32,entsoe.eu,false,""
2022-07-22T22:00:00.000000,Sweden,Sweden,SE,1.39,16.71,99.78,69.02,entsoe.eu,false,""
2022-07-22T23:00:00.000000,Sweden,Sweden,SE,1.36,16.67,99.79,68.23,entsoe.eu,false,""
2022-07-23T00:00:00.000000,Sweden,Sweden,SE,1.33,16.72,99.81,68.3,entsoe.eu,false,""
2022-07-23T01:00:00.000000,Sweden,Sweden,SE,1.32,16.6,99.8,68.63,entsoe.eu,false,""
2022-07-23T02:00:00.000000,Sweden,Sweden,SE,1.35,16.78,99.79,67.86,entsoe.eu,false,""
2022-07-23T03:00:00.000000,Sweden,Sweden,SE,1.45,16.9,99.78,66.35,entsoe.eu,false,""
2022-07-23T04:00:00.000000,Sweden,Sweden,SE,1.5,17.18,99.77,68.07,entsoe.eu,false,""
2022-07-23T05:00:00.000000,Sweden,Sweden,SE,1.47,17.18,99.77,68.91,entsoe.eu,false,""
2022-07-23T06:00:00.000000,Sweden,Sweden,SE,1.5,17.42,99.77,69.4,entsoe.eu,false,""
2022-07-23T07:00:00.000000,Sweden,Sweden,SE,1.53,17.76,99.76,69.51,entsoe.eu,false,""
2022-07-23T08:00:00.000000,Sweden,Sweden,SE,1.54,17.83,99.76,69.22,entsoe.eu,false,""
2022-07-23T09:00:00.000000,Sweden,Sweden,SE,1.51,17.78,99.77,68.35,entsoe.eu,false,""
2022-07-23T10:00:00.000000,Sweden,Sweden,SE,1.51,17.9,99.77,68.67,entsoe.eu,false,""
2022-07-23T11:00:00.000000,Sweden,Sweden,SE,1.51,17.6,99.76,69.02,entsoe.eu,false,""
2022-07-23T12:00:00.000000,Sweden,Sweden,SE,1.46,17.35,99.78,68.93,entsoe.eu,false,""
2022-07-23T13:00:00.000000,Sweden,Sweden,SE,1.43,17.2,99.78,69.04,entsoe.eu,false,""
2022-07-23T14:00:00.000000,Sweden,Sweden,SE,1.41,16.71,99.78,68.35,entsoe.eu,false,""
2022-07-23T15:00:00.000000,Sweden,Sweden,SE,1.41,16.45,99.77,68.82,entsoe.eu,false,""
2022-07-23T16:00:00.000000,Sweden,Sweden,SE,1.43,16.31,99.76,68.71,entsoe.eu,false,""
2022-07-23T17:00:00.000000,Sweden,Sweden,SE,1.43,16.16,99.76,68.65,entsoe.eu,false,""
2022-07-23T18:00:00.000000,Sweden,Sweden,SE,1.39,15.88,99.77,68.76,entsoe.eu,false,""
2022-07-23T19:00:00.000000,Sweden,Sweden,SE,1.39,15.75,99.77,68.66,entsoe.eu,false,""
2022-07-23T20:00:00.000000,Sweden,Sweden,SE,1.34,15.53,99.77,69.02,entsoe.eu,false,""
2022-07-23T21:00:00.000000,Sweden,Sweden,SE,1.23,15.29,99.8,68.68,entsoe.eu,false,""
2022-07-23T22:00:00.000000,Sweden,Sweden,SE,1.36,15.7,99.77,66.46,entsoe.eu,false,""
2022-07-23T23:00:00.000000,Sweden,Sweden,SE,1.43,15.8,99.76,66.09,entsoe.eu,false,""
2022-07-24T00:00:00.000000,Sweden,Sweden,SE,1.48,15.9,99.74,65.88,entsoe.eu,false,""
2022-07-24T01:00:00.000000,Sweden,Sweden,SE,1.43,15.84,99.76,65.54,entsoe.eu,false,""
2022-07-24T02:00:00.000000,Sweden,Sweden,SE,1.48,15.89,99.75,65.13,entsoe.eu,false,""
2022-07-24T03:00:00.000000,Sweden,Sweden,SE,1.63,16.15,99.72,66.03,entsoe.eu,false,""
2022-07-24T04:00:00.000000,Sweden,Sweden,SE,1.55,16.35,99.74,66.42,entsoe.eu,false,""
2022-07-24T05:00:00.000000,Sweden,Sweden,SE,1.42,16.41,99.77,67.09,entsoe.eu,false,""
2022-07-24T06:00:00.000000,Sweden,Sweden,SE,1.42,16.99,99.78,67.79,entsoe.eu,false,""
2022-07-24T07:00:00.000000,Sweden,Sweden,SE,1.41,17.58,99.79,68.04,entsoe.eu,false,""
2022-07-24T08:00:00.000000,Sweden,Sweden,SE,2.2,19.17,99.69,68.35,entsoe.eu,false,""
2022-07-24T09:00:00.000000,Sweden,Sweden,SE,4.03,21.86,99.43,69.08,entsoe.eu,false,""
2022-07-24T10:00:00.000000,Sweden,Sweden,SE,4.26,22.05,99.38,69.29,entsoe.eu,false,""
2022-07-24T11:00:00.000000,Sweden,Sweden,SE,4.38,21.94,99.36,69.81,entsoe.eu,false,""
2022-07-24T12:00:00.000000,Sweden,Sweden,SE,4.33,21.52,99.37,69.99,entsoe.eu,false,""
2022-07-24T13:00:00.000000,Sweden,Sweden,SE,3.03,19.64,99.57,69.6,entsoe.eu,false,""
2022-07-24T14:00:00.000000,Sweden,Sweden,SE,1.2,17.0,99.84,68.9,entsoe.eu,false,""
2022-07-24T15:00:00.000000,Sweden,Sweden,SE,1.19,16.82,99.84,69.67,entsoe.eu,false,""
2022-07-24T16:00:00.000000,Sweden,Sweden,SE,1.15,16.52,99.85,69.97,entsoe.eu,false,""
2022-07-24T17:00:00.000000,Sweden,Sweden,SE,1.11,16.21,99.85,70.02,entsoe.eu,false,""
2022-07-24T18:00:00.000000,Sweden,Sweden,SE,1.14,16.11,99.84,70.19,entsoe.eu,false,""
2022-07-24T19:00:00.000000,Sweden,Sweden,SE,1.14,16.13,99.84,70.02,entsoe.eu,false,""
2022-07-24T20:00:00.000000,Sweden,Sweden,SE,1.11,15.94,99.84,69.86,entsoe.eu,false,""
2022-07-24T21:00:00.000000,Sweden,Sweden,SE,1.02,15.7,99.87,70.01,entsoe.eu,false,""
2022-07-24T22:00:00.000000,Sweden,Sweden,SE,1.21,16.21,99.83,67.58,entsoe.eu,false,""
2022-07-24T23:00:00.000000,Sweden,Sweden,SE,1.18,16.23,99.83,66.79,entsoe.eu,false,""
2022-07-25T00:00:00.000000,Sweden,Sweden,SE,1.22,16.51,99.83,66.67,entsoe.eu,false,""
2022-07-25T01:00:00.000000,Sweden,Sweden,SE,1.2,16.44,99.83,66.84,entsoe.eu,false,""
2022-07-25T02:00:00.000000,Sweden,Sweden,SE,1.2,16.41,99.83,66.41,entsoe.eu,false,""
2022-07-25T03:00:00.000000,Sweden,Sweden,SE,1.23,16.56,99.83,66.44,entsoe.eu,false,""
2022-07-25T04:00:00.000000,Sweden,Sweden,SE,1.18,16.47,99.84,68.41,entsoe.eu,false,""
2022-07-25T05:00:00.000000,Sweden,Sweden,SE,1.27,16.75,99.81,69.37,entsoe.eu,false,""
2022-07-25T06:00:00.000000,Sweden,Sweden,SE,1.36,17.17,99.79,69.73,entsoe.eu,false,""
2022-07-25T07:00:00.000000,Sweden,Sweden,SE,1.35,17.46,99.8,70.35,entsoe.eu,false,""
2022-07-25T08:00:00.000000,Sweden,Sweden,SE,1.44,17.64,99.78,70.19,entsoe.eu,false,""
2022-07-25T09:00:00.000000,Sweden,Sweden,SE,1.41,17.53,99.78,69.99,entsoe.eu,false,""
2022-07-25T10:00:00.000000,Sweden,Sweden,SE,1.47,17.66,99.78,69.75,entsoe.eu,false,""
2022-07-25T11:00:00.000000,Sweden,Sweden,SE,1.51,17.71,99.76,70.69,entsoe.eu,false,""
2022-07-25T12:00:00.000000,Sweden,Sweden,SE,1.46,17.53,99.78,70.63,entsoe.eu,false,""
2022-07-25T13:00:00.000000,Sweden,Sweden,SE,1.35,17.09,99.8,70.74,entsoe.eu,false,""
2022-07-25T14:00:00.000000,Sweden,Sweden,SE,1.22,16.69,99.83,70.25,entsoe.eu,false,""
2022-07-25T15:00:00.000000,Sweden,Sweden,SE,1.21,16.81,99.83,70.47,entsoe.eu,false,""
2022-07-25T16:00:00.000000,Sweden,Sweden,SE,1.26,16.85,99.82,70.32,entsoe.eu,false,""
2022-07-25T17:00:00.000000,Sweden,Sweden,SE,1.23,16.58,99.82,70.29,entsoe.eu,false,""
2022-07-25T18:00:00.000000,Sweden,Sweden,SE,1.27,16.57,99.81,70.12,entsoe.eu,false,""
2022-07-25T19:00:00.000000,Sweden,Sweden,SE,1.29,16.49,99.81,69.84,entsoe.eu,false,""
2022-07-25T20:00:00.000000,Sweden,Sweden,SE,1.28,16.5,99.81,69.59,entsoe.eu,false,""
2022-07-25T21:00:00.000000,Sweden,Sweden,SE,1.25,16.48,99.82,67.57,entsoe.eu,false,""
2022-07-25T22:00:00.000000,Sweden,Sweden,SE,1.32,16.74,99.81,67.1,entsoe.eu,false,""
2022-07-25T23:00:00.000000,Sweden,Sweden,SE,1.35,16.83,99.8,66.37,entsoe.eu,false,""
2022-07-26T00:00:00.000000,Sweden,Sweden,SE,1.42,17.17,99.79,65.4,entsoe.eu,false,""
2022-07-26T01:00:00.000000,Sweden,Sweden,SE,1.42,17.19,99.79,65.22,entsoe.eu,false,""
2022-07-26T02:00:00.000000,Sweden,Sweden,SE,1.43,17.24,99.79,65.17,entsoe.eu,false,""
2022-07-26T03:00:00.000000,Sweden,Sweden,SE,1.51,17.34,99.77,66.58,entsoe.eu,false,""
2022-07-26T04:00:00.000000,Sweden,Sweden,SE,1.49,17.41,99.77,67.42,entsoe.eu,false,""
2022-07-26T05:00:00.000000,Sweden,Sweden,SE,1.62,17.59,99.74,69.73,entsoe.eu,false,""
2022-07-26T06:00:00.000000,Sweden,Sweden,SE,1.66,17.84,99.74,70.75,entsoe.eu,false,""
2022-07-26T07:00:00.000000,Sweden,Sweden,SE,1.61,17.97,99.76,70.7,entsoe.eu,false,""
2022-07-26T08:00:00.000000,Sweden,Sweden,SE,1.47,17.98,99.79,71.42,entsoe.eu,false,""
2022-07-26T09:00:00.000000,Sweden,Sweden,SE,1.23,17.9,99.84,70.94,entsoe.eu,false,""
2022-07-26T10:00:00.000000,Sweden,Sweden,SE,1.24,18.06,99.85,70.71,entsoe.eu,false,""
2022-07-26T11:00:00.000000,Sweden,Sweden,SE,1.19,17.91,99.86,70.43,entsoe.eu,false,""
2022-07-26T12:00:00.000000,Sweden,Sweden,SE,1.36,18.07,99.83,70.3,entsoe.eu,false,""
2022-07-26T13:00:00.000000,Sweden,Sweden,SE,1.12,17.53,99.87,69.99,entsoe.eu,false,""
2022-07-26T14:00:00.000000,Sweden,Sweden,SE,0.95,17.06,99.91,70.3,entsoe.eu,false,""
2022-07-26T15:00:00.000000,Sweden,Sweden,SE,0.95,16.67,99.9,70.84,entsoe.eu,false,""
2022-07-26T16:00:00.000000,Sweden,Sweden,SE,1.02,16.48,99.88,71.13,entsoe.eu,false,""
2022-07-26T17:00:00.000000,Sweden,Sweden,SE,1.11,16.58,99.86,70.06,entsoe.eu,false,""
2022-07-26T18:00:00.000000,Sweden,Sweden,SE,1.18,16.53,99.84,69.22,entsoe.eu,false,""
2022-07-26T19:00:00.000000,Sweden,Sweden,SE,1.21,16.5,99.83,68.91,entsoe.eu,false,""
2022-07-26T20:00:00.000000,Sweden,Sweden,SE,1.26,16.7,99.82,69.26,entsoe.eu,false,""
2022-07-26T21:00:00.000000,Sweden,Sweden,SE,1.36,17.1,99.8,68.59,entsoe.eu,false,""
2022-07-26T22:00:00.000000,Sweden,Sweden,SE,1.4,17.16,99.8,64.45,entsoe.eu,false,""
2022-07-26T23:00:00.000000,Sweden,Sweden,SE,1.46,17.23,99.78,65.05,entsoe.eu,false,""
2022-07-27T00:00:00.000000,Sweden,Sweden,SE,1.33,17.0,99.81,65.24,entsoe.eu,false,""
2022-07-27T01:00:00.000000,Sweden,Sweden,SE,1.24,16.96,99.84,64.39,entsoe.eu,false,""
2022-07-27T02:00:00.000000,Sweden,Sweden,SE,1.16,16.72,99.85,64.96,entsoe.eu,false,""
2022-07-27T03:00:00.000000,Sweden,Sweden,SE,1.2,16.82,99.84,65.68,entsoe.eu,false,""
2022-07-27T04:00:00.000000,Sweden,Sweden,SE,1.28,16.99,99.82,67.83,entsoe.eu,false,""
2022-07-27T05:00:00.000000,Sweden,Sweden,SE,1.25,17.16,99.83,68.47,entsoe.eu,false,""
2022-07-27T06:00:00.000000,Sweden,Sweden,SE,1.34,17.5,99.81,69.27,entsoe.eu,false,""
2022-07-27T07:00:00.000000,Sweden,Sweden,SE,1.59,18.08,99.74,70.02,entsoe.eu,false,""
2022-07-27T08:00:00.000000,Sweden,Sweden,SE,1.32,17.86,99.82,70.36,entsoe.eu,false,""
2022-07-27T09:00:00.000000,Sweden,Sweden,SE,1.27,17.88,99.83,70.33,entsoe.eu,false,""
2022-07-27T10:00:00.000000,Sweden,Sweden,SE,1.32,18.0,99.82,70.1,entsoe.eu,false,""
2022-07-27T11:00:00.000000,Sweden,Sweden,SE,1.35,18.21,99.82,69.83,entsoe.eu,false,""
2022-07-27T12:00:00.000000,Sweden,Sweden,SE,1.35,18.17,99.81,69.67,entsoe.eu,false,""
2022-07-27T13:00:00.000000,Sweden,Sweden,SE,1.43,18.18,99.79,69.95,entsoe.eu,false,""
2022-07-27T14:00:00.000000,Sweden,Sweden,SE,1.46,18.09,99.78,69.81,entsoe.eu,false,""
2022-07-27T15:00:00.000000,Sweden,Sweden,SE,1.54,18.02,99.76,69.35,entsoe.eu,false,""
2022-07-27T16:00:00.000000,Sweden,Sweden,SE,1.54,17.82,99.76,68.98,entsoe.eu,false,""
2022-07-27T17:00:00.000000,Sweden,Sweden,SE,1.45,17.35,99.78,68.63,entsoe.eu,false,""
2022-07-27T18:00:00.000000,Sweden,Sweden,SE,1.43,17.48,99.79,68.44,entsoe.eu,false,""
2022-07-27T19:00:00.000000,Sweden,Sweden,SE,1.32,17.19,99.82,67.92,entsoe.eu,false,""
2022-07-27T20:00:00.000000,Sweden,Sweden,SE,1.27,17.05,99.83,67.53,entsoe.eu,false,""
2022-07-27T21:00:00.000000,Sweden,Sweden,SE,1.29,17.07,99.82,67.73,entsoe.eu,false,""
2022-07-27T22:00:00.000000,Sweden,Sweden,SE,1.51,16.92,99.76,66.84,entsoe.eu,false,""
2022-07-27T23:00:00.000000,Sweden,Sweden,SE,1.51,16.8,99.75,66.61,entsoe.eu,false,""
2022-07-28T00:00:00.000000,Sweden,Sweden,SE,1.47,16.71,99.76,66.58,entsoe.eu,false,""
2022-07-28T01:00:00.000000,Sweden,Sweden,SE,1.54,16.87,99.75,66.17,entsoe.eu,false,""
2022-07-28T02:00:00.000000,Sweden,Sweden,SE,1.43,16.67,99.77,66.0,entsoe.eu,false,""
2022-07-28T03:00:00.000000,Sweden,Sweden,SE,1.39,16.65,99.78,66.39,entsoe.eu,false,""
2022-07-28T04:00:00.000000,Sweden,Sweden,SE,1.4,17.08,99.78,67.18,entsoe.eu,false,""
2022-07-28T05:00:00.000000,Sweden,Sweden,SE,1.3,17.41,99.82,68.33,entsoe.eu,false,""
2022-07-28T06:00:00.000000,Sweden,Sweden,SE,1.33,18.07,99.83,67.99,entsoe.eu,false,""
2022-07-28T07:00:00.000000,Sweden,Sweden,SE,1.45,18.7,99.8,68.77,entsoe.eu,false,""
2022-07-28T08:00:00.000000,Sweden,Sweden,SE,1.49,19.08,99.8,69.1,entsoe.eu,false,""
2022-07-28T09:00:00.000000,Sweden,Sweden,SE,1.41,18.89,99.81,69.19,entsoe.eu,false,""
2022-07-28T10:00:00.000000,Sweden,Sweden,SE,1.41,19.03,99.81,69.29,entsoe.eu,false,""
2022-07-28T11:00:00.000000,Sweden,Sweden,SE,1.32,18.73,99.84,69.27,entsoe.eu,false,""
2022-07-28T12:00:00.000000,Sweden,Sweden,SE,1.26,18.38,99.85,69.06,entsoe.eu,false,""
2022-07-28T13:00:00.000000,Sweden,Sweden,SE,1.25,18.07,99.85,69.0,entsoe.eu,false,""
2022-07-28T14:00:00.000000,Sweden,Sweden,SE,1.31,17.92,99.83,68.33,entsoe.eu,false,""
2022-07-28T15:00:00.000000,Sweden,Sweden,SE,1.36,17.76,99.81,68.77,entsoe.eu,false,""
2022-07-28T16:00:00.000000,Sweden,Sweden,SE,1.38,17.53,99.8,69.25,entsoe.eu,false,""
2022-07-28T17:00:00.000000,Sweden,Sweden,SE,1.34,17.14,99.81,68.93,entsoe.eu,false,""
2022-07-28T18:00:00.000000,Sweden,Sweden,SE,1.28,16.56,99.81,68.64,entsoe.eu,false,""
2022-07-28T19:00:00.000000,Sweden,Sweden,SE,1.25,16.36,99.82,68.08,entsoe.eu,false,""
2022-07-28T20:00:00.000000,Sweden,Sweden,SE,1.19,16.08,99.83,67.72,entsoe.eu,false,""
2022-07-28T21:00:00.000000,Sweden,Sweden,SE,1.14,15.85,99.84,67.57,entsoe.eu,false,""
2022-07-28T22:00:00.000000,Sweden,Sweden,SE,1.19,15.82,99.83,67.66,entsoe.eu,false,""
2022-07-28T23:00:00.000000,Sweden,Sweden,SE,1.26,15.97,99.81,67.37,entsoe.eu,false,""
2022-07-29T00:00:00.000000,Sweden,Sweden,SE,1.28,16.0,99.8,67.05,entsoe.eu,false,""
2022-07-29T01:00:00.000000,Sweden,Sweden,SE,1.33,16.06,99.79,67.12,entsoe.eu,false,""
2022-07-29T02:00:00.000000,Sweden,Sweden,SE,1.34,16.16,99.79,66.88,entsoe.eu,false,""
2022-07-29T03:00:00.000000,Sweden,Sweden,SE,1.34,16.15,99.79,67.23,entsoe.eu,false,""
2022-07-29T04:00:00.000000,Sweden,Sweden,SE,1.38,16.67,99.79,67.5,entsoe.eu,false,""
2022-07-29T05:00:00.000000,Sweden,Sweden,SE,1.45,17.24,99.78,68.36,entsoe.eu,false,""
2022-07-29T06:00:00.000000,Sweden,Sweden,SE,1.55,17.92,99.76,69.23,entsoe.eu,false,""
2022-07-29T07:00:00.000000,Sweden,Sweden,SE,1.57,18.39,99.77,69.42,entsoe.eu,false,""
2022-07-29T08:00:00.000000,Sweden,Sweden,SE,1.48,18.36,99.79,69.43,entsoe.eu,false,""
2022-07-29T09:00:00.000000,Sweden,Sweden,SE,1.48,18.65,99.79,69.67,entsoe.eu,false,""
2022-07-29T10:00:00.000000,Sweden,Sweden,SE,1.5,18.67,99.79,69.44,entsoe.eu,false,""
2022-07-29T11:00:00.000000,Sweden,Sweden,SE,1.47,18.5,99.79,69.57,entsoe.eu,false,""
2022-07-29T12:00:00.000000,Sweden,Sweden,SE,1.44,18.1,99.79,69.6,entsoe.eu,false,""
2022-07-29T13:00:00.000000,Sweden,Sweden,SE,1.34,17.73,99.82,69.53,entsoe.eu,false,""
2022-07-29T14:00:00.000000,Sweden,Sweden,SE,1.27,17.37,99.83,69.64,entsoe.eu,false,""
2022-07-29T15:00:00.000000,Sweden,Sweden,SE,1.28,17.08,99.82,69.51,entsoe.eu,false,""
2022-07-29T16:00:00.000000,Sweden,Sweden,SE,1.29,16.79,99.81,69.59,entsoe.eu,false,""
2022-07-29T17:00:00.000000,Sweden,Sweden,SE,1.29,16.66,99.81,69.2,entsoe.eu,false,""
2022-07-29T18:00:00.000000,Sweden,Sweden,SE,1.25,16.17,99.82,68.46,entsoe.eu,false,""
2022-07-29T19:00:00.000000,Sweden,Sweden,SE,1.19,15.91,99.83,68.55,entsoe.eu,false,""
2022-07-29T20:00:00.000000,Sweden,Sweden,SE,1.21,15.95,99.82,68.53,entsoe.eu,false,""
2022-07-29T21:00:00.000000,Sweden,Sweden,SE,1.17,15.64,99.83,68.19,entsoe.eu,false,""
2022-07-29T22:00:00.000000,Sweden,Sweden,SE,1.27,16.02,99.81,67.38,entsoe.eu,false,""
2022-07-29T23:00:00.000000,Sweden,Sweden,SE,1.24,15.91,99.82,66.75,entsoe.eu,false,""
2022-07-30T00:00:00.000000,Sweden,Sweden,SE,1.28,16.07,99.81,66.19,entsoe.eu,false,""
2022-07-30T01:00:00.000000,Sweden,Sweden,SE,1.27,16.07,99.81,66.32,entsoe.eu,false,""
2022-07-30T02:00:00.000000,Sweden,Sweden,SE,1.22,15.97,99.82,66.38,entsoe.eu,false,""
2022-07-30T03:00:00.000000,Sweden,Sweden,SE,1.29,16.1,99.8,66.73,entsoe.eu,false,""
2022-07-30T04:00:00.000000,Sweden,Sweden,SE,1.28,16.23,99.81,66.58,entsoe.eu,false,""
2022-07-30T05:00:00.000000,Sweden,Sweden,SE,1.17,16.5,99.85,66.72,entsoe.eu,false,""
2022-07-30T06:00:00.000000,Sweden,Sweden,SE,1.34,17.38,99.82,68.15,entsoe.eu,false,""
2022-07-30T07:00:00.000000,Sweden,Sweden,SE,1.36,17.82,99.81,68.62,entsoe.eu,false,""
2022-07-30T08:00:00.000000,Sweden,Sweden,SE,1.39,18.12,99.81,68.76,entsoe.eu,false,""
2022-07-30T09:00:00.000000,Sweden,Sweden,SE,1.43,18.46,99.8,69.28,entsoe.eu,false,""
2022-07-30T10:00:00.000000,Sweden,Sweden,SE,1.37,18.35,99.82,69.47,entsoe.eu,false,""
2022-07-30T11:00:00.000000,Sweden,Sweden,SE,1.29,18.07,99.84,69.25,entsoe.eu,false,""
2022-07-30T12:00:00.000000,Sweden,Sweden,SE,1.25,17.94,99.84,69.33,entsoe.eu,false,""
2022-07-30T13:00:00.000000,Sweden,Sweden,SE,1.21,17.62,99.85,69.41,entsoe.eu,false,""
2022-07-30T14:00:00.000000,Sweden,Sweden,SE,1.28,17.76,99.84,69.32,entsoe.eu,false,""
2022-07-30T15:00:00.000000,Sweden,Sweden,SE,1.26,17.39,99.84,68.88,entsoe.eu,false,""
2022-07-30T16:00:00.000000,Sweden,Sweden,SE,1.23,16.93,99.84,68.71,entsoe.eu,false,""
2022-07-30T17:00:00.000000,Sweden,Sweden,SE,1.22,16.62,99.84,68.4,entsoe.eu,false,""
2022-07-30T18:00:00.000000,Sweden,Sweden,SE,1.16,16.19,99.84,68.18,entsoe.eu,false,""
2022-07-30T19:00:00.000000,Sweden,Sweden,SE,1.17,16.18,99.84,67.92,entsoe.eu,false,""
2022-07-30T20:00:00.000000,Sweden,Sweden,SE,1.26,16.36,99.82,68.19,entsoe.eu,false,""
2022-07-30T21:00:00.000000,Sweden,Sweden,SE,1.21,16.22,99.82,68.37,entsoe.eu,false,""
2022-07-30T22:00:00.000000,Sweden,Sweden,SE,1.17,16.2,99.84,67.89,entsoe.eu,false,""
2022-07-30T23:00:00.000000,Sweden,Sweden,SE,1.17,16.19,99.84,67.57,entsoe.eu,false,""
2022-07-31T00:00:00.000000,Sweden,Sweden,SE,1.22,16.33,99.83,67.38,entsoe.eu,false,""
2022-07-31T01:00:00.000000,Sweden,Sweden,SE,1.23,16.35,99.83,67.21,entsoe.eu,false,""
2022-07-31T02:00:00.000000,Sweden,Sweden,SE,1.28,16.36,99.81,67.49,entsoe.eu,false,""
2022-07-31T03:00:00.000000,Sweden,Sweden,SE,1.36,16.53,99.8,67.0,entsoe.eu,false,""
2022-07-31T04:00:00.000000,Sweden,Sweden,SE,1.32,16.67,99.81,66.98,entsoe.eu,false,""
2022-07-31T05:00:00.000000,Sweden,Sweden,SE,1.38,17.09,99.8,67.3,entsoe.eu,false,""
2022-07-31T06:00:00.000000,Sweden,Sweden,SE,1.41,17.46,99.79,67.81,entsoe.eu,false,""
2022-07-31T07:00:00.000000,Sweden,Sweden,SE,1.36,17.64,99.81,67.86,entsoe.eu,false,""
2022-07-31T08:00:00.000000,Sweden,Sweden,SE,1.37,17.83,99.81,68.12,entsoe.eu,false,""
2022-07-31T09:00:00.000000,Sweden,Sweden,SE,1.33,17.61,99.81,68.74,entsoe.eu,false,""
2022-07-31T10:00:00.000000,Sweden,Sweden,SE,1.35,17.67,99.81,68.61,entsoe.eu,false,""
2022-07-31T11:00:00.000000,Sweden,Sweden,SE,1.34,17.65,99.81,67.92,entsoe.eu,false,""
2022-07-31T12:00:00.000000,Sweden,Sweden,SE,1.23,17.26,99.84,67.17,entsoe.eu,false,""
2022-07-31T13:00:00.000000,Sweden,Sweden,SE,1.19,16.9,99.84,67.41,entsoe.eu,false,""
2022-07-31T14:00:00.000000,Sweden,Sweden,SE,1.19,16.75,99.84,67.41,entsoe.eu,false,""
2022-07-31T15:00:00.000000,Sweden,Sweden,SE,1.17,16.58,99.84,66.94,entsoe.eu,false,""
2022-07-31T16:00:00.000000,Sweden,Sweden,SE,1.2,16.48,99.84,66.58,entsoe.eu,false,""
2022-07-31T17:00:00.000000,Sweden,Sweden,SE,1.15,16.1,99.84,66.46,entsoe.eu,false,""
2022-07-31T18:00:00.000000,Sweden,Sweden,SE,1.15,15.87,99.84,66.8,entsoe.eu,false,""
2022-07-31T19:00:00.000000,Sweden,Sweden,SE,1.16,15.82,99.83,66.84,entsoe.eu,false,""
2022-07-31T20:00:00.000000,Sweden,Sweden,SE,1.18,15.9,99.83,66.42,entsoe.eu,false,""
2022-07-31T21:00:00.000000,Sweden,Sweden,SE,1.17,15.77,99.83,66.2,entsoe.eu,false,""
2022-07-31T22:00:00.000000,Sweden,Sweden,SE,1.35,15.93,99.79,64.04,entsoe.eu,false,""
2022-07-31T23:00:00.000000,Sweden,Sweden,SE,1.36,16.05,99.78,62.91,entsoe.eu,false,""
2022-08-01T00:00:00.000000,Sweden,Sweden,SE,1.43,16.15,99.76,62.82,entsoe.eu,false,""
2022-08-01T01:00:00.000000,Sweden,Sweden,SE,1.44,16.28,99.76,62.76,entsoe.eu,false,""
2022-08-01T02:00:00.000000,Sweden,Sweden,SE,1.43,16.28,99.77,62.09,entsoe.eu,false,""
2022-08-01T03:00:00.000000,Sweden,Sweden,SE,1.45,16.29,99.76,62.35,entsoe.eu,false,""
2022-08-01T04:00:00.000000,Sweden,Sweden,SE,1.28,15.94,99.8,63.56,entsoe.eu,false,""
2022-08-01T05:00:00.000000,Sweden,Sweden,SE,1.19,15.85,99.82,64.97,entsoe.eu,false,""
2022-08-01T06:00:00.000000,Sweden,Sweden,SE,1.19,16.13,99.83,65.44,entsoe.eu,false,""
2022-08-01T07:00:00.000000,Sweden,Sweden,SE,1.18,16.55,99.83,66.57,entsoe.eu,false,""
2022-08-01T08:00:00.000000,Sweden,Sweden,SE,1.17,16.76,99.83,66.78,entsoe.eu,false,""
2022-08-01T09:00:00.000000,Sweden,Sweden,SE,1.21,17.16,99.83,67.0,entsoe.eu,false,""
2022-08-01T10:00:00.000000,Sweden,Sweden,SE,1.29,17.08,99.81,66.93,entsoe.eu,false,""
2022-08-01T11:00:00.000000,Sweden,Sweden,SE,1.29,17.07,99.82,67.0,entsoe.eu,false,""
2022-08-01T12:00:00.000000,Sweden,Sweden,SE,1.19,16.73,99.84,66.92,entsoe.eu,false,""
2022-08-01T13:00:00.000000,Sweden,Sweden,SE,1.14,16.55,99.85,67.34,entsoe.eu,false,""
2022-08-01T14:00:00.000000,Sweden,Sweden,SE,1.11,16.19,99.85,67.17,entsoe.eu,false,""
2022-08-01T15:00:00.000000,Sweden,Sweden,SE,1.12,15.97,99.84,67.11,entsoe.eu,false,""
2022-08-01T16:00:00.000000,Sweden,Sweden,SE,1.09,15.5,99.84,66.43,entsoe.eu,false,""
2022-08-01T17:00:00.000000,Sweden,Sweden,SE,1.15,15.36,99.82,66.37,entsoe.eu,false,""
2022-08-01T18:00:00.000000,Sweden,Sweden,SE,1.15,15.34,99.82,66.22,entsoe.eu,false,""
2022-08-01T19:00:00.000000,Sweden,Sweden,SE,1.17,15.11,99.81,66.07,entsoe.eu,false,""
2022-08-01T20:00:00.000000,Sweden,Sweden,SE,1.19,15.07,99.8,65.5,entsoe.eu,false,""
2022-08-01T21:00:00.000000,Sweden,Sweden,SE,1.17,15.04,99.81,64.48,entsoe.eu,false,""
2022-08-01T22:00:00.000000,Sweden,Sweden,SE,1.18,14.75,99.8,63.73,entsoe.eu,false,""
2022-08-01T23:00:00.000000,Sweden,Sweden,SE,1.13,14.65,99.81,62.77,entsoe.eu,false,""
2022-08-02T00:00:00.000000,Sweden,Sweden,SE,1.02,14.4,99.84,63.26,entsoe.eu,false,""
2022-08-02T01:00:00.000000,Sweden,Sweden,SE,1.0,14.46,99.85,62.55,entsoe.eu,false,""
2022-08-02T02:00:00.000000,Sweden,Sweden,SE,0.98,14.39,99.85,62.19,entsoe.eu,false,""
2022-08-02T03:00:00.000000,Sweden,Sweden,SE,1.08,14.64,99.83,63.16,entsoe.eu,false,""
2022-08-02T04:00:00.000000,Sweden,Sweden,SE,1.13,14.95,99.82,64.18,entsoe.eu,false,""
2022-08-02T05:00:00.000000,Sweden,Sweden,SE,1.12,15.08,99.82,65.76,entsoe.eu,false,""
2022-08-02T06:00:00.000000,Sweden,Sweden,SE,1.2,15.59,99.81,66.28,entsoe.eu,false,""
2022-08-02T07:00:00.000000,Sweden,Sweden,SE,1.25,16.09,99.81,65.23,entsoe.eu,false,""
2022-08-02T08:00:00.000000,Sweden,Sweden,SE,1.24,16.47,99.82,65.23,entsoe.eu,false,""
2022-08-02T09:00:00.000000,Sweden,Sweden,SE,1.07,16.02,99.86,65.53,entsoe.eu,false,""
2022-08-02T10:00:00.000000,Sweden,Sweden,SE,1.04,15.89,99.86,65.56,entsoe.eu,false,""
2022-08-02T11:00:00.000000,Sweden,Sweden,SE,2.73,17.92,99.63,66.05,entsoe.eu,false,""
2022-08-02T12:00:00.000000,Sweden,Sweden,SE,3.74,18.82,99.51,66.99,entsoe.eu,false,""
2022-08-02T13:00:00.000000,Sweden,Sweden,SE,2.97,17.29,99.6,67.04,entsoe.eu,false,""
2022-08-02T14:00:00.000000,Sweden,Sweden,SE,0.71,14.1,99.92,66.55,entsoe.eu,false,""
2022-08-02T15:00:00.000000,Sweden,Sweden,SE,0.74,13.93,99.91,66.9,entsoe.eu,false,""
2022-08-02T16:00:00.000000,Sweden,Sweden,SE,0.72,13.83,99.91,67.0,entsoe.eu,false,""
2022-08-02T17:00:00.000000,Sweden,Sweden,SE,0.67,13.5,99.92,66.65,entsoe.eu,false,""
2022-08-02T18:00:00.000000,Sweden,Sweden,SE,0.61,13.27,99.93,66.63,entsoe.eu,false,""
2022-08-02T19:00:00.000000,Sweden,Sweden,SE,0.55,13.18,99.95,66.04,entsoe.eu,false,""
2022-08-02T20:00:00.000000,Sweden,Sweden,SE,0.57,13.3,99.94,66.57,entsoe.eu,false,""
2022-08-02T21:00:00.000000,Sweden,Sweden,SE,0.67,13.78,99.92,66.99,entsoe.eu,false,""
2022-08-02T22:00:00.000000,Sweden,Sweden,SE,0.8,14.02,99.89,64.79,entsoe.eu,false,""
2022-08-02T23:00:00.000000,Sweden,Sweden,SE,0.79,14.27,99.9,64.9,entsoe.eu,false,""
2022-08-03T00:00:00.000000,Sweden,Sweden,SE,0.84,14.33,99.89,64.43,entsoe.eu,false,""
2022-08-03T01:00:00.000000,Sweden,Sweden,SE,0.89,14.35,99.88,63.04,entsoe.eu,false,""
2022-08-03T02:00:00.000000,Sweden,Sweden,SE,1.04,14.75,99.84,63.05,entsoe.eu,false,""
2022-08-03T03:00:00.000000,Sweden,Sweden,SE,1.01,14.59,99.85,64.77,entsoe.eu,false,""
2022-08-03T04:00:00.000000,Sweden,Sweden,SE,1.05,15.14,99.85,65.84,entsoe.eu,false,""
2022-08-03T05:00:00.000000,Sweden,Sweden,SE,1.01,15.11,99.86,68.0,entsoe.eu,false,""
2022-08-03T06:00:00.000000,Sweden,Sweden,SE,1.0,15.25,99.86,67.64,entsoe.eu,false,""
2022-08-03T07:00:00.000000,Sweden,Sweden,SE,1.06,15.59,99.85,68.13,entsoe.eu,false,""
2022-08-03T08:00:00.000000,Sweden,Sweden,SE,1.19,16.1,99.82,68.96,entsoe.eu,false,""
2022-08-03T09:00:00.000000,Sweden,Sweden,SE,3.25,18.81,99.54,69.66,entsoe.eu,false,""
2022-08-03T10:00:00.000000,Sweden,Sweden,SE,3.37,19.29,99.53,69.71,entsoe.eu,false,""
2022-08-03T11:00:00.000000,Sweden,Sweden,SE,2.02,17.49,99.72,69.11,entsoe.eu,false,""
2022-08-03T12:00:00.000000,Sweden,Sweden,SE,1.06,15.91,99.84,68.79,entsoe.eu,false,""
2022-08-03T13:00:00.000000,Sweden,Sweden,SE,1.05,15.8,99.85,68.96,entsoe.eu,false,""
2022-08-03T14:00:00.000000,Sweden,Sweden,SE,1.08,15.59,99.83,69.19,entsoe.eu,false,""
2022-08-03T15:00:00.000000,Sweden,Sweden,SE,1.12,15.17,99.81,69.0,entsoe.eu,false,""
2022-08-03T16:00:00.000000,Sweden,Sweden,SE,1.21,15.02,99.78,68.86,entsoe.eu,false,""
2022-08-03T17:00:00.000000,Sweden,Sweden,SE,1.06,14.55,99.82,67.93,entsoe.eu,false,""
2022-08-03T18:00:00.000000,Sweden,Sweden,SE,1.06,14.19,99.81,67.11,entsoe.eu,false,""
2022-08-03T19:00:00.000000,Sweden,Sweden,SE,1.03,14.14,99.82,65.72,entsoe.eu,false,""
2022-08-03T20:00:00.000000,Sweden,Sweden,SE,1.08,14.17,99.81,65.12,entsoe.eu,false,""
2022-08-03T21:00:00.000000,Sweden,Sweden,SE,1.15,14.28,99.79,64.08,entsoe.eu,false,""
2022-08-03T22:00:00.000000,Sweden,Sweden,SE,1.21,13.98,99.78,61.8,entsoe.eu,false,""
2022-08-03T23:00:00.000000,Sweden,Sweden,SE,1.29,14.07,99.76,60.62,entsoe.eu,false,""
2022-08-04T00:00:00.000000,Sweden,Sweden,SE,1.31,14.03,99.75,60.36,entsoe.eu,false,""
2022-08-04T01:00:00.000000,Sweden,Sweden,SE,1.29,14.16,99.76,59.82,entsoe.eu,false,""
2022-08-04T02:00:00.000000,Sweden,Sweden,SE,1.23,14.26,99.78,60.0,entsoe.eu,false,""
2022-08-04T03:00:00.000000,Sweden,Sweden,SE,1.07,13.96,99.81,61.11,entsoe.eu,false,""
2022-08-04T04:00:00.000000,Sweden,Sweden,SE,1.08,14.14,99.82,61.7,entsoe.eu,false,""
2022-08-04T05:00:00.000000,Sweden,Sweden,SE,1.08,14.44,99.82,64.07,entsoe.eu,false,""
2022-08-04T06:00:00.000000,Sweden,Sweden,SE,1.18,15.23,99.81,64.22,entsoe.eu,false,""
2022-08-04T07:00:00.000000,Sweden,Sweden,SE,1.24,15.84,99.8,64.37,entsoe.eu,false,""
2022-08-04T08:00:00.000000,Sweden,Sweden,SE,1.3,16.54,99.8,63.69,entsoe.eu,false,""
2022-08-04T09:00:00.000000,Sweden,Sweden,SE,1.32,16.92,99.8,63.61,entsoe.eu,false,""
2022-08-04T10:00:00.000000,Sweden,Sweden,SE,1.4,17.2,99.78,63.79,entsoe.eu,false,""
2022-08-04T11:00:00.000000,Sweden,Sweden,SE,1.31,17.06,99.8,63.45,entsoe.eu,false,""
2022-08-04T12:00:00.000000,Sweden,Sweden,SE,1.25,16.64,99.81,63.88,entsoe.eu,false,""
2022-08-04T13:00:00.000000,Sweden,Sweden,SE,1.2,16.29,99.82,64.01,entsoe.eu,false,""
2022-08-04T14:00:00.000000,Sweden,Sweden,SE,1.11,15.68,99.83,65.9,entsoe.eu,false,""
2022-08-04T15:00:00.000000,Sweden,Sweden,SE,1.05,15.29,99.84,66.07,entsoe.eu,false,""
2022-08-04T16:00:00.000000,Sweden,Sweden,SE,1.0,14.84,99.85,65.76,entsoe.eu,false,""
2022-08-04T17:00:00.000000,Sweden,Sweden,SE,1.03,14.54,99.84,65.96,entsoe.eu,false,""
2022-08-04T18:00:00.000000,Sweden,Sweden,SE,1.0,14.22,99.84,65.52,entsoe.eu,false,""
2022-08-04T19:00:00.000000,Sweden,Sweden,SE,1.0,14.21,99.84,65.18,entsoe.eu,false,""
2022-08-04T20:00:00.000000,Sweden,Sweden,SE,1.03,14.2,99.83,65.14,entsoe.eu,false,""
2022-08-04T21:00:00.000000,Sweden,Sweden,SE,0.89,14.07,99.87,63.15,entsoe.eu,false,""
2022-08-04T22:00:00.000000,Sweden,Sweden,SE,0.98,14.8,99.86,60.42,entsoe.eu,false,""
2022-08-04T23:00:00.000000,Sweden,Sweden,SE,1.15,15.3,99.83,60.69,entsoe.eu,false,""
2022-08-05T00:00:00.000000,Sweden,Sweden,SE,1.44,16.03,99.76,60.38,entsoe.eu,false,""
2022-08-05T01:00:00.000000,Sweden,Sweden,SE,1.45,16.1,99.76,59.13,entsoe.eu,false,""
2022-08-05T02:00:00.000000,Sweden,Sweden,SE,1.35,15.83,99.79,58.03,entsoe.eu,false,""
2022-08-05T03:00:00.000000,Sweden,Sweden,SE,1.18,15.35,99.83,59.06,entsoe.eu,false,""
2022-08-05T04:00:00.000000,Sweden,Sweden,SE,1.17,15.32,99.83,61.73,entsoe.eu,false,""
2022-08-05T05:00:00.000000,Sweden,Sweden,SE,1.16,15.45,99.83,62.77,entsoe.eu,false,""
2022-08-05T06:00:00.000000,Sweden,Sweden,SE,1.24,15.73,99.81,64.03,entsoe.eu,false,""
2022-08-05T07:00:00.000000,Sweden,Sweden,SE,1.33,16.39,99.79,64.53,entsoe.eu,false,""
2022-08-05T08:00:00.000000,Sweden,Sweden,SE,1.25,16.41,99.82,64.37,entsoe.eu,false,""
2022-08-05T09:00:00.000000,Sweden,Sweden,SE,1.22,16.45,99.82,64.86,entsoe.eu,false,""
2022-08-05T10:00:00.000000,Sweden,Sweden,SE,1.21,16.45,99.82,65.05,entsoe.eu,false,""
2022-08-05T11:00:00.000000,Sweden,Sweden,SE,1.32,16.69,99.8,65.06,entsoe.eu,false,""
2022-08-05T12:00:00.000000,Sweden,Sweden,SE,1.28,16.5,99.81,65.36,entsoe.eu,false,""
2022-08-05T13:00:00.000000,Sweden,Sweden,SE,1.2,16.07,99.83,63.97,entsoe.eu,false,""
2022-08-05T14:00:00.000000,Sweden,Sweden,SE,1.14,15.8,99.84,63.88,entsoe.eu,false,""
2022-08-05T15:00:00.000000,Sweden,Sweden,SE,1.22,15.8,99.82,64.77,entsoe.eu,false,""
2022-08-05T16:00:00.000000,Sweden,Sweden,SE,1.23,15.74,99.81,64.74,entsoe.eu,false,""
2022-08-05T17:00:00.000000,Sweden,Sweden,SE,1.29,15.51,99.79,64.01,entsoe.eu,false,""
2022-08-05T18:00:00.000000,Sweden,Sweden,SE,1.26,15.38,99.8,63.61,entsoe.eu,false,""
2022-08-05T19:00:00.000000,Sweden,Sweden,SE,1.24,15.25,99.8,63.23,entsoe.eu,false,""
2022-08-05T20:00:00.000000,Sweden,Sweden,SE,1.31,15.29,99.79,62.85,entsoe.eu,false,""
2022-08-05T21:00:00.000000,Sweden,Sweden,SE,1.22,15.24,99.81,63.77,entsoe.eu,false,""
2022-08-05T22:00:00.000000,Sweden,Sweden,SE,1.04,14.73,99.84,65.19,entsoe.eu,false,""
2022-08-05T23:00:00.000000,Sweden,Sweden,SE,1.14,14.91,99.82,64.88,entsoe.eu,false,""
2022-08-06T00:00:00.000000,Sweden,Sweden,SE,1.26,15.23,99.79,64.3,entsoe.eu,false,""
2022-08-06T01:00:00.000000,Sweden,Sweden,SE,1.19,15.15,99.81,64.18,entsoe.eu,false,""
2022-08-06T02:00:00.000000,Sweden,Sweden,SE,1.09,15.0,99.83,63.81,entsoe.eu,false,""
2022-08-06T03:00:00.000000,Sweden,Sweden,SE,1.16,15.17,99.82,63.74,entsoe.eu,false,""
2022-08-06T04:00:00.000000,Sweden,Sweden,SE,1.03,15.22,99.85,63.94,entsoe.eu,false,""
2022-08-06T05:00:00.000000,Sweden,Sweden,SE,1.16,15.82,99.82,65.33,entsoe.eu,false,""
2022-08-06T06:00:00.000000,Sweden,Sweden,SE,1.1,16.06,99.85,65.69,entsoe.eu,false,""
2022-08-06T07:00:00.000000,Sweden,Sweden,SE,0.83,15.95,99.92,65.69,entsoe.eu,false,""
2022-08-06T08:00:00.000000,Sweden,Sweden,SE,0.71,16.08,99.96,64.54,entsoe.eu,false,""
2022-08-06T09:00:00.000000,Sweden,Sweden,SE,0.84,16.55,99.93,64.7,entsoe.eu,false,""
2022-08-06T10:00:00.000000,Sweden,Sweden,SE,0.93,16.77,99.91,64.75,entsoe.eu,false,""
2022-08-06T11:00:00.000000,Sweden,Sweden,SE,0.93,16.57,99.89,66.2,entsoe.eu,false,""
2022-08-06T12:00:00.000000,Sweden,Sweden,SE,0.89,16.31,99.9,65.72,entsoe.eu,false,""
2022-08-06T13:00:00.000000,Sweden,Sweden,SE,0.83,16.03,99.92,64.36,entsoe.eu,false,""
2022-08-06T14:00:00.000000,Sweden,Sweden,SE,0.73,15.72,99.95,63.84,entsoe.eu,false,""
2022-08-06T15:00:00.000000,Sweden,Sweden,SE,0.67,15.4,99.96,62.82,entsoe.eu,false,""
2022-08-06T16:00:00.000000,Sweden,Sweden,SE,0.61,14.7,99.96,64.04,entsoe.eu,false,""
2022-08-06T17:00:00.000000,Sweden,Sweden,SE,0.55,14.24,99.97,65.7,entsoe.eu,false,""
2022-08-06T18:00:00.000000,Sweden,Sweden,SE,0.54,14.04,99.96,65.9,entsoe.eu,false,""
2022-08-06T19:00:00.000000,Sweden,Sweden,SE,0.68,14.4,99.93,64.94,entsoe.eu,false,""
2022-08-06T20:00:00.000000,Sweden,Sweden,SE,0.71,14.49,99.93,63.81,entsoe.eu,false,""
2022-08-06T21:00:00.000000,Sweden,Sweden,SE,0.6,14.31,99.96,62.54,entsoe.eu,false,""
2022-08-06T22:00:00.000000,Sweden,Sweden,SE,0.57,14.11,99.96,60.82,entsoe.eu,false,""
2022-08-06T23:00:00.000000,Sweden,Sweden,SE,0.58,14.2,99.96,60.92,entsoe.eu,false,""
2022-08-07T00:00:00.000000,Sweden,Sweden,SE,0.58,14.18,99.96,60.94,entsoe.eu,false,""
2022-08-07T01:00:00.000000,Sweden,Sweden,SE,1.29,15.04,99.87,59.88,entsoe.eu,false,""
2022-08-07T02:00:00.000000,Sweden,Sweden,SE,1.59,15.43,99.83,59.14,entsoe.eu,false,""
2022-08-07T03:00:00.000000,Sweden,Sweden,SE,1.25,15.0,99.88,58.81,entsoe.eu,false,""
2022-08-07T04:00:00.000000,Sweden,Sweden,SE,1.73,16.0,99.8,57.93,entsoe.eu,false,""
2022-08-07T05:00:00.000000,Sweden,Sweden,SE,3.26,18.34,99.54,59.1,entsoe.eu,false,""
2022-08-07T06:00:00.000000,Sweden,Sweden,SE,7.8,24.29,99.04,59.34,entsoe.eu,false,""
2022-08-07T07:00:00.000000,Sweden,Sweden,SE,8.91,25.82,98.95,59.89,entsoe.eu,false,""
2022-08-07T08:00:00.000000,Sweden,Sweden,SE,8.03,24.41,99.04,61.56,entsoe.eu,false,""
2022-08-07T09:00:00.000000,Sweden,Sweden,SE,6.34,22.62,99.17,62.2,entsoe.eu,false,""
2022-08-07T10:00:00.000000,Sweden,Sweden,SE,6.5,22.8,99.16,61.39,entsoe.eu,false,""
2022-08-07T11:00:00.000000,Sweden,Sweden,SE,5.79,21.94,99.24,60.51,entsoe.eu,false,""
2022-08-07T12:00:00.000000,Sweden,Sweden,SE,5.88,21.95,99.22,60.83,entsoe.eu,false,""
2022-08-07T13:00:00.000000,Sweden,Sweden,SE,6.05,22.08,99.18,61.75,entsoe.eu,false,""
2022-08-07T14:00:00.000000,Sweden,Sweden,SE,6.37,22.29,99.2,61.4,entsoe.eu,false,""
2022-08-07T15:00:00.000000,Sweden,Sweden,SE,1.2,15.94,99.82,62.5,entsoe.eu,false,""
2022-08-07T16:00:00.000000,Sweden,Sweden,SE,1.24,15.75,99.81,62.85,entsoe.eu,false,""
2022-08-07T17:00:00.000000,Sweden,Sweden,SE,1.31,15.75,99.78,63.4,entsoe.eu,false,""
2022-08-07T18:00:00.000000,Sweden,Sweden,SE,1.32,15.59,99.78,63.94,entsoe.eu,false,""
2022-08-07T19:00:00.000000,Sweden,Sweden,SE,1.31,15.58,99.78,63.43,entsoe.eu,false,""
2022-08-07T20:00:00.000000,Sweden,Sweden,SE,1.25,15.36,99.8,63.41,entsoe.eu,false,""
2022-08-07T21:00:00.000000,Sweden,Sweden,SE,1.29,15.47,99.79,62.32,entsoe.eu,false,""
2022-08-07T22:00:00.000000,Sweden,Sweden,SE,1.2,15.15,99.82,60.5,entsoe.eu,false,""
2022-08-07T23:00:00.000000,Sweden,Sweden,SE,1.18,15.15,99.82,60.27,entsoe.eu,false,""
2022-08-08T00:00:00.000000,Sweden,Sweden,SE,1.19,15.26,99.82,60.14,entsoe.eu,false,""
2022-08-08T01:00:00.000000,Sweden,Sweden,SE,1.19,15.0,99.81,60.22,entsoe.eu,false,""
2022-08-08T02:00:00.000000,Sweden,Sweden,SE,1.2,15.05,99.81,60.31,entsoe.eu,false,""
2022-08-08T03:00:00.000000,Sweden,Sweden,SE,1.26,15.24,99.8,61.29,entsoe.eu,false,""
2022-08-08T04:00:00.000000,Sweden,Sweden,SE,1.23,15.59,99.81,62.3,entsoe.eu,false,""
2022-08-08T05:00:00.000000,Sweden,Sweden,SE,1.08,15.92,99.85,63.5,entsoe.eu,false,""
2022-08-08T06:00:00.000000,Sweden,Sweden,SE,1.03,16.27,99.87,63.87,entsoe.eu,false,""
2022-08-08T07:00:00.000000,Sweden,Sweden,SE,1.07,16.43,99.86,64.3,entsoe.eu,false,""
2022-08-08T08:00:00.000000,Sweden,Sweden,SE,1.08,16.3,99.86,63.15,entsoe.eu,false,""
2022-08-08T09:00:00.000000,Sweden,Sweden,SE,1.22,16.64,99.82,62.64,entsoe.eu,false,""
2022-08-08T10:00:00.000000,Sweden,Sweden,SE,1.25,16.91,99.83,62.48,entsoe.eu,false,""
2022-08-08T11:00:00.000000,Sweden,Sweden,SE,1.29,17.45,99.84,62.63,entsoe.eu,false,""
2022-08-08T12:00:00.000000,Sweden,Sweden,SE,1.53,19.1,99.81,62.55,entsoe.eu,false,""
2022-08-08T13:00:00.000000,Sweden,Sweden,SE,1.63,19.5,99.79,62.99,entsoe.eu,false,""
2022-08-08T14:00:00.000000,Sweden,Sweden,SE,1.68,19.29,99.77,62.74,entsoe.eu,false,""
2022-08-08T15:00:00.000000,Sweden,Sweden,SE,1.65,18.75,99.77,62.93,entsoe.eu,false,""
2022-08-08T16:00:00.000000,Sweden,Sweden,SE,1.64,18.51,99.77,63.55,entsoe.eu,false,""
2022-08-08T17:00:00.000000,Sweden,Sweden,SE,1.51,17.94,99.8,62.85,entsoe.eu,false,""
2022-08-08T18:00:00.000000,Sweden,Sweden,SE,1.48,17.53,99.79,62.83,entsoe.eu,false,""
2022-08-08T19:00:00.000000,Sweden,Sweden,SE,1.6,17.71,99.76,63.4,entsoe.eu,false,""
2022-08-08T20:00:00.000000,Sweden,Sweden,SE,1.63,17.58,99.76,62.23,entsoe.eu,false,""
2022-08-08T21:00:00.000000,Sweden,Sweden,SE,1.37,15.48,99.78,62.22,entsoe.eu,false,""
2022-08-08T22:00:00.000000,Sweden,Sweden,SE,1.41,15.38,99.77,59.94,entsoe.eu,false,""
2022-08-08T23:00:00.000000,Sweden,Sweden,SE,1.35,15.22,99.78,59.51,entsoe.eu,false,""
2022-08-09T00:00:00.000000,Sweden,Sweden,SE,1.38,15.26,99.77,59.51,entsoe.eu,false,""
2022-08-09T01:00:00.000000,Sweden,Sweden,SE,1.37,15.19,99.77,60.17,entsoe.eu,false,""
2022-08-09T02:00:00.000000,Sweden,Sweden,SE,1.41,15.32,99.76,61.39,entsoe.eu,false,""
2022-08-09T03:00:00.000000,Sweden,Sweden,SE,1.38,15.35,99.77,60.89,entsoe.eu,false,""
2022-08-09T04:00:00.000000,Sweden,Sweden,SE,1.32,15.5,99.78,63.67,entsoe.eu,false,""
2022-08-09T05:00:00.000000,Sweden,Sweden,SE,1.31,16.55,99.8,63.82,entsoe.eu,false,""
2022-08-09T06:00:00.000000,Sweden,Sweden,SE,1.52,18.46,99.79,65.14,entsoe.eu,false,""
2022-08-09T07:00:00.000000,Sweden,Sweden,SE,1.54,19.22,99.8,65.07,entsoe.eu,false,""
2022-08-09T08:00:00.000000,Sweden,Sweden,SE,1.54,19.61,99.81,64.83,entsoe.eu,false,""
2022-08-09T09:00:00.000000,Sweden,Sweden,SE,1.54,19.76,99.81,64.45,entsoe.eu,false,""
2022-08-09T10:00:00.000000,Sweden,Sweden,SE,1.6,20.0,99.81,63.92,entsoe.eu,false,""
2022-08-09T11:00:00.000000,Sweden,Sweden,SE,1.59,19.93,99.81,64.08,entsoe.eu,false,""
2022-08-09T12:00:00.000000,Sweden,Sweden,SE,1.57,19.84,99.81,64.37,entsoe.eu,false,""
2022-08-09T13:00:00.000000,Sweden,Sweden,SE,1.63,19.58,99.8,65.1,entsoe.eu,false,""
2022-08-09T14:00:00.000000,Sweden,Sweden,SE,1.53,19.09,99.81,64.33,entsoe.eu,false,""
2022-08-09T15:00:00.000000,Sweden,Sweden,SE,1.49,18.63,99.81,64.79,entsoe.eu,false,""
2022-08-09T16:00:00.000000,Sweden,Sweden,SE,1.5,18.57,99.8,64.85,entsoe.eu,false,""
2022-08-09T17:00:00.000000,Sweden,Sweden,SE,1.51,18.29,99.8,64.81,entsoe.eu,false,""
2022-08-09T18:00:00.000000,Sweden,Sweden,SE,1.24,16.18,99.83,63.21,entsoe.eu,false,""
2022-08-09T19:00:00.000000,Sweden,Sweden,SE,1.16,15.27,99.83,62.42,entsoe.eu,false,""
2022-08-09T20:00:00.000000,Sweden,Sweden,SE,1.23,15.39,99.81,62.43,entsoe.eu,false,""
2022-08-09T21:00:00.000000,Sweden,Sweden,SE,1.28,15.24,99.79,61.66,entsoe.eu,false,""
2022-08-09T22:00:00.000000,Sweden,Sweden,SE,1.25,14.89,99.79,60.22,entsoe.eu,false,""
2022-08-09T23:00:00.000000,Sweden,Sweden,SE,1.36,14.73,99.76,58.97,entsoe.eu,false,""
2022-08-10T00:00:00.000000,Sweden,Sweden,SE,1.21,14.52,99.8,57.75,entsoe.eu,false,""
2022-08-10T01:00:00.000000,Sweden,Sweden,SE,1.26,14.7,99.79,58.29,entsoe.eu,false,""
2022-08-10T02:00:00.000000,Sweden,Sweden,SE,1.31,14.99,99.79,57.44,entsoe.eu,false,""
2022-08-10T03:00:00.000000,Sweden,Sweden,SE,1.24,14.82,99.8,58.38,entsoe.eu,false,""
2022-08-10T04:00:00.000000,Sweden,Sweden,SE,1.24,15.06,99.8,59.65,entsoe.eu,false,""
2022-08-10T05:00:00.000000,Sweden,Sweden,SE,1.2,15.14,99.81,62.61,entsoe.eu,false,""
2022-08-10T06:00:00.000000,Sweden,Sweden,SE,1.28,15.71,99.8,65.06,entsoe.eu,false,""
2022-08-10T07:00:00.000000,Sweden,Sweden,SE,1.38,16.59,99.79,66.89,entsoe.eu,false,""
2022-08-10T08:00:00.000000,Sweden,Sweden,SE,1.46,17.29,99.77,68.1,entsoe.eu,false,""
2022-08-10T09:00:00.000000,Sweden,Sweden,SE,1.42,17.75,99.79,67.84,entsoe.eu,false,""
2022-08-10T10:00:00.000000,Sweden,Sweden,SE,1.43,18.06,99.79,67.85,entsoe.eu,false,""
2022-08-10T11:00:00.000000,Sweden,Sweden,SE,1.25,17.65,99.84,67.71,entsoe.eu,false,""
2022-08-10T12:00:00.000000,Sweden,Sweden,SE,1.29,17.71,99.82,68.01,entsoe.eu,false,""
2022-08-10T13:00:00.000000,Sweden,Sweden,SE,1.39,18.0,99.8,68.3,entsoe.eu,false,""
2022-08-10T14:00:00.000000,Sweden,Sweden,SE,1.37,18.05,99.81,68.83,entsoe.eu,false,""
2022-08-10T15:00:00.000000,Sweden,Sweden,SE,1.54,19.2,99.79,68.89,entsoe.eu,false,""
2022-08-10T16:00:00.000000,Sweden,Sweden,SE,1.47,19.19,99.82,69.02,entsoe.eu,false,""
2022-08-10T17:00:00.000000,Sweden,Sweden,SE,1.52,18.72,99.8,68.43,entsoe.eu,false,""
2022-08-10T18:00:00.000000,Sweden,Sweden,SE,1.46,18.15,99.8,67.64,entsoe.eu,false,""
2022-08-10T19:00:00.000000,Sweden,Sweden,SE,1.19,16.17,99.82,66.84,entsoe.eu,false,""
2022-08-10T20:00:00.000000,Sweden,Sweden,SE,1.33,15.56,99.77,67.24,entsoe.eu,false,""
2022-08-10T21:00:00.000000,Sweden,Sweden,SE,1.14,15.14,99.82,65.23,entsoe.eu,false,""
2022-08-10T22:00:00.000000,Sweden,Sweden,SE,0.68,14.47,99.93,63.39,entsoe.eu,false,""
2022-08-10T23:00:00.000000,Sweden,Sweden,SE,0.57,14.17,99.96,64.04,entsoe.eu,false,""
2022-08-11T00:00:00.000000,Sweden,Sweden,SE,0.63,14.51,99.95,63.18,entsoe.eu,false,""
2022-08-11T01:00:00.000000,Sweden,Sweden,SE,0.76,14.65,99.92,63.29,entsoe.eu,false,""
2022-08-11T02:00:00.000000,Sweden,Sweden,SE,1.19,15.25,99.81,62.79,entsoe.eu,false,""
2022-08-11T03:00:00.000000,Sweden,Sweden,SE,1.46,16.21,99.75,61.86,entsoe.eu,false,""
2022-08-11T04:00:00.000000,Sweden,Sweden,SE,1.73,17.73,99.71,64.15,entsoe.eu,false,""
2022-08-11T05:00:00.000000,Sweden,Sweden,SE,1.85,19.44,99.71,67.75,entsoe.eu,false,""
2022-08-11T06:00:00.000000,Sweden,Sweden,SE,1.81,20.05,99.74,67.66,entsoe.eu,false,""
2022-08-11T07:00:00.000000,Sweden,Sweden,SE,1.82,20.37,99.74,68.95,entsoe.eu,false,""
2022-08-11T08:00:00.000000,Sweden,Sweden,SE,1.8,20.66,99.75,68.51,entsoe.eu,false,""
2022-08-11T09:00:00.000000,Sweden,Sweden,SE,1.59,19.28,99.77,67.39,entsoe.eu,false,""
2022-08-11T10:00:00.000000,Sweden,Sweden,SE,1.44,18.76,99.8,66.93,entsoe.eu,false,""
2022-08-11T11:00:00.000000,Sweden,Sweden,SE,1.43,18.44,99.79,66.96,entsoe.eu,false,""
2022-08-11T12:00:00.000000,Sweden,Sweden,SE,1.49,18.69,99.78,66.46,entsoe.eu,false,""
2022-08-11T13:00:00.000000,Sweden,Sweden,SE,1.43,18.62,99.8,67.15,entsoe.eu,false,""
2022-08-11T14:00:00.000000,Sweden,Sweden,SE,1.37,18.24,99.81,67.54,entsoe.eu,false,""
2022-08-11T15:00:00.000000,Sweden,Sweden,SE,1.37,17.88,99.8,67.35,entsoe.eu,false,""
2022-08-11T16:00:00.000000,Sweden,Sweden,SE,1.42,17.59,99.79,67.78,entsoe.eu,false,""
2022-08-11T17:00:00.000000,Sweden,Sweden,SE,1.45,17.19,99.77,68.09,entsoe.eu,false,""
2022-08-11T18:00:00.000000,Sweden,Sweden,SE,1.49,17.0,99.75,67.76,entsoe.eu,false,""
2022-08-11T19:00:00.000000,Sweden,Sweden,SE,1.45,16.87,99.76,66.92,entsoe.eu,false,""
2022-08-11T20:00:00.000000,Sweden,Sweden,SE,1.48,16.65,99.76,66.16,entsoe.eu,false,""
2022-08-11T21:00:00.000000,Sweden,Sweden,SE,1.53,16.65,99.75,64.45,entsoe.eu,false,""
2022-08-11T22:00:00.000000,Sweden,Sweden,SE,1.55,16.7,99.75,63.12,entsoe.eu,false,""
2022-08-11T23:00:00.000000,Sweden,Sweden,SE,1.63,16.67,99.72,62.6,entsoe.eu,false,""
2022-08-12T00:00:00.000000,Sweden,Sweden,SE,1.58,16.52,99.73,62.82,entsoe.eu,false,""
2022-08-12T01:00:00.000000,Sweden,Sweden,SE,1.55,16.88,99.75,62.81,entsoe.eu,false,""
2022-08-12T02:00:00.000000,Sweden,Sweden,SE,1.53,16.87,99.75,63.49,entsoe.eu,false,""
2022-08-12T03:00:00.000000,Sweden,Sweden,SE,1.54,16.82,99.75,65.37,entsoe.eu,false,""
2022-08-12T04:00:00.000000,Sweden,Sweden,SE,1.51,17.14,99.76,66.37,entsoe.eu,false,""
2022-08-12T05:00:00.000000,Sweden,Sweden,SE,1.63,18.45,99.75,67.36,entsoe.eu,false,""
2022-08-12T06:00:00.000000,Sweden,Sweden,SE,1.79,20.58,99.76,67.52,entsoe.eu,false,""
2022-08-12T07:00:00.000000,Sweden,Sweden,SE,1.95,22.34,99.76,66.71,entsoe.eu,false,""
2022-08-12T08:00:00.000000,Sweden,Sweden,SE,2.0,23.12,99.75,66.98,entsoe.eu,false,""
2022-08-12T09:00:00.000000,Sweden,Sweden,SE,1.81,21.28,99.76,66.36,entsoe.eu,false,""
2022-08-12T10:00:00.000000,Sweden,Sweden,SE,1.82,20.97,99.75,66.46,entsoe.eu,false,""
2022-08-12T11:00:00.000000,Sweden,Sweden,SE,1.96,22.11,99.74,66.08,entsoe.eu,false,""
2022-08-12T12:00:00.000000,Sweden,Sweden,SE,2.07,22.6,99.73,66.05,entsoe.eu,false,""
2022-08-12T13:00:00.000000,Sweden,Sweden,SE,2.02,22.13,99.74,66.36,entsoe.eu,false,""
2022-08-12T14:00:00.000000,Sweden,Sweden,SE,1.91,21.51,99.76,66.01,entsoe.eu,false,""
2022-08-12T15:00:00.000000,Sweden,Sweden,SE,1.89,20.39,99.74,66.25,entsoe.eu,false,""
2022-08-12T16:00:00.000000,Sweden,Sweden,SE,1.71,19.4,99.76,66.95,entsoe.eu,false,""
2022-08-12T17:00:00.000000,Sweden,Sweden,SE,1.67,19.26,99.76,67.62,entsoe.eu,false,""
2022-08-12T18:00:00.000000,Sweden,Sweden,SE,1.58,17.66,99.75,67.28,entsoe.eu,false,""
2022-08-12T19:00:00.000000,Sweden,Sweden,SE,1.5,16.85,99.75,66.79,entsoe.eu,false,""
2022-08-12T20:00:00.000000,Sweden,Sweden,SE,1.48,16.39,99.76,65.84,entsoe.eu,false,""
2022-08-12T21:00:00.000000,Sweden,Sweden,SE,1.41,16.07,99.77,65.24,entsoe.eu,false,""
2022-08-12T22:00:00.000000,Sweden,Sweden,SE,1.48,16.37,99.75,65.84,entsoe.eu,false,""
2022-08-12T23:00:00.000000,Sweden,Sweden,SE,1.51,16.42,99.75,65.2,entsoe.eu,false,""
2022-08-13T00:00:00.000000,Sweden,Sweden,SE,1.51,16.17,99.74,65.24,entsoe.eu,false,""
2022-08-13T01:00:00.000000,Sweden,Sweden,SE,1.5,16.19,99.75,65.36,entsoe.eu,false,""
2022-08-13T02:00:00.000000,Sweden,Sweden,SE,1.39,16.02,99.77,65.49,entsoe.eu,false,""
2022-08-13T03:00:00.000000,Sweden,Sweden,SE,1.46,16.16,99.76,65.15,entsoe.eu,false,""
2022-08-13T04:00:00.000000,Sweden,Sweden,SE,1.45,16.28,99.76,65.18,entsoe.eu,false,""
2022-08-13T05:00:00.000000,Sweden,Sweden,SE,1.51,16.72,99.76,65.14,entsoe.eu,false,""
2022-08-13T06:00:00.000000,Sweden,Sweden,SE,1.56,17.29,99.75,65.79,entsoe.eu,false,""
2022-08-13T07:00:00.000000,Sweden,Sweden,SE,1.55,17.75,99.76,66.39,entsoe.eu,false,""
2022-08-13T08:00:00.000000,Sweden,Sweden,SE,1.52,18.09,99.77,66.7,entsoe.eu,false,""
2022-08-13T09:00:00.000000,Sweden,Sweden,SE,1.5,18.21,99.78,67.14,entsoe.eu,false,""
2022-08-13T10:00:00.000000,Sweden,Sweden,SE,1.47,18.21,99.78,67.02,entsoe.eu,false,""
2022-08-13T11:00:00.000000,Sweden,Sweden,SE,3.25,20.53,99.55,67.57,entsoe.eu,false,""
2022-08-13T12:00:00.000000,Sweden,Sweden,SE,1.48,18.31,99.78,67.04,entsoe.eu,false,""
2022-08-13T13:00:00.000000,Sweden,Sweden,SE,1.51,18.17,99.77,67.32,entsoe.eu,false,""
2022-08-13T14:00:00.000000,Sweden,Sweden,SE,1.52,17.72,99.76,67.19,entsoe.eu,false,""
2022-08-13T15:00:00.000000,Sweden,Sweden,SE,1.51,17.27,99.76,67.35,entsoe.eu,false,""
2022-08-13T16:00:00.000000,Sweden,Sweden,SE,1.46,16.91,99.77,67.19,entsoe.eu,false,""
2022-08-13T17:00:00.000000,Sweden,Sweden,SE,1.47,16.53,99.76,67.1,entsoe.eu,false,""
2022-08-13T18:00:00.000000,Sweden,Sweden,SE,1.47,16.23,99.75,66.68,entsoe.eu,false,""
2022-08-13T19:00:00.000000,Sweden,Sweden,SE,1.49,16.4,99.75,66.67,entsoe.eu,false,""
2022-08-13T20:00:00.000000,Sweden,Sweden,SE,1.57,16.4,99.73,66.06,entsoe.eu,false,""
2022-08-13T21:00:00.000000,Sweden,Sweden,SE,1.46,16.05,99.75,65.51,entsoe.eu,false,""
2022-08-13T22:00:00.000000,Sweden,Sweden,SE,1.57,16.31,99.72,64.99,entsoe.eu,false,""
2022-08-13T23:00:00.000000,Sweden,Sweden,SE,1.62,16.33,99.71,65.0,entsoe.eu,false,""
2022-08-14T00:00:00.000000,Sweden,Sweden,SE,1.56,16.2,99.73,64.76,entsoe.eu,false,""
2022-08-14T01:00:00.000000,Sweden,Sweden,SE,1.52,16.21,99.74,63.83,entsoe.eu,false,""
2022-08-14T02:00:00.000000,Sweden,Sweden,SE,1.59,16.21,99.73,64.41,entsoe.eu,false,""
2022-08-14T03:00:00.000000,Sweden,Sweden,SE,1.62,16.27,99.72,63.47,entsoe.eu,false,""
2022-08-14T04:00:00.000000,Sweden,Sweden,SE,1.54,16.26,99.74,64.58,entsoe.eu,false,""
2022-08-14T05:00:00.000000,Sweden,Sweden,SE,1.57,16.66,99.73,65.34,entsoe.eu,false,""
2022-08-14T06:00:00.000000,Sweden,Sweden,SE,1.55,17.15,99.74,65.26,entsoe.eu,false,""
2022-08-14T07:00:00.000000,Sweden,Sweden,SE,1.55,17.72,99.75,65.35,entsoe.eu,false,""
2022-08-14T08:00:00.000000,Sweden,Sweden,SE,1.59,18.16,99.75,65.26,entsoe.eu,false,""
2022-08-14T09:00:00.000000,Sweden,Sweden,SE,1.58,18.37,99.76,65.49,entsoe.eu,false,""
2022-08-14T10:00:00.000000,Sweden,Sweden,SE,4.62,22.4,99.38,65.67,entsoe.eu,false,""
2022-08-14T11:00:00.000000,Sweden,Sweden,SE,4.61,22.35,99.38,65.72,entsoe.eu,false,""
2022-08-14T12:00:00.000000,Sweden,Sweden,SE,4.58,22.28,99.37,66.11,entsoe.eu,false,""
2022-08-14T13:00:00.000000,Sweden,Sweden,SE,4.31,21.64,99.41,65.71,entsoe.eu,false,""
2022-08-14T14:00:00.000000,Sweden,Sweden,SE,1.5,18.17,99.79,65.02,entsoe.eu,false,""
2022-08-14T15:00:00.000000,Sweden,Sweden,SE,1.52,19.14,99.8,66.41,entsoe.eu,false,""
2022-08-14T16:00:00.000000,Sweden,Sweden,SE,1.58,19.34,99.79,66.8,entsoe.eu,false,""
2022-08-14T17:00:00.000000,Sweden,Sweden,SE,1.54,19.0,99.8,66.99,entsoe.eu,false,""
2022-08-14T18:00:00.000000,Sweden,Sweden,SE,1.59,18.64,99.78,66.64,entsoe.eu,false,""
2022-08-14T19:00:00.000000,Sweden,Sweden,SE,1.38,16.93,99.79,66.44,entsoe.eu,false,""
2022-08-14T20:00:00.000000,Sweden,Sweden,SE,1.24,15.91,99.81,66.14,entsoe.eu,false,""
2022-08-14T21:00:00.000000,Sweden,Sweden,SE,1.25,15.79,99.8,66.29,entsoe.eu,false,""
2022-08-14T22:00:00.000000,Sweden,Sweden,SE,1.15,15.36,99.82,66.66,entsoe.eu,false,""
2022-08-14T23:00:00.000000,Sweden,Sweden,SE,1.18,15.27,99.8,66.4,entsoe.eu,false,""
2022-08-15T00:00:00.000000,Sweden,Sweden,SE,1.2,14.94,99.79,66.47,entsoe.eu,false,""
2022-08-15T01:00:00.000000,Sweden,Sweden,SE,1.22,15.05,99.79,66.53,entsoe.eu,false,""
2022-08-15T02:00:00.000000,Sweden,Sweden,SE,1.24,15.24,99.79,66.64,entsoe.eu,false,""
2022-08-15T03:00:00.000000,Sweden,Sweden,SE,1.28,15.31,99.78,65.91,entsoe.eu,false,""
2022-08-15T04:00:00.000000,Sweden,Sweden,SE,1.18,15.4,99.81,66.19,entsoe.eu,false,""
2022-08-15T05:00:00.000000,Sweden,Sweden,SE,1.17,15.84,99.82,66.9,entsoe.eu,false,""
2022-08-15T06:00:00.000000,Sweden,Sweden,SE,1.24,16.92,99.82,67.97,entsoe.eu,false,""
2022-08-15T07:00:00.000000,Sweden,Sweden,SE,1.45,18.92,99.81,68.65,entsoe.eu,false,""
2022-08-15T08:00:00.000000,Sweden,Sweden,SE,1.51,19.67,99.81,68.75,entsoe.eu,false,""
2022-08-15T09:00:00.000000,Sweden,Sweden,SE,1.56,20.27,99.81,68.51,entsoe.eu,false,""
2022-08-15T10:00:00.000000,Sweden,Sweden,SE,1.6,20.41,99.8,68.65,entsoe.eu,false,""
2022-08-15T11:00:00.000000,Sweden,Sweden,SE,1.63,20.74,99.81,68.81,entsoe.eu,false,""
2022-08-15T12:00:00.000000,Sweden,Sweden,SE,1.59,20.45,99.81,69.15,entsoe.eu,false,""
2022-08-15T13:00:00.000000,Sweden,Sweden,SE,1.58,20.14,99.81,68.92,entsoe.eu,false,""
2022-08-15T14:00:00.000000,Sweden,Sweden,SE,1.52,19.6,99.81,68.83,entsoe.eu,false,""
2022-08-15T15:00:00.000000,Sweden,Sweden,SE,1.55,19.55,99.81,68.75,entsoe.eu,false,""
2022-08-15T16:00:00.000000,Sweden,Sweden,SE,1.6,19.29,99.78,69.01,entsoe.eu,false,""
2022-08-15T17:00:00.000000,Sweden,Sweden,SE,1.65,19.47,99.78,68.88,entsoe.eu,false,""
2022-08-15T18:00:00.000000,Sweden,Sweden,SE,1.6,19.09,99.79,68.59,entsoe.eu,false,""
2022-08-15T19:00:00.000000,Sweden,Sweden,SE,1.33,17.0,99.81,67.49,entsoe.eu,false,""
2022-08-15T20:00:00.000000,Sweden,Sweden,SE,1.14,15.57,99.83,66.81,entsoe.eu,false,""
2022-08-15T21:00:00.000000,Sweden,Sweden,SE,1.06,15.17,99.84,65.98,entsoe.eu,false,""
2022-08-15T22:00:00.000000,Sweden,Sweden,SE,1.21,15.72,99.81,65.53,entsoe.eu,false,""
2022-08-15T23:00:00.000000,Sweden,Sweden,SE,1.24,15.86,99.81,64.07,entsoe.eu,false,""
2022-08-16T00:00:00.000000,Sweden,Sweden,SE,1.23,15.65,99.81,63.2,entsoe.eu,false,""
2022-08-16T01:00:00.000000,Sweden,Sweden,SE,1.3,15.93,99.8,63.4,entsoe.eu,false,""
2022-08-16T02:00:00.000000,Sweden,Sweden,SE,1.3,15.7,99.79,64.02,entsoe.eu,false,""
2022-08-16T03:00:00.000000,Sweden,Sweden,SE,1.32,16.33,99.8,65.54,entsoe.eu,false,""
2022-08-16T04:00:00.000000,Sweden,Sweden,SE,1.55,18.57,99.79,66.6,entsoe.eu,false,""
2022-08-16T05:00:00.000000,Sweden,Sweden,SE,1.62,19.08,99.78,68.06,entsoe.eu,false,""
2022-08-16T06:00:00.000000,Sweden,Sweden,SE,1.62,19.49,99.79,68.81,entsoe.eu,false,""
2022-08-16T07:00:00.000000,Sweden,Sweden,SE,1.55,20.02,99.82,69.68,entsoe.eu,false,""
2022-08-16T08:00:00.000000,Sweden,Sweden,SE,1.47,20.07,99.84,70.35,entsoe.eu,false,""
2022-08-16T09:00:00.000000,Sweden,Sweden,SE,1.43,20.06,99.85,70.11,entsoe.eu,false,""
2022-08-16T10:00:00.000000,Sweden,Sweden,SE,1.4,20.0,99.85,70.22,entsoe.eu,false,""
2022-08-16T11:00:00.000000,Sweden,Sweden,SE,1.43,19.99,99.84,70.21,entsoe.eu,false,""
2022-08-16T12:00:00.000000,Sweden,Sweden,SE,1.39,19.95,99.86,70.08,entsoe.eu,false,""
2022-08-16T13:00:00.000000,Sweden,Sweden,SE,1.44,20.04,99.85,69.62,entsoe.eu,false,""
2022-08-16T14:00:00.000000,Sweden,Sweden,SE,1.43,19.48,99.83,69.63,entsoe.eu,false,""
2022-08-16T15:00:00.000000,Sweden,Sweden,SE,1.49,19.45,99.82,69.88,entsoe.eu,false,""
2022-08-16T16:00:00.000000,Sweden,Sweden,SE,1.37,18.96,99.84,70.1,entsoe.eu,false,""
2022-08-16T17:00:00.000000,Sweden,Sweden,SE,1.49,19.01,99.81,69.37,entsoe.eu,false,""
2022-08-16T18:00:00.000000,Sweden,Sweden,SE,1.44,18.64,99.82,68.64,entsoe.eu,false,""
2022-08-16T19:00:00.000000,Sweden,Sweden,SE,1.48,18.58,99.8,68.61,entsoe.eu,false,""
2022-08-16T20:00:00.000000,Sweden,Sweden,SE,1.5,18.56,99.8,68.36,entsoe.eu,false,""
2022-08-16T21:00:00.000000,Sweden,Sweden,SE,1.28,16.68,99.81,66.46,entsoe.eu,false,""
2022-08-16T22:00:00.000000,Sweden,Sweden,SE,1.32,15.94,99.79,63.5,entsoe.eu,false,""
2022-08-16T23:00:00.000000,Sweden,Sweden,SE,1.49,16.12,99.75,63.4,entsoe.eu,false,""
2022-08-17T00:00:00.000000,Sweden,Sweden,SE,1.42,16.05,99.76,63.15,entsoe.eu,false,""
2022-08-17T01:00:00.000000,Sweden,Sweden,SE,1.54,16.28,99.73,62.67,entsoe.eu,false,""
2022-08-17T02:00:00.000000,Sweden,Sweden,SE,1.53,16.24,99.73,63.17,entsoe.eu,false,""
2022-08-17T03:00:00.000000,Sweden,Sweden,SE,1.39,16.01,99.76,64.45,entsoe.eu,false,""
2022-08-17T04:00:00.000000,Sweden,Sweden,SE,1.38,16.82,99.79,65.62,entsoe.eu,false,""
2022-08-17T05:00:00.000000,Sweden,Sweden,SE,1.75,19.54,99.76,66.76,entsoe.eu,false,""
2022-08-17T06:00:00.000000,Sweden,Sweden,SE,1.89,20.56,99.74,68.07,entsoe.eu,false,""
2022-08-17T07:00:00.000000,Sweden,Sweden,SE,2.13,21.18,99.67,68.24,entsoe.eu,false,""
2022-08-17T08:00:00.000000,Sweden,Sweden,SE,1.84,21.04,99.75,68.13,entsoe.eu,false,""
2022-08-17T09:00:00.000000,Sweden,Sweden,SE,1.82,21.29,99.75,68.2,entsoe.eu,false,""
2022-08-17T10:00:00.000000,Sweden,Sweden,SE,1.83,21.53,99.76,67.48,entsoe.eu,false,""
2022-08-17T11:00:00.000000,Sweden,Sweden,SE,1.71,21.25,99.79,67.16,entsoe.eu,false,""
2022-08-17T12:00:00.000000,Sweden,Sweden,SE,1.61,20.95,99.81,67.54,entsoe.eu,false,""
2022-08-17T13:00:00.000000,Sweden,Sweden,SE,1.61,20.99,99.82,67.55,entsoe.eu,false,""
2022-08-17T14:00:00.000000,Sweden,Sweden,SE,1.52,20.28,99.83,67.28,entsoe.eu,false,""
2022-08-17T15:00:00.000000,Sweden,Sweden,SE,1.49,19.55,99.82,67.45,entsoe.eu,false,""
2022-08-17T16:00:00.000000,Sweden,Sweden,SE,1.82,19.53,99.77,67.15,entsoe.eu,false,""
2022-08-17T17:00:00.000000,Sweden,Sweden,SE,2.61,20.35,99.67,66.23,entsoe.eu,false,""
2022-08-17T18:00:00.000000,Sweden,Sweden,SE,2.53,20.31,99.68,65.79,entsoe.eu,false,""
2022-08-17T19:00:00.000000,Sweden,Sweden,SE,1.4,17.04,99.81,64.96,entsoe.eu,false,""
2022-08-17T20:00:00.000000,Sweden,Sweden,SE,1.22,15.88,99.82,64.31,entsoe.eu,false,""
2022-08-17T21:00:00.000000,Sweden,Sweden,SE,1.26,15.75,99.8,63.73,entsoe.eu,false,""
2022-08-17T22:00:00.000000,Sweden,Sweden,SE,1.22,15.44,99.81,61.17,entsoe.eu,false,""
2022-08-17T23:00:00.000000,Sweden,Sweden,SE,1.24,15.32,99.8,61.85,entsoe.eu,false,""
2022-08-18T00:00:00.000000,Sweden,Sweden,SE,1.32,15.44,99.78,62.32,entsoe.eu,false,""
2022-08-18T01:00:00.000000,Sweden,Sweden,SE,1.38,15.56,99.77,62.76,entsoe.eu,false,""
2022-08-18T02:00:00.000000,Sweden,Sweden,SE,2.23,17.3,99.64,63.51,entsoe.eu,false,""
2022-08-18T03:00:00.000000,Sweden,Sweden,SE,1.91,17.45,99.7,63.33,entsoe.eu,false,""
2022-08-18T04:00:00.000000,Sweden,Sweden,SE,1.8,18.81,99.74,64.68,entsoe.eu,false,""
2022-08-18T05:00:00.000000,Sweden,Sweden,SE,2.25,20.61,99.67,66.32,entsoe.eu,false,""
2022-08-18T06:00:00.000000,Sweden,Sweden,SE,3.15,22.15,99.55,68.16,entsoe.eu,false,""
2022-08-18T07:00:00.000000,Sweden,Sweden,SE,3.1,22.49,99.56,68.59,entsoe.eu,false,""
2022-08-18T08:00:00.000000,Sweden,Sweden,SE,2.76,22.48,99.62,68.52,entsoe.eu,false,""
2022-08-18T09:00:00.000000,Sweden,Sweden,SE,1.97,21.35,99.73,68.31,entsoe.eu,false,""
2022-08-18T10:00:00.000000,Sweden,Sweden,SE,2.14,21.74,99.71,68.0,entsoe.eu,false,""
2022-08-18T11:00:00.000000,Sweden,Sweden,SE,1.92,21.26,99.73,67.97,entsoe.eu,false,""
2022-08-18T12:00:00.000000,Sweden,Sweden,SE,2.0,21.41,99.73,67.61,entsoe.eu,false,""
2022-08-18T13:00:00.000000,Sweden,Sweden,SE,1.91,20.94,99.73,68.03,entsoe.eu,false,""
2022-08-18T14:00:00.000000,Sweden,Sweden,SE,1.89,20.36,99.71,68.86,entsoe.eu,false,""
2022-08-18T15:00:00.000000,Sweden,Sweden,SE,1.97,20.51,99.69,70.67,entsoe.eu,false,""
2022-08-18T16:00:00.000000,Sweden,Sweden,SE,1.97,20.13,99.68,70.32,entsoe.eu,false,""
2022-08-18T17:00:00.000000,Sweden,Sweden,SE,1.65,17.37,99.71,69.42,entsoe.eu,false,""
2022-08-18T18:00:00.000000,Sweden,Sweden,SE,1.76,18.13,99.7,69.87,entsoe.eu,false,""
2022-08-18T19:00:00.000000,Sweden,Sweden,SE,1.91,18.95,99.68,69.83,entsoe.eu,false,""
2022-08-18T20:00:00.000000,Sweden,Sweden,SE,1.61,16.8,99.72,68.64,entsoe.eu,false,""
2022-08-18T21:00:00.000000,Sweden,Sweden,SE,1.53,15.87,99.72,67.3,entsoe.eu,false,""
2022-08-18T22:00:00.000000,Sweden,Sweden,SE,1.62,16.37,99.71,67.16,entsoe.eu,false,""
2022-08-18T23:00:00.000000,Sweden,Sweden,SE,1.54,16.18,99.73,66.48,entsoe.eu,false,""
2022-08-19T00:00:00.000000,Sweden,Sweden,SE,1.55,16.23,99.73,66.27,entsoe.eu,false,""
2022-08-19T01:00:00.000000,Sweden,Sweden,SE,1.48,16.13,99.75,65.67,entsoe.eu,false,""
2022-08-19T02:00:00.000000,Sweden,Sweden,SE,1.52,16.11,99.74,65.92,entsoe.eu,false,""
2022-08-19T03:00:00.000000,Sweden,Sweden,SE,1.42,15.93,99.76,66.86,entsoe.eu,false,""
2022-08-19T04:00:00.000000,Sweden,Sweden,SE,1.37,16.08,99.77,68.45,entsoe.eu,false,""
2022-08-19T05:00:00.000000,Sweden,Sweden,SE,1.36,16.61,99.78,69.34,entsoe.eu,false,""
2022-08-19T06:00:00.000000,Sweden,Sweden,SE,1.32,17.08,99.8,70.19,entsoe.eu,false,""
2022-08-19T07:00:00.000000,Sweden,Sweden,SE,1.43,17.89,99.78,69.9,entsoe.eu,false,""
2022-08-19T08:00:00.000000,Sweden,Sweden,SE,1.5,17.94,99.77,69.92,entsoe.eu,false,""
2022-08-19T09:00:00.000000,Sweden,Sweden,SE,1.51,18.27,99.77,70.09,entsoe.eu,false,""
2022-08-19T10:00:00.000000,Sweden,Sweden,SE,1.52,18.26,99.77,69.67,entsoe.eu,false,""
2022-08-19T11:00:00.000000,Sweden,Sweden,SE,1.5,18.24,99.78,69.1,entsoe.eu,false,""
2022-08-19T12:00:00.000000,Sweden,Sweden,SE,1.4,17.91,99.8,68.8,entsoe.eu,false,""
2022-08-19T13:00:00.000000,Sweden,Sweden,SE,1.49,17.92,99.77,69.17,entsoe.eu,false,""
2022-08-19T14:00:00.000000,Sweden,Sweden,SE,1.57,18.07,99.75,69.47,entsoe.eu,false,""
2022-08-19T15:00:00.000000,Sweden,Sweden,SE,1.7,17.79,99.7,69.9,entsoe.eu,false,""
2022-08-19T16:00:00.000000,Sweden,Sweden,SE,1.66,17.22,99.71,69.48,entsoe.eu,false,""
2022-08-19T17:00:00.000000,Sweden,Sweden,SE,1.58,16.73,99.73,68.42,entsoe.eu,false,""
2022-08-19T18:00:00.000000,Sweden,Sweden,SE,1.41,16.28,99.77,66.82,entsoe.eu,false,""
2022-08-19T19:00:00.000000,Sweden,Sweden,SE,1.4,16.2,99.77,66.96,entsoe.eu,false,""
2022-08-19T20:00:00.000000,Sweden,Sweden,SE,1.48,16.33,99.75,66.53,entsoe.eu,false,""
2022-08-19T21:00:00.000000,Sweden,Sweden,SE,1.48,16.12,99.74,65.7,entsoe.eu,false,""
2022-08-19T22:00:00.000000,Sweden,Sweden,SE,1.37,15.66,99.77,65.01,entsoe.eu,false,""
2022-08-19T23:00:00.000000,Sweden,Sweden,SE,1.45,15.89,99.75,64.19,entsoe.eu,false,""
2022-08-20T00:00:00.000000,Sweden,Sweden,SE,1.26,15.47,99.8,63.31,entsoe.eu,false,""
2022-08-20T01:00:00.000000,Sweden,Sweden,SE,1.35,15.61,99.77,63.72,entsoe.eu,false,""
2022-08-20T02:00:00.000000,Sweden,Sweden,SE,1.44,15.76,99.75,63.71,entsoe.eu,false,""
2022-08-20T03:00:00.000000,Sweden,Sweden,SE,1.44,15.74,99.75,63.64,entsoe.eu,false,""
2022-08-20T04:00:00.000000,Sweden,Sweden,SE,1.42,15.82,99.76,64.05,entsoe.eu,false,""
2022-08-20T05:00:00.000000,Sweden,Sweden,SE,1.39,16.04,99.77,65.25,entsoe.eu,false,""
2022-08-20T06:00:00.000000,Sweden,Sweden,SE,1.38,16.29,99.78,66.67,entsoe.eu,false,""
2022-08-20T07:00:00.000000,Sweden,Sweden,SE,1.33,16.4,99.79,67.31,entsoe.eu,false,""
2022-08-20T08:00:00.000000,Sweden,Sweden,SE,1.29,16.44,99.8,67.73,entsoe.eu,false,""
2022-08-20T09:00:00.000000,Sweden,Sweden,SE,1.3,16.82,99.8,68.25,entsoe.eu,false,""
2022-08-20T10:00:00.000000,Sweden,Sweden,SE,1.29,16.94,99.81,67.69,entsoe.eu,false,""
2022-08-20T11:00:00.000000,Sweden,Sweden,SE,1.32,17.0,99.8,67.43,entsoe.eu,false,""
2022-08-20T12:00:00.000000,Sweden,Sweden,SE,1.36,17.06,99.79,66.9,entsoe.eu,false,""
2022-08-20T13:00:00.000000,Sweden,Sweden,SE,1.43,17.25,99.77,66.48,entsoe.eu,false,""
2022-08-20T14:00:00.000000,Sweden,Sweden,SE,1.57,17.52,99.74,67.11,entsoe.eu,false,""
2022-08-20T15:00:00.000000,Sweden,Sweden,SE,1.52,17.17,99.75,67.57,entsoe.eu,false,""
2022-08-20T16:00:00.000000,Sweden,Sweden,SE,1.48,16.69,99.75,67.52,entsoe.eu,false,""
2022-08-20T17:00:00.000000,Sweden,Sweden,SE,1.46,16.43,99.76,66.98,entsoe.eu,false,""
2022-08-20T18:00:00.000000,Sweden,Sweden,SE,1.32,16.14,99.79,66.66,entsoe.eu,false,""
2022-08-20T19:00:00.000000,Sweden,Sweden,SE,1.27,16.16,99.81,65.26,entsoe.eu,false,""
2022-08-20T20:00:00.000000,Sweden,Sweden,SE,1.45,16.23,99.76,65.01,entsoe.eu,false,""
2022-08-20T21:00:00.000000,Sweden,Sweden,SE,1.28,15.96,99.8,63.99,entsoe.eu,false,""
2022-08-20T22:00:00.000000,Sweden,Sweden,SE,1.28,15.88,99.79,65.33,entsoe.eu,false,""
2022-08-20T23:00:00.000000,Sweden,Sweden,SE,1.33,15.94,99.78,64.91,entsoe.eu,false,""
2022-08-21T00:00:00.000000,Sweden,Sweden,SE,1.32,15.91,99.78,64.63,entsoe.eu,false,""
2022-08-21T01:00:00.000000,Sweden,Sweden,SE,1.36,15.99,99.78,64.13,entsoe.eu,false,""
2022-08-21T02:00:00.000000,Sweden,Sweden,SE,1.54,16.19,99.73,64.27,entsoe.eu,false,""
2022-08-21T03:00:00.000000,Sweden,Sweden,SE,1.74,16.53,99.69,64.3,entsoe.eu,false,""
2022-08-21T04:00:00.000000,Sweden,Sweden,SE,1.54,16.2,99.74,62.95,entsoe.eu,false,""
2022-08-21T05:00:00.000000,Sweden,Sweden,SE,1.46,16.38,99.76,63.99,entsoe.eu,false,""
2022-08-21T06:00:00.000000,Sweden,Sweden,SE,1.38,16.84,99.79,64.72,entsoe.eu,false,""
2022-08-21T07:00:00.000000,Sweden,Sweden,SE,2.28,18.37,99.68,65.02,entsoe.eu,false,""
2022-08-21T08:00:00.000000,Sweden,Sweden,SE,2.95,19.58,99.57,64.84,entsoe.eu,false,""
2022-08-21T09:00:00.000000,Sweden,Sweden,SE,2.73,19.27,99.58,65.25,entsoe.eu,false,""
2022-08-21T10:00:00.000000,Sweden,Sweden,SE,2.4,18.84,99.62,65.62,entsoe.eu,false,""
2022-08-21T11:00:00.000000,Sweden,Sweden,SE,2.44,18.84,99.62,65.86,entsoe.eu,false,""
2022-08-21T12:00:00.000000,Sweden,Sweden,SE,4.42,21.19,99.36,66.85,entsoe.eu,false,""
2022-08-21T13:00:00.000000,Sweden,Sweden,SE,1.5,17.27,99.76,66.61,entsoe.eu,false,""
2022-08-21T14:00:00.000000,Sweden,Sweden,SE,1.49,17.04,99.75,67.13,entsoe.eu,false,""
2022-08-21T15:00:00.000000,Sweden,Sweden,SE,1.37,16.12,99.76,68.82,entsoe.eu,false,""
2022-08-21T16:00:00.000000,Sweden,Sweden,SE,1.4,15.84,99.75,69.1,entsoe.eu,false,""
2022-08-21T17:00:00.000000,Sweden,Sweden,SE,1.45,15.88,99.74,68.46,entsoe.eu,false,""
2022-08-21T18:00:00.000000,Sweden,Sweden,SE,1.52,16.09,99.71,69.42,entsoe.eu,false,""
2022-08-21T19:00:00.000000,Sweden,Sweden,SE,1.44,15.69,99.73,69.25,entsoe.eu,false,""
2022-08-21T20:00:00.000000,Sweden,Sweden,SE,1.46,15.53,99.72,69.39,entsoe.eu,false,""
2022-08-21T21:00:00.000000,Sweden,Sweden,SE,1.52,15.66,99.71,68.22,entsoe.eu,false,""
2022-08-21T22:00:00.000000,Sweden,Sweden,SE,1.56,15.83,99.71,66.97,entsoe.eu,false,""
2022-08-21T23:00:00.000000,Sweden,Sweden,SE,1.45,15.71,99.74,65.95,entsoe.eu,false,""
2022-08-22T00:00:00.000000,Sweden,Sweden,SE,1.44,15.59,99.74,64.91,entsoe.eu,false,""
2022-08-22T01:00:00.000000,Sweden,Sweden,SE,1.5,15.88,99.73,64.78,entsoe.eu,false,""
2022-08-22T02:00:00.000000,Sweden,Sweden,SE,1.6,16.34,99.71,64.96,entsoe.eu,false,""
2022-08-22T03:00:00.000000,Sweden,Sweden,SE,1.77,16.6,99.67,66.5,entsoe.eu,false,""
2022-08-22T04:00:00.000000,Sweden,Sweden,SE,1.83,17.25,99.67,66.82,entsoe.eu,false,""
2022-08-22T05:00:00.000000,Sweden,Sweden,SE,1.95,18.16,99.63,68.32,entsoe.eu,false,""
2022-08-22T06:00:00.000000,Sweden,Sweden,SE,2.05,19.32,99.62,68.87,entsoe.eu,false,""
2022-08-22T07:00:00.000000,Sweden,Sweden,SE,2.18,21.3,99.64,68.64,entsoe.eu,false,""
2022-08-22T08:00:00.000000,Sweden,Sweden,SE,2.21,22.07,99.66,67.5,entsoe.eu,false,""
2022-08-22T09:00:00.000000,Sweden,Sweden,SE,2.33,22.4,99.63,68.36,entsoe.eu,false,""
2022-08-22T10:00:00.000000,Sweden,Sweden,SE,2.41,22.36,99.61,68.42,entsoe.eu,false,""
2022-08-22T11:00:00.000000,Sweden,Sweden,SE,2.33,21.97,99.63,67.81,entsoe.eu,false,""
2022-08-22T12:00:00.000000,Sweden,Sweden,SE,2.25,21.6,99.65,67.01,entsoe.eu,false,""
2022-08-22T13:00:00.000000,Sweden,Sweden,SE,2.22,21.64,99.67,67.18,entsoe.eu,false,""
2022-08-22T14:00:00.000000,Sweden,Sweden,SE,2.16,20.76,99.66,66.83,entsoe.eu,false,""
2022-08-22T15:00:00.000000,Sweden,Sweden,SE,2.14,20.29,99.65,67.97,entsoe.eu,false,""
2022-08-22T16:00:00.000000,Sweden,Sweden,SE,2.05,19.75,99.67,68.0,entsoe.eu,false,""
2022-08-22T17:00:00.000000,Sweden,Sweden,SE,1.95,19.31,99.69,67.91,entsoe.eu,false,""
2022-08-22T18:00:00.000000,Sweden,Sweden,SE,1.9,19.07,99.7,67.61,entsoe.eu,false,""
2022-08-22T19:00:00.000000,Sweden,Sweden,SE,1.62,17.39,99.74,67.22,entsoe.eu,false,""
2022-08-22T20:00:00.000000,Sweden,Sweden,SE,1.45,15.71,99.75,66.71,entsoe.eu,false,""
2022-08-22T21:00:00.000000,Sweden,Sweden,SE,1.45,15.85,99.75,66.14,entsoe.eu,false,""
2022-08-22T22:00:00.000000,Sweden,Sweden,SE,1.67,16.27,99.7,65.99,entsoe.eu,false,""
2022-08-22T23:00:00.000000,Sweden,Sweden,SE,1.7,16.36,99.69,65.55,entsoe.eu,false,""
2022-08-23T00:00:00.000000,Sweden,Sweden,SE,1.71,16.37,99.69,65.45,entsoe.eu,false,""
2022-08-23T01:00:00.000000,Sweden,Sweden,SE,1.71,16.39,99.69,65.43,entsoe.eu,false,""
2022-08-23T02:00:00.000000,Sweden,Sweden,SE,1.69,16.57,99.7,65.68,entsoe.eu,false,""
2022-08-23T03:00:00.000000,Sweden,Sweden,SE,1.66,17.15,99.72,65.93,entsoe.eu,false,""
2022-08-23T04:00:00.000000,Sweden,Sweden,SE,1.78,18.71,99.73,67.34,entsoe.eu,false,""
2022-08-23T05:00:00.000000,Sweden,Sweden,SE,1.83,19.5,99.72,68.57,entsoe.eu,false,""
2022-08-23T06:00:00.000000,Sweden,Sweden,SE,1.71,19.9,99.77,68.76,entsoe.eu,false,""
2022-08-23T07:00:00.000000,Sweden,Sweden,SE,1.82,20.39,99.75,68.23,entsoe.eu,false,""
2022-08-23T08:00:00.000000,Sweden,Sweden,SE,1.9,20.77,99.74,68.06,entsoe.eu,false,""
2022-08-23T09:00:00.000000,Sweden,Sweden,SE,2.34,21.51,99.68,67.74,entsoe.eu,false,""
2022-08-23T10:00:00.000000,Sweden,Sweden,SE,2.4,21.66,99.66,67.1,entsoe.eu,false,""
2022-08-23T11:00:00.000000,Sweden,Sweden,SE,2.06,20.91,99.69,66.55,entsoe.eu,false,""
2022-08-23T12:00:00.000000,Sweden,Sweden,SE,2.05,20.81,99.7,67.24,entsoe.eu,false,""
2022-08-23T13:00:00.000000,Sweden,Sweden,SE,1.97,20.55,99.72,67.48,entsoe.eu,false,""
2022-08-23T14:00:00.000000,Sweden,Sweden,SE,2.04,20.65,99.7,67.75,entsoe.eu,false,""
2022-08-23T15:00:00.000000,Sweden,Sweden,SE,2.06,20.42,99.68,68.0,entsoe.eu,false,""
2022-08-23T16:00:00.000000,Sweden,Sweden,SE,2.08,20.18,99.67,68.11,entsoe.eu,false,""
2022-08-23T17:00:00.000000,Sweden,Sweden,SE,1.98,19.75,99.69,67.78,entsoe.eu,false,""
2022-08-23T18:00:00.000000,Sweden,Sweden,SE,1.92,19.63,99.71,67.34,entsoe.eu,false,""
2022-08-23T19:00:00.000000,Sweden,Sweden,SE,1.88,19.63,99.72,67.03,entsoe.eu,false,""
2022-08-23T20:00:00.000000,Sweden,Sweden,SE,1.79,17.85,99.71,65.94,entsoe.eu,false,""
2022-08-23T21:00:00.000000,Sweden,Sweden,SE,1.73,16.86,99.7,65.22,entsoe.eu,false,""
2022-08-23T22:00:00.000000,Sweden,Sweden,SE,1.75,16.77,99.69,65.88,entsoe.eu,false,""
2022-08-23T23:00:00.000000,Sweden,Sweden,SE,1.76,16.5,99.68,65.48,entsoe.eu,false,""
2022-08-24T00:00:00.000000,Sweden,Sweden,SE,1.76,16.35,99.67,65.29,entsoe.eu,false,""
2022-08-24T01:00:00.000000,Sweden,Sweden,SE,1.79,16.47,99.67,65.01,entsoe.eu,false,""
2022-08-24T02:00:00.000000,Sweden,Sweden,SE,1.8,16.69,99.67,65.16,entsoe.eu,false,""
2022-08-24T03:00:00.000000,Sweden,Sweden,SE,1.86,17.06,99.66,65.81,entsoe.eu,false,""
2022-08-24T04:00:00.000000,Sweden,Sweden,SE,1.92,17.71,99.66,66.29,entsoe.eu,false,""
2022-08-24T05:00:00.000000,Sweden,Sweden,SE,2.09,19.74,99.66,67.69,entsoe.eu,false,""
2022-08-24T06:00:00.000000,Sweden,Sweden,SE,2.01,20.37,99.69,68.58,entsoe.eu,false,""
2022-08-24T07:00:00.000000,Sweden,Sweden,SE,1.97,20.79,99.71,68.76,entsoe.eu,false,""
2022-08-24T08:00:00.000000,Sweden,Sweden,SE,1.93,21.14,99.72,68.82,entsoe.eu,false,""
2022-08-24T09:00:00.000000,Sweden,Sweden,SE,1.9,21.49,99.74,68.06,entsoe.eu,false,""
2022-08-24T10:00:00.000000,Sweden,Sweden,SE,2.0,21.74,99.72,68.38,entsoe.eu,false,""
2022-08-24T11:00:00.000000,Sweden,Sweden,SE,1.98,21.73,99.72,68.28,entsoe.eu,false,""
2022-08-24T12:00:00.000000,Sweden,Sweden,SE,1.91,21.43,99.74,68.39,entsoe.eu,false,""
2022-08-24T13:00:00.000000,Sweden,Sweden,SE,1.79,21.03,99.78,67.61,entsoe.eu,false,""
2022-08-24T14:00:00.000000,Sweden,Sweden,SE,1.81,20.9,99.76,68.21,entsoe.eu,false,""
2022-08-24T15:00:00.000000,Sweden,Sweden,SE,1.8,20.3,99.76,67.46,entsoe.eu,false,""
2022-08-24T16:00:00.000000,Sweden,Sweden,SE,1.7,19.88,99.78,66.81,entsoe.eu,false,""
2022-08-24T17:00:00.000000,Sweden,Sweden,SE,1.8,19.73,99.75,67.72,entsoe.eu,false,""
2022-08-24T18:00:00.000000,Sweden,Sweden,SE,1.81,19.44,99.74,67.4,entsoe.eu,false,""
2022-08-24T19:00:00.000000,Sweden,Sweden,SE,1.51,17.71,99.78,66.83,entsoe.eu,false,""
2022-08-24T20:00:00.000000,Sweden,Sweden,SE,1.24,16.36,99.83,66.86,entsoe.eu,false,""
2022-08-24T21:00:00.000000,Sweden,Sweden,SE,1.21,16.09,99.83,67.01,entsoe.eu,false,""
2022-08-24T22:00:00.000000,Sweden,Sweden,SE,1.3,16.48,99.81,66.55,entsoe.eu,false,""
2022-08-24T23:00:00.000000,Sweden,Sweden,SE,1.25,15.82,99.81,66.5,entsoe.eu,false,""
2022-08-25T00:00:00.000000,Sweden,Sweden,SE,1.15,15.43,99.83,66.7,entsoe.eu,false,""
2022-08-25T01:00:00.000000,Sweden,Sweden,SE,1.04,15.33,99.86,66.35,entsoe.eu,false,""
2022-08-25T02:00:00.000000,Sweden,Sweden,SE,1.01,15.45,99.87,66.1,entsoe.eu,false,""
2022-08-25T03:00:00.000000,Sweden,Sweden,SE,1.24,16.22,99.82,66.81,entsoe.eu,false,""
2022-08-25T04:00:00.000000,Sweden,Sweden,SE,1.26,16.43,99.82,67.41,entsoe.eu,false,""
2022-08-25T05:00:00.000000,Sweden,Sweden,SE,2.28,18.59,99.54,68.32,entsoe.eu,false,""
2022-08-25T06:00:00.000000,Sweden,Sweden,SE,2.34,19.18,99.54,68.73,entsoe.eu,false,""
2022-08-25T07:00:00.000000,Sweden,Sweden,SE,2.34,19.44,99.55,68.66,entsoe.eu,false,""
2022-08-25T08:00:00.000000,Sweden,Sweden,SE,2.24,19.27,99.57,68.7,entsoe.eu,false,""
2022-08-25T09:00:00.000000,Sweden,Sweden,SE,1.37,18.67,99.83,68.54,entsoe.eu,false,""
2022-08-25T10:00:00.000000,Sweden,Sweden,SE,1.28,18.36,99.85,68.15,entsoe.eu,false,""
2022-08-25T11:00:00.000000,Sweden,Sweden,SE,1.24,18.45,99.87,67.94,entsoe.eu,false,""
2022-08-25T12:00:00.000000,Sweden,Sweden,SE,1.25,18.45,99.86,68.31,entsoe.eu,false,""
2022-08-25T13:00:00.000000,Sweden,Sweden,SE,1.29,18.3,99.84,68.3,entsoe.eu,false,""
2022-08-25T14:00:00.000000,Sweden,Sweden,SE,2.23,18.99,99.57,67.59,entsoe.eu,false,""
2022-08-25T15:00:00.000000,Sweden,Sweden,SE,2.28,18.82,99.55,67.53,entsoe.eu,false,""
2022-08-25T16:00:00.000000,Sweden,Sweden,SE,2.4,18.83,99.52,67.59,entsoe.eu,false,""
2022-08-25T17:00:00.000000,Sweden,Sweden,SE,2.36,18.23,99.51,68.23,entsoe.eu,false,""
2022-08-25T18:00:00.000000,Sweden,Sweden,SE,2.42,18.2,99.49,68.6,entsoe.eu,false,""
2022-08-25T19:00:00.000000,Sweden,Sweden,SE,1.35,16.33,99.78,68.5,entsoe.eu,false,""
2022-08-25T20:00:00.000000,Sweden,Sweden,SE,1.28,16.22,99.8,68.73,entsoe.eu,false,""
2022-08-25T21:00:00.000000,Sweden,Sweden,SE,1.15,15.81,99.83,67.23,entsoe.eu,false,""
2022-08-25T22:00:00.000000,Sweden,Sweden,SE,1.23,15.48,99.8,66.75,entsoe.eu,false,""
2022-08-25T23:00:00.000000,Sweden,Sweden,SE,1.34,15.48,99.76,66.57,entsoe.eu,false,""
2022-08-26T00:00:00.000000,Sweden,Sweden,SE,1.45,15.64,99.73,66.79,entsoe.eu,false,""
2022-08-26T01:00:00.000000,Sweden,Sweden,SE,1.45,15.51,99.73,66.56,entsoe.eu,false,""
2022-08-26T02:00:00.000000,Sweden,Sweden,SE,1.56,15.68,99.71,66.57,entsoe.eu,false,""
2022-08-26T03:00:00.000000,Sweden,Sweden,SE,1.61,16.09,99.7,67.15,entsoe.eu,false,""
2022-08-26T04:00:00.000000,Sweden,Sweden,SE,1.49,16.53,99.75,67.51,entsoe.eu,false,""
2022-08-26T05:00:00.000000,Sweden,Sweden,SE,1.61,18.57,99.76,68.37,entsoe.eu,false,""
2022-08-26T06:00:00.000000,Sweden,Sweden,SE,1.54,17.0,99.74,69.75,entsoe.eu,false,""
2022-08-26T07:00:00.000000,Sweden,Sweden,SE,1.5,17.38,99.75,70.34,entsoe.eu,false,""
2022-08-26T08:00:00.000000,Sweden,Sweden,SE,1.53,18.87,99.78,70.38,entsoe.eu,false,""
2022-08-26T09:00:00.000000,Sweden,Sweden,SE,1.53,19.85,99.81,69.16,entsoe.eu,false,""
2022-08-26T10:00:00.000000,Sweden,Sweden,SE,1.57,19.95,99.8,69.17,entsoe.eu,false,""
2022-08-26T11:00:00.000000,Sweden,Sweden,SE,1.46,19.76,99.83,68.33,entsoe.eu,false,""
2022-08-26T12:00:00.000000,Sweden,Sweden,SE,1.35,19.0,99.84,67.85,entsoe.eu,false,""
2022-08-26T13:00:00.000000,Sweden,Sweden,SE,1.38,18.78,99.84,68.29,entsoe.eu,false,""
2022-08-26T14:00:00.000000,Sweden,Sweden,SE,1.24,17.95,99.86,68.59,entsoe.eu,false,""
2022-08-26T15:00:00.000000,Sweden,Sweden,SE,1.38,17.77,99.81,68.66,entsoe.eu,false,""
2022-08-26T16:00:00.000000,Sweden,Sweden,SE,1.5,18.18,99.79,68.88,entsoe.eu,false,""
2022-08-26T17:00:00.000000,Sweden,Sweden,SE,1.45,17.66,99.79,68.87,entsoe.eu,false,""
2022-08-26T18:00:00.000000,Sweden,Sweden,SE,1.47,17.96,99.8,68.83,entsoe.eu,false,""
2022-08-26T19:00:00.000000,Sweden,Sweden,SE,1.27,16.71,99.82,68.39,entsoe.eu,false,""
2022-08-26T20:00:00.000000,Sweden,Sweden,SE,1.1,15.38,99.84,67.78,entsoe.eu,false,""
2022-08-26T21:00:00.000000,Sweden,Sweden,SE,1.08,15.08,99.84,67.13,entsoe.eu,false,""
2022-08-26T22:00:00.000000,Sweden,Sweden,SE,0.96,14.6,99.86,65.31,entsoe.eu,false,""
2022-08-26T23:00:00.000000,Sweden,Sweden,SE,0.99,14.7,99.86,64.87,entsoe.eu,false,""
2022-08-27T00:00:00.000000,Sweden,Sweden,SE,1.05,14.79,99.84,64.2,entsoe.eu,false,""
2022-08-27T01:00:00.000000,Sweden,Sweden,SE,1.23,15.05,99.79,63.49,entsoe.eu,false,""
2022-08-27T02:00:00.000000,Sweden,Sweden,SE,1.35,15.26,99.76,64.0,entsoe.eu,false,""
2022-08-27T03:00:00.000000,Sweden,Sweden,SE,1.52,15.56,99.72,63.86,entsoe.eu,false,""
2022-08-27T04:00:00.000000,Sweden,Sweden,SE,1.56,15.73,99.71,64.15,entsoe.eu,false,""
2022-08-27T05:00:00.000000,Sweden,Sweden,SE,1.59,16.21,99.72,64.83,entsoe.eu,false,""
2022-08-27T06:00:00.000000,Sweden,Sweden,SE,1.57,16.42,99.72,66.77,entsoe.eu,false,""
2022-08-27T07:00:00.000000,Sweden,Sweden,SE,1.64,16.94,99.72,67.08,entsoe.eu,false,""
2022-08-27T08:00:00.000000,Sweden,Sweden,SE,1.71,17.44,99.7,68.88,entsoe.eu,false,""
2022-08-27T09:00:00.000000,Sweden,Sweden,SE,1.77,18.05,99.69,69.0,entsoe.eu,false,""
2022-08-27T10:00:00.000000,Sweden,Sweden,SE,1.67,17.87,99.72,69.39,entsoe.eu,false,""
2022-08-27T11:00:00.000000,Sweden,Sweden,SE,1.54,17.39,99.75,67.23,entsoe.eu,false,""
2022-08-27T12:00:00.000000,Sweden,Sweden,SE,1.91,17.85,99.69,66.86,entsoe.eu,false,""
2022-08-27T13:00:00.000000,Sweden,Sweden,SE,3.85,19.96,99.38,67.76,entsoe.eu,false,""
2022-08-27T14:00:00.000000,Sweden,Sweden,SE,1.45,16.68,99.77,67.21,entsoe.eu,false,""
2022-08-27T15:00:00.000000,Sweden,Sweden,SE,1.5,16.59,99.75,68.03,entsoe.eu,false,""
2022-08-27T16:00:00.000000,Sweden,Sweden,SE,1.43,16.37,99.77,67.5,entsoe.eu,false,""
2022-08-27T17:00:00.000000,Sweden,Sweden,SE,1.32,16.03,99.79,67.86,entsoe.eu,false,""
2022-08-27T18:00:00.000000,Sweden,Sweden,SE,1.26,15.82,99.8,68.24,entsoe.eu,false,""
2022-08-27T19:00:00.000000,Sweden,Sweden,SE,1.45,16.2,99.76,68.18,entsoe.eu,false,""
2022-08-27T20:00:00.000000,Sweden,Sweden,SE,1.32,15.8,99.78,68.86,entsoe.eu,false,""
2022-08-27T21:00:00.000000,Sweden,Sweden,SE,1.24,15.51,99.8,67.69,entsoe.eu,false,""
2022-08-27T22:00:00.000000,Sweden,Sweden,SE,1.18,15.32,99.81,67.92,entsoe.eu,false,""
2022-08-27T23:00:00.000000,Sweden,Sweden,SE,1.29,15.43,99.78,68.05,entsoe.eu,false,""
2022-08-28T00:00:00.000000,Sweden,Sweden,SE,1.24,15.38,99.79,67.82,entsoe.eu,false,""
2022-08-28T01:00:00.000000,Sweden,Sweden,SE,1.24,15.35,99.79,68.38,entsoe.eu,false,""
2022-08-28T02:00:00.000000,Sweden,Sweden,SE,1.26,15.26,99.78,69.68,entsoe.eu,false,""
2022-08-28T03:00:00.000000,Sweden,Sweden,SE,1.36,15.51,99.77,69.42,entsoe.eu,false,""
2022-08-28T04:00:00.000000,Sweden,Sweden,SE,1.2,15.17,99.8,70.09,entsoe.eu,false,""
2022-08-28T05:00:00.000000,Sweden,Sweden,SE,1.14,15.21,99.82,69.77,entsoe.eu,false,""
2022-08-28T06:00:00.000000,Sweden,Sweden,SE,1.11,15.57,99.83,69.5,entsoe.eu,false,""
2022-08-28T07:00:00.000000,Sweden,Sweden,SE,1.07,15.9,99.85,69.51,entsoe.eu,false,""
2022-08-28T08:00:00.000000,Sweden,Sweden,SE,1.91,17.55,99.71,69.94,entsoe.eu,false,""
2022-08-28T09:00:00.000000,Sweden,Sweden,SE,2.57,18.62,99.59,70.31,entsoe.eu,false,""
2022-08-28T10:00:00.000000,Sweden,Sweden,SE,3.61,19.83,99.47,70.31,entsoe.eu,false,""
2022-08-28T11:00:00.000000,Sweden,Sweden,SE,4.12,20.39,99.42,70.53,entsoe.eu,false,""
2022-08-28T12:00:00.000000,Sweden,Sweden,SE,3.85,20.08,99.45,70.47,entsoe.eu,false,""
2022-08-28T13:00:00.000000,Sweden,Sweden,SE,4.25,20.34,99.42,70.39,entsoe.eu,false,""
2022-08-28T14:00:00.000000,Sweden,Sweden,SE,3.39,19.11,99.53,69.62,entsoe.eu,false,""
2022-08-28T15:00:00.000000,Sweden,Sweden,SE,0.92,15.61,99.89,69.34,entsoe.eu,false,""
2022-08-28T16:00:00.000000,Sweden,Sweden,SE,0.88,14.85,99.88,69.58,entsoe.eu,false,""
2022-08-28T17:00:00.000000,Sweden,Sweden,SE,0.87,14.79,99.88,69.78,entsoe.eu,false,""
2022-08-28T18:00:00.000000,Sweden,Sweden,SE,0.88,14.8,99.88,69.68,entsoe.eu,false,""
2022-08-28T19:00:00.000000,Sweden,Sweden,SE,0.89,15.01,99.88,70.1,entsoe.eu,false,""
2022-08-28T20:00:00.000000,Sweden,Sweden,SE,0.79,14.69,99.9,70.96,entsoe.eu,false,""
2022-08-28T21:00:00.000000,Sweden,Sweden,SE,0.7,14.63,99.93,71.41,entsoe.eu,false,""
2022-08-28T22:00:00.000000,Sweden,Sweden,SE,0.65,14.46,99.94,70.86,entsoe.eu,false,""
2022-08-28T23:00:00.000000,Sweden,Sweden,SE,0.74,14.69,99.91,71.0,entsoe.eu,false,""
2022-08-29T00:00:00.000000,Sweden,Sweden,SE,0.7,14.57,99.92,71.3,entsoe.eu,false,""
2022-08-29T01:00:00.000000,Sweden,Sweden,SE,0.83,14.78,99.89,71.23,entsoe.eu,false,""
2022-08-29T02:00:00.000000,Sweden,Sweden,SE,0.85,14.87,99.89,71.69,entsoe.eu,false,""
2022-08-29T03:00:00.000000,Sweden,Sweden,SE,0.76,14.79,99.91,71.63,entsoe.eu,false,""
2022-08-29T04:00:00.000000,Sweden,Sweden,SE,0.73,14.85,99.92,72.47,entsoe.eu,false,""
2022-08-29T05:00:00.000000,Sweden,Sweden,SE,1.02,15.78,99.86,72.65,entsoe.eu,false,""
2022-08-29T06:00:00.000000,Sweden,Sweden,SE,1.15,16.29,99.83,72.99,entsoe.eu,false,""
2022-08-29T07:00:00.000000,Sweden,Sweden,SE,1.18,16.58,99.83,72.88,entsoe.eu,false,""
2022-08-29T08:00:00.000000,Sweden,Sweden,SE,1.14,16.74,99.84,72.54,entsoe.eu,false,""
2022-08-29T09:00:00.000000,Sweden,Sweden,SE,1.56,17.45,99.77,72.11,entsoe.eu,false,""
2022-08-29T10:00:00.000000,Sweden,Sweden,SE,4.97,21.32,99.22,72.09,entsoe.eu,false,""
2022-08-29T11:00:00.000000,Sweden,Sweden,SE,6.58,23.16,99.05,71.72,entsoe.eu,false,""
2022-08-29T12:00:00.000000,Sweden,Sweden,SE,5.0,21.39,99.27,71.76,entsoe.eu,false,""
2022-08-29T13:00:00.000000,Sweden,Sweden,SE,1.63,17.2,99.74,71.26,entsoe.eu,false,""
2022-08-29T14:00:00.000000,Sweden,Sweden,SE,1.38,16.94,99.78,71.17,entsoe.eu,false,""
2022-08-29T15:00:00.000000,Sweden,Sweden,SE,1.47,16.8,99.76,70.72,entsoe.eu,false,""
2022-08-29T16:00:00.000000,Sweden,Sweden,SE,1.49,16.73,99.75,70.4,entsoe.eu,false,""
2022-08-29T17:00:00.000000,Sweden,Sweden,SE,1.46,16.52,99.76,70.21,entsoe.eu,false,""
2022-08-29T18:00:00.000000,Sweden,Sweden,SE,1.33,16.46,99.79,69.89,entsoe.eu,false,""
2022-08-29T19:00:00.000000,Sweden,Sweden,SE,1.23,16.15,99.82,69.2,entsoe.eu,false,""
2022-08-29T20:00:00.000000,Sweden,Sweden,SE,1.23,15.99,99.81,68.92,entsoe.eu,false,""
2022-08-29T21:00:00.000000,Sweden,Sweden,SE,1.18,15.43,99.82,69.17,entsoe.eu,false,""
2022-08-29T22:00:00.000000,Sweden,Sweden,SE,1.08,15.22,99.84,69.14,entsoe.eu,false,""
2022-08-29T23:00:00.000000,Sweden,Sweden,SE,1.05,15.09,99.84,67.94,entsoe.eu,false,""
2022-08-30T00:00:00.000000,Sweden,Sweden,SE,1.18,15.36,99.81,68.59,entsoe.eu,false,""
2022-08-30T01:00:00.000000,Sweden,Sweden,SE,1.21,15.43,99.81,68.27,entsoe.eu,false,""
2022-08-30T02:00:00.000000,Sweden,Sweden,SE,1.26,15.74,99.8,68.79,entsoe.eu,false,""
2022-08-30T03:00:00.000000,Sweden,Sweden,SE,1.33,16.36,99.79,69.16,entsoe.eu,false,""
2022-08-30T04:00:00.000000,Sweden,Sweden,SE,1.51,18.25,99.79,68.99,entsoe.eu,false,""
2022-08-30T05:00:00.000000,Sweden,Sweden,SE,2.45,19.91,99.53,69.52,entsoe.eu,false,""
2022-08-30T06:00:00.000000,Sweden,Sweden,SE,2.51,20.67,99.53,69.52,entsoe.eu,false,""
2022-08-30T07:00:00.000000,Sweden,Sweden,SE,2.49,21.02,99.54,69.63,entsoe.eu,false,""
2022-08-30T08:00:00.000000,Sweden,Sweden,SE,8.87,29.13,98.67,69.71,entsoe.eu,false,""
2022-08-30T09:00:00.000000,Sweden,Sweden,SE,10.19,30.73,98.7,70.19,entsoe.eu,false,""
2022-08-30T10:00:00.000000,Sweden,Sweden,SE,10.28,30.91,98.75,69.72,entsoe.eu,false,""
2022-08-30T11:00:00.000000,Sweden,Sweden,SE,10.34,30.78,98.77,69.9,entsoe.eu,false,""
2022-08-30T12:00:00.000000,Sweden,Sweden,SE,10.35,30.52,98.75,69.71,entsoe.eu,false,""
2022-08-30T13:00:00.000000,Sweden,Sweden,SE,8.69,28.63,98.9,69.65,entsoe.eu,false,""
2022-08-30T14:00:00.000000,Sweden,Sweden,SE,6.0,25.35,99.04,69.79,entsoe.eu,false,""
2022-08-30T15:00:00.000000,Sweden,Sweden,SE,2.4,20.58,99.57,68.68,entsoe.eu,false,""
2022-08-30T16:00:00.000000,Sweden,Sweden,SE,2.54,20.95,99.53,68.44,entsoe.eu,false,""
2022-08-30T17:00:00.000000,Sweden,Sweden,SE,2.54,20.6,99.52,68.77,entsoe.eu,false,""
2022-08-30T18:00:00.000000,Sweden,Sweden,SE,2.44,20.03,99.54,68.48,entsoe.eu,false,""
2022-08-30T19:00:00.000000,Sweden,Sweden,SE,1.39,18.42,99.84,68.39,entsoe.eu,false,""
2022-08-30T20:00:00.000000,Sweden,Sweden,SE,2.25,19.27,99.7,67.44,entsoe.eu,false,""
2022-08-30T21:00:00.000000,Sweden,Sweden,SE,12.21,29.55,98.29,67.52,entsoe.eu,false,""
2022-08-30T22:00:00.000000,Sweden,Sweden,SE,13.34,30.22,98.12,65.31,entsoe.eu,false,""
2022-08-30T23:00:00.000000,Sweden,Sweden,SE,12.8,29.71,98.14,64.87,entsoe.eu,false,""
2022-08-31T00:00:00.000000,Sweden,Sweden,SE,10.1,26.72,98.33,64.62,entsoe.eu,false,""
2022-08-31T01:00:00.000000,Sweden,Sweden,SE,11.1,27.94,98.22,64.7,entsoe.eu,false,""
2022-08-31T02:00:00.000000,Sweden,Sweden,SE,9.25,26.24,98.46,65.09,entsoe.eu,false,""
2022-08-31T03:00:00.000000,Sweden,Sweden,SE,2.32,19.14,99.66,66.92,entsoe.eu,false,""
2022-08-31T04:00:00.000000,Sweden,Sweden,SE,1.51,19.01,99.81,67.94,entsoe.eu,false,""
2022-08-31T05:00:00.000000,Sweden,Sweden,SE,2.29,20.23,99.59,68.68,entsoe.eu,false,""
2022-08-31T06:00:00.000000,Sweden,Sweden,SE,2.33,20.71,99.58,69.67,entsoe.eu,false,""
2022-08-31T07:00:00.000000,Sweden,Sweden,SE,2.45,21.37,99.56,69.12,entsoe.eu,false,""
2022-08-31T08:00:00.000000,Sweden,Sweden,SE,2.4,21.81,99.59,68.67,entsoe.eu,false,""
2022-08-31T09:00:00.000000,Sweden,Sweden,SE,3.2,22.85,99.6,69.31,entsoe.eu,false,""
2022-08-31T10:00:00.000000,Sweden,Sweden,SE,8.31,28.85,98.93,69.35,entsoe.eu,false,""
2022-08-31T11:00:00.000000,Sweden,Sweden,SE,9.45,29.96,98.82,69.23,entsoe.eu,false,""
2022-08-31T12:00:00.000000,Sweden,Sweden,SE,8.39,28.55,98.94,69.87,entsoe.eu,false,""
2022-08-31T13:00:00.000000,Sweden,Sweden,SE,6.62,26.42,99.09,70.42,entsoe.eu,false,""
2022-08-31T14:00:00.000000,Sweden,Sweden,SE,1.91,20.29,99.78,70.12,entsoe.eu,false,""
2022-08-31T15:00:00.000000,Sweden,Sweden,SE,1.41,19.43,99.85,69.41,entsoe.eu,false,""
2022-08-31T16:00:00.000000,Sweden,Sweden,SE,1.43,19.26,99.84,69.66,entsoe.eu,false,""
2022-08-31T17:00:00.000000,Sweden,Sweden,SE,1.4,18.86,99.84,69.38,entsoe.eu,false,""
2022-08-31T18:00:00.000000,Sweden,Sweden,SE,1.31,18.3,99.85,69.53,entsoe.eu,false,""
2022-08-31T19:00:00.000000,Sweden,Sweden,SE,1.31,18.25,99.85,69.02,entsoe.eu,false,""
2022-08-31T20:00:00.000000,Sweden,Sweden,SE,1.26,17.85,99.86,68.8,entsoe.eu,false,""
2022-08-31T21:00:00.000000,Sweden,Sweden,SE,6.87,23.94,99.04,68.71,entsoe.eu,false,""
2022-08-31T22:00:00.000000,Sweden,Sweden,SE,13.9,32.2,98.15,67.91,entsoe.eu,false,""
2022-08-31T23:00:00.000000,Sweden,Sweden,SE,14.7,33.21,98.01,66.67,entsoe.eu,false,""
2022-09-01T00:00:00.000000,Sweden,Sweden,SE,14.43,33.0,98.0,66.41,entsoe.eu,false,""
2022-09-01T01:00:00.000000,Sweden,Sweden,SE,14.8,33.45,97.96,66.64,entsoe.eu,false,""
2022-09-01T02:00:00.000000,Sweden,Sweden,SE,13.04,31.21,98.18,66.41,entsoe.eu,false,""
2022-09-01T03:00:00.000000,Sweden,Sweden,SE,1.3,17.53,99.83,67.33,entsoe.eu,false,""
2022-09-01T04:00:00.000000,Sweden,Sweden,SE,1.38,18.16,99.83,68.62,entsoe.eu,false,""
2022-09-01T05:00:00.000000,Sweden,Sweden,SE,1.47,18.99,99.82,69.97,entsoe.eu,false,""
2022-09-01T06:00:00.000000,Sweden,Sweden,SE,1.57,19.81,99.81,70.75,entsoe.eu,false,""
2022-09-01T07:00:00.000000,Sweden,Sweden,SE,1.66,20.23,99.8,70.89,entsoe.eu,false,""
2022-09-01T08:00:00.000000,Sweden,Sweden,SE,4.26,23.86,99.46,69.24,entsoe.eu,false,""
2022-09-01T09:00:00.000000,Sweden,Sweden,SE,10.72,31.38,98.68,68.8,entsoe.eu,false,""
2022-09-01T10:00:00.000000,Sweden,Sweden,SE,10.41,30.79,98.75,68.98,entsoe.eu,false,""
2022-09-01T11:00:00.000000,Sweden,Sweden,SE,10.6,30.85,98.72,68.83,entsoe.eu,false,""
2022-09-01T12:00:00.000000,Sweden,Sweden,SE,9.86,30.2,98.76,68.91,entsoe.eu,false,""
2022-09-01T13:00:00.000000,Sweden,Sweden,SE,8.74,28.8,98.85,68.57,entsoe.eu,false,""
2022-09-01T14:00:00.000000,Sweden,Sweden,SE,2.81,20.97,99.51,68.12,entsoe.eu,false,""
2022-09-01T15:00:00.000000,Sweden,Sweden,SE,2.46,20.4,99.55,68.08,entsoe.eu,false,""
2022-09-01T16:00:00.000000,Sweden,Sweden,SE,2.45,20.03,99.53,68.96,entsoe.eu,false,""
2022-09-01T17:00:00.000000,Sweden,Sweden,SE,2.52,19.72,99.51,68.64,entsoe.eu,false,""
2022-09-01T18:00:00.000000,Sweden,Sweden,SE,2.47,19.73,99.53,69.22,entsoe.eu,false,""
2022-09-01T19:00:00.000000,Sweden,Sweden,SE,1.49,18.18,99.8,68.83,entsoe.eu,false,""
2022-09-01T20:00:00.000000,Sweden,Sweden,SE,1.45,17.85,99.8,68.18,entsoe.eu,false,""
2022-09-01T21:00:00.000000,Sweden,Sweden,SE,12.16,29.94,98.47,67.53,entsoe.eu,false,""
2022-09-01T22:00:00.000000,Sweden,Sweden,SE,17.47,35.69,97.8,65.87,entsoe.eu,false,""
2022-09-01T23:00:00.000000,Sweden,Sweden,SE,19.06,37.49,97.68,64.45,entsoe.eu,false,""
2022-09-02T00:00:00.000000,Sweden,Sweden,SE,19.27,37.99,97.67,64.24,entsoe.eu,false,""
2022-09-02T01:00:00.000000,Sweden,Sweden,SE,19.73,38.62,97.6,64.35,entsoe.eu,false,""
2022-09-02T02:00:00.000000,Sweden,Sweden,SE,19.07,38.08,97.6,64.52,entsoe.eu,false,""
2022-09-02T03:00:00.000000,Sweden,Sweden,SE,14.61,33.14,97.98,65.66,entsoe.eu,false,""
2022-09-02T04:00:00.000000,Sweden,Sweden,SE,2.08,19.51,99.72,67.15,entsoe.eu,false,""
2022-09-02T05:00:00.000000,Sweden,Sweden,SE,1.67,19.3,99.78,68.23,entsoe.eu,false,""
2022-09-02T06:00:00.000000,Sweden,Sweden,SE,11.04,30.75,98.54,67.98,entsoe.eu,false,""
2022-09-02T07:00:00.000000,Sweden,Sweden,SE,14.27,34.71,98.22,68.17,entsoe.eu,false,""
2022-09-02T08:00:00.000000,Sweden,Sweden,SE,12.37,32.77,98.57,68.42,entsoe.eu,false,""
2022-09-02T09:00:00.000000,Sweden,Sweden,SE,13.89,35.16,98.53,68.21,entsoe.eu,false,""
2022-09-02T10:00:00.000000,Sweden,Sweden,SE,16.34,38.04,98.28,68.11,entsoe.eu,false,""
2022-09-02T11:00:00.000000,Sweden,Sweden,SE,15.81,37.58,98.29,68.2,entsoe.eu,false,""
2022-09-02T12:00:00.000000,Sweden,Sweden,SE,15.87,37.38,98.32,67.93,entsoe.eu,false,""
2022-09-02T13:00:00.000000,Sweden,Sweden,SE,11.93,32.42,98.71,67.95,entsoe.eu,false,""
2022-09-02T14:00:00.000000,Sweden,Sweden,SE,10.55,30.59,98.74,67.51,entsoe.eu,false,""
2022-09-02T15:00:00.000000,Sweden,Sweden,SE,9.68,28.69,98.88,68.05,entsoe.eu,false,""
2022-09-02T16:00:00.000000,Sweden,Sweden,SE,7.07,25.39,99.15,68.06,entsoe.eu,false,""
2022-09-02T17:00:00.000000,Sweden,Sweden,SE,1.6,19.01,99.79,67.34,entsoe.eu,false,""
2022-09-02T18:00:00.000000,Sweden,Sweden,SE,4.82,22.81,99.34,67.49,entsoe.eu,false,""
2022-09-02T19:00:00.000000,Sweden,Sweden,SE,8.53,26.96,98.97,66.96,entsoe.eu,false,""
2022-09-02T20:00:00.000000,Sweden,Sweden,SE,8.32,26.58,98.89,67.17,entsoe.eu,false,""
2022-09-02T21:00:00.000000,Sweden,Sweden,SE,8.47,26.0,98.99,67.09,entsoe.eu,false,""
2022-09-02T22:00:00.000000,Sweden,Sweden,SE,8.28,24.05,99.0,65.85,entsoe.eu,false,""
2022-09-02T23:00:00.000000,Sweden,Sweden,SE,7.59,23.43,99.04,65.3,entsoe.eu,false,""
2022-09-03T00:00:00.000000,Sweden,Sweden,SE,7.57,23.55,99.05,65.33,entsoe.eu,false,""
2022-09-03T01:00:00.000000,Sweden,Sweden,SE,8.04,23.97,99.02,64.97,entsoe.eu,false,""
2022-09-03T02:00:00.000000,Sweden,Sweden,SE,8.28,24.42,98.88,64.46,entsoe.eu,false,""
2022-09-03T03:00:00.000000,Sweden,Sweden,SE,9.65,25.79,98.86,65.19,entsoe.eu,false,""
2022-09-03T04:00:00.000000,Sweden,Sweden,SE,8.33,24.6,98.99,65.6,entsoe.eu,false,""
2022-09-03T05:00:00.000000,Sweden,Sweden,SE,8.75,25.67,98.95,66.38,entsoe.eu,false,""
2022-09-03T06:00:00.000000,Sweden,Sweden,SE,8.26,25.86,98.9,66.58,entsoe.eu,false,""
2022-09-03T07:00:00.000000,Sweden,Sweden,SE,7.72,25.38,99.06,67.57,entsoe.eu,false,""
2022-09-03T08:00:00.000000,Sweden,Sweden,SE,6.37,24.17,99.21,67.96,entsoe.eu,false,""
2022-09-03T09:00:00.000000,Sweden,Sweden,SE,5.89,23.91,99.24,67.79,entsoe.eu,false,""
2022-09-03T10:00:00.000000,Sweden,Sweden,SE,5.33,23.38,99.27,67.7,entsoe.eu,false,""
2022-09-03T11:00:00.000000,Sweden,Sweden,SE,5.28,23.54,99.3,66.87,entsoe.eu,false,""
2022-09-03T12:00:00.000000,Sweden,Sweden,SE,5.31,23.32,99.33,67.36,entsoe.eu,false,""
2022-09-03T13:00:00.000000,Sweden,Sweden,SE,6.49,24.27,99.22,67.05,entsoe.eu,false,""
2022-09-03T14:00:00.000000,Sweden,Sweden,SE,7.0,24.68,99.15,67.31,entsoe.eu,false,""
2022-09-03T15:00:00.000000,Sweden,Sweden,SE,5.78,23.04,99.2,67.51,entsoe.eu,false,""
2022-09-03T16:00:00.000000,Sweden,Sweden,SE,6.12,23.15,99.13,67.57,entsoe.eu,false,""
2022-09-03T17:00:00.000000,Sweden,Sweden,SE,5.87,22.63,99.16,67.29,entsoe.eu,false,""
2022-09-03T18:00:00.000000,Sweden,Sweden,SE,6.48,23.4,99.14,67.48,entsoe.eu,false,""
2022-09-03T19:00:00.000000,Sweden,Sweden,SE,8.1,25.17,98.98,68.18,entsoe.eu,false,""
2022-09-03T20:00:00.000000,Sweden,Sweden,SE,8.69,24.78,98.93,67.66,entsoe.eu,false,""
2022-09-03T21:00:00.000000,Sweden,Sweden,SE,8.58,24.14,98.94,67.4,entsoe.eu,false,""
2022-09-03T22:00:00.000000,Sweden,Sweden,SE,9.17,25.09,98.87,66.29,entsoe.eu,false,""
2022-09-03T23:00:00.000000,Sweden,Sweden,SE,8.88,25.08,98.91,65.96,entsoe.eu,false,""
2022-09-04T00:00:00.000000,Sweden,Sweden,SE,7.47,23.69,99.04,65.31,entsoe.eu,false,""
2022-09-04T01:00:00.000000,Sweden,Sweden,SE,7.4,23.63,99.01,66.05,entsoe.eu,false,""
2022-09-04T02:00:00.000000,Sweden,Sweden,SE,8.64,25.01,98.88,66.45,entsoe.eu,false,""
2022-09-04T03:00:00.000000,Sweden,Sweden,SE,9.15,25.64,98.83,66.32,entsoe.eu,false,""
2022-09-04T04:00:00.000000,Sweden,Sweden,SE,10.08,26.6,98.77,67.57,entsoe.eu,false,""
2022-09-04T05:00:00.000000,Sweden,Sweden,SE,9.56,26.08,98.82,69.13,entsoe.eu,false,""
2022-09-04T06:00:00.000000,Sweden,Sweden,SE,8.06,24.72,98.96,70.1,entsoe.eu,false,""
2022-09-04T07:00:00.000000,Sweden,Sweden,SE,7.78,24.4,99.04,70.99,entsoe.eu,false,""
2022-09-04T08:00:00.000000,Sweden,Sweden,SE,5.23,21.97,99.3,71.43,entsoe.eu,false,""
2022-09-04T09:00:00.000000,Sweden,Sweden,SE,6.23,23.62,99.23,71.3,entsoe.eu,false,""
2022-09-04T10:00:00.000000,Sweden,Sweden,SE,9.83,29.25,98.82,71.65,entsoe.eu,false,""
2022-09-04T11:00:00.000000,Sweden,Sweden,SE,12.59,32.9,98.53,71.6,entsoe.eu,false,""
2022-09-04T12:00:00.000000,Sweden,Sweden,SE,10.71,30.31,98.73,71.91,entsoe.eu,false,""
2022-09-04T13:00:00.000000,Sweden,Sweden,SE,7.84,26.05,99.07,71.79,entsoe.eu,false,""
2022-09-04T14:00:00.000000,Sweden,Sweden,SE,8.01,26.08,99.05,72.26,entsoe.eu,false,""
2022-09-04T15:00:00.000000,Sweden,Sweden,SE,7.73,25.47,99.01,72.31,entsoe.eu,false,""
2022-09-04T16:00:00.000000,Sweden,Sweden,SE,6.17,23.43,99.16,71.48,entsoe.eu,false,""
2022-09-04T17:00:00.000000,Sweden,Sweden,SE,2.85,19.38,99.58,71.92,entsoe.eu,false,""
2022-09-04T18:00:00.000000,Sweden,Sweden,SE,1.52,17.73,99.78,71.81,entsoe.eu,false,""
2022-09-04T19:00:00.000000,Sweden,Sweden,SE,5.0,21.89,99.29,71.93,entsoe.eu,false,""
2022-09-04T20:00:00.000000,Sweden,Sweden,SE,5.97,22.75,99.19,72.11,entsoe.eu,false,""
2022-09-04T21:00:00.000000,Sweden,Sweden,SE,7.65,24.35,99.05,71.81,entsoe.eu,false,""
2022-09-04T22:00:00.000000,Sweden,Sweden,SE,7.5,24.57,99.04,70.99,entsoe.eu,false,""
2022-09-04T23:00:00.000000,Sweden,Sweden,SE,7.99,25.18,98.98,70.08,entsoe.eu,false,""
2022-09-05T00:00:00.000000,Sweden,Sweden,SE,6.34,23.77,99.11,70.29,entsoe.eu,false,""
2022-09-05T01:00:00.000000,Sweden,Sweden,SE,7.59,25.41,98.9,69.75,entsoe.eu,false,""
2022-09-05T02:00:00.000000,Sweden,Sweden,SE,5.62,23.31,99.22,70.08,entsoe.eu,false,""
2022-09-05T03:00:00.000000,Sweden,Sweden,SE,5.4,23.35,99.25,70.59,entsoe.eu,false,""
2022-09-05T04:00:00.000000,Sweden,Sweden,SE,3.84,21.84,99.47,70.78,entsoe.eu,false,""
2022-09-05T05:00:00.000000,Sweden,Sweden,SE,1.74,20.12,99.78,71.03,entsoe.eu,false,""
2022-09-05T06:00:00.000000,Sweden,Sweden,SE,3.67,22.83,99.53,71.7,entsoe.eu,false,""
2022-09-05T07:00:00.000000,Sweden,Sweden,SE,5.51,25.73,99.22,71.61,entsoe.eu,false,""
2022-09-05T08:00:00.000000,Sweden,Sweden,SE,11.01,32.01,98.79,71.34,entsoe.eu,false,""
2022-09-05T09:00:00.000000,Sweden,Sweden,SE,11.69,33.87,98.65,71.85,entsoe.eu,false,""
2022-09-05T10:00:00.000000,Sweden,Sweden,SE,9.81,31.38,98.93,71.27,entsoe.eu,false,""
2022-09-05T11:00:00.000000,Sweden,Sweden,SE,9.79,31.9,98.87,72.59,entsoe.eu,false,""
2022-09-05T12:00:00.000000,Sweden,Sweden,SE,8.73,29.92,99.01,72.31,entsoe.eu,false,""
2022-09-05T13:00:00.000000,Sweden,Sweden,SE,10.03,30.66,98.87,72.37,entsoe.eu,false,""
2022-09-05T14:00:00.000000,Sweden,Sweden,SE,10.7,30.96,98.8,71.83,entsoe.eu,false,""
2022-09-05T15:00:00.000000,Sweden,Sweden,SE,6.68,25.96,99.19,72.15,entsoe.eu,false,""
2022-09-05T16:00:00.000000,Sweden,Sweden,SE,3.08,21.13,99.59,71.61,entsoe.eu,false,""
2022-09-05T17:00:00.000000,Sweden,Sweden,SE,1.63,19.01,99.78,71.62,entsoe.eu,false,""
2022-09-05T18:00:00.000000,Sweden,Sweden,SE,3.44,21.03,99.53,71.62,entsoe.eu,false,""
2022-09-05T19:00:00.000000,Sweden,Sweden,SE,6.52,24.49,99.17,71.71,entsoe.eu,false,""
2022-09-05T20:00:00.000000,Sweden,Sweden,SE,7.28,25.33,99.11,71.08,entsoe.eu,false,""
2022-09-05T21:00:00.000000,Sweden,Sweden,SE,8.48,25.9,99.0,71.24,entsoe.eu,false,""
2022-09-05T22:00:00.000000,Sweden,Sweden,SE,9.99,27.68,98.86,70.55,entsoe.eu,false,""
2022-09-05T23:00:00.000000,Sweden,Sweden,SE,10.48,28.43,98.79,69.59,entsoe.eu,false,""
2022-09-06T00:00:00.000000,Sweden,Sweden,SE,10.57,28.49,98.8,69.2,entsoe.eu,false,""
2022-09-06T01:00:00.000000,Sweden,Sweden,SE,11.22,29.33,98.73,68.59,entsoe.eu,false,""
2022-09-06T02:00:00.000000,Sweden,Sweden,SE,10.6,28.96,98.76,68.98,entsoe.eu,false,""
2022-09-06T03:00:00.000000,Sweden,Sweden,SE,3.64,21.33,99.54,69.92,entsoe.eu,false,""
2022-09-06T04:00:00.000000,Sweden,Sweden,SE,1.84,21.18,99.77,71.03,entsoe.eu,false,""
2022-09-06T05:00:00.000000,Sweden,Sweden,SE,1.92,22.18,99.77,72.37,entsoe.eu,false,""
2022-09-06T06:00:00.000000,Sweden,Sweden,SE,2.17,22.89,99.73,72.29,entsoe.eu,false,""
2022-09-06T07:00:00.000000,Sweden,Sweden,SE,1.85,23.57,99.82,71.03,entsoe.eu,false,""
2022-09-06T08:00:00.000000,Sweden,Sweden,SE,4.62,27.3,99.46,72.02,entsoe.eu,false,""
2022-09-06T09:00:00.000000,Sweden,Sweden,SE,4.99,27.95,99.38,72.17,entsoe.eu,false,""
2022-09-06T10:00:00.000000,Sweden,Sweden,SE,7.45,30.76,99.11,71.85,entsoe.eu,false,""
2022-09-06T11:00:00.000000,Sweden,Sweden,SE,6.81,29.98,99.2,71.76,entsoe.eu,false,""
2022-09-06T12:00:00.000000,Sweden,Sweden,SE,6.4,28.51,99.21,71.57,entsoe.eu,false,""
2022-09-06T13:00:00.000000,Sweden,Sweden,SE,7.23,28.91,99.1,71.43,entsoe.eu,false,""
2022-09-06T14:00:00.000000,Sweden,Sweden,SE,4.82,26.52,99.39,71.88,entsoe.eu,false,""
2022-09-06T15:00:00.000000,Sweden,Sweden,SE,2.14,23.01,99.72,71.8,entsoe.eu,false,""
2022-09-06T16:00:00.000000,Sweden,Sweden,SE,2.19,22.48,99.69,72.02,entsoe.eu,false,""
2022-09-06T17:00:00.000000,Sweden,Sweden,SE,2.06,21.89,99.72,71.85,entsoe.eu,false,""
2022-09-06T18:00:00.000000,Sweden,Sweden,SE,2.04,21.79,99.72,72.49,entsoe.eu,false,""
2022-09-06T19:00:00.000000,Sweden,Sweden,SE,1.96,21.39,99.74,72.29,entsoe.eu,false,""
2022-09-06T20:00:00.000000,Sweden,Sweden,SE,1.66,18.98,99.76,71.65,entsoe.eu,false,""
2022-09-06T21:00:00.000000,Sweden,Sweden,SE,1.56,17.77,99.76,71.17,entsoe.eu,false,""
2022-09-06T22:00:00.000000,Sweden,Sweden,SE,6.91,24.23,99.09,71.53,entsoe.eu,false,""
2022-09-06T23:00:00.000000,Sweden,Sweden,SE,9.27,27.37,98.66,70.36,entsoe.eu,false,""
2022-09-07T00:00:00.000000,Sweden,Sweden,SE,9.75,28.04,98.57,69.93,entsoe.eu,false,""
2022-09-07T01:00:00.000000,Sweden,Sweden,SE,8.97,27.43,98.69,69.56,entsoe.eu,false,""
2022-09-07T02:00:00.000000,Sweden,Sweden,SE,8.46,26.89,98.76,69.38,entsoe.eu,false,""
2022-09-07T03:00:00.000000,Sweden,Sweden,SE,4.91,23.44,99.28,70.13,entsoe.eu,false,""
2022-09-07T04:00:00.000000,Sweden,Sweden,SE,2.0,21.73,99.74,71.01,entsoe.eu,false,""
2022-09-07T05:00:00.000000,Sweden,Sweden,SE,2.29,23.14,99.69,72.0,entsoe.eu,false,""
2022-09-07T06:00:00.000000,Sweden,Sweden,SE,2.55,23.98,99.63,72.6,entsoe.eu,false,""
2022-09-07T07:00:00.000000,Sweden,Sweden,SE,2.54,24.54,99.65,71.69,entsoe.eu,false,""
2022-09-07T08:00:00.000000,Sweden,Sweden,SE,3.08,25.56,99.6,71.34,entsoe.eu,false,""
2022-09-07T09:00:00.000000,Sweden,Sweden,SE,7.16,29.93,99.03,72.38,entsoe.eu,false,""
2022-09-07T10:00:00.000000,Sweden,Sweden,SE,9.06,32.82,98.81,72.31,entsoe.eu,false,""
2022-09-07T11:00:00.000000,Sweden,Sweden,SE,8.79,32.48,98.85,72.65,entsoe.eu,false,""
2022-09-07T12:00:00.000000,Sweden,Sweden,SE,7.57,30.77,98.99,72.52,entsoe.eu,false,""
2022-09-07T13:00:00.000000,Sweden,Sweden,SE,3.88,25.78,99.48,72.2,entsoe.eu,false,""
2022-09-07T14:00:00.000000,Sweden,Sweden,SE,2.28,23.4,99.69,72.18,entsoe.eu,false,""
2022-09-07T15:00:00.000000,Sweden,Sweden,SE,2.53,23.3,99.61,73.43,entsoe.eu,false,""
2022-09-07T16:00:00.000000,Sweden,Sweden,SE,2.25,22.43,99.67,73.26,entsoe.eu,false,""
2022-09-07T17:00:00.000000,Sweden,Sweden,SE,2.21,22.16,99.68,73.5,entsoe.eu,false,""
2022-09-07T18:00:00.000000,Sweden,Sweden,SE,2.16,22.03,99.69,73.86,entsoe.eu,false,""
2022-09-07T19:00:00.000000,Sweden,Sweden,SE,2.08,21.82,99.71,73.53,entsoe.eu,false,""
2022-09-07T20:00:00.000000,Sweden,Sweden,SE,1.86,19.79,99.72,73.08,entsoe.eu,false,""
2022-09-07T21:00:00.000000,Sweden,Sweden,SE,1.7,18.35,99.73,72.6,entsoe.eu,false,""
2022-09-07T22:00:00.000000,Sweden,Sweden,SE,1.81,18.6,99.71,71.23,entsoe.eu,false,""
2022-09-07T23:00:00.000000,Sweden,Sweden,SE,1.95,18.79,99.67,71.89,entsoe.eu,false,""
2022-09-08T00:00:00.000000,Sweden,Sweden,SE,1.87,18.74,99.69,71.34,entsoe.eu,false,""
2022-09-08T01:00:00.000000,Sweden,Sweden,SE,3.2,20.3,99.51,71.52,entsoe.eu,false,""
2022-09-08T02:00:00.000000,Sweden,Sweden,SE,3.93,21.07,99.39,71.96,entsoe.eu,false,""
2022-09-08T03:00:00.000000,Sweden,Sweden,SE,1.89,19.31,99.7,72.49,entsoe.eu,false,""
2022-09-08T04:00:00.000000,Sweden,Sweden,SE,2.1,21.54,99.7,73.46,entsoe.eu,false,""
2022-09-08T05:00:00.000000,Sweden,Sweden,SE,2.12,22.12,99.7,74.04,entsoe.eu,false,""
2022-09-08T06:00:00.000000,Sweden,Sweden,SE,2.87,23.98,99.62,74.16,entsoe.eu,false,""
2022-09-08T07:00:00.000000,Sweden,Sweden,SE,2.3,23.33,99.69,74.48,entsoe.eu,false,""
2022-09-08T08:00:00.000000,Sweden,Sweden,SE,2.1,23.2,99.73,74.51,entsoe.eu,false,""
2022-09-08T09:00:00.000000,Sweden,Sweden,SE,2.53,23.63,99.67,74.37,entsoe.eu,false,""
2022-09-08T10:00:00.000000,Sweden,Sweden,SE,3.07,24.3,99.6,74.58,entsoe.eu,false,""
2022-09-08T11:00:00.000000,Sweden,Sweden,SE,3.27,22.91,99.56,74.17,entsoe.eu,false,""
2022-09-08T12:00:00.000000,Sweden,Sweden,SE,5.91,24.88,99.31,73.96,entsoe.eu,false,""
2022-09-08T13:00:00.000000,Sweden,Sweden,SE,3.48,22.27,99.52,73.93,entsoe.eu,false,""
2022-09-08T14:00:00.000000,Sweden,Sweden,SE,2.52,21.08,99.64,73.33,entsoe.eu,false,""
2022-09-08T15:00:00.000000,Sweden,Sweden,SE,2.38,20.64,99.66,72.89,entsoe.eu,false,""
2022-09-08T16:00:00.000000,Sweden,Sweden,SE,1.82,19.7,99.72,73.13,entsoe.eu,false,""
2022-09-08T17:00:00.000000,Sweden,Sweden,SE,1.76,19.47,99.73,73.1,entsoe.eu,false,""
2022-09-08T18:00:00.000000,Sweden,Sweden,SE,1.73,19.36,99.74,73.24,entsoe.eu,false,""
2022-09-08T19:00:00.000000,Sweden,Sweden,SE,1.81,19.33,99.74,72.55,entsoe.eu,false,""
2022-09-08T20:00:00.000000,Sweden,Sweden,SE,2.99,20.22,99.6,72.44,entsoe.eu,false,""
2022-09-08T21:00:00.000000,Sweden,Sweden,SE,4.49,21.69,99.38,71.73,entsoe.eu,false,""
2022-09-08T22:00:00.000000,Sweden,Sweden,SE,1.76,18.74,99.74,71.38,entsoe.eu,false,""
2022-09-08T23:00:00.000000,Sweden,Sweden,SE,1.82,18.93,99.7,71.51,entsoe.eu,false,""
2022-09-09T00:00:00.000000,Sweden,Sweden,SE,1.83,19.0,99.7,71.06,entsoe.eu,false,""
2022-09-09T01:00:00.000000,Sweden,Sweden,SE,1.81,18.82,99.7,71.39,entsoe.eu,false,""
2022-09-09T02:00:00.000000,Sweden,Sweden,SE,1.8,18.77,99.7,72.04,entsoe.eu,false,""
2022-09-09T03:00:00.000000,Sweden,Sweden,SE,1.87,19.2,99.69,73.21,entsoe.eu,false,""
2022-09-09T04:00:00.000000,Sweden,Sweden,SE,1.72,18.91,99.73,74.21,entsoe.eu,false,""
2022-09-09T05:00:00.000000,Sweden,Sweden,SE,1.7,19.08,99.74,74.16,entsoe.eu,false,""
2022-09-09T06:00:00.000000,Sweden,Sweden,SE,1.54,18.85,99.78,74.47,entsoe.eu,false,""
2022-09-09T07:00:00.000000,Sweden,Sweden,SE,1.61,19.5,99.77,74.19,entsoe.eu,false,""
2022-09-09T08:00:00.000000,Sweden,Sweden,SE,1.61,19.72,99.78,74.54,entsoe.eu,false,""
2022-09-09T09:00:00.000000,Sweden,Sweden,SE,1.61,20.06,99.78,74.69,entsoe.eu,false,""
2022-09-09T10:00:00.000000,Sweden,Sweden,SE,10.42,29.53,98.76,74.17,entsoe.eu,false,""
2022-09-09T11:00:00.000000,Sweden,Sweden,SE,13.02,32.25,98.47,73.56,entsoe.eu,false,""
2022-09-09T12:00:00.000000,Sweden,Sweden,SE,12.55,31.68,98.52,73.46,entsoe.eu,false,""
2022-09-09T13:00:00.000000,Sweden,Sweden,SE,12.41,31.23,98.52,73.08,entsoe.eu,false,""
2022-09-09T14:00:00.000000,Sweden,Sweden,SE,12.61,31.43,98.36,72.63,entsoe.eu,false,""
2022-09-09T15:00:00.000000,Sweden,Sweden,SE,2.47,19.86,99.65,73.34,entsoe.eu,false,""
2022-09-09T16:00:00.000000,Sweden,Sweden,SE,1.6,18.72,99.76,73.48,entsoe.eu,false,""
2022-09-09T17:00:00.000000,Sweden,Sweden,SE,1.63,18.7,99.75,73.56,entsoe.eu,false,""
2022-09-09T18:00:00.000000,Sweden,Sweden,SE,1.66,18.93,99.75,73.2,entsoe.eu,false,""
2022-09-09T19:00:00.000000,Sweden,Sweden,SE,1.59,18.79,99.77,72.5,entsoe.eu,false,""
2022-09-09T20:00:00.000000,Sweden,Sweden,SE,1.7,18.86,99.74,72.09,entsoe.eu,false,""
2022-09-09T21:00:00.000000,Sweden,Sweden,SE,1.68,18.49,99.73,70.99,entsoe.eu,false,""
2022-09-09T22:00:00.000000,Sweden,Sweden,SE,11.16,29.6,98.45,69.37,entsoe.eu,false,""
2022-09-09T23:00:00.000000,Sweden,Sweden,SE,19.67,39.22,97.43,68.23,entsoe.eu,false,""
2022-09-10T00:00:00.000000,Sweden,Sweden,SE,19.75,39.34,97.46,67.95,entsoe.eu,false,""
2022-09-10T01:00:00.000000,Sweden,Sweden,SE,19.36,38.69,97.53,68.65,entsoe.eu,false,""
2022-09-10T02:00:00.000000,Sweden,Sweden,SE,18.87,38.12,97.54,68.56,entsoe.eu,false,""
2022-09-10T03:00:00.000000,Sweden,Sweden,SE,19.45,38.96,97.44,68.16,entsoe.eu,false,""
2022-09-10T04:00:00.000000,Sweden,Sweden,SE,17.43,36.63,97.61,69.15,entsoe.eu,false,""
2022-09-10T05:00:00.000000,Sweden,Sweden,SE,4.14,21.36,99.4,70.27,entsoe.eu,false,""
2022-09-10T06:00:00.000000,Sweden,Sweden,SE,1.68,18.9,99.75,70.51,entsoe.eu,false,""
2022-09-10T07:00:00.000000,Sweden,Sweden,SE,9.59,28.49,98.75,70.01,entsoe.eu,false,""
2022-09-10T08:00:00.000000,Sweden,Sweden,SE,17.09,38.4,97.86,70.35,entsoe.eu,false,""
2022-09-10T09:00:00.000000,Sweden,Sweden,SE,16.5,38.18,98.0,70.54,entsoe.eu,false,""
2022-09-10T10:00:00.000000,Sweden,Sweden,SE,16.22,36.82,98.1,70.83,entsoe.eu,false,""
2022-09-10T11:00:00.000000,Sweden,Sweden,SE,14.94,35.28,98.17,70.73,entsoe.eu,false,""
2022-09-10T12:00:00.000000,Sweden,Sweden,SE,15.47,35.69,98.14,70.73,entsoe.eu,false,""
2022-09-10T13:00:00.000000,Sweden,Sweden,SE,14.36,34.5,98.26,70.82,entsoe.eu,false,""
2022-09-10T14:00:00.000000,Sweden,Sweden,SE,11.24,32.04,98.58,70.7,entsoe.eu,false,""
2022-09-10T15:00:00.000000,Sweden,Sweden,SE,8.14,28.26,98.9,70.82,entsoe.eu,false,""
2022-09-10T16:00:00.000000,Sweden,Sweden,SE,1.96,21.24,99.73,71.31,entsoe.eu,false,""
2022-09-10T17:00:00.000000,Sweden,Sweden,SE,1.99,21.26,99.72,71.52,entsoe.eu,false,""
2022-09-10T18:00:00.000000,Sweden,Sweden,SE,1.97,21.43,99.73,71.75,entsoe.eu,false,""
2022-09-10T19:00:00.000000,Sweden,Sweden,SE,1.89,21.06,99.75,71.31,entsoe.eu,false,""
2022-09-10T20:00:00.000000,Sweden,Sweden,SE,6.41,24.33,99.05,70.56,entsoe.eu,false,""
2022-09-10T21:00:00.000000,Sweden,Sweden,SE,15.28,33.49,97.88,69.4,entsoe.eu,false,""
2022-09-10T22:00:00.000000,Sweden,Sweden,SE,14.45,32.68,98.03,69.5,entsoe.eu,false,""
2022-09-10T23:00:00.000000,Sweden,Sweden,SE,9.69,27.11,98.7,69.5,entsoe.eu,false,""
2022-09-11T00:00:00.000000,Sweden,Sweden,SE,9.6,27.0,98.77,69.44,entsoe.eu,false,""
2022-09-11T01:00:00.000000,Sweden,Sweden,SE,7.99,25.17,98.94,69.46,entsoe.eu,false,""
2022-09-11T02:00:00.000000,Sweden,Sweden,SE,8.34,25.69,98.89,69.14,entsoe.eu,false,""
2022-09-11T03:00:00.000000,Sweden,Sweden,SE,14.0,32.16,98.17,68.78,entsoe.eu,false,""
2022-09-11T04:00:00.000000,Sweden,Sweden,SE,12.67,30.75,98.33,69.33,entsoe.eu,false,""
2022-09-11T05:00:00.000000,Sweden,Sweden,SE,12.29,30.86,98.36,69.53,entsoe.eu,false,""
2022-09-11T06:00:00.000000,Sweden,Sweden,SE,14.05,34.09,98.19,70.04,entsoe.eu,false,""
2022-09-11T07:00:00.000000,Sweden,Sweden,SE,16.52,38.06,97.92,69.61,entsoe.eu,false,""
2022-09-11T08:00:00.000000,Sweden,Sweden,SE,13.31,34.73,98.33,69.99,entsoe.eu,false,""
2022-09-11T09:00:00.000000,Sweden,Sweden,SE,12.16,33.7,98.48,70.05,entsoe.eu,false,""
2022-09-11T10:00:00.000000,Sweden,Sweden,SE,10.5,31.92,98.68,70.19,entsoe.eu,false,""
2022-09-11T11:00:00.000000,Sweden,Sweden,SE,10.39,31.86,98.71,70.1,entsoe.eu,false,""
2022-09-11T12:00:00.000000,Sweden,Sweden,SE,9.98,31.47,98.78,69.88,entsoe.eu,false,""
2022-09-11T13:00:00.000000,Sweden,Sweden,SE,9.8,31.2,98.8,69.62,entsoe.eu,false,""
2022-09-11T14:00:00.000000,Sweden,Sweden,SE,12.61,34.46,98.43,69.42,entsoe.eu,false,""
2022-09-11T15:00:00.000000,Sweden,Sweden,SE,13.57,35.56,98.21,69.92,entsoe.eu,false,""
2022-09-11T16:00:00.000000,Sweden,Sweden,SE,12.73,34.3,98.21,70.14,entsoe.eu,false,""
2022-09-11T17:00:00.000000,Sweden,Sweden,SE,1.98,21.25,99.73,71.38,entsoe.eu,false,""
2022-09-11T18:00:00.000000,Sweden,Sweden,SE,1.96,21.23,99.73,71.51,entsoe.eu,false,""
2022-09-11T19:00:00.000000,Sweden,Sweden,SE,1.92,20.85,99.74,71.1,entsoe.eu,false,""
2022-09-11T20:00:00.000000,Sweden,Sweden,SE,11.23,31.14,98.42,69.91,entsoe.eu,false,""
2022-09-11T21:00:00.000000,Sweden,Sweden,SE,17.52,37.02,97.52,68.6,entsoe.eu,false,""
2022-09-11T22:00:00.000000,Sweden,Sweden,SE,18.78,37.93,97.49,67.05,entsoe.eu,false,""
2022-09-11T23:00:00.000000,Sweden,Sweden,SE,18.48,37.64,97.53,67.09,entsoe.eu,false,""
2022-09-12T00:00:00.000000,Sweden,Sweden,SE,18.35,37.33,97.53,67.0,entsoe.eu,false,""
2022-09-12T01:00:00.000000,Sweden,Sweden,SE,17.48,36.43,97.6,67.17,entsoe.eu,false,""
2022-09-12T02:00:00.000000,Sweden,Sweden,SE,16.07,34.85,97.75,67.27,entsoe.eu,false,""
2022-09-12T03:00:00.000000,Sweden,Sweden,SE,10.54,29.75,98.47,68.39,entsoe.eu,false,""
2022-09-12T04:00:00.000000,Sweden,Sweden,SE,2.09,21.9,99.71,70.27,entsoe.eu,false,""
2022-09-12T05:00:00.000000,Sweden,Sweden,SE,2.25,22.66,99.67,72.53,entsoe.eu,false,""
2022-09-12T06:00:00.000000,Sweden,Sweden,SE,2.07,22.86,99.73,71.94,entsoe.eu,false,""
2022-09-12T07:00:00.000000,Sweden,Sweden,SE,2.05,23.28,99.75,71.56,entsoe.eu,false,""
2022-09-12T08:00:00.000000,Sweden,Sweden,SE,7.92,30.34,98.93,71.03,entsoe.eu,false,""
2022-09-12T09:00:00.000000,Sweden,Sweden,SE,4.41,26.23,99.44,71.66,entsoe.eu,false,""
2022-09-12T10:00:00.000000,Sweden,Sweden,SE,2.47,24.19,99.68,71.57,entsoe.eu,false,""
2022-09-12T11:00:00.000000,Sweden,Sweden,SE,5.31,27.51,99.32,71.15,entsoe.eu,false,""
2022-09-12T12:00:00.000000,Sweden,Sweden,SE,5.79,27.5,99.26,71.3,entsoe.eu,false,""
2022-09-12T13:00:00.000000,Sweden,Sweden,SE,7.65,29.32,98.98,71.41,entsoe.eu,false,""
2022-09-12T14:00:00.000000,Sweden,Sweden,SE,3.22,24.17,99.56,71.59,entsoe.eu,false,""
2022-09-12T15:00:00.000000,Sweden,Sweden,SE,2.12,22.62,99.72,71.8,entsoe.eu,false,""
2022-09-12T16:00:00.000000,Sweden,Sweden,SE,2.13,22.23,99.7,71.89,entsoe.eu,false,""
2022-09-12T17:00:00.000000,Sweden,Sweden,SE,2.08,22.04,99.71,72.15,entsoe.eu,false,""
2022-09-12T18:00:00.000000,Sweden,Sweden,SE,1.76,20.82,99.78,72.17,entsoe.eu,false,""
2022-09-12T19:00:00.000000,Sweden,Sweden,SE,1.22,18.13,99.87,71.46,entsoe.eu,false,""
2022-09-12T20:00:00.000000,Sweden,Sweden,SE,1.26,17.68,99.87,70.95,entsoe.eu,false,""
2022-09-12T21:00:00.000000,Sweden,Sweden,SE,1.01,17.28,99.91,70.42,entsoe.eu,false,""
2022-09-12T22:00:00.000000,Sweden,Sweden,SE,1.27,18.4,99.86,70.14,entsoe.eu,false,""
2022-09-12T23:00:00.000000,Sweden,Sweden,SE,1.33,17.86,99.82,69.63,entsoe.eu,false,""
2022-09-13T00:00:00.000000,Sweden,Sweden,SE,1.12,17.52,99.88,69.26,entsoe.eu,false,""
2022-09-13T01:00:00.000000,Sweden,Sweden,SE,4.22,20.88,99.51,68.94,entsoe.eu,false,""
2022-09-13T02:00:00.000000,Sweden,Sweden,SE,3.5,19.95,99.61,68.99,entsoe.eu,false,""
2022-09-13T03:00:00.000000,Sweden,Sweden,SE,1.45,17.59,99.87,70.69,entsoe.eu,false,""
2022-09-13T04:00:00.000000,Sweden,Sweden,SE,0.83,17.02,99.95,73.54,entsoe.eu,false,""
2022-09-13T05:00:00.000000,Sweden,Sweden,SE,0.85,16.96,99.94,75.73,entsoe.eu,false,""
2022-09-13T06:00:00.000000,Sweden,Sweden,SE,0.88,17.08,99.93,75.1,entsoe.eu,false,""
2022-09-13T07:00:00.000000,Sweden,Sweden,SE,3.74,20.49,99.55,74.88,entsoe.eu,false,""
2022-09-13T08:00:00.000000,Sweden,Sweden,SE,5.51,22.85,99.28,75.06,entsoe.eu,false,""
2022-09-13T09:00:00.000000,Sweden,Sweden,SE,5.09,22.56,99.38,75.21,entsoe.eu,false,""
2022-09-13T10:00:00.000000,Sweden,Sweden,SE,3.69,21.21,99.59,75.11,entsoe.eu,false,""
2022-09-13T11:00:00.000000,Sweden,Sweden,SE,4.3,21.78,99.51,74.63,entsoe.eu,false,""
2022-09-13T12:00:00.000000,Sweden,Sweden,SE,3.41,20.88,99.62,74.61,entsoe.eu,false,""
2022-09-13T13:00:00.000000,Sweden,Sweden,SE,3.35,20.68,99.61,74.49,entsoe.eu,false,""
2022-09-13T14:00:00.000000,Sweden,Sweden,SE,3.67,20.59,99.53,74.35,entsoe.eu,false,""
2022-09-13T15:00:00.000000,Sweden,Sweden,SE,3.87,20.9,99.47,74.12,entsoe.eu,false,""
2022-09-13T16:00:00.000000,Sweden,Sweden,SE,3.7,20.5,99.48,73.94,entsoe.eu,false,""
2022-09-13T17:00:00.000000,Sweden,Sweden,SE,3.38,20.22,99.51,73.85,entsoe.eu,false,""
2022-09-13T18:00:00.000000,Sweden,Sweden,SE,3.01,19.58,99.58,73.71,entsoe.eu,false,""
2022-09-13T19:00:00.000000,Sweden,Sweden,SE,3.75,20.23,99.49,72.6,entsoe.eu,false,""
2022-09-13T20:00:00.000000,Sweden,Sweden,SE,4.28,20.55,99.46,71.44,entsoe.eu,false,""
2022-09-13T21:00:00.000000,Sweden,Sweden,SE,4.05,20.28,99.53,70.05,entsoe.eu,false,""
2022-09-13T22:00:00.000000,Sweden,Sweden,SE,3.48,19.74,99.61,68.78,entsoe.eu,false,""
2022-09-13T23:00:00.000000,Sweden,Sweden,SE,2.81,19.03,99.68,69.13,entsoe.eu,false,""
2022-09-14T00:00:00.000000,Sweden,Sweden,SE,2.28,18.48,99.72,68.86,entsoe.eu,false,""
2022-09-14T01:00:00.000000,Sweden,Sweden,SE,1.44,17.72,99.79,68.3,entsoe.eu,false,""
2022-09-14T02:00:00.000000,Sweden,Sweden,SE,1.56,18.09,99.77,67.86,entsoe.eu,false,""
2022-09-14T03:00:00.000000,Sweden,Sweden,SE,2.03,18.82,99.7,68.55,entsoe.eu,false,""
2022-09-14T04:00:00.000000,Sweden,Sweden,SE,1.72,18.15,99.71,71.5,entsoe.eu,false,""
2022-09-14T05:00:00.000000,Sweden,Sweden,SE,1.75,18.68,99.72,72.15,entsoe.eu,false,""
2022-09-14T06:00:00.000000,Sweden,Sweden,SE,1.84,19.39,99.7,72.5,entsoe.eu,false,""
2022-09-14T07:00:00.000000,Sweden,Sweden,SE,1.85,19.86,99.71,72.48,entsoe.eu,false,""
2022-09-14T08:00:00.000000,Sweden,Sweden,SE,2.1,20.35,99.64,72.63,entsoe.eu,false,""
2022-09-14T09:00:00.000000,Sweden,Sweden,SE,1.91,20.21,99.69,73.12,entsoe.eu,false,""
2022-09-14T10:00:00.000000,Sweden,Sweden,SE,1.84,20.14,99.71,73.49,entsoe.eu,false,""
2022-09-14T11:00:00.000000,Sweden,Sweden,SE,1.85,19.93,99.7,73.3,entsoe.eu,false,""
2022-09-14T12:00:00.000000,Sweden,Sweden,SE,2.31,20.22,99.64,73.35,entsoe.eu,false,""
2022-09-14T13:00:00.000000,Sweden,Sweden,SE,3.13,20.76,99.49,73.07,entsoe.eu,false,""
2022-09-14T14:00:00.000000,Sweden,Sweden,SE,1.57,18.7,99.78,73.19,entsoe.eu,false,""
2022-09-14T15:00:00.000000,Sweden,Sweden,SE,1.48,18.66,99.81,72.47,entsoe.eu,false,""
2022-09-14T16:00:00.000000,Sweden,Sweden,SE,1.38,18.27,99.83,72.18,entsoe.eu,false,""
2022-09-14T17:00:00.000000,Sweden,Sweden,SE,1.55,18.55,99.78,72.49,entsoe.eu,false,""
2022-09-14T18:00:00.000000,Sweden,Sweden,SE,1.55,18.39,99.78,72.56,entsoe.eu,false,""
2022-09-14T19:00:00.000000,Sweden,Sweden,SE,1.55,18.42,99.78,71.5,entsoe.eu,false,""
2022-09-14T20:00:00.000000,Sweden,Sweden,SE,1.43,18.24,99.81,71.03,entsoe.eu,false,""
2022-09-14T21:00:00.000000,Sweden,Sweden,SE,4.62,22.0,99.34,69.14,entsoe.eu,false,""
2022-09-14T22:00:00.000000,Sweden,Sweden,SE,6.75,24.25,99.14,66.8,entsoe.eu,false,""
2022-09-14T23:00:00.000000,Sweden,Sweden,SE,6.96,24.39,99.12,66.42,entsoe.eu,false,""
2022-09-15T00:00:00.000000,Sweden,Sweden,SE,6.77,24.13,99.14,66.04,entsoe.eu,false,""
2022-09-15T01:00:00.000000,Sweden,Sweden,SE,6.4,23.76,99.18,66.23,entsoe.eu,false,""
2022-09-15T02:00:00.000000,Sweden,Sweden,SE,5.24,22.35,99.35,67.0,entsoe.eu,false,""
2022-09-15T03:00:00.000000,Sweden,Sweden,SE,1.96,19.03,99.75,66.56,entsoe.eu,false,""
2022-09-15T04:00:00.000000,Sweden,Sweden,SE,1.35,18.53,99.84,69.16,entsoe.eu,false,""
2022-09-15T05:00:00.000000,Sweden,Sweden,SE,1.37,18.73,99.83,71.19,entsoe.eu,false,""
2022-09-15T06:00:00.000000,Sweden,Sweden,SE,1.39,19.28,99.84,71.4,entsoe.eu,false,""
2022-09-15T07:00:00.000000,Sweden,Sweden,SE,2.08,20.23,99.75,71.42,entsoe.eu,false,""
2022-09-15T08:00:00.000000,Sweden,Sweden,SE,5.2,24.35,99.19,72.22,entsoe.eu,false,""
2022-09-15T09:00:00.000000,Sweden,Sweden,SE,4.0,23.12,99.51,72.78,entsoe.eu,false,""
2022-09-15T10:00:00.000000,Sweden,Sweden,SE,4.19,23.33,99.51,73.1,entsoe.eu,false,""
2022-09-15T11:00:00.000000,Sweden,Sweden,SE,4.45,23.61,99.29,72.95,entsoe.eu,false,""
2022-09-15T12:00:00.000000,Sweden,Sweden,SE,2.89,22.02,99.64,73.29,entsoe.eu,false,""
2022-09-15T13:00:00.000000,Sweden,Sweden,SE,3.16,21.92,99.61,73.31,entsoe.eu,false,""
2022-09-15T14:00:00.000000,Sweden,Sweden,SE,2.78,21.23,99.64,73.43,entsoe.eu,false,""
2022-09-15T15:00:00.000000,Sweden,Sweden,SE,2.63,20.65,99.65,73.4,entsoe.eu,false,""
2022-09-15T16:00:00.000000,Sweden,Sweden,SE,2.08,19.49,99.71,72.47,entsoe.eu,false,""
2022-09-15T17:00:00.000000,Sweden,Sweden,SE,1.55,18.8,99.79,72.07,entsoe.eu,false,""
2022-09-15T18:00:00.000000,Sweden,Sweden,SE,2.01,19.45,99.72,72.5,entsoe.eu,false,""
2022-09-15T19:00:00.000000,Sweden,Sweden,SE,2.54,20.28,99.65,72.7,entsoe.eu,false,""
2022-09-15T20:00:00.000000,Sweden,Sweden,SE,2.6,19.9,99.64,72.48,entsoe.eu,false,""
2022-09-15T21:00:00.000000,Sweden,Sweden,SE,1.97,19.1,99.73,70.73,entsoe.eu,false,""
2022-09-15T22:00:00.000000,Sweden,Sweden,SE,1.65,18.57,99.8,69.86,entsoe.eu,false,""
2022-09-15T23:00:00.000000,Sweden,Sweden,SE,1.78,18.97,99.82,69.16,entsoe.eu,false,""
2022-09-16T00:00:00.000000,Sweden,Sweden,SE,1.07,17.75,99.92,68.65,entsoe.eu,false,""
2022-09-16T01:00:00.000000,Sweden,Sweden,SE,0.94,17.69,99.94,68.65,entsoe.eu,false,""
2022-09-16T02:00:00.000000,Sweden,Sweden,SE,1.65,18.59,99.84,69.38,entsoe.eu,false,""
2022-09-16T03:00:00.000000,Sweden,Sweden,SE,1.71,18.84,99.79,71.11,entsoe.eu,false,""
2022-09-16T04:00:00.000000,Sweden,Sweden,SE,4.97,23.07,99.37,73.28,entsoe.eu,false,""
2022-09-16T05:00:00.000000,Sweden,Sweden,SE,3.04,21.42,99.59,73.2,entsoe.eu,false,""
2022-09-16T06:00:00.000000,Sweden,Sweden,SE,2.39,20.9,99.69,72.89,entsoe.eu,false,""
2022-09-16T07:00:00.000000,Sweden,Sweden,SE,4.18,23.3,99.5,72.84,entsoe.eu,false,""
2022-09-16T08:00:00.000000,Sweden,Sweden,SE,4.34,23.32,99.49,72.79,entsoe.eu,false,""
2022-09-16T09:00:00.000000,Sweden,Sweden,SE,4.13,23.23,99.52,72.96,entsoe.eu,false,""
2022-09-16T10:00:00.000000,Sweden,Sweden,SE,3.53,22.88,99.56,72.87,entsoe.eu,false,""
2022-09-16T11:00:00.000000,Sweden,Sweden,SE,3.29,22.79,99.58,72.42,entsoe.eu,false,""
2022-09-16T12:00:00.000000,Sweden,Sweden,SE,3.18,22.8,99.6,71.95,entsoe.eu,false,""
2022-09-16T13:00:00.000000,Sweden,Sweden,SE,3.4,23.14,99.56,72.1,entsoe.eu,false,""
2022-09-16T14:00:00.000000,Sweden,Sweden,SE,6.78,27.32,99.2,71.98,entsoe.eu,false,""
2022-09-16T15:00:00.000000,Sweden,Sweden,SE,6.87,27.09,99.21,72.16,entsoe.eu,false,""
2022-09-16T16:00:00.000000,Sweden,Sweden,SE,8.96,29.16,98.96,71.86,entsoe.eu,false,""
2022-09-16T17:00:00.000000,Sweden,Sweden,SE,7.27,27.03,99.13,71.82,entsoe.eu,false,""
2022-09-16T18:00:00.000000,Sweden,Sweden,SE,6.67,25.95,99.21,72.08,entsoe.eu,false,""
2022-09-16T19:00:00.000000,Sweden,Sweden,SE,8.22,27.39,99.04,72.34,entsoe.eu,false,""
2022-09-16T20:00:00.000000,Sweden,Sweden,SE,7.23,25.62,99.17,71.91,entsoe.eu,false,""
2022-09-16T21:00:00.000000,Sweden,Sweden,SE,4.79,22.18,99.43,70.74,entsoe.eu,false,""
2022-09-16T22:00:00.000000,Sweden,Sweden,SE,3.2,20.0,99.61,70.37,entsoe.eu,false,""
2022-09-16T23:00:00.000000,Sweden,Sweden,SE,2.57,19.28,99.66,70.09,entsoe.eu,false,""
2022-09-17T00:00:00.000000,Sweden,Sweden,SE,2.21,18.8,99.7,70.02,entsoe.eu,false,""
2022-09-17T01:00:00.000000,Sweden,Sweden,SE,1.47,17.9,99.78,69.66,entsoe.eu,false,""
2022-09-17T02:00:00.000000,Sweden,Sweden,SE,2.84,19.49,99.64,69.64,entsoe.eu,false,""
2022-09-17T03:00:00.000000,Sweden,Sweden,SE,1.76,18.13,99.76,69.96,entsoe.eu,false,""
2022-09-17T04:00:00.000000,Sweden,Sweden,SE,1.35,17.94,99.81,71.29,entsoe.eu,false,""
2022-09-17T05:00:00.000000,Sweden,Sweden,SE,1.51,18.38,99.81,71.41,entsoe.eu,false,""
2022-09-17T06:00:00.000000,Sweden,Sweden,SE,4.21,21.98,99.52,72.21,entsoe.eu,false,""
2022-09-17T07:00:00.000000,Sweden,Sweden,SE,2.39,20.29,99.74,72.35,entsoe.eu,false,""
2022-09-17T08:00:00.000000,Sweden,Sweden,SE,2.15,20.55,99.77,72.14,entsoe.eu,false,""
2022-09-17T09:00:00.000000,Sweden,Sweden,SE,3.5,22.75,99.56,71.98,entsoe.eu,false,""
2022-09-17T10:00:00.000000,Sweden,Sweden,SE,4.74,24.66,99.45,71.27,entsoe.eu,false,""
2022-09-17T11:00:00.000000,Sweden,Sweden,SE,10.81,32.96,98.76,69.32,entsoe.eu,false,""
2022-09-17T12:00:00.000000,Sweden,Sweden,SE,12.34,35.02,98.58,68.62,entsoe.eu,false,""
2022-09-17T13:00:00.000000,Sweden,Sweden,SE,12.18,34.34,98.62,68.22,entsoe.eu,false,""
2022-09-17T14:00:00.000000,Sweden,Sweden,SE,5.43,25.28,99.43,69.28,entsoe.eu,false,""
2022-09-17T15:00:00.000000,Sweden,Sweden,SE,3.43,21.98,99.65,70.77,entsoe.eu,false,""
2022-09-17T16:00:00.000000,Sweden,Sweden,SE,1.94,20.03,99.77,70.59,entsoe.eu,false,""
2022-09-17T17:00:00.000000,Sweden,Sweden,SE,2.41,20.43,99.73,71.02,entsoe.eu,false,""
2022-09-17T18:00:00.000000,Sweden,Sweden,SE,3.32,21.57,99.64,71.54,entsoe.eu,false,""
2022-09-17T19:00:00.000000,Sweden,Sweden,SE,3.77,21.97,99.58,71.45,entsoe.eu,false,""
2022-09-17T20:00:00.000000,Sweden,Sweden,SE,2.59,19.88,99.7,71.42,entsoe.eu,false,""
2022-09-17T21:00:00.000000,Sweden,Sweden,SE,2.06,18.47,99.75,71.49,entsoe.eu,false,""
2022-09-17T22:00:00.000000,Sweden,Sweden,SE,5.48,23.14,99.38,67.91,entsoe.eu,false,""
2022-09-17T23:00:00.000000,Sweden,Sweden,SE,5.37,23.36,99.36,68.4,entsoe.eu,false,""
2022-09-18T00:00:00.000000,Sweden,Sweden,SE,7.23,26.08,99.17,67.19,entsoe.eu,false,""
2022-09-18T01:00:00.000000,Sweden,Sweden,SE,5.44,23.44,99.36,67.73,entsoe.eu,false,""
2022-09-18T02:00:00.000000,Sweden,Sweden,SE,4.2,21.49,99.49,69.48,entsoe.eu,false,""
2022-09-18T03:00:00.000000,Sweden,Sweden,SE,4.84,22.37,99.39,68.94,entsoe.eu,false,""
2022-09-18T04:00:00.000000,Sweden,Sweden,SE,9.32,28.29,98.99,67.25,entsoe.eu,false,""
2022-09-18T05:00:00.000000,Sweden,Sweden,SE,3.25,20.48,99.58,72.07,entsoe.eu,false,""
2022-09-18T06:00:00.000000,Sweden,Sweden,SE,4.9,23.48,99.44,71.5,entsoe.eu,false,""
2022-09-18T07:00:00.000000,Sweden,Sweden,SE,5.2,24.6,99.41,71.68,entsoe.eu,false,""
2022-09-18T08:00:00.000000,Sweden,Sweden,SE,6.43,26.71,99.28,72.41,entsoe.eu,false,""
2022-09-18T09:00:00.000000,Sweden,Sweden,SE,6.99,27.77,99.23,72.53,entsoe.eu,false,""
2022-09-18T10:00:00.000000,Sweden,Sweden,SE,4.96,25.45,99.45,70.65,entsoe.eu,false,""
2022-09-18T11:00:00.000000,Sweden,Sweden,SE,7.85,29.27,99.13,69.4,entsoe.eu,false,""
2022-09-18T12:00:00.000000,Sweden,Sweden,SE,11.56,33.44,98.72,69.64,entsoe.eu,false,""
2022-09-18T13:00:00.000000,Sweden,Sweden,SE,8.67,29.82,99.02,69.53,entsoe.eu,false,""
2022-09-18T14:00:00.000000,Sweden,Sweden,SE,5.37,25.49,99.38,70.93,entsoe.eu,false,""
2022-09-18T15:00:00.000000,Sweden,Sweden,SE,6.7,27.09,99.24,70.94,entsoe.eu,false,""
2022-09-18T16:00:00.000000,Sweden,Sweden,SE,7.15,27.98,99.19,70.3,entsoe.eu,false,""
2022-09-18T17:00:00.000000,Sweden,Sweden,SE,4.65,24.74,99.47,70.78,entsoe.eu,false,""
2022-09-18T18:00:00.000000,Sweden,Sweden,SE,6.17,26.53,99.3,71.42,entsoe.eu,false,""
2022-09-18T19:00:00.000000,Sweden,Sweden,SE,6.94,27.18,99.22,72.29,entsoe.eu,false,""
2022-09-18T20:00:00.000000,Sweden,Sweden,SE,6.92,26.92,99.2,72.69,entsoe.eu,false,""
2022-09-18T21:00:00.000000,Sweden,Sweden,SE,4.73,23.46,99.43,72.65,entsoe.eu,false,""
2022-09-18T22:00:00.000000,Sweden,Sweden,SE,4.17,22.71,99.49,70.48,entsoe.eu,false,""
2022-09-18T23:00:00.000000,Sweden,Sweden,SE,4.22,22.43,99.47,70.4,entsoe.eu,false,""
2022-09-19T00:00:00.000000,Sweden,Sweden,SE,5.43,23.91,99.34,70.4,entsoe.eu,false,""
2022-09-19T01:00:00.000000,Sweden,Sweden,SE,6.36,24.93,99.23,70.73,entsoe.eu,false,""
2022-09-19T02:00:00.000000,Sweden,Sweden,SE,6.79,25.64,99.19,70.95,entsoe.eu,false,""
2022-09-19T03:00:00.000000,Sweden,Sweden,SE,3.11,21.72,99.59,72.48,entsoe.eu,false,""
2022-09-19T04:00:00.000000,Sweden,Sweden,SE,2.05,20.87,99.77,74.0,entsoe.eu,false,""
2022-09-19T05:00:00.000000,Sweden,Sweden,SE,3.99,23.95,99.51,73.59,entsoe.eu,false,""
2022-09-19T06:00:00.000000,Sweden,Sweden,SE,1.67,21.59,99.82,73.93,entsoe.eu,false,""
2022-09-19T07:00:00.000000,Sweden,Sweden,SE,3.79,24.46,99.5,74.18,entsoe.eu,false,""
2022-09-19T08:00:00.000000,Sweden,Sweden,SE,3.57,24.3,99.53,74.08,entsoe.eu,false,""
2022-09-19T09:00:00.000000,Sweden,Sweden,SE,2.95,24.06,99.64,73.3,entsoe.eu,false,""
2022-09-19T10:00:00.000000,Sweden,Sweden,SE,2.51,23.33,99.74,73.49,entsoe.eu,false,""
2022-09-19T11:00:00.000000,Sweden,Sweden,SE,3.49,24.58,99.61,73.41,entsoe.eu,false,""
2022-09-19T12:00:00.000000,Sweden,Sweden,SE,3.68,24.44,99.56,73.7,entsoe.eu,false,""
2022-09-19T13:00:00.000000,Sweden,Sweden,SE,3.8,24.37,99.55,73.91,entsoe.eu,false,""
2022-09-19T14:00:00.000000,Sweden,Sweden,SE,4.42,25.18,99.43,73.65,entsoe.eu,false,""
2022-09-19T15:00:00.000000,Sweden,Sweden,SE,4.22,24.43,99.48,73.85,entsoe.eu,false,""
2022-09-19T16:00:00.000000,Sweden,Sweden,SE,3.08,22.82,99.61,73.14,entsoe.eu,false,""
2022-09-19T17:00:00.000000,Sweden,Sweden,SE,1.47,20.88,99.86,73.16,entsoe.eu,false,""
2022-09-19T18:00:00.000000,Sweden,Sweden,SE,1.48,20.64,99.86,72.99,entsoe.eu,false,""
2022-09-19T19:00:00.000000,Sweden,Sweden,SE,3.74,23.16,99.55,71.57,entsoe.eu,false,""
2022-09-19T20:00:00.000000,Sweden,Sweden,SE,6.29,25.28,99.26,70.12,entsoe.eu,false,""
2022-09-19T21:00:00.000000,Sweden,Sweden,SE,4.51,22.4,99.47,69.23,entsoe.eu,false,""
2022-09-19T22:00:00.000000,Sweden,Sweden,SE,6.33,24.26,99.26,68.59,entsoe.eu,false,""
2022-09-19T23:00:00.000000,Sweden,Sweden,SE,7.21,25.29,99.16,67.79,entsoe.eu,false,""
2022-09-20T00:00:00.000000,Sweden,Sweden,SE,8.5,26.78,99.05,66.78,entsoe.eu,false,""
2022-09-20T01:00:00.000000,Sweden,Sweden,SE,5.64,23.51,99.36,67.09,entsoe.eu,false,""
2022-09-20T02:00:00.000000,Sweden,Sweden,SE,3.04,20.51,99.66,68.28,entsoe.eu,false,""
2022-09-20T03:00:00.000000,Sweden,Sweden,SE,4.26,22.65,99.46,68.3,entsoe.eu,false,""
2022-09-20T04:00:00.000000,Sweden,Sweden,SE,1.41,19.82,99.88,71.64,entsoe.eu,false,""
2022-09-20T05:00:00.000000,Sweden,Sweden,SE,1.66,21.22,99.85,73.46,entsoe.eu,false,""
2022-09-20T06:00:00.000000,Sweden,Sweden,SE,1.89,23.44,99.84,73.62,entsoe.eu,false,""
2022-09-20T07:00:00.000000,Sweden,Sweden,SE,3.86,26.72,99.54,72.96,entsoe.eu,false,""
2022-09-20T08:00:00.000000,Sweden,Sweden,SE,5.91,29.73,99.24,72.6,entsoe.eu,false,""
2022-09-20T09:00:00.000000,Sweden,Sweden,SE,6.79,30.83,99.17,72.31,entsoe.eu,false,""
2022-09-20T10:00:00.000000,Sweden,Sweden,SE,4.94,28.82,99.43,72.35,entsoe.eu,false,""
2022-09-20T11:00:00.000000,Sweden,Sweden,SE,2.17,25.27,99.81,72.37,entsoe.eu,false,""
2022-09-20T12:00:00.000000,Sweden,Sweden,SE,3.01,26.5,99.69,72.23,entsoe.eu,false,""
2022-09-20T13:00:00.000000,Sweden,Sweden,SE,4.62,28.6,99.41,72.38,entsoe.eu,false,""
2022-09-20T14:00:00.000000,Sweden,Sweden,SE,3.24,26.6,99.6,72.22,entsoe.eu,false,""
2022-09-20T15:00:00.000000,Sweden,Sweden,SE,2.85,26.0,99.65,72.02,entsoe.eu,false,""
2022-09-20T16:00:00.000000,Sweden,Sweden,SE,2.84,24.98,99.64,71.97,entsoe.eu,false,""
2022-09-20T17:00:00.000000,Sweden,Sweden,SE,2.87,24.76,99.62,72.08,entsoe.eu,false,""
2022-09-20T18:00:00.000000,Sweden,Sweden,SE,3.69,25.7,99.49,71.74,entsoe.eu,false,""
2022-09-20T19:00:00.000000,Sweden,Sweden,SE,6.33,28.87,99.15,71.38,entsoe.eu,false,""
2022-09-20T20:00:00.000000,Sweden,Sweden,SE,2.08,23.29,99.76,70.9,entsoe.eu,false,""
2022-09-20T21:00:00.000000,Sweden,Sweden,SE,3.24,22.98,99.54,70.47,entsoe.eu,false,""
2022-09-20T22:00:00.000000,Sweden,Sweden,SE,5.2,24.71,99.22,70.19,entsoe.eu,false,""
2022-09-20T23:00:00.000000,Sweden,Sweden,SE,4.55,23.96,99.34,69.93,entsoe.eu,false,""
2022-09-21T00:00:00.000000,Sweden,Sweden,SE,4.53,23.78,99.34,70.3,entsoe.eu,false,""
2022-09-21T01:00:00.000000,Sweden,Sweden,SE,5.53,24.99,99.18,70.22,entsoe.eu,false,""
2022-09-21T02:00:00.000000,Sweden,Sweden,SE,5.03,24.23,99.25,69.59,entsoe.eu,false,""
2022-09-21T03:00:00.000000,Sweden,Sweden,SE,1.91,20.57,99.74,70.34,entsoe.eu,false,""
2022-09-21T04:00:00.000000,Sweden,Sweden,SE,2.23,21.9,99.67,72.06,entsoe.eu,false,""
2022-09-21T05:00:00.000000,Sweden,Sweden,SE,2.39,22.69,99.63,73.15,entsoe.eu,false,""
2022-09-21T06:00:00.000000,Sweden,Sweden,SE,2.74,23.8,99.56,73.5,entsoe.eu,false,""
2022-09-21T07:00:00.000000,Sweden,Sweden,SE,6.68,28.73,99.0,72.17,entsoe.eu,false,""
2022-09-21T08:00:00.000000,Sweden,Sweden,SE,12.57,36.45,98.42,70.52,entsoe.eu,false,""
2022-09-21T09:00:00.000000,Sweden,Sweden,SE,10.83,34.2,98.69,69.87,entsoe.eu,false,""
2022-09-21T10:00:00.000000,Sweden,Sweden,SE,8.95,31.33,98.92,70.07,entsoe.eu,false,""
2022-09-21T11:00:00.000000,Sweden,Sweden,SE,7.7,29.83,99.06,70.48,entsoe.eu,false,""
2022-09-21T12:00:00.000000,Sweden,Sweden,SE,7.56,29.88,99.06,70.5,entsoe.eu,false,""
2022-09-21T13:00:00.000000,Sweden,Sweden,SE,7.52,29.86,99.03,70.25,entsoe.eu,false,""
2022-09-21T14:00:00.000000,Sweden,Sweden,SE,4.14,25.37,99.45,70.4,entsoe.eu,false,""
2022-09-21T15:00:00.000000,Sweden,Sweden,SE,2.5,22.92,99.68,70.74,entsoe.eu,false,""
2022-09-21T16:00:00.000000,Sweden,Sweden,SE,2.51,22.7,99.63,72.51,entsoe.eu,false,""
2022-09-21T17:00:00.000000,Sweden,Sweden,SE,2.78,23.16,99.57,72.9,entsoe.eu,false,""
2022-09-21T18:00:00.000000,Sweden,Sweden,SE,3.55,23.78,99.47,72.57,entsoe.eu,false,""
2022-09-21T19:00:00.000000,Sweden,Sweden,SE,3.73,23.47,99.48,70.69,entsoe.eu,false,""
2022-09-21T20:00:00.000000,Sweden,Sweden,SE,3.64,23.16,99.51,69.69,entsoe.eu,false,""
2022-09-21T21:00:00.000000,Sweden,Sweden,SE,3.73,23.14,99.46,69.51,entsoe.eu,false,""
2022-09-21T22:00:00.000000,Sweden,Sweden,SE,8.09,27.92,98.76,69.59,entsoe.eu,false,""
2022-09-21T23:00:00.000000,Sweden,Sweden,SE,8.45,28.09,98.74,68.94,entsoe.eu,false,""
2022-09-22T00:00:00.000000,Sweden,Sweden,SE,6.13,24.92,99.09,68.69,entsoe.eu,false,""
2022-09-22T01:00:00.000000,Sweden,Sweden,SE,3.74,21.87,99.43,69.16,entsoe.eu,false,""
2022-09-22T02:00:00.000000,Sweden,Sweden,SE,3.52,21.81,99.46,69.72,entsoe.eu,false,""
2022-09-22T03:00:00.000000,Sweden,Sweden,SE,3.57,22.81,99.47,70.11,entsoe.eu,false,""
2022-09-22T04:00:00.000000,Sweden,Sweden,SE,3.72,23.72,99.46,71.09,entsoe.eu,false,""
2022-09-22T05:00:00.000000,Sweden,Sweden,SE,3.68,24.24,99.46,72.75,entsoe.eu,false,""
2022-09-22T06:00:00.000000,Sweden,Sweden,SE,3.32,24.35,99.5,73.0,entsoe.eu,false,""
2022-09-22T07:00:00.000000,Sweden,Sweden,SE,2.0,23.31,99.78,71.12,entsoe.eu,false,""
2022-09-22T08:00:00.000000,Sweden,Sweden,SE,2.09,24.01,99.77,70.67,entsoe.eu,false,""
2022-09-22T09:00:00.000000,Sweden,Sweden,SE,2.16,24.65,99.77,70.37,entsoe.eu,false,""
2022-09-22T10:00:00.000000,Sweden,Sweden,SE,1.99,23.87,99.79,70.25,entsoe.eu,false,""
2022-09-22T11:00:00.000000,Sweden,Sweden,SE,1.91,23.28,99.81,70.73,entsoe.eu,false,""
2022-09-22T12:00:00.000000,Sweden,Sweden,SE,1.89,23.18,99.81,70.73,entsoe.eu,false,""
2022-09-22T13:00:00.000000,Sweden,Sweden,SE,1.9,22.48,99.79,71.26,entsoe.eu,false,""
2022-09-22T14:00:00.000000,Sweden,Sweden,SE,1.92,22.58,99.78,70.93,entsoe.eu,false,""
2022-09-22T15:00:00.000000,Sweden,Sweden,SE,1.97,22.09,99.75,71.62,entsoe.eu,false,""
2022-09-22T16:00:00.000000,Sweden,Sweden,SE,1.93,21.58,99.75,71.67,entsoe.eu,false,""
2022-09-22T17:00:00.000000,Sweden,Sweden,SE,1.81,21.27,99.78,71.8,entsoe.eu,false,""
2022-09-22T18:00:00.000000,Sweden,Sweden,SE,2.76,22.44,99.64,72.12,entsoe.eu,false,""
2022-09-22T19:00:00.000000,Sweden,Sweden,SE,3.07,22.64,99.58,71.42,entsoe.eu,false,""
2022-09-22T20:00:00.000000,Sweden,Sweden,SE,1.87,20.88,99.76,71.12,entsoe.eu,false,""
2022-09-22T21:00:00.000000,Sweden,Sweden,SE,1.81,20.66,99.76,70.09,entsoe.eu,false,""
2022-09-22T22:00:00.000000,Sweden,Sweden,SE,1.81,20.25,99.75,69.63,entsoe.eu,false,""
2022-09-22T23:00:00.000000,Sweden,Sweden,SE,1.89,20.48,99.73,69.03,entsoe.eu,false,""
2022-09-23T00:00:00.000000,Sweden,Sweden,SE,1.87,20.49,99.74,68.77,entsoe.eu,false,""
2022-09-23T01:00:00.000000,Sweden,Sweden,SE,1.76,20.35,99.77,68.37,entsoe.eu,false,""
2022-09-23T02:00:00.000000,Sweden,Sweden,SE,1.68,20.29,99.8,68.57,entsoe.eu,false,""
2022-09-23T03:00:00.000000,Sweden,Sweden,SE,1.67,20.37,99.8,70.18,entsoe.eu,false,""
2022-09-23T04:00:00.000000,Sweden,Sweden,SE,2.32,21.45,99.69,71.11,entsoe.eu,false,""
2022-09-23T05:00:00.000000,Sweden,Sweden,SE,3.0,22.46,99.58,71.9,entsoe.eu,false,""
2022-09-23T06:00:00.000000,Sweden,Sweden,SE,3.7,23.71,99.48,71.69,entsoe.eu,false,""
2022-09-23T07:00:00.000000,Sweden,Sweden,SE,3.56,23.97,99.51,71.08,entsoe.eu,false,""
2022-09-23T08:00:00.000000,Sweden,Sweden,SE,2.47,22.82,99.69,70.78,entsoe.eu,false,""
2022-09-23T09:00:00.000000,Sweden,Sweden,SE,2.57,22.79,99.67,70.75,entsoe.eu,false,""
2022-09-23T10:00:00.000000,Sweden,Sweden,SE,2.61,22.73,99.66,71.47,entsoe.eu,false,""
2022-09-23T11:00:00.000000,Sweden,Sweden,SE,2.3,22.26,99.71,71.47,entsoe.eu,false,""
2022-09-23T12:00:00.000000,Sweden,Sweden,SE,2.61,22.64,99.65,71.46,entsoe.eu,false,""
2022-09-23T13:00:00.000000,Sweden,Sweden,SE,2.62,22.59,99.65,71.36,entsoe.eu,false,""
2022-09-23T14:00:00.000000,Sweden,Sweden,SE,2.87,22.92,99.6,71.32,entsoe.eu,false,""
2022-09-23T15:00:00.000000,Sweden,Sweden,SE,2.93,22.96,99.58,71.18,entsoe.eu,false,""
2022-09-23T16:00:00.000000,Sweden,Sweden,SE,3.02,22.96,99.57,71.46,entsoe.eu,false,""
2022-09-23T17:00:00.000000,Sweden,Sweden,SE,2.64,21.97,99.65,71.77,entsoe.eu,false,""
2022-09-23T18:00:00.000000,Sweden,Sweden,SE,2.62,21.7,99.69,71.25,entsoe.eu,false,""
2022-09-23T19:00:00.000000,Sweden,Sweden,SE,2.71,21.36,99.67,69.96,entsoe.eu,false,""
2022-09-23T20:00:00.000000,Sweden,Sweden,SE,2.4,20.4,99.68,70.56,entsoe.eu,false,""
2022-09-23T21:00:00.000000,Sweden,Sweden,SE,2.68,20.67,99.6,69.97,entsoe.eu,false,""
2022-09-23T22:00:00.000000,Sweden,Sweden,SE,3.38,21.71,99.48,68.42,entsoe.eu,false,""
2022-09-23T23:00:00.000000,Sweden,Sweden,SE,3.24,21.44,99.48,67.93,entsoe.eu,false,""
2022-09-24T00:00:00.000000,Sweden,Sweden,SE,2.83,20.73,99.55,67.48,entsoe.eu,false,""
2022-09-24T01:00:00.000000,Sweden,Sweden,SE,2.37,19.95,99.63,67.27,entsoe.eu,false,""
2022-09-24T02:00:00.000000,Sweden,Sweden,SE,2.28,19.93,99.65,67.56,entsoe.eu,false,""
2022-09-24T03:00:00.000000,Sweden,Sweden,SE,2.43,20.36,99.63,67.91,entsoe.eu,false,""
2022-09-24T04:00:00.000000,Sweden,Sweden,SE,2.68,20.89,99.6,68.65,entsoe.eu,false,""
2022-09-24T05:00:00.000000,Sweden,Sweden,SE,2.94,21.96,99.57,68.99,entsoe.eu,false,""
2022-09-24T06:00:00.000000,Sweden,Sweden,SE,2.69,21.92,99.61,69.47,entsoe.eu,false,""
2022-09-24T07:00:00.000000,Sweden,Sweden,SE,2.65,21.59,99.66,69.44,entsoe.eu,false,""
2022-09-24T08:00:00.000000,Sweden,Sweden,SE,2.89,21.91,99.63,69.68,entsoe.eu,false,""
2022-09-24T09:00:00.000000,Sweden,Sweden,SE,2.83,22.23,99.64,69.41,entsoe.eu,false,""
2022-09-24T10:00:00.000000,Sweden,Sweden,SE,2.4,21.61,99.7,69.75,entsoe.eu,false,""
2022-09-24T11:00:00.000000,Sweden,Sweden,SE,2.31,21.58,99.7,70.08,entsoe.eu,false,""
2022-09-24T12:00:00.000000,Sweden,Sweden,SE,1.84,20.62,99.76,70.4,entsoe.eu,false,""
2022-09-24T13:00:00.000000,Sweden,Sweden,SE,1.89,20.58,99.74,70.46,entsoe.eu,false,""
2022-09-24T14:00:00.000000,Sweden,Sweden,SE,1.99,20.82,99.73,70.54,entsoe.eu,false,""
2022-09-24T15:00:00.000000,Sweden,Sweden,SE,2.22,20.89,99.69,70.49,entsoe.eu,false,""
2022-09-24T16:00:00.000000,Sweden,Sweden,SE,2.18,20.61,99.69,70.18,entsoe.eu,false,""
2022-09-24T17:00:00.000000,Sweden,Sweden,SE,2.37,20.66,99.67,70.25,entsoe.eu,false,""
2022-09-24T18:00:00.000000,Sweden,Sweden,SE,2.1,20.82,99.71,70.54,entsoe.eu,false,""
2022-09-24T19:00:00.000000,Sweden,Sweden,SE,1.89,20.44,99.74,70.6,entsoe.eu,false,""
2022-09-24T20:00:00.000000,Sweden,Sweden,SE,1.86,20.31,99.74,70.28,entsoe.eu,false,""
2022-09-24T21:00:00.000000,Sweden,Sweden,SE,1.81,19.91,99.75,69.63,entsoe.eu,false,""
2022-09-24T22:00:00.000000,Sweden,Sweden,SE,1.84,19.41,99.72,70.08,entsoe.eu,false,""
2022-09-24T23:00:00.000000,Sweden,Sweden,SE,1.83,19.18,99.72,70.09,entsoe.eu,false,""
2022-09-25T00:00:00.000000,Sweden,Sweden,SE,1.84,19.28,99.72,69.64,entsoe.eu,false,""
2022-09-25T01:00:00.000000,Sweden,Sweden,SE,1.86,19.26,99.71,69.43,entsoe.eu,false,""
2022-09-25T02:00:00.000000,Sweden,Sweden,SE,1.94,19.46,99.7,69.63,entsoe.eu,false,""
2022-09-25T03:00:00.000000,Sweden,Sweden,SE,1.96,19.72,99.7,69.74,entsoe.eu,false,""
2022-09-25T04:00:00.000000,Sweden,Sweden,SE,2.01,20.01,99.69,70.36,entsoe.eu,false,""
2022-09-25T05:00:00.000000,Sweden,Sweden,SE,2.09,20.65,99.68,70.35,entsoe.eu,false,""
2022-09-25T06:00:00.000000,Sweden,Sweden,SE,2.05,20.69,99.69,70.13,entsoe.eu,false,""
2022-09-25T07:00:00.000000,Sweden,Sweden,SE,2.07,21.34,99.7,70.24,entsoe.eu,false,""
2022-09-25T08:00:00.000000,Sweden,Sweden,SE,2.01,21.28,99.72,70.75,entsoe.eu,false,""
2022-09-25T09:00:00.000000,Sweden,Sweden,SE,2.08,21.59,99.7,70.57,entsoe.eu,false,""
2022-09-25T10:00:00.000000,Sweden,Sweden,SE,2.12,21.78,99.69,70.83,entsoe.eu,false,""
2022-09-25T11:00:00.000000,Sweden,Sweden,SE,2.15,21.53,99.67,71.28,entsoe.eu,false,""
2022-09-25T12:00:00.000000,Sweden,Sweden,SE,2.13,21.3,99.68,71.79,entsoe.eu,false,""
2022-09-25T13:00:00.000000,Sweden,Sweden,SE,2.08,21.61,99.71,71.14,entsoe.eu,false,""
2022-09-25T14:00:00.000000,Sweden,Sweden,SE,1.99,21.74,99.74,70.78,entsoe.eu,false,""
2022-09-25T15:00:00.000000,Sweden,Sweden,SE,1.97,21.23,99.73,71.34,entsoe.eu,false,""
2022-09-25T16:00:00.000000,Sweden,Sweden,SE,1.88,20.93,99.75,71.7,entsoe.eu,false,""
2022-09-25T17:00:00.000000,Sweden,Sweden,SE,1.99,21.07,99.74,71.61,entsoe.eu,false,""
2022-09-25T18:00:00.000000,Sweden,Sweden,SE,2.07,20.92,99.72,71.86,entsoe.eu,false,""
2022-09-25T19:00:00.000000,Sweden,Sweden,SE,1.84,20.45,99.74,71.7,entsoe.eu,false,""
2022-09-25T20:00:00.000000,Sweden,Sweden,SE,1.73,19.89,99.76,71.67,entsoe.eu,false,""
2022-09-25T21:00:00.000000,Sweden,Sweden,SE,1.57,19.15,99.79,71.59,entsoe.eu,false,""
2022-09-25T22:00:00.000000,Sweden,Sweden,SE,1.73,19.26,99.74,71.81,entsoe.eu,false,""
2022-09-25T23:00:00.000000,Sweden,Sweden,SE,1.87,19.33,99.7,71.52,entsoe.eu,false,""
2022-09-26T00:00:00.000000,Sweden,Sweden,SE,1.95,19.6,99.69,70.48,entsoe.eu,false,""
2022-09-26T01:00:00.000000,Sweden,Sweden,SE,2.43,20.22,99.62,70.06,entsoe.eu,false,""
2022-09-26T02:00:00.000000,Sweden,Sweden,SE,2.51,20.45,99.62,69.97,entsoe.eu,false,""
2022-09-26T03:00:00.000000,Sweden,Sweden,SE,3.27,22.1,99.53,69.82,entsoe.eu,false,""
2022-09-26T04:00:00.000000,Sweden,Sweden,SE,4.82,24.61,99.34,70.52,entsoe.eu,false,""
2022-09-26T05:00:00.000000,Sweden,Sweden,SE,1.66,21.26,99.82,71.46,entsoe.eu,false,""
2022-09-26T06:00:00.000000,Sweden,Sweden,SE,3.05,23.31,99.64,70.61,entsoe.eu,false,""
2022-09-26T07:00:00.000000,Sweden,Sweden,SE,4.12,25.15,99.47,70.71,entsoe.eu,false,""
2022-09-26T08:00:00.000000,Sweden,Sweden,SE,4.37,24.9,99.47,71.47,entsoe.eu,false,""
2022-09-26T09:00:00.000000,Sweden,Sweden,SE,5.55,26.56,99.34,72.55,entsoe.eu,false,""
2022-09-26T10:00:00.000000,Sweden,Sweden,SE,5.51,26.39,99.35,72.58,entsoe.eu,false,""
2022-09-26T11:00:00.000000,Sweden,Sweden,SE,5.6,26.1,99.39,73.2,entsoe.eu,false,""
2022-09-26T12:00:00.000000,Sweden,Sweden,SE,5.01,25.25,99.43,73.58,entsoe.eu,false,""
2022-09-26T13:00:00.000000,Sweden,Sweden,SE,4.56,24.41,99.47,73.69,entsoe.eu,false,""
2022-09-26T14:00:00.000000,Sweden,Sweden,SE,3.19,22.73,99.59,73.74,entsoe.eu,false,""
2022-09-26T15:00:00.000000,Sweden,Sweden,SE,1.85,20.91,99.75,73.73,entsoe.eu,false,""
2022-09-26T16:00:00.000000,Sweden,Sweden,SE,1.75,20.36,99.76,73.96,entsoe.eu,false,""
2022-09-26T17:00:00.000000,Sweden,Sweden,SE,1.68,19.94,99.78,74.24,entsoe.eu,false,""
2022-09-26T18:00:00.000000,Sweden,Sweden,SE,1.72,20.01,99.77,73.88,entsoe.eu,false,""
2022-09-26T19:00:00.000000,Sweden,Sweden,SE,1.73,19.72,99.75,72.95,entsoe.eu,false,""
2022-09-26T20:00:00.000000,Sweden,Sweden,SE,1.68,18.95,99.74,72.81,entsoe.eu,false,""
2022-09-26T21:00:00.000000,Sweden,Sweden,SE,1.63,18.18,99.74,71.67,entsoe.eu,false,""
2022-09-26T22:00:00.000000,Sweden,Sweden,SE,1.51,18.04,99.78,69.34,entsoe.eu,false,""
2022-09-26T23:00:00.000000,Sweden,Sweden,SE,2.2,19.01,99.67,68.64,entsoe.eu,false,""
2022-09-27T00:00:00.000000,Sweden,Sweden,SE,2.5,19.62,99.63,68.65,entsoe.eu,false,""
2022-09-27T01:00:00.000000,Sweden,Sweden,SE,2.43,19.48,99.63,69.11,entsoe.eu,false,""
2022-09-27T02:00:00.000000,Sweden,Sweden,SE,2.3,19.27,99.65,68.93,entsoe.eu,false,""
2022-09-27T03:00:00.000000,Sweden,Sweden,SE,1.83,18.96,99.7,70.73,entsoe.eu,false,""
2022-09-27T04:00:00.000000,Sweden,Sweden,SE,1.84,19.84,99.72,72.42,entsoe.eu,false,""
2022-09-27T05:00:00.000000,Sweden,Sweden,SE,1.79,20.4,99.75,73.66,entsoe.eu,false,""
2022-09-27T06:00:00.000000,Sweden,Sweden,SE,1.76,20.54,99.76,74.23,entsoe.eu,false,""
2022-09-27T07:00:00.000000,Sweden,Sweden,SE,1.83,20.88,99.75,74.15,entsoe.eu,false,""
2022-09-27T08:00:00.000000,Sweden,Sweden,SE,2.21,21.62,99.7,74.05,entsoe.eu,false,""
2022-09-27T09:00:00.000000,Sweden,Sweden,SE,1.91,21.32,99.74,74.1,entsoe.eu,false,""
2022-09-27T10:00:00.000000,Sweden,Sweden,SE,1.78,21.09,99.77,73.74,entsoe.eu,false,""
2022-09-27T11:00:00.000000,Sweden,Sweden,SE,3.66,23.53,99.49,73.13,entsoe.eu,false,""
2022-09-27T12:00:00.000000,Sweden,Sweden,SE,4.94,25.02,99.29,73.1,entsoe.eu,false,""
2022-09-27T13:00:00.000000,Sweden,Sweden,SE,3.59,23.3,99.47,73.42,entsoe.eu,false,""
2022-09-27T14:00:00.000000,Sweden,Sweden,SE,1.87,20.85,99.74,73.56,entsoe.eu,false,""
2022-09-27T15:00:00.000000,Sweden,Sweden,SE,1.98,20.97,99.71,73.42,entsoe.eu,false,""
2022-09-27T16:00:00.000000,Sweden,Sweden,SE,1.95,20.81,99.72,73.31,entsoe.eu,false,""
2022-09-27T17:00:00.000000,Sweden,Sweden,SE,1.82,20.54,99.75,73.12,entsoe.eu,false,""
2022-09-27T18:00:00.000000,Sweden,Sweden,SE,1.81,20.45,99.75,72.96,entsoe.eu,false,""
2022-09-27T19:00:00.000000,Sweden,Sweden,SE,1.74,20.11,99.76,72.72,entsoe.eu,false,""
2022-09-27T20:00:00.000000,Sweden,Sweden,SE,1.71,19.59,99.76,71.75,entsoe.eu,false,""
2022-09-27T21:00:00.000000,Sweden,Sweden,SE,1.79,19.65,99.73,70.99,entsoe.eu,false,""
2022-09-27T22:00:00.000000,Sweden,Sweden,SE,1.87,19.04,99.69,70.38,entsoe.eu,false,""
2022-09-27T23:00:00.000000,Sweden,Sweden,SE,1.9,19.08,99.69,69.73,entsoe.eu,false,""
2022-09-28T00:00:00.000000,Sweden,Sweden,SE,1.99,19.23,99.66,70.03,entsoe.eu,false,""
2022-09-28T01:00:00.000000,Sweden,Sweden,SE,1.94,19.14,99.68,69.93,entsoe.eu,false,""
2022-09-28T02:00:00.000000,Sweden,Sweden,SE,1.92,19.06,99.69,70.01,entsoe.eu,false,""
2022-09-28T03:00:00.000000,Sweden,Sweden,SE,1.84,19.02,99.71,70.65,entsoe.eu,false,""
2022-09-28T04:00:00.000000,Sweden,Sweden,SE,1.8,19.66,99.73,71.66,entsoe.eu,false,""
2022-09-28T05:00:00.000000,Sweden,Sweden,SE,1.78,20.01,99.75,73.35,entsoe.eu,false,""
2022-09-28T06:00:00.000000,Sweden,Sweden,SE,1.74,20.22,99.77,73.89,entsoe.eu,false,""
2022-09-28T07:00:00.000000,Sweden,Sweden,SE,1.93,20.43,99.71,73.49,entsoe.eu,false,""
2022-09-28T08:00:00.000000,Sweden,Sweden,SE,3.4,22.48,99.29,73.25,entsoe.eu,false,""
2022-09-28T09:00:00.000000,Sweden,Sweden,SE,1.64,20.16,99.79,73.75,entsoe.eu,false,""
2022-09-28T10:00:00.000000,Sweden,Sweden,SE,1.67,20.15,99.78,73.77,entsoe.eu,false,""
2022-09-28T11:00:00.000000,Sweden,Sweden,SE,1.63,20.33,99.8,73.58,entsoe.eu,false,""
2022-09-28T12:00:00.000000,Sweden,Sweden,SE,1.56,20.32,99.82,73.49,entsoe.eu,false,""
2022-09-28T13:00:00.000000,Sweden,Sweden,SE,1.56,20.18,99.81,73.93,entsoe.eu,false,""
2022-09-28T14:00:00.000000,Sweden,Sweden,SE,2.29,21.03,99.69,74.28,entsoe.eu,false,""
2022-09-28T15:00:00.000000,Sweden,Sweden,SE,1.78,19.98,99.75,74.0,entsoe.eu,false,""
2022-09-28T16:00:00.000000,Sweden,Sweden,SE,1.76,19.74,99.75,73.95,entsoe.eu,false,""
2022-09-28T17:00:00.000000,Sweden,Sweden,SE,1.71,19.6,99.76,73.84,entsoe.eu,false,""
2022-09-28T18:00:00.000000,Sweden,Sweden,SE,1.7,19.52,99.76,73.79,entsoe.eu,false,""
2022-09-28T19:00:00.000000,Sweden,Sweden,SE,1.75,19.58,99.75,72.77,entsoe.eu,false,""
2022-09-28T20:00:00.000000,Sweden,Sweden,SE,1.67,18.82,99.75,72.4,entsoe.eu,false,""
2022-09-28T21:00:00.000000,Sweden,Sweden,SE,1.68,18.58,99.74,71.21,entsoe.eu,false,""
2022-09-28T22:00:00.000000,Sweden,Sweden,SE,1.92,19.54,99.7,70.75,entsoe.eu,false,""
2022-09-28T23:00:00.000000,Sweden,Sweden,SE,1.94,19.45,99.69,70.07,entsoe.eu,false,""
2022-09-29T00:00:00.000000,Sweden,Sweden,SE,1.98,19.56,99.68,69.61,entsoe.eu,false,""
2022-09-29T01:00:00.000000,Sweden,Sweden,SE,2.03,19.82,99.67,69.49,entsoe.eu,false,""
2022-09-29T02:00:00.000000,Sweden,Sweden,SE,1.82,19.53,99.73,70.59,entsoe.eu,false,""
2022-09-29T03:00:00.000000,Sweden,Sweden,SE,2.72,21.18,99.62,71.62,entsoe.eu,false,""
2022-09-29T04:00:00.000000,Sweden,Sweden,SE,2.36,21.67,99.7,73.25,entsoe.eu,false,""
2022-09-29T05:00:00.000000,Sweden,Sweden,SE,2.0,21.44,99.76,74.43,entsoe.eu,false,""
2022-09-29T06:00:00.000000,Sweden,Sweden,SE,2.16,22.41,99.73,74.43,entsoe.eu,false,""
2022-09-29T07:00:00.000000,Sweden,Sweden,SE,1.99,22.56,99.76,74.15,entsoe.eu,false,""
2022-09-29T08:00:00.000000,Sweden,Sweden,SE,3.65,25.25,99.56,74.25,entsoe.eu,false,""
2022-09-29T09:00:00.000000,Sweden,Sweden,SE,2.37,23.67,99.72,73.85,entsoe.eu,false,""
2022-09-29T10:00:00.000000,Sweden,Sweden,SE,3.14,25.01,99.62,73.78,entsoe.eu,false,""
2022-09-29T11:00:00.000000,Sweden,Sweden,SE,1.84,23.0,99.81,73.06,entsoe.eu,false,""
2022-09-29T12:00:00.000000,Sweden,Sweden,SE,3.51,26.02,99.57,72.79,entsoe.eu,false,""
2022-09-29T13:00:00.000000,Sweden,Sweden,SE,3.47,25.58,99.56,72.56,entsoe.eu,false,""
2022-09-29T14:00:00.000000,Sweden,Sweden,SE,3.49,25.3,99.55,72.54,entsoe.eu,false,""
2022-09-29T15:00:00.000000,Sweden,Sweden,SE,2.05,22.86,99.75,72.21,entsoe.eu,false,""
2022-09-29T16:00:00.000000,Sweden,Sweden,SE,2.5,23.1,99.68,72.26,entsoe.eu,false,""
2022-09-29T17:00:00.000000,Sweden,Sweden,SE,1.94,22.1,99.76,72.05,entsoe.eu,false,""
2022-09-29T18:00:00.000000,Sweden,Sweden,SE,2.35,22.83,99.7,72.13,entsoe.eu,false,""
2022-09-29T19:00:00.000000,Sweden,Sweden,SE,2.62,23.23,99.66,71.41,entsoe.eu,false,""
2022-09-29T20:00:00.000000,Sweden,Sweden,SE,3.45,23.96,99.51,71.53,entsoe.eu,false,""
2022-09-29T21:00:00.000000,Sweden,Sweden,SE,2.11,21.6,99.7,70.95,entsoe.eu,false,""
2022-09-29T22:00:00.000000,Sweden,Sweden,SE,2.11,21.39,99.69,70.51,entsoe.eu,false,""
2022-09-29T23:00:00.000000,Sweden,Sweden,SE,2.14,21.5,99.69,70.01,entsoe.eu,false,""
2022-09-30T00:00:00.000000,Sweden,Sweden,SE,2.11,21.72,99.7,69.87,entsoe.eu,false,""
2022-09-30T01:00:00.000000,Sweden,Sweden,SE,2.16,21.85,99.69,69.88,entsoe.eu,false,""
2022-09-30T02:00:00.000000,Sweden,Sweden,SE,2.17,22.05,99.7,70.03,entsoe.eu,false,""
2022-09-30T03:00:00.000000,Sweden,Sweden,SE,2.23,22.73,99.7,70.76,entsoe.eu,false,""
2022-09-30T04:00:00.000000,Sweden,Sweden,SE,2.23,23.51,99.72,71.61,entsoe.eu,false,""
2022-09-30T05:00:00.000000,Sweden,Sweden,SE,2.24,23.94,99.72,72.49,entsoe.eu,false,""
2022-09-30T06:00:00.000000,Sweden,Sweden,SE,2.27,24.41,99.71,73.19,entsoe.eu,false,""
2022-09-30T07:00:00.000000,Sweden,Sweden,SE,2.34,24.93,99.7,73.09,entsoe.eu,false,""
2022-09-30T08:00:00.000000,Sweden,Sweden,SE,2.36,25.18,99.7,73.11,entsoe.eu,false,""
2022-09-30T09:00:00.000000,Sweden,Sweden,SE,2.3,24.86,99.72,72.17,entsoe.eu,false,""
2022-09-30T10:00:00.000000,Sweden,Sweden,SE,2.69,25.91,99.67,71.72,entsoe.eu,false,""
2022-09-30T11:00:00.000000,Sweden,Sweden,SE,2.36,25.15,99.72,71.75,entsoe.eu,false,""
2022-09-30T12:00:00.000000,Sweden,Sweden,SE,2.39,25.15,99.71,71.75,entsoe.eu,false,""
2022-09-30T13:00:00.000000,Sweden,Sweden,SE,2.32,24.62,99.71,71.99,entsoe.eu,false,""
2022-09-30T14:00:00.000000,Sweden,Sweden,SE,2.32,24.42,99.71,72.35,entsoe.eu,false,""
2022-09-30T15:00:00.000000,Sweden,Sweden,SE,2.21,23.48,99.72,72.57,entsoe.eu,false,""
2022-09-30T16:00:00.000000,Sweden,Sweden,SE,2.14,23.0,99.73,73.25,entsoe.eu,false,""
2022-09-30T17:00:00.000000,Sweden,Sweden,SE,2.08,22.97,99.74,73.34,entsoe.eu,false,""
2022-09-30T18:00:00.000000,Sweden,Sweden,SE,2.12,23.03,99.73,73.44,entsoe.eu,false,""
2022-09-30T19:00:00.000000,Sweden,Sweden,SE,2.37,23.42,99.7,72.59,entsoe.eu,false,""
2022-09-30T20:00:00.000000,Sweden,Sweden,SE,2.13,22.34,99.7,71.86,entsoe.eu,false,""
2022-09-30T21:00:00.000000,Sweden,Sweden,SE,2.08,22.01,99.71,70.38,entsoe.eu,false,""
2022-09-30T22:00:00.000000,Sweden,Sweden,SE,2.07,21.07,99.69,68.82,entsoe.eu,false,""
2022-09-30T23:00:00.000000,Sweden,Sweden,SE,2.2,21.18,99.66,68.79,entsoe.eu,false,""
2022-10-01T00:00:00.000000,Sweden,Sweden,SE,2.47,21.99,99.62,66.89,entsoe.eu,false,""
2022-10-01T01:00:00.000000,Sweden,Sweden,SE,7.46,27.92,99.07,64.8,entsoe.eu,false,""
2022-10-01T02:00:00.000000,Sweden,Sweden,SE,7.24,27.56,99.12,63.87,entsoe.eu,false,""
2022-10-01T03:00:00.000000,Sweden,Sweden,SE,6.82,27.14,99.21,63.32,entsoe.eu,false,""
2022-10-01T04:00:00.000000,Sweden,Sweden,SE,6.27,26.47,99.31,63.5,entsoe.eu,false,""
2022-10-01T05:00:00.000000,Sweden,Sweden,SE,4.21,24.36,99.45,65.67,entsoe.eu,false,""
2022-10-01T06:00:00.000000,Sweden,Sweden,SE,2.22,21.86,99.67,67.3,entsoe.eu,false,""
2022-10-01T07:00:00.000000,Sweden,Sweden,SE,2.14,21.41,99.67,69.58,entsoe.eu,false,""
2022-10-01T08:00:00.000000,Sweden,Sweden,SE,2.17,21.89,99.68,70.6,entsoe.eu,false,""
2022-10-01T09:00:00.000000,Sweden,Sweden,SE,2.14,22.28,99.7,69.79,entsoe.eu,false,""
2022-10-01T10:00:00.000000,Sweden,Sweden,SE,1.97,22.08,99.74,69.71,entsoe.eu,false,""
2022-10-01T11:00:00.000000,Sweden,Sweden,SE,1.84,21.1,99.76,68.83,entsoe.eu,false,""
2022-10-01T12:00:00.000000,Sweden,Sweden,SE,4.67,24.41,99.38,68.76,entsoe.eu,false,""
2022-10-01T13:00:00.000000,Sweden,Sweden,SE,4.7,24.3,99.41,68.92,entsoe.eu,false,""
2022-10-01T14:00:00.000000,Sweden,Sweden,SE,3.49,22.5,99.56,69.84,entsoe.eu,false,""
2022-10-01T15:00:00.000000,Sweden,Sweden,SE,4.57,23.43,99.47,71.01,entsoe.eu,false,""
2022-10-01T16:00:00.000000,Sweden,Sweden,SE,2.51,20.77,99.71,71.44,entsoe.eu,false,""
2022-10-01T17:00:00.000000,Sweden,Sweden,SE,2.83,21.12,99.68,71.61,entsoe.eu,false,""
2022-10-01T18:00:00.000000,Sweden,Sweden,SE,2.9,21.42,99.66,70.61,entsoe.eu,false,""
2022-10-01T19:00:00.000000,Sweden,Sweden,SE,1.54,19.75,99.82,69.54,entsoe.eu,false,""
2022-10-01T20:00:00.000000,Sweden,Sweden,SE,2.43,20.37,99.71,69.16,entsoe.eu,false,""
2022-10-01T21:00:00.000000,Sweden,Sweden,SE,1.53,19.3,99.81,67.44,entsoe.eu,false,""
2022-10-01T22:00:00.000000,Sweden,Sweden,SE,4.12,22.59,99.52,66.01,entsoe.eu,false,""
2022-10-01T23:00:00.000000,Sweden,Sweden,SE,2.57,20.92,99.7,65.21,entsoe.eu,false,""
2022-10-02T00:00:00.000000,Sweden,Sweden,SE,7.64,27.19,99.09,64.68,entsoe.eu,false,""
2022-10-02T01:00:00.000000,Sweden,Sweden,SE,7.86,27.43,99.06,64.39,entsoe.eu,false,""
2022-10-02T02:00:00.000000,Sweden,Sweden,SE,10.84,31.14,98.73,63.53,entsoe.eu,false,""
2022-10-02T03:00:00.000000,Sweden,Sweden,SE,9.69,30.11,98.86,63.67,entsoe.eu,false,""
2022-10-02T04:00:00.000000,Sweden,Sweden,SE,9.72,30.19,98.88,64.14,entsoe.eu,false,""
2022-10-02T05:00:00.000000,Sweden,Sweden,SE,9.19,29.64,98.93,65.02,entsoe.eu,false,""
2022-10-02T06:00:00.000000,Sweden,Sweden,SE,2.23,21.35,99.74,66.54,entsoe.eu,false,""
2022-10-02T07:00:00.000000,Sweden,Sweden,SE,5.05,24.86,99.39,67.38,entsoe.eu,false,""
2022-10-02T08:00:00.000000,Sweden,Sweden,SE,8.46,28.8,99.0,67.72,entsoe.eu,false,""
2022-10-02T09:00:00.000000,Sweden,Sweden,SE,12.39,33.93,98.56,65.81,entsoe.eu,false,""
2022-10-02T10:00:00.000000,Sweden,Sweden,SE,14.61,36.65,98.32,66.38,entsoe.eu,false,""
2022-10-02T11:00:00.000000,Sweden,Sweden,SE,13.97,36.13,98.36,66.64,entsoe.eu,false,""
2022-10-02T12:00:00.000000,Sweden,Sweden,SE,9.92,31.31,98.82,66.55,entsoe.eu,false,""
2022-10-02T13:00:00.000000,Sweden,Sweden,SE,8.27,29.81,99.01,66.64,entsoe.eu,false,""
2022-10-02T14:00:00.000000,Sweden,Sweden,SE,2.93,23.64,99.65,68.45,entsoe.eu,false,""
2022-10-02T15:00:00.000000,Sweden,Sweden,SE,2.95,22.87,99.64,71.08,entsoe.eu,false,""
2022-10-02T16:00:00.000000,Sweden,Sweden,SE,1.73,21.6,99.82,71.7,entsoe.eu,false,""
2022-10-02T17:00:00.000000,Sweden,Sweden,SE,2.27,22.2,99.74,72.19,entsoe.eu,false,""
2022-10-02T18:00:00.000000,Sweden,Sweden,SE,2.45,22.26,99.71,72.3,entsoe.eu,false,""
2022-10-02T19:00:00.000000,Sweden,Sweden,SE,1.7,21.19,99.81,72.11,entsoe.eu,false,""
2022-10-02T20:00:00.000000,Sweden,Sweden,SE,1.81,21.35,99.79,71.64,entsoe.eu,false,""
2022-10-02T21:00:00.000000,Sweden,Sweden,SE,1.86,21.19,99.76,70.89,entsoe.eu,false,""
2022-10-02T22:00:00.000000,Sweden,Sweden,SE,2.11,22.24,99.72,68.29,entsoe.eu,false,""
2022-10-02T23:00:00.000000,Sweden,Sweden,SE,2.15,21.99,99.72,67.92,entsoe.eu,false,""
2022-10-03T00:00:00.000000,Sweden,Sweden,SE,2.18,22.69,99.72,67.5,entsoe.eu,false,""
2022-10-03T01:00:00.000000,Sweden,Sweden,SE,2.42,22.73,99.67,67.67,entsoe.eu,false,""
2022-10-03T02:00:00.000000,Sweden,Sweden,SE,2.67,23.62,99.65,68.02,entsoe.eu,false,""
2022-10-03T03:00:00.000000,Sweden,Sweden,SE,3.7,25.27,99.54,69.9,entsoe.eu,false,""
2022-10-03T04:00:00.000000,Sweden,Sweden,SE,4.18,26.32,99.5,70.86,entsoe.eu,false,""
2022-10-03T05:00:00.000000,Sweden,Sweden,SE,10.69,33.7,98.83,71.66,entsoe.eu,false,""
2022-10-03T06:00:00.000000,Sweden,Sweden,SE,8.95,32.26,98.98,71.98,entsoe.eu,false,""
2022-10-03T07:00:00.000000,Sweden,Sweden,SE,11.94,35.74,98.73,72.06,entsoe.eu,false,""
2022-10-03T08:00:00.000000,Sweden,Sweden,SE,12.77,36.46,98.63,71.96,entsoe.eu,false,""
2022-10-03T09:00:00.000000,Sweden,Sweden,SE,10.46,34.72,98.87,70.82,entsoe.eu,false,""
2022-10-03T10:00:00.000000,Sweden,Sweden,SE,8.74,32.8,99.05,70.74,entsoe.eu,false,""
2022-10-03T11:00:00.000000,Sweden,Sweden,SE,10.57,34.79,98.83,71.48,entsoe.eu,false,""
2022-10-03T12:00:00.000000,Sweden,Sweden,SE,10.24,34.05,98.87,72.24,entsoe.eu,false,""
2022-10-03T13:00:00.000000,Sweden,Sweden,SE,8.92,32.01,99.04,72.12,entsoe.eu,false,""
2022-10-03T14:00:00.000000,Sweden,Sweden,SE,3.88,25.76,99.55,72.64,entsoe.eu,false,""
2022-10-03T15:00:00.000000,Sweden,Sweden,SE,2.11,22.92,99.73,73.38,entsoe.eu,false,""
2022-10-03T16:00:00.000000,Sweden,Sweden,SE,2.07,22.44,99.73,74.35,entsoe.eu,false,""
2022-10-03T17:00:00.000000,Sweden,Sweden,SE,2.09,22.46,99.72,74.08,entsoe.eu,false,""
2022-10-03T18:00:00.000000,Sweden,Sweden,SE,2.02,22.11,99.73,74.55,entsoe.eu,false,""
2022-10-03T19:00:00.000000,Sweden,Sweden,SE,2.06,22.34,99.73,73.96,entsoe.eu,false,""
2022-10-03T20:00:00.000000,Sweden,Sweden,SE,2.16,22.34,99.69,73.72,entsoe.eu,false,""
2022-10-03T21:00:00.000000,Sweden,Sweden,SE,2.15,21.75,99.68,72.34,entsoe.eu,false,""
2022-10-03T22:00:00.000000,Sweden,Sweden,SE,2.08,21.59,99.7,71.46,entsoe.eu,false,""
2022-10-03T23:00:00.000000,Sweden,Sweden,SE,2.04,21.58,99.71,70.78,entsoe.eu,false,""
2022-10-04T00:00:00.000000,Sweden,Sweden,SE,2.05,21.64,99.72,70.67,entsoe.eu,false,""
2022-10-04T01:00:00.000000,Sweden,Sweden,SE,2.11,21.79,99.7,70.54,entsoe.eu,false,""
2022-10-04T02:00:00.000000,Sweden,Sweden,SE,2.13,22.08,99.7,71.17,entsoe.eu,false,""
2022-10-04T03:00:00.000000,Sweden,Sweden,SE,2.11,22.52,99.72,72.52,entsoe.eu,false,""
2022-10-04T04:00:00.000000,Sweden,Sweden,SE,2.09,22.92,99.74,73.39,entsoe.eu,false,""
2022-10-04T05:00:00.000000,Sweden,Sweden,SE,2.1,23.26,99.73,74.23,entsoe.eu,false,""
2022-10-04T06:00:00.000000,Sweden,Sweden,SE,2.13,23.7,99.73,74.11,entsoe.eu,false,""
2022-10-04T07:00:00.000000,Sweden,Sweden,SE,2.33,24.6,99.7,73.85,entsoe.eu,false,""
2022-10-04T08:00:00.000000,Sweden,Sweden,SE,2.37,25.15,99.7,73.16,entsoe.eu,false,""
2022-10-04T09:00:00.000000,Sweden,Sweden,SE,2.41,25.26,99.69,73.21,entsoe.eu,false,""
2022-10-04T10:00:00.000000,Sweden,Sweden,SE,2.99,26.25,99.63,71.57,entsoe.eu,false,""
2022-10-04T11:00:00.000000,Sweden,Sweden,SE,2.34,24.86,99.72,71.89,entsoe.eu,false,""
2022-10-04T12:00:00.000000,Sweden,Sweden,SE,2.31,24.68,99.72,72.0,entsoe.eu,false,""
2022-10-04T13:00:00.000000,Sweden,Sweden,SE,2.16,24.04,99.75,72.48,entsoe.eu,false,""
2022-10-04T14:00:00.000000,Sweden,Sweden,SE,2.1,23.09,99.74,73.47,entsoe.eu,false,""
2022-10-04T15:00:00.000000,Sweden,Sweden,SE,2.12,22.7,99.72,74.28,entsoe.eu,false,""
2022-10-04T16:00:00.000000,Sweden,Sweden,SE,2.05,22.04,99.72,74.55,entsoe.eu,false,""
2022-10-04T17:00:00.000000,Sweden,Sweden,SE,1.89,21.62,99.75,74.96,entsoe.eu,false,""
2022-10-04T18:00:00.000000,Sweden,Sweden,SE,1.65,20.89,99.8,75.04,entsoe.eu,false,""
2022-10-04T19:00:00.000000,Sweden,Sweden,SE,1.31,19.93,99.88,74.24,entsoe.eu,false,""
2022-10-04T20:00:00.000000,Sweden,Sweden,SE,1.02,18.72,99.94,73.43,entsoe.eu,false,""
2022-10-04T21:00:00.000000,Sweden,Sweden,SE,0.97,18.33,99.94,73.61,entsoe.eu,false,""
2022-10-04T22:00:00.000000,Sweden,Sweden,SE,1.0,18.24,99.93,71.82,entsoe.eu,false,""
2022-10-04T23:00:00.000000,Sweden,Sweden,SE,1.08,18.14,99.9,72.19,entsoe.eu,false,""
2022-10-05T00:00:00.000000,Sweden,Sweden,SE,1.04,18.06,99.91,71.85,entsoe.eu,false,""
2022-10-05T01:00:00.000000,Sweden,Sweden,SE,1.13,18.26,99.89,71.67,entsoe.eu,false,""
2022-10-05T02:00:00.000000,Sweden,Sweden,SE,1.09,18.61,99.92,70.1,entsoe.eu,false,""
2022-10-05T03:00:00.000000,Sweden,Sweden,SE,1.29,19.31,99.88,70.47,entsoe.eu,false,""
2022-10-05T04:00:00.000000,Sweden,Sweden,SE,1.28,19.18,99.87,73.35,entsoe.eu,false,""
2022-10-05T05:00:00.000000,Sweden,Sweden,SE,1.34,19.52,99.86,74.64,entsoe.eu,false,""
2022-10-05T06:00:00.000000,Sweden,Sweden,SE,1.57,19.9,99.8,74.73,entsoe.eu,false,""
2022-10-05T07:00:00.000000,Sweden,Sweden,SE,1.55,20.01,99.82,74.33,entsoe.eu,false,""
2022-10-05T08:00:00.000000,Sweden,Sweden,SE,1.58,20.15,99.81,73.78,entsoe.eu,false,""
2022-10-05T09:00:00.000000,Sweden,Sweden,SE,1.91,21.2,99.74,72.75,entsoe.eu,false,""
2022-10-05T10:00:00.000000,Sweden,Sweden,SE,3.57,23.8,99.56,70.53,entsoe.eu,false,""
2022-10-05T11:00:00.000000,Sweden,Sweden,SE,5.36,25.94,99.37,68.39,entsoe.eu,false,""
2022-10-05T12:00:00.000000,Sweden,Sweden,SE,5.75,26.2,99.31,68.71,entsoe.eu,false,""
2022-10-05T13:00:00.000000,Sweden,Sweden,SE,3.44,23.42,99.54,69.48,entsoe.eu,false,""
2022-10-05T14:00:00.000000,Sweden,Sweden,SE,2.14,20.79,99.66,71.85,entsoe.eu,false,""
2022-10-05T15:00:00.000000,Sweden,Sweden,SE,2.04,20.37,99.68,71.99,entsoe.eu,false,""
2022-10-05T16:00:00.000000,Sweden,Sweden,SE,1.85,19.49,99.71,73.22,entsoe.eu,false,""
2022-10-05T17:00:00.000000,Sweden,Sweden,SE,1.56,18.54,99.78,73.87,entsoe.eu,false,""
2022-10-05T18:00:00.000000,Sweden,Sweden,SE,1.12,17.53,99.91,73.3,entsoe.eu,false,""
2022-10-05T19:00:00.000000,Sweden,Sweden,SE,1.7,18.29,99.83,72.71,entsoe.eu,false,""
2022-10-05T20:00:00.000000,Sweden,Sweden,SE,1.81,18.29,99.82,72.29,entsoe.eu,false,""
2022-10-05T21:00:00.000000,Sweden,Sweden,SE,2.24,18.71,99.76,70.97,entsoe.eu,false,""
2022-10-05T22:00:00.000000,Sweden,Sweden,SE,1.85,18.39,99.82,71.18,entsoe.eu,false,""
2022-10-05T23:00:00.000000,Sweden,Sweden,SE,1.92,18.67,99.77,70.31,entsoe.eu,false,""
2022-10-06T00:00:00.000000,Sweden,Sweden,SE,2.93,19.81,99.63,70.22,entsoe.eu,false,""
2022-10-06T01:00:00.000000,Sweden,Sweden,SE,2.27,19.07,99.71,69.17,entsoe.eu,false,""
2022-10-06T02:00:00.000000,Sweden,Sweden,SE,2.49,19.29,99.69,68.63,entsoe.eu,false,""
2022-10-06T03:00:00.000000,Sweden,Sweden,SE,2.14,18.72,99.74,69.8,entsoe.eu,false,""
2022-10-06T04:00:00.000000,Sweden,Sweden,SE,1.54,17.73,99.84,70.86,entsoe.eu,false,""
2022-10-06T05:00:00.000000,Sweden,Sweden,SE,1.12,17.29,99.9,72.96,entsoe.eu,false,""
2022-10-06T06:00:00.000000,Sweden,Sweden,SE,0.88,17.18,99.93,72.67,entsoe.eu,false,""
2022-10-06T07:00:00.000000,Sweden,Sweden,SE,1.15,17.99,99.91,72.99,entsoe.eu,false,""
2022-10-06T08:00:00.000000,Sweden,Sweden,SE,1.17,17.56,99.89,73.51,entsoe.eu,false,""
2022-10-06T09:00:00.000000,Sweden,Sweden,SE,1.66,18.21,99.83,74.39,entsoe.eu,false,""
2022-10-06T10:00:00.000000,Sweden,Sweden,SE,2.03,18.98,99.79,75.19,entsoe.eu,false,""
2022-10-06T11:00:00.000000,Sweden,Sweden,SE,2.04,19.01,99.78,74.89,entsoe.eu,false,""
2022-10-06T12:00:00.000000,Sweden,Sweden,SE,1.79,18.73,99.82,74.3,entsoe.eu,false,""
2022-10-06T13:00:00.000000,Sweden,Sweden,SE,1.98,18.67,99.79,74.57,entsoe.eu,false,""
2022-10-06T14:00:00.000000,Sweden,Sweden,SE,1.73,17.85,99.83,74.67,entsoe.eu,false,""
2022-10-06T15:00:00.000000,Sweden,Sweden,SE,1.3,17.14,99.89,75.24,entsoe.eu,false,""
2022-10-06T16:00:00.000000,Sweden,Sweden,SE,0.98,16.85,99.92,74.79,entsoe.eu,false,""
2022-10-06T17:00:00.000000,Sweden,Sweden,SE,1.17,17.07,99.89,74.87,entsoe.eu,false,""
2022-10-06T18:00:00.000000,Sweden,Sweden,SE,0.87,16.74,99.93,74.7,entsoe.eu,false,""
2022-10-06T19:00:00.000000,Sweden,Sweden,SE,0.89,16.65,99.92,73.99,entsoe.eu,false,""
2022-10-06T20:00:00.000000,Sweden,Sweden,SE,0.99,16.91,99.91,73.46,entsoe.eu,false,""
2022-10-06T21:00:00.000000,Sweden,Sweden,SE,1.42,17.54,99.84,71.93,entsoe.eu,false,""
2022-10-06T22:00:00.000000,Sweden,Sweden,SE,1.27,17.78,99.87,70.2,entsoe.eu,false,""
2022-10-06T23:00:00.000000,Sweden,Sweden,SE,1.28,16.63,99.85,68.64,entsoe.eu,false,""
2022-10-07T00:00:00.000000,Sweden,Sweden,SE,1.18,16.79,99.88,68.13,entsoe.eu,false,""
2022-10-07T01:00:00.000000,Sweden,Sweden,SE,1.18,16.63,99.87,67.81,entsoe.eu,false,""
2022-10-07T02:00:00.000000,Sweden,Sweden,SE,0.91,16.2,99.92,68.48,entsoe.eu,false,""
2022-10-07T03:00:00.000000,Sweden,Sweden,SE,0.9,16.23,99.92,69.76,entsoe.eu,false,""
2022-10-07T04:00:00.000000,Sweden,Sweden,SE,0.69,16.07,99.96,72.04,entsoe.eu,false,""
2022-10-07T05:00:00.000000,Sweden,Sweden,SE,0.68,16.05,99.96,73.66,entsoe.eu,false,""
2022-10-07T06:00:00.000000,Sweden,Sweden,SE,0.73,16.27,99.95,74.12,entsoe.eu,false,""
2022-10-07T07:00:00.000000,Sweden,Sweden,SE,0.93,17.01,99.93,73.33,entsoe.eu,false,""
2022-10-07T08:00:00.000000,Sweden,Sweden,SE,1.01,17.26,99.92,73.49,entsoe.eu,false,""
2022-10-07T09:00:00.000000,Sweden,Sweden,SE,1.33,17.82,99.88,73.41,entsoe.eu,false,""
2022-10-07T10:00:00.000000,Sweden,Sweden,SE,1.4,18.21,99.87,72.75,entsoe.eu,false,""
2022-10-07T11:00:00.000000,Sweden,Sweden,SE,1.35,18.17,99.88,72.89,entsoe.eu,false,""
2022-10-07T12:00:00.000000,Sweden,Sweden,SE,1.21,17.84,99.89,72.39,entsoe.eu,false,""
2022-10-07T13:00:00.000000,Sweden,Sweden,SE,1.43,17.9,99.85,71.7,entsoe.eu,false,""
2022-10-07T14:00:00.000000,Sweden,Sweden,SE,1.64,18.17,99.82,71.98,entsoe.eu,false,""
2022-10-07T15:00:00.000000,Sweden,Sweden,SE,1.17,16.99,99.89,71.92,entsoe.eu,false,""
2022-10-07T16:00:00.000000,Sweden,Sweden,SE,0.86,16.52,99.93,71.39,entsoe.eu,false,""
2022-10-07T17:00:00.000000,Sweden,Sweden,SE,0.82,16.49,99.94,72.12,entsoe.eu,false,""
2022-10-07T18:00:00.000000,Sweden,Sweden,SE,1.09,16.88,99.9,72.29,entsoe.eu,false,""
2022-10-07T19:00:00.000000,Sweden,Sweden,SE,1.07,17.05,99.9,70.81,entsoe.eu,false,""
2022-10-07T20:00:00.000000,Sweden,Sweden,SE,1.27,17.46,99.87,68.92,entsoe.eu,false,""
2022-10-07T21:00:00.000000,Sweden,Sweden,SE,2.46,18.87,99.67,66.07,entsoe.eu,false,""
2022-10-07T22:00:00.000000,Sweden,Sweden,SE,2.93,19.51,99.59,65.34,entsoe.eu,false,""
2022-10-07T23:00:00.000000,Sweden,Sweden,SE,2.89,19.45,99.6,64.56,entsoe.eu,false,""
2022-10-08T00:00:00.000000,Sweden,Sweden,SE,2.86,19.4,99.61,63.83,entsoe.eu,false,""
2022-10-08T01:00:00.000000,Sweden,Sweden,SE,2.1,18.32,99.73,64.64,entsoe.eu,false,""
2022-10-08T02:00:00.000000,Sweden,Sweden,SE,2.14,18.29,99.73,64.02,entsoe.eu,false,""
2022-10-08T03:00:00.000000,Sweden,Sweden,SE,1.43,17.08,99.84,66.42,entsoe.eu,false,""
2022-10-08T04:00:00.000000,Sweden,Sweden,SE,1.09,16.62,99.89,67.82,entsoe.eu,false,""
2022-10-08T05:00:00.000000,Sweden,Sweden,SE,0.73,16.06,99.95,69.52,entsoe.eu,false,""
2022-10-08T06:00:00.000000,Sweden,Sweden,SE,0.71,15.94,99.96,69.6,entsoe.eu,false,""
2022-10-08T07:00:00.000000,Sweden,Sweden,SE,0.9,16.89,99.93,69.64,entsoe.eu,false,""
2022-10-08T08:00:00.000000,Sweden,Sweden,SE,0.96,17.26,99.92,70.45,entsoe.eu,false,""
2022-10-08T09:00:00.000000,Sweden,Sweden,SE,0.91,17.58,99.94,69.9,entsoe.eu,false,""
2022-10-08T10:00:00.000000,Sweden,Sweden,SE,0.89,17.8,99.94,69.55,entsoe.eu,false,""
2022-10-08T11:00:00.000000,Sweden,Sweden,SE,1.03,17.9,99.92,69.36,entsoe.eu,false,""
2022-10-08T12:00:00.000000,Sweden,Sweden,SE,1.17,17.91,99.89,69.47,entsoe.eu,false,""
2022-10-08T13:00:00.000000,Sweden,Sweden,SE,0.91,17.18,99.93,70.26,entsoe.eu,false,""
2022-10-08T14:00:00.000000,Sweden,Sweden,SE,0.94,16.8,99.92,70.05,entsoe.eu,false,""
2022-10-08T15:00:00.000000,Sweden,Sweden,SE,1.0,16.34,99.91,70.71,entsoe.eu,false,""
2022-10-08T16:00:00.000000,Sweden,Sweden,SE,1.13,16.24,99.88,71.64,entsoe.eu,false,""
2022-10-08T17:00:00.000000,Sweden,Sweden,SE,1.54,17.05,99.81,71.71,entsoe.eu,false,""
2022-10-08T18:00:00.000000,Sweden,Sweden,SE,1.53,16.98,99.81,71.95,entsoe.eu,false,""
2022-10-08T19:00:00.000000,Sweden,Sweden,SE,1.55,17.02,99.81,71.12,entsoe.eu,false,""
2022-10-08T20:00:00.000000,Sweden,Sweden,SE,1.57,16.95,99.81,70.68,entsoe.eu,false,""
2022-10-08T21:00:00.000000,Sweden,Sweden,SE,1.72,17.29,99.78,69.95,entsoe.eu,false,""
2022-10-08T22:00:00.000000,Sweden,Sweden,SE,2.32,18.21,99.68,68.2,entsoe.eu,false,""
2022-10-08T23:00:00.000000,Sweden,Sweden,SE,2.22,18.14,99.7,67.55,entsoe.eu,false,""
2022-10-09T00:00:00.000000,Sweden,Sweden,SE,2.19,18.1,99.71,66.84,entsoe.eu,false,""
2022-10-09T01:00:00.000000,Sweden,Sweden,SE,2.18,18.16,99.71,66.69,entsoe.eu,false,""
2022-10-09T02:00:00.000000,Sweden,Sweden,SE,2.19,18.07,99.71,67.21,entsoe.eu,false,""
2022-10-09T03:00:00.000000,Sweden,Sweden,SE,1.86,17.52,99.77,68.38,entsoe.eu,false,""
2022-10-09T04:00:00.000000,Sweden,Sweden,SE,1.77,17.34,99.77,69.06,entsoe.eu,false,""
2022-10-09T05:00:00.000000,Sweden,Sweden,SE,1.78,17.4,99.77,68.94,entsoe.eu,false,""
2022-10-09T06:00:00.000000,Sweden,Sweden,SE,1.93,17.77,99.73,69.36,entsoe.eu,false,""
2022-10-09T07:00:00.000000,Sweden,Sweden,SE,2.28,19.23,99.66,69.77,entsoe.eu,false,""
2022-10-09T08:00:00.000000,Sweden,Sweden,SE,2.51,19.91,99.6,69.84,entsoe.eu,false,""
2022-10-09T09:00:00.000000,Sweden,Sweden,SE,2.39,19.83,99.64,68.86,entsoe.eu,false,""
2022-10-09T10:00:00.000000,Sweden,Sweden,SE,2.08,19.46,99.72,68.88,entsoe.eu,false,""
2022-10-09T11:00:00.000000,Sweden,Sweden,SE,1.82,18.62,99.78,68.99,entsoe.eu,false,""
2022-10-09T12:00:00.000000,Sweden,Sweden,SE,1.79,18.4,99.78,69.42,entsoe.eu,false,""
2022-10-09T13:00:00.000000,Sweden,Sweden,SE,1.78,18.33,99.79,68.3,entsoe.eu,false,""
2022-10-09T14:00:00.000000,Sweden,Sweden,SE,2.01,18.68,99.73,69.42,entsoe.eu,false,""
2022-10-09T15:00:00.000000,Sweden,Sweden,SE,2.09,18.5,99.7,70.58,entsoe.eu,false,""
2022-10-09T16:00:00.000000,Sweden,Sweden,SE,2.05,18.11,99.69,70.92,entsoe.eu,false,""
2022-10-09T17:00:00.000000,Sweden,Sweden,SE,3.79,19.9,99.56,71.11,entsoe.eu,false,""
2022-10-09T18:00:00.000000,Sweden,Sweden,SE,1.75,17.59,99.77,71.13,entsoe.eu,false,""
2022-10-09T19:00:00.000000,Sweden,Sweden,SE,1.66,17.06,99.78,70.42,entsoe.eu,false,""
2022-10-09T20:00:00.000000,Sweden,Sweden,SE,1.66,17.15,99.78,70.37,entsoe.eu,false,""
2022-10-09T21:00:00.000000,Sweden,Sweden,SE,1.67,17.32,99.79,69.66,entsoe.eu,false,""
2022-10-09T22:00:00.000000,Sweden,Sweden,SE,1.66,17.33,99.8,70.07,entsoe.eu,false,""
2022-10-09T23:00:00.000000,Sweden,Sweden,SE,1.74,17.56,99.79,69.22,entsoe.eu,false,""
2022-10-10T00:00:00.000000,Sweden,Sweden,SE,2.03,18.04,99.73,68.79,entsoe.eu,false,""
2022-10-10T01:00:00.000000,Sweden,Sweden,SE,1.78,17.82,99.78,68.78,entsoe.eu,false,""
2022-10-10T02:00:00.000000,Sweden,Sweden,SE,1.77,17.8,99.78,68.07,entsoe.eu,false,""
2022-10-10T03:00:00.000000,Sweden,Sweden,SE,1.16,17.0,99.87,69.0,entsoe.eu,false,""
2022-10-10T04:00:00.000000,Sweden,Sweden,SE,1.15,17.04,99.87,71.05,entsoe.eu,false,""
2022-10-10T05:00:00.000000,Sweden,Sweden,SE,0.96,17.33,99.91,72.17,entsoe.eu,false,""
2022-10-10T06:00:00.000000,Sweden,Sweden,SE,1.07,17.67,99.89,73.28,entsoe.eu,false,""
2022-10-10T07:00:00.000000,Sweden,Sweden,SE,1.23,18.46,99.86,72.76,entsoe.eu,false,""
2022-10-10T08:00:00.000000,Sweden,Sweden,SE,1.2,18.41,99.86,72.86,entsoe.eu,false,""
2022-10-10T09:00:00.000000,Sweden,Sweden,SE,1.04,18.2,99.91,72.35,entsoe.eu,false,""
2022-10-10T10:00:00.000000,Sweden,Sweden,SE,0.85,17.69,99.95,70.64,entsoe.eu,false,""
2022-10-10T11:00:00.000000,Sweden,Sweden,SE,0.99,18.04,99.91,70.64,entsoe.eu,false,""
2022-10-10T12:00:00.000000,Sweden,Sweden,SE,0.93,17.51,99.92,70.6,entsoe.eu,false,""
2022-10-10T13:00:00.000000,Sweden,Sweden,SE,1.06,17.92,99.92,70.17,entsoe.eu,false,""
2022-10-10T14:00:00.000000,Sweden,Sweden,SE,1.06,17.76,99.91,70.58,entsoe.eu,false,""
2022-10-10T15:00:00.000000,Sweden,Sweden,SE,1.08,17.77,99.91,70.58,entsoe.eu,false,""
2022-10-10T16:00:00.000000,Sweden,Sweden,SE,0.97,17.5,99.93,71.02,entsoe.eu,false,""
2022-10-10T17:00:00.000000,Sweden,Sweden,SE,1.1,17.76,99.9,71.52,entsoe.eu,false,""
2022-10-10T18:00:00.000000,Sweden,Sweden,SE,0.97,16.85,99.92,71.17,entsoe.eu,false,""
2022-10-10T19:00:00.000000,Sweden,Sweden,SE,1.01,17.06,99.92,69.34,entsoe.eu,false,""
2022-10-10T20:00:00.000000,Sweden,Sweden,SE,1.05,17.23,99.91,68.06,entsoe.eu,false,""
2022-10-10T21:00:00.000000,Sweden,Sweden,SE,1.49,17.76,99.84,66.92,entsoe.eu,false,""
2022-10-10T22:00:00.000000,Sweden,Sweden,SE,2.34,18.78,99.69,64.69,entsoe.eu,false,""
2022-10-10T23:00:00.000000,Sweden,Sweden,SE,2.67,19.29,99.65,63.21,entsoe.eu,false,""
2022-10-11T00:00:00.000000,Sweden,Sweden,SE,2.89,19.73,99.61,62.16,entsoe.eu,false,""
2022-10-11T01:00:00.000000,Sweden,Sweden,SE,2.71,19.49,99.63,62.15,entsoe.eu,false,""
2022-10-11T02:00:00.000000,Sweden,Sweden,SE,1.94,18.57,99.74,63.07,entsoe.eu,false,""
2022-10-11T03:00:00.000000,Sweden,Sweden,SE,1.37,17.65,99.82,63.85,entsoe.eu,false,""
2022-10-11T04:00:00.000000,Sweden,Sweden,SE,1.28,17.39,99.83,66.16,entsoe.eu,false,""
2022-10-11T05:00:00.000000,Sweden,Sweden,SE,1.31,17.95,99.83,68.17,entsoe.eu,false,""
2022-10-11T06:00:00.000000,Sweden,Sweden,SE,1.23,17.74,99.85,70.14,entsoe.eu,false,""
2022-10-11T07:00:00.000000,Sweden,Sweden,SE,1.57,18.58,99.8,70.51,entsoe.eu,false,""
2022-10-11T08:00:00.000000,Sweden,Sweden,SE,2.19,19.93,99.72,70.33,entsoe.eu,false,""
2022-10-11T09:00:00.000000,Sweden,Sweden,SE,2.95,21.66,99.62,71.15,entsoe.eu,false,""
2022-10-11T10:00:00.000000,Sweden,Sweden,SE,2.63,20.45,99.66,70.87,entsoe.eu,false,""
2022-10-11T11:00:00.000000,Sweden,Sweden,SE,2.02,20.16,99.76,71.33,entsoe.eu,false,""
2022-10-11T12:00:00.000000,Sweden,Sweden,SE,1.18,18.97,99.88,70.34,entsoe.eu,false,""
2022-10-11T13:00:00.000000,Sweden,Sweden,SE,1.2,18.55,99.87,70.52,entsoe.eu,false,""
2022-10-11T14:00:00.000000,Sweden,Sweden,SE,1.18,18.04,99.86,70.52,entsoe.eu,false,""
2022-10-11T15:00:00.000000,Sweden,Sweden,SE,1.22,17.83,99.85,71.05,entsoe.eu,false,""
2022-10-11T16:00:00.000000,Sweden,Sweden,SE,1.01,17.28,99.9,69.51,entsoe.eu,false,""
2022-10-11T17:00:00.000000,Sweden,Sweden,SE,0.89,16.7,99.92,70.64,entsoe.eu,false,""
2022-10-11T18:00:00.000000,Sweden,Sweden,SE,0.89,16.54,99.91,70.76,entsoe.eu,false,""
2022-10-11T19:00:00.000000,Sweden,Sweden,SE,0.8,16.48,99.94,70.22,entsoe.eu,false,""
2022-10-11T20:00:00.000000,Sweden,Sweden,SE,0.83,16.02,99.92,69.85,entsoe.eu,false,""
2022-10-11T21:00:00.000000,Sweden,Sweden,SE,1.76,17.35,99.78,67.12,entsoe.eu,false,""
2022-10-11T22:00:00.000000,Sweden,Sweden,SE,2.26,18.19,99.7,67.3,entsoe.eu,false,""
2022-10-11T23:00:00.000000,Sweden,Sweden,SE,2.28,18.31,99.7,66.69,entsoe.eu,false,""
2022-10-12T00:00:00.000000,Sweden,Sweden,SE,2.25,18.28,99.71,66.59,entsoe.eu,false,""
2022-10-12T01:00:00.000000,Sweden,Sweden,SE,2.2,18.13,99.71,67.58,entsoe.eu,false,""
2022-10-12T02:00:00.000000,Sweden,Sweden,SE,1.27,17.19,99.87,68.98,entsoe.eu,false,""
2022-10-12T03:00:00.000000,Sweden,Sweden,SE,1.38,17.66,99.85,69.82,entsoe.eu,false,""
2022-10-12T04:00:00.000000,Sweden,Sweden,SE,1.88,19.44,99.78,69.81,entsoe.eu,false,""
2022-10-12T05:00:00.000000,Sweden,Sweden,SE,2.21,20.65,99.73,70.75,entsoe.eu,false,""
2022-10-12T06:00:00.000000,Sweden,Sweden,SE,1.93,20.73,99.78,70.85,entsoe.eu,false,""
2022-10-12T07:00:00.000000,Sweden,Sweden,SE,1.42,20.62,99.86,70.7,entsoe.eu,false,""
2022-10-12T08:00:00.000000,Sweden,Sweden,SE,1.54,20.95,99.83,69.71,entsoe.eu,false,""
2022-10-12T09:00:00.000000,Sweden,Sweden,SE,1.64,21.4,99.82,67.58,entsoe.eu,false,""
2022-10-12T10:00:00.000000,Sweden,Sweden,SE,1.72,21.9,99.81,67.24,entsoe.eu,false,""
2022-10-12T11:00:00.000000,Sweden,Sweden,SE,1.61,21.41,99.84,66.75,entsoe.eu,false,""
2022-10-12T12:00:00.000000,Sweden,Sweden,SE,1.62,21.09,99.83,67.14,entsoe.eu,false,""
2022-10-12T13:00:00.000000,Sweden,Sweden,SE,1.64,20.86,99.82,67.11,entsoe.eu,false,""
2022-10-12T14:00:00.000000,Sweden,Sweden,SE,1.54,20.14,99.84,67.45,entsoe.eu,false,""
2022-10-12T15:00:00.000000,Sweden,Sweden,SE,1.45,19.64,99.85,67.6,entsoe.eu,false,""
2022-10-12T16:00:00.000000,Sweden,Sweden,SE,1.45,19.8,99.85,68.15,entsoe.eu,false,""
2022-10-12T17:00:00.000000,Sweden,Sweden,SE,1.36,19.61,99.87,68.25,entsoe.eu,false,""
2022-10-12T18:00:00.000000,Sweden,Sweden,SE,1.24,19.28,99.9,68.04,entsoe.eu,false,""
2022-10-12T19:00:00.000000,Sweden,Sweden,SE,1.19,18.98,99.9,68.23,entsoe.eu,false,""
2022-10-12T20:00:00.000000,Sweden,Sweden,SE,1.14,18.17,99.89,68.39,entsoe.eu,false,""
2022-10-12T21:00:00.000000,Sweden,Sweden,SE,1.09,16.96,99.88,67.49,entsoe.eu,false,""
2022-10-12T22:00:00.000000,Sweden,Sweden,SE,1.24,17.23,99.84,66.48,entsoe.eu,false,""
2022-10-12T23:00:00.000000,Sweden,Sweden,SE,1.34,17.52,99.82,65.3,entsoe.eu,false,""
2022-10-13T00:00:00.000000,Sweden,Sweden,SE,1.41,17.73,99.81,64.7,entsoe.eu,false,""
2022-10-13T01:00:00.000000,Sweden,Sweden,SE,1.33,17.62,99.83,64.4,entsoe.eu,false,""
2022-10-13T02:00:00.000000,Sweden,Sweden,SE,1.25,17.6,99.85,65.92,entsoe.eu,false,""
2022-10-13T03:00:00.000000,Sweden,Sweden,SE,1.24,17.9,99.86,67.63,entsoe.eu,false,""
2022-10-13T04:00:00.000000,Sweden,Sweden,SE,1.32,19.03,99.87,68.76,entsoe.eu,false,""
2022-10-13T05:00:00.000000,Sweden,Sweden,SE,1.26,19.5,99.9,68.85,entsoe.eu,false,""
2022-10-13T06:00:00.000000,Sweden,Sweden,SE,1.27,19.65,99.9,68.33,entsoe.eu,false,""
2022-10-13T07:00:00.000000,Sweden,Sweden,SE,1.4,20.17,99.87,68.95,entsoe.eu,false,""
2022-10-13T08:00:00.000000,Sweden,Sweden,SE,1.45,20.44,99.86,68.53,entsoe.eu,false,""
2022-10-13T09:00:00.000000,Sweden,Sweden,SE,1.51,20.66,99.85,68.76,entsoe.eu,false,""
2022-10-13T10:00:00.000000,Sweden,Sweden,SE,1.56,20.92,99.84,67.85,entsoe.eu,false,""
2022-10-13T11:00:00.000000,Sweden,Sweden,SE,1.53,20.9,99.86,67.2,entsoe.eu,false,""
2022-10-13T12:00:00.000000,Sweden,Sweden,SE,1.53,20.7,99.85,66.48,entsoe.eu,false,""
2022-10-13T13:00:00.000000,Sweden,Sweden,SE,1.57,20.36,99.83,65.93,entsoe.eu,false,""
2022-10-13T14:00:00.000000,Sweden,Sweden,SE,1.61,20.38,99.82,65.48,entsoe.eu,false,""
2022-10-13T15:00:00.000000,Sweden,Sweden,SE,1.57,20.09,99.83,65.34,entsoe.eu,false,""
2022-10-13T16:00:00.000000,Sweden,Sweden,SE,1.53,19.83,99.83,65.64,entsoe.eu,false,""
2022-10-13T17:00:00.000000,Sweden,Sweden,SE,1.47,19.73,99.85,65.61,entsoe.eu,false,""
2022-10-13T18:00:00.000000,Sweden,Sweden,SE,1.42,19.57,99.86,65.56,entsoe.eu,false,""
2022-10-13T19:00:00.000000,Sweden,Sweden,SE,1.29,18.71,99.88,65.22,entsoe.eu,false,""
2022-10-13T20:00:00.000000,Sweden,Sweden,SE,1.28,18.21,99.87,64.31,entsoe.eu,false,""
2022-10-13T21:00:00.000000,Sweden,Sweden,SE,1.23,17.48,99.86,63.29,entsoe.eu,false,""
2022-10-13T22:00:00.000000,Sweden,Sweden,SE,1.31,17.73,99.85,61.57,entsoe.eu,false,""
2022-10-13T23:00:00.000000,Sweden,Sweden,SE,1.44,18.05,99.82,61.25,entsoe.eu,false,""
2022-10-14T00:00:00.000000,Sweden,Sweden,SE,1.52,18.39,99.81,60.47,entsoe.eu,false,""
2022-10-14T01:00:00.000000,Sweden,Sweden,SE,1.35,18.21,99.86,60.55,entsoe.eu,false,""
2022-10-14T02:00:00.000000,Sweden,Sweden,SE,1.26,18.02,99.88,62.25,entsoe.eu,false,""
2022-10-14T03:00:00.000000,Sweden,Sweden,SE,1.36,18.65,99.86,63.39,entsoe.eu,false,""
2022-10-14T04:00:00.000000,Sweden,Sweden,SE,1.55,20.25,99.85,64.55,entsoe.eu,false,""
2022-10-14T05:00:00.000000,Sweden,Sweden,SE,1.65,21.04,99.83,65.7,entsoe.eu,false,""
2022-10-14T06:00:00.000000,Sweden,Sweden,SE,1.7,21.23,99.82,65.1,entsoe.eu,false,""
2022-10-14T07:00:00.000000,Sweden,Sweden,SE,1.77,21.53,99.81,64.88,entsoe.eu,false,""
2022-10-14T08:00:00.000000,Sweden,Sweden,SE,1.82,21.61,99.8,65.11,entsoe.eu,false,""
2022-10-14T09:00:00.000000,Sweden,Sweden,SE,1.83,21.6,99.79,65.91,entsoe.eu,false,""
2022-10-14T10:00:00.000000,Sweden,Sweden,SE,1.76,21.33,99.8,65.3,entsoe.eu,false,""
2022-10-14T11:00:00.000000,Sweden,Sweden,SE,1.75,21.15,99.8,65.85,entsoe.eu,false,""
2022-10-14T12:00:00.000000,Sweden,Sweden,SE,1.78,21.25,99.79,65.61,entsoe.eu,false,""
2022-10-14T13:00:00.000000,Sweden,Sweden,SE,1.8,21.07,99.79,65.35,entsoe.eu,false,""
2022-10-14T14:00:00.000000,Sweden,Sweden,SE,1.7,20.68,99.81,65.15,entsoe.eu,false,""
2022-10-14T15:00:00.000000,Sweden,Sweden,SE,1.78,20.85,99.79,65.02,entsoe.eu,false,""
2022-10-14T16:00:00.000000,Sweden,Sweden,SE,1.69,20.64,99.81,65.16,entsoe.eu,false,""
2022-10-14T17:00:00.000000,Sweden,Sweden,SE,1.59,20.13,99.82,66.33,entsoe.eu,false,""
2022-10-14T18:00:00.000000,Sweden,Sweden,SE,1.55,19.75,99.82,66.21,entsoe.eu,false,""
2022-10-14T19:00:00.000000,Sweden,Sweden,SE,1.49,19.02,99.82,65.75,entsoe.eu,false,""
2022-10-14T20:00:00.000000,Sweden,Sweden,SE,1.51,18.26,99.79,66.08,entsoe.eu,false,""
2022-10-14T21:00:00.000000,Sweden,Sweden,SE,1.49,17.7,99.78,65.28,entsoe.eu,false,""
2022-10-14T22:00:00.000000,Sweden,Sweden,SE,1.54,17.5,99.76,64.42,entsoe.eu,false,""
2022-10-14T23:00:00.000000,Sweden,Sweden,SE,1.58,17.52,99.75,63.25,entsoe.eu,false,""
2022-10-15T00:00:00.000000,Sweden,Sweden,SE,1.64,17.54,99.74,62.96,entsoe.eu,false,""
2022-10-15T01:00:00.000000,Sweden,Sweden,SE,1.63,17.63,99.74,62.7,entsoe.eu,false,""
2022-10-15T02:00:00.000000,Sweden,Sweden,SE,1.72,17.92,99.72,62.76,entsoe.eu,false,""
2022-10-15T03:00:00.000000,Sweden,Sweden,SE,1.57,17.34,99.75,62.82,entsoe.eu,false,""
2022-10-15T04:00:00.000000,Sweden,Sweden,SE,1.75,18.16,99.71,63.45,entsoe.eu,false,""
2022-10-15T05:00:00.000000,Sweden,Sweden,SE,1.6,17.84,99.75,64.09,entsoe.eu,false,""
2022-10-15T06:00:00.000000,Sweden,Sweden,SE,1.35,17.49,99.82,64.41,entsoe.eu,false,""
2022-10-15T07:00:00.000000,Sweden,Sweden,SE,1.44,17.76,99.79,65.64,entsoe.eu,false,""
2022-10-15T08:00:00.000000,Sweden,Sweden,SE,1.47,17.99,99.79,66.56,entsoe.eu,false,""
2022-10-15T09:00:00.000000,Sweden,Sweden,SE,1.45,17.77,99.79,66.69,entsoe.eu,false,""
2022-10-15T10:00:00.000000,Sweden,Sweden,SE,2.98,19.81,99.54,66.6,entsoe.eu,false,""
2022-10-15T11:00:00.000000,Sweden,Sweden,SE,6.63,24.07,99.14,66.79,entsoe.eu,false,""
2022-10-15T12:00:00.000000,Sweden,Sweden,SE,6.95,24.71,99.15,65.59,entsoe.eu,false,""
2022-10-15T13:00:00.000000,Sweden,Sweden,SE,5.96,23.4,99.15,65.22,entsoe.eu,false,""
2022-10-15T14:00:00.000000,Sweden,Sweden,SE,2.21,18.75,99.66,63.83,entsoe.eu,false,""
2022-10-15T15:00:00.000000,Sweden,Sweden,SE,1.47,17.76,99.79,63.56,entsoe.eu,false,""
2022-10-15T16:00:00.000000,Sweden,Sweden,SE,1.33,17.47,99.82,63.68,entsoe.eu,false,""
2022-10-15T17:00:00.000000,Sweden,Sweden,SE,1.24,17.16,99.84,64.28,entsoe.eu,false,""
2022-10-15T18:00:00.000000,Sweden,Sweden,SE,1.13,16.74,99.87,62.98,entsoe.eu,false,""
2022-10-15T19:00:00.000000,Sweden,Sweden,SE,2.26,17.9,99.67,63.69,entsoe.eu,false,""
2022-10-15T20:00:00.000000,Sweden,Sweden,SE,2.83,18.58,99.58,62.59,entsoe.eu,false,""
2022-10-15T21:00:00.000000,Sweden,Sweden,SE,4.31,20.41,99.41,60.95,entsoe.eu,false,""
2022-10-15T22:00:00.000000,Sweden,Sweden,SE,6.33,22.87,99.16,60.61,entsoe.eu,false,""
2022-10-15T23:00:00.000000,Sweden,Sweden,SE,1.78,17.47,99.69,58.53,entsoe.eu,false,""
2022-10-16T00:00:00.000000,Sweden,Sweden,SE,1.67,17.24,99.72,58.54,entsoe.eu,false,""
2022-10-16T01:00:00.000000,Sweden,Sweden,SE,1.62,17.18,99.73,58.34,entsoe.eu,false,""
2022-10-16T02:00:00.000000,Sweden,Sweden,SE,4.17,20.15,99.37,59.71,entsoe.eu,false,""
2022-10-16T03:00:00.000000,Sweden,Sweden,SE,4.03,19.88,99.39,61.45,entsoe.eu,false,""
2022-10-16T04:00:00.000000,Sweden,Sweden,SE,3.03,18.84,99.57,63.21,entsoe.eu,false,""
2022-10-16T05:00:00.000000,Sweden,Sweden,SE,2.92,18.76,99.6,63.54,entsoe.eu,false,""
2022-10-16T06:00:00.000000,Sweden,Sweden,SE,2.42,18.27,99.65,64.69,entsoe.eu,false,""
2022-10-16T07:00:00.000000,Sweden,Sweden,SE,2.78,19.26,99.61,64.45,entsoe.eu,false,""
2022-10-16T08:00:00.000000,Sweden,Sweden,SE,2.59,19.43,99.62,64.37,entsoe.eu,false,""
2022-10-16T09:00:00.000000,Sweden,Sweden,SE,2.65,19.74,99.62,63.99,entsoe.eu,false,""
2022-10-16T10:00:00.000000,Sweden,Sweden,SE,3.23,20.78,99.52,63.31,entsoe.eu,false,""
2022-10-16T11:00:00.000000,Sweden,Sweden,SE,6.39,24.99,99.2,62.13,entsoe.eu,false,""
2022-10-16T12:00:00.000000,Sweden,Sweden,SE,3.36,21.15,99.59,60.55,entsoe.eu,false,""
2022-10-16T13:00:00.000000,Sweden,Sweden,SE,2.6,19.84,99.63,61.3,entsoe.eu,false,""
2022-10-16T14:00:00.000000,Sweden,Sweden,SE,2.06,18.36,99.72,61.24,entsoe.eu,false,""
2022-10-16T15:00:00.000000,Sweden,Sweden,SE,1.34,17.08,99.81,64.02,entsoe.eu,false,""
2022-10-16T16:00:00.000000,Sweden,Sweden,SE,1.37,17.22,99.8,65.34,entsoe.eu,false,""
2022-10-16T17:00:00.000000,Sweden,Sweden,SE,1.35,17.12,99.81,65.51,entsoe.eu,false,""
2022-10-16T18:00:00.000000,Sweden,Sweden,SE,1.4,17.32,99.8,64.82,entsoe.eu,false,""
2022-10-16T19:00:00.000000,Sweden,Sweden,SE,1.37,17.37,99.81,63.77,entsoe.eu,false,""
2022-10-16T20:00:00.000000,Sweden,Sweden,SE,1.37,17.34,99.81,63.63,entsoe.eu,false,""
2022-10-16T21:00:00.000000,Sweden,Sweden,SE,1.43,17.45,99.79,62.29,entsoe.eu,false,""
2022-10-16T22:00:00.000000,Sweden,Sweden,SE,1.41,16.98,99.78,65.25,entsoe.eu,false,""
2022-10-16T23:00:00.000000,Sweden,Sweden,SE,4.2,20.44,99.42,64.45,entsoe.eu,false,""
2022-10-17T00:00:00.000000,Sweden,Sweden,SE,3.85,19.88,99.48,63.57,entsoe.eu,false,""
2022-10-17T01:00:00.000000,Sweden,Sweden,SE,1.14,16.66,99.86,63.58,entsoe.eu,false,""
2022-10-17T02:00:00.000000,Sweden,Sweden,SE,1.26,17.17,99.83,64.16,entsoe.eu,false,""
2022-10-17T03:00:00.000000,Sweden,Sweden,SE,1.36,17.65,99.81,65.3,entsoe.eu,false,""
2022-10-17T04:00:00.000000,Sweden,Sweden,SE,1.92,19.61,99.79,67.75,entsoe.eu,false,""
2022-10-17T05:00:00.000000,Sweden,Sweden,SE,1.8,20.11,99.79,69.33,entsoe.eu,false,""
2022-10-17T06:00:00.000000,Sweden,Sweden,SE,1.54,20.25,99.83,68.42,entsoe.eu,false,""
2022-10-17T07:00:00.000000,Sweden,Sweden,SE,2.66,22.03,99.67,67.79,entsoe.eu,false,""
2022-10-17T08:00:00.000000,Sweden,Sweden,SE,1.71,21.63,99.82,66.02,entsoe.eu,false,""
2022-10-17T09:00:00.000000,Sweden,Sweden,SE,3.46,24.22,99.58,65.23,entsoe.eu,false,""
2022-10-17T10:00:00.000000,Sweden,Sweden,SE,3.85,24.43,99.52,65.78,entsoe.eu,false,""
2022-10-17T11:00:00.000000,Sweden,Sweden,SE,2.96,23.4,99.62,65.45,entsoe.eu,false,""
2022-10-17T12:00:00.000000,Sweden,Sweden,SE,2.7,22.84,99.66,65.0,entsoe.eu,false,""
2022-10-17T13:00:00.000000,Sweden,Sweden,SE,1.63,21.21,99.84,64.73,entsoe.eu,false,""
2022-10-17T14:00:00.000000,Sweden,Sweden,SE,2.14,21.62,99.77,64.81,entsoe.eu,false,""
2022-10-17T15:00:00.000000,Sweden,Sweden,SE,1.34,20.15,99.9,65.79,entsoe.eu,false,""
2022-10-17T16:00:00.000000,Sweden,Sweden,SE,1.9,20.9,99.83,65.54,entsoe.eu,false,""
2022-10-17T17:00:00.000000,Sweden,Sweden,SE,2.19,21.22,99.79,65.56,entsoe.eu,false,""
2022-10-17T18:00:00.000000,Sweden,Sweden,SE,1.35,19.89,99.9,65.25,entsoe.eu,false,""
2022-10-17T19:00:00.000000,Sweden,Sweden,SE,1.29,19.35,99.89,64.41,entsoe.eu,false,""
2022-10-17T20:00:00.000000,Sweden,Sweden,SE,1.41,18.93,99.84,64.96,entsoe.eu,false,""
2022-10-17T21:00:00.000000,Sweden,Sweden,SE,1.42,18.69,99.83,63.69,entsoe.eu,false,""
2022-10-17T22:00:00.000000,Sweden,Sweden,SE,1.36,18.04,99.83,63.25,entsoe.eu,false,""
2022-10-17T23:00:00.000000,Sweden,Sweden,SE,1.43,18.34,99.83,62.33,entsoe.eu,false,""
2022-10-18T00:00:00.000000,Sweden,Sweden,SE,1.41,18.45,99.84,62.07,entsoe.eu,false,""
2022-10-18T01:00:00.000000,Sweden,Sweden,SE,1.41,18.56,99.84,61.86,entsoe.eu,false,""
2022-10-18T02:00:00.000000,Sweden,Sweden,SE,1.38,18.31,99.84,62.41,entsoe.eu,false,""
2022-10-18T03:00:00.000000,Sweden,Sweden,SE,1.73,18.9,99.79,64.0,entsoe.eu,false,""
2022-10-18T04:00:00.000000,Sweden,Sweden,SE,1.48,19.59,99.84,66.33,entsoe.eu,false,""
2022-10-18T05:00:00.000000,Sweden,Sweden,SE,1.6,20.68,99.83,67.81,entsoe.eu,false,""
2022-10-18T06:00:00.000000,Sweden,Sweden,SE,1.6,20.87,99.84,67.11,entsoe.eu,false,""
2022-10-18T07:00:00.000000,Sweden,Sweden,SE,1.64,20.86,99.82,67.01,entsoe.eu,false,""
2022-10-18T08:00:00.000000,Sweden,Sweden,SE,1.8,21.56,99.79,67.11,entsoe.eu,false,""
2022-10-18T09:00:00.000000,Sweden,Sweden,SE,1.73,20.77,99.79,67.04,entsoe.eu,false,""
2022-10-18T10:00:00.000000,Sweden,Sweden,SE,1.75,20.52,99.77,66.84,entsoe.eu,false,""
2022-10-18T11:00:00.000000,Sweden,Sweden,SE,2.37,21.54,99.69,65.8,entsoe.eu,false,""
2022-10-18T12:00:00.000000,Sweden,Sweden,SE,2.62,21.68,99.65,66.55,entsoe.eu,false,""
2022-10-18T13:00:00.000000,Sweden,Sweden,SE,1.92,20.73,99.75,66.22,entsoe.eu,false,""
2022-10-18T14:00:00.000000,Sweden,Sweden,SE,2.77,21.37,99.62,67.26,entsoe.eu,false,""
2022-10-18T15:00:00.000000,Sweden,Sweden,SE,2.97,21.34,99.61,68.09,entsoe.eu,false,""
2022-10-18T16:00:00.000000,Sweden,Sweden,SE,1.66,20.01,99.8,67.82,entsoe.eu,false,""
2022-10-18T17:00:00.000000,Sweden,Sweden,SE,1.54,19.92,99.82,68.1,entsoe.eu,false,""
2022-10-18T18:00:00.000000,Sweden,Sweden,SE,1.59,19.37,99.82,68.14,entsoe.eu,false,""
2022-10-18T19:00:00.000000,Sweden,Sweden,SE,1.51,18.88,99.79,68.14,entsoe.eu,false,""
2022-10-18T20:00:00.000000,Sweden,Sweden,SE,1.37,18.03,99.82,67.45,entsoe.eu,false,""
2022-10-18T21:00:00.000000,Sweden,Sweden,SE,1.21,17.96,99.87,66.46,entsoe.eu,false,""
2022-10-18T22:00:00.000000,Sweden,Sweden,SE,1.21,17.8,99.86,66.62,entsoe.eu,false,""
2022-10-18T23:00:00.000000,Sweden,Sweden,SE,1.18,17.85,99.87,66.16,entsoe.eu,false,""
2022-10-19T00:00:00.000000,Sweden,Sweden,SE,1.27,17.89,99.85,65.95,entsoe.eu,false,""
2022-10-19T01:00:00.000000,Sweden,Sweden,SE,1.37,18.01,99.82,65.88,entsoe.eu,false,""
2022-10-19T02:00:00.000000,Sweden,Sweden,SE,1.44,18.46,99.81,65.9,entsoe.eu,false,""
2022-10-19T03:00:00.000000,Sweden,Sweden,SE,1.73,19.86,99.76,67.27,entsoe.eu,false,""
2022-10-19T04:00:00.000000,Sweden,Sweden,SE,1.85,21.2,99.76,68.78,entsoe.eu,false,""
2022-10-19T05:00:00.000000,Sweden,Sweden,SE,3.36,23.39,99.59,68.1,entsoe.eu,false,""
2022-10-19T06:00:00.000000,Sweden,Sweden,SE,4.04,24.23,99.51,67.29,entsoe.eu,false,""
2022-10-19T07:00:00.000000,Sweden,Sweden,SE,1.75,22.4,99.82,66.96,entsoe.eu,false,""
2022-10-19T08:00:00.000000,Sweden,Sweden,SE,2.08,23.33,99.75,66.72,entsoe.eu,false,""
2022-10-19T09:00:00.000000,Sweden,Sweden,SE,2.1,23.61,99.75,67.07,entsoe.eu,false,""
2022-10-19T10:00:00.000000,Sweden,Sweden,SE,2.61,25.19,99.7,70.0,entsoe.eu,false,""
2022-10-19T11:00:00.000000,Sweden,Sweden,SE,2.02,24.51,99.79,69.01,entsoe.eu,false,""
2022-10-19T12:00:00.000000,Sweden,Sweden,SE,2.03,24.42,99.79,68.69,entsoe.eu,false,""
2022-10-19T13:00:00.000000,Sweden,Sweden,SE,1.93,24.08,99.81,68.77,entsoe.eu,false,""
2022-10-19T14:00:00.000000,Sweden,Sweden,SE,3.97,25.79,99.52,69.01,entsoe.eu,false,""
2022-10-19T15:00:00.000000,Sweden,Sweden,SE,3.35,24.63,99.6,68.91,entsoe.eu,false,""
2022-10-19T16:00:00.000000,Sweden,Sweden,SE,1.77,21.93,99.8,69.4,entsoe.eu,false,""
2022-10-19T17:00:00.000000,Sweden,Sweden,SE,1.77,21.78,99.8,68.64,entsoe.eu,false,""
2022-10-19T18:00:00.000000,Sweden,Sweden,SE,1.7,21.39,99.82,68.86,entsoe.eu,false,""
2022-10-19T19:00:00.000000,Sweden,Sweden,SE,1.56,20.69,99.84,68.47,entsoe.eu,false,""
2022-10-19T20:00:00.000000,Sweden,Sweden,SE,1.45,20.18,99.86,68.46,entsoe.eu,false,""
2022-10-19T21:00:00.000000,Sweden,Sweden,SE,1.44,19.29,99.84,67.75,entsoe.eu,false,""
2022-10-19T22:00:00.000000,Sweden,Sweden,SE,1.5,18.65,99.8,67.5,entsoe.eu,false,""
2022-10-19T23:00:00.000000,Sweden,Sweden,SE,1.59,19.12,99.79,67.16,entsoe.eu,false,""
2022-10-20T00:00:00.000000,Sweden,Sweden,SE,1.61,19.31,99.78,67.21,entsoe.eu,false,""
2022-10-20T01:00:00.000000,Sweden,Sweden,SE,1.59,19.5,99.8,67.13,entsoe.eu,false,""
2022-10-20T02:00:00.000000,Sweden,Sweden,SE,1.75,20.73,99.79,67.7,entsoe.eu,false,""
2022-10-20T03:00:00.000000,Sweden,Sweden,SE,1.93,22.59,99.78,68.73,entsoe.eu,false,""
2022-10-20T04:00:00.000000,Sweden,Sweden,SE,2.4,24.23,99.72,69.73,entsoe.eu,false,""
2022-10-20T05:00:00.000000,Sweden,Sweden,SE,2.73,25.15,99.67,69.85,entsoe.eu,false,""
2022-10-20T06:00:00.000000,Sweden,Sweden,SE,4.36,26.97,99.44,70.47,entsoe.eu,false,""
2022-10-20T07:00:00.000000,Sweden,Sweden,SE,5.05,27.8,99.37,69.98,entsoe.eu,false,""
2022-10-20T08:00:00.000000,Sweden,Sweden,SE,5.67,29.26,99.31,68.92,entsoe.eu,false,""
2022-10-20T09:00:00.000000,Sweden,Sweden,SE,9.39,33.76,98.85,69.01,entsoe.eu,false,""
2022-10-20T10:00:00.000000,Sweden,Sweden,SE,9.45,33.96,98.87,69.41,entsoe.eu,false,""
2022-10-20T11:00:00.000000,Sweden,Sweden,SE,7.41,31.52,99.12,69.22,entsoe.eu,false,""
2022-10-20T12:00:00.000000,Sweden,Sweden,SE,4.75,28.22,99.46,68.87,entsoe.eu,false,""
2022-10-20T13:00:00.000000,Sweden,Sweden,SE,5.12,27.77,99.4,68.66,entsoe.eu,false,""
2022-10-20T14:00:00.000000,Sweden,Sweden,SE,2.47,24.2,99.73,68.05,entsoe.eu,false,""
2022-10-20T15:00:00.000000,Sweden,Sweden,SE,2.08,23.75,99.77,69.91,entsoe.eu,false,""
2022-10-20T16:00:00.000000,Sweden,Sweden,SE,2.39,24.11,99.73,70.73,entsoe.eu,false,""
2022-10-20T17:00:00.000000,Sweden,Sweden,SE,2.49,23.79,99.71,70.31,entsoe.eu,false,""
2022-10-20T18:00:00.000000,Sweden,Sweden,SE,1.82,22.82,99.82,69.98,entsoe.eu,false,""
2022-10-20T19:00:00.000000,Sweden,Sweden,SE,1.81,22.86,99.83,69.07,entsoe.eu,false,""
2022-10-20T20:00:00.000000,Sweden,Sweden,SE,1.82,21.97,99.8,69.59,entsoe.eu,false,""
2022-10-20T21:00:00.000000,Sweden,Sweden,SE,1.7,20.91,99.81,68.71,entsoe.eu,false,""
2022-10-20T22:00:00.000000,Sweden,Sweden,SE,1.76,20.73,99.79,67.9,entsoe.eu,false,""
2022-10-20T23:00:00.000000,Sweden,Sweden,SE,1.88,20.91,99.75,68.1,entsoe.eu,false,""
2022-10-21T00:00:00.000000,Sweden,Sweden,SE,1.96,21.42,99.74,68.28,entsoe.eu,false,""
2022-10-21T01:00:00.000000,Sweden,Sweden,SE,1.94,21.33,99.74,68.37,entsoe.eu,false,""
2022-10-21T02:00:00.000000,Sweden,Sweden,SE,1.93,21.51,99.75,68.56,entsoe.eu,false,""
2022-10-21T03:00:00.000000,Sweden,Sweden,SE,1.94,22.16,99.77,69.28,entsoe.eu,false,""
2022-10-21T04:00:00.000000,Sweden,Sweden,SE,2.07,23.67,99.77,70.16,entsoe.eu,false,""
2022-10-21T05:00:00.000000,Sweden,Sweden,SE,2.1,24.07,99.76,71.36,entsoe.eu,false,""
2022-10-21T06:00:00.000000,Sweden,Sweden,SE,2.65,25.05,99.69,70.67,entsoe.eu,false,""
2022-10-21T07:00:00.000000,Sweden,Sweden,SE,2.77,25.57,99.67,70.77,entsoe.eu,false,""
2022-10-21T08:00:00.000000,Sweden,Sweden,SE,2.3,24.95,99.72,70.79,entsoe.eu,false,""
2022-10-21T09:00:00.000000,Sweden,Sweden,SE,2.38,25.21,99.7,70.84,entsoe.eu,false,""
2022-10-21T10:00:00.000000,Sweden,Sweden,SE,2.47,25.13,99.68,70.83,entsoe.eu,false,""
2022-10-21T11:00:00.000000,Sweden,Sweden,SE,2.45,25.09,99.7,70.08,entsoe.eu,false,""
2022-10-21T12:00:00.000000,Sweden,Sweden,SE,2.41,25.15,99.71,69.83,entsoe.eu,false,""
2022-10-21T13:00:00.000000,Sweden,Sweden,SE,2.36,24.85,99.71,69.65,entsoe.eu,false,""
2022-10-21T14:00:00.000000,Sweden,Sweden,SE,2.77,25.35,99.65,69.7,entsoe.eu,false,""
2022-10-21T15:00:00.000000,Sweden,Sweden,SE,2.33,24.56,99.71,70.3,entsoe.eu,false,""
2022-10-21T16:00:00.000000,Sweden,Sweden,SE,2.29,24.48,99.72,70.43,entsoe.eu,false,""
2022-10-21T17:00:00.000000,Sweden,Sweden,SE,2.19,24.03,99.74,69.99,entsoe.eu,false,""
2022-10-21T18:00:00.000000,Sweden,Sweden,SE,2.11,23.84,99.77,69.15,entsoe.eu,false,""
2022-10-21T19:00:00.000000,Sweden,Sweden,SE,2.05,23.63,99.78,68.28,entsoe.eu,false,""
2022-10-21T20:00:00.000000,Sweden,Sweden,SE,1.92,22.8,99.8,67.75,entsoe.eu,false,""
2022-10-21T21:00:00.000000,Sweden,Sweden,SE,1.84,21.9,99.8,66.84,entsoe.eu,false,""
2022-10-21T22:00:00.000000,Sweden,Sweden,SE,1.59,19.49,99.8,67.67,entsoe.eu,false,""
2022-10-21T23:00:00.000000,Sweden,Sweden,SE,1.52,19.29,99.82,67.47,entsoe.eu,false,""
2022-10-22T00:00:00.000000,Sweden,Sweden,SE,1.53,19.39,99.82,68.45,entsoe.eu,false,""
2022-10-22T01:00:00.000000,Sweden,Sweden,SE,1.51,19.46,99.82,68.74,entsoe.eu,false,""
2022-10-22T02:00:00.000000,Sweden,Sweden,SE,1.58,19.61,99.81,69.16,entsoe.eu,false,""
2022-10-22T03:00:00.000000,Sweden,Sweden,SE,1.71,20.11,99.78,69.71,entsoe.eu,false,""
2022-10-22T04:00:00.000000,Sweden,Sweden,SE,1.98,21.69,99.74,70.19,entsoe.eu,false,""
2022-10-22T05:00:00.000000,Sweden,Sweden,SE,2.14,22.86,99.72,70.39,entsoe.eu,false,""
2022-10-22T06:00:00.000000,Sweden,Sweden,SE,2.24,24.1,99.72,71.76,entsoe.eu,false,""
2022-10-22T07:00:00.000000,Sweden,Sweden,SE,2.45,24.92,99.68,73.25,entsoe.eu,false,""
2022-10-22T08:00:00.000000,Sweden,Sweden,SE,2.21,25.04,99.76,71.98,entsoe.eu,false,""
2022-10-22T09:00:00.000000,Sweden,Sweden,SE,2.32,25.65,99.75,71.84,entsoe.eu,false,""
2022-10-22T10:00:00.000000,Sweden,Sweden,SE,5.47,29.76,99.24,71.31,entsoe.eu,false,""
2022-10-22T11:00:00.000000,Sweden,Sweden,SE,5.43,29.5,99.24,71.11,entsoe.eu,false,""
2022-10-22T12:00:00.000000,Sweden,Sweden,SE,4.87,28.42,99.32,71.47,entsoe.eu,false,""
2022-10-22T13:00:00.000000,Sweden,Sweden,SE,6.61,30.59,99.05,71.51,entsoe.eu,false,""
2022-10-22T14:00:00.000000,Sweden,Sweden,SE,2.16,24.52,99.77,70.8,entsoe.eu,false,""
2022-10-22T15:00:00.000000,Sweden,Sweden,SE,2.07,24.08,99.78,70.95,entsoe.eu,false,""
2022-10-22T16:00:00.000000,Sweden,Sweden,SE,1.87,23.29,99.82,70.29,entsoe.eu,false,""
2022-10-22T17:00:00.000000,Sweden,Sweden,SE,1.93,22.8,99.81,69.73,entsoe.eu,false,""
2022-10-22T18:00:00.000000,Sweden,Sweden,SE,1.71,22.3,99.86,69.54,entsoe.eu,false,""
2022-10-22T19:00:00.000000,Sweden,Sweden,SE,1.44,21.88,99.91,70.8,entsoe.eu,false,""
2022-10-22T20:00:00.000000,Sweden,Sweden,SE,1.5,21.14,99.87,71.03,entsoe.eu,false,""
2022-10-22T21:00:00.000000,Sweden,Sweden,SE,1.72,20.86,99.83,69.51,entsoe.eu,false,""
2022-10-22T22:00:00.000000,Sweden,Sweden,SE,6.82,26.68,98.98,67.97,entsoe.eu,false,""
2022-10-22T23:00:00.000000,Sweden,Sweden,SE,2.07,20.43,99.77,67.96,entsoe.eu,false,""
2022-10-23T00:00:00.000000,Sweden,Sweden,SE,4.07,22.91,99.46,68.02,entsoe.eu,false,""
2022-10-23T01:00:00.000000,Sweden,Sweden,SE,6.03,25.15,99.28,67.48,entsoe.eu,false,""
2022-10-23T02:00:00.000000,Sweden,Sweden,SE,8.22,27.86,99.08,66.91,entsoe.eu,false,""
2022-10-23T03:00:00.000000,Sweden,Sweden,SE,8.98,29.09,98.99,66.72,entsoe.eu,false,""
2022-10-23T04:00:00.000000,Sweden,Sweden,SE,9.77,30.49,98.88,66.84,entsoe.eu,false,""
2022-10-23T05:00:00.000000,Sweden,Sweden,SE,10.77,32.2,98.49,67.39,entsoe.eu,false,""
2022-10-23T06:00:00.000000,Sweden,Sweden,SE,10.61,32.7,98.46,67.11,entsoe.eu,false,""
2022-10-23T07:00:00.000000,Sweden,Sweden,SE,11.72,34.91,98.36,68.08,entsoe.eu,false,""
2022-10-23T08:00:00.000000,Sweden,Sweden,SE,11.09,34.46,98.53,68.83,entsoe.eu,false,""
2022-10-23T09:00:00.000000,Sweden,Sweden,SE,10.52,33.84,98.59,68.95,entsoe.eu,false,""
2022-10-23T10:00:00.000000,Sweden,Sweden,SE,10.11,33.14,98.69,68.68,entsoe.eu,false,""
2022-10-23T11:00:00.000000,Sweden,Sweden,SE,10.01,33.35,98.79,68.28,entsoe.eu,false,""
2022-10-23T12:00:00.000000,Sweden,Sweden,SE,10.19,33.39,98.7,68.42,entsoe.eu,false,""
2022-10-23T13:00:00.000000,Sweden,Sweden,SE,10.68,33.8,98.6,68.83,entsoe.eu,false,""
2022-10-23T14:00:00.000000,Sweden,Sweden,SE,10.81,33.97,98.55,68.93,entsoe.eu,false,""
2022-10-23T15:00:00.000000,Sweden,Sweden,SE,10.65,33.56,98.51,68.7,entsoe.eu,false,""
2022-10-23T16:00:00.000000,Sweden,Sweden,SE,9.74,32.6,98.63,68.7,entsoe.eu,false,""
2022-10-23T17:00:00.000000,Sweden,Sweden,SE,8.94,31.84,98.72,68.9,entsoe.eu,false,""
2022-10-23T18:00:00.000000,Sweden,Sweden,SE,8.12,30.85,98.87,69.37,entsoe.eu,false,""
2022-10-23T19:00:00.000000,Sweden,Sweden,SE,7.21,29.34,99.0,69.06,entsoe.eu,false,""
2022-10-23T20:00:00.000000,Sweden,Sweden,SE,6.15,27.45,99.07,69.02,entsoe.eu,false,""
2022-10-23T21:00:00.000000,Sweden,Sweden,SE,4.99,25.62,99.24,68.68,entsoe.eu,false,""
2022-10-23T22:00:00.000000,Sweden,Sweden,SE,4.2,24.52,99.35,67.03,entsoe.eu,false,""
2022-10-23T23:00:00.000000,Sweden,Sweden,SE,4.35,25.07,99.34,66.51,entsoe.eu,false,""
2022-10-24T00:00:00.000000,Sweden,Sweden,SE,4.36,24.99,99.37,66.59,entsoe.eu,false,""
2022-10-24T01:00:00.000000,Sweden,Sweden,SE,8.18,30.2,98.87,66.0,entsoe.eu,false,""
2022-10-24T02:00:00.000000,Sweden,Sweden,SE,4.97,26.2,99.3,66.77,entsoe.eu,false,""
2022-10-24T03:00:00.000000,Sweden,Sweden,SE,4.83,26.12,99.31,68.04,entsoe.eu,false,""
2022-10-24T04:00:00.000000,Sweden,Sweden,SE,2.93,24.46,99.64,69.35,entsoe.eu,false,""
2022-10-24T05:00:00.000000,Sweden,Sweden,SE,6.04,28.51,99.24,70.34,entsoe.eu,false,""
2022-10-24T06:00:00.000000,Sweden,Sweden,SE,4.32,26.48,99.5,70.49,entsoe.eu,false,""
2022-10-24T07:00:00.000000,Sweden,Sweden,SE,5.14,27.32,99.33,71.03,entsoe.eu,false,""
2022-10-24T08:00:00.000000,Sweden,Sweden,SE,2.46,23.65,99.7,71.21,entsoe.eu,false,""
2022-10-24T09:00:00.000000,Sweden,Sweden,SE,3.48,24.93,99.58,70.56,entsoe.eu,false,""
2022-10-24T10:00:00.000000,Sweden,Sweden,SE,2.09,22.69,99.75,70.94,entsoe.eu,false,""
2022-10-24T11:00:00.000000,Sweden,Sweden,SE,2.08,22.82,99.75,70.98,entsoe.eu,false,""
2022-10-24T12:00:00.000000,Sweden,Sweden,SE,2.23,23.16,99.73,70.84,entsoe.eu,false,""
2022-10-24T13:00:00.000000,Sweden,Sweden,SE,2.96,23.82,99.61,70.66,entsoe.eu,false,""
2022-10-24T14:00:00.000000,Sweden,Sweden,SE,3.59,24.51,99.5,71.72,entsoe.eu,false,""
2022-10-24T15:00:00.000000,Sweden,Sweden,SE,4.06,25.13,99.42,71.65,entsoe.eu,false,""
2022-10-24T16:00:00.000000,Sweden,Sweden,SE,2.53,23.42,99.7,71.58,entsoe.eu,false,""
2022-10-24T17:00:00.000000,Sweden,Sweden,SE,1.92,22.42,99.78,71.06,entsoe.eu,false,""
2022-10-24T18:00:00.000000,Sweden,Sweden,SE,2.7,22.71,99.65,71.75,entsoe.eu,false,""
2022-10-24T19:00:00.000000,Sweden,Sweden,SE,3.45,23.41,99.51,70.72,entsoe.eu,false,""
2022-10-24T20:00:00.000000,Sweden,Sweden,SE,3.85,23.65,99.49,69.24,entsoe.eu,false,""
2022-10-24T21:00:00.000000,Sweden,Sweden,SE,2.76,21.83,99.58,68.7,entsoe.eu,false,""
2022-10-24T22:00:00.000000,Sweden,Sweden,SE,1.92,20.23,99.73,66.95,entsoe.eu,false,""
2022-10-24T23:00:00.000000,Sweden,Sweden,SE,1.93,20.31,99.73,66.82,entsoe.eu,false,""
2022-10-25T00:00:00.000000,Sweden,Sweden,SE,1.78,20.12,99.77,66.75,entsoe.eu,false,""
2022-10-25T01:00:00.000000,Sweden,Sweden,SE,1.65,19.86,99.8,66.69,entsoe.eu,false,""
2022-10-25T02:00:00.000000,Sweden,Sweden,SE,1.54,19.96,99.83,66.7,entsoe.eu,false,""
2022-10-25T03:00:00.000000,Sweden,Sweden,SE,1.43,19.5,99.85,67.83,entsoe.eu,false,""
2022-10-25T04:00:00.000000,Sweden,Sweden,SE,1.58,20.53,99.83,70.38,entsoe.eu,false,""
2022-10-25T05:00:00.000000,Sweden,Sweden,SE,1.69,21.65,99.82,71.72,entsoe.eu,false,""
2022-10-25T06:00:00.000000,Sweden,Sweden,SE,1.72,21.74,99.82,71.79,entsoe.eu,false,""
2022-10-25T07:00:00.000000,Sweden,Sweden,SE,1.69,21.67,99.82,71.88,entsoe.eu,false,""
2022-10-25T08:00:00.000000,Sweden,Sweden,SE,1.7,21.29,99.81,71.79,entsoe.eu,false,""
2022-10-25T09:00:00.000000,Sweden,Sweden,SE,1.82,21.27,99.78,71.53,entsoe.eu,false,""
2022-10-25T10:00:00.000000,Sweden,Sweden,SE,1.84,21.32,99.78,71.35,entsoe.eu,false,""
2022-10-25T11:00:00.000000,Sweden,Sweden,SE,1.8,21.19,99.78,71.33,entsoe.eu,false,""
2022-10-25T12:00:00.000000,Sweden,Sweden,SE,1.76,21.06,99.8,70.86,entsoe.eu,false,""
2022-10-25T13:00:00.000000,Sweden,Sweden,SE,1.71,21.03,99.81,70.82,entsoe.eu,false,""
2022-10-25T14:00:00.000000,Sweden,Sweden,SE,1.65,20.96,99.82,70.41,entsoe.eu,false,""
2022-10-25T15:00:00.000000,Sweden,Sweden,SE,1.68,21.0,99.81,71.14,entsoe.eu,false,""
2022-10-25T16:00:00.000000,Sweden,Sweden,SE,1.69,21.09,99.81,71.98,entsoe.eu,false,""
2022-10-25T17:00:00.000000,Sweden,Sweden,SE,1.75,21.03,99.79,71.81,entsoe.eu,false,""
2022-10-25T18:00:00.000000,Sweden,Sweden,SE,1.79,21.04,99.79,70.89,entsoe.eu,false,""
2022-10-25T19:00:00.000000,Sweden,Sweden,SE,1.74,20.87,99.8,69.74,entsoe.eu,false,""
2022-10-25T20:00:00.000000,Sweden,Sweden,SE,1.71,20.53,99.8,68.92,entsoe.eu,false,""
2022-10-25T21:00:00.000000,Sweden,Sweden,SE,1.73,20.24,99.79,67.99,entsoe.eu,false,""
2022-10-25T22:00:00.000000,Sweden,Sweden,SE,1.65,19.79,99.8,67.25,entsoe.eu,false,""
2022-10-25T23:00:00.000000,Sweden,Sweden,SE,1.75,19.97,99.77,67.34,entsoe.eu,false,""
2022-10-26T00:00:00.000000,Sweden,Sweden,SE,1.81,20.17,99.76,67.16,entsoe.eu,false,""
2022-10-26T01:00:00.000000,Sweden,Sweden,SE,1.87,20.41,99.75,67.2,entsoe.eu,false,""
2022-10-26T02:00:00.000000,Sweden,Sweden,SE,1.92,20.85,99.75,67.13,entsoe.eu,false,""
2022-10-26T03:00:00.000000,Sweden,Sweden,SE,1.91,21.01,99.76,67.92,entsoe.eu,false,""
2022-10-26T04:00:00.000000,Sweden,Sweden,SE,1.92,21.68,99.77,70.02,entsoe.eu,false,""
2022-10-26T05:00:00.000000,Sweden,Sweden,SE,1.99,22.51,99.77,70.56,entsoe.eu,false,""
2022-10-26T06:00:00.000000,Sweden,Sweden,SE,2.05,22.79,99.76,70.54,entsoe.eu,false,""
2022-10-26T07:00:00.000000,Sweden,Sweden,SE,2.11,22.56,99.73,71.02,entsoe.eu,false,""
2022-10-26T08:00:00.000000,Sweden,Sweden,SE,2.06,22.55,99.75,70.14,entsoe.eu,false,""
2022-10-26T09:00:00.000000,Sweden,Sweden,SE,2.02,22.6,99.76,69.79,entsoe.eu,false,""
2022-10-26T10:00:00.000000,Sweden,Sweden,SE,2.0,22.34,99.76,69.91,entsoe.eu,false,""
2022-10-26T11:00:00.000000,Sweden,Sweden,SE,1.92,21.96,99.77,69.88,entsoe.eu,false,""
2022-10-26T12:00:00.000000,Sweden,Sweden,SE,2.02,22.14,99.76,69.73,entsoe.eu,false,""
2022-10-26T13:00:00.000000,Sweden,Sweden,SE,2.07,22.42,99.75,69.23,entsoe.eu,false,""
2022-10-26T14:00:00.000000,Sweden,Sweden,SE,4.39,25.01,99.42,69.72,entsoe.eu,false,""
2022-10-26T15:00:00.000000,Sweden,Sweden,SE,3.14,23.8,99.58,70.3,entsoe.eu,false,""
2022-10-26T16:00:00.000000,Sweden,Sweden,SE,2.28,23.19,99.69,70.57,entsoe.eu,false,""
2022-10-26T17:00:00.000000,Sweden,Sweden,SE,2.42,23.44,99.66,70.62,entsoe.eu,false,""
2022-10-26T18:00:00.000000,Sweden,Sweden,SE,3.61,24.56,99.53,69.59,entsoe.eu,false,""
2022-10-26T19:00:00.000000,Sweden,Sweden,SE,2.13,22.3,99.75,68.65,entsoe.eu,false,""
2022-10-26T20:00:00.000000,Sweden,Sweden,SE,1.93,21.36,99.76,68.48,entsoe.eu,false,""
2022-10-26T21:00:00.000000,Sweden,Sweden,SE,1.94,20.87,99.74,67.53,entsoe.eu,false,""
2022-10-26T22:00:00.000000,Sweden,Sweden,SE,1.77,20.55,99.77,67.17,entsoe.eu,false,""
2022-10-26T23:00:00.000000,Sweden,Sweden,SE,1.77,20.68,99.78,66.97,entsoe.eu,false,""
2022-10-27T00:00:00.000000,Sweden,Sweden,SE,1.67,20.25,99.79,67.28,entsoe.eu,false,""
2022-10-27T01:00:00.000000,Sweden,Sweden,SE,2.16,20.79,99.73,67.22,entsoe.eu,false,""
2022-10-27T02:00:00.000000,Sweden,Sweden,SE,1.4,19.67,99.86,67.91,entsoe.eu,false,""
2022-10-27T03:00:00.000000,Sweden,Sweden,SE,1.49,19.77,99.83,69.14,entsoe.eu,false,""
2022-10-27T04:00:00.000000,Sweden,Sweden,SE,1.35,19.37,99.86,71.19,entsoe.eu,false,""
2022-10-27T05:00:00.000000,Sweden,Sweden,SE,1.46,20.25,99.85,72.27,entsoe.eu,false,""
2022-10-27T06:00:00.000000,Sweden,Sweden,SE,1.45,20.28,99.85,72.11,entsoe.eu,false,""
2022-10-27T07:00:00.000000,Sweden,Sweden,SE,1.53,20.38,99.83,71.84,entsoe.eu,false,""
2022-10-27T08:00:00.000000,Sweden,Sweden,SE,1.55,20.36,99.83,72.31,entsoe.eu,false,""
2022-10-27T09:00:00.000000,Sweden,Sweden,SE,1.57,20.45,99.82,71.97,entsoe.eu,false,""
2022-10-27T10:00:00.000000,Sweden,Sweden,SE,1.55,20.53,99.83,71.43,entsoe.eu,false,""
2022-10-27T11:00:00.000000,Sweden,Sweden,SE,2.76,21.99,99.68,71.21,entsoe.eu,false,""
2022-10-27T12:00:00.000000,Sweden,Sweden,SE,1.92,20.8,99.78,71.5,entsoe.eu,false,""
2022-10-27T13:00:00.000000,Sweden,Sweden,SE,1.7,20.61,99.8,71.02,entsoe.eu,false,""
2022-10-27T14:00:00.000000,Sweden,Sweden,SE,2.96,22.16,99.63,71.47,entsoe.eu,false,""
2022-10-27T15:00:00.000000,Sweden,Sweden,SE,3.01,22.39,99.63,71.9,entsoe.eu,false,""
2022-10-27T16:00:00.000000,Sweden,Sweden,SE,2.22,21.39,99.73,71.84,entsoe.eu,false,""
2022-10-27T17:00:00.000000,Sweden,Sweden,SE,1.78,20.8,99.78,72.0,entsoe.eu,false,""
2022-10-27T18:00:00.000000,Sweden,Sweden,SE,1.88,20.81,99.77,71.42,entsoe.eu,false,""
2022-10-27T19:00:00.000000,Sweden,Sweden,SE,1.67,20.07,99.79,70.87,entsoe.eu,false,""
2022-10-27T20:00:00.000000,Sweden,Sweden,SE,1.67,19.56,99.78,70.44,entsoe.eu,false,""
2022-10-27T21:00:00.000000,Sweden,Sweden,SE,1.75,19.63,99.76,69.62,entsoe.eu,false,""
2022-10-27T22:00:00.000000,Sweden,Sweden,SE,1.98,20.18,99.71,67.66,entsoe.eu,false,""
2022-10-27T23:00:00.000000,Sweden,Sweden,SE,2.03,20.05,99.69,67.38,entsoe.eu,false,""
2022-10-28T00:00:00.000000,Sweden,Sweden,SE,2.1,20.16,99.67,67.07,entsoe.eu,false,""
2022-10-28T01:00:00.000000,Sweden,Sweden,SE,2.12,20.35,99.67,66.16,entsoe.eu,false,""
2022-10-28T02:00:00.000000,Sweden,Sweden,SE,2.03,20.23,99.69,66.5,entsoe.eu,false,""
2022-10-28T03:00:00.000000,Sweden,Sweden,SE,2.0,20.36,99.71,68.3,entsoe.eu,false,""
2022-10-28T04:00:00.000000,Sweden,Sweden,SE,1.95,20.97,99.73,70.48,entsoe.eu,false,""
2022-10-28T05:00:00.000000,Sweden,Sweden,SE,1.81,21.25,99.78,71.35,entsoe.eu,false,""
2022-10-28T06:00:00.000000,Sweden,Sweden,SE,1.72,21.19,99.8,71.61,entsoe.eu,false,""
2022-10-28T07:00:00.000000,Sweden,Sweden,SE,1.77,21.33,99.79,72.44,entsoe.eu,false,""
2022-10-28T08:00:00.000000,Sweden,Sweden,SE,1.8,21.53,99.79,72.23,entsoe.eu,false,""
2022-10-28T09:00:00.000000,Sweden,Sweden,SE,1.8,21.56,99.79,71.89,entsoe.eu,false,""
2022-10-28T10:00:00.000000,Sweden,Sweden,SE,1.75,21.34,99.8,71.71,entsoe.eu,false,""
2022-10-28T11:00:00.000000,Sweden,Sweden,SE,1.64,20.82,99.82,71.37,entsoe.eu,false,""
2022-10-28T12:00:00.000000,Sweden,Sweden,SE,1.58,20.68,99.84,70.81,entsoe.eu,false,""
2022-10-28T13:00:00.000000,Sweden,Sweden,SE,1.55,20.68,99.84,70.33,entsoe.eu,false,""
2022-10-28T14:00:00.000000,Sweden,Sweden,SE,1.45,20.31,99.86,70.73,entsoe.eu,false,""
2022-10-28T15:00:00.000000,Sweden,Sweden,SE,1.52,20.75,99.85,70.74,entsoe.eu,false,""
2022-10-28T16:00:00.000000,Sweden,Sweden,SE,1.55,20.95,99.85,70.67,entsoe.eu,false,""
2022-10-28T17:00:00.000000,Sweden,Sweden,SE,1.58,21.03,99.84,70.54,entsoe.eu,false,""
2022-10-28T18:00:00.000000,Sweden,Sweden,SE,1.5,20.3,99.85,70.53,entsoe.eu,false,""
2022-10-28T19:00:00.000000,Sweden,Sweden,SE,1.56,20.05,99.82,69.86,entsoe.eu,false,""
2022-10-28T20:00:00.000000,Sweden,Sweden,SE,1.51,19.57,99.83,69.42,entsoe.eu,false,""
2022-10-28T21:00:00.000000,Sweden,Sweden,SE,1.88,19.74,99.75,69.6,entsoe.eu,false,""
2022-10-28T22:00:00.000000,Sweden,Sweden,SE,2.0,19.84,99.72,69.08,entsoe.eu,false,""
2022-10-28T23:00:00.000000,Sweden,Sweden,SE,1.87,19.95,99.73,67.75,entsoe.eu,false,""
2022-10-29T00:00:00.000000,Sweden,Sweden,SE,1.87,20.05,99.73,67.61,entsoe.eu,false,""
2022-10-29T01:00:00.000000,Sweden,Sweden,SE,1.4,19.38,99.85,67.32,entsoe.eu,false,""
2022-10-29T02:00:00.000000,Sweden,Sweden,SE,1.06,18.86,99.94,66.8,entsoe.eu,false,""
2022-10-29T03:00:00.000000,Sweden,Sweden,SE,1.03,18.63,99.94,67.76,entsoe.eu,false,""
2022-10-29T04:00:00.000000,Sweden,Sweden,SE,0.97,18.2,99.94,68.49,entsoe.eu,false,""
2022-10-29T05:00:00.000000,Sweden,Sweden,SE,1.05,18.51,99.92,69.74,entsoe.eu,false,""
2022-10-29T06:00:00.000000,Sweden,Sweden,SE,1.09,18.51,99.91,70.57,entsoe.eu,false,""
2022-10-29T07:00:00.000000,Sweden,Sweden,SE,1.05,18.48,99.92,70.66,entsoe.eu,false,""
2022-10-29T08:00:00.000000,Sweden,Sweden,SE,1.01,18.5,99.93,70.63,entsoe.eu,false,""
2022-10-29T09:00:00.000000,Sweden,Sweden,SE,0.97,18.59,99.94,70.58,entsoe.eu,false,""
2022-10-29T10:00:00.000000,Sweden,Sweden,SE,1.26,19.19,99.9,69.53,entsoe.eu,false,""
2022-10-29T11:00:00.000000,Sweden,Sweden,SE,1.42,19.33,99.87,69.22,entsoe.eu,false,""
2022-10-29T12:00:00.000000,Sweden,Sweden,SE,1.23,18.91,99.9,69.33,entsoe.eu,false,""
2022-10-29T13:00:00.000000,Sweden,Sweden,SE,1.01,18.28,99.93,69.3,entsoe.eu,false,""
2022-10-29T14:00:00.000000,Sweden,Sweden,SE,1.07,17.94,99.92,69.74,entsoe.eu,false,""
2022-10-29T15:00:00.000000,Sweden,Sweden,SE,1.24,18.09,99.88,70.28,entsoe.eu,false,""
2022-10-29T16:00:00.000000,Sweden,Sweden,SE,1.39,18.57,99.84,70.93,entsoe.eu,false,""
2022-10-29T17:00:00.000000,Sweden,Sweden,SE,1.19,18.34,99.89,70.44,entsoe.eu,false,""
2022-10-29T18:00:00.000000,Sweden,Sweden,SE,0.99,17.81,99.92,70.09,entsoe.eu,false,""
2022-10-29T19:00:00.000000,Sweden,Sweden,SE,1.06,18.27,99.91,69.48,entsoe.eu,false,""
2022-10-29T20:00:00.000000,Sweden,Sweden,SE,1.05,18.26,99.92,68.72,entsoe.eu,false,""
2022-10-29T21:00:00.000000,Sweden,Sweden,SE,1.88,19.42,99.79,67.73,entsoe.eu,false,""
2022-10-29T22:00:00.000000,Sweden,Sweden,SE,2.88,20.86,99.63,66.08,entsoe.eu,false,""
2022-10-29T23:00:00.000000,Sweden,Sweden,SE,3.39,21.68,99.55,65.39,entsoe.eu,false,""
2022-10-30T00:00:00.000000,Sweden,Sweden,SE,3.33,22.53,99.57,65.0,entsoe.eu,true,ESTIMATED_FORECASTS_HIERARCHY
2022-10-30T01:00:00.000000,Sweden,Sweden,SE,3.35,22.79,99.57,63.92,entsoe.eu,true,ESTIMATED_FORECASTS_HIERARCHY
2022-10-30T02:00:00.000000,Sweden,Sweden,SE,3.11,21.91,99.61,63.5,entsoe.eu,false,""
2022-10-30T03:00:00.000000,Sweden,Sweden,SE,2.3,20.88,99.74,64.43,entsoe.eu,false,""
2022-10-30T04:00:00.000000,Sweden,Sweden,SE,1.22,19.34,99.91,66.19,entsoe.eu,false,""
2022-10-30T05:00:00.000000,Sweden,Sweden,SE,1.29,19.7,99.9,65.95,entsoe.eu,false,""
2022-10-30T06:00:00.000000,Sweden,Sweden,SE,1.42,20.32,99.88,65.94,entsoe.eu,false,""
2022-10-30T07:00:00.000000,Sweden,Sweden,SE,2.04,21.05,99.78,65.95,entsoe.eu,false,""
2022-10-30T08:00:00.000000,Sweden,Sweden,SE,2.57,22.05,99.7,66.57,entsoe.eu,false,""
2022-10-30T09:00:00.000000,Sweden,Sweden,SE,2.98,23.1,99.64,67.17,entsoe.eu,false,""
2022-10-30T10:00:00.000000,Sweden,Sweden,SE,3.25,24.02,99.54,67.73,entsoe.eu,false,""
2022-10-30T11:00:00.000000,Sweden,Sweden,SE,5.01,26.27,99.22,68.49,entsoe.eu,false,""
2022-10-30T12:00:00.000000,Sweden,Sweden,SE,1.91,22.22,99.81,67.59,entsoe.eu,false,""
2022-10-30T13:00:00.000000,Sweden,Sweden,SE,1.71,22.0,99.84,67.48,entsoe.eu,false,""
2022-10-30T14:00:00.000000,Sweden,Sweden,SE,1.79,22.1,99.81,68.98,entsoe.eu,false,""
2022-10-30T15:00:00.000000,Sweden,Sweden,SE,1.75,21.97,99.81,69.76,entsoe.eu,false,""
2022-10-30T16:00:00.000000,Sweden,Sweden,SE,1.93,22.65,99.78,70.43,entsoe.eu,false,""
2022-10-30T17:00:00.000000,Sweden,Sweden,SE,2.0,22.67,99.76,70.71,entsoe.eu,false,""
2022-10-30T18:00:00.000000,Sweden,Sweden,SE,1.95,22.47,99.77,70.75,entsoe.eu,false,""
2022-10-30T19:00:00.000000,Sweden,Sweden,SE,1.88,22.26,99.78,71.21,entsoe.eu,false,""
2022-10-30T20:00:00.000000,Sweden,Sweden,SE,1.91,22.21,99.78,70.51,entsoe.eu,false,""
2022-10-30T21:00:00.000000,Sweden,Sweden,SE,1.89,21.97,99.78,69.79,entsoe.eu,false,""
2022-10-30T22:00:00.000000,Sweden,Sweden,SE,1.82,20.63,99.77,69.61,entsoe.eu,false,""
2022-10-30T23:00:00.000000,Sweden,Sweden,SE,1.93,21.53,99.76,68.72,entsoe.eu,false,""
2022-10-31T00:00:00.000000,Sweden,Sweden,SE,1.89,21.36,99.77,68.42,entsoe.eu,false,""
2022-10-31T01:00:00.000000,Sweden,Sweden,SE,1.99,21.74,99.75,67.99,entsoe.eu,false,""
2022-10-31T02:00:00.000000,Sweden,Sweden,SE,2.07,22.01,99.74,68.13,entsoe.eu,false,""
2022-10-31T03:00:00.000000,Sweden,Sweden,SE,1.92,21.76,99.77,68.02,entsoe.eu,false,""
2022-10-31T04:00:00.000000,Sweden,Sweden,SE,1.9,22.16,99.79,68.3,entsoe.eu,false,""
2022-10-31T05:00:00.000000,Sweden,Sweden,SE,1.82,22.62,99.82,69.54,entsoe.eu,false,""
2022-10-31T06:00:00.000000,Sweden,Sweden,SE,1.72,22.7,99.85,70.05,entsoe.eu,false,""
2022-10-31T07:00:00.000000,Sweden,Sweden,SE,1.63,22.43,99.87,69.73,entsoe.eu,false,""
2022-10-31T08:00:00.000000,Sweden,Sweden,SE,1.7,22.49,99.85,70.66,entsoe.eu,false,""
2022-10-31T09:00:00.000000,Sweden,Sweden,SE,1.87,23.11,99.82,70.03,entsoe.eu,false,""
2022-10-31T10:00:00.000000,Sweden,Sweden,SE,1.85,23.11,99.82,69.94,entsoe.eu,false,""
2022-10-31T11:00:00.000000,Sweden,Sweden,SE,1.85,23.01,99.82,70.26,entsoe.eu,false,""
2022-10-31T12:00:00.000000,Sweden,Sweden,SE,1.87,22.91,99.81,70.4,entsoe.eu,false,""
2022-10-31T13:00:00.000000,Sweden,Sweden,SE,1.81,22.56,99.82,70.65,entsoe.eu,false,""
2022-10-31T14:00:00.000000,Sweden,Sweden,SE,1.9,23.15,99.81,70.64,entsoe.eu,false,""
2022-10-31T15:00:00.000000,Sweden,Sweden,SE,1.91,23.09,99.8,70.63,entsoe.eu,false,""
2022-10-31T16:00:00.000000,Sweden,Sweden,SE,1.91,22.82,99.79,71.26,entsoe.eu,false,""
2022-10-31T17:00:00.000000,Sweden,Sweden,SE,1.9,22.89,99.8,71.47,entsoe.eu,false,""
2022-10-31T18:00:00.000000,Sweden,Sweden,SE,1.68,22.56,99.85,70.72,entsoe.eu,false,""
2022-10-31T19:00:00.000000,Sweden,Sweden,SE,1.73,22.49,99.84,70.55,entsoe.eu,false,""
2022-10-31T20:00:00.000000,Sweden,Sweden,SE,1.65,21.99,99.85,69.88,entsoe.eu,false,""
2022-10-31T21:00:00.000000,Sweden,Sweden,SE,1.62,21.16,99.84,69.92,entsoe.eu,false,""
2022-10-31T22:00:00.000000,Sweden,Sweden,SE,1.64,20.61,99.82,69.29,entsoe.eu,false,""
2022-10-31T23:00:00.000000,Sweden,Sweden,SE,1.77,20.99,99.8,67.3,entsoe.eu,false,""
2022-11-01T00:00:00.000000,Sweden,Sweden,SE,2.53,22.04,99.66,67.48,entsoe.eu,false,""
2022-11-01T01:00:00.000000,Sweden,Sweden,SE,2.36,21.89,99.69,67.12,entsoe.eu,false,""
2022-11-01T02:00:00.000000,Sweden,Sweden,SE,2.12,21.36,99.73,66.75,entsoe.eu,false,""
2022-11-01T03:00:00.000000,Sweden,Sweden,SE,2.0,21.27,99.76,66.68,entsoe.eu,false,""
2022-11-01T04:00:00.000000,Sweden,Sweden,SE,1.8,20.86,99.79,67.99,entsoe.eu,false,""
2022-11-01T05:00:00.000000,Sweden,Sweden,SE,1.76,21.09,99.8,68.02,entsoe.eu,false,""
2022-11-01T06:00:00.000000,Sweden,Sweden,SE,1.9,21.86,99.78,69.11,entsoe.eu,false,""
2022-11-01T07:00:00.000000,Sweden,Sweden,SE,2.12,22.53,99.73,69.37,entsoe.eu,false,""
2022-11-01T08:00:00.000000,Sweden,Sweden,SE,2.19,22.85,99.72,69.21,entsoe.eu,false,""
2022-11-01T09:00:00.000000,Sweden,Sweden,SE,2.16,22.82,99.73,69.37,entsoe.eu,false,""
2022-11-01T10:00:00.000000,Sweden,Sweden,SE,2.26,23.08,99.71,68.62,entsoe.eu,false,""
2022-11-01T11:00:00.000000,Sweden,Sweden,SE,3.91,25.35,99.5,67.96,entsoe.eu,false,""
2022-11-01T12:00:00.000000,Sweden,Sweden,SE,2.49,23.42,99.67,68.3,entsoe.eu,false,""
2022-11-01T13:00:00.000000,Sweden,Sweden,SE,2.2,22.73,99.72,69.37,entsoe.eu,false,""
2022-11-01T14:00:00.000000,Sweden,Sweden,SE,2.13,22.62,99.73,70.08,entsoe.eu,false,""
2022-11-01T15:00:00.000000,Sweden,Sweden,SE,2.38,23.15,99.7,71.18,entsoe.eu,false,""
2022-11-01T16:00:00.000000,Sweden,Sweden,SE,2.15,22.95,99.73,71.74,entsoe.eu,false,""
2022-11-01T17:00:00.000000,Sweden,Sweden,SE,2.09,22.64,99.74,72.4,entsoe.eu,false,""
2022-11-01T18:00:00.000000,Sweden,Sweden,SE,2.0,22.4,99.76,71.97,entsoe.eu,false,""
2022-11-01T19:00:00.000000,Sweden,Sweden,SE,3.23,23.99,99.59,72.04,entsoe.eu,false,""
2022-11-01T20:00:00.000000,Sweden,Sweden,SE,3.66,24.2,99.51,70.99,entsoe.eu,false,""
2022-11-01T21:00:00.000000,Sweden,Sweden,SE,3.52,23.33,99.53,69.63,entsoe.eu,false,""
2022-11-01T22:00:00.000000,Sweden,Sweden,SE,2.99,22.59,99.61,68.19,entsoe.eu,false,""
2022-11-01T23:00:00.000000,Sweden,Sweden,SE,2.94,22.21,99.6,66.73,entsoe.eu,false,""
2022-11-02T00:00:00.000000,Sweden,Sweden,SE,3.81,23.19,99.51,66.12,entsoe.eu,false,""
2022-11-02T01:00:00.000000,Sweden,Sweden,SE,3.85,23.65,99.5,64.46,entsoe.eu,false,""
2022-11-02T02:00:00.000000,Sweden,Sweden,SE,6.84,27.34,99.19,63.95,entsoe.eu,false,""
2022-11-02T03:00:00.000000,Sweden,Sweden,SE,3.01,22.92,99.66,64.05,entsoe.eu,false,""
2022-11-02T04:00:00.000000,Sweden,Sweden,SE,3.31,23.02,99.6,67.17,entsoe.eu,false,""
2022-11-02T05:00:00.000000,Sweden,Sweden,SE,3.24,23.07,99.6,69.46,entsoe.eu,false,""
2022-11-02T06:00:00.000000,Sweden,Sweden,SE,2.71,22.57,99.67,70.56,entsoe.eu,false,""
2022-11-02T07:00:00.000000,Sweden,Sweden,SE,2.37,22.81,99.71,71.51,entsoe.eu,false,""
2022-11-02T08:00:00.000000,Sweden,Sweden,SE,2.72,24.18,99.68,71.7,entsoe.eu,false,""
2022-11-02T09:00:00.000000,Sweden,Sweden,SE,2.56,24.48,99.71,71.42,entsoe.eu,false,""
2022-11-02T10:00:00.000000,Sweden,Sweden,SE,2.87,24.71,99.66,70.92,entsoe.eu,false,""
2022-11-02T11:00:00.000000,Sweden,Sweden,SE,4.45,24.64,99.45,70.95,entsoe.eu,false,""
2022-11-02T12:00:00.000000,Sweden,Sweden,SE,3.9,23.66,99.49,72.14,entsoe.eu,false,""
2022-11-02T13:00:00.000000,Sweden,Sweden,SE,3.02,22.84,99.64,71.71,entsoe.eu,false,""
2022-11-02T14:00:00.000000,Sweden,Sweden,SE,1.8,21.81,99.8,71.31,entsoe.eu,false,""
2022-11-02T15:00:00.000000,Sweden,Sweden,SE,1.89,22.25,99.79,71.61,entsoe.eu,false,""
2022-11-02T16:00:00.000000,Sweden,Sweden,SE,1.94,22.61,99.78,71.79,entsoe.eu,false,""
2022-11-02T17:00:00.000000,Sweden,Sweden,SE,1.91,22.56,99.79,71.32,entsoe.eu,false,""
2022-11-02T18:00:00.000000,Sweden,Sweden,SE,1.91,22.64,99.79,71.27,entsoe.eu,false,""
2022-11-02T19:00:00.000000,Sweden,Sweden,SE,1.82,22.03,99.8,70.99,entsoe.eu,false,""
2022-11-02T20:00:00.000000,Sweden,Sweden,SE,1.72,21.27,99.81,69.93,entsoe.eu,false,""
2022-11-02T21:00:00.000000,Sweden,Sweden,SE,1.7,20.72,99.81,69.65,entsoe.eu,false,""
2022-11-02T22:00:00.000000,Sweden,Sweden,SE,1.69,20.58,99.81,68.83,entsoe.eu,false,""
2022-11-02T23:00:00.000000,Sweden,Sweden,SE,1.69,20.47,99.81,66.24,entsoe.eu,false,""
2022-11-03T00:00:00.000000,Sweden,Sweden,SE,1.83,20.81,99.78,65.5,entsoe.eu,false,""
2022-11-03T01:00:00.000000,Sweden,Sweden,SE,1.88,20.97,99.76,65.63,entsoe.eu,false,""
2022-11-03T02:00:00.000000,Sweden,Sweden,SE,2.14,21.45,99.72,65.65,entsoe.eu,false,""
2022-11-03T03:00:00.000000,Sweden,Sweden,SE,2.86,22.35,99.6,67.16,entsoe.eu,false,""
2022-11-03T04:00:00.000000,Sweden,Sweden,SE,3.02,22.59,99.57,69.27,entsoe.eu,false,""
2022-11-03T05:00:00.000000,Sweden,Sweden,SE,2.89,22.38,99.59,70.96,entsoe.eu,false,""
2022-11-03T06:00:00.000000,Sweden,Sweden,SE,2.13,21.94,99.73,71.64,entsoe.eu,false,""
2022-11-03T07:00:00.000000,Sweden,Sweden,SE,1.96,22.01,99.76,72.02,entsoe.eu,false,""
2022-11-03T08:00:00.000000,Sweden,Sweden,SE,1.94,22.04,99.76,72.42,entsoe.eu,false,""
2022-11-03T09:00:00.000000,Sweden,Sweden,SE,1.98,22.35,99.76,72.6,entsoe.eu,false,""
2022-11-03T10:00:00.000000,Sweden,Sweden,SE,2.06,22.71,99.74,72.63,entsoe.eu,false,""
2022-11-03T11:00:00.000000,Sweden,Sweden,SE,2.21,24.56,99.74,72.53,entsoe.eu,false,""
2022-11-03T12:00:00.000000,Sweden,Sweden,SE,2.13,23.69,99.74,72.22,entsoe.eu,false,""
2022-11-03T13:00:00.000000,Sweden,Sweden,SE,1.97,22.08,99.76,71.92,entsoe.eu,false,""
2022-11-03T14:00:00.000000,Sweden,Sweden,SE,1.9,22.4,99.78,72.21,entsoe.eu,false,""
2022-11-03T15:00:00.000000,Sweden,Sweden,SE,1.9,22.46,99.78,72.93,entsoe.eu,false,""
2022-11-03T16:00:00.000000,Sweden,Sweden,SE,1.88,22.63,99.79,73.18,entsoe.eu,false,""
2022-11-03T17:00:00.000000,Sweden,Sweden,SE,1.83,22.53,99.8,73.1,entsoe.eu,false,""
2022-11-03T18:00:00.000000,Sweden,Sweden,SE,1.81,22.49,99.81,72.56,entsoe.eu,false,""
2022-11-03T19:00:00.000000,Sweden,Sweden,SE,1.88,22.54,99.79,71.54,entsoe.eu,false,""
2022-11-03T20:00:00.000000,Sweden,Sweden,SE,1.8,22.23,99.81,70.22,entsoe.eu,false,""
2022-11-03T21:00:00.000000,Sweden,Sweden,SE,1.72,21.28,99.81,69.48,entsoe.eu,false,""
2022-11-03T22:00:00.000000,Sweden,Sweden,SE,1.69,20.82,99.81,67.66,entsoe.eu,false,""
2022-11-03T23:00:00.000000,Sweden,Sweden,SE,2.15,21.35,99.69,65.93,entsoe.eu,false,""
2022-11-04T00:00:00.000000,Sweden,Sweden,SE,2.31,21.51,99.65,66.3,entsoe.eu,false,""
2022-11-04T01:00:00.000000,Sweden,Sweden,SE,2.32,21.65,99.65,66.07,entsoe.eu,false,""
2022-11-04T02:00:00.000000,Sweden,Sweden,SE,2.22,21.45,99.67,65.81,entsoe.eu,false,""
2022-11-04T03:00:00.000000,Sweden,Sweden,SE,2.07,21.35,99.71,65.66,entsoe.eu,false,""
2022-11-04T04:00:00.000000,Sweden,Sweden,SE,2.11,21.54,99.7,67.81,entsoe.eu,false,""
2022-11-04T05:00:00.000000,Sweden,Sweden,SE,2.03,21.85,99.73,70.07,entsoe.eu,false,""
2022-11-04T06:00:00.000000,Sweden,Sweden,SE,1.96,22.24,99.76,71.66,entsoe.eu,false,""
2022-11-04T07:00:00.000000,Sweden,Sweden,SE,1.92,22.41,99.78,71.96,entsoe.eu,false,""
2022-11-04T08:00:00.000000,Sweden,Sweden,SE,1.75,22.19,99.82,72.17,entsoe.eu,false,""
2022-11-04T09:00:00.000000,Sweden,Sweden,SE,1.66,22.09,99.85,71.57,entsoe.eu,false,""
2022-11-04T10:00:00.000000,Sweden,Sweden,SE,1.67,22.14,99.85,71.08,entsoe.eu,false,""
2022-11-04T11:00:00.000000,Sweden,Sweden,SE,1.66,22.23,99.85,70.96,entsoe.eu,false,""
2022-11-04T12:00:00.000000,Sweden,Sweden,SE,1.67,22.37,99.85,70.77,entsoe.eu,false,""
2022-11-04T13:00:00.000000,Sweden,Sweden,SE,1.61,22.59,99.88,70.45,entsoe.eu,false,""
2022-11-04T14:00:00.000000,Sweden,Sweden,SE,1.6,22.56,99.88,69.91,entsoe.eu,false,""
2022-11-04T15:00:00.000000,Sweden,Sweden,SE,1.59,22.1,99.87,70.84,entsoe.eu,false,""
2022-11-04T16:00:00.000000,Sweden,Sweden,SE,1.83,22.13,99.8,71.35,entsoe.eu,false,""
2022-11-04T17:00:00.000000,Sweden,Sweden,SE,1.84,22.16,99.79,71.09,entsoe.eu,false,""
2022-11-04T18:00:00.000000,Sweden,Sweden,SE,1.79,21.56,99.79,71.24,entsoe.eu,false,""
2022-11-04T19:00:00.000000,Sweden,Sweden,SE,1.72,21.16,99.8,70.75,entsoe.eu,false,""
2022-11-04T20:00:00.000000,Sweden,Sweden,SE,1.47,20.01,99.84,70.14,entsoe.eu,false,""
2022-11-04T21:00:00.000000,Sweden,Sweden,SE,1.43,19.6,99.85,69.2,entsoe.eu,false,""
2022-11-04T22:00:00.000000,Sweden,Sweden,SE,1.45,19.52,99.84,67.78,entsoe.eu,false,""
2022-11-04T23:00:00.000000,Sweden,Sweden,SE,1.66,19.62,99.78,68.93,entsoe.eu,false,""
2022-11-05T00:00:00.000000,Sweden,Sweden,SE,1.91,20.27,99.72,68.62,entsoe.eu,false,""
2022-11-05T01:00:00.000000,Sweden,Sweden,SE,1.87,20.15,99.73,68.33,entsoe.eu,false,""
2022-11-05T02:00:00.000000,Sweden,Sweden,SE,1.65,19.81,99.79,68.01,entsoe.eu,false,""
2022-11-05T03:00:00.000000,Sweden,Sweden,SE,1.61,19.97,99.8,68.46,entsoe.eu,false,""
2022-11-05T04:00:00.000000,Sweden,Sweden,SE,1.53,19.86,99.83,68.53,entsoe.eu,false,""
2022-11-05T05:00:00.000000,Sweden,Sweden,SE,1.52,19.82,99.83,69.53,entsoe.eu,false,""
2022-11-05T06:00:00.000000,Sweden,Sweden,SE,1.42,19.77,99.85,69.76,entsoe.eu,false,""
2022-11-05T07:00:00.000000,Sweden,Sweden,SE,1.49,19.91,99.84,70.5,entsoe.eu,false,""
2022-11-05T08:00:00.000000,Sweden,Sweden,SE,1.59,20.43,99.82,70.79,entsoe.eu,false,""
2022-11-05T09:00:00.000000,Sweden,Sweden,SE,1.57,20.46,99.83,70.83,entsoe.eu,false,""
2022-11-05T10:00:00.000000,Sweden,Sweden,SE,1.53,20.26,99.83,70.97,entsoe.eu,false,""
2022-11-05T11:00:00.000000,Sweden,Sweden,SE,1.49,20.36,99.85,70.89,entsoe.eu,false,""
2022-11-05T12:00:00.000000,Sweden,Sweden,SE,1.38,20.11,99.87,71.02,entsoe.eu,false,""
2022-11-05T13:00:00.000000,Sweden,Sweden,SE,1.53,20.12,99.83,71.1,entsoe.eu,false,""
2022-11-05T14:00:00.000000,Sweden,Sweden,SE,1.48,20.01,99.84,70.95,entsoe.eu,false,""
2022-11-05T15:00:00.000000,Sweden,Sweden,SE,1.46,19.74,99.84,71.28,entsoe.eu,false,""
2022-11-05T16:00:00.000000,Sweden,Sweden,SE,1.42,19.66,99.85,71.88,entsoe.eu,false,""
2022-11-05T17:00:00.000000,Sweden,Sweden,SE,1.31,19.21,99.87,72.07,entsoe.eu,false,""
2022-11-05T18:00:00.000000,Sweden,Sweden,SE,1.22,18.76,99.88,71.92,entsoe.eu,false,""
2022-11-05T19:00:00.000000,Sweden,Sweden,SE,1.21,18.79,99.89,71.63,entsoe.eu,false,""
2022-11-05T20:00:00.000000,Sweden,Sweden,SE,1.14,18.43,99.9,70.57,entsoe.eu,false,""
2022-11-05T21:00:00.000000,Sweden,Sweden,SE,1.2,18.46,99.89,69.52,entsoe.eu,false,""
2022-11-05T22:00:00.000000,Sweden,Sweden,SE,1.26,18.72,99.88,67.98,entsoe.eu,false,""
2022-11-05T23:00:00.000000,Sweden,Sweden,SE,1.15,18.29,99.9,67.84,entsoe.eu,false,""
2022-11-06T00:00:00.000000,Sweden,Sweden,SE,1.37,18.61,99.84,67.19,entsoe.eu,false,""
2022-11-06T01:00:00.000000,Sweden,Sweden,SE,1.39,18.78,99.84,66.67,entsoe.eu,false,""
2022-11-06T02:00:00.000000,Sweden,Sweden,SE,1.51,19.23,99.82,65.37,entsoe.eu,false,""
2022-11-06T03:00:00.000000,Sweden,Sweden,SE,1.4,19.1,99.85,65.45,entsoe.eu,false,""
2022-11-06T04:00:00.000000,Sweden,Sweden,SE,1.31,18.96,99.88,65.43,entsoe.eu,false,""
2022-11-06T05:00:00.000000,Sweden,Sweden,SE,1.19,18.39,99.9,66.78,entsoe.eu,false,""
2022-11-06T06:00:00.000000,Sweden,Sweden,SE,1.25,18.55,99.88,67.41,entsoe.eu,false,""
2022-11-06T07:00:00.000000,Sweden,Sweden,SE,1.36,18.61,99.84,68.99,entsoe.eu,false,""
2022-11-06T08:00:00.000000,Sweden,Sweden,SE,1.5,19.07,99.82,69.23,entsoe.eu,false,""
2022-11-06T09:00:00.000000,Sweden,Sweden,SE,1.85,19.8,99.78,69.17,entsoe.eu,false,""
2022-11-06T10:00:00.000000,Sweden,Sweden,SE,8.67,27.22,99.14,69.28,entsoe.eu,false,""
2022-11-06T11:00:00.000000,Sweden,Sweden,SE,1.66,19.82,99.8,69.79,entsoe.eu,false,""
2022-11-06T12:00:00.000000,Sweden,Sweden,SE,1.64,19.67,99.79,69.65,entsoe.eu,false,""
2022-11-06T13:00:00.000000,Sweden,Sweden,SE,1.99,19.9,99.76,69.48,entsoe.eu,false,""
2022-11-06T14:00:00.000000,Sweden,Sweden,SE,9.51,27.99,99.06,68.39,entsoe.eu,false,""
2022-11-06T15:00:00.000000,Sweden,Sweden,SE,1.59,19.54,99.8,69.16,entsoe.eu,false,""
2022-11-06T16:00:00.000000,Sweden,Sweden,SE,1.64,19.63,99.78,71.29,entsoe.eu,false,""
2022-11-06T17:00:00.000000,Sweden,Sweden,SE,1.52,19.36,99.81,70.56,entsoe.eu,false,""
2022-11-06T18:00:00.000000,Sweden,Sweden,SE,1.53,19.53,99.81,69.05,entsoe.eu,false,""
2022-11-06T19:00:00.000000,Sweden,Sweden,SE,1.57,19.73,99.81,67.47,entsoe.eu,false,""
2022-11-06T20:00:00.000000,Sweden,Sweden,SE,1.63,19.84,99.81,64.36,entsoe.eu,false,""
2022-11-06T21:00:00.000000,Sweden,Sweden,SE,2.35,21.01,99.71,64.36,entsoe.eu,false,""
2022-11-06T22:00:00.000000,Sweden,Sweden,SE,4.62,24.99,99.39,63.45,entsoe.eu,false,""
2022-11-06T23:00:00.000000,Sweden,Sweden,SE,10.69,31.82,98.76,62.93,entsoe.eu,false,""
2022-11-07T00:00:00.000000,Sweden,Sweden,SE,12.77,34.76,98.53,58.7,entsoe.eu,false,""
2022-11-07T01:00:00.000000,Sweden,Sweden,SE,13.81,35.8,98.38,58.26,entsoe.eu,false,""
2022-11-07T02:00:00.000000,Sweden,Sweden,SE,14.53,36.84,98.3,59.42,entsoe.eu,false,""
2022-11-07T03:00:00.000000,Sweden,Sweden,SE,11.62,34.16,98.64,59.47,entsoe.eu,false,""
2022-11-07T04:00:00.000000,Sweden,Sweden,SE,7.84,30.14,99.04,61.51,entsoe.eu,false,""
2022-11-07T05:00:00.000000,Sweden,Sweden,SE,1.99,22.31,99.77,66.98,entsoe.eu,false,""
2022-11-07T06:00:00.000000,Sweden,Sweden,SE,1.94,22.57,99.78,69.86,entsoe.eu,false,""
2022-11-07T07:00:00.000000,Sweden,Sweden,SE,1.99,22.77,99.78,70.3,entsoe.eu,false,""
2022-11-07T08:00:00.000000,Sweden,Sweden,SE,2.02,23.08,99.77,70.39,entsoe.eu,false,""
2022-11-07T09:00:00.000000,Sweden,Sweden,SE,2.07,23.23,99.76,70.95,entsoe.eu,false,""
2022-11-07T10:00:00.000000,Sweden,Sweden,SE,2.01,22.77,99.76,70.55,entsoe.eu,false,""
2022-11-07T11:00:00.000000,Sweden,Sweden,SE,2.01,22.63,99.76,70.86,entsoe.eu,false,""
2022-11-07T12:00:00.000000,Sweden,Sweden,SE,2.08,23.28,99.76,70.95,entsoe.eu,false,""
2022-11-07T13:00:00.000000,Sweden,Sweden,SE,1.75,22.05,99.82,71.12,entsoe.eu,false,""
2022-11-07T14:00:00.000000,Sweden,Sweden,SE,1.75,22.09,99.83,71.31,entsoe.eu,false,""
2022-11-07T15:00:00.000000,Sweden,Sweden,SE,1.7,21.78,99.83,71.73,entsoe.eu,false,""
2022-11-07T16:00:00.000000,Sweden,Sweden,SE,1.69,21.71,99.83,71.86,entsoe.eu,false,""
2022-11-07T17:00:00.000000,Sweden,Sweden,SE,1.73,21.91,99.83,71.69,entsoe.eu,false,""
2022-11-07T18:00:00.000000,Sweden,Sweden,SE,1.69,21.47,99.83,70.95,entsoe.eu,false,""
2022-11-07T19:00:00.000000,Sweden,Sweden,SE,1.64,20.96,99.83,70.28,entsoe.eu,false,""
2022-11-07T20:00:00.000000,Sweden,Sweden,SE,1.56,20.41,99.84,69.14,entsoe.eu,false,""
2022-11-07T21:00:00.000000,Sweden,Sweden,SE,1.57,20.41,99.84,68.21,entsoe.eu,false,""
2022-11-07T22:00:00.000000,Sweden,Sweden,SE,1.5,20.03,99.85,67.27,entsoe.eu,false,""
2022-11-07T23:00:00.000000,Sweden,Sweden,SE,1.52,20.06,99.85,66.12,entsoe.eu,false,""
2022-11-08T00:00:00.000000,Sweden,Sweden,SE,1.54,20.26,99.85,65.36,entsoe.eu,false,""
2022-11-08T01:00:00.000000,Sweden,Sweden,SE,1.52,20.26,99.85,64.07,entsoe.eu,false,""
2022-11-08T02:00:00.000000,Sweden,Sweden,SE,1.56,20.35,99.85,63.94,entsoe.eu,false,""
2022-11-08T03:00:00.000000,Sweden,Sweden,SE,1.58,20.58,99.85,64.26,entsoe.eu,false,""
2022-11-08T04:00:00.000000,Sweden,Sweden,SE,2.1,21.73,99.77,65.64,entsoe.eu,false,""
2022-11-08T05:00:00.000000,Sweden,Sweden,SE,1.67,21.25,99.83,68.73,entsoe.eu,false,""
2022-11-08T06:00:00.000000,Sweden,Sweden,SE,1.66,21.8,99.84,69.63,entsoe.eu,false,""
2022-11-08T07:00:00.000000,Sweden,Sweden,SE,1.7,21.8,99.82,70.48,entsoe.eu,false,""
2022-11-08T08:00:00.000000,Sweden,Sweden,SE,1.69,21.15,99.81,70.56,entsoe.eu,false,""
2022-11-08T09:00:00.000000,Sweden,Sweden,SE,1.74,21.24,99.8,70.66,entsoe.eu,false,""
2022-11-08T10:00:00.000000,Sweden,Sweden,SE,1.71,21.38,99.81,70.49,entsoe.eu,false,""
2022-11-08T11:00:00.000000,Sweden,Sweden,SE,1.75,21.35,99.8,70.18,entsoe.eu,false,""
2022-11-08T12:00:00.000000,Sweden,Sweden,SE,1.78,21.06,99.78,69.86,entsoe.eu,false,""
2022-11-08T13:00:00.000000,Sweden,Sweden,SE,1.8,20.96,99.78,69.91,entsoe.eu,false,""
2022-11-08T14:00:00.000000,Sweden,Sweden,SE,1.77,20.96,99.79,70.43,entsoe.eu,false,""
2022-11-08T15:00:00.000000,Sweden,Sweden,SE,1.77,20.79,99.78,70.52,entsoe.eu,false,""
2022-11-08T16:00:00.000000,Sweden,Sweden,SE,1.74,20.42,99.78,70.96,entsoe.eu,false,""
2022-11-08T17:00:00.000000,Sweden,Sweden,SE,1.66,20.21,99.8,71.19,entsoe.eu,false,""
2022-11-08T18:00:00.000000,Sweden,Sweden,SE,1.69,20.09,99.79,70.45,entsoe.eu,false,""
2022-11-08T19:00:00.000000,Sweden,Sweden,SE,1.73,19.83,99.77,69.82,entsoe.eu,false,""
2022-11-08T20:00:00.000000,Sweden,Sweden,SE,1.85,19.84,99.73,68.77,entsoe.eu,false,""
2022-11-08T21:00:00.000000,Sweden,Sweden,SE,1.83,19.42,99.73,68.55,entsoe.eu,false,""
2022-11-08T22:00:00.000000,Sweden,Sweden,SE,1.89,19.45,99.72,67.26,entsoe.eu,false,""
2022-11-08T23:00:00.000000,Sweden,Sweden,SE,1.89,19.25,99.71,65.76,entsoe.eu,false,""
2022-11-09T00:00:00.000000,Sweden,Sweden,SE,1.96,19.37,99.69,65.34,entsoe.eu,false,""
2022-11-09T01:00:00.000000,Sweden,Sweden,SE,1.94,19.31,99.7,64.29,entsoe.eu,false,""
2022-11-09T02:00:00.000000,Sweden,Sweden,SE,1.9,19.25,99.71,64.28,entsoe.eu,false,""
2022-11-09T03:00:00.000000,Sweden,Sweden,SE,1.83,19.39,99.74,64.61,entsoe.eu,false,""
2022-11-09T04:00:00.000000,Sweden,Sweden,SE,1.89,19.93,99.73,66.13,entsoe.eu,false,""
2022-11-09T05:00:00.000000,Sweden,Sweden,SE,1.91,20.56,99.74,68.91,entsoe.eu,false,""
2022-11-09T06:00:00.000000,Sweden,Sweden,SE,1.82,20.58,99.76,70.25,entsoe.eu,false,""
2022-11-09T07:00:00.000000,Sweden,Sweden,SE,1.81,20.48,99.76,71.09,entsoe.eu,false,""
2022-11-09T08:00:00.000000,Sweden,Sweden,SE,1.95,20.84,99.72,72.15,entsoe.eu,false,""
2022-11-09T09:00:00.000000,Sweden,Sweden,SE,2.0,21.21,99.72,75.26,entsoe.eu,false,""
2022-11-09T10:00:00.000000,Sweden,Sweden,SE,2.0,21.6,99.72,75.66,entsoe.eu,false,""
2022-11-09T11:00:00.000000,Sweden,Sweden,SE,1.88,21.06,99.73,75.73,entsoe.eu,false,""
2022-11-09T12:00:00.000000,Sweden,Sweden,SE,1.97,21.61,99.72,80.37,entsoe.eu,false,""
2022-11-09T13:00:00.000000,Sweden,Sweden,SE,1.96,21.49,99.73,78.73,entsoe.eu,false,""
2022-11-09T14:00:00.000000,Sweden,Sweden,SE,1.8,21.17,99.75,79.18,entsoe.eu,false,""
2022-11-09T15:00:00.000000,Sweden,Sweden,SE,1.81,21.35,99.75,79.45,entsoe.eu,false,""
2022-11-09T16:00:00.000000,Sweden,Sweden,SE,1.77,21.29,99.76,79.53,entsoe.eu,false,""
2022-11-09T17:00:00.000000,Sweden,Sweden,SE,1.73,21.38,99.78,78.82,entsoe.eu,false,""
2022-11-09T18:00:00.000000,Sweden,Sweden,SE,1.91,21.5,99.76,78.16,entsoe.eu,false,""
2022-11-09T19:00:00.000000,Sweden,Sweden,SE,1.79,21.24,99.76,78.25,entsoe.eu,false,""
2022-11-09T20:00:00.000000,Sweden,Sweden,SE,1.75,20.81,99.77,77.48,entsoe.eu,false,""
2022-11-09T21:00:00.000000,Sweden,Sweden,SE,1.76,20.65,99.76,76.85,entsoe.eu,false,""
2022-11-09T22:00:00.000000,Sweden,Sweden,SE,1.8,20.86,99.76,75.89,entsoe.eu,false,""
2022-11-09T23:00:00.000000,Sweden,Sweden,SE,1.94,21.18,99.73,74.07,entsoe.eu,false,""
2022-11-10T00:00:00.000000,Sweden,Sweden,SE,1.97,21.18,99.72,73.45,entsoe.eu,false,""
2022-11-10T01:00:00.000000,Sweden,Sweden,SE,1.97,21.21,99.72,73.28,entsoe.eu,false,""
2022-11-10T02:00:00.000000,Sweden,Sweden,SE,1.8,21.06,99.77,72.38,entsoe.eu,false,""
2022-11-10T03:00:00.000000,Sweden,Sweden,SE,1.68,21.02,99.8,71.0,entsoe.eu,false,""
2022-11-10T04:00:00.000000,Sweden,Sweden,SE,1.65,20.93,99.81,71.86,entsoe.eu,false,""
2022-11-10T05:00:00.000000,Sweden,Sweden,SE,1.86,21.58,99.76,73.66,entsoe.eu,false,""
2022-11-10T06:00:00.000000,Sweden,Sweden,SE,1.88,21.61,99.76,73.71,entsoe.eu,false,""
2022-11-10T07:00:00.000000,Sweden,Sweden,SE,1.81,21.58,99.78,73.36,entsoe.eu,false,""
2022-11-10T08:00:00.000000,Sweden,Sweden,SE,1.81,21.7,99.78,73.49,entsoe.eu,false,""
2022-11-10T09:00:00.000000,Sweden,Sweden,SE,1.83,21.98,99.78,73.35,entsoe.eu,false,""
2022-11-10T10:00:00.000000,Sweden,Sweden,SE,1.71,21.87,99.81,73.13,entsoe.eu,false,""
2022-11-10T11:00:00.000000,Sweden,Sweden,SE,1.72,21.28,99.79,72.61,entsoe.eu,false,""
2022-11-10T12:00:00.000000,Sweden,Sweden,SE,1.55,20.95,99.84,71.4,entsoe.eu,false,""
2022-11-10T13:00:00.000000,Sweden,Sweden,SE,1.45,20.74,99.87,70.79,entsoe.eu,false,""
2022-11-10T14:00:00.000000,Sweden,Sweden,SE,1.22,20.11,99.91,70.53,entsoe.eu,false,""
2022-11-10T15:00:00.000000,Sweden,Sweden,SE,1.14,19.68,99.92,71.17,entsoe.eu,false,""
2022-11-10T16:00:00.000000,Sweden,Sweden,SE,1.04,19.01,99.93,72.31,entsoe.eu,false,""
2022-11-10T17:00:00.000000,Sweden,Sweden,SE,1.0,18.66,99.94,71.54,entsoe.eu,false,""
2022-11-10T18:00:00.000000,Sweden,Sweden,SE,1.03,18.7,99.94,71.14,entsoe.eu,false,""
2022-11-10T19:00:00.000000,Sweden,Sweden,SE,0.98,18.3,99.94,71.29,entsoe.eu,false,""
2022-11-10T20:00:00.000000,Sweden,Sweden,SE,0.87,17.34,99.95,70.61,entsoe.eu,false,""
2022-11-10T21:00:00.000000,Sweden,Sweden,SE,0.8,16.83,99.95,70.44,entsoe.eu,false,""
2022-11-10T22:00:00.000000,Sweden,Sweden,SE,0.78,16.73,99.95,71.23,entsoe.eu,false,""
2022-11-10T23:00:00.000000,Sweden,Sweden,SE,0.78,16.78,99.95,71.4,entsoe.eu,false,""
2022-11-11T00:00:00.000000,Sweden,Sweden,SE,0.79,16.74,99.95,71.78,entsoe.eu,false,""
2022-11-11T01:00:00.000000,Sweden,Sweden,SE,1.32,17.65,99.86,72.06,entsoe.eu,false,""
2022-11-11T02:00:00.000000,Sweden,Sweden,SE,1.53,18.06,99.83,71.51,entsoe.eu,false,""
2022-11-11T03:00:00.000000,Sweden,Sweden,SE,0.79,16.91,99.95,71.49,entsoe.eu,false,""
2022-11-11T04:00:00.000000,Sweden,Sweden,SE,0.76,16.75,99.95,72.55,entsoe.eu,false,""
2022-11-11T05:00:00.000000,Sweden,Sweden,SE,0.8,17.12,99.95,73.19,entsoe.eu,false,""
2022-11-11T06:00:00.000000,Sweden,Sweden,SE,0.79,17.06,99.95,73.81,entsoe.eu,false,""
2022-11-11T07:00:00.000000,Sweden,Sweden,SE,0.76,16.96,99.95,74.69,entsoe.eu,false,""
2022-11-11T08:00:00.000000,Sweden,Sweden,SE,1.17,17.75,99.84,74.36,entsoe.eu,false,""
2022-11-11T09:00:00.000000,Sweden,Sweden,SE,0.76,17.08,99.95,74.46,entsoe.eu,false,""
2022-11-11T10:00:00.000000,Sweden,Sweden,SE,0.76,16.98,99.95,74.17,entsoe.eu,false,""
2022-11-11T11:00:00.000000,Sweden,Sweden,SE,0.99,17.08,99.92,73.2,entsoe.eu,false,""
2022-11-11T12:00:00.000000,Sweden,Sweden,SE,1.0,17.21,99.92,73.53,entsoe.eu,false,""
2022-11-11T13:00:00.000000,Sweden,Sweden,SE,0.82,17.17,99.95,73.66,entsoe.eu,false,""
2022-11-11T14:00:00.000000,Sweden,Sweden,SE,0.78,16.92,99.95,73.97,entsoe.eu,false,""
2022-11-11T15:00:00.000000,Sweden,Sweden,SE,0.78,16.95,99.95,74.67,entsoe.eu,false,""
2022-11-11T16:00:00.000000,Sweden,Sweden,SE,0.76,16.73,99.95,74.26,entsoe.eu,false,""
2022-11-11T17:00:00.000000,Sweden,Sweden,SE,0.75,16.73,99.95,73.99,entsoe.eu,false,""
2022-11-11T18:00:00.000000,Sweden,Sweden,SE,0.78,16.92,99.95,72.57,entsoe.eu,false,""
2022-11-11T19:00:00.000000,Sweden,Sweden,SE,0.81,17.16,99.95,71.34,entsoe.eu,false,""
2022-11-11T20:00:00.000000,Sweden,Sweden,SE,0.84,17.25,99.95,70.48,entsoe.eu,false,""
2022-11-11T21:00:00.000000,Sweden,Sweden,SE,0.85,17.34,99.95,70.21,entsoe.eu,false,""
2022-11-11T22:00:00.000000,Sweden,Sweden,SE,0.82,17.08,99.95,70.36,entsoe.eu,false,""
2022-11-11T23:00:00.000000,Sweden,Sweden,SE,0.83,17.05,99.95,68.34,entsoe.eu,false,""
2022-11-12T00:00:00.000000,Sweden,Sweden,SE,0.82,17.0,99.95,68.58,entsoe.eu,false,""
2022-11-12T01:00:00.000000,Sweden,Sweden,SE,0.81,16.95,99.95,68.56,entsoe.eu,false,""
2022-11-12T02:00:00.000000,Sweden,Sweden,SE,0.83,17.03,99.95,67.5,entsoe.eu,false,""
2022-11-12T03:00:00.000000,Sweden,Sweden,SE,0.82,16.97,99.95,67.74,entsoe.eu,false,""
2022-11-12T04:00:00.000000,Sweden,Sweden,SE,0.82,16.89,99.95,67.31,entsoe.eu,false,""
2022-11-12T05:00:00.000000,Sweden,Sweden,SE,0.8,16.77,99.95,67.09,entsoe.eu,false,""
2022-11-12T06:00:00.000000,Sweden,Sweden,SE,0.77,16.61,99.95,68.69,entsoe.eu,false,""
2022-11-12T07:00:00.000000,Sweden,Sweden,SE,0.76,16.56,99.95,68.82,entsoe.eu,false,""
2022-11-12T08:00:00.000000,Sweden,Sweden,SE,0.78,16.74,99.95,69.66,entsoe.eu,false,""
2022-11-12T09:00:00.000000,Sweden,Sweden,SE,0.76,16.72,99.95,70.33,entsoe.eu,false,""
2022-11-12T10:00:00.000000,Sweden,Sweden,SE,0.77,16.74,99.95,69.93,entsoe.eu,false,""
2022-11-12T11:00:00.000000,Sweden,Sweden,SE,0.79,16.83,99.95,69.63,entsoe.eu,false,""
2022-11-12T12:00:00.000000,Sweden,Sweden,SE,0.79,16.77,99.95,69.54,entsoe.eu,false,""
2022-11-12T13:00:00.000000,Sweden,Sweden,SE,0.77,16.48,99.95,69.09,entsoe.eu,false,""
2022-11-12T14:00:00.000000,Sweden,Sweden,SE,0.74,16.27,99.95,69.9,entsoe.eu,false,""
2022-11-12T15:00:00.000000,Sweden,Sweden,SE,0.71,16.37,99.95,72.45,entsoe.eu,false,""
2022-11-12T16:00:00.000000,Sweden,Sweden,SE,0.74,16.28,99.94,72.89,entsoe.eu,false,""
2022-11-12T17:00:00.000000,Sweden,Sweden,SE,0.71,16.22,99.95,72.79,entsoe.eu,false,""
2022-11-12T18:00:00.000000,Sweden,Sweden,SE,0.7,16.04,99.96,72.37,entsoe.eu,false,""
2022-11-12T19:00:00.000000,Sweden,Sweden,SE,0.73,16.39,99.95,71.8,entsoe.eu,false,""
2022-11-12T20:00:00.000000,Sweden,Sweden,SE,0.74,16.63,99.95,71.38,entsoe.eu,false,""
2022-11-12T21:00:00.000000,Sweden,Sweden,SE,0.76,16.7,99.95,70.19,entsoe.eu,false,""
2022-11-12T22:00:00.000000,Sweden,Sweden,SE,0.78,16.83,99.94,69.5,entsoe.eu,false,""
2022-11-12T23:00:00.000000,Sweden,Sweden,SE,0.78,16.12,99.95,67.33,entsoe.eu,false,""
2022-11-13T00:00:00.000000,Sweden,Sweden,SE,0.82,16.02,99.94,65.65,entsoe.eu,false,""
2022-11-13T01:00:00.000000,Sweden,Sweden,SE,0.94,16.42,99.91,65.18,entsoe.eu,false,""
2022-11-13T02:00:00.000000,Sweden,Sweden,SE,0.96,16.45,99.91,65.55,entsoe.eu,false,""
2022-11-13T03:00:00.000000,Sweden,Sweden,SE,1.04,16.65,99.89,66.04,entsoe.eu,false,""
2022-11-13T04:00:00.000000,Sweden,Sweden,SE,1.42,17.46,99.79,67.03,entsoe.eu,false,""
2022-11-13T05:00:00.000000,Sweden,Sweden,SE,1.41,17.62,99.8,67.49,entsoe.eu,false,""
2022-11-13T06:00:00.000000,Sweden,Sweden,SE,1.42,18.0,99.81,68.09,entsoe.eu,false,""
2022-11-13T07:00:00.000000,Sweden,Sweden,SE,1.45,18.23,99.8,69.52,entsoe.eu,false,""
2022-11-13T08:00:00.000000,Sweden,Sweden,SE,1.64,19.27,99.77,71.12,entsoe.eu,false,""
2022-11-13T09:00:00.000000,Sweden,Sweden,SE,1.77,19.9,99.74,71.66,entsoe.eu,false,""
2022-11-13T10:00:00.000000,Sweden,Sweden,SE,1.8,20.49,99.74,71.87,entsoe.eu,false,""
2022-11-13T11:00:00.000000,Sweden,Sweden,SE,1.77,20.43,99.75,71.76,entsoe.eu,false,""
2022-11-13T12:00:00.000000,Sweden,Sweden,SE,1.92,20.92,99.73,71.03,entsoe.eu,false,""
2022-11-13T13:00:00.000000,Sweden,Sweden,SE,2.0,21.08,99.71,70.9,entsoe.eu,false,""
2022-11-13T14:00:00.000000,Sweden,Sweden,SE,2.03,21.33,99.7,71.5,entsoe.eu,false,""
2022-11-13T15:00:00.000000,Sweden,Sweden,SE,2.03,21.49,99.71,72.21,entsoe.eu,false,""
2022-11-13T16:00:00.000000,Sweden,Sweden,SE,2.04,21.5,99.7,72.53,entsoe.eu,false,""
2022-11-13T17:00:00.000000,Sweden,Sweden,SE,1.88,21.19,99.74,72.16,entsoe.eu,false,""
2022-11-13T18:00:00.000000,Sweden,Sweden,SE,1.85,21.12,99.76,70.98,entsoe.eu,false,""
2022-11-13T19:00:00.000000,Sweden,Sweden,SE,1.83,20.99,99.76,70.64,entsoe.eu,false,""
2022-11-13T20:00:00.000000,Sweden,Sweden,SE,1.85,21.02,99.76,69.81,entsoe.eu,false,""
2022-11-13T21:00:00.000000,Sweden,Sweden,SE,1.86,20.78,99.75,69.27,entsoe.eu,false,""
2022-11-13T22:00:00.000000,Sweden,Sweden,SE,1.76,20.33,99.77,68.67,entsoe.eu,false,""
2022-11-13T23:00:00.000000,Sweden,Sweden,SE,1.83,20.36,99.75,68.59,entsoe.eu,false,""
2022-11-14T00:00:00.000000,Sweden,Sweden,SE,1.86,20.07,99.73,68.33,entsoe.eu,false,""
2022-11-14T01:00:00.000000,Sweden,Sweden,SE,1.87,20.32,99.74,68.15,entsoe.eu,false,""
2022-11-14T02:00:00.000000,Sweden,Sweden,SE,1.87,20.49,99.74,68.1,entsoe.eu,false,""
2022-11-14T03:00:00.000000,Sweden,Sweden,SE,1.89,20.62,99.74,68.41,entsoe.eu,false,""
2022-11-14T04:00:00.000000,Sweden,Sweden,SE,2.02,22.12,99.74,69.3,entsoe.eu,false,""
2022-11-14T05:00:00.000000,Sweden,Sweden,SE,2.0,22.47,99.75,71.34,entsoe.eu,false,""
2022-11-14T06:00:00.000000,Sweden,Sweden,SE,2.03,22.84,99.75,71.81,entsoe.eu,false,""
2022-11-14T07:00:00.000000,Sweden,Sweden,SE,2.0,22.9,99.76,71.74,entsoe.eu,false,""
2022-11-14T08:00:00.000000,Sweden,Sweden,SE,1.99,22.91,99.76,71.35,entsoe.eu,false,""
2022-11-14T09:00:00.000000,Sweden,Sweden,SE,2.38,23.59,99.72,70.79,entsoe.eu,false,""
2022-11-14T10:00:00.000000,Sweden,Sweden,SE,1.86,22.83,99.8,70.46,entsoe.eu,false,""
2022-11-14T11:00:00.000000,Sweden,Sweden,SE,1.87,22.55,99.78,70.87,entsoe.eu,false,""
2022-11-14T12:00:00.000000,Sweden,Sweden,SE,1.96,22.88,99.76,71.52,entsoe.eu,false,""
2022-11-14T13:00:00.000000,Sweden,Sweden,SE,2.09,23.4,99.74,73.94,entsoe.eu,false,""
2022-11-14T14:00:00.000000,Sweden,Sweden,SE,2.19,23.97,99.73,73.74,entsoe.eu,false,""
2022-11-14T15:00:00.000000,Sweden,Sweden,SE,2.33,25.4,99.73,73.5,entsoe.eu,false,""
2022-11-14T16:00:00.000000,Sweden,Sweden,SE,2.39,26.24,99.73,73.2,entsoe.eu,false,""
2022-11-14T17:00:00.000000,Sweden,Sweden,SE,2.4,25.96,99.72,73.45,entsoe.eu,false,""
2022-11-14T18:00:00.000000,Sweden,Sweden,SE,2.2,24.38,99.74,72.89,entsoe.eu,false,""
2022-11-14T19:00:00.000000,Sweden,Sweden,SE,2.08,23.76,99.76,72.27,entsoe.eu,false,""
2022-11-14T20:00:00.000000,Sweden,Sweden,SE,2.12,23.95,99.75,72.63,entsoe.eu,false,""
2022-11-14T21:00:00.000000,Sweden,Sweden,SE,2.09,23.12,99.75,71.19,entsoe.eu,false,""
2022-11-14T22:00:00.000000,Sweden,Sweden,SE,1.95,22.05,99.76,69.67,entsoe.eu,false,""
2022-11-14T23:00:00.000000,Sweden,Sweden,SE,1.8,20.7,99.77,69.95,entsoe.eu,false,""
2022-11-15T00:00:00.000000,Sweden,Sweden,SE,1.56,20.32,99.83,69.11,entsoe.eu,false,""
2022-11-15T01:00:00.000000,Sweden,Sweden,SE,1.53,20.36,99.85,68.51,entsoe.eu,false,""
2022-11-15T02:00:00.000000,Sweden,Sweden,SE,1.65,20.61,99.82,68.97,entsoe.eu,false,""
2022-11-15T03:00:00.000000,Sweden,Sweden,SE,1.75,20.9,99.8,68.55,entsoe.eu,false,""
2022-11-15T04:00:00.000000,Sweden,Sweden,SE,1.82,21.45,99.79,69.49,entsoe.eu,false,""
2022-11-15T05:00:00.000000,Sweden,Sweden,SE,1.84,22.21,99.8,71.44,entsoe.eu,false,""
2022-11-15T06:00:00.000000,Sweden,Sweden,SE,1.88,22.26,99.79,72.88,entsoe.eu,false,""
2022-11-15T07:00:00.000000,Sweden,Sweden,SE,1.61,22.0,99.86,72.45,entsoe.eu,false,""
2022-11-15T08:00:00.000000,Sweden,Sweden,SE,1.74,22.36,99.84,72.09,entsoe.eu,false,""
2022-11-15T09:00:00.000000,Sweden,Sweden,SE,1.83,22.77,99.82,72.64,entsoe.eu,false,""
2022-11-15T10:00:00.000000,Sweden,Sweden,SE,1.81,22.65,99.82,72.65,entsoe.eu,false,""
2022-11-15T11:00:00.000000,Sweden,Sweden,SE,1.69,22.26,99.84,72.17,entsoe.eu,false,""
2022-11-15T12:00:00.000000,Sweden,Sweden,SE,1.69,22.29,99.84,71.89,entsoe.eu,false,""
2022-11-15T13:00:00.000000,Sweden,Sweden,SE,1.88,22.27,99.79,72.06,entsoe.eu,false,""
2022-11-15T14:00:00.000000,Sweden,Sweden,SE,1.9,22.32,99.78,72.05,entsoe.eu,false,""
2022-11-15T15:00:00.000000,Sweden,Sweden,SE,1.89,22.53,99.79,72.06,entsoe.eu,false,""
2022-11-15T16:00:00.000000,Sweden,Sweden,SE,1.91,22.59,99.78,72.92,entsoe.eu,false,""
2022-11-15T17:00:00.000000,Sweden,Sweden,SE,1.88,22.37,99.79,71.4,entsoe.eu,false,""
2022-11-15T18:00:00.000000,Sweden,Sweden,SE,2.04,22.88,99.77,70.58,entsoe.eu,false,""
2022-11-15T19:00:00.000000,Sweden,Sweden,SE,2.23,23.39,99.73,71.01,entsoe.eu,false,""
2022-11-15T20:00:00.000000,Sweden,Sweden,SE,2.03,23.11,99.76,69.76,entsoe.eu,false,""
2022-11-15T21:00:00.000000,Sweden,Sweden,SE,2.2,22.91,99.73,68.39,entsoe.eu,false,""
2022-11-15T22:00:00.000000,Sweden,Sweden,SE,2.65,22.96,99.7,66.95,entsoe.eu,false,""
2022-11-15T23:00:00.000000,Sweden,Sweden,SE,3.45,23.98,99.56,65.35,entsoe.eu,false,""
2022-11-16T00:00:00.000000,Sweden,Sweden,SE,4.2,24.89,99.45,65.05,entsoe.eu,false,""
2022-11-16T01:00:00.000000,Sweden,Sweden,SE,4.83,25.57,99.36,65.43,entsoe.eu,false,""
2022-11-16T02:00:00.000000,Sweden,Sweden,SE,4.93,25.82,99.35,65.37,entsoe.eu,false,""
2022-11-16T03:00:00.000000,Sweden,Sweden,SE,4.78,25.82,99.39,65.07,entsoe.eu,false,""
2022-11-16T04:00:00.000000,Sweden,Sweden,SE,4.44,25.94,99.45,65.35,entsoe.eu,false,""
2022-11-16T05:00:00.000000,Sweden,Sweden,SE,3.96,25.64,99.5,68.06,entsoe.eu,false,""
2022-11-16T06:00:00.000000,Sweden,Sweden,SE,4.33,25.72,99.46,71.43,entsoe.eu,false,""
2022-11-16T07:00:00.000000,Sweden,Sweden,SE,5.62,27.06,99.34,71.86,entsoe.eu,false,""
2022-11-16T08:00:00.000000,Sweden,Sweden,SE,4.6,26.17,99.44,71.84,entsoe.eu,false,""
2022-11-16T09:00:00.000000,Sweden,Sweden,SE,4.25,25.23,99.47,71.99,entsoe.eu,false,""
2022-11-16T10:00:00.000000,Sweden,Sweden,SE,4.62,25.82,99.43,72.12,entsoe.eu,false,""
2022-11-16T11:00:00.000000,Sweden,Sweden,SE,4.06,24.89,99.49,71.95,entsoe.eu,false,""
2022-11-16T12:00:00.000000,Sweden,Sweden,SE,4.15,25.07,99.48,71.99,entsoe.eu,false,""
2022-11-16T13:00:00.000000,Sweden,Sweden,SE,4.39,25.19,99.45,72.06,entsoe.eu,false,""
2022-11-16T14:00:00.000000,Sweden,Sweden,SE,4.11,24.93,99.48,71.91,entsoe.eu,false,""
2022-11-16T15:00:00.000000,Sweden,Sweden,SE,4.3,25.42,99.47,72.15,entsoe.eu,false,""
2022-11-16T16:00:00.000000,Sweden,Sweden,SE,2.81,23.68,99.65,73.05,entsoe.eu,false,""
2022-11-16T17:00:00.000000,Sweden,Sweden,SE,2.62,23.56,99.68,72.51,entsoe.eu,false,""
2022-11-16T18:00:00.000000,Sweden,Sweden,SE,3.94,25.48,99.5,71.56,entsoe.eu,false,""
2022-11-16T19:00:00.000000,Sweden,Sweden,SE,4.28,25.59,99.45,71.16,entsoe.eu,false,""
2022-11-16T20:00:00.000000,Sweden,Sweden,SE,4.69,26.14,99.4,69.59,entsoe.eu,false,""
2022-11-16T21:00:00.000000,Sweden,Sweden,SE,4.7,25.12,99.38,68.79,entsoe.eu,false,""
2022-11-16T22:00:00.000000,Sweden,Sweden,SE,4.97,25.66,99.34,67.53,entsoe.eu,false,""
2022-11-16T23:00:00.000000,Sweden,Sweden,SE,4.74,24.69,99.38,67.4,entsoe.eu,false,""
2022-11-17T00:00:00.000000,Sweden,Sweden,SE,5.09,25.65,99.35,65.68,entsoe.eu,false,""
2022-11-17T01:00:00.000000,Sweden,Sweden,SE,8.55,29.63,99.01,63.67,entsoe.eu,false,""
2022-11-17T02:00:00.000000,Sweden,Sweden,SE,9.24,30.7,98.95,63.73,entsoe.eu,false,""
2022-11-17T03:00:00.000000,Sweden,Sweden,SE,9.35,31.35,98.96,63.63,entsoe.eu,false,""
2022-11-17T04:00:00.000000,Sweden,Sweden,SE,8.65,31.43,98.99,64.98,entsoe.eu,false,""
2022-11-17T05:00:00.000000,Sweden,Sweden,SE,2.68,23.83,99.67,70.3,entsoe.eu,false,""
2022-11-17T06:00:00.000000,Sweden,Sweden,SE,3.83,25.31,99.53,71.63,entsoe.eu,false,""
2022-11-17T07:00:00.000000,Sweden,Sweden,SE,5.79,27.59,99.29,71.77,entsoe.eu,false,""
2022-11-17T08:00:00.000000,Sweden,Sweden,SE,5.21,27.14,99.37,71.95,entsoe.eu,false,""
2022-11-17T09:00:00.000000,Sweden,Sweden,SE,5.33,27.27,99.27,71.92,entsoe.eu,false,""
2022-11-17T10:00:00.000000,Sweden,Sweden,SE,5.11,26.95,99.35,72.23,entsoe.eu,false,""
2022-11-17T11:00:00.000000,Sweden,Sweden,SE,5.12,27.15,99.35,72.03,entsoe.eu,false,""
2022-11-17T12:00:00.000000,Sweden,Sweden,SE,4.96,26.7,99.36,71.83,entsoe.eu,false,""
2022-11-17T13:00:00.000000,Sweden,Sweden,SE,5.19,27.07,99.34,71.59,entsoe.eu,false,""
2022-11-17T14:00:00.000000,Sweden,Sweden,SE,5.03,26.56,99.36,71.81,entsoe.eu,false,""
2022-11-17T15:00:00.000000,Sweden,Sweden,SE,5.33,26.41,99.31,72.63,entsoe.eu,false,""
2022-11-17T16:00:00.000000,Sweden,Sweden,SE,4.24,25.06,99.45,73.26,entsoe.eu,false,""
2022-11-17T17:00:00.000000,Sweden,Sweden,SE,3.86,24.33,99.48,72.79,entsoe.eu,false,""
2022-11-17T18:00:00.000000,Sweden,Sweden,SE,3.84,24.28,99.49,72.6,entsoe.eu,false,""
2022-11-17T19:00:00.000000,Sweden,Sweden,SE,3.96,24.33,99.47,72.41,entsoe.eu,false,""
2022-11-17T20:00:00.000000,Sweden,Sweden,SE,4.22,24.29,99.44,71.67,entsoe.eu,false,""
2022-11-17T21:00:00.000000,Sweden,Sweden,SE,4.43,24.15,99.41,71.41,entsoe.eu,false,""
2022-11-17T22:00:00.000000,Sweden,Sweden,SE,4.8,24.59,99.36,70.54,entsoe.eu,false,""
2022-11-17T23:00:00.000000,Sweden,Sweden,SE,5.03,25.6,99.32,69.67,entsoe.eu,false,""
2022-11-18T00:00:00.000000,Sweden,Sweden,SE,4.44,24.92,99.4,69.17,entsoe.eu,false,""
2022-11-18T01:00:00.000000,Sweden,Sweden,SE,4.1,24.23,99.45,68.97,entsoe.eu,false,""
2022-11-18T02:00:00.000000,Sweden,Sweden,SE,4.86,25.26,99.36,68.76,entsoe.eu,false,""
2022-11-18T03:00:00.000000,Sweden,Sweden,SE,4.62,25.32,99.39,69.22,entsoe.eu,false,""
2022-11-18T04:00:00.000000,Sweden,Sweden,SE,4.19,25.63,99.46,69.35,entsoe.eu,false,""
2022-11-18T05:00:00.000000,Sweden,Sweden,SE,2.83,25.3,99.67,70.62,entsoe.eu,false,""
2022-11-18T06:00:00.000000,Sweden,Sweden,SE,2.73,25.15,99.68,72.67,entsoe.eu,false,""
2022-11-18T07:00:00.000000,Sweden,Sweden,SE,2.61,24.81,99.7,72.96,entsoe.eu,false,""
2022-11-18T08:00:00.000000,Sweden,Sweden,SE,2.71,25.03,99.69,73.13,entsoe.eu,false,""
2022-11-18T09:00:00.000000,Sweden,Sweden,SE,2.6,25.02,99.7,72.83,entsoe.eu,false,""
2022-11-18T10:00:00.000000,Sweden,Sweden,SE,2.97,25.59,99.65,72.76,entsoe.eu,false,""
2022-11-18T11:00:00.000000,Sweden,Sweden,SE,2.55,25.23,99.7,72.75,entsoe.eu,false,""
2022-11-18T12:00:00.000000,Sweden,Sweden,SE,2.52,25.15,99.71,72.49,entsoe.eu,false,""
2022-11-18T13:00:00.000000,Sweden,Sweden,SE,2.29,24.8,99.74,72.76,entsoe.eu,false,""
2022-11-18T14:00:00.000000,Sweden,Sweden,SE,2.72,25.29,99.67,73.61,entsoe.eu,false,""
2022-11-18T15:00:00.000000,Sweden,Sweden,SE,2.23,24.76,99.74,74.42,entsoe.eu,false,""
2022-11-18T16:00:00.000000,Sweden,Sweden,SE,2.19,24.43,99.74,74.43,entsoe.eu,false,""
2022-11-18T17:00:00.000000,Sweden,Sweden,SE,2.21,24.69,99.74,74.22,entsoe.eu,false,""
2022-11-18T18:00:00.000000,Sweden,Sweden,SE,2.21,24.55,99.74,74.03,entsoe.eu,false,""
2022-11-18T19:00:00.000000,Sweden,Sweden,SE,2.19,23.97,99.74,73.55,entsoe.eu,false,""
2022-11-18T20:00:00.000000,Sweden,Sweden,SE,2.22,23.9,99.73,72.8,entsoe.eu,false,""
2022-11-18T21:00:00.000000,Sweden,Sweden,SE,2.2,23.61,99.73,72.53,entsoe.eu,false,""
2022-11-18T22:00:00.000000,Sweden,Sweden,SE,2.26,23.93,99.72,71.79,entsoe.eu,false,""
2022-11-18T23:00:00.000000,Sweden,Sweden,SE,2.3,24.5,99.72,70.93,entsoe.eu,false,""
2022-11-19T00:00:00.000000,Sweden,Sweden,SE,2.34,24.74,99.72,70.47,entsoe.eu,false,""
2022-11-19T01:00:00.000000,Sweden,Sweden,SE,2.41,25.13,99.71,70.15,entsoe.eu,false,""
2022-11-19T02:00:00.000000,Sweden,Sweden,SE,2.47,25.4,99.7,70.15,entsoe.eu,false,""
2022-11-19T03:00:00.000000,Sweden,Sweden,SE,2.48,25.41,99.69,70.09,entsoe.eu,false,""
2022-11-19T04:00:00.000000,Sweden,Sweden,SE,2.49,25.37,99.69,70.29,entsoe.eu,false,""
2022-11-19T05:00:00.000000,Sweden,Sweden,SE,2.5,25.8,99.7,70.94,entsoe.eu,false,""
2022-11-19T06:00:00.000000,Sweden,Sweden,SE,2.42,25.83,99.71,71.81,entsoe.eu,false,""
2022-11-19T07:00:00.000000,Sweden,Sweden,SE,2.4,25.86,99.72,72.0,entsoe.eu,false,""
2022-11-19T08:00:00.000000,Sweden,Sweden,SE,2.39,26.04,99.72,72.6,entsoe.eu,false,""
2022-11-19T09:00:00.000000,Sweden,Sweden,SE,2.4,26.13,99.71,73.32,entsoe.eu,false,""
2022-11-19T10:00:00.000000,Sweden,Sweden,SE,2.44,26.23,99.71,73.5,entsoe.eu,false,""
2022-11-19T11:00:00.000000,Sweden,Sweden,SE,2.37,26.31,99.73,72.97,entsoe.eu,false,""
2022-11-19T12:00:00.000000,Sweden,Sweden,SE,2.96,27.15,99.65,72.54,entsoe.eu,false,""
2022-11-19T13:00:00.000000,Sweden,Sweden,SE,2.67,26.62,99.69,72.57,entsoe.eu,false,""
2022-11-19T14:00:00.000000,Sweden,Sweden,SE,2.3,25.87,99.74,72.97,entsoe.eu,false,""
2022-11-19T15:00:00.000000,Sweden,Sweden,SE,3.42,28.12,99.58,72.76,entsoe.eu,false,""
2022-11-19T16:00:00.000000,Sweden,Sweden,SE,4.92,29.91,99.37,72.45,entsoe.eu,false,""
2022-11-19T17:00:00.000000,Sweden,Sweden,SE,2.62,27.08,99.7,72.55,entsoe.eu,false,""
2022-11-19T18:00:00.000000,Sweden,Sweden,SE,2.54,26.88,99.7,72.92,entsoe.eu,false,""
2022-11-19T19:00:00.000000,Sweden,Sweden,SE,2.6,27.18,99.69,72.3,entsoe.eu,false,""
2022-11-19T20:00:00.000000,Sweden,Sweden,SE,2.63,27.17,99.68,71.96,entsoe.eu,false,""
2022-11-19T21:00:00.000000,Sweden,Sweden,SE,2.63,27.05,99.67,72.56,entsoe.eu,false,""
2022-11-19T22:00:00.000000,Sweden,Sweden,SE,2.71,27.1,99.65,72.44,entsoe.eu,false,""
2022-11-19T23:00:00.000000,Sweden,Sweden,SE,3.34,28.61,99.59,70.7,entsoe.eu,false,""
2022-11-20T00:00:00.000000,Sweden,Sweden,SE,22.09,48.59,97.81,68.55,,false,""
2022-11-20T01:00:00.000000,Sweden,Sweden,SE,17.32,43.49,98.25,68.98,,false,""
2022-11-20T02:00:00.000000,Sweden,Sweden,SE,14.58,40.8,98.52,68.42,,false,""
2022-11-20T03:00:00.000000,Sweden,Sweden,SE,18.3,44.96,98.18,67.94,,false,""
2022-11-20T04:00:00.000000,Sweden,Sweden,SE,2.93,28.55,99.64,69.3,,false,""
2022-11-20T05:00:00.000000,Sweden,Sweden,SE,2.92,28.31,99.64,70.41,,false,""
2022-11-20T06:00:00.000000,Sweden,Sweden,SE,2.84,28.07,99.65,71.08,,false,""
2022-11-20T07:00:00.000000,Sweden,Sweden,SE,7.79,35.02,99.01,70.72,,false,""
2022-11-20T08:00:00.000000,Sweden,Sweden,SE,6.18,32.85,99.21,70.81,,false,""
2022-11-20T09:00:00.000000,Sweden,Sweden,SE,6.26,32.77,99.19,71.25,,false,""
2022-11-20T10:00:00.000000,Sweden,Sweden,SE,7.99,35.04,98.95,71.38,,false,""
2022-11-20T11:00:00.000000,Sweden,Sweden,SE,12.39,40.43,98.39,71.24,,false,""
2022-11-20T12:00:00.000000,Sweden,Sweden,SE,14.9,42.77,98.16,70.78,,false,""
2022-11-20T13:00:00.000000,Sweden,Sweden,SE,11.3,38.22,98.59,71.3,,false,""
2022-11-20T14:00:00.000000,Sweden,Sweden,SE,15.48,42.49,98.1,71.33,,false,""
2022-11-20T15:00:00.000000,Sweden,Sweden,SE,16.4,43.42,97.99,71.69,,false,""
2022-11-20T16:00:00.000000,Sweden,Sweden,SE,15.02,41.25,98.26,71.85,,false,""
2022-11-20T17:00:00.000000,Sweden,Sweden,SE,12.0,37.96,98.51,72.24,,false,""
2022-11-20T18:00:00.000000,Sweden,Sweden,SE,11.3,36.99,98.6,72.26,,false,""
2022-11-20T19:00:00.000000,Sweden,Sweden,SE,8.83,34.06,98.89,72.25,,false,""
2022-11-20T20:00:00.000000,Sweden,Sweden,SE,3.08,27.76,99.65,71.87,,false,""
2022-11-20T21:00:00.000000,Sweden,Sweden,SE,2.49,26.66,99.72,72.41,,false,""
2022-11-20T22:00:00.000000,Sweden,Sweden,SE,2.73,26.96,99.68,71.84,,false,""
2022-11-20T23:00:00.000000,Sweden,Sweden,SE,19.87,45.52,97.97,71.01,entsoe.eu,false,""
2022-11-21T00:00:00.000000,Sweden,Sweden,SE,19.51,45.21,97.99,70.79,entsoe.eu,false,""
2022-11-21T01:00:00.000000,Sweden,Sweden,SE,19.51,45.52,98.0,70.61,entsoe.eu,false,""
2022-11-21T02:00:00.000000,Sweden,Sweden,SE,21.55,47.78,97.82,69.68,entsoe.eu,false,""
2022-11-21T03:00:00.000000,Sweden,Sweden,SE,21.24,47.52,97.86,69.86,entsoe.eu,false,""
2022-11-21T04:00:00.000000,Sweden,Sweden,SE,3.0,28.32,99.61,71.73,entsoe.eu,false,""
2022-11-21T05:00:00.000000,Sweden,Sweden,SE,2.95,28.24,99.62,73.14,entsoe.eu,false,""
2022-11-21T06:00:00.000000,Sweden,Sweden,SE,3.83,29.89,99.52,73.25,entsoe.eu,false,""
2022-11-21T07:00:00.000000,Sweden,Sweden,SE,5.26,31.83,99.34,72.99,entsoe.eu,false,""
2022-11-21T08:00:00.000000,Sweden,Sweden,SE,12.38,39.78,98.41,72.91,entsoe.eu,false,""
2022-11-21T09:00:00.000000,Sweden,Sweden,SE,5.42,31.7,99.31,73.61,entsoe.eu,false,""
2022-11-21T10:00:00.000000,Sweden,Sweden,SE,15.25,43.7,98.05,72.69,entsoe.eu,false,""
2022-11-21T11:00:00.000000,Sweden,Sweden,SE,15.87,44.86,97.97,72.55,entsoe.eu,false,""
2022-11-21T12:00:00.000000,Sweden,Sweden,SE,13.64,42.74,98.24,72.71,entsoe.eu,false,""
2022-11-21T13:00:00.000000,Sweden,Sweden,SE,4.29,31.09,99.47,74.04,entsoe.eu,false,""
2022-11-21T14:00:00.000000,Sweden,Sweden,SE,3.13,29.59,99.6,74.61,entsoe.eu,false,""
2022-11-21T15:00:00.000000,Sweden,Sweden,SE,3.05,29.82,99.63,74.21,entsoe.eu,false,""
2022-11-21T16:00:00.000000,Sweden,Sweden,SE,2.88,29.56,99.67,74.15,entsoe.eu,false,""
2022-11-21T17:00:00.000000,Sweden,Sweden,SE,11.54,39.95,98.51,73.36,entsoe.eu,false,""
2022-11-21T18:00:00.000000,Sweden,Sweden,SE,9.46,37.88,98.77,73.17,entsoe.eu,false,""
2022-11-21T19:00:00.000000,Sweden,Sweden,SE,7.9,36.04,99.0,72.72,entsoe.eu,false,""
2022-11-21T20:00:00.000000,Sweden,Sweden,SE,4.86,32.21,99.4,72.33,entsoe.eu,false,""
2022-11-21T21:00:00.000000,Sweden,Sweden,SE,3.13,28.43,99.57,71.97,entsoe.eu,false,""
2022-11-21T22:00:00.000000,Sweden,Sweden,SE,4.14,30.14,99.44,71.22,entsoe.eu,false,""
2022-11-21T23:00:00.000000,Sweden,Sweden,SE,10.01,37.73,98.85,68.52,entsoe.eu,false,""
2022-11-22T00:00:00.000000,Sweden,Sweden,SE,10.9,38.97,98.63,67.94,entsoe.eu,false,""
2022-11-22T01:00:00.000000,Sweden,Sweden,SE,15.32,44.22,98.12,67.25,entsoe.eu,false,""
2022-11-22T02:00:00.000000,Sweden,Sweden,SE,15.26,43.55,98.19,67.03,entsoe.eu,false,""
2022-11-22T03:00:00.000000,Sweden,Sweden,SE,18.03,47.14,97.86,67.26,entsoe.eu,false,""
2022-11-22T04:00:00.000000,Sweden,Sweden,SE,15.78,45.36,98.01,68.15,entsoe.eu,false,""
2022-11-22T05:00:00.000000,Sweden,Sweden,SE,7.01,33.51,99.04,71.53,entsoe.eu,false,""
2022-11-22T06:00:00.000000,Sweden,Sweden,SE,8.96,35.63,98.8,72.88,entsoe.eu,false,""
2022-11-22T07:00:00.000000,Sweden,Sweden,SE,10.27,36.94,98.6,72.95,entsoe.eu,false,""
2022-11-22T08:00:00.000000,Sweden,Sweden,SE,10.27,36.95,98.59,72.77,entsoe.eu,false,""
2022-11-22T09:00:00.000000,Sweden,Sweden,SE,9.21,35.85,98.71,73.3,entsoe.eu,false,""
2022-11-22T10:00:00.000000,Sweden,Sweden,SE,8.5,34.95,98.81,73.11,entsoe.eu,false,""
2022-11-22T11:00:00.000000,Sweden,Sweden,SE,7.99,34.4,98.89,73.19,entsoe.eu,false,""
2022-11-22T12:00:00.000000,Sweden,Sweden,SE,7.19,33.36,99.0,73.0,entsoe.eu,false,""
2022-11-22T13:00:00.000000,Sweden,Sweden,SE,7.82,34.22,98.93,72.79,entsoe.eu,false,""
2022-11-22T14:00:00.000000,Sweden,Sweden,SE,8.14,34.92,98.87,73.28,entsoe.eu,false,""
2022-11-22T15:00:00.000000,Sweden,Sweden,SE,8.82,35.68,98.78,73.77,entsoe.eu,false,""
2022-11-22T16:00:00.000000,Sweden,Sweden,SE,9.16,36.06,98.76,73.82,entsoe.eu,false,""
2022-11-22T17:00:00.000000,Sweden,Sweden,SE,6.38,32.72,99.15,73.69,entsoe.eu,false,""
2022-11-22T18:00:00.000000,Sweden,Sweden,SE,2.81,28.31,99.66,73.98,entsoe.eu,false,""
2022-11-22T19:00:00.000000,Sweden,Sweden,SE,3.43,29.44,99.58,73.18,entsoe.eu,false,""
2022-11-22T20:00:00.000000,Sweden,Sweden,SE,3.74,30.06,99.55,72.08,entsoe.eu,false,""
2022-11-22T21:00:00.000000,Sweden,Sweden,SE,3.63,29.87,99.56,71.18,entsoe.eu,false,""
2022-11-22T22:00:00.000000,Sweden,Sweden,SE,2.98,28.83,99.65,70.59,entsoe.eu,false,""
2022-11-22T23:00:00.000000,Sweden,Sweden,SE,4.51,30.46,99.44,69.88,entsoe.eu,false,""
2022-11-23T00:00:00.000000,Sweden,Sweden,SE,7.35,33.63,99.17,68.83,entsoe.eu,false,""
2022-11-23T01:00:00.000000,Sweden,Sweden,SE,20.91,48.69,97.78,67.71,entsoe.eu,false,""
2022-11-23T02:00:00.000000,Sweden,Sweden,SE,23.14,51.21,97.63,67.02,entsoe.eu,false,""
2022-11-23T03:00:00.000000,Sweden,Sweden,SE,4.8,32.09,99.4,68.34,entsoe.eu,false,""
2022-11-23T04:00:00.000000,Sweden,Sweden,SE,3.88,29.83,99.51,70.18,entsoe.eu,false,""
2022-11-23T05:00:00.000000,Sweden,Sweden,SE,2.9,27.96,99.63,72.28,entsoe.eu,false,""
2022-11-23T06:00:00.000000,Sweden,Sweden,SE,5.79,31.45,99.22,73.63,entsoe.eu,false,""
2022-11-23T07:00:00.000000,Sweden,Sweden,SE,6.29,31.85,99.18,73.84,entsoe.eu,false,""
2022-11-23T08:00:00.000000,Sweden,Sweden,SE,5.93,31.5,99.22,74.07,entsoe.eu,false,""
2022-11-23T09:00:00.000000,Sweden,Sweden,SE,4.92,29.92,99.33,74.16,entsoe.eu,false,""
2022-11-23T10:00:00.000000,Sweden,Sweden,SE,7.53,33.44,98.95,73.85,entsoe.eu,false,""
2022-11-23T11:00:00.000000,Sweden,Sweden,SE,5.72,31.29,99.23,73.85,entsoe.eu,false,""
2022-11-23T12:00:00.000000,Sweden,Sweden,SE,5.79,31.74,99.24,73.3,entsoe.eu,false,""
2022-11-23T13:00:00.000000,Sweden,Sweden,SE,5.39,30.85,99.28,74.06,entsoe.eu,false,""
2022-11-23T14:00:00.000000,Sweden,Sweden,SE,6.16,31.11,99.15,74.39,entsoe.eu,false,""
2022-11-23T15:00:00.000000,Sweden,Sweden,SE,7.6,33.52,98.95,74.34,entsoe.eu,false,""
2022-11-23T16:00:00.000000,Sweden,Sweden,SE,8.62,34.66,98.81,74.45,entsoe.eu,false,""
2022-11-23T17:00:00.000000,Sweden,Sweden,SE,7.79,33.68,98.98,73.91,entsoe.eu,false,""
2022-11-23T18:00:00.000000,Sweden,Sweden,SE,5.94,31.33,99.23,73.72,entsoe.eu,false,""
2022-11-23T19:00:00.000000,Sweden,Sweden,SE,6.39,31.59,99.17,72.89,entsoe.eu,false,""
2022-11-23T20:00:00.000000,Sweden,Sweden,SE,8.35,34.86,98.91,71.5,entsoe.eu,false,""
2022-11-23T21:00:00.000000,Sweden,Sweden,SE,6.55,32.38,99.15,70.81,entsoe.eu,false,""
2022-11-23T22:00:00.000000,Sweden,Sweden,SE,7.41,33.37,99.03,70.31,entsoe.eu,false,""
2022-11-23T23:00:00.000000,Sweden,Sweden,SE,6.57,32.63,99.15,69.1,entsoe.eu,false,""
2022-11-24T00:00:00.000000,Sweden,Sweden,SE,4.99,31.05,99.36,68.01,entsoe.eu,false,""
2022-11-24T01:00:00.000000,Sweden,Sweden,SE,4.2,30.3,99.46,67.7,entsoe.eu,false,""
2022-11-24T02:00:00.000000,Sweden,Sweden,SE,5.39,31.99,99.3,67.69,entsoe.eu,false,""
2022-11-24T03:00:00.000000,Sweden,Sweden,SE,4.5,30.79,99.42,67.97,entsoe.eu,false,""
2022-11-24T04:00:00.000000,Sweden,Sweden,SE,4.35,30.24,99.45,69.44,entsoe.eu,false,""
2022-11-24T05:00:00.000000,Sweden,Sweden,SE,3.71,29.43,99.54,71.54,entsoe.eu,false,""
2022-11-24T06:00:00.000000,Sweden,Sweden,SE,4.58,30.08,99.39,73.07,entsoe.eu,false,""
2022-11-24T07:00:00.000000,Sweden,Sweden,SE,6.19,32.37,99.17,72.97,entsoe.eu,false,""
2022-11-24T08:00:00.000000,Sweden,Sweden,SE,5.86,31.85,99.22,73.03,entsoe.eu,false,""
2022-11-24T09:00:00.000000,Sweden,Sweden,SE,6.53,32.87,99.1,72.99,entsoe.eu,false,""
2022-11-24T10:00:00.000000,Sweden,Sweden,SE,9.1,36.0,98.72,72.82,entsoe.eu,false,""
2022-11-24T11:00:00.000000,Sweden,Sweden,SE,10.11,36.99,98.58,72.61,entsoe.eu,false,""
2022-11-24T12:00:00.000000,Sweden,Sweden,SE,10.08,37.04,98.58,72.71,entsoe.eu,false,""
2022-11-24T13:00:00.000000,Sweden,Sweden,SE,10.27,37.33,98.57,72.71,entsoe.eu,false,""
2022-11-24T14:00:00.000000,Sweden,Sweden,SE,10.99,37.73,98.47,72.7,entsoe.eu,false,""
2022-11-24T15:00:00.000000,Sweden,Sweden,SE,10.72,37.04,98.51,72.77,entsoe.eu,false,""
2022-11-24T16:00:00.000000,Sweden,Sweden,SE,10.24,36.49,98.57,72.78,entsoe.eu,false,""
2022-11-24T17:00:00.000000,Sweden,Sweden,SE,10.29,36.61,98.56,72.5,entsoe.eu,false,""
2022-11-24T18:00:00.000000,Sweden,Sweden,SE,9.39,35.33,98.69,72.55,entsoe.eu,false,""
2022-11-24T19:00:00.000000,Sweden,Sweden,SE,5.77,31.33,99.22,72.18,entsoe.eu,false,""
2022-11-24T20:00:00.000000,Sweden,Sweden,SE,4.69,30.06,99.38,71.71,entsoe.eu,false,""
2022-11-24T21:00:00.000000,Sweden,Sweden,SE,2.69,27.67,99.68,71.13,entsoe.eu,false,""
2022-11-24T22:00:00.000000,Sweden,Sweden,SE,2.84,27.65,99.65,70.28,entsoe.eu,false,""
2022-11-24T23:00:00.000000,Sweden,Sweden,SE,3.91,30.25,99.52,68.55,entsoe.eu,false,""
2022-11-25T00:00:00.000000,Sweden,Sweden,SE,3.91,30.54,99.51,68.03,entsoe.eu,false,""
2022-11-25T01:00:00.000000,Sweden,Sweden,SE,3.45,30.37,99.57,67.21,entsoe.eu,false,""
2022-11-25T02:00:00.000000,Sweden,Sweden,SE,3.43,30.73,99.57,67.26,entsoe.eu,false,""
2022-11-25T03:00:00.000000,Sweden,Sweden,SE,4.87,32.69,99.38,67.43,entsoe.eu,false,""
2022-11-25T04:00:00.000000,Sweden,Sweden,SE,5.22,31.75,99.33,68.6,entsoe.eu,false,""
2022-11-25T05:00:00.000000,Sweden,Sweden,SE,5.2,30.88,99.32,70.96,entsoe.eu,false,""
2022-11-25T06:00:00.000000,Sweden,Sweden,SE,4.19,29.09,99.45,72.74,entsoe.eu,false,""
2022-11-25T07:00:00.000000,Sweden,Sweden,SE,4.23,29.08,99.45,72.89,entsoe.eu,false,""
2022-11-25T08:00:00.000000,Sweden,Sweden,SE,3.86,28.68,99.5,72.99,entsoe.eu,false,""
2022-11-25T09:00:00.000000,Sweden,Sweden,SE,3.26,28.0,99.59,73.0,entsoe.eu,false,""
2022-11-25T10:00:00.000000,Sweden,Sweden,SE,4.37,29.63,99.43,72.57,entsoe.eu,false,""
2022-11-25T11:00:00.000000,Sweden,Sweden,SE,3.66,28.78,99.53,72.33,entsoe.eu,false,""
2022-11-25T12:00:00.000000,Sweden,Sweden,SE,2.79,28.04,99.68,72.3,entsoe.eu,false,""
2022-11-25T13:00:00.000000,Sweden,Sweden,SE,2.74,27.6,99.68,72.58,entsoe.eu,false,""
2022-11-25T14:00:00.000000,Sweden,Sweden,SE,2.78,28.11,99.68,72.65,entsoe.eu,false,""
2022-11-25T15:00:00.000000,Sweden,Sweden,SE,2.77,27.7,99.67,72.84,entsoe.eu,false,""
2022-11-25T16:00:00.000000,Sweden,Sweden,SE,2.74,27.36,99.66,73.42,entsoe.eu,false,""
2022-11-25T17:00:00.000000,Sweden,Sweden,SE,2.72,27.42,99.67,73.27,entsoe.eu,false,""
2022-11-25T18:00:00.000000,Sweden,Sweden,SE,2.68,27.58,99.68,72.9,entsoe.eu,false,""
2022-11-25T19:00:00.000000,Sweden,Sweden,SE,2.68,27.55,99.68,72.45,entsoe.eu,false,""
2022-11-25T20:00:00.000000,Sweden,Sweden,SE,2.75,28.08,99.67,72.5,entsoe.eu,false,""
2022-11-25T21:00:00.000000,Sweden,Sweden,SE,2.78,28.05,99.66,72.55,entsoe.eu,false,""
2022-11-25T22:00:00.000000,Sweden,Sweden,SE,2.88,28.4,99.64,72.01,entsoe.eu,false,""
2022-11-25T23:00:00.000000,Sweden,Sweden,SE,3.0,28.63,99.62,71.26,entsoe.eu,false,""
2022-11-26T00:00:00.000000,Sweden,Sweden,SE,3.04,28.9,99.62,70.8,entsoe.eu,false,""
2022-11-26T01:00:00.000000,Sweden,Sweden,SE,3.1,29.08,99.6,70.63,entsoe.eu,false,""
2022-11-26T02:00:00.000000,Sweden,Sweden,SE,3.2,29.25,99.57,70.47,entsoe.eu,false,""
2022-11-26T03:00:00.000000,Sweden,Sweden,SE,3.31,29.38,99.55,70.16,entsoe.eu,false,""
2022-11-26T04:00:00.000000,Sweden,Sweden,SE,3.26,29.15,99.56,70.48,entsoe.eu,false,""
2022-11-26T05:00:00.000000,Sweden,Sweden,SE,3.16,28.95,99.58,71.44,entsoe.eu,false,""
2022-11-26T06:00:00.000000,Sweden,Sweden,SE,2.97,28.68,99.63,71.61,entsoe.eu,false,""
2022-11-26T07:00:00.000000,Sweden,Sweden,SE,2.97,28.44,99.62,72.47,entsoe.eu,false,""
2022-11-26T08:00:00.000000,Sweden,Sweden,SE,2.9,28.49,99.63,74.33,entsoe.eu,false,""
2022-11-26T09:00:00.000000,Sweden,Sweden,SE,2.87,28.85,99.66,74.15,entsoe.eu,false,""
2022-11-26T10:00:00.000000,Sweden,Sweden,SE,2.88,28.66,99.65,74.39,entsoe.eu,false,""
2022-11-26T11:00:00.000000,Sweden,Sweden,SE,2.86,28.41,99.65,73.76,entsoe.eu,false,""
2022-11-26T12:00:00.000000,Sweden,Sweden,SE,3.0,28.39,99.6,74.16,entsoe.eu,false,""
2022-11-26T13:00:00.000000,Sweden,Sweden,SE,3.03,28.12,99.59,73.99,entsoe.eu,false,""
2022-11-26T14:00:00.000000,Sweden,Sweden,SE,3.05,28.42,99.59,73.66,entsoe.eu,false,""
2022-11-26T15:00:00.000000,Sweden,Sweden,SE,2.96,28.14,99.61,73.88,entsoe.eu,false,""
2022-11-26T16:00:00.000000,Sweden,Sweden,SE,2.86,28.16,99.65,73.05,entsoe.eu,false,""
2022-11-26T17:00:00.000000,Sweden,Sweden,SE,2.83,28.27,99.65,73.1,entsoe.eu,false,""
2022-11-26T18:00:00.000000,Sweden,Sweden,SE,2.9,28.22,99.63,73.34,entsoe.eu,false,""
2022-11-26T19:00:00.000000,Sweden,Sweden,SE,2.91,27.97,99.62,73.49,entsoe.eu,false,""
2022-11-26T20:00:00.000000,Sweden,Sweden,SE,3.0,28.19,99.61,73.03,entsoe.eu,false,""
2022-11-26T21:00:00.000000,Sweden,Sweden,SE,3.04,28.21,99.59,72.8,entsoe.eu,false,""
2022-11-26T22:00:00.000000,Sweden,Sweden,SE,3.05,27.84,99.58,72.32,entsoe.eu,false,""
2022-11-26T23:00:00.000000,Sweden,Sweden,SE,2.97,27.49,99.6,71.07,entsoe.eu,false,""
2022-11-27T00:00:00.000000,Sweden,Sweden,SE,3.05,28.02,99.6,69.9,entsoe.eu,false,""
2022-11-27T01:00:00.000000,Sweden,Sweden,SE,3.04,28.14,99.61,69.04,entsoe.eu,false,""
2022-11-27T02:00:00.000000,Sweden,Sweden,SE,3.14,28.97,99.61,67.37,entsoe.eu,false,""
2022-11-27T03:00:00.000000,Sweden,Sweden,SE,3.29,28.9,99.55,69.0,entsoe.eu,false,""
2022-11-27T04:00:00.000000,Sweden,Sweden,SE,3.38,28.37,99.54,69.68,entsoe.eu,false,""
2022-11-27T05:00:00.000000,Sweden,Sweden,SE,3.11,27.78,99.58,70.58,entsoe.eu,false,""
2022-11-27T06:00:00.000000,Sweden,Sweden,SE,2.92,27.11,99.6,71.96,entsoe.eu,false,""
2022-11-27T07:00:00.000000,Sweden,Sweden,SE,2.98,26.9,99.57,72.48,entsoe.eu,false,""
2022-11-27T08:00:00.000000,Sweden,Sweden,SE,2.79,26.54,99.63,72.21,entsoe.eu,false,""
2022-11-27T09:00:00.000000,Sweden,Sweden,SE,2.76,26.37,99.64,71.72,entsoe.eu,false,""
2022-11-27T10:00:00.000000,Sweden,Sweden,SE,2.79,26.6,99.63,71.73,entsoe.eu,false,""
2022-11-27T11:00:00.000000,Sweden,Sweden,SE,2.8,26.66,99.63,71.93,entsoe.eu,false,""
2022-11-27T12:00:00.000000,Sweden,Sweden,SE,2.86,26.74,99.62,71.84,entsoe.eu,false,""
2022-11-27T13:00:00.000000,Sweden,Sweden,SE,2.82,26.68,99.62,72.27,entsoe.eu,false,""
2022-11-27T14:00:00.000000,Sweden,Sweden,SE,2.84,27.31,99.64,72.13,entsoe.eu,false,""
2022-11-27T15:00:00.000000,Sweden,Sweden,SE,2.84,27.34,99.63,73.12,entsoe.eu,false,""
2022-11-27T16:00:00.000000,Sweden,Sweden,SE,3.03,27.16,99.61,72.53,entsoe.eu,false,""
2022-11-27T17:00:00.000000,Sweden,Sweden,SE,8.97,34.86,98.83,70.87,entsoe.eu,false,""
2022-11-27T18:00:00.000000,Sweden,Sweden,SE,10.29,36.73,98.7,70.53,entsoe.eu,false,""
2022-11-27T19:00:00.000000,Sweden,Sweden,SE,11.1,37.63,98.6,70.89,entsoe.eu,false,""
2022-11-27T20:00:00.000000,Sweden,Sweden,SE,7.81,33.36,98.98,70.39,entsoe.eu,false,""
2022-11-27T21:00:00.000000,Sweden,Sweden,SE,7.9,33.78,98.96,69.38,entsoe.eu,false,""
2022-11-27T22:00:00.000000,Sweden,Sweden,SE,9.49,35.96,98.77,68.49,entsoe.eu,false,""
2022-11-27T23:00:00.000000,Sweden,Sweden,SE,8.28,34.5,98.93,68.28,entsoe.eu,false,""
2022-11-28T00:00:00.000000,Sweden,Sweden,SE,6.68,32.17,99.14,68.06,entsoe.eu,false,""
2022-11-28T01:00:00.000000,Sweden,Sweden,SE,7.16,32.56,99.09,68.28,entsoe.eu,false,""
2022-11-28T02:00:00.000000,Sweden,Sweden,SE,7.25,32.91,99.06,68.4,entsoe.eu,false,""
2022-11-28T03:00:00.000000,Sweden,Sweden,SE,8.72,34.56,98.86,68.7,entsoe.eu,false,""
2022-11-28T04:00:00.000000,Sweden,Sweden,SE,7.72,33.23,98.98,69.47,entsoe.eu,false,""
2022-11-28T05:00:00.000000,Sweden,Sweden,SE,6.9,32.05,99.09,71.2,entsoe.eu,false,""
2022-11-28T06:00:00.000000,Sweden,Sweden,SE,5.4,30.09,99.29,71.81,entsoe.eu,false,""
2022-11-28T07:00:00.000000,Sweden,Sweden,SE,4.79,29.02,99.39,72.71,entsoe.eu,false,""
2022-11-28T08:00:00.000000,Sweden,Sweden,SE,4.88,29.13,99.38,72.71,entsoe.eu,false,""
2022-11-28T09:00:00.000000,Sweden,Sweden,SE,3.71,27.8,99.53,73.18,entsoe.eu,false,""
2022-11-28T10:00:00.000000,Sweden,Sweden,SE,4.55,28.89,99.41,73.7,entsoe.eu,false,""
2022-11-28T11:00:00.000000,Sweden,Sweden,SE,3.62,27.44,99.54,74.03,entsoe.eu,false,""
2022-11-28T12:00:00.000000,Sweden,Sweden,SE,3.49,27.29,99.56,74.19,entsoe.eu,false,""
2022-11-28T13:00:00.000000,Sweden,Sweden,SE,3.15,26.85,99.61,74.05,entsoe.eu,false,""
2022-11-28T14:00:00.000000,Sweden,Sweden,SE,3.22,26.93,99.6,74.21,entsoe.eu,false,""
2022-11-28T15:00:00.000000,Sweden,Sweden,SE,3.33,27.11,99.58,74.58,entsoe.eu,false,""
2022-11-28T16:00:00.000000,Sweden,Sweden,SE,3.02,26.66,99.62,74.74,entsoe.eu,false,""
2022-11-28T17:00:00.000000,Sweden,Sweden,SE,2.51,25.96,99.68,74.66,entsoe.eu,false,""
2022-11-28T18:00:00.000000,Sweden,Sweden,SE,3.12,27.04,99.61,74.05,entsoe.eu,false,""
2022-11-28T19:00:00.000000,Sweden,Sweden,SE,3.43,27.48,99.57,73.38,entsoe.eu,false,""
2022-11-28T20:00:00.000000,Sweden,Sweden,SE,2.71,26.76,99.67,72.43,entsoe.eu,false,""
2022-11-28T21:00:00.000000,Sweden,Sweden,SE,2.73,26.44,99.66,71.36,entsoe.eu,false,""
2022-11-28T22:00:00.000000,Sweden,Sweden,SE,3.39,27.42,99.56,70.2,entsoe.eu,false,""
2022-11-28T23:00:00.000000,Sweden,Sweden,SE,3.0,28.0,99.62,70.11,entsoe.eu,false,""
2022-11-29T00:00:00.000000,Sweden,Sweden,SE,3.07,28.43,99.62,69.9,entsoe.eu,false,""
2022-11-29T01:00:00.000000,Sweden,Sweden,SE,3.06,28.43,99.62,69.45,entsoe.eu,false,""
2022-11-29T02:00:00.000000,Sweden,Sweden,SE,3.16,29.01,99.61,69.38,entsoe.eu,false,""
2022-11-29T03:00:00.000000,Sweden,Sweden,SE,3.13,28.98,99.61,70.24,entsoe.eu,false,""
2022-11-29T04:00:00.000000,Sweden,Sweden,SE,3.1,28.82,99.61,71.22,entsoe.eu,false,""
2022-11-29T05:00:00.000000,Sweden,Sweden,SE,2.87,28.07,99.64,73.43,entsoe.eu,false,""
2022-11-29T06:00:00.000000,Sweden,Sweden,SE,2.65,27.55,99.68,74.57,entsoe.eu,false,""
2022-11-29T07:00:00.000000,Sweden,Sweden,SE,2.69,27.9,99.68,74.85,entsoe.eu,false,""
2022-11-29T08:00:00.000000,Sweden,Sweden,SE,2.75,28.02,99.67,74.66,entsoe.eu,false,""
2022-11-29T09:00:00.000000,Sweden,Sweden,SE,2.79,28.3,99.67,74.38,entsoe.eu,false,""
2022-11-29T10:00:00.000000,Sweden,Sweden,SE,2.79,28.48,99.67,73.88,entsoe.eu,false,""
2022-11-29T11:00:00.000000,Sweden,Sweden,SE,2.8,28.55,99.67,74.12,entsoe.eu,false,""
2022-11-29T12:00:00.000000,Sweden,Sweden,SE,2.77,28.5,99.68,74.04,entsoe.eu,false,""
2022-11-29T13:00:00.000000,Sweden,Sweden,SE,2.74,28.24,99.68,74.34,entsoe.eu,false,""
2022-11-29T14:00:00.000000,Sweden,Sweden,SE,3.1,28.71,99.58,74.03,entsoe.eu,false,""
2022-11-29T15:00:00.000000,Sweden,Sweden,SE,2.71,28.15,99.69,73.91,entsoe.eu,false,""
2022-11-29T16:00:00.000000,Sweden,Sweden,SE,2.76,28.21,99.68,73.88,entsoe.eu,false,""
2022-11-29T17:00:00.000000,Sweden,Sweden,SE,2.73,28.02,99.68,73.74,entsoe.eu,false,""
2022-11-29T18:00:00.000000,Sweden,Sweden,SE,2.74,28.14,99.68,73.6,entsoe.eu,false,""
2022-11-29T19:00:00.000000,Sweden,Sweden,SE,2.76,28.18,99.68,73.27,entsoe.eu,false,""
2022-11-29T20:00:00.000000,Sweden,Sweden,SE,2.76,28.29,99.68,73.08,entsoe.eu,false,""
2022-11-29T21:00:00.000000,Sweden,Sweden,SE,2.84,28.61,99.66,72.65,entsoe.eu,false,""
2022-11-29T22:00:00.000000,Sweden,Sweden,SE,2.94,28.73,99.64,72.39,entsoe.eu,false,""
2022-11-29T23:00:00.000000,Sweden,Sweden,SE,3.18,30.38,99.61,70.98,entsoe.eu,false,""
2022-11-30T00:00:00.000000,Sweden,Sweden,SE,3.22,30.54,99.61,70.72,entsoe.eu,false,""
2022-11-30T01:00:00.000000,Sweden,Sweden,SE,3.25,30.62,99.6,70.3,entsoe.eu,false,""
2022-11-30T02:00:00.000000,Sweden,Sweden,SE,3.3,30.85,99.6,70.24,entsoe.eu,false,""
2022-11-30T03:00:00.000000,Sweden,Sweden,SE,3.27,30.91,99.6,70.35,entsoe.eu,false,""
2022-11-30T04:00:00.000000,Sweden,Sweden,SE,3.09,30.04,99.63,71.29,entsoe.eu,false,""
2022-11-30T05:00:00.000000,Sweden,Sweden,SE,2.94,28.94,99.63,73.74,entsoe.eu,false,""
2022-11-30T06:00:00.000000,Sweden,Sweden,SE,2.69,28.56,99.7,73.65,entsoe.eu,false,""
2022-11-30T07:00:00.000000,Sweden,Sweden,SE,2.75,28.95,99.7,73.29,entsoe.eu,false,""
2022-11-30T08:00:00.000000,Sweden,Sweden,SE,2.73,28.78,99.7,73.29,entsoe.eu,false,""
2022-11-30T09:00:00.000000,Sweden,Sweden,SE,2.75,28.99,99.7,73.17,entsoe.eu,false,""
2022-11-30T10:00:00.000000,Sweden,Sweden,SE,2.78,29.11,99.69,73.55,entsoe.eu,false,""
2022-11-30T11:00:00.000000,Sweden,Sweden,SE,2.82,29.42,99.69,73.41,entsoe.eu,false,""
2022-11-30T12:00:00.000000,Sweden,Sweden,SE,2.84,29.58,99.69,73.28,entsoe.eu,false,""
2022-11-30T13:00:00.000000,Sweden,Sweden,SE,2.87,29.72,99.69,72.91,entsoe.eu,false,""
2022-11-30T14:00:00.000000,Sweden,Sweden,SE,2.82,29.58,99.69,73.06,entsoe.eu,false,""
2022-11-30T15:00:00.000000,Sweden,Sweden,SE,2.87,30.04,99.69,72.63,entsoe.eu,false,""
2022-11-30T16:00:00.000000,Sweden,Sweden,SE,2.85,29.82,99.69,72.94,entsoe.eu,false,""
2022-11-30T17:00:00.000000,Sweden,Sweden,SE,2.82,29.37,99.68,73.34,entsoe.eu,false,""
2022-11-30T18:00:00.000000,Sweden,Sweden,SE,2.85,29.03,99.66,73.73,entsoe.eu,false,""
2022-11-30T19:00:00.000000,Sweden,Sweden,SE,2.82,28.84,99.67,73.62,entsoe.eu,false,""
2022-11-30T20:00:00.000000,Sweden,Sweden,SE,2.85,29.13,99.67,73.2,entsoe.eu,false,""
2022-11-30T21:00:00.000000,Sweden,Sweden,SE,2.91,29.0,99.65,72.62,entsoe.eu,false,""
2022-11-30T22:00:00.000000,Sweden,Sweden,SE,3.06,29.64,99.62,71.4,entsoe.eu,false,""
2022-11-30T23:00:00.000000,Sweden,Sweden,SE,2.98,29.04,99.63,71.51,entsoe.eu,false,""
2022-12-01T00:00:00.000000,Sweden,Sweden,SE,3.02,29.26,99.62,71.08,entsoe.eu,false,""
2022-12-01T01:00:00.000000,Sweden,Sweden,SE,3.08,29.51,99.61,70.52,entsoe.eu,false,""
2022-12-01T02:00:00.000000,Sweden,Sweden,SE,3.1,29.53,99.61,70.38,entsoe.eu,false,""
2022-12-01T03:00:00.000000,Sweden,Sweden,SE,3.07,29.46,99.61,70.54,entsoe.eu,false,""
2022-12-01T04:00:00.000000,Sweden,Sweden,SE,3.0,29.21,99.63,70.86,entsoe.eu,false,""
2022-12-01T05:00:00.000000,Sweden,Sweden,SE,2.77,28.28,99.67,73.11,entsoe.eu,false,""
2022-12-01T06:00:00.000000,Sweden,Sweden,SE,2.74,28.28,99.68,72.9,entsoe.eu,false,""
2022-12-01T07:00:00.000000,Sweden,Sweden,SE,2.69,28.68,99.71,73.37,entsoe.eu,false,""
2022-12-01T08:00:00.000000,Sweden,Sweden,SE,2.72,28.67,99.7,73.4,entsoe.eu,false,""
2022-12-01T09:00:00.000000,Sweden,Sweden,SE,2.76,28.96,99.7,73.36,entsoe.eu,false,""
2022-12-01T10:00:00.000000,Sweden,Sweden,SE,2.74,28.96,99.7,73.5,entsoe.eu,false,""
2022-12-01T11:00:00.000000,Sweden,Sweden,SE,2.81,29.11,99.68,73.4,entsoe.eu,false,""
2022-12-01T12:00:00.000000,Sweden,Sweden,SE,2.79,29.2,99.69,73.37,entsoe.eu,false,""
2022-12-01T13:00:00.000000,Sweden,Sweden,SE,2.79,28.86,99.68,73.37,entsoe.eu,false,""
2022-12-01T14:00:00.000000,Sweden,Sweden,SE,2.72,28.6,99.69,73.49,entsoe.eu,false,""
2022-12-01T15:00:00.000000,Sweden,Sweden,SE,2.71,28.53,99.7,73.42,entsoe.eu,false,""
2022-12-01T16:00:00.000000,Sweden,Sweden,SE,2.74,28.7,99.7,73.14,entsoe.eu,false,""
2022-12-01T17:00:00.000000,Sweden,Sweden,SE,2.74,28.73,99.7,73.12,entsoe.eu,false,""
2022-12-01T18:00:00.000000,Sweden,Sweden,SE,2.75,28.71,99.69,73.31,entsoe.eu,false,""
2022-12-01T19:00:00.000000,Sweden,Sweden,SE,2.81,28.69,99.68,72.88,entsoe.eu,false,""
2022-12-01T20:00:00.000000,Sweden,Sweden,SE,2.85,28.74,99.67,72.6,entsoe.eu,false,""
2022-12-01T21:00:00.000000,Sweden,Sweden,SE,2.98,29.59,99.66,71.82,entsoe.eu,false,""
2022-12-01T22:00:00.000000,Sweden,Sweden,SE,3.1,30.14,99.64,70.94,entsoe.eu,false,""
2022-12-01T23:00:00.000000,Sweden,Sweden,SE,3.28,31.25,99.62,70.11,entsoe.eu,false,""
2022-12-02T00:00:00.000000,Sweden,Sweden,SE,3.29,30.92,99.61,69.6,entsoe.eu,false,""
2022-12-02T01:00:00.000000,Sweden,Sweden,SE,3.32,31.12,99.6,70.26,entsoe.eu,false,""
2022-12-02T02:00:00.000000,Sweden,Sweden,SE,3.27,31.14,99.62,70.5,entsoe.eu,false,""
2022-12-02T03:00:00.000000,Sweden,Sweden,SE,3.24,31.1,99.63,70.48,entsoe.eu,false,""
2022-12-02T04:00:00.000000,Sweden,Sweden,SE,3.11,30.45,99.64,71.89,entsoe.eu,false,""
2022-12-02T05:00:00.000000,Sweden,Sweden,SE,2.97,29.99,99.66,73.53,entsoe.eu,false,""
2022-12-02T06:00:00.000000,Sweden,Sweden,SE,2.9,29.96,99.68,74.44,entsoe.eu,false,""
2022-12-02T07:00:00.000000,Sweden,Sweden,SE,2.96,30.41,99.67,74.44,entsoe.eu,false,""
2022-12-02T08:00:00.000000,Sweden,Sweden,SE,2.92,30.48,99.69,74.49,entsoe.eu,false,""
2022-12-02T09:00:00.000000,Sweden,Sweden,SE,2.98,30.7,99.67,74.56,entsoe.eu,false,""
2022-12-02T10:00:00.000000,Sweden,Sweden,SE,3.05,30.97,99.66,74.55,entsoe.eu,false,""
2022-12-02T11:00:00.000000,Sweden,Sweden,SE,3.06,31.0,99.65,74.68,entsoe.eu,false,""
2022-12-02T12:00:00.000000,Sweden,Sweden,SE,3.12,31.22,99.64,74.41,entsoe.eu,false,""
2022-12-02T13:00:00.000000,Sweden,Sweden,SE,3.15,31.45,99.64,73.72,entsoe.eu,false,""
2022-12-02T14:00:00.000000,Sweden,Sweden,SE,3.17,31.48,99.64,73.86,entsoe.eu,false,""
2022-12-02T15:00:00.000000,Sweden,Sweden,SE,3.44,32.0,99.61,73.12,entsoe.eu,false,""
2022-12-02T16:00:00.000000,Sweden,Sweden,SE,3.09,31.02,99.65,74.2,entsoe.eu,false,""
2022-12-02T17:00:00.000000,Sweden,Sweden,SE,3.61,31.92,99.58,73.98,entsoe.eu,false,""
2022-12-02T18:00:00.000000,Sweden,Sweden,SE,3.17,31.11,99.64,73.5,entsoe.eu,false,""
2022-12-02T19:00:00.000000,Sweden,Sweden,SE,3.35,32.5,99.64,71.38,entsoe.eu,false,""
2022-12-02T20:00:00.000000,Sweden,Sweden,SE,3.32,32.1,99.62,72.17,entsoe.eu,false,""
2022-12-02T21:00:00.000000,Sweden,Sweden,SE,3.41,32.37,99.6,71.76,entsoe.eu,false,""
2022-12-02T22:00:00.000000,Sweden,Sweden,SE,3.76,33.16,99.56,70.66,entsoe.eu,false,""
2022-12-02T23:00:00.000000,Sweden,Sweden,SE,3.98,33.37,99.53,68.97,entsoe.eu,false,""
2022-12-03T00:00:00.000000,Sweden,Sweden,SE,6.84,37.91,99.14,68.32,entsoe.eu,false,""
2022-12-03T01:00:00.000000,Sweden,Sweden,SE,6.89,37.98,99.14,68.15,entsoe.eu,false,""
2022-12-03T02:00:00.000000,Sweden,Sweden,SE,5.73,36.71,99.31,67.87,entsoe.eu,false,""
2022-12-03T03:00:00.000000,Sweden,Sweden,SE,5.54,36.16,99.33,68.0,entsoe.eu,false,""
2022-12-03T04:00:00.000000,Sweden,Sweden,SE,6.14,36.93,99.25,68.26,entsoe.eu,false,""
2022-12-03T05:00:00.000000,Sweden,Sweden,SE,5.58,35.81,99.32,69.23,entsoe.eu,false,""
2022-12-03T06:00:00.000000,Sweden,Sweden,SE,4.62,33.9,99.45,70.67,entsoe.eu,false,""
2022-12-03T07:00:00.000000,Sweden,Sweden,SE,4.15,33.38,99.52,71.39,entsoe.eu,false,""
2022-12-03T08:00:00.000000,Sweden,Sweden,SE,3.75,32.2,99.57,71.96,entsoe.eu,false,""
2022-12-03T09:00:00.000000,Sweden,Sweden,SE,3.07,31.08,99.66,73.79,entsoe.eu,false,""
2022-12-03T10:00:00.000000,Sweden,Sweden,SE,3.71,32.16,99.57,74.03,entsoe.eu,false,""
2022-12-03T11:00:00.000000,Sweden,Sweden,SE,3.12,31.31,99.65,73.04,entsoe.eu,false,""
2022-12-03T12:00:00.000000,Sweden,Sweden,SE,3.12,31.21,99.65,73.0,entsoe.eu,false,""
2022-12-03T13:00:00.000000,Sweden,Sweden,SE,3.04,30.72,99.66,73.16,entsoe.eu,false,""
2022-12-03T14:00:00.000000,Sweden,Sweden,SE,3.01,30.81,99.67,73.3,entsoe.eu,false,""
2022-12-03T15:00:00.000000,Sweden,Sweden,SE,2.99,30.78,99.67,73.65,entsoe.eu,false,""
2022-12-03T16:00:00.000000,Sweden,Sweden,SE,2.94,30.59,99.68,74.04,entsoe.eu,false,""
2022-12-03T17:00:00.000000,Sweden,Sweden,SE,2.99,30.86,99.68,73.54,entsoe.eu,false,""
2022-12-03T18:00:00.000000,Sweden,Sweden,SE,3.54,31.99,99.61,72.12,entsoe.eu,false,""
2022-12-03T19:00:00.000000,Sweden,Sweden,SE,4.12,32.83,99.54,71.7,entsoe.eu,false,""
2022-12-03T20:00:00.000000,Sweden,Sweden,SE,3.81,32.46,99.58,70.82,entsoe.eu,false,""
2022-12-03T21:00:00.000000,Sweden,Sweden,SE,3.56,32.22,99.61,70.64,entsoe.eu,false,""
2022-12-03T22:00:00.000000,Sweden,Sweden,SE,3.25,32.01,99.66,69.04,entsoe.eu,false,""
2022-12-03T23:00:00.000000,Sweden,Sweden,SE,7.24,37.54,99.12,68.34,entsoe.eu,false,""
2022-12-04T00:00:00.000000,Sweden,Sweden,SE,10.64,42.84,98.67,67.85,entsoe.eu,false,""
2022-12-04T01:00:00.000000,Sweden,Sweden,SE,10.13,42.23,98.73,67.66,entsoe.eu,false,""
2022-12-04T02:00:00.000000,Sweden,Sweden,SE,14.08,47.59,98.24,67.73,entsoe.eu,false,""
2022-12-04T03:00:00.000000,Sweden,Sweden,SE,16.73,50.85,97.95,67.23,entsoe.eu,false,""
2022-12-04T04:00:00.000000,Sweden,Sweden,SE,16.23,50.21,98.0,67.28,entsoe.eu,false,""
2022-12-04T05:00:00.000000,Sweden,Sweden,SE,15.92,49.98,98.02,67.95,entsoe.eu,false,""
2022-12-04T06:00:00.000000,Sweden,Sweden,SE,10.09,41.72,98.72,68.54,entsoe.eu,false,""
2022-12-04T07:00:00.000000,Sweden,Sweden,SE,3.2,31.97,99.67,69.51,entsoe.eu,false,""
2022-12-04T08:00:00.000000,Sweden,Sweden,SE,3.05,30.87,99.67,72.15,entsoe.eu,false,""
2022-12-04T09:00:00.000000,Sweden,Sweden,SE,3.02,30.8,99.68,72.49,entsoe.eu,false,""
2022-12-04T10:00:00.000000,Sweden,Sweden,SE,2.99,30.75,99.68,72.72,entsoe.eu,false,""
2022-12-04T11:00:00.000000,Sweden,Sweden,SE,3.22,31.06,99.64,72.83,entsoe.eu,false,""
2022-12-04T12:00:00.000000,Sweden,Sweden,SE,2.98,30.14,99.67,72.99,entsoe.eu,false,""
2022-12-04T13:00:00.000000,Sweden,Sweden,SE,4.73,32.54,99.41,73.12,entsoe.eu,false,""
2022-12-04T14:00:00.000000,Sweden,Sweden,SE,6.22,34.67,99.2,72.34,entsoe.eu,false,""
2022-12-04T15:00:00.000000,Sweden,Sweden,SE,5.85,33.74,99.25,73.34,entsoe.eu,false,""
2022-12-04T16:00:00.000000,Sweden,Sweden,SE,4.66,32.36,99.43,73.36,entsoe.eu,false,""
2022-12-04T17:00:00.000000,Sweden,Sweden,SE,4.94,33.22,99.4,72.76,entsoe.eu,false,""
2022-12-04T18:00:00.000000,Sweden,Sweden,SE,5.88,34.68,99.28,72.0,entsoe.eu,false,""
2022-12-04T19:00:00.000000,Sweden,Sweden,SE,5.49,34.48,99.35,71.58,entsoe.eu,false,""
2022-12-04T20:00:00.000000,Sweden,Sweden,SE,5.63,34.64,99.34,71.41,entsoe.eu,false,""
2022-12-04T21:00:00.000000,Sweden,Sweden,SE,4.39,32.91,99.51,71.44,entsoe.eu,false,""
2022-12-04T22:00:00.000000,Sweden,Sweden,SE,3.66,32.48,99.61,70.88,entsoe.eu,false,""
2022-12-04T23:00:00.000000,Sweden,Sweden,SE,11.68,42.64,98.71,69.39,entsoe.eu,false,""
2022-12-05T00:00:00.000000,Sweden,Sweden,SE,30.31,62.51,96.87,68.38,entsoe.eu,false,""
2022-12-05T01:00:00.000000,Sweden,Sweden,SE,31.62,64.14,96.76,68.11,entsoe.eu,false,""
2022-12-05T02:00:00.000000,Sweden,Sweden,SE,28.39,60.48,97.11,68.17,entsoe.eu,false,""
2022-12-05T03:00:00.000000,Sweden,Sweden,SE,25.05,56.9,97.51,68.69,entsoe.eu,false,""
2022-12-05T04:00:00.000000,Sweden,Sweden,SE,3.68,32.52,99.6,70.86,entsoe.eu,false,""
2022-12-05T05:00:00.000000,Sweden,Sweden,SE,4.23,33.03,99.53,71.58,entsoe.eu,false,""
2022-12-05T06:00:00.000000,Sweden,Sweden,SE,3.48,31.76,99.63,72.92,entsoe.eu,false,""
2022-12-05T07:00:00.000000,Sweden,Sweden,SE,3.26,30.97,99.66,73.42,entsoe.eu,false,""
2022-12-05T08:00:00.000000,Sweden,Sweden,SE,3.5,30.93,99.63,73.71,entsoe.eu,false,""
2022-12-05T09:00:00.000000,Sweden,Sweden,SE,3.39,30.65,99.65,74.3,entsoe.eu,false,""
2022-12-05T10:00:00.000000,Sweden,Sweden,SE,3.3,29.95,99.65,74.8,entsoe.eu,false,""
2022-12-05T11:00:00.000000,Sweden,Sweden,SE,3.31,29.95,99.65,74.59,entsoe.eu,false,""
2022-12-05T12:00:00.000000,Sweden,Sweden,SE,3.21,29.65,99.67,74.49,entsoe.eu,false,""
2022-12-05T13:00:00.000000,Sweden,Sweden,SE,3.23,30.1,99.67,74.67,entsoe.eu,false,""
2022-12-05T14:00:00.000000,Sweden,Sweden,SE,5.15,32.51,99.38,74.79,entsoe.eu,false,""
2022-12-05T15:00:00.000000,Sweden,Sweden,SE,4.14,31.46,99.53,74.75,entsoe.eu,false,""
2022-12-05T16:00:00.000000,Sweden,Sweden,SE,3.29,30.62,99.66,75.0,entsoe.eu,false,""
2022-12-05T17:00:00.000000,Sweden,Sweden,SE,3.3,30.65,99.65,75.19,entsoe.eu,false,""
2022-12-05T18:00:00.000000,Sweden,Sweden,SE,3.25,30.49,99.66,74.98,entsoe.eu,false,""
2022-12-05T19:00:00.000000,Sweden,Sweden,SE,3.1,30.04,99.69,75.41,entsoe.eu,false,""
2022-12-05T20:00:00.000000,Sweden,Sweden,SE,3.15,30.48,99.69,74.52,entsoe.eu,false,""
2022-12-05T21:00:00.000000,Sweden,Sweden,SE,3.18,30.38,99.69,73.75,entsoe.eu,false,""
2022-12-05T22:00:00.000000,Sweden,Sweden,SE,2.71,29.05,99.75,73.83,entsoe.eu,false,""
2022-12-05T23:00:00.000000,Sweden,Sweden,SE,2.82,30.08,99.71,70.93,entsoe.eu,false,""
2022-12-06T00:00:00.000000,Sweden,Sweden,SE,3.0,30.06,99.66,70.66,entsoe.eu,false,""
2022-12-06T01:00:00.000000,Sweden,Sweden,SE,3.03,29.83,99.64,71.25,entsoe.eu,false,""
2022-12-06T02:00:00.000000,Sweden,Sweden,SE,3.05,29.64,99.63,71.93,entsoe.eu,false,""
2022-12-06T03:00:00.000000,Sweden,Sweden,SE,3.11,29.9,99.62,71.82,entsoe.eu,false,""
2022-12-06T04:00:00.000000,Sweden,Sweden,SE,3.17,30.61,99.62,72.16,entsoe.eu,false,""
2022-12-06T05:00:00.000000,Sweden,Sweden,SE,3.17,31.18,99.63,73.52,entsoe.eu,false,""
2022-12-06T06:00:00.000000,Sweden,Sweden,SE,3.65,31.98,99.57,73.64,entsoe.eu,false,""
2022-12-06T07:00:00.000000,Sweden,Sweden,SE,3.79,32.22,99.56,73.11,entsoe.eu,false,""
2022-12-06T08:00:00.000000,Sweden,Sweden,SE,3.74,31.84,99.57,73.56,entsoe.eu,false,""
2022-12-06T09:00:00.000000,Sweden,Sweden,SE,3.51,31.87,99.6,73.76,entsoe.eu,false,""
2022-12-06T10:00:00.000000,Sweden,Sweden,SE,3.77,32.09,99.56,73.65,entsoe.eu,false,""
2022-12-06T11:00:00.000000,Sweden,Sweden,SE,3.82,32.23,99.56,73.37,entsoe.eu,false,""
2022-12-06T12:00:00.000000,Sweden,Sweden,SE,3.86,32.42,99.56,73.05,entsoe.eu,false,""
2022-12-06T13:00:00.000000,Sweden,Sweden,SE,3.33,32.03,99.64,72.84,entsoe.eu,false,""
2022-12-06T14:00:00.000000,Sweden,Sweden,SE,4.42,33.79,99.5,72.89,entsoe.eu,false,""
2022-12-06T15:00:00.000000,Sweden,Sweden,SE,3.87,32.43,99.56,73.19,entsoe.eu,false,""
2022-12-06T16:00:00.000000,Sweden,Sweden,SE,6.51,35.42,98.95,72.99,entsoe.eu,false,""
2022-12-06T17:00:00.000000,Sweden,Sweden,SE,3.94,32.57,99.55,73.17,entsoe.eu,false,""
2022-12-06T18:00:00.000000,Sweden,Sweden,SE,3.94,32.65,99.55,73.16,entsoe.eu,false,""
2022-12-06T19:00:00.000000,Sweden,Sweden,SE,3.71,32.47,99.58,73.14,entsoe.eu,false,""
2022-12-06T20:00:00.000000,Sweden,Sweden,SE,3.08,32.0,99.68,72.75,entsoe.eu,false,""
2022-12-06T21:00:00.000000,Sweden,Sweden,SE,3.0,31.21,99.68,73.01,entsoe.eu,false,""
2022-12-06T22:00:00.000000,Sweden,Sweden,SE,3.09,31.63,99.67,72.19,entsoe.eu,false,""
2022-12-06T23:00:00.000000,Sweden,Sweden,SE,8.79,38.06,99.13,69.6,entsoe.eu,false,""
2022-12-07T00:00:00.000000,Sweden,Sweden,SE,31.82,64.19,96.77,66.89,entsoe.eu,false,""
2022-12-07T01:00:00.000000,Sweden,Sweden,SE,37.2,70.62,96.2,66.27,entsoe.eu,false,""
2022-12-07T02:00:00.000000,Sweden,Sweden,SE,42.15,77.1,95.67,66.09,entsoe.eu,false,""
2022-12-07T03:00:00.000000,Sweden,Sweden,SE,34.71,68.11,96.47,66.36,entsoe.eu,false,""
2022-12-07T04:00:00.000000,Sweden,Sweden,SE,7.87,39.21,99.03,69.4,entsoe.eu,false,""
2022-12-07T05:00:00.000000,Sweden,Sweden,SE,16.0,47.63,98.1,71.32,entsoe.eu,false,""
2022-12-07T06:00:00.000000,Sweden,Sweden,SE,12.73,43.16,98.43,73.25,entsoe.eu,false,""
2022-12-07T07:00:00.000000,Sweden,Sweden,SE,15.33,46.92,98.06,72.31,entsoe.eu,false,""
2022-12-07T08:00:00.000000,Sweden,Sweden,SE,14.57,46.08,98.13,72.1,entsoe.eu,false,""
2022-12-07T09:00:00.000000,Sweden,Sweden,SE,19.94,52.77,97.54,71.48,entsoe.eu,false,""
2022-12-07T10:00:00.000000,Sweden,Sweden,SE,22.88,56.45,97.25,70.9,entsoe.eu,false,""
2022-12-07T11:00:00.000000,Sweden,Sweden,SE,14.5,46.62,98.34,71.28,entsoe.eu,false,""
2022-12-07T12:00:00.000000,Sweden,Sweden,SE,15.74,48.17,98.13,71.19,entsoe.eu,false,""
2022-12-07T13:00:00.000000,Sweden,Sweden,SE,14.57,47.16,98.14,71.55,entsoe.eu,false,""
2022-12-07T14:00:00.000000,Sweden,Sweden,SE,16.35,48.64,97.87,71.8,entsoe.eu,false,""
2022-12-07T15:00:00.000000,Sweden,Sweden,SE,16.4,48.23,97.87,72.08,entsoe.eu,false,""
2022-12-07T16:00:00.000000,Sweden,Sweden,SE,13.16,44.65,98.29,72.7,entsoe.eu,false,""
2022-12-07T17:00:00.000000,Sweden,Sweden,SE,6.84,37.18,99.14,72.84,entsoe.eu,false,""
2022-12-07T18:00:00.000000,Sweden,Sweden,SE,6.16,36.69,99.24,72.6,entsoe.eu,false,""
2022-12-07T19:00:00.000000,Sweden,Sweden,SE,8.1,38.83,99.0,72.09,entsoe.eu,false,""
2022-12-07T20:00:00.000000,Sweden,Sweden,SE,8.31,39.68,99.12,70.77,entsoe.eu,false,""
2022-12-07T21:00:00.000000,Sweden,Sweden,SE,19.68,50.07,98.09,70.33,entsoe.eu,false,""
2022-12-07T22:00:00.000000,Sweden,Sweden,SE,21.35,51.48,97.91,70.06,entsoe.eu,false,""
2022-12-07T23:00:00.000000,Sweden,Sweden,SE,24.15,55.71,97.65,67.13,entsoe.eu,false,""
2022-12-08T00:00:00.000000,Sweden,Sweden,SE,41.29,75.99,95.64,65.25,entsoe.eu,false,""
2022-12-08T01:00:00.000000,Sweden,Sweden,SE,45.07,80.48,95.22,64.68,entsoe.eu,false,""
2022-12-08T02:00:00.000000,Sweden,Sweden,SE,39.09,73.63,95.96,64.76,entsoe.eu,false,""
2022-12-08T03:00:00.000000,Sweden,Sweden,SE,24.79,56.35,97.59,66.73,entsoe.eu,false,""
2022-12-08T04:00:00.000000,Sweden,Sweden,SE,7.78,38.18,99.04,69.39,entsoe.eu,false,""
2022-12-08T05:00:00.000000,Sweden,Sweden,SE,13.88,43.86,98.2,71.79,entsoe.eu,false,""
2022-12-08T06:00:00.000000,Sweden,Sweden,SE,14.05,44.11,98.13,72.55,entsoe.eu,false,""
2022-12-08T07:00:00.000000,Sweden,Sweden,SE,14.19,44.34,98.15,72.41,entsoe.eu,false,""
2022-12-08T08:00:00.000000,Sweden,Sweden,SE,14.57,45.1,97.99,71.77,entsoe.eu,false,""
2022-12-08T09:00:00.000000,Sweden,Sweden,SE,9.19,38.73,98.78,72.65,entsoe.eu,false,""
2022-12-08T10:00:00.000000,Sweden,Sweden,SE,10.7,40.39,98.52,72.75,entsoe.eu,false,""
2022-12-08T11:00:00.000000,Sweden,Sweden,SE,10.61,40.45,98.5,72.66,entsoe.eu,false,""
2022-12-08T12:00:00.000000,Sweden,Sweden,SE,10.17,39.86,98.58,72.33,entsoe.eu,false,""
2022-12-08T13:00:00.000000,Sweden,Sweden,SE,9.36,38.86,98.68,72.82,entsoe.eu,false,""
2022-12-08T14:00:00.000000,Sweden,Sweden,SE,9.48,38.67,98.66,73.37,entsoe.eu,false,""
2022-12-08T15:00:00.000000,Sweden,Sweden,SE,10.32,39.54,98.39,73.28,entsoe.eu,false,""
2022-12-08T16:00:00.000000,Sweden,Sweden,SE,11.09,40.42,98.26,73.08,entsoe.eu,false,""
2022-12-08T17:00:00.000000,Sweden,Sweden,SE,8.03,37.04,98.74,72.81,entsoe.eu,false,""
2022-12-08T18:00:00.000000,Sweden,Sweden,SE,4.09,32.55,99.49,73.33,entsoe.eu,false,""
2022-12-08T19:00:00.000000,Sweden,Sweden,SE,5.31,34.62,99.26,72.95,entsoe.eu,false,""
2022-12-08T20:00:00.000000,Sweden,Sweden,SE,3.7,32.55,99.58,73.03,entsoe.eu,false,""
2022-12-08T21:00:00.000000,Sweden,Sweden,SE,4.06,33.16,99.52,71.86,entsoe.eu,false,""
2022-12-08T22:00:00.000000,Sweden,Sweden,SE,6.58,36.4,99.18,70.83,entsoe.eu,false,""
2022-12-08T23:00:00.000000,Sweden,Sweden,SE,3.28,32.07,99.63,72.78,entsoe.eu,false,""
2022-12-09T00:00:00.000000,Sweden,Sweden,SE,3.43,32.51,99.61,72.18,entsoe.eu,false,""
2022-12-09T01:00:00.000000,Sweden,Sweden,SE,20.36,50.78,98.01,70.12,entsoe.eu,false,""
2022-12-09T02:00:00.000000,Sweden,Sweden,SE,21.19,51.74,97.93,70.17,entsoe.eu,false,""
2022-12-09T03:00:00.000000,Sweden,Sweden,SE,20.63,51.14,97.98,70.32,entsoe.eu,false,""
2022-12-09T04:00:00.000000,Sweden,Sweden,SE,3.32,32.13,99.62,73.55,entsoe.eu,false,""
2022-12-09T05:00:00.000000,Sweden,Sweden,SE,3.19,32.06,99.65,74.33,entsoe.eu,false,""
2022-12-09T06:00:00.000000,Sweden,Sweden,SE,8.82,39.12,98.83,74.34,entsoe.eu,false,""
2022-12-09T07:00:00.000000,Sweden,Sweden,SE,4.21,33.94,99.51,74.41,entsoe.eu,false,""
2022-12-09T08:00:00.000000,Sweden,Sweden,SE,12.02,43.15,98.42,74.11,entsoe.eu,false,""
2022-12-09T09:00:00.000000,Sweden,Sweden,SE,9.06,39.22,98.83,74.33,entsoe.eu,false,""
2022-12-09T10:00:00.000000,Sweden,Sweden,SE,7.81,37.77,98.98,74.44,entsoe.eu,false,""
2022-12-09T11:00:00.000000,Sweden,Sweden,SE,4.2,33.63,99.51,74.32,entsoe.eu,false,""
2022-12-09T12:00:00.000000,Sweden,Sweden,SE,3.1,32.22,99.67,74.61,entsoe.eu,false,""
2022-12-09T13:00:00.000000,Sweden,Sweden,SE,3.12,32.35,99.68,74.11,entsoe.eu,false,""
2022-12-09T14:00:00.000000,Sweden,Sweden,SE,3.14,32.56,99.68,74.06,entsoe.eu,false,""
2022-12-09T15:00:00.000000,Sweden,Sweden,SE,13.5,43.44,98.68,74.57,entsoe.eu,false,""
2022-12-09T16:00:00.000000,Sweden,Sweden,SE,3.93,34.02,99.5,76.22,entsoe.eu,false,""
2022-12-09T17:00:00.000000,Sweden,Sweden,SE,12.28,43.29,98.7,76.61,entsoe.eu,false,""
2022-12-09T18:00:00.000000,Sweden,Sweden,SE,3.27,34.34,99.68,77.92,entsoe.eu,false,""
2022-12-09T19:00:00.000000,Sweden,Sweden,SE,3.31,34.26,99.67,78.43,entsoe.eu,false,""
2022-12-09T20:00:00.000000,Sweden,Sweden,SE,3.4,34.77,99.66,77.88,entsoe.eu,false,""
2022-12-09T21:00:00.000000,Sweden,Sweden,SE,21.4,53.13,97.93,76.55,entsoe.eu,false,""
2022-12-09T22:00:00.000000,Sweden,Sweden,SE,4.88,35.26,99.5,77.77,entsoe.eu,false,""
2022-12-09T23:00:00.000000,Sweden,Sweden,SE,22.26,53.87,97.84,76.03,entsoe.eu,false,""
2022-12-10T00:00:00.000000,Sweden,Sweden,SE,23.86,55.95,97.69,76.39,entsoe.eu,false,""
2022-12-10T01:00:00.000000,Sweden,Sweden,SE,23.69,55.89,97.7,77.26,entsoe.eu,false,""
2022-12-10T02:00:00.000000,Sweden,Sweden,SE,24.2,56.84,97.66,77.23,entsoe.eu,false,""
2022-12-10T03:00:00.000000,Sweden,Sweden,SE,24.33,57.16,97.64,77.17,entsoe.eu,false,""
2022-12-10T04:00:00.000000,Sweden,Sweden,SE,23.48,56.05,97.7,77.68,entsoe.eu,false,""
2022-12-10T05:00:00.000000,Sweden,Sweden,SE,16.68,48.56,98.37,78.95,entsoe.eu,false,""
2022-12-10T06:00:00.000000,Sweden,Sweden,SE,22.92,55.77,97.52,78.1,entsoe.eu,false,""
2022-12-10T07:00:00.000000,Sweden,Sweden,SE,22.85,56.75,97.53,77.69,entsoe.eu,false,""
2022-12-10T08:00:00.000000,Sweden,Sweden,SE,24.6,58.61,97.28,77.52,entsoe.eu,false,""
2022-12-10T09:00:00.000000,Sweden,Sweden,SE,4.58,37.06,99.5,79.6,entsoe.eu,false,""
2022-12-10T10:00:00.000000,Sweden,Sweden,SE,9.84,43.12,98.67,79.26,entsoe.eu,false,""
2022-12-10T11:00:00.000000,Sweden,Sweden,SE,10.25,43.97,98.61,79.17,entsoe.eu,false,""
2022-12-10T12:00:00.000000,Sweden,Sweden,SE,10.48,44.39,98.57,79.08,entsoe.eu,false,""
2022-12-10T13:00:00.000000,Sweden,Sweden,SE,12.17,46.36,98.32,79.02,entsoe.eu,false,""
2022-12-10T14:00:00.000000,Sweden,Sweden,SE,14.12,48.82,98.05,79.23,entsoe.eu,false,""
2022-12-10T15:00:00.000000,Sweden,Sweden,SE,13.73,48.48,98.11,79.24,entsoe.eu,false,""
2022-12-10T16:00:00.000000,Sweden,Sweden,SE,13.88,48.52,97.83,78.86,entsoe.eu,false,""
2022-12-10T17:00:00.000000,Sweden,Sweden,SE,9.54,43.66,98.38,78.87,entsoe.eu,false,""
2022-12-10T18:00:00.000000,Sweden,Sweden,SE,31.73,67.2,96.09,76.96,entsoe.eu,false,""
2022-12-10T19:00:00.000000,Sweden,Sweden,SE,30.65,65.97,96.35,77.09,entsoe.eu,false,""
2022-12-10T20:00:00.000000,Sweden,Sweden,SE,5.22,38.54,99.44,79.78,entsoe.eu,false,""
2022-12-10T21:00:00.000000,Sweden,Sweden,SE,7.85,40.58,99.04,79.25,entsoe.eu,false,""
2022-12-10T22:00:00.000000,Sweden,Sweden,SE,12.32,45.5,98.42,78.44,entsoe.eu,false,""
2022-12-10T23:00:00.000000,Sweden,Sweden,SE,16.84,50.42,97.7,77.43,entsoe.eu,false,""
2022-12-11T00:00:00.000000,Sweden,Sweden,SE,16.15,49.84,97.79,77.52,entsoe.eu,false,""
2022-12-11T01:00:00.000000,Sweden,Sweden,SE,9.1,42.18,98.81,78.17,entsoe.eu,false,""
2022-12-11T02:00:00.000000,Sweden,Sweden,SE,8.48,41.65,98.91,77.98,entsoe.eu,false,""
2022-12-11T03:00:00.000000,Sweden,Sweden,SE,6.91,39.89,99.14,78.29,entsoe.eu,false,""
2022-12-11T04:00:00.000000,Sweden,Sweden,SE,4.38,36.94,99.51,78.9,entsoe.eu,false,""
2022-12-11T05:00:00.000000,Sweden,Sweden,SE,4.08,36.14,99.55,79.82,entsoe.eu,false,""
2022-12-11T06:00:00.000000,Sweden,Sweden,SE,5.0,38.22,99.48,79.47,entsoe.eu,false,""
2022-12-11T07:00:00.000000,Sweden,Sweden,SE,26.09,60.01,97.46,78.58,entsoe.eu,false,""
2022-12-11T08:00:00.000000,Sweden,Sweden,SE,26.95,60.97,97.38,78.48,entsoe.eu,false,""
2022-12-11T09:00:00.000000,Sweden,Sweden,SE,10.48,43.69,98.94,79.92,entsoe.eu,false,""
2022-12-11T10:00:00.000000,Sweden,Sweden,SE,11.76,46.34,98.47,79.35,entsoe.eu,false,""
2022-12-11T11:00:00.000000,Sweden,Sweden,SE,21.98,56.81,97.84,78.59,entsoe.eu,false,""
2022-12-11T12:00:00.000000,Sweden,Sweden,SE,16.86,51.13,98.31,79.19,entsoe.eu,false,""
2022-12-11T13:00:00.000000,Sweden,Sweden,SE,20.73,55.05,97.98,78.96,entsoe.eu,false,""
2022-12-11T14:00:00.000000,Sweden,Sweden,SE,16.36,50.31,98.4,79.7,entsoe.eu,false,""
2022-12-11T15:00:00.000000,Sweden,Sweden,SE,15.64,49.89,98.23,79.38,entsoe.eu,false,""
2022-12-11T16:00:00.000000,Sweden,Sweden,SE,8.34,42.26,98.9,80.21,entsoe.eu,false,""
2022-12-11T17:00:00.000000,Sweden,Sweden,SE,9.85,43.39,98.7,80.28,entsoe.eu,false,""
2022-12-11T18:00:00.000000,Sweden,Sweden,SE,9.76,43.34,98.72,80.11,entsoe.eu,false,""
2022-12-11T19:00:00.000000,Sweden,Sweden,SE,6.81,39.75,98.97,80.05,entsoe.eu,false,""
2022-12-11T20:00:00.000000,Sweden,Sweden,SE,4.75,37.17,99.45,80.56,entsoe.eu,false,""
2022-12-11T21:00:00.000000,Sweden,Sweden,SE,4.7,36.99,99.45,80.67,entsoe.eu,false,""
2022-12-11T22:00:00.000000,Sweden,Sweden,SE,6.31,38.69,99.07,80.59,entsoe.eu,false,""
2022-12-11T23:00:00.000000,Sweden,Sweden,SE,13.36,47.2,98.5,79.03,entsoe.eu,false,""
2022-12-12T00:00:00.000000,Sweden,Sweden,SE,25.89,59.77,97.32,78.27,entsoe.eu,false,""
2022-12-12T01:00:00.000000,Sweden,Sweden,SE,23.86,57.27,97.6,78.75,entsoe.eu,false,""
2022-12-12T02:00:00.000000,Sweden,Sweden,SE,23.56,56.92,97.63,78.22,entsoe.eu,false,""
2022-12-12T03:00:00.000000,Sweden,Sweden,SE,24.84,58.35,97.47,76.67,entsoe.eu,false,""
2022-12-12T04:00:00.000000,Sweden,Sweden,SE,21.87,54.38,97.85,77.41,entsoe.eu,false,""
2022-12-12T05:00:00.000000,Sweden,Sweden,SE,10.25,41.31,98.97,79.99,entsoe.eu,false,""
2022-12-12T06:00:00.000000,Sweden,Sweden,SE,3.72,34.19,99.59,80.83,entsoe.eu,false,""
2022-12-12T07:00:00.000000,Sweden,Sweden,SE,21.98,53.98,97.33,78.86,entsoe.eu,false,""
2022-12-12T08:00:00.000000,Sweden,Sweden,SE,13.88,45.23,98.15,79.79,entsoe.eu,false,""
2022-12-12T09:00:00.000000,Sweden,Sweden,SE,4.98,35.49,99.4,80.58,entsoe.eu,false,""
2022-12-12T10:00:00.000000,Sweden,Sweden,SE,11.36,42.71,98.5,79.55,entsoe.eu,false,""
2022-12-12T11:00:00.000000,Sweden,Sweden,SE,5.34,36.39,99.34,79.95,entsoe.eu,false,""
2022-12-12T12:00:00.000000,Sweden,Sweden,SE,5.72,36.34,99.27,80.41,entsoe.eu,false,""
2022-12-12T13:00:00.000000,Sweden,Sweden,SE,5.69,36.26,99.29,80.5,entsoe.eu,false,""
2022-12-12T14:00:00.000000,Sweden,Sweden,SE,7.32,38.18,98.92,80.25,entsoe.eu,false,""
2022-12-12T15:00:00.000000,Sweden,Sweden,SE,7.88,38.78,98.79,80.19,entsoe.eu,false,""
2022-12-12T16:00:00.000000,Sweden,Sweden,SE,8.24,39.23,98.72,79.83,entsoe.eu,false,""
2022-12-12T17:00:00.000000,Sweden,Sweden,SE,9.36,40.44,98.49,79.46,entsoe.eu,false,""
2022-12-12T18:00:00.000000,Sweden,Sweden,SE,11.51,42.78,98.26,79.0,entsoe.eu,false,""
2022-12-12T19:00:00.000000,Sweden,Sweden,SE,16.88,48.38,97.7,78.7,entsoe.eu,false,""
2022-12-12T20:00:00.000000,Sweden,Sweden,SE,9.21,40.22,98.9,79.2,entsoe.eu,false,""
2022-12-12T21:00:00.000000,Sweden,Sweden,SE,16.33,47.63,98.32,77.97,entsoe.eu,false,""
2022-12-12T22:00:00.000000,Sweden,Sweden,SE,16.09,47.55,98.39,77.21,entsoe.eu,false,""
2022-12-12T23:00:00.000000,Sweden,Sweden,SE,5.29,35.61,99.42,77.73,entsoe.eu,false,""
2022-12-13T00:00:00.000000,Sweden,Sweden,SE,16.29,47.42,98.37,76.67,entsoe.eu,false,""
2022-12-13T01:00:00.000000,Sweden,Sweden,SE,19.04,50.37,98.11,76.29,entsoe.eu,false,""
2022-12-13T02:00:00.000000,Sweden,Sweden,SE,18.99,50.3,98.12,76.46,entsoe.eu,false,""
2022-12-13T03:00:00.000000,Sweden,Sweden,SE,10.02,40.75,98.98,77.7,entsoe.eu,false,""
2022-12-13T04:00:00.000000,Sweden,Sweden,SE,4.48,35.19,99.49,79.01,entsoe.eu,false,""
2022-12-13T05:00:00.000000,Sweden,Sweden,SE,4.49,34.94,99.48,79.61,entsoe.eu,false,""
2022-12-13T06:00:00.000000,Sweden,Sweden,SE,5.47,35.6,99.34,79.71,entsoe.eu,false,""
2022-12-13T07:00:00.000000,Sweden,Sweden,SE,8.2,39.01,98.72,78.96,entsoe.eu,false,""
2022-12-13T08:00:00.000000,Sweden,Sweden,SE,6.92,37.8,98.96,79.3,entsoe.eu,false,""
2022-12-13T09:00:00.000000,Sweden,Sweden,SE,4.15,34.91,99.51,79.8,entsoe.eu,false,""
2022-12-13T10:00:00.000000,Sweden,Sweden,SE,15.12,47.71,97.97,78.75,entsoe.eu,false,""
2022-12-13T11:00:00.000000,Sweden,Sweden,SE,21.04,54.64,97.17,77.92,entsoe.eu,false,""
2022-12-13T12:00:00.000000,Sweden,Sweden,SE,10.8,42.77,98.86,78.89,entsoe.eu,false,""
2022-12-13T13:00:00.000000,Sweden,Sweden,SE,24.73,57.27,97.63,77.82,entsoe.eu,false,""
2022-12-13T14:00:00.000000,Sweden,Sweden,SE,29.11,62.65,96.82,77.09,entsoe.eu,false,""
2022-12-13T15:00:00.000000,Sweden,Sweden,SE,30.73,64.63,96.38,77.04,entsoe.eu,false,""
2022-12-13T16:00:00.000000,Sweden,Sweden,SE,17.97,52.33,97.32,77.48,entsoe.eu,false,""
2022-12-13T17:00:00.000000,Sweden,Sweden,SE,23.46,58.62,96.56,76.73,entsoe.eu,false,""
2022-12-13T18:00:00.000000,Sweden,Sweden,SE,27.02,62.37,96.18,76.42,entsoe.eu,false,""
2022-12-13T19:00:00.000000,Sweden,Sweden,SE,26.96,62.41,96.1,76.1,entsoe.eu,false,""
2022-12-13T20:00:00.000000,Sweden,Sweden,SE,24.33,59.25,96.71,76.48,entsoe.eu,false,""
2022-12-13T21:00:00.000000,Sweden,Sweden,SE,22.53,57.51,96.96,76.22,entsoe.eu,false,""
2022-12-13T22:00:00.000000,Sweden,Sweden,SE,25.97,60.94,96.75,74.86,entsoe.eu,false,""
2022-12-13T23:00:00.000000,Sweden,Sweden,SE,26.62,61.58,97.25,74.21,entsoe.eu,false,""
2022-12-14T00:00:00.000000,Sweden,Sweden,SE,28.29,62.7,97.26,74.32,entsoe.eu,false,""
2022-12-14T01:00:00.000000,Sweden,Sweden,SE,30.87,66.07,96.94,74.14,entsoe.eu,false,""
2022-12-14T02:00:00.000000,Sweden,Sweden,SE,26.57,60.44,97.42,75.22,entsoe.eu,false,""
2022-12-14T03:00:00.000000,Sweden,Sweden,SE,26.3,60.74,97.46,74.52,entsoe.eu,false,""
2022-12-14T04:00:00.000000,Sweden,Sweden,SE,10.59,45.04,98.6,76.41,entsoe.eu,false,""
2022-12-14T05:00:00.000000,Sweden,Sweden,SE,17.31,52.13,97.56,77.17,entsoe.eu,false,""
2022-12-14T06:00:00.000000,Sweden,Sweden,SE,18.71,53.26,97.15,77.76,entsoe.eu,false,""
2022-12-14T07:00:00.000000,Sweden,Sweden,SE,13.33,46.83,97.96,78.3,entsoe.eu,false,""
2022-12-14T08:00:00.000000,Sweden,Sweden,SE,12.76,46.13,98.07,78.22,entsoe.eu,false,""
2022-12-14T09:00:00.000000,Sweden,Sweden,SE,9.38,42.49,98.46,78.26,entsoe.eu,false,""
2022-12-14T10:00:00.000000,Sweden,Sweden,SE,16.6,51.07,97.8,77.79,entsoe.eu,false,""
2022-12-14T11:00:00.000000,Sweden,Sweden,SE,16.62,50.94,97.73,77.84,entsoe.eu,false,""
2022-12-14T12:00:00.000000,Sweden,Sweden,SE,17.08,51.38,97.74,77.89,entsoe.eu,false,""
2022-12-14T13:00:00.000000,Sweden,Sweden,SE,9.84,43.45,98.68,78.33,entsoe.eu,false,""
2022-12-14T14:00:00.000000,Sweden,Sweden,SE,29.69,65.59,96.48,76.7,entsoe.eu,false,""
2022-12-14T15:00:00.000000,Sweden,Sweden,SE,38.22,74.52,95.49,75.82,entsoe.eu,false,""
2022-12-14T16:00:00.000000,Sweden,Sweden,SE,36.58,71.17,95.8,76.36,entsoe.eu,false,""
2022-12-14T17:00:00.000000,Sweden,Sweden,SE,32.21,67.07,96.16,76.42,entsoe.eu,false,""
2022-12-14T18:00:00.000000,Sweden,Sweden,SE,33.15,68.44,96.35,75.84,entsoe.eu,false,""
2022-12-14T19:00:00.000000,Sweden,Sweden,SE,24.9,60.33,97.18,76.14,entsoe.eu,false,""
2022-12-14T20:00:00.000000,Sweden,Sweden,SE,27.93,63.88,96.91,75.37,entsoe.eu,false,""
2022-12-14T21:00:00.000000,Sweden,Sweden,SE,25.52,61.25,97.41,75.36,entsoe.eu,false,""
2022-12-14T22:00:00.000000,Sweden,Sweden,SE,29.78,65.3,97.04,74.87,entsoe.eu,false,""
2022-12-14T23:00:00.000000,Sweden,Sweden,SE,26.59,61.69,97.32,75.71,entsoe.eu,false,""
2022-12-15T00:00:00.000000,Sweden,Sweden,SE,26.32,61.48,97.37,75.86,entsoe.eu,false,""
2022-12-15T01:00:00.000000,Sweden,Sweden,SE,25.37,60.28,97.48,75.67,entsoe.eu,false,""
2022-12-15T02:00:00.000000,Sweden,Sweden,SE,26.38,61.48,97.37,75.38,entsoe.eu,false,""
2022-12-15T03:00:00.000000,Sweden,Sweden,SE,4.37,38.17,99.48,77.47,entsoe.eu,false,""
2022-12-15T04:00:00.000000,Sweden,Sweden,SE,16.98,53.28,97.64,76.62,entsoe.eu,false,""
2022-12-15T05:00:00.000000,Sweden,Sweden,SE,23.68,61.57,96.6,76.16,entsoe.eu,false,""
2022-12-15T06:00:00.000000,Sweden,Sweden,SE,23.24,60.75,96.64,76.46,entsoe.eu,false,""
2022-12-15T07:00:00.000000,Sweden,Sweden,SE,23.73,61.03,96.69,76.2,entsoe.eu,false,""
2022-12-15T08:00:00.000000,Sweden,Sweden,SE,15.73,51.62,97.85,77.21,entsoe.eu,false,""
2022-12-15T09:00:00.000000,Sweden,Sweden,SE,25.37,62.77,96.42,76.11,entsoe.eu,false,""
2022-12-15T10:00:00.000000,Sweden,Sweden,SE,23.02,59.94,96.69,76.44,entsoe.eu,false,""
2022-12-15T11:00:00.000000,Sweden,Sweden,SE,23.07,59.23,96.72,77.09,entsoe.eu,false,""
2022-12-15T12:00:00.000000,Sweden,Sweden,SE,27.94,65.05,96.14,76.2,entsoe.eu,false,""
2022-12-15T13:00:00.000000,Sweden,Sweden,SE,23.44,59.46,96.73,76.43,entsoe.eu,false,""
2022-12-15T14:00:00.000000,Sweden,Sweden,SE,29.91,65.9,95.97,75.77,entsoe.eu,false,""
2022-12-15T15:00:00.000000,Sweden,Sweden,SE,41.01,76.81,94.95,75.03,entsoe.eu,false,""
2022-12-15T16:00:00.000000,Sweden,Sweden,SE,24.72,60.14,96.45,76.37,entsoe.eu,false,""
2022-12-15T17:00:00.000000,Sweden,Sweden,SE,35.17,69.97,95.52,75.58,entsoe.eu,false,""
2022-12-15T18:00:00.000000,Sweden,Sweden,SE,13.73,47.36,97.97,77.29,entsoe.eu,false,""
2022-12-15T19:00:00.000000,Sweden,Sweden,SE,15.52,49.03,98.07,77.55,entsoe.eu,false,""
2022-12-15T20:00:00.000000,Sweden,Sweden,SE,13.23,46.4,98.57,77.65,entsoe.eu,false,""
2022-12-15T21:00:00.000000,Sweden,Sweden,SE,7.86,40.62,98.94,78.09,entsoe.eu,false,""
2022-12-15T22:00:00.000000,Sweden,Sweden,SE,7.95,40.59,98.95,78.0,entsoe.eu,false,""
2022-12-15T23:00:00.000000,Sweden,Sweden,SE,5.98,38.3,99.26,78.1,entsoe.eu,false,""
2022-12-16T00:00:00.000000,Sweden,Sweden,SE,6.37,39.01,99.22,77.8,entsoe.eu,false,""
2022-12-16T01:00:00.000000,Sweden,Sweden,SE,7.84,41.18,99.0,77.28,entsoe.eu,false,""
2022-12-16T02:00:00.000000,Sweden,Sweden,SE,9.79,43.49,98.65,77.15,entsoe.eu,false,""
2022-12-16T03:00:00.000000,Sweden,Sweden,SE,17.81,53.15,97.43,76.6,entsoe.eu,false,""
2022-12-16T04:00:00.000000,Sweden,Sweden,SE,27.49,64.25,96.19,76.13,entsoe.eu,false,""
2022-12-16T05:00:00.000000,Sweden,Sweden,SE,25.78,62.63,96.43,76.66,entsoe.eu,false,""
2022-12-16T06:00:00.000000,Sweden,Sweden,SE,47.42,85.04,94.45,75.08,entsoe.eu,false,""
2022-12-16T07:00:00.000000,Sweden,Sweden,SE,50.18,88.36,94.09,74.98,entsoe.eu,false,""
2022-12-16T08:00:00.000000,Sweden,Sweden,SE,34.03,70.8,95.62,76.48,entsoe.eu,false,""
2022-12-16T09:00:00.000000,Sweden,Sweden,SE,36.34,73.03,95.64,76.2,entsoe.eu,false,""
2022-12-16T10:00:00.000000,Sweden,Sweden,SE,23.75,60.02,96.75,77.19,entsoe.eu,false,""
2022-12-16T11:00:00.000000,Sweden,Sweden,SE,26.24,62.63,96.42,76.7,entsoe.eu,false,""
2022-12-16T12:00:00.000000,Sweden,Sweden,SE,23.35,59.3,96.65,76.54,entsoe.eu,false,""
2022-12-16T13:00:00.000000,Sweden,Sweden,SE,25.69,60.67,96.66,76.55,entsoe.eu,false,""
2022-12-16T14:00:00.000000,Sweden,Sweden,SE,25.18,59.09,96.78,77.21,entsoe.eu,false,""
2022-12-16T15:00:00.000000,Sweden,Sweden,SE,13.74,47.24,98.07,78.47,entsoe.eu,false,""
2022-12-16T16:00:00.000000,Sweden,Sweden,SE,14.15,47.61,97.99,78.4,entsoe.eu,false,""
2022-12-16T17:00:00.000000,Sweden,Sweden,SE,12.59,45.51,98.19,78.11,entsoe.eu,false,""
2022-12-16T18:00:00.000000,Sweden,Sweden,SE,15.49,48.19,97.8,77.41,entsoe.eu,false,""
2022-12-16T19:00:00.000000,Sweden,Sweden,SE,15.25,47.52,97.9,77.47,entsoe.eu,false,""
2022-12-16T20:00:00.000000,Sweden,Sweden,SE,12.74,44.5,98.32,77.41,entsoe.eu,false,""
2022-12-16T21:00:00.000000,Sweden,Sweden,SE,9.22,40.71,98.97,77.92,entsoe.eu,false,""
2022-12-16T22:00:00.000000,Sweden,Sweden,SE,30.15,62.97,96.64,75.91,entsoe.eu,false,""
2022-12-16T23:00:00.000000,Sweden,Sweden,SE,25.12,57.67,97.52,76.65,entsoe.eu,false,""
2022-12-17T00:00:00.000000,Sweden,Sweden,SE,16.74,48.58,98.34,77.28,entsoe.eu,false,""
2022-12-17T01:00:00.000000,Sweden,Sweden,SE,24.98,56.71,97.57,76.01,entsoe.eu,false,""
2022-12-17T02:00:00.000000,Sweden,Sweden,SE,25.21,56.82,97.58,75.88,entsoe.eu,false,""
2022-12-17T03:00:00.000000,Sweden,Sweden,SE,24.35,55.78,97.67,75.88,entsoe.eu,false,""
2022-12-17T04:00:00.000000,Sweden,Sweden,SE,8.36,38.79,99.19,77.06,entsoe.eu,false,""
2022-12-17T05:00:00.000000,Sweden,Sweden,SE,12.71,42.89,98.79,77.35,entsoe.eu,false,""
2022-12-17T06:00:00.000000,Sweden,Sweden,SE,3.99,33.73,99.61,78.58,entsoe.eu,false,""
2022-12-17T07:00:00.000000,Sweden,Sweden,SE,3.77,32.89,99.63,79.7,entsoe.eu,false,""
2022-12-17T08:00:00.000000,Sweden,Sweden,SE,4.7,34.05,99.49,79.62,entsoe.eu,false,""
2022-12-17T09:00:00.000000,Sweden,Sweden,SE,4.11,33.27,99.54,79.85,entsoe.eu,false,""
2022-12-17T10:00:00.000000,Sweden,Sweden,SE,4.09,33.26,99.55,79.73,entsoe.eu,false,""
2022-12-17T11:00:00.000000,Sweden,Sweden,SE,4.18,33.44,99.54,79.09,entsoe.eu,false,""
2022-12-17T12:00:00.000000,Sweden,Sweden,SE,4.12,33.17,99.55,79.26,entsoe.eu,false,""
2022-12-17T13:00:00.000000,Sweden,Sweden,SE,4.19,33.62,99.54,79.43,entsoe.eu,false,""
2022-12-17T14:00:00.000000,Sweden,Sweden,SE,4.21,33.83,99.54,79.5,entsoe.eu,false,""
2022-12-17T15:00:00.000000,Sweden,Sweden,SE,4.26,33.81,99.52,79.6,entsoe.eu,false,""
2022-12-17T16:00:00.000000,Sweden,Sweden,SE,4.22,33.34,99.52,79.91,entsoe.eu,false,""
2022-12-17T17:00:00.000000,Sweden,Sweden,SE,4.2,33.15,99.53,78.47,entsoe.eu,false,""
2022-12-17T18:00:00.000000,Sweden,Sweden,SE,4.3,33.37,99.52,77.16,entsoe.eu,false,""
2022-12-17T19:00:00.000000,Sweden,Sweden,SE,5.25,34.54,99.38,76.6,entsoe.eu,false,""
2022-12-17T20:00:00.000000,Sweden,Sweden,SE,5.54,35.01,99.31,75.98,entsoe.eu,false,""
2022-12-17T21:00:00.000000,Sweden,Sweden,SE,7.17,36.56,99.07,75.91,entsoe.eu,false,""
2022-12-17T22:00:00.000000,Sweden,Sweden,SE,7.58,36.95,99.02,75.78,entsoe.eu,false,""
2022-12-17T23:00:00.000000,Sweden,Sweden,SE,7.2,35.3,99.1,75.1,entsoe.eu,false,""
2022-12-18T00:00:00.000000,Sweden,Sweden,SE,8.07,36.2,99.0,75.29,entsoe.eu,false,""
2022-12-18T01:00:00.000000,Sweden,Sweden,SE,7.27,34.68,99.08,75.65,entsoe.eu,false,""
2022-12-18T02:00:00.000000,Sweden,Sweden,SE,6.57,33.53,99.16,75.62,entsoe.eu,false,""
2022-12-18T03:00:00.000000,Sweden,Sweden,SE,7.14,34.14,99.1,75.28,entsoe.eu,false,""
2022-12-18T04:00:00.000000,Sweden,Sweden,SE,7.52,34.51,99.05,75.29,entsoe.eu,false,""
2022-12-18T05:00:00.000000,Sweden,Sweden,SE,7.19,33.97,99.06,75.6,entsoe.eu,false,""
2022-12-18T06:00:00.000000,Sweden,Sweden,SE,6.79,33.71,99.11,75.74,entsoe.eu,false,""
2022-12-18T07:00:00.000000,Sweden,Sweden,SE,7.47,34.37,99.02,75.71,entsoe.eu,false,""
2022-12-18T08:00:00.000000,Sweden,Sweden,SE,7.18,34.13,99.05,75.65,entsoe.eu,false,""
2022-12-18T09:00:00.000000,Sweden,Sweden,SE,7.31,33.85,99.01,75.81,entsoe.eu,false,""
2022-12-18T10:00:00.000000,Sweden,Sweden,SE,7.4,33.33,98.99,75.89,entsoe.eu,false,""
2022-12-18T11:00:00.000000,Sweden,Sweden,SE,8.52,34.6,98.85,75.76,entsoe.eu,false,""
2022-12-18T12:00:00.000000,Sweden,Sweden,SE,4.7,30.58,99.41,75.56,entsoe.eu,false,""
2022-12-18T13:00:00.000000,Sweden,Sweden,SE,3.61,29.38,99.58,74.86,entsoe.eu,false,""
2022-12-18T14:00:00.000000,Sweden,Sweden,SE,3.74,30.2,99.57,74.55,entsoe.eu,false,""
2022-12-18T15:00:00.000000,Sweden,Sweden,SE,5.11,31.7,99.38,74.58,entsoe.eu,false,""
2022-12-18T16:00:00.000000,Sweden,Sweden,SE,5.22,31.74,99.37,74.55,entsoe.eu,false,""
2022-12-18T17:00:00.000000,Sweden,Sweden,SE,4.6,31.27,99.46,74.26,entsoe.eu,false,""
2022-12-18T18:00:00.000000,Sweden,Sweden,SE,3.63,29.85,99.6,74.47,entsoe.eu,false,""
2022-12-18T19:00:00.000000,Sweden,Sweden,SE,7.93,34.8,99.02,73.96,entsoe.eu,false,""
2022-12-18T20:00:00.000000,Sweden,Sweden,SE,5.88,32.5,99.33,73.85,entsoe.eu,false,""
2022-12-18T21:00:00.000000,Sweden,Sweden,SE,6.24,32.28,99.27,73.8,entsoe.eu,false,""
2022-12-18T22:00:00.000000,Sweden,Sweden,SE,4.97,30.54,99.45,73.92,entsoe.eu,false,""
2022-12-18T23:00:00.000000,Sweden,Sweden,SE,5.25,31.0,99.43,73.34,entsoe.eu,false,""
2022-12-19T00:00:00.000000,Sweden,Sweden,SE,8.28,34.36,99.07,72.95,entsoe.eu,false,""
2022-12-19T01:00:00.000000,Sweden,Sweden,SE,8.27,34.6,99.08,73.28,entsoe.eu,false,""
2022-12-19T02:00:00.000000,Sweden,Sweden,SE,8.45,35.01,99.05,72.93,entsoe.eu,false,""
2022-12-19T03:00:00.000000,Sweden,Sweden,SE,7.23,33.64,99.19,73.01,entsoe.eu,false,""
2022-12-19T04:00:00.000000,Sweden,Sweden,SE,5.5,31.78,99.42,73.5,entsoe.eu,false,""
2022-12-19T05:00:00.000000,Sweden,Sweden,SE,3.35,29.43,99.68,73.58,entsoe.eu,false,""
2022-12-19T06:00:00.000000,Sweden,Sweden,SE,2.52,28.6,99.78,75.01,entsoe.eu,false,""
2022-12-19T07:00:00.000000,Sweden,Sweden,SE,3.35,29.84,99.66,75.22,entsoe.eu,false,""
2022-12-19T08:00:00.000000,Sweden,Sweden,SE,3.56,30.51,99.64,74.21,entsoe.eu,false,""
2022-12-19T09:00:00.000000,Sweden,Sweden,SE,3.67,30.76,99.62,73.88,entsoe.eu,false,""
2022-12-19T10:00:00.000000,Sweden,Sweden,SE,8.38,36.32,98.99,73.48,entsoe.eu,false,""
2022-12-19T11:00:00.000000,Sweden,Sweden,SE,6.74,34.61,99.2,73.33,entsoe.eu,false,""
2022-12-19T12:00:00.000000,Sweden,Sweden,SE,7.67,35.99,99.05,73.29,entsoe.eu,false,""
2022-12-19T13:00:00.000000,Sweden,Sweden,SE,8.91,37.64,98.86,73.07,entsoe.eu,false,""
2022-12-19T14:00:00.000000,Sweden,Sweden,SE,12.77,41.98,98.37,73.43,entsoe.eu,false,""
2022-12-19T15:00:00.000000,Sweden,Sweden,SE,12.26,41.54,98.44,73.18,entsoe.eu,false,""
2022-12-19T16:00:00.000000,Sweden,Sweden,SE,9.55,38.29,98.8,73.04,entsoe.eu,false,""
2022-12-19T17:00:00.000000,Sweden,Sweden,SE,7.99,36.55,99.01,72.88,entsoe.eu,false,""
2022-12-19T18:00:00.000000,Sweden,Sweden,SE,17.76,47.82,97.77,72.27,entsoe.eu,false,""
2022-12-19T19:00:00.000000,Sweden,Sweden,SE,17.97,47.89,97.76,72.23,entsoe.eu,false,""
2022-12-19T20:00:00.000000,Sweden,Sweden,SE,14.36,43.61,98.22,72.09,entsoe.eu,false,""
2022-12-19T21:00:00.000000,Sweden,Sweden,SE,10.62,38.86,98.71,71.73,entsoe.eu,false,""
2022-12-19T22:00:00.000000,Sweden,Sweden,SE,11.53,40.18,98.63,71.05,entsoe.eu,false,""
2022-12-19T23:00:00.000000,Sweden,Sweden,SE,22.15,51.31,97.6,69.38,entsoe.eu,false,""
2022-12-20T00:00:00.000000,Sweden,Sweden,SE,27.49,57.65,97.0,68.77,entsoe.eu,false,""
2022-12-20T01:00:00.000000,Sweden,Sweden,SE,29.65,58.93,96.86,68.49,entsoe.eu,false,""
2022-12-20T02:00:00.000000,Sweden,Sweden,SE,26.9,57.21,96.97,68.74,entsoe.eu,false,""
2022-12-20T03:00:00.000000,Sweden,Sweden,SE,16.56,45.87,97.96,69.65,entsoe.eu,false,""
2022-12-20T04:00:00.000000,Sweden,Sweden,SE,15.5,43.78,98.12,70.4,entsoe.eu,false,""
2022-12-20T05:00:00.000000,Sweden,Sweden,SE,11.05,37.39,98.67,71.89,entsoe.eu,false,""
2022-12-20T06:00:00.000000,Sweden,Sweden,SE,6.34,31.05,99.23,72.69,entsoe.eu,false,""
2022-12-20T07:00:00.000000,Sweden,Sweden,SE,10.06,35.71,98.76,72.89,entsoe.eu,false,""
2022-12-20T08:00:00.000000,Sweden,Sweden,SE,7.53,32.5,99.03,72.73,entsoe.eu,false,""
2022-12-20T09:00:00.000000,Sweden,Sweden,SE,6.53,31.23,99.15,72.7,entsoe.eu,false,""
2022-12-20T10:00:00.000000,Sweden,Sweden,SE,8.22,33.16,98.92,73.01,entsoe.eu,false,""
2022-12-20T11:00:00.000000,Sweden,Sweden,SE,5.97,29.88,99.21,72.91,entsoe.eu,false,""
2022-12-20T12:00:00.000000,Sweden,Sweden,SE,5.63,29.7,99.25,72.49,entsoe.eu,false,""
2022-12-20T13:00:00.000000,Sweden,Sweden,SE,7.48,31.63,99.0,73.49,entsoe.eu,false,""
2022-12-20T14:00:00.000000,Sweden,Sweden,SE,5.91,29.39,99.2,73.76,entsoe.eu,false,""
2022-12-20T15:00:00.000000,Sweden,Sweden,SE,6.0,29.31,99.19,73.76,entsoe.eu,false,""
2022-12-20T16:00:00.000000,Sweden,Sweden,SE,7.3,30.76,99.02,73.49,entsoe.eu,false,""
2022-12-20T17:00:00.000000,Sweden,Sweden,SE,5.83,29.08,99.22,73.21,entsoe.eu,false,""
2022-12-20T18:00:00.000000,Sweden,Sweden,SE,3.56,26.43,99.55,72.72,entsoe.eu,false,""
2022-12-20T19:00:00.000000,Sweden,Sweden,SE,2.76,25.84,99.67,72.4,entsoe.eu,false,""
2022-12-20T20:00:00.000000,Sweden,Sweden,SE,2.57,25.83,99.71,71.65,entsoe.eu,false,""
2022-12-20T21:00:00.000000,Sweden,Sweden,SE,4.77,28.95,99.4,71.44,entsoe.eu,false,""
2022-12-20T22:00:00.000000,Sweden,Sweden,SE,4.01,28.02,99.5,71.08,entsoe.eu,false,""
2022-12-20T23:00:00.000000,Sweden,Sweden,SE,3.31,28.36,99.61,68.63,entsoe.eu,false,""
2022-12-21T00:00:00.000000,Sweden,Sweden,SE,5.27,30.9,99.35,68.44,entsoe.eu,false,""
2022-12-21T01:00:00.000000,Sweden,Sweden,SE,2.78,27.8,99.68,68.22,entsoe.eu,false,""
2022-12-21T02:00:00.000000,Sweden,Sweden,SE,6.56,32.47,99.18,68.46,entsoe.eu,false,""
2022-12-21T03:00:00.000000,Sweden,Sweden,SE,4.72,30.48,99.42,68.7,entsoe.eu,false,""
2022-12-21T04:00:00.000000,Sweden,Sweden,SE,2.88,28.08,99.65,70.35,entsoe.eu,false,""
2022-12-21T05:00:00.000000,Sweden,Sweden,SE,2.74,27.37,99.66,73.16,entsoe.eu,false,""
2022-12-21T06:00:00.000000,Sweden,Sweden,SE,2.62,26.73,99.68,73.93,entsoe.eu,false,""
2022-12-21T07:00:00.000000,Sweden,Sweden,SE,2.6,26.68,99.68,73.89,entsoe.eu,false,""
2022-12-21T08:00:00.000000,Sweden,Sweden,SE,2.54,26.74,99.71,73.54,entsoe.eu,false,""
2022-12-21T09:00:00.000000,Sweden,Sweden,SE,2.56,27.07,99.7,73.78,entsoe.eu,false,""
2022-12-21T10:00:00.000000,Sweden,Sweden,SE,2.3,25.92,99.75,74.03,entsoe.eu,false,""
2022-12-21T11:00:00.000000,Sweden,Sweden,SE,2.26,25.93,99.77,73.82,entsoe.eu,false,""
2022-12-21T12:00:00.000000,Sweden,Sweden,SE,2.24,25.89,99.77,73.72,entsoe.eu,false,""
2022-12-21T13:00:00.000000,Sweden,Sweden,SE,2.18,25.7,99.78,73.43,entsoe.eu,false,""
2022-12-21T14:00:00.000000,Sweden,Sweden,SE,2.23,25.95,99.78,73.77,entsoe.eu,false,""
2022-12-21T15:00:00.000000,Sweden,Sweden,SE,2.32,26.28,99.77,74.12,entsoe.eu,false,""
2022-12-21T16:00:00.000000,Sweden,Sweden,SE,2.36,26.13,99.75,74.62,entsoe.eu,false,""
2022-12-21T17:00:00.000000,Sweden,Sweden,SE,2.31,26.2,99.77,73.77,entsoe.eu,false,""
2022-12-21T18:00:00.000000,Sweden,Sweden,SE,2.37,26.39,99.76,73.35,entsoe.eu,false,""
2022-12-21T19:00:00.000000,Sweden,Sweden,SE,4.07,28.33,99.53,72.86,entsoe.eu,false,""
2022-12-21T20:00:00.000000,Sweden,Sweden,SE,7.69,33.09,99.03,71.74,entsoe.eu,false,""
2022-12-21T21:00:00.000000,Sweden,Sweden,SE,7.32,32.97,99.1,71.38,entsoe.eu,false,""
2022-12-21T22:00:00.000000,Sweden,Sweden,SE,4.42,29.79,99.5,70.64,entsoe.eu,false,""
2022-12-21T23:00:00.000000,Sweden,Sweden,SE,4.46,30.25,99.49,70.27,entsoe.eu,false,""
2022-12-22T00:00:00.000000,Sweden,Sweden,SE,3.93,29.81,99.57,69.88,entsoe.eu,false,""
2022-12-22T01:00:00.000000,Sweden,Sweden,SE,4.32,30.43,99.52,69.43,entsoe.eu,false,""
2022-12-22T02:00:00.000000,Sweden,Sweden,SE,3.62,29.96,99.62,68.95,entsoe.eu,false,""
2022-12-22T03:00:00.000000,Sweden,Sweden,SE,2.7,28.63,99.73,69.72,entsoe.eu,false,""
2022-12-22T04:00:00.000000,Sweden,Sweden,SE,2.5,27.2,99.74,71.59,entsoe.eu,false,""
2022-12-22T05:00:00.000000,Sweden,Sweden,SE,2.29,26.27,99.78,73.59,entsoe.eu,false,""
2022-12-22T06:00:00.000000,Sweden,Sweden,SE,2.2,25.68,99.78,74.94,entsoe.eu,false,""
2022-12-22T07:00:00.000000,Sweden,Sweden,SE,2.15,25.42,99.77,75.93,entsoe.eu,false,""
2022-12-22T08:00:00.000000,Sweden,Sweden,SE,2.05,25.19,99.8,76.04,entsoe.eu,false,""
2022-12-22T09:00:00.000000,Sweden,Sweden,SE,2.12,25.48,99.79,75.49,entsoe.eu,false,""
2022-12-22T10:00:00.000000,Sweden,Sweden,SE,2.22,25.77,99.77,75.15,entsoe.eu,false,""
2022-12-22T11:00:00.000000,Sweden,Sweden,SE,2.27,26.16,99.78,74.25,entsoe.eu,false,""
2022-12-22T12:00:00.000000,Sweden,Sweden,SE,2.15,26.21,99.81,73.17,entsoe.eu,false,""
2022-12-22T13:00:00.000000,Sweden,Sweden,SE,3.56,28.16,99.62,73.28,entsoe.eu,false,""
2022-12-22T14:00:00.000000,Sweden,Sweden,SE,5.07,30.01,99.39,73.37,entsoe.eu,false,""
2022-12-22T15:00:00.000000,Sweden,Sweden,SE,7.77,33.36,98.96,73.32,entsoe.eu,false,""
2022-12-22T16:00:00.000000,Sweden,Sweden,SE,3.78,28.61,99.59,73.27,entsoe.eu,false,""
2022-12-22T17:00:00.000000,Sweden,Sweden,SE,2.1,26.47,99.84,72.92,entsoe.eu,false,""
2022-12-22T18:00:00.000000,Sweden,Sweden,SE,2.05,26.2,99.85,72.87,entsoe.eu,false,""
2022-12-22T19:00:00.000000,Sweden,Sweden,SE,2.52,26.8,99.77,72.73,entsoe.eu,false,""
2022-12-22T20:00:00.000000,Sweden,Sweden,SE,7.01,32.17,99.11,72.46,entsoe.eu,false,""
2022-12-22T21:00:00.000000,Sweden,Sweden,SE,6.9,31.83,99.18,72.29,entsoe.eu,false,""
2022-12-22T22:00:00.000000,Sweden,Sweden,SE,5.26,29.84,99.43,72.01,entsoe.eu,false,""
2022-12-22T23:00:00.000000,Sweden,Sweden,SE,8.56,33.82,99.07,70.68,entsoe.eu,false,""
2022-12-23T00:00:00.000000,Sweden,Sweden,SE,7.18,32.07,99.22,70.79,entsoe.eu,false,""
2022-12-23T01:00:00.000000,Sweden,Sweden,SE,7.01,32.0,99.25,71.4,entsoe.eu,false,""
2022-12-23T02:00:00.000000,Sweden,Sweden,SE,4.65,29.27,99.5,71.82,entsoe.eu,false,""
2022-12-23T03:00:00.000000,Sweden,Sweden,SE,2.13,26.17,99.82,72.35,entsoe.eu,false,""
2022-12-23T04:00:00.000000,Sweden,Sweden,SE,2.01,25.95,99.85,72.27,entsoe.eu,false,""
2022-12-23T05:00:00.000000,Sweden,Sweden,SE,1.97,25.94,99.86,72.73,entsoe.eu,false,""
2022-12-23T06:00:00.000000,Sweden,Sweden,SE,2.03,26.02,99.84,72.71,entsoe.eu,false,""
2022-12-23T07:00:00.000000,Sweden,Sweden,SE,1.99,25.98,99.84,74.33,entsoe.eu,false,""
2022-12-23T08:00:00.000000,Sweden,Sweden,SE,1.96,26.56,99.87,73.73,entsoe.eu,false,""
2022-12-23T09:00:00.000000,Sweden,Sweden,SE,2.68,27.71,99.77,73.03,entsoe.eu,false,""
2022-12-23T10:00:00.000000,Sweden,Sweden,SE,6.35,32.22,99.42,72.14,entsoe.eu,false,""
2022-12-23T11:00:00.000000,Sweden,Sweden,SE,2.85,28.95,99.76,71.63,entsoe.eu,false,""
2022-12-23T12:00:00.000000,Sweden,Sweden,SE,4.36,30.89,99.55,71.19,entsoe.eu,false,""
2022-12-23T13:00:00.000000,Sweden,Sweden,SE,4.55,31.21,99.52,71.79,entsoe.eu,false,""
2022-12-23T14:00:00.000000,Sweden,Sweden,SE,3.62,30.06,99.62,73.16,entsoe.eu,false,""
2022-12-23T15:00:00.000000,Sweden,Sweden,SE,3.58,30.05,99.62,73.38,entsoe.eu,false,""
2022-12-23T16:00:00.000000,Sweden,Sweden,SE,3.8,30.61,99.64,72.62,entsoe.eu,false,""
2022-12-23T17:00:00.000000,Sweden,Sweden,SE,3.35,29.99,99.69,72.35,entsoe.eu,false,""
2022-12-23T18:00:00.000000,Sweden,Sweden,SE,9.94,38.11,98.79,70.52,entsoe.eu,false,""
2022-12-23T19:00:00.000000,Sweden,Sweden,SE,13.86,42.52,98.34,70.48,entsoe.eu,false,""
2022-12-23T20:00:00.000000,Sweden,Sweden,SE,18.4,48.08,97.87,69.37,entsoe.eu,false,""
2022-12-23T21:00:00.000000,Sweden,Sweden,SE,15.91,45.59,98.17,68.7,entsoe.eu,false,""
2022-12-23T22:00:00.000000,Sweden,Sweden,SE,13.99,42.84,98.38,69.0,entsoe.eu,false,""
2022-12-23T23:00:00.000000,Sweden,Sweden,SE,12.92,40.77,98.56,68.82,entsoe.eu,false,""
2022-12-24T00:00:00.000000,Sweden,Sweden,SE,10.19,37.79,98.84,68.04,entsoe.eu,false,""
2022-12-24T01:00:00.000000,Sweden,Sweden,SE,11.06,38.53,98.73,68.13,entsoe.eu,false,""
2022-12-24T02:00:00.000000,Sweden,Sweden,SE,16.75,45.93,98.14,66.1,entsoe.eu,false,""
2022-12-24T03:00:00.000000,Sweden,Sweden,SE,13.85,43.01,98.43,66.21,entsoe.eu,false,""
2022-12-24T04:00:00.000000,Sweden,Sweden,SE,13.7,42.26,98.45,67.13,entsoe.eu,false,""
2022-12-24T05:00:00.000000,Sweden,Sweden,SE,11.51,39.33,98.71,68.65,entsoe.eu,false,""
2022-12-24T06:00:00.000000,Sweden,Sweden,SE,24.76,53.8,97.47,68.18,entsoe.eu,false,""
2022-12-24T07:00:00.000000,Sweden,Sweden,SE,10.74,39.43,98.8,69.62,entsoe.eu,false,""
2022-12-24T08:00:00.000000,Sweden,Sweden,SE,13.77,43.08,98.36,69.18,entsoe.eu,false,""
2022-12-24T09:00:00.000000,Sweden,Sweden,SE,19.03,48.52,97.81,69.31,entsoe.eu,false,""
2022-12-24T10:00:00.000000,Sweden,Sweden,SE,19.15,48.54,97.79,69.9,entsoe.eu,false,""
2022-12-24T11:00:00.000000,Sweden,Sweden,SE,13.67,42.74,98.41,70.29,entsoe.eu,false,""
2022-12-24T12:00:00.000000,Sweden,Sweden,SE,16.7,45.98,98.14,69.79,entsoe.eu,false,""
2022-12-24T13:00:00.000000,Sweden,Sweden,SE,8.79,37.07,99.1,70.77,entsoe.eu,false,""
2022-12-24T14:00:00.000000,Sweden,Sweden,SE,7.84,35.98,99.25,70.94,entsoe.eu,false,""
2022-12-24T15:00:00.000000,Sweden,Sweden,SE,5.75,33.67,99.44,71.2,entsoe.eu,false,""
2022-12-24T16:00:00.000000,Sweden,Sweden,SE,4.42,32.2,99.58,71.16,entsoe.eu,false,""
2022-12-24T17:00:00.000000,Sweden,Sweden,SE,23.88,52.64,97.74,69.81,entsoe.eu,false,""
2022-12-24T18:00:00.000000,Sweden,Sweden,SE,14.95,42.66,98.58,70.36,entsoe.eu,false,""
2022-12-24T19:00:00.000000,Sweden,Sweden,SE,3.48,29.94,99.68,71.01,entsoe.eu,false,""
2022-12-24T20:00:00.000000,Sweden,Sweden,SE,3.1,29.31,99.72,70.59,entsoe.eu,false,""
2022-12-24T21:00:00.000000,Sweden,Sweden,SE,3.12,28.22,99.68,70.28,entsoe.eu,false,""
2022-12-24T22:00:00.000000,Sweden,Sweden,SE,3.13,27.96,99.68,69.74,entsoe.eu,false,""
2022-12-24T23:00:00.000000,Sweden,Sweden,SE,5.93,30.77,99.34,69.17,entsoe.eu,false,""
2022-12-25T00:00:00.000000,Sweden,Sweden,SE,4.99,30.41,99.49,68.66,entsoe.eu,false,""
2022-12-25T01:00:00.000000,Sweden,Sweden,SE,4.11,29.11,99.58,69.16,entsoe.eu,false,""
2022-12-25T02:00:00.000000,Sweden,Sweden,SE,2.98,26.89,99.7,69.63,entsoe.eu,false,""
2022-12-25T03:00:00.000000,Sweden,Sweden,SE,3.32,27.43,99.64,69.33,entsoe.eu,false,""
2022-12-25T04:00:00.000000,Sweden,Sweden,SE,3.7,28.2,99.62,68.98,entsoe.eu,false,""
2022-12-25T05:00:00.000000,Sweden,Sweden,SE,2.73,26.86,99.75,69.43,entsoe.eu,false,""
2022-12-25T06:00:00.000000,Sweden,Sweden,SE,3.3,27.91,99.67,70.16,entsoe.eu,false,""
2022-12-25T07:00:00.000000,Sweden,Sweden,SE,2.78,27.39,99.72,70.61,entsoe.eu,false,""
2022-12-25T08:00:00.000000,Sweden,Sweden,SE,3.26,27.77,99.64,70.94,entsoe.eu,false,""
2022-12-25T09:00:00.000000,Sweden,Sweden,SE,2.71,27.04,99.7,71.45,entsoe.eu,false,""
2022-12-25T10:00:00.000000,Sweden,Sweden,SE,2.74,27.2,99.7,71.7,entsoe.eu,false,""
2022-12-25T11:00:00.000000,Sweden,Sweden,SE,3.74,28.49,99.57,72.44,entsoe.eu,false,""
2022-12-25T12:00:00.000000,Sweden,Sweden,SE,3.58,28.35,99.6,72.63,entsoe.eu,false,""
2022-12-25T13:00:00.000000,Sweden,Sweden,SE,2.38,26.61,99.76,72.42,entsoe.eu,false,""
2022-12-25T14:00:00.000000,Sweden,Sweden,SE,4.57,28.41,99.51,72.82,entsoe.eu,false,""
2022-12-25T15:00:00.000000,Sweden,Sweden,SE,4.76,28.69,99.53,72.86,entsoe.eu,false,""
2022-12-25T16:00:00.000000,Sweden,Sweden,SE,5.6,29.14,99.42,73.02,entsoe.eu,false,""
2022-12-25T17:00:00.000000,Sweden,Sweden,SE,4.08,27.62,99.6,73.02,entsoe.eu,false,""
2022-12-25T18:00:00.000000,Sweden,Sweden,SE,1.93,24.94,99.84,73.03,entsoe.eu,false,""
2022-12-25T19:00:00.000000,Sweden,Sweden,SE,1.92,24.11,99.82,72.93,entsoe.eu,false,""
2022-12-25T20:00:00.000000,Sweden,Sweden,SE,1.94,23.97,99.81,72.59,entsoe.eu,false,""
2022-12-25T21:00:00.000000,Sweden,Sweden,SE,1.94,23.96,99.81,71.96,entsoe.eu,false,""
2022-12-25T22:00:00.000000,Sweden,Sweden,SE,1.94,24.49,99.83,70.25,entsoe.eu,false,""
2022-12-25T23:00:00.000000,Sweden,Sweden,SE,1.97,23.79,99.85,69.35,entsoe.eu,false,""
2022-12-26T00:00:00.000000,Sweden,Sweden,SE,1.93,23.43,99.85,69.08,entsoe.eu,false,""
2022-12-26T01:00:00.000000,Sweden,Sweden,SE,4.68,27.09,99.53,67.81,entsoe.eu,false,""
2022-12-26T02:00:00.000000,Sweden,Sweden,SE,4.81,27.5,99.52,67.25,entsoe.eu,false,""
2022-12-26T03:00:00.000000,Sweden,Sweden,SE,18.59,42.92,98.16,65.11,entsoe.eu,false,""
2022-12-26T04:00:00.000000,Sweden,Sweden,SE,16.07,40.22,98.45,64.86,entsoe.eu,false,""
2022-12-26T05:00:00.000000,Sweden,Sweden,SE,18.27,43.08,98.14,65.53,entsoe.eu,false,""
2022-12-26T06:00:00.000000,Sweden,Sweden,SE,9.4,33.32,99.04,67.12,entsoe.eu,false,""
2022-12-26T07:00:00.000000,Sweden,Sweden,SE,4.43,27.43,99.54,70.01,entsoe.eu,false,""
2022-12-26T08:00:00.000000,Sweden,Sweden,SE,4.8,28.04,99.47,71.06,entsoe.eu,false,""
2022-12-26T09:00:00.000000,Sweden,Sweden,SE,4.4,27.71,99.5,71.03,entsoe.eu,false,""
2022-12-26T10:00:00.000000,Sweden,Sweden,SE,4.73,28.02,99.46,71.13,entsoe.eu,false,""
2022-12-26T11:00:00.000000,Sweden,Sweden,SE,5.68,29.35,99.35,71.28,entsoe.eu,false,""
2022-12-26T12:00:00.000000,Sweden,Sweden,SE,5.84,30.0,99.37,70.28,entsoe.eu,false,""
2022-12-26T13:00:00.000000,Sweden,Sweden,SE,5.48,29.56,99.41,70.09,entsoe.eu,false,""
2022-12-26T14:00:00.000000,Sweden,Sweden,SE,5.28,28.93,99.43,70.47,entsoe.eu,false,""
2022-12-26T15:00:00.000000,Sweden,Sweden,SE,5.33,28.75,99.41,71.13,entsoe.eu,false,""
2022-12-26T16:00:00.000000,Sweden,Sweden,SE,5.43,28.55,99.39,71.89,entsoe.eu,false,""
2022-12-26T17:00:00.000000,Sweden,Sweden,SE,3.96,26.83,99.56,71.64,entsoe.eu,false,""
2022-12-26T18:00:00.000000,Sweden,Sweden,SE,5.25,28.27,99.41,71.82,entsoe.eu,false,""
2022-12-26T19:00:00.000000,Sweden,Sweden,SE,5.16,28.18,99.43,71.61,entsoe.eu,false,""
2022-12-26T20:00:00.000000,Sweden,Sweden,SE,5.05,28.37,99.47,70.79,entsoe.eu,false,""
2022-12-26T21:00:00.000000,Sweden,Sweden,SE,10.49,34.09,98.96,69.81,entsoe.eu,false,""
2022-12-26T22:00:00.000000,Sweden,Sweden,SE,4.88,28.53,99.52,68.04,entsoe.eu,false,""
2022-12-26T23:00:00.000000,Sweden,Sweden,SE,6.25,29.22,99.34,67.41,entsoe.eu,false,""
2022-12-27T00:00:00.000000,Sweden,Sweden,SE,28.4,54.4,97.14,65.52,entsoe.eu,false,""
2022-12-27T01:00:00.000000,Sweden,Sweden,SE,29.13,55.39,97.09,65.76,entsoe.eu,false,""
2022-12-27T02:00:00.000000,Sweden,Sweden,SE,30.41,57.19,96.92,66.18,entsoe.eu,false,""
2022-12-27T03:00:00.000000,Sweden,Sweden,SE,33.59,61.15,96.54,65.74,entsoe.eu,false,""
2022-12-27T04:00:00.000000,Sweden,Sweden,SE,28.39,54.98,97.11,67.32,entsoe.eu,false,""
2022-12-27T05:00:00.000000,Sweden,Sweden,SE,11.43,36.19,98.8,69.97,entsoe.eu,false,""
2022-12-27T06:00:00.000000,Sweden,Sweden,SE,6.06,28.82,99.28,73.39,entsoe.eu,false,""
2022-12-27T07:00:00.000000,Sweden,Sweden,SE,5.78,28.08,99.32,73.66,entsoe.eu,false,""
2022-12-27T08:00:00.000000,Sweden,Sweden,SE,5.14,27.4,99.4,73.69,entsoe.eu,false,""
2022-12-27T09:00:00.000000,Sweden,Sweden,SE,3.3,25.61,99.61,73.88,entsoe.eu,false,""
2022-12-27T10:00:00.000000,Sweden,Sweden,SE,6.33,29.29,99.24,73.83,entsoe.eu,false,""
2022-12-27T11:00:00.000000,Sweden,Sweden,SE,7.19,30.59,99.14,73.99,entsoe.eu,false,""
2022-12-27T12:00:00.000000,Sweden,Sweden,SE,6.55,29.64,99.24,74.15,entsoe.eu,false,""
2022-12-27T13:00:00.000000,Sweden,Sweden,SE,3.66,26.38,99.57,74.24,entsoe.eu,false,""
2022-12-27T14:00:00.000000,Sweden,Sweden,SE,6.97,30.31,99.15,74.31,entsoe.eu,false,""
2022-12-27T15:00:00.000000,Sweden,Sweden,SE,8.79,32.38,98.91,74.3,entsoe.eu,false,""
2022-12-27T16:00:00.000000,Sweden,Sweden,SE,8.84,32.4,98.88,74.44,entsoe.eu,false,""
2022-12-27T17:00:00.000000,Sweden,Sweden,SE,9.61,33.27,98.78,74.27,entsoe.eu,false,""
2022-12-27T18:00:00.000000,Sweden,Sweden,SE,9.71,33.58,98.78,73.99,entsoe.eu,false,""
2022-12-27T19:00:00.000000,Sweden,Sweden,SE,8.94,32.89,98.9,73.53,entsoe.eu,false,""
2022-12-27T20:00:00.000000,Sweden,Sweden,SE,5.65,28.77,99.33,72.83,entsoe.eu,false,""
2022-12-27T21:00:00.000000,Sweden,Sweden,SE,7.5,30.85,99.07,72.46,entsoe.eu,false,""
2022-12-27T22:00:00.000000,Sweden,Sweden,SE,8.19,32.11,98.97,72.18,entsoe.eu,false,""
2022-12-27T23:00:00.000000,Sweden,Sweden,SE,11.64,37.75,98.61,70.11,entsoe.eu,false,""
2022-12-28T00:00:00.000000,Sweden,Sweden,SE,18.5,46.2,97.93,68.28,entsoe.eu,false,""
2022-12-28T01:00:00.000000,Sweden,Sweden,SE,15.34,42.99,98.21,68.43,entsoe.eu,false,""
2022-12-28T02:00:00.000000,Sweden,Sweden,SE,16.01,43.88,98.14,67.95,entsoe.eu,false,""
2022-12-28T03:00:00.000000,Sweden,Sweden,SE,14.27,41.58,98.32,68.01,entsoe.eu,false,""
2022-12-28T04:00:00.000000,Sweden,Sweden,SE,13.69,40.69,98.38,69.11,entsoe.eu,false,""
2022-12-28T05:00:00.000000,Sweden,Sweden,SE,11.32,36.86,98.69,70.92,entsoe.eu,false,""
2022-12-28T06:00:00.000000,Sweden,Sweden,SE,11.43,36.82,98.71,72.59,entsoe.eu,false,""
2022-12-28T07:00:00.000000,Sweden,Sweden,SE,11.81,37.11,98.65,73.08,entsoe.eu,false,""
2022-12-28T08:00:00.000000,Sweden,Sweden,SE,12.01,37.26,98.61,73.08,entsoe.eu,false,""
2022-12-28T09:00:00.000000,Sweden,Sweden,SE,11.66,36.93,98.64,72.81,entsoe.eu,false,""
2022-12-28T10:00:00.000000,Sweden,Sweden,SE,11.82,37.2,98.62,72.99,entsoe.eu,false,""
2022-12-28T11:00:00.000000,Sweden,Sweden,SE,11.93,37.33,98.59,73.28,entsoe.eu,false,""
2022-12-28T12:00:00.000000,Sweden,Sweden,SE,12.05,37.46,98.57,73.23,entsoe.eu,false,""
2022-12-28T13:00:00.000000,Sweden,Sweden,SE,12.95,38.62,98.45,73.04,entsoe.eu,false,""
2022-12-28T14:00:00.000000,Sweden,Sweden,SE,12.52,38.52,98.48,72.67,entsoe.eu,false,""
2022-12-28T15:00:00.000000,Sweden,Sweden,SE,19.7,46.1,97.8,72.0,entsoe.eu,false,""
2022-12-28T16:00:00.000000,Sweden,Sweden,SE,21.48,47.74,97.7,71.48,entsoe.eu,false,""
2022-12-28T17:00:00.000000,Sweden,Sweden,SE,14.02,40.16,98.33,72.22,entsoe.eu,false,""
2022-12-28T18:00:00.000000,Sweden,Sweden,SE,16.32,43.12,98.05,71.83,entsoe.eu,false,""
2022-12-28T19:00:00.000000,Sweden,Sweden,SE,17.6,44.95,97.92,71.4,entsoe.eu,false,""
2022-12-28T20:00:00.000000,Sweden,Sweden,SE,16.4,43.78,98.07,70.34,entsoe.eu,false,""
2022-12-28T21:00:00.000000,Sweden,Sweden,SE,15.55,42.81,98.18,69.91,entsoe.eu,false,""
2022-12-28T22:00:00.000000,Sweden,Sweden,SE,21.48,49.94,97.66,68.42,entsoe.eu,false,""
2022-12-28T23:00:00.000000,Sweden,Sweden,SE,28.72,57.1,97.01,66.38,entsoe.eu,false,""
2022-12-29T00:00:00.000000,Sweden,Sweden,SE,27.77,55.62,97.11,66.3,entsoe.eu,false,""
2022-12-29T01:00:00.000000,Sweden,Sweden,SE,25.4,53.04,97.36,66.37,entsoe.eu,false,""
2022-12-29T02:00:00.000000,Sweden,Sweden,SE,32.27,60.89,96.66,65.86,entsoe.eu,false,""
2022-12-29T03:00:00.000000,Sweden,Sweden,SE,26.07,53.92,97.24,66.82,entsoe.eu,false,""
2022-12-29T04:00:00.000000,Sweden,Sweden,SE,14.53,40.91,98.34,68.66,entsoe.eu,false,""
2022-12-29T05:00:00.000000,Sweden,Sweden,SE,14.24,39.86,98.43,69.64,entsoe.eu,false,""
2022-12-29T06:00:00.000000,Sweden,Sweden,SE,11.55,36.32,98.7,70.59,entsoe.eu,false,""
2022-12-29T07:00:00.000000,Sweden,Sweden,SE,11.78,36.66,98.68,71.28,entsoe.eu,false,""
2022-12-29T08:00:00.000000,Sweden,Sweden,SE,11.45,35.98,98.73,71.8,entsoe.eu,false,""
2022-12-29T09:00:00.000000,Sweden,Sweden,SE,11.96,36.73,98.68,71.34,entsoe.eu,false,""
2022-12-29T10:00:00.000000,Sweden,Sweden,SE,11.35,35.47,98.74,72.63,entsoe.eu,false,""
2022-12-29T11:00:00.000000,Sweden,Sweden,SE,11.0,34.56,98.79,72.62,entsoe.eu,false,""
2022-12-29T12:00:00.000000,Sweden,Sweden,SE,10.99,34.54,98.81,72.27,entsoe.eu,false,""
2022-12-29T13:00:00.000000,Sweden,Sweden,SE,9.87,33.11,98.94,71.87,entsoe.eu,false,""
2022-12-29T14:00:00.000000,Sweden,Sweden,SE,8.22,31.22,99.12,72.3,entsoe.eu,false,""
2022-12-29T15:00:00.000000,Sweden,Sweden,SE,5.64,28.16,99.39,73.08,entsoe.eu,false,""
2022-12-29T16:00:00.000000,Sweden,Sweden,SE,3.79,25.2,99.59,73.79,entsoe.eu,false,""
2022-12-29T17:00:00.000000,Sweden,Sweden,SE,3.69,24.8,99.6,73.69,entsoe.eu,false,""
2022-12-29T18:00:00.000000,Sweden,Sweden,SE,4.08,24.98,99.54,73.33,entsoe.eu,false,""
2022-12-29T19:00:00.000000,Sweden,Sweden,SE,4.85,26.3,99.43,71.96,entsoe.eu,false,""
2022-12-29T20:00:00.000000,Sweden,Sweden,SE,5.26,27.29,99.41,72.05,entsoe.eu,false,""
2022-12-29T21:00:00.000000,Sweden,Sweden,SE,4.36,25.89,99.51,71.1,entsoe.eu,false,""
2022-12-29T22:00:00.000000,Sweden,Sweden,SE,4.66,25.61,99.51,69.41,entsoe.eu,false,""
2022-12-29T23:00:00.000000,Sweden,Sweden,SE,1.83,20.91,99.84,65.73,entsoe.eu,false,""
2022-12-30T00:00:00.000000,Sweden,Sweden,SE,4.73,24.99,99.47,66.85,entsoe.eu,false,""
2022-12-30T01:00:00.000000,Sweden,Sweden,SE,6.52,27.49,99.26,65.8,entsoe.eu,false,""
2022-12-30T02:00:00.000000,Sweden,Sweden,SE,8.05,29.85,99.06,64.12,entsoe.eu,false,""
2022-12-30T03:00:00.000000,Sweden,Sweden,SE,11.09,33.63,98.63,65.04,entsoe.eu,false,""
2022-12-30T04:00:00.000000,Sweden,Sweden,SE,10.52,33.39,98.68,64.58,entsoe.eu,false,""
2022-12-30T05:00:00.000000,Sweden,Sweden,SE,11.71,35.63,98.57,65.44,entsoe.eu,false,""
2022-12-30T06:00:00.000000,Sweden,Sweden,SE,10.92,35.23,98.69,67.87,entsoe.eu,false,""
2022-12-30T07:00:00.000000,Sweden,Sweden,SE,10.78,34.92,98.71,69.32,entsoe.eu,false,""
2022-12-30T08:00:00.000000,Sweden,Sweden,SE,10.93,35.16,98.69,69.96,entsoe.eu,false,""
2022-12-30T09:00:00.000000,Sweden,Sweden,SE,11.5,36.34,98.63,69.88,entsoe.eu,false,""
2022-12-30T10:00:00.000000,Sweden,Sweden,SE,10.87,35.46,98.71,69.47,entsoe.eu,false,""
2022-12-30T11:00:00.000000,Sweden,Sweden,SE,12.31,37.32,98.63,68.79,entsoe.eu,false,""
2022-12-30T12:00:00.000000,Sweden,Sweden,SE,12.55,37.66,98.57,68.34,entsoe.eu,false,""
2022-12-30T13:00:00.000000,Sweden,Sweden,SE,11.78,36.62,98.62,68.69,entsoe.eu,false,""
2022-12-30T14:00:00.000000,Sweden,Sweden,SE,11.74,36.29,98.63,69.16,entsoe.eu,false,""
2022-12-30T15:00:00.000000,Sweden,Sweden,SE,12.8,37.46,98.51,70.1,entsoe.eu,false,""
2022-12-30T16:00:00.000000,Sweden,Sweden,SE,9.58,33.54,98.88,69.78,entsoe.eu,false,""
2022-12-30T17:00:00.000000,Sweden,Sweden,SE,10.93,35.07,98.74,69.54,entsoe.eu,false,""
2022-12-30T18:00:00.000000,Sweden,Sweden,SE,11.89,36.18,98.66,68.87,entsoe.eu,false,""
2022-12-30T19:00:00.000000,Sweden,Sweden,SE,11.54,35.01,98.74,68.71,entsoe.eu,false,""
2022-12-30T20:00:00.000000,Sweden,Sweden,SE,12.44,35.54,98.63,67.51,entsoe.eu,false,""
2022-12-30T21:00:00.000000,Sweden,Sweden,SE,13.51,36.44,98.51,67.83,entsoe.eu,false,""
2022-12-30T22:00:00.000000,Sweden,Sweden,SE,13.91,36.4,98.46,67.31,entsoe.eu,false,""
2022-12-30T23:00:00.000000,Sweden,Sweden,SE,15.44,36.52,98.31,68.28,entsoe.eu,false,""
2022-12-31T00:00:00.000000,Sweden,Sweden,SE,11.73,32.13,98.7,66.93,entsoe.eu,false,""
2022-12-31T01:00:00.000000,Sweden,Sweden,SE,11.52,31.57,98.74,67.35,entsoe.eu,false,""
2022-12-31T02:00:00.000000,Sweden,Sweden,SE,11.56,31.3,98.78,66.61,entsoe.eu,false,""
2022-12-31T03:00:00.000000,Sweden,Sweden,SE,4.84,23.77,99.45,66.69,entsoe.eu,false,""
2022-12-31T04:00:00.000000,Sweden,Sweden,SE,4.71,23.4,99.46,67.09,entsoe.eu,false,""
2022-12-31T05:00:00.000000,Sweden,Sweden,SE,7.67,26.74,99.09,67.52,entsoe.eu,false,""
2022-12-31T06:00:00.000000,Sweden,Sweden,SE,8.55,27.94,98.97,67.42,entsoe.eu,false,""
2022-12-31T07:00:00.000000,Sweden,Sweden,SE,6.78,26.33,99.2,66.51,entsoe.eu,false,""
2022-12-31T08:00:00.000000,Sweden,Sweden,SE,8.04,27.79,99.07,66.32,entsoe.eu,false,""
2022-12-31T09:00:00.000000,Sweden,Sweden,SE,7.35,27.17,99.17,66.54,entsoe.eu,false,""
2022-12-31T10:00:00.000000,Sweden,Sweden,SE,7.16,27.15,99.19,66.78,entsoe.eu,false,""
2022-12-31T11:00:00.000000,Sweden,Sweden,SE,8.32,28.45,99.08,66.44,entsoe.eu,false,""
2022-12-31T12:00:00.000000,Sweden,Sweden,SE,8.33,29.18,99.05,66.39,entsoe.eu,false,""
2022-12-31T13:00:00.000000,Sweden,Sweden,SE,5.14,25.3,99.44,66.55,entsoe.eu,false,""
2022-12-31T14:00:00.000000,Sweden,Sweden,SE,4.34,23.77,99.53,67.9,entsoe.eu,false,""
2022-12-31T15:00:00.000000,Sweden,Sweden,SE,4.88,24.43,99.46,68.15,entsoe.eu,false,""
2022-12-31T16:00:00.000000,Sweden,Sweden,SE,6.2,26.38,99.29,68.02,entsoe.eu,false,""
2022-12-31T17:00:00.000000,Sweden,Sweden,SE,6.04,25.82,99.31,67.73,entsoe.eu,false,""
2022-12-31T18:00:00.000000,Sweden,Sweden,SE,17.59,38.85,98.14,65.81,entsoe.eu,false,""
2022-12-31T19:00:00.000000,Sweden,Sweden,SE,23.56,45.54,97.36,64.77,entsoe.eu,false,""
2022-12-31T20:00:00.000000,Sweden,Sweden,SE,17.92,39.3,98.05,64.38,entsoe.eu,false,""
2022-12-31T21:00:00.000000,Sweden,Sweden,SE,22.96,44.94,97.59,62.75,entsoe.eu,false,""
2022-12-31T22:00:00.000000,Sweden,Sweden,SE,24.44,46.86,97.41,61.66,entsoe.eu,false,""
2022-12-31T23:00:00.000000,Sweden,Sweden,SE,15.88,37.11,98.26,60.24,entsoe.eu,false,""
