Datetime (UTC),Country,Zone name,Zone id,Carbon intensity gCO₂eq/kWh (direct),Carbon intensity gCO₂eq/kWh (Life cycle),Carbon-free energy percentage (CFE%),Renewable energy percentage (RE%),Data source,Data estimated,Data estimation method
2025-01-01T00:00:00.000000,Japan,Japan,JP,352.64,431.66,35.58,26.03,,true,ESTIMATED_MODE_BREAKDOWN
2025-01-01T01:00:00.000000,Japan,Japan,JP,222.77,287.61,59.3,48.75,,true,ESTIMATED_MODE_BREAKDOWN
2025-01-01T02:00:00.000000,Japan,Japan,JP,192.52,254.06,64.81,53.89,,true,ESTIMATED_MODE_BREAKDOWN
2025-01-01T03:00:00.000000,Japan,Japan,JP,186.4,247.13,65.92,54.71,,true,ESTIMATED_MODE_BREAKDOWN
2025-01-01T04:00:00.000000,Japan,Japan,JP,202.99,265.3,62.9,51.3,,true,ESTIMATED_MODE_BREAKDOWN
2025-01-01T05:00:00.000000,Japan,Japan,JP,254.71,322.44,53.46,41.8,,true,ESTIMATED_MODE_BREAKDOWN
2025-01-01T06:00:00.000000,Japan,Japan,JP,329.83,405.64,39.72,28.48,,true,ESTIMATED_MODE_BREAKDOWN
2025-01-01T07:00:00.000000,Japan,Japan,JP,403.02,486.91,26.38,15.87,,true,ESTIMATED_MODE_BREAKDOWN
2025-01-01T08:00:00.000000,Japan,Japan,JP,426.8,513.84,22.06,12.51,,true,ESTIMATED_MODE_BREAKDOWN
2025-01-01T09:00:00.000000,Japan,Japan,JP,429.79,517.36,21.53,12.3,,true,ESTIMATED_MODE_BREAKDOWN
2025-01-01T10:00:00.000000,Japan,Japan,JP,430.57,518.25,21.39,12.23,,true,ESTIMATED_MODE_BREAKDOWN
2025-01-01T11:00:00.000000,Japan,Japan,JP,431.34,519.11,21.26,12.14,,true,ESTIMATED_MODE_BREAKDOWN
2025-01-01T12:00:00.000000,Japan,Japan,JP,430.39,518.0,21.43,12.19,,true,ESTIMATED_MODE_BREAKDOWN
2025-01-01T13:00:00.000000,Japan,Japan,JP,427.86,515.13,21.89,12.27,,true,ESTIMATED_MODE_BREAKDOWN
2025-01-01T14:00:00.000000,Japan,Japan,JP,426.65,513.81,22.14,12.32,,true,ESTIMATED_MODE_BREAKDOWN
2025-01-01T15:00:00.000000,Japan,Japan,JP,423.54,510.27,22.73,12.32,,true,ESTIMATED_MODE_BREAKDOWN
2025-01-01T16:00:00.000000,Japan,Japan,JP,421.72,508.19,23.04,12.39,,true,ESTIMATED_MODE_BREAKDOWN
2025-01-01T17:00:00.000000,Japan,Japan,JP,421.65,508.17,23.05,12.56,,true,ESTIMATED_MODE_BREAKDOWN
2025-01-01T18:00:00.000000,Japan,Japan,JP,421.99,508.63,22.99,12.69,,true,ESTIMATED_MODE_BREAKDOWN
2025-01-01T19:00:00.000000,Japan,Japan,JP,422.11,508.79,22.97,12.67,,true,ESTIMATED_MODE_BREAKDOWN
2025-01-01T20:00:00.000000,Japan,Japan,JP,421.88,508.43,23.01,12.69,,true,ESTIMATED_MODE_BREAKDOWN
2025-01-01T21:00:00.000000,Japan,Japan,JP,422.84,509.42,22.81,12.71,,true,ESTIMATED_MODE_BREAKDOWN
2025-01-01T22:00:00.000000,Japan,Japan,JP,415.67,501.61,24.11,14.46,,true,ESTIMATED_MODE_BREAKDOWN
2025-01-01T23:00:00.000000,Japan,Japan,JP,361.84,442.15,33.93,24.62,,true,ESTIMATED_MODE_BREAKDOWN
2025-01-02T00:00:00.000000,Japan,Japan,JP,289.15,361.32,47.17,37.45,,true,ESTIMATED_MODE_BREAKDOWN
2025-01-02T01:00:00.000000,Japan,Japan,JP,234.69,300.9,57.12,46.99,,true,ESTIMATED_MODE_BREAKDOWN
2025-01-02T02:00:00.000000,Japan,Japan,JP,205.25,268.25,62.48,51.99,,true,ESTIMATED_MODE_BREAKDOWN
2025-01-02T03:00:00.000000,Japan,Japan,JP,209.69,272.99,61.67,50.93,,true,ESTIMATED_MODE_BREAKDOWN
2025-01-02T04:00:00.000000,Japan,Japan,JP,236.94,302.98,56.7,45.67,,true,ESTIMATED_MODE_BREAKDOWN
2025-01-02T05:00:00.000000,Japan,Japan,JP,280.6,351.23,48.73,37.67,,true,ESTIMATED_MODE_BREAKDOWN
2025-01-02T06:00:00.000000,Japan,Japan,JP,344.54,421.93,37.04,26.29,,true,ESTIMATED_MODE_BREAKDOWN
2025-01-02T07:00:00.000000,Japan,Japan,JP,406.82,491.18,25.69,15.51,,true,ESTIMATED_MODE_BREAKDOWN
2025-01-02T08:00:00.000000,Japan,Japan,JP,426.89,513.9,22.04,12.71,,true,ESTIMATED_MODE_BREAKDOWN
2025-01-02T09:00:00.000000,Japan,Japan,JP,428.72,516.07,21.71,12.67,,true,ESTIMATED_MODE_BREAKDOWN
2025-01-02T10:00:00.000000,Japan,Japan,JP,428.77,516.13,21.7,12.65,,true,ESTIMATED_MODE_BREAKDOWN
2025-01-02T11:00:00.000000,Japan,Japan,JP,428.6,515.95,21.74,12.62,,true,ESTIMATED_MODE_BREAKDOWN
2025-01-02T12:00:00.000000,Japan,Japan,JP,427.73,514.95,21.9,12.64,,true,ESTIMATED_MODE_BREAKDOWN
2025-01-02T13:00:00.000000,Japan,Japan,JP,425.64,512.52,22.29,12.61,,true,ESTIMATED_MODE_BREAKDOWN
2025-01-02T14:00:00.000000,Japan,Japan,JP,424.2,510.9,22.56,12.67,,true,ESTIMATED_MODE_BREAKDOWN
2025-01-02T15:00:00.000000,Japan,Japan,JP,419.97,506.0,23.33,12.84,,true,ESTIMATED_MODE_BREAKDOWN
2025-01-02T16:00:00.000000,Japan,Japan,JP,418.15,503.93,23.66,12.92,,true,ESTIMATED_MODE_BREAKDOWN
2025-01-02T17:00:00.000000,Japan,Japan,JP,419.05,505.12,23.51,12.97,,true,ESTIMATED_MODE_BREAKDOWN
2025-01-02T18:00:00.000000,Japan,Japan,JP,420.45,506.83,23.27,12.94,,true,ESTIMATED_MODE_BREAKDOWN
2025-01-02T19:00:00.000000,Japan,Japan,JP,420.73,507.16,23.22,12.9,,true,ESTIMATED_MODE_BREAKDOWN
2025-01-02T20:00:00.000000,Japan,Japan,JP,420.84,507.25,23.19,12.87,,true,ESTIMATED_MODE_BREAKDOWN
2025-01-02T21:00:00.000000,Japan,Japan,JP,422.36,508.88,22.9,12.77,,true,ESTIMATED_MODE_BREAKDOWN
2025-01-02T22:00:00.000000,Japan,Japan,JP,417.05,503.12,23.85,14.17,,true,ESTIMATED_MODE_BREAKDOWN
2025-01-02T23:00:00.000000,Japan,Japan,JP,377.85,459.8,31.0,21.78,,true,ESTIMATED_MODE_BREAKDOWN
2025-01-03T00:00:00.000000,Japan,Japan,JP,323.67,399.81,40.87,31.66,,true,ESTIMATED_MODE_BREAKDOWN
2025-01-03T01:00:00.000000,Japan,Japan,JP,281.7,353.14,48.52,39.07,,true,ESTIMATED_MODE_BREAKDOWN
2025-01-03T02:00:00.000000,Japan,Japan,JP,273.34,343.69,50.05,40.39,,true,ESTIMATED_MODE_BREAKDOWN
2025-01-03T03:00:00.000000,Japan,Japan,JP,276.12,346.52,49.54,39.58,,true,ESTIMATED_MODE_BREAKDOWN
2025-01-03T04:00:00.000000,Japan,Japan,JP,282.68,353.65,48.34,38.22,,true,ESTIMATED_MODE_BREAKDOWN
2025-01-03T05:00:00.000000,Japan,Japan,JP,311.92,385.99,43.01,32.89,,true,ESTIMATED_MODE_BREAKDOWN
2025-01-03T06:00:00.000000,Japan,Japan,JP,364.97,444.81,33.33,23.45,,true,ESTIMATED_MODE_BREAKDOWN
2025-01-03T07:00:00.000000,Japan,Japan,JP,414.13,499.54,24.37,15.15,,true,ESTIMATED_MODE_BREAKDOWN
2025-01-03T08:00:00.000000,Japan,Japan,JP,430.64,518.25,21.36,12.86,,true,ESTIMATED_MODE_BREAKDOWN
2025-01-03T09:00:00.000000,Japan,Japan,JP,431.91,519.85,21.14,12.88,,true,ESTIMATED_MODE_BREAKDOWN
2025-01-03T10:00:00.000000,Japan,Japan,JP,431.8,519.75,21.16,12.88,,true,ESTIMATED_MODE_BREAKDOWN
2025-01-03T11:00:00.000000,Japan,Japan,JP,431.14,519.02,21.29,12.93,,true,ESTIMATED_MODE_BREAKDOWN
2025-01-03T12:00:00.000000,Japan,Japan,JP,430.07,517.71,21.47,12.89,,true,ESTIMATED_MODE_BREAKDOWN
2025-01-03T13:00:00.000000,Japan,Japan,JP,427.66,514.87,21.92,12.85,,true,ESTIMATED_MODE_BREAKDOWN
2025-01-03T14:00:00.000000,Japan,Japan,JP,426.78,513.89,22.09,12.82,,true,ESTIMATED_MODE_BREAKDOWN
2025-01-03T15:00:00.000000,Japan,Japan,JP,422.81,509.27,22.82,12.97,,true,ESTIMATED_MODE_BREAKDOWN
2025-01-03T16:00:00.000000,Japan,Japan,JP,421.23,507.46,23.1,13.01,,true,ESTIMATED_MODE_BREAKDOWN
2025-01-03T17:00:00.000000,Japan,Japan,JP,421.89,508.34,23.0,13.06,,true,ESTIMATED_MODE_BREAKDOWN
2025-01-03T18:00:00.000000,Japan,Japan,JP,422.21,508.85,22.95,13.13,,true,ESTIMATED_MODE_BREAKDOWN
2025-01-03T19:00:00.000000,Japan,Japan,JP,422.5,509.18,22.9,13.08,,true,ESTIMATED_MODE_BREAKDOWN
2025-01-03T20:00:00.000000,Japan,Japan,JP,422.83,509.5,22.83,13.04,,true,ESTIMATED_MODE_BREAKDOWN
2025-01-03T21:00:00.000000,Japan,Japan,JP,425.13,512.07,22.4,12.93,,true,ESTIMATED_MODE_BREAKDOWN
2025-01-03T22:00:00.000000,Japan,Japan,JP,420.53,507.13,23.23,14.33,,true,ESTIMATED_MODE_BREAKDOWN
2025-01-03T23:00:00.000000,Japan,Japan,JP,379.96,462.39,30.62,22.27,,true,ESTIMATED_MODE_BREAKDOWN
2025-01-04T00:00:00.000000,Japan,Japan,JP,326.1,402.72,40.43,32.07,,true,ESTIMATED_MODE_BREAKDOWN
2025-01-04T01:00:00.000000,Japan,Japan,JP,281.79,353.45,48.5,39.81,,true,ESTIMATED_MODE_BREAKDOWN
2025-01-04T02:00:00.000000,Japan,Japan,JP,258.19,327.22,52.81,43.87,,true,ESTIMATED_MODE_BREAKDOWN
2025-01-04T03:00:00.000000,Japan,Japan,JP,254.38,322.88,53.5,44.35,,true,ESTIMATED_MODE_BREAKDOWN
2025-01-04T04:00:00.000000,Japan,Japan,JP,267.65,337.44,51.09,41.68,,true,ESTIMATED_MODE_BREAKDOWN
2025-01-04T05:00:00.000000,Japan,Japan,JP,305.86,379.74,44.13,34.68,,true,ESTIMATED_MODE_BREAKDOWN
2025-01-04T06:00:00.000000,Japan,Japan,JP,363.57,443.68,33.6,24.41,,true,ESTIMATED_MODE_BREAKDOWN
2025-01-04T07:00:00.000000,Japan,Japan,JP,416.69,502.69,23.91,15.21,,true,ESTIMATED_MODE_BREAKDOWN
2025-01-04T08:00:00.000000,Japan,Japan,JP,433.36,521.55,20.88,12.85,,true,ESTIMATED_MODE_BREAKDOWN
2025-01-04T09:00:00.000000,Japan,Japan,JP,435.51,524.04,20.5,12.69,,true,ESTIMATED_MODE_BREAKDOWN
2025-01-04T10:00:00.000000,Japan,Japan,JP,435.39,523.93,20.52,12.68,,true,ESTIMATED_MODE_BREAKDOWN
2025-01-04T11:00:00.000000,Japan,Japan,JP,434.77,523.23,20.63,12.69,,true,ESTIMATED_MODE_BREAKDOWN
2025-01-04T12:00:00.000000,Japan,Japan,JP,433.53,521.84,20.86,12.68,,true,ESTIMATED_MODE_BREAKDOWN
2025-01-04T13:00:00.000000,Japan,Japan,JP,430.41,518.22,21.42,12.77,,true,ESTIMATED_MODE_BREAKDOWN
2025-01-04T14:00:00.000000,Japan,Japan,JP,429.03,516.62,21.68,12.74,,true,ESTIMATED_MODE_BREAKDOWN
2025-01-04T15:00:00.000000,Japan,Japan,JP,426.64,513.82,22.12,12.71,,true,ESTIMATED_MODE_BREAKDOWN
2025-01-04T16:00:00.000000,Japan,Japan,JP,425.57,512.68,22.32,12.67,,true,ESTIMATED_MODE_BREAKDOWN
2025-01-04T17:00:00.000000,Japan,Japan,JP,426.32,513.63,22.19,12.64,,true,ESTIMATED_MODE_BREAKDOWN
2025-01-04T18:00:00.000000,Japan,Japan,JP,427.15,514.67,22.05,12.61,,true,ESTIMATED_MODE_BREAKDOWN
2025-01-04T19:00:00.000000,Japan,Japan,JP,427.02,514.53,22.07,12.62,,true,ESTIMATED_MODE_BREAKDOWN
2025-01-04T20:00:00.000000,Japan,Japan,JP,427.22,514.71,22.02,12.56,,true,ESTIMATED_MODE_BREAKDOWN
2025-01-04T21:00:00.000000,Japan,Japan,JP,429.25,516.97,21.64,12.46,,true,ESTIMATED_MODE_BREAKDOWN
2025-01-04T22:00:00.000000,Japan,Japan,JP,422.34,509.45,22.9,14.19,,true,ESTIMATED_MODE_BREAKDOWN
2025-01-04T23:00:00.000000,Japan,Japan,JP,376.26,458.61,31.3,23.09,,true,ESTIMATED_MODE_BREAKDOWN
2025-01-05T00:00:00.000000,Japan,Japan,JP,324.23,401.01,40.77,32.55,,true,ESTIMATED_MODE_BREAKDOWN
2025-01-05T01:00:00.000000,Japan,Japan,JP,285.97,358.58,47.77,39.24,,true,ESTIMATED_MODE_BREAKDOWN
2025-01-05T02:00:00.000000,Japan,Japan,JP,258.86,328.47,52.73,43.93,,true,ESTIMATED_MODE_BREAKDOWN
2025-01-05T03:00:00.000000,Japan,Japan,JP,260.17,329.74,52.47,43.5,,true,ESTIMATED_MODE_BREAKDOWN
2025-01-05T04:00:00.000000,Japan,Japan,JP,285.48,357.62,47.83,38.71,,true,ESTIMATED_MODE_BREAKDOWN
2025-01-05T05:00:00.000000,Japan,Japan,JP,320.7,396.51,41.42,32.15,,true,ESTIMATED_MODE_BREAKDOWN
2025-01-05T06:00:00.000000,Japan,Japan,JP,372.85,454.18,31.92,22.77,,true,ESTIMATED_MODE_BREAKDOWN
2025-01-05T07:00:00.000000,Japan,Japan,JP,421.55,508.33,23.03,14.41,,true,ESTIMATED_MODE_BREAKDOWN
2025-01-05T08:00:00.000000,Japan,Japan,JP,437.26,526.18,20.2,12.32,,true,ESTIMATED_MODE_BREAKDOWN
2025-01-05T09:00:00.000000,Japan,Japan,JP,438.84,528.03,19.92,12.31,,true,ESTIMATED_MODE_BREAKDOWN
2025-01-05T10:00:00.000000,Japan,Japan,JP,438.41,527.54,20.0,12.37,,true,ESTIMATED_MODE_BREAKDOWN
2025-01-05T11:00:00.000000,Japan,Japan,JP,437.59,526.58,20.15,12.4,,true,ESTIMATED_MODE_BREAKDOWN
2025-01-05T12:00:00.000000,Japan,Japan,JP,436.17,524.85,20.4,12.38,,true,ESTIMATED_MODE_BREAKDOWN
2025-01-05T13:00:00.000000,Japan,Japan,JP,432.28,520.35,21.1,12.49,,true,ESTIMATED_MODE_BREAKDOWN
2025-01-05T14:00:00.000000,Japan,Japan,JP,430.3,517.99,21.46,12.51,,true,ESTIMATED_MODE_BREAKDOWN
2025-01-05T15:00:00.000000,Japan,Japan,JP,427.5,514.84,21.99,12.43,,true,ESTIMATED_MODE_BREAKDOWN
2025-01-05T16:00:00.000000,Japan,Japan,JP,426.26,513.39,22.22,12.44,,true,ESTIMATED_MODE_BREAKDOWN
2025-01-05T17:00:00.000000,Japan,Japan,JP,426.48,513.74,22.18,12.53,,true,ESTIMATED_MODE_BREAKDOWN
2025-01-05T18:00:00.000000,Japan,Japan,JP,427.24,514.65,22.05,12.57,,true,ESTIMATED_MODE_BREAKDOWN
2025-01-05T19:00:00.000000,Japan,Japan,JP,427.96,515.53,21.91,12.58,,true,ESTIMATED_MODE_BREAKDOWN
2025-01-05T20:00:00.000000,Japan,Japan,JP,430.01,517.88,21.53,12.58,,true,ESTIMATED_MODE_BREAKDOWN
2025-01-05T21:00:00.000000,Japan,Japan,JP,435.12,523.59,20.58,12.45,,true,ESTIMATED_MODE_BREAKDOWN
2025-01-05T22:00:00.000000,Japan,Japan,JP,435.74,524.44,20.46,13.16,,true,ESTIMATED_MODE_BREAKDOWN
2025-01-05T23:00:00.000000,Japan,Japan,JP,425.21,513.12,22.39,15.86,,true,ESTIMATED_MODE_BREAKDOWN
2025-01-06T00:00:00.000000,Japan,Japan,JP,415.1,501.96,24.25,18.04,,true,ESTIMATED_MODE_BREAKDOWN
2025-01-06T01:00:00.000000,Japan,Japan,JP,404.48,490.03,26.17,19.9,,true,ESTIMATED_MODE_BREAKDOWN
2025-01-06T02:00:00.000000,Japan,Japan,JP,392.78,476.95,28.3,21.89,,true,ESTIMATED_MODE_BREAKDOWN
2025-01-06T03:00:00.000000,Japan,Japan,JP,385.22,468.46,29.69,22.99,,true,ESTIMATED_MODE_BREAKDOWN
2025-01-06T04:00:00.000000,Japan,Japan,JP,402.19,487.25,26.57,20.0,,true,ESTIMATED_MODE_BREAKDOWN
2025-01-06T05:00:00.000000,Japan,Japan,JP,413.79,500.12,24.44,17.87,,true,ESTIMATED_MODE_BREAKDOWN
2025-01-06T06:00:00.000000,Japan,Japan,JP,428.09,515.99,21.82,15.25,,true,ESTIMATED_MODE_BREAKDOWN
2025-01-06T07:00:00.000000,Japan,Japan,JP,441.33,530.75,19.4,12.93,,true,ESTIMATED_MODE_BREAKDOWN
2025-01-06T08:00:00.000000,Japan,Japan,JP,444.08,533.86,18.92,12.42,,true,ESTIMATED_MODE_BREAKDOWN
2025-01-06T09:00:00.000000,Japan,Japan,JP,443.57,533.35,19.02,12.46,,true,ESTIMATED_MODE_BREAKDOWN
2025-01-06T10:00:00.000000,Japan,Japan,JP,442.42,532.01,19.23,12.49,,true,ESTIMATED_MODE_BREAKDOWN
2025-01-06T11:00:00.000000,Japan,Japan,JP,441.51,530.9,19.39,12.45,,true,ESTIMATED_MODE_BREAKDOWN
2025-01-06T12:00:00.000000,Japan,Japan,JP,439.81,528.87,19.7,12.42,,true,ESTIMATED_MODE_BREAKDOWN
2025-01-06T13:00:00.000000,Japan,Japan,JP,436.28,524.75,20.34,12.51,,true,ESTIMATED_MODE_BREAKDOWN
2025-01-06T14:00:00.000000,Japan,Japan,JP,433.8,521.89,20.8,12.59,,true,ESTIMATED_MODE_BREAKDOWN
2025-01-06T15:00:00.000000,Japan,Japan,JP,429.17,516.55,21.65,12.69,,true,ESTIMATED_MODE_BREAKDOWN
2025-01-06T16:00:00.000000,Japan,Japan,JP,427.0,514.11,22.05,12.84,,true,ESTIMATED_MODE_BREAKDOWN
2025-01-06T17:00:00.000000,Japan,Japan,JP,426.65,513.83,22.12,13.03,,true,ESTIMATED_MODE_BREAKDOWN
2025-01-06T18:00:00.000000,Japan,Japan,JP,426.2,513.38,22.2,13.27,,true,ESTIMATED_MODE_BREAKDOWN
2025-01-06T19:00:00.000000,Japan,Japan,JP,427.35,514.74,22.0,13.23,,true,ESTIMATED_MODE_BREAKDOWN
2025-01-06T20:00:00.000000,Japan,Japan,JP,428.87,516.5,21.72,13.25,,true,ESTIMATED_MODE_BREAKDOWN
2025-01-06T21:00:00.000000,Japan,Japan,JP,433.04,521.21,20.95,13.13,,true,ESTIMATED_MODE_BREAKDOWN
2025-01-06T22:00:00.000000,Japan,Japan,JP,430.22,518.17,21.45,14.24,,true,ESTIMATED_MODE_BREAKDOWN
2025-01-06T23:00:00.000000,Japan,Japan,JP,404.18,489.63,26.21,19.62,,true,ESTIMATED_MODE_BREAKDOWN
2025-01-07T00:00:00.000000,Japan,Japan,JP,371.53,453.5,32.18,25.77,,true,ESTIMATED_MODE_BREAKDOWN
2025-01-07T01:00:00.000000,Japan,Japan,JP,341.2,419.8,37.72,31.13,,true,ESTIMATED_MODE_BREAKDOWN
2025-01-07T02:00:00.000000,Japan,Japan,JP,322.42,398.93,41.14,34.43,,true,ESTIMATED_MODE_BREAKDOWN
2025-01-07T03:00:00.000000,Japan,Japan,JP,314.68,390.16,42.54,35.44,,true,ESTIMATED_MODE_BREAKDOWN
2025-01-07T04:00:00.000000,Japan,Japan,JP,326.95,403.74,40.3,33.32,,true,ESTIMATED_MODE_BREAKDOWN
2025-01-07T05:00:00.000000,Japan,Japan,JP,351.58,431.01,35.8,28.87,,true,ESTIMATED_MODE_BREAKDOWN
2025-01-07T06:00:00.000000,Japan,Japan,JP,389.85,473.44,28.82,21.97,,true,ESTIMATED_MODE_BREAKDOWN
2025-01-07T07:00:00.000000,Japan,Japan,JP,427.74,515.48,21.91,15.25,,true,ESTIMATED_MODE_BREAKDOWN
2025-01-07T08:00:00.000000,Japan,Japan,JP,439.35,528.43,19.81,13.31,,true,ESTIMATED_MODE_BREAKDOWN
2025-01-07T09:00:00.000000,Japan,Japan,JP,440.07,529.31,19.68,13.21,,true,ESTIMATED_MODE_BREAKDOWN
2025-01-07T10:00:00.000000,Japan,Japan,JP,439.23,528.36,19.83,13.25,,true,ESTIMATED_MODE_BREAKDOWN
2025-01-07T11:00:00.000000,Japan,Japan,JP,438.37,527.3,19.98,13.23,,true,ESTIMATED_MODE_BREAKDOWN
2025-01-07T12:00:00.000000,Japan,Japan,JP,437.43,526.19,20.15,13.11,,true,ESTIMATED_MODE_BREAKDOWN
2025-01-07T13:00:00.000000,Japan,Japan,JP,434.8,523.1,20.63,13.14,,true,ESTIMATED_MODE_BREAKDOWN
2025-01-07T14:00:00.000000,Japan,Japan,JP,432.86,520.89,20.98,13.21,,true,ESTIMATED_MODE_BREAKDOWN
2025-01-07T15:00:00.000000,Japan,Japan,JP,428.26,515.61,21.83,13.41,,true,ESTIMATED_MODE_BREAKDOWN
2025-01-07T16:00:00.000000,Japan,Japan,JP,426.99,514.22,22.08,13.49,,true,ESTIMATED_MODE_BREAKDOWN
2025-01-07T17:00:00.000000,Japan,Japan,JP,427.66,515.07,21.97,13.46,,true,ESTIMATED_MODE_BREAKDOWN
2025-01-07T18:00:00.000000,Japan,Japan,JP,428.52,516.09,21.81,13.41,,true,ESTIMATED_MODE_BREAKDOWN
2025-01-07T19:00:00.000000,Japan,Japan,JP,429.05,516.76,21.71,13.42,,true,ESTIMATED_MODE_BREAKDOWN
2025-01-07T20:00:00.000000,Japan,Japan,JP,431.14,519.08,21.31,13.32,,true,ESTIMATED_MODE_BREAKDOWN
2025-01-07T21:00:00.000000,Japan,Japan,JP,435.75,524.29,20.45,13.13,,true,ESTIMATED_MODE_BREAKDOWN
2025-01-07T22:00:00.000000,Japan,Japan,JP,433.05,521.55,20.95,14.21,,true,ESTIMATED_MODE_BREAKDOWN
2025-01-07T23:00:00.000000,Japan,Japan,JP,400.89,486.15,26.82,20.54,,true,ESTIMATED_MODE_BREAKDOWN
2025-01-08T00:00:00.000000,Japan,Japan,JP,358.96,439.75,34.46,28.26,,true,ESTIMATED_MODE_BREAKDOWN
2025-01-08T01:00:00.000000,Japan,Japan,JP,339.09,419.02,38.08,34.97,,true,ESTIMATED_MODE_BREAKDOWN
2025-01-08T02:00:00.000000,Japan,Japan,JP,326.61,405.11,40.35,37.16,,true,ESTIMATED_MODE_BREAKDOWN
2025-01-08T03:00:00.000000,Japan,Japan,JP,322.12,400.0,41.16,37.81,,true,ESTIMATED_MODE_BREAKDOWN
2025-01-08T04:00:00.000000,Japan,Japan,JP,342.97,423.13,37.36,34.08,,true,ESTIMATED_MODE_BREAKDOWN
2025-01-08T05:00:00.000000,Japan,Japan,JP,375.11,458.72,31.5,28.22,,true,ESTIMATED_MODE_BREAKDOWN
2025-01-08T06:00:00.000000,Japan,Japan,JP,396.62,481.13,27.57,20.89,,true,ESTIMATED_MODE_BREAKDOWN
2025-01-08T07:00:00.000000,Japan,Japan,JP,429.95,518.09,21.5,15.01,,true,ESTIMATED_MODE_BREAKDOWN
2025-01-08T08:00:00.000000,Japan,Japan,JP,440.74,530.18,19.54,13.23,,true,ESTIMATED_MODE_BREAKDOWN
2025-01-08T09:00:00.000000,Japan,Japan,JP,441.44,531.0,19.42,13.14,,true,ESTIMATED_MODE_BREAKDOWN
2025-01-08T10:00:00.000000,Japan,Japan,JP,440.88,530.35,19.53,13.14,,true,ESTIMATED_MODE_BREAKDOWN
2025-01-08T11:00:00.000000,Japan,Japan,JP,440.23,529.52,19.64,13.1,,true,ESTIMATED_MODE_BREAKDOWN
2025-01-08T12:00:00.000000,Japan,Japan,JP,438.72,527.74,19.91,13.09,,true,ESTIMATED_MODE_BREAKDOWN
2025-01-08T13:00:00.000000,Japan,Japan,JP,436.02,524.56,20.39,13.12,,true,ESTIMATED_MODE_BREAKDOWN
2025-01-08T14:00:00.000000,Japan,Japan,JP,433.8,521.99,20.81,13.17,,true,ESTIMATED_MODE_BREAKDOWN
2025-01-08T15:00:00.000000,Japan,Japan,JP,429.81,517.4,21.53,13.38,,true,ESTIMATED_MODE_BREAKDOWN
2025-01-08T16:00:00.000000,Japan,Japan,JP,428.09,515.46,21.85,13.46,,true,ESTIMATED_MODE_BREAKDOWN
2025-01-08T17:00:00.000000,Japan,Japan,JP,428.35,515.87,21.81,13.51,,true,ESTIMATED_MODE_BREAKDOWN
2025-01-08T18:00:00.000000,Japan,Japan,JP,428.71,516.37,21.76,13.53,,true,ESTIMATED_MODE_BREAKDOWN
2025-01-08T19:00:00.000000,Japan,Japan,JP,429.41,517.19,21.63,13.48,,true,ESTIMATED_MODE_BREAKDOWN
2025-01-08T20:00:00.000000,Japan,Japan,JP,431.35,519.35,21.25,13.44,,true,ESTIMATED_MODE_BREAKDOWN
2025-01-08T21:00:00.000000,Japan,Japan,JP,436.5,525.17,20.31,13.18,,true,ESTIMATED_MODE_BREAKDOWN
2025-01-08T22:00:00.000000,Japan,Japan,JP,434.89,523.63,20.61,14.05,,true,ESTIMATED_MODE_BREAKDOWN
2025-01-08T23:00:00.000000,Japan,Japan,JP,411.04,497.54,24.97,18.87,,true,ESTIMATED_MODE_BREAKDOWN
2025-01-09T00:00:00.000000,Japan,Japan,JP,376.91,459.81,31.21,25.22,,true,ESTIMATED_MODE_BREAKDOWN
2025-01-09T01:00:00.000000,Japan,Japan,JP,347.08,426.66,36.65,30.48,,true,ESTIMATED_MODE_BREAKDOWN
2025-01-09T02:00:00.000000,Japan,Japan,JP,328.99,406.57,39.95,33.56,,true,ESTIMATED_MODE_BREAKDOWN
2025-01-09T03:00:00.000000,Japan,Japan,JP,317.68,393.94,42.01,35.29,,true,ESTIMATED_MODE_BREAKDOWN
2025-01-09T04:00:00.000000,Japan,Japan,JP,336.65,414.93,38.54,31.97,,true,ESTIMATED_MODE_BREAKDOWN
2025-01-09T05:00:00.000000,Japan,Japan,JP,363.29,444.36,33.67,27.1,,true,ESTIMATED_MODE_BREAKDOWN
2025-01-09T06:00:00.000000,Japan,Japan,JP,399.37,484.35,27.08,20.62,,true,ESTIMATED_MODE_BREAKDOWN
2025-01-09T07:00:00.000000,Japan,Japan,JP,431.38,519.85,21.25,15.02,,true,ESTIMATED_MODE_BREAKDOWN
2025-01-09T08:00:00.000000,Japan,Japan,JP,441.74,531.42,19.37,13.33,,true,ESTIMATED_MODE_BREAKDOWN
2025-01-09T09:00:00.000000,Japan,Japan,JP,442.26,532.06,19.29,13.3,,true,ESTIMATED_MODE_BREAKDOWN
2025-01-09T10:00:00.000000,Japan,Japan,JP,441.39,531.03,19.44,13.35,,true,ESTIMATED_MODE_BREAKDOWN
2025-01-09T11:00:00.000000,Japan,Japan,JP,440.74,530.23,19.56,13.32,,true,ESTIMATED_MODE_BREAKDOWN
2025-01-09T12:00:00.000000,Japan,Japan,JP,439.78,529.05,19.73,13.24,,true,ESTIMATED_MODE_BREAKDOWN
2025-01-09T13:00:00.000000,Japan,Japan,JP,437.07,525.86,20.21,13.31,,true,ESTIMATED_MODE_BREAKDOWN
2025-01-09T14:00:00.000000,Japan,Japan,JP,435.21,523.7,20.54,13.36,,true,ESTIMATED_MODE_BREAKDOWN
2025-01-09T15:00:00.000000,Japan,Japan,JP,432.13,520.08,21.12,13.38,,true,ESTIMATED_MODE_BREAKDOWN
2025-01-09T16:00:00.000000,Japan,Japan,JP,430.86,518.65,21.35,13.47,,true,ESTIMATED_MODE_BREAKDOWN
2025-01-09T17:00:00.000000,Japan,Japan,JP,430.98,518.86,21.34,13.49,,true,ESTIMATED_MODE_BREAKDOWN
2025-01-09T18:00:00.000000,Japan,Japan,JP,431.16,519.08,21.3,13.51,,true,ESTIMATED_MODE_BREAKDOWN
2025-01-09T19:00:00.000000,Japan,Japan,JP,431.1,519.04,21.3,13.56,,true,ESTIMATED_MODE_BREAKDOWN
2025-01-09T20:00:00.000000,Japan,Japan,JP,433.75,522.04,20.82,13.39,,true,ESTIMATED_MODE_BREAKDOWN
2025-01-09T21:00:00.000000,Japan,Japan,JP,438.49,527.53,19.96,13.23,,true,ESTIMATED_MODE_BREAKDOWN
2025-01-09T22:00:00.000000,Japan,Japan,JP,436.48,525.5,20.32,14.14,,true,ESTIMATED_MODE_BREAKDOWN
2025-01-09T23:00:00.000000,Japan,Japan,JP,411.15,497.65,24.95,19.16,,true,ESTIMATED_MODE_BREAKDOWN
2025-01-10T00:00:00.000000,Japan,Japan,JP,380.55,463.77,30.53,24.85,,true,ESTIMATED_MODE_BREAKDOWN
2025-01-10T01:00:00.000000,Japan,Japan,JP,348.72,428.35,36.33,30.45,,true,ESTIMATED_MODE_BREAKDOWN
2025-01-10T02:00:00.000000,Japan,Japan,JP,328.23,405.56,40.06,33.99,,true,ESTIMATED_MODE_BREAKDOWN
2025-01-10T03:00:00.000000,Japan,Japan,JP,318.16,394.22,41.9,35.48,,true,ESTIMATED_MODE_BREAKDOWN
2025-01-10T04:00:00.000000,Japan,Japan,JP,329.61,406.89,39.8,33.42,,true,ESTIMATED_MODE_BREAKDOWN
2025-01-10T05:00:00.000000,Japan,Japan,JP,353.76,433.65,35.4,28.99,,true,ESTIMATED_MODE_BREAKDOWN
2025-01-10T06:00:00.000000,Japan,Japan,JP,393.33,477.53,28.18,21.83,,true,ESTIMATED_MODE_BREAKDOWN
2025-01-10T07:00:00.000000,Japan,Japan,JP,431.42,519.78,21.23,15.05,,true,ESTIMATED_MODE_BREAKDOWN
2025-01-10T08:00:00.000000,Japan,Japan,JP,443.34,533.14,19.06,13.04,,true,ESTIMATED_MODE_BREAKDOWN
2025-01-10T09:00:00.000000,Japan,Japan,JP,443.94,533.85,18.96,12.94,,true,ESTIMATED_MODE_BREAKDOWN
2025-01-10T10:00:00.000000,Japan,Japan,JP,443.37,533.22,19.06,12.92,,true,ESTIMATED_MODE_BREAKDOWN
2025-01-10T11:00:00.000000,Japan,Japan,JP,442.58,532.29,19.2,12.9,,true,ESTIMATED_MODE_BREAKDOWN
2025-01-10T12:00:00.000000,Japan,Japan,JP,441.88,531.42,19.33,12.76,,true,ESTIMATED_MODE_BREAKDOWN
2025-01-10T13:00:00.000000,Japan,Japan,JP,439.79,528.96,19.7,12.77,,true,ESTIMATED_MODE_BREAKDOWN
2025-01-10T14:00:00.000000,Japan,Japan,JP,438.47,527.41,19.94,12.77,,true,ESTIMATED_MODE_BREAKDOWN
2025-01-10T15:00:00.000000,Japan,Japan,JP,435.21,523.56,20.54,12.79,,true,ESTIMATED_MODE_BREAKDOWN
2025-01-10T16:00:00.000000,Japan,Japan,JP,434.18,522.38,20.73,12.78,,true,ESTIMATED_MODE_BREAKDOWN
2025-01-10T17:00:00.000000,Japan,Japan,JP,434.24,522.51,20.72,12.76,,true,ESTIMATED_MODE_BREAKDOWN
2025-01-10T18:00:00.000000,Japan,Japan,JP,434.17,522.53,20.74,12.78,,true,ESTIMATED_MODE_BREAKDOWN
2025-01-10T19:00:00.000000,Japan,Japan,JP,433.99,522.33,20.77,12.75,,true,ESTIMATED_MODE_BREAKDOWN
2025-01-10T20:00:00.000000,Japan,Japan,JP,434.48,522.88,20.67,12.69,,true,ESTIMATED_MODE_BREAKDOWN
2025-01-10T21:00:00.000000,Japan,Japan,JP,437.03,525.77,20.2,12.53,,true,ESTIMATED_MODE_BREAKDOWN
2025-01-10T22:00:00.000000,Japan,Japan,JP,432.48,520.89,21.04,13.78,,true,ESTIMATED_MODE_BREAKDOWN
2025-01-10T23:00:00.000000,Japan,Japan,JP,395.52,480.19,27.79,20.9,,true,ESTIMATED_MODE_BREAKDOWN
2025-01-11T00:00:00.000000,Japan,Japan,JP,347.9,427.54,36.47,29.49,,true,ESTIMATED_MODE_BREAKDOWN
2025-01-11T01:00:00.000000,Japan,Japan,JP,306.61,381.73,43.99,36.63,,true,ESTIMATED_MODE_BREAKDOWN
2025-01-11T02:00:00.000000,Japan,Japan,JP,279.85,352.1,48.87,41.22,,true,ESTIMATED_MODE_BREAKDOWN
2025-01-11T03:00:00.000000,Japan,Japan,JP,274.49,345.97,49.84,41.95,,true,ESTIMATED_MODE_BREAKDOWN
2025-01-11T04:00:00.000000,Japan,Japan,JP,292.7,366.06,46.51,38.46,,true,ESTIMATED_MODE_BREAKDOWN
2025-01-11T05:00:00.000000,Japan,Japan,JP,328.91,406.08,39.9,31.77,,true,ESTIMATED_MODE_BREAKDOWN
2025-01-11T06:00:00.000000,Japan,Japan,JP,379.31,461.89,30.72,22.74,,true,ESTIMATED_MODE_BREAKDOWN
2025-01-11T07:00:00.000000,Japan,Japan,JP,425.41,513.06,22.32,14.69,,true,ESTIMATED_MODE_BREAKDOWN
2025-01-11T08:00:00.000000,Japan,Japan,JP,441.85,531.38,19.33,12.16,,true,ESTIMATED_MODE_BREAKDOWN
2025-01-11T09:00:00.000000,Japan,Japan,JP,443.37,533.16,19.05,12.07,,true,ESTIMATED_MODE_BREAKDOWN
2025-01-11T10:00:00.000000,Japan,Japan,JP,443.15,532.92,19.09,12.07,,true,ESTIMATED_MODE_BREAKDOWN
2025-01-11T11:00:00.000000,Japan,Japan,JP,442.74,532.43,19.16,12.04,,true,ESTIMATED_MODE_BREAKDOWN
2025-01-11T12:00:00.000000,Japan,Japan,JP,441.41,530.84,19.4,12.04,,true,ESTIMATED_MODE_BREAKDOWN
2025-01-11T13:00:00.000000,Japan,Japan,JP,438.9,527.95,19.86,12.09,,true,ESTIMATED_MODE_BREAKDOWN
2025-01-11T14:00:00.000000,Japan,Japan,JP,437.6,526.44,20.09,12.09,,true,ESTIMATED_MODE_BREAKDOWN
2025-01-11T15:00:00.000000,Japan,Japan,JP,435.2,523.62,20.53,12.06,,true,ESTIMATED_MODE_BREAKDOWN
2025-01-11T16:00:00.000000,Japan,Japan,JP,433.8,522.07,20.79,12.1,,true,ESTIMATED_MODE_BREAKDOWN
2025-01-11T17:00:00.000000,Japan,Japan,JP,434.0,522.35,20.76,12.1,,true,ESTIMATED_MODE_BREAKDOWN
2025-01-11T18:00:00.000000,Japan,Japan,JP,433.85,522.23,20.79,12.15,,true,ESTIMATED_MODE_BREAKDOWN
2025-01-11T19:00:00.000000,Japan,Japan,JP,433.73,522.1,20.81,12.13,,true,ESTIMATED_MODE_BREAKDOWN
2025-01-11T20:00:00.000000,Japan,Japan,JP,433.63,521.97,20.83,12.1,,true,ESTIMATED_MODE_BREAKDOWN
2025-01-11T21:00:00.000000,Japan,Japan,JP,435.02,523.48,20.57,12.07,,true,ESTIMATED_MODE_BREAKDOWN
2025-01-11T22:00:00.000000,Japan,Japan,JP,433.27,521.59,20.88,12.82,,true,ESTIMATED_MODE_BREAKDOWN
2025-01-11T23:00:00.000000,Japan,Japan,JP,412.59,498.78,24.66,17.02,,true,ESTIMATED_MODE_BREAKDOWN
2025-01-12T00:00:00.000000,Japan,Japan,JP,380.67,463.3,30.47,22.93,,true,ESTIMATED_MODE_BREAKDOWN
2025-01-12T01:00:00.000000,Japan,Japan,JP,346.91,425.86,36.63,28.82,,true,ESTIMATED_MODE_BREAKDOWN
2025-01-12T02:00:00.000000,Japan,Japan,JP,324.39,400.92,40.73,32.73,,true,ESTIMATED_MODE_BREAKDOWN
2025-01-12T03:00:00.000000,Japan,Japan,JP,326.06,402.67,40.4,32.24,,true,ESTIMATED_MODE_BREAKDOWN
2025-01-12T04:00:00.000000,Japan,Japan,JP,330.74,407.77,39.56,31.15,,true,ESTIMATED_MODE_BREAKDOWN
2025-01-12T05:00:00.000000,Japan,Japan,JP,351.94,431.19,35.69,27.32,,true,ESTIMATED_MODE_BREAKDOWN
2025-01-12T06:00:00.000000,Japan,Japan,JP,394.19,477.98,27.99,19.72,,true,ESTIMATED_MODE_BREAKDOWN
2025-01-12T07:00:00.000000,Japan,Japan,JP,427.82,515.42,21.87,13.96,,true,ESTIMATED_MODE_BREAKDOWN
2025-01-12T08:00:00.000000,Japan,Japan,JP,441.01,530.33,19.48,12.13,,true,ESTIMATED_MODE_BREAKDOWN
2025-01-12T09:00:00.000000,Japan,Japan,JP,442.53,532.1,19.21,12.03,,true,ESTIMATED_MODE_BREAKDOWN
2025-01-12T10:00:00.000000,Japan,Japan,JP,442.2,531.7,19.27,12.04,,true,ESTIMATED_MODE_BREAKDOWN
2025-01-12T11:00:00.000000,Japan,Japan,JP,441.38,530.76,19.41,12.09,,true,ESTIMATED_MODE_BREAKDOWN
2025-01-12T12:00:00.000000,Japan,Japan,JP,439.53,528.55,19.75,12.14,,true,ESTIMATED_MODE_BREAKDOWN
2025-01-12T13:00:00.000000,Japan,Japan,JP,436.32,524.88,20.33,12.25,,true,ESTIMATED_MODE_BREAKDOWN
2025-01-12T14:00:00.000000,Japan,Japan,JP,434.47,522.78,20.66,12.34,,true,ESTIMATED_MODE_BREAKDOWN
2025-01-12T15:00:00.000000,Japan,Japan,JP,431.43,519.3,21.22,12.46,,true,ESTIMATED_MODE_BREAKDOWN
2025-01-12T16:00:00.000000,Japan,Japan,JP,430.44,518.24,21.42,12.47,,true,ESTIMATED_MODE_BREAKDOWN
2025-01-12T17:00:00.000000,Japan,Japan,JP,430.84,518.77,21.35,12.49,,true,ESTIMATED_MODE_BREAKDOWN
2025-01-12T18:00:00.000000,Japan,Japan,JP,431.05,519.03,21.31,12.58,,true,ESTIMATED_MODE_BREAKDOWN
2025-01-12T19:00:00.000000,Japan,Japan,JP,431.43,519.46,21.24,12.52,,true,ESTIMATED_MODE_BREAKDOWN
2025-01-12T20:00:00.000000,Japan,Japan,JP,431.79,519.87,21.16,12.61,,true,ESTIMATED_MODE_BREAKDOWN
2025-01-12T21:00:00.000000,Japan,Japan,JP,434.46,522.86,20.67,12.54,,true,ESTIMATED_MODE_BREAKDOWN
2025-01-12T22:00:00.000000,Japan,Japan,JP,429.79,517.82,21.52,13.96,,true,ESTIMATED_MODE_BREAKDOWN
2025-01-12T23:00:00.000000,Japan,Japan,JP,392.92,477.23,28.25,21.19,,true,ESTIMATED_MODE_BREAKDOWN
2025-01-13T00:00:00.000000,Japan,Japan,JP,344.64,423.71,37.07,29.97,,true,ESTIMATED_MODE_BREAKDOWN
2025-01-13T01:00:00.000000,Japan,Japan,JP,299.93,374.11,45.23,37.81,,true,ESTIMATED_MODE_BREAKDOWN
2025-01-13T02:00:00.000000,Japan,Japan,JP,273.65,344.98,50.02,42.37,,true,ESTIMATED_MODE_BREAKDOWN
2025-01-13T03:00:00.000000,Japan,Japan,JP,264.32,334.48,51.71,43.8,,true,ESTIMATED_MODE_BREAKDOWN
2025-01-13T04:00:00.000000,Japan,Japan,JP,279.0,350.55,49.03,41.03,,true,ESTIMATED_MODE_BREAKDOWN
2025-01-13T05:00:00.000000,Japan,Japan,JP,312.79,387.91,42.86,34.86,,true,ESTIMATED_MODE_BREAKDOWN
2025-01-13T06:00:00.000000,Japan,Japan,JP,367.89,449.03,32.81,24.94,,true,ESTIMATED_MODE_BREAKDOWN
2025-01-13T07:00:00.000000,Japan,Japan,JP,420.21,507.02,23.26,15.77,,true,ESTIMATED_MODE_BREAKDOWN
2025-01-13T08:00:00.000000,Japan,Japan,JP,440.12,529.29,19.63,12.61,,true,ESTIMATED_MODE_BREAKDOWN
2025-01-13T09:00:00.000000,Japan,Japan,JP,441.61,531.03,19.37,12.52,,true,ESTIMATED_MODE_BREAKDOWN
2025-01-13T10:00:00.000000,Japan,Japan,JP,441.55,530.95,19.38,12.49,,true,ESTIMATED_MODE_BREAKDOWN
2025-01-13T11:00:00.000000,Japan,Japan,JP,441.03,530.35,19.47,12.48,,true,ESTIMATED_MODE_BREAKDOWN
2025-01-13T12:00:00.000000,Japan,Japan,JP,440.06,529.21,19.65,12.42,,true,ESTIMATED_MODE_BREAKDOWN
2025-01-13T13:00:00.000000,Japan,Japan,JP,437.15,525.84,20.17,12.49,,true,ESTIMATED_MODE_BREAKDOWN
2025-01-13T14:00:00.000000,Japan,Japan,JP,435.67,524.16,20.44,12.48,,true,ESTIMATED_MODE_BREAKDOWN
2025-01-13T15:00:00.000000,Japan,Japan,JP,432.75,520.89,20.97,12.59,,true,ESTIMATED_MODE_BREAKDOWN
2025-01-13T16:00:00.000000,Japan,Japan,JP,431.69,519.74,21.17,12.59,,true,ESTIMATED_MODE_BREAKDOWN
2025-01-13T17:00:00.000000,Japan,Japan,JP,432.15,520.3,21.09,12.62,,true,ESTIMATED_MODE_BREAKDOWN
2025-01-13T18:00:00.000000,Japan,Japan,JP,432.11,520.29,21.1,12.73,,true,ESTIMATED_MODE_BREAKDOWN
2025-01-13T19:00:00.000000,Japan,Japan,JP,433.03,521.32,20.94,12.68,,true,ESTIMATED_MODE_BREAKDOWN
2025-01-13T20:00:00.000000,Japan,Japan,JP,435.23,523.74,20.53,12.63,,true,ESTIMATED_MODE_BREAKDOWN
2025-01-13T21:00:00.000000,Japan,Japan,JP,439.51,528.57,19.75,12.58,,true,ESTIMATED_MODE_BREAKDOWN
2025-01-13T22:00:00.000000,Japan,Japan,JP,435.1,523.83,20.55,13.96,,true,ESTIMATED_MODE_BREAKDOWN
2025-01-13T23:00:00.000000,Japan,Japan,JP,401.51,486.87,26.7,20.53,,true,ESTIMATED_MODE_BREAKDOWN
2025-01-14T00:00:00.000000,Japan,Japan,JP,360.22,441.2,34.23,28.1,,true,ESTIMATED_MODE_BREAKDOWN
2025-01-14T01:00:00.000000,Japan,Japan,JP,320.36,396.88,41.49,35.13,,true,ESTIMATED_MODE_BREAKDOWN
2025-01-14T02:00:00.000000,Japan,Japan,JP,299.06,373.09,45.36,38.77,,true,ESTIMATED_MODE_BREAKDOWN
2025-01-14T03:00:00.000000,Japan,Japan,JP,291.48,364.62,46.73,39.74,,true,ESTIMATED_MODE_BREAKDOWN
2025-01-14T04:00:00.000000,Japan,Japan,JP,314.66,390.31,42.51,35.61,,true,ESTIMATED_MODE_BREAKDOWN
2025-01-14T05:00:00.000000,Japan,Japan,JP,347.28,426.45,36.56,29.65,,true,ESTIMATED_MODE_BREAKDOWN
2025-01-14T06:00:00.000000,Japan,Japan,JP,389.33,473.02,28.89,22.01,,true,ESTIMATED_MODE_BREAKDOWN
2025-01-14T07:00:00.000000,Japan,Japan,JP,428.0,515.87,21.84,15.14,,true,ESTIMATED_MODE_BREAKDOWN
2025-01-14T08:00:00.000000,Japan,Japan,JP,441.88,531.39,19.32,12.79,,true,ESTIMATED_MODE_BREAKDOWN
2025-01-14T09:00:00.000000,Japan,Japan,JP,442.61,532.25,19.19,12.69,,true,ESTIMATED_MODE_BREAKDOWN
2025-01-14T10:00:00.000000,Japan,Japan,JP,441.73,531.23,19.35,12.71,,true,ESTIMATED_MODE_BREAKDOWN
2025-01-14T11:00:00.000000,Japan,Japan,JP,441.33,530.68,19.42,12.62,,true,ESTIMATED_MODE_BREAKDOWN
2025-01-14T12:00:00.000000,Japan,Japan,JP,439.33,528.29,19.78,12.68,,true,ESTIMATED_MODE_BREAKDOWN
2025-01-14T13:00:00.000000,Japan,Japan,JP,436.78,525.33,20.24,12.71,,true,ESTIMATED_MODE_BREAKDOWN
2025-01-14T14:00:00.000000,Japan,Japan,JP,433.75,521.86,20.79,12.92,,true,ESTIMATED_MODE_BREAKDOWN
2025-01-14T15:00:00.000000,Japan,Japan,JP,429.94,517.51,21.49,13.12,,true,ESTIMATED_MODE_BREAKDOWN
2025-01-14T16:00:00.000000,Japan,Japan,JP,428.0,515.37,21.84,13.28,,true,ESTIMATED_MODE_BREAKDOWN
2025-01-14T17:00:00.000000,Japan,Japan,JP,428.45,515.95,21.77,13.3,,true,ESTIMATED_MODE_BREAKDOWN
2025-01-14T18:00:00.000000,Japan,Japan,JP,429.15,516.86,21.64,13.28,,true,ESTIMATED_MODE_BREAKDOWN
2025-01-14T19:00:00.000000,Japan,Japan,JP,429.71,517.51,21.54,13.25,,true,ESTIMATED_MODE_BREAKDOWN
2025-01-14T20:00:00.000000,Japan,Japan,JP,431.95,520.04,21.13,13.12,,true,ESTIMATED_MODE_BREAKDOWN
2025-01-14T21:00:00.000000,Japan,Japan,JP,436.96,525.66,20.21,12.86,,true,ESTIMATED_MODE_BREAKDOWN
2025-01-14T22:00:00.000000,Japan,Japan,JP,435.93,524.66,20.4,13.61,,true,ESTIMATED_MODE_BREAKDOWN
2025-01-14T23:00:00.000000,Japan,Japan,JP,417.12,504.1,23.85,17.55,,true,ESTIMATED_MODE_BREAKDOWN
2025-01-15T00:00:00.000000,Japan,Japan,JP,387.94,471.93,29.18,23.01,,true,ESTIMATED_MODE_BREAKDOWN
2025-01-15T01:00:00.000000,Japan,Japan,JP,360.9,441.99,34.11,27.78,,true,ESTIMATED_MODE_BREAKDOWN
2025-01-15T02:00:00.000000,Japan,Japan,JP,349.25,428.98,36.23,29.76,,true,ESTIMATED_MODE_BREAKDOWN
2025-01-15T03:00:00.000000,Japan,Japan,JP,341.33,420.02,37.68,30.87,,true,ESTIMATED_MODE_BREAKDOWN
2025-01-15T04:00:00.000000,Japan,Japan,JP,351.53,431.3,35.82,29.14,,true,ESTIMATED_MODE_BREAKDOWN
2025-01-15T05:00:00.000000,Japan,Japan,JP,366.88,448.17,33.0,26.26,,true,ESTIMATED_MODE_BREAKDOWN
2025-01-15T06:00:00.000000,Japan,Japan,JP,393.27,477.37,28.18,21.49,,true,ESTIMATED_MODE_BREAKDOWN
2025-01-15T07:00:00.000000,Japan,Japan,JP,426.86,514.67,22.06,15.6,,true,ESTIMATED_MODE_BREAKDOWN
2025-01-15T08:00:00.000000,Japan,Japan,JP,439.96,529.31,19.67,13.4,,true,ESTIMATED_MODE_BREAKDOWN
2025-01-15T09:00:00.000000,Japan,Japan,JP,440.51,530.01,19.58,13.36,,true,ESTIMATED_MODE_BREAKDOWN
2025-01-15T10:00:00.000000,Japan,Japan,JP,440.02,529.46,19.67,13.36,,true,ESTIMATED_MODE_BREAKDOWN
2025-01-15T11:00:00.000000,Japan,Japan,JP,439.55,528.86,19.75,13.31,,true,ESTIMATED_MODE_BREAKDOWN
2025-01-15T12:00:00.000000,Japan,Japan,JP,438.57,527.68,19.93,13.23,,true,ESTIMATED_MODE_BREAKDOWN
2025-01-15T13:00:00.000000,Japan,Japan,JP,435.86,524.41,20.42,13.29,,true,ESTIMATED_MODE_BREAKDOWN
2025-01-15T14:00:00.000000,Japan,Japan,JP,434.36,522.67,20.69,13.31,,true,ESTIMATED_MODE_BREAKDOWN
2025-01-15T15:00:00.000000,Japan,Japan,JP,431.8,519.64,21.16,13.25,,true,ESTIMATED_MODE_BREAKDOWN
2025-01-15T16:00:00.000000,Japan,Japan,JP,430.99,518.76,21.31,13.2,,true,ESTIMATED_MODE_BREAKDOWN
2025-01-15T17:00:00.000000,Japan,Japan,JP,431.53,519.47,21.22,13.15,,true,ESTIMATED_MODE_BREAKDOWN
2025-01-15T18:00:00.000000,Japan,Japan,JP,432.21,520.31,21.09,13.08,,true,ESTIMATED_MODE_BREAKDOWN
2025-01-15T19:00:00.000000,Japan,Japan,JP,432.59,520.78,21.02,13.08,,true,ESTIMATED_MODE_BREAKDOWN
2025-01-15T20:00:00.000000,Japan,Japan,JP,434.8,523.32,20.62,12.97,,true,ESTIMATED_MODE_BREAKDOWN
2025-01-15T21:00:00.000000,Japan,Japan,JP,439.98,529.24,19.67,12.69,,true,ESTIMATED_MODE_BREAKDOWN
2025-01-15T22:00:00.000000,Japan,Japan,JP,436.99,526.15,20.22,13.79,,true,ESTIMATED_MODE_BREAKDOWN
2025-01-15T23:00:00.000000,Japan,Japan,JP,407.59,493.8,25.58,19.58,,true,ESTIMATED_MODE_BREAKDOWN
2025-01-16T00:00:00.000000,Japan,Japan,JP,371.8,454.14,32.1,26.18,,true,ESTIMATED_MODE_BREAKDOWN
2025-01-16T01:00:00.000000,Japan,Japan,JP,342.38,421.39,37.45,31.33,,true,ESTIMATED_MODE_BREAKDOWN
2025-01-16T02:00:00.000000,Japan,Japan,JP,330.64,408.31,39.59,33.32,,true,ESTIMATED_MODE_BREAKDOWN
2025-01-16T03:00:00.000000,Japan,Japan,JP,326.52,403.55,40.34,33.69,,true,ESTIMATED_MODE_BREAKDOWN
2025-01-16T04:00:00.000000,Japan,Japan,JP,339.9,418.36,37.9,31.36,,true,ESTIMATED_MODE_BREAKDOWN
2025-01-16T05:00:00.000000,Japan,Japan,JP,364.61,445.7,33.39,26.81,,true,ESTIMATED_MODE_BREAKDOWN
2025-01-16T06:00:00.000000,Japan,Japan,JP,397.23,481.89,27.44,20.9,,true,ESTIMATED_MODE_BREAKDOWN
2025-01-16T07:00:00.000000,Japan,Japan,JP,432.58,521.2,21.0,14.69,,true,ESTIMATED_MODE_BREAKDOWN
2025-01-16T08:00:00.000000,Japan,Japan,JP,445.8,535.98,18.6,12.45,,true,ESTIMATED_MODE_BREAKDOWN
2025-01-16T09:00:00.000000,Japan,Japan,JP,445.87,536.14,18.59,12.48,,true,ESTIMATED_MODE_BREAKDOWN
2025-01-16T10:00:00.000000,Japan,Japan,JP,444.68,534.74,18.81,12.57,,true,ESTIMATED_MODE_BREAKDOWN
2025-01-16T11:00:00.000000,Japan,Japan,JP,443.82,533.68,18.97,12.55,,true,ESTIMATED_MODE_BREAKDOWN
2025-01-16T12:00:00.000000,Japan,Japan,JP,441.35,530.77,19.42,12.71,,true,ESTIMATED_MODE_BREAKDOWN
2025-01-16T13:00:00.000000,Japan,Japan,JP,438.71,527.63,19.89,12.76,,true,ESTIMATED_MODE_BREAKDOWN
2025-01-16T14:00:00.000000,Japan,Japan,JP,436.41,524.94,20.31,12.86,,true,ESTIMATED_MODE_BREAKDOWN
2025-01-16T15:00:00.000000,Japan,Japan,JP,433.01,521.0,20.93,13.03,,true,ESTIMATED_MODE_BREAKDOWN
2025-01-16T16:00:00.000000,Japan,Japan,JP,435.45,523.85,20.48,13.26,,true,ESTIMATED_MODE_BREAKDOWN
2025-01-16T17:00:00.000000,Japan,Japan,JP,434.58,522.89,20.65,13.31,,true,ESTIMATED_MODE_BREAKDOWN
2025-01-16T18:00:00.000000,Japan,Japan,JP,433.45,521.72,20.86,13.43,,true,ESTIMATED_MODE_BREAKDOWN
2025-01-16T19:00:00.000000,Japan,Japan,JP,433.13,521.37,20.92,13.38,,true,ESTIMATED_MODE_BREAKDOWN
2025-01-16T20:00:00.000000,Japan,Japan,JP,434.25,522.66,20.71,13.28,,true,ESTIMATED_MODE_BREAKDOWN
2025-01-16T21:00:00.000000,Japan,Japan,JP,438.17,527.09,20.0,13.05,,true,ESTIMATED_MODE_BREAKDOWN
2025-01-16T22:00:00.000000,Japan,Japan,JP,432.02,520.47,21.12,14.61,,true,ESTIMATED_MODE_BREAKDOWN
2025-01-16T23:00:00.000000,Japan,Japan,JP,405.17,490.94,26.03,19.88,,true,ESTIMATED_MODE_BREAKDOWN
2025-01-17T00:00:00.000000,Japan,Japan,JP,372.28,454.54,32.04,25.91,,true,ESTIMATED_MODE_BREAKDOWN
2025-01-17T01:00:00.000000,Japan,Japan,JP,336.84,415.13,38.51,32.13,,true,ESTIMATED_MODE_BREAKDOWN
2025-01-17T02:00:00.000000,Japan,Japan,JP,316.31,392.26,42.23,35.76,,true,ESTIMATED_MODE_BREAKDOWN
2025-01-17T03:00:00.000000,Japan,Japan,JP,306.49,381.25,44.02,37.23,,true,ESTIMATED_MODE_BREAKDOWN
2025-01-17T04:00:00.000000,Japan,Japan,JP,323.95,400.68,40.84,34.16,,true,ESTIMATED_MODE_BREAKDOWN
2025-01-17T05:00:00.000000,Japan,Japan,JP,351.36,430.99,35.84,29.12,,true,ESTIMATED_MODE_BREAKDOWN
2025-01-17T06:00:00.000000,Japan,Japan,JP,390.98,474.86,28.61,21.98,,true,ESTIMATED_MODE_BREAKDOWN
2025-01-17T07:00:00.000000,Japan,Japan,JP,429.04,517.1,21.67,15.29,,true,ESTIMATED_MODE_BREAKDOWN
2025-01-17T08:00:00.000000,Japan,Japan,JP,443.27,533.03,19.06,12.86,,true,ESTIMATED_MODE_BREAKDOWN
2025-01-17T09:00:00.000000,Japan,Japan,JP,444.22,534.13,18.89,12.71,,true,ESTIMATED_MODE_BREAKDOWN
2025-01-17T10:00:00.000000,Japan,Japan,JP,443.43,533.21,19.03,12.73,,true,ESTIMATED_MODE_BREAKDOWN
2025-01-17T11:00:00.000000,Japan,Japan,JP,442.81,532.5,19.14,12.68,,true,ESTIMATED_MODE_BREAKDOWN
2025-01-17T12:00:00.000000,Japan,Japan,JP,442.15,531.69,19.26,12.54,,true,ESTIMATED_MODE_BREAKDOWN
2025-01-17T13:00:00.000000,Japan,Japan,JP,440.14,529.29,19.62,12.52,,true,ESTIMATED_MODE_BREAKDOWN
2025-01-17T14:00:00.000000,Japan,Japan,JP,438.67,527.57,19.89,12.51,,true,ESTIMATED_MODE_BREAKDOWN
2025-01-17T15:00:00.000000,Japan,Japan,JP,435.76,524.12,20.43,12.54,,true,ESTIMATED_MODE_BREAKDOWN
2025-01-17T16:00:00.000000,Japan,Japan,JP,434.38,522.57,20.68,12.57,,true,ESTIMATED_MODE_BREAKDOWN
2025-01-17T17:00:00.000000,Japan,Japan,JP,434.64,522.95,20.64,12.53,,true,ESTIMATED_MODE_BREAKDOWN
2025-01-17T18:00:00.000000,Japan,Japan,JP,434.79,523.25,20.62,12.53,,true,ESTIMATED_MODE_BREAKDOWN
2025-01-17T19:00:00.000000,Japan,Japan,JP,434.49,522.92,20.67,12.52,,true,ESTIMATED_MODE_BREAKDOWN
2025-01-17T20:00:00.000000,Japan,Japan,JP,435.19,523.69,20.54,12.43,,true,ESTIMATED_MODE_BREAKDOWN
2025-01-17T21:00:00.000000,Japan,Japan,JP,437.94,526.77,20.04,12.26,,true,ESTIMATED_MODE_BREAKDOWN
2025-01-17T22:00:00.000000,Japan,Japan,JP,433.07,521.52,20.92,13.59,,true,ESTIMATED_MODE_BREAKDOWN
2025-01-17T23:00:00.000000,Japan,Japan,JP,392.2,476.42,28.38,21.38,,true,ESTIMATED_MODE_BREAKDOWN
2025-01-18T00:00:00.000000,Japan,Japan,JP,338.71,417.14,38.13,31.02,,true,ESTIMATED_MODE_BREAKDOWN
2025-01-18T01:00:00.000000,Japan,Japan,JP,288.22,361.04,47.33,39.88,,true,ESTIMATED_MODE_BREAKDOWN
2025-01-18T02:00:00.000000,Japan,Japan,JP,253.01,321.94,53.75,45.98,,true,ESTIMATED_MODE_BREAKDOWN
2025-01-18T03:00:00.000000,Japan,Japan,JP,240.01,307.45,56.13,47.98,,true,ESTIMATED_MODE_BREAKDOWN
2025-01-18T04:00:00.000000,Japan,Japan,JP,254.55,323.49,53.47,45.14,,true,ESTIMATED_MODE_BREAKDOWN
2025-01-18T05:00:00.000000,Japan,Japan,JP,290.29,362.99,46.94,38.48,,true,ESTIMATED_MODE_BREAKDOWN
2025-01-18T06:00:00.000000,Japan,Japan,JP,354.97,434.58,35.14,26.85,,true,ESTIMATED_MODE_BREAKDOWN
2025-01-18T07:00:00.000000,Japan,Japan,JP,417.08,503.56,23.83,15.91,,true,ESTIMATED_MODE_BREAKDOWN
2025-01-18T08:00:00.000000,Japan,Japan,JP,442.25,531.69,19.24,11.81,,true,ESTIMATED_MODE_BREAKDOWN
2025-01-18T09:00:00.000000,Japan,Japan,JP,444.15,533.93,18.9,11.71,,true,ESTIMATED_MODE_BREAKDOWN
2025-01-18T10:00:00.000000,Japan,Japan,JP,444.18,533.97,18.9,11.7,,true,ESTIMATED_MODE_BREAKDOWN
2025-01-18T11:00:00.000000,Japan,Japan,JP,443.9,533.6,18.94,11.64,,true,ESTIMATED_MODE_BREAKDOWN
2025-01-18T12:00:00.000000,Japan,Japan,JP,442.74,532.18,19.15,11.61,,true,ESTIMATED_MODE_BREAKDOWN
2025-01-18T13:00:00.000000,Japan,Japan,JP,440.27,529.31,19.6,11.65,,true,ESTIMATED_MODE_BREAKDOWN
2025-01-18T14:00:00.000000,Japan,Japan,JP,438.9,527.74,19.85,11.7,,true,ESTIMATED_MODE_BREAKDOWN
2025-01-18T15:00:00.000000,Japan,Japan,JP,435.39,523.72,20.49,11.84,,true,ESTIMATED_MODE_BREAKDOWN
2025-01-18T16:00:00.000000,Japan,Japan,JP,433.76,521.88,20.79,11.93,,true,ESTIMATED_MODE_BREAKDOWN
2025-01-18T17:00:00.000000,Japan,Japan,JP,434.07,522.34,20.74,11.98,,true,ESTIMATED_MODE_BREAKDOWN
2025-01-18T18:00:00.000000,Japan,Japan,JP,434.03,522.39,20.76,12.08,,true,ESTIMATED_MODE_BREAKDOWN
2025-01-18T19:00:00.000000,Japan,Japan,JP,433.93,522.29,20.78,12.05,,true,ESTIMATED_MODE_BREAKDOWN
2025-01-18T20:00:00.000000,Japan,Japan,JP,433.84,522.11,20.79,12.06,,true,ESTIMATED_MODE_BREAKDOWN
2025-01-18T21:00:00.000000,Japan,Japan,JP,435.21,523.61,20.53,12.03,,true,ESTIMATED_MODE_BREAKDOWN
2025-01-18T22:00:00.000000,Japan,Japan,JP,428.92,516.68,21.68,13.53,,true,ESTIMATED_MODE_BREAKDOWN
2025-01-18T23:00:00.000000,Japan,Japan,JP,389.66,473.25,28.84,20.96,,true,ESTIMATED_MODE_BREAKDOWN
2025-01-19T00:00:00.000000,Japan,Japan,JP,335.31,412.98,38.75,30.84,,true,ESTIMATED_MODE_BREAKDOWN
2025-01-19T01:00:00.000000,Japan,Japan,JP,286.05,358.23,47.73,39.47,,true,ESTIMATED_MODE_BREAKDOWN
2025-01-19T02:00:00.000000,Japan,Japan,JP,261.29,330.73,52.26,43.77,,true,ESTIMATED_MODE_BREAKDOWN
2025-01-19T03:00:00.000000,Japan,Japan,JP,261.01,330.36,52.31,43.73,,true,ESTIMATED_MODE_BREAKDOWN
2025-01-19T04:00:00.000000,Japan,Japan,JP,277.1,348.06,49.38,40.58,,true,ESTIMATED_MODE_BREAKDOWN
2025-01-19T05:00:00.000000,Japan,Japan,JP,313.19,387.92,42.8,33.77,,true,ESTIMATED_MODE_BREAKDOWN
2025-01-19T06:00:00.000000,Japan,Japan,JP,366.64,447.23,33.03,24.2,,true,ESTIMATED_MODE_BREAKDOWN
2025-01-19T07:00:00.000000,Japan,Japan,JP,417.19,503.32,23.8,15.35,,true,ESTIMATED_MODE_BREAKDOWN
2025-01-19T08:00:00.000000,Japan,Japan,JP,438.68,527.52,19.89,12.09,,true,ESTIMATED_MODE_BREAKDOWN
2025-01-19T09:00:00.000000,Japan,Japan,JP,440.83,530.02,19.5,11.96,,true,ESTIMATED_MODE_BREAKDOWN
2025-01-19T10:00:00.000000,Japan,Japan,JP,440.39,529.52,19.58,12.0,,true,ESTIMATED_MODE_BREAKDOWN
2025-01-19T11:00:00.000000,Japan,Japan,JP,439.53,528.52,19.74,12.0,,true,ESTIMATED_MODE_BREAKDOWN
2025-01-19T12:00:00.000000,Japan,Japan,JP,437.56,526.25,20.09,12.04,,true,ESTIMATED_MODE_BREAKDOWN
2025-01-19T13:00:00.000000,Japan,Japan,JP,434.16,522.3,20.71,12.12,,true,ESTIMATED_MODE_BREAKDOWN
2025-01-19T14:00:00.000000,Japan,Japan,JP,431.93,519.68,21.11,12.2,,true,ESTIMATED_MODE_BREAKDOWN
2025-01-19T15:00:00.000000,Japan,Japan,JP,427.95,515.13,21.85,12.34,,true,ESTIMATED_MODE_BREAKDOWN
2025-01-19T16:00:00.000000,Japan,Japan,JP,427.17,514.29,22.0,12.32,,true,ESTIMATED_MODE_BREAKDOWN
2025-01-19T17:00:00.000000,Japan,Japan,JP,428.89,516.35,21.7,12.26,,true,ESTIMATED_MODE_BREAKDOWN
2025-01-19T18:00:00.000000,Japan,Japan,JP,430.42,518.2,21.43,12.22,,true,ESTIMATED_MODE_BREAKDOWN
2025-01-19T19:00:00.000000,Japan,Japan,JP,431.53,519.54,21.23,12.2,,true,ESTIMATED_MODE_BREAKDOWN
2025-01-19T20:00:00.000000,Japan,Japan,JP,433.79,522.21,20.81,12.18,,true,ESTIMATED_MODE_BREAKDOWN
2025-01-19T21:00:00.000000,Japan,Japan,JP,438.76,527.78,19.89,12.04,,true,ESTIMATED_MODE_BREAKDOWN
2025-01-19T22:00:00.000000,Japan,Japan,JP,437.31,526.32,20.15,12.99,,true,ESTIMATED_MODE_BREAKDOWN
2025-01-19T23:00:00.000000,Japan,Japan,JP,414.18,500.85,24.37,17.79,,true,ESTIMATED_MODE_BREAKDOWN
2025-01-20T00:00:00.000000,Japan,Japan,JP,377.7,460.38,31.01,24.52,,true,ESTIMATED_MODE_BREAKDOWN
2025-01-20T01:00:00.000000,Japan,Japan,JP,325.15,402.12,40.6,33.85,,true,ESTIMATED_MODE_BREAKDOWN
2025-01-20T02:00:00.000000,Japan,Japan,JP,292.44,365.75,46.57,39.61,,true,ESTIMATED_MODE_BREAKDOWN
2025-01-20T03:00:00.000000,Japan,Japan,JP,281.14,353.09,48.63,41.26,,true,ESTIMATED_MODE_BREAKDOWN
2025-01-20T04:00:00.000000,Japan,Japan,JP,302.86,377.19,44.66,37.37,,true,ESTIMATED_MODE_BREAKDOWN
2025-01-20T05:00:00.000000,Japan,Japan,JP,334.6,412.26,38.88,31.51,,true,ESTIMATED_MODE_BREAKDOWN
2025-01-20T06:00:00.000000,Japan,Japan,JP,380.37,462.85,30.52,23.14,,true,ESTIMATED_MODE_BREAKDOWN
2025-01-20T07:00:00.000000,Japan,Japan,JP,424.75,512.16,22.43,15.28,,true,ESTIMATED_MODE_BREAKDOWN
2025-01-20T08:00:00.000000,Japan,Japan,JP,442.7,532.22,19.16,12.18,,true,ESTIMATED_MODE_BREAKDOWN
2025-01-20T09:00:00.000000,Japan,Japan,JP,443.26,532.95,19.07,12.13,,true,ESTIMATED_MODE_BREAKDOWN
2025-01-20T10:00:00.000000,Japan,Japan,JP,442.68,532.24,19.17,12.07,,true,ESTIMATED_MODE_BREAKDOWN
2025-01-20T11:00:00.000000,Japan,Japan,JP,441.92,531.31,19.31,12.01,,true,ESTIMATED_MODE_BREAKDOWN
2025-01-20T12:00:00.000000,Japan,Japan,JP,440.58,529.67,19.55,11.94,,true,ESTIMATED_MODE_BREAKDOWN
2025-01-20T13:00:00.000000,Japan,Japan,JP,437.69,526.34,20.07,12.03,,true,ESTIMATED_MODE_BREAKDOWN
2025-01-20T14:00:00.000000,Japan,Japan,JP,435.93,524.25,20.39,12.04,,true,ESTIMATED_MODE_BREAKDOWN
2025-01-20T15:00:00.000000,Japan,Japan,JP,432.2,519.98,21.07,12.14,,true,ESTIMATED_MODE_BREAKDOWN
2025-01-20T16:00:00.000000,Japan,Japan,JP,431.23,518.91,21.25,12.14,,true,ESTIMATED_MODE_BREAKDOWN
2025-01-20T17:00:00.000000,Japan,Japan,JP,431.96,519.87,21.13,12.18,,true,ESTIMATED_MODE_BREAKDOWN
2025-01-20T18:00:00.000000,Japan,Japan,JP,432.34,520.43,21.07,12.3,,true,ESTIMATED_MODE_BREAKDOWN
2025-01-20T19:00:00.000000,Japan,Japan,JP,432.93,521.19,20.96,12.35,,true,ESTIMATED_MODE_BREAKDOWN
2025-01-20T20:00:00.000000,Japan,Japan,JP,434.83,523.38,20.61,12.31,,true,ESTIMATED_MODE_BREAKDOWN
2025-01-20T21:00:00.000000,Japan,Japan,JP,438.94,528.04,19.86,12.2,,true,ESTIMATED_MODE_BREAKDOWN
2025-01-20T22:00:00.000000,Japan,Japan,JP,435.97,524.89,20.4,13.31,,true,ESTIMATED_MODE_BREAKDOWN
2025-01-20T23:00:00.000000,Japan,Japan,JP,404.41,490.09,26.16,19.54,,true,ESTIMATED_MODE_BREAKDOWN
2025-01-21T00:00:00.000000,Japan,Japan,JP,363.72,444.94,33.57,26.97,,true,ESTIMATED_MODE_BREAKDOWN
2025-01-21T01:00:00.000000,Japan,Japan,JP,317.08,393.08,42.07,35.14,,true,ESTIMATED_MODE_BREAKDOWN
2025-01-21T02:00:00.000000,Japan,Japan,JP,289.57,362.51,47.1,40.0,,true,ESTIMATED_MODE_BREAKDOWN
2025-01-21T03:00:00.000000,Japan,Japan,JP,278.77,350.35,49.06,41.59,,true,ESTIMATED_MODE_BREAKDOWN
2025-01-21T04:00:00.000000,Japan,Japan,JP,301.88,375.93,44.83,37.44,,true,ESTIMATED_MODE_BREAKDOWN
2025-01-21T05:00:00.000000,Japan,Japan,JP,330.63,407.82,39.59,32.21,,true,ESTIMATED_MODE_BREAKDOWN
2025-01-21T06:00:00.000000,Japan,Japan,JP,375.27,457.23,31.45,24.12,,true,ESTIMATED_MODE_BREAKDOWN
2025-01-21T07:00:00.000000,Japan,Japan,JP,423.48,510.8,22.67,15.61,,true,ESTIMATED_MODE_BREAKDOWN
2025-01-21T08:00:00.000000,Japan,Japan,JP,442.7,532.22,19.17,12.24,,true,ESTIMATED_MODE_BREAKDOWN
2025-01-21T09:00:00.000000,Japan,Japan,JP,443.92,533.68,18.95,12.1,,true,ESTIMATED_MODE_BREAKDOWN
2025-01-21T10:00:00.000000,Japan,Japan,JP,443.18,532.82,19.08,12.1,,true,ESTIMATED_MODE_BREAKDOWN
2025-01-21T11:00:00.000000,Japan,Japan,JP,442.76,532.27,19.16,12.01,,true,ESTIMATED_MODE_BREAKDOWN
2025-01-21T12:00:00.000000,Japan,Japan,JP,441.45,530.72,19.39,11.95,,true,ESTIMATED_MODE_BREAKDOWN
2025-01-21T13:00:00.000000,Japan,Japan,JP,439.28,528.12,19.79,11.9,,true,ESTIMATED_MODE_BREAKDOWN
2025-01-21T14:00:00.000000,Japan,Japan,JP,437.27,525.85,20.15,11.98,,true,ESTIMATED_MODE_BREAKDOWN
2025-01-21T15:00:00.000000,Japan,Japan,JP,434.22,522.4,20.71,12.02,,true,ESTIMATED_MODE_BREAKDOWN
2025-01-21T16:00:00.000000,Japan,Japan,JP,433.56,521.74,20.85,12.01,,true,ESTIMATED_MODE_BREAKDOWN
2025-01-21T17:00:00.000000,Japan,Japan,JP,434.11,522.48,20.75,12.06,,true,ESTIMATED_MODE_BREAKDOWN
2025-01-21T18:00:00.000000,Japan,Japan,JP,434.26,522.72,20.72,12.19,,true,ESTIMATED_MODE_BREAKDOWN
2025-01-21T19:00:00.000000,Japan,Japan,JP,434.87,523.43,20.6,12.19,,true,ESTIMATED_MODE_BREAKDOWN
2025-01-21T20:00:00.000000,Japan,Japan,JP,437.18,526.04,20.18,12.11,,true,ESTIMATED_MODE_BREAKDOWN
2025-01-21T21:00:00.000000,Japan,Japan,JP,441.22,530.65,19.44,12.06,,true,ESTIMATED_MODE_BREAKDOWN
2025-01-21T22:00:00.000000,Japan,Japan,JP,434.19,523.01,20.72,13.85,,true,ESTIMATED_MODE_BREAKDOWN
2025-01-21T23:00:00.000000,Japan,Japan,JP,394.55,479.27,27.96,21.48,,true,ESTIMATED_MODE_BREAKDOWN
2025-01-22T00:00:00.000000,Japan,Japan,JP,349.82,429.7,36.12,29.6,,true,ESTIMATED_MODE_BREAKDOWN
2025-01-22T01:00:00.000000,Japan,Japan,JP,302.44,377.0,44.75,37.91,,true,ESTIMATED_MODE_BREAKDOWN
2025-01-22T02:00:00.000000,Japan,Japan,JP,276.36,347.98,49.51,42.38,,true,ESTIMATED_MODE_BREAKDOWN
2025-01-22T03:00:00.000000,Japan,Japan,JP,262.82,332.8,51.97,44.41,,true,ESTIMATED_MODE_BREAKDOWN
2025-01-22T04:00:00.000000,Japan,Japan,JP,286.2,358.72,47.7,40.24,,true,ESTIMATED_MODE_BREAKDOWN
2025-01-22T05:00:00.000000,Japan,Japan,JP,322.19,398.59,41.14,33.66,,true,ESTIMATED_MODE_BREAKDOWN
2025-01-22T06:00:00.000000,Japan,Japan,JP,373.24,455.09,31.83,24.41,,true,ESTIMATED_MODE_BREAKDOWN
2025-01-22T07:00:00.000000,Japan,Japan,JP,423.95,511.3,22.58,15.45,,true,ESTIMATED_MODE_BREAKDOWN
2025-01-22T08:00:00.000000,Japan,Japan,JP,443.89,533.58,18.95,12.0,,true,ESTIMATED_MODE_BREAKDOWN
2025-01-22T09:00:00.000000,Japan,Japan,JP,445.22,535.15,18.71,11.86,,true,ESTIMATED_MODE_BREAKDOWN
2025-01-22T10:00:00.000000,Japan,Japan,JP,444.49,534.31,18.84,11.88,,true,ESTIMATED_MODE_BREAKDOWN
2025-01-22T11:00:00.000000,Japan,Japan,JP,443.86,533.56,18.95,11.83,,true,ESTIMATED_MODE_BREAKDOWN
2025-01-22T12:00:00.000000,Japan,Japan,JP,442.81,532.33,19.14,11.76,,true,ESTIMATED_MODE_BREAKDOWN
2025-01-22T13:00:00.000000,Japan,Japan,JP,440.53,529.67,19.55,11.73,,true,ESTIMATED_MODE_BREAKDOWN
2025-01-22T14:00:00.000000,Japan,Japan,JP,438.7,527.57,19.89,11.8,,true,ESTIMATED_MODE_BREAKDOWN
2025-01-22T15:00:00.000000,Japan,Japan,JP,435.15,523.47,20.55,11.89,,true,ESTIMATED_MODE_BREAKDOWN
2025-01-22T16:00:00.000000,Japan,Japan,JP,434.29,522.56,20.73,11.88,,true,ESTIMATED_MODE_BREAKDOWN
2025-01-22T17:00:00.000000,Japan,Japan,JP,434.67,523.11,20.67,11.92,,true,ESTIMATED_MODE_BREAKDOWN
2025-01-22T18:00:00.000000,Japan,Japan,JP,435.19,523.85,20.58,12.01,,true,ESTIMATED_MODE_BREAKDOWN
2025-01-22T19:00:00.000000,Japan,Japan,JP,435.76,524.49,20.47,12.0,,true,ESTIMATED_MODE_BREAKDOWN
2025-01-22T20:00:00.000000,Japan,Japan,JP,437.6,526.57,20.13,12.0,,true,ESTIMATED_MODE_BREAKDOWN
2025-01-22T21:00:00.000000,Japan,Japan,JP,441.82,531.29,19.34,11.86,,true,ESTIMATED_MODE_BREAKDOWN
2025-01-22T22:00:00.000000,Japan,Japan,JP,436.44,525.46,20.31,13.39,,true,ESTIMATED_MODE_BREAKDOWN
2025-01-22T23:00:00.000000,Japan,Japan,JP,403.94,489.67,26.25,19.79,,true,ESTIMATED_MODE_BREAKDOWN
2025-01-23T00:00:00.000000,Japan,Japan,JP,357.14,437.78,34.78,28.37,,true,ESTIMATED_MODE_BREAKDOWN
2025-01-23T01:00:00.000000,Japan,Japan,JP,310.02,385.43,43.36,36.67,,true,ESTIMATED_MODE_BREAKDOWN
2025-01-23T02:00:00.000000,Japan,Japan,JP,283.64,356.04,48.17,41.24,,true,ESTIMATED_MODE_BREAKDOWN
2025-01-23T03:00:00.000000,Japan,Japan,JP,268.81,339.39,50.87,43.48,,true,ESTIMATED_MODE_BREAKDOWN
2025-01-23T04:00:00.000000,Japan,Japan,JP,288.05,360.64,47.36,40.07,,true,ESTIMATED_MODE_BREAKDOWN
2025-01-23T05:00:00.000000,Japan,Japan,JP,322.36,398.56,41.1,33.73,,true,ESTIMATED_MODE_BREAKDOWN
2025-01-23T06:00:00.000000,Japan,Japan,JP,372.73,454.39,31.92,24.51,,true,ESTIMATED_MODE_BREAKDOWN
2025-01-23T07:00:00.000000,Japan,Japan,JP,422.02,509.11,22.94,15.62,,true,ESTIMATED_MODE_BREAKDOWN
2025-01-23T08:00:00.000000,Japan,Japan,JP,441.74,531.11,19.34,12.22,,true,ESTIMATED_MODE_BREAKDOWN
2025-01-23T09:00:00.000000,Japan,Japan,JP,442.74,532.27,19.16,12.13,,true,ESTIMATED_MODE_BREAKDOWN
2025-01-23T10:00:00.000000,Japan,Japan,JP,441.87,531.26,19.32,12.16,,true,ESTIMATED_MODE_BREAKDOWN
2025-01-23T11:00:00.000000,Japan,Japan,JP,440.86,530.08,19.5,12.19,,true,ESTIMATED_MODE_BREAKDOWN
2025-01-23T12:00:00.000000,Japan,Japan,JP,439.32,528.26,19.79,12.17,,true,ESTIMATED_MODE_BREAKDOWN
2025-01-23T13:00:00.000000,Japan,Japan,JP,437.43,526.03,20.13,12.17,,true,ESTIMATED_MODE_BREAKDOWN
2025-01-23T14:00:00.000000,Japan,Japan,JP,435.6,523.92,20.47,12.2,,true,ESTIMATED_MODE_BREAKDOWN
2025-01-23T15:00:00.000000,Japan,Japan,JP,432.23,520.13,21.12,12.28,,true,ESTIMATED_MODE_BREAKDOWN
2025-01-23T16:00:00.000000,Japan,Japan,JP,431.17,519.0,21.33,12.33,,true,ESTIMATED_MODE_BREAKDOWN
2025-01-23T17:00:00.000000,Japan,Japan,JP,431.29,519.24,21.31,12.47,,true,ESTIMATED_MODE_BREAKDOWN
2025-01-23T18:00:00.000000,Japan,Japan,JP,431.42,519.53,21.28,12.61,,true,ESTIMATED_MODE_BREAKDOWN
2025-01-23T19:00:00.000000,Japan,Japan,JP,432.34,520.6,21.12,12.59,,true,ESTIMATED_MODE_BREAKDOWN
2025-01-23T20:00:00.000000,Japan,Japan,JP,434.06,522.51,20.79,12.58,,true,ESTIMATED_MODE_BREAKDOWN
2025-01-23T21:00:00.000000,Japan,Japan,JP,437.86,526.79,20.07,12.51,,true,ESTIMATED_MODE_BREAKDOWN
2025-01-23T22:00:00.000000,Japan,Japan,JP,432.16,520.62,21.1,14.07,,true,ESTIMATED_MODE_BREAKDOWN
2025-01-23T23:00:00.000000,Japan,Japan,JP,398.61,483.67,27.23,20.64,,true,ESTIMATED_MODE_BREAKDOWN
2025-01-24T00:00:00.000000,Japan,Japan,JP,353.17,433.36,35.51,28.99,,true,ESTIMATED_MODE_BREAKDOWN
2025-01-24T01:00:00.000000,Japan,Japan,JP,304.42,379.22,44.41,37.6,,true,ESTIMATED_MODE_BREAKDOWN
2025-01-24T02:00:00.000000,Japan,Japan,JP,276.51,348.2,49.49,42.43,,true,ESTIMATED_MODE_BREAKDOWN
2025-01-24T03:00:00.000000,Japan,Japan,JP,259.94,329.64,52.51,44.99,,true,ESTIMATED_MODE_BREAKDOWN
2025-01-24T04:00:00.000000,Japan,Japan,JP,279.23,350.97,48.98,41.55,,true,ESTIMATED_MODE_BREAKDOWN
2025-01-24T05:00:00.000000,Japan,Japan,JP,311.49,386.64,43.1,35.6,,true,ESTIMATED_MODE_BREAKDOWN
2025-01-24T06:00:00.000000,Japan,Japan,JP,362.73,443.35,33.75,26.27,,true,ESTIMATED_MODE_BREAKDOWN
2025-01-24T07:00:00.000000,Japan,Japan,JP,416.93,503.41,23.86,16.56,,true,ESTIMATED_MODE_BREAKDOWN
2025-01-24T08:00:00.000000,Japan,Japan,JP,439.52,528.58,19.75,12.6,,true,ESTIMATED_MODE_BREAKDOWN
2025-01-24T09:00:00.000000,Japan,Japan,JP,440.79,530.07,19.52,12.41,,true,ESTIMATED_MODE_BREAKDOWN
2025-01-24T10:00:00.000000,Japan,Japan,JP,439.82,528.96,19.7,12.46,,true,ESTIMATED_MODE_BREAKDOWN
2025-01-24T11:00:00.000000,Japan,Japan,JP,438.89,527.87,19.87,12.44,,true,ESTIMATED_MODE_BREAKDOWN
2025-01-24T12:00:00.000000,Japan,Japan,JP,437.63,526.32,20.09,12.37,,true,ESTIMATED_MODE_BREAKDOWN
2025-01-24T13:00:00.000000,Japan,Japan,JP,435.79,524.19,20.45,12.33,,true,ESTIMATED_MODE_BREAKDOWN
2025-01-24T14:00:00.000000,Japan,Japan,JP,434.32,522.5,20.73,12.33,,true,ESTIMATED_MODE_BREAKDOWN
2025-01-24T15:00:00.000000,Japan,Japan,JP,430.29,517.85,21.47,12.46,,true,ESTIMATED_MODE_BREAKDOWN
2025-01-24T16:00:00.000000,Japan,Japan,JP,428.6,515.95,21.78,12.54,,true,ESTIMATED_MODE_BREAKDOWN
2025-01-24T17:00:00.000000,Japan,Japan,JP,429.0,516.44,21.7,12.56,,true,ESTIMATED_MODE_BREAKDOWN
2025-01-24T18:00:00.000000,Japan,Japan,JP,429.34,516.86,21.61,12.64,,true,ESTIMATED_MODE_BREAKDOWN
2025-01-24T19:00:00.000000,Japan,Japan,JP,429.63,517.26,21.56,12.63,,true,ESTIMATED_MODE_BREAKDOWN
2025-01-24T20:00:00.000000,Japan,Japan,JP,430.07,517.73,21.49,12.6,,true,ESTIMATED_MODE_BREAKDOWN
2025-01-24T21:00:00.000000,Japan,Japan,JP,432.0,519.81,21.13,12.46,,true,ESTIMATED_MODE_BREAKDOWN
2025-01-24T22:00:00.000000,Japan,Japan,JP,425.46,512.64,22.31,14.04,,true,ESTIMATED_MODE_BREAKDOWN
2025-01-24T23:00:00.000000,Japan,Japan,JP,382.97,465.71,30.07,22.18,,true,ESTIMATED_MODE_BREAKDOWN
2025-01-25T00:00:00.000000,Japan,Japan,JP,326.74,403.35,40.31,32.4,,true,ESTIMATED_MODE_BREAKDOWN
2025-01-25T01:00:00.000000,Japan,Japan,JP,282.46,354.1,48.37,40.22,,true,ESTIMATED_MODE_BREAKDOWN
2025-01-25T02:00:00.000000,Japan,Japan,JP,257.58,326.45,52.91,44.5,,true,ESTIMATED_MODE_BREAKDOWN
2025-01-25T03:00:00.000000,Japan,Japan,JP,244.67,312.06,55.27,46.62,,true,ESTIMATED_MODE_BREAKDOWN
2025-01-25T04:00:00.000000,Japan,Japan,JP,253.62,321.92,53.64,44.87,,true,ESTIMATED_MODE_BREAKDOWN
2025-01-25T05:00:00.000000,Japan,Japan,JP,280.93,352.0,48.64,39.72,,true,ESTIMATED_MODE_BREAKDOWN
2025-01-25T06:00:00.000000,Japan,Japan,JP,334.97,411.92,38.79,29.98,,true,ESTIMATED_MODE_BREAKDOWN
2025-01-25T07:00:00.000000,Japan,Japan,JP,401.84,486.16,26.62,18.2,,true,ESTIMATED_MODE_BREAKDOWN
2025-01-25T08:00:00.000000,Japan,Japan,JP,434.86,523.07,20.6,12.74,,true,ESTIMATED_MODE_BREAKDOWN
2025-01-25T09:00:00.000000,Japan,Japan,JP,437.48,526.13,20.12,12.52,,true,ESTIMATED_MODE_BREAKDOWN
2025-01-25T10:00:00.000000,Japan,Japan,JP,437.46,526.09,20.13,12.5,,true,ESTIMATED_MODE_BREAKDOWN
2025-01-25T11:00:00.000000,Japan,Japan,JP,437.05,525.55,20.2,12.45,,true,ESTIMATED_MODE_BREAKDOWN
2025-01-25T12:00:00.000000,Japan,Japan,JP,435.61,523.87,20.46,12.43,,true,ESTIMATED_MODE_BREAKDOWN
2025-01-25T13:00:00.000000,Japan,Japan,JP,433.41,521.32,20.88,12.45,,true,ESTIMATED_MODE_BREAKDOWN
2025-01-25T14:00:00.000000,Japan,Japan,JP,432.01,519.71,21.14,12.47,,true,ESTIMATED_MODE_BREAKDOWN
2025-01-25T15:00:00.000000,Japan,Japan,JP,428.93,516.18,21.71,12.55,,true,ESTIMATED_MODE_BREAKDOWN
2025-01-25T16:00:00.000000,Japan,Japan,JP,427.82,514.91,21.92,12.57,,true,ESTIMATED_MODE_BREAKDOWN
2025-01-25T17:00:00.000000,Japan,Japan,JP,428.49,515.79,21.81,12.62,,true,ESTIMATED_MODE_BREAKDOWN
2025-01-25T18:00:00.000000,Japan,Japan,JP,429.11,516.63,21.71,12.65,,true,ESTIMATED_MODE_BREAKDOWN
2025-01-25T19:00:00.000000,Japan,Japan,JP,428.85,516.44,21.77,12.68,,true,ESTIMATED_MODE_BREAKDOWN
2025-01-25T20:00:00.000000,Japan,Japan,JP,429.04,516.62,21.73,12.67,,true,ESTIMATED_MODE_BREAKDOWN
2025-01-25T21:00:00.000000,Japan,Japan,JP,430.23,517.88,21.49,12.61,,true,ESTIMATED_MODE_BREAKDOWN
2025-01-25T22:00:00.000000,Japan,Japan,JP,419.14,505.63,23.5,14.97,,true,ESTIMATED_MODE_BREAKDOWN
2025-01-25T23:00:00.000000,Japan,Japan,JP,364.25,444.97,33.54,25.22,,true,ESTIMATED_MODE_BREAKDOWN
2025-01-26T00:00:00.000000,Japan,Japan,JP,298.21,371.64,45.55,37.11,,true,ESTIMATED_MODE_BREAKDOWN
2025-01-26T01:00:00.000000,Japan,Japan,JP,248.08,315.96,54.68,45.98,,true,ESTIMATED_MODE_BREAKDOWN
2025-01-26T02:00:00.000000,Japan,Japan,JP,223.8,288.96,59.1,50.16,,true,ESTIMATED_MODE_BREAKDOWN
2025-01-26T03:00:00.000000,Japan,Japan,JP,223.17,288.18,59.22,50.11,,true,ESTIMATED_MODE_BREAKDOWN
2025-01-26T04:00:00.000000,Japan,Japan,JP,234.48,300.52,57.15,47.76,,true,ESTIMATED_MODE_BREAKDOWN
2025-01-26T05:00:00.000000,Japan,Japan,JP,265.84,335.01,51.4,41.87,,true,ESTIMATED_MODE_BREAKDOWN
2025-01-26T06:00:00.000000,Japan,Japan,JP,323.26,398.67,40.93,31.56,,true,ESTIMATED_MODE_BREAKDOWN
2025-01-26T07:00:00.000000,Japan,Japan,JP,399.37,483.22,27.08,18.28,,true,ESTIMATED_MODE_BREAKDOWN
2025-01-26T08:00:00.000000,Japan,Japan,JP,435.27,523.47,20.54,12.51,,true,ESTIMATED_MODE_BREAKDOWN
2025-01-26T09:00:00.000000,Japan,Japan,JP,438.31,526.96,19.97,12.32,,true,ESTIMATED_MODE_BREAKDOWN
2025-01-26T10:00:00.000000,Japan,Japan,JP,438.56,527.31,19.93,12.3,,true,ESTIMATED_MODE_BREAKDOWN
2025-01-26T11:00:00.000000,Japan,Japan,JP,438.48,527.18,19.95,12.19,,true,ESTIMATED_MODE_BREAKDOWN
2025-01-26T12:00:00.000000,Japan,Japan,JP,437.46,526.01,20.13,12.14,,true,ESTIMATED_MODE_BREAKDOWN
2025-01-26T13:00:00.000000,Japan,Japan,JP,434.42,522.52,20.7,12.19,,true,ESTIMATED_MODE_BREAKDOWN
2025-01-26T14:00:00.000000,Japan,Japan,JP,433.04,520.96,20.96,12.15,,true,ESTIMATED_MODE_BREAKDOWN
2025-01-26T15:00:00.000000,Japan,Japan,JP,430.01,517.55,21.54,12.19,,true,ESTIMATED_MODE_BREAKDOWN
2025-01-26T16:00:00.000000,Japan,Japan,JP,429.59,517.14,21.62,12.17,,true,ESTIMATED_MODE_BREAKDOWN
2025-01-26T17:00:00.000000,Japan,Japan,JP,430.49,518.22,21.44,12.19,,true,ESTIMATED_MODE_BREAKDOWN
2025-01-26T18:00:00.000000,Japan,Japan,JP,431.14,519.02,21.3,12.26,,true,ESTIMATED_MODE_BREAKDOWN
2025-01-26T19:00:00.000000,Japan,Japan,JP,431.89,519.96,21.16,12.32,,true,ESTIMATED_MODE_BREAKDOWN
2025-01-26T20:00:00.000000,Japan,Japan,JP,434.32,522.76,20.71,12.29,,true,ESTIMATED_MODE_BREAKDOWN
2025-01-26T21:00:00.000000,Japan,Japan,JP,439.28,528.32,19.79,12.18,,true,ESTIMATED_MODE_BREAKDOWN
2025-01-26T22:00:00.000000,Japan,Japan,JP,434.31,522.97,20.7,13.7,,true,ESTIMATED_MODE_BREAKDOWN
2025-01-26T23:00:00.000000,Japan,Japan,JP,416.24,503.23,24.01,17.56,,true,ESTIMATED_MODE_BREAKDOWN
2025-01-27T00:00:00.000000,Japan,Japan,JP,385.62,469.45,29.6,23.38,,true,ESTIMATED_MODE_BREAKDOWN
2025-01-27T01:00:00.000000,Japan,Japan,JP,360.05,441.11,34.27,27.93,,true,ESTIMATED_MODE_BREAKDOWN
2025-01-27T02:00:00.000000,Japan,Japan,JP,350.51,430.38,35.99,29.5,,true,ESTIMATED_MODE_BREAKDOWN
2025-01-27T03:00:00.000000,Japan,Japan,JP,339.61,418.24,38.01,31.09,,true,ESTIMATED_MODE_BREAKDOWN
2025-01-27T04:00:00.000000,Japan,Japan,JP,351.36,431.36,35.88,29.07,,true,ESTIMATED_MODE_BREAKDOWN
2025-01-27T05:00:00.000000,Japan,Japan,JP,373.03,455.3,31.91,25.08,,true,ESTIMATED_MODE_BREAKDOWN
2025-01-27T06:00:00.000000,Japan,Japan,JP,404.71,490.33,26.12,19.28,,true,ESTIMATED_MODE_BREAKDOWN
2025-01-27T07:00:00.000000,Japan,Japan,JP,432.41,520.92,21.05,14.37,,true,ESTIMATED_MODE_BREAKDOWN
2025-01-27T08:00:00.000000,Japan,Japan,JP,443.75,533.53,18.98,12.43,,true,ESTIMATED_MODE_BREAKDOWN
2025-01-27T09:00:00.000000,Japan,Japan,JP,444.3,534.21,18.89,12.36,,true,ESTIMATED_MODE_BREAKDOWN
2025-01-27T10:00:00.000000,Japan,Japan,JP,443.16,532.86,19.09,12.38,,true,ESTIMATED_MODE_BREAKDOWN
2025-01-27T11:00:00.000000,Japan,Japan,JP,442.12,531.65,19.28,12.38,,true,ESTIMATED_MODE_BREAKDOWN
2025-01-27T12:00:00.000000,Japan,Japan,JP,440.37,529.58,19.6,12.37,,true,ESTIMATED_MODE_BREAKDOWN
2025-01-27T13:00:00.000000,Japan,Japan,JP,438.1,526.95,20.02,12.32,,true,ESTIMATED_MODE_BREAKDOWN
2025-01-27T14:00:00.000000,Japan,Japan,JP,436.81,525.48,20.28,12.26,,true,ESTIMATED_MODE_BREAKDOWN
2025-01-27T15:00:00.000000,Japan,Japan,JP,432.31,520.38,21.09,12.54,,true,ESTIMATED_MODE_BREAKDOWN
2025-01-27T16:00:00.000000,Japan,Japan,JP,430.42,518.24,21.44,12.56,,true,ESTIMATED_MODE_BREAKDOWN
2025-01-27T17:00:00.000000,Japan,Japan,JP,430.61,518.53,21.41,12.66,,true,ESTIMATED_MODE_BREAKDOWN
2025-01-27T18:00:00.000000,Japan,Japan,JP,430.94,518.97,21.35,12.78,,true,ESTIMATED_MODE_BREAKDOWN
2025-01-27T19:00:00.000000,Japan,Japan,JP,431.9,520.11,21.18,12.76,,true,ESTIMATED_MODE_BREAKDOWN
2025-01-27T20:00:00.000000,Japan,Japan,JP,433.97,522.49,20.8,12.7,,true,ESTIMATED_MODE_BREAKDOWN
2025-01-27T21:00:00.000000,Japan,Japan,JP,437.95,526.95,20.05,12.63,,true,ESTIMATED_MODE_BREAKDOWN
2025-01-27T22:00:00.000000,Japan,Japan,JP,431.89,520.31,21.15,14.25,,true,ESTIMATED_MODE_BREAKDOWN
2025-01-27T23:00:00.000000,Japan,Japan,JP,397.5,482.42,27.43,20.92,,true,ESTIMATED_MODE_BREAKDOWN
2025-01-28T00:00:00.000000,Japan,Japan,JP,359.51,440.38,34.37,27.98,,true,ESTIMATED_MODE_BREAKDOWN
2025-01-28T01:00:00.000000,Japan,Japan,JP,321.09,397.84,41.37,34.78,,true,ESTIMATED_MODE_BREAKDOWN
2025-01-28T02:00:00.000000,Japan,Japan,JP,302.84,377.59,44.7,37.97,,true,ESTIMATED_MODE_BREAKDOWN
2025-01-28T03:00:00.000000,Japan,Japan,JP,294.22,367.94,46.29,39.19,,true,ESTIMATED_MODE_BREAKDOWN
2025-01-28T04:00:00.000000,Japan,Japan,JP,313.79,389.47,42.69,35.77,,true,ESTIMATED_MODE_BREAKDOWN
2025-01-28T05:00:00.000000,Japan,Japan,JP,342.63,421.33,37.43,30.47,,true,ESTIMATED_MODE_BREAKDOWN
2025-01-28T06:00:00.000000,Japan,Japan,JP,379.37,461.95,30.73,23.75,,true,ESTIMATED_MODE_BREAKDOWN
2025-01-28T07:00:00.000000,Japan,Japan,JP,419.76,506.65,23.36,16.58,,true,ESTIMATED_MODE_BREAKDOWN
2025-01-28T08:00:00.000000,Japan,Japan,JP,438.68,527.72,19.92,13.3,,true,ESTIMATED_MODE_BREAKDOWN
2025-01-28T09:00:00.000000,Japan,Japan,JP,440.16,529.46,19.65,13.11,,true,ESTIMATED_MODE_BREAKDOWN
2025-01-28T10:00:00.000000,Japan,Japan,JP,439.29,528.48,19.81,13.13,,true,ESTIMATED_MODE_BREAKDOWN
2025-01-28T11:00:00.000000,Japan,Japan,JP,438.37,527.41,19.97,13.12,,true,ESTIMATED_MODE_BREAKDOWN
2025-01-28T12:00:00.000000,Japan,Japan,JP,437.07,525.8,20.21,13.04,,true,ESTIMATED_MODE_BREAKDOWN
2025-01-28T13:00:00.000000,Japan,Japan,JP,434.38,522.66,20.7,13.09,,true,ESTIMATED_MODE_BREAKDOWN
2025-01-28T14:00:00.000000,Japan,Japan,JP,432.29,520.29,21.1,13.17,,true,ESTIMATED_MODE_BREAKDOWN
2025-01-28T15:00:00.000000,Japan,Japan,JP,428.11,515.47,21.86,13.41,,true,ESTIMATED_MODE_BREAKDOWN
2025-01-28T16:00:00.000000,Japan,Japan,JP,426.52,513.68,22.14,13.52,,true,ESTIMATED_MODE_BREAKDOWN
2025-01-28T17:00:00.000000,Japan,Japan,JP,427.31,514.71,22.02,13.52,,true,ESTIMATED_MODE_BREAKDOWN
2025-01-28T18:00:00.000000,Japan,Japan,JP,427.88,515.43,21.92,13.54,,true,ESTIMATED_MODE_BREAKDOWN
2025-01-28T19:00:00.000000,Japan,Japan,JP,428.48,516.11,21.8,13.51,,true,ESTIMATED_MODE_BREAKDOWN
2025-01-28T20:00:00.000000,Japan,Japan,JP,430.48,518.37,21.43,13.43,,true,ESTIMATED_MODE_BREAKDOWN
2025-01-28T21:00:00.000000,Japan,Japan,JP,435.28,523.78,20.54,13.22,,true,ESTIMATED_MODE_BREAKDOWN
2025-01-28T22:00:00.000000,Japan,Japan,JP,427.78,515.62,21.9,15.1,,true,ESTIMATED_MODE_BREAKDOWN
2025-01-28T23:00:00.000000,Japan,Japan,JP,390.76,474.84,28.67,22.25,,true,ESTIMATED_MODE_BREAKDOWN
2025-01-29T00:00:00.000000,Japan,Japan,JP,355.46,435.72,35.1,28.78,,true,ESTIMATED_MODE_BREAKDOWN
2025-01-29T01:00:00.000000,Japan,Japan,JP,321.4,397.98,41.31,34.8,,true,ESTIMATED_MODE_BREAKDOWN
2025-01-29T02:00:00.000000,Japan,Japan,JP,303.59,378.25,44.55,37.96,,true,ESTIMATED_MODE_BREAKDOWN
2025-01-29T03:00:00.000000,Japan,Japan,JP,294.71,368.21,46.17,39.2,,true,ESTIMATED_MODE_BREAKDOWN
2025-01-29T04:00:00.000000,Japan,Japan,JP,313.74,389.31,42.69,35.9,,true,ESTIMATED_MODE_BREAKDOWN
2025-01-29T05:00:00.000000,Japan,Japan,JP,339.88,418.18,37.92,31.07,,true,ESTIMATED_MODE_BREAKDOWN
2025-01-29T06:00:00.000000,Japan,Japan,JP,379.11,461.58,30.76,23.93,,true,ESTIMATED_MODE_BREAKDOWN
2025-01-29T07:00:00.000000,Japan,Japan,JP,419.41,506.24,23.42,16.8,,true,ESTIMATED_MODE_BREAKDOWN
2025-01-29T08:00:00.000000,Japan,Japan,JP,437.96,526.95,20.04,13.6,,true,ESTIMATED_MODE_BREAKDOWN
2025-01-29T09:00:00.000000,Japan,Japan,JP,440.35,529.68,19.61,13.26,,true,ESTIMATED_MODE_BREAKDOWN
2025-01-29T10:00:00.000000,Japan,Japan,JP,439.8,529.04,19.71,13.24,,true,ESTIMATED_MODE_BREAKDOWN
2025-01-29T11:00:00.000000,Japan,Japan,JP,439.19,528.33,19.82,13.19,,true,ESTIMATED_MODE_BREAKDOWN
2025-01-29T12:00:00.000000,Japan,Japan,JP,438.33,527.24,19.97,13.07,,true,ESTIMATED_MODE_BREAKDOWN
2025-01-29T13:00:00.000000,Japan,Japan,JP,435.42,523.82,20.5,13.15,,true,ESTIMATED_MODE_BREAKDOWN
2025-01-29T14:00:00.000000,Japan,Japan,JP,433.07,521.1,20.92,13.29,,true,ESTIMATED_MODE_BREAKDOWN
2025-01-29T15:00:00.000000,Japan,Japan,JP,429.3,516.8,21.61,13.46,,true,ESTIMATED_MODE_BREAKDOWN
2025-01-29T16:00:00.000000,Japan,Japan,JP,427.67,515.01,21.91,13.54,,true,ESTIMATED_MODE_BREAKDOWN
2025-01-29T17:00:00.000000,Japan,Japan,JP,428.3,515.81,21.8,13.51,,true,ESTIMATED_MODE_BREAKDOWN
2025-01-29T18:00:00.000000,Japan,Japan,JP,428.95,516.65,21.69,13.48,,true,ESTIMATED_MODE_BREAKDOWN
2025-01-29T19:00:00.000000,Japan,Japan,JP,429.67,517.5,21.56,13.47,,true,ESTIMATED_MODE_BREAKDOWN
2025-01-29T20:00:00.000000,Japan,Japan,JP,431.98,520.11,21.14,13.36,,true,ESTIMATED_MODE_BREAKDOWN
2025-01-29T21:00:00.000000,Japan,Japan,JP,436.9,525.72,20.23,13.13,,true,ESTIMATED_MODE_BREAKDOWN
2025-01-29T22:00:00.000000,Japan,Japan,JP,430.74,519.06,21.36,14.77,,true,ESTIMATED_MODE_BREAKDOWN
2025-01-29T23:00:00.000000,Japan,Japan,JP,394.79,479.32,27.92,21.65,,true,ESTIMATED_MODE_BREAKDOWN
2025-01-30T00:00:00.000000,Japan,Japan,JP,356.29,436.59,34.93,28.76,,true,ESTIMATED_MODE_BREAKDOWN
2025-01-30T01:00:00.000000,Japan,Japan,JP,320.41,396.69,41.47,35.1,,true,ESTIMATED_MODE_BREAKDOWN
2025-01-30T02:00:00.000000,Japan,Japan,JP,302.81,377.1,44.68,38.17,,true,ESTIMATED_MODE_BREAKDOWN
2025-01-30T03:00:00.000000,Japan,Japan,JP,291.23,364.1,46.79,39.96,,true,ESTIMATED_MODE_BREAKDOWN
2025-01-30T04:00:00.000000,Japan,Japan,JP,304.94,379.28,44.29,37.54,,true,ESTIMATED_MODE_BREAKDOWN
2025-01-30T05:00:00.000000,Japan,Japan,JP,327.03,403.71,40.26,33.45,,true,ESTIMATED_MODE_BREAKDOWN
2025-01-30T06:00:00.000000,Japan,Japan,JP,367.51,448.56,32.87,26.09,,true,ESTIMATED_MODE_BREAKDOWN
2025-01-30T07:00:00.000000,Japan,Japan,JP,414.96,501.24,24.23,17.62,,true,ESTIMATED_MODE_BREAKDOWN
2025-01-30T08:00:00.000000,Japan,Japan,JP,438.66,527.76,19.91,13.52,,true,ESTIMATED_MODE_BREAKDOWN
2025-01-30T09:00:00.000000,Japan,Japan,JP,441.14,530.64,19.46,13.17,,true,ESTIMATED_MODE_BREAKDOWN
2025-01-30T10:00:00.000000,Japan,Japan,JP,440.78,530.16,19.53,13.13,,true,ESTIMATED_MODE_BREAKDOWN
2025-01-30T11:00:00.000000,Japan,Japan,JP,440.0,529.24,19.67,13.12,,true,ESTIMATED_MODE_BREAKDOWN
2025-01-30T12:00:00.000000,Japan,Japan,JP,438.88,527.82,19.88,13.04,,true,ESTIMATED_MODE_BREAKDOWN
2025-01-30T13:00:00.000000,Japan,Japan,JP,436.03,524.52,20.39,13.14,,true,ESTIMATED_MODE_BREAKDOWN
2025-01-30T14:00:00.000000,Japan,Japan,JP,433.91,522.08,20.78,13.23,,true,ESTIMATED_MODE_BREAKDOWN
2025-01-30T15:00:00.000000,Japan,Japan,JP,430.6,518.32,21.39,13.28,,true,ESTIMATED_MODE_BREAKDOWN
2025-01-30T16:00:00.000000,Japan,Japan,JP,429.53,517.25,21.62,13.32,,true,ESTIMATED_MODE_BREAKDOWN
2025-01-30T17:00:00.000000,Japan,Japan,JP,429.61,517.46,21.6,13.38,,true,ESTIMATED_MODE_BREAKDOWN
2025-01-30T18:00:00.000000,Japan,Japan,JP,430.15,518.06,21.48,13.35,,true,ESTIMATED_MODE_BREAKDOWN
2025-01-30T19:00:00.000000,Japan,Japan,JP,430.3,518.27,21.45,13.39,,true,ESTIMATED_MODE_BREAKDOWN
2025-01-30T20:00:00.000000,Japan,Japan,JP,432.55,520.81,21.04,13.28,,true,ESTIMATED_MODE_BREAKDOWN
2025-01-30T21:00:00.000000,Japan,Japan,JP,437.68,526.66,20.1,13.03,,true,ESTIMATED_MODE_BREAKDOWN
2025-01-30T22:00:00.000000,Japan,Japan,JP,430.79,519.23,21.36,14.8,,true,ESTIMATED_MODE_BREAKDOWN
2025-01-30T23:00:00.000000,Japan,Japan,JP,395.15,479.89,27.87,21.62,,true,ESTIMATED_MODE_BREAKDOWN
2025-01-31T00:00:00.000000,Japan,Japan,JP,355.74,436.13,35.05,28.83,,true,ESTIMATED_MODE_BREAKDOWN
2025-01-31T01:00:00.000000,Japan,Japan,JP,315.28,391.14,42.42,35.97,,true,ESTIMATED_MODE_BREAKDOWN
2025-01-31T02:00:00.000000,Japan,Japan,JP,297.16,370.89,45.72,39.06,,true,ESTIMATED_MODE_BREAKDOWN
2025-01-31T03:00:00.000000,Japan,Japan,JP,288.17,360.77,47.36,40.31,,true,ESTIMATED_MODE_BREAKDOWN
2025-01-31T04:00:00.000000,Japan,Japan,JP,302.37,376.46,44.77,37.78,,true,ESTIMATED_MODE_BREAKDOWN
2025-01-31T05:00:00.000000,Japan,Japan,JP,328.67,405.54,39.96,32.95,,true,ESTIMATED_MODE_BREAKDOWN
2025-01-31T06:00:00.000000,Japan,Japan,JP,369.13,450.43,32.58,25.64,,true,ESTIMATED_MODE_BREAKDOWN
2025-01-31T07:00:00.000000,Japan,Japan,JP,417.44,503.98,23.77,16.99,,true,ESTIMATED_MODE_BREAKDOWN
2025-01-31T08:00:00.000000,Japan,Japan,JP,439.18,528.32,19.81,13.18,,true,ESTIMATED_MODE_BREAKDOWN
2025-01-31T09:00:00.000000,Japan,Japan,JP,441.5,531.0,19.4,12.82,,true,ESTIMATED_MODE_BREAKDOWN
2025-01-31T10:00:00.000000,Japan,Japan,JP,440.92,530.39,19.5,12.82,,true,ESTIMATED_MODE_BREAKDOWN
2025-01-31T11:00:00.000000,Japan,Japan,JP,440.4,529.72,19.6,12.74,,true,ESTIMATED_MODE_BREAKDOWN
2025-01-31T12:00:00.000000,Japan,Japan,JP,439.56,528.7,19.75,12.62,,true,ESTIMATED_MODE_BREAKDOWN
2025-01-31T13:00:00.000000,Japan,Japan,JP,437.13,525.87,20.19,12.67,,true,ESTIMATED_MODE_BREAKDOWN
2025-01-31T14:00:00.000000,Japan,Japan,JP,435.41,523.92,20.51,12.71,,true,ESTIMATED_MODE_BREAKDOWN
2025-01-31T15:00:00.000000,Japan,Japan,JP,432.61,520.68,21.05,12.65,,true,ESTIMATED_MODE_BREAKDOWN
2025-01-31T16:00:00.000000,Japan,Japan,JP,431.43,519.34,21.26,12.69,,true,ESTIMATED_MODE_BREAKDOWN
2025-01-31T17:00:00.000000,Japan,Japan,JP,431.89,519.93,21.18,12.66,,true,ESTIMATED_MODE_BREAKDOWN
2025-01-31T18:00:00.000000,Japan,Japan,JP,432.05,520.18,21.15,12.67,,true,ESTIMATED_MODE_BREAKDOWN
2025-01-31T19:00:00.000000,Japan,Japan,JP,431.9,520.0,21.18,12.64,,true,ESTIMATED_MODE_BREAKDOWN
2025-01-31T20:00:00.000000,Japan,Japan,JP,431.82,519.89,21.18,12.68,,true,ESTIMATED_MODE_BREAKDOWN
2025-01-31T21:00:00.000000,Japan,Japan,JP,433.91,522.16,20.78,12.56,,true,ESTIMATED_MODE_BREAKDOWN
2025-01-31T22:00:00.000000,Japan,Japan,JP,425.61,513.11,22.29,14.5,,true,ESTIMATED_MODE_BREAKDOWN
2025-01-31T23:00:00.000000,Japan,Japan,JP,389.54,473.4,28.88,21.43,,true,ESTIMATED_MODE_BREAKDOWN
2025-02-01T00:00:00.000000,Japan,Japan,JP,342.67,421.7,37.43,29.98,,true,ESTIMATED_MODE_BREAKDOWN
2025-02-01T01:00:00.000000,Japan,Japan,JP,305.08,380.05,44.27,36.56,,true,ESTIMATED_MODE_BREAKDOWN
2025-02-01T02:00:00.000000,Japan,Japan,JP,290.26,363.77,47.0,39.11,,true,ESTIMATED_MODE_BREAKDOWN
2025-02-01T03:00:00.000000,Japan,Japan,JP,302.69,377.56,44.75,36.68,,true,ESTIMATED_MODE_BREAKDOWN
2025-02-01T04:00:00.000000,Japan,Japan,JP,331.96,409.88,39.42,31.31,,true,ESTIMATED_MODE_BREAKDOWN
2025-02-01T05:00:00.000000,Japan,Japan,JP,369.6,451.4,32.56,24.39,,true,ESTIMATED_MODE_BREAKDOWN
2025-02-01T06:00:00.000000,Japan,Japan,JP,404.11,489.5,26.25,18.08,,true,ESTIMATED_MODE_BREAKDOWN
2025-02-01T07:00:00.000000,Japan,Japan,JP,429.55,517.66,21.6,13.74,,true,ESTIMATED_MODE_BREAKDOWN
2025-02-01T08:00:00.000000,Japan,Japan,JP,438.94,528.1,19.88,12.39,,true,ESTIMATED_MODE_BREAKDOWN
2025-02-01T09:00:00.000000,Japan,Japan,JP,440.3,529.61,19.62,12.24,,true,ESTIMATED_MODE_BREAKDOWN
2025-02-01T10:00:00.000000,Japan,Japan,JP,439.93,529.16,19.69,12.22,,true,ESTIMATED_MODE_BREAKDOWN
2025-02-01T11:00:00.000000,Japan,Japan,JP,439.06,528.15,19.85,12.19,,true,ESTIMATED_MODE_BREAKDOWN
2025-02-01T12:00:00.000000,Japan,Japan,JP,437.85,526.77,20.07,12.12,,true,ESTIMATED_MODE_BREAKDOWN
2025-02-01T13:00:00.000000,Japan,Japan,JP,435.02,523.52,20.59,12.18,,true,ESTIMATED_MODE_BREAKDOWN
2025-02-01T14:00:00.000000,Japan,Japan,JP,433.85,522.25,20.83,12.14,,true,ESTIMATED_MODE_BREAKDOWN
2025-02-01T15:00:00.000000,Japan,Japan,JP,430.17,518.03,21.5,12.23,,true,ESTIMATED_MODE_BREAKDOWN
2025-02-01T16:00:00.000000,Japan,Japan,JP,429.31,517.04,21.66,12.17,,true,ESTIMATED_MODE_BREAKDOWN
2025-02-01T17:00:00.000000,Japan,Japan,JP,430.23,518.09,21.5,12.13,,true,ESTIMATED_MODE_BREAKDOWN
2025-02-01T18:00:00.000000,Japan,Japan,JP,430.56,518.62,21.45,12.23,,true,ESTIMATED_MODE_BREAKDOWN
2025-02-01T19:00:00.000000,Japan,Japan,JP,430.67,518.78,21.44,12.22,,true,ESTIMATED_MODE_BREAKDOWN
2025-02-01T20:00:00.000000,Japan,Japan,JP,430.73,518.79,21.42,12.21,,true,ESTIMATED_MODE_BREAKDOWN
2025-02-01T21:00:00.000000,Japan,Japan,JP,431.35,519.36,21.29,12.19,,true,ESTIMATED_MODE_BREAKDOWN
2025-02-01T22:00:00.000000,Japan,Japan,JP,427.02,514.59,22.05,13.44,,true,ESTIMATED_MODE_BREAKDOWN
2025-02-01T23:00:00.000000,Japan,Japan,JP,411.68,497.68,24.83,16.74,,true,ESTIMATED_MODE_BREAKDOWN
2025-02-02T00:00:00.000000,Japan,Japan,JP,387.31,470.62,29.28,21.4,,true,ESTIMATED_MODE_BREAKDOWN
2025-02-02T01:00:00.000000,Japan,Japan,JP,357.48,437.37,34.71,26.74,,true,ESTIMATED_MODE_BREAKDOWN
2025-02-02T02:00:00.000000,Japan,Japan,JP,340.92,418.92,37.71,29.56,,true,ESTIMATED_MODE_BREAKDOWN
2025-02-02T03:00:00.000000,Japan,Japan,JP,335.36,412.77,38.75,30.49,,true,ESTIMATED_MODE_BREAKDOWN
2025-02-02T04:00:00.000000,Japan,Japan,JP,349.81,428.73,36.15,27.67,,true,ESTIMATED_MODE_BREAKDOWN
2025-02-02T05:00:00.000000,Japan,Japan,JP,363.57,443.85,33.62,25.02,,true,ESTIMATED_MODE_BREAKDOWN
2025-02-02T06:00:00.000000,Japan,Japan,JP,387.11,470.01,29.31,20.75,,true,ESTIMATED_MODE_BREAKDOWN
2025-02-02T07:00:00.000000,Japan,Japan,JP,418.68,505.12,23.54,15.31,,true,ESTIMATED_MODE_BREAKDOWN
2025-02-02T08:00:00.000000,Japan,Japan,JP,438.91,527.8,19.85,12.18,,true,ESTIMATED_MODE_BREAKDOWN
2025-02-02T09:00:00.000000,Japan,Japan,JP,441.98,531.34,19.3,11.85,,true,ESTIMATED_MODE_BREAKDOWN
2025-02-02T10:00:00.000000,Japan,Japan,JP,441.58,530.9,19.37,11.86,,true,ESTIMATED_MODE_BREAKDOWN
2025-02-02T11:00:00.000000,Japan,Japan,JP,440.74,529.96,19.52,11.9,,true,ESTIMATED_MODE_BREAKDOWN
2025-02-02T12:00:00.000000,Japan,Japan,JP,439.25,528.25,19.79,11.86,,true,ESTIMATED_MODE_BREAKDOWN
2025-02-02T13:00:00.000000,Japan,Japan,JP,435.76,524.3,20.45,11.93,,true,ESTIMATED_MODE_BREAKDOWN
2025-02-02T14:00:00.000000,Japan,Japan,JP,434.12,522.5,20.77,11.94,,true,ESTIMATED_MODE_BREAKDOWN
2025-02-02T15:00:00.000000,Japan,Japan,JP,430.38,518.19,21.47,12.02,,true,ESTIMATED_MODE_BREAKDOWN
2025-02-02T16:00:00.000000,Japan,Japan,JP,429.48,517.19,21.63,12.04,,true,ESTIMATED_MODE_BREAKDOWN
2025-02-02T17:00:00.000000,Japan,Japan,JP,429.63,517.48,21.62,12.21,,true,ESTIMATED_MODE_BREAKDOWN
2025-02-02T18:00:00.000000,Japan,Japan,JP,430.15,518.14,21.52,12.33,,true,ESTIMATED_MODE_BREAKDOWN
2025-02-02T19:00:00.000000,Japan,Japan,JP,430.78,518.93,21.4,12.37,,true,ESTIMATED_MODE_BREAKDOWN
2025-02-02T20:00:00.000000,Japan,Japan,JP,432.83,521.23,21.02,12.4,,true,ESTIMATED_MODE_BREAKDOWN
2025-02-02T21:00:00.000000,Japan,Japan,JP,437.3,526.21,20.16,12.33,,true,ESTIMATED_MODE_BREAKDOWN
2025-02-02T22:00:00.000000,Japan,Japan,JP,434.05,522.67,20.75,13.61,,true,ESTIMATED_MODE_BREAKDOWN
2025-02-02T23:00:00.000000,Japan,Japan,JP,413.48,500.03,24.5,17.93,,true,ESTIMATED_MODE_BREAKDOWN
2025-02-03T00:00:00.000000,Japan,Japan,JP,384.44,467.81,29.78,23.45,,true,ESTIMATED_MODE_BREAKDOWN
2025-02-03T01:00:00.000000,Japan,Japan,JP,359.16,439.76,34.38,27.89,,true,ESTIMATED_MODE_BREAKDOWN
2025-02-03T02:00:00.000000,Japan,Japan,JP,352.99,432.76,35.5,28.88,,true,ESTIMATED_MODE_BREAKDOWN
2025-02-03T03:00:00.000000,Japan,Japan,JP,349.3,428.53,36.18,29.18,,true,ESTIMATED_MODE_BREAKDOWN
2025-02-03T04:00:00.000000,Japan,Japan,JP,358.37,438.6,34.54,27.65,,true,ESTIMATED_MODE_BREAKDOWN
2025-02-03T05:00:00.000000,Japan,Japan,JP,369.53,450.97,32.53,25.64,,true,ESTIMATED_MODE_BREAKDOWN
2025-02-03T06:00:00.000000,Japan,Japan,JP,390.61,474.29,28.68,21.78,,true,ESTIMATED_MODE_BREAKDOWN
2025-02-03T07:00:00.000000,Japan,Japan,JP,422.22,509.34,22.9,16.16,,true,ESTIMATED_MODE_BREAKDOWN
2025-02-03T08:00:00.000000,Japan,Japan,JP,439.75,528.91,19.7,13.1,,true,ESTIMATED_MODE_BREAKDOWN
2025-02-03T09:00:00.000000,Japan,Japan,JP,441.71,531.19,19.35,12.84,,true,ESTIMATED_MODE_BREAKDOWN
2025-02-03T10:00:00.000000,Japan,Japan,JP,440.5,529.81,19.58,12.92,,true,ESTIMATED_MODE_BREAKDOWN
2025-02-03T11:00:00.000000,Japan,Japan,JP,439.12,528.23,19.83,13.02,,true,ESTIMATED_MODE_BREAKDOWN
2025-02-03T12:00:00.000000,Japan,Japan,JP,436.67,525.37,20.27,13.19,,true,ESTIMATED_MODE_BREAKDOWN
2025-02-03T13:00:00.000000,Japan,Japan,JP,434.09,522.35,20.74,13.22,,true,ESTIMATED_MODE_BREAKDOWN
2025-02-03T14:00:00.000000,Japan,Japan,JP,431.92,519.91,21.15,13.31,,true,ESTIMATED_MODE_BREAKDOWN
2025-02-03T15:00:00.000000,Japan,Japan,JP,427.9,515.18,21.89,13.45,,true,ESTIMATED_MODE_BREAKDOWN
2025-02-03T16:00:00.000000,Japan,Japan,JP,426.22,513.31,22.19,13.65,,true,ESTIMATED_MODE_BREAKDOWN
2025-02-03T17:00:00.000000,Japan,Japan,JP,425.97,513.14,22.24,13.82,,true,ESTIMATED_MODE_BREAKDOWN
2025-02-03T18:00:00.000000,Japan,Japan,JP,426.63,513.94,22.12,13.85,,true,ESTIMATED_MODE_BREAKDOWN
2025-02-03T19:00:00.000000,Japan,Japan,JP,427.3,514.73,22.0,13.83,,true,ESTIMATED_MODE_BREAKDOWN
2025-02-03T20:00:00.000000,Japan,Japan,JP,429.68,517.41,21.56,13.74,,true,ESTIMATED_MODE_BREAKDOWN
2025-02-03T21:00:00.000000,Japan,Japan,JP,434.77,523.23,20.63,13.51,,true,ESTIMATED_MODE_BREAKDOWN
2025-02-03T22:00:00.000000,Japan,Japan,JP,426.33,514.04,22.17,15.56,,true,ESTIMATED_MODE_BREAKDOWN
2025-02-03T23:00:00.000000,Japan,Japan,JP,392.98,477.36,28.26,22.06,,true,ESTIMATED_MODE_BREAKDOWN
2025-02-04T00:00:00.000000,Japan,Japan,JP,358.26,438.96,34.59,28.53,,true,ESTIMATED_MODE_BREAKDOWN
2025-02-04T01:00:00.000000,Japan,Japan,JP,328.2,405.57,40.07,33.83,,true,ESTIMATED_MODE_BREAKDOWN
2025-02-04T02:00:00.000000,Japan,Japan,JP,312.5,388.14,42.93,36.61,,true,ESTIMATED_MODE_BREAKDOWN
2025-02-04T03:00:00.000000,Japan,Japan,JP,304.58,379.17,44.37,37.75,,true,ESTIMATED_MODE_BREAKDOWN
2025-02-04T04:00:00.000000,Japan,Japan,JP,321.34,397.77,41.32,34.82,,true,ESTIMATED_MODE_BREAKDOWN
2025-02-04T05:00:00.000000,Japan,Japan,JP,348.32,427.67,36.4,29.96,,true,ESTIMATED_MODE_BREAKDOWN
2025-02-04T06:00:00.000000,Japan,Japan,JP,383.16,466.3,30.04,23.69,,true,ESTIMATED_MODE_BREAKDOWN
2025-02-04T07:00:00.000000,Japan,Japan,JP,420.74,507.97,23.19,16.96,,true,ESTIMATED_MODE_BREAKDOWN
2025-02-04T08:00:00.000000,Japan,Japan,JP,440.14,529.55,19.65,13.59,,true,ESTIMATED_MODE_BREAKDOWN
2025-02-04T09:00:00.000000,Japan,Japan,JP,442.19,531.88,19.28,13.3,,true,ESTIMATED_MODE_BREAKDOWN
2025-02-04T10:00:00.000000,Japan,Japan,JP,441.26,530.84,19.45,13.36,,true,ESTIMATED_MODE_BREAKDOWN
2025-02-04T11:00:00.000000,Japan,Japan,JP,440.47,529.9,19.59,13.38,,true,ESTIMATED_MODE_BREAKDOWN
2025-02-04T12:00:00.000000,Japan,Japan,JP,438.98,528.12,19.86,13.39,,true,ESTIMATED_MODE_BREAKDOWN
2025-02-04T13:00:00.000000,Japan,Japan,JP,436.46,525.1,20.32,13.44,,true,ESTIMATED_MODE_BREAKDOWN
2025-02-04T14:00:00.000000,Japan,Japan,JP,434.13,522.42,20.74,13.6,,true,ESTIMATED_MODE_BREAKDOWN
2025-02-04T15:00:00.000000,Japan,Japan,JP,430.51,518.26,21.41,13.74,,true,ESTIMATED_MODE_BREAKDOWN
2025-02-04T16:00:00.000000,Japan,Japan,JP,428.95,516.57,21.69,13.86,,true,ESTIMATED_MODE_BREAKDOWN
2025-02-04T17:00:00.000000,Japan,Japan,JP,428.91,516.6,21.7,13.9,,true,ESTIMATED_MODE_BREAKDOWN
2025-02-04T18:00:00.000000,Japan,Japan,JP,429.36,517.16,21.62,13.87,,true,ESTIMATED_MODE_BREAKDOWN
2025-02-04T19:00:00.000000,Japan,Japan,JP,429.92,517.8,21.52,13.82,,true,ESTIMATED_MODE_BREAKDOWN
2025-02-04T20:00:00.000000,Japan,Japan,JP,432.52,520.75,21.04,13.65,,true,ESTIMATED_MODE_BREAKDOWN
2025-02-04T21:00:00.000000,Japan,Japan,JP,437.17,526.06,20.19,13.46,,true,ESTIMATED_MODE_BREAKDOWN
2025-02-04T22:00:00.000000,Japan,Japan,JP,430.26,518.59,21.45,15.2,,true,ESTIMATED_MODE_BREAKDOWN
2025-02-04T23:00:00.000000,Japan,Japan,JP,398.13,483.2,27.32,21.42,,true,ESTIMATED_MODE_BREAKDOWN
2025-02-05T00:00:00.000000,Japan,Japan,JP,367.4,449.19,32.92,27.1,,true,ESTIMATED_MODE_BREAKDOWN
2025-02-05T01:00:00.000000,Japan,Japan,JP,341.97,421.02,37.57,31.59,,true,ESTIMATED_MODE_BREAKDOWN
2025-02-05T02:00:00.000000,Japan,Japan,JP,330.09,407.85,39.73,33.66,,true,ESTIMATED_MODE_BREAKDOWN
2025-02-05T03:00:00.000000,Japan,Japan,JP,324.73,401.81,40.7,34.36,,true,ESTIMATED_MODE_BREAKDOWN
2025-02-05T04:00:00.000000,Japan,Japan,JP,338.77,417.26,38.15,31.87,,true,ESTIMATED_MODE_BREAKDOWN
2025-02-05T05:00:00.000000,Japan,Japan,JP,356.87,437.29,34.85,28.63,,true,ESTIMATED_MODE_BREAKDOWN
2025-02-05T06:00:00.000000,Japan,Japan,JP,387.79,471.51,29.2,23.02,,true,ESTIMATED_MODE_BREAKDOWN
2025-02-05T07:00:00.000000,Japan,Japan,JP,423.28,510.8,22.72,16.68,,true,ESTIMATED_MODE_BREAKDOWN
2025-02-05T08:00:00.000000,Japan,Japan,JP,440.83,530.34,19.53,13.66,,true,ESTIMATED_MODE_BREAKDOWN
2025-02-05T09:00:00.000000,Japan,Japan,JP,443.0,532.84,19.13,13.35,,true,ESTIMATED_MODE_BREAKDOWN
2025-02-05T10:00:00.000000,Japan,Japan,JP,442.61,532.34,19.2,13.35,,true,ESTIMATED_MODE_BREAKDOWN
2025-02-05T11:00:00.000000,Japan,Japan,JP,441.9,531.48,19.33,13.37,,true,ESTIMATED_MODE_BREAKDOWN
2025-02-05T12:00:00.000000,Japan,Japan,JP,440.46,529.76,19.59,13.37,,true,ESTIMATED_MODE_BREAKDOWN
2025-02-05T13:00:00.000000,Japan,Japan,JP,437.75,526.53,20.08,13.44,,true,ESTIMATED_MODE_BREAKDOWN
2025-02-05T14:00:00.000000,Japan,Japan,JP,435.72,524.15,20.45,13.52,,true,ESTIMATED_MODE_BREAKDOWN
2025-02-05T15:00:00.000000,Japan,Japan,JP,431.34,519.18,21.26,13.78,,true,ESTIMATED_MODE_BREAKDOWN
2025-02-05T16:00:00.000000,Japan,Japan,JP,429.94,517.64,21.51,13.87,,true,ESTIMATED_MODE_BREAKDOWN
2025-02-05T17:00:00.000000,Japan,Japan,JP,429.53,517.28,21.59,13.95,,true,ESTIMATED_MODE_BREAKDOWN
2025-02-05T18:00:00.000000,Japan,Japan,JP,429.81,517.66,21.54,13.93,,true,ESTIMATED_MODE_BREAKDOWN
2025-02-05T19:00:00.000000,Japan,Japan,JP,430.37,518.31,21.44,13.89,,true,ESTIMATED_MODE_BREAKDOWN
2025-02-05T20:00:00.000000,Japan,Japan,JP,433.06,521.36,20.94,13.69,,true,ESTIMATED_MODE_BREAKDOWN
2025-02-05T21:00:00.000000,Japan,Japan,JP,438.14,527.14,20.01,13.43,,true,ESTIMATED_MODE_BREAKDOWN
2025-02-05T22:00:00.000000,Japan,Japan,JP,431.3,519.73,21.26,15.13,,true,ESTIMATED_MODE_BREAKDOWN
2025-02-05T23:00:00.000000,Japan,Japan,JP,398.3,483.37,27.29,21.47,,true,ESTIMATED_MODE_BREAKDOWN
2025-02-06T00:00:00.000000,Japan,Japan,JP,360.23,441.24,34.23,28.5,,true,ESTIMATED_MODE_BREAKDOWN
2025-02-06T01:00:00.000000,Japan,Japan,JP,328.7,406.24,39.98,34.1,,true,ESTIMATED_MODE_BREAKDOWN
2025-02-06T02:00:00.000000,Japan,Japan,JP,313.45,389.27,42.76,36.73,,true,ESTIMATED_MODE_BREAKDOWN
2025-02-06T03:00:00.000000,Japan,Japan,JP,303.79,378.36,44.52,38.13,,true,ESTIMATED_MODE_BREAKDOWN
2025-02-06T04:00:00.000000,Japan,Japan,JP,321.23,397.65,41.33,35.02,,true,ESTIMATED_MODE_BREAKDOWN
2025-02-06T05:00:00.000000,Japan,Japan,JP,348.14,427.39,36.42,30.04,,true,ESTIMATED_MODE_BREAKDOWN
2025-02-06T06:00:00.000000,Japan,Japan,JP,381.29,464.18,30.37,24.02,,true,ESTIMATED_MODE_BREAKDOWN
2025-02-06T07:00:00.000000,Japan,Japan,JP,419.12,506.12,23.48,17.31,,true,ESTIMATED_MODE_BREAKDOWN
2025-02-06T08:00:00.000000,Japan,Japan,JP,440.67,530.15,19.55,13.58,,true,ESTIMATED_MODE_BREAKDOWN
2025-02-06T09:00:00.000000,Japan,Japan,JP,443.57,533.5,19.03,13.17,,true,ESTIMATED_MODE_BREAKDOWN
2025-02-06T10:00:00.000000,Japan,Japan,JP,443.07,532.92,19.12,13.17,,true,ESTIMATED_MODE_BREAKDOWN
2025-02-06T11:00:00.000000,Japan,Japan,JP,442.34,532.07,19.25,13.16,,true,ESTIMATED_MODE_BREAKDOWN
2025-02-06T12:00:00.000000,Japan,Japan,JP,441.18,530.68,19.46,13.11,,true,ESTIMATED_MODE_BREAKDOWN
2025-02-06T13:00:00.000000,Japan,Japan,JP,438.89,527.89,19.87,13.1,,true,ESTIMATED_MODE_BREAKDOWN
2025-02-06T14:00:00.000000,Japan,Japan,JP,436.84,525.5,20.24,13.17,,true,ESTIMATED_MODE_BREAKDOWN
2025-02-06T15:00:00.000000,Japan,Japan,JP,432.67,520.74,21.01,13.41,,true,ESTIMATED_MODE_BREAKDOWN
2025-02-06T16:00:00.000000,Japan,Japan,JP,431.07,518.96,21.31,13.54,,true,ESTIMATED_MODE_BREAKDOWN
2025-02-06T17:00:00.000000,Japan,Japan,JP,430.9,518.85,21.34,13.6,,true,ESTIMATED_MODE_BREAKDOWN
2025-02-06T18:00:00.000000,Japan,Japan,JP,431.03,519.05,21.32,13.61,,true,ESTIMATED_MODE_BREAKDOWN
2025-02-06T19:00:00.000000,Japan,Japan,JP,431.68,519.82,21.2,13.57,,true,ESTIMATED_MODE_BREAKDOWN
2025-02-06T20:00:00.000000,Japan,Japan,JP,434.05,522.5,20.76,13.46,,true,ESTIMATED_MODE_BREAKDOWN
2025-02-06T21:00:00.000000,Japan,Japan,JP,439.16,528.33,19.83,13.2,,true,ESTIMATED_MODE_BREAKDOWN
2025-02-06T22:00:00.000000,Japan,Japan,JP,430.91,519.34,21.34,15.14,,true,ESTIMATED_MODE_BREAKDOWN
2025-02-06T23:00:00.000000,Japan,Japan,JP,398.03,483.11,27.33,21.45,,true,ESTIMATED_MODE_BREAKDOWN
2025-02-07T00:00:00.000000,Japan,Japan,JP,364.86,446.36,33.37,27.58,,true,ESTIMATED_MODE_BREAKDOWN
2025-02-07T01:00:00.000000,Japan,Japan,JP,341.1,419.98,37.7,31.78,,true,ESTIMATED_MODE_BREAKDOWN
2025-02-07T02:00:00.000000,Japan,Japan,JP,334.09,412.1,38.97,32.95,,true,ESTIMATED_MODE_BREAKDOWN
2025-02-07T03:00:00.000000,Japan,Japan,JP,334.9,412.94,38.82,32.52,,true,ESTIMATED_MODE_BREAKDOWN
2025-02-07T04:00:00.000000,Japan,Japan,JP,348.22,427.68,36.41,30.15,,true,ESTIMATED_MODE_BREAKDOWN
2025-02-07T05:00:00.000000,Japan,Japan,JP,365.55,446.87,33.25,26.99,,true,ESTIMATED_MODE_BREAKDOWN
2025-02-07T06:00:00.000000,Japan,Japan,JP,395.86,480.52,27.73,21.49,,true,ESTIMATED_MODE_BREAKDOWN
2025-02-07T07:00:00.000000,Japan,Japan,JP,427.3,515.32,21.99,15.89,,true,ESTIMATED_MODE_BREAKDOWN
2025-02-07T08:00:00.000000,Japan,Japan,JP,442.69,532.5,19.18,13.22,,true,ESTIMATED_MODE_BREAKDOWN
2025-02-07T09:00:00.000000,Japan,Japan,JP,444.7,534.8,18.82,12.91,,true,ESTIMATED_MODE_BREAKDOWN
2025-02-07T10:00:00.000000,Japan,Japan,JP,444.42,534.43,18.87,12.88,,true,ESTIMATED_MODE_BREAKDOWN
2025-02-07T11:00:00.000000,Japan,Japan,JP,443.64,533.53,19.01,12.9,,true,ESTIMATED_MODE_BREAKDOWN
2025-02-07T12:00:00.000000,Japan,Japan,JP,442.11,531.76,19.29,12.96,,true,ESTIMATED_MODE_BREAKDOWN
2025-02-07T13:00:00.000000,Japan,Japan,JP,439.74,528.99,19.72,13.03,,true,ESTIMATED_MODE_BREAKDOWN
2025-02-07T14:00:00.000000,Japan,Japan,JP,437.82,526.76,20.07,13.15,,true,ESTIMATED_MODE_BREAKDOWN
2025-02-07T15:00:00.000000,Japan,Japan,JP,434.56,523.06,20.67,13.28,,true,ESTIMATED_MODE_BREAKDOWN
2025-02-07T16:00:00.000000,Japan,Japan,JP,433.19,521.5,20.92,13.31,,true,ESTIMATED_MODE_BREAKDOWN
2025-02-07T17:00:00.000000,Japan,Japan,JP,432.21,520.44,21.1,13.45,,true,ESTIMATED_MODE_BREAKDOWN
2025-02-07T18:00:00.000000,Japan,Japan,JP,431.29,519.44,21.27,13.6,,true,ESTIMATED_MODE_BREAKDOWN
2025-02-07T19:00:00.000000,Japan,Japan,JP,431.03,519.13,21.32,13.57,,true,ESTIMATED_MODE_BREAKDOWN
2025-02-07T20:00:00.000000,Japan,Japan,JP,431.67,519.81,21.2,13.5,,true,ESTIMATED_MODE_BREAKDOWN
2025-02-07T21:00:00.000000,Japan,Japan,JP,434.03,522.49,20.76,13.42,,true,ESTIMATED_MODE_BREAKDOWN
2025-02-07T22:00:00.000000,Japan,Japan,JP,425.58,513.27,22.31,15.38,,true,ESTIMATED_MODE_BREAKDOWN
2025-02-07T23:00:00.000000,Japan,Japan,JP,395.69,480.33,27.77,21.21,,true,ESTIMATED_MODE_BREAKDOWN
2025-02-08T00:00:00.000000,Japan,Japan,JP,359.76,440.49,34.32,27.83,,true,ESTIMATED_MODE_BREAKDOWN
2025-02-08T01:00:00.000000,Japan,Japan,JP,324.21,400.94,40.8,34.1,,true,ESTIMATED_MODE_BREAKDOWN
2025-02-08T02:00:00.000000,Japan,Japan,JP,303.45,377.82,44.57,37.65,,true,ESTIMATED_MODE_BREAKDOWN
2025-02-08T03:00:00.000000,Japan,Japan,JP,295.43,368.75,46.04,38.87,,true,ESTIMATED_MODE_BREAKDOWN
2025-02-08T04:00:00.000000,Japan,Japan,JP,298.94,372.46,45.39,37.99,,true,ESTIMATED_MODE_BREAKDOWN
2025-02-08T05:00:00.000000,Japan,Japan,JP,315.84,391.12,42.31,34.79,,true,ESTIMATED_MODE_BREAKDOWN
2025-02-08T06:00:00.000000,Japan,Japan,JP,353.52,432.82,35.43,27.89,,true,ESTIMATED_MODE_BREAKDOWN
2025-02-08T07:00:00.000000,Japan,Japan,JP,404.14,489.04,26.2,18.92,,true,ESTIMATED_MODE_BREAKDOWN
2025-02-08T08:00:00.000000,Japan,Japan,JP,434.88,523.4,20.61,13.78,,true,ESTIMATED_MODE_BREAKDOWN
2025-02-08T09:00:00.000000,Japan,Japan,JP,438.96,528.08,19.87,13.3,,true,ESTIMATED_MODE_BREAKDOWN
2025-02-08T10:00:00.000000,Japan,Japan,JP,438.81,527.88,19.9,13.29,,true,ESTIMATED_MODE_BREAKDOWN
2025-02-08T11:00:00.000000,Japan,Japan,JP,438.23,527.24,20.0,13.28,,true,ESTIMATED_MODE_BREAKDOWN
2025-02-08T12:00:00.000000,Japan,Japan,JP,437.42,526.27,20.15,13.21,,true,ESTIMATED_MODE_BREAKDOWN
2025-02-08T13:00:00.000000,Japan,Japan,JP,434.91,523.34,20.6,13.27,,true,ESTIMATED_MODE_BREAKDOWN
2025-02-08T14:00:00.000000,Japan,Japan,JP,434.29,522.61,20.71,13.17,,true,ESTIMATED_MODE_BREAKDOWN
2025-02-08T15:00:00.000000,Japan,Japan,JP,431.16,519.05,21.29,13.28,,true,ESTIMATED_MODE_BREAKDOWN
2025-02-08T16:00:00.000000,Japan,Japan,JP,429.8,517.56,21.54,13.34,,true,ESTIMATED_MODE_BREAKDOWN
2025-02-08T17:00:00.000000,Japan,Japan,JP,430.04,517.87,21.5,13.3,,true,ESTIMATED_MODE_BREAKDOWN
2025-02-08T18:00:00.000000,Japan,Japan,JP,430.41,518.33,21.43,13.25,,true,ESTIMATED_MODE_BREAKDOWN
2025-02-08T19:00:00.000000,Japan,Japan,JP,429.8,517.68,21.54,13.3,,true,ESTIMATED_MODE_BREAKDOWN
2025-02-08T20:00:00.000000,Japan,Japan,JP,429.95,517.87,21.51,13.3,,true,ESTIMATED_MODE_BREAKDOWN
2025-02-08T21:00:00.000000,Japan,Japan,JP,431.91,520.03,21.15,13.16,,true,ESTIMATED_MODE_BREAKDOWN
2025-02-08T22:00:00.000000,Japan,Japan,JP,419.0,505.84,23.5,15.9,,true,ESTIMATED_MODE_BREAKDOWN
2025-02-08T23:00:00.000000,Japan,Japan,JP,373.64,455.72,31.78,24.4,,true,ESTIMATED_MODE_BREAKDOWN
2025-02-09T00:00:00.000000,Japan,Japan,JP,321.19,397.46,41.33,33.91,,true,ESTIMATED_MODE_BREAKDOWN
2025-02-09T01:00:00.000000,Japan,Japan,JP,280.66,352.39,48.72,41.02,,true,ESTIMATED_MODE_BREAKDOWN
2025-02-09T02:00:00.000000,Japan,Japan,JP,255.2,324.12,53.36,45.48,,true,ESTIMATED_MODE_BREAKDOWN
2025-02-09T03:00:00.000000,Japan,Japan,JP,250.28,318.58,54.26,46.21,,true,ESTIMATED_MODE_BREAKDOWN
2025-02-09T04:00:00.000000,Japan,Japan,JP,260.68,330.04,52.36,44.07,,true,ESTIMATED_MODE_BREAKDOWN
2025-02-09T05:00:00.000000,Japan,Japan,JP,290.36,362.76,46.94,38.44,,true,ESTIMATED_MODE_BREAKDOWN
2025-02-09T06:00:00.000000,Japan,Japan,JP,338.23,415.8,38.21,29.83,,true,ESTIMATED_MODE_BREAKDOWN
2025-02-09T07:00:00.000000,Japan,Japan,JP,396.15,480.12,27.65,19.71,,true,ESTIMATED_MODE_BREAKDOWN
2025-02-09T08:00:00.000000,Japan,Japan,JP,433.98,522.35,20.76,13.49,,true,ESTIMATED_MODE_BREAKDOWN
2025-02-09T09:00:00.000000,Japan,Japan,JP,439.8,529.05,19.71,12.84,,true,ESTIMATED_MODE_BREAKDOWN
2025-02-09T10:00:00.000000,Japan,Japan,JP,440.01,529.29,19.67,12.82,,true,ESTIMATED_MODE_BREAKDOWN
2025-02-09T11:00:00.000000,Japan,Japan,JP,439.94,529.2,19.68,12.76,,true,ESTIMATED_MODE_BREAKDOWN
2025-02-09T12:00:00.000000,Japan,Japan,JP,438.95,528.06,19.86,12.72,,true,ESTIMATED_MODE_BREAKDOWN
2025-02-09T13:00:00.000000,Japan,Japan,JP,436.29,524.89,20.34,12.75,,true,ESTIMATED_MODE_BREAKDOWN
2025-02-09T14:00:00.000000,Japan,Japan,JP,434.65,523.02,20.64,12.79,,true,ESTIMATED_MODE_BREAKDOWN
2025-02-09T15:00:00.000000,Japan,Japan,JP,430.96,518.84,21.32,12.96,,true,ESTIMATED_MODE_BREAKDOWN
2025-02-09T16:00:00.000000,Japan,Japan,JP,429.85,517.65,21.53,13.06,,true,ESTIMATED_MODE_BREAKDOWN
2025-02-09T17:00:00.000000,Japan,Japan,JP,430.06,517.96,21.49,13.09,,true,ESTIMATED_MODE_BREAKDOWN
2025-02-09T18:00:00.000000,Japan,Japan,JP,430.63,518.65,21.39,13.08,,true,ESTIMATED_MODE_BREAKDOWN
2025-02-09T19:00:00.000000,Japan,Japan,JP,431.5,519.64,21.23,13.04,,true,ESTIMATED_MODE_BREAKDOWN
2025-02-09T20:00:00.000000,Japan,Japan,JP,434.25,522.72,20.72,12.93,,true,ESTIMATED_MODE_BREAKDOWN
2025-02-09T21:00:00.000000,Japan,Japan,JP,439.22,528.4,19.81,12.81,,true,ESTIMATED_MODE_BREAKDOWN
2025-02-09T22:00:00.000000,Japan,Japan,JP,429.36,517.67,21.61,15.18,,true,ESTIMATED_MODE_BREAKDOWN
2025-02-09T23:00:00.000000,Japan,Japan,JP,394.71,479.52,27.93,21.88,,true,ESTIMATED_MODE_BREAKDOWN
2025-02-10T00:00:00.000000,Japan,Japan,JP,359.75,440.75,34.3,28.34,,true,ESTIMATED_MODE_BREAKDOWN
2025-02-10T01:00:00.000000,Japan,Japan,JP,330.14,407.88,39.7,33.55,,true,ESTIMATED_MODE_BREAKDOWN
2025-02-10T02:00:00.000000,Japan,Japan,JP,315.26,391.32,42.42,36.09,,true,ESTIMATED_MODE_BREAKDOWN
2025-02-10T03:00:00.000000,Japan,Japan,JP,306.12,381.09,44.09,37.44,,true,ESTIMATED_MODE_BREAKDOWN
2025-02-10T04:00:00.000000,Japan,Japan,JP,314.0,389.78,42.65,36.04,,true,ESTIMATED_MODE_BREAKDOWN
2025-02-10T05:00:00.000000,Japan,Japan,JP,332.67,410.31,39.24,32.52,,true,ESTIMATED_MODE_BREAKDOWN
2025-02-10T06:00:00.000000,Japan,Japan,JP,368.0,449.49,32.8,26.08,,true,ESTIMATED_MODE_BREAKDOWN
2025-02-10T07:00:00.000000,Japan,Japan,JP,412.86,499.21,24.62,18.1,,true,ESTIMATED_MODE_BREAKDOWN
2025-02-10T08:00:00.000000,Japan,Japan,JP,439.33,528.69,19.79,13.42,,true,ESTIMATED_MODE_BREAKDOWN
2025-02-10T09:00:00.000000,Japan,Japan,JP,443.3,533.17,19.07,12.8,,true,ESTIMATED_MODE_BREAKDOWN
2025-02-10T10:00:00.000000,Japan,Japan,JP,442.77,532.52,19.17,12.78,,true,ESTIMATED_MODE_BREAKDOWN
2025-02-10T11:00:00.000000,Japan,Japan,JP,441.8,531.42,19.34,12.77,,true,ESTIMATED_MODE_BREAKDOWN
2025-02-10T12:00:00.000000,Japan,Japan,JP,440.61,529.99,19.56,12.71,,true,ESTIMATED_MODE_BREAKDOWN
2025-02-10T13:00:00.000000,Japan,Japan,JP,438.34,527.28,19.97,12.72,,true,ESTIMATED_MODE_BREAKDOWN
2025-02-10T14:00:00.000000,Japan,Japan,JP,436.53,525.18,20.3,12.75,,true,ESTIMATED_MODE_BREAKDOWN
2025-02-10T15:00:00.000000,Japan,Japan,JP,432.92,521.06,20.96,12.96,,true,ESTIMATED_MODE_BREAKDOWN
2025-02-10T16:00:00.000000,Japan,Japan,JP,432.14,520.19,21.1,12.95,,true,ESTIMATED_MODE_BREAKDOWN
2025-02-10T17:00:00.000000,Japan,Japan,JP,432.42,520.57,21.06,12.96,,true,ESTIMATED_MODE_BREAKDOWN
2025-02-10T18:00:00.000000,Japan,Japan,JP,432.46,520.69,21.05,13.1,,true,ESTIMATED_MODE_BREAKDOWN
2025-02-10T19:00:00.000000,Japan,Japan,JP,432.19,520.37,21.1,13.11,,true,ESTIMATED_MODE_BREAKDOWN
2025-02-10T20:00:00.000000,Japan,Japan,JP,432.85,521.07,20.98,13.07,,true,ESTIMATED_MODE_BREAKDOWN
2025-02-10T21:00:00.000000,Japan,Japan,JP,435.35,523.87,20.52,13.0,,true,ESTIMATED_MODE_BREAKDOWN
2025-02-10T22:00:00.000000,Japan,Japan,JP,421.13,508.25,23.12,15.96,,true,ESTIMATED_MODE_BREAKDOWN
2025-02-10T23:00:00.000000,Japan,Japan,JP,377.21,459.65,31.12,24.25,,true,ESTIMATED_MODE_BREAKDOWN
2025-02-11T00:00:00.000000,Japan,Japan,JP,331.37,408.76,39.47,32.6,,true,ESTIMATED_MODE_BREAKDOWN
2025-02-11T01:00:00.000000,Japan,Japan,JP,295.47,368.77,46.01,38.92,,true,ESTIMATED_MODE_BREAKDOWN
2025-02-11T02:00:00.000000,Japan,Japan,JP,277.33,348.6,49.31,42.09,,true,ESTIMATED_MODE_BREAKDOWN
2025-02-11T03:00:00.000000,Japan,Japan,JP,268.29,338.47,50.96,43.37,,true,ESTIMATED_MODE_BREAKDOWN
2025-02-11T04:00:00.000000,Japan,Japan,JP,277.98,349.15,49.19,41.46,,true,ESTIMATED_MODE_BREAKDOWN
2025-02-11T05:00:00.000000,Japan,Japan,JP,299.1,372.46,45.33,37.53,,true,ESTIMATED_MODE_BREAKDOWN
2025-02-11T06:00:00.000000,Japan,Japan,JP,339.44,417.11,37.97,30.14,,true,ESTIMATED_MODE_BREAKDOWN
2025-02-11T07:00:00.000000,Japan,Japan,JP,395.03,478.83,27.84,20.32,,true,ESTIMATED_MODE_BREAKDOWN
2025-02-11T08:00:00.000000,Japan,Japan,JP,434.52,522.91,20.66,13.52,,true,ESTIMATED_MODE_BREAKDOWN
2025-02-11T09:00:00.000000,Japan,Japan,JP,440.62,529.94,19.55,12.72,,true,ESTIMATED_MODE_BREAKDOWN
2025-02-11T10:00:00.000000,Japan,Japan,JP,440.97,530.36,19.49,12.65,,true,ESTIMATED_MODE_BREAKDOWN
2025-02-11T11:00:00.000000,Japan,Japan,JP,440.63,529.94,19.55,12.61,,true,ESTIMATED_MODE_BREAKDOWN
2025-02-11T12:00:00.000000,Japan,Japan,JP,439.54,528.66,19.75,12.58,,true,ESTIMATED_MODE_BREAKDOWN
2025-02-11T13:00:00.000000,Japan,Japan,JP,437.21,525.9,20.17,12.57,,true,ESTIMATED_MODE_BREAKDOWN
2025-02-11T14:00:00.000000,Japan,Japan,JP,435.97,524.47,20.4,12.52,,true,ESTIMATED_MODE_BREAKDOWN
2025-02-11T15:00:00.000000,Japan,Japan,JP,432.43,520.46,21.05,12.63,,true,ESTIMATED_MODE_BREAKDOWN
2025-02-11T16:00:00.000000,Japan,Japan,JP,431.73,519.73,21.18,12.68,,true,ESTIMATED_MODE_BREAKDOWN
2025-02-11T17:00:00.000000,Japan,Japan,JP,432.21,520.33,21.1,12.65,,true,ESTIMATED_MODE_BREAKDOWN
2025-02-11T18:00:00.000000,Japan,Japan,JP,431.95,520.09,21.15,12.74,,true,ESTIMATED_MODE_BREAKDOWN
2025-02-11T19:00:00.000000,Japan,Japan,JP,432.05,520.24,21.13,12.75,,true,ESTIMATED_MODE_BREAKDOWN
2025-02-11T20:00:00.000000,Japan,Japan,JP,433.99,522.45,20.77,12.72,,true,ESTIMATED_MODE_BREAKDOWN
2025-02-11T21:00:00.000000,Japan,Japan,JP,438.65,527.72,19.92,12.56,,true,ESTIMATED_MODE_BREAKDOWN
2025-02-11T22:00:00.000000,Japan,Japan,JP,428.47,516.59,21.78,14.89,,true,ESTIMATED_MODE_BREAKDOWN
2025-02-11T23:00:00.000000,Japan,Japan,JP,403.08,488.78,26.43,19.99,,true,ESTIMATED_MODE_BREAKDOWN
2025-02-12T00:00:00.000000,Japan,Japan,JP,388.36,472.58,29.14,22.88,,true,ESTIMATED_MODE_BREAKDOWN
2025-02-12T01:00:00.000000,Japan,Japan,JP,369.2,451.29,32.62,26.22,,true,ESTIMATED_MODE_BREAKDOWN
2025-02-12T02:00:00.000000,Japan,Japan,JP,361.34,442.46,34.04,27.5,,true,ESTIMATED_MODE_BREAKDOWN
2025-02-12T03:00:00.000000,Japan,Japan,JP,362.79,443.84,33.75,26.81,,true,ESTIMATED_MODE_BREAKDOWN
2025-02-12T04:00:00.000000,Japan,Japan,JP,378.76,461.43,30.83,23.84,,true,ESTIMATED_MODE_BREAKDOWN
2025-02-12T05:00:00.000000,Japan,Japan,JP,387.29,470.88,29.28,22.3,,true,ESTIMATED_MODE_BREAKDOWN
2025-02-12T06:00:00.000000,Japan,Japan,JP,407.12,492.82,25.67,18.62,,true,ESTIMATED_MODE_BREAKDOWN
2025-02-12T07:00:00.000000,Japan,Japan,JP,428.97,517.04,21.69,14.8,,true,ESTIMATED_MODE_BREAKDOWN
2025-02-12T08:00:00.000000,Japan,Japan,JP,439.68,528.89,19.73,12.9,,true,ESTIMATED_MODE_BREAKDOWN
2025-02-12T09:00:00.000000,Japan,Japan,JP,440.81,530.14,19.53,12.73,,true,ESTIMATED_MODE_BREAKDOWN
2025-02-12T10:00:00.000000,Japan,Japan,JP,439.23,528.32,19.82,12.84,,true,ESTIMATED_MODE_BREAKDOWN
2025-02-12T11:00:00.000000,Japan,Japan,JP,437.73,526.52,20.09,12.88,,true,ESTIMATED_MODE_BREAKDOWN
2025-02-12T12:00:00.000000,Japan,Japan,JP,436.08,524.55,20.38,12.83,,true,ESTIMATED_MODE_BREAKDOWN
2025-02-12T13:00:00.000000,Japan,Japan,JP,432.39,520.24,21.05,12.94,,true,ESTIMATED_MODE_BREAKDOWN
2025-02-12T14:00:00.000000,Japan,Japan,JP,429.65,517.12,21.55,13.09,,true,ESTIMATED_MODE_BREAKDOWN
2025-02-12T15:00:00.000000,Japan,Japan,JP,425.62,512.43,22.28,13.18,,true,ESTIMATED_MODE_BREAKDOWN
2025-02-12T16:00:00.000000,Japan,Japan,JP,422.97,509.47,22.77,13.32,,true,ESTIMATED_MODE_BREAKDOWN
2025-02-12T17:00:00.000000,Japan,Japan,JP,422.63,509.17,22.84,13.45,,true,ESTIMATED_MODE_BREAKDOWN
2025-02-12T18:00:00.000000,Japan,Japan,JP,421.97,508.41,22.96,13.72,,true,ESTIMATED_MODE_BREAKDOWN
2025-02-12T19:00:00.000000,Japan,Japan,JP,422.57,509.12,22.86,13.71,,true,ESTIMATED_MODE_BREAKDOWN
2025-02-12T20:00:00.000000,Japan,Japan,JP,424.16,510.9,22.57,13.75,,true,ESTIMATED_MODE_BREAKDOWN
2025-02-12T21:00:00.000000,Japan,Japan,JP,428.64,516.0,21.75,13.6,,true,ESTIMATED_MODE_BREAKDOWN
2025-02-12T22:00:00.000000,Japan,Japan,JP,417.0,503.31,23.87,16.25,,true,ESTIMATED_MODE_BREAKDOWN
2025-02-12T23:00:00.000000,Japan,Japan,JP,382.81,465.72,30.13,22.96,,true,ESTIMATED_MODE_BREAKDOWN
2025-02-13T00:00:00.000000,Japan,Japan,JP,348.92,428.23,36.3,29.32,,true,ESTIMATED_MODE_BREAKDOWN
2025-02-13T01:00:00.000000,Japan,Japan,JP,314.44,389.94,42.57,35.51,,true,ESTIMATED_MODE_BREAKDOWN
2025-02-13T02:00:00.000000,Japan,Japan,JP,291.07,364.01,46.83,39.71,,true,ESTIMATED_MODE_BREAKDOWN
2025-02-13T03:00:00.000000,Japan,Japan,JP,279.0,350.45,49.02,41.55,,true,ESTIMATED_MODE_BREAKDOWN
2025-02-13T04:00:00.000000,Japan,Japan,JP,290.4,363.02,46.94,39.5,,true,ESTIMATED_MODE_BREAKDOWN
2025-02-13T05:00:00.000000,Japan,Japan,JP,311.84,386.65,43.02,35.56,,true,ESTIMATED_MODE_BREAKDOWN
2025-02-13T06:00:00.000000,Japan,Japan,JP,352.08,431.25,35.68,28.21,,true,ESTIMATED_MODE_BREAKDOWN
2025-02-13T07:00:00.000000,Japan,Japan,JP,400.99,485.56,26.76,19.49,,true,ESTIMATED_MODE_BREAKDOWN
2025-02-13T08:00:00.000000,Japan,Japan,JP,430.87,518.85,21.33,14.26,,true,ESTIMATED_MODE_BREAKDOWN
2025-02-13T09:00:00.000000,Japan,Japan,JP,438.29,527.26,19.98,13.1,,true,ESTIMATED_MODE_BREAKDOWN
2025-02-13T10:00:00.000000,Japan,Japan,JP,437.82,526.73,20.07,13.1,,true,ESTIMATED_MODE_BREAKDOWN
2025-02-13T11:00:00.000000,Japan,Japan,JP,437.07,525.84,20.21,13.08,,true,ESTIMATED_MODE_BREAKDOWN
2025-02-13T12:00:00.000000,Japan,Japan,JP,436.03,524.56,20.39,12.97,,true,ESTIMATED_MODE_BREAKDOWN
2025-02-13T13:00:00.000000,Japan,Japan,JP,433.91,522.01,20.78,12.91,,true,ESTIMATED_MODE_BREAKDOWN
2025-02-13T14:00:00.000000,Japan,Japan,JP,432.05,519.85,21.12,12.95,,true,ESTIMATED_MODE_BREAKDOWN
2025-02-13T15:00:00.000000,Japan,Japan,JP,427.56,514.79,21.94,13.25,,true,ESTIMATED_MODE_BREAKDOWN
2025-02-13T16:00:00.000000,Japan,Japan,JP,425.89,512.93,22.25,13.31,,true,ESTIMATED_MODE_BREAKDOWN
2025-02-13T17:00:00.000000,Japan,Japan,JP,426.1,513.24,22.22,13.32,,true,ESTIMATED_MODE_BREAKDOWN
2025-02-13T18:00:00.000000,Japan,Japan,JP,426.41,513.66,22.16,13.32,,true,ESTIMATED_MODE_BREAKDOWN
2025-02-13T19:00:00.000000,Japan,Japan,JP,426.82,514.14,22.09,13.29,,true,ESTIMATED_MODE_BREAKDOWN
2025-02-13T20:00:00.000000,Japan,Japan,JP,429.25,516.9,21.64,13.19,,true,ESTIMATED_MODE_BREAKDOWN
2025-02-13T21:00:00.000000,Japan,Japan,JP,434.17,522.56,20.74,13.02,,true,ESTIMATED_MODE_BREAKDOWN
2025-02-13T22:00:00.000000,Japan,Japan,JP,420.27,507.31,23.28,16.03,,true,ESTIMATED_MODE_BREAKDOWN
2025-02-13T23:00:00.000000,Japan,Japan,JP,373.89,456.01,31.74,24.76,,true,ESTIMATED_MODE_BREAKDOWN
2025-02-14T00:00:00.000000,Japan,Japan,JP,330.44,407.78,39.65,32.65,,true,ESTIMATED_MODE_BREAKDOWN
2025-02-14T01:00:00.000000,Japan,Japan,JP,289.48,362.21,47.11,39.87,,true,ESTIMATED_MODE_BREAKDOWN
2025-02-14T02:00:00.000000,Japan,Japan,JP,264.88,334.87,51.59,44.16,,true,ESTIMATED_MODE_BREAKDOWN
2025-02-14T03:00:00.000000,Japan,Japan,JP,252.8,321.33,53.79,45.9,,true,ESTIMATED_MODE_BREAKDOWN
2025-02-14T04:00:00.000000,Japan,Japan,JP,266.97,336.97,51.2,43.36,,true,ESTIMATED_MODE_BREAKDOWN
2025-02-14T05:00:00.000000,Japan,Japan,JP,289.41,361.7,47.1,39.15,,true,ESTIMATED_MODE_BREAKDOWN
2025-02-14T06:00:00.000000,Japan,Japan,JP,334.97,412.15,38.8,30.82,,true,ESTIMATED_MODE_BREAKDOWN
2025-02-14T07:00:00.000000,Japan,Japan,JP,391.07,474.45,28.57,20.74,,true,ESTIMATED_MODE_BREAKDOWN
2025-02-14T08:00:00.000000,Japan,Japan,JP,430.47,518.25,21.4,13.73,,true,ESTIMATED_MODE_BREAKDOWN
2025-02-14T09:00:00.000000,Japan,Japan,JP,436.14,524.72,20.37,12.89,,true,ESTIMATED_MODE_BREAKDOWN
2025-02-14T10:00:00.000000,Japan,Japan,JP,435.69,524.22,20.46,12.89,,true,ESTIMATED_MODE_BREAKDOWN
2025-02-14T11:00:00.000000,Japan,Japan,JP,435.01,523.44,20.58,12.89,,true,ESTIMATED_MODE_BREAKDOWN
2025-02-14T12:00:00.000000,Japan,Japan,JP,433.74,521.94,20.81,12.85,,true,ESTIMATED_MODE_BREAKDOWN
2025-02-14T13:00:00.000000,Japan,Japan,JP,431.73,519.52,21.18,12.8,,true,ESTIMATED_MODE_BREAKDOWN
2025-02-14T14:00:00.000000,Japan,Japan,JP,430.1,517.66,21.47,12.87,,true,ESTIMATED_MODE_BREAKDOWN
2025-02-14T15:00:00.000000,Japan,Japan,JP,426.67,513.75,22.1,12.95,,true,ESTIMATED_MODE_BREAKDOWN
2025-02-14T16:00:00.000000,Japan,Japan,JP,424.96,511.88,22.42,12.98,,true,ESTIMATED_MODE_BREAKDOWN
2025-02-14T17:00:00.000000,Japan,Japan,JP,425.29,512.34,22.36,12.99,,true,ESTIMATED_MODE_BREAKDOWN
2025-02-14T18:00:00.000000,Japan,Japan,JP,426.19,513.46,22.2,12.88,,true,ESTIMATED_MODE_BREAKDOWN
2025-02-14T19:00:00.000000,Japan,Japan,JP,426.02,513.31,22.23,12.92,,true,ESTIMATED_MODE_BREAKDOWN
2025-02-14T20:00:00.000000,Japan,Japan,JP,427.12,514.57,22.03,12.77,,true,ESTIMATED_MODE_BREAKDOWN
2025-02-14T21:00:00.000000,Japan,Japan,JP,429.88,517.66,21.53,12.59,,true,ESTIMATED_MODE_BREAKDOWN
2025-02-14T22:00:00.000000,Japan,Japan,JP,410.62,496.52,25.05,16.44,,true,ESTIMATED_MODE_BREAKDOWN
2025-02-14T23:00:00.000000,Japan,Japan,JP,352.51,432.32,35.64,27.25,,true,ESTIMATED_MODE_BREAKDOWN
2025-02-15T00:00:00.000000,Japan,Japan,JP,292.21,365.42,46.62,38.16,,true,ESTIMATED_MODE_BREAKDOWN
2025-02-15T01:00:00.000000,Japan,Japan,JP,243.38,311.26,55.53,46.68,,true,ESTIMATED_MODE_BREAKDOWN
2025-02-15T02:00:00.000000,Japan,Japan,JP,214.32,279.04,60.85,51.77,,true,ESTIMATED_MODE_BREAKDOWN
2025-02-15T03:00:00.000000,Japan,Japan,JP,204.83,268.38,62.58,53.16,,true,ESTIMATED_MODE_BREAKDOWN
2025-02-15T04:00:00.000000,Japan,Japan,JP,228.07,294.14,58.34,48.73,,true,ESTIMATED_MODE_BREAKDOWN
2025-02-15T05:00:00.000000,Japan,Japan,JP,268.99,339.36,50.89,41.08,,true,ESTIMATED_MODE_BREAKDOWN
2025-02-15T06:00:00.000000,Japan,Japan,JP,331.33,408.34,39.52,29.75,,true,ESTIMATED_MODE_BREAKDOWN
2025-02-15T07:00:00.000000,Japan,Japan,JP,398.04,482.26,27.34,17.93,,true,ESTIMATED_MODE_BREAKDOWN
2025-02-15T08:00:00.000000,Japan,Japan,JP,429.78,517.55,21.55,12.64,,true,ESTIMATED_MODE_BREAKDOWN
2025-02-15T09:00:00.000000,Japan,Japan,JP,433.75,522.03,20.81,12.16,,true,ESTIMATED_MODE_BREAKDOWN
2025-02-15T10:00:00.000000,Japan,Japan,JP,433.5,521.74,20.86,12.15,,true,ESTIMATED_MODE_BREAKDOWN
2025-02-15T11:00:00.000000,Japan,Japan,JP,432.34,520.41,21.07,12.19,,true,ESTIMATED_MODE_BREAKDOWN
2025-02-15T12:00:00.000000,Japan,Japan,JP,430.63,518.43,21.38,12.15,,true,ESTIMATED_MODE_BREAKDOWN
2025-02-15T13:00:00.000000,Japan,Japan,JP,427.8,515.16,21.9,12.12,,true,ESTIMATED_MODE_BREAKDOWN
2025-02-15T14:00:00.000000,Japan,Japan,JP,426.04,513.12,22.22,12.2,,true,ESTIMATED_MODE_BREAKDOWN
2025-02-15T15:00:00.000000,Japan,Japan,JP,422.79,509.29,22.81,12.19,,true,ESTIMATED_MODE_BREAKDOWN
2025-02-15T16:00:00.000000,Japan,Japan,JP,421.09,507.42,23.14,12.25,,true,ESTIMATED_MODE_BREAKDOWN
2025-02-15T17:00:00.000000,Japan,Japan,JP,422.02,508.6,22.99,12.27,,true,ESTIMATED_MODE_BREAKDOWN
2025-02-15T18:00:00.000000,Japan,Japan,JP,422.22,508.81,22.92,12.42,,true,ESTIMATED_MODE_BREAKDOWN
2025-02-15T19:00:00.000000,Japan,Japan,JP,422.25,508.84,22.91,12.4,,true,ESTIMATED_MODE_BREAKDOWN
2025-02-15T20:00:00.000000,Japan,Japan,JP,422.13,508.66,22.93,12.37,,true,ESTIMATED_MODE_BREAKDOWN
2025-02-15T21:00:00.000000,Japan,Japan,JP,422.17,508.62,22.92,12.38,,true,ESTIMATED_MODE_BREAKDOWN
2025-02-15T22:00:00.000000,Japan,Japan,JP,410.09,495.34,25.12,14.9,,true,ESTIMATED_MODE_BREAKDOWN
2025-02-15T23:00:00.000000,Japan,Japan,JP,366.87,447.69,33.0,23.05,,true,ESTIMATED_MODE_BREAKDOWN
2025-02-16T00:00:00.000000,Japan,Japan,JP,299.42,373.09,45.33,35.49,,true,ESTIMATED_MODE_BREAKDOWN
2025-02-16T01:00:00.000000,Japan,Japan,JP,251.22,319.62,54.16,44.09,,true,ESTIMATED_MODE_BREAKDOWN
2025-02-16T02:00:00.000000,Japan,Japan,JP,220.25,285.08,59.79,49.48,,true,ESTIMATED_MODE_BREAKDOWN
2025-02-16T03:00:00.000000,Japan,Japan,JP,210.18,273.83,61.6,51.08,,true,ESTIMATED_MODE_BREAKDOWN
2025-02-16T04:00:00.000000,Japan,Japan,JP,224.09,288.99,59.07,48.3,,true,ESTIMATED_MODE_BREAKDOWN
2025-02-16T05:00:00.000000,Japan,Japan,JP,264.93,334.07,51.62,40.7,,true,ESTIMATED_MODE_BREAKDOWN
2025-02-16T06:00:00.000000,Japan,Japan,JP,319.53,394.33,41.64,30.63,,true,ESTIMATED_MODE_BREAKDOWN
2025-02-16T07:00:00.000000,Japan,Japan,JP,378.94,460.35,30.79,20.25,,true,ESTIMATED_MODE_BREAKDOWN
2025-02-16T08:00:00.000000,Japan,Japan,JP,421.97,508.43,22.95,13.32,,true,ESTIMATED_MODE_BREAKDOWN
2025-02-16T09:00:00.000000,Japan,Japan,JP,431.59,519.31,21.2,12.09,,true,ESTIMATED_MODE_BREAKDOWN
2025-02-16T10:00:00.000000,Japan,Japan,JP,431.37,519.1,21.24,12.14,,true,ESTIMATED_MODE_BREAKDOWN
2025-02-16T11:00:00.000000,Japan,Japan,JP,430.32,517.91,21.43,12.2,,true,ESTIMATED_MODE_BREAKDOWN
2025-02-16T12:00:00.000000,Japan,Japan,JP,427.91,515.15,21.87,12.29,,true,ESTIMATED_MODE_BREAKDOWN
2025-02-16T13:00:00.000000,Japan,Japan,JP,424.33,511.04,22.52,12.38,,true,ESTIMATED_MODE_BREAKDOWN
2025-02-16T14:00:00.000000,Japan,Japan,JP,422.41,508.77,22.87,12.44,,true,ESTIMATED_MODE_BREAKDOWN
2025-02-16T15:00:00.000000,Japan,Japan,JP,418.21,503.97,23.64,12.55,,true,ESTIMATED_MODE_BREAKDOWN
2025-02-16T16:00:00.000000,Japan,Japan,JP,417.74,503.55,23.76,12.54,,true,ESTIMATED_MODE_BREAKDOWN
2025-02-16T17:00:00.000000,Japan,Japan,JP,419.0,505.05,23.54,12.62,,true,ESTIMATED_MODE_BREAKDOWN
2025-02-16T18:00:00.000000,Japan,Japan,JP,420.49,506.78,23.27,12.66,,true,ESTIMATED_MODE_BREAKDOWN
2025-02-16T19:00:00.000000,Japan,Japan,JP,422.06,508.59,22.98,12.62,,true,ESTIMATED_MODE_BREAKDOWN
2025-02-16T20:00:00.000000,Japan,Japan,JP,424.34,511.26,22.54,12.65,,true,ESTIMATED_MODE_BREAKDOWN
2025-02-16T21:00:00.000000,Japan,Japan,JP,429.01,516.53,21.67,12.59,,true,ESTIMATED_MODE_BREAKDOWN
2025-02-16T22:00:00.000000,Japan,Japan,JP,411.91,497.84,24.79,16.38,,true,ESTIMATED_MODE_BREAKDOWN
2025-02-16T23:00:00.000000,Japan,Japan,JP,369.25,450.85,32.6,24.78,,true,ESTIMATED_MODE_BREAKDOWN
2025-02-17T00:00:00.000000,Japan,Japan,JP,323.49,400.0,40.95,33.35,,true,ESTIMATED_MODE_BREAKDOWN
2025-02-17T01:00:00.000000,Japan,Japan,JP,286.59,358.94,47.65,39.96,,true,ESTIMATED_MODE_BREAKDOWN
2025-02-17T02:00:00.000000,Japan,Japan,JP,273.73,344.51,49.98,42.18,,true,ESTIMATED_MODE_BREAKDOWN
2025-02-17T03:00:00.000000,Japan,Japan,JP,269.83,340.01,50.69,42.52,,true,ESTIMATED_MODE_BREAKDOWN
2025-02-17T04:00:00.000000,Japan,Japan,JP,286.66,358.54,47.61,39.59,,true,ESTIMATED_MODE_BREAKDOWN
2025-02-17T05:00:00.000000,Japan,Japan,JP,304.44,378.16,44.37,36.29,,true,ESTIMATED_MODE_BREAKDOWN
2025-02-17T06:00:00.000000,Japan,Japan,JP,342.72,420.54,37.39,29.3,,true,ESTIMATED_MODE_BREAKDOWN
2025-02-17T07:00:00.000000,Japan,Japan,JP,394.14,477.69,28.02,20.24,,true,ESTIMATED_MODE_BREAKDOWN
2025-02-17T08:00:00.000000,Japan,Japan,JP,429.02,516.58,21.67,14.12,,true,ESTIMATED_MODE_BREAKDOWN
2025-02-17T09:00:00.000000,Japan,Japan,JP,435.34,523.82,20.52,13.22,,true,ESTIMATED_MODE_BREAKDOWN
2025-02-17T10:00:00.000000,Japan,Japan,JP,434.69,523.06,20.64,13.25,,true,ESTIMATED_MODE_BREAKDOWN
2025-02-17T11:00:00.000000,Japan,Japan,JP,433.82,522.05,20.79,13.27,,true,ESTIMATED_MODE_BREAKDOWN
2025-02-17T12:00:00.000000,Japan,Japan,JP,432.79,520.77,20.98,13.18,,true,ESTIMATED_MODE_BREAKDOWN
2025-02-17T13:00:00.000000,Japan,Japan,JP,429.97,517.45,21.49,13.28,,true,ESTIMATED_MODE_BREAKDOWN
2025-02-17T14:00:00.000000,Japan,Japan,JP,427.8,514.97,21.89,13.37,,true,ESTIMATED_MODE_BREAKDOWN
2025-02-17T15:00:00.000000,Japan,Japan,JP,424.34,511.01,22.52,13.51,,true,ESTIMATED_MODE_BREAKDOWN
2025-02-17T16:00:00.000000,Japan,Japan,JP,423.4,509.97,22.7,13.56,,true,ESTIMATED_MODE_BREAKDOWN
2025-02-17T17:00:00.000000,Japan,Japan,JP,424.26,511.0,22.55,13.5,,true,ESTIMATED_MODE_BREAKDOWN
2025-02-17T18:00:00.000000,Japan,Japan,JP,424.83,511.73,22.45,13.48,,true,ESTIMATED_MODE_BREAKDOWN
2025-02-17T19:00:00.000000,Japan,Japan,JP,425.02,512.01,22.41,13.51,,true,ESTIMATED_MODE_BREAKDOWN
2025-02-17T20:00:00.000000,Japan,Japan,JP,427.45,514.74,21.96,13.38,,true,ESTIMATED_MODE_BREAKDOWN
2025-02-17T21:00:00.000000,Japan,Japan,JP,432.64,520.68,21.01,13.18,,true,ESTIMATED_MODE_BREAKDOWN
2025-02-17T22:00:00.000000,Japan,Japan,JP,418.32,505.0,23.63,16.3,,true,ESTIMATED_MODE_BREAKDOWN
2025-02-17T23:00:00.000000,Japan,Japan,JP,378.96,461.55,30.81,23.89,,true,ESTIMATED_MODE_BREAKDOWN
2025-02-18T00:00:00.000000,Japan,Japan,JP,342.75,421.42,37.41,30.59,,true,ESTIMATED_MODE_BREAKDOWN
2025-02-18T01:00:00.000000,Japan,Japan,JP,310.73,385.87,43.25,36.22,,true,ESTIMATED_MODE_BREAKDOWN
2025-02-18T02:00:00.000000,Japan,Japan,JP,291.46,364.37,46.76,39.61,,true,ESTIMATED_MODE_BREAKDOWN
2025-02-18T03:00:00.000000,Japan,Japan,JP,280.7,352.34,48.73,41.22,,true,ESTIMATED_MODE_BREAKDOWN
2025-02-18T04:00:00.000000,Japan,Japan,JP,295.11,368.24,46.1,38.69,,true,ESTIMATED_MODE_BREAKDOWN
2025-02-18T05:00:00.000000,Japan,Japan,JP,315.25,390.45,42.42,34.98,,true,ESTIMATED_MODE_BREAKDOWN
2025-02-18T06:00:00.000000,Japan,Japan,JP,354.3,433.68,35.29,27.91,,true,ESTIMATED_MODE_BREAKDOWN
2025-02-18T07:00:00.000000,Japan,Japan,JP,403.55,488.33,26.3,19.13,,true,ESTIMATED_MODE_BREAKDOWN
2025-02-18T08:00:00.000000,Japan,Japan,JP,442.54,532.53,19.19,14.03,,true,ESTIMATED_MODE_BREAKDOWN
2025-02-18T09:00:00.000000,Japan,Japan,JP,447.87,538.58,18.23,13.19,,true,ESTIMATED_MODE_BREAKDOWN
2025-02-18T10:00:00.000000,Japan,Japan,JP,442.03,531.62,19.3,12.99,,true,ESTIMATED_MODE_BREAKDOWN
2025-02-18T11:00:00.000000,Japan,Japan,JP,438.5,527.4,19.94,12.88,,true,ESTIMATED_MODE_BREAKDOWN
2025-02-18T12:00:00.000000,Japan,Japan,JP,437.26,525.94,20.17,12.82,,true,ESTIMATED_MODE_BREAKDOWN
2025-02-18T13:00:00.000000,Japan,Japan,JP,434.12,522.34,20.74,12.94,,true,ESTIMATED_MODE_BREAKDOWN
2025-02-18T14:00:00.000000,Japan,Japan,JP,432.19,520.07,21.09,12.98,,true,ESTIMATED_MODE_BREAKDOWN
2025-02-18T15:00:00.000000,Japan,Japan,JP,427.66,514.93,21.92,13.24,,true,ESTIMATED_MODE_BREAKDOWN
2025-02-18T16:00:00.000000,Japan,Japan,JP,426.71,513.87,22.1,13.28,,true,ESTIMATED_MODE_BREAKDOWN
2025-02-18T17:00:00.000000,Japan,Japan,JP,426.88,514.14,22.08,13.31,,true,ESTIMATED_MODE_BREAKDOWN
2025-02-18T18:00:00.000000,Japan,Japan,JP,427.41,514.73,21.98,13.28,,true,ESTIMATED_MODE_BREAKDOWN
2025-02-18T19:00:00.000000,Japan,Japan,JP,427.6,514.96,21.94,13.29,,true,ESTIMATED_MODE_BREAKDOWN
2025-02-18T20:00:00.000000,Japan,Japan,JP,429.92,517.58,21.51,13.18,,true,ESTIMATED_MODE_BREAKDOWN
2025-02-18T21:00:00.000000,Japan,Japan,JP,434.38,522.73,20.7,13.09,,true,ESTIMATED_MODE_BREAKDOWN
2025-02-18T22:00:00.000000,Japan,Japan,JP,417.97,504.73,23.69,16.57,,true,ESTIMATED_MODE_BREAKDOWN
2025-02-18T23:00:00.000000,Japan,Japan,JP,376.21,458.49,31.31,24.51,,true,ESTIMATED_MODE_BREAKDOWN
2025-02-19T00:00:00.000000,Japan,Japan,JP,338.48,416.61,38.19,31.45,,true,ESTIMATED_MODE_BREAKDOWN
2025-02-19T01:00:00.000000,Japan,Japan,JP,303.51,377.81,44.58,37.68,,true,ESTIMATED_MODE_BREAKDOWN
2025-02-19T02:00:00.000000,Japan,Japan,JP,284.61,356.77,48.02,40.96,,true,ESTIMATED_MODE_BREAKDOWN
2025-02-19T03:00:00.000000,Japan,Japan,JP,273.96,344.85,49.96,42.54,,true,ESTIMATED_MODE_BREAKDOWN
2025-02-19T04:00:00.000000,Japan,Japan,JP,284.87,356.91,47.97,40.6,,true,ESTIMATED_MODE_BREAKDOWN
2025-02-19T05:00:00.000000,Japan,Japan,JP,307.43,381.79,43.85,36.45,,true,ESTIMATED_MODE_BREAKDOWN
2025-02-19T06:00:00.000000,Japan,Japan,JP,347.65,426.38,36.51,29.18,,true,ESTIMATED_MODE_BREAKDOWN
2025-02-19T07:00:00.000000,Japan,Japan,JP,398.39,482.71,27.25,20.15,,true,ESTIMATED_MODE_BREAKDOWN
2025-02-19T08:00:00.000000,Japan,Japan,JP,434.46,522.86,20.68,13.79,,true,ESTIMATED_MODE_BREAKDOWN
2025-02-19T09:00:00.000000,Japan,Japan,JP,441.51,530.87,19.4,12.7,,true,ESTIMATED_MODE_BREAKDOWN
2025-02-19T10:00:00.000000,Japan,Japan,JP,441.26,530.6,19.44,12.67,,true,ESTIMATED_MODE_BREAKDOWN
2025-02-19T11:00:00.000000,Japan,Japan,JP,440.13,529.34,19.65,12.75,,true,ESTIMATED_MODE_BREAKDOWN
2025-02-19T12:00:00.000000,Japan,Japan,JP,439.18,528.24,19.82,12.67,,true,ESTIMATED_MODE_BREAKDOWN
2025-02-19T13:00:00.000000,Japan,Japan,JP,436.43,525.0,20.32,12.7,,true,ESTIMATED_MODE_BREAKDOWN
2025-02-19T14:00:00.000000,Japan,Japan,JP,434.56,522.83,20.65,12.7,,true,ESTIMATED_MODE_BREAKDOWN
2025-02-19T15:00:00.000000,Japan,Japan,JP,431.27,519.05,21.26,12.75,,true,ESTIMATED_MODE_BREAKDOWN
2025-02-19T16:00:00.000000,Japan,Japan,JP,430.31,517.97,21.44,12.79,,true,ESTIMATED_MODE_BREAKDOWN
2025-02-19T17:00:00.000000,Japan,Japan,JP,430.36,518.1,21.43,12.79,,true,ESTIMATED_MODE_BREAKDOWN
2025-02-19T18:00:00.000000,Japan,Japan,JP,431.12,519.01,21.3,12.69,,true,ESTIMATED_MODE_BREAKDOWN
2025-02-19T19:00:00.000000,Japan,Japan,JP,431.42,519.37,21.24,12.72,,true,ESTIMATED_MODE_BREAKDOWN
2025-02-19T20:00:00.000000,Japan,Japan,JP,433.73,522.01,20.82,12.66,,true,ESTIMATED_MODE_BREAKDOWN
2025-02-19T21:00:00.000000,Japan,Japan,JP,437.98,526.93,20.04,12.59,,true,ESTIMATED_MODE_BREAKDOWN
2025-02-19T22:00:00.000000,Japan,Japan,JP,418.96,506.02,23.51,16.49,,true,ESTIMATED_MODE_BREAKDOWN
2025-02-19T23:00:00.000000,Japan,Japan,JP,373.86,456.09,31.74,24.98,,true,ESTIMATED_MODE_BREAKDOWN
2025-02-20T00:00:00.000000,Japan,Japan,JP,331.19,408.7,39.51,32.8,,true,ESTIMATED_MODE_BREAKDOWN
2025-02-20T01:00:00.000000,Japan,Japan,JP,294.09,367.44,46.27,39.37,,true,ESTIMATED_MODE_BREAKDOWN
2025-02-20T02:00:00.000000,Japan,Japan,JP,280.0,351.69,48.84,41.8,,true,ESTIMATED_MODE_BREAKDOWN
2025-02-20T03:00:00.000000,Japan,Japan,JP,276.25,347.33,49.51,42.07,,true,ESTIMATED_MODE_BREAKDOWN
2025-02-20T04:00:00.000000,Japan,Japan,JP,289.49,361.9,47.09,39.72,,true,ESTIMATED_MODE_BREAKDOWN
2025-02-20T05:00:00.000000,Japan,Japan,JP,311.14,385.78,43.14,35.69,,true,ESTIMATED_MODE_BREAKDOWN
2025-02-20T06:00:00.000000,Japan,Japan,JP,349.83,428.64,36.08,28.62,,true,ESTIMATED_MODE_BREAKDOWN
2025-02-20T07:00:00.000000,Japan,Japan,JP,397.76,481.95,27.35,20.09,,true,ESTIMATED_MODE_BREAKDOWN
2025-02-20T08:00:00.000000,Japan,Japan,JP,434.62,523.03,20.63,13.59,,true,ESTIMATED_MODE_BREAKDOWN
2025-02-20T09:00:00.000000,Japan,Japan,JP,441.67,531.09,19.36,12.54,,true,ESTIMATED_MODE_BREAKDOWN
2025-02-20T10:00:00.000000,Japan,Japan,JP,441.26,530.66,19.43,12.54,,true,ESTIMATED_MODE_BREAKDOWN
2025-02-20T11:00:00.000000,Japan,Japan,JP,440.57,529.87,19.56,12.52,,true,ESTIMATED_MODE_BREAKDOWN
2025-02-20T12:00:00.000000,Japan,Japan,JP,439.17,528.24,19.81,12.48,,true,ESTIMATED_MODE_BREAKDOWN
2025-02-20T13:00:00.000000,Japan,Japan,JP,436.68,525.3,20.26,12.5,,true,ESTIMATED_MODE_BREAKDOWN
2025-02-20T14:00:00.000000,Japan,Japan,JP,435.39,523.74,20.5,12.42,,true,ESTIMATED_MODE_BREAKDOWN
2025-02-20T15:00:00.000000,Japan,Japan,JP,432.07,519.92,21.1,12.47,,true,ESTIMATED_MODE_BREAKDOWN
2025-02-20T16:00:00.000000,Japan,Japan,JP,430.74,518.44,21.35,12.51,,true,ESTIMATED_MODE_BREAKDOWN
2025-02-20T17:00:00.000000,Japan,Japan,JP,430.78,518.56,21.35,12.56,,true,ESTIMATED_MODE_BREAKDOWN
2025-02-20T18:00:00.000000,Japan,Japan,JP,430.98,518.88,21.32,12.58,,true,ESTIMATED_MODE_BREAKDOWN
2025-02-20T19:00:00.000000,Japan,Japan,JP,431.52,519.49,21.22,12.55,,true,ESTIMATED_MODE_BREAKDOWN
2025-02-20T20:00:00.000000,Japan,Japan,JP,433.67,521.95,20.82,12.49,,true,ESTIMATED_MODE_BREAKDOWN
2025-02-20T21:00:00.000000,Japan,Japan,JP,437.66,526.58,20.09,12.52,,true,ESTIMATED_MODE_BREAKDOWN
2025-02-20T22:00:00.000000,Japan,Japan,JP,420.08,507.31,23.3,16.16,,true,ESTIMATED_MODE_BREAKDOWN
2025-02-20T23:00:00.000000,Japan,Japan,JP,381.41,464.59,30.36,23.54,,true,ESTIMATED_MODE_BREAKDOWN
2025-02-21T00:00:00.000000,Japan,Japan,JP,340.85,419.65,37.76,31.04,,true,ESTIMATED_MODE_BREAKDOWN
2025-02-21T01:00:00.000000,Japan,Japan,JP,308.62,383.9,43.64,36.7,,true,ESTIMATED_MODE_BREAKDOWN
2025-02-21T02:00:00.000000,Japan,Japan,JP,290.74,363.9,46.89,39.79,,true,ESTIMATED_MODE_BREAKDOWN
2025-02-21T03:00:00.000000,Japan,Japan,JP,277.86,349.4,49.23,41.69,,true,ESTIMATED_MODE_BREAKDOWN
2025-02-21T04:00:00.000000,Japan,Japan,JP,289.79,362.54,47.06,39.6,,true,ESTIMATED_MODE_BREAKDOWN
2025-02-21T05:00:00.000000,Japan,Japan,JP,307.92,382.46,43.75,36.2,,true,ESTIMATED_MODE_BREAKDOWN
2025-02-21T06:00:00.000000,Japan,Japan,JP,348.57,427.45,36.33,28.79,,true,ESTIMATED_MODE_BREAKDOWN
2025-02-21T07:00:00.000000,Japan,Japan,JP,399.62,484.1,27.01,19.66,,true,ESTIMATED_MODE_BREAKDOWN
2025-02-21T08:00:00.000000,Japan,Japan,JP,440.08,529.66,19.64,13.71,,true,ESTIMATED_MODE_BREAKDOWN
2025-02-21T09:00:00.000000,Japan,Japan,JP,449.8,540.86,17.88,12.7,,true,ESTIMATED_MODE_BREAKDOWN
2025-02-21T10:00:00.000000,Japan,Japan,JP,443.69,533.59,19.0,12.51,,true,ESTIMATED_MODE_BREAKDOWN
2025-02-21T11:00:00.000000,Japan,Japan,JP,440.18,529.42,19.64,12.39,,true,ESTIMATED_MODE_BREAKDOWN
2025-02-21T12:00:00.000000,Japan,Japan,JP,438.9,527.91,19.87,12.37,,true,ESTIMATED_MODE_BREAKDOWN
2025-02-21T13:00:00.000000,Japan,Japan,JP,436.3,524.87,20.33,12.44,,true,ESTIMATED_MODE_BREAKDOWN
2025-02-21T14:00:00.000000,Japan,Japan,JP,434.9,523.25,20.59,12.45,,true,ESTIMATED_MODE_BREAKDOWN
2025-02-21T15:00:00.000000,Japan,Japan,JP,431.9,519.84,21.16,12.44,,true,ESTIMATED_MODE_BREAKDOWN
2025-02-21T16:00:00.000000,Japan,Japan,JP,431.16,519.04,21.31,12.4,,true,ESTIMATED_MODE_BREAKDOWN
2025-02-21T17:00:00.000000,Japan,Japan,JP,431.29,519.23,21.3,12.42,,true,ESTIMATED_MODE_BREAKDOWN
2025-02-21T18:00:00.000000,Japan,Japan,JP,430.88,518.78,21.37,12.51,,true,ESTIMATED_MODE_BREAKDOWN
2025-02-21T19:00:00.000000,Japan,Japan,JP,431.06,519.01,21.33,12.5,,true,ESTIMATED_MODE_BREAKDOWN
2025-02-21T20:00:00.000000,Japan,Japan,JP,432.15,520.25,21.14,12.49,,true,ESTIMATED_MODE_BREAKDOWN
2025-02-21T21:00:00.000000,Japan,Japan,JP,433.71,522.09,20.85,12.7,,true,ESTIMATED_MODE_BREAKDOWN
2025-02-21T22:00:00.000000,Japan,Japan,JP,410.66,496.7,25.05,17.36,,true,ESTIMATED_MODE_BREAKDOWN
2025-02-21T23:00:00.000000,Japan,Japan,JP,359.31,439.9,34.41,27.07,,true,ESTIMATED_MODE_BREAKDOWN
2025-02-22T00:00:00.000000,Japan,Japan,JP,310.5,385.7,43.3,36.06,,true,ESTIMATED_MODE_BREAKDOWN
2025-02-22T01:00:00.000000,Japan,Japan,JP,278.14,349.75,49.2,41.89,,true,ESTIMATED_MODE_BREAKDOWN
2025-02-22T02:00:00.000000,Japan,Japan,JP,264.58,334.61,51.66,44.28,,true,ESTIMATED_MODE_BREAKDOWN
2025-02-22T03:00:00.000000,Japan,Japan,JP,268.6,338.79,50.91,43.31,,true,ESTIMATED_MODE_BREAKDOWN
2025-02-22T04:00:00.000000,Japan,Japan,JP,279.53,350.75,48.9,41.16,,true,ESTIMATED_MODE_BREAKDOWN
2025-02-22T05:00:00.000000,Japan,Japan,JP,294.38,367.04,46.18,38.25,,true,ESTIMATED_MODE_BREAKDOWN
2025-02-22T06:00:00.000000,Japan,Japan,JP,332.86,409.79,39.18,31.29,,true,ESTIMATED_MODE_BREAKDOWN
2025-02-22T07:00:00.000000,Japan,Japan,JP,388.37,471.44,29.06,21.44,,true,ESTIMATED_MODE_BREAKDOWN
2025-02-22T08:00:00.000000,Japan,Japan,JP,431.36,519.46,21.24,14.08,,true,ESTIMATED_MODE_BREAKDOWN
2025-02-22T09:00:00.000000,Japan,Japan,JP,440.82,530.19,19.53,12.73,,true,ESTIMATED_MODE_BREAKDOWN
2025-02-22T10:00:00.000000,Japan,Japan,JP,441.52,530.97,19.4,12.61,,true,ESTIMATED_MODE_BREAKDOWN
2025-02-22T11:00:00.000000,Japan,Japan,JP,441.25,530.65,19.45,12.52,,true,ESTIMATED_MODE_BREAKDOWN
2025-02-22T12:00:00.000000,Japan,Japan,JP,440.38,529.66,19.61,12.45,,true,ESTIMATED_MODE_BREAKDOWN
2025-02-22T13:00:00.000000,Japan,Japan,JP,437.81,526.68,20.07,12.54,,true,ESTIMATED_MODE_BREAKDOWN
2025-02-22T14:00:00.000000,Japan,Japan,JP,436.66,525.36,20.28,12.55,,true,ESTIMATED_MODE_BREAKDOWN
2025-02-22T15:00:00.000000,Japan,Japan,JP,433.95,522.18,20.78,12.53,,true,ESTIMATED_MODE_BREAKDOWN
2025-02-22T16:00:00.000000,Japan,Japan,JP,432.72,520.81,21.0,12.56,,true,ESTIMATED_MODE_BREAKDOWN
2025-02-22T17:00:00.000000,Japan,Japan,JP,432.67,520.84,21.02,12.56,,true,ESTIMATED_MODE_BREAKDOWN
2025-02-22T18:00:00.000000,Japan,Japan,JP,432.61,520.81,21.03,12.55,,true,ESTIMATED_MODE_BREAKDOWN
2025-02-22T19:00:00.000000,Japan,Japan,JP,432.07,520.18,21.13,12.56,,true,ESTIMATED_MODE_BREAKDOWN
2025-02-22T20:00:00.000000,Japan,Japan,JP,431.65,519.64,21.19,12.57,,true,ESTIMATED_MODE_BREAKDOWN
2025-02-22T21:00:00.000000,Japan,Japan,JP,432.21,520.28,21.08,12.73,,true,ESTIMATED_MODE_BREAKDOWN
2025-02-22T22:00:00.000000,Japan,Japan,JP,404.77,490.03,26.09,17.95,,true,ESTIMATED_MODE_BREAKDOWN
2025-02-22T23:00:00.000000,Japan,Japan,JP,344.62,423.46,37.06,29.01,,true,ESTIMATED_MODE_BREAKDOWN
2025-02-23T00:00:00.000000,Japan,Japan,JP,284.8,357.07,47.96,39.85,,true,ESTIMATED_MODE_BREAKDOWN
2025-02-23T01:00:00.000000,Japan,Japan,JP,245.74,313.72,55.09,46.75,,true,ESTIMATED_MODE_BREAKDOWN
2025-02-23T02:00:00.000000,Japan,Japan,JP,230.97,297.22,57.78,49.24,,true,ESTIMATED_MODE_BREAKDOWN
2025-02-23T03:00:00.000000,Japan,Japan,JP,230.22,296.25,57.92,49.12,,true,ESTIMATED_MODE_BREAKDOWN
2025-02-23T04:00:00.000000,Japan,Japan,JP,240.46,307.44,56.06,46.91,,true,ESTIMATED_MODE_BREAKDOWN
2025-02-23T05:00:00.000000,Japan,Japan,JP,267.82,337.67,51.06,41.8,,true,ESTIMATED_MODE_BREAKDOWN
2025-02-23T06:00:00.000000,Japan,Japan,JP,323.6,399.34,40.86,31.66,,true,ESTIMATED_MODE_BREAKDOWN
2025-02-23T07:00:00.000000,Japan,Japan,JP,388.89,471.81,28.96,20.22,,true,ESTIMATED_MODE_BREAKDOWN
2025-02-23T08:00:00.000000,Japan,Japan,JP,429.98,517.74,21.48,13.45,,true,ESTIMATED_MODE_BREAKDOWN
2025-02-23T09:00:00.000000,Japan,Japan,JP,438.24,527.14,19.99,12.39,,true,ESTIMATED_MODE_BREAKDOWN
2025-02-23T10:00:00.000000,Japan,Japan,JP,438.63,527.6,19.92,12.36,,true,ESTIMATED_MODE_BREAKDOWN
2025-02-23T11:00:00.000000,Japan,Japan,JP,438.63,527.56,19.92,12.28,,true,ESTIMATED_MODE_BREAKDOWN
2025-02-23T12:00:00.000000,Japan,Japan,JP,437.43,526.14,20.14,12.28,,true,ESTIMATED_MODE_BREAKDOWN
2025-02-23T13:00:00.000000,Japan,Japan,JP,434.87,523.12,20.59,12.31,,true,ESTIMATED_MODE_BREAKDOWN
2025-02-23T14:00:00.000000,Japan,Japan,JP,433.34,521.41,20.87,12.39,,true,ESTIMATED_MODE_BREAKDOWN
2025-02-23T15:00:00.000000,Japan,Japan,JP,430.95,518.6,21.32,12.34,,true,ESTIMATED_MODE_BREAKDOWN
2025-02-23T16:00:00.000000,Japan,Japan,JP,429.81,517.36,21.53,12.35,,true,ESTIMATED_MODE_BREAKDOWN
2025-02-23T17:00:00.000000,Japan,Japan,JP,429.86,517.5,21.54,12.38,,true,ESTIMATED_MODE_BREAKDOWN
2025-02-23T18:00:00.000000,Japan,Japan,JP,430.24,517.98,21.47,12.37,,true,ESTIMATED_MODE_BREAKDOWN
2025-02-23T19:00:00.000000,Japan,Japan,JP,429.97,517.67,21.52,12.43,,true,ESTIMATED_MODE_BREAKDOWN
2025-02-23T20:00:00.000000,Japan,Japan,JP,430.64,518.43,21.39,12.43,,true,ESTIMATED_MODE_BREAKDOWN
2025-02-23T21:00:00.000000,Japan,Japan,JP,431.87,519.87,21.16,12.62,,true,ESTIMATED_MODE_BREAKDOWN
2025-02-23T22:00:00.000000,Japan,Japan,JP,407.06,492.59,25.69,17.63,,true,ESTIMATED_MODE_BREAKDOWN
2025-02-23T23:00:00.000000,Japan,Japan,JP,360.6,441.27,34.17,26.49,,true,ESTIMATED_MODE_BREAKDOWN
2025-02-24T00:00:00.000000,Japan,Japan,JP,314.65,390.31,42.56,34.98,,true,ESTIMATED_MODE_BREAKDOWN
2025-02-24T01:00:00.000000,Japan,Japan,JP,279.33,351.13,49.01,41.32,,true,ESTIMATED_MODE_BREAKDOWN
2025-02-24T02:00:00.000000,Japan,Japan,JP,262.02,331.8,52.16,44.31,,true,ESTIMATED_MODE_BREAKDOWN
2025-02-24T03:00:00.000000,Japan,Japan,JP,257.41,326.51,52.99,44.81,,true,ESTIMATED_MODE_BREAKDOWN
2025-02-24T04:00:00.000000,Japan,Japan,JP,262.2,331.67,52.11,43.84,,true,ESTIMATED_MODE_BREAKDOWN
2025-02-24T05:00:00.000000,Japan,Japan,JP,283.07,354.57,48.29,39.82,,true,ESTIMATED_MODE_BREAKDOWN
2025-02-24T06:00:00.000000,Japan,Japan,JP,320.71,396.22,41.43,32.94,,true,ESTIMATED_MODE_BREAKDOWN
2025-02-24T07:00:00.000000,Japan,Japan,JP,380.6,462.68,30.5,22.33,,true,ESTIMATED_MODE_BREAKDOWN
2025-02-24T08:00:00.000000,Japan,Japan,JP,429.31,517.02,21.62,13.94,,true,ESTIMATED_MODE_BREAKDOWN
2025-02-24T09:00:00.000000,Japan,Japan,JP,439.49,528.56,19.78,12.49,,true,ESTIMATED_MODE_BREAKDOWN
2025-02-24T10:00:00.000000,Japan,Japan,JP,439.73,528.88,19.74,12.45,,true,ESTIMATED_MODE_BREAKDOWN
2025-02-24T11:00:00.000000,Japan,Japan,JP,439.4,528.48,19.8,12.42,,true,ESTIMATED_MODE_BREAKDOWN
2025-02-24T12:00:00.000000,Japan,Japan,JP,437.77,526.63,20.09,12.43,,true,ESTIMATED_MODE_BREAKDOWN
2025-02-24T13:00:00.000000,Japan,Japan,JP,434.77,523.09,20.63,12.48,,true,ESTIMATED_MODE_BREAKDOWN
2025-02-24T14:00:00.000000,Japan,Japan,JP,433.0,521.01,20.95,12.48,,true,ESTIMATED_MODE_BREAKDOWN
2025-02-24T15:00:00.000000,Japan,Japan,JP,429.73,517.33,21.55,12.58,,true,ESTIMATED_MODE_BREAKDOWN
2025-02-24T16:00:00.000000,Japan,Japan,JP,428.6,516.11,21.76,12.58,,true,ESTIMATED_MODE_BREAKDOWN
2025-02-24T17:00:00.000000,Japan,Japan,JP,429.07,516.72,21.68,12.58,,true,ESTIMATED_MODE_BREAKDOWN
2025-02-24T18:00:00.000000,Japan,Japan,JP,429.42,517.18,21.62,12.58,,true,ESTIMATED_MODE_BREAKDOWN
2025-02-24T19:00:00.000000,Japan,Japan,JP,430.05,517.88,21.51,12.52,,true,ESTIMATED_MODE_BREAKDOWN
2025-02-24T20:00:00.000000,Japan,Japan,JP,432.45,520.64,21.07,12.45,,true,ESTIMATED_MODE_BREAKDOWN
2025-02-24T21:00:00.000000,Japan,Japan,JP,436.04,524.87,20.42,12.59,,true,ESTIMATED_MODE_BREAKDOWN
2025-02-24T22:00:00.000000,Japan,Japan,JP,409.21,495.28,25.32,17.92,,true,ESTIMATED_MODE_BREAKDOWN
2025-02-24T23:00:00.000000,Japan,Japan,JP,355.36,435.67,35.12,27.97,,true,ESTIMATED_MODE_BREAKDOWN
2025-02-25T00:00:00.000000,Japan,Japan,JP,302.31,376.75,44.79,37.63,,true,ESTIMATED_MODE_BREAKDOWN
2025-02-25T01:00:00.000000,Japan,Japan,JP,258.66,328.21,52.74,45.34,,true,ESTIMATED_MODE_BREAKDOWN
2025-02-25T02:00:00.000000,Japan,Japan,JP,235.49,302.42,56.96,49.32,,true,ESTIMATED_MODE_BREAKDOWN
2025-02-25T03:00:00.000000,Japan,Japan,JP,216.42,281.12,60.44,52.27,,true,ESTIMATED_MODE_BREAKDOWN
2025-02-25T04:00:00.000000,Japan,Japan,JP,228.42,294.35,58.25,50.08,,true,ESTIMATED_MODE_BREAKDOWN
2025-02-25T05:00:00.000000,Japan,Japan,JP,254.61,323.27,53.46,45.13,,true,ESTIMATED_MODE_BREAKDOWN
2025-02-25T06:00:00.000000,Japan,Japan,JP,307.16,381.42,43.87,35.45,,true,ESTIMATED_MODE_BREAKDOWN
2025-02-25T07:00:00.000000,Japan,Japan,JP,378.95,461.05,30.78,22.63,,true,ESTIMATED_MODE_BREAKDOWN
2025-02-25T08:00:00.000000,Japan,Japan,JP,428.54,516.2,21.76,13.83,,true,ESTIMATED_MODE_BREAKDOWN
2025-02-25T09:00:00.000000,Japan,Japan,JP,437.92,526.76,20.07,12.45,,true,ESTIMATED_MODE_BREAKDOWN
2025-02-25T10:00:00.000000,Japan,Japan,JP,437.0,525.72,20.24,12.53,,true,ESTIMATED_MODE_BREAKDOWN
2025-02-25T11:00:00.000000,Japan,Japan,JP,435.76,524.24,20.47,12.58,,true,ESTIMATED_MODE_BREAKDOWN
2025-02-25T12:00:00.000000,Japan,Japan,JP,433.13,521.12,20.94,12.72,,true,ESTIMATED_MODE_BREAKDOWN
2025-02-25T13:00:00.000000,Japan,Japan,JP,429.84,517.24,21.53,12.78,,true,ESTIMATED_MODE_BREAKDOWN
2025-02-25T14:00:00.000000,Japan,Japan,JP,427.22,514.19,22.01,12.86,,true,ESTIMATED_MODE_BREAKDOWN
2025-02-25T15:00:00.000000,Japan,Japan,JP,422.82,509.2,22.83,13.03,,true,ESTIMATED_MODE_BREAKDOWN
2025-02-25T16:00:00.000000,Japan,Japan,JP,421.31,507.48,23.11,13.07,,true,ESTIMATED_MODE_BREAKDOWN
2025-02-25T17:00:00.000000,Japan,Japan,JP,421.95,508.22,23.0,13.07,,true,ESTIMATED_MODE_BREAKDOWN
2025-02-25T18:00:00.000000,Japan,Japan,JP,422.59,509.02,22.89,13.08,,true,ESTIMATED_MODE_BREAKDOWN
2025-02-25T19:00:00.000000,Japan,Japan,JP,423.15,509.71,22.79,13.07,,true,ESTIMATED_MODE_BREAKDOWN
2025-02-25T20:00:00.000000,Japan,Japan,JP,424.97,511.78,22.45,13.08,,true,ESTIMATED_MODE_BREAKDOWN
2025-02-25T21:00:00.000000,Japan,Japan,JP,428.78,516.16,21.75,13.1,,true,ESTIMATED_MODE_BREAKDOWN
2025-02-25T22:00:00.000000,Japan,Japan,JP,405.9,491.0,25.92,17.75,,true,ESTIMATED_MODE_BREAKDOWN
2025-02-25T23:00:00.000000,Japan,Japan,JP,354.45,434.16,35.29,27.46,,true,ESTIMATED_MODE_BREAKDOWN
2025-02-26T00:00:00.000000,Japan,Japan,JP,304.09,378.32,44.45,36.72,,true,ESTIMATED_MODE_BREAKDOWN
2025-02-26T01:00:00.000000,Japan,Japan,JP,268.18,338.29,50.99,43.05,,true,ESTIMATED_MODE_BREAKDOWN
2025-02-26T02:00:00.000000,Japan,Japan,JP,243.8,311.2,55.44,47.3,,true,ESTIMATED_MODE_BREAKDOWN
2025-02-26T03:00:00.000000,Japan,Japan,JP,226.11,291.44,58.67,50.05,,true,ESTIMATED_MODE_BREAKDOWN
2025-02-26T04:00:00.000000,Japan,Japan,JP,241.64,308.56,55.83,47.26,,true,ESTIMATED_MODE_BREAKDOWN
2025-02-26T05:00:00.000000,Japan,Japan,JP,263.21,332.34,51.88,43.19,,true,ESTIMATED_MODE_BREAKDOWN
2025-02-26T06:00:00.000000,Japan,Japan,JP,305.91,379.54,44.1,35.3,,true,ESTIMATED_MODE_BREAKDOWN
2025-02-26T07:00:00.000000,Japan,Japan,JP,371.95,452.88,32.05,23.53,,true,ESTIMATED_MODE_BREAKDOWN
2025-02-26T08:00:00.000000,Japan,Japan,JP,422.85,509.56,22.8,14.5,,true,ESTIMATED_MODE_BREAKDOWN
2025-02-26T09:00:00.000000,Japan,Japan,JP,433.3,521.42,20.91,12.91,,true,ESTIMATED_MODE_BREAKDOWN
2025-02-26T10:00:00.000000,Japan,Japan,JP,433.28,521.37,20.92,12.83,,true,ESTIMATED_MODE_BREAKDOWN
2025-02-26T11:00:00.000000,Japan,Japan,JP,432.78,520.78,21.01,12.77,,true,ESTIMATED_MODE_BREAKDOWN
2025-02-26T12:00:00.000000,Japan,Japan,JP,431.24,519.0,21.3,12.75,,true,ESTIMATED_MODE_BREAKDOWN
2025-02-26T13:00:00.000000,Japan,Japan,JP,428.14,515.33,21.85,12.8,,true,ESTIMATED_MODE_BREAKDOWN
2025-02-26T14:00:00.000000,Japan,Japan,JP,426.23,513.1,22.19,12.83,,true,ESTIMATED_MODE_BREAKDOWN
2025-02-26T15:00:00.000000,Japan,Japan,JP,422.42,508.81,22.89,12.97,,true,ESTIMATED_MODE_BREAKDOWN
2025-02-26T16:00:00.000000,Japan,Japan,JP,421.09,507.3,23.13,12.97,,true,ESTIMATED_MODE_BREAKDOWN
2025-02-26T17:00:00.000000,Japan,Japan,JP,422.38,508.85,22.91,12.89,,true,ESTIMATED_MODE_BREAKDOWN
2025-02-26T18:00:00.000000,Japan,Japan,JP,423.67,510.4,22.69,12.84,,true,ESTIMATED_MODE_BREAKDOWN
2025-02-26T19:00:00.000000,Japan,Japan,JP,424.42,511.28,22.55,12.82,,true,ESTIMATED_MODE_BREAKDOWN
2025-02-26T20:00:00.000000,Japan,Japan,JP,426.91,514.16,22.09,12.73,,true,ESTIMATED_MODE_BREAKDOWN
2025-02-26T21:00:00.000000,Japan,Japan,JP,430.31,518.11,21.47,12.83,,true,ESTIMATED_MODE_BREAKDOWN
2025-02-26T22:00:00.000000,Japan,Japan,JP,402.28,487.25,26.59,18.35,,true,ESTIMATED_MODE_BREAKDOWN
2025-02-26T23:00:00.000000,Japan,Japan,JP,343.69,422.44,37.26,29.3,,true,ESTIMATED_MODE_BREAKDOWN
2025-02-27T00:00:00.000000,Japan,Japan,JP,286.73,359.24,47.63,39.73,,true,ESTIMATED_MODE_BREAKDOWN
2025-02-27T01:00:00.000000,Japan,Japan,JP,239.46,306.68,56.25,48.08,,true,ESTIMATED_MODE_BREAKDOWN
2025-02-27T02:00:00.000000,Japan,Japan,JP,216.05,280.67,60.51,52.14,,true,ESTIMATED_MODE_BREAKDOWN
2025-02-27T03:00:00.000000,Japan,Japan,JP,203.76,266.95,62.76,53.87,,true,ESTIMATED_MODE_BREAKDOWN
2025-02-27T04:00:00.000000,Japan,Japan,JP,223.66,289.08,59.13,50.33,,true,ESTIMATED_MODE_BREAKDOWN
2025-02-27T05:00:00.000000,Japan,Japan,JP,258.86,327.96,52.72,43.8,,true,ESTIMATED_MODE_BREAKDOWN
2025-02-27T06:00:00.000000,Japan,Japan,JP,313.44,388.43,42.77,33.79,,true,ESTIMATED_MODE_BREAKDOWN
2025-02-27T07:00:00.000000,Japan,Japan,JP,382.19,464.75,30.22,21.55,,true,ESTIMATED_MODE_BREAKDOWN
2025-02-27T08:00:00.000000,Japan,Japan,JP,424.86,512.05,22.44,13.93,,true,ESTIMATED_MODE_BREAKDOWN
2025-02-27T09:00:00.000000,Japan,Japan,JP,436.36,524.97,20.36,12.11,,true,ESTIMATED_MODE_BREAKDOWN
2025-02-27T10:00:00.000000,Japan,Japan,JP,436.27,524.84,20.37,12.02,,true,ESTIMATED_MODE_BREAKDOWN
2025-02-27T11:00:00.000000,Japan,Japan,JP,435.26,523.67,20.56,12.0,,true,ESTIMATED_MODE_BREAKDOWN
2025-02-27T12:00:00.000000,Japan,Japan,JP,433.49,521.54,20.87,11.97,,true,ESTIMATED_MODE_BREAKDOWN
2025-02-27T13:00:00.000000,Japan,Japan,JP,430.38,517.9,21.43,11.99,,true,ESTIMATED_MODE_BREAKDOWN
2025-02-27T14:00:00.000000,Japan,Japan,JP,428.24,515.42,21.81,12.05,,true,ESTIMATED_MODE_BREAKDOWN
2025-02-27T15:00:00.000000,Japan,Japan,JP,423.34,509.86,22.71,12.31,,true,ESTIMATED_MODE_BREAKDOWN
2025-02-27T16:00:00.000000,Japan,Japan,JP,421.98,508.35,22.96,12.29,,true,ESTIMATED_MODE_BREAKDOWN
2025-02-27T17:00:00.000000,Japan,Japan,JP,423.0,509.61,22.78,12.3,,true,ESTIMATED_MODE_BREAKDOWN
2025-02-27T18:00:00.000000,Japan,Japan,JP,424.35,511.22,22.55,12.28,,true,ESTIMATED_MODE_BREAKDOWN
2025-02-27T19:00:00.000000,Japan,Japan,JP,424.86,511.86,22.46,12.33,,true,ESTIMATED_MODE_BREAKDOWN
2025-02-27T20:00:00.000000,Japan,Japan,JP,426.94,514.24,22.07,12.26,,true,ESTIMATED_MODE_BREAKDOWN
2025-02-27T21:00:00.000000,Japan,Japan,JP,429.24,516.89,21.65,12.52,,true,ESTIMATED_MODE_BREAKDOWN
2025-02-27T22:00:00.000000,Japan,Japan,JP,410.57,496.37,25.06,16.39,,true,ESTIMATED_MODE_BREAKDOWN
2025-02-27T23:00:00.000000,Japan,Japan,JP,378.7,461.3,30.89,22.75,,true,ESTIMATED_MODE_BREAKDOWN
2025-02-28T00:00:00.000000,Japan,Japan,JP,350.1,429.7,36.12,28.16,,true,ESTIMATED_MODE_BREAKDOWN
2025-02-28T01:00:00.000000,Japan,Japan,JP,317.2,393.14,42.12,33.94,,true,ESTIMATED_MODE_BREAKDOWN
2025-02-28T02:00:00.000000,Japan,Japan,JP,301.25,375.33,45.04,36.68,,true,ESTIMATED_MODE_BREAKDOWN
2025-02-28T03:00:00.000000,Japan,Japan,JP,287.13,359.42,47.62,38.72,,true,ESTIMATED_MODE_BREAKDOWN
2025-02-28T04:00:00.000000,Japan,Japan,JP,295.99,369.22,45.99,37.22,,true,ESTIMATED_MODE_BREAKDOWN
2025-02-28T05:00:00.000000,Japan,Japan,JP,316.46,391.85,42.24,33.32,,true,ESTIMATED_MODE_BREAKDOWN
2025-02-28T06:00:00.000000,Japan,Japan,JP,348.17,426.95,36.44,27.48,,true,ESTIMATED_MODE_BREAKDOWN
2025-02-28T07:00:00.000000,Japan,Japan,JP,392.89,476.49,28.27,19.39,,true,ESTIMATED_MODE_BREAKDOWN
2025-02-28T08:00:00.000000,Japan,Japan,JP,426.46,513.74,22.16,13.34,,true,ESTIMATED_MODE_BREAKDOWN
2025-02-28T09:00:00.000000,Japan,Japan,JP,433.63,521.83,20.86,12.22,,true,ESTIMATED_MODE_BREAKDOWN
2025-02-28T10:00:00.000000,Japan,Japan,JP,432.75,520.82,21.02,12.23,,true,ESTIMATED_MODE_BREAKDOWN
2025-02-28T11:00:00.000000,Japan,Japan,JP,431.84,519.69,21.18,12.17,,true,ESTIMATED_MODE_BREAKDOWN
2025-02-28T12:00:00.000000,Japan,Japan,JP,429.88,517.38,21.53,12.17,,true,ESTIMATED_MODE_BREAKDOWN
2025-02-28T13:00:00.000000,Japan,Japan,JP,427.22,514.25,22.0,12.2,,true,ESTIMATED_MODE_BREAKDOWN
2025-02-28T14:00:00.000000,Japan,Japan,JP,425.61,512.34,22.3,12.16,,true,ESTIMATED_MODE_BREAKDOWN
2025-02-28T15:00:00.000000,Japan,Japan,JP,422.16,508.24,22.93,12.16,,true,ESTIMATED_MODE_BREAKDOWN
2025-02-28T16:00:00.000000,Japan,Japan,JP,420.71,506.6,23.19,12.13,,true,ESTIMATED_MODE_BREAKDOWN
2025-02-28T17:00:00.000000,Japan,Japan,JP,421.74,507.86,23.01,12.11,,true,ESTIMATED_MODE_BREAKDOWN
2025-02-28T18:00:00.000000,Japan,Japan,JP,423.29,509.77,22.75,12.04,,true,ESTIMATED_MODE_BREAKDOWN
2025-02-28T19:00:00.000000,Japan,Japan,JP,423.74,510.33,22.67,12.04,,true,ESTIMATED_MODE_BREAKDOWN
2025-02-28T20:00:00.000000,Japan,Japan,JP,424.03,510.64,22.63,11.97,,true,ESTIMATED_MODE_BREAKDOWN
2025-02-28T21:00:00.000000,Japan,Japan,JP,422.28,508.72,22.94,12.42,,true,ESTIMATED_MODE_BREAKDOWN
2025-02-28T22:00:00.000000,Japan,Japan,JP,383.46,465.87,30.02,19.63,,true,ESTIMATED_MODE_BREAKDOWN
2025-02-28T23:00:00.000000,Japan,Japan,JP,319.77,395.53,41.65,31.49,,true,ESTIMATED_MODE_BREAKDOWN
2025-03-01T00:00:00.000000,Japan,Japan,JP,256.62,325.57,53.18,43.0,,true,ESTIMATED_MODE_BREAKDOWN
2025-03-01T01:00:00.000000,Japan,Japan,JP,204.05,267.24,62.75,52.33,,true,ESTIMATED_MODE_BREAKDOWN
2025-03-01T02:00:00.000000,Japan,Japan,JP,169.71,229.03,68.99,58.28,,true,ESTIMATED_MODE_BREAKDOWN
2025-03-01T03:00:00.000000,Japan,Japan,JP,154.73,212.27,71.72,60.63,,true,ESTIMATED_MODE_BREAKDOWN
2025-03-01T04:00:00.000000,Japan,Japan,JP,166.55,225.17,69.56,58.2,,true,ESTIMATED_MODE_BREAKDOWN
2025-03-01T05:00:00.000000,Japan,Japan,JP,200.23,262.34,63.4,51.85,,true,ESTIMATED_MODE_BREAKDOWN
2025-03-01T06:00:00.000000,Japan,Japan,JP,272.65,342.56,50.18,38.63,,true,ESTIMATED_MODE_BREAKDOWN
2025-03-01T07:00:00.000000,Japan,Japan,JP,358.08,437.31,34.61,23.25,,true,ESTIMATED_MODE_BREAKDOWN
2025-03-01T08:00:00.000000,Japan,Japan,JP,415.79,501.44,24.09,13.28,,true,ESTIMATED_MODE_BREAKDOWN
2025-03-01T09:00:00.000000,Japan,Japan,JP,426.75,513.75,22.09,11.81,,true,ESTIMATED_MODE_BREAKDOWN
2025-03-01T10:00:00.000000,Japan,Japan,JP,426.79,513.77,22.09,11.75,,true,ESTIMATED_MODE_BREAKDOWN
2025-03-01T11:00:00.000000,Japan,Japan,JP,425.86,512.66,22.25,11.69,,true,ESTIMATED_MODE_BREAKDOWN
2025-03-01T12:00:00.000000,Japan,Japan,JP,423.47,509.86,22.68,11.75,,true,ESTIMATED_MODE_BREAKDOWN
2025-03-01T13:00:00.000000,Japan,Japan,JP,420.63,506.53,23.19,11.75,,true,ESTIMATED_MODE_BREAKDOWN
2025-03-01T14:00:00.000000,Japan,Japan,JP,418.66,504.22,23.55,11.83,,true,ESTIMATED_MODE_BREAKDOWN
2025-03-01T15:00:00.000000,Japan,Japan,JP,414.35,499.25,24.33,11.92,,true,ESTIMATED_MODE_BREAKDOWN
2025-03-01T16:00:00.000000,Japan,Japan,JP,412.98,497.68,24.59,11.96,,true,ESTIMATED_MODE_BREAKDOWN
2025-03-01T17:00:00.000000,Japan,Japan,JP,414.83,499.89,24.26,11.96,,true,ESTIMATED_MODE_BREAKDOWN
2025-03-01T18:00:00.000000,Japan,Japan,JP,416.92,502.43,23.89,11.99,,true,ESTIMATED_MODE_BREAKDOWN
2025-03-01T19:00:00.000000,Japan,Japan,JP,418.17,503.95,23.68,12.04,,true,ESTIMATED_MODE_BREAKDOWN
2025-03-01T20:00:00.000000,Japan,Japan,JP,418.47,504.26,23.62,12.09,,true,ESTIMATED_MODE_BREAKDOWN
2025-03-01T21:00:00.000000,Japan,Japan,JP,414.87,500.21,24.26,12.73,,true,ESTIMATED_MODE_BREAKDOWN
2025-03-01T22:00:00.000000,Japan,Japan,JP,385.17,467.41,29.67,18.43,,true,ESTIMATED_MODE_BREAKDOWN
2025-03-01T23:00:00.000000,Japan,Japan,JP,348.41,426.75,36.38,25.64,,true,ESTIMATED_MODE_BREAKDOWN
2025-03-02T00:00:00.000000,Japan,Japan,JP,317.1,391.92,42.1,31.61,,true,ESTIMATED_MODE_BREAKDOWN
2025-03-02T01:00:00.000000,Japan,Japan,JP,279.04,349.82,49.05,38.65,,true,ESTIMATED_MODE_BREAKDOWN
2025-03-02T02:00:00.000000,Japan,Japan,JP,259.59,328.28,52.59,42.15,,true,ESTIMATED_MODE_BREAKDOWN
2025-03-02T03:00:00.000000,Japan,Japan,JP,246.37,313.49,54.98,44.33,,true,ESTIMATED_MODE_BREAKDOWN
2025-03-02T04:00:00.000000,Japan,Japan,JP,244.18,311.03,55.37,44.66,,true,ESTIMATED_MODE_BREAKDOWN
2025-03-02T05:00:00.000000,Japan,Japan,JP,269.87,339.37,50.68,39.79,,true,ESTIMATED_MODE_BREAKDOWN
2025-03-02T06:00:00.000000,Japan,Japan,JP,327.3,403.09,40.23,29.48,,true,ESTIMATED_MODE_BREAKDOWN
2025-03-02T07:00:00.000000,Japan,Japan,JP,386.33,468.57,29.47,18.98,,true,ESTIMATED_MODE_BREAKDOWN
2025-03-02T08:00:00.000000,Japan,Japan,JP,419.16,505.15,23.46,13.63,,true,ESTIMATED_MODE_BREAKDOWN
2025-03-02T09:00:00.000000,Japan,Japan,JP,425.57,512.43,22.29,12.87,,true,ESTIMATED_MODE_BREAKDOWN
2025-03-02T10:00:00.000000,Japan,Japan,JP,425.38,512.17,22.32,12.83,,true,ESTIMATED_MODE_BREAKDOWN
2025-03-02T11:00:00.000000,Japan,Japan,JP,424.02,510.56,22.56,12.85,,true,ESTIMATED_MODE_BREAKDOWN
2025-03-02T12:00:00.000000,Japan,Japan,JP,421.23,507.29,23.07,12.95,,true,ESTIMATED_MODE_BREAKDOWN
2025-03-02T13:00:00.000000,Japan,Japan,JP,417.41,502.83,23.76,13.06,,true,ESTIMATED_MODE_BREAKDOWN
2025-03-02T14:00:00.000000,Japan,Japan,JP,415.27,500.38,24.16,13.15,,true,ESTIMATED_MODE_BREAKDOWN
2025-03-02T15:00:00.000000,Japan,Japan,JP,411.12,495.55,24.95,13.2,,true,ESTIMATED_MODE_BREAKDOWN
2025-03-02T16:00:00.000000,Japan,Japan,JP,411.33,495.89,24.93,13.22,,true,ESTIMATED_MODE_BREAKDOWN
2025-03-02T17:00:00.000000,Japan,Japan,JP,413.73,498.68,24.5,13.2,,true,ESTIMATED_MODE_BREAKDOWN
2025-03-02T18:00:00.000000,Japan,Japan,JP,415.53,500.85,24.18,13.3,,true,ESTIMATED_MODE_BREAKDOWN
2025-03-02T19:00:00.000000,Japan,Japan,JP,416.93,502.57,23.92,13.3,,true,ESTIMATED_MODE_BREAKDOWN
2025-03-02T20:00:00.000000,Japan,Japan,JP,418.67,504.43,23.56,13.28,,true,ESTIMATED_MODE_BREAKDOWN
2025-03-02T21:00:00.000000,Japan,Japan,JP,422.03,508.22,22.93,13.37,,true,ESTIMATED_MODE_BREAKDOWN
2025-03-02T22:00:00.000000,Japan,Japan,JP,423.33,509.92,22.69,14.1,,true,ESTIMATED_MODE_BREAKDOWN
2025-03-02T23:00:00.000000,Japan,Japan,JP,422.73,509.58,22.82,15.21,,true,ESTIMATED_MODE_BREAKDOWN
2025-03-03T00:00:00.000000,Japan,Japan,JP,418.86,505.38,23.51,16.47,,true,ESTIMATED_MODE_BREAKDOWN
2025-03-03T01:00:00.000000,Japan,Japan,JP,412.07,497.82,24.74,17.75,,true,ESTIMATED_MODE_BREAKDOWN
2025-03-03T02:00:00.000000,Japan,Japan,JP,405.76,490.81,25.89,18.89,,true,ESTIMATED_MODE_BREAKDOWN
2025-03-03T03:00:00.000000,Japan,Japan,JP,399.98,484.25,26.95,19.66,,true,ESTIMATED_MODE_BREAKDOWN
2025-03-03T04:00:00.000000,Japan,Japan,JP,400.2,484.59,26.9,19.84,,true,ESTIMATED_MODE_BREAKDOWN
2025-03-03T05:00:00.000000,Japan,Japan,JP,400.6,485.07,26.83,19.78,,true,ESTIMATED_MODE_BREAKDOWN
2025-03-03T06:00:00.000000,Japan,Japan,JP,411.26,496.97,24.89,17.85,,true,ESTIMATED_MODE_BREAKDOWN
2025-03-03T07:00:00.000000,Japan,Japan,JP,426.88,514.29,22.04,15.08,,true,ESTIMATED_MODE_BREAKDOWN
2025-03-03T08:00:00.000000,Japan,Japan,JP,438.52,527.21,19.92,13.01,,true,ESTIMATED_MODE_BREAKDOWN
2025-03-03T09:00:00.000000,Japan,Japan,JP,441.63,530.72,19.35,12.5,,true,ESTIMATED_MODE_BREAKDOWN
2025-03-03T10:00:00.000000,Japan,Japan,JP,440.93,529.93,19.48,12.45,,true,ESTIMATED_MODE_BREAKDOWN
2025-03-03T11:00:00.000000,Japan,Japan,JP,439.77,528.59,19.69,12.43,,true,ESTIMATED_MODE_BREAKDOWN
2025-03-03T12:00:00.000000,Japan,Japan,JP,438.56,527.14,19.91,12.33,,true,ESTIMATED_MODE_BREAKDOWN
2025-03-03T13:00:00.000000,Japan,Japan,JP,435.55,523.65,20.45,12.42,,true,ESTIMATED_MODE_BREAKDOWN
2025-03-03T14:00:00.000000,Japan,Japan,JP,433.21,520.96,20.88,12.5,,true,ESTIMATED_MODE_BREAKDOWN
2025-03-03T15:00:00.000000,Japan,Japan,JP,428.88,515.97,21.67,12.67,,true,ESTIMATED_MODE_BREAKDOWN
2025-03-03T16:00:00.000000,Japan,Japan,JP,427.65,514.58,21.9,12.71,,true,ESTIMATED_MODE_BREAKDOWN
2025-03-03T17:00:00.000000,Japan,Japan,JP,428.73,515.9,21.71,12.65,,true,ESTIMATED_MODE_BREAKDOWN
2025-03-03T18:00:00.000000,Japan,Japan,JP,430.1,517.58,21.47,12.55,,true,ESTIMATED_MODE_BREAKDOWN
2025-03-03T19:00:00.000000,Japan,Japan,JP,430.83,518.44,21.34,12.57,,true,ESTIMATED_MODE_BREAKDOWN
2025-03-03T20:00:00.000000,Japan,Japan,JP,432.68,520.55,21.0,12.51,,true,ESTIMATED_MODE_BREAKDOWN
2025-03-03T21:00:00.000000,Japan,Japan,JP,434.91,523.19,20.59,12.72,,true,ESTIMATED_MODE_BREAKDOWN
2025-03-03T22:00:00.000000,Japan,Japan,JP,428.27,516.05,21.8,14.54,,true,ESTIMATED_MODE_BREAKDOWN
2025-03-03T23:00:00.000000,Japan,Japan,JP,418.32,505.25,23.63,16.95,,true,ESTIMATED_MODE_BREAKDOWN
2025-03-04T00:00:00.000000,Japan,Japan,JP,405.73,491.36,25.93,19.48,,true,ESTIMATED_MODE_BREAKDOWN
2025-03-04T01:00:00.000000,Japan,Japan,JP,395.65,480.15,27.76,21.23,,true,ESTIMATED_MODE_BREAKDOWN
2025-03-04T02:00:00.000000,Japan,Japan,JP,388.07,471.71,29.15,22.48,,true,ESTIMATED_MODE_BREAKDOWN
2025-03-04T03:00:00.000000,Japan,Japan,JP,388.32,471.83,29.1,22.14,,true,ESTIMATED_MODE_BREAKDOWN
2025-03-04T04:00:00.000000,Japan,Japan,JP,396.71,481.21,27.57,20.78,,true,ESTIMATED_MODE_BREAKDOWN
2025-03-04T05:00:00.000000,Japan,Japan,JP,406.47,492.02,25.78,19.04,,true,ESTIMATED_MODE_BREAKDOWN
2025-03-04T06:00:00.000000,Japan,Japan,JP,421.97,509.14,22.95,16.16,,true,ESTIMATED_MODE_BREAKDOWN
2025-03-04T07:00:00.000000,Japan,Japan,JP,436.75,525.51,20.25,13.58,,true,ESTIMATED_MODE_BREAKDOWN
2025-03-04T08:00:00.000000,Japan,Japan,JP,443.43,532.92,19.03,12.42,,true,ESTIMATED_MODE_BREAKDOWN
2025-03-04T09:00:00.000000,Japan,Japan,JP,444.72,534.39,18.79,12.25,,true,ESTIMATED_MODE_BREAKDOWN
2025-03-04T10:00:00.000000,Japan,Japan,JP,443.76,533.28,18.97,12.29,,true,ESTIMATED_MODE_BREAKDOWN
2025-03-04T11:00:00.000000,Japan,Japan,JP,442.61,531.92,19.17,12.3,,true,ESTIMATED_MODE_BREAKDOWN
2025-03-04T12:00:00.000000,Japan,Japan,JP,440.6,529.59,19.54,12.34,,true,ESTIMATED_MODE_BREAKDOWN
2025-03-04T13:00:00.000000,Japan,Japan,JP,437.75,526.21,20.05,12.36,,true,ESTIMATED_MODE_BREAKDOWN
2025-03-04T14:00:00.000000,Japan,Japan,JP,435.65,523.76,20.43,12.37,,true,ESTIMATED_MODE_BREAKDOWN
2025-03-04T15:00:00.000000,Japan,Japan,JP,430.85,518.3,21.31,12.51,,true,ESTIMATED_MODE_BREAKDOWN
2025-03-04T16:00:00.000000,Japan,Japan,JP,429.11,516.36,21.64,12.62,,true,ESTIMATED_MODE_BREAKDOWN
2025-03-04T17:00:00.000000,Japan,Japan,JP,429.24,516.58,21.62,12.67,,true,ESTIMATED_MODE_BREAKDOWN
2025-03-04T18:00:00.000000,Japan,Japan,JP,429.89,517.37,21.5,12.66,,true,ESTIMATED_MODE_BREAKDOWN
2025-03-04T19:00:00.000000,Japan,Japan,JP,430.64,518.3,21.38,12.62,,true,ESTIMATED_MODE_BREAKDOWN
2025-03-04T20:00:00.000000,Japan,Japan,JP,432.37,520.22,21.05,12.55,,true,ESTIMATED_MODE_BREAKDOWN
2025-03-04T21:00:00.000000,Japan,Japan,JP,435.43,523.65,20.48,12.53,,true,ESTIMATED_MODE_BREAKDOWN
2025-03-04T22:00:00.000000,Japan,Japan,JP,434.24,522.5,20.7,13.32,,true,ESTIMATED_MODE_BREAKDOWN
2025-03-04T23:00:00.000000,Japan,Japan,JP,428.58,516.42,21.74,14.99,,true,ESTIMATED_MODE_BREAKDOWN
2025-03-05T00:00:00.000000,Japan,Japan,JP,421.66,508.79,23.01,16.5,,true,ESTIMATED_MODE_BREAKDOWN
2025-03-05T01:00:00.000000,Japan,Japan,JP,404.43,489.69,26.15,19.58,,true,ESTIMATED_MODE_BREAKDOWN
2025-03-05T02:00:00.000000,Japan,Japan,JP,396.77,481.1,27.53,20.84,,true,ESTIMATED_MODE_BREAKDOWN
2025-03-05T03:00:00.000000,Japan,Japan,JP,384.98,467.86,29.68,22.52,,true,ESTIMATED_MODE_BREAKDOWN
2025-03-05T04:00:00.000000,Japan,Japan,JP,388.74,472.06,28.99,21.95,,true,ESTIMATED_MODE_BREAKDOWN
2025-03-05T05:00:00.000000,Japan,Japan,JP,397.6,481.92,27.38,20.29,,true,ESTIMATED_MODE_BREAKDOWN
2025-03-05T06:00:00.000000,Japan,Japan,JP,409.19,494.75,25.27,18.07,,true,ESTIMATED_MODE_BREAKDOWN
2025-03-05T07:00:00.000000,Japan,Japan,JP,425.43,512.8,22.31,15.16,,true,ESTIMATED_MODE_BREAKDOWN
2025-03-05T08:00:00.000000,Japan,Japan,JP,438.09,526.89,20.0,12.88,,true,ESTIMATED_MODE_BREAKDOWN
2025-03-05T09:00:00.000000,Japan,Japan,JP,441.75,531.05,19.34,12.28,,true,ESTIMATED_MODE_BREAKDOWN
2025-03-05T10:00:00.000000,Japan,Japan,JP,440.46,529.56,19.57,12.34,,true,ESTIMATED_MODE_BREAKDOWN
2025-03-05T11:00:00.000000,Japan,Japan,JP,439.15,528.0,19.81,12.36,,true,ESTIMATED_MODE_BREAKDOWN
2025-03-05T12:00:00.000000,Japan,Japan,JP,437.06,525.53,20.19,12.4,,true,ESTIMATED_MODE_BREAKDOWN
2025-03-05T13:00:00.000000,Japan,Japan,JP,433.71,521.64,20.8,12.5,,true,ESTIMATED_MODE_BREAKDOWN
2025-03-05T14:00:00.000000,Japan,Japan,JP,431.08,518.62,21.27,12.62,,true,ESTIMATED_MODE_BREAKDOWN
2025-03-05T15:00:00.000000,Japan,Japan,JP,425.73,512.48,22.25,12.87,,true,ESTIMATED_MODE_BREAKDOWN
2025-03-05T16:00:00.000000,Japan,Japan,JP,423.44,509.9,22.67,13.03,,true,ESTIMATED_MODE_BREAKDOWN
2025-03-05T17:00:00.000000,Japan,Japan,JP,424.11,510.69,22.56,13.06,,true,ESTIMATED_MODE_BREAKDOWN
2025-03-05T18:00:00.000000,Japan,Japan,JP,425.05,511.78,22.4,13.06,,true,ESTIMATED_MODE_BREAKDOWN
2025-03-05T19:00:00.000000,Japan,Japan,JP,426.05,512.95,22.21,13.04,,true,ESTIMATED_MODE_BREAKDOWN
2025-03-05T20:00:00.000000,Japan,Japan,JP,427.97,515.12,21.86,12.98,,true,ESTIMATED_MODE_BREAKDOWN
2025-03-05T21:00:00.000000,Japan,Japan,JP,430.52,518.08,21.39,13.09,,true,ESTIMATED_MODE_BREAKDOWN
2025-03-05T22:00:00.000000,Japan,Japan,JP,416.25,502.35,23.99,16.13,,true,ESTIMATED_MODE_BREAKDOWN
2025-03-05T23:00:00.000000,Japan,Japan,JP,392.38,476.16,28.34,21.01,,true,ESTIMATED_MODE_BREAKDOWN
2025-03-06T00:00:00.000000,Japan,Japan,JP,365.37,446.34,33.27,26.2,,true,ESTIMATED_MODE_BREAKDOWN
2025-03-06T01:00:00.000000,Japan,Japan,JP,336.77,414.55,38.48,31.21,,true,ESTIMATED_MODE_BREAKDOWN
2025-03-06T02:00:00.000000,Japan,Japan,JP,313.87,389.14,42.66,35.3,,true,ESTIMATED_MODE_BREAKDOWN
2025-03-06T03:00:00.000000,Japan,Japan,JP,303.58,377.54,44.55,36.76,,true,ESTIMATED_MODE_BREAKDOWN
2025-03-06T04:00:00.000000,Japan,Japan,JP,321.11,397.0,41.35,33.74,,true,ESTIMATED_MODE_BREAKDOWN
2025-03-06T05:00:00.000000,Japan,Japan,JP,349.73,428.63,36.13,28.53,,true,ESTIMATED_MODE_BREAKDOWN
2025-03-06T06:00:00.000000,Japan,Japan,JP,379.49,461.54,30.69,23.1,,true,ESTIMATED_MODE_BREAKDOWN
2025-03-06T07:00:00.000000,Japan,Japan,JP,410.18,495.56,25.1,17.73,,true,ESTIMATED_MODE_BREAKDOWN
2025-03-06T08:00:00.000000,Japan,Japan,JP,432.06,519.97,21.11,13.91,,true,ESTIMATED_MODE_BREAKDOWN
2025-03-06T09:00:00.000000,Japan,Japan,JP,439.67,528.6,19.73,12.72,,true,ESTIMATED_MODE_BREAKDOWN
2025-03-06T10:00:00.000000,Japan,Japan,JP,439.22,528.07,19.82,12.69,,true,ESTIMATED_MODE_BREAKDOWN
2025-03-06T11:00:00.000000,Japan,Japan,JP,438.06,526.75,20.02,12.73,,true,ESTIMATED_MODE_BREAKDOWN
2025-03-06T12:00:00.000000,Japan,Japan,JP,435.91,524.29,20.41,12.82,,true,ESTIMATED_MODE_BREAKDOWN
2025-03-06T13:00:00.000000,Japan,Japan,JP,433.09,520.95,20.92,12.88,,true,ESTIMATED_MODE_BREAKDOWN
2025-03-06T14:00:00.000000,Japan,Japan,JP,431.34,518.86,21.24,12.91,,true,ESTIMATED_MODE_BREAKDOWN
2025-03-06T15:00:00.000000,Japan,Japan,JP,426.47,513.27,22.13,13.1,,true,ESTIMATED_MODE_BREAKDOWN
2025-03-06T16:00:00.000000,Japan,Japan,JP,425.2,511.86,22.36,13.16,,true,ESTIMATED_MODE_BREAKDOWN
2025-03-06T17:00:00.000000,Japan,Japan,JP,425.87,512.67,22.25,13.16,,true,ESTIMATED_MODE_BREAKDOWN
2025-03-06T18:00:00.000000,Japan,Japan,JP,426.71,513.65,22.1,13.18,,true,ESTIMATED_MODE_BREAKDOWN
2025-03-06T19:00:00.000000,Japan,Japan,JP,427.49,514.59,21.96,13.2,,true,ESTIMATED_MODE_BREAKDOWN
2025-03-06T20:00:00.000000,Japan,Japan,JP,429.28,516.68,21.63,13.18,,true,ESTIMATED_MODE_BREAKDOWN
2025-03-06T21:00:00.000000,Japan,Japan,JP,430.13,517.85,21.48,13.63,,true,ESTIMATED_MODE_BREAKDOWN
2025-03-06T22:00:00.000000,Japan,Japan,JP,396.83,481.12,27.55,20.0,,true,ESTIMATED_MODE_BREAKDOWN
2025-03-06T23:00:00.000000,Japan,Japan,JP,346.08,425.0,36.8,29.6,,true,ESTIMATED_MODE_BREAKDOWN
2025-03-07T00:00:00.000000,Japan,Japan,JP,302.78,376.93,44.69,37.69,,true,ESTIMATED_MODE_BREAKDOWN
2025-03-07T01:00:00.000000,Japan,Japan,JP,272.78,343.58,50.15,43.09,,true,ESTIMATED_MODE_BREAKDOWN
2025-03-07T02:00:00.000000,Japan,Japan,JP,259.71,329.12,52.54,45.34,,true,ESTIMATED_MODE_BREAKDOWN
2025-03-07T03:00:00.000000,Japan,Japan,JP,248.62,316.71,54.57,46.93,,true,ESTIMATED_MODE_BREAKDOWN
2025-03-07T04:00:00.000000,Japan,Japan,JP,261.61,331.07,52.2,44.68,,true,ESTIMATED_MODE_BREAKDOWN
2025-03-07T05:00:00.000000,Japan,Japan,JP,282.07,353.66,48.46,40.86,,true,ESTIMATED_MODE_BREAKDOWN
2025-03-07T06:00:00.000000,Japan,Japan,JP,323.67,399.74,40.88,33.26,,true,ESTIMATED_MODE_BREAKDOWN
2025-03-07T07:00:00.000000,Japan,Japan,JP,381.03,463.32,30.41,23.01,,true,ESTIMATED_MODE_BREAKDOWN
2025-03-07T08:00:00.000000,Japan,Japan,JP,427.23,514.7,21.99,14.73,,true,ESTIMATED_MODE_BREAKDOWN
2025-03-07T09:00:00.000000,Japan,Japan,JP,440.9,530.07,19.5,12.5,,true,ESTIMATED_MODE_BREAKDOWN
2025-03-07T10:00:00.000000,Japan,Japan,JP,441.16,530.38,19.46,12.42,,true,ESTIMATED_MODE_BREAKDOWN
2025-03-07T11:00:00.000000,Japan,Japan,JP,440.66,529.79,19.54,12.36,,true,ESTIMATED_MODE_BREAKDOWN
2025-03-07T12:00:00.000000,Japan,Japan,JP,440.04,529.07,19.65,12.22,,true,ESTIMATED_MODE_BREAKDOWN
2025-03-07T13:00:00.000000,Japan,Japan,JP,437.77,526.42,20.06,12.25,,true,ESTIMATED_MODE_BREAKDOWN
2025-03-07T14:00:00.000000,Japan,Japan,JP,436.7,525.17,20.26,12.17,,true,ESTIMATED_MODE_BREAKDOWN
2025-03-07T15:00:00.000000,Japan,Japan,JP,433.33,521.25,20.88,12.19,,true,ESTIMATED_MODE_BREAKDOWN
2025-03-07T16:00:00.000000,Japan,Japan,JP,432.58,520.44,21.02,12.12,,true,ESTIMATED_MODE_BREAKDOWN
2025-03-07T17:00:00.000000,Japan,Japan,JP,433.48,521.54,20.87,12.01,,true,ESTIMATED_MODE_BREAKDOWN
2025-03-07T18:00:00.000000,Japan,Japan,JP,434.2,522.46,20.75,11.93,,true,ESTIMATED_MODE_BREAKDOWN
2025-03-07T19:00:00.000000,Japan,Japan,JP,433.93,522.19,20.8,11.94,,true,ESTIMATED_MODE_BREAKDOWN
2025-03-07T20:00:00.000000,Japan,Japan,JP,433.98,522.19,20.79,11.92,,true,ESTIMATED_MODE_BREAKDOWN
2025-03-07T21:00:00.000000,Japan,Japan,JP,432.35,520.41,21.07,12.43,,true,ESTIMATED_MODE_BREAKDOWN
2025-03-07T22:00:00.000000,Japan,Japan,JP,413.32,499.41,24.53,16.2,,true,ESTIMATED_MODE_BREAKDOWN
2025-03-07T23:00:00.000000,Japan,Japan,JP,380.3,462.89,30.54,22.56,,true,ESTIMATED_MODE_BREAKDOWN
2025-03-08T00:00:00.000000,Japan,Japan,JP,341.13,419.44,37.69,29.74,,true,ESTIMATED_MODE_BREAKDOWN
2025-03-08T01:00:00.000000,Japan,Japan,JP,304.95,379.23,44.29,36.17,,true,ESTIMATED_MODE_BREAKDOWN
2025-03-08T02:00:00.000000,Japan,Japan,JP,288.58,360.98,47.29,38.91,,true,ESTIMATED_MODE_BREAKDOWN
2025-03-08T03:00:00.000000,Japan,Japan,JP,290.21,362.73,47.0,38.43,,true,ESTIMATED_MODE_BREAKDOWN
2025-03-08T04:00:00.000000,Japan,Japan,JP,315.76,390.91,42.35,33.74,,true,ESTIMATED_MODE_BREAKDOWN
2025-03-08T05:00:00.000000,Japan,Japan,JP,339.7,417.4,37.98,29.23,,true,ESTIMATED_MODE_BREAKDOWN
2025-03-08T06:00:00.000000,Japan,Japan,JP,365.2,445.66,33.3,24.63,,true,ESTIMATED_MODE_BREAKDOWN
2025-03-08T07:00:00.000000,Japan,Japan,JP,404.11,488.87,26.2,17.83,,true,ESTIMATED_MODE_BREAKDOWN
2025-03-08T08:00:00.000000,Japan,Japan,JP,433.56,521.77,20.84,12.9,,true,ESTIMATED_MODE_BREAKDOWN
2025-03-08T09:00:00.000000,Japan,Japan,JP,442.73,532.12,19.17,11.56,,true,ESTIMATED_MODE_BREAKDOWN
2025-03-08T10:00:00.000000,Japan,Japan,JP,442.22,531.58,19.26,11.64,,true,ESTIMATED_MODE_BREAKDOWN
2025-03-08T11:00:00.000000,Japan,Japan,JP,441.66,530.92,19.37,11.63,,true,ESTIMATED_MODE_BREAKDOWN
2025-03-08T12:00:00.000000,Japan,Japan,JP,440.49,529.57,19.58,11.56,,true,ESTIMATED_MODE_BREAKDOWN
2025-03-08T13:00:00.000000,Japan,Japan,JP,437.72,526.38,20.08,11.63,,true,ESTIMATED_MODE_BREAKDOWN
2025-03-08T14:00:00.000000,Japan,Japan,JP,436.32,524.71,20.33,11.62,,true,ESTIMATED_MODE_BREAKDOWN
2025-03-08T15:00:00.000000,Japan,Japan,JP,433.2,521.03,20.91,11.55,,true,ESTIMATED_MODE_BREAKDOWN
2025-03-08T16:00:00.000000,Japan,Japan,JP,431.8,519.49,21.16,11.65,,true,ESTIMATED_MODE_BREAKDOWN
2025-03-08T17:00:00.000000,Japan,Japan,JP,431.8,519.59,21.17,11.75,,true,ESTIMATED_MODE_BREAKDOWN
2025-03-08T18:00:00.000000,Japan,Japan,JP,431.98,519.85,21.15,11.84,,true,ESTIMATED_MODE_BREAKDOWN
2025-03-08T19:00:00.000000,Japan,Japan,JP,431.6,519.47,21.22,11.9,,true,ESTIMATED_MODE_BREAKDOWN
2025-03-08T20:00:00.000000,Japan,Japan,JP,431.2,519.03,21.29,11.98,,true,ESTIMATED_MODE_BREAKDOWN
2025-03-08T21:00:00.000000,Japan,Japan,JP,429.04,516.66,21.68,12.52,,true,ESTIMATED_MODE_BREAKDOWN
2025-03-08T22:00:00.000000,Japan,Japan,JP,387.7,470.88,29.22,20.19,,true,ESTIMATED_MODE_BREAKDOWN
2025-03-08T23:00:00.000000,Japan,Japan,JP,311.57,386.51,43.1,34.18,,true,ESTIMATED_MODE_BREAKDOWN
2025-03-09T00:00:00.000000,Japan,Japan,JP,245.23,313.0,55.18,46.15,,true,ESTIMATED_MODE_BREAKDOWN
2025-03-09T01:00:00.000000,Japan,Japan,JP,198.33,261.01,63.75,54.39,,true,ESTIMATED_MODE_BREAKDOWN
2025-03-09T02:00:00.000000,Japan,Japan,JP,176.82,237.18,67.68,58.09,,true,ESTIMATED_MODE_BREAKDOWN
2025-03-09T03:00:00.000000,Japan,Japan,JP,172.32,232.15,68.5,58.65,,true,ESTIMATED_MODE_BREAKDOWN
2025-03-09T04:00:00.000000,Japan,Japan,JP,182.9,243.7,66.57,56.38,,true,ESTIMATED_MODE_BREAKDOWN
2025-03-09T05:00:00.000000,Japan,Japan,JP,210.14,273.73,61.59,51.09,,true,ESTIMATED_MODE_BREAKDOWN
2025-03-09T06:00:00.000000,Japan,Japan,JP,264.37,333.69,51.68,41.19,,true,ESTIMATED_MODE_BREAKDOWN
2025-03-09T07:00:00.000000,Japan,Japan,JP,340.16,417.48,37.85,27.84,,true,ESTIMATED_MODE_BREAKDOWN
2025-03-09T08:00:00.000000,Japan,Japan,JP,414.34,500.01,24.34,15.21,,true,ESTIMATED_MODE_BREAKDOWN
2025-03-09T09:00:00.000000,Japan,Japan,JP,435.37,523.61,20.5,12.07,,true,ESTIMATED_MODE_BREAKDOWN
2025-03-09T10:00:00.000000,Japan,Japan,JP,436.19,524.55,20.36,12.04,,true,ESTIMATED_MODE_BREAKDOWN
2025-03-09T11:00:00.000000,Japan,Japan,JP,435.77,524.08,20.43,12.05,,true,ESTIMATED_MODE_BREAKDOWN
2025-03-09T12:00:00.000000,Japan,Japan,JP,434.56,522.68,20.66,12.01,,true,ESTIMATED_MODE_BREAKDOWN
2025-03-09T13:00:00.000000,Japan,Japan,JP,432.17,519.86,21.1,11.97,,true,ESTIMATED_MODE_BREAKDOWN
2025-03-09T14:00:00.000000,Japan,Japan,JP,430.39,517.79,21.43,11.97,,true,ESTIMATED_MODE_BREAKDOWN
2025-03-09T15:00:00.000000,Japan,Japan,JP,425.8,512.6,22.27,12.2,,true,ESTIMATED_MODE_BREAKDOWN
2025-03-09T16:00:00.000000,Japan,Japan,JP,425.78,512.59,22.27,12.19,,true,ESTIMATED_MODE_BREAKDOWN
2025-03-09T17:00:00.000000,Japan,Japan,JP,427.85,515.09,21.91,12.11,,true,ESTIMATED_MODE_BREAKDOWN
2025-03-09T18:00:00.000000,Japan,Japan,JP,429.74,517.35,21.58,12.03,,true,ESTIMATED_MODE_BREAKDOWN
2025-03-09T19:00:00.000000,Japan,Japan,JP,430.43,518.17,21.45,12.08,,true,ESTIMATED_MODE_BREAKDOWN
2025-03-09T20:00:00.000000,Japan,Japan,JP,433.25,521.42,20.92,12.02,,true,ESTIMATED_MODE_BREAKDOWN
2025-03-09T21:00:00.000000,Japan,Japan,JP,432.27,520.51,21.1,12.93,,true,ESTIMATED_MODE_BREAKDOWN
2025-03-09T22:00:00.000000,Japan,Japan,JP,388.6,472.27,29.06,21.28,,true,ESTIMATED_MODE_BREAKDOWN
2025-03-09T23:00:00.000000,Japan,Japan,JP,324.82,401.71,40.68,33.23,,true,ESTIMATED_MODE_BREAKDOWN
2025-03-10T00:00:00.000000,Japan,Japan,JP,268.32,339.08,50.98,43.63,,true,ESTIMATED_MODE_BREAKDOWN
2025-03-10T01:00:00.000000,Japan,Japan,JP,228.06,294.44,58.33,50.78,,true,ESTIMATED_MODE_BREAKDOWN
2025-03-10T02:00:00.000000,Japan,Japan,JP,214.63,279.65,60.78,53.08,,true,ESTIMATED_MODE_BREAKDOWN
2025-03-10T03:00:00.000000,Japan,Japan,JP,196.04,258.84,64.17,56.0,,true,ESTIMATED_MODE_BREAKDOWN
2025-03-10T04:00:00.000000,Japan,Japan,JP,217.78,283.02,60.2,52.1,,true,ESTIMATED_MODE_BREAKDOWN
2025-03-10T05:00:00.000000,Japan,Japan,JP,255.85,325.09,53.25,44.99,,true,ESTIMATED_MODE_BREAKDOWN
2025-03-10T06:00:00.000000,Japan,Japan,JP,314.2,389.54,42.61,34.3,,true,ESTIMATED_MODE_BREAKDOWN
2025-03-10T07:00:00.000000,Japan,Japan,JP,385.14,468.08,29.66,21.57,,true,ESTIMATED_MODE_BREAKDOWN
2025-03-10T08:00:00.000000,Japan,Japan,JP,432.01,520.01,21.11,13.23,,true,ESTIMATED_MODE_BREAKDOWN
2025-03-10T09:00:00.000000,Japan,Japan,JP,441.02,530.21,19.48,11.89,,true,ESTIMATED_MODE_BREAKDOWN
2025-03-10T10:00:00.000000,Japan,Japan,JP,440.27,529.32,19.62,11.91,,true,ESTIMATED_MODE_BREAKDOWN
2025-03-10T11:00:00.000000,Japan,Japan,JP,439.17,528.0,19.82,11.9,,true,ESTIMATED_MODE_BREAKDOWN
2025-03-10T12:00:00.000000,Japan,Japan,JP,437.23,525.71,20.17,11.92,,true,ESTIMATED_MODE_BREAKDOWN
2025-03-10T13:00:00.000000,Japan,Japan,JP,434.27,522.29,20.7,12.0,,true,ESTIMATED_MODE_BREAKDOWN
2025-03-10T14:00:00.000000,Japan,Japan,JP,431.9,519.59,21.13,12.09,,true,ESTIMATED_MODE_BREAKDOWN
2025-03-10T15:00:00.000000,Japan,Japan,JP,426.92,513.93,22.04,12.3,,true,ESTIMATED_MODE_BREAKDOWN
2025-03-10T16:00:00.000000,Japan,Japan,JP,425.17,511.96,22.36,12.4,,true,ESTIMATED_MODE_BREAKDOWN
2025-03-10T17:00:00.000000,Japan,Japan,JP,425.88,512.87,22.24,12.43,,true,ESTIMATED_MODE_BREAKDOWN
2025-03-10T18:00:00.000000,Japan,Japan,JP,427.69,515.01,21.92,12.33,,true,ESTIMATED_MODE_BREAKDOWN
2025-03-10T19:00:00.000000,Japan,Japan,JP,428.62,516.12,21.76,12.32,,true,ESTIMATED_MODE_BREAKDOWN
2025-03-10T20:00:00.000000,Japan,Japan,JP,430.88,518.67,21.34,12.2,,true,ESTIMATED_MODE_BREAKDOWN
2025-03-10T21:00:00.000000,Japan,Japan,JP,429.81,517.54,21.53,12.91,,true,ESTIMATED_MODE_BREAKDOWN
2025-03-10T22:00:00.000000,Japan,Japan,JP,409.46,495.15,25.25,17.09,,true,ESTIMATED_MODE_BREAKDOWN
2025-03-10T23:00:00.000000,Japan,Japan,JP,383.6,466.74,29.98,22.41,,true,ESTIMATED_MODE_BREAKDOWN
2025-03-11T00:00:00.000000,Japan,Japan,JP,359.44,439.92,34.39,27.1,,true,ESTIMATED_MODE_BREAKDOWN
2025-03-11T01:00:00.000000,Japan,Japan,JP,340.34,418.64,37.86,30.51,,true,ESTIMATED_MODE_BREAKDOWN
2025-03-11T02:00:00.000000,Japan,Japan,JP,325.77,402.29,40.5,32.9,,true,ESTIMATED_MODE_BREAKDOWN
2025-03-11T03:00:00.000000,Japan,Japan,JP,314.53,389.58,42.55,34.45,,true,ESTIMATED_MODE_BREAKDOWN
2025-03-11T04:00:00.000000,Japan,Japan,JP,335.34,412.71,38.76,30.91,,true,ESTIMATED_MODE_BREAKDOWN
2025-03-11T05:00:00.000000,Japan,Japan,JP,356.13,435.74,34.96,27.09,,true,ESTIMATED_MODE_BREAKDOWN
2025-03-11T06:00:00.000000,Japan,Japan,JP,380.95,463.33,30.43,22.55,,true,ESTIMATED_MODE_BREAKDOWN
2025-03-11T07:00:00.000000,Japan,Japan,JP,409.24,494.73,25.28,17.48,,true,ESTIMATED_MODE_BREAKDOWN
2025-03-11T08:00:00.000000,Japan,Japan,JP,432.41,520.5,21.05,13.32,,true,ESTIMATED_MODE_BREAKDOWN
2025-03-11T09:00:00.000000,Japan,Japan,JP,440.38,529.44,19.6,12.0,,true,ESTIMATED_MODE_BREAKDOWN
2025-03-11T10:00:00.000000,Japan,Japan,JP,439.72,528.71,19.73,11.94,,true,ESTIMATED_MODE_BREAKDOWN
2025-03-11T11:00:00.000000,Japan,Japan,JP,438.13,526.87,20.01,11.97,,true,ESTIMATED_MODE_BREAKDOWN
2025-03-11T12:00:00.000000,Japan,Japan,JP,436.18,524.59,20.36,11.9,,true,ESTIMATED_MODE_BREAKDOWN
2025-03-11T13:00:00.000000,Japan,Japan,JP,433.26,521.19,20.88,11.94,,true,ESTIMATED_MODE_BREAKDOWN
2025-03-11T14:00:00.000000,Japan,Japan,JP,430.84,518.41,21.32,12.0,,true,ESTIMATED_MODE_BREAKDOWN
2025-03-11T15:00:00.000000,Japan,Japan,JP,426.54,513.49,22.1,12.09,,true,ESTIMATED_MODE_BREAKDOWN
2025-03-11T16:00:00.000000,Japan,Japan,JP,425.39,512.21,22.32,12.07,,true,ESTIMATED_MODE_BREAKDOWN
2025-03-11T17:00:00.000000,Japan,Japan,JP,426.57,513.63,22.11,12.04,,true,ESTIMATED_MODE_BREAKDOWN
2025-03-11T18:00:00.000000,Japan,Japan,JP,428.0,515.35,21.86,12.04,,true,ESTIMATED_MODE_BREAKDOWN
2025-03-11T19:00:00.000000,Japan,Japan,JP,428.94,516.45,21.69,12.04,,true,ESTIMATED_MODE_BREAKDOWN
2025-03-11T20:00:00.000000,Japan,Japan,JP,430.27,517.96,21.45,12.03,,true,ESTIMATED_MODE_BREAKDOWN
2025-03-11T21:00:00.000000,Japan,Japan,JP,427.08,514.49,22.02,13.04,,true,ESTIMATED_MODE_BREAKDOWN
2025-03-11T22:00:00.000000,Japan,Japan,JP,394.4,478.43,27.98,19.32,,true,ESTIMATED_MODE_BREAKDOWN
2025-03-11T23:00:00.000000,Japan,Japan,JP,348.99,428.24,36.28,28.19,,true,ESTIMATED_MODE_BREAKDOWN
2025-03-12T00:00:00.000000,Japan,Japan,JP,314.78,390.25,42.53,34.7,,true,ESTIMATED_MODE_BREAKDOWN
2025-03-12T01:00:00.000000,Japan,Japan,JP,291.53,364.37,46.77,38.8,,true,ESTIMATED_MODE_BREAKDOWN
2025-03-12T02:00:00.000000,Japan,Japan,JP,287.02,359.25,47.57,39.48,,true,ESTIMATED_MODE_BREAKDOWN
2025-03-12T03:00:00.000000,Japan,Japan,JP,291.26,363.67,46.76,38.21,,true,ESTIMATED_MODE_BREAKDOWN
2025-03-12T04:00:00.000000,Japan,Japan,JP,322.26,398.06,41.09,32.76,,true,ESTIMATED_MODE_BREAKDOWN
2025-03-12T05:00:00.000000,Japan,Japan,JP,350.4,429.1,35.96,27.5,,true,ESTIMATED_MODE_BREAKDOWN
2025-03-12T06:00:00.000000,Japan,Japan,JP,382.3,464.6,30.15,21.73,,true,ESTIMATED_MODE_BREAKDOWN
2025-03-12T07:00:00.000000,Japan,Japan,JP,414.77,500.63,24.24,15.96,,true,ESTIMATED_MODE_BREAKDOWN
2025-03-12T08:00:00.000000,Japan,Japan,JP,434.0,522.07,20.74,12.63,,true,ESTIMATED_MODE_BREAKDOWN
2025-03-12T09:00:00.000000,Japan,Japan,JP,438.91,527.73,19.86,11.91,,true,ESTIMATED_MODE_BREAKDOWN
2025-03-12T10:00:00.000000,Japan,Japan,JP,437.89,526.57,20.05,11.93,,true,ESTIMATED_MODE_BREAKDOWN
2025-03-12T11:00:00.000000,Japan,Japan,JP,435.65,524.01,20.45,12.07,,true,ESTIMATED_MODE_BREAKDOWN
2025-03-12T12:00:00.000000,Japan,Japan,JP,433.22,521.07,20.89,12.11,,true,ESTIMATED_MODE_BREAKDOWN
2025-03-12T13:00:00.000000,Japan,Japan,JP,429.92,517.32,21.48,12.23,,true,ESTIMATED_MODE_BREAKDOWN
2025-03-12T14:00:00.000000,Japan,Japan,JP,427.42,514.44,21.94,12.34,,true,ESTIMATED_MODE_BREAKDOWN
2025-03-12T15:00:00.000000,Japan,Japan,JP,419.7,505.4,23.36,12.2,,true,ESTIMATED_MODE_BREAKDOWN
2025-03-12T16:00:00.000000,Japan,Japan,JP,422.72,508.89,22.8,12.38,,true,ESTIMATED_MODE_BREAKDOWN
2025-03-12T17:00:00.000000,Japan,Japan,JP,423.54,509.95,22.66,12.44,,true,ESTIMATED_MODE_BREAKDOWN
2025-03-12T18:00:00.000000,Japan,Japan,JP,423.98,510.52,22.59,12.67,,true,ESTIMATED_MODE_BREAKDOWN
2025-03-12T19:00:00.000000,Japan,Japan,JP,425.11,511.85,22.39,12.64,,true,ESTIMATED_MODE_BREAKDOWN
2025-03-12T20:00:00.000000,Japan,Japan,JP,425.09,511.83,22.39,12.77,,true,ESTIMATED_MODE_BREAKDOWN
2025-03-12T21:00:00.000000,Japan,Japan,JP,421.45,507.8,23.05,13.77,,true,ESTIMATED_MODE_BREAKDOWN
2025-03-12T22:00:00.000000,Japan,Japan,JP,386.88,469.57,29.34,20.35,,true,ESTIMATED_MODE_BREAKDOWN
2025-03-12T23:00:00.000000,Japan,Japan,JP,337.87,415.63,38.29,29.87,,true,ESTIMATED_MODE_BREAKDOWN
2025-03-13T00:00:00.000000,Japan,Japan,JP,300.45,374.35,45.12,37.09,,true,ESTIMATED_MODE_BREAKDOWN
2025-03-13T01:00:00.000000,Japan,Japan,JP,272.77,343.69,50.17,42.06,,true,ESTIMATED_MODE_BREAKDOWN
2025-03-13T02:00:00.000000,Japan,Japan,JP,267.12,337.34,51.2,43.02,,true,ESTIMATED_MODE_BREAKDOWN
2025-03-13T03:00:00.000000,Japan,Japan,JP,259.77,328.95,52.53,43.72,,true,ESTIMATED_MODE_BREAKDOWN
2025-03-13T04:00:00.000000,Japan,Japan,JP,269.54,339.83,50.75,42.23,,true,ESTIMATED_MODE_BREAKDOWN
2025-03-13T05:00:00.000000,Japan,Japan,JP,300.32,373.83,45.12,36.64,,true,ESTIMATED_MODE_BREAKDOWN
2025-03-13T06:00:00.000000,Japan,Japan,JP,345.61,423.91,36.88,28.24,,true,ESTIMATED_MODE_BREAKDOWN
2025-03-13T07:00:00.000000,Japan,Japan,JP,392.45,475.73,28.34,19.87,,true,ESTIMATED_MODE_BREAKDOWN
2025-03-13T08:00:00.000000,Japan,Japan,JP,421.95,508.43,22.96,14.62,,true,ESTIMATED_MODE_BREAKDOWN
2025-03-13T09:00:00.000000,Japan,Japan,JP,430.86,518.49,21.33,13.24,,true,ESTIMATED_MODE_BREAKDOWN
2025-03-13T10:00:00.000000,Japan,Japan,JP,430.21,517.72,21.45,13.21,,true,ESTIMATED_MODE_BREAKDOWN
2025-03-13T11:00:00.000000,Japan,Japan,JP,429.01,516.28,21.66,13.22,,true,ESTIMATED_MODE_BREAKDOWN
2025-03-13T12:00:00.000000,Japan,Japan,JP,426.66,513.59,22.09,13.29,,true,ESTIMATED_MODE_BREAKDOWN
2025-03-13T13:00:00.000000,Japan,Japan,JP,424.3,510.84,22.51,13.34,,true,ESTIMATED_MODE_BREAKDOWN
2025-03-13T14:00:00.000000,Japan,Japan,JP,422.61,508.9,22.82,13.4,,true,ESTIMATED_MODE_BREAKDOWN
2025-03-13T15:00:00.000000,Japan,Japan,JP,413.85,498.76,24.43,13.45,,true,ESTIMATED_MODE_BREAKDOWN
2025-03-13T16:00:00.000000,Japan,Japan,JP,417.32,502.77,23.79,13.52,,true,ESTIMATED_MODE_BREAKDOWN
2025-03-13T17:00:00.000000,Japan,Japan,JP,418.85,504.59,23.52,13.51,,true,ESTIMATED_MODE_BREAKDOWN
2025-03-13T18:00:00.000000,Japan,Japan,JP,420.7,506.83,23.2,13.43,,true,ESTIMATED_MODE_BREAKDOWN
2025-03-13T19:00:00.000000,Japan,Japan,JP,421.81,508.16,23.0,13.43,,true,ESTIMATED_MODE_BREAKDOWN
2025-03-13T20:00:00.000000,Japan,Japan,JP,423.86,510.55,22.63,13.35,,true,ESTIMATED_MODE_BREAKDOWN
2025-03-13T21:00:00.000000,Japan,Japan,JP,420.88,507.41,23.17,14.33,,true,ESTIMATED_MODE_BREAKDOWN
2025-03-13T22:00:00.000000,Japan,Japan,JP,386.61,469.49,29.42,20.76,,true,ESTIMATED_MODE_BREAKDOWN
2025-03-13T23:00:00.000000,Japan,Japan,JP,338.75,416.75,38.15,30.0,,true,ESTIMATED_MODE_BREAKDOWN
2025-03-14T00:00:00.000000,Japan,Japan,JP,295.93,369.44,45.97,38.12,,true,ESTIMATED_MODE_BREAKDOWN
2025-03-14T01:00:00.000000,Japan,Japan,JP,253.11,321.92,53.77,45.75,,true,ESTIMATED_MODE_BREAKDOWN
2025-03-14T02:00:00.000000,Japan,Japan,JP,225.53,291.27,58.79,50.7,,true,ESTIMATED_MODE_BREAKDOWN
2025-03-14T03:00:00.000000,Japan,Japan,JP,203.43,266.53,62.82,54.27,,true,ESTIMATED_MODE_BREAKDOWN
2025-03-14T04:00:00.000000,Japan,Japan,JP,214.54,278.79,60.79,52.28,,true,ESTIMATED_MODE_BREAKDOWN
2025-03-14T05:00:00.000000,Japan,Japan,JP,238.0,304.62,56.5,47.79,,true,ESTIMATED_MODE_BREAKDOWN
2025-03-14T06:00:00.000000,Japan,Japan,JP,285.74,357.32,47.78,38.91,,true,ESTIMATED_MODE_BREAKDOWN
2025-03-14T07:00:00.000000,Japan,Japan,JP,358.89,438.34,34.43,25.74,,true,ESTIMATED_MODE_BREAKDOWN
2025-03-14T08:00:00.000000,Japan,Japan,JP,414.82,500.45,24.25,15.71,,true,ESTIMATED_MODE_BREAKDOWN
2025-03-14T09:00:00.000000,Japan,Japan,JP,430.16,517.63,21.46,13.22,,true,ESTIMATED_MODE_BREAKDOWN
2025-03-14T10:00:00.000000,Japan,Japan,JP,429.76,517.19,21.53,13.18,,true,ESTIMATED_MODE_BREAKDOWN
2025-03-14T11:00:00.000000,Japan,Japan,JP,429.07,516.37,21.66,13.19,,true,ESTIMATED_MODE_BREAKDOWN
2025-03-14T12:00:00.000000,Japan,Japan,JP,427.23,514.25,21.99,13.22,,true,ESTIMATED_MODE_BREAKDOWN
2025-03-14T13:00:00.000000,Japan,Japan,JP,424.97,511.59,22.39,13.29,,true,ESTIMATED_MODE_BREAKDOWN
2025-03-14T14:00:00.000000,Japan,Japan,JP,423.44,509.86,22.67,13.36,,true,ESTIMATED_MODE_BREAKDOWN
2025-03-14T15:00:00.000000,Japan,Japan,JP,416.51,501.73,23.95,13.19,,true,ESTIMATED_MODE_BREAKDOWN
2025-03-14T16:00:00.000000,Japan,Japan,JP,419.69,505.42,23.38,13.26,,true,ESTIMATED_MODE_BREAKDOWN
2025-03-14T17:00:00.000000,Japan,Japan,JP,421.0,507.02,23.15,13.24,,true,ESTIMATED_MODE_BREAKDOWN
2025-03-14T18:00:00.000000,Japan,Japan,JP,422.53,508.88,22.87,13.18,,true,ESTIMATED_MODE_BREAKDOWN
2025-03-14T19:00:00.000000,Japan,Japan,JP,422.92,509.34,22.81,13.17,,true,ESTIMATED_MODE_BREAKDOWN
2025-03-14T20:00:00.000000,Japan,Japan,JP,423.09,509.53,22.77,13.1,,true,ESTIMATED_MODE_BREAKDOWN
2025-03-14T21:00:00.000000,Japan,Japan,JP,419.54,505.59,23.41,13.79,,true,ESTIMATED_MODE_BREAKDOWN
2025-03-14T22:00:00.000000,Japan,Japan,JP,400.18,484.3,26.94,17.48,,true,ESTIMATED_MODE_BREAKDOWN
2025-03-14T23:00:00.000000,Japan,Japan,JP,369.0,450.17,32.65,23.66,,true,ESTIMATED_MODE_BREAKDOWN
2025-03-15T00:00:00.000000,Japan,Japan,JP,345.62,424.39,36.92,27.81,,true,ESTIMATED_MODE_BREAKDOWN
2025-03-15T01:00:00.000000,Japan,Japan,JP,352.83,432.04,35.59,26.37,,true,ESTIMATED_MODE_BREAKDOWN
2025-03-15T02:00:00.000000,Japan,Japan,JP,353.13,432.31,35.53,26.21,,true,ESTIMATED_MODE_BREAKDOWN
2025-03-15T03:00:00.000000,Japan,Japan,JP,354.4,433.63,35.29,25.85,,true,ESTIMATED_MODE_BREAKDOWN
2025-03-15T04:00:00.000000,Japan,Japan,JP,371.38,452.42,32.18,22.82,,true,ESTIMATED_MODE_BREAKDOWN
2025-03-15T05:00:00.000000,Japan,Japan,JP,384.5,466.97,29.78,20.39,,true,ESTIMATED_MODE_BREAKDOWN
2025-03-15T06:00:00.000000,Japan,Japan,JP,396.4,480.25,27.61,18.3,,true,ESTIMATED_MODE_BREAKDOWN
2025-03-15T07:00:00.000000,Japan,Japan,JP,416.51,502.67,23.96,14.9,,true,ESTIMATED_MODE_BREAKDOWN
2025-03-15T08:00:00.000000,Japan,Japan,JP,430.53,518.37,21.41,12.76,,true,ESTIMATED_MODE_BREAKDOWN
2025-03-15T09:00:00.000000,Japan,Japan,JP,434.58,522.99,20.68,12.32,,true,ESTIMATED_MODE_BREAKDOWN
2025-03-15T10:00:00.000000,Japan,Japan,JP,434.2,522.48,20.75,12.29,,true,ESTIMATED_MODE_BREAKDOWN
2025-03-15T11:00:00.000000,Japan,Japan,JP,432.52,520.51,21.05,12.35,,true,ESTIMATED_MODE_BREAKDOWN
2025-03-15T12:00:00.000000,Japan,Japan,JP,430.29,517.92,21.46,12.37,,true,ESTIMATED_MODE_BREAKDOWN
2025-03-15T13:00:00.000000,Japan,Japan,JP,427.27,514.44,22.0,12.46,,true,ESTIMATED_MODE_BREAKDOWN
2025-03-15T14:00:00.000000,Japan,Japan,JP,424.99,511.84,22.41,12.58,,true,ESTIMATED_MODE_BREAKDOWN
2025-03-15T15:00:00.000000,Japan,Japan,JP,419.34,505.21,23.45,12.51,,true,ESTIMATED_MODE_BREAKDOWN
2025-03-15T16:00:00.000000,Japan,Japan,JP,419.87,505.85,23.36,12.67,,true,ESTIMATED_MODE_BREAKDOWN
2025-03-15T17:00:00.000000,Japan,Japan,JP,420.4,506.53,23.27,12.72,,true,ESTIMATED_MODE_BREAKDOWN
2025-03-15T18:00:00.000000,Japan,Japan,JP,421.25,507.61,23.13,12.77,,true,ESTIMATED_MODE_BREAKDOWN
2025-03-15T19:00:00.000000,Japan,Japan,JP,421.79,508.28,23.03,12.78,,true,ESTIMATED_MODE_BREAKDOWN
2025-03-15T20:00:00.000000,Japan,Japan,JP,421.78,508.22,23.03,12.84,,true,ESTIMATED_MODE_BREAKDOWN
2025-03-15T21:00:00.000000,Japan,Japan,JP,419.66,505.77,23.39,13.32,,true,ESTIMATED_MODE_BREAKDOWN
2025-03-15T22:00:00.000000,Japan,Japan,JP,414.64,500.11,24.28,14.43,,true,ESTIMATED_MODE_BREAKDOWN
2025-03-15T23:00:00.000000,Japan,Japan,JP,404.71,489.24,26.09,16.83,,true,ESTIMATED_MODE_BREAKDOWN
2025-03-16T00:00:00.000000,Japan,Japan,JP,385.44,467.94,29.62,20.49,,true,ESTIMATED_MODE_BREAKDOWN
2025-03-16T01:00:00.000000,Japan,Japan,JP,367.69,448.17,32.86,23.71,,true,ESTIMATED_MODE_BREAKDOWN
2025-03-16T02:00:00.000000,Japan,Japan,JP,351.26,429.83,35.85,26.46,,true,ESTIMATED_MODE_BREAKDOWN
2025-03-16T03:00:00.000000,Japan,Japan,JP,344.68,422.63,37.05,27.61,,true,ESTIMATED_MODE_BREAKDOWN
2025-03-16T04:00:00.000000,Japan,Japan,JP,351.78,430.28,35.75,26.09,,true,ESTIMATED_MODE_BREAKDOWN
2025-03-16T05:00:00.000000,Japan,Japan,JP,363.95,443.66,33.53,23.83,,true,ESTIMATED_MODE_BREAKDOWN
2025-03-16T06:00:00.000000,Japan,Japan,JP,380.43,461.88,30.51,20.91,,true,ESTIMATED_MODE_BREAKDOWN
2025-03-16T07:00:00.000000,Japan,Japan,JP,405.21,489.5,25.99,16.65,,true,ESTIMATED_MODE_BREAKDOWN
2025-03-16T08:00:00.000000,Japan,Japan,JP,424.0,510.67,22.57,13.82,,true,ESTIMATED_MODE_BREAKDOWN
2025-03-16T09:00:00.000000,Japan,Japan,JP,431.51,519.23,21.21,12.85,,true,ESTIMATED_MODE_BREAKDOWN
2025-03-16T10:00:00.000000,Japan,Japan,JP,430.5,518.1,21.4,12.97,,true,ESTIMATED_MODE_BREAKDOWN
2025-03-16T11:00:00.000000,Japan,Japan,JP,428.72,516.09,21.73,13.11,,true,ESTIMATED_MODE_BREAKDOWN
2025-03-16T12:00:00.000000,Japan,Japan,JP,426.76,513.73,22.08,13.11,,true,ESTIMATED_MODE_BREAKDOWN
2025-03-16T13:00:00.000000,Japan,Japan,JP,422.86,509.26,22.79,13.25,,true,ESTIMATED_MODE_BREAKDOWN
2025-03-16T14:00:00.000000,Japan,Japan,JP,421.0,507.08,23.14,13.3,,true,ESTIMATED_MODE_BREAKDOWN
2025-03-16T15:00:00.000000,Japan,Japan,JP,413.36,498.23,24.53,13.48,,true,ESTIMATED_MODE_BREAKDOWN
2025-03-16T16:00:00.000000,Japan,Japan,JP,414.38,499.43,24.34,13.66,,true,ESTIMATED_MODE_BREAKDOWN
2025-03-16T17:00:00.000000,Japan,Japan,JP,415.24,500.57,24.2,13.77,,true,ESTIMATED_MODE_BREAKDOWN
2025-03-16T18:00:00.000000,Japan,Japan,JP,416.02,501.54,24.08,13.92,,true,ESTIMATED_MODE_BREAKDOWN
2025-03-16T19:00:00.000000,Japan,Japan,JP,417.5,503.31,23.81,13.89,,true,ESTIMATED_MODE_BREAKDOWN
2025-03-16T20:00:00.000000,Japan,Japan,JP,419.91,506.11,23.37,13.86,,true,ESTIMATED_MODE_BREAKDOWN
2025-03-16T21:00:00.000000,Japan,Japan,JP,419.74,506.08,23.4,14.52,,true,ESTIMATED_MODE_BREAKDOWN
2025-03-16T22:00:00.000000,Japan,Japan,JP,386.89,469.78,29.38,20.83,,true,ESTIMATED_MODE_BREAKDOWN
2025-03-16T23:00:00.000000,Japan,Japan,JP,339.09,417.09,38.08,30.16,,true,ESTIMATED_MODE_BREAKDOWN
2025-03-17T00:00:00.000000,Japan,Japan,JP,304.64,379.04,44.36,37.0,,true,ESTIMATED_MODE_BREAKDOWN
2025-03-17T01:00:00.000000,Japan,Japan,JP,277.56,348.98,49.29,41.91,,true,ESTIMATED_MODE_BREAKDOWN
2025-03-17T02:00:00.000000,Japan,Japan,JP,262.15,331.88,52.1,44.63,,true,ESTIMATED_MODE_BREAKDOWN
2025-03-17T03:00:00.000000,Japan,Japan,JP,245.47,313.29,55.14,47.27,,true,ESTIMATED_MODE_BREAKDOWN
2025-03-17T04:00:00.000000,Japan,Japan,JP,260.5,329.95,52.39,44.67,,true,ESTIMATED_MODE_BREAKDOWN
2025-03-17T05:00:00.000000,Japan,Japan,JP,283.16,354.99,48.26,40.37,,true,ESTIMATED_MODE_BREAKDOWN
2025-03-17T06:00:00.000000,Japan,Japan,JP,322.26,398.26,41.14,33.13,,true,ESTIMATED_MODE_BREAKDOWN
2025-03-17T07:00:00.000000,Japan,Japan,JP,377.66,459.57,31.03,23.23,,true,ESTIMATED_MODE_BREAKDOWN
2025-03-17T08:00:00.000000,Japan,Japan,JP,421.08,507.81,23.12,15.46,,true,ESTIMATED_MODE_BREAKDOWN
2025-03-17T09:00:00.000000,Japan,Japan,JP,435.64,524.17,20.48,13.08,,true,ESTIMATED_MODE_BREAKDOWN
2025-03-17T10:00:00.000000,Japan,Japan,JP,435.67,524.18,20.47,13.0,,true,ESTIMATED_MODE_BREAKDOWN
2025-03-17T11:00:00.000000,Japan,Japan,JP,434.94,523.37,20.6,12.99,,true,ESTIMATED_MODE_BREAKDOWN
2025-03-17T12:00:00.000000,Japan,Japan,JP,434.66,523.04,20.65,12.78,,true,ESTIMATED_MODE_BREAKDOWN
2025-03-17T13:00:00.000000,Japan,Japan,JP,431.92,519.84,21.14,12.89,,true,ESTIMATED_MODE_BREAKDOWN
2025-03-17T14:00:00.000000,Japan,Japan,JP,430.65,518.28,21.36,12.8,,true,ESTIMATED_MODE_BREAKDOWN
2025-03-17T15:00:00.000000,Japan,Japan,JP,422.53,508.97,22.85,12.8,,true,ESTIMATED_MODE_BREAKDOWN
2025-03-17T16:00:00.000000,Japan,Japan,JP,425.32,512.22,22.34,12.92,,true,ESTIMATED_MODE_BREAKDOWN
2025-03-17T17:00:00.000000,Japan,Japan,JP,427.1,514.3,22.03,12.78,,true,ESTIMATED_MODE_BREAKDOWN
2025-03-17T18:00:00.000000,Japan,Japan,JP,428.92,516.44,21.7,12.68,,true,ESTIMATED_MODE_BREAKDOWN
2025-03-17T19:00:00.000000,Japan,Japan,JP,429.87,517.55,21.53,12.65,,true,ESTIMATED_MODE_BREAKDOWN
2025-03-17T20:00:00.000000,Japan,Japan,JP,431.92,519.91,21.16,12.57,,true,ESTIMATED_MODE_BREAKDOWN
2025-03-17T21:00:00.000000,Japan,Japan,JP,428.8,516.68,21.72,13.63,,true,ESTIMATED_MODE_BREAKDOWN
2025-03-17T22:00:00.000000,Japan,Japan,JP,391.89,475.87,28.46,20.59,,true,ESTIMATED_MODE_BREAKDOWN
2025-03-17T23:00:00.000000,Japan,Japan,JP,341.27,419.93,37.68,30.24,,true,ESTIMATED_MODE_BREAKDOWN
2025-03-18T00:00:00.000000,Japan,Japan,JP,301.53,375.89,44.9,37.68,,true,ESTIMATED_MODE_BREAKDOWN
2025-03-18T01:00:00.000000,Japan,Japan,JP,272.2,343.31,50.24,42.77,,true,ESTIMATED_MODE_BREAKDOWN
2025-03-18T02:00:00.000000,Japan,Japan,JP,259.89,329.69,52.49,44.88,,true,ESTIMATED_MODE_BREAKDOWN
2025-03-18T03:00:00.000000,Japan,Japan,JP,247.72,316.11,54.71,46.6,,true,ESTIMATED_MODE_BREAKDOWN
2025-03-18T04:00:00.000000,Japan,Japan,JP,265.3,335.6,51.52,43.58,,true,ESTIMATED_MODE_BREAKDOWN
2025-03-18T05:00:00.000000,Japan,Japan,JP,293.86,367.38,46.35,38.37,,true,ESTIMATED_MODE_BREAKDOWN
2025-03-18T06:00:00.000000,Japan,Japan,JP,333.18,411.01,39.2,31.23,,true,ESTIMATED_MODE_BREAKDOWN
2025-03-18T07:00:00.000000,Japan,Japan,JP,387.19,470.71,29.33,21.62,,true,ESTIMATED_MODE_BREAKDOWN
2025-03-18T08:00:00.000000,Japan,Japan,JP,430.36,518.51,21.45,13.92,,true,ESTIMATED_MODE_BREAKDOWN
2025-03-18T09:00:00.000000,Japan,Japan,JP,441.02,530.46,19.51,12.25,,true,ESTIMATED_MODE_BREAKDOWN
2025-03-18T10:00:00.000000,Japan,Japan,JP,440.39,529.76,19.62,12.28,,true,ESTIMATED_MODE_BREAKDOWN
2025-03-18T11:00:00.000000,Japan,Japan,JP,439.47,528.64,19.78,12.27,,true,ESTIMATED_MODE_BREAKDOWN
2025-03-18T12:00:00.000000,Japan,Japan,JP,437.47,526.3,20.15,12.33,,true,ESTIMATED_MODE_BREAKDOWN
2025-03-18T13:00:00.000000,Japan,Japan,JP,434.63,522.97,20.66,12.42,,true,ESTIMATED_MODE_BREAKDOWN
2025-03-18T14:00:00.000000,Japan,Japan,JP,432.43,520.38,21.05,12.49,,true,ESTIMATED_MODE_BREAKDOWN
2025-03-18T15:00:00.000000,Japan,Japan,JP,427.23,514.44,22.01,12.73,,true,ESTIMATED_MODE_BREAKDOWN
2025-03-18T16:00:00.000000,Japan,Japan,JP,426.64,513.76,22.12,12.78,,true,ESTIMATED_MODE_BREAKDOWN
2025-03-18T17:00:00.000000,Japan,Japan,JP,427.25,514.52,22.02,12.8,,true,ESTIMATED_MODE_BREAKDOWN
2025-03-18T18:00:00.000000,Japan,Japan,JP,428.23,515.69,21.85,12.8,,true,ESTIMATED_MODE_BREAKDOWN
2025-03-18T19:00:00.000000,Japan,Japan,JP,429.12,516.74,21.68,12.76,,true,ESTIMATED_MODE_BREAKDOWN
2025-03-18T20:00:00.000000,Japan,Japan,JP,430.81,518.62,21.37,12.75,,true,ESTIMATED_MODE_BREAKDOWN
2025-03-18T21:00:00.000000,Japan,Japan,JP,430.56,518.55,21.41,13.45,,true,ESTIMATED_MODE_BREAKDOWN
2025-03-18T22:00:00.000000,Japan,Japan,JP,412.32,498.46,24.73,17.34,,true,ESTIMATED_MODE_BREAKDOWN
2025-03-18T23:00:00.000000,Japan,Japan,JP,391.61,475.55,28.49,21.75,,true,ESTIMATED_MODE_BREAKDOWN
2025-03-19T00:00:00.000000,Japan,Japan,JP,373.27,455.16,31.83,25.42,,true,ESTIMATED_MODE_BREAKDOWN
2025-03-19T01:00:00.000000,Japan,Japan,JP,362.21,442.74,33.84,27.31,,true,ESTIMATED_MODE_BREAKDOWN
2025-03-19T02:00:00.000000,Japan,Japan,JP,352.41,431.74,35.61,28.94,,true,ESTIMATED_MODE_BREAKDOWN
2025-03-19T03:00:00.000000,Japan,Japan,JP,337.03,414.58,38.42,31.33,,true,ESTIMATED_MODE_BREAKDOWN
2025-03-19T04:00:00.000000,Japan,Japan,JP,335.34,412.79,38.73,31.58,,true,ESTIMATED_MODE_BREAKDOWN
2025-03-19T05:00:00.000000,Japan,Japan,JP,334.17,411.56,38.95,31.62,,true,ESTIMATED_MODE_BREAKDOWN
2025-03-19T06:00:00.000000,Japan,Japan,JP,350.13,429.3,36.03,28.61,,true,ESTIMATED_MODE_BREAKDOWN
2025-03-19T07:00:00.000000,Japan,Japan,JP,389.03,472.45,28.94,21.59,,true,ESTIMATED_MODE_BREAKDOWN
2025-03-19T08:00:00.000000,Japan,Japan,JP,426.7,514.25,22.08,14.81,,true,ESTIMATED_MODE_BREAKDOWN
2025-03-19T09:00:00.000000,Japan,Japan,JP,440.59,529.87,19.57,12.54,,true,ESTIMATED_MODE_BREAKDOWN
2025-03-19T10:00:00.000000,Japan,Japan,JP,440.75,530.05,19.54,12.44,,true,ESTIMATED_MODE_BREAKDOWN
2025-03-19T11:00:00.000000,Japan,Japan,JP,440.2,529.41,19.64,12.39,,true,ESTIMATED_MODE_BREAKDOWN
2025-03-19T12:00:00.000000,Japan,Japan,JP,438.59,527.57,19.94,12.41,,true,ESTIMATED_MODE_BREAKDOWN
2025-03-19T13:00:00.000000,Japan,Japan,JP,436.54,525.19,20.31,12.45,,true,ESTIMATED_MODE_BREAKDOWN
2025-03-19T14:00:00.000000,Japan,Japan,JP,434.74,523.08,20.64,12.49,,true,ESTIMATED_MODE_BREAKDOWN
2025-03-19T15:00:00.000000,Japan,Japan,JP,431.36,519.11,21.26,12.52,,true,ESTIMATED_MODE_BREAKDOWN
2025-03-19T16:00:00.000000,Japan,Japan,JP,430.76,518.43,21.38,12.5,,true,ESTIMATED_MODE_BREAKDOWN
2025-03-19T17:00:00.000000,Japan,Japan,JP,431.2,518.98,21.31,12.49,,true,ESTIMATED_MODE_BREAKDOWN
2025-03-19T18:00:00.000000,Japan,Japan,JP,431.8,519.79,21.21,12.49,,true,ESTIMATED_MODE_BREAKDOWN
2025-03-19T19:00:00.000000,Japan,Japan,JP,431.61,519.57,21.24,12.52,,true,ESTIMATED_MODE_BREAKDOWN
2025-03-19T20:00:00.000000,Japan,Japan,JP,432.22,520.2,21.13,12.46,,true,ESTIMATED_MODE_BREAKDOWN
2025-03-19T21:00:00.000000,Japan,Japan,JP,425.92,513.28,22.27,13.86,,true,ESTIMATED_MODE_BREAKDOWN
2025-03-19T22:00:00.000000,Japan,Japan,JP,384.7,467.6,29.77,21.49,,true,ESTIMATED_MODE_BREAKDOWN
2025-03-19T23:00:00.000000,Japan,Japan,JP,325.74,402.27,40.51,32.5,,true,ESTIMATED_MODE_BREAKDOWN
2025-03-20T00:00:00.000000,Japan,Japan,JP,271.42,342.07,50.41,42.5,,true,ESTIMATED_MODE_BREAKDOWN
2025-03-20T01:00:00.000000,Japan,Japan,JP,232.98,299.5,57.41,49.33,,true,ESTIMATED_MODE_BREAKDOWN
2025-03-20T02:00:00.000000,Japan,Japan,JP,219.15,284.13,59.94,51.71,,true,ESTIMATED_MODE_BREAKDOWN
2025-03-20T03:00:00.000000,Japan,Japan,JP,214.57,278.91,60.77,52.11,,true,ESTIMATED_MODE_BREAKDOWN
2025-03-20T04:00:00.000000,Japan,Japan,JP,232.83,299.1,57.44,48.68,,true,ESTIMATED_MODE_BREAKDOWN
2025-03-20T05:00:00.000000,Japan,Japan,JP,255.95,324.56,53.22,44.22,,true,ESTIMATED_MODE_BREAKDOWN
2025-03-20T06:00:00.000000,Japan,Japan,JP,294.99,367.69,46.08,37.04,,true,ESTIMATED_MODE_BREAKDOWN
2025-03-20T07:00:00.000000,Japan,Japan,JP,353.69,432.63,35.37,26.61,,true,ESTIMATED_MODE_BREAKDOWN
2025-03-20T08:00:00.000000,Japan,Japan,JP,414.56,500.36,24.3,15.97,,true,ESTIMATED_MODE_BREAKDOWN
2025-03-20T09:00:00.000000,Japan,Japan,JP,436.59,525.1,20.31,12.45,,true,ESTIMATED_MODE_BREAKDOWN
2025-03-20T10:00:00.000000,Japan,Japan,JP,436.98,525.64,20.24,12.41,,true,ESTIMATED_MODE_BREAKDOWN
2025-03-20T11:00:00.000000,Japan,Japan,JP,435.94,524.44,20.43,12.5,,true,ESTIMATED_MODE_BREAKDOWN
2025-03-20T12:00:00.000000,Japan,Japan,JP,434.4,522.69,20.71,12.56,,true,ESTIMATED_MODE_BREAKDOWN
2025-03-20T13:00:00.000000,Japan,Japan,JP,432.36,520.21,21.08,12.5,,true,ESTIMATED_MODE_BREAKDOWN
2025-03-20T14:00:00.000000,Japan,Japan,JP,430.78,518.34,21.36,12.44,,true,ESTIMATED_MODE_BREAKDOWN
2025-03-20T15:00:00.000000,Japan,Japan,JP,426.12,512.97,22.21,12.64,,true,ESTIMATED_MODE_BREAKDOWN
2025-03-20T16:00:00.000000,Japan,Japan,JP,424.74,511.41,22.47,12.78,,true,ESTIMATED_MODE_BREAKDOWN
2025-03-20T17:00:00.000000,Japan,Japan,JP,425.76,512.66,22.29,12.79,,true,ESTIMATED_MODE_BREAKDOWN
2025-03-20T18:00:00.000000,Japan,Japan,JP,426.8,513.91,22.12,12.82,,true,ESTIMATED_MODE_BREAKDOWN
2025-03-20T19:00:00.000000,Japan,Japan,JP,427.85,515.14,21.93,12.73,,true,ESTIMATED_MODE_BREAKDOWN
2025-03-20T20:00:00.000000,Japan,Japan,JP,429.59,517.14,21.61,12.7,,true,ESTIMATED_MODE_BREAKDOWN
2025-03-20T21:00:00.000000,Japan,Japan,JP,421.19,507.96,23.14,14.66,,true,ESTIMATED_MODE_BREAKDOWN
2025-03-20T22:00:00.000000,Japan,Japan,JP,372.72,454.29,31.96,23.71,,true,ESTIMATED_MODE_BREAKDOWN
2025-03-20T23:00:00.000000,Japan,Japan,JP,310.35,385.22,43.32,35.41,,true,ESTIMATED_MODE_BREAKDOWN
2025-03-21T00:00:00.000000,Japan,Japan,JP,260.83,330.35,52.34,44.6,,true,ESTIMATED_MODE_BREAKDOWN
2025-03-21T01:00:00.000000,Japan,Japan,JP,224.05,289.66,59.05,51.12,,true,ESTIMATED_MODE_BREAKDOWN
2025-03-21T02:00:00.000000,Japan,Japan,JP,205.64,269.22,62.41,54.32,,true,ESTIMATED_MODE_BREAKDOWN
2025-03-21T03:00:00.000000,Japan,Japan,JP,194.53,256.79,64.44,55.9,,true,ESTIMATED_MODE_BREAKDOWN
2025-03-21T04:00:00.000000,Japan,Japan,JP,207.78,271.42,62.02,53.53,,true,ESTIMATED_MODE_BREAKDOWN
2025-03-21T05:00:00.000000,Japan,Japan,JP,230.64,296.56,57.84,49.13,,true,ESTIMATED_MODE_BREAKDOWN
2025-03-21T06:00:00.000000,Japan,Japan,JP,276.82,347.54,49.41,40.57,,true,ESTIMATED_MODE_BREAKDOWN
2025-03-21T07:00:00.000000,Japan,Japan,JP,346.56,424.68,36.68,27.93,,true,ESTIMATED_MODE_BREAKDOWN
2025-03-21T08:00:00.000000,Japan,Japan,JP,410.06,495.19,25.12,16.49,,true,ESTIMATED_MODE_BREAKDOWN
2025-03-21T09:00:00.000000,Japan,Japan,JP,431.4,519.06,21.24,12.9,,true,ESTIMATED_MODE_BREAKDOWN
2025-03-21T10:00:00.000000,Japan,Japan,JP,431.52,519.18,21.22,12.78,,true,ESTIMATED_MODE_BREAKDOWN
2025-03-21T11:00:00.000000,Japan,Japan,JP,430.12,517.6,21.47,12.84,,true,ESTIMATED_MODE_BREAKDOWN
2025-03-21T12:00:00.000000,Japan,Japan,JP,428.13,515.23,21.83,12.84,,true,ESTIMATED_MODE_BREAKDOWN
2025-03-21T13:00:00.000000,Japan,Japan,JP,425.38,512.04,22.32,12.93,,true,ESTIMATED_MODE_BREAKDOWN
2025-03-21T14:00:00.000000,Japan,Japan,JP,423.56,509.91,22.65,12.98,,true,ESTIMATED_MODE_BREAKDOWN
2025-03-21T15:00:00.000000,Japan,Japan,JP,419.18,504.79,23.46,13.07,,true,ESTIMATED_MODE_BREAKDOWN
2025-03-21T16:00:00.000000,Japan,Japan,JP,417.49,502.87,23.77,13.15,,true,ESTIMATED_MODE_BREAKDOWN
2025-03-21T17:00:00.000000,Japan,Japan,JP,418.36,503.99,23.62,13.2,,true,ESTIMATED_MODE_BREAKDOWN
2025-03-21T18:00:00.000000,Japan,Japan,JP,419.83,505.77,23.36,13.18,,true,ESTIMATED_MODE_BREAKDOWN
2025-03-21T19:00:00.000000,Japan,Japan,JP,420.5,506.53,23.24,13.14,,true,ESTIMATED_MODE_BREAKDOWN
2025-03-21T20:00:00.000000,Japan,Japan,JP,419.74,505.65,23.38,13.24,,true,ESTIMATED_MODE_BREAKDOWN
2025-03-21T21:00:00.000000,Japan,Japan,JP,405.5,489.82,25.98,15.74,,true,ESTIMATED_MODE_BREAKDOWN
2025-03-21T22:00:00.000000,Japan,Japan,JP,338.72,415.71,38.16,27.81,,true,ESTIMATED_MODE_BREAKDOWN
2025-03-21T23:00:00.000000,Japan,Japan,JP,259.23,327.79,52.65,42.48,,true,ESTIMATED_MODE_BREAKDOWN
2025-03-22T00:00:00.000000,Japan,Japan,JP,200.76,263.2,63.32,53.24,,true,ESTIMATED_MODE_BREAKDOWN
2025-03-22T01:00:00.000000,Japan,Japan,JP,159.76,217.79,70.81,60.65,,true,ESTIMATED_MODE_BREAKDOWN
2025-03-22T02:00:00.000000,Japan,Japan,JP,142.58,198.76,73.94,63.73,,true,ESTIMATED_MODE_BREAKDOWN
2025-03-22T03:00:00.000000,Japan,Japan,JP,145.41,201.89,73.43,62.97,,true,ESTIMATED_MODE_BREAKDOWN
2025-03-22T04:00:00.000000,Japan,Japan,JP,158.83,216.68,70.98,60.32,,true,ESTIMATED_MODE_BREAKDOWN
2025-03-22T05:00:00.000000,Japan,Japan,JP,185.2,245.76,66.16,55.22,,true,ESTIMATED_MODE_BREAKDOWN
2025-03-22T06:00:00.000000,Japan,Japan,JP,242.63,309.2,55.66,44.6,,true,ESTIMATED_MODE_BREAKDOWN
2025-03-22T07:00:00.000000,Japan,Japan,JP,318.57,392.99,41.79,30.95,,true,ESTIMATED_MODE_BREAKDOWN
2025-03-22T08:00:00.000000,Japan,Japan,JP,394.83,477.68,27.88,17.43,,true,ESTIMATED_MODE_BREAKDOWN
2025-03-22T09:00:00.000000,Japan,Japan,JP,422.37,508.59,22.87,12.93,,true,ESTIMATED_MODE_BREAKDOWN
2025-03-22T10:00:00.000000,Japan,Japan,JP,423.21,509.61,22.72,12.77,,true,ESTIMATED_MODE_BREAKDOWN
2025-03-22T11:00:00.000000,Japan,Japan,JP,422.23,508.47,22.9,12.72,,true,ESTIMATED_MODE_BREAKDOWN
2025-03-22T12:00:00.000000,Japan,Japan,JP,420.06,505.99,23.29,12.75,,true,ESTIMATED_MODE_BREAKDOWN
2025-03-22T13:00:00.000000,Japan,Japan,JP,417.14,502.61,23.82,12.8,,true,ESTIMATED_MODE_BREAKDOWN
2025-03-22T14:00:00.000000,Japan,Japan,JP,415.75,500.9,24.08,12.81,,true,ESTIMATED_MODE_BREAKDOWN
2025-03-22T15:00:00.000000,Japan,Japan,JP,411.2,495.57,24.91,12.89,,true,ESTIMATED_MODE_BREAKDOWN
2025-03-22T16:00:00.000000,Japan,Japan,JP,410.62,494.96,25.04,12.82,,true,ESTIMATED_MODE_BREAKDOWN
2025-03-22T17:00:00.000000,Japan,Japan,JP,412.4,497.09,24.72,12.88,,true,ESTIMATED_MODE_BREAKDOWN
2025-03-22T18:00:00.000000,Japan,Japan,JP,414.6,499.79,24.33,12.91,,true,ESTIMATED_MODE_BREAKDOWN
2025-03-22T19:00:00.000000,Japan,Japan,JP,415.62,500.97,24.14,12.87,,true,ESTIMATED_MODE_BREAKDOWN
2025-03-22T20:00:00.000000,Japan,Japan,JP,415.14,500.34,24.23,12.84,,true,ESTIMATED_MODE_BREAKDOWN
2025-03-22T21:00:00.000000,Japan,Japan,JP,399.18,482.47,27.14,15.39,,true,ESTIMATED_MODE_BREAKDOWN
2025-03-22T22:00:00.000000,Japan,Japan,JP,325.31,400.57,40.6,28.67,,true,ESTIMATED_MODE_BREAKDOWN
2025-03-22T23:00:00.000000,Japan,Japan,JP,239.8,306.08,56.19,44.46,,true,ESTIMATED_MODE_BREAKDOWN
2025-03-23T00:00:00.000000,Japan,Japan,JP,180.12,240.22,67.1,55.6,,true,ESTIMATED_MODE_BREAKDOWN
2025-03-23T01:00:00.000000,Japan,Japan,JP,154.72,212.25,71.74,60.5,,true,ESTIMATED_MODE_BREAKDOWN
2025-03-23T02:00:00.000000,Japan,Japan,JP,145.36,201.86,73.43,62.26,,true,ESTIMATED_MODE_BREAKDOWN
2025-03-23T03:00:00.000000,Japan,Japan,JP,148.45,205.34,72.88,61.59,,true,ESTIMATED_MODE_BREAKDOWN
2025-03-23T04:00:00.000000,Japan,Japan,JP,153.63,210.95,71.94,60.38,,true,ESTIMATED_MODE_BREAKDOWN
2025-03-23T05:00:00.000000,Japan,Japan,JP,180.63,240.71,66.99,55.25,,true,ESTIMATED_MODE_BREAKDOWN
2025-03-23T06:00:00.000000,Japan,Japan,JP,235.82,301.71,56.9,45.08,,true,ESTIMATED_MODE_BREAKDOWN
2025-03-23T07:00:00.000000,Japan,Japan,JP,312.75,386.63,42.85,31.36,,true,ESTIMATED_MODE_BREAKDOWN
2025-03-23T08:00:00.000000,Japan,Japan,JP,395.09,478.16,27.85,16.98,,true,ESTIMATED_MODE_BREAKDOWN
2025-03-23T09:00:00.000000,Japan,Japan,JP,424.2,510.83,22.55,12.3,,true,ESTIMATED_MODE_BREAKDOWN
2025-03-23T10:00:00.000000,Japan,Japan,JP,425.53,512.36,22.3,12.09,,true,ESTIMATED_MODE_BREAKDOWN
2025-03-23T11:00:00.000000,Japan,Japan,JP,424.94,511.68,22.42,11.99,,true,ESTIMATED_MODE_BREAKDOWN
2025-03-23T12:00:00.000000,Japan,Japan,JP,423.92,510.55,22.64,11.81,,true,ESTIMATED_MODE_BREAKDOWN
2025-03-23T13:00:00.000000,Japan,Japan,JP,421.55,507.76,23.08,11.73,,true,ESTIMATED_MODE_BREAKDOWN
2025-03-23T14:00:00.000000,Japan,Japan,JP,420.55,506.61,23.26,11.67,,true,ESTIMATED_MODE_BREAKDOWN
2025-03-23T15:00:00.000000,Japan,Japan,JP,416.45,501.78,24.02,11.77,,true,ESTIMATED_MODE_BREAKDOWN
2025-03-23T16:00:00.000000,Japan,Japan,JP,415.58,500.87,24.18,11.88,,true,ESTIMATED_MODE_BREAKDOWN
2025-03-23T17:00:00.000000,Japan,Japan,JP,417.93,503.64,23.76,11.92,,true,ESTIMATED_MODE_BREAKDOWN
2025-03-23T18:00:00.000000,Japan,Japan,JP,419.85,506.01,23.41,12.07,,true,ESTIMATED_MODE_BREAKDOWN
2025-03-23T19:00:00.000000,Japan,Japan,JP,421.48,507.9,23.12,12.04,,true,ESTIMATED_MODE_BREAKDOWN
2025-03-23T20:00:00.000000,Japan,Japan,JP,422.93,509.6,22.85,12.06,,true,ESTIMATED_MODE_BREAKDOWN
2025-03-23T21:00:00.000000,Japan,Japan,JP,410.1,495.47,25.19,14.7,,true,ESTIMATED_MODE_BREAKDOWN
2025-03-23T22:00:00.000000,Japan,Japan,JP,366.35,447.1,33.16,23.13,,true,ESTIMATED_MODE_BREAKDOWN
2025-03-23T23:00:00.000000,Japan,Japan,JP,329.08,405.99,39.96,30.84,,true,ESTIMATED_MODE_BREAKDOWN
2025-03-24T00:00:00.000000,Japan,Japan,JP,297.87,371.48,45.64,36.97,,true,ESTIMATED_MODE_BREAKDOWN
2025-03-24T01:00:00.000000,Japan,Japan,JP,270.68,341.45,50.61,41.99,,true,ESTIMATED_MODE_BREAKDOWN
2025-03-24T02:00:00.000000,Japan,Japan,JP,259.84,329.4,52.6,43.82,,true,ESTIMATED_MODE_BREAKDOWN
2025-03-24T03:00:00.000000,Japan,Japan,JP,240.61,307.92,56.12,46.93,,true,ESTIMATED_MODE_BREAKDOWN
2025-03-24T04:00:00.000000,Japan,Japan,JP,272.0,342.7,50.4,41.45,,true,ESTIMATED_MODE_BREAKDOWN
2025-03-24T05:00:00.000000,Japan,Japan,JP,300.47,374.21,45.2,36.2,,true,ESTIMATED_MODE_BREAKDOWN
2025-03-24T06:00:00.000000,Japan,Japan,JP,332.62,409.59,39.3,30.24,,true,ESTIMATED_MODE_BREAKDOWN
2025-03-24T07:00:00.000000,Japan,Japan,JP,376.11,457.62,31.34,22.4,,true,ESTIMATED_MODE_BREAKDOWN
2025-03-24T08:00:00.000000,Japan,Japan,JP,416.21,502.19,24.04,15.05,,true,ESTIMATED_MODE_BREAKDOWN
2025-03-24T09:00:00.000000,Japan,Japan,JP,431.77,519.64,21.21,12.38,,true,ESTIMATED_MODE_BREAKDOWN
2025-03-24T10:00:00.000000,Japan,Japan,JP,430.97,518.74,21.36,12.33,,true,ESTIMATED_MODE_BREAKDOWN
2025-03-24T11:00:00.000000,Japan,Japan,JP,428.76,516.18,21.77,12.42,,true,ESTIMATED_MODE_BREAKDOWN
2025-03-24T12:00:00.000000,Japan,Japan,JP,426.17,513.2,22.24,12.5,,true,ESTIMATED_MODE_BREAKDOWN
2025-03-24T13:00:00.000000,Japan,Japan,JP,423.23,509.76,22.77,12.59,,true,ESTIMATED_MODE_BREAKDOWN
2025-03-24T14:00:00.000000,Japan,Japan,JP,421.22,507.43,23.14,12.68,,true,ESTIMATED_MODE_BREAKDOWN
2025-03-24T15:00:00.000000,Japan,Japan,JP,417.59,503.0,23.81,12.55,,true,ESTIMATED_MODE_BREAKDOWN
2025-03-24T16:00:00.000000,Japan,Japan,JP,416.63,501.93,23.99,12.55,,true,ESTIMATED_MODE_BREAKDOWN
2025-03-24T17:00:00.000000,Japan,Japan,JP,418.29,503.91,23.69,12.53,,true,ESTIMATED_MODE_BREAKDOWN
2025-03-24T18:00:00.000000,Japan,Japan,JP,420.86,507.06,23.23,12.45,,true,ESTIMATED_MODE_BREAKDOWN
2025-03-24T19:00:00.000000,Japan,Japan,JP,421.93,508.34,23.03,12.44,,true,ESTIMATED_MODE_BREAKDOWN
2025-03-24T20:00:00.000000,Japan,Japan,JP,423.2,509.87,22.8,12.37,,true,ESTIMATED_MODE_BREAKDOWN
2025-03-24T21:00:00.000000,Japan,Japan,JP,410.46,495.82,25.12,14.86,,true,ESTIMATED_MODE_BREAKDOWN
2025-03-24T22:00:00.000000,Japan,Japan,JP,354.03,433.32,35.41,25.41,,true,ESTIMATED_MODE_BREAKDOWN
2025-03-24T23:00:00.000000,Japan,Japan,JP,290.88,363.61,46.93,37.72,,true,ESTIMATED_MODE_BREAKDOWN
2025-03-25T00:00:00.000000,Japan,Japan,JP,245.03,313.04,55.29,46.49,,true,ESTIMATED_MODE_BREAKDOWN
2025-03-25T01:00:00.000000,Japan,Japan,JP,208.09,272.19,62.04,53.25,,true,ESTIMATED_MODE_BREAKDOWN
2025-03-25T02:00:00.000000,Japan,Japan,JP,191.09,253.47,65.16,56.38,,true,ESTIMATED_MODE_BREAKDOWN
2025-03-25T03:00:00.000000,Japan,Japan,JP,177.52,238.28,67.64,58.39,,true,ESTIMATED_MODE_BREAKDOWN
2025-03-25T04:00:00.000000,Japan,Japan,JP,200.86,264.05,63.37,54.39,,true,ESTIMATED_MODE_BREAKDOWN
2025-03-25T05:00:00.000000,Japan,Japan,JP,232.29,298.65,57.62,48.57,,true,ESTIMATED_MODE_BREAKDOWN
2025-03-25T06:00:00.000000,Japan,Japan,JP,282.09,353.63,48.52,39.36,,true,ESTIMATED_MODE_BREAKDOWN
2025-03-25T07:00:00.000000,Japan,Japan,JP,350.02,428.78,36.12,26.97,,true,ESTIMATED_MODE_BREAKDOWN
2025-03-25T08:00:00.000000,Japan,Japan,JP,409.63,494.97,25.25,15.95,,true,ESTIMATED_MODE_BREAKDOWN
2025-03-25T09:00:00.000000,Japan,Japan,JP,430.8,518.59,21.39,12.27,,true,ESTIMATED_MODE_BREAKDOWN
2025-03-25T10:00:00.000000,Japan,Japan,JP,429.61,517.19,21.61,12.27,,true,ESTIMATED_MODE_BREAKDOWN
2025-03-25T11:00:00.000000,Japan,Japan,JP,426.93,514.09,22.1,12.42,,true,ESTIMATED_MODE_BREAKDOWN
2025-03-25T12:00:00.000000,Japan,Japan,JP,423.72,510.39,22.69,12.61,,true,ESTIMATED_MODE_BREAKDOWN
2025-03-25T13:00:00.000000,Japan,Japan,JP,421.46,507.71,23.1,12.56,,true,ESTIMATED_MODE_BREAKDOWN
2025-03-25T14:00:00.000000,Japan,Japan,JP,419.07,504.95,23.54,12.68,,true,ESTIMATED_MODE_BREAKDOWN
2025-03-25T15:00:00.000000,Japan,Japan,JP,414.9,499.93,24.31,12.66,,true,ESTIMATED_MODE_BREAKDOWN
2025-03-25T16:00:00.000000,Japan,Japan,JP,414.12,499.06,24.45,12.73,,true,ESTIMATED_MODE_BREAKDOWN
2025-03-25T17:00:00.000000,Japan,Japan,JP,414.85,499.96,24.32,12.82,,true,ESTIMATED_MODE_BREAKDOWN
2025-03-25T18:00:00.000000,Japan,Japan,JP,415.2,500.37,24.26,13.12,,true,ESTIMATED_MODE_BREAKDOWN
2025-03-25T19:00:00.000000,Japan,Japan,JP,415.83,501.23,24.15,13.17,,true,ESTIMATED_MODE_BREAKDOWN
2025-03-25T20:00:00.000000,Japan,Japan,JP,415.15,500.55,24.28,13.38,,true,ESTIMATED_MODE_BREAKDOWN
2025-03-25T21:00:00.000000,Japan,Japan,JP,401.1,484.98,26.83,15.99,,true,ESTIMATED_MODE_BREAKDOWN
2025-03-25T22:00:00.000000,Japan,Japan,JP,344.3,422.05,37.19,26.72,,true,ESTIMATED_MODE_BREAKDOWN
2025-03-25T23:00:00.000000,Japan,Japan,JP,289.78,361.95,47.13,37.54,,true,ESTIMATED_MODE_BREAKDOWN
2025-03-26T00:00:00.000000,Japan,Japan,JP,245.47,313.23,55.22,46.2,,true,ESTIMATED_MODE_BREAKDOWN
2025-03-26T01:00:00.000000,Japan,Japan,JP,208.04,271.84,62.06,53.05,,true,ESTIMATED_MODE_BREAKDOWN
2025-03-26T02:00:00.000000,Japan,Japan,JP,189.3,251.17,65.48,56.49,,true,ESTIMATED_MODE_BREAKDOWN
2025-03-26T03:00:00.000000,Japan,Japan,JP,180.46,241.38,67.1,57.85,,true,ESTIMATED_MODE_BREAKDOWN
2025-03-26T04:00:00.000000,Japan,Japan,JP,201.24,264.38,63.3,54.28,,true,ESTIMATED_MODE_BREAKDOWN
2025-03-26T05:00:00.000000,Japan,Japan,JP,231.44,297.71,57.77,48.72,,true,ESTIMATED_MODE_BREAKDOWN
2025-03-26T06:00:00.000000,Japan,Japan,JP,279.99,351.35,48.9,39.74,,true,ESTIMATED_MODE_BREAKDOWN
2025-03-26T07:00:00.000000,Japan,Japan,JP,347.8,426.38,36.52,27.4,,true,ESTIMATED_MODE_BREAKDOWN
2025-03-26T08:00:00.000000,Japan,Japan,JP,407.4,492.52,25.65,16.39,,true,ESTIMATED_MODE_BREAKDOWN
2025-03-26T09:00:00.000000,Japan,Japan,JP,429.58,517.3,21.61,12.53,,true,ESTIMATED_MODE_BREAKDOWN
2025-03-26T10:00:00.000000,Japan,Japan,JP,429.42,517.11,21.64,12.37,,true,ESTIMATED_MODE_BREAKDOWN
2025-03-26T11:00:00.000000,Japan,Japan,JP,427.9,515.38,21.92,12.31,,true,ESTIMATED_MODE_BREAKDOWN
2025-03-26T12:00:00.000000,Japan,Japan,JP,426.39,513.61,22.2,12.17,,true,ESTIMATED_MODE_BREAKDOWN
2025-03-26T13:00:00.000000,Japan,Japan,JP,424.16,510.94,22.61,12.11,,true,ESTIMATED_MODE_BREAKDOWN
2025-03-26T14:00:00.000000,Japan,Japan,JP,422.6,509.09,22.89,12.12,,true,ESTIMATED_MODE_BREAKDOWN
2025-03-26T15:00:00.000000,Japan,Japan,JP,418.79,504.54,23.59,12.09,,true,ESTIMATED_MODE_BREAKDOWN
2025-03-26T16:00:00.000000,Japan,Japan,JP,418.07,503.7,23.72,12.06,,true,ESTIMATED_MODE_BREAKDOWN
2025-03-26T17:00:00.000000,Japan,Japan,JP,419.26,505.16,23.51,12.13,,true,ESTIMATED_MODE_BREAKDOWN
2025-03-26T18:00:00.000000,Japan,Japan,JP,421.06,507.28,23.19,12.22,,true,ESTIMATED_MODE_BREAKDOWN
2025-03-26T19:00:00.000000,Japan,Japan,JP,422.31,508.75,22.96,12.17,,true,ESTIMATED_MODE_BREAKDOWN
2025-03-26T20:00:00.000000,Japan,Japan,JP,421.48,507.86,23.11,12.38,,true,ESTIMATED_MODE_BREAKDOWN
2025-03-26T21:00:00.000000,Japan,Japan,JP,408.38,493.37,25.5,14.85,,true,ESTIMATED_MODE_BREAKDOWN
2025-03-26T22:00:00.000000,Japan,Japan,JP,369.17,450.08,32.64,22.34,,true,ESTIMATED_MODE_BREAKDOWN
2025-03-26T23:00:00.000000,Japan,Japan,JP,327.66,404.42,40.22,30.77,,true,ESTIMATED_MODE_BREAKDOWN
2025-03-27T00:00:00.000000,Japan,Japan,JP,290.43,363.43,47.03,38.06,,true,ESTIMATED_MODE_BREAKDOWN
2025-03-27T01:00:00.000000,Japan,Japan,JP,263.25,333.39,51.99,43.11,,true,ESTIMATED_MODE_BREAKDOWN
2025-03-27T02:00:00.000000,Japan,Japan,JP,265.65,336.07,51.57,42.74,,true,ESTIMATED_MODE_BREAKDOWN
2025-03-27T03:00:00.000000,Japan,Japan,JP,258.02,327.38,52.94,43.65,,true,ESTIMATED_MODE_BREAKDOWN
2025-03-27T04:00:00.000000,Japan,Japan,JP,282.43,354.57,48.47,39.53,,true,ESTIMATED_MODE_BREAKDOWN
2025-03-27T05:00:00.000000,Japan,Japan,JP,316.77,392.59,42.2,33.31,,true,ESTIMATED_MODE_BREAKDOWN
2025-03-27T06:00:00.000000,Japan,Japan,JP,355.59,435.39,35.1,26.15,,true,ESTIMATED_MODE_BREAKDOWN
2025-03-27T07:00:00.000000,Japan,Japan,JP,395.78,479.8,27.78,18.83,,true,ESTIMATED_MODE_BREAKDOWN
2025-03-27T08:00:00.000000,Japan,Japan,JP,422.13,508.95,22.97,13.93,,true,ESTIMATED_MODE_BREAKDOWN
2025-03-27T09:00:00.000000,Japan,Japan,JP,428.28,515.77,21.85,12.83,,true,ESTIMATED_MODE_BREAKDOWN
2025-03-27T10:00:00.000000,Japan,Japan,JP,428.16,515.55,21.88,12.57,,true,ESTIMATED_MODE_BREAKDOWN
2025-03-27T11:00:00.000000,Japan,Japan,JP,426.02,513.06,22.27,12.6,,true,ESTIMATED_MODE_BREAKDOWN
2025-03-27T12:00:00.000000,Japan,Japan,JP,423.83,510.53,22.67,12.57,,true,ESTIMATED_MODE_BREAKDOWN
2025-03-27T13:00:00.000000,Japan,Japan,JP,421.05,507.27,23.18,12.58,,true,ESTIMATED_MODE_BREAKDOWN
2025-03-27T14:00:00.000000,Japan,Japan,JP,419.28,505.1,23.5,12.58,,true,ESTIMATED_MODE_BREAKDOWN
2025-03-27T15:00:00.000000,Japan,Japan,JP,411.19,495.6,24.99,12.29,,true,ESTIMATED_MODE_BREAKDOWN
2025-03-27T16:00:00.000000,Japan,Japan,JP,414.91,499.81,24.31,12.38,,true,ESTIMATED_MODE_BREAKDOWN
2025-03-27T17:00:00.000000,Japan,Japan,JP,416.85,502.1,23.96,12.36,,true,ESTIMATED_MODE_BREAKDOWN
2025-03-27T18:00:00.000000,Japan,Japan,JP,419.43,505.26,23.49,12.55,,true,ESTIMATED_MODE_BREAKDOWN
2025-03-27T19:00:00.000000,Japan,Japan,JP,420.63,506.82,23.27,12.67,,true,ESTIMATED_MODE_BREAKDOWN
2025-03-27T20:00:00.000000,Japan,Japan,JP,420.49,506.87,23.29,12.97,,true,ESTIMATED_MODE_BREAKDOWN
2025-03-27T21:00:00.000000,Japan,Japan,JP,417.81,504.03,23.77,13.81,,true,ESTIMATED_MODE_BREAKDOWN
2025-03-27T22:00:00.000000,Japan,Japan,JP,401.68,486.37,26.7,17.45,,true,ESTIMATED_MODE_BREAKDOWN
2025-03-27T23:00:00.000000,Japan,Japan,JP,382.34,465.4,30.23,21.97,,true,ESTIMATED_MODE_BREAKDOWN
2025-03-28T00:00:00.000000,Japan,Japan,JP,353.85,434.06,35.43,27.76,,true,ESTIMATED_MODE_BREAKDOWN
2025-03-28T01:00:00.000000,Japan,Japan,JP,315.82,391.99,42.38,34.8,,true,ESTIMATED_MODE_BREAKDOWN
2025-03-28T02:00:00.000000,Japan,Japan,JP,306.44,381.61,44.09,36.52,,true,ESTIMATED_MODE_BREAKDOWN
2025-03-28T03:00:00.000000,Japan,Japan,JP,303.76,378.51,44.57,36.56,,true,ESTIMATED_MODE_BREAKDOWN
2025-03-28T04:00:00.000000,Japan,Japan,JP,326.62,403.89,40.4,32.64,,true,ESTIMATED_MODE_BREAKDOWN
2025-03-28T05:00:00.000000,Japan,Japan,JP,343.15,422.1,37.39,29.53,,true,ESTIMATED_MODE_BREAKDOWN
2025-03-28T06:00:00.000000,Japan,Japan,JP,368.26,449.8,32.81,24.94,,true,ESTIMATED_MODE_BREAKDOWN
2025-03-28T07:00:00.000000,Japan,Japan,JP,405.21,490.66,26.06,18.19,,true,ESTIMATED_MODE_BREAKDOWN
2025-03-28T08:00:00.000000,Japan,Japan,JP,426.61,514.39,22.15,14.34,,true,ESTIMATED_MODE_BREAKDOWN
2025-03-28T09:00:00.000000,Japan,Japan,JP,431.43,519.88,21.27,13.63,,true,ESTIMATED_MODE_BREAKDOWN
2025-03-28T10:00:00.000000,Japan,Japan,JP,430.6,518.96,21.43,13.59,,true,ESTIMATED_MODE_BREAKDOWN
2025-03-28T11:00:00.000000,Japan,Japan,JP,428.86,516.97,21.74,13.65,,true,ESTIMATED_MODE_BREAKDOWN
2025-03-28T12:00:00.000000,Japan,Japan,JP,426.48,514.18,22.18,13.79,,true,ESTIMATED_MODE_BREAKDOWN
2025-03-28T13:00:00.000000,Japan,Japan,JP,424.93,512.23,22.46,13.73,,true,ESTIMATED_MODE_BREAKDOWN
2025-03-28T14:00:00.000000,Japan,Japan,JP,423.67,510.75,22.69,13.76,,true,ESTIMATED_MODE_BREAKDOWN
2025-03-28T15:00:00.000000,Japan,Japan,JP,415.48,501.3,24.2,13.78,,true,ESTIMATED_MODE_BREAKDOWN
2025-03-28T16:00:00.000000,Japan,Japan,JP,418.79,505.15,23.59,13.98,,true,ESTIMATED_MODE_BREAKDOWN
2025-03-28T17:00:00.000000,Japan,Japan,JP,419.78,506.41,23.41,14.01,,true,ESTIMATED_MODE_BREAKDOWN
2025-03-28T18:00:00.000000,Japan,Japan,JP,422.05,509.09,23.0,13.83,,true,ESTIMATED_MODE_BREAKDOWN
2025-03-28T19:00:00.000000,Japan,Japan,JP,422.77,509.95,22.88,13.8,,true,ESTIMATED_MODE_BREAKDOWN
2025-03-28T20:00:00.000000,Japan,Japan,JP,421.61,508.7,23.09,13.99,,true,ESTIMATED_MODE_BREAKDOWN
2025-03-28T21:00:00.000000,Japan,Japan,JP,416.74,503.34,23.97,14.96,,true,ESTIMATED_MODE_BREAKDOWN
2025-03-28T22:00:00.000000,Japan,Japan,JP,396.7,481.01,27.61,18.68,,true,ESTIMATED_MODE_BREAKDOWN
2025-03-28T23:00:00.000000,Japan,Japan,JP,372.06,453.8,32.11,23.66,,true,ESTIMATED_MODE_BREAKDOWN
2025-03-29T00:00:00.000000,Japan,Japan,JP,348.84,427.81,36.34,27.45,,true,ESTIMATED_MODE_BREAKDOWN
2025-03-29T01:00:00.000000,Japan,Japan,JP,320.01,395.63,41.58,32.61,,true,ESTIMATED_MODE_BREAKDOWN
2025-03-29T02:00:00.000000,Japan,Japan,JP,299.88,373.35,45.25,36.23,,true,ESTIMATED_MODE_BREAKDOWN
2025-03-29T03:00:00.000000,Japan,Japan,JP,290.26,362.65,47.01,37.74,,true,ESTIMATED_MODE_BREAKDOWN
2025-03-29T04:00:00.000000,Japan,Japan,JP,292.15,364.79,46.67,37.35,,true,ESTIMATED_MODE_BREAKDOWN
2025-03-29T05:00:00.000000,Japan,Japan,JP,309.78,384.38,43.45,34.17,,true,ESTIMATED_MODE_BREAKDOWN
2025-03-29T06:00:00.000000,Japan,Japan,JP,355.02,434.5,35.2,26.02,,true,ESTIMATED_MODE_BREAKDOWN
2025-03-29T07:00:00.000000,Japan,Japan,JP,399.77,484.15,27.05,18.19,,true,ESTIMATED_MODE_BREAKDOWN
2025-03-29T08:00:00.000000,Japan,Japan,JP,427.77,515.47,21.93,13.61,,true,ESTIMATED_MODE_BREAKDOWN
2025-03-29T09:00:00.000000,Japan,Japan,JP,436.31,525.18,20.38,12.47,,true,ESTIMATED_MODE_BREAKDOWN
2025-03-29T10:00:00.000000,Japan,Japan,JP,436.5,525.47,20.34,12.36,,true,ESTIMATED_MODE_BREAKDOWN
2025-03-29T11:00:00.000000,Japan,Japan,JP,435.54,524.36,20.52,12.32,,true,ESTIMATED_MODE_BREAKDOWN
2025-03-29T12:00:00.000000,Japan,Japan,JP,433.73,522.3,20.85,12.33,,true,ESTIMATED_MODE_BREAKDOWN
2025-03-29T13:00:00.000000,Japan,Japan,JP,431.65,519.89,21.23,12.38,,true,ESTIMATED_MODE_BREAKDOWN
2025-03-29T14:00:00.000000,Japan,Japan,JP,429.87,517.81,21.55,12.47,,true,ESTIMATED_MODE_BREAKDOWN
2025-03-29T15:00:00.000000,Japan,Japan,JP,423.73,510.65,22.68,12.46,,true,ESTIMATED_MODE_BREAKDOWN
2025-03-29T16:00:00.000000,Japan,Japan,JP,424.4,511.45,22.56,12.66,,true,ESTIMATED_MODE_BREAKDOWN
2025-03-29T17:00:00.000000,Japan,Japan,JP,424.49,511.62,22.55,12.88,,true,ESTIMATED_MODE_BREAKDOWN
2025-03-29T18:00:00.000000,Japan,Japan,JP,424.11,511.26,22.63,13.2,,true,ESTIMATED_MODE_BREAKDOWN
2025-03-29T19:00:00.000000,Japan,Japan,JP,424.75,512.07,22.51,13.25,,true,ESTIMATED_MODE_BREAKDOWN
2025-03-29T20:00:00.000000,Japan,Japan,JP,423.2,510.38,22.8,13.58,,true,ESTIMATED_MODE_BREAKDOWN
2025-03-29T21:00:00.000000,Japan,Japan,JP,409.24,494.85,25.34,16.04,,true,ESTIMATED_MODE_BREAKDOWN
2025-03-29T22:00:00.000000,Japan,Japan,JP,360.04,440.3,34.3,24.92,,true,ESTIMATED_MODE_BREAKDOWN
2025-03-29T23:00:00.000000,Japan,Japan,JP,292.02,365.12,46.72,37.51,,true,ESTIMATED_MODE_BREAKDOWN
2025-03-30T00:00:00.000000,Japan,Japan,JP,242.48,310.25,55.77,46.44,,true,ESTIMATED_MODE_BREAKDOWN
2025-03-30T01:00:00.000000,Japan,Japan,JP,223.7,289.47,59.19,50.02,,true,ESTIMATED_MODE_BREAKDOWN
2025-03-30T02:00:00.000000,Japan,Japan,JP,210.84,275.24,61.53,52.35,,true,ESTIMATED_MODE_BREAKDOWN
2025-03-30T03:00:00.000000,Japan,Japan,JP,203.25,266.83,62.92,53.61,,true,ESTIMATED_MODE_BREAKDOWN
2025-03-30T04:00:00.000000,Japan,Japan,JP,208.01,271.94,62.05,52.51,,true,ESTIMATED_MODE_BREAKDOWN
2025-03-30T05:00:00.000000,Japan,Japan,JP,235.23,301.91,57.07,47.39,,true,ESTIMATED_MODE_BREAKDOWN
2025-03-30T06:00:00.000000,Japan,Japan,JP,288.47,360.74,47.36,37.63,,true,ESTIMATED_MODE_BREAKDOWN
2025-03-30T07:00:00.000000,Japan,Japan,JP,360.66,440.65,34.18,24.84,,true,ESTIMATED_MODE_BREAKDOWN
2025-03-30T08:00:00.000000,Japan,Japan,JP,413.78,499.72,24.49,15.91,,true,ESTIMATED_MODE_BREAKDOWN
2025-03-30T09:00:00.000000,Japan,Japan,JP,430.76,518.82,21.4,13.44,,true,ESTIMATED_MODE_BREAKDOWN
2025-03-30T10:00:00.000000,Japan,Japan,JP,432.17,520.42,21.14,13.23,,true,ESTIMATED_MODE_BREAKDOWN
2025-03-30T11:00:00.000000,Japan,Japan,JP,431.69,519.85,21.23,13.19,,true,ESTIMATED_MODE_BREAKDOWN
2025-03-30T12:00:00.000000,Japan,Japan,JP,431.05,519.15,21.35,13.04,,true,ESTIMATED_MODE_BREAKDOWN
2025-03-30T13:00:00.000000,Japan,Japan,JP,427.61,515.23,21.98,13.18,,true,ESTIMATED_MODE_BREAKDOWN
2025-03-30T14:00:00.000000,Japan,Japan,JP,425.87,513.25,22.3,13.24,,true,ESTIMATED_MODE_BREAKDOWN
2025-03-30T15:00:00.000000,Japan,Japan,JP,419.98,506.46,23.38,13.25,,true,ESTIMATED_MODE_BREAKDOWN
2025-03-30T16:00:00.000000,Japan,Japan,JP,421.28,508.01,23.14,13.33,,true,ESTIMATED_MODE_BREAKDOWN
2025-03-30T17:00:00.000000,Japan,Japan,JP,423.38,510.47,22.76,13.21,,true,ESTIMATED_MODE_BREAKDOWN
2025-03-30T18:00:00.000000,Japan,Japan,JP,425.96,513.56,22.3,13.05,,true,ESTIMATED_MODE_BREAKDOWN
2025-03-30T19:00:00.000000,Japan,Japan,JP,427.49,515.31,22.02,12.98,,true,ESTIMATED_MODE_BREAKDOWN
2025-03-30T20:00:00.000000,Japan,Japan,JP,429.77,517.9,21.61,12.9,,true,ESTIMATED_MODE_BREAKDOWN
2025-03-30T21:00:00.000000,Japan,Japan,JP,419.92,507.06,23.4,15.05,,true,ESTIMATED_MODE_BREAKDOWN
2025-03-30T22:00:00.000000,Japan,Japan,JP,380.81,463.69,30.52,22.45,,true,ESTIMATED_MODE_BREAKDOWN
2025-03-30T23:00:00.000000,Japan,Japan,JP,341.59,420.42,37.67,30.13,,true,ESTIMATED_MODE_BREAKDOWN
2025-03-31T00:00:00.000000,Japan,Japan,JP,322.41,399.41,41.16,34.4,,true,ESTIMATED_MODE_BREAKDOWN
2025-03-31T01:00:00.000000,Japan,Japan,JP,305.72,380.87,44.21,37.43,,true,ESTIMATED_MODE_BREAKDOWN
2025-03-31T02:00:00.000000,Japan,Japan,JP,299.34,373.67,45.36,38.42,,true,ESTIMATED_MODE_BREAKDOWN
2025-03-31T03:00:00.000000,Japan,Japan,JP,296.32,370.24,45.93,38.61,,true,ESTIMATED_MODE_BREAKDOWN
2025-03-31T04:00:00.000000,Japan,Japan,JP,314.56,390.43,42.6,35.41,,true,ESTIMATED_MODE_BREAKDOWN
2025-03-31T05:00:00.000000,Japan,Japan,JP,335.85,413.89,38.7,31.46,,true,ESTIMATED_MODE_BREAKDOWN
2025-03-31T06:00:00.000000,Japan,Japan,JP,362.79,443.6,33.76,26.42,,true,ESTIMATED_MODE_BREAKDOWN
2025-03-31T07:00:00.000000,Japan,Japan,JP,400.07,484.96,26.95,19.72,,true,ESTIMATED_MODE_BREAKDOWN
2025-03-31T08:00:00.000000,Japan,Japan,JP,432.67,521.24,21.02,14.01,,true,ESTIMATED_MODE_BREAKDOWN
2025-03-31T09:00:00.000000,Japan,Japan,JP,445.04,535.16,18.78,12.04,,true,ESTIMATED_MODE_BREAKDOWN
2025-03-31T10:00:00.000000,Japan,Japan,JP,445.38,535.57,18.73,11.93,,true,ESTIMATED_MODE_BREAKDOWN
2025-03-31T11:00:00.000000,Japan,Japan,JP,444.43,534.45,18.9,11.95,,true,ESTIMATED_MODE_BREAKDOWN
2025-03-31T12:00:00.000000,Japan,Japan,JP,442.99,532.76,19.16,11.95,,true,ESTIMATED_MODE_BREAKDOWN
2025-03-31T13:00:00.000000,Japan,Japan,JP,440.65,530.04,19.59,11.98,,true,ESTIMATED_MODE_BREAKDOWN
2025-03-31T14:00:00.000000,Japan,Japan,JP,438.22,527.3,20.03,12.07,,true,ESTIMATED_MODE_BREAKDOWN
2025-03-31T15:00:00.000000,Japan,Japan,JP,434.71,523.2,20.67,12.08,,true,ESTIMATED_MODE_BREAKDOWN
2025-03-31T16:00:00.000000,Japan,Japan,JP,433.0,521.33,20.99,12.14,,true,ESTIMATED_MODE_BREAKDOWN
2025-03-31T17:00:00.000000,Japan,Japan,JP,433.4,521.92,20.93,12.24,,true,ESTIMATED_MODE_BREAKDOWN
2025-03-31T18:00:00.000000,Japan,Japan,JP,434.07,522.8,20.81,12.36,,true,ESTIMATED_MODE_BREAKDOWN
2025-03-31T19:00:00.000000,Japan,Japan,JP,434.9,523.81,20.67,12.37,,true,ESTIMATED_MODE_BREAKDOWN
2025-03-31T20:00:00.000000,Japan,Japan,JP,436.31,525.33,20.41,12.36,,true,ESTIMATED_MODE_BREAKDOWN
2025-03-31T21:00:00.000000,Japan,Japan,JP,431.96,520.51,21.19,13.58,,true,ESTIMATED_MODE_BREAKDOWN
2025-03-31T22:00:00.000000,Japan,Japan,JP,416.64,503.42,23.95,16.74,,true,ESTIMATED_MODE_BREAKDOWN
2025-03-31T23:00:00.000000,Japan,Japan,JP,402.89,488.2,26.44,19.76,,true,ESTIMATED_MODE_BREAKDOWN
2025-04-01T00:00:00.000000,Japan,Japan,JP,390.45,474.34,28.71,23.12,,true,ESTIMATED_MODE_BREAKDOWN
2025-04-01T01:00:00.000000,Japan,Japan,JP,374.35,456.47,31.64,26.05,,true,ESTIMATED_MODE_BREAKDOWN
2025-04-01T02:00:00.000000,Japan,Japan,JP,366.01,447.2,33.16,27.54,,true,ESTIMATED_MODE_BREAKDOWN
2025-04-01T03:00:00.000000,Japan,Japan,JP,361.95,442.64,33.9,28.06,,true,ESTIMATED_MODE_BREAKDOWN
2025-04-01T04:00:00.000000,Japan,Japan,JP,373.62,455.61,31.78,26.06,,true,ESTIMATED_MODE_BREAKDOWN
2025-04-01T05:00:00.000000,Japan,Japan,JP,385.81,469.11,29.57,23.79,,true,ESTIMATED_MODE_BREAKDOWN
2025-04-01T06:00:00.000000,Japan,Japan,JP,402.8,487.93,26.47,20.68,,true,ESTIMATED_MODE_BREAKDOWN
2025-04-01T07:00:00.000000,Japan,Japan,JP,426.89,514.62,22.07,16.36,,true,ESTIMATED_MODE_BREAKDOWN
2025-04-01T08:00:00.000000,Japan,Japan,JP,445.64,535.45,18.64,12.9,,true,ESTIMATED_MODE_BREAKDOWN
2025-04-01T09:00:00.000000,Japan,Japan,JP,449.5,539.89,17.93,12.29,,true,ESTIMATED_MODE_BREAKDOWN
2025-04-01T10:00:00.000000,Japan,Japan,JP,448.41,538.69,18.13,12.38,,true,ESTIMATED_MODE_BREAKDOWN
2025-04-01T11:00:00.000000,Japan,Japan,JP,446.45,536.49,18.48,12.55,,true,ESTIMATED_MODE_BREAKDOWN
2025-04-01T12:00:00.000000,Japan,Japan,JP,444.79,534.55,18.79,12.58,,true,ESTIMATED_MODE_BREAKDOWN
2025-04-01T13:00:00.000000,Japan,Japan,JP,442.72,532.11,19.16,12.56,,true,ESTIMATED_MODE_BREAKDOWN
2025-04-01T14:00:00.000000,Japan,Japan,JP,440.57,529.68,19.56,12.64,,true,ESTIMATED_MODE_BREAKDOWN
2025-04-01T15:00:00.000000,Japan,Japan,JP,436.1,524.56,20.37,12.87,,true,ESTIMATED_MODE_BREAKDOWN
2025-04-01T16:00:00.000000,Japan,Japan,JP,433.9,522.07,20.76,12.96,,true,ESTIMATED_MODE_BREAKDOWN
2025-04-01T17:00:00.000000,Japan,Japan,JP,433.83,522.13,20.79,13.06,,true,ESTIMATED_MODE_BREAKDOWN
2025-04-01T18:00:00.000000,Japan,Japan,JP,435.17,523.77,20.56,13.05,,true,ESTIMATED_MODE_BREAKDOWN
2025-04-01T19:00:00.000000,Japan,Japan,JP,435.59,524.39,20.49,13.14,,true,ESTIMATED_MODE_BREAKDOWN
2025-04-01T20:00:00.000000,Japan,Japan,JP,436.39,525.22,20.34,13.16,,true,ESTIMATED_MODE_BREAKDOWN
2025-04-01T21:00:00.000000,Japan,Japan,JP,432.98,521.28,20.95,13.96,,true,ESTIMATED_MODE_BREAKDOWN
2025-04-01T22:00:00.000000,Japan,Japan,JP,414.31,500.45,24.35,17.57,,true,ESTIMATED_MODE_BREAKDOWN
2025-04-01T23:00:00.000000,Japan,Japan,JP,387.22,470.68,29.31,23.07,,true,ESTIMATED_MODE_BREAKDOWN
2025-04-02T00:00:00.000000,Japan,Japan,JP,369.7,451.43,32.49,26.59,,true,ESTIMATED_MODE_BREAKDOWN
2025-04-02T01:00:00.000000,Japan,Japan,JP,343.93,422.94,37.2,31.26,,true,ESTIMATED_MODE_BREAKDOWN
2025-04-02T02:00:00.000000,Japan,Japan,JP,327.36,404.74,40.26,34.24,,true,ESTIMATED_MODE_BREAKDOWN
2025-04-02T03:00:00.000000,Japan,Japan,JP,321.54,398.17,41.31,34.98,,true,ESTIMATED_MODE_BREAKDOWN
2025-04-02T04:00:00.000000,Japan,Japan,JP,339.61,418.04,37.99,31.76,,true,ESTIMATED_MODE_BREAKDOWN
2025-04-02T05:00:00.000000,Japan,Japan,JP,359.03,439.34,34.43,28.15,,true,ESTIMATED_MODE_BREAKDOWN
2025-04-02T06:00:00.000000,Japan,Japan,JP,384.64,467.56,29.75,23.4,,true,ESTIMATED_MODE_BREAKDOWN
2025-04-02T07:00:00.000000,Japan,Japan,JP,411.59,497.4,24.83,18.46,,true,ESTIMATED_MODE_BREAKDOWN
2025-04-02T08:00:00.000000,Japan,Japan,JP,436.7,525.33,20.25,13.9,,true,ESTIMATED_MODE_BREAKDOWN
2025-04-02T09:00:00.000000,Japan,Japan,JP,445.05,534.82,18.74,12.59,,true,ESTIMATED_MODE_BREAKDOWN
2025-04-02T10:00:00.000000,Japan,Japan,JP,444.84,534.6,18.77,12.54,,true,ESTIMATED_MODE_BREAKDOWN
2025-04-02T11:00:00.000000,Japan,Japan,JP,443.6,533.19,19.0,12.58,,true,ESTIMATED_MODE_BREAKDOWN
2025-04-02T12:00:00.000000,Japan,Japan,JP,442.57,531.96,19.18,12.49,,true,ESTIMATED_MODE_BREAKDOWN
2025-04-02T13:00:00.000000,Japan,Japan,JP,440.15,529.17,19.62,12.58,,true,ESTIMATED_MODE_BREAKDOWN
2025-04-02T14:00:00.000000,Japan,Japan,JP,438.07,526.8,20.0,12.65,,true,ESTIMATED_MODE_BREAKDOWN
2025-04-02T15:00:00.000000,Japan,Japan,JP,433.92,522.11,20.75,12.86,,true,ESTIMATED_MODE_BREAKDOWN
2025-04-02T16:00:00.000000,Japan,Japan,JP,432.39,520.39,21.04,12.88,,true,ESTIMATED_MODE_BREAKDOWN
2025-04-02T17:00:00.000000,Japan,Japan,JP,433.29,521.49,20.89,12.87,,true,ESTIMATED_MODE_BREAKDOWN
2025-04-02T18:00:00.000000,Japan,Japan,JP,435.04,523.59,20.59,12.84,,true,ESTIMATED_MODE_BREAKDOWN
2025-04-02T19:00:00.000000,Japan,Japan,JP,436.27,525.1,20.37,12.83,,true,ESTIMATED_MODE_BREAKDOWN
2025-04-02T20:00:00.000000,Japan,Japan,JP,436.96,525.85,20.24,12.85,,true,ESTIMATED_MODE_BREAKDOWN
2025-04-02T21:00:00.000000,Japan,Japan,JP,429.99,518.02,21.51,14.27,,true,ESTIMATED_MODE_BREAKDOWN
2025-04-02T22:00:00.000000,Japan,Japan,JP,404.07,489.04,26.19,19.18,,true,ESTIMATED_MODE_BREAKDOWN
2025-04-02T23:00:00.000000,Japan,Japan,JP,371.51,453.06,32.11,25.64,,true,ESTIMATED_MODE_BREAKDOWN
2025-04-03T00:00:00.000000,Japan,Japan,JP,360.66,441.17,34.08,27.93,,true,ESTIMATED_MODE_BREAKDOWN
2025-04-03T01:00:00.000000,Japan,Japan,JP,345.97,424.91,36.76,30.62,,true,ESTIMATED_MODE_BREAKDOWN
2025-04-03T02:00:00.000000,Japan,Japan,JP,334.2,411.9,38.91,32.71,,true,ESTIMATED_MODE_BREAKDOWN
2025-04-03T03:00:00.000000,Japan,Japan,JP,323.75,400.25,40.82,34.36,,true,ESTIMATED_MODE_BREAKDOWN
2025-04-03T04:00:00.000000,Japan,Japan,JP,330.36,407.58,39.61,33.33,,true,ESTIMATED_MODE_BREAKDOWN
2025-04-03T05:00:00.000000,Japan,Japan,JP,341.9,420.26,37.5,31.2,,true,ESTIMATED_MODE_BREAKDOWN
2025-04-03T06:00:00.000000,Japan,Japan,JP,363.81,444.5,33.51,27.16,,true,ESTIMATED_MODE_BREAKDOWN
2025-04-03T07:00:00.000000,Japan,Japan,JP,398.22,482.62,27.24,20.94,,true,ESTIMATED_MODE_BREAKDOWN
2025-04-03T08:00:00.000000,Japan,Japan,JP,433.29,521.58,20.86,14.53,,true,ESTIMATED_MODE_BREAKDOWN
2025-04-03T09:00:00.000000,Japan,Japan,JP,446.63,536.58,18.44,12.37,,true,ESTIMATED_MODE_BREAKDOWN
2025-04-03T10:00:00.000000,Japan,Japan,JP,446.67,536.62,18.43,12.31,,true,ESTIMATED_MODE_BREAKDOWN
2025-04-03T11:00:00.000000,Japan,Japan,JP,445.74,535.56,18.6,12.31,,true,ESTIMATED_MODE_BREAKDOWN
2025-04-03T12:00:00.000000,Japan,Japan,JP,444.43,534.06,18.84,12.28,,true,ESTIMATED_MODE_BREAKDOWN
2025-04-03T13:00:00.000000,Japan,Japan,JP,442.09,531.34,19.26,12.33,,true,ESTIMATED_MODE_BREAKDOWN
2025-04-03T14:00:00.000000,Japan,Japan,JP,440.48,529.51,19.56,12.36,,true,ESTIMATED_MODE_BREAKDOWN
2025-04-03T15:00:00.000000,Japan,Japan,JP,436.46,524.98,20.29,12.55,,true,ESTIMATED_MODE_BREAKDOWN
2025-04-03T16:00:00.000000,Japan,Japan,JP,434.61,522.93,20.63,12.66,,true,ESTIMATED_MODE_BREAKDOWN
2025-04-03T17:00:00.000000,Japan,Japan,JP,435.15,523.63,20.55,12.71,,true,ESTIMATED_MODE_BREAKDOWN
2025-04-03T18:00:00.000000,Japan,Japan,JP,435.59,524.23,20.48,12.89,,true,ESTIMATED_MODE_BREAKDOWN
2025-04-03T19:00:00.000000,Japan,Japan,JP,436.54,525.4,20.31,12.92,,true,ESTIMATED_MODE_BREAKDOWN
2025-04-03T20:00:00.000000,Japan,Japan,JP,436.53,525.39,20.31,13.06,,true,ESTIMATED_MODE_BREAKDOWN
2025-04-03T21:00:00.000000,Japan,Japan,JP,418.19,504.98,23.66,16.52,,true,ESTIMATED_MODE_BREAKDOWN
2025-04-03T22:00:00.000000,Japan,Japan,JP,360.52,440.93,34.16,27.03,,true,ESTIMATED_MODE_BREAKDOWN
2025-04-03T23:00:00.000000,Japan,Japan,JP,301.72,376.02,44.88,38.17,,true,ESTIMATED_MODE_BREAKDOWN
2025-04-04T00:00:00.000000,Japan,Japan,JP,267.5,338.37,51.11,44.66,,true,ESTIMATED_MODE_BREAKDOWN
2025-04-04T01:00:00.000000,Japan,Japan,JP,235.94,303.54,56.87,50.42,,true,ESTIMATED_MODE_BREAKDOWN
2025-04-04T02:00:00.000000,Japan,Japan,JP,219.35,285.18,59.9,53.42,,true,ESTIMATED_MODE_BREAKDOWN
2025-04-04T03:00:00.000000,Japan,Japan,JP,206.64,271.01,62.22,55.41,,true,ESTIMATED_MODE_BREAKDOWN
2025-04-04T04:00:00.000000,Japan,Japan,JP,230.07,296.88,57.94,51.21,,true,ESTIMATED_MODE_BREAKDOWN
2025-04-04T05:00:00.000000,Japan,Japan,JP,255.2,324.54,53.35,46.51,,true,ESTIMATED_MODE_BREAKDOWN
2025-04-04T06:00:00.000000,Japan,Japan,JP,297.46,371.19,45.63,38.7,,true,ESTIMATED_MODE_BREAKDOWN
2025-04-04T07:00:00.000000,Japan,Japan,JP,359.91,440.26,34.25,27.35,,true,ESTIMATED_MODE_BREAKDOWN
2025-04-04T08:00:00.000000,Japan,Japan,JP,419.15,505.91,23.44,16.61,,true,ESTIMATED_MODE_BREAKDOWN
2025-04-04T09:00:00.000000,Japan,Japan,JP,440.13,529.39,19.63,13.14,,true,ESTIMATED_MODE_BREAKDOWN
2025-04-04T10:00:00.000000,Japan,Japan,JP,444.4,534.17,18.85,12.35,,true,ESTIMATED_MODE_BREAKDOWN
2025-04-04T11:00:00.000000,Japan,Japan,JP,444.18,533.88,18.89,12.3,,true,ESTIMATED_MODE_BREAKDOWN
2025-04-04T12:00:00.000000,Japan,Japan,JP,443.28,532.82,19.05,12.24,,true,ESTIMATED_MODE_BREAKDOWN
2025-04-04T13:00:00.000000,Japan,Japan,JP,440.94,530.13,19.47,12.37,,true,ESTIMATED_MODE_BREAKDOWN
2025-04-04T14:00:00.000000,Japan,Japan,JP,439.37,528.35,19.76,12.41,,true,ESTIMATED_MODE_BREAKDOWN
2025-04-04T15:00:00.000000,Japan,Japan,JP,436.19,524.71,20.34,12.45,,true,ESTIMATED_MODE_BREAKDOWN
2025-04-04T16:00:00.000000,Japan,Japan,JP,435.22,523.62,20.52,12.43,,true,ESTIMATED_MODE_BREAKDOWN
2025-04-04T17:00:00.000000,Japan,Japan,JP,436.29,524.89,20.34,12.37,,true,ESTIMATED_MODE_BREAKDOWN
2025-04-04T18:00:00.000000,Japan,Japan,JP,437.83,526.8,20.07,12.35,,true,ESTIMATED_MODE_BREAKDOWN
2025-04-04T19:00:00.000000,Japan,Japan,JP,438.39,527.56,19.98,12.38,,true,ESTIMATED_MODE_BREAKDOWN
2025-04-04T20:00:00.000000,Japan,Japan,JP,437.36,526.41,20.17,12.57,,true,ESTIMATED_MODE_BREAKDOWN
2025-04-04T21:00:00.000000,Japan,Japan,JP,409.86,495.84,25.19,17.29,,true,ESTIMATED_MODE_BREAKDOWN
2025-04-04T22:00:00.000000,Japan,Japan,JP,334.6,412.3,38.9,30.74,,true,ESTIMATED_MODE_BREAKDOWN
2025-04-04T23:00:00.000000,Japan,Japan,JP,256.79,326.27,53.1,45.14,,true,ESTIMATED_MODE_BREAKDOWN
2025-04-05T00:00:00.000000,Japan,Japan,JP,202.22,265.99,63.04,55.27,,true,ESTIMATED_MODE_BREAKDOWN
2025-04-05T01:00:00.000000,Japan,Japan,JP,173.67,234.5,68.26,60.44,,true,ESTIMATED_MODE_BREAKDOWN
2025-04-05T02:00:00.000000,Japan,Japan,JP,164.8,224.75,69.9,62.03,,true,ESTIMATED_MODE_BREAKDOWN
2025-04-05T03:00:00.000000,Japan,Japan,JP,165.07,225.01,69.86,61.77,,true,ESTIMATED_MODE_BREAKDOWN
2025-04-05T04:00:00.000000,Japan,Japan,JP,180.71,242.05,66.98,58.76,,true,ESTIMATED_MODE_BREAKDOWN
2025-04-05T05:00:00.000000,Japan,Japan,JP,218.71,283.92,60.03,51.57,,true,ESTIMATED_MODE_BREAKDOWN
2025-04-05T06:00:00.000000,Japan,Japan,JP,279.8,351.45,48.89,40.37,,true,ESTIMATED_MODE_BREAKDOWN
2025-04-05T07:00:00.000000,Japan,Japan,JP,357.67,437.54,34.66,26.33,,true,ESTIMATED_MODE_BREAKDOWN
2025-04-05T08:00:00.000000,Japan,Japan,JP,422.65,509.66,22.8,14.91,,true,ESTIMATED_MODE_BREAKDOWN
2025-04-05T09:00:00.000000,Japan,Japan,JP,439.75,528.89,19.7,12.34,,true,ESTIMATED_MODE_BREAKDOWN
2025-04-05T10:00:00.000000,Japan,Japan,JP,440.54,529.81,19.56,12.25,,true,ESTIMATED_MODE_BREAKDOWN
2025-04-05T11:00:00.000000,Japan,Japan,JP,439.45,528.54,19.76,12.28,,true,ESTIMATED_MODE_BREAKDOWN
2025-04-05T12:00:00.000000,Japan,Japan,JP,437.63,526.4,20.09,12.3,,true,ESTIMATED_MODE_BREAKDOWN
2025-04-05T13:00:00.000000,Japan,Japan,JP,434.95,523.31,20.57,12.38,,true,ESTIMATED_MODE_BREAKDOWN
2025-04-05T14:00:00.000000,Japan,Japan,JP,433.15,521.25,20.9,12.45,,true,ESTIMATED_MODE_BREAKDOWN
2025-04-05T15:00:00.000000,Japan,Japan,JP,429.3,516.89,21.61,12.59,,true,ESTIMATED_MODE_BREAKDOWN
2025-04-05T16:00:00.000000,Japan,Japan,JP,427.6,514.97,21.93,12.65,,true,ESTIMATED_MODE_BREAKDOWN
2025-04-05T17:00:00.000000,Japan,Japan,JP,428.59,516.18,21.76,12.69,,true,ESTIMATED_MODE_BREAKDOWN
2025-04-05T18:00:00.000000,Japan,Japan,JP,430.1,518.07,21.5,12.75,,true,ESTIMATED_MODE_BREAKDOWN
2025-04-05T19:00:00.000000,Japan,Japan,JP,431.07,519.29,21.33,12.74,,true,ESTIMATED_MODE_BREAKDOWN
2025-04-05T20:00:00.000000,Japan,Japan,JP,429.3,517.31,21.66,12.99,,true,ESTIMATED_MODE_BREAKDOWN
2025-04-05T21:00:00.000000,Japan,Japan,JP,405.9,491.15,25.91,16.75,,true,ESTIMATED_MODE_BREAKDOWN
2025-04-05T22:00:00.000000,Japan,Japan,JP,348.57,427.29,36.33,26.92,,true,ESTIMATED_MODE_BREAKDOWN
2025-04-05T23:00:00.000000,Japan,Japan,JP,289.69,362.14,47.07,38.0,,true,ESTIMATED_MODE_BREAKDOWN
2025-04-06T00:00:00.000000,Japan,Japan,JP,250.95,319.33,54.14,45.4,,true,ESTIMATED_MODE_BREAKDOWN
2025-04-06T01:00:00.000000,Japan,Japan,JP,233.16,299.73,57.41,48.88,,true,ESTIMATED_MODE_BREAKDOWN
2025-04-06T02:00:00.000000,Japan,Japan,JP,232.85,299.4,57.47,48.94,,true,ESTIMATED_MODE_BREAKDOWN
2025-04-06T03:00:00.000000,Japan,Japan,JP,245.85,313.66,55.09,46.34,,true,ESTIMATED_MODE_BREAKDOWN
2025-04-06T04:00:00.000000,Japan,Japan,JP,249.23,317.2,54.44,45.54,,true,ESTIMATED_MODE_BREAKDOWN
2025-04-06T05:00:00.000000,Japan,Japan,JP,255.95,324.66,53.22,44.07,,true,ESTIMATED_MODE_BREAKDOWN
2025-04-06T06:00:00.000000,Japan,Japan,JP,284.52,356.33,48.0,38.86,,true,ESTIMATED_MODE_BREAKDOWN
2025-04-06T07:00:00.000000,Japan,Japan,JP,345.87,424.32,36.81,27.99,,true,ESTIMATED_MODE_BREAKDOWN
2025-04-06T08:00:00.000000,Japan,Japan,JP,413.73,499.78,24.45,16.13,,true,ESTIMATED_MODE_BREAKDOWN
2025-04-06T09:00:00.000000,Japan,Japan,JP,436.97,525.73,20.2,12.52,,true,ESTIMATED_MODE_BREAKDOWN
2025-04-06T10:00:00.000000,Japan,Japan,JP,437.66,526.58,20.07,12.46,,true,ESTIMATED_MODE_BREAKDOWN
2025-04-06T11:00:00.000000,Japan,Japan,JP,437.0,525.8,20.2,12.44,,true,ESTIMATED_MODE_BREAKDOWN
2025-04-06T12:00:00.000000,Japan,Japan,JP,435.14,523.63,20.54,12.45,,true,ESTIMATED_MODE_BREAKDOWN
2025-04-06T13:00:00.000000,Japan,Japan,JP,432.66,520.71,20.98,12.47,,true,ESTIMATED_MODE_BREAKDOWN
2025-04-06T14:00:00.000000,Japan,Japan,JP,431.32,519.17,21.24,12.48,,true,ESTIMATED_MODE_BREAKDOWN
2025-04-06T15:00:00.000000,Japan,Japan,JP,427.17,514.45,21.99,12.67,,true,ESTIMATED_MODE_BREAKDOWN
2025-04-06T16:00:00.000000,Japan,Japan,JP,425.44,512.5,22.3,12.77,,true,ESTIMATED_MODE_BREAKDOWN
2025-04-06T17:00:00.000000,Japan,Japan,JP,427.24,514.67,22.0,12.75,,true,ESTIMATED_MODE_BREAKDOWN
2025-04-06T18:00:00.000000,Japan,Japan,JP,429.78,517.68,21.55,12.76,,true,ESTIMATED_MODE_BREAKDOWN
2025-04-06T19:00:00.000000,Japan,Japan,JP,431.74,520.0,21.2,12.71,,true,ESTIMATED_MODE_BREAKDOWN
2025-04-06T20:00:00.000000,Japan,Japan,JP,432.07,520.4,21.15,12.84,,true,ESTIMATED_MODE_BREAKDOWN
2025-04-06T21:00:00.000000,Japan,Japan,JP,410.31,496.23,25.11,16.96,,true,ESTIMATED_MODE_BREAKDOWN
2025-04-06T22:00:00.000000,Japan,Japan,JP,352.57,432.06,35.6,27.65,,true,ESTIMATED_MODE_BREAKDOWN
2025-04-06T23:00:00.000000,Japan,Japan,JP,292.39,365.59,46.58,39.2,,true,ESTIMATED_MODE_BREAKDOWN
2025-04-07T00:00:00.000000,Japan,Japan,JP,251.14,320.17,54.11,47.12,,true,ESTIMATED_MODE_BREAKDOWN
2025-04-07T01:00:00.000000,Japan,Japan,JP,217.52,283.1,60.25,53.33,,true,ESTIMATED_MODE_BREAKDOWN
2025-04-07T02:00:00.000000,Japan,Japan,JP,204.54,268.75,62.63,55.81,,true,ESTIMATED_MODE_BREAKDOWN
2025-04-07T03:00:00.000000,Japan,Japan,JP,203.84,267.79,62.76,55.6,,true,ESTIMATED_MODE_BREAKDOWN
2025-04-07T04:00:00.000000,Japan,Japan,JP,232.29,299.24,57.56,50.58,,true,ESTIMATED_MODE_BREAKDOWN
2025-04-07T05:00:00.000000,Japan,Japan,JP,258.84,328.41,52.7,45.59,,true,ESTIMATED_MODE_BREAKDOWN
2025-04-07T06:00:00.000000,Japan,Japan,JP,295.39,368.74,46.02,38.77,,true,ESTIMATED_MODE_BREAKDOWN
2025-04-07T07:00:00.000000,Japan,Japan,JP,352.01,431.42,35.68,28.52,,true,ESTIMATED_MODE_BREAKDOWN
2025-04-07T08:00:00.000000,Japan,Japan,JP,415.2,501.48,24.16,17.01,,true,ESTIMATED_MODE_BREAKDOWN
2025-04-07T09:00:00.000000,Japan,Japan,JP,440.23,529.45,19.62,12.76,,true,ESTIMATED_MODE_BREAKDOWN
2025-04-07T10:00:00.000000,Japan,Japan,JP,441.02,530.35,19.47,12.58,,true,ESTIMATED_MODE_BREAKDOWN
2025-04-07T11:00:00.000000,Japan,Japan,JP,440.06,529.28,19.65,12.56,,true,ESTIMATED_MODE_BREAKDOWN
2025-04-07T12:00:00.000000,Japan,Japan,JP,438.84,527.82,19.87,12.52,,true,ESTIMATED_MODE_BREAKDOWN
2025-04-07T13:00:00.000000,Japan,Japan,JP,436.63,525.2,20.26,12.57,,true,ESTIMATED_MODE_BREAKDOWN
2025-04-07T14:00:00.000000,Japan,Japan,JP,435.08,523.42,20.55,12.6,,true,ESTIMATED_MODE_BREAKDOWN
2025-04-07T15:00:00.000000,Japan,Japan,JP,431.13,518.97,21.28,12.8,,true,ESTIMATED_MODE_BREAKDOWN
2025-04-07T16:00:00.000000,Japan,Japan,JP,429.93,517.66,21.5,12.83,,true,ESTIMATED_MODE_BREAKDOWN
2025-04-07T17:00:00.000000,Japan,Japan,JP,431.36,519.39,21.25,12.8,,true,ESTIMATED_MODE_BREAKDOWN
2025-04-07T18:00:00.000000,Japan,Japan,JP,434.02,522.56,20.78,12.64,,true,ESTIMATED_MODE_BREAKDOWN
2025-04-07T19:00:00.000000,Japan,Japan,JP,435.6,524.42,20.5,12.58,,true,ESTIMATED_MODE_BREAKDOWN
2025-04-07T20:00:00.000000,Japan,Japan,JP,435.41,524.24,20.54,12.74,,true,ESTIMATED_MODE_BREAKDOWN
2025-04-07T21:00:00.000000,Japan,Japan,JP,411.54,497.73,24.89,17.15,,true,ESTIMATED_MODE_BREAKDOWN
2025-04-07T22:00:00.000000,Japan,Japan,JP,346.61,425.7,36.72,28.99,,true,ESTIMATED_MODE_BREAKDOWN
2025-04-07T23:00:00.000000,Japan,Japan,JP,287.01,359.93,47.6,40.35,,true,ESTIMATED_MODE_BREAKDOWN
2025-04-08T00:00:00.000000,Japan,Japan,JP,248.09,316.91,54.68,47.73,,true,ESTIMATED_MODE_BREAKDOWN
2025-04-08T01:00:00.000000,Japan,Japan,JP,215.86,281.25,60.55,53.61,,true,ESTIMATED_MODE_BREAKDOWN
2025-04-08T02:00:00.000000,Japan,Japan,JP,202.31,266.27,63.02,56.07,,true,ESTIMATED_MODE_BREAKDOWN
2025-04-08T03:00:00.000000,Japan,Japan,JP,195.43,258.59,64.28,57.03,,true,ESTIMATED_MODE_BREAKDOWN
2025-04-08T04:00:00.000000,Japan,Japan,JP,227.29,293.85,58.47,51.43,,true,ESTIMATED_MODE_BREAKDOWN
2025-04-08T05:00:00.000000,Japan,Japan,JP,272.31,343.43,50.23,43.2,,true,ESTIMATED_MODE_BREAKDOWN
2025-04-08T06:00:00.000000,Japan,Japan,JP,327.4,404.18,40.16,33.04,,true,ESTIMATED_MODE_BREAKDOWN
2025-04-08T07:00:00.000000,Japan,Japan,JP,381.95,464.57,30.23,23.11,,true,ESTIMATED_MODE_BREAKDOWN
2025-04-08T08:00:00.000000,Japan,Japan,JP,425.72,513.15,22.26,15.1,,true,ESTIMATED_MODE_BREAKDOWN
2025-04-08T09:00:00.000000,Japan,Japan,JP,440.78,530.04,19.52,12.59,,true,ESTIMATED_MODE_BREAKDOWN
2025-04-08T10:00:00.000000,Japan,Japan,JP,440.84,530.11,19.51,12.48,,true,ESTIMATED_MODE_BREAKDOWN
2025-04-08T11:00:00.000000,Japan,Japan,JP,439.32,528.41,19.79,12.54,,true,ESTIMATED_MODE_BREAKDOWN
2025-04-08T12:00:00.000000,Japan,Japan,JP,437.62,526.42,20.09,12.53,,true,ESTIMATED_MODE_BREAKDOWN
2025-04-08T13:00:00.000000,Japan,Japan,JP,435.11,523.51,20.55,12.61,,true,ESTIMATED_MODE_BREAKDOWN
2025-04-08T14:00:00.000000,Japan,Japan,JP,433.57,521.72,20.83,12.61,,true,ESTIMATED_MODE_BREAKDOWN
2025-04-08T15:00:00.000000,Japan,Japan,JP,429.99,517.66,21.49,12.7,,true,ESTIMATED_MODE_BREAKDOWN
2025-04-08T16:00:00.000000,Japan,Japan,JP,428.53,516.03,21.76,12.73,,true,ESTIMATED_MODE_BREAKDOWN
2025-04-08T17:00:00.000000,Japan,Japan,JP,429.58,517.29,21.58,12.77,,true,ESTIMATED_MODE_BREAKDOWN
2025-04-08T18:00:00.000000,Japan,Japan,JP,431.33,519.39,21.28,12.8,,true,ESTIMATED_MODE_BREAKDOWN
2025-04-08T19:00:00.000000,Japan,Japan,JP,432.87,521.24,21.01,12.77,,true,ESTIMATED_MODE_BREAKDOWN
2025-04-08T20:00:00.000000,Japan,Japan,JP,432.45,520.8,21.09,12.96,,true,ESTIMATED_MODE_BREAKDOWN
2025-04-08T21:00:00.000000,Japan,Japan,JP,405.0,490.36,26.09,17.94,,true,ESTIMATED_MODE_BREAKDOWN
2025-04-08T22:00:00.000000,Japan,Japan,JP,334.22,411.83,38.96,30.83,,true,ESTIMATED_MODE_BREAKDOWN
2025-04-08T23:00:00.000000,Japan,Japan,JP,270.68,341.7,50.55,42.98,,true,ESTIMATED_MODE_BREAKDOWN
2025-04-09T00:00:00.000000,Japan,Japan,JP,230.5,297.4,57.86,50.7,,true,ESTIMATED_MODE_BREAKDOWN
2025-04-09T01:00:00.000000,Japan,Japan,JP,200.72,264.53,63.31,56.23,,true,ESTIMATED_MODE_BREAKDOWN
2025-04-09T02:00:00.000000,Japan,Japan,JP,187.21,249.63,65.78,58.72,,true,ESTIMATED_MODE_BREAKDOWN
2025-04-09T03:00:00.000000,Japan,Japan,JP,178.32,239.64,67.41,60.0,,true,ESTIMATED_MODE_BREAKDOWN
2025-04-09T04:00:00.000000,Japan,Japan,JP,197.83,261.24,63.85,56.62,,true,ESTIMATED_MODE_BREAKDOWN
2025-04-09T05:00:00.000000,Japan,Japan,JP,223.42,289.31,59.16,51.78,,true,ESTIMATED_MODE_BREAKDOWN
2025-04-09T06:00:00.000000,Japan,Japan,JP,269.8,340.51,50.69,43.2,,true,ESTIMATED_MODE_BREAKDOWN
2025-04-09T07:00:00.000000,Japan,Japan,JP,343.6,422.18,37.22,29.85,,true,ESTIMATED_MODE_BREAKDOWN
2025-04-09T08:00:00.000000,Japan,Japan,JP,414.68,500.93,24.26,16.88,,true,ESTIMATED_MODE_BREAKDOWN
2025-04-09T09:00:00.000000,Japan,Japan,JP,440.01,529.24,19.66,12.51,,true,ESTIMATED_MODE_BREAKDOWN
2025-04-09T10:00:00.000000,Japan,Japan,JP,440.78,530.14,19.52,12.34,,true,ESTIMATED_MODE_BREAKDOWN
2025-04-09T11:00:00.000000,Japan,Japan,JP,439.47,528.62,19.75,12.34,,true,ESTIMATED_MODE_BREAKDOWN
2025-04-09T12:00:00.000000,Japan,Japan,JP,437.92,526.82,20.04,12.32,,true,ESTIMATED_MODE_BREAKDOWN
2025-04-09T13:00:00.000000,Japan,Japan,JP,435.75,524.25,20.42,12.34,,true,ESTIMATED_MODE_BREAKDOWN
2025-04-09T14:00:00.000000,Japan,Japan,JP,434.02,522.27,20.74,12.4,,true,ESTIMATED_MODE_BREAKDOWN
2025-04-09T15:00:00.000000,Japan,Japan,JP,430.65,518.44,21.37,12.46,,true,ESTIMATED_MODE_BREAKDOWN
2025-04-09T16:00:00.000000,Japan,Japan,JP,429.04,516.69,21.66,12.55,,true,ESTIMATED_MODE_BREAKDOWN
2025-04-09T17:00:00.000000,Japan,Japan,JP,430.23,518.11,21.46,12.57,,true,ESTIMATED_MODE_BREAKDOWN
2025-04-09T18:00:00.000000,Japan,Japan,JP,432.44,520.73,21.07,12.51,,true,ESTIMATED_MODE_BREAKDOWN
2025-04-09T19:00:00.000000,Japan,Japan,JP,433.96,522.54,20.81,12.47,,true,ESTIMATED_MODE_BREAKDOWN
2025-04-09T20:00:00.000000,Japan,Japan,JP,432.46,520.91,21.08,12.82,,true,ESTIMATED_MODE_BREAKDOWN
2025-04-09T21:00:00.000000,Japan,Japan,JP,413.79,500.09,24.48,16.2,,true,ESTIMATED_MODE_BREAKDOWN
2025-04-09T22:00:00.000000,Japan,Japan,JP,370.21,451.57,32.4,24.19,,true,ESTIMATED_MODE_BREAKDOWN
2025-04-09T23:00:00.000000,Japan,Japan,JP,329.15,406.26,39.89,32.33,,true,ESTIMATED_MODE_BREAKDOWN
2025-04-10T00:00:00.000000,Japan,Japan,JP,319.1,395.24,41.71,34.51,,true,ESTIMATED_MODE_BREAKDOWN
2025-04-10T01:00:00.000000,Japan,Japan,JP,298.42,372.23,45.45,38.22,,true,ESTIMATED_MODE_BREAKDOWN
2025-04-10T02:00:00.000000,Japan,Japan,JP,278.9,350.62,49.02,41.68,,true,ESTIMATED_MODE_BREAKDOWN
2025-04-10T03:00:00.000000,Japan,Japan,JP,266.28,336.54,51.34,43.72,,true,ESTIMATED_MODE_BREAKDOWN
2025-04-10T04:00:00.000000,Japan,Japan,JP,296.92,370.45,45.74,38.5,,true,ESTIMATED_MODE_BREAKDOWN
2025-04-10T05:00:00.000000,Japan,Japan,JP,332.22,409.48,39.31,32.06,,true,ESTIMATED_MODE_BREAKDOWN
2025-04-10T06:00:00.000000,Japan,Japan,JP,368.57,449.8,32.69,25.39,,true,ESTIMATED_MODE_BREAKDOWN
2025-04-10T07:00:00.000000,Japan,Japan,JP,402.13,487.05,26.59,19.28,,true,ESTIMATED_MODE_BREAKDOWN
2025-04-10T08:00:00.000000,Japan,Japan,JP,431.56,519.77,21.22,13.96,,true,ESTIMATED_MODE_BREAKDOWN
2025-04-10T09:00:00.000000,Japan,Japan,JP,440.56,529.86,19.57,12.49,,true,ESTIMATED_MODE_BREAKDOWN
2025-04-10T10:00:00.000000,Japan,Japan,JP,440.62,529.92,19.55,12.38,,true,ESTIMATED_MODE_BREAKDOWN
2025-04-10T11:00:00.000000,Japan,Japan,JP,439.12,528.2,19.83,12.39,,true,ESTIMATED_MODE_BREAKDOWN
2025-04-10T12:00:00.000000,Japan,Japan,JP,438.06,526.94,20.01,12.26,,true,ESTIMATED_MODE_BREAKDOWN
2025-04-10T13:00:00.000000,Japan,Japan,JP,435.57,524.05,20.46,12.32,,true,ESTIMATED_MODE_BREAKDOWN
2025-04-10T14:00:00.000000,Japan,Japan,JP,434.33,522.62,20.68,12.3,,true,ESTIMATED_MODE_BREAKDOWN
2025-04-10T15:00:00.000000,Japan,Japan,JP,431.2,519.07,21.26,12.29,,true,ESTIMATED_MODE_BREAKDOWN
2025-04-10T16:00:00.000000,Japan,Japan,JP,430.01,517.74,21.48,12.24,,true,ESTIMATED_MODE_BREAKDOWN
2025-04-10T17:00:00.000000,Japan,Japan,JP,431.7,519.73,21.19,12.19,,true,ESTIMATED_MODE_BREAKDOWN
2025-04-10T18:00:00.000000,Japan,Japan,JP,433.76,522.21,20.83,12.15,,true,ESTIMATED_MODE_BREAKDOWN
2025-04-10T19:00:00.000000,Japan,Japan,JP,435.05,523.79,20.61,12.11,,true,ESTIMATED_MODE_BREAKDOWN
2025-04-10T20:00:00.000000,Japan,Japan,JP,434.03,522.69,20.8,12.35,,true,ESTIMATED_MODE_BREAKDOWN
2025-04-10T21:00:00.000000,Japan,Japan,JP,417.56,504.31,23.79,15.31,,true,ESTIMATED_MODE_BREAKDOWN
2025-04-10T22:00:00.000000,Japan,Japan,JP,376.24,458.35,31.31,23.02,,true,ESTIMATED_MODE_BREAKDOWN
2025-04-10T23:00:00.000000,Japan,Japan,JP,336.61,414.72,38.58,30.95,,true,ESTIMATED_MODE_BREAKDOWN
2025-04-11T00:00:00.000000,Japan,Japan,JP,312.8,388.53,42.93,35.65,,true,ESTIMATED_MODE_BREAKDOWN
2025-04-11T01:00:00.000000,Japan,Japan,JP,282.18,354.61,48.5,41.23,,true,ESTIMATED_MODE_BREAKDOWN
2025-04-11T02:00:00.000000,Japan,Japan,JP,260.33,330.37,52.46,45.25,,true,ESTIMATED_MODE_BREAKDOWN
2025-04-11T03:00:00.000000,Japan,Japan,JP,250.11,318.77,54.29,46.73,,true,ESTIMATED_MODE_BREAKDOWN
2025-04-11T04:00:00.000000,Japan,Japan,JP,271.76,342.69,50.32,42.94,,true,ESTIMATED_MODE_BREAKDOWN
2025-04-11T05:00:00.000000,Japan,Japan,JP,292.21,365.23,46.59,39.19,,true,ESTIMATED_MODE_BREAKDOWN
2025-04-11T06:00:00.000000,Japan,Japan,JP,327.37,404.03,40.16,32.67,,true,ESTIMATED_MODE_BREAKDOWN
2025-04-11T07:00:00.000000,Japan,Japan,JP,375.35,457.18,31.42,23.93,,true,ESTIMATED_MODE_BREAKDOWN
2025-04-11T08:00:00.000000,Japan,Japan,JP,420.26,507.08,23.24,15.69,,true,ESTIMATED_MODE_BREAKDOWN
2025-04-11T09:00:00.000000,Japan,Japan,JP,440.87,530.16,19.5,12.14,,true,ESTIMATED_MODE_BREAKDOWN
2025-04-11T10:00:00.000000,Japan,Japan,JP,441.72,531.13,19.35,11.95,,true,ESTIMATED_MODE_BREAKDOWN
2025-04-11T11:00:00.000000,Japan,Japan,JP,439.83,528.99,19.69,12.03,,true,ESTIMATED_MODE_BREAKDOWN
2025-04-11T12:00:00.000000,Japan,Japan,JP,437.88,526.74,20.05,12.04,,true,ESTIMATED_MODE_BREAKDOWN
2025-04-11T13:00:00.000000,Japan,Japan,JP,435.36,523.84,20.5,12.15,,true,ESTIMATED_MODE_BREAKDOWN
2025-04-11T14:00:00.000000,Japan,Japan,JP,433.88,522.16,20.77,12.18,,true,ESTIMATED_MODE_BREAKDOWN
2025-04-11T15:00:00.000000,Japan,Japan,JP,430.49,518.23,21.4,12.16,,true,ESTIMATED_MODE_BREAKDOWN
2025-04-11T16:00:00.000000,Japan,Japan,JP,428.77,516.31,21.72,12.2,,true,ESTIMATED_MODE_BREAKDOWN
2025-04-11T17:00:00.000000,Japan,Japan,JP,430.08,517.85,21.49,12.17,,true,ESTIMATED_MODE_BREAKDOWN
2025-04-11T18:00:00.000000,Japan,Japan,JP,431.89,520.03,21.18,12.2,,true,ESTIMATED_MODE_BREAKDOWN
2025-04-11T19:00:00.000000,Japan,Japan,JP,432.4,520.73,21.09,12.27,,true,ESTIMATED_MODE_BREAKDOWN
2025-04-11T20:00:00.000000,Japan,Japan,JP,430.26,518.31,21.48,12.52,,true,ESTIMATED_MODE_BREAKDOWN
2025-04-11T21:00:00.000000,Japan,Japan,JP,396.78,481.03,27.57,18.14,,true,ESTIMATED_MODE_BREAKDOWN
2025-04-11T22:00:00.000000,Japan,Japan,JP,315.16,390.44,42.42,32.81,,true,ESTIMATED_MODE_BREAKDOWN
2025-04-11T23:00:00.000000,Japan,Japan,JP,245.36,313.33,55.15,45.99,,true,ESTIMATED_MODE_BREAKDOWN
2025-04-12T00:00:00.000000,Japan,Japan,JP,202.36,265.96,63.01,54.29,,true,ESTIMATED_MODE_BREAKDOWN
2025-04-12T01:00:00.000000,Japan,Japan,JP,168.76,228.95,69.16,60.66,,true,ESTIMATED_MODE_BREAKDOWN
2025-04-12T02:00:00.000000,Japan,Japan,JP,159.62,218.86,70.83,62.31,,true,ESTIMATED_MODE_BREAKDOWN
2025-04-12T03:00:00.000000,Japan,Japan,JP,156.12,214.96,71.46,62.8,,true,ESTIMATED_MODE_BREAKDOWN
2025-04-12T04:00:00.000000,Japan,Japan,JP,170.11,230.29,68.91,60.17,,true,ESTIMATED_MODE_BREAKDOWN
2025-04-12T05:00:00.000000,Japan,Japan,JP,213.19,277.8,61.06,52.1,,true,ESTIMATED_MODE_BREAKDOWN
2025-04-12T06:00:00.000000,Japan,Japan,JP,273.83,344.81,50.0,40.86,,true,ESTIMATED_MODE_BREAKDOWN
2025-04-12T07:00:00.000000,Japan,Japan,JP,347.85,426.66,36.49,27.45,,true,ESTIMATED_MODE_BREAKDOWN
2025-04-12T08:00:00.000000,Japan,Japan,JP,411.49,497.17,24.85,16.11,,true,ESTIMATED_MODE_BREAKDOWN
2025-04-12T09:00:00.000000,Japan,Japan,JP,434.41,522.74,20.68,12.37,,true,ESTIMATED_MODE_BREAKDOWN
2025-04-12T10:00:00.000000,Japan,Japan,JP,434.35,522.69,20.69,12.44,,true,ESTIMATED_MODE_BREAKDOWN
2025-04-12T11:00:00.000000,Japan,Japan,JP,432.55,520.6,21.02,12.56,,true,ESTIMATED_MODE_BREAKDOWN
2025-04-12T12:00:00.000000,Japan,Japan,JP,430.1,517.7,21.46,12.66,,true,ESTIMATED_MODE_BREAKDOWN
2025-04-12T13:00:00.000000,Japan,Japan,JP,427.19,514.34,21.99,12.73,,true,ESTIMATED_MODE_BREAKDOWN
2025-04-12T14:00:00.000000,Japan,Japan,JP,425.61,512.51,22.28,12.78,,true,ESTIMATED_MODE_BREAKDOWN
2025-04-12T15:00:00.000000,Japan,Japan,JP,421.28,507.58,23.08,13.01,,true,ESTIMATED_MODE_BREAKDOWN
2025-04-12T16:00:00.000000,Japan,Japan,JP,419.23,505.28,23.47,13.15,,true,ESTIMATED_MODE_BREAKDOWN
2025-04-12T17:00:00.000000,Japan,Japan,JP,420.08,506.34,23.31,13.26,,true,ESTIMATED_MODE_BREAKDOWN
2025-04-12T18:00:00.000000,Japan,Japan,JP,421.79,508.35,23.01,13.32,,true,ESTIMATED_MODE_BREAKDOWN
2025-04-12T19:00:00.000000,Japan,Japan,JP,422.92,509.75,22.81,13.27,,true,ESTIMATED_MODE_BREAKDOWN
2025-04-12T20:00:00.000000,Japan,Japan,JP,420.27,506.74,23.3,13.63,,true,ESTIMATED_MODE_BREAKDOWN
2025-04-12T21:00:00.000000,Japan,Japan,JP,411.15,496.28,24.94,14.91,,true,ESTIMATED_MODE_BREAKDOWN
2025-04-12T22:00:00.000000,Japan,Japan,JP,395.74,478.85,27.73,17.9,,true,ESTIMATED_MODE_BREAKDOWN
2025-04-12T23:00:00.000000,Japan,Japan,JP,377.45,458.66,31.06,21.69,,true,ESTIMATED_MODE_BREAKDOWN
2025-04-13T00:00:00.000000,Japan,Japan,JP,364.2,444.03,33.48,24.58,,true,ESTIMATED_MODE_BREAKDOWN
2025-04-13T01:00:00.000000,Japan,Japan,JP,356.28,435.2,34.92,26.07,,true,ESTIMATED_MODE_BREAKDOWN
2025-04-13T02:00:00.000000,Japan,Japan,JP,347.68,425.64,36.48,27.72,,true,ESTIMATED_MODE_BREAKDOWN
2025-04-13T03:00:00.000000,Japan,Japan,JP,343.39,420.78,37.24,28.48,,true,ESTIMATED_MODE_BREAKDOWN
2025-04-13T04:00:00.000000,Japan,Japan,JP,340.55,417.53,37.75,28.97,,true,ESTIMATED_MODE_BREAKDOWN
2025-04-13T05:00:00.000000,Japan,Japan,JP,346.28,423.8,36.7,27.88,,true,ESTIMATED_MODE_BREAKDOWN
2025-04-13T06:00:00.000000,Japan,Japan,JP,357.4,436.14,34.67,25.86,,true,ESTIMATED_MODE_BREAKDOWN
2025-04-13T07:00:00.000000,Japan,Japan,JP,379.22,460.46,30.68,22.02,,true,ESTIMATED_MODE_BREAKDOWN
2025-04-13T08:00:00.000000,Japan,Japan,JP,412.54,497.77,24.63,16.39,,true,ESTIMATED_MODE_BREAKDOWN
2025-04-13T09:00:00.000000,Japan,Japan,JP,429.56,517.0,21.57,13.73,,true,ESTIMATED_MODE_BREAKDOWN
2025-04-13T10:00:00.000000,Japan,Japan,JP,430.92,518.63,21.33,13.51,,true,ESTIMATED_MODE_BREAKDOWN
2025-04-13T11:00:00.000000,Japan,Japan,JP,429.82,517.38,21.54,13.5,,true,ESTIMATED_MODE_BREAKDOWN
2025-04-13T12:00:00.000000,Japan,Japan,JP,429.07,516.6,21.68,13.27,,true,ESTIMATED_MODE_BREAKDOWN
2025-04-13T13:00:00.000000,Japan,Japan,JP,426.33,513.3,22.17,13.24,,true,ESTIMATED_MODE_BREAKDOWN
2025-04-13T14:00:00.000000,Japan,Japan,JP,425.89,512.87,22.26,13.05,,true,ESTIMATED_MODE_BREAKDOWN
2025-04-13T15:00:00.000000,Japan,Japan,JP,422.65,509.2,22.85,13.05,,true,ESTIMATED_MODE_BREAKDOWN
2025-04-13T16:00:00.000000,Japan,Japan,JP,421.0,507.32,23.13,13.06,,true,ESTIMATED_MODE_BREAKDOWN
2025-04-13T17:00:00.000000,Japan,Japan,JP,422.81,509.52,22.81,13.01,,true,ESTIMATED_MODE_BREAKDOWN
2025-04-13T18:00:00.000000,Japan,Japan,JP,426.1,513.44,22.24,12.92,,true,ESTIMATED_MODE_BREAKDOWN
2025-04-13T19:00:00.000000,Japan,Japan,JP,427.84,515.58,21.94,12.9,,true,ESTIMATED_MODE_BREAKDOWN
2025-04-13T20:00:00.000000,Japan,Japan,JP,428.21,516.05,21.88,13.05,,true,ESTIMATED_MODE_BREAKDOWN
2025-04-13T21:00:00.000000,Japan,Japan,JP,408.72,494.31,25.41,16.75,,true,ESTIMATED_MODE_BREAKDOWN
2025-04-13T22:00:00.000000,Japan,Japan,JP,355.75,435.44,35.01,26.64,,true,ESTIMATED_MODE_BREAKDOWN
2025-04-13T23:00:00.000000,Japan,Japan,JP,309.92,384.82,43.35,35.61,,true,ESTIMATED_MODE_BREAKDOWN
2025-04-14T00:00:00.000000,Japan,Japan,JP,283.17,355.44,48.24,40.97,,true,ESTIMATED_MODE_BREAKDOWN
2025-04-14T01:00:00.000000,Japan,Japan,JP,255.15,324.48,53.36,46.16,,true,ESTIMATED_MODE_BREAKDOWN
2025-04-14T02:00:00.000000,Japan,Japan,JP,241.45,309.47,55.88,48.72,,true,ESTIMATED_MODE_BREAKDOWN
2025-04-14T03:00:00.000000,Japan,Japan,JP,225.14,291.37,58.89,51.39,,true,ESTIMATED_MODE_BREAKDOWN
2025-04-14T04:00:00.000000,Japan,Japan,JP,239.6,307.41,56.27,48.91,,true,ESTIMATED_MODE_BREAKDOWN
2025-04-14T05:00:00.000000,Japan,Japan,JP,267.47,338.27,51.2,43.82,,true,ESTIMATED_MODE_BREAKDOWN
2025-04-14T06:00:00.000000,Japan,Japan,JP,313.99,389.68,42.72,35.26,,true,ESTIMATED_MODE_BREAKDOWN
2025-04-14T07:00:00.000000,Japan,Japan,JP,371.28,452.94,32.26,24.84,,true,ESTIMATED_MODE_BREAKDOWN
2025-04-14T08:00:00.000000,Japan,Japan,JP,419.17,505.88,23.49,16.06,,true,ESTIMATED_MODE_BREAKDOWN
2025-04-14T09:00:00.000000,Japan,Japan,JP,439.24,528.22,19.82,12.59,,true,ESTIMATED_MODE_BREAKDOWN
2025-04-14T10:00:00.000000,Japan,Japan,JP,439.01,528.0,19.86,12.54,,true,ESTIMATED_MODE_BREAKDOWN
2025-04-14T11:00:00.000000,Japan,Japan,JP,437.15,525.86,20.2,12.64,,true,ESTIMATED_MODE_BREAKDOWN
2025-04-14T12:00:00.000000,Japan,Japan,JP,435.01,523.42,20.59,12.72,,true,ESTIMATED_MODE_BREAKDOWN
2025-04-14T13:00:00.000000,Japan,Japan,JP,432.48,520.42,21.05,12.79,,true,ESTIMATED_MODE_BREAKDOWN
2025-04-14T14:00:00.000000,Japan,Japan,JP,430.35,517.95,21.43,12.85,,true,ESTIMATED_MODE_BREAKDOWN
2025-04-14T15:00:00.000000,Japan,Japan,JP,425.91,512.92,22.25,13.05,,true,ESTIMATED_MODE_BREAKDOWN
2025-04-14T16:00:00.000000,Japan,Japan,JP,424.1,510.9,22.58,13.1,,true,ESTIMATED_MODE_BREAKDOWN
2025-04-14T17:00:00.000000,Japan,Japan,JP,425.53,512.6,22.33,13.08,,true,ESTIMATED_MODE_BREAKDOWN
2025-04-14T18:00:00.000000,Japan,Japan,JP,427.66,515.16,21.96,13.08,,true,ESTIMATED_MODE_BREAKDOWN
2025-04-14T19:00:00.000000,Japan,Japan,JP,429.04,516.84,21.72,13.07,,true,ESTIMATED_MODE_BREAKDOWN
2025-04-14T20:00:00.000000,Japan,Japan,JP,427.85,515.48,21.93,13.36,,true,ESTIMATED_MODE_BREAKDOWN
2025-04-14T21:00:00.000000,Japan,Japan,JP,410.18,495.74,25.14,16.65,,true,ESTIMATED_MODE_BREAKDOWN
2025-04-14T22:00:00.000000,Japan,Japan,JP,365.08,445.57,33.33,25.04,,true,ESTIMATED_MODE_BREAKDOWN
2025-04-14T23:00:00.000000,Japan,Japan,JP,326.19,402.74,40.42,32.81,,true,ESTIMATED_MODE_BREAKDOWN
2025-04-15T00:00:00.000000,Japan,Japan,JP,301.17,375.33,45.0,37.81,,true,ESTIMATED_MODE_BREAKDOWN
2025-04-15T01:00:00.000000,Japan,Japan,JP,276.93,348.51,49.4,42.31,,true,ESTIMATED_MODE_BREAKDOWN
2025-04-15T02:00:00.000000,Japan,Japan,JP,263.29,333.39,51.89,44.74,,true,ESTIMATED_MODE_BREAKDOWN
2025-04-15T03:00:00.000000,Japan,Japan,JP,246.29,314.54,55.0,47.5,,true,ESTIMATED_MODE_BREAKDOWN
2025-04-15T04:00:00.000000,Japan,Japan,JP,273.83,345.19,50.0,42.8,,true,ESTIMATED_MODE_BREAKDOWN
2025-04-15T05:00:00.000000,Japan,Japan,JP,293.37,366.58,46.41,39.18,,true,ESTIMATED_MODE_BREAKDOWN
2025-04-15T06:00:00.000000,Japan,Japan,JP,321.91,397.95,41.18,33.83,,true,ESTIMATED_MODE_BREAKDOWN
2025-04-15T07:00:00.000000,Japan,Japan,JP,368.15,449.09,32.75,25.42,,true,ESTIMATED_MODE_BREAKDOWN
2025-04-15T08:00:00.000000,Japan,Japan,JP,414.06,500.0,24.39,17.07,,true,ESTIMATED_MODE_BREAKDOWN
2025-04-15T09:00:00.000000,Japan,Japan,JP,436.72,525.25,20.27,13.17,,true,ESTIMATED_MODE_BREAKDOWN
2025-04-15T10:00:00.000000,Japan,Japan,JP,437.3,525.93,20.17,13.03,,true,ESTIMATED_MODE_BREAKDOWN
2025-04-15T11:00:00.000000,Japan,Japan,JP,435.69,524.05,20.46,13.09,,true,ESTIMATED_MODE_BREAKDOWN
2025-04-15T12:00:00.000000,Japan,Japan,JP,432.5,520.35,21.04,13.36,,true,ESTIMATED_MODE_BREAKDOWN
2025-04-15T13:00:00.000000,Japan,Japan,JP,430.41,517.85,21.42,13.39,,true,ESTIMATED_MODE_BREAKDOWN
2025-04-15T14:00:00.000000,Japan,Japan,JP,428.14,515.25,21.83,13.54,,true,ESTIMATED_MODE_BREAKDOWN
2025-04-15T15:00:00.000000,Japan,Japan,JP,423.3,509.73,22.74,13.81,,true,ESTIMATED_MODE_BREAKDOWN
2025-04-15T16:00:00.000000,Japan,Japan,JP,421.65,507.89,23.04,13.9,,true,ESTIMATED_MODE_BREAKDOWN
2025-04-15T17:00:00.000000,Japan,Japan,JP,423.07,509.63,22.8,13.82,,true,ESTIMATED_MODE_BREAKDOWN
2025-04-15T18:00:00.000000,Japan,Japan,JP,425.94,513.06,22.29,13.63,,true,ESTIMATED_MODE_BREAKDOWN
2025-04-15T19:00:00.000000,Japan,Japan,JP,427.69,515.17,21.98,13.58,,true,ESTIMATED_MODE_BREAKDOWN
2025-04-15T20:00:00.000000,Japan,Japan,JP,426.68,514.04,22.16,13.87,,true,ESTIMATED_MODE_BREAKDOWN
2025-04-15T21:00:00.000000,Japan,Japan,JP,397.15,481.26,27.54,19.32,,true,ESTIMATED_MODE_BREAKDOWN
2025-04-15T22:00:00.000000,Japan,Japan,JP,327.9,404.45,40.14,31.93,,true,ESTIMATED_MODE_BREAKDOWN
2025-04-15T23:00:00.000000,Japan,Japan,JP,269.16,339.63,50.85,43.15,,true,ESTIMATED_MODE_BREAKDOWN
2025-04-16T00:00:00.000000,Japan,Japan,JP,237.16,304.34,56.66,49.39,,true,ESTIMATED_MODE_BREAKDOWN
2025-04-16T01:00:00.000000,Japan,Japan,JP,216.36,281.4,60.46,53.27,,true,ESTIMATED_MODE_BREAKDOWN
2025-04-16T02:00:00.000000,Japan,Japan,JP,205.32,269.22,62.48,55.32,,true,ESTIMATED_MODE_BREAKDOWN
2025-04-16T03:00:00.000000,Japan,Japan,JP,192.06,254.41,64.91,57.32,,true,ESTIMATED_MODE_BREAKDOWN
2025-04-16T04:00:00.000000,Japan,Japan,JP,208.16,272.27,61.97,54.53,,true,ESTIMATED_MODE_BREAKDOWN
2025-04-16T05:00:00.000000,Japan,Japan,JP,232.89,299.44,57.44,49.83,,true,ESTIMATED_MODE_BREAKDOWN
2025-04-16T06:00:00.000000,Japan,Japan,JP,275.38,346.29,49.68,41.95,,true,ESTIMATED_MODE_BREAKDOWN
2025-04-16T07:00:00.000000,Japan,Japan,JP,337.04,414.55,38.43,30.8,,true,ESTIMATED_MODE_BREAKDOWN
2025-04-16T08:00:00.000000,Japan,Japan,JP,400.62,485.04,26.83,19.24,,true,ESTIMATED_MODE_BREAKDOWN
2025-04-16T09:00:00.000000,Japan,Japan,JP,429.93,517.72,21.5,14.13,,true,ESTIMATED_MODE_BREAKDOWN
2025-04-16T10:00:00.000000,Japan,Japan,JP,434.12,522.4,20.74,13.32,,true,ESTIMATED_MODE_BREAKDOWN
2025-04-16T11:00:00.000000,Japan,Japan,JP,433.35,521.48,20.89,13.31,,true,ESTIMATED_MODE_BREAKDOWN
2025-04-16T12:00:00.000000,Japan,Japan,JP,431.46,519.32,21.23,13.35,,true,ESTIMATED_MODE_BREAKDOWN
2025-04-16T13:00:00.000000,Japan,Japan,JP,429.38,516.73,21.6,13.29,,true,ESTIMATED_MODE_BREAKDOWN
2025-04-16T14:00:00.000000,Japan,Japan,JP,428.07,515.2,21.84,13.26,,true,ESTIMATED_MODE_BREAKDOWN
2025-04-16T15:00:00.000000,Japan,Japan,JP,424.33,510.97,22.53,13.34,,true,ESTIMATED_MODE_BREAKDOWN
2025-04-16T16:00:00.000000,Japan,Japan,JP,423.27,509.83,22.73,13.27,,true,ESTIMATED_MODE_BREAKDOWN
2025-04-16T17:00:00.000000,Japan,Japan,JP,425.25,512.2,22.38,13.12,,true,ESTIMATED_MODE_BREAKDOWN
2025-04-16T18:00:00.000000,Japan,Japan,JP,428.53,516.14,21.8,12.9,,true,ESTIMATED_MODE_BREAKDOWN
2025-04-16T19:00:00.000000,Japan,Japan,JP,429.88,517.83,21.56,12.9,,true,ESTIMATED_MODE_BREAKDOWN
2025-04-16T20:00:00.000000,Japan,Japan,JP,427.52,515.18,21.99,13.41,,true,ESTIMATED_MODE_BREAKDOWN
2025-04-16T21:00:00.000000,Japan,Japan,JP,393.67,477.48,28.15,19.5,,true,ESTIMATED_MODE_BREAKDOWN
2025-04-16T22:00:00.000000,Japan,Japan,JP,317.08,392.46,42.08,33.54,,true,ESTIMATED_MODE_BREAKDOWN
2025-04-16T23:00:00.000000,Japan,Japan,JP,256.07,325.19,53.21,45.24,,true,ESTIMATED_MODE_BREAKDOWN
2025-04-17T00:00:00.000000,Japan,Japan,JP,225.22,291.25,58.85,51.29,,true,ESTIMATED_MODE_BREAKDOWN
2025-04-17T01:00:00.000000,Japan,Japan,JP,194.85,257.75,64.39,56.91,,true,ESTIMATED_MODE_BREAKDOWN
2025-04-17T02:00:00.000000,Japan,Japan,JP,185.79,247.76,66.05,58.63,,true,ESTIMATED_MODE_BREAKDOWN
2025-04-17T03:00:00.000000,Japan,Japan,JP,180.46,241.74,67.02,59.25,,true,ESTIMATED_MODE_BREAKDOWN
2025-04-17T04:00:00.000000,Japan,Japan,JP,207.42,271.54,62.1,54.55,,true,ESTIMATED_MODE_BREAKDOWN
2025-04-17T05:00:00.000000,Japan,Japan,JP,234.63,301.41,57.12,49.47,,true,ESTIMATED_MODE_BREAKDOWN
2025-04-17T06:00:00.000000,Japan,Japan,JP,280.92,352.56,48.65,40.96,,true,ESTIMATED_MODE_BREAKDOWN
2025-04-17T07:00:00.000000,Japan,Japan,JP,346.03,424.68,36.79,29.18,,true,ESTIMATED_MODE_BREAKDOWN
2025-04-17T08:00:00.000000,Japan,Japan,JP,407.9,493.3,25.5,17.78,,true,ESTIMATED_MODE_BREAKDOWN
2025-04-17T09:00:00.000000,Japan,Japan,JP,436.99,525.75,20.21,12.65,,true,ESTIMATED_MODE_BREAKDOWN
2025-04-17T10:00:00.000000,Japan,Japan,JP,437.59,526.45,20.1,12.45,,true,ESTIMATED_MODE_BREAKDOWN
2025-04-17T11:00:00.000000,Japan,Japan,JP,435.82,524.43,20.41,12.5,,true,ESTIMATED_MODE_BREAKDOWN
2025-04-17T12:00:00.000000,Japan,Japan,JP,433.3,521.54,20.88,12.57,,true,ESTIMATED_MODE_BREAKDOWN
2025-04-17T13:00:00.000000,Japan,Japan,JP,431.29,519.11,21.24,12.55,,true,ESTIMATED_MODE_BREAKDOWN
2025-04-17T14:00:00.000000,Japan,Japan,JP,430.12,517.75,21.45,12.51,,true,ESTIMATED_MODE_BREAKDOWN
2025-04-17T15:00:00.000000,Japan,Japan,JP,426.14,513.25,22.19,12.68,,true,ESTIMATED_MODE_BREAKDOWN
2025-04-17T16:00:00.000000,Japan,Japan,JP,424.49,511.45,22.5,12.72,,true,ESTIMATED_MODE_BREAKDOWN
2025-04-17T17:00:00.000000,Japan,Japan,JP,425.46,512.64,22.33,12.7,,true,ESTIMATED_MODE_BREAKDOWN
2025-04-17T18:00:00.000000,Japan,Japan,JP,427.76,515.39,21.93,12.67,,true,ESTIMATED_MODE_BREAKDOWN
2025-04-17T19:00:00.000000,Japan,Japan,JP,429.0,516.92,21.71,12.65,,true,ESTIMATED_MODE_BREAKDOWN
2025-04-17T20:00:00.000000,Japan,Japan,JP,426.64,514.25,22.14,13.05,,true,ESTIMATED_MODE_BREAKDOWN
2025-04-17T21:00:00.000000,Japan,Japan,JP,404.29,489.32,26.2,16.95,,true,ESTIMATED_MODE_BREAKDOWN
2025-04-17T22:00:00.000000,Japan,Japan,JP,358.35,438.29,34.57,25.66,,true,ESTIMATED_MODE_BREAKDOWN
2025-04-17T23:00:00.000000,Japan,Japan,JP,318.37,394.13,41.84,33.63,,true,ESTIMATED_MODE_BREAKDOWN
2025-04-18T00:00:00.000000,Japan,Japan,JP,293.04,366.19,46.45,38.67,,true,ESTIMATED_MODE_BREAKDOWN
2025-04-18T01:00:00.000000,Japan,Japan,JP,260.93,330.79,52.32,44.59,,true,ESTIMATED_MODE_BREAKDOWN
2025-04-18T02:00:00.000000,Japan,Japan,JP,230.07,296.67,57.95,50.27,,true,ESTIMATED_MODE_BREAKDOWN
2025-04-18T03:00:00.000000,Japan,Japan,JP,205.38,269.29,62.46,54.5,,true,ESTIMATED_MODE_BREAKDOWN
2025-04-18T04:00:00.000000,Japan,Japan,JP,223.29,289.19,59.19,51.57,,true,ESTIMATED_MODE_BREAKDOWN
2025-04-18T05:00:00.000000,Japan,Japan,JP,251.9,320.76,53.96,46.39,,true,ESTIMATED_MODE_BREAKDOWN
2025-04-18T06:00:00.000000,Japan,Japan,JP,293.57,366.76,46.35,38.71,,true,ESTIMATED_MODE_BREAKDOWN
2025-04-18T07:00:00.000000,Japan,Japan,JP,351.0,430.31,35.87,28.19,,true,ESTIMATED_MODE_BREAKDOWN
2025-04-18T08:00:00.000000,Japan,Japan,JP,407.64,493.1,25.55,17.75,,true,ESTIMATED_MODE_BREAKDOWN
2025-04-18T09:00:00.000000,Japan,Japan,JP,435.33,523.88,20.51,12.81,,true,ESTIMATED_MODE_BREAKDOWN
2025-04-18T10:00:00.000000,Japan,Japan,JP,435.18,523.73,20.53,12.7,,true,ESTIMATED_MODE_BREAKDOWN
2025-04-18T11:00:00.000000,Japan,Japan,JP,433.08,521.31,20.91,12.79,,true,ESTIMATED_MODE_BREAKDOWN
2025-04-18T12:00:00.000000,Japan,Japan,JP,430.06,517.8,21.47,12.95,,true,ESTIMATED_MODE_BREAKDOWN
2025-04-18T13:00:00.000000,Japan,Japan,JP,428.77,516.17,21.71,12.82,,true,ESTIMATED_MODE_BREAKDOWN
2025-04-18T14:00:00.000000,Japan,Japan,JP,427.47,514.65,21.94,12.85,,true,ESTIMATED_MODE_BREAKDOWN
2025-04-18T15:00:00.000000,Japan,Japan,JP,423.9,510.57,22.61,12.86,,true,ESTIMATED_MODE_BREAKDOWN
2025-04-18T16:00:00.000000,Japan,Japan,JP,422.45,509.01,22.89,12.85,,true,ESTIMATED_MODE_BREAKDOWN
2025-04-18T17:00:00.000000,Japan,Japan,JP,423.7,510.52,22.67,12.82,,true,ESTIMATED_MODE_BREAKDOWN
2025-04-18T18:00:00.000000,Japan,Japan,JP,425.83,513.09,22.28,12.71,,true,ESTIMATED_MODE_BREAKDOWN
2025-04-18T19:00:00.000000,Japan,Japan,JP,426.23,513.63,22.2,12.75,,true,ESTIMATED_MODE_BREAKDOWN
2025-04-18T20:00:00.000000,Japan,Japan,JP,421.28,508.08,23.11,13.33,,true,ESTIMATED_MODE_BREAKDOWN
2025-04-18T21:00:00.000000,Japan,Japan,JP,383.93,466.49,29.9,19.56,,true,ESTIMATED_MODE_BREAKDOWN
2025-04-18T22:00:00.000000,Japan,Japan,JP,305.43,379.48,44.21,34.1,,true,ESTIMATED_MODE_BREAKDOWN
2025-04-18T23:00:00.000000,Japan,Japan,JP,235.84,302.71,56.9,47.33,,true,ESTIMATED_MODE_BREAKDOWN
2025-04-19T00:00:00.000000,Japan,Japan,JP,189.29,251.39,65.41,56.32,,true,ESTIMATED_MODE_BREAKDOWN
2025-04-19T01:00:00.000000,Japan,Japan,JP,165.34,225.12,69.8,61.06,,true,ESTIMATED_MODE_BREAKDOWN
2025-04-19T02:00:00.000000,Japan,Japan,JP,161.54,220.98,70.5,61.86,,true,ESTIMATED_MODE_BREAKDOWN
2025-04-19T03:00:00.000000,Japan,Japan,JP,162.82,222.32,70.27,61.51,,true,ESTIMATED_MODE_BREAKDOWN
2025-04-19T04:00:00.000000,Japan,Japan,JP,171.62,231.81,68.63,59.83,,true,ESTIMATED_MODE_BREAKDOWN
2025-04-19T05:00:00.000000,Japan,Japan,JP,200.62,263.76,63.34,54.46,,true,ESTIMATED_MODE_BREAKDOWN
2025-04-19T06:00:00.000000,Japan,Japan,JP,252.96,321.57,53.76,44.84,,true,ESTIMATED_MODE_BREAKDOWN
2025-04-19T07:00:00.000000,Japan,Japan,JP,328.19,404.79,40.03,31.15,,true,ESTIMATED_MODE_BREAKDOWN
2025-04-19T08:00:00.000000,Japan,Japan,JP,398.48,482.7,27.21,18.38,,true,ESTIMATED_MODE_BREAKDOWN
2025-04-19T09:00:00.000000,Japan,Japan,JP,431.13,519.03,21.27,12.62,,true,ESTIMATED_MODE_BREAKDOWN
2025-04-19T10:00:00.000000,Japan,Japan,JP,432.27,520.33,21.07,12.39,,true,ESTIMATED_MODE_BREAKDOWN
2025-04-19T11:00:00.000000,Japan,Japan,JP,430.06,517.79,21.47,12.49,,true,ESTIMATED_MODE_BREAKDOWN
2025-04-19T12:00:00.000000,Japan,Japan,JP,427.78,515.15,21.89,12.51,,true,ESTIMATED_MODE_BREAKDOWN
2025-04-19T13:00:00.000000,Japan,Japan,JP,425.93,512.97,22.24,12.4,,true,ESTIMATED_MODE_BREAKDOWN
2025-04-19T14:00:00.000000,Japan,Japan,JP,424.6,511.43,22.48,12.47,,true,ESTIMATED_MODE_BREAKDOWN
2025-04-19T15:00:00.000000,Japan,Japan,JP,421.42,507.71,23.07,12.43,,true,ESTIMATED_MODE_BREAKDOWN
2025-04-19T16:00:00.000000,Japan,Japan,JP,419.63,505.66,23.39,12.51,,true,ESTIMATED_MODE_BREAKDOWN
2025-04-19T17:00:00.000000,Japan,Japan,JP,420.49,506.73,23.24,12.6,,true,ESTIMATED_MODE_BREAKDOWN
2025-04-19T18:00:00.000000,Japan,Japan,JP,422.31,508.97,22.92,12.63,,true,ESTIMATED_MODE_BREAKDOWN
2025-04-19T19:00:00.000000,Japan,Japan,JP,422.6,509.44,22.87,12.71,,true,ESTIMATED_MODE_BREAKDOWN
2025-04-19T20:00:00.000000,Japan,Japan,JP,419.35,505.82,23.46,13.12,,true,ESTIMATED_MODE_BREAKDOWN
2025-04-19T21:00:00.000000,Japan,Japan,JP,401.46,485.65,26.7,15.74,,true,ESTIMATED_MODE_BREAKDOWN
2025-04-19T22:00:00.000000,Japan,Japan,JP,365.94,446.08,33.17,22.36,,true,ESTIMATED_MODE_BREAKDOWN
2025-04-19T23:00:00.000000,Japan,Japan,JP,335.06,412.02,38.81,28.47,,true,ESTIMATED_MODE_BREAKDOWN
2025-04-20T00:00:00.000000,Japan,Japan,JP,301.77,375.29,44.89,34.99,,true,ESTIMATED_MODE_BREAKDOWN
2025-04-20T01:00:00.000000,Japan,Japan,JP,278.81,349.84,49.06,39.28,,true,ESTIMATED_MODE_BREAKDOWN
2025-04-20T02:00:00.000000,Japan,Japan,JP,261.6,330.83,52.21,42.41,,true,ESTIMATED_MODE_BREAKDOWN
2025-04-20T03:00:00.000000,Japan,Japan,JP,248.09,315.92,54.69,44.9,,true,ESTIMATED_MODE_BREAKDOWN
2025-04-20T04:00:00.000000,Japan,Japan,JP,254.51,322.87,53.5,43.72,,true,ESTIMATED_MODE_BREAKDOWN
2025-04-20T05:00:00.000000,Japan,Japan,JP,280.52,351.56,48.75,38.98,,true,ESTIMATED_MODE_BREAKDOWN
2025-04-20T06:00:00.000000,Japan,Japan,JP,317.76,392.83,41.96,32.21,,true,ESTIMATED_MODE_BREAKDOWN
2025-04-20T07:00:00.000000,Japan,Japan,JP,361.74,441.63,33.94,24.39,,true,ESTIMATED_MODE_BREAKDOWN
2025-04-20T08:00:00.000000,Japan,Japan,JP,405.54,490.23,25.93,16.73,,true,ESTIMATED_MODE_BREAKDOWN
2025-04-20T09:00:00.000000,Japan,Japan,JP,429.31,516.85,21.61,12.79,,true,ESTIMATED_MODE_BREAKDOWN
2025-04-20T10:00:00.000000,Japan,Japan,JP,430.9,518.73,21.33,12.55,,true,ESTIMATED_MODE_BREAKDOWN
2025-04-20T11:00:00.000000,Japan,Japan,JP,429.46,517.1,21.59,12.53,,true,ESTIMATED_MODE_BREAKDOWN
2025-04-20T12:00:00.000000,Japan,Japan,JP,427.99,515.38,21.86,12.43,,true,ESTIMATED_MODE_BREAKDOWN
2025-04-20T13:00:00.000000,Japan,Japan,JP,425.06,511.93,22.39,12.46,,true,ESTIMATED_MODE_BREAKDOWN
2025-04-20T14:00:00.000000,Japan,Japan,JP,423.21,509.85,22.74,12.47,,true,ESTIMATED_MODE_BREAKDOWN
2025-04-20T15:00:00.000000,Japan,Japan,JP,419.09,505.09,23.49,12.67,,true,ESTIMATED_MODE_BREAKDOWN
2025-04-20T16:00:00.000000,Japan,Japan,JP,416.91,502.65,23.89,12.8,,true,ESTIMATED_MODE_BREAKDOWN
2025-04-20T17:00:00.000000,Japan,Japan,JP,418.37,504.43,23.63,12.82,,true,ESTIMATED_MODE_BREAKDOWN
2025-04-20T18:00:00.000000,Japan,Japan,JP,420.98,507.53,23.16,12.82,,true,ESTIMATED_MODE_BREAKDOWN
2025-04-20T19:00:00.000000,Japan,Japan,JP,422.59,509.46,22.87,12.83,,true,ESTIMATED_MODE_BREAKDOWN
2025-04-20T20:00:00.000000,Japan,Japan,JP,416.83,503.06,23.93,13.95,,true,ESTIMATED_MODE_BREAKDOWN
2025-04-20T21:00:00.000000,Japan,Japan,JP,372.51,453.89,32.01,22.08,,true,ESTIMATED_MODE_BREAKDOWN
2025-04-20T22:00:00.000000,Japan,Japan,JP,296.84,370.23,45.83,36.36,,true,ESTIMATED_MODE_BREAKDOWN
2025-04-20T23:00:00.000000,Japan,Japan,JP,245.59,313.8,55.17,46.56,,true,ESTIMATED_MODE_BREAKDOWN
2025-04-21T00:00:00.000000,Japan,Japan,JP,212.94,277.79,61.09,53.11,,true,ESTIMATED_MODE_BREAKDOWN
2025-04-21T01:00:00.000000,Japan,Japan,JP,190.72,253.29,65.15,57.35,,true,ESTIMATED_MODE_BREAKDOWN
2025-04-21T02:00:00.000000,Japan,Japan,JP,180.97,242.49,66.92,59.2,,true,ESTIMATED_MODE_BREAKDOWN
2025-04-21T03:00:00.000000,Japan,Japan,JP,168.07,228.03,69.28,61.21,,true,ESTIMATED_MODE_BREAKDOWN
2025-04-21T04:00:00.000000,Japan,Japan,JP,191.95,254.42,64.91,57.09,,true,ESTIMATED_MODE_BREAKDOWN
2025-04-21T05:00:00.000000,Japan,Japan,JP,220.04,285.33,59.78,51.92,,true,ESTIMATED_MODE_BREAKDOWN
2025-04-21T06:00:00.000000,Japan,Japan,JP,268.31,338.63,50.96,43.01,,true,ESTIMATED_MODE_BREAKDOWN
2025-04-21T07:00:00.000000,Japan,Japan,JP,337.92,415.72,38.27,30.44,,true,ESTIMATED_MODE_BREAKDOWN
2025-04-21T08:00:00.000000,Japan,Japan,JP,402.28,487.08,26.53,18.62,,true,ESTIMATED_MODE_BREAKDOWN
2025-04-21T09:00:00.000000,Japan,Japan,JP,435.4,523.91,20.5,12.69,,true,ESTIMATED_MODE_BREAKDOWN
2025-04-21T10:00:00.000000,Japan,Japan,JP,437.0,525.74,20.22,12.31,,true,ESTIMATED_MODE_BREAKDOWN
2025-04-21T11:00:00.000000,Japan,Japan,JP,435.26,523.76,20.54,12.31,,true,ESTIMATED_MODE_BREAKDOWN
2025-04-21T12:00:00.000000,Japan,Japan,JP,433.29,521.49,20.9,12.31,,true,ESTIMATED_MODE_BREAKDOWN
2025-04-21T13:00:00.000000,Japan,Japan,JP,430.62,518.4,21.38,12.4,,true,ESTIMATED_MODE_BREAKDOWN
2025-04-21T14:00:00.000000,Japan,Japan,JP,428.93,516.4,21.68,12.4,,true,ESTIMATED_MODE_BREAKDOWN
2025-04-21T15:00:00.000000,Japan,Japan,JP,425.57,512.55,22.31,12.44,,true,ESTIMATED_MODE_BREAKDOWN
2025-04-21T16:00:00.000000,Japan,Japan,JP,423.61,510.31,22.66,12.49,,true,ESTIMATED_MODE_BREAKDOWN
2025-04-21T17:00:00.000000,Japan,Japan,JP,424.67,511.56,22.47,12.49,,true,ESTIMATED_MODE_BREAKDOWN
2025-04-21T18:00:00.000000,Japan,Japan,JP,426.92,514.24,22.07,12.46,,true,ESTIMATED_MODE_BREAKDOWN
2025-04-21T19:00:00.000000,Japan,Japan,JP,428.28,515.92,21.83,12.51,,true,ESTIMATED_MODE_BREAKDOWN
2025-04-21T20:00:00.000000,Japan,Japan,JP,423.57,510.69,22.7,13.34,,true,ESTIMATED_MODE_BREAKDOWN
2025-04-21T21:00:00.000000,Japan,Japan,JP,384.71,467.5,29.76,20.28,,true,ESTIMATED_MODE_BREAKDOWN
2025-04-21T22:00:00.000000,Japan,Japan,JP,314.61,389.75,42.52,33.37,,true,ESTIMATED_MODE_BREAKDOWN
2025-04-21T23:00:00.000000,Japan,Japan,JP,269.71,340.23,50.72,42.36,,true,ESTIMATED_MODE_BREAKDOWN
2025-04-22T00:00:00.000000,Japan,Japan,JP,254.19,323.27,53.55,45.82,,true,ESTIMATED_MODE_BREAKDOWN
2025-04-22T01:00:00.000000,Japan,Japan,JP,242.7,310.59,55.66,48.05,,true,ESTIMATED_MODE_BREAKDOWN
2025-04-22T02:00:00.000000,Japan,Japan,JP,237.91,305.38,56.57,49.0,,true,ESTIMATED_MODE_BREAKDOWN
2025-04-22T03:00:00.000000,Japan,Japan,JP,232.87,299.7,57.5,49.59,,true,ESTIMATED_MODE_BREAKDOWN
2025-04-22T04:00:00.000000,Japan,Japan,JP,263.83,333.9,51.84,44.2,,true,ESTIMATED_MODE_BREAKDOWN
2025-04-22T05:00:00.000000,Japan,Japan,JP,296.01,369.39,45.96,38.3,,true,ESTIMATED_MODE_BREAKDOWN
2025-04-22T06:00:00.000000,Japan,Japan,JP,337.1,414.82,38.47,30.72,,true,ESTIMATED_MODE_BREAKDOWN
2025-04-22T07:00:00.000000,Japan,Japan,JP,385.82,468.76,29.58,21.84,,true,ESTIMATED_MODE_BREAKDOWN
2025-04-22T08:00:00.000000,Japan,Japan,JP,420.27,506.97,23.28,15.46,,true,ESTIMATED_MODE_BREAKDOWN
2025-04-22T09:00:00.000000,Japan,Japan,JP,436.99,525.6,20.23,12.46,,true,ESTIMATED_MODE_BREAKDOWN
2025-04-22T10:00:00.000000,Japan,Japan,JP,436.28,524.82,20.36,12.43,,true,ESTIMATED_MODE_BREAKDOWN
2025-04-22T11:00:00.000000,Japan,Japan,JP,434.19,522.42,20.74,12.51,,true,ESTIMATED_MODE_BREAKDOWN
2025-04-22T12:00:00.000000,Japan,Japan,JP,431.38,519.19,21.25,12.66,,true,ESTIMATED_MODE_BREAKDOWN
2025-04-22T13:00:00.000000,Japan,Japan,JP,428.52,515.87,21.76,12.76,,true,ESTIMATED_MODE_BREAKDOWN
2025-04-22T14:00:00.000000,Japan,Japan,JP,427.01,514.14,22.03,12.77,,true,ESTIMATED_MODE_BREAKDOWN
2025-04-22T15:00:00.000000,Japan,Japan,JP,423.3,509.89,22.73,12.8,,true,ESTIMATED_MODE_BREAKDOWN
2025-04-22T16:00:00.000000,Japan,Japan,JP,422.16,508.65,22.95,12.79,,true,ESTIMATED_MODE_BREAKDOWN
2025-04-22T17:00:00.000000,Japan,Japan,JP,422.41,508.97,22.89,12.89,,true,ESTIMATED_MODE_BREAKDOWN
2025-04-22T18:00:00.000000,Japan,Japan,JP,424.49,511.47,22.51,12.88,,true,ESTIMATED_MODE_BREAKDOWN
2025-04-22T19:00:00.000000,Japan,Japan,JP,425.71,512.98,22.3,12.84,,true,ESTIMATED_MODE_BREAKDOWN
2025-04-22T20:00:00.000000,Japan,Japan,JP,424.26,511.36,22.57,13.14,,true,ESTIMATED_MODE_BREAKDOWN
2025-04-22T21:00:00.000000,Japan,Japan,JP,415.49,501.39,24.14,14.78,,true,ESTIMATED_MODE_BREAKDOWN
2025-04-22T22:00:00.000000,Japan,Japan,JP,396.45,480.13,27.6,18.7,,true,ESTIMATED_MODE_BREAKDOWN
2025-04-22T23:00:00.000000,Japan,Japan,JP,383.84,466.29,29.89,21.82,,true,ESTIMATED_MODE_BREAKDOWN
2025-04-23T00:00:00.000000,Japan,Japan,JP,378.41,460.51,30.88,23.36,,true,ESTIMATED_MODE_BREAKDOWN
2025-04-23T01:00:00.000000,Japan,Japan,JP,364.37,444.93,33.43,25.93,,true,ESTIMATED_MODE_BREAKDOWN
2025-04-23T02:00:00.000000,Japan,Japan,JP,354.35,433.82,35.27,27.71,,true,ESTIMATED_MODE_BREAKDOWN
2025-04-23T03:00:00.000000,Japan,Japan,JP,342.27,420.31,37.46,29.51,,true,ESTIMATED_MODE_BREAKDOWN
2025-04-23T04:00:00.000000,Japan,Japan,JP,347.28,425.99,36.56,28.83,,true,ESTIMATED_MODE_BREAKDOWN
2025-04-23T05:00:00.000000,Japan,Japan,JP,353.43,432.78,35.44,27.7,,true,ESTIMATED_MODE_BREAKDOWN
2025-04-23T06:00:00.000000,Japan,Japan,JP,366.78,447.53,33.0,25.23,,true,ESTIMATED_MODE_BREAKDOWN
2025-04-23T07:00:00.000000,Japan,Japan,JP,392.81,476.49,28.27,20.58,,true,ESTIMATED_MODE_BREAKDOWN
2025-04-23T08:00:00.000000,Japan,Japan,JP,420.13,506.89,23.3,15.51,,true,ESTIMATED_MODE_BREAKDOWN
2025-04-23T09:00:00.000000,Japan,Japan,JP,438.21,527.01,20.0,12.22,,true,ESTIMATED_MODE_BREAKDOWN
2025-04-23T10:00:00.000000,Japan,Japan,JP,437.58,526.32,20.11,12.19,,true,ESTIMATED_MODE_BREAKDOWN
2025-04-23T11:00:00.000000,Japan,Japan,JP,435.33,523.76,20.52,12.26,,true,ESTIMATED_MODE_BREAKDOWN
2025-04-23T12:00:00.000000,Japan,Japan,JP,433.07,521.2,20.94,12.29,,true,ESTIMATED_MODE_BREAKDOWN
2025-04-23T13:00:00.000000,Japan,Japan,JP,430.28,517.95,21.44,12.36,,true,ESTIMATED_MODE_BREAKDOWN
2025-04-23T14:00:00.000000,Japan,Japan,JP,428.84,516.26,21.7,12.35,,true,ESTIMATED_MODE_BREAKDOWN
2025-04-23T15:00:00.000000,Japan,Japan,JP,424.85,511.67,22.44,12.43,,true,ESTIMATED_MODE_BREAKDOWN
2025-04-23T16:00:00.000000,Japan,Japan,JP,422.66,509.2,22.84,12.46,,true,ESTIMATED_MODE_BREAKDOWN
2025-04-23T17:00:00.000000,Japan,Japan,JP,423.57,510.26,22.67,12.45,,true,ESTIMATED_MODE_BREAKDOWN
2025-04-23T18:00:00.000000,Japan,Japan,JP,425.84,512.97,22.26,12.46,,true,ESTIMATED_MODE_BREAKDOWN
2025-04-23T19:00:00.000000,Japan,Japan,JP,426.91,514.34,22.08,12.51,,true,ESTIMATED_MODE_BREAKDOWN
2025-04-23T20:00:00.000000,Japan,Japan,JP,424.31,511.41,22.56,12.98,,true,ESTIMATED_MODE_BREAKDOWN
2025-04-23T21:00:00.000000,Japan,Japan,JP,396.85,480.87,27.55,17.98,,true,ESTIMATED_MODE_BREAKDOWN
2025-04-23T22:00:00.000000,Japan,Japan,JP,342.87,421.03,37.4,28.11,,true,ESTIMATED_MODE_BREAKDOWN
2025-04-23T23:00:00.000000,Japan,Japan,JP,297.86,371.49,45.64,37.07,,true,ESTIMATED_MODE_BREAKDOWN
2025-04-24T00:00:00.000000,Japan,Japan,JP,269.04,339.7,50.87,42.84,,true,ESTIMATED_MODE_BREAKDOWN
2025-04-24T01:00:00.000000,Japan,Japan,JP,240.79,308.54,56.01,48.17,,true,ESTIMATED_MODE_BREAKDOWN
2025-04-24T02:00:00.000000,Japan,Japan,JP,223.46,289.38,59.18,51.44,,true,ESTIMATED_MODE_BREAKDOWN
2025-04-24T03:00:00.000000,Japan,Japan,JP,208.59,272.79,61.89,53.79,,true,ESTIMATED_MODE_BREAKDOWN
2025-04-24T04:00:00.000000,Japan,Japan,JP,224.91,290.9,58.91,51.09,,true,ESTIMATED_MODE_BREAKDOWN
2025-04-24T05:00:00.000000,Japan,Japan,JP,244.08,311.96,55.39,47.52,,true,ESTIMATED_MODE_BREAKDOWN
2025-04-24T06:00:00.000000,Japan,Japan,JP,281.26,352.96,48.59,40.61,,true,ESTIMATED_MODE_BREAKDOWN
2025-04-24T07:00:00.000000,Japan,Japan,JP,343.42,421.8,37.25,29.34,,true,ESTIMATED_MODE_BREAKDOWN
2025-04-24T08:00:00.000000,Japan,Japan,JP,402.78,487.58,26.44,18.44,,true,ESTIMATED_MODE_BREAKDOWN
2025-04-24T09:00:00.000000,Japan,Japan,JP,434.78,523.19,20.61,12.64,,true,ESTIMATED_MODE_BREAKDOWN
2025-04-24T10:00:00.000000,Japan,Japan,JP,436.12,524.71,20.37,12.27,,true,ESTIMATED_MODE_BREAKDOWN
2025-04-24T11:00:00.000000,Japan,Japan,JP,434.2,522.47,20.72,12.3,,true,ESTIMATED_MODE_BREAKDOWN
2025-04-24T12:00:00.000000,Japan,Japan,JP,431.62,519.52,21.19,12.37,,true,ESTIMATED_MODE_BREAKDOWN
2025-04-24T13:00:00.000000,Japan,Japan,JP,429.71,517.26,21.54,12.3,,true,ESTIMATED_MODE_BREAKDOWN
2025-04-24T14:00:00.000000,Japan,Japan,JP,427.87,515.14,21.88,12.29,,true,ESTIMATED_MODE_BREAKDOWN
2025-04-24T15:00:00.000000,Japan,Japan,JP,424.12,510.8,22.57,12.26,,true,ESTIMATED_MODE_BREAKDOWN
2025-04-24T16:00:00.000000,Japan,Japan,JP,422.89,509.39,22.8,12.26,,true,ESTIMATED_MODE_BREAKDOWN
2025-04-24T17:00:00.000000,Japan,Japan,JP,423.45,510.06,22.69,12.32,,true,ESTIMATED_MODE_BREAKDOWN
2025-04-24T18:00:00.000000,Japan,Japan,JP,424.77,511.72,22.46,12.46,,true,ESTIMATED_MODE_BREAKDOWN
2025-04-24T19:00:00.000000,Japan,Japan,JP,426.15,513.43,22.22,12.48,,true,ESTIMATED_MODE_BREAKDOWN
2025-04-24T20:00:00.000000,Japan,Japan,JP,423.95,510.95,22.63,12.92,,true,ESTIMATED_MODE_BREAKDOWN
2025-04-24T21:00:00.000000,Japan,Japan,JP,408.02,493.12,25.52,15.79,,true,ESTIMATED_MODE_BREAKDOWN
2025-04-24T22:00:00.000000,Japan,Japan,JP,375.23,456.62,31.47,22.13,,true,ESTIMATED_MODE_BREAKDOWN
2025-04-24T23:00:00.000000,Japan,Japan,JP,344.32,422.55,37.11,28.49,,true,ESTIMATED_MODE_BREAKDOWN
2025-04-25T00:00:00.000000,Japan,Japan,JP,319.53,395.3,41.65,33.55,,true,ESTIMATED_MODE_BREAKDOWN
2025-04-25T01:00:00.000000,Japan,Japan,JP,291.59,364.19,46.71,38.57,,true,ESTIMATED_MODE_BREAKDOWN
2025-04-25T02:00:00.000000,Japan,Japan,JP,262.62,332.09,52.0,43.89,,true,ESTIMATED_MODE_BREAKDOWN
2025-04-25T03:00:00.000000,Japan,Japan,JP,240.52,307.51,56.03,47.54,,true,ESTIMATED_MODE_BREAKDOWN
2025-04-25T04:00:00.000000,Japan,Japan,JP,259.22,328.35,52.62,44.5,,true,ESTIMATED_MODE_BREAKDOWN
2025-04-25T05:00:00.000000,Japan,Japan,JP,291.36,363.83,46.75,38.7,,true,ESTIMATED_MODE_BREAKDOWN
2025-04-25T06:00:00.000000,Japan,Japan,JP,332.24,409.07,39.32,31.13,,true,ESTIMATED_MODE_BREAKDOWN
2025-04-25T07:00:00.000000,Japan,Japan,JP,372.47,453.69,32.0,23.75,,true,ESTIMATED_MODE_BREAKDOWN
2025-04-25T08:00:00.000000,Japan,Japan,JP,407.24,492.33,25.65,17.31,,true,ESTIMATED_MODE_BREAKDOWN
2025-04-25T09:00:00.000000,Japan,Japan,JP,430.88,518.67,21.34,13.1,,true,ESTIMATED_MODE_BREAKDOWN
2025-04-25T10:00:00.000000,Japan,Japan,JP,431.87,519.76,21.16,12.81,,true,ESTIMATED_MODE_BREAKDOWN
2025-04-25T11:00:00.000000,Japan,Japan,JP,430.28,517.92,21.45,12.8,,true,ESTIMATED_MODE_BREAKDOWN
2025-04-25T12:00:00.000000,Japan,Japan,JP,427.99,515.31,21.86,12.82,,true,ESTIMATED_MODE_BREAKDOWN
2025-04-25T13:00:00.000000,Japan,Japan,JP,425.73,512.57,22.27,12.81,,true,ESTIMATED_MODE_BREAKDOWN
2025-04-25T14:00:00.000000,Japan,Japan,JP,424.37,510.94,22.51,12.78,,true,ESTIMATED_MODE_BREAKDOWN
2025-04-25T15:00:00.000000,Japan,Japan,JP,418.89,504.6,23.51,13.03,,true,ESTIMATED_MODE_BREAKDOWN
2025-04-25T16:00:00.000000,Japan,Japan,JP,417.25,502.75,23.82,13.02,,true,ESTIMATED_MODE_BREAKDOWN
2025-04-25T17:00:00.000000,Japan,Japan,JP,417.99,503.66,23.68,13.09,,true,ESTIMATED_MODE_BREAKDOWN
2025-04-25T18:00:00.000000,Japan,Japan,JP,420.95,507.19,23.16,13.01,,true,ESTIMATED_MODE_BREAKDOWN
2025-04-25T19:00:00.000000,Japan,Japan,JP,421.82,508.32,23.0,13.08,,true,ESTIMATED_MODE_BREAKDOWN
2025-04-25T20:00:00.000000,Japan,Japan,JP,416.26,502.15,24.04,13.96,,true,ESTIMATED_MODE_BREAKDOWN
2025-04-25T21:00:00.000000,Japan,Japan,JP,364.33,444.49,33.5,23.03,,true,ESTIMATED_MODE_BREAKDOWN
2025-04-25T22:00:00.000000,Japan,Japan,JP,274.21,344.37,49.91,39.36,,true,ESTIMATED_MODE_BREAKDOWN
2025-04-25T23:00:00.000000,Japan,Japan,JP,216.74,280.92,60.41,50.21,,true,ESTIMATED_MODE_BREAKDOWN
2025-04-26T00:00:00.000000,Japan,Japan,JP,178.74,238.97,67.33,57.5,,true,ESTIMATED_MODE_BREAKDOWN
2025-04-26T01:00:00.000000,Japan,Japan,JP,158.08,216.31,71.12,61.57,,true,ESTIMATED_MODE_BREAKDOWN
2025-04-26T02:00:00.000000,Japan,Japan,JP,155.1,213.05,71.67,62.28,,true,ESTIMATED_MODE_BREAKDOWN
2025-04-26T03:00:00.000000,Japan,Japan,JP,161.87,220.45,70.44,60.94,,true,ESTIMATED_MODE_BREAKDOWN
2025-04-26T04:00:00.000000,Japan,Japan,JP,176.76,236.67,67.69,57.99,,true,ESTIMATED_MODE_BREAKDOWN
2025-04-26T05:00:00.000000,Japan,Japan,JP,192.98,254.58,64.74,54.89,,true,ESTIMATED_MODE_BREAKDOWN
2025-04-26T06:00:00.000000,Japan,Japan,JP,235.04,301.08,57.05,47.11,,true,ESTIMATED_MODE_BREAKDOWN
2025-04-26T07:00:00.000000,Japan,Japan,JP,297.27,369.88,45.67,35.86,,true,ESTIMATED_MODE_BREAKDOWN
2025-04-26T08:00:00.000000,Japan,Japan,JP,375.66,456.93,31.4,21.84,,true,ESTIMATED_MODE_BREAKDOWN
2025-04-26T09:00:00.000000,Japan,Japan,JP,421.52,507.92,23.04,13.77,,true,ESTIMATED_MODE_BREAKDOWN
2025-04-26T10:00:00.000000,Japan,Japan,JP,426.65,513.7,22.09,12.9,,true,ESTIMATED_MODE_BREAKDOWN
2025-04-26T11:00:00.000000,Japan,Japan,JP,425.48,512.29,22.3,12.84,,true,ESTIMATED_MODE_BREAKDOWN
2025-04-26T12:00:00.000000,Japan,Japan,JP,423.09,509.47,22.74,12.88,,true,ESTIMATED_MODE_BREAKDOWN
2025-04-26T13:00:00.000000,Japan,Japan,JP,420.62,506.51,23.18,12.87,,true,ESTIMATED_MODE_BREAKDOWN
2025-04-26T14:00:00.000000,Japan,Japan,JP,419.05,504.74,23.48,12.93,,true,ESTIMATED_MODE_BREAKDOWN
2025-04-26T15:00:00.000000,Japan,Japan,JP,413.97,498.83,24.41,13.14,,true,ESTIMATED_MODE_BREAKDOWN
2025-04-26T16:00:00.000000,Japan,Japan,JP,412.05,496.63,24.75,13.19,,true,ESTIMATED_MODE_BREAKDOWN
2025-04-26T17:00:00.000000,Japan,Japan,JP,413.91,498.88,24.43,13.15,,true,ESTIMATED_MODE_BREAKDOWN
2025-04-26T18:00:00.000000,Japan,Japan,JP,418.27,504.04,23.66,12.96,,true,ESTIMATED_MODE_BREAKDOWN
2025-04-26T19:00:00.000000,Japan,Japan,JP,419.66,505.67,23.4,12.93,,true,ESTIMATED_MODE_BREAKDOWN
2025-04-26T20:00:00.000000,Japan,Japan,JP,411.22,496.43,24.95,14.31,,true,ESTIMATED_MODE_BREAKDOWN
2025-04-26T21:00:00.000000,Japan,Japan,JP,347.35,425.45,36.61,25.31,,true,ESTIMATED_MODE_BREAKDOWN
2025-04-26T22:00:00.000000,Japan,Japan,JP,239.9,306.22,56.18,44.73,,true,ESTIMATED_MODE_BREAKDOWN
2025-04-26T23:00:00.000000,Japan,Japan,JP,173.38,232.7,68.31,57.09,,true,ESTIMATED_MODE_BREAKDOWN
2025-04-27T00:00:00.000000,Japan,Japan,JP,134.71,190.17,75.39,64.76,,true,ESTIMATED_MODE_BREAKDOWN
2025-04-27T01:00:00.000000,Japan,Japan,JP,129.14,184.26,76.42,66.17,,true,ESTIMATED_MODE_BREAKDOWN
2025-04-27T02:00:00.000000,Japan,Japan,JP,124.86,179.61,77.21,67.15,,true,ESTIMATED_MODE_BREAKDOWN
2025-04-27T03:00:00.000000,Japan,Japan,JP,126.3,181.14,76.95,66.84,,true,ESTIMATED_MODE_BREAKDOWN
2025-04-27T04:00:00.000000,Japan,Japan,JP,137.29,193.04,74.91,64.56,,true,ESTIMATED_MODE_BREAKDOWN
2025-04-27T05:00:00.000000,Japan,Japan,JP,160.82,219.04,70.62,60.08,,true,ESTIMATED_MODE_BREAKDOWN
2025-04-27T06:00:00.000000,Japan,Japan,JP,221.94,286.7,59.46,48.9,,true,ESTIMATED_MODE_BREAKDOWN
2025-04-27T07:00:00.000000,Japan,Japan,JP,301.33,374.36,44.94,34.63,,true,ESTIMATED_MODE_BREAKDOWN
2025-04-27T08:00:00.000000,Japan,Japan,JP,385.3,467.53,29.61,19.68,,true,ESTIMATED_MODE_BREAKDOWN
2025-04-27T09:00:00.000000,Japan,Japan,JP,423.65,510.22,22.62,13.16,,true,ESTIMATED_MODE_BREAKDOWN
2025-04-27T10:00:00.000000,Japan,Japan,JP,426.91,513.97,22.03,12.64,,true,ESTIMATED_MODE_BREAKDOWN
2025-04-27T11:00:00.000000,Japan,Japan,JP,425.56,512.44,22.28,12.6,,true,ESTIMATED_MODE_BREAKDOWN
2025-04-27T12:00:00.000000,Japan,Japan,JP,423.85,510.43,22.59,12.48,,true,ESTIMATED_MODE_BREAKDOWN
2025-04-27T13:00:00.000000,Japan,Japan,JP,421.06,507.1,23.09,12.41,,true,ESTIMATED_MODE_BREAKDOWN
2025-04-27T14:00:00.000000,Japan,Japan,JP,419.78,505.62,23.34,12.34,,true,ESTIMATED_MODE_BREAKDOWN
2025-04-27T15:00:00.000000,Japan,Japan,JP,415.07,500.25,24.2,12.47,,true,ESTIMATED_MODE_BREAKDOWN
2025-04-27T16:00:00.000000,Japan,Japan,JP,413.49,498.5,24.48,12.52,,true,ESTIMATED_MODE_BREAKDOWN
2025-04-27T17:00:00.000000,Japan,Japan,JP,416.1,501.54,24.01,12.41,,true,ESTIMATED_MODE_BREAKDOWN
2025-04-27T18:00:00.000000,Japan,Japan,JP,419.78,505.86,23.37,12.33,,true,ESTIMATED_MODE_BREAKDOWN
2025-04-27T19:00:00.000000,Japan,Japan,JP,421.92,508.45,23.0,12.28,,true,ESTIMATED_MODE_BREAKDOWN
2025-04-27T20:00:00.000000,Japan,Japan,JP,417.78,503.9,23.75,13.08,,true,ESTIMATED_MODE_BREAKDOWN
2025-04-27T21:00:00.000000,Japan,Japan,JP,392.21,475.47,28.4,17.65,,true,ESTIMATED_MODE_BREAKDOWN
2025-04-27T22:00:00.000000,Japan,Japan,JP,360.78,440.72,34.12,23.82,,true,ESTIMATED_MODE_BREAKDOWN
2025-04-27T23:00:00.000000,Japan,Japan,JP,332.21,409.42,39.35,29.92,,true,ESTIMATED_MODE_BREAKDOWN
2025-04-28T00:00:00.000000,Japan,Japan,JP,300.68,374.57,45.1,36.12,,true,ESTIMATED_MODE_BREAKDOWN
2025-04-28T01:00:00.000000,Japan,Japan,JP,281.08,353.03,48.7,39.91,,true,ESTIMATED_MODE_BREAKDOWN
2025-04-28T02:00:00.000000,Japan,Japan,JP,291.69,364.68,46.78,38.04,,true,ESTIMATED_MODE_BREAKDOWN
2025-04-28T03:00:00.000000,Japan,Japan,JP,299.47,372.93,45.35,36.33,,true,ESTIMATED_MODE_BREAKDOWN
2025-04-28T04:00:00.000000,Japan,Japan,JP,335.82,413.15,38.71,29.99,,true,ESTIMATED_MODE_BREAKDOWN
2025-04-28T05:00:00.000000,Japan,Japan,JP,356.91,436.45,34.87,26.12,,true,ESTIMATED_MODE_BREAKDOWN
2025-04-28T06:00:00.000000,Japan,Japan,JP,371.7,452.81,32.16,23.39,,true,ESTIMATED_MODE_BREAKDOWN
2025-04-28T07:00:00.000000,Japan,Japan,JP,391.22,474.45,28.58,19.94,,true,ESTIMATED_MODE_BREAKDOWN
2025-04-28T08:00:00.000000,Japan,Japan,JP,410.03,495.38,25.12,16.49,,true,ESTIMATED_MODE_BREAKDOWN
2025-04-28T09:00:00.000000,Japan,Japan,JP,428.75,516.27,21.71,13.11,,true,ESTIMATED_MODE_BREAKDOWN
2025-04-28T10:00:00.000000,Japan,Japan,JP,431.7,519.48,21.18,12.41,,true,ESTIMATED_MODE_BREAKDOWN
2025-04-28T11:00:00.000000,Japan,Japan,JP,429.85,517.36,21.51,12.42,,true,ESTIMATED_MODE_BREAKDOWN
2025-04-28T12:00:00.000000,Japan,Japan,JP,426.78,513.78,22.08,12.53,,true,ESTIMATED_MODE_BREAKDOWN
2025-04-28T13:00:00.000000,Japan,Japan,JP,424.39,510.98,22.52,12.5,,true,ESTIMATED_MODE_BREAKDOWN
2025-04-28T14:00:00.000000,Japan,Japan,JP,422.34,508.63,22.9,12.63,,true,ESTIMATED_MODE_BREAKDOWN
2025-04-28T15:00:00.000000,Japan,Japan,JP,416.83,502.28,23.9,12.86,,true,ESTIMATED_MODE_BREAKDOWN
2025-04-28T16:00:00.000000,Japan,Japan,JP,413.83,498.82,24.44,13.05,,true,ESTIMATED_MODE_BREAKDOWN
2025-04-28T17:00:00.000000,Japan,Japan,JP,415.09,500.33,24.22,13.09,,true,ESTIMATED_MODE_BREAKDOWN
2025-04-28T18:00:00.000000,Japan,Japan,JP,418.22,504.0,23.66,13.04,,true,ESTIMATED_MODE_BREAKDOWN
2025-04-28T19:00:00.000000,Japan,Japan,JP,418.93,505.09,23.54,13.18,,true,ESTIMATED_MODE_BREAKDOWN
2025-04-28T20:00:00.000000,Japan,Japan,JP,412.41,497.8,24.75,14.22,,true,ESTIMATED_MODE_BREAKDOWN
2025-04-28T21:00:00.000000,Japan,Japan,JP,357.53,436.84,34.77,23.73,,true,ESTIMATED_MODE_BREAKDOWN
2025-04-28T22:00:00.000000,Japan,Japan,JP,263.91,332.77,51.79,40.79,,true,ESTIMATED_MODE_BREAKDOWN
2025-04-28T23:00:00.000000,Japan,Japan,JP,202.21,264.82,63.06,52.82,,true,ESTIMATED_MODE_BREAKDOWN
2025-04-29T00:00:00.000000,Japan,Japan,JP,160.25,218.66,70.72,61.02,,true,ESTIMATED_MODE_BREAKDOWN
2025-04-29T01:00:00.000000,Japan,Japan,JP,142.75,199.34,73.91,64.4,,true,ESTIMATED_MODE_BREAKDOWN
2025-04-29T02:00:00.000000,Japan,Japan,JP,134.61,190.38,75.4,65.99,,true,ESTIMATED_MODE_BREAKDOWN
2025-04-29T03:00:00.000000,Japan,Japan,JP,132.49,187.93,75.79,66.18,,true,ESTIMATED_MODE_BREAKDOWN
2025-04-29T04:00:00.000000,Japan,Japan,JP,140.64,196.93,74.31,64.62,,true,ESTIMATED_MODE_BREAKDOWN
2025-04-29T05:00:00.000000,Japan,Japan,JP,160.83,219.05,70.6,60.71,,true,ESTIMATED_MODE_BREAKDOWN
2025-04-29T06:00:00.000000,Japan,Japan,JP,214.42,278.15,60.8,50.84,,true,ESTIMATED_MODE_BREAKDOWN
2025-04-29T07:00:00.000000,Japan,Japan,JP,291.59,363.5,46.71,36.99,,true,ESTIMATED_MODE_BREAKDOWN
2025-04-29T08:00:00.000000,Japan,Japan,JP,373.92,454.94,31.71,22.35,,true,ESTIMATED_MODE_BREAKDOWN
2025-04-29T09:00:00.000000,Japan,Japan,JP,419.11,505.11,23.46,14.4,,true,ESTIMATED_MODE_BREAKDOWN
2025-04-29T10:00:00.000000,Japan,Japan,JP,424.89,511.61,22.41,13.43,,true,ESTIMATED_MODE_BREAKDOWN
2025-04-29T11:00:00.000000,Japan,Japan,JP,423.35,509.82,22.69,13.48,,true,ESTIMATED_MODE_BREAKDOWN
2025-04-29T12:00:00.000000,Japan,Japan,JP,421.35,507.55,23.06,13.42,,true,ESTIMATED_MODE_BREAKDOWN
2025-04-29T13:00:00.000000,Japan,Japan,JP,418.75,504.42,23.55,13.36,,true,ESTIMATED_MODE_BREAKDOWN
2025-04-29T14:00:00.000000,Japan,Japan,JP,417.36,502.8,23.81,13.31,,true,ESTIMATED_MODE_BREAKDOWN
2025-04-29T15:00:00.000000,Japan,Japan,JP,412.09,496.69,24.75,13.5,,true,ESTIMATED_MODE_BREAKDOWN
2025-04-29T16:00:00.000000,Japan,Japan,JP,411.0,495.48,24.95,13.48,,true,ESTIMATED_MODE_BREAKDOWN
2025-04-29T17:00:00.000000,Japan,Japan,JP,413.07,498.02,24.59,13.44,,true,ESTIMATED_MODE_BREAKDOWN
2025-04-29T18:00:00.000000,Japan,Japan,JP,417.19,502.9,23.86,13.29,,true,ESTIMATED_MODE_BREAKDOWN
2025-04-29T19:00:00.000000,Japan,Japan,JP,419.32,505.44,23.48,13.24,,true,ESTIMATED_MODE_BREAKDOWN
2025-04-29T20:00:00.000000,Japan,Japan,JP,412.92,498.43,24.66,14.53,,true,ESTIMATED_MODE_BREAKDOWN
2025-04-29T21:00:00.000000,Japan,Japan,JP,357.7,437.26,34.74,24.48,,true,ESTIMATED_MODE_BREAKDOWN
2025-04-29T22:00:00.000000,Japan,Japan,JP,265.98,335.51,51.42,41.21,,true,ESTIMATED_MODE_BREAKDOWN
2025-04-29T23:00:00.000000,Japan,Japan,JP,203.16,266.3,62.89,53.35,,true,ESTIMATED_MODE_BREAKDOWN
2025-04-30T00:00:00.000000,Japan,Japan,JP,165.79,225.22,69.71,60.79,,true,ESTIMATED_MODE_BREAKDOWN
2025-04-30T01:00:00.000000,Japan,Japan,JP,139.93,196.66,74.43,65.64,,true,ESTIMATED_MODE_BREAKDOWN
2025-04-30T02:00:00.000000,Japan,Japan,JP,133.15,189.22,75.68,66.96,,true,ESTIMATED_MODE_BREAKDOWN
2025-04-30T03:00:00.000000,Japan,Japan,JP,131.91,187.8,75.9,66.87,,true,ESTIMATED_MODE_BREAKDOWN
2025-04-30T04:00:00.000000,Japan,Japan,JP,149.56,207.31,72.69,63.8,,true,ESTIMATED_MODE_BREAKDOWN
2025-04-30T05:00:00.000000,Japan,Japan,JP,177.93,238.49,67.49,58.48,,true,ESTIMATED_MODE_BREAKDOWN
2025-04-30T06:00:00.000000,Japan,Japan,JP,234.38,300.89,57.17,48.05,,true,ESTIMATED_MODE_BREAKDOWN
2025-04-30T07:00:00.000000,Japan,Japan,JP,312.52,387.41,42.91,33.91,,true,ESTIMATED_MODE_BREAKDOWN
2025-04-30T08:00:00.000000,Japan,Japan,JP,387.67,470.7,29.21,20.2,,true,ESTIMATED_MODE_BREAKDOWN
2025-04-30T09:00:00.000000,Japan,Japan,JP,428.03,515.53,21.84,12.98,,true,ESTIMATED_MODE_BREAKDOWN
2025-04-30T10:00:00.000000,Japan,Japan,JP,433.02,521.09,20.93,12.11,,true,ESTIMATED_MODE_BREAKDOWN
2025-04-30T11:00:00.000000,Japan,Japan,JP,431.26,519.03,21.25,12.12,,true,ESTIMATED_MODE_BREAKDOWN
2025-04-30T12:00:00.000000,Japan,Japan,JP,428.82,516.19,21.7,12.11,,true,ESTIMATED_MODE_BREAKDOWN
2025-04-30T13:00:00.000000,Japan,Japan,JP,425.34,512.24,22.35,12.21,,true,ESTIMATED_MODE_BREAKDOWN
2025-04-30T14:00:00.000000,Japan,Japan,JP,423.2,509.77,22.74,12.26,,true,ESTIMATED_MODE_BREAKDOWN
2025-04-30T15:00:00.000000,Japan,Japan,JP,419.13,505.09,23.48,12.2,,true,ESTIMATED_MODE_BREAKDOWN
2025-04-30T16:00:00.000000,Japan,Japan,JP,417.39,503.13,23.8,12.16,,true,ESTIMATED_MODE_BREAKDOWN
2025-04-30T17:00:00.000000,Japan,Japan,JP,419.3,505.42,23.46,12.14,,true,ESTIMATED_MODE_BREAKDOWN
2025-04-30T18:00:00.000000,Japan,Japan,JP,421.82,508.42,23.02,12.23,,true,ESTIMATED_MODE_BREAKDOWN
2025-04-30T19:00:00.000000,Japan,Japan,JP,423.34,510.29,22.75,12.29,,true,ESTIMATED_MODE_BREAKDOWN
2025-04-30T20:00:00.000000,Japan,Japan,JP,413.99,499.95,24.46,14.0,,true,ESTIMATED_MODE_BREAKDOWN
2025-04-30T21:00:00.000000,Japan,Japan,JP,362.82,443.02,33.77,23.1,,true,ESTIMATED_MODE_BREAKDOWN
2025-04-30T22:00:00.000000,Japan,Japan,JP,284.01,355.77,48.15,37.6,,true,ESTIMATED_MODE_BREAKDOWN
2025-04-30T23:00:00.000000,Japan,Japan,JP,229.06,295.12,58.17,48.42,,true,ESTIMATED_MODE_BREAKDOWN
2025-05-01T00:00:00.000000,Japan,Japan,JP,196.09,258.72,64.19,54.99,,true,ESTIMATED_MODE_BREAKDOWN
2025-05-01T01:00:00.000000,Japan,Japan,JP,173.93,234.08,68.22,59.2,,true,ESTIMATED_MODE_BREAKDOWN
2025-05-01T02:00:00.000000,Japan,Japan,JP,166.01,225.33,69.66,60.75,,true,ESTIMATED_MODE_BREAKDOWN
2025-05-01T03:00:00.000000,Japan,Japan,JP,161.28,219.96,70.52,61.36,,true,ESTIMATED_MODE_BREAKDOWN
2025-05-01T04:00:00.000000,Japan,Japan,JP,183.36,244.43,66.48,57.43,,true,ESTIMATED_MODE_BREAKDOWN
2025-05-01T05:00:00.000000,Japan,Japan,JP,214.17,278.45,60.85,51.71,,true,ESTIMATED_MODE_BREAKDOWN
2025-05-01T06:00:00.000000,Japan,Japan,JP,266.85,336.84,51.24,42.06,,true,ESTIMATED_MODE_BREAKDOWN
2025-05-01T07:00:00.000000,Japan,Japan,JP,337.4,414.97,38.4,29.32,,true,ESTIMATED_MODE_BREAKDOWN
2025-05-01T08:00:00.000000,Japan,Japan,JP,399.67,483.78,27.02,17.88,,true,ESTIMATED_MODE_BREAKDOWN
2025-05-01T09:00:00.000000,Japan,Japan,JP,428.43,515.7,21.77,12.85,,true,ESTIMATED_MODE_BREAKDOWN
2025-05-01T10:00:00.000000,Japan,Japan,JP,429.78,517.16,21.52,12.55,,true,ESTIMATED_MODE_BREAKDOWN
2025-05-01T11:00:00.000000,Japan,Japan,JP,426.96,513.93,22.03,12.67,,true,ESTIMATED_MODE_BREAKDOWN
2025-05-01T12:00:00.000000,Japan,Japan,JP,424.05,510.55,22.57,12.74,,true,ESTIMATED_MODE_BREAKDOWN
2025-05-01T13:00:00.000000,Japan,Japan,JP,420.35,506.31,23.24,12.86,,true,ESTIMATED_MODE_BREAKDOWN
2025-05-01T14:00:00.000000,Japan,Japan,JP,418.01,503.57,23.66,12.91,,true,ESTIMATED_MODE_BREAKDOWN
2025-05-01T15:00:00.000000,Japan,Japan,JP,412.0,496.57,24.77,13.14,,true,ESTIMATED_MODE_BREAKDOWN
2025-05-01T16:00:00.000000,Japan,Japan,JP,409.65,493.83,25.19,13.29,,true,ESTIMATED_MODE_BREAKDOWN
2025-05-01T17:00:00.000000,Japan,Japan,JP,410.58,495.05,25.04,13.4,,true,ESTIMATED_MODE_BREAKDOWN
2025-05-01T18:00:00.000000,Japan,Japan,JP,413.48,498.54,24.52,13.42,,true,ESTIMATED_MODE_BREAKDOWN
2025-05-01T19:00:00.000000,Japan,Japan,JP,415.23,500.64,24.22,13.39,,true,ESTIMATED_MODE_BREAKDOWN
2025-05-01T20:00:00.000000,Japan,Japan,JP,409.33,494.09,25.3,14.44,,true,ESTIMATED_MODE_BREAKDOWN
2025-05-01T21:00:00.000000,Japan,Japan,JP,386.52,468.51,29.44,18.57,,true,ESTIMATED_MODE_BREAKDOWN
2025-05-01T22:00:00.000000,Japan,Japan,JP,350.9,428.81,35.92,25.5,,true,ESTIMATED_MODE_BREAKDOWN
2025-05-01T23:00:00.000000,Japan,Japan,JP,318.97,393.51,41.73,32.15,,true,ESTIMATED_MODE_BREAKDOWN
2025-05-02T00:00:00.000000,Japan,Japan,JP,304.07,377.06,44.43,35.42,,true,ESTIMATED_MODE_BREAKDOWN
2025-05-02T01:00:00.000000,Japan,Japan,JP,299.81,372.35,45.2,36.31,,true,ESTIMATED_MODE_BREAKDOWN
2025-05-02T02:00:00.000000,Japan,Japan,JP,299.07,371.56,45.33,36.59,,true,ESTIMATED_MODE_BREAKDOWN
2025-05-02T03:00:00.000000,Japan,Japan,JP,294.24,366.15,46.21,37.12,,true,ESTIMATED_MODE_BREAKDOWN
2025-05-02T04:00:00.000000,Japan,Japan,JP,303.17,376.06,44.58,35.62,,true,ESTIMATED_MODE_BREAKDOWN
2025-05-02T05:00:00.000000,Japan,Japan,JP,315.24,389.47,42.38,33.37,,true,ESTIMATED_MODE_BREAKDOWN
2025-05-02T06:00:00.000000,Japan,Japan,JP,326.86,402.49,40.26,31.22,,true,ESTIMATED_MODE_BREAKDOWN
2025-05-02T07:00:00.000000,Japan,Japan,JP,351.05,429.37,35.84,26.91,,true,ESTIMATED_MODE_BREAKDOWN
2025-05-02T08:00:00.000000,Japan,Japan,JP,393.07,476.18,28.19,19.23,,true,ESTIMATED_MODE_BREAKDOWN
2025-05-02T09:00:00.000000,Japan,Japan,JP,423.12,509.69,22.73,13.81,,true,ESTIMATED_MODE_BREAKDOWN
2025-05-02T10:00:00.000000,Japan,Japan,JP,427.54,514.65,21.93,12.89,,true,ESTIMATED_MODE_BREAKDOWN
2025-05-02T11:00:00.000000,Japan,Japan,JP,424.91,511.56,22.4,13.03,,true,ESTIMATED_MODE_BREAKDOWN
2025-05-02T12:00:00.000000,Japan,Japan,JP,422.19,508.43,22.9,13.05,,true,ESTIMATED_MODE_BREAKDOWN
2025-05-02T13:00:00.000000,Japan,Japan,JP,418.79,504.41,23.52,13.1,,true,ESTIMATED_MODE_BREAKDOWN
2025-05-02T14:00:00.000000,Japan,Japan,JP,417.5,502.9,23.75,13.02,,true,ESTIMATED_MODE_BREAKDOWN
2025-05-02T15:00:00.000000,Japan,Japan,JP,412.1,496.6,24.74,13.11,,true,ESTIMATED_MODE_BREAKDOWN
2025-05-02T16:00:00.000000,Japan,Japan,JP,409.45,493.54,25.22,13.2,,true,ESTIMATED_MODE_BREAKDOWN
2025-05-02T17:00:00.000000,Japan,Japan,JP,411.63,496.22,24.84,13.2,,true,ESTIMATED_MODE_BREAKDOWN
2025-05-02T18:00:00.000000,Japan,Japan,JP,415.18,500.48,24.2,13.1,,true,ESTIMATED_MODE_BREAKDOWN
2025-05-02T19:00:00.000000,Japan,Japan,JP,416.32,501.89,24.0,13.11,,true,ESTIMATED_MODE_BREAKDOWN
2025-05-02T20:00:00.000000,Japan,Japan,JP,406.79,491.29,25.75,14.6,,true,ESTIMATED_MODE_BREAKDOWN
2025-05-02T21:00:00.000000,Japan,Japan,JP,341.18,418.43,37.72,25.95,,true,ESTIMATED_MODE_BREAKDOWN
2025-05-02T22:00:00.000000,Japan,Japan,JP,240.73,307.2,56.07,44.15,,true,ESTIMATED_MODE_BREAKDOWN
2025-05-02T23:00:00.000000,Japan,Japan,JP,165.85,224.58,69.72,58.05,,true,ESTIMATED_MODE_BREAKDOWN
2025-05-03T00:00:00.000000,Japan,Japan,JP,132.32,187.68,75.83,64.74,,true,ESTIMATED_MODE_BREAKDOWN
2025-05-03T01:00:00.000000,Japan,Japan,JP,113.8,167.27,79.21,68.53,,true,ESTIMATED_MODE_BREAKDOWN
2025-05-03T02:00:00.000000,Japan,Japan,JP,110.96,164.18,79.73,69.23,,true,ESTIMATED_MODE_BREAKDOWN
2025-05-03T03:00:00.000000,Japan,Japan,JP,117.43,171.34,78.55,68.09,,true,ESTIMATED_MODE_BREAKDOWN
2025-05-03T04:00:00.000000,Japan,Japan,JP,124.58,179.2,77.24,66.74,,true,ESTIMATED_MODE_BREAKDOWN
2025-05-03T05:00:00.000000,Japan,Japan,JP,152.29,209.71,72.19,61.18,,true,ESTIMATED_MODE_BREAKDOWN
2025-05-03T06:00:00.000000,Japan,Japan,JP,216.53,280.72,60.45,49.47,,true,ESTIMATED_MODE_BREAKDOWN
2025-05-03T07:00:00.000000,Japan,Japan,JP,298.99,371.73,45.37,34.58,,true,ESTIMATED_MODE_BREAKDOWN
2025-05-03T08:00:00.000000,Japan,Japan,JP,382.91,464.76,30.05,19.6,,true,ESTIMATED_MODE_BREAKDOWN
2025-05-03T09:00:00.000000,Japan,Japan,JP,421.12,507.38,23.09,13.07,,true,ESTIMATED_MODE_BREAKDOWN
2025-05-03T10:00:00.000000,Japan,Japan,JP,425.79,512.69,22.25,12.33,,true,ESTIMATED_MODE_BREAKDOWN
2025-05-03T11:00:00.000000,Japan,Japan,JP,424.08,510.67,22.56,12.34,,true,ESTIMATED_MODE_BREAKDOWN
2025-05-03T12:00:00.000000,Japan,Japan,JP,422.17,508.5,22.91,12.27,,true,ESTIMATED_MODE_BREAKDOWN
2025-05-03T13:00:00.000000,Japan,Japan,JP,418.93,504.68,23.49,12.33,,true,ESTIMATED_MODE_BREAKDOWN
2025-05-03T14:00:00.000000,Japan,Japan,JP,417.43,502.9,23.76,12.34,,true,ESTIMATED_MODE_BREAKDOWN
2025-05-03T15:00:00.000000,Japan,Japan,JP,411.23,495.79,24.89,12.61,,true,ESTIMATED_MODE_BREAKDOWN
2025-05-03T16:00:00.000000,Japan,Japan,JP,408.69,492.86,25.35,12.7,,true,ESTIMATED_MODE_BREAKDOWN
2025-05-03T17:00:00.000000,Japan,Japan,JP,410.58,495.14,25.01,12.73,,true,ESTIMATED_MODE_BREAKDOWN
2025-05-03T18:00:00.000000,Japan,Japan,JP,413.8,498.99,24.45,12.74,,true,ESTIMATED_MODE_BREAKDOWN
2025-05-03T19:00:00.000000,Japan,Japan,JP,415.15,500.67,24.22,12.75,,true,ESTIMATED_MODE_BREAKDOWN
2025-05-03T20:00:00.000000,Japan,Japan,JP,405.4,489.7,25.99,14.26,,true,ESTIMATED_MODE_BREAKDOWN
2025-05-03T21:00:00.000000,Japan,Japan,JP,355.52,434.13,35.06,22.71,,true,ESTIMATED_MODE_BREAKDOWN
2025-05-03T22:00:00.000000,Japan,Japan,JP,270.06,339.23,50.66,38.29,,true,ESTIMATED_MODE_BREAKDOWN
2025-05-03T23:00:00.000000,Japan,Japan,JP,207.35,270.05,62.1,50.18,,true,ESTIMATED_MODE_BREAKDOWN
2025-05-04T00:00:00.000000,Japan,Japan,JP,182.19,242.46,66.7,55.45,,true,ESTIMATED_MODE_BREAKDOWN
2025-05-04T01:00:00.000000,Japan,Japan,JP,164.19,222.64,69.98,59.04,,true,ESTIMATED_MODE_BREAKDOWN
2025-05-04T02:00:00.000000,Japan,Japan,JP,157.67,215.46,71.18,60.45,,true,ESTIMATED_MODE_BREAKDOWN
2025-05-04T03:00:00.000000,Japan,Japan,JP,153.84,211.22,71.88,61.05,,true,ESTIMATED_MODE_BREAKDOWN
2025-05-04T04:00:00.000000,Japan,Japan,JP,149.46,206.32,72.68,61.82,,true,ESTIMATED_MODE_BREAKDOWN
2025-05-04T05:00:00.000000,Japan,Japan,JP,168.93,227.77,69.14,58.09,,true,ESTIMATED_MODE_BREAKDOWN
2025-05-04T06:00:00.000000,Japan,Japan,JP,212.02,275.47,61.27,50.09,,true,ESTIMATED_MODE_BREAKDOWN
2025-05-04T07:00:00.000000,Japan,Japan,JP,284.43,355.5,48.03,37.16,,true,ESTIMATED_MODE_BREAKDOWN
2025-05-04T08:00:00.000000,Japan,Japan,JP,363.67,443.27,33.56,23.04,,true,ESTIMATED_MODE_BREAKDOWN
2025-05-04T09:00:00.000000,Japan,Japan,JP,414.78,500.17,24.25,14.1,,true,ESTIMATED_MODE_BREAKDOWN
2025-05-04T10:00:00.000000,Japan,Japan,JP,423.03,509.44,22.74,12.77,,true,ESTIMATED_MODE_BREAKDOWN
2025-05-04T11:00:00.000000,Japan,Japan,JP,420.94,507.03,23.13,12.86,,true,ESTIMATED_MODE_BREAKDOWN
2025-05-04T12:00:00.000000,Japan,Japan,JP,418.16,503.83,23.64,12.95,,true,ESTIMATED_MODE_BREAKDOWN
2025-05-04T13:00:00.000000,Japan,Japan,JP,415.27,500.3,24.15,12.91,,true,ESTIMATED_MODE_BREAKDOWN
2025-05-04T14:00:00.000000,Japan,Japan,JP,413.25,497.91,24.52,12.91,,true,ESTIMATED_MODE_BREAKDOWN
2025-05-04T15:00:00.000000,Japan,Japan,JP,407.47,491.17,25.58,13.1,,true,ESTIMATED_MODE_BREAKDOWN
2025-05-04T16:00:00.000000,Japan,Japan,JP,405.51,488.94,25.93,13.21,,true,ESTIMATED_MODE_BREAKDOWN
2025-05-04T17:00:00.000000,Japan,Japan,JP,408.12,492.02,25.46,13.17,,true,ESTIMATED_MODE_BREAKDOWN
2025-05-04T18:00:00.000000,Japan,Japan,JP,412.19,496.95,24.74,13.11,,true,ESTIMATED_MODE_BREAKDOWN
2025-05-04T19:00:00.000000,Japan,Japan,JP,414.01,499.18,24.43,13.15,,true,ESTIMATED_MODE_BREAKDOWN
2025-05-04T20:00:00.000000,Japan,Japan,JP,402.66,486.6,26.51,15.11,,true,ESTIMATED_MODE_BREAKDOWN
2025-05-04T21:00:00.000000,Japan,Japan,JP,334.61,411.08,38.92,26.98,,true,ESTIMATED_MODE_BREAKDOWN
2025-05-04T22:00:00.000000,Japan,Japan,JP,238.54,304.49,56.45,44.44,,true,ESTIMATED_MODE_BREAKDOWN
2025-05-04T23:00:00.000000,Japan,Japan,JP,187.89,248.88,65.69,54.32,,true,ESTIMATED_MODE_BREAKDOWN
2025-05-05T00:00:00.000000,Japan,Japan,JP,166.51,225.49,69.61,58.93,,true,ESTIMATED_MODE_BREAKDOWN
2025-05-05T01:00:00.000000,Japan,Japan,JP,136.59,192.46,75.06,64.49,,true,ESTIMATED_MODE_BREAKDOWN
2025-05-05T02:00:00.000000,Japan,Japan,JP,123.58,178.2,77.43,67.14,,true,ESTIMATED_MODE_BREAKDOWN
2025-05-05T03:00:00.000000,Japan,Japan,JP,118.2,172.21,78.4,67.97,,true,ESTIMATED_MODE_BREAKDOWN
2025-05-05T04:00:00.000000,Japan,Japan,JP,132.28,187.72,75.83,65.32,,true,ESTIMATED_MODE_BREAKDOWN
2025-05-05T05:00:00.000000,Japan,Japan,JP,167.81,227.01,69.34,58.47,,true,ESTIMATED_MODE_BREAKDOWN
2025-05-05T06:00:00.000000,Japan,Japan,JP,231.04,296.7,57.77,46.85,,true,ESTIMATED_MODE_BREAKDOWN
2025-05-05T07:00:00.000000,Japan,Japan,JP,316.09,390.87,42.25,31.57,,true,ESTIMATED_MODE_BREAKDOWN
2025-05-05T08:00:00.000000,Japan,Japan,JP,391.72,474.64,28.45,18.06,,true,ESTIMATED_MODE_BREAKDOWN
2025-05-05T09:00:00.000000,Japan,Japan,JP,423.92,510.5,22.58,12.67,,true,ESTIMATED_MODE_BREAKDOWN
2025-05-05T10:00:00.000000,Japan,Japan,JP,426.62,513.51,22.08,12.32,,true,ESTIMATED_MODE_BREAKDOWN
2025-05-05T11:00:00.000000,Japan,Japan,JP,424.72,511.33,22.43,12.35,,true,ESTIMATED_MODE_BREAKDOWN
2025-05-05T12:00:00.000000,Japan,Japan,JP,422.18,508.4,22.89,12.39,,true,ESTIMATED_MODE_BREAKDOWN
2025-05-05T13:00:00.000000,Japan,Japan,JP,419.6,505.39,23.36,12.33,,true,ESTIMATED_MODE_BREAKDOWN
2025-05-05T14:00:00.000000,Japan,Japan,JP,418.44,503.94,23.57,12.21,,true,ESTIMATED_MODE_BREAKDOWN
2025-05-05T15:00:00.000000,Japan,Japan,JP,412.45,497.1,24.67,12.5,,true,ESTIMATED_MODE_BREAKDOWN
2025-05-05T16:00:00.000000,Japan,Japan,JP,410.54,494.92,25.01,12.59,,true,ESTIMATED_MODE_BREAKDOWN
2025-05-05T17:00:00.000000,Japan,Japan,JP,412.31,497.04,24.7,12.6,,true,ESTIMATED_MODE_BREAKDOWN
2025-05-05T18:00:00.000000,Japan,Japan,JP,415.99,501.45,24.05,12.55,,true,ESTIMATED_MODE_BREAKDOWN
2025-05-05T19:00:00.000000,Japan,Japan,JP,417.57,503.34,23.77,12.58,,true,ESTIMATED_MODE_BREAKDOWN
2025-05-05T20:00:00.000000,Japan,Japan,JP,411.86,496.99,24.81,13.54,,true,ESTIMATED_MODE_BREAKDOWN
2025-05-05T21:00:00.000000,Japan,Japan,JP,397.63,481.05,27.38,15.96,,true,ESTIMATED_MODE_BREAKDOWN
2025-05-05T22:00:00.000000,Japan,Japan,JP,385.16,467.1,29.63,18.67,,true,ESTIMATED_MODE_BREAKDOWN
2025-05-05T23:00:00.000000,Japan,Japan,JP,374.93,455.97,31.5,21.36,,true,ESTIMATED_MODE_BREAKDOWN
2025-05-06T00:00:00.000000,Japan,Japan,JP,363.28,443.09,33.62,23.96,,true,ESTIMATED_MODE_BREAKDOWN
2025-05-06T01:00:00.000000,Japan,Japan,JP,344.73,422.56,36.99,27.49,,true,ESTIMATED_MODE_BREAKDOWN
2025-05-06T02:00:00.000000,Japan,Japan,JP,338.3,415.31,38.16,28.64,,true,ESTIMATED_MODE_BREAKDOWN
2025-05-06T03:00:00.000000,Japan,Japan,JP,334.44,411.12,38.87,29.22,,true,ESTIMATED_MODE_BREAKDOWN
2025-05-06T04:00:00.000000,Japan,Japan,JP,351.31,429.91,35.8,26.24,,true,ESTIMATED_MODE_BREAKDOWN
2025-05-06T05:00:00.000000,Japan,Japan,JP,363.04,442.88,33.66,24.1,,true,ESTIMATED_MODE_BREAKDOWN
2025-05-06T06:00:00.000000,Japan,Japan,JP,379.37,461.0,30.68,21.14,,true,ESTIMATED_MODE_BREAKDOWN
2025-05-06T07:00:00.000000,Japan,Japan,JP,402.19,486.46,26.52,17.27,,true,ESTIMATED_MODE_BREAKDOWN
2025-05-06T08:00:00.000000,Japan,Japan,JP,418.81,505.08,23.51,14.34,,true,ESTIMATED_MODE_BREAKDOWN
2025-05-06T09:00:00.000000,Japan,Japan,JP,425.33,512.48,22.33,13.3,,true,ESTIMATED_MODE_BREAKDOWN
2025-05-06T10:00:00.000000,Japan,Japan,JP,430.47,518.13,21.39,12.49,,true,ESTIMATED_MODE_BREAKDOWN
2025-05-06T11:00:00.000000,Japan,Japan,JP,428.4,515.74,21.77,12.6,,true,ESTIMATED_MODE_BREAKDOWN
2025-05-06T12:00:00.000000,Japan,Japan,JP,425.65,512.49,22.27,12.7,,true,ESTIMATED_MODE_BREAKDOWN
2025-05-06T13:00:00.000000,Japan,Japan,JP,422.6,508.91,22.81,12.74,,true,ESTIMATED_MODE_BREAKDOWN
2025-05-06T14:00:00.000000,Japan,Japan,JP,421.08,507.09,23.09,12.71,,true,ESTIMATED_MODE_BREAKDOWN
2025-05-06T15:00:00.000000,Japan,Japan,JP,416.08,501.26,24.0,12.82,,true,ESTIMATED_MODE_BREAKDOWN
2025-05-06T16:00:00.000000,Japan,Japan,JP,414.05,498.96,24.37,12.89,,true,ESTIMATED_MODE_BREAKDOWN
2025-05-06T17:00:00.000000,Japan,Japan,JP,416.14,501.47,24.0,12.82,,true,ESTIMATED_MODE_BREAKDOWN
2025-05-06T18:00:00.000000,Japan,Japan,JP,418.62,504.48,23.56,12.92,,true,ESTIMATED_MODE_BREAKDOWN
2025-05-06T19:00:00.000000,Japan,Japan,JP,419.67,505.83,23.38,13.0,,true,ESTIMATED_MODE_BREAKDOWN
2025-05-06T20:00:00.000000,Japan,Japan,JP,412.82,498.25,24.64,14.25,,true,ESTIMATED_MODE_BREAKDOWN
2025-05-06T21:00:00.000000,Japan,Japan,JP,370.03,450.78,32.43,22.02,,true,ESTIMATED_MODE_BREAKDOWN
2025-05-06T22:00:00.000000,Japan,Japan,JP,293.55,366.08,46.36,36.36,,true,ESTIMATED_MODE_BREAKDOWN
2025-05-06T23:00:00.000000,Japan,Japan,JP,236.56,303.15,56.76,47.72,,true,ESTIMATED_MODE_BREAKDOWN
2025-05-07T00:00:00.000000,Japan,Japan,JP,210.04,274.16,61.6,53.29,,true,ESTIMATED_MODE_BREAKDOWN
2025-05-07T01:00:00.000000,Japan,Japan,JP,187.49,249.4,65.72,57.65,,true,ESTIMATED_MODE_BREAKDOWN
2025-05-07T02:00:00.000000,Japan,Japan,JP,172.14,232.39,68.53,60.51,,true,ESTIMATED_MODE_BREAKDOWN
2025-05-07T03:00:00.000000,Japan,Japan,JP,160.88,219.77,70.59,62.17,,true,ESTIMATED_MODE_BREAKDOWN
2025-05-07T04:00:00.000000,Japan,Japan,JP,183.33,244.54,66.48,58.28,,true,ESTIMATED_MODE_BREAKDOWN
2025-05-07T05:00:00.000000,Japan,Japan,JP,209.66,273.6,61.68,53.4,,true,ESTIMATED_MODE_BREAKDOWN
2025-05-07T06:00:00.000000,Japan,Japan,JP,250.66,318.89,54.18,45.82,,true,ESTIMATED_MODE_BREAKDOWN
2025-05-07T07:00:00.000000,Japan,Japan,JP,313.03,387.95,42.8,34.5,,true,ESTIMATED_MODE_BREAKDOWN
2025-05-07T08:00:00.000000,Japan,Japan,JP,375.14,456.77,31.47,23.12,,true,ESTIMATED_MODE_BREAKDOWN
2025-05-07T09:00:00.000000,Japan,Japan,JP,413.89,499.77,24.41,16.14,,true,ESTIMATED_MODE_BREAKDOWN
2025-05-07T10:00:00.000000,Japan,Japan,JP,427.63,515.0,21.9,13.4,,true,ESTIMATED_MODE_BREAKDOWN
2025-05-07T11:00:00.000000,Japan,Japan,JP,432.82,520.87,20.96,12.27,,true,ESTIMATED_MODE_BREAKDOWN
2025-05-07T12:00:00.000000,Japan,Japan,JP,431.41,519.21,21.23,12.18,,true,ESTIMATED_MODE_BREAKDOWN
2025-05-07T13:00:00.000000,Japan,Japan,JP,428.95,516.32,21.67,12.21,,true,ESTIMATED_MODE_BREAKDOWN
2025-05-07T14:00:00.000000,Japan,Japan,JP,427.3,514.38,21.97,12.22,,true,ESTIMATED_MODE_BREAKDOWN
2025-05-07T15:00:00.000000,Japan,Japan,JP,422.06,508.35,22.93,12.42,,true,ESTIMATED_MODE_BREAKDOWN
2025-05-07T16:00:00.000000,Japan,Japan,JP,420.53,506.6,23.2,12.41,,true,ESTIMATED_MODE_BREAKDOWN
2025-05-07T17:00:00.000000,Japan,Japan,JP,421.85,508.23,22.97,12.41,,true,ESTIMATED_MODE_BREAKDOWN
2025-05-07T18:00:00.000000,Japan,Japan,JP,424.75,511.73,22.46,12.39,,true,ESTIMATED_MODE_BREAKDOWN
2025-05-07T19:00:00.000000,Japan,Japan,JP,426.3,513.63,22.19,12.42,,true,ESTIMATED_MODE_BREAKDOWN
2025-05-07T20:00:00.000000,Japan,Japan,JP,415.43,501.62,24.18,14.41,,true,ESTIMATED_MODE_BREAKDOWN
2025-05-07T21:00:00.000000,Japan,Japan,JP,361.81,442.02,33.94,24.08,,true,ESTIMATED_MODE_BREAKDOWN
2025-05-07T22:00:00.000000,Japan,Japan,JP,277.8,348.82,49.27,39.61,,true,ESTIMATED_MODE_BREAKDOWN
2025-05-07T23:00:00.000000,Japan,Japan,JP,219.89,284.94,59.81,50.96,,true,ESTIMATED_MODE_BREAKDOWN
2025-05-08T00:00:00.000000,Japan,Japan,JP,191.07,253.29,65.08,56.92,,true,ESTIMATED_MODE_BREAKDOWN
2025-05-08T01:00:00.000000,Japan,Japan,JP,173.85,234.27,68.22,60.22,,true,ESTIMATED_MODE_BREAKDOWN
2025-05-08T02:00:00.000000,Japan,Japan,JP,168.1,227.98,69.27,61.35,,true,ESTIMATED_MODE_BREAKDOWN
2025-05-08T03:00:00.000000,Japan,Japan,JP,161.76,220.86,70.43,62.13,,true,ESTIMATED_MODE_BREAKDOWN
2025-05-08T04:00:00.000000,Japan,Japan,JP,187.69,249.59,65.69,57.7,,true,ESTIMATED_MODE_BREAKDOWN
2025-05-08T05:00:00.000000,Japan,Japan,JP,213.11,277.59,61.05,52.96,,true,ESTIMATED_MODE_BREAKDOWN
2025-05-08T06:00:00.000000,Japan,Japan,JP,255.4,324.22,53.32,45.06,,true,ESTIMATED_MODE_BREAKDOWN
2025-05-08T07:00:00.000000,Japan,Japan,JP,322.29,398.43,41.11,33.0,,true,ESTIMATED_MODE_BREAKDOWN
2025-05-08T08:00:00.000000,Japan,Japan,JP,391.34,474.86,28.53,20.33,,true,ESTIMATED_MODE_BREAKDOWN
2025-05-08T09:00:00.000000,Japan,Japan,JP,431.11,519.03,21.3,13.12,,true,ESTIMATED_MODE_BREAKDOWN
2025-05-08T10:00:00.000000,Japan,Japan,JP,435.43,523.86,20.51,12.3,,true,ESTIMATED_MODE_BREAKDOWN
2025-05-08T11:00:00.000000,Japan,Japan,JP,433.05,521.08,20.94,12.38,,true,ESTIMATED_MODE_BREAKDOWN
2025-05-08T12:00:00.000000,Japan,Japan,JP,430.88,518.57,21.34,12.39,,true,ESTIMATED_MODE_BREAKDOWN
2025-05-08T13:00:00.000000,Japan,Japan,JP,428.52,515.82,21.76,12.42,,true,ESTIMATED_MODE_BREAKDOWN
2025-05-08T14:00:00.000000,Japan,Japan,JP,426.98,513.97,22.04,12.47,,true,ESTIMATED_MODE_BREAKDOWN
2025-05-08T15:00:00.000000,Japan,Japan,JP,422.61,508.92,22.84,12.5,,true,ESTIMATED_MODE_BREAKDOWN
2025-05-08T16:00:00.000000,Japan,Japan,JP,420.13,506.14,23.29,12.59,,true,ESTIMATED_MODE_BREAKDOWN
2025-05-08T17:00:00.000000,Japan,Japan,JP,421.53,507.82,23.05,12.56,,true,ESTIMATED_MODE_BREAKDOWN
2025-05-08T18:00:00.000000,Japan,Japan,JP,423.68,510.4,22.67,12.61,,true,ESTIMATED_MODE_BREAKDOWN
2025-05-08T19:00:00.000000,Japan,Japan,JP,425.1,512.13,22.43,12.63,,true,ESTIMATED_MODE_BREAKDOWN
2025-05-08T20:00:00.000000,Japan,Japan,JP,416.24,502.35,24.05,14.16,,true,ESTIMATED_MODE_BREAKDOWN
2025-05-08T21:00:00.000000,Japan,Japan,JP,392.39,475.83,28.39,18.47,,true,ESTIMATED_MODE_BREAKDOWN
2025-05-08T22:00:00.000000,Japan,Japan,JP,364.67,445.16,33.42,24.0,,true,ESTIMATED_MODE_BREAKDOWN
2025-05-08T23:00:00.000000,Japan,Japan,JP,347.62,426.67,36.56,28.02,,true,ESTIMATED_MODE_BREAKDOWN
2025-05-09T00:00:00.000000,Japan,Japan,JP,337.0,415.0,38.51,30.56,,true,ESTIMATED_MODE_BREAKDOWN
2025-05-09T01:00:00.000000,Japan,Japan,JP,326.41,403.2,40.42,32.46,,true,ESTIMATED_MODE_BREAKDOWN
2025-05-09T02:00:00.000000,Japan,Japan,JP,318.52,394.47,41.86,33.94,,true,ESTIMATED_MODE_BREAKDOWN
2025-05-09T03:00:00.000000,Japan,Japan,JP,309.21,384.11,43.57,35.28,,true,ESTIMATED_MODE_BREAKDOWN
2025-05-09T04:00:00.000000,Japan,Japan,JP,326.84,403.77,40.36,32.51,,true,ESTIMATED_MODE_BREAKDOWN
2025-05-09T05:00:00.000000,Japan,Japan,JP,352.41,432.03,35.7,27.91,,true,ESTIMATED_MODE_BREAKDOWN
2025-05-09T06:00:00.000000,Japan,Japan,JP,384.85,467.85,29.76,21.9,,true,ESTIMATED_MODE_BREAKDOWN
2025-05-09T07:00:00.000000,Japan,Japan,JP,410.78,496.53,25.02,17.14,,true,ESTIMATED_MODE_BREAKDOWN
2025-05-09T08:00:00.000000,Japan,Japan,JP,427.33,514.78,21.99,13.96,,true,ESTIMATED_MODE_BREAKDOWN
2025-05-09T09:00:00.000000,Japan,Japan,JP,433.58,521.68,20.84,12.82,,true,ESTIMATED_MODE_BREAKDOWN
2025-05-09T10:00:00.000000,Japan,Japan,JP,432.69,520.67,21.0,12.8,,true,ESTIMATED_MODE_BREAKDOWN
2025-05-09T11:00:00.000000,Japan,Japan,JP,430.44,518.1,21.41,12.88,,true,ESTIMATED_MODE_BREAKDOWN
2025-05-09T12:00:00.000000,Japan,Japan,JP,427.71,514.98,21.91,13.0,,true,ESTIMATED_MODE_BREAKDOWN
2025-05-09T13:00:00.000000,Japan,Japan,JP,426.45,513.41,22.14,12.89,,true,ESTIMATED_MODE_BREAKDOWN
2025-05-09T14:00:00.000000,Japan,Japan,JP,424.61,511.23,22.49,12.91,,true,ESTIMATED_MODE_BREAKDOWN
2025-05-09T15:00:00.000000,Japan,Japan,JP,419.92,505.96,23.35,13.11,,true,ESTIMATED_MODE_BREAKDOWN
2025-05-09T16:00:00.000000,Japan,Japan,JP,418.06,503.8,23.71,13.14,,true,ESTIMATED_MODE_BREAKDOWN
2025-05-09T17:00:00.000000,Japan,Japan,JP,418.28,504.16,23.67,13.26,,true,ESTIMATED_MODE_BREAKDOWN
2025-05-09T18:00:00.000000,Japan,Japan,JP,419.71,505.87,23.41,13.35,,true,ESTIMATED_MODE_BREAKDOWN
2025-05-09T19:00:00.000000,Japan,Japan,JP,420.08,506.3,23.34,13.36,,true,ESTIMATED_MODE_BREAKDOWN
2025-05-09T20:00:00.000000,Japan,Japan,JP,416.62,502.35,23.98,13.77,,true,ESTIMATED_MODE_BREAKDOWN
2025-05-09T21:00:00.000000,Japan,Japan,JP,405.01,489.23,26.09,15.55,,true,ESTIMATED_MODE_BREAKDOWN
2025-05-09T22:00:00.000000,Japan,Japan,JP,385.73,467.82,29.59,19.29,,true,ESTIMATED_MODE_BREAKDOWN
2025-05-09T23:00:00.000000,Japan,Japan,JP,362.48,442.22,33.8,24.09,,true,ESTIMATED_MODE_BREAKDOWN
2025-05-10T00:00:00.000000,Japan,Japan,JP,336.57,413.5,38.54,29.23,,true,ESTIMATED_MODE_BREAKDOWN
2025-05-10T01:00:00.000000,Japan,Japan,JP,317.74,392.56,41.93,32.84,,true,ESTIMATED_MODE_BREAKDOWN
2025-05-10T02:00:00.000000,Japan,Japan,JP,310.5,384.64,43.23,34.3,,true,ESTIMATED_MODE_BREAKDOWN
2025-05-10T03:00:00.000000,Japan,Japan,JP,300.94,373.98,44.99,35.75,,true,ESTIMATED_MODE_BREAKDOWN
2025-05-10T04:00:00.000000,Japan,Japan,JP,296.28,368.81,45.84,36.57,,true,ESTIMATED_MODE_BREAKDOWN
2025-05-10T05:00:00.000000,Japan,Japan,JP,304.0,377.36,44.44,35.11,,true,ESTIMATED_MODE_BREAKDOWN
2025-05-10T06:00:00.000000,Japan,Japan,JP,318.45,393.34,41.8,32.35,,true,ESTIMATED_MODE_BREAKDOWN
2025-05-10T07:00:00.000000,Japan,Japan,JP,346.21,424.17,36.74,27.38,,true,ESTIMATED_MODE_BREAKDOWN
2025-05-10T08:00:00.000000,Japan,Japan,JP,388.74,471.35,28.98,19.72,,true,ESTIMATED_MODE_BREAKDOWN
2025-05-10T09:00:00.000000,Japan,Japan,JP,420.26,506.5,23.26,14.2,,true,ESTIMATED_MODE_BREAKDOWN
2025-05-10T10:00:00.000000,Japan,Japan,JP,425.42,512.26,22.32,13.3,,true,ESTIMATED_MODE_BREAKDOWN
2025-05-10T11:00:00.000000,Japan,Japan,JP,422.66,509.06,22.83,13.52,,true,ESTIMATED_MODE_BREAKDOWN
2025-05-10T12:00:00.000000,Japan,Japan,JP,419.4,505.26,23.43,13.69,,true,ESTIMATED_MODE_BREAKDOWN
2025-05-10T13:00:00.000000,Japan,Japan,JP,416.87,502.22,23.88,13.7,,true,ESTIMATED_MODE_BREAKDOWN
2025-05-10T14:00:00.000000,Japan,Japan,JP,415.25,500.39,24.19,13.74,,true,ESTIMATED_MODE_BREAKDOWN
2025-05-10T15:00:00.000000,Japan,Japan,JP,410.27,494.68,25.11,13.97,,true,ESTIMATED_MODE_BREAKDOWN
2025-05-10T16:00:00.000000,Japan,Japan,JP,407.92,491.98,25.55,14.02,,true,ESTIMATED_MODE_BREAKDOWN
2025-05-10T17:00:00.000000,Japan,Japan,JP,408.73,493.01,25.4,14.05,,true,ESTIMATED_MODE_BREAKDOWN
2025-05-10T18:00:00.000000,Japan,Japan,JP,411.74,496.64,24.86,13.98,,true,ESTIMATED_MODE_BREAKDOWN
2025-05-10T19:00:00.000000,Japan,Japan,JP,412.48,497.56,24.75,13.89,,true,ESTIMATED_MODE_BREAKDOWN
2025-05-10T20:00:00.000000,Japan,Japan,JP,398.01,481.54,27.4,16.41,,true,ESTIMATED_MODE_BREAKDOWN
2025-05-10T21:00:00.000000,Japan,Japan,JP,347.7,425.45,36.53,24.84,,true,ESTIMATED_MODE_BREAKDOWN
2025-05-10T22:00:00.000000,Japan,Japan,JP,268.6,337.8,50.92,39.33,,true,ESTIMATED_MODE_BREAKDOWN
2025-05-10T23:00:00.000000,Japan,Japan,JP,209.47,272.6,61.71,50.84,,true,ESTIMATED_MODE_BREAKDOWN
2025-05-11T00:00:00.000000,Japan,Japan,JP,194.7,256.44,64.41,54.04,,true,ESTIMATED_MODE_BREAKDOWN
2025-05-11T01:00:00.000000,Japan,Japan,JP,170.4,229.65,68.86,58.47,,true,ESTIMATED_MODE_BREAKDOWN
2025-05-11T02:00:00.000000,Japan,Japan,JP,167.01,226.11,69.49,59.41,,true,ESTIMATED_MODE_BREAKDOWN
2025-05-11T03:00:00.000000,Japan,Japan,JP,188.05,249.45,65.67,55.53,,true,ESTIMATED_MODE_BREAKDOWN
2025-05-11T04:00:00.000000,Japan,Japan,JP,214.43,278.51,60.83,50.47,,true,ESTIMATED_MODE_BREAKDOWN
2025-05-11T05:00:00.000000,Japan,Japan,JP,257.42,325.84,52.97,42.64,,true,ESTIMATED_MODE_BREAKDOWN
2025-05-11T06:00:00.000000,Japan,Japan,JP,320.53,395.72,41.45,31.14,,true,ESTIMATED_MODE_BREAKDOWN
2025-05-11T07:00:00.000000,Japan,Japan,JP,373.62,454.57,31.76,21.72,,true,ESTIMATED_MODE_BREAKDOWN
2025-05-11T08:00:00.000000,Japan,Japan,JP,411.19,496.45,24.92,15.3,,true,ESTIMATED_MODE_BREAKDOWN
2025-05-11T09:00:00.000000,Japan,Japan,JP,426.59,513.84,22.11,12.91,,true,ESTIMATED_MODE_BREAKDOWN
2025-05-11T10:00:00.000000,Japan,Japan,JP,428.32,515.86,21.8,12.61,,true,ESTIMATED_MODE_BREAKDOWN
2025-05-11T11:00:00.000000,Japan,Japan,JP,427.04,514.35,22.03,12.56,,true,ESTIMATED_MODE_BREAKDOWN
2025-05-11T12:00:00.000000,Japan,Japan,JP,426.03,513.21,22.22,12.39,,true,ESTIMATED_MODE_BREAKDOWN
2025-05-11T13:00:00.000000,Japan,Japan,JP,423.57,510.21,22.66,12.3,,true,ESTIMATED_MODE_BREAKDOWN
2025-05-11T14:00:00.000000,Japan,Japan,JP,422.29,508.75,22.9,12.28,,true,ESTIMATED_MODE_BREAKDOWN
2025-05-11T15:00:00.000000,Japan,Japan,JP,418.8,504.69,23.57,12.09,,true,ESTIMATED_MODE_BREAKDOWN
2025-05-11T16:00:00.000000,Japan,Japan,JP,416.85,502.49,23.93,12.23,,true,ESTIMATED_MODE_BREAKDOWN
2025-05-11T17:00:00.000000,Japan,Japan,JP,417.99,503.92,23.73,12.33,,true,ESTIMATED_MODE_BREAKDOWN
2025-05-11T18:00:00.000000,Japan,Japan,JP,420.82,507.36,23.21,12.4,,true,ESTIMATED_MODE_BREAKDOWN
2025-05-11T19:00:00.000000,Japan,Japan,JP,422.37,509.22,22.94,12.5,,true,ESTIMATED_MODE_BREAKDOWN
2025-05-11T20:00:00.000000,Japan,Japan,JP,418.88,505.41,23.58,13.32,,true,ESTIMATED_MODE_BREAKDOWN
2025-05-11T21:00:00.000000,Japan,Japan,JP,403.22,487.88,26.41,16.35,,true,ESTIMATED_MODE_BREAKDOWN
2025-05-11T22:00:00.000000,Japan,Japan,JP,375.1,456.51,31.51,21.98,,true,ESTIMATED_MODE_BREAKDOWN
2025-05-11T23:00:00.000000,Japan,Japan,JP,346.51,424.95,36.69,28.13,,true,ESTIMATED_MODE_BREAKDOWN
2025-05-12T00:00:00.000000,Japan,Japan,JP,324.75,401.0,40.65,32.65,,true,ESTIMATED_MODE_BREAKDOWN
2025-05-12T01:00:00.000000,Japan,Japan,JP,294.78,367.94,46.11,38.4,,true,ESTIMATED_MODE_BREAKDOWN
2025-05-12T02:00:00.000000,Japan,Japan,JP,276.29,347.6,49.49,41.87,,true,ESTIMATED_MODE_BREAKDOWN
2025-05-12T03:00:00.000000,Japan,Japan,JP,262.14,331.78,52.08,43.84,,true,ESTIMATED_MODE_BREAKDOWN
2025-05-12T04:00:00.000000,Japan,Japan,JP,279.7,351.31,48.86,40.93,,true,ESTIMATED_MODE_BREAKDOWN
2025-05-12T05:00:00.000000,Japan,Japan,JP,292.23,365.13,46.57,38.69,,true,ESTIMATED_MODE_BREAKDOWN
2025-05-12T06:00:00.000000,Japan,Japan,JP,315.22,390.4,42.38,34.31,,true,ESTIMATED_MODE_BREAKDOWN
2025-05-12T07:00:00.000000,Japan,Japan,JP,356.67,436.36,34.83,26.79,,true,ESTIMATED_MODE_BREAKDOWN
2025-05-12T08:00:00.000000,Japan,Japan,JP,400.44,485.01,26.86,18.71,,true,ESTIMATED_MODE_BREAKDOWN
2025-05-12T09:00:00.000000,Japan,Japan,JP,430.32,518.19,21.42,13.33,,true,ESTIMATED_MODE_BREAKDOWN
2025-05-12T10:00:00.000000,Japan,Japan,JP,435.92,524.46,20.41,12.23,,true,ESTIMATED_MODE_BREAKDOWN
2025-05-12T11:00:00.000000,Japan,Japan,JP,433.91,522.14,20.78,12.28,,true,ESTIMATED_MODE_BREAKDOWN
2025-05-12T12:00:00.000000,Japan,Japan,JP,431.99,519.89,21.12,12.26,,true,ESTIMATED_MODE_BREAKDOWN
2025-05-12T13:00:00.000000,Japan,Japan,JP,430.66,518.21,21.36,12.13,,true,ESTIMATED_MODE_BREAKDOWN
2025-05-12T14:00:00.000000,Japan,Japan,JP,428.72,516.06,21.73,12.19,,true,ESTIMATED_MODE_BREAKDOWN
2025-05-12T15:00:00.000000,Japan,Japan,JP,424.37,511.08,22.55,12.3,,true,ESTIMATED_MODE_BREAKDOWN
2025-05-12T16:00:00.000000,Japan,Japan,JP,422.4,508.88,22.92,12.31,,true,ESTIMATED_MODE_BREAKDOWN
2025-05-12T17:00:00.000000,Japan,Japan,JP,423.06,509.8,22.8,12.4,,true,ESTIMATED_MODE_BREAKDOWN
2025-05-12T18:00:00.000000,Japan,Japan,JP,425.6,512.76,22.33,12.38,,true,ESTIMATED_MODE_BREAKDOWN
2025-05-12T19:00:00.000000,Japan,Japan,JP,426.22,513.53,22.22,12.51,,true,ESTIMATED_MODE_BREAKDOWN
2025-05-12T20:00:00.000000,Japan,Japan,JP,415.72,501.95,24.14,14.44,,true,ESTIMATED_MODE_BREAKDOWN
2025-05-12T21:00:00.000000,Japan,Japan,JP,365.02,445.71,33.38,23.65,,true,ESTIMATED_MODE_BREAKDOWN
2025-05-12T22:00:00.000000,Japan,Japan,JP,284.35,356.24,48.07,38.52,,true,ESTIMATED_MODE_BREAKDOWN
2025-05-12T23:00:00.000000,Japan,Japan,JP,232.68,299.3,57.47,48.81,,true,ESTIMATED_MODE_BREAKDOWN
2025-05-13T00:00:00.000000,Japan,Japan,JP,205.24,269.23,62.48,54.74,,true,ESTIMATED_MODE_BREAKDOWN
2025-05-13T01:00:00.000000,Japan,Japan,JP,189.24,251.62,65.4,57.99,,true,ESTIMATED_MODE_BREAKDOWN
2025-05-13T02:00:00.000000,Japan,Japan,JP,185.59,247.64,66.07,58.76,,true,ESTIMATED_MODE_BREAKDOWN
2025-05-13T03:00:00.000000,Japan,Japan,JP,183.32,245.09,66.49,58.92,,true,ESTIMATED_MODE_BREAKDOWN
2025-05-13T04:00:00.000000,Japan,Japan,JP,202.88,266.66,62.91,55.41,,true,ESTIMATED_MODE_BREAKDOWN
2025-05-13T05:00:00.000000,Japan,Japan,JP,228.56,294.93,58.22,50.6,,true,ESTIMATED_MODE_BREAKDOWN
2025-05-13T06:00:00.000000,Japan,Japan,JP,271.19,341.95,50.43,42.55,,true,ESTIMATED_MODE_BREAKDOWN
2025-05-13T07:00:00.000000,Japan,Japan,JP,329.14,406.15,39.86,32.07,,true,ESTIMATED_MODE_BREAKDOWN
2025-05-13T08:00:00.000000,Japan,Japan,JP,391.83,475.61,28.43,20.46,,true,ESTIMATED_MODE_BREAKDOWN
2025-05-13T09:00:00.000000,Japan,Japan,JP,431.65,519.74,21.19,13.17,,true,ESTIMATED_MODE_BREAKDOWN
2025-05-13T10:00:00.000000,Japan,Japan,JP,437.56,526.29,20.11,12.0,,true,ESTIMATED_MODE_BREAKDOWN
2025-05-13T11:00:00.000000,Japan,Japan,JP,435.33,523.75,20.52,12.05,,true,ESTIMATED_MODE_BREAKDOWN
2025-05-13T12:00:00.000000,Japan,Japan,JP,433.12,521.15,20.92,12.06,,true,ESTIMATED_MODE_BREAKDOWN
2025-05-13T13:00:00.000000,Japan,Japan,JP,431.86,519.6,21.15,11.94,,true,ESTIMATED_MODE_BREAKDOWN
2025-05-13T14:00:00.000000,Japan,Japan,JP,430.46,518.03,21.41,11.93,,true,ESTIMATED_MODE_BREAKDOWN
2025-05-13T15:00:00.000000,Japan,Japan,JP,425.9,512.8,22.26,12.08,,true,ESTIMATED_MODE_BREAKDOWN
2025-05-13T16:00:00.000000,Japan,Japan,JP,424.08,510.82,22.62,12.04,,true,ESTIMATED_MODE_BREAKDOWN
2025-05-13T17:00:00.000000,Japan,Japan,JP,424.77,511.7,22.5,12.1,,true,ESTIMATED_MODE_BREAKDOWN
2025-05-13T18:00:00.000000,Japan,Japan,JP,426.93,514.24,22.1,12.14,,true,ESTIMATED_MODE_BREAKDOWN
2025-05-13T19:00:00.000000,Japan,Japan,JP,427.38,514.81,22.01,12.26,,true,ESTIMATED_MODE_BREAKDOWN
2025-05-13T20:00:00.000000,Japan,Japan,JP,415.05,501.23,24.26,14.36,,true,ESTIMATED_MODE_BREAKDOWN
2025-05-13T21:00:00.000000,Japan,Japan,JP,368.51,449.57,32.75,22.75,,true,ESTIMATED_MODE_BREAKDOWN
2025-05-13T22:00:00.000000,Japan,Japan,JP,305.78,379.92,44.16,34.59,,true,ESTIMATED_MODE_BREAKDOWN
2025-05-13T23:00:00.000000,Japan,Japan,JP,270.35,340.88,50.59,41.99,,true,ESTIMATED_MODE_BREAKDOWN
2025-05-14T00:00:00.000000,Japan,Japan,JP,239.13,306.47,56.28,48.39,,true,ESTIMATED_MODE_BREAKDOWN
2025-05-14T01:00:00.000000,Japan,Japan,JP,220.11,285.6,59.76,52.33,,true,ESTIMATED_MODE_BREAKDOWN
2025-05-14T02:00:00.000000,Japan,Japan,JP,214.13,279.03,60.85,53.55,,true,ESTIMATED_MODE_BREAKDOWN
2025-05-14T03:00:00.000000,Japan,Japan,JP,205.45,269.39,62.44,54.77,,true,ESTIMATED_MODE_BREAKDOWN
2025-05-14T04:00:00.000000,Japan,Japan,JP,219.92,285.37,59.79,52.38,,true,ESTIMATED_MODE_BREAKDOWN
2025-05-14T05:00:00.000000,Japan,Japan,JP,241.83,309.51,55.79,48.3,,true,ESTIMATED_MODE_BREAKDOWN
2025-05-14T06:00:00.000000,Japan,Japan,JP,279.23,350.9,48.97,41.3,,true,ESTIMATED_MODE_BREAKDOWN
2025-05-14T07:00:00.000000,Japan,Japan,JP,338.95,417.14,38.09,30.38,,true,ESTIMATED_MODE_BREAKDOWN
2025-05-14T08:00:00.000000,Japan,Japan,JP,395.77,480.12,27.74,19.9,,true,ESTIMATED_MODE_BREAKDOWN
2025-05-14T09:00:00.000000,Japan,Japan,JP,433.09,521.45,20.93,13.0,,true,ESTIMATED_MODE_BREAKDOWN
2025-05-14T10:00:00.000000,Japan,Japan,JP,438.08,527.0,20.02,11.99,,true,ESTIMATED_MODE_BREAKDOWN
2025-05-14T11:00:00.000000,Japan,Japan,JP,436.03,524.64,20.4,12.02,,true,ESTIMATED_MODE_BREAKDOWN
2025-05-14T12:00:00.000000,Japan,Japan,JP,433.79,521.96,20.81,12.03,,true,ESTIMATED_MODE_BREAKDOWN
2025-05-14T13:00:00.000000,Japan,Japan,JP,432.19,520.02,21.1,11.9,,true,ESTIMATED_MODE_BREAKDOWN
2025-05-14T14:00:00.000000,Japan,Japan,JP,431.44,519.16,21.26,11.82,,true,ESTIMATED_MODE_BREAKDOWN
2025-05-14T15:00:00.000000,Japan,Japan,JP,426.48,513.57,22.18,12.04,,true,ESTIMATED_MODE_BREAKDOWN
2025-05-14T16:00:00.000000,Japan,Japan,JP,424.2,510.97,22.6,12.02,,true,ESTIMATED_MODE_BREAKDOWN
2025-05-14T17:00:00.000000,Japan,Japan,JP,424.81,511.77,22.49,12.12,,true,ESTIMATED_MODE_BREAKDOWN
2025-05-14T18:00:00.000000,Japan,Japan,JP,426.58,513.94,22.17,12.19,,true,ESTIMATED_MODE_BREAKDOWN
2025-05-14T19:00:00.000000,Japan,Japan,JP,427.15,514.59,22.05,12.29,,true,ESTIMATED_MODE_BREAKDOWN
2025-05-14T20:00:00.000000,Japan,Japan,JP,414.07,500.14,24.44,14.58,,true,ESTIMATED_MODE_BREAKDOWN
2025-05-14T21:00:00.000000,Japan,Japan,JP,364.02,444.64,33.57,23.63,,true,ESTIMATED_MODE_BREAKDOWN
2025-05-14T22:00:00.000000,Japan,Japan,JP,299.18,372.61,45.36,35.91,,true,ESTIMATED_MODE_BREAKDOWN
2025-05-14T23:00:00.000000,Japan,Japan,JP,256.73,325.78,53.08,44.58,,true,ESTIMATED_MODE_BREAKDOWN
2025-05-15T00:00:00.000000,Japan,Japan,JP,232.53,299.26,57.49,49.88,,true,ESTIMATED_MODE_BREAKDOWN
2025-05-15T01:00:00.000000,Japan,Japan,JP,218.16,283.34,60.12,52.66,,true,ESTIMATED_MODE_BREAKDOWN
2025-05-15T02:00:00.000000,Japan,Japan,JP,218.0,283.12,60.15,52.75,,true,ESTIMATED_MODE_BREAKDOWN
2025-05-15T03:00:00.000000,Japan,Japan,JP,225.31,291.1,58.83,50.91,,true,ESTIMATED_MODE_BREAKDOWN
2025-05-15T04:00:00.000000,Japan,Japan,JP,242.58,310.22,55.66,48.09,,true,ESTIMATED_MODE_BREAKDOWN
2025-05-15T05:00:00.000000,Japan,Japan,JP,276.03,347.26,49.55,42.03,,true,ESTIMATED_MODE_BREAKDOWN
2025-05-15T06:00:00.000000,Japan,Japan,JP,320.41,396.61,41.46,33.89,,true,ESTIMATED_MODE_BREAKDOWN
2025-05-15T07:00:00.000000,Japan,Japan,JP,371.42,453.12,32.18,24.56,,true,ESTIMATED_MODE_BREAKDOWN
2025-05-15T08:00:00.000000,Japan,Japan,JP,409.17,494.88,25.3,17.47,,true,ESTIMATED_MODE_BREAKDOWN
2025-05-15T09:00:00.000000,Japan,Japan,JP,434.19,522.63,20.74,12.91,,true,ESTIMATED_MODE_BREAKDOWN
2025-05-15T10:00:00.000000,Japan,Japan,JP,437.71,526.56,20.1,12.13,,true,ESTIMATED_MODE_BREAKDOWN
2025-05-15T11:00:00.000000,Japan,Japan,JP,435.39,523.89,20.52,12.22,,true,ESTIMATED_MODE_BREAKDOWN
2025-05-15T12:00:00.000000,Japan,Japan,JP,433.28,521.38,20.9,12.2,,true,ESTIMATED_MODE_BREAKDOWN
2025-05-15T13:00:00.000000,Japan,Japan,JP,431.51,519.26,21.22,12.12,,true,ESTIMATED_MODE_BREAKDOWN
2025-05-15T14:00:00.000000,Japan,Japan,JP,430.38,517.94,21.44,12.1,,true,ESTIMATED_MODE_BREAKDOWN
2025-05-15T15:00:00.000000,Japan,Japan,JP,425.26,512.14,22.37,12.34,,true,ESTIMATED_MODE_BREAKDOWN
2025-05-15T16:00:00.000000,Japan,Japan,JP,422.95,509.34,22.79,12.31,,true,ESTIMATED_MODE_BREAKDOWN
2025-05-15T17:00:00.000000,Japan,Japan,JP,423.64,510.31,22.67,12.38,,true,ESTIMATED_MODE_BREAKDOWN
2025-05-15T18:00:00.000000,Japan,Japan,JP,425.21,512.28,22.39,12.45,,true,ESTIMATED_MODE_BREAKDOWN
2025-05-15T19:00:00.000000,Japan,Japan,JP,425.68,512.91,22.31,12.54,,true,ESTIMATED_MODE_BREAKDOWN
2025-05-15T20:00:00.000000,Japan,Japan,JP,415.51,501.66,24.18,14.28,,true,ESTIMATED_MODE_BREAKDOWN
2025-05-15T21:00:00.000000,Japan,Japan,JP,382.83,465.41,30.13,20.17,,true,ESTIMATED_MODE_BREAKDOWN
2025-05-15T22:00:00.000000,Japan,Japan,JP,337.81,415.6,38.33,28.89,,true,ESTIMATED_MODE_BREAKDOWN
2025-05-15T23:00:00.000000,Japan,Japan,JP,301.18,375.35,45.0,36.54,,true,ESTIMATED_MODE_BREAKDOWN
2025-05-16T00:00:00.000000,Japan,Japan,JP,281.75,353.99,48.54,40.84,,true,ESTIMATED_MODE_BREAKDOWN
2025-05-16T01:00:00.000000,Japan,Japan,JP,262.67,332.75,52.03,44.44,,true,ESTIMATED_MODE_BREAKDOWN
2025-05-16T02:00:00.000000,Japan,Japan,JP,265.27,335.6,51.57,44.04,,true,ESTIMATED_MODE_BREAKDOWN
2025-05-16T03:00:00.000000,Japan,Japan,JP,263.3,333.26,51.91,44.03,,true,ESTIMATED_MODE_BREAKDOWN
2025-05-16T04:00:00.000000,Japan,Japan,JP,291.53,364.63,46.75,39.18,,true,ESTIMATED_MODE_BREAKDOWN
2025-05-16T05:00:00.000000,Japan,Japan,JP,316.16,391.89,42.23,34.75,,true,ESTIMATED_MODE_BREAKDOWN
2025-05-16T06:00:00.000000,Japan,Japan,JP,354.28,434.12,35.28,27.73,,true,ESTIMATED_MODE_BREAKDOWN
2025-05-16T07:00:00.000000,Japan,Japan,JP,394.2,478.34,28.02,20.44,,true,ESTIMATED_MODE_BREAKDOWN
2025-05-16T08:00:00.000000,Japan,Japan,JP,422.03,509.14,22.96,15.12,,true,ESTIMATED_MODE_BREAKDOWN
2025-05-16T09:00:00.000000,Japan,Japan,JP,436.12,524.78,20.38,12.5,,true,ESTIMATED_MODE_BREAKDOWN
2025-05-16T10:00:00.000000,Japan,Japan,JP,436.76,525.47,20.26,12.23,,true,ESTIMATED_MODE_BREAKDOWN
2025-05-16T11:00:00.000000,Japan,Japan,JP,434.82,523.15,20.61,12.22,,true,ESTIMATED_MODE_BREAKDOWN
2025-05-16T12:00:00.000000,Japan,Japan,JP,432.13,519.99,21.1,12.32,,true,ESTIMATED_MODE_BREAKDOWN
2025-05-16T13:00:00.000000,Japan,Japan,JP,430.55,518.09,21.38,12.28,,true,ESTIMATED_MODE_BREAKDOWN
2025-05-16T14:00:00.000000,Japan,Japan,JP,428.36,515.56,21.77,12.4,,true,ESTIMATED_MODE_BREAKDOWN
2025-05-16T15:00:00.000000,Japan,Japan,JP,423.74,510.23,22.62,12.62,,true,ESTIMATED_MODE_BREAKDOWN
2025-05-16T16:00:00.000000,Japan,Japan,JP,420.85,506.92,23.14,12.71,,true,ESTIMATED_MODE_BREAKDOWN
2025-05-16T17:00:00.000000,Japan,Japan,JP,420.99,507.22,23.12,12.75,,true,ESTIMATED_MODE_BREAKDOWN
2025-05-16T18:00:00.000000,Japan,Japan,JP,422.78,509.33,22.8,12.72,,true,ESTIMATED_MODE_BREAKDOWN
2025-05-16T19:00:00.000000,Japan,Japan,JP,423.38,510.09,22.71,12.72,,true,ESTIMATED_MODE_BREAKDOWN
2025-05-16T20:00:00.000000,Japan,Japan,JP,417.02,503.05,23.87,13.74,,true,ESTIMATED_MODE_BREAKDOWN
2025-05-16T21:00:00.000000,Japan,Japan,JP,403.48,487.77,26.33,15.91,,true,ESTIMATED_MODE_BREAKDOWN
2025-05-16T22:00:00.000000,Japan,Japan,JP,394.82,478.17,27.9,17.81,,true,ESTIMATED_MODE_BREAKDOWN
2025-05-16T23:00:00.000000,Japan,Japan,JP,386.77,469.33,29.36,19.9,,true,ESTIMATED_MODE_BREAKDOWN
2025-05-17T00:00:00.000000,Japan,Japan,JP,375.58,456.87,31.38,22.41,,true,ESTIMATED_MODE_BREAKDOWN
2025-05-17T01:00:00.000000,Japan,Japan,JP,365.18,445.36,33.26,24.52,,true,ESTIMATED_MODE_BREAKDOWN
2025-05-17T02:00:00.000000,Japan,Japan,JP,360.48,440.23,34.12,25.46,,true,ESTIMATED_MODE_BREAKDOWN
2025-05-17T03:00:00.000000,Japan,Japan,JP,350.0,428.59,36.03,27.25,,true,ESTIMATED_MODE_BREAKDOWN
2025-05-17T04:00:00.000000,Japan,Japan,JP,344.35,422.26,37.06,28.22,,true,ESTIMATED_MODE_BREAKDOWN
2025-05-17T05:00:00.000000,Japan,Japan,JP,340.68,418.17,37.73,28.81,,true,ESTIMATED_MODE_BREAKDOWN
2025-05-17T06:00:00.000000,Japan,Japan,JP,350.6,429.32,35.95,26.99,,true,ESTIMATED_MODE_BREAKDOWN
2025-05-17T07:00:00.000000,Japan,Japan,JP,375.78,457.33,31.36,22.47,,true,ESTIMATED_MODE_BREAKDOWN
2025-05-17T08:00:00.000000,Japan,Japan,JP,405.15,490.0,26.01,17.22,,true,ESTIMATED_MODE_BREAKDOWN
2025-05-17T09:00:00.000000,Japan,Japan,JP,426.61,513.85,22.11,13.48,,true,ESTIMATED_MODE_BREAKDOWN
2025-05-17T10:00:00.000000,Japan,Japan,JP,430.45,518.12,21.41,12.74,,true,ESTIMATED_MODE_BREAKDOWN
2025-05-17T11:00:00.000000,Japan,Japan,JP,428.53,515.86,21.76,12.77,,true,ESTIMATED_MODE_BREAKDOWN
2025-05-17T12:00:00.000000,Japan,Japan,JP,425.18,512.01,22.36,12.92,,true,ESTIMATED_MODE_BREAKDOWN
2025-05-17T13:00:00.000000,Japan,Japan,JP,423.01,509.46,22.75,12.91,,true,ESTIMATED_MODE_BREAKDOWN
2025-05-17T14:00:00.000000,Japan,Japan,JP,421.53,507.74,23.02,12.93,,true,ESTIMATED_MODE_BREAKDOWN
2025-05-17T15:00:00.000000,Japan,Japan,JP,417.29,502.73,23.81,12.9,,true,ESTIMATED_MODE_BREAKDOWN
2025-05-17T16:00:00.000000,Japan,Japan,JP,414.93,500.06,24.25,12.96,,true,ESTIMATED_MODE_BREAKDOWN
2025-05-17T17:00:00.000000,Japan,Japan,JP,415.61,500.94,24.13,12.94,,true,ESTIMATED_MODE_BREAKDOWN
2025-05-17T18:00:00.000000,Japan,Japan,JP,418.38,504.24,23.63,12.86,,true,ESTIMATED_MODE_BREAKDOWN
2025-05-17T19:00:00.000000,Japan,Japan,JP,419.12,505.21,23.51,12.93,,true,ESTIMATED_MODE_BREAKDOWN
2025-05-17T20:00:00.000000,Japan,Japan,JP,406.63,491.29,25.79,14.91,,true,ESTIMATED_MODE_BREAKDOWN
2025-05-17T21:00:00.000000,Japan,Japan,JP,362.99,442.65,33.73,22.34,,true,ESTIMATED_MODE_BREAKDOWN
2025-05-17T22:00:00.000000,Japan,Japan,JP,299.19,371.68,45.32,34.0,,true,ESTIMATED_MODE_BREAKDOWN
2025-05-17T23:00:00.000000,Japan,Japan,JP,254.7,322.63,53.44,42.81,,true,ESTIMATED_MODE_BREAKDOWN
2025-05-18T00:00:00.000000,Japan,Japan,JP,245.2,312.34,55.17,45.54,,true,ESTIMATED_MODE_BREAKDOWN
2025-05-18T01:00:00.000000,Japan,Japan,JP,246.0,313.33,55.03,45.73,,true,ESTIMATED_MODE_BREAKDOWN
2025-05-18T02:00:00.000000,Japan,Japan,JP,253.56,321.66,53.65,44.28,,true,ESTIMATED_MODE_BREAKDOWN
2025-05-18T03:00:00.000000,Japan,Japan,JP,269.12,338.88,50.82,41.34,,true,ESTIMATED_MODE_BREAKDOWN
2025-05-18T04:00:00.000000,Japan,Japan,JP,288.3,360.06,47.33,37.69,,true,ESTIMATED_MODE_BREAKDOWN
2025-05-18T05:00:00.000000,Japan,Japan,JP,303.75,377.24,44.52,34.89,,true,ESTIMATED_MODE_BREAKDOWN
2025-05-18T06:00:00.000000,Japan,Japan,JP,340.88,418.37,37.74,28.18,,true,ESTIMATED_MODE_BREAKDOWN
2025-05-18T07:00:00.000000,Japan,Japan,JP,377.31,458.72,31.1,21.53,,true,ESTIMATED_MODE_BREAKDOWN
2025-05-18T08:00:00.000000,Japan,Japan,JP,408.99,494.02,25.31,16.12,,true,ESTIMATED_MODE_BREAKDOWN
2025-05-18T09:00:00.000000,Japan,Japan,JP,428.62,516.0,21.73,12.86,,true,ESTIMATED_MODE_BREAKDOWN
2025-05-18T10:00:00.000000,Japan,Japan,JP,430.87,518.6,21.33,12.48,,true,ESTIMATED_MODE_BREAKDOWN
2025-05-18T11:00:00.000000,Japan,Japan,JP,429.59,517.12,21.57,12.4,,true,ESTIMATED_MODE_BREAKDOWN
2025-05-18T12:00:00.000000,Japan,Japan,JP,427.98,515.3,21.87,12.31,,true,ESTIMATED_MODE_BREAKDOWN
2025-05-18T13:00:00.000000,Japan,Japan,JP,425.28,512.12,22.36,12.33,,true,ESTIMATED_MODE_BREAKDOWN
2025-05-18T14:00:00.000000,Japan,Japan,JP,424.4,511.06,22.52,12.19,,true,ESTIMATED_MODE_BREAKDOWN
2025-05-18T15:00:00.000000,Japan,Japan,JP,420.63,506.66,23.21,12.17,,true,ESTIMATED_MODE_BREAKDOWN
2025-05-18T16:00:00.000000,Japan,Japan,JP,418.7,504.42,23.56,12.19,,true,ESTIMATED_MODE_BREAKDOWN
2025-05-18T17:00:00.000000,Japan,Japan,JP,419.38,505.36,23.44,12.31,,true,ESTIMATED_MODE_BREAKDOWN
2025-05-18T18:00:00.000000,Japan,Japan,JP,421.41,507.91,23.09,12.46,,true,ESTIMATED_MODE_BREAKDOWN
2025-05-18T19:00:00.000000,Japan,Japan,JP,422.54,509.29,22.89,12.52,,true,ESTIMATED_MODE_BREAKDOWN
2025-05-18T20:00:00.000000,Japan,Japan,JP,416.93,503.05,23.91,13.62,,true,ESTIMATED_MODE_BREAKDOWN
2025-05-18T21:00:00.000000,Japan,Japan,JP,397.51,481.31,27.43,17.24,,true,ESTIMATED_MODE_BREAKDOWN
2025-05-18T22:00:00.000000,Japan,Japan,JP,359.66,439.23,34.3,24.73,,true,ESTIMATED_MODE_BREAKDOWN
2025-05-18T23:00:00.000000,Japan,Japan,JP,325.86,402.04,40.47,31.94,,true,ESTIMATED_MODE_BREAKDOWN
2025-05-19T00:00:00.000000,Japan,Japan,JP,299.75,373.34,45.22,37.38,,true,ESTIMATED_MODE_BREAKDOWN
2025-05-19T01:00:00.000000,Japan,Japan,JP,280.32,351.88,48.75,41.14,,true,ESTIMATED_MODE_BREAKDOWN
2025-05-19T02:00:00.000000,Japan,Japan,JP,269.46,339.92,50.74,43.16,,true,ESTIMATED_MODE_BREAKDOWN
2025-05-19T03:00:00.000000,Japan,Japan,JP,262.87,332.59,51.96,44.03,,true,ESTIMATED_MODE_BREAKDOWN
2025-05-19T04:00:00.000000,Japan,Japan,JP,285.35,357.59,47.87,40.25,,true,ESTIMATED_MODE_BREAKDOWN
2025-05-19T05:00:00.000000,Japan,Japan,JP,306.88,381.38,43.93,36.32,,true,ESTIMATED_MODE_BREAKDOWN
2025-05-19T06:00:00.000000,Japan,Japan,JP,336.0,413.71,38.63,30.89,,true,ESTIMATED_MODE_BREAKDOWN
2025-05-19T07:00:00.000000,Japan,Japan,JP,372.81,454.51,31.91,24.18,,true,ESTIMATED_MODE_BREAKDOWN
2025-05-19T08:00:00.000000,Japan,Japan,JP,409.2,494.87,25.28,17.38,,true,ESTIMATED_MODE_BREAKDOWN
2025-05-19T09:00:00.000000,Japan,Japan,JP,432.89,521.15,20.96,13.03,,true,ESTIMATED_MODE_BREAKDOWN
2025-05-19T10:00:00.000000,Japan,Japan,JP,437.68,526.46,20.09,12.07,,true,ESTIMATED_MODE_BREAKDOWN
2025-05-19T11:00:00.000000,Japan,Japan,JP,435.19,523.61,20.55,12.19,,true,ESTIMATED_MODE_BREAKDOWN
2025-05-19T12:00:00.000000,Japan,Japan,JP,432.49,520.44,21.03,12.29,,true,ESTIMATED_MODE_BREAKDOWN
2025-05-19T13:00:00.000000,Japan,Japan,JP,429.91,517.46,21.5,12.36,,true,ESTIMATED_MODE_BREAKDOWN
2025-05-19T14:00:00.000000,Japan,Japan,JP,428.62,515.89,21.74,12.32,,true,ESTIMATED_MODE_BREAKDOWN
2025-05-19T15:00:00.000000,Japan,Japan,JP,424.24,510.85,22.55,12.42,,true,ESTIMATED_MODE_BREAKDOWN
2025-05-19T16:00:00.000000,Japan,Japan,JP,421.85,508.11,22.99,12.49,,true,ESTIMATED_MODE_BREAKDOWN
2025-05-19T17:00:00.000000,Japan,Japan,JP,422.1,508.53,22.94,12.61,,true,ESTIMATED_MODE_BREAKDOWN
2025-05-19T18:00:00.000000,Japan,Japan,JP,423.77,510.55,22.65,12.67,,true,ESTIMATED_MODE_BREAKDOWN
2025-05-19T19:00:00.000000,Japan,Japan,JP,424.54,511.51,22.53,12.72,,true,ESTIMATED_MODE_BREAKDOWN
2025-05-19T20:00:00.000000,Japan,Japan,JP,412.59,498.32,24.72,14.89,,true,ESTIMATED_MODE_BREAKDOWN
2025-05-19T21:00:00.000000,Japan,Japan,JP,365.27,445.79,33.32,23.53,,true,ESTIMATED_MODE_BREAKDOWN
2025-05-19T22:00:00.000000,Japan,Japan,JP,301.64,375.32,44.89,35.68,,true,ESTIMATED_MODE_BREAKDOWN
2025-05-19T23:00:00.000000,Japan,Japan,JP,258.46,327.87,52.75,44.61,,true,ESTIMATED_MODE_BREAKDOWN
2025-05-20T00:00:00.000000,Japan,Japan,JP,232.98,299.87,57.41,49.98,,true,ESTIMATED_MODE_BREAKDOWN
2025-05-20T01:00:00.000000,Japan,Japan,JP,214.84,279.83,60.73,53.51,,true,ESTIMATED_MODE_BREAKDOWN
2025-05-20T02:00:00.000000,Japan,Japan,JP,211.06,275.71,61.42,54.36,,true,ESTIMATED_MODE_BREAKDOWN
2025-05-20T03:00:00.000000,Japan,Japan,JP,204.61,268.48,62.6,55.35,,true,ESTIMATED_MODE_BREAKDOWN
2025-05-20T04:00:00.000000,Japan,Japan,JP,228.39,294.85,58.25,51.36,,true,ESTIMATED_MODE_BREAKDOWN
2025-05-20T05:00:00.000000,Japan,Japan,JP,258.75,328.52,52.7,45.89,,true,ESTIMATED_MODE_BREAKDOWN
2025-05-20T06:00:00.000000,Japan,Japan,JP,300.62,374.97,45.07,38.25,,true,ESTIMATED_MODE_BREAKDOWN
2025-05-20T07:00:00.000000,Japan,Japan,JP,355.82,436.11,35.0,28.18,,true,ESTIMATED_MODE_BREAKDOWN
2025-05-20T08:00:00.000000,Japan,Japan,JP,406.46,492.12,25.78,18.69,,true,ESTIMATED_MODE_BREAKDOWN
2025-05-20T09:00:00.000000,Japan,Japan,JP,436.31,525.17,20.34,13.08,,true,ESTIMATED_MODE_BREAKDOWN
2025-05-20T10:00:00.000000,Japan,Japan,JP,440.36,529.63,19.61,12.18,,true,ESTIMATED_MODE_BREAKDOWN
2025-05-20T11:00:00.000000,Japan,Japan,JP,438.46,527.4,19.95,12.17,,true,ESTIMATED_MODE_BREAKDOWN
2025-05-20T12:00:00.000000,Japan,Japan,JP,436.89,525.58,20.24,12.05,,true,ESTIMATED_MODE_BREAKDOWN
2025-05-20T13:00:00.000000,Japan,Japan,JP,434.52,522.8,20.66,12.08,,true,ESTIMATED_MODE_BREAKDOWN
2025-05-20T14:00:00.000000,Japan,Japan,JP,433.14,521.15,20.91,12.04,,true,ESTIMATED_MODE_BREAKDOWN
2025-05-20T15:00:00.000000,Japan,Japan,JP,428.05,515.3,21.85,12.19,,true,ESTIMATED_MODE_BREAKDOWN
2025-05-20T16:00:00.000000,Japan,Japan,JP,425.28,512.12,22.34,12.29,,true,ESTIMATED_MODE_BREAKDOWN
2025-05-20T17:00:00.000000,Japan,Japan,JP,425.46,512.37,22.31,12.28,,true,ESTIMATED_MODE_BREAKDOWN
2025-05-20T18:00:00.000000,Japan,Japan,JP,427.27,514.57,21.99,12.25,,true,ESTIMATED_MODE_BREAKDOWN
2025-05-20T19:00:00.000000,Japan,Japan,JP,427.91,515.41,21.89,12.31,,true,ESTIMATED_MODE_BREAKDOWN
2025-05-20T20:00:00.000000,Japan,Japan,JP,417.55,503.92,23.79,14.14,,true,ESTIMATED_MODE_BREAKDOWN
2025-05-20T21:00:00.000000,Japan,Japan,JP,384.47,467.32,29.81,20.21,,true,ESTIMATED_MODE_BREAKDOWN
2025-05-20T22:00:00.000000,Japan,Japan,JP,342.69,421.22,37.42,28.47,,true,ESTIMATED_MODE_BREAKDOWN
2025-05-20T23:00:00.000000,Japan,Japan,JP,307.59,382.65,43.82,35.97,,true,ESTIMATED_MODE_BREAKDOWN
2025-05-21T00:00:00.000000,Japan,Japan,JP,286.79,359.72,47.61,40.49,,true,ESTIMATED_MODE_BREAKDOWN
2025-05-21T01:00:00.000000,Japan,Japan,JP,267.99,339.07,51.05,44.16,,true,ESTIMATED_MODE_BREAKDOWN
2025-05-21T02:00:00.000000,Japan,Japan,JP,275.11,347.13,49.77,43.1,,true,ESTIMATED_MODE_BREAKDOWN
2025-05-21T03:00:00.000000,Japan,Japan,JP,282.88,355.64,48.37,41.46,,true,ESTIMATED_MODE_BREAKDOWN
2025-05-21T04:00:00.000000,Japan,Japan,JP,311.5,387.29,43.15,36.51,,true,ESTIMATED_MODE_BREAKDOWN
2025-05-21T05:00:00.000000,Japan,Japan,JP,336.39,414.8,38.6,31.97,,true,ESTIMATED_MODE_BREAKDOWN
2025-05-21T06:00:00.000000,Japan,Japan,JP,368.41,450.18,32.75,26.07,,true,ESTIMATED_MODE_BREAKDOWN
2025-05-21T07:00:00.000000,Japan,Japan,JP,402.78,488.23,26.48,19.73,,true,ESTIMATED_MODE_BREAKDOWN
2025-05-21T08:00:00.000000,Japan,Japan,JP,428.74,516.85,21.73,14.69,,true,ESTIMATED_MODE_BREAKDOWN
2025-05-21T09:00:00.000000,Japan,Japan,JP,440.78,530.06,19.52,12.34,,true,ESTIMATED_MODE_BREAKDOWN
2025-05-21T10:00:00.000000,Japan,Japan,JP,441.0,530.26,19.48,12.1,,true,ESTIMATED_MODE_BREAKDOWN
2025-05-21T11:00:00.000000,Japan,Japan,JP,438.77,527.64,19.88,12.12,,true,ESTIMATED_MODE_BREAKDOWN
2025-05-21T12:00:00.000000,Japan,Japan,JP,436.87,525.37,20.22,12.08,,true,ESTIMATED_MODE_BREAKDOWN
2025-05-21T13:00:00.000000,Japan,Japan,JP,434.77,522.91,20.61,12.07,,true,ESTIMATED_MODE_BREAKDOWN
2025-05-21T14:00:00.000000,Japan,Japan,JP,432.98,520.85,20.93,12.12,,true,ESTIMATED_MODE_BREAKDOWN
2025-05-21T15:00:00.000000,Japan,Japan,JP,427.86,514.99,21.86,12.34,,true,ESTIMATED_MODE_BREAKDOWN
2025-05-21T16:00:00.000000,Japan,Japan,JP,425.12,511.8,22.37,12.35,,true,ESTIMATED_MODE_BREAKDOWN
2025-05-21T17:00:00.000000,Japan,Japan,JP,424.79,511.51,22.43,12.45,,true,ESTIMATED_MODE_BREAKDOWN
2025-05-21T18:00:00.000000,Japan,Japan,JP,426.19,513.2,22.18,12.51,,true,ESTIMATED_MODE_BREAKDOWN
2025-05-21T19:00:00.000000,Japan,Japan,JP,426.85,514.04,22.08,12.55,,true,ESTIMATED_MODE_BREAKDOWN
2025-05-21T20:00:00.000000,Japan,Japan,JP,422.13,508.84,22.94,13.45,,true,ESTIMATED_MODE_BREAKDOWN
2025-05-21T21:00:00.000000,Japan,Japan,JP,404.77,489.54,26.09,16.7,,true,ESTIMATED_MODE_BREAKDOWN
2025-05-21T22:00:00.000000,Japan,Japan,JP,380.39,462.5,30.51,21.74,,true,ESTIMATED_MODE_BREAKDOWN
2025-05-21T23:00:00.000000,Japan,Japan,JP,358.42,438.4,34.52,26.68,,true,ESTIMATED_MODE_BREAKDOWN
2025-05-22T00:00:00.000000,Japan,Japan,JP,338.43,416.46,38.18,31.0,,true,ESTIMATED_MODE_BREAKDOWN
2025-05-22T01:00:00.000000,Japan,Japan,JP,318.61,394.47,41.79,34.73,,true,ESTIMATED_MODE_BREAKDOWN
2025-05-22T02:00:00.000000,Japan,Japan,JP,293.62,366.81,46.34,39.35,,true,ESTIMATED_MODE_BREAKDOWN
2025-05-22T03:00:00.000000,Japan,Japan,JP,280.1,351.86,48.81,41.65,,true,ESTIMATED_MODE_BREAKDOWN
2025-05-22T04:00:00.000000,Japan,Japan,JP,290.68,363.59,46.87,40.09,,true,ESTIMATED_MODE_BREAKDOWN
2025-05-22T05:00:00.000000,Japan,Japan,JP,315.09,390.65,42.44,35.7,,true,ESTIMATED_MODE_BREAKDOWN
2025-05-22T06:00:00.000000,Japan,Japan,JP,342.65,421.2,37.42,30.56,,true,ESTIMATED_MODE_BREAKDOWN
2025-05-22T07:00:00.000000,Japan,Japan,JP,376.3,458.51,31.29,24.36,,true,ESTIMATED_MODE_BREAKDOWN
2025-05-22T08:00:00.000000,Japan,Japan,JP,409.99,495.86,25.14,17.96,,true,ESTIMATED_MODE_BREAKDOWN
2025-05-22T09:00:00.000000,Japan,Japan,JP,434.76,523.27,20.62,13.24,,true,ESTIMATED_MODE_BREAKDOWN
2025-05-22T10:00:00.000000,Japan,Japan,JP,438.73,527.59,19.9,12.29,,true,ESTIMATED_MODE_BREAKDOWN
2025-05-22T11:00:00.000000,Japan,Japan,JP,436.72,525.25,20.27,12.24,,true,ESTIMATED_MODE_BREAKDOWN
2025-05-22T12:00:00.000000,Japan,Japan,JP,434.19,522.29,20.73,12.26,,true,ESTIMATED_MODE_BREAKDOWN
2025-05-22T13:00:00.000000,Japan,Japan,JP,431.27,518.89,21.25,12.31,,true,ESTIMATED_MODE_BREAKDOWN
2025-05-22T14:00:00.000000,Japan,Japan,JP,429.35,516.67,21.6,12.31,,true,ESTIMATED_MODE_BREAKDOWN
2025-05-22T15:00:00.000000,Japan,Japan,JP,425.66,512.31,22.29,12.21,,true,ESTIMATED_MODE_BREAKDOWN
2025-05-22T16:00:00.000000,Japan,Japan,JP,423.93,510.34,22.61,12.24,,true,ESTIMATED_MODE_BREAKDOWN
2025-05-22T17:00:00.000000,Japan,Japan,JP,423.46,509.88,22.69,12.36,,true,ESTIMATED_MODE_BREAKDOWN
2025-05-22T18:00:00.000000,Japan,Japan,JP,424.79,511.53,22.45,12.45,,true,ESTIMATED_MODE_BREAKDOWN
2025-05-22T19:00:00.000000,Japan,Japan,JP,425.43,512.45,22.35,12.58,,true,ESTIMATED_MODE_BREAKDOWN
2025-05-22T20:00:00.000000,Japan,Japan,JP,415.11,501.04,24.23,14.46,,true,ESTIMATED_MODE_BREAKDOWN
2025-05-22T21:00:00.000000,Japan,Japan,JP,375.81,457.27,31.39,21.56,,true,ESTIMATED_MODE_BREAKDOWN
2025-05-22T22:00:00.000000,Japan,Japan,JP,320.87,396.32,41.37,32.07,,true,ESTIMATED_MODE_BREAKDOWN
2025-05-22T23:00:00.000000,Japan,Japan,JP,286.52,358.55,47.63,39.21,,true,ESTIMATED_MODE_BREAKDOWN
2025-05-23T00:00:00.000000,Japan,Japan,JP,256.15,325.11,53.18,45.36,,true,ESTIMATED_MODE_BREAKDOWN
2025-05-23T01:00:00.000000,Japan,Japan,JP,232.98,299.62,57.41,49.78,,true,ESTIMATED_MODE_BREAKDOWN
2025-05-23T02:00:00.000000,Japan,Japan,JP,223.49,289.18,59.14,51.65,,true,ESTIMATED_MODE_BREAKDOWN
2025-05-23T03:00:00.000000,Japan,Japan,JP,224.34,290.03,58.99,51.18,,true,ESTIMATED_MODE_BREAKDOWN
2025-05-23T04:00:00.000000,Japan,Japan,JP,253.65,322.5,53.64,46.03,,true,ESTIMATED_MODE_BREAKDOWN
2025-05-23T05:00:00.000000,Japan,Japan,JP,288.39,360.95,47.3,39.66,,true,ESTIMATED_MODE_BREAKDOWN
2025-05-23T06:00:00.000000,Japan,Japan,JP,334.48,411.98,38.9,31.25,,true,ESTIMATED_MODE_BREAKDOWN
2025-05-23T07:00:00.000000,Japan,Japan,JP,381.6,464.32,30.31,22.6,,true,ESTIMATED_MODE_BREAKDOWN
2025-05-23T08:00:00.000000,Japan,Japan,JP,414.75,500.99,24.27,16.33,,true,ESTIMATED_MODE_BREAKDOWN
2025-05-23T09:00:00.000000,Japan,Japan,JP,434.02,522.38,20.76,12.74,,true,ESTIMATED_MODE_BREAKDOWN
2025-05-23T10:00:00.000000,Japan,Japan,JP,436.37,524.98,20.33,12.15,,true,ESTIMATED_MODE_BREAKDOWN
2025-05-23T11:00:00.000000,Japan,Japan,JP,433.87,522.1,20.79,12.24,,true,ESTIMATED_MODE_BREAKDOWN
2025-05-23T12:00:00.000000,Japan,Japan,JP,431.8,519.62,21.15,12.2,,true,ESTIMATED_MODE_BREAKDOWN
2025-05-23T13:00:00.000000,Japan,Japan,JP,429.95,517.36,21.48,12.14,,true,ESTIMATED_MODE_BREAKDOWN
2025-05-23T14:00:00.000000,Japan,Japan,JP,428.92,516.21,21.7,12.05,,true,ESTIMATED_MODE_BREAKDOWN
2025-05-23T15:00:00.000000,Japan,Japan,JP,424.64,511.25,22.46,12.2,,true,ESTIMATED_MODE_BREAKDOWN
2025-05-23T16:00:00.000000,Japan,Japan,JP,421.42,507.49,23.03,12.22,,true,ESTIMATED_MODE_BREAKDOWN
2025-05-23T17:00:00.000000,Japan,Japan,JP,421.17,507.29,23.08,12.33,,true,ESTIMATED_MODE_BREAKDOWN
2025-05-23T18:00:00.000000,Japan,Japan,JP,422.48,508.85,22.85,12.44,,true,ESTIMATED_MODE_BREAKDOWN
2025-05-23T19:00:00.000000,Japan,Japan,JP,422.88,509.39,22.78,12.53,,true,ESTIMATED_MODE_BREAKDOWN
2025-05-23T20:00:00.000000,Japan,Japan,JP,415.2,500.85,24.19,13.76,,true,ESTIMATED_MODE_BREAKDOWN
2025-05-23T21:00:00.000000,Japan,Japan,JP,396.82,480.33,27.54,16.74,,true,ESTIMATED_MODE_BREAKDOWN
2025-05-23T22:00:00.000000,Japan,Japan,JP,375.23,456.47,31.48,20.8,,true,ESTIMATED_MODE_BREAKDOWN
2025-05-23T23:00:00.000000,Japan,Japan,JP,359.22,438.99,34.4,24.26,,true,ESTIMATED_MODE_BREAKDOWN
2025-05-24T00:00:00.000000,Japan,Japan,JP,343.09,421.24,37.35,27.64,,true,ESTIMATED_MODE_BREAKDOWN
2025-05-24T01:00:00.000000,Japan,Japan,JP,340.88,418.82,37.76,28.21,,true,ESTIMATED_MODE_BREAKDOWN
2025-05-24T02:00:00.000000,Japan,Japan,JP,347.26,425.8,36.59,27.04,,true,ESTIMATED_MODE_BREAKDOWN
2025-05-24T03:00:00.000000,Japan,Japan,JP,340.5,418.2,37.81,28.06,,true,ESTIMATED_MODE_BREAKDOWN
2025-05-24T04:00:00.000000,Japan,Japan,JP,346.65,424.95,36.68,26.95,,true,ESTIMATED_MODE_BREAKDOWN
2025-05-24T05:00:00.000000,Japan,Japan,JP,369.08,449.78,32.58,22.97,,true,ESTIMATED_MODE_BREAKDOWN
2025-05-24T06:00:00.000000,Japan,Japan,JP,387.22,469.75,29.27,19.59,,true,ESTIMATED_MODE_BREAKDOWN
2025-05-24T07:00:00.000000,Japan,Japan,JP,402.68,486.99,26.45,16.87,,true,ESTIMATED_MODE_BREAKDOWN
2025-05-24T08:00:00.000000,Japan,Japan,JP,416.26,502.01,23.98,14.51,,true,ESTIMATED_MODE_BREAKDOWN
2025-05-24T09:00:00.000000,Japan,Japan,JP,425.23,512.05,22.35,13.1,,true,ESTIMATED_MODE_BREAKDOWN
2025-05-24T10:00:00.000000,Japan,Japan,JP,426.38,513.3,22.15,12.85,,true,ESTIMATED_MODE_BREAKDOWN
2025-05-24T11:00:00.000000,Japan,Japan,JP,423.85,510.37,22.61,12.99,,true,ESTIMATED_MODE_BREAKDOWN
2025-05-24T12:00:00.000000,Japan,Japan,JP,420.89,506.93,23.15,13.06,,true,ESTIMATED_MODE_BREAKDOWN
2025-05-24T13:00:00.000000,Japan,Japan,JP,419.16,504.83,23.47,12.93,,true,ESTIMATED_MODE_BREAKDOWN
2025-05-24T14:00:00.000000,Japan,Japan,JP,418.0,503.42,23.67,12.88,,true,ESTIMATED_MODE_BREAKDOWN
2025-05-24T15:00:00.000000,Japan,Japan,JP,413.9,498.66,24.44,12.86,,true,ESTIMATED_MODE_BREAKDOWN
2025-05-24T16:00:00.000000,Japan,Japan,JP,411.65,496.1,24.88,12.82,,true,ESTIMATED_MODE_BREAKDOWN
2025-05-24T17:00:00.000000,Japan,Japan,JP,412.05,496.67,24.81,12.89,,true,ESTIMATED_MODE_BREAKDOWN
2025-05-24T18:00:00.000000,Japan,Japan,JP,414.37,499.53,24.39,13.0,,true,ESTIMATED_MODE_BREAKDOWN
2025-05-24T19:00:00.000000,Japan,Japan,JP,415.09,500.42,24.26,13.11,,true,ESTIMATED_MODE_BREAKDOWN
2025-05-24T20:00:00.000000,Japan,Japan,JP,409.45,494.09,25.3,13.91,,true,ESTIMATED_MODE_BREAKDOWN
2025-05-24T21:00:00.000000,Japan,Japan,JP,389.66,471.92,28.89,17.04,,true,ESTIMATED_MODE_BREAKDOWN
2025-05-24T22:00:00.000000,Japan,Japan,JP,357.37,435.96,34.74,22.96,,true,ESTIMATED_MODE_BREAKDOWN
2025-05-24T23:00:00.000000,Japan,Japan,JP,324.36,399.69,40.75,29.47,,true,ESTIMATED_MODE_BREAKDOWN
2025-05-25T00:00:00.000000,Japan,Japan,JP,293.81,365.89,46.3,35.45,,true,ESTIMATED_MODE_BREAKDOWN
2025-05-25T01:00:00.000000,Japan,Japan,JP,277.26,347.64,49.33,38.79,,true,ESTIMATED_MODE_BREAKDOWN
2025-05-25T02:00:00.000000,Japan,Japan,JP,272.08,342.0,50.28,39.85,,true,ESTIMATED_MODE_BREAKDOWN
2025-05-25T03:00:00.000000,Japan,Japan,JP,283.2,354.37,48.25,37.93,,true,ESTIMATED_MODE_BREAKDOWN
2025-05-25T04:00:00.000000,Japan,Japan,JP,285.29,356.59,47.87,37.35,,true,ESTIMATED_MODE_BREAKDOWN
2025-05-25T05:00:00.000000,Japan,Japan,JP,294.7,366.83,46.14,35.26,,true,ESTIMATED_MODE_BREAKDOWN
2025-05-25T06:00:00.000000,Japan,Japan,JP,312.56,386.68,42.89,32.3,,true,ESTIMATED_MODE_BREAKDOWN
2025-05-25T07:00:00.000000,Japan,Japan,JP,341.43,418.72,37.63,27.25,,true,ESTIMATED_MODE_BREAKDOWN
2025-05-25T08:00:00.000000,Japan,Japan,JP,382.3,464.19,30.18,20.2,,true,ESTIMATED_MODE_BREAKDOWN
2025-05-25T09:00:00.000000,Japan,Japan,JP,416.59,502.39,23.93,14.22,,true,ESTIMATED_MODE_BREAKDOWN
2025-05-25T10:00:00.000000,Japan,Japan,JP,425.57,512.38,22.29,12.71,,true,ESTIMATED_MODE_BREAKDOWN
2025-05-25T11:00:00.000000,Japan,Japan,JP,424.02,510.56,22.58,12.65,,true,ESTIMATED_MODE_BREAKDOWN
2025-05-25T12:00:00.000000,Japan,Japan,JP,420.82,506.82,23.15,12.74,,true,ESTIMATED_MODE_BREAKDOWN
2025-05-25T13:00:00.000000,Japan,Japan,JP,418.32,503.82,23.62,12.62,,true,ESTIMATED_MODE_BREAKDOWN
2025-05-25T14:00:00.000000,Japan,Japan,JP,417.52,502.81,23.77,12.49,,true,ESTIMATED_MODE_BREAKDOWN
2025-05-25T15:00:00.000000,Japan,Japan,JP,411.33,495.66,24.91,12.69,,true,ESTIMATED_MODE_BREAKDOWN
2025-05-25T16:00:00.000000,Japan,Japan,JP,408.86,492.8,25.36,12.76,,true,ESTIMATED_MODE_BREAKDOWN
2025-05-25T17:00:00.000000,Japan,Japan,JP,409.73,493.93,25.21,12.79,,true,ESTIMATED_MODE_BREAKDOWN
2025-05-25T18:00:00.000000,Japan,Japan,JP,412.97,497.89,24.63,12.81,,true,ESTIMATED_MODE_BREAKDOWN
2025-05-25T19:00:00.000000,Japan,Japan,JP,414.06,499.33,24.45,13.04,,true,ESTIMATED_MODE_BREAKDOWN
2025-05-25T20:00:00.000000,Japan,Japan,JP,404.57,488.88,26.17,14.83,,true,ESTIMATED_MODE_BREAKDOWN
2025-05-25T21:00:00.000000,Japan,Japan,JP,372.45,453.12,32.02,20.68,,true,ESTIMATED_MODE_BREAKDOWN
2025-05-25T22:00:00.000000,Japan,Japan,JP,336.66,413.48,38.52,27.8,,true,ESTIMATED_MODE_BREAKDOWN
2025-05-25T23:00:00.000000,Japan,Japan,JP,320.56,396.11,41.46,31.97,,true,ESTIMATED_MODE_BREAKDOWN
2025-05-26T00:00:00.000000,Japan,Japan,JP,302.64,376.29,44.73,35.85,,true,ESTIMATED_MODE_BREAKDOWN
2025-05-26T01:00:00.000000,Japan,Japan,JP,289.5,361.83,47.13,38.33,,true,ESTIMATED_MODE_BREAKDOWN
2025-05-26T02:00:00.000000,Japan,Japan,JP,276.05,346.9,49.59,40.78,,true,ESTIMATED_MODE_BREAKDOWN
2025-05-26T03:00:00.000000,Japan,Japan,JP,270.33,340.35,50.63,41.31,,true,ESTIMATED_MODE_BREAKDOWN
2025-05-26T04:00:00.000000,Japan,Japan,JP,290.71,363.13,46.91,38.02,,true,ESTIMATED_MODE_BREAKDOWN
2025-05-26T05:00:00.000000,Japan,Japan,JP,311.55,386.17,43.1,34.33,,true,ESTIMATED_MODE_BREAKDOWN
2025-05-26T06:00:00.000000,Japan,Japan,JP,337.27,414.68,38.39,29.65,,true,ESTIMATED_MODE_BREAKDOWN
2025-05-26T07:00:00.000000,Japan,Japan,JP,374.02,455.48,31.68,23.01,,true,ESTIMATED_MODE_BREAKDOWN
2025-05-26T08:00:00.000000,Japan,Japan,JP,406.12,491.09,25.82,17.04,,true,ESTIMATED_MODE_BREAKDOWN
2025-05-26T09:00:00.000000,Japan,Japan,JP,429.01,516.62,21.67,12.92,,true,ESTIMATED_MODE_BREAKDOWN
2025-05-26T10:00:00.000000,Japan,Japan,JP,433.83,522.01,20.8,11.95,,true,ESTIMATED_MODE_BREAKDOWN
2025-05-26T11:00:00.000000,Japan,Japan,JP,431.76,519.53,21.17,11.95,,true,ESTIMATED_MODE_BREAKDOWN
2025-05-26T12:00:00.000000,Japan,Japan,JP,429.44,516.83,21.59,11.95,,true,ESTIMATED_MODE_BREAKDOWN
2025-05-26T13:00:00.000000,Japan,Japan,JP,427.28,514.26,21.97,11.92,,true,ESTIMATED_MODE_BREAKDOWN
2025-05-26T14:00:00.000000,Japan,Japan,JP,426.46,513.26,22.14,11.8,,true,ESTIMATED_MODE_BREAKDOWN
2025-05-26T15:00:00.000000,Japan,Japan,JP,421.78,507.87,23.01,11.9,,true,ESTIMATED_MODE_BREAKDOWN
2025-05-26T16:00:00.000000,Japan,Japan,JP,419.41,505.15,23.44,11.92,,true,ESTIMATED_MODE_BREAKDOWN
2025-05-26T17:00:00.000000,Japan,Japan,JP,420.25,506.23,23.3,11.98,,true,ESTIMATED_MODE_BREAKDOWN
2025-05-26T18:00:00.000000,Japan,Japan,JP,422.42,508.87,22.89,12.07,,true,ESTIMATED_MODE_BREAKDOWN
2025-05-26T19:00:00.000000,Japan,Japan,JP,422.78,509.35,22.83,12.23,,true,ESTIMATED_MODE_BREAKDOWN
2025-05-26T20:00:00.000000,Japan,Japan,JP,410.3,495.58,25.11,14.49,,true,ESTIMATED_MODE_BREAKDOWN
2025-05-26T21:00:00.000000,Japan,Japan,JP,371.22,452.1,32.24,21.54,,true,ESTIMATED_MODE_BREAKDOWN
2025-05-26T22:00:00.000000,Japan,Japan,JP,316.76,391.61,42.14,31.85,,true,ESTIMATED_MODE_BREAKDOWN
2025-05-26T23:00:00.000000,Japan,Japan,JP,286.99,358.97,47.56,38.31,,true,ESTIMATED_MODE_BREAKDOWN
2025-05-27T00:00:00.000000,Japan,Japan,JP,267.49,337.5,51.11,42.46,,true,ESTIMATED_MODE_BREAKDOWN
2025-05-27T01:00:00.000000,Japan,Japan,JP,254.43,323.07,53.51,45.01,,true,ESTIMATED_MODE_BREAKDOWN
2025-05-27T02:00:00.000000,Japan,Japan,JP,255.11,323.77,53.38,44.93,,true,ESTIMATED_MODE_BREAKDOWN
2025-05-27T03:00:00.000000,Japan,Japan,JP,250.43,318.43,54.23,45.39,,true,ESTIMATED_MODE_BREAKDOWN
2025-05-27T04:00:00.000000,Japan,Japan,JP,269.9,340.01,50.67,42.23,,true,ESTIMATED_MODE_BREAKDOWN
2025-05-27T05:00:00.000000,Japan,Japan,JP,288.6,360.69,47.24,38.81,,true,ESTIMATED_MODE_BREAKDOWN
2025-05-27T06:00:00.000000,Japan,Japan,JP,311.97,386.56,42.99,34.46,,true,ESTIMATED_MODE_BREAKDOWN
2025-05-27T07:00:00.000000,Japan,Japan,JP,358.33,438.03,34.53,26.08,,true,ESTIMATED_MODE_BREAKDOWN
2025-05-27T08:00:00.000000,Japan,Japan,JP,399.6,483.91,27.01,18.38,,true,ESTIMATED_MODE_BREAKDOWN
2025-05-27T09:00:00.000000,Japan,Japan,JP,427.66,515.06,21.92,13.27,,true,ESTIMATED_MODE_BREAKDOWN
2025-05-27T10:00:00.000000,Japan,Japan,JP,434.29,522.46,20.72,11.98,,true,ESTIMATED_MODE_BREAKDOWN
2025-05-27T11:00:00.000000,Japan,Japan,JP,432.34,520.17,21.07,11.97,,true,ESTIMATED_MODE_BREAKDOWN
2025-05-27T12:00:00.000000,Japan,Japan,JP,430.02,517.44,21.48,11.97,,true,ESTIMATED_MODE_BREAKDOWN
2025-05-27T13:00:00.000000,Japan,Japan,JP,427.64,514.62,21.9,11.96,,true,ESTIMATED_MODE_BREAKDOWN
2025-05-27T14:00:00.000000,Japan,Japan,JP,426.65,513.5,22.1,11.89,,true,ESTIMATED_MODE_BREAKDOWN
2025-05-27T15:00:00.000000,Japan,Japan,JP,422.21,508.4,22.93,11.97,,true,ESTIMATED_MODE_BREAKDOWN
2025-05-27T16:00:00.000000,Japan,Japan,JP,420.41,506.28,23.26,11.83,,true,ESTIMATED_MODE_BREAKDOWN
2025-05-27T17:00:00.000000,Japan,Japan,JP,420.4,506.4,23.27,11.95,,true,ESTIMATED_MODE_BREAKDOWN
2025-05-27T18:00:00.000000,Japan,Japan,JP,422.24,508.68,22.93,12.01,,true,ESTIMATED_MODE_BREAKDOWN
2025-05-27T19:00:00.000000,Japan,Japan,JP,422.6,509.11,22.87,12.11,,true,ESTIMATED_MODE_BREAKDOWN
2025-05-27T20:00:00.000000,Japan,Japan,JP,408.62,493.66,25.41,14.54,,true,ESTIMATED_MODE_BREAKDOWN
2025-05-27T21:00:00.000000,Japan,Japan,JP,357.45,436.89,34.75,23.76,,true,ESTIMATED_MODE_BREAKDOWN
2025-05-27T22:00:00.000000,Japan,Japan,JP,282.2,353.52,48.44,37.93,,true,ESTIMATED_MODE_BREAKDOWN
2025-05-27T23:00:00.000000,Japan,Japan,JP,228.43,294.23,58.25,48.77,,true,ESTIMATED_MODE_BREAKDOWN
2025-05-28T00:00:00.000000,Japan,Japan,JP,201.58,264.82,63.16,54.46,,true,ESTIMATED_MODE_BREAKDOWN
2025-05-28T01:00:00.000000,Japan,Japan,JP,188.16,250.16,65.61,57.17,,true,ESTIMATED_MODE_BREAKDOWN
2025-05-28T02:00:00.000000,Japan,Japan,JP,184.97,246.61,66.19,57.9,,true,ESTIMATED_MODE_BREAKDOWN
2025-05-28T03:00:00.000000,Japan,Japan,JP,185.66,247.23,66.06,57.39,,true,ESTIMATED_MODE_BREAKDOWN
2025-05-28T04:00:00.000000,Japan,Japan,JP,205.58,269.25,62.42,54.07,,true,ESTIMATED_MODE_BREAKDOWN
2025-05-28T05:00:00.000000,Japan,Japan,JP,238.18,305.31,56.49,48.12,,true,ESTIMATED_MODE_BREAKDOWN
2025-05-28T06:00:00.000000,Japan,Japan,JP,289.44,362.07,47.15,38.68,,true,ESTIMATED_MODE_BREAKDOWN
2025-05-28T07:00:00.000000,Japan,Japan,JP,350.76,429.93,35.94,27.43,,true,ESTIMATED_MODE_BREAKDOWN
2025-05-28T08:00:00.000000,Japan,Japan,JP,399.86,484.25,26.98,18.17,,true,ESTIMATED_MODE_BREAKDOWN
2025-05-28T09:00:00.000000,Japan,Japan,JP,428.88,516.43,21.7,12.84,,true,ESTIMATED_MODE_BREAKDOWN
2025-05-28T10:00:00.000000,Japan,Japan,JP,433.47,521.52,20.87,11.92,,true,ESTIMATED_MODE_BREAKDOWN
2025-05-28T11:00:00.000000,Japan,Japan,JP,431.19,518.86,21.27,11.93,,true,ESTIMATED_MODE_BREAKDOWN
2025-05-28T12:00:00.000000,Japan,Japan,JP,429.25,516.59,21.62,11.86,,true,ESTIMATED_MODE_BREAKDOWN
2025-05-28T13:00:00.000000,Japan,Japan,JP,426.79,513.64,22.06,11.83,,true,ESTIMATED_MODE_BREAKDOWN
2025-05-28T14:00:00.000000,Japan,Japan,JP,425.73,512.4,22.27,11.71,,true,ESTIMATED_MODE_BREAKDOWN
2025-05-28T15:00:00.000000,Japan,Japan,JP,420.92,506.94,23.15,11.85,,true,ESTIMATED_MODE_BREAKDOWN
2025-05-28T16:00:00.000000,Japan,Japan,JP,418.02,503.61,23.67,11.91,,true,ESTIMATED_MODE_BREAKDOWN
2025-05-28T17:00:00.000000,Japan,Japan,JP,418.69,504.41,23.55,11.9,,true,ESTIMATED_MODE_BREAKDOWN
2025-05-28T18:00:00.000000,Japan,Japan,JP,420.98,507.13,23.14,11.96,,true,ESTIMATED_MODE_BREAKDOWN
2025-05-28T19:00:00.000000,Japan,Japan,JP,421.41,507.69,23.07,12.14,,true,ESTIMATED_MODE_BREAKDOWN
2025-05-28T20:00:00.000000,Japan,Japan,JP,409.72,494.8,25.21,14.14,,true,ESTIMATED_MODE_BREAKDOWN
2025-05-28T21:00:00.000000,Japan,Japan,JP,374.4,455.52,31.64,20.43,,true,ESTIMATED_MODE_BREAKDOWN
2025-05-28T22:00:00.000000,Japan,Japan,JP,330.22,406.73,39.7,28.98,,true,ESTIMATED_MODE_BREAKDOWN
2025-05-28T23:00:00.000000,Japan,Japan,JP,306.32,380.69,44.08,34.51,,true,ESTIMATED_MODE_BREAKDOWN
2025-05-29T00:00:00.000000,Japan,Japan,JP,285.23,357.49,47.94,39.08,,true,ESTIMATED_MODE_BREAKDOWN
2025-05-29T01:00:00.000000,Japan,Japan,JP,273.19,344.25,50.13,41.51,,true,ESTIMATED_MODE_BREAKDOWN
2025-05-29T02:00:00.000000,Japan,Japan,JP,277.05,348.47,49.42,40.88,,true,ESTIMATED_MODE_BREAKDOWN
2025-05-29T03:00:00.000000,Japan,Japan,JP,286.43,358.63,47.69,38.74,,true,ESTIMATED_MODE_BREAKDOWN
2025-05-29T04:00:00.000000,Japan,Japan,JP,311.87,386.89,43.05,34.45,,true,ESTIMATED_MODE_BREAKDOWN
2025-05-29T05:00:00.000000,Japan,Japan,JP,333.75,411.08,39.06,30.57,,true,ESTIMATED_MODE_BREAKDOWN
2025-05-29T06:00:00.000000,Japan,Japan,JP,364.95,445.56,33.36,24.73,,true,ESTIMATED_MODE_BREAKDOWN
2025-05-29T07:00:00.000000,Japan,Japan,JP,394.87,478.67,27.91,19.29,,true,ESTIMATED_MODE_BREAKDOWN
2025-05-29T08:00:00.000000,Japan,Japan,JP,422.97,510.24,22.78,15.22,,true,ESTIMATED_MODE_BREAKDOWN
2025-05-29T09:00:00.000000,Japan,Japan,JP,435.24,523.95,20.54,12.97,,true,ESTIMATED_MODE_BREAKDOWN
2025-05-29T10:00:00.000000,Japan,Japan,JP,433.86,522.07,20.79,12.2,,true,ESTIMATED_MODE_BREAKDOWN
2025-05-29T11:00:00.000000,Japan,Japan,JP,430.0,517.48,21.49,12.12,,true,ESTIMATED_MODE_BREAKDOWN
2025-05-29T12:00:00.000000,Japan,Japan,JP,427.96,515.06,21.86,12.03,,true,ESTIMATED_MODE_BREAKDOWN
2025-05-29T13:00:00.000000,Japan,Japan,JP,425.71,512.37,22.26,12.01,,true,ESTIMATED_MODE_BREAKDOWN
2025-05-29T14:00:00.000000,Japan,Japan,JP,424.43,510.8,22.49,11.91,,true,ESTIMATED_MODE_BREAKDOWN
2025-05-29T15:00:00.000000,Japan,Japan,JP,419.84,505.5,23.34,11.96,,true,ESTIMATED_MODE_BREAKDOWN
2025-05-29T16:00:00.000000,Japan,Japan,JP,417.17,502.4,23.82,11.99,,true,ESTIMATED_MODE_BREAKDOWN
2025-05-29T17:00:00.000000,Japan,Japan,JP,417.02,502.33,23.85,12.15,,true,ESTIMATED_MODE_BREAKDOWN
2025-05-29T18:00:00.000000,Japan,Japan,JP,419.33,505.15,23.45,12.19,,true,ESTIMATED_MODE_BREAKDOWN
2025-05-29T19:00:00.000000,Japan,Japan,JP,420.16,506.19,23.3,12.34,,true,ESTIMATED_MODE_BREAKDOWN
2025-05-29T20:00:00.000000,Japan,Japan,JP,414.19,499.6,24.39,13.49,,true,ESTIMATED_MODE_BREAKDOWN
2025-05-29T21:00:00.000000,Japan,Japan,JP,400.74,484.56,26.83,16.0,,true,ESTIMATED_MODE_BREAKDOWN
2025-05-29T22:00:00.000000,Japan,Japan,JP,378.85,460.28,30.81,20.44,,true,ESTIMATED_MODE_BREAKDOWN
2025-05-29T23:00:00.000000,Japan,Japan,JP,354.68,433.86,35.23,25.82,,true,ESTIMATED_MODE_BREAKDOWN
2025-05-30T00:00:00.000000,Japan,Japan,JP,335.87,413.17,38.66,29.91,,true,ESTIMATED_MODE_BREAKDOWN
2025-05-30T01:00:00.000000,Japan,Japan,JP,316.67,391.83,42.15,33.45,,true,ESTIMATED_MODE_BREAKDOWN
2025-05-30T02:00:00.000000,Japan,Japan,JP,302.23,375.82,44.78,36.16,,true,ESTIMATED_MODE_BREAKDOWN
2025-05-30T03:00:00.000000,Japan,Japan,JP,293.82,366.44,46.32,37.26,,true,ESTIMATED_MODE_BREAKDOWN
2025-05-30T04:00:00.000000,Japan,Japan,JP,315.36,390.42,42.39,33.73,,true,ESTIMATED_MODE_BREAKDOWN
2025-05-30T05:00:00.000000,Japan,Japan,JP,334.46,411.57,38.91,30.26,,true,ESTIMATED_MODE_BREAKDOWN
2025-05-30T06:00:00.000000,Japan,Japan,JP,358.44,438.19,34.54,25.85,,true,ESTIMATED_MODE_BREAKDOWN
2025-05-30T07:00:00.000000,Japan,Japan,JP,386.39,469.13,29.44,20.7,,true,ESTIMATED_MODE_BREAKDOWN
2025-05-30T08:00:00.000000,Japan,Japan,JP,409.6,494.72,25.21,16.24,,true,ESTIMATED_MODE_BREAKDOWN
2025-05-30T09:00:00.000000,Japan,Japan,JP,425.64,512.52,22.28,13.23,,true,ESTIMATED_MODE_BREAKDOWN
2025-05-30T10:00:00.000000,Japan,Japan,JP,429.95,517.32,21.5,12.33,,true,ESTIMATED_MODE_BREAKDOWN
2025-05-30T11:00:00.000000,Japan,Japan,JP,428.23,515.24,21.81,12.27,,true,ESTIMATED_MODE_BREAKDOWN
2025-05-30T12:00:00.000000,Japan,Japan,JP,425.63,512.25,22.28,12.27,,true,ESTIMATED_MODE_BREAKDOWN
2025-05-30T13:00:00.000000,Japan,Japan,JP,423.53,509.75,22.65,12.24,,true,ESTIMATED_MODE_BREAKDOWN
2025-05-30T14:00:00.000000,Japan,Japan,JP,422.14,508.11,22.9,12.21,,true,ESTIMATED_MODE_BREAKDOWN
2025-05-30T15:00:00.000000,Japan,Japan,JP,417.32,502.59,23.79,12.34,,true,ESTIMATED_MODE_BREAKDOWN
2025-05-30T16:00:00.000000,Japan,Japan,JP,414.5,499.38,24.32,12.33,,true,ESTIMATED_MODE_BREAKDOWN
2025-05-30T17:00:00.000000,Japan,Japan,JP,414.42,499.38,24.34,12.46,,true,ESTIMATED_MODE_BREAKDOWN
2025-05-30T18:00:00.000000,Japan,Japan,JP,415.71,500.95,24.12,12.61,,true,ESTIMATED_MODE_BREAKDOWN
2025-05-30T19:00:00.000000,Japan,Japan,JP,415.67,500.99,24.11,12.8,,true,ESTIMATED_MODE_BREAKDOWN
2025-05-30T20:00:00.000000,Japan,Japan,JP,405.19,489.33,26.04,14.46,,true,ESTIMATED_MODE_BREAKDOWN
2025-05-30T21:00:00.000000,Japan,Japan,JP,364.63,444.06,33.43,21.42,,true,ESTIMATED_MODE_BREAKDOWN
2025-05-30T22:00:00.000000,Japan,Japan,JP,314.75,388.52,42.48,30.74,,true,ESTIMATED_MODE_BREAKDOWN
2025-05-30T23:00:00.000000,Japan,Japan,JP,295.99,367.94,45.9,34.83,,true,ESTIMATED_MODE_BREAKDOWN
2025-05-31T00:00:00.000000,Japan,Japan,JP,284.14,354.94,48.06,37.56,,true,ESTIMATED_MODE_BREAKDOWN
2025-05-31T01:00:00.000000,Japan,Japan,JP,272.76,342.38,50.14,39.78,,true,ESTIMATED_MODE_BREAKDOWN
2025-05-31T02:00:00.000000,Japan,Japan,JP,271.75,341.21,50.32,40.01,,true,ESTIMATED_MODE_BREAKDOWN
2025-05-31T03:00:00.000000,Japan,Japan,JP,273.02,342.51,50.09,39.56,,true,ESTIMATED_MODE_BREAKDOWN
2025-05-31T04:00:00.000000,Japan,Japan,JP,278.47,348.56,49.09,38.65,,true,ESTIMATED_MODE_BREAKDOWN
2025-05-31T05:00:00.000000,Japan,Japan,JP,291.57,363.02,46.7,36.19,,true,ESTIMATED_MODE_BREAKDOWN
2025-05-31T06:00:00.000000,Japan,Japan,JP,308.65,381.92,43.57,32.98,,true,ESTIMATED_MODE_BREAKDOWN
2025-05-31T07:00:00.000000,Japan,Japan,JP,336.82,413.19,38.43,27.97,,true,ESTIMATED_MODE_BREAKDOWN
2025-05-31T08:00:00.000000,Japan,Japan,JP,378.88,459.98,30.79,20.4,,true,ESTIMATED_MODE_BREAKDOWN
2025-05-31T09:00:00.000000,Japan,Japan,JP,411.65,496.49,24.82,14.6,,true,ESTIMATED_MODE_BREAKDOWN
2025-05-31T10:00:00.000000,Japan,Japan,JP,419.67,505.54,23.36,13.22,,true,ESTIMATED_MODE_BREAKDOWN
2025-05-31T11:00:00.000000,Japan,Japan,JP,417.97,503.51,23.67,13.15,,true,ESTIMATED_MODE_BREAKDOWN
2025-05-31T12:00:00.000000,Japan,Japan,JP,415.82,500.96,24.06,13.02,,true,ESTIMATED_MODE_BREAKDOWN
2025-05-31T13:00:00.000000,Japan,Japan,JP,413.86,498.53,24.44,12.89,,true,ESTIMATED_MODE_BREAKDOWN
2025-05-31T14:00:00.000000,Japan,Japan,JP,412.52,496.99,24.7,12.8,,true,ESTIMATED_MODE_BREAKDOWN
2025-05-31T15:00:00.000000,Japan,Japan,JP,408.27,492.05,25.47,12.83,,true,ESTIMATED_MODE_BREAKDOWN
2025-05-31T16:00:00.000000,Japan,Japan,JP,406.29,489.74,25.84,12.78,,true,ESTIMATED_MODE_BREAKDOWN
2025-05-31T17:00:00.000000,Japan,Japan,JP,407.51,491.24,25.6,12.77,,true,ESTIMATED_MODE_BREAKDOWN
2025-05-31T18:00:00.000000,Japan,Japan,JP,411.38,495.94,24.91,12.69,,true,ESTIMATED_MODE_BREAKDOWN
2025-05-31T19:00:00.000000,Japan,Japan,JP,412.98,497.94,24.62,12.96,,true,ESTIMATED_MODE_BREAKDOWN
2025-05-31T20:00:00.000000,Japan,Japan,JP,401.83,485.67,26.66,15.16,,true,ESTIMATED_MODE_BREAKDOWN
2025-05-31T21:00:00.000000,Japan,Japan,JP,353.77,432.21,35.41,23.73,,true,ESTIMATED_MODE_BREAKDOWN
2025-05-31T22:00:00.000000,Japan,Japan,JP,292.02,363.96,46.68,35.44,,true,ESTIMATED_MODE_BREAKDOWN
2025-05-31T23:00:00.000000,Japan,Japan,JP,245.74,312.85,55.09,44.32,,true,ESTIMATED_MODE_BREAKDOWN
2025-06-01T00:00:00.000000,Japan,Japan,JP,206.55,269.73,62.25,52.07,,true,ESTIMATED_MODE_BREAKDOWN
2025-06-01T01:00:00.000000,Japan,Japan,JP,185.09,246.14,66.17,56.37,,true,ESTIMATED_MODE_BREAKDOWN
2025-06-01T02:00:00.000000,Japan,Japan,JP,177.34,237.76,67.59,57.96,,true,ESTIMATED_MODE_BREAKDOWN
2025-06-01T03:00:00.000000,Japan,Japan,JP,168.2,227.63,69.25,59.64,,true,ESTIMATED_MODE_BREAKDOWN
2025-06-01T04:00:00.000000,Japan,Japan,JP,182.42,243.39,66.66,57.07,,true,ESTIMATED_MODE_BREAKDOWN
2025-06-01T05:00:00.000000,Japan,Japan,JP,210.76,274.63,61.48,51.84,,true,ESTIMATED_MODE_BREAKDOWN
2025-06-01T06:00:00.000000,Japan,Japan,JP,253.84,322.18,53.61,43.99,,true,ESTIMATED_MODE_BREAKDOWN
2025-06-01T07:00:00.000000,Japan,Japan,JP,308.59,382.82,43.61,34.3,,true,ESTIMATED_MODE_BREAKDOWN
2025-06-01T08:00:00.000000,Japan,Japan,JP,377.83,459.76,30.98,21.98,,true,ESTIMATED_MODE_BREAKDOWN
2025-06-01T09:00:00.000000,Japan,Japan,JP,421.64,508.42,23.0,14.17,,true,ESTIMATED_MODE_BREAKDOWN
2025-06-01T10:00:00.000000,Japan,Japan,JP,432.71,520.74,20.98,12.25,,true,ESTIMATED_MODE_BREAKDOWN
2025-06-01T11:00:00.000000,Japan,Japan,JP,431.74,519.55,21.15,12.17,,true,ESTIMATED_MODE_BREAKDOWN
2025-06-01T12:00:00.000000,Japan,Japan,JP,429.36,516.81,21.6,12.18,,true,ESTIMATED_MODE_BREAKDOWN
2025-06-01T13:00:00.000000,Japan,Japan,JP,427.12,514.21,22.02,12.13,,true,ESTIMATED_MODE_BREAKDOWN
2025-06-01T14:00:00.000000,Japan,Japan,JP,425.69,512.47,22.28,12.1,,true,ESTIMATED_MODE_BREAKDOWN
2025-06-01T15:00:00.000000,Japan,Japan,JP,422.18,508.48,22.94,12.04,,true,ESTIMATED_MODE_BREAKDOWN
2025-06-01T16:00:00.000000,Japan,Japan,JP,420.61,506.75,23.24,12.03,,true,ESTIMATED_MODE_BREAKDOWN
2025-06-01T17:00:00.000000,Japan,Japan,JP,421.45,507.81,23.09,12.12,,true,ESTIMATED_MODE_BREAKDOWN
2025-06-01T18:00:00.000000,Japan,Japan,JP,423.88,510.68,22.63,12.18,,true,ESTIMATED_MODE_BREAKDOWN
2025-06-01T19:00:00.000000,Japan,Japan,JP,424.26,511.29,22.57,12.5,,true,ESTIMATED_MODE_BREAKDOWN
2025-06-01T20:00:00.000000,Japan,Japan,JP,408.84,494.23,25.39,15.31,,true,ESTIMATED_MODE_BREAKDOWN
2025-06-01T21:00:00.000000,Japan,Japan,JP,359.12,439.06,34.44,24.41,,true,ESTIMATED_MODE_BREAKDOWN
2025-06-01T22:00:00.000000,Japan,Japan,JP,304.41,378.54,44.38,35.0,,true,ESTIMATED_MODE_BREAKDOWN
2025-06-01T23:00:00.000000,Japan,Japan,JP,272.0,342.96,50.3,41.91,,true,ESTIMATED_MODE_BREAKDOWN
2025-06-02T00:00:00.000000,Japan,Japan,JP,252.74,321.9,53.84,46.15,,true,ESTIMATED_MODE_BREAKDOWN
2025-06-02T01:00:00.000000,Japan,Japan,JP,240.29,308.2,56.11,48.64,,true,ESTIMATED_MODE_BREAKDOWN
2025-06-02T02:00:00.000000,Japan,Japan,JP,240.15,308.1,56.14,48.8,,true,ESTIMATED_MODE_BREAKDOWN
2025-06-02T03:00:00.000000,Japan,Japan,JP,242.4,310.52,55.73,48.13,,true,ESTIMATED_MODE_BREAKDOWN
2025-06-02T04:00:00.000000,Japan,Japan,JP,274.66,346.16,49.83,42.53,,true,ESTIMATED_MODE_BREAKDOWN
2025-06-02T05:00:00.000000,Japan,Japan,JP,313.42,389.0,42.75,35.56,,true,ESTIMATED_MODE_BREAKDOWN
2025-06-02T06:00:00.000000,Japan,Japan,JP,358.08,438.39,34.6,27.29,,true,ESTIMATED_MODE_BREAKDOWN
2025-06-02T07:00:00.000000,Japan,Japan,JP,394.2,478.41,28.02,20.75,,true,ESTIMATED_MODE_BREAKDOWN
2025-06-02T08:00:00.000000,Japan,Japan,JP,426.08,514.05,22.2,15.58,,true,ESTIMATED_MODE_BREAKDOWN
2025-06-02T09:00:00.000000,Japan,Japan,JP,443.27,533.3,19.06,12.82,,true,ESTIMATED_MODE_BREAKDOWN
2025-06-02T10:00:00.000000,Japan,Japan,JP,441.71,531.23,19.35,12.14,,true,ESTIMATED_MODE_BREAKDOWN
2025-06-02T11:00:00.000000,Japan,Japan,JP,438.15,526.99,19.99,12.04,,true,ESTIMATED_MODE_BREAKDOWN
2025-06-02T12:00:00.000000,Japan,Japan,JP,435.84,524.28,20.41,12.09,,true,ESTIMATED_MODE_BREAKDOWN
2025-06-02T13:00:00.000000,Japan,Japan,JP,433.85,521.97,20.77,12.12,,true,ESTIMATED_MODE_BREAKDOWN
2025-06-02T14:00:00.000000,Japan,Japan,JP,432.7,520.61,20.99,12.09,,true,ESTIMATED_MODE_BREAKDOWN
2025-06-02T15:00:00.000000,Japan,Japan,JP,429.48,516.91,21.61,12.06,,true,ESTIMATED_MODE_BREAKDOWN
2025-06-02T16:00:00.000000,Japan,Japan,JP,426.78,513.78,22.07,12.18,,true,ESTIMATED_MODE_BREAKDOWN
2025-06-02T17:00:00.000000,Japan,Japan,JP,426.53,513.58,22.11,12.28,,true,ESTIMATED_MODE_BREAKDOWN
2025-06-02T18:00:00.000000,Japan,Japan,JP,428.55,516.0,21.75,12.29,,true,ESTIMATED_MODE_BREAKDOWN
2025-06-02T19:00:00.000000,Japan,Japan,JP,428.71,516.32,21.74,12.48,,true,ESTIMATED_MODE_BREAKDOWN
2025-06-02T20:00:00.000000,Japan,Japan,JP,421.86,508.79,23.0,13.8,,true,ESTIMATED_MODE_BREAKDOWN
2025-06-02T21:00:00.000000,Japan,Japan,JP,412.7,498.57,24.66,15.61,,true,ESTIMATED_MODE_BREAKDOWN
2025-06-02T22:00:00.000000,Japan,Japan,JP,403.9,488.88,26.25,17.73,,true,ESTIMATED_MODE_BREAKDOWN
2025-06-02T23:00:00.000000,Japan,Japan,JP,402.08,487.06,26.59,18.92,,true,ESTIMATED_MODE_BREAKDOWN
2025-06-03T00:00:00.000000,Japan,Japan,JP,395.33,479.64,27.83,20.7,,true,ESTIMATED_MODE_BREAKDOWN
2025-06-03T01:00:00.000000,Japan,Japan,JP,386.92,470.21,29.37,22.26,,true,ESTIMATED_MODE_BREAKDOWN
2025-06-03T02:00:00.000000,Japan,Japan,JP,382.15,464.92,30.23,23.14,,true,ESTIMATED_MODE_BREAKDOWN
2025-06-03T03:00:00.000000,Japan,Japan,JP,379.72,462.02,30.66,23.21,,true,ESTIMATED_MODE_BREAKDOWN
2025-06-03T04:00:00.000000,Japan,Japan,JP,386.31,469.36,29.45,22.29,,true,ESTIMATED_MODE_BREAKDOWN
2025-06-03T05:00:00.000000,Japan,Japan,JP,389.37,472.75,28.88,21.78,,true,ESTIMATED_MODE_BREAKDOWN
2025-06-03T06:00:00.000000,Japan,Japan,JP,395.92,480.11,27.69,20.52,,true,ESTIMATED_MODE_BREAKDOWN
2025-06-03T07:00:00.000000,Japan,Japan,JP,407.28,492.82,25.63,18.42,,true,ESTIMATED_MODE_BREAKDOWN
2025-06-03T08:00:00.000000,Japan,Japan,JP,419.8,506.7,23.34,15.93,,true,ESTIMATED_MODE_BREAKDOWN
2025-06-03T09:00:00.000000,Japan,Japan,JP,434.53,523.02,20.65,13.21,,true,ESTIMATED_MODE_BREAKDOWN
2025-06-03T10:00:00.000000,Japan,Japan,JP,438.95,527.93,19.85,12.27,,true,ESTIMATED_MODE_BREAKDOWN
2025-06-03T11:00:00.000000,Japan,Japan,JP,437.19,525.81,20.17,12.27,,true,ESTIMATED_MODE_BREAKDOWN
2025-06-03T12:00:00.000000,Japan,Japan,JP,434.9,523.15,20.58,12.3,,true,ESTIMATED_MODE_BREAKDOWN
2025-06-03T13:00:00.000000,Japan,Japan,JP,432.78,520.69,20.97,12.35,,true,ESTIMATED_MODE_BREAKDOWN
2025-06-03T14:00:00.000000,Japan,Japan,JP,430.81,518.4,21.33,12.39,,true,ESTIMATED_MODE_BREAKDOWN
2025-06-03T15:00:00.000000,Japan,Japan,JP,427.19,514.32,22.01,12.44,,true,ESTIMATED_MODE_BREAKDOWN
2025-06-03T16:00:00.000000,Japan,Japan,JP,425.48,512.4,22.33,12.41,,true,ESTIMATED_MODE_BREAKDOWN
2025-06-03T17:00:00.000000,Japan,Japan,JP,425.61,512.64,22.32,12.51,,true,ESTIMATED_MODE_BREAKDOWN
2025-06-03T18:00:00.000000,Japan,Japan,JP,427.13,514.46,22.05,12.61,,true,ESTIMATED_MODE_BREAKDOWN
2025-06-03T19:00:00.000000,Japan,Japan,JP,427.53,515.02,21.99,12.69,,true,ESTIMATED_MODE_BREAKDOWN
2025-06-03T20:00:00.000000,Japan,Japan,JP,413.19,499.24,24.62,15.24,,true,ESTIMATED_MODE_BREAKDOWN
2025-06-03T21:00:00.000000,Japan,Japan,JP,364.97,445.74,33.39,24.02,,true,ESTIMATED_MODE_BREAKDOWN
2025-06-03T22:00:00.000000,Japan,Japan,JP,302.47,376.46,44.75,35.9,,true,ESTIMATED_MODE_BREAKDOWN
2025-06-03T23:00:00.000000,Japan,Japan,JP,270.28,341.05,50.62,42.77,,true,ESTIMATED_MODE_BREAKDOWN
2025-06-04T00:00:00.000000,Japan,Japan,JP,263.33,333.46,51.9,44.81,,true,ESTIMATED_MODE_BREAKDOWN
2025-06-04T01:00:00.000000,Japan,Japan,JP,254.04,323.13,53.58,46.56,,true,ESTIMATED_MODE_BREAKDOWN
2025-06-04T02:00:00.000000,Japan,Japan,JP,240.18,307.77,56.11,49.23,,true,ESTIMATED_MODE_BREAKDOWN
2025-06-04T03:00:00.000000,Japan,Japan,JP,233.7,300.45,57.28,50.07,,true,ESTIMATED_MODE_BREAKDOWN
2025-06-04T04:00:00.000000,Japan,Japan,JP,244.87,312.79,55.24,48.27,,true,ESTIMATED_MODE_BREAKDOWN
2025-06-04T05:00:00.000000,Japan,Japan,JP,264.46,334.44,51.67,44.76,,true,ESTIMATED_MODE_BREAKDOWN
2025-06-04T06:00:00.000000,Japan,Japan,JP,293.76,366.81,46.34,39.29,,true,ESTIMATED_MODE_BREAKDOWN
2025-06-04T07:00:00.000000,Japan,Japan,JP,334.62,412.17,38.88,31.85,,true,ESTIMATED_MODE_BREAKDOWN
2025-06-04T08:00:00.000000,Japan,Japan,JP,387.79,471.08,29.17,21.89,,true,ESTIMATED_MODE_BREAKDOWN
2025-06-04T09:00:00.000000,Japan,Japan,JP,428.01,515.74,21.86,14.43,,true,ESTIMATED_MODE_BREAKDOWN
2025-06-04T10:00:00.000000,Japan,Japan,JP,436.95,525.67,20.23,12.64,,true,ESTIMATED_MODE_BREAKDOWN
2025-06-04T11:00:00.000000,Japan,Japan,JP,435.2,523.63,20.55,12.61,,true,ESTIMATED_MODE_BREAKDOWN
2025-06-04T12:00:00.000000,Japan,Japan,JP,432.86,520.89,20.97,12.63,,true,ESTIMATED_MODE_BREAKDOWN
2025-06-04T13:00:00.000000,Japan,Japan,JP,430.9,518.52,21.32,12.56,,true,ESTIMATED_MODE_BREAKDOWN
2025-06-04T14:00:00.000000,Japan,Japan,JP,429.28,516.63,21.63,12.54,,true,ESTIMATED_MODE_BREAKDOWN
2025-06-04T15:00:00.000000,Japan,Japan,JP,424.49,511.27,22.53,12.71,,true,ESTIMATED_MODE_BREAKDOWN
2025-06-04T16:00:00.000000,Japan,Japan,JP,421.93,508.33,23.01,12.71,,true,ESTIMATED_MODE_BREAKDOWN
2025-06-04T17:00:00.000000,Japan,Japan,JP,421.83,508.36,23.03,12.79,,true,ESTIMATED_MODE_BREAKDOWN
2025-06-04T18:00:00.000000,Japan,Japan,JP,423.21,510.03,22.76,12.85,,true,ESTIMATED_MODE_BREAKDOWN
2025-06-04T19:00:00.000000,Japan,Japan,JP,423.32,510.19,22.73,13.0,,true,ESTIMATED_MODE_BREAKDOWN
2025-06-04T20:00:00.000000,Japan,Japan,JP,406.74,491.86,25.76,15.93,,true,ESTIMATED_MODE_BREAKDOWN
2025-06-04T21:00:00.000000,Japan,Japan,JP,347.43,426.11,36.6,26.79,,true,ESTIMATED_MODE_BREAKDOWN
2025-06-04T22:00:00.000000,Japan,Japan,JP,270.25,340.57,50.63,41.22,,true,ESTIMATED_MODE_BREAKDOWN
2025-06-04T23:00:00.000000,Japan,Japan,JP,235.74,302.54,56.92,48.5,,true,ESTIMATED_MODE_BREAKDOWN
2025-06-05T00:00:00.000000,Japan,Japan,JP,216.51,281.4,60.43,52.75,,true,ESTIMATED_MODE_BREAKDOWN
2025-06-05T01:00:00.000000,Japan,Japan,JP,202.46,265.95,62.99,55.59,,true,ESTIMATED_MODE_BREAKDOWN
2025-06-05T02:00:00.000000,Japan,Japan,JP,197.15,260.06,63.96,56.68,,true,ESTIMATED_MODE_BREAKDOWN
2025-06-05T03:00:00.000000,Japan,Japan,JP,190.74,252.86,65.13,57.57,,true,ESTIMATED_MODE_BREAKDOWN
2025-06-05T04:00:00.000000,Japan,Japan,JP,210.78,275.05,61.47,54.19,,true,ESTIMATED_MODE_BREAKDOWN
2025-06-05T05:00:00.000000,Japan,Japan,JP,238.82,306.09,56.36,49.11,,true,ESTIMATED_MODE_BREAKDOWN
2025-06-05T06:00:00.000000,Japan,Japan,JP,276.24,347.51,49.54,42.22,,true,ESTIMATED_MODE_BREAKDOWN
2025-06-05T07:00:00.000000,Japan,Japan,JP,328.2,405.07,40.05,32.76,,true,ESTIMATED_MODE_BREAKDOWN
2025-06-05T08:00:00.000000,Japan,Japan,JP,386.25,469.37,29.46,21.97,,true,ESTIMATED_MODE_BREAKDOWN
2025-06-05T09:00:00.000000,Japan,Japan,JP,427.59,515.26,21.94,14.21,,true,ESTIMATED_MODE_BREAKDOWN
2025-06-05T10:00:00.000000,Japan,Japan,JP,436.84,525.54,20.26,12.35,,true,ESTIMATED_MODE_BREAKDOWN
2025-06-05T11:00:00.000000,Japan,Japan,JP,434.76,523.12,20.63,12.34,,true,ESTIMATED_MODE_BREAKDOWN
2025-06-05T12:00:00.000000,Japan,Japan,JP,432.29,520.21,21.09,12.31,,true,ESTIMATED_MODE_BREAKDOWN
2025-06-05T13:00:00.000000,Japan,Japan,JP,429.84,517.32,21.53,12.33,,true,ESTIMATED_MODE_BREAKDOWN
2025-06-05T14:00:00.000000,Japan,Japan,JP,428.04,515.29,21.87,12.29,,true,ESTIMATED_MODE_BREAKDOWN
2025-06-05T15:00:00.000000,Japan,Japan,JP,424.02,510.62,22.62,12.28,,true,ESTIMATED_MODE_BREAKDOWN
2025-06-05T16:00:00.000000,Japan,Japan,JP,421.68,507.93,23.06,12.23,,true,ESTIMATED_MODE_BREAKDOWN
2025-06-05T17:00:00.000000,Japan,Japan,JP,421.37,507.7,23.12,12.36,,true,ESTIMATED_MODE_BREAKDOWN
2025-06-05T18:00:00.000000,Japan,Japan,JP,422.62,509.22,22.88,12.5,,true,ESTIMATED_MODE_BREAKDOWN
2025-06-05T19:00:00.000000,Japan,Japan,JP,422.4,509.08,22.91,12.74,,true,ESTIMATED_MODE_BREAKDOWN
2025-06-05T20:00:00.000000,Japan,Japan,JP,405.21,490.08,26.05,15.78,,true,ESTIMATED_MODE_BREAKDOWN
2025-06-05T21:00:00.000000,Japan,Japan,JP,349.57,428.28,36.2,25.91,,true,ESTIMATED_MODE_BREAKDOWN
2025-06-05T22:00:00.000000,Japan,Japan,JP,280.09,351.32,48.85,39.14,,true,ESTIMATED_MODE_BREAKDOWN
2025-06-05T23:00:00.000000,Japan,Japan,JP,240.39,307.65,56.09,47.47,,true,ESTIMATED_MODE_BREAKDOWN
2025-06-06T00:00:00.000000,Japan,Japan,JP,218.37,283.62,60.15,52.34,,true,ESTIMATED_MODE_BREAKDOWN
2025-06-06T01:00:00.000000,Japan,Japan,JP,211.57,276.22,61.39,53.92,,true,ESTIMATED_MODE_BREAKDOWN
2025-06-06T02:00:00.000000,Japan,Japan,JP,219.26,284.65,59.96,52.64,,true,ESTIMATED_MODE_BREAKDOWN
2025-06-06T03:00:00.000000,Japan,Japan,JP,226.52,292.47,58.63,50.94,,true,ESTIMATED_MODE_BREAKDOWN
2025-06-06T04:00:00.000000,Japan,Japan,JP,250.84,319.49,54.19,46.77,,true,ESTIMATED_MODE_BREAKDOWN
2025-06-06T05:00:00.000000,Japan,Japan,JP,276.08,347.46,49.59,42.23,,true,ESTIMATED_MODE_BREAKDOWN
2025-06-06T06:00:00.000000,Japan,Japan,JP,321.6,397.77,41.25,33.84,,true,ESTIMATED_MODE_BREAKDOWN
2025-06-06T07:00:00.000000,Japan,Japan,JP,369.29,450.53,32.54,25.0,,true,ESTIMATED_MODE_BREAKDOWN
2025-06-06T08:00:00.000000,Japan,Japan,JP,407.62,492.99,25.56,17.69,,true,ESTIMATED_MODE_BREAKDOWN
2025-06-06T09:00:00.000000,Japan,Japan,JP,431.53,519.63,21.21,13.24,,true,ESTIMATED_MODE_BREAKDOWN
2025-06-06T10:00:00.000000,Japan,Japan,JP,436.01,524.61,20.4,12.29,,true,ESTIMATED_MODE_BREAKDOWN
2025-06-06T11:00:00.000000,Japan,Japan,JP,433.77,521.96,20.8,12.32,,true,ESTIMATED_MODE_BREAKDOWN
2025-06-06T12:00:00.000000,Japan,Japan,JP,431.05,518.84,21.3,12.36,,true,ESTIMATED_MODE_BREAKDOWN
2025-06-06T13:00:00.000000,Japan,Japan,JP,428.79,516.15,21.69,12.35,,true,ESTIMATED_MODE_BREAKDOWN
2025-06-06T14:00:00.000000,Japan,Japan,JP,427.44,514.55,21.94,12.33,,true,ESTIMATED_MODE_BREAKDOWN
2025-06-06T15:00:00.000000,Japan,Japan,JP,422.9,509.27,22.8,12.36,,true,ESTIMATED_MODE_BREAKDOWN
2025-06-06T16:00:00.000000,Japan,Japan,JP,420.12,506.1,23.32,12.34,,true,ESTIMATED_MODE_BREAKDOWN
2025-06-06T17:00:00.000000,Japan,Japan,JP,419.96,505.96,23.34,12.36,,true,ESTIMATED_MODE_BREAKDOWN
2025-06-06T18:00:00.000000,Japan,Japan,JP,421.16,507.39,23.11,12.36,,true,ESTIMATED_MODE_BREAKDOWN
2025-06-06T19:00:00.000000,Japan,Japan,JP,420.58,506.85,23.22,12.55,,true,ESTIMATED_MODE_BREAKDOWN
2025-06-06T20:00:00.000000,Japan,Japan,JP,407.16,492.02,25.68,14.7,,true,ESTIMATED_MODE_BREAKDOWN
2025-06-06T21:00:00.000000,Japan,Japan,JP,357.76,437.1,34.7,23.15,,true,ESTIMATED_MODE_BREAKDOWN
2025-06-06T22:00:00.000000,Japan,Japan,JP,285.19,356.68,47.93,36.6,,true,ESTIMATED_MODE_BREAKDOWN
2025-06-06T23:00:00.000000,Japan,Japan,JP,234.43,300.75,57.2,46.73,,true,ESTIMATED_MODE_BREAKDOWN
2025-06-07T00:00:00.000000,Japan,Japan,JP,204.08,267.3,62.73,53.06,,true,ESTIMATED_MODE_BREAKDOWN
2025-06-07T01:00:00.000000,Japan,Japan,JP,200.61,263.61,63.37,54.1,,true,ESTIMATED_MODE_BREAKDOWN
2025-06-07T02:00:00.000000,Japan,Japan,JP,207.99,271.81,62.02,52.91,,true,ESTIMATED_MODE_BREAKDOWN
2025-06-07T03:00:00.000000,Japan,Japan,JP,225.36,290.87,58.83,49.72,,true,ESTIMATED_MODE_BREAKDOWN
2025-06-07T04:00:00.000000,Japan,Japan,JP,251.44,319.56,54.07,44.77,,true,ESTIMATED_MODE_BREAKDOWN
2025-06-07T05:00:00.000000,Japan,Japan,JP,272.1,342.51,50.3,40.98,,true,ESTIMATED_MODE_BREAKDOWN
2025-06-07T06:00:00.000000,Japan,Japan,JP,305.31,379.38,44.23,35.03,,true,ESTIMATED_MODE_BREAKDOWN
2025-06-07T07:00:00.000000,Japan,Japan,JP,352.04,431.19,35.7,26.51,,true,ESTIMATED_MODE_BREAKDOWN
2025-06-07T08:00:00.000000,Japan,Japan,JP,393.98,477.69,28.04,18.83,,true,ESTIMATED_MODE_BREAKDOWN
2025-06-07T09:00:00.000000,Japan,Japan,JP,424.93,512.06,22.4,13.26,,true,ESTIMATED_MODE_BREAKDOWN
2025-06-07T10:00:00.000000,Japan,Japan,JP,432.82,520.79,20.96,11.83,,true,ESTIMATED_MODE_BREAKDOWN
2025-06-07T11:00:00.000000,Japan,Japan,JP,431.04,518.72,21.29,11.8,,true,ESTIMATED_MODE_BREAKDOWN
2025-06-07T12:00:00.000000,Japan,Japan,JP,428.34,515.55,21.78,11.81,,true,ESTIMATED_MODE_BREAKDOWN
2025-06-07T13:00:00.000000,Japan,Japan,JP,425.71,512.49,22.25,11.82,,true,ESTIMATED_MODE_BREAKDOWN
2025-06-07T14:00:00.000000,Japan,Japan,JP,424.62,511.31,22.47,11.75,,true,ESTIMATED_MODE_BREAKDOWN
2025-06-07T15:00:00.000000,Japan,Japan,JP,420.19,506.19,23.31,11.7,,true,ESTIMATED_MODE_BREAKDOWN
2025-06-07T16:00:00.000000,Japan,Japan,JP,418.56,504.3,23.62,11.57,,true,ESTIMATED_MODE_BREAKDOWN
2025-06-07T17:00:00.000000,Japan,Japan,JP,418.53,504.32,23.62,11.64,,true,ESTIMATED_MODE_BREAKDOWN
2025-06-07T18:00:00.000000,Japan,Japan,JP,419.5,505.62,23.43,11.91,,true,ESTIMATED_MODE_BREAKDOWN
2025-06-07T19:00:00.000000,Japan,Japan,JP,419.67,505.88,23.39,12.09,,true,ESTIMATED_MODE_BREAKDOWN
2025-06-07T20:00:00.000000,Japan,Japan,JP,409.13,494.24,25.34,13.83,,true,ESTIMATED_MODE_BREAKDOWN
2025-06-07T21:00:00.000000,Japan,Japan,JP,385.68,468.06,29.63,17.72,,true,ESTIMATED_MODE_BREAKDOWN
2025-06-07T22:00:00.000000,Japan,Japan,JP,357.92,437.32,34.67,22.92,,true,ESTIMATED_MODE_BREAKDOWN
2025-06-07T23:00:00.000000,Japan,Japan,JP,326.96,403.03,40.31,29.21,,true,ESTIMATED_MODE_BREAKDOWN
2025-06-08T00:00:00.000000,Japan,Japan,JP,303.52,377.07,44.58,33.99,,true,ESTIMATED_MODE_BREAKDOWN
2025-06-08T01:00:00.000000,Japan,Japan,JP,279.51,350.67,48.97,38.63,,true,ESTIMATED_MODE_BREAKDOWN
2025-06-08T02:00:00.000000,Japan,Japan,JP,269.2,339.29,50.83,40.67,,true,ESTIMATED_MODE_BREAKDOWN
2025-06-08T03:00:00.000000,Japan,Japan,JP,273.43,343.94,50.05,39.97,,true,ESTIMATED_MODE_BREAKDOWN
2025-06-08T04:00:00.000000,Japan,Japan,JP,290.87,363.23,46.87,36.93,,true,ESTIMATED_MODE_BREAKDOWN
2025-06-08T05:00:00.000000,Japan,Japan,JP,326.9,403.11,40.31,30.35,,true,ESTIMATED_MODE_BREAKDOWN
2025-06-08T06:00:00.000000,Japan,Japan,JP,360.97,440.97,34.08,24.13,,true,ESTIMATED_MODE_BREAKDOWN
2025-06-08T07:00:00.000000,Japan,Japan,JP,386.38,469.13,29.43,19.61,,true,ESTIMATED_MODE_BREAKDOWN
2025-06-08T08:00:00.000000,Japan,Japan,JP,412.33,497.93,24.7,15.17,,true,ESTIMATED_MODE_BREAKDOWN
2025-06-08T09:00:00.000000,Japan,Japan,JP,427.39,514.74,21.96,12.63,,true,ESTIMATED_MODE_BREAKDOWN
2025-06-08T10:00:00.000000,Japan,Japan,JP,431.72,519.53,21.17,11.85,,true,ESTIMATED_MODE_BREAKDOWN
2025-06-08T11:00:00.000000,Japan,Japan,JP,430.09,517.62,21.46,11.82,,true,ESTIMATED_MODE_BREAKDOWN
2025-06-08T12:00:00.000000,Japan,Japan,JP,427.63,514.74,21.91,11.79,,true,ESTIMATED_MODE_BREAKDOWN
2025-06-08T13:00:00.000000,Japan,Japan,JP,424.94,511.63,22.39,11.79,,true,ESTIMATED_MODE_BREAKDOWN
2025-06-08T14:00:00.000000,Japan,Japan,JP,423.41,509.86,22.69,11.76,,true,ESTIMATED_MODE_BREAKDOWN
2025-06-08T15:00:00.000000,Japan,Japan,JP,418.71,504.45,23.58,11.7,,true,ESTIMATED_MODE_BREAKDOWN
2025-06-08T16:00:00.000000,Japan,Japan,JP,416.39,501.83,24.01,11.78,,true,ESTIMATED_MODE_BREAKDOWN
2025-06-08T17:00:00.000000,Japan,Japan,JP,416.96,502.53,23.91,11.87,,true,ESTIMATED_MODE_BREAKDOWN
2025-06-08T18:00:00.000000,Japan,Japan,JP,419.91,505.98,23.38,11.8,,true,ESTIMATED_MODE_BREAKDOWN
2025-06-08T19:00:00.000000,Japan,Japan,JP,420.46,506.75,23.26,12.08,,true,ESTIMATED_MODE_BREAKDOWN
2025-06-08T20:00:00.000000,Japan,Japan,JP,405.76,490.54,25.95,14.82,,true,ESTIMATED_MODE_BREAKDOWN
2025-06-08T21:00:00.000000,Japan,Japan,JP,367.65,448.5,32.94,21.96,,true,ESTIMATED_MODE_BREAKDOWN
2025-06-08T22:00:00.000000,Japan,Japan,JP,328.85,405.77,40.02,29.93,,true,ESTIMATED_MODE_BREAKDOWN
2025-06-08T23:00:00.000000,Japan,Japan,JP,307.41,382.42,43.93,35.16,,true,ESTIMATED_MODE_BREAKDOWN
2025-06-09T00:00:00.000000,Japan,Japan,JP,300.41,374.67,45.17,37.24,,true,ESTIMATED_MODE_BREAKDOWN
2025-06-09T01:00:00.000000,Japan,Japan,JP,295.73,369.53,46.03,38.3,,true,ESTIMATED_MODE_BREAKDOWN
2025-06-09T02:00:00.000000,Japan,Japan,JP,307.19,382.21,43.94,36.37,,true,ESTIMATED_MODE_BREAKDOWN
2025-06-09T03:00:00.000000,Japan,Japan,JP,324.18,400.79,40.83,32.88,,true,ESTIMATED_MODE_BREAKDOWN
2025-06-09T04:00:00.000000,Japan,Japan,JP,349.18,428.54,36.27,28.6,,true,ESTIMATED_MODE_BREAKDOWN
2025-06-09T05:00:00.000000,Japan,Japan,JP,369.64,451.18,32.53,24.87,,true,ESTIMATED_MODE_BREAKDOWN
2025-06-09T06:00:00.000000,Japan,Japan,JP,392.41,476.4,28.36,20.63,,true,ESTIMATED_MODE_BREAKDOWN
2025-06-09T07:00:00.000000,Japan,Japan,JP,412.62,498.73,24.67,16.89,,true,ESTIMATED_MODE_BREAKDOWN
2025-06-09T08:00:00.000000,Japan,Japan,JP,427.74,515.42,21.91,13.88,,true,ESTIMATED_MODE_BREAKDOWN
2025-06-09T09:00:00.000000,Japan,Japan,JP,436.18,524.78,20.37,12.25,,true,ESTIMATED_MODE_BREAKDOWN
2025-06-09T10:00:00.000000,Japan,Japan,JP,437.24,525.95,20.18,11.85,,true,ESTIMATED_MODE_BREAKDOWN
2025-06-09T11:00:00.000000,Japan,Japan,JP,435.16,523.53,20.56,11.84,,true,ESTIMATED_MODE_BREAKDOWN
2025-06-09T12:00:00.000000,Japan,Japan,JP,432.52,520.52,21.03,11.91,,true,ESTIMATED_MODE_BREAKDOWN
2025-06-09T13:00:00.000000,Japan,Japan,JP,430.21,517.88,21.45,11.96,,true,ESTIMATED_MODE_BREAKDOWN
2025-06-09T14:00:00.000000,Japan,Japan,JP,428.8,516.17,21.7,11.88,,true,ESTIMATED_MODE_BREAKDOWN
2025-06-09T15:00:00.000000,Japan,Japan,JP,424.73,511.42,22.46,11.87,,true,ESTIMATED_MODE_BREAKDOWN
2025-06-09T16:00:00.000000,Japan,Japan,JP,422.72,509.16,22.83,11.88,,true,ESTIMATED_MODE_BREAKDOWN
2025-06-09T17:00:00.000000,Japan,Japan,JP,422.66,509.18,22.84,11.93,,true,ESTIMATED_MODE_BREAKDOWN
2025-06-09T18:00:00.000000,Japan,Japan,JP,424.45,511.28,22.52,11.95,,true,ESTIMATED_MODE_BREAKDOWN
2025-06-09T19:00:00.000000,Japan,Japan,JP,424.76,511.71,22.46,12.15,,true,ESTIMATED_MODE_BREAKDOWN
2025-06-09T20:00:00.000000,Japan,Japan,JP,417.59,503.86,23.78,13.6,,true,ESTIMATED_MODE_BREAKDOWN
2025-06-09T21:00:00.000000,Japan,Japan,JP,404.17,488.99,26.22,16.23,,true,ESTIMATED_MODE_BREAKDOWN
2025-06-09T22:00:00.000000,Japan,Japan,JP,390.26,473.68,28.75,19.37,,true,ESTIMATED_MODE_BREAKDOWN
2025-06-09T23:00:00.000000,Japan,Japan,JP,387.69,471.1,29.23,20.87,,true,ESTIMATED_MODE_BREAKDOWN
2025-06-10T00:00:00.000000,Japan,Japan,JP,384.93,468.13,29.74,22.05,,true,ESTIMATED_MODE_BREAKDOWN
2025-06-10T01:00:00.000000,Japan,Japan,JP,378.79,461.29,30.86,23.27,,true,ESTIMATED_MODE_BREAKDOWN
2025-06-10T02:00:00.000000,Japan,Japan,JP,376.89,459.17,31.19,23.66,,true,ESTIMATED_MODE_BREAKDOWN
2025-06-10T03:00:00.000000,Japan,Japan,JP,378.57,460.93,30.87,22.97,,true,ESTIMATED_MODE_BREAKDOWN
2025-06-10T04:00:00.000000,Japan,Japan,JP,390.17,473.87,28.76,21.17,,true,ESTIMATED_MODE_BREAKDOWN
2025-06-10T05:00:00.000000,Japan,Japan,JP,401.34,486.26,26.72,19.18,,true,ESTIMATED_MODE_BREAKDOWN
2025-06-10T06:00:00.000000,Japan,Japan,JP,408.94,494.61,25.32,17.7,,true,ESTIMATED_MODE_BREAKDOWN
2025-06-10T07:00:00.000000,Japan,Japan,JP,419.05,505.85,23.47,15.86,,true,ESTIMATED_MODE_BREAKDOWN
2025-06-10T08:00:00.000000,Japan,Japan,JP,428.3,516.09,21.79,13.95,,true,ESTIMATED_MODE_BREAKDOWN
2025-06-10T09:00:00.000000,Japan,Japan,JP,436.34,525.05,20.34,12.4,,true,ESTIMATED_MODE_BREAKDOWN
2025-06-10T10:00:00.000000,Japan,Japan,JP,438.22,527.12,20.0,11.89,,true,ESTIMATED_MODE_BREAKDOWN
2025-06-10T11:00:00.000000,Japan,Japan,JP,436.04,524.57,20.4,11.93,,true,ESTIMATED_MODE_BREAKDOWN
2025-06-10T12:00:00.000000,Japan,Japan,JP,433.57,521.72,20.85,11.99,,true,ESTIMATED_MODE_BREAKDOWN
2025-06-10T13:00:00.000000,Japan,Japan,JP,431.33,519.13,21.25,12.08,,true,ESTIMATED_MODE_BREAKDOWN
2025-06-10T14:00:00.000000,Japan,Japan,JP,429.76,517.21,21.53,12.05,,true,ESTIMATED_MODE_BREAKDOWN
2025-06-10T15:00:00.000000,Japan,Japan,JP,425.28,512.02,22.35,12.16,,true,ESTIMATED_MODE_BREAKDOWN
2025-06-10T16:00:00.000000,Japan,Japan,JP,422.56,508.91,22.85,12.23,,true,ESTIMATED_MODE_BREAKDOWN
2025-06-10T17:00:00.000000,Japan,Japan,JP,422.53,508.95,22.85,12.29,,true,ESTIMATED_MODE_BREAKDOWN
2025-06-10T18:00:00.000000,Japan,Japan,JP,424.41,511.19,22.52,12.28,,true,ESTIMATED_MODE_BREAKDOWN
2025-06-10T19:00:00.000000,Japan,Japan,JP,424.94,511.85,22.42,12.35,,true,ESTIMATED_MODE_BREAKDOWN
2025-06-10T20:00:00.000000,Japan,Japan,JP,420.91,507.44,23.16,13.18,,true,ESTIMATED_MODE_BREAKDOWN
2025-06-10T21:00:00.000000,Japan,Japan,JP,412.41,497.98,24.69,14.9,,true,ESTIMATED_MODE_BREAKDOWN
2025-06-10T22:00:00.000000,Japan,Japan,JP,406.37,491.44,25.78,16.67,,true,ESTIMATED_MODE_BREAKDOWN
2025-06-10T23:00:00.000000,Japan,Japan,JP,403.38,488.39,26.33,18.2,,true,ESTIMATED_MODE_BREAKDOWN
2025-06-11T00:00:00.000000,Japan,Japan,JP,394.71,478.84,27.92,20.31,,true,ESTIMATED_MODE_BREAKDOWN
2025-06-11T01:00:00.000000,Japan,Japan,JP,382.07,464.79,30.22,22.68,,true,ESTIMATED_MODE_BREAKDOWN
2025-06-11T02:00:00.000000,Japan,Japan,JP,372.83,454.42,31.9,24.34,,true,ESTIMATED_MODE_BREAKDOWN
2025-06-11T03:00:00.000000,Japan,Japan,JP,363.7,444.18,33.56,25.62,,true,ESTIMATED_MODE_BREAKDOWN
2025-06-11T04:00:00.000000,Japan,Japan,JP,366.03,446.81,33.12,25.42,,true,ESTIMATED_MODE_BREAKDOWN
2025-06-11T05:00:00.000000,Japan,Japan,JP,370.02,451.34,32.39,24.78,,true,ESTIMATED_MODE_BREAKDOWN
2025-06-11T06:00:00.000000,Japan,Japan,JP,377.96,460.26,30.95,23.27,,true,ESTIMATED_MODE_BREAKDOWN
2025-06-11T07:00:00.000000,Japan,Japan,JP,392.88,476.86,28.24,20.5,,true,ESTIMATED_MODE_BREAKDOWN
2025-06-11T08:00:00.000000,Japan,Japan,JP,410.89,496.81,24.96,16.97,,true,ESTIMATED_MODE_BREAKDOWN
2025-06-11T09:00:00.000000,Japan,Japan,JP,429.78,517.73,21.52,13.43,,true,ESTIMATED_MODE_BREAKDOWN
2025-06-11T10:00:00.000000,Japan,Japan,JP,435.38,523.88,20.5,12.29,,true,ESTIMATED_MODE_BREAKDOWN
2025-06-11T11:00:00.000000,Japan,Japan,JP,433.5,521.67,20.84,12.27,,true,ESTIMATED_MODE_BREAKDOWN
2025-06-11T12:00:00.000000,Japan,Japan,JP,431.25,519.01,21.24,12.27,,true,ESTIMATED_MODE_BREAKDOWN
2025-06-11T13:00:00.000000,Japan,Japan,JP,429.23,516.61,21.61,12.27,,true,ESTIMATED_MODE_BREAKDOWN
2025-06-11T14:00:00.000000,Japan,Japan,JP,426.93,513.99,22.03,12.38,,true,ESTIMATED_MODE_BREAKDOWN
2025-06-11T15:00:00.000000,Japan,Japan,JP,422.17,508.45,22.9,12.46,,true,ESTIMATED_MODE_BREAKDOWN
2025-06-11T16:00:00.000000,Japan,Japan,JP,419.16,505.08,23.45,12.59,,true,ESTIMATED_MODE_BREAKDOWN
2025-06-11T17:00:00.000000,Japan,Japan,JP,418.85,504.82,23.51,12.69,,true,ESTIMATED_MODE_BREAKDOWN
2025-06-11T18:00:00.000000,Japan,Japan,JP,420.76,507.05,23.18,12.68,,true,ESTIMATED_MODE_BREAKDOWN
2025-06-11T19:00:00.000000,Japan,Japan,JP,420.98,507.4,23.14,12.87,,true,ESTIMATED_MODE_BREAKDOWN
2025-06-11T20:00:00.000000,Japan,Japan,JP,407.27,492.25,25.64,15.29,,true,ESTIMATED_MODE_BREAKDOWN
2025-06-11T21:00:00.000000,Japan,Japan,JP,371.59,452.7,32.14,21.86,,true,ESTIMATED_MODE_BREAKDOWN
2025-06-11T22:00:00.000000,Japan,Japan,JP,338.31,416.05,38.21,28.61,,true,ESTIMATED_MODE_BREAKDOWN
2025-06-11T23:00:00.000000,Japan,Japan,JP,324.93,401.58,40.67,32.12,,true,ESTIMATED_MODE_BREAKDOWN
2025-06-12T00:00:00.000000,Japan,Japan,JP,315.64,391.36,42.37,34.46,,true,ESTIMATED_MODE_BREAKDOWN
2025-06-12T01:00:00.000000,Japan,Japan,JP,298.05,371.82,45.57,37.83,,true,ESTIMATED_MODE_BREAKDOWN
2025-06-12T02:00:00.000000,Japan,Japan,JP,292.48,365.6,46.58,38.91,,true,ESTIMATED_MODE_BREAKDOWN
2025-06-12T03:00:00.000000,Japan,Japan,JP,287.09,359.47,47.55,39.51,,true,ESTIMATED_MODE_BREAKDOWN
2025-06-12T04:00:00.000000,Japan,Japan,JP,303.28,377.5,44.59,36.84,,true,ESTIMATED_MODE_BREAKDOWN
2025-06-12T05:00:00.000000,Japan,Japan,JP,320.65,396.85,41.42,33.75,,true,ESTIMATED_MODE_BREAKDOWN
2025-06-12T06:00:00.000000,Japan,Japan,JP,342.67,421.35,37.41,29.67,,true,ESTIMATED_MODE_BREAKDOWN
2025-06-12T07:00:00.000000,Japan,Japan,JP,376.23,458.5,31.29,23.59,,true,ESTIMATED_MODE_BREAKDOWN
2025-06-12T08:00:00.000000,Japan,Japan,JP,411.89,497.94,24.79,16.84,,true,ESTIMATED_MODE_BREAKDOWN
2025-06-12T09:00:00.000000,Japan,Japan,JP,433.91,522.32,20.78,12.71,,true,ESTIMATED_MODE_BREAKDOWN
2025-06-12T10:00:00.000000,Japan,Japan,JP,438.04,526.86,20.02,11.84,,true,ESTIMATED_MODE_BREAKDOWN
2025-06-12T11:00:00.000000,Japan,Japan,JP,436.25,524.73,20.34,11.79,,true,ESTIMATED_MODE_BREAKDOWN
2025-06-12T12:00:00.000000,Japan,Japan,JP,433.65,521.71,20.81,11.81,,true,ESTIMATED_MODE_BREAKDOWN
2025-06-12T13:00:00.000000,Japan,Japan,JP,431.12,518.82,21.26,11.89,,true,ESTIMATED_MODE_BREAKDOWN
2025-06-12T14:00:00.000000,Japan,Japan,JP,429.73,517.22,21.52,11.86,,true,ESTIMATED_MODE_BREAKDOWN
2025-06-12T15:00:00.000000,Japan,Japan,JP,425.69,512.57,22.29,11.76,,true,ESTIMATED_MODE_BREAKDOWN
2025-06-12T16:00:00.000000,Japan,Japan,JP,423.48,510.13,22.71,11.79,,true,ESTIMATED_MODE_BREAKDOWN
2025-06-12T17:00:00.000000,Japan,Japan,JP,423.43,510.12,22.72,11.85,,true,ESTIMATED_MODE_BREAKDOWN
2025-06-12T18:00:00.000000,Japan,Japan,JP,424.59,511.51,22.51,11.99,,true,ESTIMATED_MODE_BREAKDOWN
2025-06-12T19:00:00.000000,Japan,Japan,JP,424.59,511.56,22.5,12.18,,true,ESTIMATED_MODE_BREAKDOWN
2025-06-12T20:00:00.000000,Japan,Japan,JP,410.43,495.94,25.09,14.67,,true,ESTIMATED_MODE_BREAKDOWN
2025-06-12T21:00:00.000000,Japan,Japan,JP,372.89,454.47,31.97,21.61,,true,ESTIMATED_MODE_BREAKDOWN
2025-06-12T22:00:00.000000,Japan,Japan,JP,328.09,404.95,40.15,30.4,,true,ESTIMATED_MODE_BREAKDOWN
2025-06-12T23:00:00.000000,Japan,Japan,JP,297.83,371.77,45.66,37.07,,true,ESTIMATED_MODE_BREAKDOWN
2025-06-13T00:00:00.000000,Japan,Japan,JP,278.24,350.11,49.22,41.34,,true,ESTIMATED_MODE_BREAKDOWN
2025-06-13T01:00:00.000000,Japan,Japan,JP,259.55,329.35,52.63,44.93,,true,ESTIMATED_MODE_BREAKDOWN
2025-06-13T02:00:00.000000,Japan,Japan,JP,257.29,326.82,53.03,45.47,,true,ESTIMATED_MODE_BREAKDOWN
2025-06-13T03:00:00.000000,Japan,Japan,JP,249.31,317.8,54.46,46.66,,true,ESTIMATED_MODE_BREAKDOWN
2025-06-13T04:00:00.000000,Japan,Japan,JP,271.46,342.48,50.41,42.92,,true,ESTIMATED_MODE_BREAKDOWN
2025-06-13T05:00:00.000000,Japan,Japan,JP,292.44,365.77,46.58,39.17,,true,ESTIMATED_MODE_BREAKDOWN
2025-06-13T06:00:00.000000,Japan,Japan,JP,326.76,403.78,40.31,32.84,,true,ESTIMATED_MODE_BREAKDOWN
2025-06-13T07:00:00.000000,Japan,Japan,JP,368.88,450.42,32.62,25.14,,true,ESTIMATED_MODE_BREAKDOWN
2025-06-13T08:00:00.000000,Japan,Japan,JP,406.95,492.42,25.68,17.85,,true,ESTIMATED_MODE_BREAKDOWN
2025-06-13T09:00:00.000000,Japan,Japan,JP,431.42,519.55,21.22,13.22,,true,ESTIMATED_MODE_BREAKDOWN
2025-06-13T10:00:00.000000,Japan,Japan,JP,436.48,525.18,20.29,12.16,,true,ESTIMATED_MODE_BREAKDOWN
2025-06-13T11:00:00.000000,Japan,Japan,JP,434.71,523.11,20.62,12.14,,true,ESTIMATED_MODE_BREAKDOWN
2025-06-13T12:00:00.000000,Japan,Japan,JP,432.51,520.5,21.02,12.11,,true,ESTIMATED_MODE_BREAKDOWN
2025-06-13T13:00:00.000000,Japan,Japan,JP,431.14,518.92,21.29,12.01,,true,ESTIMATED_MODE_BREAKDOWN
2025-06-13T14:00:00.000000,Japan,Japan,JP,429.75,517.35,21.55,12.04,,true,ESTIMATED_MODE_BREAKDOWN
2025-06-13T15:00:00.000000,Japan,Japan,JP,425.75,512.71,22.3,12.03,,true,ESTIMATED_MODE_BREAKDOWN
2025-06-13T16:00:00.000000,Japan,Japan,JP,422.2,508.59,22.94,12.1,,true,ESTIMATED_MODE_BREAKDOWN
2025-06-13T17:00:00.000000,Japan,Japan,JP,421.35,507.69,23.09,12.2,,true,ESTIMATED_MODE_BREAKDOWN
2025-06-13T18:00:00.000000,Japan,Japan,JP,422.49,509.13,22.9,12.3,,true,ESTIMATED_MODE_BREAKDOWN
2025-06-13T19:00:00.000000,Japan,Japan,JP,422.24,508.94,22.96,12.47,,true,ESTIMATED_MODE_BREAKDOWN
2025-06-13T20:00:00.000000,Japan,Japan,JP,412.55,498.25,24.74,13.98,,true,ESTIMATED_MODE_BREAKDOWN
2025-06-13T21:00:00.000000,Japan,Japan,JP,393.03,476.47,28.28,17.27,,true,ESTIMATED_MODE_BREAKDOWN
2025-06-13T22:00:00.000000,Japan,Japan,JP,372.66,453.91,31.99,21.23,,true,ESTIMATED_MODE_BREAKDOWN
2025-06-13T23:00:00.000000,Japan,Japan,JP,357.12,436.79,34.8,24.86,,true,ESTIMATED_MODE_BREAKDOWN
2025-06-14T00:00:00.000000,Japan,Japan,JP,347.67,426.33,36.5,27.11,,true,ESTIMATED_MODE_BREAKDOWN
2025-06-14T01:00:00.000000,Japan,Japan,JP,343.64,421.91,37.24,28.0,,true,ESTIMATED_MODE_BREAKDOWN
2025-06-14T02:00:00.000000,Japan,Japan,JP,342.99,421.2,37.37,28.21,,true,ESTIMATED_MODE_BREAKDOWN
2025-06-14T03:00:00.000000,Japan,Japan,JP,345.4,423.71,36.92,27.64,,true,ESTIMATED_MODE_BREAKDOWN
2025-06-14T04:00:00.000000,Japan,Japan,JP,360.18,440.08,34.23,24.98,,true,ESTIMATED_MODE_BREAKDOWN
2025-06-14T05:00:00.000000,Japan,Japan,JP,373.37,454.73,31.83,22.54,,true,ESTIMATED_MODE_BREAKDOWN
2025-06-14T06:00:00.000000,Japan,Japan,JP,388.17,471.11,29.13,19.84,,true,ESTIMATED_MODE_BREAKDOWN
2025-06-14T07:00:00.000000,Japan,Japan,JP,403.87,488.51,26.28,17.11,,true,ESTIMATED_MODE_BREAKDOWN
2025-06-14T08:00:00.000000,Japan,Japan,JP,418.82,505.21,23.58,14.5,,true,ESTIMATED_MODE_BREAKDOWN
2025-06-14T09:00:00.000000,Japan,Japan,JP,427.0,514.36,22.1,13.12,,true,ESTIMATED_MODE_BREAKDOWN
2025-06-14T10:00:00.000000,Japan,Japan,JP,429.09,516.69,21.72,12.68,,true,ESTIMATED_MODE_BREAKDOWN
2025-06-14T11:00:00.000000,Japan,Japan,JP,427.42,514.65,22.02,12.65,,true,ESTIMATED_MODE_BREAKDOWN
2025-06-14T12:00:00.000000,Japan,Japan,JP,425.23,512.09,22.41,12.63,,true,ESTIMATED_MODE_BREAKDOWN
2025-06-14T13:00:00.000000,Japan,Japan,JP,422.57,509.05,22.89,12.72,,true,ESTIMATED_MODE_BREAKDOWN
2025-06-14T14:00:00.000000,Japan,Japan,JP,421.38,507.65,23.1,12.66,,true,ESTIMATED_MODE_BREAKDOWN
2025-06-14T15:00:00.000000,Japan,Japan,JP,417.83,503.5,23.76,12.64,,true,ESTIMATED_MODE_BREAKDOWN
2025-06-14T16:00:00.000000,Japan,Japan,JP,415.51,500.82,24.19,12.6,,true,ESTIMATED_MODE_BREAKDOWN
2025-06-14T17:00:00.000000,Japan,Japan,JP,415.91,501.32,24.12,12.6,,true,ESTIMATED_MODE_BREAKDOWN
2025-06-14T18:00:00.000000,Japan,Japan,JP,418.11,504.0,23.71,12.57,,true,ESTIMATED_MODE_BREAKDOWN
2025-06-14T19:00:00.000000,Japan,Japan,JP,417.93,503.93,23.75,12.77,,true,ESTIMATED_MODE_BREAKDOWN
2025-06-14T20:00:00.000000,Japan,Japan,JP,412.38,497.79,24.76,13.68,,true,ESTIMATED_MODE_BREAKDOWN
2025-06-14T21:00:00.000000,Japan,Japan,JP,391.95,474.94,28.47,17.09,,true,ESTIMATED_MODE_BREAKDOWN
2025-06-14T22:00:00.000000,Japan,Japan,JP,357.76,436.97,34.66,23.58,,true,ESTIMATED_MODE_BREAKDOWN
2025-06-14T23:00:00.000000,Japan,Japan,JP,325.72,401.57,40.5,30.04,,true,ESTIMATED_MODE_BREAKDOWN
2025-06-15T00:00:00.000000,Japan,Japan,JP,304.68,378.42,44.34,34.48,,true,ESTIMATED_MODE_BREAKDOWN
2025-06-15T01:00:00.000000,Japan,Japan,JP,280.57,351.74,48.73,39.14,,true,ESTIMATED_MODE_BREAKDOWN
2025-06-15T02:00:00.000000,Japan,Japan,JP,265.24,334.9,51.53,42.21,,true,ESTIMATED_MODE_BREAKDOWN
2025-06-15T03:00:00.000000,Japan,Japan,JP,255.47,324.15,53.31,44.1,,true,ESTIMATED_MODE_BREAKDOWN
2025-06-15T04:00:00.000000,Japan,Japan,JP,263.49,333.1,51.84,42.71,,true,ESTIMATED_MODE_BREAKDOWN
2025-06-15T05:00:00.000000,Japan,Japan,JP,281.45,353.1,48.56,39.52,,true,ESTIMATED_MODE_BREAKDOWN
2025-06-15T06:00:00.000000,Japan,Japan,JP,309.68,384.4,43.4,34.44,,true,ESTIMATED_MODE_BREAKDOWN
2025-06-15T07:00:00.000000,Japan,Japan,JP,351.13,430.4,35.87,27.14,,true,ESTIMATED_MODE_BREAKDOWN
2025-06-15T08:00:00.000000,Japan,Japan,JP,397.95,482.44,27.36,18.87,,true,ESTIMATED_MODE_BREAKDOWN
2025-06-15T09:00:00.000000,Japan,Japan,JP,429.22,517.22,21.68,13.28,,true,ESTIMATED_MODE_BREAKDOWN
2025-06-15T10:00:00.000000,Japan,Japan,JP,437.33,526.22,20.2,11.79,,true,ESTIMATED_MODE_BREAKDOWN
2025-06-15T11:00:00.000000,Japan,Japan,JP,435.57,524.12,20.53,11.77,,true,ESTIMATED_MODE_BREAKDOWN
2025-06-15T12:00:00.000000,Japan,Japan,JP,433.22,521.4,20.96,11.76,,true,ESTIMATED_MODE_BREAKDOWN
2025-06-15T13:00:00.000000,Japan,Japan,JP,430.22,517.93,21.5,11.78,,true,ESTIMATED_MODE_BREAKDOWN
2025-06-15T14:00:00.000000,Japan,Japan,JP,427.97,515.23,21.9,11.75,,true,ESTIMATED_MODE_BREAKDOWN
2025-06-15T15:00:00.000000,Japan,Japan,JP,423.05,509.58,22.81,11.75,,true,ESTIMATED_MODE_BREAKDOWN
2025-06-15T16:00:00.000000,Japan,Japan,JP,419.11,505.02,23.54,11.93,,true,ESTIMATED_MODE_BREAKDOWN
2025-06-15T17:00:00.000000,Japan,Japan,JP,418.4,504.3,23.67,12.05,,true,ESTIMATED_MODE_BREAKDOWN
2025-06-15T18:00:00.000000,Japan,Japan,JP,419.83,505.97,23.41,12.12,,true,ESTIMATED_MODE_BREAKDOWN
2025-06-15T19:00:00.000000,Japan,Japan,JP,420.1,506.38,23.36,12.27,,true,ESTIMATED_MODE_BREAKDOWN
2025-06-15T20:00:00.000000,Japan,Japan,JP,407.91,492.99,25.58,14.57,,true,ESTIMATED_MODE_BREAKDOWN
2025-06-15T21:00:00.000000,Japan,Japan,JP,375.71,457.27,31.43,20.75,,true,ESTIMATED_MODE_BREAKDOWN
2025-06-15T22:00:00.000000,Japan,Japan,JP,342.73,420.89,37.44,27.82,,true,ESTIMATED_MODE_BREAKDOWN
2025-06-15T23:00:00.000000,Japan,Japan,JP,316.31,392.05,42.26,34.08,,true,ESTIMATED_MODE_BREAKDOWN
2025-06-16T00:00:00.000000,Japan,Japan,JP,299.93,374.0,45.22,37.98,,true,ESTIMATED_MODE_BREAKDOWN
2025-06-16T01:00:00.000000,Japan,Japan,JP,287.63,360.36,47.45,40.54,,true,ESTIMATED_MODE_BREAKDOWN
2025-06-16T02:00:00.000000,Japan,Japan,JP,288.79,361.71,47.24,40.45,,true,ESTIMATED_MODE_BREAKDOWN
2025-06-16T03:00:00.000000,Japan,Japan,JP,279.11,350.97,49.01,42.07,,true,ESTIMATED_MODE_BREAKDOWN
2025-06-16T04:00:00.000000,Japan,Japan,JP,300.53,374.83,45.1,38.51,,true,ESTIMATED_MODE_BREAKDOWN
2025-06-16T05:00:00.000000,Japan,Japan,JP,325.06,402.06,40.64,34.07,,true,ESTIMATED_MODE_BREAKDOWN
2025-06-16T06:00:00.000000,Japan,Japan,JP,351.07,430.89,35.89,29.26,,true,ESTIMATED_MODE_BREAKDOWN
2025-06-16T07:00:00.000000,Japan,Japan,JP,384.83,468.27,29.75,23.08,,true,ESTIMATED_MODE_BREAKDOWN
2025-06-16T08:00:00.000000,Japan,Japan,JP,415.17,501.87,24.24,17.28,,true,ESTIMATED_MODE_BREAKDOWN
2025-06-16T09:00:00.000000,Japan,Japan,JP,436.41,525.36,20.36,13.16,,true,ESTIMATED_MODE_BREAKDOWN
2025-06-16T10:00:00.000000,Japan,Japan,JP,441.64,531.05,19.4,11.96,,true,ESTIMATED_MODE_BREAKDOWN
2025-06-16T11:00:00.000000,Japan,Japan,JP,439.26,528.31,19.84,11.98,,true,ESTIMATED_MODE_BREAKDOWN
2025-06-16T12:00:00.000000,Japan,Japan,JP,436.37,524.95,20.37,12.06,,true,ESTIMATED_MODE_BREAKDOWN
2025-06-16T13:00:00.000000,Japan,Japan,JP,434.0,522.14,20.8,12.04,,true,ESTIMATED_MODE_BREAKDOWN
2025-06-16T14:00:00.000000,Japan,Japan,JP,431.71,519.51,21.22,12.1,,true,ESTIMATED_MODE_BREAKDOWN
2025-06-16T15:00:00.000000,Japan,Japan,JP,426.46,513.42,22.19,12.14,,true,ESTIMATED_MODE_BREAKDOWN
2025-06-16T16:00:00.000000,Japan,Japan,JP,423.37,509.9,22.75,12.28,,true,ESTIMATED_MODE_BREAKDOWN
2025-06-16T17:00:00.000000,Japan,Japan,JP,422.3,508.69,22.95,12.37,,true,ESTIMATED_MODE_BREAKDOWN
2025-06-16T18:00:00.000000,Japan,Japan,JP,423.4,510.04,22.75,12.36,,true,ESTIMATED_MODE_BREAKDOWN
2025-06-16T19:00:00.000000,Japan,Japan,JP,423.1,509.81,22.8,12.53,,true,ESTIMATED_MODE_BREAKDOWN
2025-06-16T20:00:00.000000,Japan,Japan,JP,410.89,496.36,25.03,14.82,,true,ESTIMATED_MODE_BREAKDOWN
2025-06-16T21:00:00.000000,Japan,Japan,JP,373.14,454.63,31.91,22.02,,true,ESTIMATED_MODE_BREAKDOWN
2025-06-16T22:00:00.000000,Japan,Japan,JP,330.55,407.58,39.68,30.74,,true,ESTIMATED_MODE_BREAKDOWN
2025-06-16T23:00:00.000000,Japan,Japan,JP,307.84,382.8,43.82,36.19,,true,ESTIMATED_MODE_BREAKDOWN
2025-06-17T00:00:00.000000,Japan,Japan,JP,283.82,356.22,48.19,41.3,,true,ESTIMATED_MODE_BREAKDOWN
2025-06-17T01:00:00.000000,Japan,Japan,JP,260.28,330.16,52.46,45.91,,true,ESTIMATED_MODE_BREAKDOWN
2025-06-17T02:00:00.000000,Japan,Japan,JP,255.43,324.8,53.33,46.97,,true,ESTIMATED_MODE_BREAKDOWN
2025-06-17T03:00:00.000000,Japan,Japan,JP,253.09,322.15,53.75,47.26,,true,ESTIMATED_MODE_BREAKDOWN
2025-06-17T04:00:00.000000,Japan,Japan,JP,270.91,341.93,50.51,44.31,,true,ESTIMATED_MODE_BREAKDOWN
2025-06-17T05:00:00.000000,Japan,Japan,JP,292.35,365.66,46.6,40.43,,true,ESTIMATED_MODE_BREAKDOWN
2025-06-17T06:00:00.000000,Japan,Japan,JP,323.88,400.57,40.84,34.65,,true,ESTIMATED_MODE_BREAKDOWN
2025-06-17T07:00:00.000000,Japan,Japan,JP,367.75,449.24,32.85,26.64,,true,ESTIMATED_MODE_BREAKDOWN
2025-06-17T08:00:00.000000,Japan,Japan,JP,409.43,495.52,25.25,18.78,,true,ESTIMATED_MODE_BREAKDOWN
2025-06-17T09:00:00.000000,Japan,Japan,JP,437.02,526.1,20.23,13.45,,true,ESTIMATED_MODE_BREAKDOWN
2025-06-17T10:00:00.000000,Japan,Japan,JP,443.73,533.51,19.01,11.91,,true,ESTIMATED_MODE_BREAKDOWN
2025-06-17T11:00:00.000000,Japan,Japan,JP,441.82,531.21,19.36,11.84,,true,ESTIMATED_MODE_BREAKDOWN
2025-06-17T12:00:00.000000,Japan,Japan,JP,439.39,528.36,19.8,11.78,,true,ESTIMATED_MODE_BREAKDOWN
2025-06-17T13:00:00.000000,Japan,Japan,JP,436.54,524.94,20.31,11.77,,true,ESTIMATED_MODE_BREAKDOWN
2025-06-17T14:00:00.000000,Japan,Japan,JP,434.4,522.49,20.72,11.73,,true,ESTIMATED_MODE_BREAKDOWN
2025-06-17T15:00:00.000000,Japan,Japan,JP,429.14,516.4,21.69,11.72,,true,ESTIMATED_MODE_BREAKDOWN
2025-06-17T16:00:00.000000,Japan,Japan,JP,425.69,512.46,22.32,11.82,,true,ESTIMATED_MODE_BREAKDOWN
2025-06-17T17:00:00.000000,Japan,Japan,JP,424.26,510.85,22.59,11.87,,true,ESTIMATED_MODE_BREAKDOWN
2025-06-17T18:00:00.000000,Japan,Japan,JP,424.82,511.56,22.49,11.82,,true,ESTIMATED_MODE_BREAKDOWN
2025-06-17T19:00:00.000000,Japan,Japan,JP,424.71,511.54,22.51,12.03,,true,ESTIMATED_MODE_BREAKDOWN
2025-06-17T20:00:00.000000,Japan,Japan,JP,412.3,497.94,24.78,14.53,,true,ESTIMATED_MODE_BREAKDOWN
2025-06-17T21:00:00.000000,Japan,Japan,JP,374.78,456.46,31.61,21.93,,true,ESTIMATED_MODE_BREAKDOWN
2025-06-17T22:00:00.000000,Japan,Japan,JP,334.66,412.21,38.93,30.37,,true,ESTIMATED_MODE_BREAKDOWN
2025-06-17T23:00:00.000000,Japan,Japan,JP,313.02,388.56,42.86,35.65,,true,ESTIMATED_MODE_BREAKDOWN
2025-06-18T00:00:00.000000,Japan,Japan,JP,291.28,364.61,46.81,40.4,,true,ESTIMATED_MODE_BREAKDOWN
2025-06-18T01:00:00.000000,Japan,Japan,JP,269.15,340.17,50.84,44.74,,true,ESTIMATED_MODE_BREAKDOWN
2025-06-18T02:00:00.000000,Japan,Japan,JP,262.83,333.33,52.01,46.08,,true,ESTIMATED_MODE_BREAKDOWN
2025-06-18T03:00:00.000000,Japan,Japan,JP,260.57,330.78,52.42,46.37,,true,ESTIMATED_MODE_BREAKDOWN
2025-06-18T04:00:00.000000,Japan,Japan,JP,280.49,352.78,48.77,42.95,,true,ESTIMATED_MODE_BREAKDOWN
2025-06-18T05:00:00.000000,Japan,Japan,JP,302.61,377.26,44.73,38.97,,true,ESTIMATED_MODE_BREAKDOWN
2025-06-18T06:00:00.000000,Japan,Japan,JP,337.55,415.98,38.36,32.55,,true,ESTIMATED_MODE_BREAKDOWN
2025-06-18T07:00:00.000000,Japan,Japan,JP,375.37,457.97,31.46,25.61,,true,ESTIMATED_MODE_BREAKDOWN
2025-06-18T08:00:00.000000,Japan,Japan,JP,412.69,499.27,24.65,18.52,,true,ESTIMATED_MODE_BREAKDOWN
2025-06-18T09:00:00.000000,Japan,Japan,JP,438.97,528.36,19.86,13.43,,true,ESTIMATED_MODE_BREAKDOWN
2025-06-18T10:00:00.000000,Japan,Japan,JP,446.64,536.82,18.47,11.8,,true,ESTIMATED_MODE_BREAKDOWN
2025-06-18T11:00:00.000000,Japan,Japan,JP,444.77,534.62,18.81,11.75,,true,ESTIMATED_MODE_BREAKDOWN
2025-06-18T12:00:00.000000,Japan,Japan,JP,442.14,531.6,19.28,11.79,,true,ESTIMATED_MODE_BREAKDOWN
2025-06-18T13:00:00.000000,Japan,Japan,JP,439.42,528.34,19.77,11.78,,true,ESTIMATED_MODE_BREAKDOWN
2025-06-18T14:00:00.000000,Japan,Japan,JP,437.73,526.34,20.1,11.74,,true,ESTIMATED_MODE_BREAKDOWN
2025-06-18T15:00:00.000000,Japan,Japan,JP,431.78,519.62,21.2,11.81,,true,ESTIMATED_MODE_BREAKDOWN
2025-06-18T16:00:00.000000,Japan,Japan,JP,428.42,515.76,21.82,11.89,,true,ESTIMATED_MODE_BREAKDOWN
2025-06-18T17:00:00.000000,Japan,Japan,JP,427.28,514.49,22.03,11.89,,true,ESTIMATED_MODE_BREAKDOWN
2025-06-18T18:00:00.000000,Japan,Japan,JP,427.94,515.32,21.91,11.89,,true,ESTIMATED_MODE_BREAKDOWN
2025-06-18T19:00:00.000000,Japan,Japan,JP,427.44,514.85,22.01,12.07,,true,ESTIMATED_MODE_BREAKDOWN
2025-06-18T20:00:00.000000,Japan,Japan,JP,413.74,499.79,24.51,14.65,,true,ESTIMATED_MODE_BREAKDOWN
2025-06-18T21:00:00.000000,Japan,Japan,JP,371.98,453.44,32.1,22.66,,true,ESTIMATED_MODE_BREAKDOWN
2025-06-18T22:00:00.000000,Japan,Japan,JP,322.81,398.95,41.04,32.53,,true,ESTIMATED_MODE_BREAKDOWN
2025-06-18T23:00:00.000000,Japan,Japan,JP,290.94,364.04,46.86,39.57,,true,ESTIMATED_MODE_BREAKDOWN
2025-06-19T00:00:00.000000,Japan,Japan,JP,273.77,345.22,49.99,43.47,,true,ESTIMATED_MODE_BREAKDOWN
2025-06-19T01:00:00.000000,Japan,Japan,JP,258.51,328.37,52.76,46.51,,true,ESTIMATED_MODE_BREAKDOWN
2025-06-19T02:00:00.000000,Japan,Japan,JP,252.61,321.87,53.83,47.71,,true,ESTIMATED_MODE_BREAKDOWN
2025-06-19T03:00:00.000000,Japan,Japan,JP,249.34,318.15,54.43,48.2,,true,ESTIMATED_MODE_BREAKDOWN
2025-06-19T04:00:00.000000,Japan,Japan,JP,269.3,340.34,50.79,44.78,,true,ESTIMATED_MODE_BREAKDOWN
2025-06-19T05:00:00.000000,Japan,Japan,JP,293.6,367.27,46.36,40.39,,true,ESTIMATED_MODE_BREAKDOWN
2025-06-19T06:00:00.000000,Japan,Japan,JP,326.91,404.19,40.28,34.26,,true,ESTIMATED_MODE_BREAKDOWN
2025-06-19T07:00:00.000000,Japan,Japan,JP,369.8,451.71,32.46,26.42,,true,ESTIMATED_MODE_BREAKDOWN
2025-06-19T08:00:00.000000,Japan,Japan,JP,410.08,496.39,25.13,18.81,,true,ESTIMATED_MODE_BREAKDOWN
2025-06-19T09:00:00.000000,Japan,Japan,JP,438.05,527.38,20.03,13.41,,true,ESTIMATED_MODE_BREAKDOWN
2025-06-19T10:00:00.000000,Japan,Japan,JP,446.06,536.21,18.57,11.69,,true,ESTIMATED_MODE_BREAKDOWN
2025-06-19T11:00:00.000000,Japan,Japan,JP,444.49,534.32,18.86,11.57,,true,ESTIMATED_MODE_BREAKDOWN
2025-06-19T12:00:00.000000,Japan,Japan,JP,441.49,530.85,19.41,11.65,,true,ESTIMATED_MODE_BREAKDOWN
2025-06-19T13:00:00.000000,Japan,Japan,JP,439.08,528.01,19.84,11.6,,true,ESTIMATED_MODE_BREAKDOWN
2025-06-19T14:00:00.000000,Japan,Japan,JP,437.04,525.68,20.23,11.58,,true,ESTIMATED_MODE_BREAKDOWN
2025-06-19T15:00:00.000000,Japan,Japan,JP,432.14,520.03,21.13,11.63,,true,ESTIMATED_MODE_BREAKDOWN
2025-06-19T16:00:00.000000,Japan,Japan,JP,428.75,516.11,21.75,11.66,,true,ESTIMATED_MODE_BREAKDOWN
2025-06-19T17:00:00.000000,Japan,Japan,JP,427.59,514.8,21.98,11.66,,true,ESTIMATED_MODE_BREAKDOWN
2025-06-19T18:00:00.000000,Japan,Japan,JP,428.46,515.93,21.82,11.69,,true,ESTIMATED_MODE_BREAKDOWN
2025-06-19T19:00:00.000000,Japan,Japan,JP,428.22,515.72,21.86,11.85,,true,ESTIMATED_MODE_BREAKDOWN
2025-06-19T20:00:00.000000,Japan,Japan,JP,415.15,501.4,24.26,14.3,,true,ESTIMATED_MODE_BREAKDOWN
2025-06-19T21:00:00.000000,Japan,Japan,JP,375.79,457.66,31.41,21.84,,true,ESTIMATED_MODE_BREAKDOWN
2025-06-19T22:00:00.000000,Japan,Japan,JP,329.29,406.13,39.86,31.22,,true,ESTIMATED_MODE_BREAKDOWN
2025-06-19T23:00:00.000000,Japan,Japan,JP,303.07,377.36,44.63,37.17,,true,ESTIMATED_MODE_BREAKDOWN
2025-06-20T00:00:00.000000,Japan,Japan,JP,286.45,359.08,47.66,40.94,,true,ESTIMATED_MODE_BREAKDOWN
2025-06-20T01:00:00.000000,Japan,Japan,JP,268.16,338.92,50.99,44.48,,true,ESTIMATED_MODE_BREAKDOWN
2025-06-20T02:00:00.000000,Japan,Japan,JP,259.3,329.19,52.61,46.28,,true,ESTIMATED_MODE_BREAKDOWN
2025-06-20T03:00:00.000000,Japan,Japan,JP,252.53,321.62,53.84,47.38,,true,ESTIMATED_MODE_BREAKDOWN
2025-06-20T04:00:00.000000,Japan,Japan,JP,272.04,343.32,50.29,44.06,,true,ESTIMATED_MODE_BREAKDOWN
2025-06-20T05:00:00.000000,Japan,Japan,JP,294.71,368.49,46.16,39.99,,true,ESTIMATED_MODE_BREAKDOWN
2025-06-20T06:00:00.000000,Japan,Japan,JP,328.22,405.67,40.05,33.85,,true,ESTIMATED_MODE_BREAKDOWN
2025-06-20T07:00:00.000000,Japan,Japan,JP,370.59,452.63,32.33,26.06,,true,ESTIMATED_MODE_BREAKDOWN
2025-06-20T08:00:00.000000,Japan,Japan,JP,409.49,495.74,25.25,18.63,,true,ESTIMATED_MODE_BREAKDOWN
2025-06-20T09:00:00.000000,Japan,Japan,JP,437.21,526.39,20.21,13.27,,true,ESTIMATED_MODE_BREAKDOWN
2025-06-20T10:00:00.000000,Japan,Japan,JP,443.67,533.57,19.03,11.84,,true,ESTIMATED_MODE_BREAKDOWN
2025-06-20T11:00:00.000000,Japan,Japan,JP,442.23,531.84,19.29,11.73,,true,ESTIMATED_MODE_BREAKDOWN
2025-06-20T12:00:00.000000,Japan,Japan,JP,439.59,528.7,19.77,11.78,,true,ESTIMATED_MODE_BREAKDOWN
2025-06-20T13:00:00.000000,Japan,Japan,JP,437.3,525.99,20.18,11.75,,true,ESTIMATED_MODE_BREAKDOWN
2025-06-20T14:00:00.000000,Japan,Japan,JP,435.99,524.41,20.43,11.68,,true,ESTIMATED_MODE_BREAKDOWN
2025-06-20T15:00:00.000000,Japan,Japan,JP,430.07,517.62,21.52,11.89,,true,ESTIMATED_MODE_BREAKDOWN
2025-06-20T16:00:00.000000,Japan,Japan,JP,425.82,512.82,22.29,12.11,,true,ESTIMATED_MODE_BREAKDOWN
2025-06-20T17:00:00.000000,Japan,Japan,JP,424.37,511.19,22.56,12.15,,true,ESTIMATED_MODE_BREAKDOWN
2025-06-20T18:00:00.000000,Japan,Japan,JP,424.95,511.85,22.46,12.15,,true,ESTIMATED_MODE_BREAKDOWN
2025-06-20T19:00:00.000000,Japan,Japan,JP,424.27,511.16,22.59,12.29,,true,ESTIMATED_MODE_BREAKDOWN
2025-06-20T20:00:00.000000,Japan,Japan,JP,410.57,496.06,25.1,14.64,,true,ESTIMATED_MODE_BREAKDOWN
2025-06-20T21:00:00.000000,Japan,Japan,JP,369.87,450.8,32.5,21.93,,true,ESTIMATED_MODE_BREAKDOWN
2025-06-20T22:00:00.000000,Japan,Japan,JP,319.2,394.65,41.72,31.76,,true,ESTIMATED_MODE_BREAKDOWN
2025-06-20T23:00:00.000000,Japan,Japan,JP,287.65,360.04,47.46,38.58,,true,ESTIMATED_MODE_BREAKDOWN
2025-06-21T00:00:00.000000,Japan,Japan,JP,269.11,339.67,50.84,42.65,,true,ESTIMATED_MODE_BREAKDOWN
2025-06-21T01:00:00.000000,Japan,Japan,JP,252.14,321.0,53.94,46.05,,true,ESTIMATED_MODE_BREAKDOWN
2025-06-21T02:00:00.000000,Japan,Japan,JP,240.57,308.25,56.05,48.39,,true,ESTIMATED_MODE_BREAKDOWN
2025-06-21T03:00:00.000000,Japan,Japan,JP,238.97,306.47,56.34,48.71,,true,ESTIMATED_MODE_BREAKDOWN
2025-06-21T04:00:00.000000,Japan,Japan,JP,252.07,320.94,53.95,46.36,,true,ESTIMATED_MODE_BREAKDOWN
2025-06-21T05:00:00.000000,Japan,Japan,JP,275.27,346.65,49.72,42.14,,true,ESTIMATED_MODE_BREAKDOWN
2025-06-21T06:00:00.000000,Japan,Japan,JP,309.07,384.09,43.56,35.95,,true,ESTIMATED_MODE_BREAKDOWN
2025-06-21T07:00:00.000000,Japan,Japan,JP,354.96,434.98,35.2,27.61,,true,ESTIMATED_MODE_BREAKDOWN
2025-06-21T08:00:00.000000,Japan,Japan,JP,399.59,484.39,27.06,19.36,,true,ESTIMATED_MODE_BREAKDOWN
2025-06-21T09:00:00.000000,Japan,Japan,JP,428.76,516.68,21.75,13.9,,true,ESTIMATED_MODE_BREAKDOWN
2025-06-21T10:00:00.000000,Japan,Japan,JP,437.01,525.82,20.25,12.28,,true,ESTIMATED_MODE_BREAKDOWN
2025-06-21T11:00:00.000000,Japan,Japan,JP,435.5,524.06,20.53,12.25,,true,ESTIMATED_MODE_BREAKDOWN
2025-06-21T12:00:00.000000,Japan,Japan,JP,432.69,520.77,21.05,12.32,,true,ESTIMATED_MODE_BREAKDOWN
2025-06-21T13:00:00.000000,Japan,Japan,JP,430.11,517.73,21.52,12.34,,true,ESTIMATED_MODE_BREAKDOWN
2025-06-21T14:00:00.000000,Japan,Japan,JP,427.85,515.09,21.93,12.36,,true,ESTIMATED_MODE_BREAKDOWN
2025-06-21T15:00:00.000000,Japan,Japan,JP,422.65,509.02,22.89,12.43,,true,ESTIMATED_MODE_BREAKDOWN
2025-06-21T16:00:00.000000,Japan,Japan,JP,418.55,504.35,23.63,12.65,,true,ESTIMATED_MODE_BREAKDOWN
2025-06-21T17:00:00.000000,Japan,Japan,JP,416.71,502.31,23.97,12.76,,true,ESTIMATED_MODE_BREAKDOWN
2025-06-21T18:00:00.000000,Japan,Japan,JP,417.79,503.65,23.77,12.74,,true,ESTIMATED_MODE_BREAKDOWN
2025-06-21T19:00:00.000000,Japan,Japan,JP,417.74,503.69,23.78,12.9,,true,ESTIMATED_MODE_BREAKDOWN
2025-06-21T20:00:00.000000,Japan,Japan,JP,405.43,490.06,26.04,15.01,,true,ESTIMATED_MODE_BREAKDOWN
2025-06-21T21:00:00.000000,Japan,Japan,JP,364.55,444.71,33.47,22.38,,true,ESTIMATED_MODE_BREAKDOWN
2025-06-21T22:00:00.000000,Japan,Japan,JP,312.48,387.06,42.93,32.45,,true,ESTIMATED_MODE_BREAKDOWN
2025-06-21T23:00:00.000000,Japan,Japan,JP,277.79,348.95,49.24,39.72,,true,ESTIMATED_MODE_BREAKDOWN
2025-06-22T00:00:00.000000,Japan,Japan,JP,257.93,327.11,52.87,44.12,,true,ESTIMATED_MODE_BREAKDOWN
2025-06-22T01:00:00.000000,Japan,Japan,JP,248.21,316.37,54.64,46.26,,true,ESTIMATED_MODE_BREAKDOWN
2025-06-22T02:00:00.000000,Japan,Japan,JP,246.94,315.06,54.89,46.77,,true,ESTIMATED_MODE_BREAKDOWN
2025-06-22T03:00:00.000000,Japan,Japan,JP,248.34,316.8,54.63,46.7,,true,ESTIMATED_MODE_BREAKDOWN
2025-06-22T04:00:00.000000,Japan,Japan,JP,260.82,330.55,52.35,44.47,,true,ESTIMATED_MODE_BREAKDOWN
2025-06-22T05:00:00.000000,Japan,Japan,JP,289.44,362.22,47.12,39.29,,true,ESTIMATED_MODE_BREAKDOWN
2025-06-22T06:00:00.000000,Japan,Japan,JP,329.21,406.28,39.88,32.03,,true,ESTIMATED_MODE_BREAKDOWN
2025-06-22T07:00:00.000000,Japan,Japan,JP,371.15,452.81,32.26,24.48,,true,ESTIMATED_MODE_BREAKDOWN
2025-06-22T08:00:00.000000,Japan,Japan,JP,410.63,496.6,25.07,17.35,,true,ESTIMATED_MODE_BREAKDOWN
2025-06-22T09:00:00.000000,Japan,Japan,JP,433.96,522.5,20.82,13.05,,true,ESTIMATED_MODE_BREAKDOWN
2025-06-22T10:00:00.000000,Japan,Japan,JP,439.72,528.85,19.77,11.93,,true,ESTIMATED_MODE_BREAKDOWN
2025-06-22T11:00:00.000000,Japan,Japan,JP,438.17,527.02,20.05,11.89,,true,ESTIMATED_MODE_BREAKDOWN
2025-06-22T12:00:00.000000,Japan,Japan,JP,436.02,524.54,20.45,11.87,,true,ESTIMATED_MODE_BREAKDOWN
2025-06-22T13:00:00.000000,Japan,Japan,JP,433.34,521.43,20.93,11.88,,true,ESTIMATED_MODE_BREAKDOWN
2025-06-22T14:00:00.000000,Japan,Japan,JP,431.26,518.95,21.31,11.88,,true,ESTIMATED_MODE_BREAKDOWN
2025-06-22T15:00:00.000000,Japan,Japan,JP,426.28,513.15,22.24,11.85,,true,ESTIMATED_MODE_BREAKDOWN
2025-06-22T16:00:00.000000,Japan,Japan,JP,423.12,509.62,22.81,11.95,,true,ESTIMATED_MODE_BREAKDOWN
2025-06-22T17:00:00.000000,Japan,Japan,JP,422.02,508.43,23.01,12.05,,true,ESTIMATED_MODE_BREAKDOWN
2025-06-22T18:00:00.000000,Japan,Japan,JP,423.19,509.81,22.8,12.05,,true,ESTIMATED_MODE_BREAKDOWN
2025-06-22T19:00:00.000000,Japan,Japan,JP,423.56,510.32,22.74,12.2,,true,ESTIMATED_MODE_BREAKDOWN
2025-06-22T20:00:00.000000,Japan,Japan,JP,416.5,502.67,24.02,13.74,,true,ESTIMATED_MODE_BREAKDOWN
2025-06-22T21:00:00.000000,Japan,Japan,JP,402.04,486.71,26.65,16.9,,true,ESTIMATED_MODE_BREAKDOWN
2025-06-22T22:00:00.000000,Japan,Japan,JP,386.4,469.55,29.48,20.84,,true,ESTIMATED_MODE_BREAKDOWN
2025-06-22T23:00:00.000000,Japan,Japan,JP,375.18,457.51,31.54,24.14,,true,ESTIMATED_MODE_BREAKDOWN
2025-06-23T00:00:00.000000,Japan,Japan,JP,362.66,443.72,33.81,27.14,,true,ESTIMATED_MODE_BREAKDOWN
2025-06-23T01:00:00.000000,Japan,Japan,JP,350.75,430.54,35.97,29.47,,true,ESTIMATED_MODE_BREAKDOWN
2025-06-23T02:00:00.000000,Japan,Japan,JP,351.57,431.46,35.82,29.34,,true,ESTIMATED_MODE_BREAKDOWN
2025-06-23T03:00:00.000000,Japan,Japan,JP,351.06,430.77,35.91,29.15,,true,ESTIMATED_MODE_BREAKDOWN
2025-06-23T04:00:00.000000,Japan,Japan,JP,365.01,446.31,33.37,26.83,,true,ESTIMATED_MODE_BREAKDOWN
2025-06-23T05:00:00.000000,Japan,Japan,JP,377.61,460.26,31.07,24.53,,true,ESTIMATED_MODE_BREAKDOWN
2025-06-23T06:00:00.000000,Japan,Japan,JP,393.93,478.36,28.09,21.46,,true,ESTIMATED_MODE_BREAKDOWN
2025-06-23T07:00:00.000000,Japan,Japan,JP,411.92,498.31,24.83,18.12,,true,ESTIMATED_MODE_BREAKDOWN
2025-06-23T08:00:00.000000,Japan,Japan,JP,429.69,517.98,21.6,14.57,,true,ESTIMATED_MODE_BREAKDOWN
2025-06-23T09:00:00.000000,Japan,Japan,JP,441.48,531.04,19.45,12.29,,true,ESTIMATED_MODE_BREAKDOWN
2025-06-23T10:00:00.000000,Japan,Japan,JP,444.27,534.07,18.93,11.6,,true,ESTIMATED_MODE_BREAKDOWN
2025-06-23T11:00:00.000000,Japan,Japan,JP,442.33,531.82,19.28,11.61,,true,ESTIMATED_MODE_BREAKDOWN
2025-06-23T12:00:00.000000,Japan,Japan,JP,440.18,529.29,19.67,11.59,,true,ESTIMATED_MODE_BREAKDOWN
2025-06-23T13:00:00.000000,Japan,Japan,JP,437.97,526.71,20.07,11.6,,true,ESTIMATED_MODE_BREAKDOWN
2025-06-23T14:00:00.000000,Japan,Japan,JP,435.95,524.37,20.45,11.59,,true,ESTIMATED_MODE_BREAKDOWN
2025-06-23T15:00:00.000000,Japan,Japan,JP,431.24,518.86,21.31,11.61,,true,ESTIMATED_MODE_BREAKDOWN
2025-06-23T16:00:00.000000,Japan,Japan,JP,428.26,515.46,21.85,11.71,,true,ESTIMATED_MODE_BREAKDOWN
2025-06-23T17:00:00.000000,Japan,Japan,JP,427.3,514.48,22.04,11.75,,true,ESTIMATED_MODE_BREAKDOWN
2025-06-23T18:00:00.000000,Japan,Japan,JP,428.25,515.69,21.88,11.78,,true,ESTIMATED_MODE_BREAKDOWN
2025-06-23T19:00:00.000000,Japan,Japan,JP,428.12,515.63,21.9,11.97,,true,ESTIMATED_MODE_BREAKDOWN
2025-06-23T20:00:00.000000,Japan,Japan,JP,422.57,509.57,22.91,13.14,,true,ESTIMATED_MODE_BREAKDOWN
2025-06-23T21:00:00.000000,Japan,Japan,JP,414.51,500.59,24.37,14.97,,true,ESTIMATED_MODE_BREAKDOWN
2025-06-23T22:00:00.000000,Japan,Japan,JP,403.38,488.3,26.38,17.75,,true,ESTIMATED_MODE_BREAKDOWN
2025-06-23T23:00:00.000000,Japan,Japan,JP,393.4,477.52,28.2,20.65,,true,ESTIMATED_MODE_BREAKDOWN
2025-06-24T00:00:00.000000,Japan,Japan,JP,385.96,469.4,29.56,22.63,,true,ESTIMATED_MODE_BREAKDOWN
2025-06-24T01:00:00.000000,Japan,Japan,JP,372.67,454.72,31.99,25.17,,true,ESTIMATED_MODE_BREAKDOWN
2025-06-24T02:00:00.000000,Japan,Japan,JP,365.54,446.86,33.28,26.54,,true,ESTIMATED_MODE_BREAKDOWN
2025-06-24T03:00:00.000000,Japan,Japan,JP,361.01,441.72,34.09,27.1,,true,ESTIMATED_MODE_BREAKDOWN
2025-06-24T04:00:00.000000,Japan,Japan,JP,370.08,451.84,32.43,25.66,,true,ESTIMATED_MODE_BREAKDOWN
2025-06-24T05:00:00.000000,Japan,Japan,JP,377.02,459.52,31.17,24.48,,true,ESTIMATED_MODE_BREAKDOWN
2025-06-24T06:00:00.000000,Japan,Japan,JP,394.13,478.52,28.05,21.28,,true,ESTIMATED_MODE_BREAKDOWN
2025-06-24T07:00:00.000000,Japan,Japan,JP,412.12,498.53,24.77,18.0,,true,ESTIMATED_MODE_BREAKDOWN
2025-06-24T08:00:00.000000,Japan,Japan,JP,429.14,517.38,21.67,14.69,,true,ESTIMATED_MODE_BREAKDOWN
2025-06-24T09:00:00.000000,Japan,Japan,JP,441.62,531.23,19.4,12.27,,true,ESTIMATED_MODE_BREAKDOWN
2025-06-24T10:00:00.000000,Japan,Japan,JP,444.12,533.95,18.94,11.62,,true,ESTIMATED_MODE_BREAKDOWN
2025-06-24T11:00:00.000000,Japan,Japan,JP,442.15,531.68,19.3,11.64,,true,ESTIMATED_MODE_BREAKDOWN
2025-06-24T12:00:00.000000,Japan,Japan,JP,440.21,529.37,19.65,11.6,,true,ESTIMATED_MODE_BREAKDOWN
2025-06-24T13:00:00.000000,Japan,Japan,JP,437.75,526.51,20.1,11.64,,true,ESTIMATED_MODE_BREAKDOWN
2025-06-24T14:00:00.000000,Japan,Japan,JP,436.19,524.67,20.39,11.64,,true,ESTIMATED_MODE_BREAKDOWN
2025-06-24T15:00:00.000000,Japan,Japan,JP,431.61,519.39,21.24,11.73,,true,ESTIMATED_MODE_BREAKDOWN
2025-06-24T16:00:00.000000,Japan,Japan,JP,428.59,515.94,21.8,11.75,,true,ESTIMATED_MODE_BREAKDOWN
2025-06-24T17:00:00.000000,Japan,Japan,JP,427.6,514.88,21.98,11.79,,true,ESTIMATED_MODE_BREAKDOWN
2025-06-24T18:00:00.000000,Japan,Japan,JP,428.37,515.88,21.85,11.81,,true,ESTIMATED_MODE_BREAKDOWN
2025-06-24T19:00:00.000000,Japan,Japan,JP,428.08,515.66,21.9,12.01,,true,ESTIMATED_MODE_BREAKDOWN
2025-06-24T20:00:00.000000,Japan,Japan,JP,419.62,506.31,23.44,13.64,,true,ESTIMATED_MODE_BREAKDOWN
2025-06-24T21:00:00.000000,Japan,Japan,JP,394.67,478.64,27.98,18.51,,true,ESTIMATED_MODE_BREAKDOWN
2025-06-24T22:00:00.000000,Japan,Japan,JP,368.57,449.82,32.71,24.13,,true,ESTIMATED_MODE_BREAKDOWN
2025-06-24T23:00:00.000000,Japan,Japan,JP,357.59,437.96,34.7,27.31,,true,ESTIMATED_MODE_BREAKDOWN
2025-06-25T00:00:00.000000,Japan,Japan,JP,348.12,427.52,36.42,29.67,,true,ESTIMATED_MODE_BREAKDOWN
2025-06-25T01:00:00.000000,Japan,Japan,JP,334.08,411.97,38.97,32.39,,true,ESTIMATED_MODE_BREAKDOWN
2025-06-25T02:00:00.000000,Japan,Japan,JP,327.59,404.81,40.15,33.71,,true,ESTIMATED_MODE_BREAKDOWN
2025-06-25T03:00:00.000000,Japan,Japan,JP,324.05,400.76,40.79,34.19,,true,ESTIMATED_MODE_BREAKDOWN
2025-06-25T04:00:00.000000,Japan,Japan,JP,340.61,419.26,37.78,31.42,,true,ESTIMATED_MODE_BREAKDOWN
2025-06-25T05:00:00.000000,Japan,Japan,JP,354.24,434.44,35.32,29.0,,true,ESTIMATED_MODE_BREAKDOWN
2025-06-25T06:00:00.000000,Japan,Japan,JP,374.77,457.2,31.58,25.21,,true,ESTIMATED_MODE_BREAKDOWN
2025-06-25T07:00:00.000000,Japan,Japan,JP,402.97,488.47,26.44,20.03,,true,ESTIMATED_MODE_BREAKDOWN
2025-06-25T08:00:00.000000,Japan,Japan,JP,426.13,514.09,22.22,15.51,,true,ESTIMATED_MODE_BREAKDOWN
2025-06-25T09:00:00.000000,Japan,Japan,JP,441.0,530.61,19.52,12.6,,true,ESTIMATED_MODE_BREAKDOWN
2025-06-25T10:00:00.000000,Japan,Japan,JP,445.31,535.36,18.74,11.64,,true,ESTIMATED_MODE_BREAKDOWN
2025-06-25T11:00:00.000000,Japan,Japan,JP,443.26,532.97,19.11,11.65,,true,ESTIMATED_MODE_BREAKDOWN
2025-06-25T12:00:00.000000,Japan,Japan,JP,440.6,529.84,19.58,11.72,,true,ESTIMATED_MODE_BREAKDOWN
2025-06-25T13:00:00.000000,Japan,Japan,JP,438.23,527.04,20.01,11.73,,true,ESTIMATED_MODE_BREAKDOWN
2025-06-25T14:00:00.000000,Japan,Japan,JP,436.66,525.23,20.31,11.68,,true,ESTIMATED_MODE_BREAKDOWN
2025-06-25T15:00:00.000000,Japan,Japan,JP,431.92,519.8,21.2,11.72,,true,ESTIMATED_MODE_BREAKDOWN
2025-06-25T16:00:00.000000,Japan,Japan,JP,429.03,516.53,21.73,11.78,,true,ESTIMATED_MODE_BREAKDOWN
2025-06-25T17:00:00.000000,Japan,Japan,JP,427.87,515.26,21.94,11.85,,true,ESTIMATED_MODE_BREAKDOWN
2025-06-25T18:00:00.000000,Japan,Japan,JP,428.46,515.97,21.83,11.87,,true,ESTIMATED_MODE_BREAKDOWN
2025-06-25T19:00:00.000000,Japan,Japan,JP,428.43,516.0,21.84,12.01,,true,ESTIMATED_MODE_BREAKDOWN
2025-06-25T20:00:00.000000,Japan,Japan,JP,421.31,508.2,23.15,13.36,,true,ESTIMATED_MODE_BREAKDOWN
2025-06-25T21:00:00.000000,Japan,Japan,JP,399.88,484.52,27.06,17.65,,true,ESTIMATED_MODE_BREAKDOWN
2025-06-25T22:00:00.000000,Japan,Japan,JP,376.3,458.54,31.35,22.82,,true,ESTIMATED_MODE_BREAKDOWN
2025-06-25T23:00:00.000000,Japan,Japan,JP,359.3,439.96,34.46,27.06,,true,ESTIMATED_MODE_BREAKDOWN
2025-06-26T00:00:00.000000,Japan,Japan,JP,346.11,425.39,36.85,30.15,,true,ESTIMATED_MODE_BREAKDOWN
2025-06-26T01:00:00.000000,Japan,Japan,JP,332.89,410.68,39.24,32.71,,true,ESTIMATED_MODE_BREAKDOWN
2025-06-26T02:00:00.000000,Japan,Japan,JP,326.76,403.87,40.35,33.88,,true,ESTIMATED_MODE_BREAKDOWN
2025-06-26T03:00:00.000000,Japan,Japan,JP,323.64,400.41,40.93,34.26,,true,ESTIMATED_MODE_BREAKDOWN
2025-06-26T04:00:00.000000,Japan,Japan,JP,337.25,415.57,38.43,32.06,,true,ESTIMATED_MODE_BREAKDOWN
2025-06-26T05:00:00.000000,Japan,Japan,JP,357.12,437.49,34.79,28.48,,true,ESTIMATED_MODE_BREAKDOWN
2025-06-26T06:00:00.000000,Japan,Japan,JP,377.88,460.38,30.99,24.57,,true,ESTIMATED_MODE_BREAKDOWN
2025-06-26T07:00:00.000000,Japan,Japan,JP,399.11,483.97,27.13,20.57,,true,ESTIMATED_MODE_BREAKDOWN
2025-06-26T08:00:00.000000,Japan,Japan,JP,418.81,505.82,23.55,16.69,,true,ESTIMATED_MODE_BREAKDOWN
2025-06-26T09:00:00.000000,Japan,Japan,JP,437.23,526.36,20.22,13.19,,true,ESTIMATED_MODE_BREAKDOWN
2025-06-26T10:00:00.000000,Japan,Japan,JP,443.81,533.65,19.02,11.78,,true,ESTIMATED_MODE_BREAKDOWN
2025-06-26T11:00:00.000000,Japan,Japan,JP,441.77,531.24,19.38,11.79,,true,ESTIMATED_MODE_BREAKDOWN
2025-06-26T12:00:00.000000,Japan,Japan,JP,439.36,528.44,19.81,11.77,,true,ESTIMATED_MODE_BREAKDOWN
2025-06-26T13:00:00.000000,Japan,Japan,JP,436.6,525.18,20.31,11.82,,true,ESTIMATED_MODE_BREAKDOWN
2025-06-26T14:00:00.000000,Japan,Japan,JP,434.39,522.63,20.72,11.86,,true,ESTIMATED_MODE_BREAKDOWN
2025-06-26T15:00:00.000000,Japan,Japan,JP,429.19,516.64,21.69,11.96,,true,ESTIMATED_MODE_BREAKDOWN
2025-06-26T16:00:00.000000,Japan,Japan,JP,425.69,512.66,22.34,12.06,,true,ESTIMATED_MODE_BREAKDOWN
2025-06-26T17:00:00.000000,Japan,Japan,JP,424.44,511.31,22.57,12.11,,true,ESTIMATED_MODE_BREAKDOWN
2025-06-26T18:00:00.000000,Japan,Japan,JP,425.03,512.03,22.46,12.17,,true,ESTIMATED_MODE_BREAKDOWN
2025-06-26T19:00:00.000000,Japan,Japan,JP,425.08,512.21,22.45,12.31,,true,ESTIMATED_MODE_BREAKDOWN
2025-06-26T20:00:00.000000,Japan,Japan,JP,416.09,502.28,24.1,14.07,,true,ESTIMATED_MODE_BREAKDOWN
2025-06-26T21:00:00.000000,Japan,Japan,JP,382.18,464.64,30.26,20.54,,true,ESTIMATED_MODE_BREAKDOWN
2025-06-26T22:00:00.000000,Japan,Japan,JP,334.53,411.99,38.92,30.11,,true,ESTIMATED_MODE_BREAKDOWN
2025-06-26T23:00:00.000000,Japan,Japan,JP,304.93,379.54,44.31,36.73,,true,ESTIMATED_MODE_BREAKDOWN
2025-06-27T00:00:00.000000,Japan,Japan,JP,285.23,357.87,47.91,41.07,,true,ESTIMATED_MODE_BREAKDOWN
2025-06-27T01:00:00.000000,Japan,Japan,JP,268.3,339.2,50.99,44.43,,true,ESTIMATED_MODE_BREAKDOWN
2025-06-27T02:00:00.000000,Japan,Japan,JP,261.4,331.52,52.24,45.79,,true,ESTIMATED_MODE_BREAKDOWN
2025-06-27T03:00:00.000000,Japan,Japan,JP,258.54,328.22,52.75,46.15,,true,ESTIMATED_MODE_BREAKDOWN
2025-06-27T04:00:00.000000,Japan,Japan,JP,279.73,351.75,48.88,42.54,,true,ESTIMATED_MODE_BREAKDOWN
2025-06-27T05:00:00.000000,Japan,Japan,JP,302.09,376.52,44.81,38.5,,true,ESTIMATED_MODE_BREAKDOWN
2025-06-27T06:00:00.000000,Japan,Japan,JP,328.69,406.0,39.96,33.57,,true,ESTIMATED_MODE_BREAKDOWN
2025-06-27T07:00:00.000000,Japan,Japan,JP,365.82,447.21,33.21,26.79,,true,ESTIMATED_MODE_BREAKDOWN
2025-06-27T08:00:00.000000,Japan,Japan,JP,404.64,490.23,26.13,19.42,,true,ESTIMATED_MODE_BREAKDOWN
2025-06-27T09:00:00.000000,Japan,Japan,JP,434.53,523.33,20.7,13.68,,true,ESTIMATED_MODE_BREAKDOWN
2025-06-27T10:00:00.000000,Japan,Japan,JP,443.42,533.17,19.08,11.82,,true,ESTIMATED_MODE_BREAKDOWN
2025-06-27T11:00:00.000000,Japan,Japan,JP,442.02,531.49,19.33,11.68,,true,ESTIMATED_MODE_BREAKDOWN
2025-06-27T12:00:00.000000,Japan,Japan,JP,439.64,528.65,19.76,11.65,,true,ESTIMATED_MODE_BREAKDOWN
2025-06-27T13:00:00.000000,Japan,Japan,JP,437.22,525.81,20.19,11.69,,true,ESTIMATED_MODE_BREAKDOWN
2025-06-27T14:00:00.000000,Japan,Japan,JP,434.73,522.88,20.63,11.78,,true,ESTIMATED_MODE_BREAKDOWN
2025-06-27T15:00:00.000000,Japan,Japan,JP,429.37,516.57,21.6,11.73,,true,ESTIMATED_MODE_BREAKDOWN
2025-06-27T16:00:00.000000,Japan,Japan,JP,426.44,513.18,22.13,11.77,,true,ESTIMATED_MODE_BREAKDOWN
2025-06-27T17:00:00.000000,Japan,Japan,JP,424.74,511.25,22.43,11.8,,true,ESTIMATED_MODE_BREAKDOWN
2025-06-27T18:00:00.000000,Japan,Japan,JP,425.18,511.88,22.35,11.81,,true,ESTIMATED_MODE_BREAKDOWN
2025-06-27T19:00:00.000000,Japan,Japan,JP,424.46,511.22,22.49,12.0,,true,ESTIMATED_MODE_BREAKDOWN
2025-06-27T20:00:00.000000,Japan,Japan,JP,408.94,494.07,25.34,14.65,,true,ESTIMATED_MODE_BREAKDOWN
2025-06-27T21:00:00.000000,Japan,Japan,JP,359.39,439.15,34.38,23.71,,true,ESTIMATED_MODE_BREAKDOWN
2025-06-27T22:00:00.000000,Japan,Japan,JP,294.56,367.36,46.19,36.01,,true,ESTIMATED_MODE_BREAKDOWN
2025-06-27T23:00:00.000000,Japan,Japan,JP,249.61,317.77,54.37,45.12,,true,ESTIMATED_MODE_BREAKDOWN
2025-06-28T00:00:00.000000,Japan,Japan,JP,218.07,283.02,60.13,51.65,,true,ESTIMATED_MODE_BREAKDOWN
2025-06-28T01:00:00.000000,Japan,Japan,JP,200.73,263.88,63.3,55.25,,true,ESTIMATED_MODE_BREAKDOWN
2025-06-28T02:00:00.000000,Japan,Japan,JP,194.31,256.82,64.48,56.65,,true,ESTIMATED_MODE_BREAKDOWN
2025-06-28T03:00:00.000000,Japan,Japan,JP,197.6,260.49,63.87,56.13,,true,ESTIMATED_MODE_BREAKDOWN
2025-06-28T04:00:00.000000,Japan,Japan,JP,214.2,278.88,60.84,53.21,,true,ESTIMATED_MODE_BREAKDOWN
2025-06-28T05:00:00.000000,Japan,Japan,JP,238.56,305.8,56.39,48.79,,true,ESTIMATED_MODE_BREAKDOWN
2025-06-28T06:00:00.000000,Japan,Japan,JP,280.28,352.08,48.77,41.19,,true,ESTIMATED_MODE_BREAKDOWN
2025-06-28T07:00:00.000000,Japan,Japan,JP,336.65,414.6,38.49,30.99,,true,ESTIMATED_MODE_BREAKDOWN
2025-06-28T08:00:00.000000,Japan,Japan,JP,392.39,476.48,28.34,20.81,,true,ESTIMATED_MODE_BREAKDOWN
2025-06-28T09:00:00.000000,Japan,Japan,JP,426.12,513.8,22.19,14.49,,true,ESTIMATED_MODE_BREAKDOWN
2025-06-28T10:00:00.000000,Japan,Japan,JP,437.27,526.14,20.16,12.26,,true,ESTIMATED_MODE_BREAKDOWN
2025-06-28T11:00:00.000000,Japan,Japan,JP,438.86,527.82,19.87,11.58,,true,ESTIMATED_MODE_BREAKDOWN
2025-06-28T12:00:00.000000,Japan,Japan,JP,436.56,525.04,20.28,11.48,,true,ESTIMATED_MODE_BREAKDOWN
2025-06-28T13:00:00.000000,Japan,Japan,JP,433.97,521.99,20.76,11.46,,true,ESTIMATED_MODE_BREAKDOWN
2025-06-28T14:00:00.000000,Japan,Japan,JP,432.03,519.72,21.12,11.47,,true,ESTIMATED_MODE_BREAKDOWN
2025-06-28T15:00:00.000000,Japan,Japan,JP,427.01,513.84,22.05,11.45,,true,ESTIMATED_MODE_BREAKDOWN
2025-06-28T16:00:00.000000,Japan,Japan,JP,424.08,510.48,22.6,11.41,,true,ESTIMATED_MODE_BREAKDOWN
2025-06-28T17:00:00.000000,Japan,Japan,JP,422.73,509.01,22.86,11.51,,true,ESTIMATED_MODE_BREAKDOWN
2025-06-28T18:00:00.000000,Japan,Japan,JP,422.95,509.31,22.8,11.61,,true,ESTIMATED_MODE_BREAKDOWN
2025-06-28T19:00:00.000000,Japan,Japan,JP,421.96,508.25,22.97,11.86,,true,ESTIMATED_MODE_BREAKDOWN
2025-06-28T20:00:00.000000,Japan,Japan,JP,406.21,490.84,25.83,14.68,,true,ESTIMATED_MODE_BREAKDOWN
2025-06-28T21:00:00.000000,Japan,Japan,JP,350.11,428.66,36.07,24.85,,true,ESTIMATED_MODE_BREAKDOWN
2025-06-28T22:00:00.000000,Japan,Japan,JP,275.97,346.64,49.58,38.94,,true,ESTIMATED_MODE_BREAKDOWN
2025-06-28T23:00:00.000000,Japan,Japan,JP,229.57,295.54,58.05,48.35,,true,ESTIMATED_MODE_BREAKDOWN
2025-06-29T00:00:00.000000,Japan,Japan,JP,206.86,270.56,62.18,53.37,,true,ESTIMATED_MODE_BREAKDOWN
2025-06-29T01:00:00.000000,Japan,Japan,JP,193.2,255.59,64.68,56.38,,true,ESTIMATED_MODE_BREAKDOWN
2025-06-29T02:00:00.000000,Japan,Japan,JP,193.29,255.75,64.67,56.7,,true,ESTIMATED_MODE_BREAKDOWN
2025-06-29T03:00:00.000000,Japan,Japan,JP,199.34,262.45,63.56,55.75,,true,ESTIMATED_MODE_BREAKDOWN
2025-06-29T04:00:00.000000,Japan,Japan,JP,213.13,277.73,61.05,53.33,,true,ESTIMATED_MODE_BREAKDOWN
2025-06-29T05:00:00.000000,Japan,Japan,JP,241.52,309.14,55.86,48.15,,true,ESTIMATED_MODE_BREAKDOWN
2025-06-29T06:00:00.000000,Japan,Japan,JP,284.26,356.48,48.04,40.33,,true,ESTIMATED_MODE_BREAKDOWN
2025-06-29T07:00:00.000000,Japan,Japan,JP,339.13,417.38,38.04,30.42,,true,ESTIMATED_MODE_BREAKDOWN
2025-06-29T08:00:00.000000,Japan,Japan,JP,394.19,478.48,28.01,20.47,,true,ESTIMATED_MODE_BREAKDOWN
2025-06-29T09:00:00.000000,Japan,Japan,JP,430.84,519.13,21.33,13.74,,true,ESTIMATED_MODE_BREAKDOWN
2025-06-29T10:00:00.000000,Japan,Japan,JP,440.96,530.36,19.49,11.76,,true,ESTIMATED_MODE_BREAKDOWN
2025-06-29T11:00:00.000000,Japan,Japan,JP,439.75,528.88,19.71,11.65,,true,ESTIMATED_MODE_BREAKDOWN
2025-06-29T12:00:00.000000,Japan,Japan,JP,437.41,526.08,20.13,11.63,,true,ESTIMATED_MODE_BREAKDOWN
2025-06-29T13:00:00.000000,Japan,Japan,JP,434.49,522.69,20.66,11.63,,true,ESTIMATED_MODE_BREAKDOWN
2025-06-29T14:00:00.000000,Japan,Japan,JP,432.33,520.15,21.06,11.62,,true,ESTIMATED_MODE_BREAKDOWN
2025-06-29T15:00:00.000000,Japan,Japan,JP,427.8,514.81,21.92,11.46,,true,ESTIMATED_MODE_BREAKDOWN
2025-06-29T16:00:00.000000,Japan,Japan,JP,424.95,511.61,22.44,11.57,,true,ESTIMATED_MODE_BREAKDOWN
2025-06-29T17:00:00.000000,Japan,Japan,JP,422.8,509.14,22.83,11.67,,true,ESTIMATED_MODE_BREAKDOWN
2025-06-29T18:00:00.000000,Japan,Japan,JP,423.94,510.54,22.63,11.71,,true,ESTIMATED_MODE_BREAKDOWN
2025-06-29T19:00:00.000000,Japan,Japan,JP,424.51,511.26,22.53,11.87,,true,ESTIMATED_MODE_BREAKDOWN
2025-06-29T20:00:00.000000,Japan,Japan,JP,412.14,497.62,24.76,14.3,,true,ESTIMATED_MODE_BREAKDOWN
2025-06-29T21:00:00.000000,Japan,Japan,JP,373.38,454.82,31.81,22.02,,true,ESTIMATED_MODE_BREAKDOWN
2025-06-29T22:00:00.000000,Japan,Japan,JP,329.75,406.74,39.76,31.23,,true,ESTIMATED_MODE_BREAKDOWN
2025-06-29T23:00:00.000000,Japan,Japan,JP,305.31,380.04,44.22,37.03,,true,ESTIMATED_MODE_BREAKDOWN
2025-06-30T00:00:00.000000,Japan,Japan,JP,287.75,360.75,47.42,41.03,,true,ESTIMATED_MODE_BREAKDOWN
2025-06-30T01:00:00.000000,Japan,Japan,JP,272.41,343.81,50.22,44.08,,true,ESTIMATED_MODE_BREAKDOWN
2025-06-30T02:00:00.000000,Japan,Japan,JP,268.41,339.4,50.95,44.97,,true,ESTIMATED_MODE_BREAKDOWN
2025-06-30T03:00:00.000000,Japan,Japan,JP,266.18,336.86,51.35,45.3,,true,ESTIMATED_MODE_BREAKDOWN
2025-06-30T04:00:00.000000,Japan,Japan,JP,285.12,357.9,47.9,42.09,,true,ESTIMATED_MODE_BREAKDOWN
2025-06-30T05:00:00.000000,Japan,Japan,JP,306.1,381.15,44.08,38.31,,true,ESTIMATED_MODE_BREAKDOWN
2025-06-30T06:00:00.000000,Japan,Japan,JP,337.05,415.51,38.43,32.67,,true,ESTIMATED_MODE_BREAKDOWN
2025-06-30T07:00:00.000000,Japan,Japan,JP,376.79,459.6,31.19,25.4,,true,ESTIMATED_MODE_BREAKDOWN
2025-06-30T08:00:00.000000,Japan,Japan,JP,413.23,499.99,24.55,18.48,,true,ESTIMATED_MODE_BREAKDOWN
2025-06-30T09:00:00.000000,Japan,Japan,JP,439.34,528.95,19.81,13.49,,true,ESTIMATED_MODE_BREAKDOWN
2025-06-30T10:00:00.000000,Japan,Japan,JP,446.44,536.78,18.51,11.94,,true,ESTIMATED_MODE_BREAKDOWN
2025-06-30T11:00:00.000000,Japan,Japan,JP,444.72,534.68,18.82,11.87,,true,ESTIMATED_MODE_BREAKDOWN
2025-06-30T12:00:00.000000,Japan,Japan,JP,442.49,532.05,19.21,11.86,,true,ESTIMATED_MODE_BREAKDOWN
2025-06-30T13:00:00.000000,Japan,Japan,JP,440.19,529.24,19.63,11.83,,true,ESTIMATED_MODE_BREAKDOWN
2025-06-30T14:00:00.000000,Japan,Japan,JP,438.34,527.05,19.97,11.8,,true,ESTIMATED_MODE_BREAKDOWN
2025-06-30T15:00:00.000000,Japan,Japan,JP,433.23,521.22,20.91,11.92,,true,ESTIMATED_MODE_BREAKDOWN
2025-06-30T16:00:00.000000,Japan,Japan,JP,429.33,516.78,21.61,12.03,,true,ESTIMATED_MODE_BREAKDOWN
2025-06-30T17:00:00.000000,Japan,Japan,JP,427.68,514.85,21.91,12.12,,true,ESTIMATED_MODE_BREAKDOWN
2025-06-30T18:00:00.000000,Japan,Japan,JP,427.99,515.28,21.86,12.14,,true,ESTIMATED_MODE_BREAKDOWN
2025-06-30T19:00:00.000000,Japan,Japan,JP,427.96,515.39,21.88,12.24,,true,ESTIMATED_MODE_BREAKDOWN
2025-06-30T20:00:00.000000,Japan,Japan,JP,418.49,505.0,23.61,14.16,,true,ESTIMATED_MODE_BREAKDOWN
2025-06-30T21:00:00.000000,Japan,Japan,JP,386.74,469.8,29.39,20.43,,true,ESTIMATED_MODE_BREAKDOWN
2025-06-30T22:00:00.000000,Japan,Japan,JP,349.06,428.18,36.24,28.24,,true,ESTIMATED_MODE_BREAKDOWN
2025-06-30T23:00:00.000000,Japan,Japan,JP,327.79,404.98,40.11,33.29,,true,ESTIMATED_MODE_BREAKDOWN
2025-07-01T00:00:00.000000,Japan,Japan,JP,308.38,383.66,43.66,37.53,,true,ESTIMATED_MODE_BREAKDOWN
2025-07-01T01:00:00.000000,Japan,Japan,JP,291.02,364.48,46.82,40.99,,true,ESTIMATED_MODE_BREAKDOWN
2025-07-01T02:00:00.000000,Japan,Japan,JP,289.93,363.3,47.02,41.33,,true,ESTIMATED_MODE_BREAKDOWN
2025-07-01T03:00:00.000000,Japan,Japan,JP,292.29,365.84,46.58,40.8,,true,ESTIMATED_MODE_BREAKDOWN
2025-07-01T04:00:00.000000,Japan,Japan,JP,312.94,388.72,42.82,37.25,,true,ESTIMATED_MODE_BREAKDOWN
2025-07-01T05:00:00.000000,Japan,Japan,JP,337.4,415.85,38.36,32.79,,true,ESTIMATED_MODE_BREAKDOWN
2025-07-01T06:00:00.000000,Japan,Japan,JP,366.99,448.63,32.97,27.29,,true,ESTIMATED_MODE_BREAKDOWN
2025-07-01T07:00:00.000000,Japan,Japan,JP,397.07,482.0,27.49,21.72,,true,ESTIMATED_MODE_BREAKDOWN
2025-07-01T08:00:00.000000,Japan,Japan,JP,423.99,511.88,22.6,16.53,,true,ESTIMATED_MODE_BREAKDOWN
2025-07-01T09:00:00.000000,Japan,Japan,JP,441.33,531.07,19.44,13.16,,true,ESTIMATED_MODE_BREAKDOWN
2025-07-01T10:00:00.000000,Japan,Japan,JP,446.71,537.06,18.47,11.92,,true,ESTIMATED_MODE_BREAKDOWN
2025-07-01T11:00:00.000000,Japan,Japan,JP,445.1,535.2,18.76,11.96,,true,ESTIMATED_MODE_BREAKDOWN
2025-07-01T12:00:00.000000,Japan,Japan,JP,443.14,532.87,19.11,11.88,,true,ESTIMATED_MODE_BREAKDOWN
2025-07-01T13:00:00.000000,Japan,Japan,JP,440.65,529.93,19.55,11.91,,true,ESTIMATED_MODE_BREAKDOWN
2025-07-01T14:00:00.000000,Japan,Japan,JP,438.66,527.52,19.91,11.86,,true,ESTIMATED_MODE_BREAKDOWN
2025-07-01T15:00:00.000000,Japan,Japan,JP,433.31,521.44,20.9,11.97,,true,ESTIMATED_MODE_BREAKDOWN
2025-07-01T16:00:00.000000,Japan,Japan,JP,429.98,517.59,21.5,12.02,,true,ESTIMATED_MODE_BREAKDOWN
2025-07-01T17:00:00.000000,Japan,Japan,JP,427.91,515.21,21.87,12.03,,true,ESTIMATED_MODE_BREAKDOWN
2025-07-01T18:00:00.000000,Japan,Japan,JP,428.98,516.5,21.69,12.01,,true,ESTIMATED_MODE_BREAKDOWN
2025-07-01T19:00:00.000000,Japan,Japan,JP,429.44,517.11,21.61,12.12,,true,ESTIMATED_MODE_BREAKDOWN
2025-07-01T20:00:00.000000,Japan,Japan,JP,422.15,509.07,22.95,13.43,,true,ESTIMATED_MODE_BREAKDOWN
2025-07-01T21:00:00.000000,Japan,Japan,JP,401.33,486.08,26.73,17.75,,true,ESTIMATED_MODE_BREAKDOWN
2025-07-01T22:00:00.000000,Japan,Japan,JP,372.38,454.07,31.99,23.83,,true,ESTIMATED_MODE_BREAKDOWN
2025-07-01T23:00:00.000000,Japan,Japan,JP,346.77,426.0,36.67,29.69,,true,ESTIMATED_MODE_BREAKDOWN
2025-07-02T00:00:00.000000,Japan,Japan,JP,325.56,402.66,40.53,34.27,,true,ESTIMATED_MODE_BREAKDOWN
2025-07-02T01:00:00.000000,Japan,Japan,JP,308.82,384.16,43.58,37.61,,true,ESTIMATED_MODE_BREAKDOWN
2025-07-02T02:00:00.000000,Japan,Japan,JP,303.0,377.78,44.65,38.86,,true,ESTIMATED_MODE_BREAKDOWN
2025-07-02T03:00:00.000000,Japan,Japan,JP,300.57,375.01,45.09,39.22,,true,ESTIMATED_MODE_BREAKDOWN
2025-07-02T04:00:00.000000,Japan,Japan,JP,314.75,390.8,42.5,36.82,,true,ESTIMATED_MODE_BREAKDOWN
2025-07-02T05:00:00.000000,Japan,Japan,JP,336.06,414.47,38.61,32.99,,true,ESTIMATED_MODE_BREAKDOWN
2025-07-02T06:00:00.000000,Japan,Japan,JP,365.29,446.86,33.28,27.58,,true,ESTIMATED_MODE_BREAKDOWN
2025-07-02T07:00:00.000000,Japan,Japan,JP,397.68,482.81,27.39,21.62,,true,ESTIMATED_MODE_BREAKDOWN
2025-07-02T08:00:00.000000,Japan,Japan,JP,423.61,511.53,22.67,16.61,,true,ESTIMATED_MODE_BREAKDOWN
2025-07-02T09:00:00.000000,Japan,Japan,JP,442.48,532.36,19.24,12.95,,true,ESTIMATED_MODE_BREAKDOWN
2025-07-02T10:00:00.000000,Japan,Japan,JP,447.98,538.51,18.24,11.76,,true,ESTIMATED_MODE_BREAKDOWN
2025-07-02T11:00:00.000000,Japan,Japan,JP,446.14,536.36,18.57,11.75,,true,ESTIMATED_MODE_BREAKDOWN
2025-07-02T12:00:00.000000,Japan,Japan,JP,443.51,533.28,19.04,11.79,,true,ESTIMATED_MODE_BREAKDOWN
2025-07-02T13:00:00.000000,Japan,Japan,JP,440.82,530.12,19.52,11.83,,true,ESTIMATED_MODE_BREAKDOWN
2025-07-02T14:00:00.000000,Japan,Japan,JP,438.91,527.78,19.87,11.81,,true,ESTIMATED_MODE_BREAKDOWN
2025-07-02T15:00:00.000000,Japan,Japan,JP,433.96,522.1,20.78,11.92,,true,ESTIMATED_MODE_BREAKDOWN
2025-07-02T16:00:00.000000,Japan,Japan,JP,430.46,518.08,21.41,11.95,,true,ESTIMATED_MODE_BREAKDOWN
2025-07-02T17:00:00.000000,Japan,Japan,JP,429.54,516.99,21.57,11.91,,true,ESTIMATED_MODE_BREAKDOWN
2025-07-02T18:00:00.000000,Japan,Japan,JP,430.0,517.61,21.49,11.91,,true,ESTIMATED_MODE_BREAKDOWN
2025-07-02T19:00:00.000000,Japan,Japan,JP,430.02,517.67,21.5,11.99,,true,ESTIMATED_MODE_BREAKDOWN
2025-07-02T20:00:00.000000,Japan,Japan,JP,420.78,507.55,23.2,13.83,,true,ESTIMATED_MODE_BREAKDOWN
2025-07-02T21:00:00.000000,Japan,Japan,JP,391.28,474.99,28.57,19.59,,true,ESTIMATED_MODE_BREAKDOWN
2025-07-02T22:00:00.000000,Japan,Japan,JP,352.24,431.87,35.68,27.71,,true,ESTIMATED_MODE_BREAKDOWN
2025-07-02T23:00:00.000000,Japan,Japan,JP,324.93,401.93,40.66,33.82,,true,ESTIMATED_MODE_BREAKDOWN
2025-07-03T00:00:00.000000,Japan,Japan,JP,306.18,381.29,44.08,37.94,,true,ESTIMATED_MODE_BREAKDOWN
2025-07-03T01:00:00.000000,Japan,Japan,JP,291.04,364.59,46.84,40.98,,true,ESTIMATED_MODE_BREAKDOWN
2025-07-03T02:00:00.000000,Japan,Japan,JP,285.84,358.85,47.78,42.06,,true,ESTIMATED_MODE_BREAKDOWN
2025-07-03T03:00:00.000000,Japan,Japan,JP,284.36,357.13,48.04,42.29,,true,ESTIMATED_MODE_BREAKDOWN
2025-07-03T04:00:00.000000,Japan,Japan,JP,303.64,378.55,44.53,38.92,,true,ESTIMATED_MODE_BREAKDOWN
2025-07-03T05:00:00.000000,Japan,Japan,JP,327.54,405.06,40.18,34.63,,true,ESTIMATED_MODE_BREAKDOWN
2025-07-03T06:00:00.000000,Japan,Japan,JP,357.88,438.73,34.64,28.97,,true,ESTIMATED_MODE_BREAKDOWN
2025-07-03T07:00:00.000000,Japan,Japan,JP,391.2,475.66,28.57,22.85,,true,ESTIMATED_MODE_BREAKDOWN
2025-07-03T08:00:00.000000,Japan,Japan,JP,421.02,508.64,23.14,17.11,,true,ESTIMATED_MODE_BREAKDOWN
2025-07-03T09:00:00.000000,Japan,Japan,JP,441.77,531.58,19.37,13.14,,true,ESTIMATED_MODE_BREAKDOWN
2025-07-03T10:00:00.000000,Japan,Japan,JP,447.38,537.77,18.35,11.85,,true,ESTIMATED_MODE_BREAKDOWN
2025-07-03T11:00:00.000000,Japan,Japan,JP,445.81,535.95,18.63,11.83,,true,ESTIMATED_MODE_BREAKDOWN
2025-07-03T12:00:00.000000,Japan,Japan,JP,442.91,532.54,19.15,11.93,,true,ESTIMATED_MODE_BREAKDOWN
2025-07-03T13:00:00.000000,Japan,Japan,JP,440.73,529.9,19.54,11.91,,true,ESTIMATED_MODE_BREAKDOWN
2025-07-03T14:00:00.000000,Japan,Japan,JP,438.48,527.24,19.94,11.96,,true,ESTIMATED_MODE_BREAKDOWN
2025-07-03T15:00:00.000000,Japan,Japan,JP,432.9,520.81,20.96,12.08,,true,ESTIMATED_MODE_BREAKDOWN
2025-07-03T16:00:00.000000,Japan,Japan,JP,429.69,517.17,21.55,12.2,,true,ESTIMATED_MODE_BREAKDOWN
2025-07-03T17:00:00.000000,Japan,Japan,JP,427.08,514.16,22.03,12.24,,true,ESTIMATED_MODE_BREAKDOWN
2025-07-03T18:00:00.000000,Japan,Japan,JP,427.54,514.79,21.95,12.34,,true,ESTIMATED_MODE_BREAKDOWN
2025-07-03T19:00:00.000000,Japan,Japan,JP,428.12,515.52,21.86,12.4,,true,ESTIMATED_MODE_BREAKDOWN
2025-07-03T20:00:00.000000,Japan,Japan,JP,420.04,506.57,23.34,13.81,,true,ESTIMATED_MODE_BREAKDOWN
2025-07-03T21:00:00.000000,Japan,Japan,JP,393.65,477.5,28.14,19.26,,true,ESTIMATED_MODE_BREAKDOWN
2025-07-03T22:00:00.000000,Japan,Japan,JP,359.04,439.32,34.43,26.44,,true,ESTIMATED_MODE_BREAKDOWN
2025-07-03T23:00:00.000000,Japan,Japan,JP,338.57,417.02,38.17,31.36,,true,ESTIMATED_MODE_BREAKDOWN
2025-07-04T00:00:00.000000,Japan,Japan,JP,318.33,394.73,41.86,35.68,,true,ESTIMATED_MODE_BREAKDOWN
2025-07-04T01:00:00.000000,Japan,Japan,JP,299.41,373.89,45.31,39.4,,true,ESTIMATED_MODE_BREAKDOWN
2025-07-04T02:00:00.000000,Japan,Japan,JP,289.48,362.92,47.12,41.35,,true,ESTIMATED_MODE_BREAKDOWN
2025-07-04T03:00:00.000000,Japan,Japan,JP,285.44,358.39,47.85,42.02,,true,ESTIMATED_MODE_BREAKDOWN
2025-07-04T04:00:00.000000,Japan,Japan,JP,303.06,378.01,44.63,39.03,,true,ESTIMATED_MODE_BREAKDOWN
2025-07-04T05:00:00.000000,Japan,Japan,JP,327.37,404.95,40.2,34.66,,true,ESTIMATED_MODE_BREAKDOWN
2025-07-04T06:00:00.000000,Japan,Japan,JP,357.79,438.59,34.65,29.05,,true,ESTIMATED_MODE_BREAKDOWN
2025-07-04T07:00:00.000000,Japan,Japan,JP,393.76,478.47,28.11,22.44,,true,ESTIMATED_MODE_BREAKDOWN
2025-07-04T08:00:00.000000,Japan,Japan,JP,421.66,509.32,23.03,16.99,,true,ESTIMATED_MODE_BREAKDOWN
2025-07-04T09:00:00.000000,Japan,Japan,JP,441.13,530.85,19.49,13.25,,true,ESTIMATED_MODE_BREAKDOWN
2025-07-04T10:00:00.000000,Japan,Japan,JP,446.47,536.76,18.52,11.99,,true,ESTIMATED_MODE_BREAKDOWN
2025-07-04T11:00:00.000000,Japan,Japan,JP,444.8,534.81,18.82,12.01,,true,ESTIMATED_MODE_BREAKDOWN
2025-07-04T12:00:00.000000,Japan,Japan,JP,442.62,532.21,19.21,11.99,,true,ESTIMATED_MODE_BREAKDOWN
2025-07-04T13:00:00.000000,Japan,Japan,JP,440.08,529.23,19.66,12.0,,true,ESTIMATED_MODE_BREAKDOWN
2025-07-04T14:00:00.000000,Japan,Japan,JP,437.95,526.71,20.05,11.98,,true,ESTIMATED_MODE_BREAKDOWN
2025-07-04T15:00:00.000000,Japan,Japan,JP,433.88,521.94,20.8,11.95,,true,ESTIMATED_MODE_BREAKDOWN
2025-07-04T16:00:00.000000,Japan,Japan,JP,430.66,518.18,21.39,11.86,,true,ESTIMATED_MODE_BREAKDOWN
2025-07-04T17:00:00.000000,Japan,Japan,JP,430.1,517.55,21.49,11.84,,true,ESTIMATED_MODE_BREAKDOWN
2025-07-04T18:00:00.000000,Japan,Japan,JP,429.22,516.6,21.65,11.91,,true,ESTIMATED_MODE_BREAKDOWN
2025-07-04T19:00:00.000000,Japan,Japan,JP,429.16,516.62,21.67,12.0,,true,ESTIMATED_MODE_BREAKDOWN
2025-07-04T20:00:00.000000,Japan,Japan,JP,420.66,507.22,23.23,13.4,,true,ESTIMATED_MODE_BREAKDOWN
2025-07-04T21:00:00.000000,Japan,Japan,JP,392.84,476.38,28.29,18.41,,true,ESTIMATED_MODE_BREAKDOWN
2025-07-04T22:00:00.000000,Japan,Japan,JP,351.84,430.98,35.73,26.49,,true,ESTIMATED_MODE_BREAKDOWN
2025-07-04T23:00:00.000000,Japan,Japan,JP,321.65,397.77,41.23,33.05,,true,ESTIMATED_MODE_BREAKDOWN
2025-07-05T00:00:00.000000,Japan,Japan,JP,300.69,374.62,45.04,37.6,,true,ESTIMATED_MODE_BREAKDOWN
2025-07-05T01:00:00.000000,Japan,Japan,JP,281.85,353.72,48.48,41.28,,true,ESTIMATED_MODE_BREAKDOWN
2025-07-05T02:00:00.000000,Japan,Japan,JP,272.14,343.0,50.25,43.2,,true,ESTIMATED_MODE_BREAKDOWN
2025-07-05T03:00:00.000000,Japan,Japan,JP,269.33,339.92,50.76,43.72,,true,ESTIMATED_MODE_BREAKDOWN
2025-07-05T04:00:00.000000,Japan,Japan,JP,275.49,346.83,49.64,42.68,,true,ESTIMATED_MODE_BREAKDOWN
2025-07-05T05:00:00.000000,Japan,Japan,JP,294.8,368.24,46.12,39.24,,true,ESTIMATED_MODE_BREAKDOWN
2025-07-05T06:00:00.000000,Japan,Japan,JP,327.88,404.99,40.09,33.24,,true,ESTIMATED_MODE_BREAKDOWN
2025-07-05T07:00:00.000000,Japan,Japan,JP,369.38,451.06,32.53,25.69,,true,ESTIMATED_MODE_BREAKDOWN
2025-07-05T08:00:00.000000,Japan,Japan,JP,409.49,495.63,25.24,18.3,,true,ESTIMATED_MODE_BREAKDOWN
2025-07-05T09:00:00.000000,Japan,Japan,JP,436.69,525.84,20.29,13.27,,true,ESTIMATED_MODE_BREAKDOWN
2025-07-05T10:00:00.000000,Japan,Japan,JP,444.02,533.93,18.95,11.79,,true,ESTIMATED_MODE_BREAKDOWN
2025-07-05T11:00:00.000000,Japan,Japan,JP,442.89,532.46,19.15,11.66,,true,ESTIMATED_MODE_BREAKDOWN
2025-07-05T12:00:00.000000,Japan,Japan,JP,440.86,529.97,19.52,11.6,,true,ESTIMATED_MODE_BREAKDOWN
2025-07-05T13:00:00.000000,Japan,Japan,JP,438.42,527.08,19.96,11.59,,true,ESTIMATED_MODE_BREAKDOWN
2025-07-05T14:00:00.000000,Japan,Japan,JP,436.34,524.71,20.35,11.64,,true,ESTIMATED_MODE_BREAKDOWN
2025-07-05T15:00:00.000000,Japan,Japan,JP,429.22,516.46,21.65,11.65,,true,ESTIMATED_MODE_BREAKDOWN
2025-07-05T16:00:00.000000,Japan,Japan,JP,427.54,514.63,21.95,11.8,,true,ESTIMATED_MODE_BREAKDOWN
2025-07-05T17:00:00.000000,Japan,Japan,JP,425.88,512.79,22.25,11.95,,true,ESTIMATED_MODE_BREAKDOWN
2025-07-05T18:00:00.000000,Japan,Japan,JP,425.12,511.99,22.39,12.08,,true,ESTIMATED_MODE_BREAKDOWN
2025-07-05T19:00:00.000000,Japan,Japan,JP,424.9,511.8,22.44,12.21,,true,ESTIMATED_MODE_BREAKDOWN
2025-07-05T20:00:00.000000,Japan,Japan,JP,413.47,499.16,24.53,14.19,,true,ESTIMATED_MODE_BREAKDOWN
2025-07-05T21:00:00.000000,Japan,Japan,JP,372.43,453.59,32.0,21.67,,true,ESTIMATED_MODE_BREAKDOWN
2025-07-05T22:00:00.000000,Japan,Japan,JP,316.23,391.4,42.23,32.55,,true,ESTIMATED_MODE_BREAKDOWN
2025-07-05T23:00:00.000000,Japan,Japan,JP,276.44,347.56,49.48,40.77,,true,ESTIMATED_MODE_BREAKDOWN
2025-07-06T00:00:00.000000,Japan,Japan,JP,256.42,325.55,53.13,45.21,,true,ESTIMATED_MODE_BREAKDOWN
2025-07-06T01:00:00.000000,Japan,Japan,JP,243.46,311.3,55.5,47.96,,true,ESTIMATED_MODE_BREAKDOWN
2025-07-06T02:00:00.000000,Japan,Japan,JP,237.88,305.18,56.52,49.26,,true,ESTIMATED_MODE_BREAKDOWN
2025-07-06T03:00:00.000000,Japan,Japan,JP,241.3,308.97,55.89,48.78,,true,ESTIMATED_MODE_BREAKDOWN
2025-07-06T04:00:00.000000,Japan,Japan,JP,253.12,322.01,53.73,46.66,,true,ESTIMATED_MODE_BREAKDOWN
2025-07-06T05:00:00.000000,Japan,Japan,JP,271.91,342.83,50.3,43.24,,true,ESTIMATED_MODE_BREAKDOWN
2025-07-06T06:00:00.000000,Japan,Japan,JP,306.31,381.02,44.02,36.99,,true,ESTIMATED_MODE_BREAKDOWN
2025-07-06T07:00:00.000000,Japan,Japan,JP,355.62,435.74,35.04,28.08,,true,ESTIMATED_MODE_BREAKDOWN
2025-07-06T08:00:00.000000,Japan,Japan,JP,403.19,488.56,26.37,19.47,,true,ESTIMATED_MODE_BREAKDOWN
2025-07-06T09:00:00.000000,Japan,Japan,JP,434.86,523.7,20.61,13.66,,true,ESTIMATED_MODE_BREAKDOWN
2025-07-06T10:00:00.000000,Japan,Japan,JP,444.2,534.01,18.91,11.85,,true,ESTIMATED_MODE_BREAKDOWN
2025-07-06T11:00:00.000000,Japan,Japan,JP,442.58,532.1,19.2,11.86,,true,ESTIMATED_MODE_BREAKDOWN
2025-07-06T12:00:00.000000,Japan,Japan,JP,440.56,529.73,19.56,11.85,,true,ESTIMATED_MODE_BREAKDOWN
2025-07-06T13:00:00.000000,Japan,Japan,JP,437.61,526.22,20.09,11.87,,true,ESTIMATED_MODE_BREAKDOWN
2025-07-06T14:00:00.000000,Japan,Japan,JP,435.87,524.17,20.42,11.81,,true,ESTIMATED_MODE_BREAKDOWN
2025-07-06T15:00:00.000000,Japan,Japan,JP,430.47,517.93,21.4,11.92,,true,ESTIMATED_MODE_BREAKDOWN
2025-07-06T16:00:00.000000,Japan,Japan,JP,427.58,514.61,21.93,11.86,,true,ESTIMATED_MODE_BREAKDOWN
2025-07-06T17:00:00.000000,Japan,Japan,JP,426.57,513.43,22.12,11.83,,true,ESTIMATED_MODE_BREAKDOWN
2025-07-06T18:00:00.000000,Japan,Japan,JP,427.02,513.98,22.04,11.85,,true,ESTIMATED_MODE_BREAKDOWN
2025-07-06T19:00:00.000000,Japan,Japan,JP,427.08,514.14,22.02,11.98,,true,ESTIMATED_MODE_BREAKDOWN
2025-07-06T20:00:00.000000,Japan,Japan,JP,418.67,505.0,23.57,13.86,,true,ESTIMATED_MODE_BREAKDOWN
2025-07-06T21:00:00.000000,Japan,Japan,JP,390.41,473.85,28.71,19.64,,true,ESTIMATED_MODE_BREAKDOWN
2025-07-06T22:00:00.000000,Japan,Japan,JP,356.99,437.02,34.79,26.91,,true,ESTIMATED_MODE_BREAKDOWN
2025-07-06T23:00:00.000000,Japan,Japan,JP,336.63,414.8,38.5,31.84,,true,ESTIMATED_MODE_BREAKDOWN
2025-07-07T00:00:00.000000,Japan,Japan,JP,321.04,397.66,41.34,35.34,,true,ESTIMATED_MODE_BREAKDOWN
2025-07-07T01:00:00.000000,Japan,Japan,JP,305.57,380.56,44.17,38.22,,true,ESTIMATED_MODE_BREAKDOWN
2025-07-07T02:00:00.000000,Japan,Japan,JP,297.55,371.71,45.63,39.75,,true,ESTIMATED_MODE_BREAKDOWN
2025-07-07T03:00:00.000000,Japan,Japan,JP,292.33,365.95,46.58,40.84,,true,ESTIMATED_MODE_BREAKDOWN
2025-07-07T04:00:00.000000,Japan,Japan,JP,307.28,382.55,43.85,38.35,,true,ESTIMATED_MODE_BREAKDOWN
2025-07-07T05:00:00.000000,Japan,Japan,JP,328.03,405.56,40.07,34.62,,true,ESTIMATED_MODE_BREAKDOWN
2025-07-07T06:00:00.000000,Japan,Japan,JP,357.25,437.97,34.74,29.28,,true,ESTIMATED_MODE_BREAKDOWN
2025-07-07T07:00:00.000000,Japan,Japan,JP,392.71,477.32,28.28,22.77,,true,ESTIMATED_MODE_BREAKDOWN
2025-07-07T08:00:00.000000,Japan,Japan,JP,422.03,509.85,22.95,17.26,,true,ESTIMATED_MODE_BREAKDOWN
2025-07-07T09:00:00.000000,Japan,Japan,JP,443.77,533.91,18.98,13.08,,true,ESTIMATED_MODE_BREAKDOWN
2025-07-07T10:00:00.000000,Japan,Japan,JP,449.6,540.34,17.92,11.75,,true,ESTIMATED_MODE_BREAKDOWN
2025-07-07T11:00:00.000000,Japan,Japan,JP,448.45,538.96,18.13,11.66,,true,ESTIMATED_MODE_BREAKDOWN
2025-07-07T12:00:00.000000,Japan,Japan,JP,446.07,536.19,18.56,11.67,,true,ESTIMATED_MODE_BREAKDOWN
2025-07-07T13:00:00.000000,Japan,Japan,JP,443.58,533.23,19.01,11.68,,true,ESTIMATED_MODE_BREAKDOWN
2025-07-07T14:00:00.000000,Japan,Japan,JP,441.88,531.21,19.33,11.64,,true,ESTIMATED_MODE_BREAKDOWN
2025-07-07T15:00:00.000000,Japan,Japan,JP,435.58,523.95,20.49,11.61,,true,ESTIMATED_MODE_BREAKDOWN
2025-07-07T16:00:00.000000,Japan,Japan,JP,434.27,522.46,20.72,11.72,,true,ESTIMATED_MODE_BREAKDOWN
2025-07-07T17:00:00.000000,Japan,Japan,JP,432.93,520.94,20.96,11.76,,true,ESTIMATED_MODE_BREAKDOWN
2025-07-07T18:00:00.000000,Japan,Japan,JP,432.82,520.87,21.0,11.78,,true,ESTIMATED_MODE_BREAKDOWN
2025-07-07T19:00:00.000000,Japan,Japan,JP,433.17,521.37,20.94,11.87,,true,ESTIMATED_MODE_BREAKDOWN
2025-07-07T20:00:00.000000,Japan,Japan,JP,424.13,511.42,22.6,13.47,,true,ESTIMATED_MODE_BREAKDOWN
2025-07-07T21:00:00.000000,Japan,Japan,JP,398.88,483.57,27.2,18.68,,true,ESTIMATED_MODE_BREAKDOWN
2025-07-07T22:00:00.000000,Japan,Japan,JP,366.0,447.29,33.18,25.61,,true,ESTIMATED_MODE_BREAKDOWN
2025-07-07T23:00:00.000000,Japan,Japan,JP,340.18,418.95,37.88,31.37,,true,ESTIMATED_MODE_BREAKDOWN
2025-07-08T00:00:00.000000,Japan,Japan,JP,322.87,399.86,41.03,35.13,,true,ESTIMATED_MODE_BREAKDOWN
2025-07-08T01:00:00.000000,Japan,Japan,JP,305.58,380.76,44.18,38.52,,true,ESTIMATED_MODE_BREAKDOWN
2025-07-08T02:00:00.000000,Japan,Japan,JP,298.72,373.23,45.44,39.93,,true,ESTIMATED_MODE_BREAKDOWN
2025-07-08T03:00:00.000000,Japan,Japan,JP,296.65,370.9,45.82,40.24,,true,ESTIMATED_MODE_BREAKDOWN
2025-07-08T04:00:00.000000,Japan,Japan,JP,309.68,385.34,43.43,38.0,,true,ESTIMATED_MODE_BREAKDOWN
2025-07-08T05:00:00.000000,Japan,Japan,JP,329.1,406.89,39.89,34.49,,true,ESTIMATED_MODE_BREAKDOWN
2025-07-08T06:00:00.000000,Japan,Japan,JP,356.8,437.63,34.86,29.39,,true,ESTIMATED_MODE_BREAKDOWN
2025-07-08T07:00:00.000000,Japan,Japan,JP,391.52,476.09,28.51,22.97,,true,ESTIMATED_MODE_BREAKDOWN
2025-07-08T08:00:00.000000,Japan,Japan,JP,423.51,511.46,22.68,16.86,,true,ESTIMATED_MODE_BREAKDOWN
2025-07-08T09:00:00.000000,Japan,Japan,JP,443.67,533.75,19.0,12.96,,true,ESTIMATED_MODE_BREAKDOWN
2025-07-08T10:00:00.000000,Japan,Japan,JP,448.68,539.25,18.09,11.87,,true,ESTIMATED_MODE_BREAKDOWN
2025-07-08T11:00:00.000000,Japan,Japan,JP,446.8,537.08,18.42,11.94,,true,ESTIMATED_MODE_BREAKDOWN
2025-07-08T12:00:00.000000,Japan,Japan,JP,444.88,534.79,18.77,11.87,,true,ESTIMATED_MODE_BREAKDOWN
2025-07-08T13:00:00.000000,Japan,Japan,JP,442.89,532.41,19.13,11.77,,true,ESTIMATED_MODE_BREAKDOWN
2025-07-08T14:00:00.000000,Japan,Japan,JP,440.87,530.04,19.51,11.76,,true,ESTIMATED_MODE_BREAKDOWN
2025-07-08T15:00:00.000000,Japan,Japan,JP,436.49,524.87,20.3,11.77,,true,ESTIMATED_MODE_BREAKDOWN
2025-07-08T16:00:00.000000,Japan,Japan,JP,433.2,521.15,20.9,11.87,,true,ESTIMATED_MODE_BREAKDOWN
2025-07-08T17:00:00.000000,Japan,Japan,JP,431.68,519.45,21.18,11.94,,true,ESTIMATED_MODE_BREAKDOWN
2025-07-08T18:00:00.000000,Japan,Japan,JP,431.59,519.42,21.2,11.97,,true,ESTIMATED_MODE_BREAKDOWN
2025-07-08T19:00:00.000000,Japan,Japan,JP,431.67,519.59,21.19,12.08,,true,ESTIMATED_MODE_BREAKDOWN
2025-07-08T20:00:00.000000,Japan,Japan,JP,422.97,510.02,22.78,13.76,,true,ESTIMATED_MODE_BREAKDOWN
2025-07-08T21:00:00.000000,Japan,Japan,JP,392.73,476.55,28.28,19.65,,true,ESTIMATED_MODE_BREAKDOWN
2025-07-08T22:00:00.000000,Japan,Japan,JP,354.88,434.8,35.17,27.52,,true,ESTIMATED_MODE_BREAKDOWN
2025-07-08T23:00:00.000000,Japan,Japan,JP,329.95,407.53,39.72,33.2,,true,ESTIMATED_MODE_BREAKDOWN
2025-07-09T00:00:00.000000,Japan,Japan,JP,314.35,390.35,42.57,36.64,,true,ESTIMATED_MODE_BREAKDOWN
2025-07-09T01:00:00.000000,Japan,Japan,JP,298.25,372.6,45.51,39.81,,true,ESTIMATED_MODE_BREAKDOWN
2025-07-09T02:00:00.000000,Japan,Japan,JP,292.31,366.06,46.61,41.01,,true,ESTIMATED_MODE_BREAKDOWN
2025-07-09T03:00:00.000000,Japan,Japan,JP,288.59,361.93,47.29,41.61,,true,ESTIMATED_MODE_BREAKDOWN
2025-07-09T04:00:00.000000,Japan,Japan,JP,306.06,381.34,44.11,38.62,,true,ESTIMATED_MODE_BREAKDOWN
2025-07-09T05:00:00.000000,Japan,Japan,JP,327.02,404.55,40.28,34.82,,true,ESTIMATED_MODE_BREAKDOWN
2025-07-09T06:00:00.000000,Japan,Japan,JP,355.77,436.39,35.04,29.52,,true,ESTIMATED_MODE_BREAKDOWN
2025-07-09T07:00:00.000000,Japan,Japan,JP,389.56,473.8,28.87,23.29,,true,ESTIMATED_MODE_BREAKDOWN
2025-07-09T08:00:00.000000,Japan,Japan,JP,420.44,507.93,23.23,17.33,,true,ESTIMATED_MODE_BREAKDOWN
2025-07-09T09:00:00.000000,Japan,Japan,JP,441.31,531.02,19.43,13.3,,true,ESTIMATED_MODE_BREAKDOWN
2025-07-09T10:00:00.000000,Japan,Japan,JP,447.85,538.23,18.24,11.87,,true,ESTIMATED_MODE_BREAKDOWN
2025-07-09T11:00:00.000000,Japan,Japan,JP,446.66,536.83,18.46,11.82,,true,ESTIMATED_MODE_BREAKDOWN
2025-07-09T12:00:00.000000,Japan,Japan,JP,444.36,534.14,18.87,11.82,,true,ESTIMATED_MODE_BREAKDOWN
2025-07-09T13:00:00.000000,Japan,Japan,JP,442.05,531.44,19.28,11.86,,true,ESTIMATED_MODE_BREAKDOWN
2025-07-09T14:00:00.000000,Japan,Japan,JP,439.46,528.42,19.76,11.86,,true,ESTIMATED_MODE_BREAKDOWN
2025-07-09T15:00:00.000000,Japan,Japan,JP,433.68,521.65,20.81,11.91,,true,ESTIMATED_MODE_BREAKDOWN
2025-07-09T16:00:00.000000,Japan,Japan,JP,431.23,518.92,21.25,12.12,,true,ESTIMATED_MODE_BREAKDOWN
2025-07-09T17:00:00.000000,Japan,Japan,JP,429.62,517.1,21.55,12.14,,true,ESTIMATED_MODE_BREAKDOWN
2025-07-09T18:00:00.000000,Japan,Japan,JP,429.18,516.62,21.63,12.19,,true,ESTIMATED_MODE_BREAKDOWN
2025-07-09T19:00:00.000000,Japan,Japan,JP,429.58,517.11,21.56,12.26,,true,ESTIMATED_MODE_BREAKDOWN
2025-07-09T20:00:00.000000,Japan,Japan,JP,422.03,508.84,22.94,13.8,,true,ESTIMATED_MODE_BREAKDOWN
2025-07-09T21:00:00.000000,Japan,Japan,JP,395.34,479.37,27.8,19.21,,true,ESTIMATED_MODE_BREAKDOWN
2025-07-09T22:00:00.000000,Japan,Japan,JP,360.47,440.87,34.14,26.47,,true,ESTIMATED_MODE_BREAKDOWN
2025-07-09T23:00:00.000000,Japan,Japan,JP,340.06,418.64,37.87,31.36,,true,ESTIMATED_MODE_BREAKDOWN
2025-07-10T00:00:00.000000,Japan,Japan,JP,327.52,404.92,40.16,34.26,,true,ESTIMATED_MODE_BREAKDOWN
2025-07-10T01:00:00.000000,Japan,Japan,JP,315.13,391.22,42.42,36.71,,true,ESTIMATED_MODE_BREAKDOWN
2025-07-10T02:00:00.000000,Japan,Japan,JP,306.96,382.2,43.91,38.35,,true,ESTIMATED_MODE_BREAKDOWN
2025-07-10T03:00:00.000000,Japan,Japan,JP,303.52,378.34,44.54,38.89,,true,ESTIMATED_MODE_BREAKDOWN
2025-07-10T04:00:00.000000,Japan,Japan,JP,325.4,402.6,40.55,35.13,,true,ESTIMATED_MODE_BREAKDOWN
2025-07-10T05:00:00.000000,Japan,Japan,JP,349.24,428.93,36.2,30.74,,true,ESTIMATED_MODE_BREAKDOWN
2025-07-10T06:00:00.000000,Japan,Japan,JP,375.89,458.46,31.35,25.84,,true,ESTIMATED_MODE_BREAKDOWN
2025-07-10T07:00:00.000000,Japan,Japan,JP,402.74,488.3,26.47,20.82,,true,ESTIMATED_MODE_BREAKDOWN
2025-07-10T08:00:00.000000,Japan,Japan,JP,426.08,514.11,22.21,16.22,,true,ESTIMATED_MODE_BREAKDOWN
2025-07-10T09:00:00.000000,Japan,Japan,JP,439.98,529.5,19.67,13.41,,true,ESTIMATED_MODE_BREAKDOWN
2025-07-10T10:00:00.000000,Japan,Japan,JP,444.27,534.19,18.89,12.33,,true,ESTIMATED_MODE_BREAKDOWN
2025-07-10T11:00:00.000000,Japan,Japan,JP,442.48,532.12,19.23,12.3,,true,ESTIMATED_MODE_BREAKDOWN
2025-07-10T12:00:00.000000,Japan,Japan,JP,440.37,529.62,19.61,12.29,,true,ESTIMATED_MODE_BREAKDOWN
2025-07-10T13:00:00.000000,Japan,Japan,JP,438.17,527.01,20.01,12.28,,true,ESTIMATED_MODE_BREAKDOWN
2025-07-10T14:00:00.000000,Japan,Japan,JP,436.09,524.58,20.4,12.3,,true,ESTIMATED_MODE_BREAKDOWN
2025-07-10T15:00:00.000000,Japan,Japan,JP,431.29,518.97,21.27,12.39,,true,ESTIMATED_MODE_BREAKDOWN
2025-07-10T16:00:00.000000,Japan,Japan,JP,427.62,514.69,21.93,12.42,,true,ESTIMATED_MODE_BREAKDOWN
2025-07-10T17:00:00.000000,Japan,Japan,JP,425.79,512.62,22.26,12.56,,true,ESTIMATED_MODE_BREAKDOWN
2025-07-10T18:00:00.000000,Japan,Japan,JP,425.19,511.98,22.36,12.66,,true,ESTIMATED_MODE_BREAKDOWN
2025-07-10T19:00:00.000000,Japan,Japan,JP,425.15,512.05,22.38,12.77,,true,ESTIMATED_MODE_BREAKDOWN
2025-07-10T20:00:00.000000,Japan,Japan,JP,420.62,507.18,23.23,13.79,,true,ESTIMATED_MODE_BREAKDOWN
2025-07-10T21:00:00.000000,Japan,Japan,JP,400.66,485.11,26.86,17.81,,true,ESTIMATED_MODE_BREAKDOWN
2025-07-10T22:00:00.000000,Japan,Japan,JP,373.78,455.48,31.74,23.54,,true,ESTIMATED_MODE_BREAKDOWN
2025-07-10T23:00:00.000000,Japan,Japan,JP,358.48,438.9,34.53,27.36,,true,ESTIMATED_MODE_BREAKDOWN
2025-07-11T00:00:00.000000,Japan,Japan,JP,346.78,426.1,36.66,30.24,,true,ESTIMATED_MODE_BREAKDOWN
2025-07-11T01:00:00.000000,Japan,Japan,JP,332.36,410.14,39.28,33.05,,true,ESTIMATED_MODE_BREAKDOWN
2025-07-11T02:00:00.000000,Japan,Japan,JP,325.58,402.72,40.53,34.38,,true,ESTIMATED_MODE_BREAKDOWN
2025-07-11T03:00:00.000000,Japan,Japan,JP,323.91,400.77,40.83,34.44,,true,ESTIMATED_MODE_BREAKDOWN
2025-07-11T04:00:00.000000,Japan,Japan,JP,337.66,415.99,38.32,32.05,,true,ESTIMATED_MODE_BREAKDOWN
2025-07-11T05:00:00.000000,Japan,Japan,JP,353.6,433.71,35.43,29.22,,true,ESTIMATED_MODE_BREAKDOWN
2025-07-11T06:00:00.000000,Japan,Japan,JP,372.49,454.76,32.0,25.72,,true,ESTIMATED_MODE_BREAKDOWN
2025-07-11T07:00:00.000000,Japan,Japan,JP,398.46,483.52,27.26,20.9,,true,ESTIMATED_MODE_BREAKDOWN
2025-07-11T08:00:00.000000,Japan,Japan,JP,421.44,508.87,23.07,16.4,,true,ESTIMATED_MODE_BREAKDOWN
2025-07-11T09:00:00.000000,Japan,Japan,JP,436.74,525.81,20.28,13.37,,true,ESTIMATED_MODE_BREAKDOWN
2025-07-11T10:00:00.000000,Japan,Japan,JP,440.52,529.93,19.59,12.44,,true,ESTIMATED_MODE_BREAKDOWN
2025-07-11T11:00:00.000000,Japan,Japan,JP,438.39,527.47,19.97,12.46,,true,ESTIMATED_MODE_BREAKDOWN
2025-07-11T12:00:00.000000,Japan,Japan,JP,436.2,524.88,20.37,12.42,,true,ESTIMATED_MODE_BREAKDOWN
2025-07-11T13:00:00.000000,Japan,Japan,JP,433.92,522.17,20.78,12.44,,true,ESTIMATED_MODE_BREAKDOWN
2025-07-11T14:00:00.000000,Japan,Japan,JP,431.94,519.83,21.14,12.35,,true,ESTIMATED_MODE_BREAKDOWN
2025-07-11T15:00:00.000000,Japan,Japan,JP,426.19,513.14,22.19,12.32,,true,ESTIMATED_MODE_BREAKDOWN
2025-07-11T16:00:00.000000,Japan,Japan,JP,424.11,510.75,22.56,12.37,,true,ESTIMATED_MODE_BREAKDOWN
2025-07-11T17:00:00.000000,Japan,Japan,JP,421.74,507.98,22.98,12.33,,true,ESTIMATED_MODE_BREAKDOWN
2025-07-11T18:00:00.000000,Japan,Japan,JP,422.8,509.24,22.79,12.23,,true,ESTIMATED_MODE_BREAKDOWN
2025-07-11T19:00:00.000000,Japan,Japan,JP,424.01,510.74,22.58,12.36,,true,ESTIMATED_MODE_BREAKDOWN
2025-07-11T20:00:00.000000,Japan,Japan,JP,414.78,500.52,24.28,13.82,,true,ESTIMATED_MODE_BREAKDOWN
2025-07-11T21:00:00.000000,Japan,Japan,JP,384.67,467.2,29.76,19.47,,true,ESTIMATED_MODE_BREAKDOWN
2025-07-11T22:00:00.000000,Japan,Japan,JP,346.73,425.2,36.65,26.81,,true,ESTIMATED_MODE_BREAKDOWN
2025-07-11T23:00:00.000000,Japan,Japan,JP,322.05,398.09,41.15,32.19,,true,ESTIMATED_MODE_BREAKDOWN
2025-07-12T00:00:00.000000,Japan,Japan,JP,300.84,374.78,45.03,36.73,,true,ESTIMATED_MODE_BREAKDOWN
2025-07-12T01:00:00.000000,Japan,Japan,JP,281.59,353.51,48.54,40.53,,true,ESTIMATED_MODE_BREAKDOWN
2025-07-12T02:00:00.000000,Japan,Japan,JP,265.42,335.68,51.49,43.67,,true,ESTIMATED_MODE_BREAKDOWN
2025-07-12T03:00:00.000000,Japan,Japan,JP,262.21,332.14,52.08,44.31,,true,ESTIMATED_MODE_BREAKDOWN
2025-07-12T04:00:00.000000,Japan,Japan,JP,270.65,341.54,50.55,42.85,,true,ESTIMATED_MODE_BREAKDOWN
2025-07-12T05:00:00.000000,Japan,Japan,JP,288.97,361.85,47.21,39.49,,true,ESTIMATED_MODE_BREAKDOWN
2025-07-12T06:00:00.000000,Japan,Japan,JP,319.27,395.46,41.67,33.95,,true,ESTIMATED_MODE_BREAKDOWN
2025-07-12T07:00:00.000000,Japan,Japan,JP,362.28,443.11,33.83,26.11,,true,ESTIMATED_MODE_BREAKDOWN
2025-07-12T08:00:00.000000,Japan,Japan,JP,403.82,489.13,26.27,18.5,,true,ESTIMATED_MODE_BREAKDOWN
2025-07-12T09:00:00.000000,Japan,Japan,JP,430.47,518.67,21.42,13.58,,true,ESTIMATED_MODE_BREAKDOWN
2025-07-12T10:00:00.000000,Japan,Japan,JP,437.73,526.72,20.11,12.13,,true,ESTIMATED_MODE_BREAKDOWN
2025-07-12T11:00:00.000000,Japan,Japan,JP,436.67,525.42,20.3,12.01,,true,ESTIMATED_MODE_BREAKDOWN
2025-07-12T12:00:00.000000,Japan,Japan,JP,434.47,522.85,20.69,11.95,,true,ESTIMATED_MODE_BREAKDOWN
2025-07-12T13:00:00.000000,Japan,Japan,JP,432.12,520.05,21.11,11.94,,true,ESTIMATED_MODE_BREAKDOWN
2025-07-12T14:00:00.000000,Japan,Japan,JP,430.29,517.96,21.44,11.97,,true,ESTIMATED_MODE_BREAKDOWN
2025-07-12T15:00:00.000000,Japan,Japan,JP,425.86,512.9,22.26,11.99,,true,ESTIMATED_MODE_BREAKDOWN
2025-07-12T16:00:00.000000,Japan,Japan,JP,422.61,509.11,22.85,11.94,,true,ESTIMATED_MODE_BREAKDOWN
2025-07-12T17:00:00.000000,Japan,Japan,JP,421.81,508.2,22.99,11.9,,true,ESTIMATED_MODE_BREAKDOWN
2025-07-12T18:00:00.000000,Japan,Japan,JP,421.83,508.24,22.98,11.95,,true,ESTIMATED_MODE_BREAKDOWN
2025-07-12T19:00:00.000000,Japan,Japan,JP,422.38,508.95,22.89,12.04,,true,ESTIMATED_MODE_BREAKDOWN
2025-07-12T20:00:00.000000,Japan,Japan,JP,412.7,498.3,24.68,13.8,,true,ESTIMATED_MODE_BREAKDOWN
2025-07-12T21:00:00.000000,Japan,Japan,JP,372.29,453.52,32.04,21.14,,true,ESTIMATED_MODE_BREAKDOWN
2025-07-12T22:00:00.000000,Japan,Japan,JP,312.14,386.87,42.97,32.59,,true,ESTIMATED_MODE_BREAKDOWN
2025-07-12T23:00:00.000000,Japan,Japan,JP,265.62,335.61,51.45,42.0,,true,ESTIMATED_MODE_BREAKDOWN
2025-07-13T00:00:00.000000,Japan,Japan,JP,242.91,310.69,55.6,47.05,,true,ESTIMATED_MODE_BREAKDOWN
2025-07-13T01:00:00.000000,Japan,Japan,JP,234.71,301.73,57.1,48.96,,true,ESTIMATED_MODE_BREAKDOWN
2025-07-13T02:00:00.000000,Japan,Japan,JP,230.85,297.47,57.8,49.96,,true,ESTIMATED_MODE_BREAKDOWN
2025-07-13T03:00:00.000000,Japan,Japan,JP,234.69,301.81,57.11,49.52,,true,ESTIMATED_MODE_BREAKDOWN
2025-07-13T04:00:00.000000,Japan,Japan,JP,242.47,310.43,55.69,48.17,,true,ESTIMATED_MODE_BREAKDOWN
2025-07-13T05:00:00.000000,Japan,Japan,JP,265.83,336.27,51.43,43.81,,true,ESTIMATED_MODE_BREAKDOWN
2025-07-13T06:00:00.000000,Japan,Japan,JP,305.33,380.06,44.22,36.7,,true,ESTIMATED_MODE_BREAKDOWN
2025-07-13T07:00:00.000000,Japan,Japan,JP,355.21,435.32,35.12,27.69,,true,ESTIMATED_MODE_BREAKDOWN
2025-07-13T08:00:00.000000,Japan,Japan,JP,404.03,489.33,26.22,18.87,,true,ESTIMATED_MODE_BREAKDOWN
2025-07-13T09:00:00.000000,Japan,Japan,JP,433.17,521.7,20.92,13.54,,true,ESTIMATED_MODE_BREAKDOWN
2025-07-13T10:00:00.000000,Japan,Japan,JP,439.91,529.13,19.69,12.17,,true,ESTIMATED_MODE_BREAKDOWN
2025-07-13T11:00:00.000000,Japan,Japan,JP,438.8,527.74,19.89,12.07,,true,ESTIMATED_MODE_BREAKDOWN
2025-07-13T12:00:00.000000,Japan,Japan,JP,437.13,525.71,20.2,11.96,,true,ESTIMATED_MODE_BREAKDOWN
2025-07-13T13:00:00.000000,Japan,Japan,JP,433.46,521.57,20.86,12.16,,true,ESTIMATED_MODE_BREAKDOWN
2025-07-13T14:00:00.000000,Japan,Japan,JP,430.77,518.47,21.35,12.25,,true,ESTIMATED_MODE_BREAKDOWN
2025-07-13T15:00:00.000000,Japan,Japan,JP,425.65,512.49,22.29,12.28,,true,ESTIMATED_MODE_BREAKDOWN
2025-07-13T16:00:00.000000,Japan,Japan,JP,422.28,508.57,22.9,12.37,,true,ESTIMATED_MODE_BREAKDOWN
2025-07-13T17:00:00.000000,Japan,Japan,JP,419.79,505.77,23.37,12.39,,true,ESTIMATED_MODE_BREAKDOWN
2025-07-13T18:00:00.000000,Japan,Japan,JP,421.2,507.51,23.11,12.46,,true,ESTIMATED_MODE_BREAKDOWN
2025-07-13T19:00:00.000000,Japan,Japan,JP,421.7,508.18,23.01,12.65,,true,ESTIMATED_MODE_BREAKDOWN
2025-07-13T20:00:00.000000,Japan,Japan,JP,414.01,499.72,24.43,14.11,,true,ESTIMATED_MODE_BREAKDOWN
2025-07-13T21:00:00.000000,Japan,Japan,JP,393.02,476.69,28.25,18.85,,true,ESTIMATED_MODE_BREAKDOWN
2025-07-13T22:00:00.000000,Japan,Japan,JP,368.43,449.68,32.74,24.4,,true,ESTIMATED_MODE_BREAKDOWN
2025-07-13T23:00:00.000000,Japan,Japan,JP,357.04,437.56,34.85,27.8,,true,ESTIMATED_MODE_BREAKDOWN
2025-07-14T00:00:00.000000,Japan,Japan,JP,353.64,433.92,35.47,29.09,,true,ESTIMATED_MODE_BREAKDOWN
2025-07-14T01:00:00.000000,Japan,Japan,JP,345.09,424.48,37.02,30.78,,true,ESTIMATED_MODE_BREAKDOWN
2025-07-14T02:00:00.000000,Japan,Japan,JP,339.34,418.01,38.05,31.9,,true,ESTIMATED_MODE_BREAKDOWN
2025-07-14T03:00:00.000000,Japan,Japan,JP,334.04,411.97,39.0,32.67,,true,ESTIMATED_MODE_BREAKDOWN
2025-07-14T04:00:00.000000,Japan,Japan,JP,346.93,426.33,36.66,30.55,,true,ESTIMATED_MODE_BREAKDOWN
2025-07-14T05:00:00.000000,Japan,Japan,JP,360.07,440.76,34.26,28.13,,true,ESTIMATED_MODE_BREAKDOWN
2025-07-14T06:00:00.000000,Japan,Japan,JP,377.47,460.01,31.08,24.91,,true,ESTIMATED_MODE_BREAKDOWN
2025-07-14T07:00:00.000000,Japan,Japan,JP,399.53,484.47,27.05,20.87,,true,ESTIMATED_MODE_BREAKDOWN
2025-07-14T08:00:00.000000,Japan,Japan,JP,420.6,507.74,23.2,16.68,,true,ESTIMATED_MODE_BREAKDOWN
2025-07-14T09:00:00.000000,Japan,Japan,JP,437.19,526.12,20.17,13.45,,true,ESTIMATED_MODE_BREAKDOWN
2025-07-14T10:00:00.000000,Japan,Japan,JP,441.7,531.01,19.33,12.34,,true,ESTIMATED_MODE_BREAKDOWN
2025-07-14T11:00:00.000000,Japan,Japan,JP,440.15,529.17,19.61,12.31,,true,ESTIMATED_MODE_BREAKDOWN
2025-07-14T12:00:00.000000,Japan,Japan,JP,437.4,525.96,20.11,12.37,,true,ESTIMATED_MODE_BREAKDOWN
2025-07-14T13:00:00.000000,Japan,Japan,JP,435.57,523.84,20.45,12.4,,true,ESTIMATED_MODE_BREAKDOWN
2025-07-14T14:00:00.000000,Japan,Japan,JP,433.77,521.75,20.78,12.43,,true,ESTIMATED_MODE_BREAKDOWN
2025-07-14T15:00:00.000000,Japan,Japan,JP,428.29,515.37,21.77,12.69,,true,ESTIMATED_MODE_BREAKDOWN
2025-07-14T16:00:00.000000,Japan,Japan,JP,424.76,511.26,22.4,12.81,,true,ESTIMATED_MODE_BREAKDOWN
2025-07-14T17:00:00.000000,Japan,Japan,JP,423.53,509.86,22.63,12.88,,true,ESTIMATED_MODE_BREAKDOWN
2025-07-14T18:00:00.000000,Japan,Japan,JP,424.14,510.6,22.52,12.86,,true,ESTIMATED_MODE_BREAKDOWN
2025-07-14T19:00:00.000000,Japan,Japan,JP,424.15,510.75,22.52,13.01,,true,ESTIMATED_MODE_BREAKDOWN
2025-07-14T20:00:00.000000,Japan,Japan,JP,420.43,506.77,23.21,13.94,,true,ESTIMATED_MODE_BREAKDOWN
2025-07-14T21:00:00.000000,Japan,Japan,JP,402.56,487.01,26.46,17.6,,true,ESTIMATED_MODE_BREAKDOWN
2025-07-14T22:00:00.000000,Japan,Japan,JP,379.51,461.58,30.65,22.62,,true,ESTIMATED_MODE_BREAKDOWN
2025-07-14T23:00:00.000000,Japan,Japan,JP,362.59,443.12,33.73,26.8,,true,ESTIMATED_MODE_BREAKDOWN
2025-07-15T00:00:00.000000,Japan,Japan,JP,350.42,429.71,35.95,29.55,,true,ESTIMATED_MODE_BREAKDOWN
2025-07-15T01:00:00.000000,Japan,Japan,JP,336.55,414.35,38.48,32.24,,true,ESTIMATED_MODE_BREAKDOWN
2025-07-15T02:00:00.000000,Japan,Japan,JP,333.88,411.45,38.97,32.82,,true,ESTIMATED_MODE_BREAKDOWN
2025-07-15T03:00:00.000000,Japan,Japan,JP,330.35,407.48,39.62,33.22,,true,ESTIMATED_MODE_BREAKDOWN
2025-07-15T04:00:00.000000,Japan,Japan,JP,338.25,416.38,38.19,32.02,,true,ESTIMATED_MODE_BREAKDOWN
2025-07-15T05:00:00.000000,Japan,Japan,JP,354.35,434.31,35.25,29.13,,true,ESTIMATED_MODE_BREAKDOWN
2025-07-15T06:00:00.000000,Japan,Japan,JP,371.29,453.13,32.18,25.88,,true,ESTIMATED_MODE_BREAKDOWN
2025-07-15T07:00:00.000000,Japan,Japan,JP,395.31,479.77,27.79,21.51,,true,ESTIMATED_MODE_BREAKDOWN
2025-07-15T08:00:00.000000,Japan,Japan,JP,418.03,504.98,23.66,17.15,,true,ESTIMATED_MODE_BREAKDOWN
2025-07-15T09:00:00.000000,Japan,Japan,JP,436.79,525.75,20.24,13.47,,true,ESTIMATED_MODE_BREAKDOWN
2025-07-15T10:00:00.000000,Japan,Japan,JP,442.72,532.35,19.16,12.28,,true,ESTIMATED_MODE_BREAKDOWN
2025-07-15T11:00:00.000000,Japan,Japan,JP,440.93,530.23,19.48,12.32,,true,ESTIMATED_MODE_BREAKDOWN
2025-07-15T12:00:00.000000,Japan,Japan,JP,438.7,527.62,19.88,12.36,,true,ESTIMATED_MODE_BREAKDOWN
2025-07-15T13:00:00.000000,Japan,Japan,JP,436.27,524.74,20.32,12.41,,true,ESTIMATED_MODE_BREAKDOWN
2025-07-15T14:00:00.000000,Japan,Japan,JP,434.09,522.22,20.71,12.47,,true,ESTIMATED_MODE_BREAKDOWN
2025-07-15T15:00:00.000000,Japan,Japan,JP,429.54,516.84,21.54,12.44,,true,ESTIMATED_MODE_BREAKDOWN
2025-07-15T16:00:00.000000,Japan,Japan,JP,426.55,513.4,22.08,12.51,,true,ESTIMATED_MODE_BREAKDOWN
2025-07-15T17:00:00.000000,Japan,Japan,JP,425.63,512.34,22.25,12.44,,true,ESTIMATED_MODE_BREAKDOWN
2025-07-15T18:00:00.000000,Japan,Japan,JP,426.06,512.86,22.17,12.38,,true,ESTIMATED_MODE_BREAKDOWN
2025-07-15T19:00:00.000000,Japan,Japan,JP,426.65,513.64,22.07,12.49,,true,ESTIMATED_MODE_BREAKDOWN
2025-07-15T20:00:00.000000,Japan,Japan,JP,419.64,505.91,23.36,13.7,,true,ESTIMATED_MODE_BREAKDOWN
2025-07-15T21:00:00.000000,Japan,Japan,JP,396.3,480.23,27.61,18.66,,true,ESTIMATED_MODE_BREAKDOWN
2025-07-15T22:00:00.000000,Japan,Japan,JP,366.59,447.4,33.02,24.96,,true,ESTIMATED_MODE_BREAKDOWN
2025-07-15T23:00:00.000000,Japan,Japan,JP,349.11,428.29,36.21,29.21,,true,ESTIMATED_MODE_BREAKDOWN
2025-07-16T00:00:00.000000,Japan,Japan,JP,340.16,418.44,37.84,31.34,,true,ESTIMATED_MODE_BREAKDOWN
2025-07-16T01:00:00.000000,Japan,Japan,JP,328.18,405.2,40.02,33.62,,true,ESTIMATED_MODE_BREAKDOWN
2025-07-16T02:00:00.000000,Japan,Japan,JP,324.17,400.78,40.76,34.49,,true,ESTIMATED_MODE_BREAKDOWN
2025-07-16T03:00:00.000000,Japan,Japan,JP,316.26,392.04,42.2,35.76,,true,ESTIMATED_MODE_BREAKDOWN
2025-07-16T04:00:00.000000,Japan,Japan,JP,330.86,408.41,39.55,33.42,,true,ESTIMATED_MODE_BREAKDOWN
2025-07-16T05:00:00.000000,Japan,Japan,JP,349.55,429.19,36.14,30.07,,true,ESTIMATED_MODE_BREAKDOWN
2025-07-16T06:00:00.000000,Japan,Japan,JP,373.2,455.44,31.84,25.67,,true,ESTIMATED_MODE_BREAKDOWN
2025-07-16T07:00:00.000000,Japan,Japan,JP,400.41,485.57,26.88,20.73,,true,ESTIMATED_MODE_BREAKDOWN
2025-07-16T08:00:00.000000,Japan,Japan,JP,422.63,510.22,22.83,16.42,,true,ESTIMATED_MODE_BREAKDOWN
2025-07-16T09:00:00.000000,Japan,Japan,JP,439.51,528.95,19.76,13.2,,true,ESTIMATED_MODE_BREAKDOWN
2025-07-16T10:00:00.000000,Japan,Japan,JP,443.34,533.13,19.05,12.23,,true,ESTIMATED_MODE_BREAKDOWN
2025-07-16T11:00:00.000000,Japan,Japan,JP,442.14,531.6,19.26,12.13,,true,ESTIMATED_MODE_BREAKDOWN
2025-07-16T12:00:00.000000,Japan,Japan,JP,439.74,528.79,19.7,12.18,,true,ESTIMATED_MODE_BREAKDOWN
2025-07-16T13:00:00.000000,Japan,Japan,JP,437.52,526.15,20.1,12.21,,true,ESTIMATED_MODE_BREAKDOWN
2025-07-16T14:00:00.000000,Japan,Japan,JP,434.87,523.03,20.58,12.26,,true,ESTIMATED_MODE_BREAKDOWN
2025-07-16T15:00:00.000000,Japan,Japan,JP,429.32,516.75,21.59,12.56,,true,ESTIMATED_MODE_BREAKDOWN
2025-07-16T16:00:00.000000,Japan,Japan,JP,426.02,512.91,22.19,12.63,,true,ESTIMATED_MODE_BREAKDOWN
2025-07-16T17:00:00.000000,Japan,Japan,JP,424.65,511.32,22.44,12.6,,true,ESTIMATED_MODE_BREAKDOWN
2025-07-16T18:00:00.000000,Japan,Japan,JP,425.18,511.94,22.34,12.61,,true,ESTIMATED_MODE_BREAKDOWN
2025-07-16T19:00:00.000000,Japan,Japan,JP,424.74,511.54,22.43,12.72,,true,ESTIMATED_MODE_BREAKDOWN
2025-07-16T20:00:00.000000,Japan,Japan,JP,420.06,506.5,23.29,13.86,,true,ESTIMATED_MODE_BREAKDOWN
2025-07-16T21:00:00.000000,Japan,Japan,JP,399.33,483.61,27.08,18.0,,true,ESTIMATED_MODE_BREAKDOWN
2025-07-16T22:00:00.000000,Japan,Japan,JP,378.19,460.38,30.94,22.79,,true,ESTIMATED_MODE_BREAKDOWN
2025-07-16T23:00:00.000000,Japan,Japan,JP,364.25,445.26,33.5,26.42,,true,ESTIMATED_MODE_BREAKDOWN
2025-07-17T00:00:00.000000,Japan,Japan,JP,352.64,432.6,35.63,29.14,,true,ESTIMATED_MODE_BREAKDOWN
2025-07-17T01:00:00.000000,Japan,Japan,JP,338.79,417.35,38.17,31.89,,true,ESTIMATED_MODE_BREAKDOWN
2025-07-17T02:00:00.000000,Japan,Japan,JP,331.33,409.17,39.54,33.39,,true,ESTIMATED_MODE_BREAKDOWN
2025-07-17T03:00:00.000000,Japan,Japan,JP,325.9,403.13,40.53,34.25,,true,ESTIMATED_MODE_BREAKDOWN
2025-07-17T04:00:00.000000,Japan,Japan,JP,337.13,415.63,38.47,32.35,,true,ESTIMATED_MODE_BREAKDOWN
2025-07-17T05:00:00.000000,Japan,Japan,JP,353.09,433.35,35.55,29.46,,true,ESTIMATED_MODE_BREAKDOWN
2025-07-17T06:00:00.000000,Japan,Japan,JP,372.85,455.13,31.92,25.69,,true,ESTIMATED_MODE_BREAKDOWN
2025-07-17T07:00:00.000000,Japan,Japan,JP,400.1,485.27,26.94,20.72,,true,ESTIMATED_MODE_BREAKDOWN
2025-07-17T08:00:00.000000,Japan,Japan,JP,423.84,511.44,22.6,16.01,,true,ESTIMATED_MODE_BREAKDOWN
2025-07-17T09:00:00.000000,Japan,Japan,JP,438.99,528.16,19.83,13.06,,true,ESTIMATED_MODE_BREAKDOWN
2025-07-17T10:00:00.000000,Japan,Japan,JP,441.99,531.42,19.29,12.29,,true,ESTIMATED_MODE_BREAKDOWN
2025-07-17T11:00:00.000000,Japan,Japan,JP,440.89,530.02,19.48,12.16,,true,ESTIMATED_MODE_BREAKDOWN
2025-07-17T12:00:00.000000,Japan,Japan,JP,438.47,527.17,19.92,12.18,,true,ESTIMATED_MODE_BREAKDOWN
2025-07-17T13:00:00.000000,Japan,Japan,JP,435.66,523.94,20.43,12.26,,true,ESTIMATED_MODE_BREAKDOWN
2025-07-17T14:00:00.000000,Japan,Japan,JP,434.02,522.09,20.73,12.36,,true,ESTIMATED_MODE_BREAKDOWN
2025-07-17T15:00:00.000000,Japan,Japan,JP,426.36,513.24,22.13,12.41,,true,ESTIMATED_MODE_BREAKDOWN
2025-07-17T16:00:00.000000,Japan,Japan,JP,425.44,512.22,22.29,12.57,,true,ESTIMATED_MODE_BREAKDOWN
2025-07-17T17:00:00.000000,Japan,Japan,JP,423.42,509.94,22.66,12.67,,true,ESTIMATED_MODE_BREAKDOWN
2025-07-17T18:00:00.000000,Japan,Japan,JP,423.9,510.51,22.57,12.58,,true,ESTIMATED_MODE_BREAKDOWN
2025-07-17T19:00:00.000000,Japan,Japan,JP,424.5,511.25,22.47,12.61,,true,ESTIMATED_MODE_BREAKDOWN
2025-07-17T20:00:00.000000,Japan,Japan,JP,416.15,502.08,24.01,14.06,,true,ESTIMATED_MODE_BREAKDOWN
2025-07-17T21:00:00.000000,Japan,Japan,JP,390.6,474.03,28.67,19.42,,true,ESTIMATED_MODE_BREAKDOWN
2025-07-17T22:00:00.000000,Japan,Japan,JP,358.67,438.89,34.49,26.14,,true,ESTIMATED_MODE_BREAKDOWN
2025-07-17T23:00:00.000000,Japan,Japan,JP,340.4,419.02,37.82,30.64,,true,ESTIMATED_MODE_BREAKDOWN
2025-07-18T00:00:00.000000,Japan,Japan,JP,326.94,404.23,40.27,33.8,,true,ESTIMATED_MODE_BREAKDOWN
2025-07-18T01:00:00.000000,Japan,Japan,JP,315.22,391.33,42.41,36.21,,true,ESTIMATED_MODE_BREAKDOWN
2025-07-18T02:00:00.000000,Japan,Japan,JP,313.79,389.76,42.68,36.57,,true,ESTIMATED_MODE_BREAKDOWN
2025-07-18T03:00:00.000000,Japan,Japan,JP,309.56,385.03,43.45,37.15,,true,ESTIMATED_MODE_BREAKDOWN
2025-07-18T04:00:00.000000,Japan,Japan,JP,323.48,400.51,40.9,34.84,,true,ESTIMATED_MODE_BREAKDOWN
2025-07-18T05:00:00.000000,Japan,Japan,JP,340.75,419.59,37.75,31.61,,true,ESTIMATED_MODE_BREAKDOWN
2025-07-18T06:00:00.000000,Japan,Japan,JP,361.54,442.59,33.96,27.8,,true,ESTIMATED_MODE_BREAKDOWN
2025-07-18T07:00:00.000000,Japan,Japan,JP,391.68,475.84,28.46,22.19,,true,ESTIMATED_MODE_BREAKDOWN
2025-07-18T08:00:00.000000,Japan,Japan,JP,419.43,506.47,23.41,16.81,,true,ESTIMATED_MODE_BREAKDOWN
2025-07-18T09:00:00.000000,Japan,Japan,JP,437.46,526.37,20.11,13.26,,true,ESTIMATED_MODE_BREAKDOWN
2025-07-18T10:00:00.000000,Japan,Japan,JP,441.41,530.69,19.39,12.33,,true,ESTIMATED_MODE_BREAKDOWN
2025-07-18T11:00:00.000000,Japan,Japan,JP,440.02,529.04,19.65,12.29,,true,ESTIMATED_MODE_BREAKDOWN
2025-07-18T12:00:00.000000,Japan,Japan,JP,437.95,526.65,20.02,12.23,,true,ESTIMATED_MODE_BREAKDOWN
2025-07-18T13:00:00.000000,Japan,Japan,JP,436.01,524.4,20.37,12.22,,true,ESTIMATED_MODE_BREAKDOWN
2025-07-18T14:00:00.000000,Japan,Japan,JP,434.32,522.43,20.67,12.18,,true,ESTIMATED_MODE_BREAKDOWN
2025-07-18T15:00:00.000000,Japan,Japan,JP,429.43,516.72,21.57,12.26,,true,ESTIMATED_MODE_BREAKDOWN
2025-07-18T16:00:00.000000,Japan,Japan,JP,426.06,512.79,22.18,12.28,,true,ESTIMATED_MODE_BREAKDOWN
2025-07-18T17:00:00.000000,Japan,Japan,JP,425.22,511.83,22.33,12.2,,true,ESTIMATED_MODE_BREAKDOWN
2025-07-18T18:00:00.000000,Japan,Japan,JP,424.89,511.51,22.39,12.26,,true,ESTIMATED_MODE_BREAKDOWN
2025-07-18T19:00:00.000000,Japan,Japan,JP,424.73,511.41,22.43,12.32,,true,ESTIMATED_MODE_BREAKDOWN
2025-07-18T20:00:00.000000,Japan,Japan,JP,416.28,502.16,23.98,13.83,,true,ESTIMATED_MODE_BREAKDOWN
2025-07-18T21:00:00.000000,Japan,Japan,JP,376.39,457.95,31.26,21.02,,true,ESTIMATED_MODE_BREAKDOWN
2025-07-18T22:00:00.000000,Japan,Japan,JP,322.2,398.07,41.13,31.55,,true,ESTIMATED_MODE_BREAKDOWN
2025-07-18T23:00:00.000000,Japan,Japan,JP,281.49,353.27,48.56,39.95,,true,ESTIMATED_MODE_BREAKDOWN
2025-07-19T00:00:00.000000,Japan,Japan,JP,259.55,329.23,52.57,44.76,,true,ESTIMATED_MODE_BREAKDOWN
2025-07-19T01:00:00.000000,Japan,Japan,JP,246.97,315.48,54.86,47.44,,true,ESTIMATED_MODE_BREAKDOWN
2025-07-19T02:00:00.000000,Japan,Japan,JP,241.18,309.11,55.91,48.75,,true,ESTIMATED_MODE_BREAKDOWN
2025-07-19T03:00:00.000000,Japan,Japan,JP,242.04,310.03,55.75,48.59,,true,ESTIMATED_MODE_BREAKDOWN
2025-07-19T04:00:00.000000,Japan,Japan,JP,254.75,324.11,53.43,46.38,,true,ESTIMATED_MODE_BREAKDOWN
2025-07-19T05:00:00.000000,Japan,Japan,JP,276.15,347.75,49.53,42.44,,true,ESTIMATED_MODE_BREAKDOWN
2025-07-19T06:00:00.000000,Japan,Japan,JP,312.57,388.15,42.88,35.71,,true,ESTIMATED_MODE_BREAKDOWN
2025-07-19T07:00:00.000000,Japan,Japan,JP,360.01,440.69,34.23,27.07,,true,ESTIMATED_MODE_BREAKDOWN
2025-07-19T08:00:00.000000,Japan,Japan,JP,404.27,489.63,26.17,18.86,,true,ESTIMATED_MODE_BREAKDOWN
2025-07-19T09:00:00.000000,Japan,Japan,JP,433.73,522.3,20.81,13.43,,true,ESTIMATED_MODE_BREAKDOWN
2025-07-19T10:00:00.000000,Japan,Japan,JP,440.34,529.59,19.59,12.02,,true,ESTIMATED_MODE_BREAKDOWN
2025-07-19T11:00:00.000000,Japan,Japan,JP,439.04,528.01,19.82,12.0,,true,ESTIMATED_MODE_BREAKDOWN
2025-07-19T12:00:00.000000,Japan,Japan,JP,436.26,524.77,20.33,12.07,,true,ESTIMATED_MODE_BREAKDOWN
2025-07-19T13:00:00.000000,Japan,Japan,JP,433.79,521.82,20.77,12.03,,true,ESTIMATED_MODE_BREAKDOWN
2025-07-19T14:00:00.000000,Japan,Japan,JP,432.33,520.11,21.04,12.07,,true,ESTIMATED_MODE_BREAKDOWN
2025-07-19T15:00:00.000000,Japan,Japan,JP,427.2,514.1,21.97,12.12,,true,ESTIMATED_MODE_BREAKDOWN
2025-07-19T16:00:00.000000,Japan,Japan,JP,422.36,508.38,22.85,11.99,,true,ESTIMATED_MODE_BREAKDOWN
2025-07-19T17:00:00.000000,Japan,Japan,JP,422.5,508.59,22.82,12.03,,true,ESTIMATED_MODE_BREAKDOWN
2025-07-19T18:00:00.000000,Japan,Japan,JP,421.96,508.11,22.92,12.17,,true,ESTIMATED_MODE_BREAKDOWN
2025-07-19T19:00:00.000000,Japan,Japan,JP,421.77,508.01,22.97,12.29,,true,ESTIMATED_MODE_BREAKDOWN
2025-07-19T20:00:00.000000,Japan,Japan,JP,411.07,496.07,24.93,13.85,,true,ESTIMATED_MODE_BREAKDOWN
2025-07-19T21:00:00.000000,Japan,Japan,JP,371.7,452.57,32.11,21.53,,true,ESTIMATED_MODE_BREAKDOWN
2025-07-19T22:00:00.000000,Japan,Japan,JP,313.79,388.58,42.66,32.67,,true,ESTIMATED_MODE_BREAKDOWN
2025-07-19T23:00:00.000000,Japan,Japan,JP,268.8,338.94,50.86,41.77,,true,ESTIMATED_MODE_BREAKDOWN
2025-07-20T00:00:00.000000,Japan,Japan,JP,241.73,309.22,55.81,47.56,,true,ESTIMATED_MODE_BREAKDOWN
2025-07-20T01:00:00.000000,Japan,Japan,JP,226.34,292.36,58.62,50.82,,true,ESTIMATED_MODE_BREAKDOWN
2025-07-20T02:00:00.000000,Japan,Japan,JP,225.32,291.35,58.81,51.28,,true,ESTIMATED_MODE_BREAKDOWN
2025-07-20T03:00:00.000000,Japan,Japan,JP,230.69,297.34,57.83,50.49,,true,ESTIMATED_MODE_BREAKDOWN
2025-07-20T04:00:00.000000,Japan,Japan,JP,240.28,307.91,56.08,48.74,,true,ESTIMATED_MODE_BREAKDOWN
2025-07-20T05:00:00.000000,Japan,Japan,JP,263.83,333.98,51.78,44.47,,true,ESTIMATED_MODE_BREAKDOWN
2025-07-20T06:00:00.000000,Japan,Japan,JP,302.56,376.91,44.71,37.39,,true,ESTIMATED_MODE_BREAKDOWN
2025-07-20T07:00:00.000000,Japan,Japan,JP,353.26,433.12,35.47,28.2,,true,ESTIMATED_MODE_BREAKDOWN
2025-07-20T08:00:00.000000,Japan,Japan,JP,402.21,487.33,26.54,19.36,,true,ESTIMATED_MODE_BREAKDOWN
2025-07-20T09:00:00.000000,Japan,Japan,JP,433.4,521.93,20.85,13.62,,true,ESTIMATED_MODE_BREAKDOWN
2025-07-20T10:00:00.000000,Japan,Japan,JP,440.97,530.32,19.47,12.12,,true,ESTIMATED_MODE_BREAKDOWN
2025-07-20T11:00:00.000000,Japan,Japan,JP,439.23,528.27,19.79,12.12,,true,ESTIMATED_MODE_BREAKDOWN
2025-07-20T12:00:00.000000,Japan,Japan,JP,437.29,525.96,20.14,12.07,,true,ESTIMATED_MODE_BREAKDOWN
2025-07-20T13:00:00.000000,Japan,Japan,JP,434.81,523.03,20.59,12.07,,true,ESTIMATED_MODE_BREAKDOWN
2025-07-20T14:00:00.000000,Japan,Japan,JP,433.26,521.18,20.87,12.1,,true,ESTIMATED_MODE_BREAKDOWN
2025-07-20T15:00:00.000000,Japan,Japan,JP,427.97,515.09,21.83,12.2,,true,ESTIMATED_MODE_BREAKDOWN
2025-07-20T16:00:00.000000,Japan,Japan,JP,424.63,511.16,22.43,12.17,,true,ESTIMATED_MODE_BREAKDOWN
2025-07-20T17:00:00.000000,Japan,Japan,JP,423.12,509.44,22.71,12.21,,true,ESTIMATED_MODE_BREAKDOWN
2025-07-20T18:00:00.000000,Japan,Japan,JP,423.41,509.83,22.66,12.22,,true,ESTIMATED_MODE_BREAKDOWN
2025-07-20T19:00:00.000000,Japan,Japan,JP,424.17,510.77,22.53,12.3,,true,ESTIMATED_MODE_BREAKDOWN
2025-07-20T20:00:00.000000,Japan,Japan,JP,416.52,502.4,23.93,13.84,,true,ESTIMATED_MODE_BREAKDOWN
2025-07-20T21:00:00.000000,Japan,Japan,JP,377.67,459.22,31.02,20.89,,true,ESTIMATED_MODE_BREAKDOWN
2025-07-20T22:00:00.000000,Japan,Japan,JP,326.37,402.68,40.36,31.36,,true,ESTIMATED_MODE_BREAKDOWN
2025-07-20T23:00:00.000000,Japan,Japan,JP,290.13,362.85,46.97,39.02,,true,ESTIMATED_MODE_BREAKDOWN
2025-07-21T00:00:00.000000,Japan,Japan,JP,269.81,340.57,50.68,43.65,,true,ESTIMATED_MODE_BREAKDOWN
2025-07-21T01:00:00.000000,Japan,Japan,JP,253.59,322.72,53.64,47.0,,true,ESTIMATED_MODE_BREAKDOWN
2025-07-21T02:00:00.000000,Japan,Japan,JP,250.06,318.88,54.29,47.85,,true,ESTIMATED_MODE_BREAKDOWN
2025-07-21T03:00:00.000000,Japan,Japan,JP,252.54,321.64,53.83,47.46,,true,ESTIMATED_MODE_BREAKDOWN
2025-07-21T04:00:00.000000,Japan,Japan,JP,268.27,339.06,50.97,44.69,,true,ESTIMATED_MODE_BREAKDOWN
2025-07-21T05:00:00.000000,Japan,Japan,JP,292.02,365.3,46.63,40.32,,true,ESTIMATED_MODE_BREAKDOWN
2025-07-21T06:00:00.000000,Japan,Japan,JP,327.48,404.63,40.16,33.84,,true,ESTIMATED_MODE_BREAKDOWN
2025-07-21T07:00:00.000000,Japan,Japan,JP,372.44,454.47,31.96,25.69,,true,ESTIMATED_MODE_BREAKDOWN
2025-07-21T08:00:00.000000,Japan,Japan,JP,413.21,499.72,24.53,18.17,,true,ESTIMATED_MODE_BREAKDOWN
2025-07-21T09:00:00.000000,Japan,Japan,JP,438.28,527.54,19.96,13.46,,true,ESTIMATED_MODE_BREAKDOWN
2025-07-21T10:00:00.000000,Japan,Japan,JP,444.73,534.64,18.79,12.1,,true,ESTIMATED_MODE_BREAKDOWN
2025-07-21T11:00:00.000000,Japan,Japan,JP,442.97,532.59,19.1,12.12,,true,ESTIMATED_MODE_BREAKDOWN
2025-07-21T12:00:00.000000,Japan,Japan,JP,440.77,529.96,19.5,12.11,,true,ESTIMATED_MODE_BREAKDOWN
2025-07-21T13:00:00.000000,Japan,Japan,JP,438.08,526.82,19.99,12.12,,true,ESTIMATED_MODE_BREAKDOWN
2025-07-21T14:00:00.000000,Japan,Japan,JP,436.0,524.36,20.36,12.17,,true,ESTIMATED_MODE_BREAKDOWN
2025-07-21T15:00:00.000000,Japan,Japan,JP,428.67,515.9,21.71,12.26,,true,ESTIMATED_MODE_BREAKDOWN
2025-07-21T16:00:00.000000,Japan,Japan,JP,427.1,514.15,21.98,12.4,,true,ESTIMATED_MODE_BREAKDOWN
2025-07-21T17:00:00.000000,Japan,Japan,JP,425.92,512.83,22.2,12.43,,true,ESTIMATED_MODE_BREAKDOWN
2025-07-21T18:00:00.000000,Japan,Japan,JP,426.46,513.45,22.11,12.35,,true,ESTIMATED_MODE_BREAKDOWN
2025-07-21T19:00:00.000000,Japan,Japan,JP,426.81,513.96,22.05,12.42,,true,ESTIMATED_MODE_BREAKDOWN
2025-07-21T20:00:00.000000,Japan,Japan,JP,420.73,507.33,23.16,13.81,,true,ESTIMATED_MODE_BREAKDOWN
2025-07-21T21:00:00.000000,Japan,Japan,JP,388.79,471.98,28.98,20.13,,true,ESTIMATED_MODE_BREAKDOWN
2025-07-21T22:00:00.000000,Japan,Japan,JP,348.24,427.26,36.37,28.62,,true,ESTIMATED_MODE_BREAKDOWN
2025-07-21T23:00:00.000000,Japan,Japan,JP,321.93,398.55,41.18,34.64,,true,ESTIMATED_MODE_BREAKDOWN
2025-07-22T00:00:00.000000,Japan,Japan,JP,304.6,379.45,44.34,38.37,,true,ESTIMATED_MODE_BREAKDOWN
2025-07-22T01:00:00.000000,Japan,Japan,JP,291.16,364.61,46.79,41.16,,true,ESTIMATED_MODE_BREAKDOWN
2025-07-22T02:00:00.000000,Japan,Japan,JP,286.29,359.25,47.68,42.19,,true,ESTIMATED_MODE_BREAKDOWN
2025-07-22T03:00:00.000000,Japan,Japan,JP,283.12,355.66,48.26,42.7,,true,ESTIMATED_MODE_BREAKDOWN
2025-07-22T04:00:00.000000,Japan,Japan,JP,300.45,374.9,45.09,39.73,,true,ESTIMATED_MODE_BREAKDOWN
2025-07-22T05:00:00.000000,Japan,Japan,JP,324.78,401.84,40.65,35.29,,true,ESTIMATED_MODE_BREAKDOWN
2025-07-22T06:00:00.000000,Japan,Japan,JP,353.84,434.08,35.35,29.93,,true,ESTIMATED_MODE_BREAKDOWN
2025-07-22T07:00:00.000000,Japan,Japan,JP,388.35,472.35,29.06,23.58,,true,ESTIMATED_MODE_BREAKDOWN
2025-07-22T08:00:00.000000,Japan,Japan,JP,420.82,508.34,23.14,17.39,,true,ESTIMATED_MODE_BREAKDOWN
2025-07-22T09:00:00.000000,Japan,Japan,JP,441.76,531.57,19.33,13.36,,true,ESTIMATED_MODE_BREAKDOWN
2025-07-22T10:00:00.000000,Japan,Japan,JP,446.09,536.34,18.54,12.32,,true,ESTIMATED_MODE_BREAKDOWN
2025-07-22T11:00:00.000000,Japan,Japan,JP,444.93,534.94,18.75,12.15,,true,ESTIMATED_MODE_BREAKDOWN
2025-07-22T12:00:00.000000,Japan,Japan,JP,442.64,532.22,19.16,12.17,,true,ESTIMATED_MODE_BREAKDOWN
2025-07-22T13:00:00.000000,Japan,Japan,JP,440.31,529.46,19.58,12.14,,true,ESTIMATED_MODE_BREAKDOWN
2025-07-22T14:00:00.000000,Japan,Japan,JP,438.06,526.78,19.99,12.13,,true,ESTIMATED_MODE_BREAKDOWN
2025-07-22T15:00:00.000000,Japan,Japan,JP,433.37,521.36,20.84,12.23,,true,ESTIMATED_MODE_BREAKDOWN
2025-07-22T16:00:00.000000,Japan,Japan,JP,429.89,517.32,21.47,12.25,,true,ESTIMATED_MODE_BREAKDOWN
2025-07-22T17:00:00.000000,Japan,Japan,JP,428.61,515.82,21.71,12.18,,true,ESTIMATED_MODE_BREAKDOWN
2025-07-22T18:00:00.000000,Japan,Japan,JP,428.48,515.69,21.73,12.21,,true,ESTIMATED_MODE_BREAKDOWN
2025-07-22T19:00:00.000000,Japan,Japan,JP,428.22,515.55,21.78,12.4,,true,ESTIMATED_MODE_BREAKDOWN
2025-07-22T20:00:00.000000,Japan,Japan,JP,421.93,508.72,22.94,13.81,,true,ESTIMATED_MODE_BREAKDOWN
2025-07-22T21:00:00.000000,Japan,Japan,JP,388.55,471.82,29.03,20.28,,true,ESTIMATED_MODE_BREAKDOWN
2025-07-22T22:00:00.000000,Japan,Japan,JP,344.16,422.85,37.12,29.38,,true,ESTIMATED_MODE_BREAKDOWN
2025-07-22T23:00:00.000000,Japan,Japan,JP,318.71,394.98,41.77,35.19,,true,ESTIMATED_MODE_BREAKDOWN
2025-07-23T00:00:00.000000,Japan,Japan,JP,301.31,375.75,44.94,38.77,,true,ESTIMATED_MODE_BREAKDOWN
2025-07-23T01:00:00.000000,Japan,Japan,JP,286.62,359.49,47.62,41.61,,true,ESTIMATED_MODE_BREAKDOWN
2025-07-23T02:00:00.000000,Japan,Japan,JP,281.5,353.88,48.55,42.75,,true,ESTIMATED_MODE_BREAKDOWN
2025-07-23T03:00:00.000000,Japan,Japan,JP,280.34,352.54,48.76,42.95,,true,ESTIMATED_MODE_BREAKDOWN
2025-07-23T04:00:00.000000,Japan,Japan,JP,299.05,373.3,45.35,39.76,,true,ESTIMATED_MODE_BREAKDOWN
2025-07-23T05:00:00.000000,Japan,Japan,JP,321.68,398.36,41.22,35.52,,true,ESTIMATED_MODE_BREAKDOWN
2025-07-23T06:00:00.000000,Japan,Japan,JP,351.87,431.93,35.71,30.24,,true,ESTIMATED_MODE_BREAKDOWN
2025-07-23T07:00:00.000000,Japan,Japan,JP,389.22,473.35,28.9,23.45,,true,ESTIMATED_MODE_BREAKDOWN
2025-07-23T08:00:00.000000,Japan,Japan,JP,421.44,509.08,23.03,17.28,,true,ESTIMATED_MODE_BREAKDOWN
2025-07-23T09:00:00.000000,Japan,Japan,JP,442.2,532.11,19.25,13.27,,true,ESTIMATED_MODE_BREAKDOWN
2025-07-23T10:00:00.000000,Japan,Japan,JP,447.2,537.61,18.34,12.11,,true,ESTIMATED_MODE_BREAKDOWN
2025-07-23T11:00:00.000000,Japan,Japan,JP,445.33,535.39,18.68,12.09,,true,ESTIMATED_MODE_BREAKDOWN
2025-07-23T12:00:00.000000,Japan,Japan,JP,443.38,533.06,19.03,12.05,,true,ESTIMATED_MODE_BREAKDOWN
2025-07-23T13:00:00.000000,Japan,Japan,JP,440.55,529.73,19.54,12.08,,true,ESTIMATED_MODE_BREAKDOWN
2025-07-23T14:00:00.000000,Japan,Japan,JP,437.69,526.32,20.05,12.04,,true,ESTIMATED_MODE_BREAKDOWN
2025-07-23T15:00:00.000000,Japan,Japan,JP,434.39,522.49,20.66,12.11,,true,ESTIMATED_MODE_BREAKDOWN
2025-07-23T16:00:00.000000,Japan,Japan,JP,430.21,517.71,21.41,12.19,,true,ESTIMATED_MODE_BREAKDOWN
2025-07-23T17:00:00.000000,Japan,Japan,JP,429.1,516.5,21.61,12.2,,true,ESTIMATED_MODE_BREAKDOWN
2025-07-23T18:00:00.000000,Japan,Japan,JP,427.5,514.67,21.91,12.22,,true,ESTIMATED_MODE_BREAKDOWN
2025-07-23T19:00:00.000000,Japan,Japan,JP,428.53,515.93,21.72,12.29,,true,ESTIMATED_MODE_BREAKDOWN
2025-07-23T20:00:00.000000,Japan,Japan,JP,422.07,508.91,22.91,13.73,,true,ESTIMATED_MODE_BREAKDOWN
2025-07-23T21:00:00.000000,Japan,Japan,JP,387.76,471.01,29.17,20.5,,true,ESTIMATED_MODE_BREAKDOWN
2025-07-23T22:00:00.000000,Japan,Japan,JP,343.17,421.77,37.3,29.64,,true,ESTIMATED_MODE_BREAKDOWN
2025-07-23T23:00:00.000000,Japan,Japan,JP,317.02,393.15,42.07,35.57,,true,ESTIMATED_MODE_BREAKDOWN
2025-07-24T00:00:00.000000,Japan,Japan,JP,303.19,377.98,44.6,38.77,,true,ESTIMATED_MODE_BREAKDOWN
2025-07-24T01:00:00.000000,Japan,Japan,JP,288.97,362.29,47.19,41.59,,true,ESTIMATED_MODE_BREAKDOWN
2025-07-24T02:00:00.000000,Japan,Japan,JP,284.31,357.05,48.05,42.32,,true,ESTIMATED_MODE_BREAKDOWN
2025-07-24T03:00:00.000000,Japan,Japan,JP,283.81,356.44,48.13,42.26,,true,ESTIMATED_MODE_BREAKDOWN
2025-07-24T04:00:00.000000,Japan,Japan,JP,301.26,375.82,44.95,39.27,,true,ESTIMATED_MODE_BREAKDOWN
2025-07-24T05:00:00.000000,Japan,Japan,JP,325.98,403.19,40.44,34.77,,true,ESTIMATED_MODE_BREAKDOWN
2025-07-24T06:00:00.000000,Japan,Japan,JP,356.04,436.5,34.95,29.32,,true,ESTIMATED_MODE_BREAKDOWN
2025-07-24T07:00:00.000000,Japan,Japan,JP,388.03,471.9,29.12,23.26,,true,ESTIMATED_MODE_BREAKDOWN
2025-07-24T08:00:00.000000,Japan,Japan,JP,419.04,506.27,23.48,17.33,,true,ESTIMATED_MODE_BREAKDOWN
2025-07-24T09:00:00.000000,Japan,Japan,JP,441.47,531.23,19.39,13.27,,true,ESTIMATED_MODE_BREAKDOWN
2025-07-24T10:00:00.000000,Japan,Japan,JP,446.33,536.56,18.5,12.18,,true,ESTIMATED_MODE_BREAKDOWN
2025-07-24T11:00:00.000000,Japan,Japan,JP,445.66,535.72,18.61,12.02,,true,ESTIMATED_MODE_BREAKDOWN
2025-07-24T12:00:00.000000,Japan,Japan,JP,443.92,533.66,18.93,12.03,,true,ESTIMATED_MODE_BREAKDOWN
2025-07-24T13:00:00.000000,Japan,Japan,JP,441.19,530.48,19.42,12.07,,true,ESTIMATED_MODE_BREAKDOWN
2025-07-24T14:00:00.000000,Japan,Japan,JP,439.3,528.2,19.76,12.03,,true,ESTIMATED_MODE_BREAKDOWN
2025-07-24T15:00:00.000000,Japan,Japan,JP,434.57,522.73,20.63,12.1,,true,ESTIMATED_MODE_BREAKDOWN
2025-07-24T16:00:00.000000,Japan,Japan,JP,431.08,518.74,21.26,12.15,,true,ESTIMATED_MODE_BREAKDOWN
2025-07-24T17:00:00.000000,Japan,Japan,JP,429.56,517.0,21.53,12.16,,true,ESTIMATED_MODE_BREAKDOWN
2025-07-24T18:00:00.000000,Japan,Japan,JP,427.65,514.81,21.88,12.08,,true,ESTIMATED_MODE_BREAKDOWN
2025-07-24T19:00:00.000000,Japan,Japan,JP,429.35,516.86,21.58,12.2,,true,ESTIMATED_MODE_BREAKDOWN
2025-07-24T20:00:00.000000,Japan,Japan,JP,423.23,510.23,22.7,13.53,,true,ESTIMATED_MODE_BREAKDOWN
2025-07-24T21:00:00.000000,Japan,Japan,JP,388.78,472.05,28.99,20.02,,true,ESTIMATED_MODE_BREAKDOWN
2025-07-24T22:00:00.000000,Japan,Japan,JP,346.89,426.0,36.63,29.04,,true,ESTIMATED_MODE_BREAKDOWN
2025-07-24T23:00:00.000000,Japan,Japan,JP,322.41,399.21,41.1,34.65,,true,ESTIMATED_MODE_BREAKDOWN
2025-07-25T00:00:00.000000,Japan,Japan,JP,307.15,382.36,43.88,37.93,,true,ESTIMATED_MODE_BREAKDOWN
2025-07-25T01:00:00.000000,Japan,Japan,JP,294.24,368.18,46.23,40.7,,true,ESTIMATED_MODE_BREAKDOWN
2025-07-25T02:00:00.000000,Japan,Japan,JP,289.29,362.61,47.14,41.4,,true,ESTIMATED_MODE_BREAKDOWN
2025-07-25T03:00:00.000000,Japan,Japan,JP,287.47,360.57,47.47,41.65,,true,ESTIMATED_MODE_BREAKDOWN
2025-07-25T04:00:00.000000,Japan,Japan,JP,307.16,382.45,43.88,38.23,,true,ESTIMATED_MODE_BREAKDOWN
2025-07-25T05:00:00.000000,Japan,Japan,JP,330.12,407.88,39.69,34.09,,true,ESTIMATED_MODE_BREAKDOWN
2025-07-25T06:00:00.000000,Japan,Japan,JP,359.92,440.94,34.25,28.88,,true,ESTIMATED_MODE_BREAKDOWN
2025-07-25T07:00:00.000000,Japan,Japan,JP,388.28,472.26,29.08,23.32,,true,ESTIMATED_MODE_BREAKDOWN
2025-07-25T08:00:00.000000,Japan,Japan,JP,419.69,507.1,23.35,17.49,,true,ESTIMATED_MODE_BREAKDOWN
2025-07-25T09:00:00.000000,Japan,Japan,JP,441.75,531.46,19.34,13.02,,true,ESTIMATED_MODE_BREAKDOWN
2025-07-25T10:00:00.000000,Japan,Japan,JP,446.33,536.44,18.5,11.81,,true,ESTIMATED_MODE_BREAKDOWN
2025-07-25T11:00:00.000000,Japan,Japan,JP,445.84,535.88,18.59,11.86,,true,ESTIMATED_MODE_BREAKDOWN
2025-07-25T12:00:00.000000,Japan,Japan,JP,444.14,533.91,18.89,11.88,,true,ESTIMATED_MODE_BREAKDOWN
2025-07-25T13:00:00.000000,Japan,Japan,JP,441.45,530.75,19.38,11.9,,true,ESTIMATED_MODE_BREAKDOWN
2025-07-25T14:00:00.000000,Japan,Japan,JP,438.91,527.75,19.83,11.91,,true,ESTIMATED_MODE_BREAKDOWN
2025-07-25T15:00:00.000000,Japan,Japan,JP,434.46,522.58,20.65,12.02,,true,ESTIMATED_MODE_BREAKDOWN
2025-07-25T16:00:00.000000,Japan,Japan,JP,429.32,516.67,21.59,12.06,,true,ESTIMATED_MODE_BREAKDOWN
2025-07-25T17:00:00.000000,Japan,Japan,JP,428.46,515.68,21.74,12.02,,true,ESTIMATED_MODE_BREAKDOWN
2025-07-25T18:00:00.000000,Japan,Japan,JP,427.46,514.54,21.92,12.0,,true,ESTIMATED_MODE_BREAKDOWN
2025-07-25T19:00:00.000000,Japan,Japan,JP,426.63,513.63,22.08,12.05,,true,ESTIMATED_MODE_BREAKDOWN
2025-07-25T20:00:00.000000,Japan,Japan,JP,421.9,508.62,22.95,13.38,,true,ESTIMATED_MODE_BREAKDOWN
2025-07-25T21:00:00.000000,Japan,Japan,JP,383.25,465.73,30.0,20.17,,true,ESTIMATED_MODE_BREAKDOWN
2025-07-25T22:00:00.000000,Japan,Japan,JP,332.75,410.03,39.2,30.24,,true,ESTIMATED_MODE_BREAKDOWN
2025-07-25T23:00:00.000000,Japan,Japan,JP,297.79,371.52,45.59,37.31,,true,ESTIMATED_MODE_BREAKDOWN
2025-07-26T00:00:00.000000,Japan,Japan,JP,281.12,353.34,48.63,41.46,,true,ESTIMATED_MODE_BREAKDOWN
2025-07-26T01:00:00.000000,Japan,Japan,JP,268.3,339.2,50.97,44.02,,true,ESTIMATED_MODE_BREAKDOWN
2025-07-26T02:00:00.000000,Japan,Japan,JP,264.72,335.25,51.62,44.78,,true,ESTIMATED_MODE_BREAKDOWN
2025-07-26T03:00:00.000000,Japan,Japan,JP,265.72,336.44,51.44,45.01,,true,ESTIMATED_MODE_BREAKDOWN
2025-07-26T04:00:00.000000,Japan,Japan,JP,277.01,348.8,49.38,42.65,,true,ESTIMATED_MODE_BREAKDOWN
2025-07-26T05:00:00.000000,Japan,Japan,JP,295.7,369.45,45.96,39.28,,true,ESTIMATED_MODE_BREAKDOWN
2025-07-26T06:00:00.000000,Japan,Japan,JP,329.24,406.68,39.84,33.32,,true,ESTIMATED_MODE_BREAKDOWN
2025-07-26T07:00:00.000000,Japan,Japan,JP,367.75,449.22,32.82,25.92,,true,ESTIMATED_MODE_BREAKDOWN
2025-07-26T08:00:00.000000,Japan,Japan,JP,409.53,495.57,25.21,18.39,,true,ESTIMATED_MODE_BREAKDOWN
2025-07-26T09:00:00.000000,Japan,Japan,JP,435.43,524.17,20.49,13.17,,true,ESTIMATED_MODE_BREAKDOWN
2025-07-26T10:00:00.000000,Japan,Japan,JP,441.91,531.33,19.3,11.96,,true,ESTIMATED_MODE_BREAKDOWN
2025-07-26T11:00:00.000000,Japan,Japan,JP,440.98,530.25,19.47,12.04,,true,ESTIMATED_MODE_BREAKDOWN
2025-07-26T12:00:00.000000,Japan,Japan,JP,438.62,527.5,19.9,12.06,,true,ESTIMATED_MODE_BREAKDOWN
2025-07-26T13:00:00.000000,Japan,Japan,JP,436.71,525.18,20.24,12.0,,true,ESTIMATED_MODE_BREAKDOWN
2025-07-26T14:00:00.000000,Japan,Japan,JP,434.92,523.06,20.56,12.0,,true,ESTIMATED_MODE_BREAKDOWN
2025-07-26T15:00:00.000000,Japan,Japan,JP,429.97,517.24,21.46,12.06,,true,ESTIMATED_MODE_BREAKDOWN
2025-07-26T16:00:00.000000,Japan,Japan,JP,425.85,512.5,22.21,12.11,,true,ESTIMATED_MODE_BREAKDOWN
2025-07-26T17:00:00.000000,Japan,Japan,JP,423.37,509.64,22.66,12.17,,true,ESTIMATED_MODE_BREAKDOWN
2025-07-26T18:00:00.000000,Japan,Japan,JP,425.84,512.64,22.21,12.23,,true,ESTIMATED_MODE_BREAKDOWN
2025-07-26T19:00:00.000000,Japan,Japan,JP,426.79,513.81,22.04,12.26,,true,ESTIMATED_MODE_BREAKDOWN
2025-07-26T20:00:00.000000,Japan,Japan,JP,419.66,505.95,23.35,13.5,,true,ESTIMATED_MODE_BREAKDOWN
2025-07-26T21:00:00.000000,Japan,Japan,JP,381.74,464.07,30.26,20.41,,true,ESTIMATED_MODE_BREAKDOWN
2025-07-26T22:00:00.000000,Japan,Japan,JP,326.54,403.17,40.32,31.34,,true,ESTIMATED_MODE_BREAKDOWN
2025-07-26T23:00:00.000000,Japan,Japan,JP,289.28,362.16,47.13,39.18,,true,ESTIMATED_MODE_BREAKDOWN
2025-07-27T00:00:00.000000,Japan,Japan,JP,272.7,343.91,50.14,43.06,,true,ESTIMATED_MODE_BREAKDOWN
2025-07-27T01:00:00.000000,Japan,Japan,JP,257.7,327.41,52.89,46.05,,true,ESTIMATED_MODE_BREAKDOWN
2025-07-27T02:00:00.000000,Japan,Japan,JP,254.07,323.47,53.55,46.89,,true,ESTIMATED_MODE_BREAKDOWN
2025-07-27T03:00:00.000000,Japan,Japan,JP,258.04,327.9,52.83,46.37,,true,ESTIMATED_MODE_BREAKDOWN
2025-07-27T04:00:00.000000,Japan,Japan,JP,269.57,340.62,50.72,44.31,,true,ESTIMATED_MODE_BREAKDOWN
2025-07-27T05:00:00.000000,Japan,Japan,JP,293.05,366.56,46.43,40.0,,true,ESTIMATED_MODE_BREAKDOWN
2025-07-27T06:00:00.000000,Japan,Japan,JP,327.49,404.71,40.15,33.73,,true,ESTIMATED_MODE_BREAKDOWN
2025-07-27T07:00:00.000000,Japan,Japan,JP,368.45,450.17,32.68,26.48,,true,ESTIMATED_MODE_BREAKDOWN
2025-07-27T08:00:00.000000,Japan,Japan,JP,409.75,495.95,25.16,18.73,,true,ESTIMATED_MODE_BREAKDOWN
2025-07-27T09:00:00.000000,Japan,Japan,JP,439.28,528.78,19.79,13.47,,true,ESTIMATED_MODE_BREAKDOWN
2025-07-27T10:00:00.000000,Japan,Japan,JP,445.71,535.79,18.61,12.02,,true,ESTIMATED_MODE_BREAKDOWN
2025-07-27T11:00:00.000000,Japan,Japan,JP,445.54,535.68,18.64,12.11,,true,ESTIMATED_MODE_BREAKDOWN
2025-07-27T12:00:00.000000,Japan,Japan,JP,443.99,533.85,18.92,12.16,,true,ESTIMATED_MODE_BREAKDOWN
2025-07-27T13:00:00.000000,Japan,Japan,JP,440.56,529.81,19.53,12.14,,true,ESTIMATED_MODE_BREAKDOWN
2025-07-27T14:00:00.000000,Japan,Japan,JP,438.04,526.8,19.99,12.16,,true,ESTIMATED_MODE_BREAKDOWN
2025-07-27T15:00:00.000000,Japan,Japan,JP,434.05,522.33,20.71,12.41,,true,ESTIMATED_MODE_BREAKDOWN
2025-07-27T16:00:00.000000,Japan,Japan,JP,429.33,516.84,21.57,12.37,,true,ESTIMATED_MODE_BREAKDOWN
2025-07-27T17:00:00.000000,Japan,Japan,JP,430.0,517.64,21.45,12.48,,true,ESTIMATED_MODE_BREAKDOWN
2025-07-27T18:00:00.000000,Japan,Japan,JP,429.85,517.55,21.47,12.53,,true,ESTIMATED_MODE_BREAKDOWN
2025-07-27T19:00:00.000000,Japan,Japan,JP,427.67,515.07,21.88,12.47,,true,ESTIMATED_MODE_BREAKDOWN
2025-07-27T20:00:00.000000,Japan,Japan,JP,425.2,512.65,22.34,13.86,,true,ESTIMATED_MODE_BREAKDOWN
2025-07-27T21:00:00.000000,Japan,Japan,JP,389.87,473.54,28.78,20.44,,true,ESTIMATED_MODE_BREAKDOWN
2025-07-27T22:00:00.000000,Japan,Japan,JP,345.37,424.42,36.89,29.53,,true,ESTIMATED_MODE_BREAKDOWN
2025-07-27T23:00:00.000000,Japan,Japan,JP,319.94,396.57,41.53,35.39,,true,ESTIMATED_MODE_BREAKDOWN
2025-07-28T00:00:00.000000,Japan,Japan,JP,303.53,378.5,44.53,39.05,,true,ESTIMATED_MODE_BREAKDOWN
2025-07-28T01:00:00.000000,Japan,Japan,JP,290.7,364.44,46.87,41.9,,true,ESTIMATED_MODE_BREAKDOWN
2025-07-28T02:00:00.000000,Japan,Japan,JP,285.11,358.19,47.89,42.86,,true,ESTIMATED_MODE_BREAKDOWN
2025-07-28T03:00:00.000000,Japan,Japan,JP,283.03,355.87,48.27,43.24,,true,ESTIMATED_MODE_BREAKDOWN
2025-07-28T04:00:00.000000,Japan,Japan,JP,298.05,372.53,45.53,40.66,,true,ESTIMATED_MODE_BREAKDOWN
2025-07-28T05:00:00.000000,Japan,Japan,JP,317.84,394.41,41.92,36.96,,true,ESTIMATED_MODE_BREAKDOWN
2025-07-28T06:00:00.000000,Japan,Japan,JP,346.81,426.51,36.63,31.63,,true,ESTIMATED_MODE_BREAKDOWN
2025-07-28T07:00:00.000000,Japan,Japan,JP,385.86,469.88,29.51,24.73,,true,ESTIMATED_MODE_BREAKDOWN
2025-07-28T08:00:00.000000,Japan,Japan,JP,421.41,509.19,23.03,17.9,,true,ESTIMATED_MODE_BREAKDOWN
2025-07-28T09:00:00.000000,Japan,Japan,JP,447.33,537.94,18.32,13.11,,true,ESTIMATED_MODE_BREAKDOWN
2025-07-28T10:00:00.000000,Japan,Japan,JP,452.79,544.01,17.32,12.02,,true,ESTIMATED_MODE_BREAKDOWN
2025-07-28T11:00:00.000000,Japan,Japan,JP,450.08,540.94,17.81,12.08,,true,ESTIMATED_MODE_BREAKDOWN
2025-07-28T12:00:00.000000,Japan,Japan,JP,448.6,539.21,18.07,12.1,,true,ESTIMATED_MODE_BREAKDOWN
2025-07-28T13:00:00.000000,Japan,Japan,JP,445.96,536.16,18.55,12.17,,true,ESTIMATED_MODE_BREAKDOWN
2025-07-28T14:00:00.000000,Japan,Japan,JP,444.24,534.08,18.86,12.13,,true,ESTIMATED_MODE_BREAKDOWN
2025-07-28T15:00:00.000000,Japan,Japan,JP,440.05,529.2,19.63,12.15,,true,ESTIMATED_MODE_BREAKDOWN
2025-07-28T16:00:00.000000,Japan,Japan,JP,436.88,525.63,20.2,12.23,,true,ESTIMATED_MODE_BREAKDOWN
2025-07-28T17:00:00.000000,Japan,Japan,JP,435.62,524.22,20.42,12.23,,true,ESTIMATED_MODE_BREAKDOWN
2025-07-28T18:00:00.000000,Japan,Japan,JP,435.42,524.06,20.46,12.24,,true,ESTIMATED_MODE_BREAKDOWN
2025-07-28T19:00:00.000000,Japan,Japan,JP,434.71,523.25,20.6,12.24,,true,ESTIMATED_MODE_BREAKDOWN
2025-07-28T20:00:00.000000,Japan,Japan,JP,428.5,516.39,21.74,13.35,,true,ESTIMATED_MODE_BREAKDOWN
2025-07-28T21:00:00.000000,Japan,Japan,JP,395.83,480.38,27.7,19.88,,true,ESTIMATED_MODE_BREAKDOWN
2025-07-28T22:00:00.000000,Japan,Japan,JP,350.36,430.27,35.98,29.36,,true,ESTIMATED_MODE_BREAKDOWN
2025-07-28T23:00:00.000000,Japan,Japan,JP,323.11,400.29,40.96,35.33,,true,ESTIMATED_MODE_BREAKDOWN
2025-07-29T00:00:00.000000,Japan,Japan,JP,304.01,379.09,44.45,39.05,,true,ESTIMATED_MODE_BREAKDOWN
2025-07-29T01:00:00.000000,Japan,Japan,JP,289.56,363.13,47.08,41.96,,true,ESTIMATED_MODE_BREAKDOWN
2025-07-29T02:00:00.000000,Japan,Japan,JP,285.75,358.97,47.78,42.86,,true,ESTIMATED_MODE_BREAKDOWN
2025-07-29T03:00:00.000000,Japan,Japan,JP,282.74,355.55,48.32,43.25,,true,ESTIMATED_MODE_BREAKDOWN
2025-07-29T04:00:00.000000,Japan,Japan,JP,297.94,372.47,45.55,40.89,,true,ESTIMATED_MODE_BREAKDOWN
2025-07-29T05:00:00.000000,Japan,Japan,JP,319.64,396.57,41.59,37.05,,true,ESTIMATED_MODE_BREAKDOWN
2025-07-29T06:00:00.000000,Japan,Japan,JP,346.63,426.34,36.67,31.76,,true,ESTIMATED_MODE_BREAKDOWN
2025-07-29T07:00:00.000000,Japan,Japan,JP,385.34,469.28,29.61,24.67,,true,ESTIMATED_MODE_BREAKDOWN
2025-07-29T08:00:00.000000,Japan,Japan,JP,421.43,509.29,23.03,17.86,,true,ESTIMATED_MODE_BREAKDOWN
2025-07-29T09:00:00.000000,Japan,Japan,JP,445.95,536.44,18.57,13.15,,true,ESTIMATED_MODE_BREAKDOWN
2025-07-29T10:00:00.000000,Japan,Japan,JP,450.26,541.19,17.78,12.1,,true,ESTIMATED_MODE_BREAKDOWN
2025-07-29T11:00:00.000000,Japan,Japan,JP,448.5,539.17,18.1,12.07,,true,ESTIMATED_MODE_BREAKDOWN
2025-07-29T12:00:00.000000,Japan,Japan,JP,447.7,538.25,18.24,12.12,,true,ESTIMATED_MODE_BREAKDOWN
2025-07-29T13:00:00.000000,Japan,Japan,JP,446.08,536.32,18.53,12.14,,true,ESTIMATED_MODE_BREAKDOWN
2025-07-29T14:00:00.000000,Japan,Japan,JP,441.68,531.12,19.33,12.13,,true,ESTIMATED_MODE_BREAKDOWN
2025-07-29T15:00:00.000000,Japan,Japan,JP,439.53,528.62,19.72,12.2,,true,ESTIMATED_MODE_BREAKDOWN
2025-07-29T16:00:00.000000,Japan,Japan,JP,433.76,521.99,20.77,12.25,,true,ESTIMATED_MODE_BREAKDOWN
2025-07-29T17:00:00.000000,Japan,Japan,JP,434.28,522.65,20.66,12.28,,true,ESTIMATED_MODE_BREAKDOWN
2025-07-29T18:00:00.000000,Japan,Japan,JP,434.6,523.05,20.61,12.23,,true,ESTIMATED_MODE_BREAKDOWN
2025-07-29T19:00:00.000000,Japan,Japan,JP,433.78,522.12,20.76,12.21,,true,ESTIMATED_MODE_BREAKDOWN
2025-07-29T20:00:00.000000,Japan,Japan,JP,428.44,516.28,21.75,13.35,,true,ESTIMATED_MODE_BREAKDOWN
2025-07-29T21:00:00.000000,Japan,Japan,JP,393.8,477.99,28.07,19.95,,true,ESTIMATED_MODE_BREAKDOWN
2025-07-29T22:00:00.000000,Japan,Japan,JP,348.46,428.03,36.33,29.52,,true,ESTIMATED_MODE_BREAKDOWN
2025-07-29T23:00:00.000000,Japan,Japan,JP,320.88,397.67,41.37,35.54,,true,ESTIMATED_MODE_BREAKDOWN
2025-07-30T00:00:00.000000,Japan,Japan,JP,302.72,377.59,44.68,39.23,,true,ESTIMATED_MODE_BREAKDOWN
2025-07-30T01:00:00.000000,Japan,Japan,JP,287.3,360.71,47.5,42.62,,true,ESTIMATED_MODE_BREAKDOWN
2025-07-30T02:00:00.000000,Japan,Japan,JP,279.45,351.92,48.94,43.81,,true,ESTIMATED_MODE_BREAKDOWN
2025-07-30T03:00:00.000000,Japan,Japan,JP,276.37,348.52,49.5,44.47,,true,ESTIMATED_MODE_BREAKDOWN
2025-07-30T04:00:00.000000,Japan,Japan,JP,291.87,365.8,46.67,42.02,,true,ESTIMATED_MODE_BREAKDOWN
2025-07-30T05:00:00.000000,Japan,Japan,JP,311.69,387.64,43.05,38.17,,true,ESTIMATED_MODE_BREAKDOWN
2025-07-30T06:00:00.000000,Japan,Japan,JP,341.42,420.54,37.62,32.58,,true,ESTIMATED_MODE_BREAKDOWN
2025-07-30T07:00:00.000000,Japan,Japan,JP,381.33,464.82,30.35,25.35,,true,ESTIMATED_MODE_BREAKDOWN
2025-07-30T08:00:00.000000,Japan,Japan,JP,419.31,506.89,23.43,18.11,,true,ESTIMATED_MODE_BREAKDOWN
2025-07-30T09:00:00.000000,Japan,Japan,JP,444.01,534.25,18.93,13.35,,true,ESTIMATED_MODE_BREAKDOWN
2025-07-30T10:00:00.000000,Japan,Japan,JP,448.42,539.12,18.12,12.31,,true,ESTIMATED_MODE_BREAKDOWN
2025-07-30T11:00:00.000000,Japan,Japan,JP,448.12,538.78,18.17,12.31,,true,ESTIMATED_MODE_BREAKDOWN
2025-07-30T12:00:00.000000,Japan,Japan,JP,446.98,537.45,18.37,12.3,,true,ESTIMATED_MODE_BREAKDOWN
2025-07-30T13:00:00.000000,Japan,Japan,JP,444.6,534.64,18.8,12.33,,true,ESTIMATED_MODE_BREAKDOWN
2025-07-30T14:00:00.000000,Japan,Japan,JP,441.4,530.78,19.38,12.19,,true,ESTIMATED_MODE_BREAKDOWN
2025-07-30T15:00:00.000000,Japan,Japan,JP,437.86,526.66,20.02,12.29,,true,ESTIMATED_MODE_BREAKDOWN
2025-07-30T16:00:00.000000,Japan,Japan,JP,435.71,524.23,20.41,12.35,,true,ESTIMATED_MODE_BREAKDOWN
2025-07-30T17:00:00.000000,Japan,Japan,JP,431.37,519.17,21.2,12.29,,true,ESTIMATED_MODE_BREAKDOWN
2025-07-30T18:00:00.000000,Japan,Japan,JP,432.05,520.01,21.08,12.29,,true,ESTIMATED_MODE_BREAKDOWN
2025-07-30T19:00:00.000000,Japan,Japan,JP,432.38,520.41,21.02,12.27,,true,ESTIMATED_MODE_BREAKDOWN
2025-07-30T20:00:00.000000,Japan,Japan,JP,427.08,514.58,22.0,13.3,,true,ESTIMATED_MODE_BREAKDOWN
2025-07-30T21:00:00.000000,Japan,Japan,JP,398.77,483.46,27.17,19.16,,true,ESTIMATED_MODE_BREAKDOWN
2025-07-30T22:00:00.000000,Japan,Japan,JP,354.79,434.85,35.18,27.86,,true,ESTIMATED_MODE_BREAKDOWN
2025-07-30T23:00:00.000000,Japan,Japan,JP,328.94,406.53,39.9,33.66,,true,ESTIMATED_MODE_BREAKDOWN
2025-07-31T00:00:00.000000,Japan,Japan,JP,310.88,386.64,43.2,37.61,,true,ESTIMATED_MODE_BREAKDOWN
2025-07-31T01:00:00.000000,Japan,Japan,JP,296.46,370.75,45.83,40.48,,true,ESTIMATED_MODE_BREAKDOWN
2025-07-31T02:00:00.000000,Japan,Japan,JP,291.16,364.9,46.8,41.55,,true,ESTIMATED_MODE_BREAKDOWN
2025-07-31T03:00:00.000000,Japan,Japan,JP,285.61,358.73,47.81,42.49,,true,ESTIMATED_MODE_BREAKDOWN
2025-07-31T04:00:00.000000,Japan,Japan,JP,296.89,371.25,45.75,40.62,,true,ESTIMATED_MODE_BREAKDOWN
2025-07-31T05:00:00.000000,Japan,Japan,JP,316.12,392.57,42.24,37.14,,true,ESTIMATED_MODE_BREAKDOWN
2025-07-31T06:00:00.000000,Japan,Japan,JP,344.98,424.56,36.98,31.86,,true,ESTIMATED_MODE_BREAKDOWN
2025-07-31T07:00:00.000000,Japan,Japan,JP,383.78,467.6,29.91,24.79,,true,ESTIMATED_MODE_BREAKDOWN
2025-07-31T08:00:00.000000,Japan,Japan,JP,422.15,510.23,22.92,17.91,,true,ESTIMATED_MODE_BREAKDOWN
2025-07-31T09:00:00.000000,Japan,Japan,JP,444.27,534.56,18.88,13.26,,true,ESTIMATED_MODE_BREAKDOWN
2025-07-31T10:00:00.000000,Japan,Japan,JP,448.41,539.12,18.12,12.24,,true,ESTIMATED_MODE_BREAKDOWN
2025-07-31T11:00:00.000000,Japan,Japan,JP,446.81,537.28,18.41,12.23,,true,ESTIMATED_MODE_BREAKDOWN
2025-07-31T12:00:00.000000,Japan,Japan,JP,445.36,535.59,18.67,12.33,,true,ESTIMATED_MODE_BREAKDOWN
2025-07-31T13:00:00.000000,Japan,Japan,JP,441.6,531.13,19.35,12.28,,true,ESTIMATED_MODE_BREAKDOWN
2025-07-31T14:00:00.000000,Japan,Japan,JP,440.04,529.22,19.63,12.23,,true,ESTIMATED_MODE_BREAKDOWN
2025-07-31T15:00:00.000000,Japan,Japan,JP,437.31,526.05,20.13,12.36,,true,ESTIMATED_MODE_BREAKDOWN
2025-07-31T16:00:00.000000,Japan,Japan,JP,432.25,520.19,21.05,12.36,,true,ESTIMATED_MODE_BREAKDOWN
2025-07-31T17:00:00.000000,Japan,Japan,JP,432.72,520.83,20.96,12.44,,true,ESTIMATED_MODE_BREAKDOWN
2025-07-31T18:00:00.000000,Japan,Japan,JP,433.56,521.83,20.81,12.37,,true,ESTIMATED_MODE_BREAKDOWN
2025-07-31T19:00:00.000000,Japan,Japan,JP,431.44,519.3,21.21,12.28,,true,ESTIMATED_MODE_BREAKDOWN
2025-07-31T20:00:00.000000,Japan,Japan,JP,428.6,516.34,21.74,13.27,,true,ESTIMATED_MODE_BREAKDOWN
2025-07-31T21:00:00.000000,Japan,Japan,JP,400.29,485.0,26.9,18.6,,true,ESTIMATED_MODE_BREAKDOWN
2025-07-31T22:00:00.000000,Japan,Japan,JP,361.29,441.88,34.0,26.6,,true,ESTIMATED_MODE_BREAKDOWN
2025-07-31T23:00:00.000000,Japan,Japan,JP,339.64,418.22,37.95,31.6,,true,ESTIMATED_MODE_BREAKDOWN
2025-08-01T00:00:00.000000,Japan,Japan,JP,322.7,399.7,41.04,35.48,,true,ESTIMATED_MODE_BREAKDOWN
2025-08-01T01:00:00.000000,Japan,Japan,JP,308.36,384.02,43.67,38.56,,true,ESTIMATED_MODE_BREAKDOWN
2025-08-01T02:00:00.000000,Japan,Japan,JP,302.13,377.07,44.81,39.73,,true,ESTIMATED_MODE_BREAKDOWN
2025-08-01T03:00:00.000000,Japan,Japan,JP,298.72,373.13,45.42,40.08,,true,ESTIMATED_MODE_BREAKDOWN
2025-08-01T04:00:00.000000,Japan,Japan,JP,315.28,391.53,42.39,37.22,,true,ESTIMATED_MODE_BREAKDOWN
2025-08-01T05:00:00.000000,Japan,Japan,JP,337.43,416.1,38.35,33.3,,true,ESTIMATED_MODE_BREAKDOWN
2025-08-01T06:00:00.000000,Japan,Japan,JP,363.79,445.27,33.55,28.32,,true,ESTIMATED_MODE_BREAKDOWN
2025-08-01T07:00:00.000000,Japan,Japan,JP,395.2,480.11,27.82,22.57,,true,ESTIMATED_MODE_BREAKDOWN
2025-08-01T08:00:00.000000,Japan,Japan,JP,423.38,511.37,22.69,17.21,,true,ESTIMATED_MODE_BREAKDOWN
2025-08-01T09:00:00.000000,Japan,Japan,JP,444.24,534.51,18.89,13.18,,true,ESTIMATED_MODE_BREAKDOWN
2025-08-01T10:00:00.000000,Japan,Japan,JP,447.54,538.16,18.29,12.37,,true,ESTIMATED_MODE_BREAKDOWN
2025-08-01T11:00:00.000000,Japan,Japan,JP,445.49,535.81,18.66,12.44,,true,ESTIMATED_MODE_BREAKDOWN
2025-08-01T12:00:00.000000,Japan,Japan,JP,445.9,536.29,18.58,12.44,,true,ESTIMATED_MODE_BREAKDOWN
2025-08-01T13:00:00.000000,Japan,Japan,JP,443.8,533.74,18.96,12.43,,true,ESTIMATED_MODE_BREAKDOWN
2025-08-01T14:00:00.000000,Japan,Japan,JP,439.9,529.09,19.66,12.33,,true,ESTIMATED_MODE_BREAKDOWN
2025-08-01T15:00:00.000000,Japan,Japan,JP,436.03,524.53,20.37,12.3,,true,ESTIMATED_MODE_BREAKDOWN
2025-08-01T16:00:00.000000,Japan,Japan,JP,432.89,520.93,20.94,12.29,,true,ESTIMATED_MODE_BREAKDOWN
2025-08-01T17:00:00.000000,Japan,Japan,JP,431.32,519.13,21.22,12.31,,true,ESTIMATED_MODE_BREAKDOWN
2025-08-01T18:00:00.000000,Japan,Japan,JP,430.97,518.79,21.28,12.3,,true,ESTIMATED_MODE_BREAKDOWN
2025-08-01T19:00:00.000000,Japan,Japan,JP,430.72,518.59,21.33,12.33,,true,ESTIMATED_MODE_BREAKDOWN
2025-08-01T20:00:00.000000,Japan,Japan,JP,427.32,514.94,21.97,13.05,,true,ESTIMATED_MODE_BREAKDOWN
2025-08-01T21:00:00.000000,Japan,Japan,JP,403.32,488.55,26.35,18.06,,true,ESTIMATED_MODE_BREAKDOWN
2025-08-01T22:00:00.000000,Japan,Japan,JP,355.34,435.26,35.08,26.83,,true,ESTIMATED_MODE_BREAKDOWN
2025-08-01T23:00:00.000000,Japan,Japan,JP,317.99,394.2,41.89,34.93,,true,ESTIMATED_MODE_BREAKDOWN
2025-08-02T00:00:00.000000,Japan,Japan,JP,292.46,366.06,46.55,40.41,,true,ESTIMATED_MODE_BREAKDOWN
2025-08-02T01:00:00.000000,Japan,Japan,JP,270.33,341.54,50.59,44.44,,true,ESTIMATED_MODE_BREAKDOWN
2025-08-02T02:00:00.000000,Japan,Japan,JP,262.24,332.69,52.06,46.38,,true,ESTIMATED_MODE_BREAKDOWN
2025-08-02T03:00:00.000000,Japan,Japan,JP,263.7,334.29,51.8,46.14,,true,ESTIMATED_MODE_BREAKDOWN
2025-08-02T04:00:00.000000,Japan,Japan,JP,279.95,352.17,48.83,43.02,,true,ESTIMATED_MODE_BREAKDOWN
2025-08-02T05:00:00.000000,Japan,Japan,JP,303.18,378.04,44.59,39.08,,true,ESTIMATED_MODE_BREAKDOWN
2025-08-02T06:00:00.000000,Japan,Japan,JP,335.59,414.06,38.68,33.26,,true,ESTIMATED_MODE_BREAKDOWN
2025-08-02T07:00:00.000000,Japan,Japan,JP,374.97,457.65,31.51,25.73,,true,ESTIMATED_MODE_BREAKDOWN
2025-08-02T08:00:00.000000,Japan,Japan,JP,415.18,502.25,24.18,18.18,,true,ESTIMATED_MODE_BREAKDOWN
2025-08-02T09:00:00.000000,Japan,Japan,JP,442.98,533.18,19.12,13.2,,true,ESTIMATED_MODE_BREAKDOWN
2025-08-02T10:00:00.000000,Japan,Japan,JP,448.93,539.81,18.03,12.1,,true,ESTIMATED_MODE_BREAKDOWN
2025-08-02T11:00:00.000000,Japan,Japan,JP,447.11,537.72,18.36,12.11,,true,ESTIMATED_MODE_BREAKDOWN
2025-08-02T12:00:00.000000,Japan,Japan,JP,444.4,534.52,18.86,12.06,,true,ESTIMATED_MODE_BREAKDOWN
2025-08-02T13:00:00.000000,Japan,Japan,JP,440.88,530.32,19.49,12.03,,true,ESTIMATED_MODE_BREAKDOWN
2025-08-02T14:00:00.000000,Japan,Japan,JP,439.31,528.39,19.77,11.99,,true,ESTIMATED_MODE_BREAKDOWN
2025-08-02T15:00:00.000000,Japan,Japan,JP,437.74,526.67,20.06,12.09,,true,ESTIMATED_MODE_BREAKDOWN
2025-08-02T16:00:00.000000,Japan,Japan,JP,432.59,520.71,20.99,12.03,,true,ESTIMATED_MODE_BREAKDOWN
2025-08-02T17:00:00.000000,Japan,Japan,JP,431.69,519.61,21.15,12.0,,true,ESTIMATED_MODE_BREAKDOWN
2025-08-02T18:00:00.000000,Japan,Japan,JP,432.77,520.93,20.96,12.02,,true,ESTIMATED_MODE_BREAKDOWN
2025-08-02T19:00:00.000000,Japan,Japan,JP,430.54,518.36,21.37,11.95,,true,ESTIMATED_MODE_BREAKDOWN
2025-08-02T20:00:00.000000,Japan,Japan,JP,426.24,513.8,22.17,13.11,,true,ESTIMATED_MODE_BREAKDOWN
2025-08-02T21:00:00.000000,Japan,Japan,JP,391.31,475.3,28.53,19.94,,true,ESTIMATED_MODE_BREAKDOWN
2025-08-02T22:00:00.000000,Japan,Japan,JP,332.63,410.26,39.22,31.21,,true,ESTIMATED_MODE_BREAKDOWN
2025-08-02T23:00:00.000000,Japan,Japan,JP,288.51,361.59,47.26,40.09,,true,ESTIMATED_MODE_BREAKDOWN
2025-08-03T00:00:00.000000,Japan,Japan,JP,264.81,335.45,51.59,45.11,,true,ESTIMATED_MODE_BREAKDOWN
2025-08-03T01:00:00.000000,Japan,Japan,JP,252.3,321.62,53.88,47.69,,true,ESTIMATED_MODE_BREAKDOWN
2025-08-03T02:00:00.000000,Japan,Japan,JP,244.86,313.45,55.24,49.25,,true,ESTIMATED_MODE_BREAKDOWN
2025-08-03T03:00:00.000000,Japan,Japan,JP,247.74,316.7,54.71,48.89,,true,ESTIMATED_MODE_BREAKDOWN
2025-08-03T04:00:00.000000,Japan,Japan,JP,260.23,330.5,52.44,46.75,,true,ESTIMATED_MODE_BREAKDOWN
2025-08-03T05:00:00.000000,Japan,Japan,JP,283.24,355.95,48.23,42.58,,true,ESTIMATED_MODE_BREAKDOWN
2025-08-03T06:00:00.000000,Japan,Japan,JP,322.27,399.22,41.11,35.46,,true,ESTIMATED_MODE_BREAKDOWN
2025-08-03T07:00:00.000000,Japan,Japan,JP,371.46,453.8,32.14,26.54,,true,ESTIMATED_MODE_BREAKDOWN
2025-08-03T08:00:00.000000,Japan,Japan,JP,418.2,505.7,23.62,18.01,,true,ESTIMATED_MODE_BREAKDOWN
2025-08-03T09:00:00.000000,Japan,Japan,JP,444.88,535.29,18.76,13.06,,true,ESTIMATED_MODE_BREAKDOWN
2025-08-03T10:00:00.000000,Japan,Japan,JP,449.29,540.18,17.95,12.13,,true,ESTIMATED_MODE_BREAKDOWN
2025-08-03T11:00:00.000000,Japan,Japan,JP,447.66,538.32,18.25,12.17,,true,ESTIMATED_MODE_BREAKDOWN
2025-08-03T12:00:00.000000,Japan,Japan,JP,445.24,535.39,18.69,12.08,,true,ESTIMATED_MODE_BREAKDOWN
2025-08-03T13:00:00.000000,Japan,Japan,JP,442.14,531.68,19.25,11.97,,true,ESTIMATED_MODE_BREAKDOWN
2025-08-03T14:00:00.000000,Japan,Japan,JP,442.53,532.12,19.18,12.08,,true,ESTIMATED_MODE_BREAKDOWN
2025-08-03T15:00:00.000000,Japan,Japan,JP,437.47,526.16,20.1,12.03,,true,ESTIMATED_MODE_BREAKDOWN
2025-08-03T16:00:00.000000,Japan,Japan,JP,432.36,520.33,21.03,12.06,,true,ESTIMATED_MODE_BREAKDOWN
2025-08-03T17:00:00.000000,Japan,Japan,JP,431.44,519.27,21.2,12.09,,true,ESTIMATED_MODE_BREAKDOWN
2025-08-03T18:00:00.000000,Japan,Japan,JP,432.89,521.0,20.94,12.16,,true,ESTIMATED_MODE_BREAKDOWN
2025-08-03T19:00:00.000000,Japan,Japan,JP,431.78,519.66,21.14,12.12,,true,ESTIMATED_MODE_BREAKDOWN
2025-08-03T20:00:00.000000,Japan,Japan,JP,428.85,516.63,21.67,13.0,,true,ESTIMATED_MODE_BREAKDOWN
2025-08-03T21:00:00.000000,Japan,Japan,JP,411.49,497.69,24.84,17.36,,true,ESTIMATED_MODE_BREAKDOWN
2025-08-03T22:00:00.000000,Japan,Japan,JP,382.8,466.02,30.06,23.58,,true,ESTIMATED_MODE_BREAKDOWN
2025-08-03T23:00:00.000000,Japan,Japan,JP,363.57,445.07,33.57,28.18,,true,ESTIMATED_MODE_BREAKDOWN
2025-08-04T00:00:00.000000,Japan,Japan,JP,346.81,426.68,36.63,31.85,,true,ESTIMATED_MODE_BREAKDOWN
2025-08-04T01:00:00.000000,Japan,Japan,JP,331.28,409.51,39.47,34.86,,true,ESTIMATED_MODE_BREAKDOWN
2025-08-04T02:00:00.000000,Japan,Japan,JP,321.16,398.35,41.32,36.81,,true,ESTIMATED_MODE_BREAKDOWN
2025-08-04T03:00:00.000000,Japan,Japan,JP,314.43,390.87,42.55,37.99,,true,ESTIMATED_MODE_BREAKDOWN
2025-08-04T04:00:00.000000,Japan,Japan,JP,329.43,407.53,39.83,35.31,,true,ESTIMATED_MODE_BREAKDOWN
2025-08-04T05:00:00.000000,Japan,Japan,JP,347.57,427.66,36.53,32.03,,true,ESTIMATED_MODE_BREAKDOWN
2025-08-04T06:00:00.000000,Japan,Japan,JP,373.14,455.94,31.86,27.3,,true,ESTIMATED_MODE_BREAKDOWN
2025-08-04T07:00:00.000000,Japan,Japan,JP,404.31,490.41,26.17,21.6,,true,ESTIMATED_MODE_BREAKDOWN
2025-08-04T08:00:00.000000,Japan,Japan,JP,434.09,523.36,20.74,15.97,,true,ESTIMATED_MODE_BREAKDOWN
2025-08-04T09:00:00.000000,Japan,Japan,JP,450.65,541.73,17.71,12.73,,true,ESTIMATED_MODE_BREAKDOWN
2025-08-04T10:00:00.000000,Japan,Japan,JP,452.55,543.82,17.36,12.16,,true,ESTIMATED_MODE_BREAKDOWN
2025-08-04T11:00:00.000000,Japan,Japan,JP,450.81,541.84,17.68,12.21,,true,ESTIMATED_MODE_BREAKDOWN
2025-08-04T12:00:00.000000,Japan,Japan,JP,448.92,539.66,18.02,12.26,,true,ESTIMATED_MODE_BREAKDOWN
2025-08-04T13:00:00.000000,Japan,Japan,JP,446.78,537.11,18.41,12.25,,true,ESTIMATED_MODE_BREAKDOWN
2025-08-04T14:00:00.000000,Japan,Japan,JP,445.58,535.67,18.62,12.27,,true,ESTIMATED_MODE_BREAKDOWN
2025-08-04T15:00:00.000000,Japan,Japan,JP,441.49,530.89,19.37,12.35,,true,ESTIMATED_MODE_BREAKDOWN
2025-08-04T16:00:00.000000,Japan,Japan,JP,438.46,527.39,19.92,12.43,,true,ESTIMATED_MODE_BREAKDOWN
2025-08-04T17:00:00.000000,Japan,Japan,JP,436.89,525.56,20.21,12.47,,true,ESTIMATED_MODE_BREAKDOWN
2025-08-04T18:00:00.000000,Japan,Japan,JP,436.22,524.81,20.33,12.6,,true,ESTIMATED_MODE_BREAKDOWN
2025-08-04T19:00:00.000000,Japan,Japan,JP,436.16,524.74,20.34,12.55,,true,ESTIMATED_MODE_BREAKDOWN
2025-08-04T20:00:00.000000,Japan,Japan,JP,433.25,521.67,20.88,13.34,,true,ESTIMATED_MODE_BREAKDOWN
2025-08-04T21:00:00.000000,Japan,Japan,JP,409.67,495.67,25.19,18.14,,true,ESTIMATED_MODE_BREAKDOWN
2025-08-04T22:00:00.000000,Japan,Japan,JP,372.58,454.78,31.94,25.77,,true,ESTIMATED_MODE_BREAKDOWN
2025-08-04T23:00:00.000000,Japan,Japan,JP,349.89,429.88,36.08,30.85,,true,ESTIMATED_MODE_BREAKDOWN
2025-08-05T00:00:00.000000,Japan,Japan,JP,334.93,413.45,38.81,34.1,,true,ESTIMATED_MODE_BREAKDOWN
2025-08-05T01:00:00.000000,Japan,Japan,JP,321.92,399.09,41.18,36.68,,true,ESTIMATED_MODE_BREAKDOWN
2025-08-05T02:00:00.000000,Japan,Japan,JP,319.16,396.08,41.69,37.27,,true,ESTIMATED_MODE_BREAKDOWN
2025-08-05T03:00:00.000000,Japan,Japan,JP,316.56,393.12,42.16,37.62,,true,ESTIMATED_MODE_BREAKDOWN
2025-08-05T04:00:00.000000,Japan,Japan,JP,329.31,407.28,39.84,35.43,,true,ESTIMATED_MODE_BREAKDOWN
2025-08-05T05:00:00.000000,Japan,Japan,JP,348.59,428.64,36.33,31.95,,true,ESTIMATED_MODE_BREAKDOWN
2025-08-05T06:00:00.000000,Japan,Japan,JP,372.67,455.32,31.93,27.54,,true,ESTIMATED_MODE_BREAKDOWN
2025-08-05T07:00:00.000000,Japan,Japan,JP,403.81,489.84,26.25,21.85,,true,ESTIMATED_MODE_BREAKDOWN
2025-08-05T08:00:00.000000,Japan,Japan,JP,430.84,519.71,21.33,16.6,,true,ESTIMATED_MODE_BREAKDOWN
2025-08-05T09:00:00.000000,Japan,Japan,JP,451.16,542.31,17.62,12.84,,true,ESTIMATED_MODE_BREAKDOWN
2025-08-05T10:00:00.000000,Japan,Japan,JP,453.84,545.25,17.13,12.16,,true,ESTIMATED_MODE_BREAKDOWN
2025-08-05T11:00:00.000000,Japan,Japan,JP,450.45,541.35,17.75,12.2,,true,ESTIMATED_MODE_BREAKDOWN
2025-08-05T12:00:00.000000,Japan,Japan,JP,449.95,540.76,17.83,12.16,,true,ESTIMATED_MODE_BREAKDOWN
2025-08-05T13:00:00.000000,Japan,Japan,JP,448.53,539.07,18.08,12.17,,true,ESTIMATED_MODE_BREAKDOWN
2025-08-05T14:00:00.000000,Japan,Japan,JP,446.9,537.09,18.38,12.17,,true,ESTIMATED_MODE_BREAKDOWN
2025-08-05T15:00:00.000000,Japan,Japan,JP,443.36,532.98,19.03,12.18,,true,ESTIMATED_MODE_BREAKDOWN
2025-08-05T16:00:00.000000,Japan,Japan,JP,440.15,529.31,19.61,12.27,,true,ESTIMATED_MODE_BREAKDOWN
2025-08-05T17:00:00.000000,Japan,Japan,JP,438.54,527.46,19.9,12.34,,true,ESTIMATED_MODE_BREAKDOWN
2025-08-05T18:00:00.000000,Japan,Japan,JP,437.95,526.84,20.01,12.39,,true,ESTIMATED_MODE_BREAKDOWN
2025-08-05T19:00:00.000000,Japan,Japan,JP,437.5,526.36,20.1,12.43,,true,ESTIMATED_MODE_BREAKDOWN
2025-08-05T20:00:00.000000,Japan,Japan,JP,434.21,522.85,20.71,13.13,,true,ESTIMATED_MODE_BREAKDOWN
2025-08-05T21:00:00.000000,Japan,Japan,JP,414.33,501.01,24.33,17.44,,true,ESTIMATED_MODE_BREAKDOWN
2025-08-05T22:00:00.000000,Japan,Japan,JP,382.48,465.84,30.13,24.14,,true,ESTIMATED_MODE_BREAKDOWN
2025-08-05T23:00:00.000000,Japan,Japan,JP,362.55,443.98,33.76,28.65,,true,ESTIMATED_MODE_BREAKDOWN
2025-08-06T00:00:00.000000,Japan,Japan,JP,346.08,425.82,36.77,32.18,,true,ESTIMATED_MODE_BREAKDOWN
2025-08-06T01:00:00.000000,Japan,Japan,JP,332.72,411.12,39.21,34.8,,true,ESTIMATED_MODE_BREAKDOWN
2025-08-06T02:00:00.000000,Japan,Japan,JP,328.55,406.5,39.98,35.59,,true,ESTIMATED_MODE_BREAKDOWN
2025-08-06T03:00:00.000000,Japan,Japan,JP,328.97,406.97,39.91,35.49,,true,ESTIMATED_MODE_BREAKDOWN
2025-08-06T04:00:00.000000,Japan,Japan,JP,342.11,421.5,37.51,33.16,,true,ESTIMATED_MODE_BREAKDOWN
2025-08-06T05:00:00.000000,Japan,Japan,JP,356.7,437.62,34.84,30.5,,true,ESTIMATED_MODE_BREAKDOWN
2025-08-06T06:00:00.000000,Japan,Japan,JP,379.37,462.76,30.71,26.3,,true,ESTIMATED_MODE_BREAKDOWN
2025-08-06T07:00:00.000000,Japan,Japan,JP,408.88,495.43,25.33,20.86,,true,ESTIMATED_MODE_BREAKDOWN
2025-08-06T08:00:00.000000,Japan,Japan,JP,433.73,522.93,20.8,16.08,,true,ESTIMATED_MODE_BREAKDOWN
2025-08-06T09:00:00.000000,Japan,Japan,JP,450.57,541.61,17.73,12.84,,true,ESTIMATED_MODE_BREAKDOWN
2025-08-06T10:00:00.000000,Japan,Japan,JP,452.25,543.45,17.43,12.34,,true,ESTIMATED_MODE_BREAKDOWN
2025-08-06T11:00:00.000000,Japan,Japan,JP,450.47,541.39,17.75,12.37,,true,ESTIMATED_MODE_BREAKDOWN
2025-08-06T12:00:00.000000,Japan,Japan,JP,447.7,538.09,18.26,12.29,,true,ESTIMATED_MODE_BREAKDOWN
2025-08-06T13:00:00.000000,Japan,Japan,JP,447.03,537.26,18.37,12.32,,true,ESTIMATED_MODE_BREAKDOWN
2025-08-06T14:00:00.000000,Japan,Japan,JP,445.62,535.61,18.63,12.35,,true,ESTIMATED_MODE_BREAKDOWN
2025-08-06T15:00:00.000000,Japan,Japan,JP,442.28,531.75,19.25,12.36,,true,ESTIMATED_MODE_BREAKDOWN
2025-08-06T16:00:00.000000,Japan,Japan,JP,438.35,527.22,19.96,12.48,,true,ESTIMATED_MODE_BREAKDOWN
2025-08-06T17:00:00.000000,Japan,Japan,JP,436.97,525.7,20.22,12.6,,true,ESTIMATED_MODE_BREAKDOWN
2025-08-06T18:00:00.000000,Japan,Japan,JP,436.92,525.7,20.23,12.61,,true,ESTIMATED_MODE_BREAKDOWN
2025-08-06T19:00:00.000000,Japan,Japan,JP,435.78,524.4,20.43,12.61,,true,ESTIMATED_MODE_BREAKDOWN
2025-08-06T20:00:00.000000,Japan,Japan,JP,434.79,523.4,20.62,12.99,,true,ESTIMATED_MODE_BREAKDOWN
2025-08-06T21:00:00.000000,Japan,Japan,JP,429.39,517.58,21.61,14.56,,true,ESTIMATED_MODE_BREAKDOWN
2025-08-06T22:00:00.000000,Japan,Japan,JP,420.88,508.31,23.15,16.86,,true,ESTIMATED_MODE_BREAKDOWN
2025-08-06T23:00:00.000000,Japan,Japan,JP,416.06,503.21,24.05,18.56,,true,ESTIMATED_MODE_BREAKDOWN
2025-08-07T00:00:00.000000,Japan,Japan,JP,411.86,498.62,24.8,19.69,,true,ESTIMATED_MODE_BREAKDOWN
2025-08-07T01:00:00.000000,Japan,Japan,JP,403.22,488.99,26.36,21.25,,true,ESTIMATED_MODE_BREAKDOWN
2025-08-07T02:00:00.000000,Japan,Japan,JP,384.06,467.8,29.85,24.69,,true,ESTIMATED_MODE_BREAKDOWN
2025-08-07T03:00:00.000000,Japan,Japan,JP,355.11,435.77,35.13,29.81,,true,ESTIMATED_MODE_BREAKDOWN
2025-08-07T04:00:00.000000,Japan,Japan,JP,344.67,424.34,37.04,31.96,,true,ESTIMATED_MODE_BREAKDOWN
2025-08-07T05:00:00.000000,Japan,Japan,JP,355.57,436.4,35.05,30.03,,true,ESTIMATED_MODE_BREAKDOWN
2025-08-07T06:00:00.000000,Japan,Japan,JP,378.78,462.06,30.82,25.87,,true,ESTIMATED_MODE_BREAKDOWN
2025-08-07T07:00:00.000000,Japan,Japan,JP,406.55,492.82,25.75,20.8,,true,ESTIMATED_MODE_BREAKDOWN
2025-08-07T08:00:00.000000,Japan,Japan,JP,433.22,522.3,20.89,15.64,,true,ESTIMATED_MODE_BREAKDOWN
2025-08-07T09:00:00.000000,Japan,Japan,JP,448.26,538.92,18.14,12.76,,true,ESTIMATED_MODE_BREAKDOWN
2025-08-07T10:00:00.000000,Japan,Japan,JP,449.85,540.63,17.85,12.28,,true,ESTIMATED_MODE_BREAKDOWN
2025-08-07T11:00:00.000000,Japan,Japan,JP,445.3,535.34,18.68,12.33,,true,ESTIMATED_MODE_BREAKDOWN
2025-08-07T12:00:00.000000,Japan,Japan,JP,444.61,534.49,18.8,12.29,,true,ESTIMATED_MODE_BREAKDOWN
2025-08-07T13:00:00.000000,Japan,Japan,JP,443.35,533.06,19.03,12.41,,true,ESTIMATED_MODE_BREAKDOWN
2025-08-07T14:00:00.000000,Japan,Japan,JP,441.28,530.69,19.4,12.48,,true,ESTIMATED_MODE_BREAKDOWN
2025-08-07T15:00:00.000000,Japan,Japan,JP,438.83,527.76,19.86,12.34,,true,ESTIMATED_MODE_BREAKDOWN
2025-08-07T16:00:00.000000,Japan,Japan,JP,435.61,524.14,20.45,12.42,,true,ESTIMATED_MODE_BREAKDOWN
2025-08-07T17:00:00.000000,Japan,Japan,JP,433.73,522.04,20.8,12.42,,true,ESTIMATED_MODE_BREAKDOWN
2025-08-07T18:00:00.000000,Japan,Japan,JP,433.76,522.14,20.8,12.47,,true,ESTIMATED_MODE_BREAKDOWN
2025-08-07T19:00:00.000000,Japan,Japan,JP,432.17,520.36,21.09,12.57,,true,ESTIMATED_MODE_BREAKDOWN
2025-08-07T20:00:00.000000,Japan,Japan,JP,426.15,513.61,22.19,13.36,,true,ESTIMATED_MODE_BREAKDOWN
2025-08-07T21:00:00.000000,Japan,Japan,JP,403.6,488.92,26.3,18.32,,true,ESTIMATED_MODE_BREAKDOWN
2025-08-07T22:00:00.000000,Japan,Japan,JP,370.28,452.18,32.37,25.3,,true,ESTIMATED_MODE_BREAKDOWN
2025-08-07T23:00:00.000000,Japan,Japan,JP,346.15,425.8,36.77,30.77,,true,ESTIMATED_MODE_BREAKDOWN
2025-08-08T00:00:00.000000,Japan,Japan,JP,326.55,404.24,40.36,35.01,,true,ESTIMATED_MODE_BREAKDOWN
2025-08-08T01:00:00.000000,Japan,Japan,JP,306.87,382.48,43.96,38.72,,true,ESTIMATED_MODE_BREAKDOWN
2025-08-08T02:00:00.000000,Japan,Japan,JP,302.8,377.96,44.69,39.6,,true,ESTIMATED_MODE_BREAKDOWN
2025-08-08T03:00:00.000000,Japan,Japan,JP,302.61,377.64,44.71,39.57,,true,ESTIMATED_MODE_BREAKDOWN
2025-08-08T04:00:00.000000,Japan,Japan,JP,318.16,394.83,41.87,36.85,,true,ESTIMATED_MODE_BREAKDOWN
2025-08-08T05:00:00.000000,Japan,Japan,JP,335.89,414.5,38.63,33.49,,true,ESTIMATED_MODE_BREAKDOWN
2025-08-08T06:00:00.000000,Japan,Japan,JP,360.65,441.91,34.12,28.99,,true,ESTIMATED_MODE_BREAKDOWN
2025-08-08T07:00:00.000000,Japan,Japan,JP,393.82,478.62,28.07,22.85,,true,ESTIMATED_MODE_BREAKDOWN
2025-08-08T08:00:00.000000,Japan,Japan,JP,426.9,515.21,22.04,16.52,,true,ESTIMATED_MODE_BREAKDOWN
2025-08-08T09:00:00.000000,Japan,Japan,JP,446.22,536.61,18.51,12.79,,true,ESTIMATED_MODE_BREAKDOWN
2025-08-08T10:00:00.000000,Japan,Japan,JP,447.46,537.89,18.29,12.16,,true,ESTIMATED_MODE_BREAKDOWN
2025-08-08T11:00:00.000000,Japan,Japan,JP,445.65,535.75,18.62,12.08,,true,ESTIMATED_MODE_BREAKDOWN
2025-08-08T12:00:00.000000,Japan,Japan,JP,442.46,531.98,19.2,11.93,,true,ESTIMATED_MODE_BREAKDOWN
2025-08-08T13:00:00.000000,Japan,Japan,JP,439.71,528.82,19.69,12.0,,true,ESTIMATED_MODE_BREAKDOWN
2025-08-08T14:00:00.000000,Japan,Japan,JP,440.02,529.23,19.64,12.09,,true,ESTIMATED_MODE_BREAKDOWN
2025-08-08T15:00:00.000000,Japan,Japan,JP,437.37,526.09,20.13,12.01,,true,ESTIMATED_MODE_BREAKDOWN
2025-08-08T16:00:00.000000,Japan,Japan,JP,433.46,521.6,20.83,12.07,,true,ESTIMATED_MODE_BREAKDOWN
2025-08-08T17:00:00.000000,Japan,Japan,JP,432.31,520.25,21.03,12.09,,true,ESTIMATED_MODE_BREAKDOWN
2025-08-08T18:00:00.000000,Japan,Japan,JP,432.41,520.44,21.02,12.1,,true,ESTIMATED_MODE_BREAKDOWN
2025-08-08T19:00:00.000000,Japan,Japan,JP,431.69,519.7,21.17,12.11,,true,ESTIMATED_MODE_BREAKDOWN
2025-08-08T20:00:00.000000,Japan,Japan,JP,426.76,514.31,22.08,12.96,,true,ESTIMATED_MODE_BREAKDOWN
2025-08-08T21:00:00.000000,Japan,Japan,JP,394.8,478.74,27.9,18.15,,true,ESTIMATED_MODE_BREAKDOWN
2025-08-08T22:00:00.000000,Japan,Japan,JP,349.92,429.27,36.08,26.9,,true,ESTIMATED_MODE_BREAKDOWN
2025-08-08T23:00:00.000000,Japan,Japan,JP,321.14,397.78,41.35,33.19,,true,ESTIMATED_MODE_BREAKDOWN
2025-08-09T00:00:00.000000,Japan,Japan,JP,319.58,396.15,41.64,34.43,,true,ESTIMATED_MODE_BREAKDOWN
2025-08-09T01:00:00.000000,Japan,Japan,JP,319.64,396.31,41.63,34.82,,true,ESTIMATED_MODE_BREAKDOWN
2025-08-09T02:00:00.000000,Japan,Japan,JP,308.02,383.39,43.75,36.57,,true,ESTIMATED_MODE_BREAKDOWN
2025-08-09T03:00:00.000000,Japan,Japan,JP,298.31,372.73,45.52,38.47,,true,ESTIMATED_MODE_BREAKDOWN
2025-08-09T04:00:00.000000,Japan,Japan,JP,308.89,384.59,43.6,37.13,,true,ESTIMATED_MODE_BREAKDOWN
2025-08-09T05:00:00.000000,Japan,Japan,JP,319.84,396.67,41.6,35.12,,true,ESTIMATED_MODE_BREAKDOWN
2025-08-09T06:00:00.000000,Japan,Japan,JP,346.34,425.88,36.75,29.93,,true,ESTIMATED_MODE_BREAKDOWN
2025-08-09T07:00:00.000000,Japan,Japan,JP,388.03,471.88,29.13,22.2,,true,ESTIMATED_MODE_BREAKDOWN
2025-08-09T08:00:00.000000,Japan,Japan,JP,426.77,514.78,22.05,15.51,,true,ESTIMATED_MODE_BREAKDOWN
2025-08-09T09:00:00.000000,Japan,Japan,JP,442.72,532.4,19.14,12.31,,true,ESTIMATED_MODE_BREAKDOWN
2025-08-09T10:00:00.000000,Japan,Japan,JP,445.15,535.16,18.69,11.95,,true,ESTIMATED_MODE_BREAKDOWN
2025-08-09T11:00:00.000000,Japan,Japan,JP,441.42,530.77,19.37,11.88,,true,ESTIMATED_MODE_BREAKDOWN
2025-08-09T12:00:00.000000,Japan,Japan,JP,440.46,529.67,19.54,11.95,,true,ESTIMATED_MODE_BREAKDOWN
2025-08-09T13:00:00.000000,Japan,Japan,JP,436.91,525.54,20.19,11.97,,true,ESTIMATED_MODE_BREAKDOWN
2025-08-09T14:00:00.000000,Japan,Japan,JP,434.52,522.76,20.63,11.99,,true,ESTIMATED_MODE_BREAKDOWN
2025-08-09T15:00:00.000000,Japan,Japan,JP,430.08,517.57,21.43,12.01,,true,ESTIMATED_MODE_BREAKDOWN
2025-08-09T16:00:00.000000,Japan,Japan,JP,426.44,513.36,22.09,12.06,,true,ESTIMATED_MODE_BREAKDOWN
2025-08-09T17:00:00.000000,Japan,Japan,JP,424.8,511.52,22.39,12.16,,true,ESTIMATED_MODE_BREAKDOWN
2025-08-09T18:00:00.000000,Japan,Japan,JP,425.1,511.91,22.35,12.16,,true,ESTIMATED_MODE_BREAKDOWN
2025-08-09T19:00:00.000000,Japan,Japan,JP,425.51,512.45,22.28,12.21,,true,ESTIMATED_MODE_BREAKDOWN
2025-08-09T20:00:00.000000,Japan,Japan,JP,424.05,510.91,22.55,12.61,,true,ESTIMATED_MODE_BREAKDOWN
2025-08-09T21:00:00.000000,Japan,Japan,JP,415.03,500.85,24.19,14.23,,true,ESTIMATED_MODE_BREAKDOWN
2025-08-09T22:00:00.000000,Japan,Japan,JP,400.96,485.32,26.74,17.23,,true,ESTIMATED_MODE_BREAKDOWN
2025-08-09T23:00:00.000000,Japan,Japan,JP,389.39,472.72,28.86,19.99,,true,ESTIMATED_MODE_BREAKDOWN
2025-08-10T00:00:00.000000,Japan,Japan,JP,383.71,466.61,29.9,21.76,,true,ESTIMATED_MODE_BREAKDOWN
2025-08-10T01:00:00.000000,Japan,Japan,JP,379.38,461.9,30.71,22.6,,true,ESTIMATED_MODE_BREAKDOWN
2025-08-10T02:00:00.000000,Japan,Japan,JP,379.69,462.26,30.64,22.67,,true,ESTIMATED_MODE_BREAKDOWN
2025-08-10T03:00:00.000000,Japan,Japan,JP,385.98,469.18,29.5,21.56,,true,ESTIMATED_MODE_BREAKDOWN
2025-08-10T04:00:00.000000,Japan,Japan,JP,392.08,475.88,28.38,20.4,,true,ESTIMATED_MODE_BREAKDOWN
2025-08-10T05:00:00.000000,Japan,Japan,JP,397.5,481.84,27.39,19.31,,true,ESTIMATED_MODE_BREAKDOWN
2025-08-10T06:00:00.000000,Japan,Japan,JP,409.76,495.44,25.15,17.11,,true,ESTIMATED_MODE_BREAKDOWN
2025-08-10T07:00:00.000000,Japan,Japan,JP,421.06,507.95,23.09,15.15,,true,ESTIMATED_MODE_BREAKDOWN
2025-08-10T08:00:00.000000,Japan,Japan,JP,432.85,521.14,20.94,13.39,,true,ESTIMATED_MODE_BREAKDOWN
2025-08-10T09:00:00.000000,Japan,Japan,JP,438.27,527.15,19.95,12.42,,true,ESTIMATED_MODE_BREAKDOWN
2025-08-10T10:00:00.000000,Japan,Japan,JP,437.68,526.44,20.06,12.3,,true,ESTIMATED_MODE_BREAKDOWN
2025-08-10T11:00:00.000000,Japan,Japan,JP,436.57,525.11,20.26,12.21,,true,ESTIMATED_MODE_BREAKDOWN
2025-08-10T12:00:00.000000,Japan,Japan,JP,437.11,525.68,20.15,12.19,,true,ESTIMATED_MODE_BREAKDOWN
2025-08-10T13:00:00.000000,Japan,Japan,JP,435.27,523.62,20.48,12.29,,true,ESTIMATED_MODE_BREAKDOWN
2025-08-10T14:00:00.000000,Japan,Japan,JP,433.68,521.78,20.77,12.34,,true,ESTIMATED_MODE_BREAKDOWN
2025-08-10T15:00:00.000000,Japan,Japan,JP,429.68,517.07,21.5,12.33,,true,ESTIMATED_MODE_BREAKDOWN
2025-08-10T16:00:00.000000,Japan,Japan,JP,427.2,514.14,21.95,12.29,,true,ESTIMATED_MODE_BREAKDOWN
2025-08-10T17:00:00.000000,Japan,Japan,JP,426.91,513.86,22.01,12.31,,true,ESTIMATED_MODE_BREAKDOWN
2025-08-10T18:00:00.000000,Japan,Japan,JP,427.38,514.47,21.93,12.29,,true,ESTIMATED_MODE_BREAKDOWN
2025-08-10T19:00:00.000000,Japan,Japan,JP,426.92,514.09,22.02,12.37,,true,ESTIMATED_MODE_BREAKDOWN
2025-08-10T20:00:00.000000,Japan,Japan,JP,426.7,514.02,22.07,12.81,,true,ESTIMATED_MODE_BREAKDOWN
2025-08-10T21:00:00.000000,Japan,Japan,JP,414.81,500.67,24.23,14.52,,true,ESTIMATED_MODE_BREAKDOWN
2025-08-10T22:00:00.000000,Japan,Japan,JP,403.8,488.49,26.22,16.94,,true,ESTIMATED_MODE_BREAKDOWN
2025-08-10T23:00:00.000000,Japan,Japan,JP,395.2,479.17,27.78,19.29,,true,ESTIMATED_MODE_BREAKDOWN
2025-08-11T00:00:00.000000,Japan,Japan,JP,385.53,468.71,29.56,21.83,,true,ESTIMATED_MODE_BREAKDOWN
2025-08-11T01:00:00.000000,Japan,Japan,JP,371.34,453.28,32.18,24.94,,true,ESTIMATED_MODE_BREAKDOWN
2025-08-11T02:00:00.000000,Japan,Japan,JP,357.58,438.03,34.7,27.37,,true,ESTIMATED_MODE_BREAKDOWN
2025-08-11T03:00:00.000000,Japan,Japan,JP,345.57,424.85,36.89,29.73,,true,ESTIMATED_MODE_BREAKDOWN
2025-08-11T04:00:00.000000,Japan,Japan,JP,348.29,427.95,36.41,29.34,,true,ESTIMATED_MODE_BREAKDOWN
2025-08-11T05:00:00.000000,Japan,Japan,JP,363.48,444.64,33.64,26.11,,true,ESTIMATED_MODE_BREAKDOWN
2025-08-11T06:00:00.000000,Japan,Japan,JP,386.36,469.93,29.46,22.13,,true,ESTIMATED_MODE_BREAKDOWN
2025-08-11T07:00:00.000000,Japan,Japan,JP,411.77,498.09,24.81,17.85,,true,ESTIMATED_MODE_BREAKDOWN
2025-08-11T08:00:00.000000,Japan,Japan,JP,429.8,517.87,21.5,14.19,,true,ESTIMATED_MODE_BREAKDOWN
2025-08-11T09:00:00.000000,Japan,Japan,JP,440.73,530.02,19.5,12.32,,true,ESTIMATED_MODE_BREAKDOWN
2025-08-11T10:00:00.000000,Japan,Japan,JP,442.12,531.56,19.25,12.07,,true,ESTIMATED_MODE_BREAKDOWN
2025-08-11T11:00:00.000000,Japan,Japan,JP,441.02,530.26,19.45,12.06,,true,ESTIMATED_MODE_BREAKDOWN
2025-08-11T12:00:00.000000,Japan,Japan,JP,439.76,528.75,19.67,12.08,,true,ESTIMATED_MODE_BREAKDOWN
2025-08-11T13:00:00.000000,Japan,Japan,JP,437.06,525.68,20.16,12.2,,true,ESTIMATED_MODE_BREAKDOWN
2025-08-11T14:00:00.000000,Japan,Japan,JP,435.01,523.32,20.53,12.28,,true,ESTIMATED_MODE_BREAKDOWN
2025-08-11T15:00:00.000000,Japan,Japan,JP,431.07,518.64,21.25,12.28,,true,ESTIMATED_MODE_BREAKDOWN
2025-08-11T16:00:00.000000,Japan,Japan,JP,426.49,513.34,22.08,12.28,,true,ESTIMATED_MODE_BREAKDOWN
2025-08-11T17:00:00.000000,Japan,Japan,JP,423.29,509.64,22.66,12.29,,true,ESTIMATED_MODE_BREAKDOWN
2025-08-11T18:00:00.000000,Japan,Japan,JP,425.38,512.13,22.29,12.37,,true,ESTIMATED_MODE_BREAKDOWN
2025-08-11T19:00:00.000000,Japan,Japan,JP,425.67,512.52,22.24,12.36,,true,ESTIMATED_MODE_BREAKDOWN
2025-08-11T20:00:00.000000,Japan,Japan,JP,423.83,510.56,22.59,12.77,,true,ESTIMATED_MODE_BREAKDOWN
2025-08-11T21:00:00.000000,Japan,Japan,JP,411.72,497.13,24.79,15.22,,true,ESTIMATED_MODE_BREAKDOWN
2025-08-11T22:00:00.000000,Japan,Japan,JP,393.76,477.39,28.05,19.3,,true,ESTIMATED_MODE_BREAKDOWN
2025-08-11T23:00:00.000000,Japan,Japan,JP,384.05,467.07,29.82,22.45,,true,ESTIMATED_MODE_BREAKDOWN
2025-08-12T00:00:00.000000,Japan,Japan,JP,368.59,449.95,32.65,25.31,,true,ESTIMATED_MODE_BREAKDOWN
2025-08-12T01:00:00.000000,Japan,Japan,JP,353.41,433.32,35.42,28.73,,true,ESTIMATED_MODE_BREAKDOWN
2025-08-12T02:00:00.000000,Japan,Japan,JP,340.85,419.48,37.71,31.2,,true,ESTIMATED_MODE_BREAKDOWN
2025-08-12T03:00:00.000000,Japan,Japan,JP,331.99,409.54,39.33,32.35,,true,ESTIMATED_MODE_BREAKDOWN
2025-08-12T04:00:00.000000,Japan,Japan,JP,342.71,421.54,37.39,30.67,,true,ESTIMATED_MODE_BREAKDOWN
2025-08-12T05:00:00.000000,Japan,Japan,JP,361.5,442.45,33.97,27.34,,true,ESTIMATED_MODE_BREAKDOWN
2025-08-12T06:00:00.000000,Japan,Japan,JP,383.35,466.69,30.0,23.22,,true,ESTIMATED_MODE_BREAKDOWN
2025-08-12T07:00:00.000000,Japan,Japan,JP,406.72,492.49,25.72,18.79,,true,ESTIMATED_MODE_BREAKDOWN
2025-08-12T08:00:00.000000,Japan,Japan,JP,427.8,515.85,21.87,14.98,,true,ESTIMATED_MODE_BREAKDOWN
2025-08-12T09:00:00.000000,Japan,Japan,JP,440.22,529.6,19.61,12.49,,true,ESTIMATED_MODE_BREAKDOWN
2025-08-12T10:00:00.000000,Japan,Japan,JP,442.95,532.74,19.11,12.22,,true,ESTIMATED_MODE_BREAKDOWN
2025-08-12T11:00:00.000000,Japan,Japan,JP,442.17,531.76,19.25,12.15,,true,ESTIMATED_MODE_BREAKDOWN
2025-08-12T12:00:00.000000,Japan,Japan,JP,439.75,528.96,19.69,12.17,,true,ESTIMATED_MODE_BREAKDOWN
2025-08-12T13:00:00.000000,Japan,Japan,JP,437.36,526.14,20.12,12.15,,true,ESTIMATED_MODE_BREAKDOWN
2025-08-12T14:00:00.000000,Japan,Japan,JP,435.5,523.93,20.45,12.19,,true,ESTIMATED_MODE_BREAKDOWN
2025-08-12T15:00:00.000000,Japan,Japan,JP,430.84,518.67,21.3,12.31,,true,ESTIMATED_MODE_BREAKDOWN
2025-08-12T16:00:00.000000,Japan,Japan,JP,427.42,514.71,21.92,12.25,,true,ESTIMATED_MODE_BREAKDOWN
2025-08-12T17:00:00.000000,Japan,Japan,JP,426.93,514.14,22.01,12.27,,true,ESTIMATED_MODE_BREAKDOWN
2025-08-12T18:00:00.000000,Japan,Japan,JP,427.75,515.13,21.86,12.24,,true,ESTIMATED_MODE_BREAKDOWN
2025-08-12T19:00:00.000000,Japan,Japan,JP,425.17,512.17,22.34,12.19,,true,ESTIMATED_MODE_BREAKDOWN
2025-08-12T20:00:00.000000,Japan,Japan,JP,424.19,511.33,22.53,12.94,,true,ESTIMATED_MODE_BREAKDOWN
2025-08-12T21:00:00.000000,Japan,Japan,JP,396.0,480.02,27.67,17.82,,true,ESTIMATED_MODE_BREAKDOWN
2025-08-12T22:00:00.000000,Japan,Japan,JP,346.41,425.03,36.7,27.42,,true,ESTIMATED_MODE_BREAKDOWN
2025-08-12T23:00:00.000000,Japan,Japan,JP,301.19,375.27,44.95,36.87,,true,ESTIMATED_MODE_BREAKDOWN
2025-08-13T00:00:00.000000,Japan,Japan,JP,277.09,348.61,49.35,41.75,,true,ESTIMATED_MODE_BREAKDOWN
2025-08-13T01:00:00.000000,Japan,Japan,JP,262.42,332.46,52.03,44.76,,true,ESTIMATED_MODE_BREAKDOWN
2025-08-13T02:00:00.000000,Japan,Japan,JP,258.53,328.26,52.75,45.66,,true,ESTIMATED_MODE_BREAKDOWN
2025-08-13T03:00:00.000000,Japan,Japan,JP,253.15,322.34,53.74,46.74,,true,ESTIMATED_MODE_BREAKDOWN
2025-08-13T04:00:00.000000,Japan,Japan,JP,259.43,329.32,52.59,45.71,,true,ESTIMATED_MODE_BREAKDOWN
2025-08-13T05:00:00.000000,Japan,Japan,JP,285.73,358.47,47.79,40.89,,true,ESTIMATED_MODE_BREAKDOWN
2025-08-13T06:00:00.000000,Japan,Japan,JP,325.37,402.5,40.56,33.71,,true,ESTIMATED_MODE_BREAKDOWN
2025-08-13T07:00:00.000000,Japan,Japan,JP,372.65,454.88,31.94,25.07,,true,ESTIMATED_MODE_BREAKDOWN
2025-08-13T08:00:00.000000,Japan,Japan,JP,418.23,505.37,23.63,16.64,,true,ESTIMATED_MODE_BREAKDOWN
2025-08-13T09:00:00.000000,Japan,Japan,JP,442.37,532.3,19.23,12.51,,true,ESTIMATED_MODE_BREAKDOWN
2025-08-13T10:00:00.000000,Japan,Japan,JP,443.19,533.03,19.07,11.84,,true,ESTIMATED_MODE_BREAKDOWN
2025-08-13T11:00:00.000000,Japan,Japan,JP,440.89,530.4,19.49,11.88,,true,ESTIMATED_MODE_BREAKDOWN
2025-08-13T12:00:00.000000,Japan,Japan,JP,439.61,528.85,19.72,11.86,,true,ESTIMATED_MODE_BREAKDOWN
2025-08-13T13:00:00.000000,Japan,Japan,JP,436.07,524.7,20.36,11.83,,true,ESTIMATED_MODE_BREAKDOWN
2025-08-13T14:00:00.000000,Japan,Japan,JP,435.78,524.33,20.41,11.85,,true,ESTIMATED_MODE_BREAKDOWN
2025-08-13T15:00:00.000000,Japan,Japan,JP,432.25,520.28,21.06,11.91,,true,ESTIMATED_MODE_BREAKDOWN
2025-08-13T16:00:00.000000,Japan,Japan,JP,425.44,512.3,22.29,11.81,,true,ESTIMATED_MODE_BREAKDOWN
2025-08-13T17:00:00.000000,Japan,Japan,JP,426.71,513.75,22.06,11.83,,true,ESTIMATED_MODE_BREAKDOWN
2025-08-13T18:00:00.000000,Japan,Japan,JP,427.14,514.3,21.98,11.82,,true,ESTIMATED_MODE_BREAKDOWN
2025-08-13T19:00:00.000000,Japan,Japan,JP,425.47,512.41,22.3,11.78,,true,ESTIMATED_MODE_BREAKDOWN
2025-08-13T20:00:00.000000,Japan,Japan,JP,421.85,508.5,22.97,12.6,,true,ESTIMATED_MODE_BREAKDOWN
2025-08-13T21:00:00.000000,Japan,Japan,JP,396.66,480.59,27.55,17.54,,true,ESTIMATED_MODE_BREAKDOWN
2025-08-13T22:00:00.000000,Japan,Japan,JP,344.33,422.59,37.08,27.54,,true,ESTIMATED_MODE_BREAKDOWN
2025-08-13T23:00:00.000000,Japan,Japan,JP,300.09,373.83,45.15,36.57,,true,ESTIMATED_MODE_BREAKDOWN
2025-08-14T00:00:00.000000,Japan,Japan,JP,272.08,343.13,50.26,42.88,,true,ESTIMATED_MODE_BREAKDOWN
2025-08-14T01:00:00.000000,Japan,Japan,JP,241.76,309.65,55.8,48.49,,true,ESTIMATED_MODE_BREAKDOWN
2025-08-14T02:00:00.000000,Japan,Japan,JP,230.51,297.34,57.86,50.9,,true,ESTIMATED_MODE_BREAKDOWN
2025-08-14T03:00:00.000000,Japan,Japan,JP,228.8,295.51,58.17,51.29,,true,ESTIMATED_MODE_BREAKDOWN
2025-08-14T04:00:00.000000,Japan,Japan,JP,245.25,313.69,55.17,48.4,,true,ESTIMATED_MODE_BREAKDOWN
2025-08-14T05:00:00.000000,Japan,Japan,JP,273.79,345.33,49.96,43.19,,true,ESTIMATED_MODE_BREAKDOWN
2025-08-14T06:00:00.000000,Japan,Japan,JP,314.96,390.91,42.45,35.69,,true,ESTIMATED_MODE_BREAKDOWN
2025-08-14T07:00:00.000000,Japan,Japan,JP,366.42,447.96,33.07,26.35,,true,ESTIMATED_MODE_BREAKDOWN
2025-08-14T08:00:00.000000,Japan,Japan,JP,413.44,500.06,24.5,17.66,,true,ESTIMATED_MODE_BREAKDOWN
2025-08-14T09:00:00.000000,Japan,Japan,JP,439.08,528.53,19.83,12.86,,true,ESTIMATED_MODE_BREAKDOWN
2025-08-14T10:00:00.000000,Japan,Japan,JP,441.97,531.7,19.3,12.12,,true,ESTIMATED_MODE_BREAKDOWN
2025-08-14T11:00:00.000000,Japan,Japan,JP,441.77,531.4,19.33,12.16,,true,ESTIMATED_MODE_BREAKDOWN
2025-08-14T12:00:00.000000,Japan,Japan,JP,438.42,527.4,19.94,12.15,,true,ESTIMATED_MODE_BREAKDOWN
2025-08-14T13:00:00.000000,Japan,Japan,JP,436.55,525.26,20.27,12.21,,true,ESTIMATED_MODE_BREAKDOWN
2025-08-14T14:00:00.000000,Japan,Japan,JP,433.67,521.94,20.79,12.3,,true,ESTIMATED_MODE_BREAKDOWN
2025-08-14T15:00:00.000000,Japan,Japan,JP,428.34,515.66,21.76,12.18,,true,ESTIMATED_MODE_BREAKDOWN
2025-08-14T16:00:00.000000,Japan,Japan,JP,424.98,511.8,22.37,12.23,,true,ESTIMATED_MODE_BREAKDOWN
2025-08-14T17:00:00.000000,Japan,Japan,JP,423.47,510.07,22.65,12.25,,true,ESTIMATED_MODE_BREAKDOWN
2025-08-14T18:00:00.000000,Japan,Japan,JP,422.5,509.01,22.83,12.27,,true,ESTIMATED_MODE_BREAKDOWN
2025-08-14T19:00:00.000000,Japan,Japan,JP,424.45,511.33,22.48,12.29,,true,ESTIMATED_MODE_BREAKDOWN
2025-08-14T20:00:00.000000,Japan,Japan,JP,419.83,506.19,23.34,12.99,,true,ESTIMATED_MODE_BREAKDOWN
2025-08-14T21:00:00.000000,Japan,Japan,JP,385.93,468.61,29.51,19.41,,true,ESTIMATED_MODE_BREAKDOWN
2025-08-14T22:00:00.000000,Japan,Japan,JP,327.75,404.35,40.11,30.89,,true,ESTIMATED_MODE_BREAKDOWN
2025-08-14T23:00:00.000000,Japan,Japan,JP,281.74,353.69,48.51,40.34,,true,ESTIMATED_MODE_BREAKDOWN
2025-08-15T00:00:00.000000,Japan,Japan,JP,251.6,320.58,54.01,46.64,,true,ESTIMATED_MODE_BREAKDOWN
2025-08-15T01:00:00.000000,Japan,Japan,JP,236.6,304.12,56.74,49.8,,true,ESTIMATED_MODE_BREAKDOWN
2025-08-15T02:00:00.000000,Japan,Japan,JP,234.25,301.62,57.18,50.5,,true,ESTIMATED_MODE_BREAKDOWN
2025-08-15T03:00:00.000000,Japan,Japan,JP,241.8,309.97,55.8,49.26,,true,ESTIMATED_MODE_BREAKDOWN
2025-08-15T04:00:00.000000,Japan,Japan,JP,260.94,331.07,52.31,45.78,,true,ESTIMATED_MODE_BREAKDOWN
2025-08-15T05:00:00.000000,Japan,Japan,JP,289.88,363.09,47.02,40.45,,true,ESTIMATED_MODE_BREAKDOWN
2025-08-15T06:00:00.000000,Japan,Japan,JP,329.48,406.98,39.8,33.18,,true,ESTIMATED_MODE_BREAKDOWN
2025-08-15T07:00:00.000000,Japan,Japan,JP,374.18,456.56,31.64,25.0,,true,ESTIMATED_MODE_BREAKDOWN
2025-08-15T08:00:00.000000,Japan,Japan,JP,415.66,502.55,24.1,17.36,,true,ESTIMATED_MODE_BREAKDOWN
2025-08-15T09:00:00.000000,Japan,Japan,JP,441.97,531.87,19.31,12.9,,true,ESTIMATED_MODE_BREAKDOWN
2025-08-15T10:00:00.000000,Japan,Japan,JP,444.61,534.72,18.82,12.12,,true,ESTIMATED_MODE_BREAKDOWN
2025-08-15T11:00:00.000000,Japan,Japan,JP,441.7,531.28,19.35,12.12,,true,ESTIMATED_MODE_BREAKDOWN
2025-08-15T12:00:00.000000,Japan,Japan,JP,438.71,527.79,19.88,12.08,,true,ESTIMATED_MODE_BREAKDOWN
2025-08-15T13:00:00.000000,Japan,Japan,JP,436.97,525.75,20.19,12.09,,true,ESTIMATED_MODE_BREAKDOWN
2025-08-15T14:00:00.000000,Japan,Japan,JP,437.04,525.8,20.17,12.16,,true,ESTIMATED_MODE_BREAKDOWN
2025-08-15T15:00:00.000000,Japan,Japan,JP,431.34,519.15,21.22,11.99,,true,ESTIMATED_MODE_BREAKDOWN
2025-08-15T16:00:00.000000,Japan,Japan,JP,426.83,513.85,22.04,11.88,,true,ESTIMATED_MODE_BREAKDOWN
2025-08-15T17:00:00.000000,Japan,Japan,JP,425.31,512.09,22.32,11.91,,true,ESTIMATED_MODE_BREAKDOWN
2025-08-15T18:00:00.000000,Japan,Japan,JP,425.63,512.47,22.26,11.88,,true,ESTIMATED_MODE_BREAKDOWN
2025-08-15T19:00:00.000000,Japan,Japan,JP,426.31,513.32,22.14,11.85,,true,ESTIMATED_MODE_BREAKDOWN
2025-08-15T20:00:00.000000,Japan,Japan,JP,423.41,510.19,22.68,12.55,,true,ESTIMATED_MODE_BREAKDOWN
2025-08-15T21:00:00.000000,Japan,Japan,JP,396.53,480.58,27.58,18.14,,true,ESTIMATED_MODE_BREAKDOWN
2025-08-15T22:00:00.000000,Japan,Japan,JP,340.97,419.03,37.71,28.92,,true,ESTIMATED_MODE_BREAKDOWN
2025-08-15T23:00:00.000000,Japan,Japan,JP,294.36,367.52,46.21,37.93,,true,ESTIMATED_MODE_BREAKDOWN
2025-08-16T00:00:00.000000,Japan,Japan,JP,265.84,336.16,51.4,44.01,,true,ESTIMATED_MODE_BREAKDOWN
2025-08-16T01:00:00.000000,Japan,Japan,JP,247.38,315.9,54.77,47.71,,true,ESTIMATED_MODE_BREAKDOWN
2025-08-16T02:00:00.000000,Japan,Japan,JP,240.35,308.23,56.06,49.28,,true,ESTIMATED_MODE_BREAKDOWN
2025-08-16T03:00:00.000000,Japan,Japan,JP,243.43,311.71,55.5,49.05,,true,ESTIMATED_MODE_BREAKDOWN
2025-08-16T04:00:00.000000,Japan,Japan,JP,258.17,327.9,52.81,46.14,,true,ESTIMATED_MODE_BREAKDOWN
2025-08-16T05:00:00.000000,Japan,Japan,JP,287.37,360.33,47.48,40.91,,true,ESTIMATED_MODE_BREAKDOWN
2025-08-16T06:00:00.000000,Japan,Japan,JP,326.78,404.0,40.29,33.54,,true,ESTIMATED_MODE_BREAKDOWN
2025-08-16T07:00:00.000000,Japan,Japan,JP,374.27,456.63,31.63,24.89,,true,ESTIMATED_MODE_BREAKDOWN
2025-08-16T08:00:00.000000,Japan,Japan,JP,417.41,504.41,23.77,16.98,,true,ESTIMATED_MODE_BREAKDOWN
2025-08-16T09:00:00.000000,Japan,Japan,JP,443.56,533.55,19.0,12.57,,true,ESTIMATED_MODE_BREAKDOWN
2025-08-16T10:00:00.000000,Japan,Japan,JP,444.23,534.22,18.88,12.07,,true,ESTIMATED_MODE_BREAKDOWN
2025-08-16T11:00:00.000000,Japan,Japan,JP,440.5,529.81,19.56,12.03,,true,ESTIMATED_MODE_BREAKDOWN
2025-08-16T12:00:00.000000,Japan,Japan,JP,438.11,526.96,19.99,12.04,,true,ESTIMATED_MODE_BREAKDOWN
2025-08-16T13:00:00.000000,Japan,Japan,JP,436.71,525.35,20.24,12.12,,true,ESTIMATED_MODE_BREAKDOWN
2025-08-16T14:00:00.000000,Japan,Japan,JP,432.63,520.63,20.98,12.18,,true,ESTIMATED_MODE_BREAKDOWN
2025-08-16T15:00:00.000000,Japan,Japan,JP,427.62,514.73,21.89,12.13,,true,ESTIMATED_MODE_BREAKDOWN
2025-08-16T16:00:00.000000,Japan,Japan,JP,424.06,510.61,22.53,12.1,,true,ESTIMATED_MODE_BREAKDOWN
2025-08-16T17:00:00.000000,Japan,Japan,JP,422.36,508.68,22.84,12.15,,true,ESTIMATED_MODE_BREAKDOWN
2025-08-16T18:00:00.000000,Japan,Japan,JP,421.97,508.23,22.92,12.25,,true,ESTIMATED_MODE_BREAKDOWN
2025-08-16T19:00:00.000000,Japan,Japan,JP,422.28,508.64,22.87,12.29,,true,ESTIMATED_MODE_BREAKDOWN
2025-08-16T20:00:00.000000,Japan,Japan,JP,420.13,506.41,23.27,13.02,,true,ESTIMATED_MODE_BREAKDOWN
2025-08-16T21:00:00.000000,Japan,Japan,JP,390.98,474.17,28.58,18.44,,true,ESTIMATED_MODE_BREAKDOWN
2025-08-16T22:00:00.000000,Japan,Japan,JP,335.7,412.85,38.65,29.07,,true,ESTIMATED_MODE_BREAKDOWN
2025-08-16T23:00:00.000000,Japan,Japan,JP,289.11,361.65,47.15,38.89,,true,ESTIMATED_MODE_BREAKDOWN
2025-08-17T00:00:00.000000,Japan,Japan,JP,261.88,331.66,52.12,44.74,,true,ESTIMATED_MODE_BREAKDOWN
2025-08-17T01:00:00.000000,Japan,Japan,JP,241.03,308.72,55.93,48.81,,true,ESTIMATED_MODE_BREAKDOWN
2025-08-17T02:00:00.000000,Japan,Japan,JP,235.46,302.65,56.95,50.11,,true,ESTIMATED_MODE_BREAKDOWN
2025-08-17T03:00:00.000000,Japan,Japan,JP,238.44,305.96,56.41,49.59,,true,ESTIMATED_MODE_BREAKDOWN
2025-08-17T04:00:00.000000,Japan,Japan,JP,254.02,323.16,53.56,46.72,,true,ESTIMATED_MODE_BREAKDOWN
2025-08-17T05:00:00.000000,Japan,Japan,JP,283.4,355.77,48.2,41.62,,true,ESTIMATED_MODE_BREAKDOWN
2025-08-17T06:00:00.000000,Japan,Japan,JP,326.46,403.41,40.34,33.55,,true,ESTIMATED_MODE_BREAKDOWN
2025-08-17T07:00:00.000000,Japan,Japan,JP,375.64,457.82,31.37,24.37,,true,ESTIMATED_MODE_BREAKDOWN
2025-08-17T08:00:00.000000,Japan,Japan,JP,419.37,506.38,23.4,16.75,,true,ESTIMATED_MODE_BREAKDOWN
2025-08-17T09:00:00.000000,Japan,Japan,JP,439.58,528.76,19.73,12.78,,true,ESTIMATED_MODE_BREAKDOWN
2025-08-17T10:00:00.000000,Japan,Japan,JP,441.11,530.4,19.45,12.22,,true,ESTIMATED_MODE_BREAKDOWN
2025-08-17T11:00:00.000000,Japan,Japan,JP,439.56,528.55,19.73,12.15,,true,ESTIMATED_MODE_BREAKDOWN
2025-08-17T12:00:00.000000,Japan,Japan,JP,437.63,526.24,20.08,12.05,,true,ESTIMATED_MODE_BREAKDOWN
2025-08-17T13:00:00.000000,Japan,Japan,JP,435.94,524.3,20.38,12.09,,true,ESTIMATED_MODE_BREAKDOWN
2025-08-17T14:00:00.000000,Japan,Japan,JP,431.87,519.61,21.11,12.13,,true,ESTIMATED_MODE_BREAKDOWN
2025-08-17T15:00:00.000000,Japan,Japan,JP,427.6,514.65,21.89,12.14,,true,ESTIMATED_MODE_BREAKDOWN
2025-08-17T16:00:00.000000,Japan,Japan,JP,425.06,511.69,22.35,12.09,,true,ESTIMATED_MODE_BREAKDOWN
2025-08-17T17:00:00.000000,Japan,Japan,JP,421.64,507.68,22.98,12.02,,true,ESTIMATED_MODE_BREAKDOWN
2025-08-17T18:00:00.000000,Japan,Japan,JP,423.49,509.98,22.65,12.02,,true,ESTIMATED_MODE_BREAKDOWN
2025-08-17T19:00:00.000000,Japan,Japan,JP,426.32,513.33,22.14,11.95,,true,ESTIMATED_MODE_BREAKDOWN
2025-08-17T20:00:00.000000,Japan,Japan,JP,422.43,509.16,22.85,12.63,,true,ESTIMATED_MODE_BREAKDOWN
2025-08-17T21:00:00.000000,Japan,Japan,JP,395.94,480.11,27.69,18.53,,true,ESTIMATED_MODE_BREAKDOWN
2025-08-17T22:00:00.000000,Japan,Japan,JP,349.48,428.76,36.15,27.82,,true,ESTIMATED_MODE_BREAKDOWN
2025-08-17T23:00:00.000000,Japan,Japan,JP,320.76,397.36,41.4,34.41,,true,ESTIMATED_MODE_BREAKDOWN
2025-08-18T00:00:00.000000,Japan,Japan,JP,305.3,380.51,44.22,38.33,,true,ESTIMATED_MODE_BREAKDOWN
2025-08-18T01:00:00.000000,Japan,Japan,JP,291.19,364.94,46.79,41.2,,true,ESTIMATED_MODE_BREAKDOWN
2025-08-18T02:00:00.000000,Japan,Japan,JP,286.63,359.81,47.63,41.92,,true,ESTIMATED_MODE_BREAKDOWN
2025-08-18T03:00:00.000000,Japan,Japan,JP,287.45,360.64,47.47,41.65,,true,ESTIMATED_MODE_BREAKDOWN
2025-08-18T04:00:00.000000,Japan,Japan,JP,304.08,379.09,44.44,38.81,,true,ESTIMATED_MODE_BREAKDOWN
2025-08-18T05:00:00.000000,Japan,Japan,JP,327.45,405.08,40.19,34.69,,true,ESTIMATED_MODE_BREAKDOWN
2025-08-18T06:00:00.000000,Japan,Japan,JP,360.83,442.16,34.12,28.6,,true,ESTIMATED_MODE_BREAKDOWN
2025-08-18T07:00:00.000000,Japan,Japan,JP,398.12,483.49,27.31,21.92,,true,ESTIMATED_MODE_BREAKDOWN
2025-08-18T08:00:00.000000,Japan,Japan,JP,429.37,517.94,21.59,15.67,,true,ESTIMATED_MODE_BREAKDOWN
2025-08-18T09:00:00.000000,Japan,Japan,JP,445.25,535.49,18.7,12.37,,true,ESTIMATED_MODE_BREAKDOWN
2025-08-18T10:00:00.000000,Japan,Japan,JP,446.36,536.65,18.49,11.96,,true,ESTIMATED_MODE_BREAKDOWN
2025-08-18T11:00:00.000000,Japan,Japan,JP,445.53,535.64,18.64,12.01,,true,ESTIMATED_MODE_BREAKDOWN
2025-08-18T12:00:00.000000,Japan,Japan,JP,443.31,532.95,19.04,11.95,,true,ESTIMATED_MODE_BREAKDOWN
2025-08-18T13:00:00.000000,Japan,Japan,JP,439.37,528.31,19.75,11.93,,true,ESTIMATED_MODE_BREAKDOWN
2025-08-18T14:00:00.000000,Japan,Japan,JP,437.05,525.57,20.17,11.98,,true,ESTIMATED_MODE_BREAKDOWN
2025-08-18T15:00:00.000000,Japan,Japan,JP,432.79,520.66,20.95,11.93,,true,ESTIMATED_MODE_BREAKDOWN
2025-08-18T16:00:00.000000,Japan,Japan,JP,429.13,516.49,21.61,12.01,,true,ESTIMATED_MODE_BREAKDOWN
2025-08-18T17:00:00.000000,Japan,Japan,JP,428.41,515.73,21.74,12.11,,true,ESTIMATED_MODE_BREAKDOWN
2025-08-18T18:00:00.000000,Japan,Japan,JP,428.11,515.4,21.8,12.18,,true,ESTIMATED_MODE_BREAKDOWN
2025-08-18T19:00:00.000000,Japan,Japan,JP,426.78,513.86,22.04,12.12,,true,ESTIMATED_MODE_BREAKDOWN
2025-08-18T20:00:00.000000,Japan,Japan,JP,425.86,513.03,22.22,12.82,,true,ESTIMATED_MODE_BREAKDOWN
2025-08-18T21:00:00.000000,Japan,Japan,JP,400.37,484.92,26.87,17.85,,true,ESTIMATED_MODE_BREAKDOWN
2025-08-18T22:00:00.000000,Japan,Japan,JP,356.89,436.94,34.8,26.56,,true,ESTIMATED_MODE_BREAKDOWN
2025-08-18T23:00:00.000000,Japan,Japan,JP,326.5,403.68,40.35,33.45,,true,ESTIMATED_MODE_BREAKDOWN
2025-08-19T00:00:00.000000,Japan,Japan,JP,310.49,386.15,43.27,37.26,,true,ESTIMATED_MODE_BREAKDOWN
2025-08-19T01:00:00.000000,Japan,Japan,JP,297.31,371.56,45.68,39.8,,true,ESTIMATED_MODE_BREAKDOWN
2025-08-19T02:00:00.000000,Japan,Japan,JP,289.36,362.73,47.13,41.34,,true,ESTIMATED_MODE_BREAKDOWN
2025-08-19T03:00:00.000000,Japan,Japan,JP,287.53,360.59,47.46,41.48,,true,ESTIMATED_MODE_BREAKDOWN
2025-08-19T04:00:00.000000,Japan,Japan,JP,305.6,380.69,44.16,38.4,,true,ESTIMATED_MODE_BREAKDOWN
2025-08-19T05:00:00.000000,Japan,Japan,JP,326.95,404.32,40.26,34.55,,true,ESTIMATED_MODE_BREAKDOWN
2025-08-19T06:00:00.000000,Japan,Japan,JP,356.73,437.28,34.83,29.08,,true,ESTIMATED_MODE_BREAKDOWN
2025-08-19T07:00:00.000000,Japan,Japan,JP,395.45,480.2,27.77,22.0,,true,ESTIMATED_MODE_BREAKDOWN
2025-08-19T08:00:00.000000,Japan,Japan,JP,427.51,515.73,21.93,15.98,,true,ESTIMATED_MODE_BREAKDOWN
2025-08-19T09:00:00.000000,Japan,Japan,JP,444.91,535.04,18.76,12.67,,true,ESTIMATED_MODE_BREAKDOWN
2025-08-19T10:00:00.000000,Japan,Japan,JP,445.18,535.21,18.71,12.23,,true,ESTIMATED_MODE_BREAKDOWN
2025-08-19T11:00:00.000000,Japan,Japan,JP,443.53,533.24,19.01,12.15,,true,ESTIMATED_MODE_BREAKDOWN
2025-08-19T12:00:00.000000,Japan,Japan,JP,440.63,529.8,19.53,12.16,,true,ESTIMATED_MODE_BREAKDOWN
2025-08-19T13:00:00.000000,Japan,Japan,JP,438.87,527.73,19.85,12.25,,true,ESTIMATED_MODE_BREAKDOWN
2025-08-19T14:00:00.000000,Japan,Japan,JP,435.61,523.85,20.44,12.18,,true,ESTIMATED_MODE_BREAKDOWN
2025-08-19T15:00:00.000000,Japan,Japan,JP,431.19,518.82,21.25,12.38,,true,ESTIMATED_MODE_BREAKDOWN
2025-08-19T16:00:00.000000,Japan,Japan,JP,429.87,517.29,21.49,12.38,,true,ESTIMATED_MODE_BREAKDOWN
2025-08-19T17:00:00.000000,Japan,Japan,JP,426.34,513.21,22.13,12.32,,true,ESTIMATED_MODE_BREAKDOWN
2025-08-19T18:00:00.000000,Japan,Japan,JP,425.65,512.43,22.26,12.25,,true,ESTIMATED_MODE_BREAKDOWN
2025-08-19T19:00:00.000000,Japan,Japan,JP,425.68,512.49,22.26,12.23,,true,ESTIMATED_MODE_BREAKDOWN
2025-08-19T20:00:00.000000,Japan,Japan,JP,424.28,511.09,22.53,12.81,,true,ESTIMATED_MODE_BREAKDOWN
2025-08-19T21:00:00.000000,Japan,Japan,JP,400.85,485.45,26.79,18.07,,true,ESTIMATED_MODE_BREAKDOWN
2025-08-19T22:00:00.000000,Japan,Japan,JP,356.41,436.33,34.89,26.71,,true,ESTIMATED_MODE_BREAKDOWN
2025-08-19T23:00:00.000000,Japan,Japan,JP,329.22,406.62,39.85,32.94,,true,ESTIMATED_MODE_BREAKDOWN
2025-08-20T00:00:00.000000,Japan,Japan,JP,313.25,389.09,42.77,36.62,,true,ESTIMATED_MODE_BREAKDOWN
2025-08-20T01:00:00.000000,Japan,Japan,JP,303.5,378.45,44.54,38.96,,true,ESTIMATED_MODE_BREAKDOWN
2025-08-20T02:00:00.000000,Japan,Japan,JP,301.44,376.15,44.92,39.27,,true,ESTIMATED_MODE_BREAKDOWN
2025-08-20T03:00:00.000000,Japan,Japan,JP,302.28,377.14,44.77,39.3,,true,ESTIMATED_MODE_BREAKDOWN
2025-08-20T04:00:00.000000,Japan,Japan,JP,318.72,395.33,41.77,36.33,,true,ESTIMATED_MODE_BREAKDOWN
2025-08-20T05:00:00.000000,Japan,Japan,JP,340.32,419.23,37.84,32.17,,true,ESTIMATED_MODE_BREAKDOWN
2025-08-20T06:00:00.000000,Japan,Japan,JP,370.34,452.49,32.37,26.64,,true,ESTIMATED_MODE_BREAKDOWN
2025-08-20T07:00:00.000000,Japan,Japan,JP,403.97,489.63,26.23,20.38,,true,ESTIMATED_MODE_BREAKDOWN
2025-08-20T08:00:00.000000,Japan,Japan,JP,431.36,519.91,21.22,15.31,,true,ESTIMATED_MODE_BREAKDOWN
2025-08-20T09:00:00.000000,Japan,Japan,JP,446.15,536.32,18.53,12.44,,true,ESTIMATED_MODE_BREAKDOWN
2025-08-20T10:00:00.000000,Japan,Japan,JP,444.85,534.74,18.76,12.17,,true,ESTIMATED_MODE_BREAKDOWN
2025-08-20T11:00:00.000000,Japan,Japan,JP,443.4,533.08,19.03,12.18,,true,ESTIMATED_MODE_BREAKDOWN
2025-08-20T12:00:00.000000,Japan,Japan,JP,442.04,531.45,19.27,12.15,,true,ESTIMATED_MODE_BREAKDOWN
2025-08-20T13:00:00.000000,Japan,Japan,JP,438.42,527.17,19.93,12.09,,true,ESTIMATED_MODE_BREAKDOWN
2025-08-20T14:00:00.000000,Japan,Japan,JP,437.93,526.57,20.02,12.14,,true,ESTIMATED_MODE_BREAKDOWN
2025-08-20T15:00:00.000000,Japan,Japan,JP,431.76,519.45,21.15,12.27,,true,ESTIMATED_MODE_BREAKDOWN
2025-08-20T16:00:00.000000,Japan,Japan,JP,428.86,516.11,21.67,12.3,,true,ESTIMATED_MODE_BREAKDOWN
2025-08-20T17:00:00.000000,Japan,Japan,JP,426.01,512.87,22.19,12.26,,true,ESTIMATED_MODE_BREAKDOWN
2025-08-20T18:00:00.000000,Japan,Japan,JP,427.17,514.29,21.98,12.26,,true,ESTIMATED_MODE_BREAKDOWN
2025-08-20T19:00:00.000000,Japan,Japan,JP,429.18,516.65,21.62,12.29,,true,ESTIMATED_MODE_BREAKDOWN
2025-08-20T20:00:00.000000,Japan,Japan,JP,426.88,514.19,22.05,12.8,,true,ESTIMATED_MODE_BREAKDOWN
2025-08-20T21:00:00.000000,Japan,Japan,JP,402.71,487.55,26.46,17.84,,true,ESTIMATED_MODE_BREAKDOWN
2025-08-20T22:00:00.000000,Japan,Japan,JP,360.01,440.37,34.23,26.43,,true,ESTIMATED_MODE_BREAKDOWN
2025-08-20T23:00:00.000000,Japan,Japan,JP,332.54,410.33,39.24,32.6,,true,ESTIMATED_MODE_BREAKDOWN
2025-08-21T00:00:00.000000,Japan,Japan,JP,314.7,390.67,42.5,36.41,,true,ESTIMATED_MODE_BREAKDOWN
2025-08-21T01:00:00.000000,Japan,Japan,JP,302.29,377.09,44.76,39.11,,true,ESTIMATED_MODE_BREAKDOWN
2025-08-21T02:00:00.000000,Japan,Japan,JP,301.7,376.51,44.87,39.51,,true,ESTIMATED_MODE_BREAKDOWN
2025-08-21T03:00:00.000000,Japan,Japan,JP,302.66,377.5,44.69,39.24,,true,ESTIMATED_MODE_BREAKDOWN
2025-08-21T04:00:00.000000,Japan,Japan,JP,319.16,395.8,41.7,36.09,,true,ESTIMATED_MODE_BREAKDOWN
2025-08-21T05:00:00.000000,Japan,Japan,JP,341.45,420.6,37.63,32.37,,true,ESTIMATED_MODE_BREAKDOWN
2025-08-21T06:00:00.000000,Japan,Japan,JP,368.83,450.88,32.62,27.28,,true,ESTIMATED_MODE_BREAKDOWN
2025-08-21T07:00:00.000000,Japan,Japan,JP,401.9,487.48,26.59,21.19,,true,ESTIMATED_MODE_BREAKDOWN
2025-08-21T08:00:00.000000,Japan,Japan,JP,433.05,521.95,20.92,15.26,,true,ESTIMATED_MODE_BREAKDOWN
2025-08-21T09:00:00.000000,Japan,Japan,JP,448.57,539.12,18.09,12.2,,true,ESTIMATED_MODE_BREAKDOWN
2025-08-21T10:00:00.000000,Japan,Japan,JP,447.55,537.77,18.27,11.74,,true,ESTIMATED_MODE_BREAKDOWN
2025-08-21T11:00:00.000000,Japan,Japan,JP,447.33,537.53,18.31,11.8,,true,ESTIMATED_MODE_BREAKDOWN
2025-08-21T12:00:00.000000,Japan,Japan,JP,444.86,534.61,18.76,11.75,,true,ESTIMATED_MODE_BREAKDOWN
2025-08-21T13:00:00.000000,Japan,Japan,JP,442.9,532.34,19.11,11.81,,true,ESTIMATED_MODE_BREAKDOWN
2025-08-21T14:00:00.000000,Japan,Japan,JP,440.0,528.97,19.64,11.83,,true,ESTIMATED_MODE_BREAKDOWN
2025-08-21T15:00:00.000000,Japan,Japan,JP,435.04,523.24,20.55,11.75,,true,ESTIMATED_MODE_BREAKDOWN
2025-08-21T16:00:00.000000,Japan,Japan,JP,432.08,519.8,21.09,11.64,,true,ESTIMATED_MODE_BREAKDOWN
2025-08-21T17:00:00.000000,Japan,Japan,JP,429.41,516.74,21.57,11.65,,true,ESTIMATED_MODE_BREAKDOWN
2025-08-21T18:00:00.000000,Japan,Japan,JP,430.98,518.59,21.28,11.66,,true,ESTIMATED_MODE_BREAKDOWN
2025-08-21T19:00:00.000000,Japan,Japan,JP,432.06,519.91,21.08,11.77,,true,ESTIMATED_MODE_BREAKDOWN
2025-08-21T20:00:00.000000,Japan,Japan,JP,430.87,518.67,21.32,12.2,,true,ESTIMATED_MODE_BREAKDOWN
2025-08-21T21:00:00.000000,Japan,Japan,JP,405.95,491.09,25.86,16.73,,true,ESTIMATED_MODE_BREAKDOWN
2025-08-21T22:00:00.000000,Japan,Japan,JP,365.39,446.47,33.25,25.27,,true,ESTIMATED_MODE_BREAKDOWN
2025-08-21T23:00:00.000000,Japan,Japan,JP,337.42,415.88,38.36,31.67,,true,ESTIMATED_MODE_BREAKDOWN
2025-08-22T00:00:00.000000,Japan,Japan,JP,321.12,398.0,41.34,35.39,,true,ESTIMATED_MODE_BREAKDOWN
2025-08-22T01:00:00.000000,Japan,Japan,JP,306.11,381.3,44.07,38.11,,true,ESTIMATED_MODE_BREAKDOWN
2025-08-22T02:00:00.000000,Japan,Japan,JP,303.18,378.13,44.61,38.81,,true,ESTIMATED_MODE_BREAKDOWN
2025-08-22T03:00:00.000000,Japan,Japan,JP,303.48,378.43,44.56,38.73,,true,ESTIMATED_MODE_BREAKDOWN
2025-08-22T04:00:00.000000,Japan,Japan,JP,319.89,396.76,41.57,36.06,,true,ESTIMATED_MODE_BREAKDOWN
2025-08-22T05:00:00.000000,Japan,Japan,JP,338.39,417.21,38.2,32.56,,true,ESTIMATED_MODE_BREAKDOWN
2025-08-22T06:00:00.000000,Japan,Japan,JP,366.39,448.15,33.08,27.32,,true,ESTIMATED_MODE_BREAKDOWN
2025-08-22T07:00:00.000000,Japan,Japan,JP,400.55,485.93,26.85,21.02,,true,ESTIMATED_MODE_BREAKDOWN
2025-08-22T08:00:00.000000,Japan,Japan,JP,430.49,519.13,21.4,15.52,,true,ESTIMATED_MODE_BREAKDOWN
2025-08-22T09:00:00.000000,Japan,Japan,JP,445.56,535.77,18.64,12.52,,true,ESTIMATED_MODE_BREAKDOWN
2025-08-22T10:00:00.000000,Japan,Japan,JP,446.53,536.78,18.49,11.81,,true,ESTIMATED_MODE_BREAKDOWN
2025-08-22T11:00:00.000000,Japan,Japan,JP,445.67,535.76,18.65,11.82,,true,ESTIMATED_MODE_BREAKDOWN
2025-08-22T12:00:00.000000,Japan,Japan,JP,443.77,533.49,18.99,11.86,,true,ESTIMATED_MODE_BREAKDOWN
2025-08-22T13:00:00.000000,Japan,Japan,JP,440.43,529.58,19.6,11.85,,true,ESTIMATED_MODE_BREAKDOWN
2025-08-22T14:00:00.000000,Japan,Japan,JP,438.33,527.06,19.98,11.76,,true,ESTIMATED_MODE_BREAKDOWN
2025-08-22T15:00:00.000000,Japan,Japan,JP,433.81,521.85,20.8,11.8,,true,ESTIMATED_MODE_BREAKDOWN
2025-08-22T16:00:00.000000,Japan,Japan,JP,432.36,520.25,21.07,11.81,,true,ESTIMATED_MODE_BREAKDOWN
2025-08-22T17:00:00.000000,Japan,Japan,JP,429.76,517.26,21.55,11.83,,true,ESTIMATED_MODE_BREAKDOWN
2025-08-22T18:00:00.000000,Japan,Japan,JP,428.97,516.32,21.7,11.82,,true,ESTIMATED_MODE_BREAKDOWN
2025-08-22T19:00:00.000000,Japan,Japan,JP,427.68,514.86,21.93,11.86,,true,ESTIMATED_MODE_BREAKDOWN
2025-08-22T20:00:00.000000,Japan,Japan,JP,425.08,512.04,22.41,12.4,,true,ESTIMATED_MODE_BREAKDOWN
2025-08-22T21:00:00.000000,Japan,Japan,JP,402.14,486.87,26.6,17.24,,true,ESTIMATED_MODE_BREAKDOWN
2025-08-22T22:00:00.000000,Japan,Japan,JP,355.47,435.36,35.11,26.47,,true,ESTIMATED_MODE_BREAKDOWN
2025-08-22T23:00:00.000000,Japan,Japan,JP,320.0,396.47,41.59,33.95,,true,ESTIMATED_MODE_BREAKDOWN
2025-08-23T00:00:00.000000,Japan,Japan,JP,297.61,371.81,45.68,38.59,,true,ESTIMATED_MODE_BREAKDOWN
2025-08-23T01:00:00.000000,Japan,Japan,JP,286.33,359.33,47.74,40.89,,true,ESTIMATED_MODE_BREAKDOWN
2025-08-23T02:00:00.000000,Japan,Japan,JP,278.22,350.42,49.23,42.52,,true,ESTIMATED_MODE_BREAKDOWN
2025-08-23T03:00:00.000000,Japan,Japan,JP,277.22,349.34,49.41,42.8,,true,ESTIMATED_MODE_BREAKDOWN
2025-08-23T04:00:00.000000,Japan,Japan,JP,289.88,363.39,47.09,40.75,,true,ESTIMATED_MODE_BREAKDOWN
2025-08-23T05:00:00.000000,Japan,Japan,JP,312.39,388.35,42.97,36.77,,true,ESTIMATED_MODE_BREAKDOWN
2025-08-23T06:00:00.000000,Japan,Japan,JP,345.34,424.69,36.94,30.5,,true,ESTIMATED_MODE_BREAKDOWN
2025-08-23T07:00:00.000000,Japan,Japan,JP,387.43,471.21,29.26,22.55,,true,ESTIMATED_MODE_BREAKDOWN
2025-08-23T08:00:00.000000,Japan,Japan,JP,426.21,514.1,22.2,15.29,,true,ESTIMATED_MODE_BREAKDOWN
2025-08-23T09:00:00.000000,Japan,Japan,JP,443.33,533.13,19.08,12.08,,true,ESTIMATED_MODE_BREAKDOWN
2025-08-23T10:00:00.000000,Japan,Japan,JP,443.97,533.83,18.97,11.76,,true,ESTIMATED_MODE_BREAKDOWN
2025-08-23T11:00:00.000000,Japan,Japan,JP,443.35,533.08,19.08,11.71,,true,ESTIMATED_MODE_BREAKDOWN
2025-08-23T12:00:00.000000,Japan,Japan,JP,442.71,532.34,19.19,11.72,,true,ESTIMATED_MODE_BREAKDOWN
2025-08-23T13:00:00.000000,Japan,Japan,JP,440.9,530.17,19.51,11.67,,true,ESTIMATED_MODE_BREAKDOWN
2025-08-23T14:00:00.000000,Japan,Japan,JP,438.03,526.83,20.03,11.66,,true,ESTIMATED_MODE_BREAKDOWN
2025-08-23T15:00:00.000000,Japan,Japan,JP,433.76,521.75,20.82,11.43,,true,ESTIMATED_MODE_BREAKDOWN
2025-08-23T16:00:00.000000,Japan,Japan,JP,432.8,520.63,20.99,11.4,,true,ESTIMATED_MODE_BREAKDOWN
2025-08-23T17:00:00.000000,Japan,Japan,JP,430.4,517.88,21.44,11.37,,true,ESTIMATED_MODE_BREAKDOWN
2025-08-23T18:00:00.000000,Japan,Japan,JP,430.25,517.76,21.49,11.35,,true,ESTIMATED_MODE_BREAKDOWN
2025-08-23T19:00:00.000000,Japan,Japan,JP,431.23,518.97,21.31,11.41,,true,ESTIMATED_MODE_BREAKDOWN
2025-08-23T20:00:00.000000,Japan,Japan,JP,428.31,515.82,21.85,11.99,,true,ESTIMATED_MODE_BREAKDOWN
2025-08-23T21:00:00.000000,Japan,Japan,JP,398.99,483.11,27.17,16.78,,true,ESTIMATED_MODE_BREAKDOWN
2025-08-23T22:00:00.000000,Japan,Japan,JP,349.64,428.66,36.17,26.77,,true,ESTIMATED_MODE_BREAKDOWN
2025-08-23T23:00:00.000000,Japan,Japan,JP,304.42,378.96,44.44,36.13,,true,ESTIMATED_MODE_BREAKDOWN
2025-08-24T00:00:00.000000,Japan,Japan,JP,275.75,347.33,49.66,41.88,,true,ESTIMATED_MODE_BREAKDOWN
2025-08-24T01:00:00.000000,Japan,Japan,JP,260.3,330.31,52.47,45.11,,true,ESTIMATED_MODE_BREAKDOWN
2025-08-24T02:00:00.000000,Japan,Japan,JP,257.41,327.16,52.99,45.92,,true,ESTIMATED_MODE_BREAKDOWN
2025-08-24T03:00:00.000000,Japan,Japan,JP,261.73,332.02,52.2,45.29,,true,ESTIMATED_MODE_BREAKDOWN
2025-08-24T04:00:00.000000,Japan,Japan,JP,275.26,347.03,49.73,43.05,,true,ESTIMATED_MODE_BREAKDOWN
2025-08-24T05:00:00.000000,Japan,Japan,JP,301.66,376.26,44.91,38.3,,true,ESTIMATED_MODE_BREAKDOWN
2025-08-24T06:00:00.000000,Japan,Japan,JP,341.9,420.78,37.57,30.71,,true,ESTIMATED_MODE_BREAKDOWN
2025-08-24T07:00:00.000000,Japan,Japan,JP,387.84,471.6,29.19,22.32,,true,ESTIMATED_MODE_BREAKDOWN
2025-08-24T08:00:00.000000,Japan,Japan,JP,427.5,515.53,21.96,15.06,,true,ESTIMATED_MODE_BREAKDOWN
2025-08-24T09:00:00.000000,Japan,Japan,JP,445.28,535.24,18.72,11.75,,true,ESTIMATED_MODE_BREAKDOWN
2025-08-24T10:00:00.000000,Japan,Japan,JP,446.32,536.43,18.53,11.56,,true,ESTIMATED_MODE_BREAKDOWN
2025-08-24T11:00:00.000000,Japan,Japan,JP,445.86,535.9,18.62,11.59,,true,ESTIMATED_MODE_BREAKDOWN
2025-08-24T12:00:00.000000,Japan,Japan,JP,444.18,533.87,18.93,11.51,,true,ESTIMATED_MODE_BREAKDOWN
2025-08-24T13:00:00.000000,Japan,Japan,JP,442.21,531.56,19.28,11.4,,true,ESTIMATED_MODE_BREAKDOWN
2025-08-24T14:00:00.000000,Japan,Japan,JP,439.99,528.99,19.68,11.43,,true,ESTIMATED_MODE_BREAKDOWN
2025-08-24T15:00:00.000000,Japan,Japan,JP,436.02,524.36,20.4,11.35,,true,ESTIMATED_MODE_BREAKDOWN
2025-08-24T16:00:00.000000,Japan,Japan,JP,431.56,519.29,21.22,11.36,,true,ESTIMATED_MODE_BREAKDOWN
2025-08-24T17:00:00.000000,Japan,Japan,JP,428.98,516.25,21.69,11.31,,true,ESTIMATED_MODE_BREAKDOWN
2025-08-24T18:00:00.000000,Japan,Japan,JP,428.38,515.6,21.8,11.35,,true,ESTIMATED_MODE_BREAKDOWN
2025-08-24T19:00:00.000000,Japan,Japan,JP,431.81,519.65,21.19,11.44,,true,ESTIMATED_MODE_BREAKDOWN
2025-08-24T20:00:00.000000,Japan,Japan,JP,430.41,518.16,21.44,11.89,,true,ESTIMATED_MODE_BREAKDOWN
2025-08-24T21:00:00.000000,Japan,Japan,JP,415.11,501.41,24.22,15.53,,true,ESTIMATED_MODE_BREAKDOWN
2025-08-24T22:00:00.000000,Japan,Japan,JP,385.03,468.32,29.69,22.13,,true,ESTIMATED_MODE_BREAKDOWN
2025-08-24T23:00:00.000000,Japan,Japan,JP,359.38,440.33,34.38,28.0,,true,ESTIMATED_MODE_BREAKDOWN
2025-08-25T00:00:00.000000,Japan,Japan,JP,340.4,419.46,37.85,32.13,,true,ESTIMATED_MODE_BREAKDOWN
2025-08-25T01:00:00.000000,Japan,Japan,JP,322.95,400.18,41.03,35.52,,true,ESTIMATED_MODE_BREAKDOWN
2025-08-25T02:00:00.000000,Japan,Japan,JP,314.24,390.5,42.61,37.12,,true,ESTIMATED_MODE_BREAKDOWN
2025-08-25T03:00:00.000000,Japan,Japan,JP,311.81,387.78,43.05,37.42,,true,ESTIMATED_MODE_BREAKDOWN
2025-08-25T04:00:00.000000,Japan,Japan,JP,326.67,404.27,40.34,34.8,,true,ESTIMATED_MODE_BREAKDOWN
2025-08-25T05:00:00.000000,Japan,Japan,JP,350.41,430.64,36.01,30.81,,true,ESTIMATED_MODE_BREAKDOWN
2025-08-25T06:00:00.000000,Japan,Japan,JP,379.1,462.33,30.78,25.26,,true,ESTIMATED_MODE_BREAKDOWN
2025-08-25T07:00:00.000000,Japan,Japan,JP,411.61,498.32,24.85,19.15,,true,ESTIMATED_MODE_BREAKDOWN
2025-08-25T08:00:00.000000,Japan,Japan,JP,438.44,528.11,19.97,14.11,,true,ESTIMATED_MODE_BREAKDOWN
2025-08-25T09:00:00.000000,Japan,Japan,JP,450.34,541.34,17.8,11.97,,true,ESTIMATED_MODE_BREAKDOWN
2025-08-25T10:00:00.000000,Japan,Japan,JP,449.74,540.62,17.92,11.78,,true,ESTIMATED_MODE_BREAKDOWN
2025-08-25T11:00:00.000000,Japan,Japan,JP,446.99,537.4,18.41,11.81,,true,ESTIMATED_MODE_BREAKDOWN
2025-08-25T12:00:00.000000,Japan,Japan,JP,445.44,535.5,18.68,11.84,,true,ESTIMATED_MODE_BREAKDOWN
2025-08-25T13:00:00.000000,Japan,Japan,JP,443.39,533.0,19.05,11.8,,true,ESTIMATED_MODE_BREAKDOWN
2025-08-25T14:00:00.000000,Japan,Japan,JP,441.56,530.84,19.39,11.76,,true,ESTIMATED_MODE_BREAKDOWN
2025-08-25T15:00:00.000000,Japan,Japan,JP,437.09,525.7,20.2,11.86,,true,ESTIMATED_MODE_BREAKDOWN
2025-08-25T16:00:00.000000,Japan,Japan,JP,433.65,521.79,20.83,11.93,,true,ESTIMATED_MODE_BREAKDOWN
2025-08-25T17:00:00.000000,Japan,Japan,JP,430.7,518.35,21.36,11.97,,true,ESTIMATED_MODE_BREAKDOWN
2025-08-25T18:00:00.000000,Japan,Japan,JP,431.04,518.78,21.31,12.0,,true,ESTIMATED_MODE_BREAKDOWN
2025-08-25T19:00:00.000000,Japan,Japan,JP,432.22,520.26,21.1,12.01,,true,ESTIMATED_MODE_BREAKDOWN
2025-08-25T20:00:00.000000,Japan,Japan,JP,431.24,519.21,21.28,12.36,,true,ESTIMATED_MODE_BREAKDOWN
2025-08-25T21:00:00.000000,Japan,Japan,JP,410.95,496.64,24.97,16.03,,true,ESTIMATED_MODE_BREAKDOWN
2025-08-25T22:00:00.000000,Japan,Japan,JP,377.03,459.31,31.15,23.26,,true,ESTIMATED_MODE_BREAKDOWN
2025-08-25T23:00:00.000000,Japan,Japan,JP,351.22,431.07,35.86,29.37,,true,ESTIMATED_MODE_BREAKDOWN
2025-08-26T00:00:00.000000,Japan,Japan,JP,333.13,411.12,39.16,33.08,,true,ESTIMATED_MODE_BREAKDOWN
2025-08-26T01:00:00.000000,Japan,Japan,JP,316.45,392.72,42.21,36.35,,true,ESTIMATED_MODE_BREAKDOWN
2025-08-26T02:00:00.000000,Japan,Japan,JP,308.93,384.42,43.58,37.87,,true,ESTIMATED_MODE_BREAKDOWN
2025-08-26T03:00:00.000000,Japan,Japan,JP,305.83,381.07,44.15,38.63,,true,ESTIMATED_MODE_BREAKDOWN
2025-08-26T04:00:00.000000,Japan,Japan,JP,319.8,396.58,41.6,36.2,,true,ESTIMATED_MODE_BREAKDOWN
2025-08-26T05:00:00.000000,Japan,Japan,JP,336.8,415.32,38.5,32.9,,true,ESTIMATED_MODE_BREAKDOWN
2025-08-26T06:00:00.000000,Japan,Japan,JP,365.6,447.29,33.25,27.71,,true,ESTIMATED_MODE_BREAKDOWN
2025-08-26T07:00:00.000000,Japan,Japan,JP,401.44,486.96,26.72,21.03,,true,ESTIMATED_MODE_BREAKDOWN
2025-08-26T08:00:00.000000,Japan,Japan,JP,431.46,520.19,21.24,15.23,,true,ESTIMATED_MODE_BREAKDOWN
2025-08-26T09:00:00.000000,Japan,Japan,JP,446.02,536.28,18.58,12.35,,true,ESTIMATED_MODE_BREAKDOWN
2025-08-26T10:00:00.000000,Japan,Japan,JP,445.48,535.6,18.68,12.17,,true,ESTIMATED_MODE_BREAKDOWN
2025-08-26T11:00:00.000000,Japan,Japan,JP,443.21,532.94,19.09,12.18,,true,ESTIMATED_MODE_BREAKDOWN
2025-08-26T12:00:00.000000,Japan,Japan,JP,442.61,532.13,19.2,12.19,,true,ESTIMATED_MODE_BREAKDOWN
2025-08-26T13:00:00.000000,Japan,Japan,JP,440.27,529.37,19.62,12.2,,true,ESTIMATED_MODE_BREAKDOWN
2025-08-26T14:00:00.000000,Japan,Japan,JP,436.32,524.74,20.34,12.16,,true,ESTIMATED_MODE_BREAKDOWN
2025-08-26T15:00:00.000000,Japan,Japan,JP,431.66,519.3,21.2,12.21,,true,ESTIMATED_MODE_BREAKDOWN
2025-08-26T16:00:00.000000,Japan,Japan,JP,427.74,514.87,21.91,12.37,,true,ESTIMATED_MODE_BREAKDOWN
2025-08-26T17:00:00.000000,Japan,Japan,JP,426.1,512.97,22.2,12.4,,true,ESTIMATED_MODE_BREAKDOWN
2025-08-26T18:00:00.000000,Japan,Japan,JP,426.0,512.87,22.23,12.36,,true,ESTIMATED_MODE_BREAKDOWN
2025-08-26T19:00:00.000000,Japan,Japan,JP,427.3,514.44,22.0,12.43,,true,ESTIMATED_MODE_BREAKDOWN
2025-08-26T20:00:00.000000,Japan,Japan,JP,427.47,514.8,21.97,12.86,,true,ESTIMATED_MODE_BREAKDOWN
2025-08-26T21:00:00.000000,Japan,Japan,JP,406.12,491.19,25.86,16.96,,true,ESTIMATED_MODE_BREAKDOWN
2025-08-26T22:00:00.000000,Japan,Japan,JP,371.16,452.68,32.22,24.19,,true,ESTIMATED_MODE_BREAKDOWN
2025-08-26T23:00:00.000000,Japan,Japan,JP,349.53,429.09,36.17,29.34,,true,ESTIMATED_MODE_BREAKDOWN
2025-08-27T00:00:00.000000,Japan,Japan,JP,333.54,411.59,39.09,33.04,,true,ESTIMATED_MODE_BREAKDOWN
2025-08-27T01:00:00.000000,Japan,Japan,JP,317.95,394.41,41.93,36.17,,true,ESTIMATED_MODE_BREAKDOWN
2025-08-27T02:00:00.000000,Japan,Japan,JP,311.72,387.5,43.07,37.34,,true,ESTIMATED_MODE_BREAKDOWN
2025-08-27T03:00:00.000000,Japan,Japan,JP,309.49,384.96,43.48,37.59,,true,ESTIMATED_MODE_BREAKDOWN
2025-08-27T04:00:00.000000,Japan,Japan,JP,328.33,405.88,40.05,34.44,,true,ESTIMATED_MODE_BREAKDOWN
2025-08-27T05:00:00.000000,Japan,Japan,JP,352.29,432.51,35.68,30.24,,true,ESTIMATED_MODE_BREAKDOWN
2025-08-27T06:00:00.000000,Japan,Japan,JP,381.94,465.29,30.27,24.51,,true,ESTIMATED_MODE_BREAKDOWN
2025-08-27T07:00:00.000000,Japan,Japan,JP,412.82,499.41,24.63,18.74,,true,ESTIMATED_MODE_BREAKDOWN
2025-08-27T08:00:00.000000,Japan,Japan,JP,434.3,523.14,20.72,14.44,,true,ESTIMATED_MODE_BREAKDOWN
2025-08-27T09:00:00.000000,Japan,Japan,JP,445.1,535.13,18.75,12.3,,true,ESTIMATED_MODE_BREAKDOWN
2025-08-27T10:00:00.000000,Japan,Japan,JP,444.58,534.49,18.85,12.11,,true,ESTIMATED_MODE_BREAKDOWN
2025-08-27T11:00:00.000000,Japan,Japan,JP,444.65,534.55,18.83,12.02,,true,ESTIMATED_MODE_BREAKDOWN
2025-08-27T12:00:00.000000,Japan,Japan,JP,443.25,532.89,19.08,12.0,,true,ESTIMATED_MODE_BREAKDOWN
2025-08-27T13:00:00.000000,Japan,Japan,JP,440.74,529.94,19.54,12.03,,true,ESTIMATED_MODE_BREAKDOWN
2025-08-27T14:00:00.000000,Japan,Japan,JP,437.06,525.66,20.21,11.95,,true,ESTIMATED_MODE_BREAKDOWN
2025-08-27T15:00:00.000000,Japan,Japan,JP,432.89,520.84,20.97,11.95,,true,ESTIMATED_MODE_BREAKDOWN
2025-08-27T16:00:00.000000,Japan,Japan,JP,428.56,515.87,21.76,11.94,,true,ESTIMATED_MODE_BREAKDOWN
2025-08-27T17:00:00.000000,Japan,Japan,JP,426.96,514.03,22.05,11.95,,true,ESTIMATED_MODE_BREAKDOWN
2025-08-27T18:00:00.000000,Japan,Japan,JP,429.25,516.74,21.63,11.93,,true,ESTIMATED_MODE_BREAKDOWN
2025-08-27T19:00:00.000000,Japan,Japan,JP,428.01,515.31,21.87,11.88,,true,ESTIMATED_MODE_BREAKDOWN
2025-08-27T20:00:00.000000,Japan,Japan,JP,428.42,515.97,21.8,12.41,,true,ESTIMATED_MODE_BREAKDOWN
2025-08-27T21:00:00.000000,Japan,Japan,JP,404.89,490.0,26.08,16.95,,true,ESTIMATED_MODE_BREAKDOWN
2025-08-27T22:00:00.000000,Japan,Japan,JP,362.99,443.73,33.72,25.3,,true,ESTIMATED_MODE_BREAKDOWN
2025-08-27T23:00:00.000000,Japan,Japan,JP,332.73,410.56,39.24,32.04,,true,ESTIMATED_MODE_BREAKDOWN
2025-08-28T00:00:00.000000,Japan,Japan,JP,311.86,387.64,43.05,36.58,,true,ESTIMATED_MODE_BREAKDOWN
2025-08-28T01:00:00.000000,Japan,Japan,JP,297.11,371.38,45.75,39.51,,true,ESTIMATED_MODE_BREAKDOWN
2025-08-28T02:00:00.000000,Japan,Japan,JP,293.59,367.51,46.39,40.3,,true,ESTIMATED_MODE_BREAKDOWN
2025-08-28T03:00:00.000000,Japan,Japan,JP,290.66,364.2,46.92,40.74,,true,ESTIMATED_MODE_BREAKDOWN
2025-08-28T04:00:00.000000,Japan,Japan,JP,309.58,385.25,43.47,37.57,,true,ESTIMATED_MODE_BREAKDOWN
2025-08-28T05:00:00.000000,Japan,Japan,JP,331.03,409.0,39.56,33.61,,true,ESTIMATED_MODE_BREAKDOWN
2025-08-28T06:00:00.000000,Japan,Japan,JP,363.43,444.9,33.64,27.6,,true,ESTIMATED_MODE_BREAKDOWN
2025-08-28T07:00:00.000000,Japan,Japan,JP,400.64,486.14,26.86,20.79,,true,ESTIMATED_MODE_BREAKDOWN
2025-08-28T08:00:00.000000,Japan,Japan,JP,431.51,520.31,21.24,14.88,,true,ESTIMATED_MODE_BREAKDOWN
2025-08-28T09:00:00.000000,Japan,Japan,JP,447.14,537.69,18.4,12.03,,true,ESTIMATED_MODE_BREAKDOWN
2025-08-28T10:00:00.000000,Japan,Japan,JP,445.46,535.67,18.7,11.78,,true,ESTIMATED_MODE_BREAKDOWN
2025-08-28T11:00:00.000000,Japan,Japan,JP,443.31,533.12,19.09,11.75,,true,ESTIMATED_MODE_BREAKDOWN
2025-08-28T12:00:00.000000,Japan,Japan,JP,443.38,533.18,19.07,11.66,,true,ESTIMATED_MODE_BREAKDOWN
2025-08-28T13:00:00.000000,Japan,Japan,JP,441.57,530.98,19.4,11.6,,true,ESTIMATED_MODE_BREAKDOWN
2025-08-28T14:00:00.000000,Japan,Japan,JP,437.44,526.12,20.15,11.53,,true,ESTIMATED_MODE_BREAKDOWN
2025-08-28T15:00:00.000000,Japan,Japan,JP,434.86,523.19,20.62,11.62,,true,ESTIMATED_MODE_BREAKDOWN
2025-08-28T16:00:00.000000,Japan,Japan,JP,430.0,517.63,21.5,11.61,,true,ESTIMATED_MODE_BREAKDOWN
2025-08-28T17:00:00.000000,Japan,Japan,JP,429.05,516.53,21.67,11.59,,true,ESTIMATED_MODE_BREAKDOWN
2025-08-28T18:00:00.000000,Japan,Japan,JP,429.8,517.44,21.54,11.61,,true,ESTIMATED_MODE_BREAKDOWN
2025-08-28T19:00:00.000000,Japan,Japan,JP,428.33,515.74,21.81,11.59,,true,ESTIMATED_MODE_BREAKDOWN
2025-08-28T20:00:00.000000,Japan,Japan,JP,428.14,515.69,21.85,12.08,,true,ESTIMATED_MODE_BREAKDOWN
2025-08-28T21:00:00.000000,Japan,Japan,JP,406.72,492.02,25.75,16.18,,true,ESTIMATED_MODE_BREAKDOWN
2025-08-28T22:00:00.000000,Japan,Japan,JP,366.11,447.37,33.15,24.86,,true,ESTIMATED_MODE_BREAKDOWN
2025-08-28T23:00:00.000000,Japan,Japan,JP,337.52,416.11,38.37,31.61,,true,ESTIMATED_MODE_BREAKDOWN
2025-08-29T00:00:00.000000,Japan,Japan,JP,318.91,395.52,41.76,35.4,,true,ESTIMATED_MODE_BREAKDOWN
2025-08-29T01:00:00.000000,Japan,Japan,JP,305.83,381.16,44.14,38.33,,true,ESTIMATED_MODE_BREAKDOWN
2025-08-29T02:00:00.000000,Japan,Japan,JP,300.22,374.92,45.17,39.37,,true,ESTIMATED_MODE_BREAKDOWN
2025-08-29T03:00:00.000000,Japan,Japan,JP,295.63,369.73,46.0,39.94,,true,ESTIMATED_MODE_BREAKDOWN
2025-08-29T04:00:00.000000,Japan,Japan,JP,312.45,388.5,42.93,37.3,,true,ESTIMATED_MODE_BREAKDOWN
2025-08-29T05:00:00.000000,Japan,Japan,JP,335.98,414.59,38.64,33.04,,true,ESTIMATED_MODE_BREAKDOWN
2025-08-29T06:00:00.000000,Japan,Japan,JP,364.78,446.37,33.39,27.54,,true,ESTIMATED_MODE_BREAKDOWN
2025-08-29T07:00:00.000000,Japan,Japan,JP,400.55,486.0,26.87,20.96,,true,ESTIMATED_MODE_BREAKDOWN
2025-08-29T08:00:00.000000,Japan,Japan,JP,431.53,520.32,21.24,14.99,,true,ESTIMATED_MODE_BREAKDOWN
2025-08-29T09:00:00.000000,Japan,Japan,JP,446.15,536.48,18.58,12.08,,true,ESTIMATED_MODE_BREAKDOWN
2025-08-29T10:00:00.000000,Japan,Japan,JP,445.58,535.76,18.68,11.91,,true,ESTIMATED_MODE_BREAKDOWN
2025-08-29T11:00:00.000000,Japan,Japan,JP,445.21,535.29,18.74,11.91,,true,ESTIMATED_MODE_BREAKDOWN
2025-08-29T12:00:00.000000,Japan,Japan,JP,443.6,533.35,19.03,11.93,,true,ESTIMATED_MODE_BREAKDOWN
2025-08-29T13:00:00.000000,Japan,Japan,JP,441.85,531.23,19.35,11.81,,true,ESTIMATED_MODE_BREAKDOWN
2025-08-29T14:00:00.000000,Japan,Japan,JP,438.61,527.4,19.94,11.78,,true,ESTIMATED_MODE_BREAKDOWN
2025-08-29T15:00:00.000000,Japan,Japan,JP,435.78,524.17,20.46,11.9,,true,ESTIMATED_MODE_BREAKDOWN
2025-08-29T16:00:00.000000,Japan,Japan,JP,431.95,519.8,21.17,11.91,,true,ESTIMATED_MODE_BREAKDOWN
2025-08-29T17:00:00.000000,Japan,Japan,JP,429.83,517.33,21.55,11.91,,true,ESTIMATED_MODE_BREAKDOWN
2025-08-29T18:00:00.000000,Japan,Japan,JP,426.41,513.41,22.17,11.94,,true,ESTIMATED_MODE_BREAKDOWN
2025-08-29T19:00:00.000000,Japan,Japan,JP,426.25,513.25,22.21,11.97,,true,ESTIMATED_MODE_BREAKDOWN
2025-08-29T20:00:00.000000,Japan,Japan,JP,425.44,512.51,22.36,12.42,,true,ESTIMATED_MODE_BREAKDOWN
2025-08-29T21:00:00.000000,Japan,Japan,JP,398.68,483.0,27.23,17.51,,true,ESTIMATED_MODE_BREAKDOWN
2025-08-29T22:00:00.000000,Japan,Japan,JP,343.08,421.39,37.36,28.11,,true,ESTIMATED_MODE_BREAKDOWN
2025-08-29T23:00:00.000000,Japan,Japan,JP,301.4,375.56,44.96,36.69,,true,ESTIMATED_MODE_BREAKDOWN
2025-08-30T00:00:00.000000,Japan,Japan,JP,278.44,350.42,49.14,41.9,,true,ESTIMATED_MODE_BREAKDOWN
2025-08-30T01:00:00.000000,Japan,Japan,JP,265.61,336.37,51.48,44.88,,true,ESTIMATED_MODE_BREAKDOWN
2025-08-30T02:00:00.000000,Japan,Japan,JP,263.03,333.44,51.95,45.25,,true,ESTIMATED_MODE_BREAKDOWN
2025-08-30T03:00:00.000000,Japan,Japan,JP,267.84,338.73,51.07,44.33,,true,ESTIMATED_MODE_BREAKDOWN
2025-08-30T04:00:00.000000,Japan,Japan,JP,284.27,356.93,48.07,41.43,,true,ESTIMATED_MODE_BREAKDOWN
2025-08-30T05:00:00.000000,Japan,Japan,JP,310.78,386.29,43.23,36.58,,true,ESTIMATED_MODE_BREAKDOWN
2025-08-30T06:00:00.000000,Japan,Japan,JP,349.08,428.74,36.25,29.71,,true,ESTIMATED_MODE_BREAKDOWN
2025-08-30T07:00:00.000000,Japan,Japan,JP,392.07,476.3,28.42,21.74,,true,ESTIMATED_MODE_BREAKDOWN
2025-08-30T08:00:00.000000,Japan,Japan,JP,430.91,519.51,21.35,14.82,,true,ESTIMATED_MODE_BREAKDOWN
2025-08-30T09:00:00.000000,Japan,Japan,JP,446.53,536.94,18.51,11.93,,true,ESTIMATED_MODE_BREAKDOWN
2025-08-30T10:00:00.000000,Japan,Japan,JP,444.01,533.99,18.97,11.75,,true,ESTIMATED_MODE_BREAKDOWN
2025-08-30T11:00:00.000000,Japan,Japan,JP,442.33,531.95,19.27,11.67,,true,ESTIMATED_MODE_BREAKDOWN
2025-08-30T12:00:00.000000,Japan,Japan,JP,441.51,530.95,19.42,11.6,,true,ESTIMATED_MODE_BREAKDOWN
2025-08-30T13:00:00.000000,Japan,Japan,JP,440.78,530.06,19.55,11.59,,true,ESTIMATED_MODE_BREAKDOWN
2025-08-30T14:00:00.000000,Japan,Japan,JP,438.96,527.93,19.87,11.58,,true,ESTIMATED_MODE_BREAKDOWN
2025-08-30T15:00:00.000000,Japan,Japan,JP,435.52,523.84,20.5,11.44,,true,ESTIMATED_MODE_BREAKDOWN
2025-08-30T16:00:00.000000,Japan,Japan,JP,431.04,518.61,21.32,11.3,,true,ESTIMATED_MODE_BREAKDOWN
2025-08-30T17:00:00.000000,Japan,Japan,JP,428.86,516.12,21.72,11.29,,true,ESTIMATED_MODE_BREAKDOWN
2025-08-30T18:00:00.000000,Japan,Japan,JP,428.13,515.34,21.86,11.31,,true,ESTIMATED_MODE_BREAKDOWN
2025-08-30T19:00:00.000000,Japan,Japan,JP,429.32,516.85,21.65,11.36,,true,ESTIMATED_MODE_BREAKDOWN
2025-08-30T20:00:00.000000,Japan,Japan,JP,426.61,513.79,22.15,11.64,,true,ESTIMATED_MODE_BREAKDOWN
2025-08-30T21:00:00.000000,Japan,Japan,JP,399.72,484.12,27.05,16.91,,true,ESTIMATED_MODE_BREAKDOWN
2025-08-30T22:00:00.000000,Japan,Japan,JP,342.49,420.83,37.47,28.03,,true,ESTIMATED_MODE_BREAKDOWN
2025-08-30T23:00:00.000000,Japan,Japan,JP,293.98,367.31,46.33,37.73,,true,ESTIMATED_MODE_BREAKDOWN
2025-08-31T00:00:00.000000,Japan,Japan,JP,265.49,335.93,51.51,43.66,,true,ESTIMATED_MODE_BREAKDOWN
2025-08-31T01:00:00.000000,Japan,Japan,JP,253.86,323.29,53.62,46.54,,true,ESTIMATED_MODE_BREAKDOWN
2025-08-31T02:00:00.000000,Japan,Japan,JP,253.82,323.32,53.62,46.77,,true,ESTIMATED_MODE_BREAKDOWN
2025-08-31T03:00:00.000000,Japan,Japan,JP,262.07,332.29,52.12,45.03,,true,ESTIMATED_MODE_BREAKDOWN
2025-08-31T04:00:00.000000,Japan,Japan,JP,279.33,351.37,48.96,42.09,,true,ESTIMATED_MODE_BREAKDOWN
2025-08-31T05:00:00.000000,Japan,Japan,JP,307.69,382.75,43.79,36.73,,true,ESTIMATED_MODE_BREAKDOWN
2025-08-31T06:00:00.000000,Japan,Japan,JP,348.21,427.66,36.4,29.34,,true,ESTIMATED_MODE_BREAKDOWN
2025-08-31T07:00:00.000000,Japan,Japan,JP,392.45,476.69,28.34,21.31,,true,ESTIMATED_MODE_BREAKDOWN
2025-08-31T08:00:00.000000,Japan,Japan,JP,431.53,520.18,21.24,14.52,,true,ESTIMATED_MODE_BREAKDOWN
2025-08-31T09:00:00.000000,Japan,Japan,JP,445.91,536.14,18.62,11.79,,true,ESTIMATED_MODE_BREAKDOWN
2025-08-31T10:00:00.000000,Japan,Japan,JP,443.96,533.87,18.98,11.7,,true,ESTIMATED_MODE_BREAKDOWN
2025-08-31T11:00:00.000000,Japan,Japan,JP,442.93,532.59,19.16,11.68,,true,ESTIMATED_MODE_BREAKDOWN
2025-08-31T12:00:00.000000,Japan,Japan,JP,440.91,530.19,19.53,11.69,,true,ESTIMATED_MODE_BREAKDOWN
2025-08-31T13:00:00.000000,Japan,Japan,JP,439.72,528.75,19.73,11.67,,true,ESTIMATED_MODE_BREAKDOWN
2025-08-31T14:00:00.000000,Japan,Japan,JP,436.51,525.02,20.31,11.71,,true,ESTIMATED_MODE_BREAKDOWN
2025-08-31T15:00:00.000000,Japan,Japan,JP,432.33,520.22,21.07,11.8,,true,ESTIMATED_MODE_BREAKDOWN
2025-08-31T16:00:00.000000,Japan,Japan,JP,425.89,512.82,22.25,11.79,,true,ESTIMATED_MODE_BREAKDOWN
2025-08-31T17:00:00.000000,Japan,Japan,JP,425.79,512.78,22.27,11.89,,true,ESTIMATED_MODE_BREAKDOWN
2025-08-31T18:00:00.000000,Japan,Japan,JP,424.32,511.08,22.54,11.83,,true,ESTIMATED_MODE_BREAKDOWN
2025-08-31T19:00:00.000000,Japan,Japan,JP,427.82,515.2,21.9,11.86,,true,ESTIMATED_MODE_BREAKDOWN
2025-08-31T20:00:00.000000,Japan,Japan,JP,428.56,516.2,21.78,12.24,,true,ESTIMATED_MODE_BREAKDOWN
2025-08-31T21:00:00.000000,Japan,Japan,JP,405.56,490.71,25.97,16.6,,true,ESTIMATED_MODE_BREAKDOWN
2025-08-31T22:00:00.000000,Japan,Japan,JP,366.7,448.0,33.05,25.3,,true,ESTIMATED_MODE_BREAKDOWN
2025-08-31T23:00:00.000000,Japan,Japan,JP,337.33,415.78,38.4,31.88,,true,ESTIMATED_MODE_BREAKDOWN
2025-09-01T00:00:00.000000,Japan,Japan,JP,318.15,394.66,41.9,36.15,,true,ESTIMATED_MODE_BREAKDOWN
2025-09-01T01:00:00.000000,Japan,Japan,JP,303.13,377.97,44.63,38.79,,true,ESTIMATED_MODE_BREAKDOWN
2025-09-01T02:00:00.000000,Japan,Japan,JP,299.6,374.19,45.28,39.82,,true,ESTIMATED_MODE_BREAKDOWN
2025-09-01T03:00:00.000000,Japan,Japan,JP,295.89,369.97,45.96,40.19,,true,ESTIMATED_MODE_BREAKDOWN
2025-09-01T04:00:00.000000,Japan,Japan,JP,311.02,386.83,43.2,37.78,,true,ESTIMATED_MODE_BREAKDOWN
2025-09-01T05:00:00.000000,Japan,Japan,JP,334.55,412.99,38.91,33.72,,true,ESTIMATED_MODE_BREAKDOWN
2025-09-01T06:00:00.000000,Japan,Japan,JP,363.2,444.72,33.68,28.45,,true,ESTIMATED_MODE_BREAKDOWN
2025-09-01T07:00:00.000000,Japan,Japan,JP,402.17,487.91,26.58,21.3,,true,ESTIMATED_MODE_BREAKDOWN
2025-09-01T08:00:00.000000,Japan,Japan,JP,427.36,515.65,21.98,16.26,,true,ESTIMATED_MODE_BREAKDOWN
2025-09-01T09:00:00.000000,Japan,Japan,JP,439.72,529.24,19.73,13.74,,true,ESTIMATED_MODE_BREAKDOWN
2025-09-01T10:00:00.000000,Japan,Japan,JP,446.56,536.74,18.48,12.12,,true,ESTIMATED_MODE_BREAKDOWN
2025-09-01T11:00:00.000000,Japan,Japan,JP,444.03,533.89,18.95,12.16,,true,ESTIMATED_MODE_BREAKDOWN
2025-09-01T12:00:00.000000,Japan,Japan,JP,444.08,533.89,18.93,12.11,,true,ESTIMATED_MODE_BREAKDOWN
2025-09-01T13:00:00.000000,Japan,Japan,JP,441.09,530.31,19.48,12.05,,true,ESTIMATED_MODE_BREAKDOWN
2025-09-01T14:00:00.000000,Japan,Japan,JP,437.24,525.9,20.18,12.08,,true,ESTIMATED_MODE_BREAKDOWN
2025-09-01T15:00:00.000000,Japan,Japan,JP,432.3,520.18,21.09,12.15,,true,ESTIMATED_MODE_BREAKDOWN
2025-09-01T16:00:00.000000,Japan,Japan,JP,430.23,517.84,21.47,12.19,,true,ESTIMATED_MODE_BREAKDOWN
2025-09-01T17:00:00.000000,Japan,Japan,JP,428.25,515.58,21.83,12.24,,true,ESTIMATED_MODE_BREAKDOWN
2025-09-01T18:00:00.000000,Japan,Japan,JP,428.99,516.48,21.7,12.26,,true,ESTIMATED_MODE_BREAKDOWN
2025-09-01T19:00:00.000000,Japan,Japan,JP,429.58,517.21,21.6,12.25,,true,ESTIMATED_MODE_BREAKDOWN
2025-09-01T20:00:00.000000,Japan,Japan,JP,429.02,516.6,21.7,12.45,,true,ESTIMATED_MODE_BREAKDOWN
2025-09-01T21:00:00.000000,Japan,Japan,JP,408.26,493.81,25.48,17.11,,true,ESTIMATED_MODE_BREAKDOWN
2025-09-01T22:00:00.000000,Japan,Japan,JP,365.92,447.14,33.18,25.77,,true,ESTIMATED_MODE_BREAKDOWN
2025-09-01T23:00:00.000000,Japan,Japan,JP,337.62,416.01,38.34,31.68,,true,ESTIMATED_MODE_BREAKDOWN
2025-09-02T00:00:00.000000,Japan,Japan,JP,321.47,398.31,41.29,35.6,,true,ESTIMATED_MODE_BREAKDOWN
2025-09-02T01:00:00.000000,Japan,Japan,JP,309.08,384.6,43.54,37.73,,true,ESTIMATED_MODE_BREAKDOWN
2025-09-02T02:00:00.000000,Japan,Japan,JP,306.81,382.06,43.96,38.26,,true,ESTIMATED_MODE_BREAKDOWN
2025-09-02T03:00:00.000000,Japan,Japan,JP,303.16,377.95,44.63,38.85,,true,ESTIMATED_MODE_BREAKDOWN
2025-09-02T04:00:00.000000,Japan,Japan,JP,317.56,393.94,42.0,36.43,,true,ESTIMATED_MODE_BREAKDOWN
2025-09-02T05:00:00.000000,Japan,Japan,JP,343.21,422.47,37.32,32.08,,true,ESTIMATED_MODE_BREAKDOWN
2025-09-02T06:00:00.000000,Japan,Japan,JP,374.52,457.06,31.62,25.99,,true,ESTIMATED_MODE_BREAKDOWN
2025-09-02T07:00:00.000000,Japan,Japan,JP,408.03,494.2,25.52,19.8,,true,ESTIMATED_MODE_BREAKDOWN
2025-09-02T08:00:00.000000,Japan,Japan,JP,435.39,524.49,20.53,14.49,,true,ESTIMATED_MODE_BREAKDOWN
2025-09-02T09:00:00.000000,Japan,Japan,JP,448.64,539.21,18.11,12.03,,true,ESTIMATED_MODE_BREAKDOWN
2025-09-02T10:00:00.000000,Japan,Japan,JP,448.89,539.53,18.07,11.92,,true,ESTIMATED_MODE_BREAKDOWN
2025-09-02T11:00:00.000000,Japan,Japan,JP,446.55,536.79,18.49,11.91,,true,ESTIMATED_MODE_BREAKDOWN
2025-09-02T12:00:00.000000,Japan,Japan,JP,444.6,534.39,18.84,11.9,,true,ESTIMATED_MODE_BREAKDOWN
2025-09-02T13:00:00.000000,Japan,Japan,JP,440.43,529.44,19.61,11.78,,true,ESTIMATED_MODE_BREAKDOWN
2025-09-02T14:00:00.000000,Japan,Japan,JP,437.98,526.62,20.05,11.82,,true,ESTIMATED_MODE_BREAKDOWN
2025-09-02T15:00:00.000000,Japan,Japan,JP,433.24,521.26,20.92,12.06,,true,ESTIMATED_MODE_BREAKDOWN
2025-09-02T16:00:00.000000,Japan,Japan,JP,428.32,515.61,21.82,12.1,,true,ESTIMATED_MODE_BREAKDOWN
2025-09-02T17:00:00.000000,Japan,Japan,JP,426.42,513.5,22.16,12.17,,true,ESTIMATED_MODE_BREAKDOWN
2025-09-02T18:00:00.000000,Japan,Japan,JP,427.41,514.74,21.98,12.22,,true,ESTIMATED_MODE_BREAKDOWN
2025-09-02T19:00:00.000000,Japan,Japan,JP,428.66,516.24,21.76,12.28,,true,ESTIMATED_MODE_BREAKDOWN
2025-09-02T20:00:00.000000,Japan,Japan,JP,429.31,517.05,21.64,12.39,,true,ESTIMATED_MODE_BREAKDOWN
2025-09-02T21:00:00.000000,Japan,Japan,JP,410.29,496.07,25.12,16.29,,true,ESTIMATED_MODE_BREAKDOWN
2025-09-02T22:00:00.000000,Japan,Japan,JP,367.16,448.4,32.96,24.92,,true,ESTIMATED_MODE_BREAKDOWN
2025-09-02T23:00:00.000000,Japan,Japan,JP,339.13,417.75,38.08,31.56,,true,ESTIMATED_MODE_BREAKDOWN
2025-09-03T00:00:00.000000,Japan,Japan,JP,315.16,391.33,42.45,36.53,,true,ESTIMATED_MODE_BREAKDOWN
2025-09-03T01:00:00.000000,Japan,Japan,JP,300.42,374.96,45.14,39.27,,true,ESTIMATED_MODE_BREAKDOWN
2025-09-03T02:00:00.000000,Japan,Japan,JP,301.04,375.71,45.04,39.34,,true,ESTIMATED_MODE_BREAKDOWN
2025-09-03T03:00:00.000000,Japan,Japan,JP,307.38,382.78,43.88,38.41,,true,ESTIMATED_MODE_BREAKDOWN
2025-09-03T04:00:00.000000,Japan,Japan,JP,327.67,405.16,40.16,34.65,,true,ESTIMATED_MODE_BREAKDOWN
2025-09-03T05:00:00.000000,Japan,Japan,JP,350.83,430.72,35.94,30.2,,true,ESTIMATED_MODE_BREAKDOWN
2025-09-03T06:00:00.000000,Japan,Japan,JP,380.45,463.58,30.53,24.74,,true,ESTIMATED_MODE_BREAKDOWN
2025-09-03T07:00:00.000000,Japan,Japan,JP,413.73,500.54,24.48,18.65,,true,ESTIMATED_MODE_BREAKDOWN
2025-09-03T08:00:00.000000,Japan,Japan,JP,437.47,526.87,20.15,13.92,,true,ESTIMATED_MODE_BREAKDOWN
2025-09-03T09:00:00.000000,Japan,Japan,JP,447.63,538.19,18.3,12.02,,true,ESTIMATED_MODE_BREAKDOWN
2025-09-03T10:00:00.000000,Japan,Japan,JP,445.54,535.72,18.68,11.97,,true,ESTIMATED_MODE_BREAKDOWN
2025-09-03T11:00:00.000000,Japan,Japan,JP,443.75,533.54,19.0,11.89,,true,ESTIMATED_MODE_BREAKDOWN
2025-09-03T12:00:00.000000,Japan,Japan,JP,442.23,531.72,19.28,11.76,,true,ESTIMATED_MODE_BREAKDOWN
2025-09-03T13:00:00.000000,Japan,Japan,JP,440.72,529.92,19.55,11.74,,true,ESTIMATED_MODE_BREAKDOWN
2025-09-03T14:00:00.000000,Japan,Japan,JP,437.76,526.49,20.09,11.75,,true,ESTIMATED_MODE_BREAKDOWN
2025-09-03T15:00:00.000000,Japan,Japan,JP,433.29,521.31,20.9,11.9,,true,ESTIMATED_MODE_BREAKDOWN
2025-09-03T16:00:00.000000,Japan,Japan,JP,429.93,517.48,21.51,12.0,,true,ESTIMATED_MODE_BREAKDOWN
2025-09-03T17:00:00.000000,Japan,Japan,JP,428.32,515.66,21.8,12.02,,true,ESTIMATED_MODE_BREAKDOWN
2025-09-03T18:00:00.000000,Japan,Japan,JP,429.36,516.9,21.61,12.0,,true,ESTIMATED_MODE_BREAKDOWN
2025-09-03T19:00:00.000000,Japan,Japan,JP,430.59,518.41,21.39,12.07,,true,ESTIMATED_MODE_BREAKDOWN
2025-09-03T20:00:00.000000,Japan,Japan,JP,429.69,517.46,21.57,12.26,,true,ESTIMATED_MODE_BREAKDOWN
2025-09-03T21:00:00.000000,Japan,Japan,JP,417.76,504.23,23.75,14.63,,true,ESTIMATED_MODE_BREAKDOWN
2025-09-03T22:00:00.000000,Japan,Japan,JP,400.82,485.72,26.83,18.86,,true,ESTIMATED_MODE_BREAKDOWN
2025-09-03T23:00:00.000000,Japan,Japan,JP,389.65,473.55,28.88,21.67,,true,ESTIMATED_MODE_BREAKDOWN
2025-09-04T00:00:00.000000,Japan,Japan,JP,384.15,467.65,29.87,23.42,,true,ESTIMATED_MODE_BREAKDOWN
2025-09-04T01:00:00.000000,Japan,Japan,JP,372.45,454.79,32.0,25.91,,true,ESTIMATED_MODE_BREAKDOWN
2025-09-04T02:00:00.000000,Japan,Japan,JP,370.15,452.24,32.42,26.4,,true,ESTIMATED_MODE_BREAKDOWN
2025-09-04T03:00:00.000000,Japan,Japan,JP,374.71,457.22,31.59,25.36,,true,ESTIMATED_MODE_BREAKDOWN
2025-09-04T04:00:00.000000,Japan,Japan,JP,388.6,472.69,29.06,23.0,,true,ESTIMATED_MODE_BREAKDOWN
2025-09-04T05:00:00.000000,Japan,Japan,JP,401.03,486.46,26.8,20.69,,true,ESTIMATED_MODE_BREAKDOWN
2025-09-04T06:00:00.000000,Japan,Japan,JP,414.94,501.75,24.26,17.7,,true,ESTIMATED_MODE_BREAKDOWN
2025-09-04T07:00:00.000000,Japan,Japan,JP,431.17,519.72,21.29,14.67,,true,ESTIMATED_MODE_BREAKDOWN
2025-09-04T08:00:00.000000,Japan,Japan,JP,440.52,530.03,19.58,12.73,,true,ESTIMATED_MODE_BREAKDOWN
2025-09-04T09:00:00.000000,Japan,Japan,JP,443.34,533.13,19.06,12.07,,true,ESTIMATED_MODE_BREAKDOWN
2025-09-04T10:00:00.000000,Japan,Japan,JP,441.77,531.31,19.35,12.02,,true,ESTIMATED_MODE_BREAKDOWN
2025-09-04T11:00:00.000000,Japan,Japan,JP,440.18,529.39,19.64,11.91,,true,ESTIMATED_MODE_BREAKDOWN
2025-09-04T12:00:00.000000,Japan,Japan,JP,438.98,528.02,19.86,11.88,,true,ESTIMATED_MODE_BREAKDOWN
2025-09-04T13:00:00.000000,Japan,Japan,JP,435.95,524.47,20.41,11.84,,true,ESTIMATED_MODE_BREAKDOWN
2025-09-04T14:00:00.000000,Japan,Japan,JP,434.0,522.24,20.77,11.86,,true,ESTIMATED_MODE_BREAKDOWN
2025-09-04T15:00:00.000000,Japan,Japan,JP,429.85,517.45,21.53,11.97,,true,ESTIMATED_MODE_BREAKDOWN
2025-09-04T16:00:00.000000,Japan,Japan,JP,425.77,512.76,22.27,12.05,,true,ESTIMATED_MODE_BREAKDOWN
2025-09-04T17:00:00.000000,Japan,Japan,JP,426.6,513.82,22.12,12.13,,true,ESTIMATED_MODE_BREAKDOWN
2025-09-04T18:00:00.000000,Japan,Japan,JP,426.31,513.52,22.18,12.16,,true,ESTIMATED_MODE_BREAKDOWN
2025-09-04T19:00:00.000000,Japan,Japan,JP,427.08,514.42,22.04,12.2,,true,ESTIMATED_MODE_BREAKDOWN
2025-09-04T20:00:00.000000,Japan,Japan,JP,429.23,516.92,21.65,12.29,,true,ESTIMATED_MODE_BREAKDOWN
2025-09-04T21:00:00.000000,Japan,Japan,JP,423.14,510.06,22.76,13.34,,true,ESTIMATED_MODE_BREAKDOWN
2025-09-04T22:00:00.000000,Japan,Japan,JP,412.56,498.49,24.69,16.18,,true,ESTIMATED_MODE_BREAKDOWN
2025-09-04T23:00:00.000000,Japan,Japan,JP,401.11,486.07,26.78,19.34,,true,ESTIMATED_MODE_BREAKDOWN
2025-09-05T00:00:00.000000,Japan,Japan,JP,387.97,471.54,29.17,22.32,,true,ESTIMATED_MODE_BREAKDOWN
2025-09-05T01:00:00.000000,Japan,Japan,JP,376.07,458.37,31.33,24.62,,true,ESTIMATED_MODE_BREAKDOWN
2025-09-05T02:00:00.000000,Japan,Japan,JP,367.06,448.44,32.97,26.41,,true,ESTIMATED_MODE_BREAKDOWN
2025-09-05T03:00:00.000000,Japan,Japan,JP,354.24,434.21,35.31,28.44,,true,ESTIMATED_MODE_BREAKDOWN
2025-09-05T04:00:00.000000,Japan,Japan,JP,354.6,434.72,35.24,28.55,,true,ESTIMATED_MODE_BREAKDOWN
2025-09-05T05:00:00.000000,Japan,Japan,JP,362.28,443.34,33.85,27.2,,true,ESTIMATED_MODE_BREAKDOWN
2025-09-05T06:00:00.000000,Japan,Japan,JP,377.51,460.26,31.08,24.39,,true,ESTIMATED_MODE_BREAKDOWN
2025-09-05T07:00:00.000000,Japan,Japan,JP,400.6,485.96,26.88,20.13,,true,ESTIMATED_MODE_BREAKDOWN
2025-09-05T08:00:00.000000,Japan,Japan,JP,428.32,516.66,21.83,14.95,,true,ESTIMATED_MODE_BREAKDOWN
2025-09-05T09:00:00.000000,Japan,Japan,JP,442.32,532.17,19.28,12.34,,true,ESTIMATED_MODE_BREAKDOWN
2025-09-05T10:00:00.000000,Japan,Japan,JP,439.85,529.2,19.72,12.18,,true,ESTIMATED_MODE_BREAKDOWN
2025-09-05T11:00:00.000000,Japan,Japan,JP,438.89,528.08,19.89,12.22,,true,ESTIMATED_MODE_BREAKDOWN
2025-09-05T12:00:00.000000,Japan,Japan,JP,436.7,525.5,20.29,12.05,,true,ESTIMATED_MODE_BREAKDOWN
2025-09-05T13:00:00.000000,Japan,Japan,JP,433.65,521.85,20.85,12.02,,true,ESTIMATED_MODE_BREAKDOWN
2025-09-05T14:00:00.000000,Japan,Japan,JP,432.07,520.05,21.13,12.03,,true,ESTIMATED_MODE_BREAKDOWN
2025-09-05T15:00:00.000000,Japan,Japan,JP,426.84,513.94,22.08,11.94,,true,ESTIMATED_MODE_BREAKDOWN
2025-09-05T16:00:00.000000,Japan,Japan,JP,423.46,510.11,22.69,11.96,,true,ESTIMATED_MODE_BREAKDOWN
2025-09-05T17:00:00.000000,Japan,Japan,JP,421.97,508.43,22.97,11.95,,true,ESTIMATED_MODE_BREAKDOWN
2025-09-05T18:00:00.000000,Japan,Japan,JP,422.65,509.28,22.86,11.81,,true,ESTIMATED_MODE_BREAKDOWN
2025-09-05T19:00:00.000000,Japan,Japan,JP,423.02,509.75,22.79,11.77,,true,ESTIMATED_MODE_BREAKDOWN
2025-09-05T20:00:00.000000,Japan,Japan,JP,421.46,508.1,23.09,12.08,,true,ESTIMATED_MODE_BREAKDOWN
2025-09-05T21:00:00.000000,Japan,Japan,JP,391.09,474.63,28.62,17.95,,true,ESTIMATED_MODE_BREAKDOWN
2025-09-05T22:00:00.000000,Japan,Japan,JP,318.46,394.09,41.86,31.33,,true,ESTIMATED_MODE_BREAKDOWN
2025-09-05T23:00:00.000000,Japan,Japan,JP,262.41,332.32,52.1,42.72,,true,ESTIMATED_MODE_BREAKDOWN
2025-09-06T00:00:00.000000,Japan,Japan,JP,231.92,298.75,57.65,49.17,,true,ESTIMATED_MODE_BREAKDOWN
2025-09-06T01:00:00.000000,Japan,Japan,JP,216.45,281.67,60.46,52.45,,true,ESTIMATED_MODE_BREAKDOWN
2025-09-06T02:00:00.000000,Japan,Japan,JP,214.69,279.8,60.78,53.05,,true,ESTIMATED_MODE_BREAKDOWN
2025-09-06T03:00:00.000000,Japan,Japan,JP,218.31,283.81,60.12,52.44,,true,ESTIMATED_MODE_BREAKDOWN
2025-09-06T04:00:00.000000,Japan,Japan,JP,235.93,303.35,56.9,49.31,,true,ESTIMATED_MODE_BREAKDOWN
2025-09-06T05:00:00.000000,Japan,Japan,JP,268.33,339.25,50.99,43.38,,true,ESTIMATED_MODE_BREAKDOWN
2025-09-06T06:00:00.000000,Japan,Japan,JP,316.93,393.19,42.12,34.81,,true,ESTIMATED_MODE_BREAKDOWN
2025-09-06T07:00:00.000000,Japan,Japan,JP,374.45,456.9,31.64,24.22,,true,ESTIMATED_MODE_BREAKDOWN
2025-09-06T08:00:00.000000,Japan,Japan,JP,424.27,512.13,22.57,15.08,,true,ESTIMATED_MODE_BREAKDOWN
2025-09-06T09:00:00.000000,Japan,Japan,JP,440.74,530.36,19.57,11.85,,true,ESTIMATED_MODE_BREAKDOWN
2025-09-06T10:00:00.000000,Japan,Japan,JP,440.56,530.03,19.6,11.76,,true,ESTIMATED_MODE_BREAKDOWN
2025-09-06T11:00:00.000000,Japan,Japan,JP,437.22,526.14,20.21,11.82,,true,ESTIMATED_MODE_BREAKDOWN
2025-09-06T12:00:00.000000,Japan,Japan,JP,432.94,521.09,20.98,11.86,,true,ESTIMATED_MODE_BREAKDOWN
2025-09-06T13:00:00.000000,Japan,Japan,JP,431.2,519.05,21.28,11.85,,true,ESTIMATED_MODE_BREAKDOWN
2025-09-06T14:00:00.000000,Japan,Japan,JP,430.22,517.93,21.46,11.96,,true,ESTIMATED_MODE_BREAKDOWN
2025-09-06T15:00:00.000000,Japan,Japan,JP,423.66,510.34,22.66,11.96,,true,ESTIMATED_MODE_BREAKDOWN
2025-09-06T16:00:00.000000,Japan,Japan,JP,418.55,504.49,23.59,12.06,,true,ESTIMATED_MODE_BREAKDOWN
2025-09-06T17:00:00.000000,Japan,Japan,JP,416.61,502.3,23.95,12.16,,true,ESTIMATED_MODE_BREAKDOWN
2025-09-06T18:00:00.000000,Japan,Japan,JP,416.67,502.37,23.95,12.23,,true,ESTIMATED_MODE_BREAKDOWN
2025-09-06T19:00:00.000000,Japan,Japan,JP,417.01,502.81,23.88,12.27,,true,ESTIMATED_MODE_BREAKDOWN
2025-09-06T20:00:00.000000,Japan,Japan,JP,415.76,501.45,24.11,12.59,,true,ESTIMATED_MODE_BREAKDOWN
2025-09-06T21:00:00.000000,Japan,Japan,JP,387.16,469.91,29.33,18.2,,true,ESTIMATED_MODE_BREAKDOWN
2025-09-06T22:00:00.000000,Japan,Japan,JP,318.9,394.33,41.77,30.95,,true,ESTIMATED_MODE_BREAKDOWN
2025-09-06T23:00:00.000000,Japan,Japan,JP,266.04,336.02,51.41,41.78,,true,ESTIMATED_MODE_BREAKDOWN
2025-09-07T00:00:00.000000,Japan,Japan,JP,240.47,307.85,56.07,47.28,,true,ESTIMATED_MODE_BREAKDOWN
2025-09-07T01:00:00.000000,Japan,Japan,JP,228.12,294.27,58.32,49.89,,true,ESTIMATED_MODE_BREAKDOWN
2025-09-07T02:00:00.000000,Japan,Japan,JP,224.94,290.83,58.9,50.82,,true,ESTIMATED_MODE_BREAKDOWN
2025-09-07T03:00:00.000000,Japan,Japan,JP,235.57,302.68,56.95,49.09,,true,ESTIMATED_MODE_BREAKDOWN
2025-09-07T04:00:00.000000,Japan,Japan,JP,255.71,324.96,53.28,45.47,,true,ESTIMATED_MODE_BREAKDOWN
2025-09-07T05:00:00.000000,Japan,Japan,JP,288.04,360.76,47.38,39.6,,true,ESTIMATED_MODE_BREAKDOWN
2025-09-07T06:00:00.000000,Japan,Japan,JP,332.88,410.52,39.2,31.61,,true,ESTIMATED_MODE_BREAKDOWN
2025-09-07T07:00:00.000000,Japan,Japan,JP,382.13,465.03,30.23,22.53,,true,ESTIMATED_MODE_BREAKDOWN
2025-09-07T08:00:00.000000,Japan,Japan,JP,424.56,512.24,22.5,15.0,,true,ESTIMATED_MODE_BREAKDOWN
2025-09-07T09:00:00.000000,Japan,Japan,JP,439.77,529.23,19.74,12.25,,true,ESTIMATED_MODE_BREAKDOWN
2025-09-07T10:00:00.000000,Japan,Japan,JP,440.0,529.43,19.69,12.12,,true,ESTIMATED_MODE_BREAKDOWN
2025-09-07T11:00:00.000000,Japan,Japan,JP,437.86,526.85,20.08,12.04,,true,ESTIMATED_MODE_BREAKDOWN
2025-09-07T12:00:00.000000,Japan,Japan,JP,436.55,525.26,20.31,11.98,,true,ESTIMATED_MODE_BREAKDOWN
2025-09-07T13:00:00.000000,Japan,Japan,JP,435.23,523.64,20.54,11.91,,true,ESTIMATED_MODE_BREAKDOWN
2025-09-07T14:00:00.000000,Japan,Japan,JP,430.65,518.32,21.38,11.93,,true,ESTIMATED_MODE_BREAKDOWN
2025-09-07T15:00:00.000000,Japan,Japan,JP,424.96,511.74,22.42,11.9,,true,ESTIMATED_MODE_BREAKDOWN
2025-09-07T16:00:00.000000,Japan,Japan,JP,420.72,506.91,23.19,12.02,,true,ESTIMATED_MODE_BREAKDOWN
2025-09-07T17:00:00.000000,Japan,Japan,JP,419.96,506.06,23.32,12.07,,true,ESTIMATED_MODE_BREAKDOWN
2025-09-07T18:00:00.000000,Japan,Japan,JP,421.13,507.48,23.11,12.06,,true,ESTIMATED_MODE_BREAKDOWN
2025-09-07T19:00:00.000000,Japan,Japan,JP,421.68,508.14,23.02,12.05,,true,ESTIMATED_MODE_BREAKDOWN
2025-09-07T20:00:00.000000,Japan,Japan,JP,425.12,512.2,22.4,12.23,,true,ESTIMATED_MODE_BREAKDOWN
2025-09-07T21:00:00.000000,Japan,Japan,JP,407.9,493.42,25.53,16.28,,true,ESTIMATED_MODE_BREAKDOWN
2025-09-07T22:00:00.000000,Japan,Japan,JP,372.52,454.47,31.98,23.95,,true,ESTIMATED_MODE_BREAKDOWN
2025-09-07T23:00:00.000000,Japan,Japan,JP,348.38,428.03,36.38,29.47,,true,ESTIMATED_MODE_BREAKDOWN
2025-09-08T00:00:00.000000,Japan,Japan,JP,331.08,409.02,39.54,33.29,,true,ESTIMATED_MODE_BREAKDOWN
2025-09-08T01:00:00.000000,Japan,Japan,JP,318.69,395.25,41.8,35.6,,true,ESTIMATED_MODE_BREAKDOWN
2025-09-08T02:00:00.000000,Japan,Japan,JP,313.34,389.43,42.78,36.84,,true,ESTIMATED_MODE_BREAKDOWN
2025-09-08T03:00:00.000000,Japan,Japan,JP,312.99,389.0,42.85,36.87,,true,ESTIMATED_MODE_BREAKDOWN
2025-09-08T04:00:00.000000,Japan,Japan,JP,330.86,408.86,39.59,33.91,,true,ESTIMATED_MODE_BREAKDOWN
2025-09-08T05:00:00.000000,Japan,Japan,JP,350.08,430.05,36.08,30.24,,true,ESTIMATED_MODE_BREAKDOWN
2025-09-08T06:00:00.000000,Japan,Japan,JP,380.01,463.29,30.61,24.9,,true,ESTIMATED_MODE_BREAKDOWN
2025-09-08T07:00:00.000000,Japan,Japan,JP,413.06,499.93,24.59,18.85,,true,ESTIMATED_MODE_BREAKDOWN
2025-09-08T08:00:00.000000,Japan,Japan,JP,440.28,530.16,19.64,13.76,,true,ESTIMATED_MODE_BREAKDOWN
2025-09-08T09:00:00.000000,Japan,Japan,JP,449.13,539.91,18.03,11.8,,true,ESTIMATED_MODE_BREAKDOWN
2025-09-08T10:00:00.000000,Japan,Japan,JP,447.33,537.8,18.35,11.72,,true,ESTIMATED_MODE_BREAKDOWN
2025-09-08T11:00:00.000000,Japan,Japan,JP,446.17,536.46,18.55,11.75,,true,ESTIMATED_MODE_BREAKDOWN
2025-09-08T12:00:00.000000,Japan,Japan,JP,443.36,533.1,19.06,11.63,,true,ESTIMATED_MODE_BREAKDOWN
2025-09-08T13:00:00.000000,Japan,Japan,JP,440.8,530.06,19.52,11.56,,true,ESTIMATED_MODE_BREAKDOWN
2025-09-08T14:00:00.000000,Japan,Japan,JP,440.01,529.09,19.67,11.63,,true,ESTIMATED_MODE_BREAKDOWN
2025-09-08T15:00:00.000000,Japan,Japan,JP,433.68,521.75,20.82,11.69,,true,ESTIMATED_MODE_BREAKDOWN
2025-09-08T16:00:00.000000,Japan,Japan,JP,431.51,519.36,21.22,11.81,,true,ESTIMATED_MODE_BREAKDOWN
2025-09-08T17:00:00.000000,Japan,Japan,JP,429.9,517.55,21.52,11.8,,true,ESTIMATED_MODE_BREAKDOWN
2025-09-08T18:00:00.000000,Japan,Japan,JP,429.69,517.34,21.56,11.84,,true,ESTIMATED_MODE_BREAKDOWN
2025-09-08T19:00:00.000000,Japan,Japan,JP,430.5,518.32,21.41,11.85,,true,ESTIMATED_MODE_BREAKDOWN
2025-09-08T20:00:00.000000,Japan,Japan,JP,429.25,516.91,21.64,11.99,,true,ESTIMATED_MODE_BREAKDOWN
2025-09-08T21:00:00.000000,Japan,Japan,JP,414.2,500.38,24.39,15.34,,true,ESTIMATED_MODE_BREAKDOWN
2025-09-08T22:00:00.000000,Japan,Japan,JP,375.27,457.51,31.48,23.54,,true,ESTIMATED_MODE_BREAKDOWN
2025-09-08T23:00:00.000000,Japan,Japan,JP,343.93,423.0,37.19,30.15,,true,ESTIMATED_MODE_BREAKDOWN
2025-09-09T00:00:00.000000,Japan,Japan,JP,323.5,400.54,40.92,34.62,,true,ESTIMATED_MODE_BREAKDOWN
2025-09-09T01:00:00.000000,Japan,Japan,JP,312.87,388.95,42.86,37.24,,true,ESTIMATED_MODE_BREAKDOWN
2025-09-09T02:00:00.000000,Japan,Japan,JP,309.25,384.91,43.53,37.88,,true,ESTIMATED_MODE_BREAKDOWN
2025-09-09T03:00:00.000000,Japan,Japan,JP,308.16,383.6,43.72,37.73,,true,ESTIMATED_MODE_BREAKDOWN
2025-09-09T04:00:00.000000,Japan,Japan,JP,326.04,403.49,40.46,34.92,,true,ESTIMATED_MODE_BREAKDOWN
2025-09-09T05:00:00.000000,Japan,Japan,JP,346.56,426.23,36.72,31.15,,true,ESTIMATED_MODE_BREAKDOWN
2025-09-09T06:00:00.000000,Japan,Japan,JP,375.91,458.7,31.36,25.55,,true,ESTIMATED_MODE_BREAKDOWN
2025-09-09T07:00:00.000000,Japan,Japan,JP,410.94,497.53,24.98,19.11,,true,ESTIMATED_MODE_BREAKDOWN
2025-09-09T08:00:00.000000,Japan,Japan,JP,440.11,529.93,19.67,13.79,,true,ESTIMATED_MODE_BREAKDOWN
2025-09-09T09:00:00.000000,Japan,Japan,JP,449.69,540.57,17.93,11.96,,true,ESTIMATED_MODE_BREAKDOWN
2025-09-09T10:00:00.000000,Japan,Japan,JP,448.04,538.65,18.22,11.93,,true,ESTIMATED_MODE_BREAKDOWN
2025-09-09T11:00:00.000000,Japan,Japan,JP,445.33,535.44,18.71,11.89,,true,ESTIMATED_MODE_BREAKDOWN
2025-09-09T12:00:00.000000,Japan,Japan,JP,444.06,533.92,18.94,11.86,,true,ESTIMATED_MODE_BREAKDOWN
2025-09-09T13:00:00.000000,Japan,Japan,JP,441.88,531.31,19.33,11.84,,true,ESTIMATED_MODE_BREAKDOWN
2025-09-09T14:00:00.000000,Japan,Japan,JP,439.81,528.89,19.71,11.85,,true,ESTIMATED_MODE_BREAKDOWN
2025-09-09T15:00:00.000000,Japan,Japan,JP,433.07,521.02,20.94,11.85,,true,ESTIMATED_MODE_BREAKDOWN
2025-09-09T16:00:00.000000,Japan,Japan,JP,430.26,517.77,21.45,11.91,,true,ESTIMATED_MODE_BREAKDOWN
2025-09-09T17:00:00.000000,Japan,Japan,JP,430.84,518.51,21.34,12.0,,true,ESTIMATED_MODE_BREAKDOWN
2025-09-09T18:00:00.000000,Japan,Japan,JP,428.36,515.63,21.8,11.97,,true,ESTIMATED_MODE_BREAKDOWN
2025-09-09T19:00:00.000000,Japan,Japan,JP,429.38,516.89,21.61,11.98,,true,ESTIMATED_MODE_BREAKDOWN
2025-09-09T20:00:00.000000,Japan,Japan,JP,428.56,515.98,21.77,12.06,,true,ESTIMATED_MODE_BREAKDOWN
2025-09-09T21:00:00.000000,Japan,Japan,JP,418.27,504.74,23.65,14.6,,true,ESTIMATED_MODE_BREAKDOWN
2025-09-09T22:00:00.000000,Japan,Japan,JP,395.23,479.48,27.84,19.85,,true,ESTIMATED_MODE_BREAKDOWN
2025-09-09T23:00:00.000000,Japan,Japan,JP,381.73,464.93,30.31,23.69,,true,ESTIMATED_MODE_BREAKDOWN
2025-09-10T00:00:00.000000,Japan,Japan,JP,370.85,452.95,32.29,26.09,,true,ESTIMATED_MODE_BREAKDOWN
2025-09-10T01:00:00.000000,Japan,Japan,JP,359.0,439.81,34.44,28.3,,true,ESTIMATED_MODE_BREAKDOWN
2025-09-10T02:00:00.000000,Japan,Japan,JP,349.6,429.46,36.17,30.01,,true,ESTIMATED_MODE_BREAKDOWN
2025-09-10T03:00:00.000000,Japan,Japan,JP,346.66,426.23,36.72,30.64,,true,ESTIMATED_MODE_BREAKDOWN
2025-09-10T04:00:00.000000,Japan,Japan,JP,361.84,443.15,33.97,27.84,,true,ESTIMATED_MODE_BREAKDOWN
2025-09-10T05:00:00.000000,Japan,Japan,JP,381.22,464.68,30.43,24.64,,true,ESTIMATED_MODE_BREAKDOWN
2025-09-10T06:00:00.000000,Japan,Japan,JP,401.69,487.19,26.67,20.65,,true,ESTIMATED_MODE_BREAKDOWN
2025-09-10T07:00:00.000000,Japan,Japan,JP,426.46,514.58,22.14,16.14,,true,ESTIMATED_MODE_BREAKDOWN
2025-09-10T08:00:00.000000,Japan,Japan,JP,439.62,529.03,19.74,13.12,,true,ESTIMATED_MODE_BREAKDOWN
2025-09-10T09:00:00.000000,Japan,Japan,JP,444.53,534.42,18.85,11.98,,true,ESTIMATED_MODE_BREAKDOWN
2025-09-10T10:00:00.000000,Japan,Japan,JP,443.76,533.52,18.98,11.96,,true,ESTIMATED_MODE_BREAKDOWN
2025-09-10T11:00:00.000000,Japan,Japan,JP,442.03,531.5,19.3,11.93,,true,ESTIMATED_MODE_BREAKDOWN
2025-09-10T12:00:00.000000,Japan,Japan,JP,441.4,530.73,19.41,11.84,,true,ESTIMATED_MODE_BREAKDOWN
2025-09-10T13:00:00.000000,Japan,Japan,JP,439.06,527.91,19.83,11.81,,true,ESTIMATED_MODE_BREAKDOWN
2025-09-10T14:00:00.000000,Japan,Japan,JP,436.32,524.73,20.34,11.85,,true,ESTIMATED_MODE_BREAKDOWN
2025-09-10T15:00:00.000000,Japan,Japan,JP,432.89,520.87,20.96,11.99,,true,ESTIMATED_MODE_BREAKDOWN
2025-09-10T16:00:00.000000,Japan,Japan,JP,426.97,513.99,22.04,11.92,,true,ESTIMATED_MODE_BREAKDOWN
2025-09-10T17:00:00.000000,Japan,Japan,JP,427.19,514.33,22.0,11.96,,true,ESTIMATED_MODE_BREAKDOWN
2025-09-10T18:00:00.000000,Japan,Japan,JP,428.85,516.34,21.71,12.06,,true,ESTIMATED_MODE_BREAKDOWN
2025-09-10T19:00:00.000000,Japan,Japan,JP,427.87,515.28,21.89,12.12,,true,ESTIMATED_MODE_BREAKDOWN
2025-09-10T20:00:00.000000,Japan,Japan,JP,427.54,514.9,21.95,12.17,,true,ESTIMATED_MODE_BREAKDOWN
2025-09-10T21:00:00.000000,Japan,Japan,JP,419.51,506.05,23.42,13.9,,true,ESTIMATED_MODE_BREAKDOWN
2025-09-10T22:00:00.000000,Japan,Japan,JP,397.29,481.61,27.47,18.87,,true,ESTIMATED_MODE_BREAKDOWN
2025-09-10T23:00:00.000000,Japan,Japan,JP,375.17,457.55,31.5,24.5,,true,ESTIMATED_MODE_BREAKDOWN
2025-09-11T00:00:00.000000,Japan,Japan,JP,355.38,435.61,35.11,28.34,,true,ESTIMATED_MODE_BREAKDOWN
2025-09-11T01:00:00.000000,Japan,Japan,JP,335.06,413.17,38.82,32.29,,true,ESTIMATED_MODE_BREAKDOWN
2025-09-11T02:00:00.000000,Japan,Japan,JP,326.4,403.79,40.41,34.41,,true,ESTIMATED_MODE_BREAKDOWN
2025-09-11T03:00:00.000000,Japan,Japan,JP,322.36,399.26,41.15,35.03,,true,ESTIMATED_MODE_BREAKDOWN
2025-09-11T04:00:00.000000,Japan,Japan,JP,336.97,415.43,38.49,32.28,,true,ESTIMATED_MODE_BREAKDOWN
2025-09-11T05:00:00.000000,Japan,Japan,JP,360.1,441.02,34.25,28.06,,true,ESTIMATED_MODE_BREAKDOWN
2025-09-11T06:00:00.000000,Japan,Japan,JP,384.94,468.38,29.71,23.15,,true,ESTIMATED_MODE_BREAKDOWN
2025-09-11T07:00:00.000000,Japan,Japan,JP,417.29,504.33,23.8,17.32,,true,ESTIMATED_MODE_BREAKDOWN
2025-09-11T08:00:00.000000,Japan,Japan,JP,438.19,527.6,20.0,13.47,,true,ESTIMATED_MODE_BREAKDOWN
2025-09-11T09:00:00.000000,Japan,Japan,JP,442.93,532.77,19.14,12.04,,true,ESTIMATED_MODE_BREAKDOWN
2025-09-11T10:00:00.000000,Japan,Japan,JP,442.88,532.66,19.15,12.03,,true,ESTIMATED_MODE_BREAKDOWN
2025-09-11T11:00:00.000000,Japan,Japan,JP,441.67,531.17,19.37,12.0,,true,ESTIMATED_MODE_BREAKDOWN
2025-09-11T12:00:00.000000,Japan,Japan,JP,439.61,528.72,19.74,11.95,,true,ESTIMATED_MODE_BREAKDOWN
2025-09-11T13:00:00.000000,Japan,Japan,JP,437.04,525.7,20.21,11.99,,true,ESTIMATED_MODE_BREAKDOWN
2025-09-11T14:00:00.000000,Japan,Japan,JP,435.45,523.83,20.5,11.95,,true,ESTIMATED_MODE_BREAKDOWN
2025-09-11T15:00:00.000000,Japan,Japan,JP,428.58,515.84,21.76,11.94,,true,ESTIMATED_MODE_BREAKDOWN
2025-09-11T16:00:00.000000,Japan,Japan,JP,424.43,511.08,22.51,11.96,,true,ESTIMATED_MODE_BREAKDOWN
2025-09-11T17:00:00.000000,Japan,Japan,JP,422.94,509.41,22.78,12.06,,true,ESTIMATED_MODE_BREAKDOWN
2025-09-11T18:00:00.000000,Japan,Japan,JP,425.23,512.16,22.37,12.1,,true,ESTIMATED_MODE_BREAKDOWN
2025-09-11T19:00:00.000000,Japan,Japan,JP,424.75,511.69,22.46,12.14,,true,ESTIMATED_MODE_BREAKDOWN
2025-09-11T20:00:00.000000,Japan,Japan,JP,427.45,514.89,21.97,12.33,,true,ESTIMATED_MODE_BREAKDOWN
2025-09-11T21:00:00.000000,Japan,Japan,JP,410.19,495.71,25.12,15.37,,true,ESTIMATED_MODE_BREAKDOWN
2025-09-11T22:00:00.000000,Japan,Japan,JP,382.84,465.46,30.09,21.06,,true,ESTIMATED_MODE_BREAKDOWN
2025-09-11T23:00:00.000000,Japan,Japan,JP,361.6,442.39,33.96,26.37,,true,ESTIMATED_MODE_BREAKDOWN
2025-09-12T00:00:00.000000,Japan,Japan,JP,352.03,431.91,35.71,28.89,,true,ESTIMATED_MODE_BREAKDOWN
2025-09-12T01:00:00.000000,Japan,Japan,JP,340.79,419.46,37.76,31.09,,true,ESTIMATED_MODE_BREAKDOWN
2025-09-12T02:00:00.000000,Japan,Japan,JP,341.55,420.36,37.63,30.93,,true,ESTIMATED_MODE_BREAKDOWN
2025-09-12T03:00:00.000000,Japan,Japan,JP,347.33,426.8,36.57,30.05,,true,ESTIMATED_MODE_BREAKDOWN
2025-09-12T04:00:00.000000,Japan,Japan,JP,367.93,449.54,32.82,26.16,,true,ESTIMATED_MODE_BREAKDOWN
2025-09-12T05:00:00.000000,Japan,Japan,JP,384.99,468.47,29.71,22.87,,true,ESTIMATED_MODE_BREAKDOWN
2025-09-12T06:00:00.000000,Japan,Japan,JP,401.87,487.24,26.63,19.81,,true,ESTIMATED_MODE_BREAKDOWN
2025-09-12T07:00:00.000000,Japan,Japan,JP,426.95,515.27,22.06,15.76,,true,ESTIMATED_MODE_BREAKDOWN
2025-09-12T08:00:00.000000,Japan,Japan,JP,440.34,530.0,19.63,12.79,,true,ESTIMATED_MODE_BREAKDOWN
2025-09-12T09:00:00.000000,Japan,Japan,JP,442.12,531.82,19.3,11.94,,true,ESTIMATED_MODE_BREAKDOWN
2025-09-12T10:00:00.000000,Japan,Japan,JP,439.7,528.97,19.73,11.91,,true,ESTIMATED_MODE_BREAKDOWN
2025-09-12T11:00:00.000000,Japan,Japan,JP,439.26,528.42,19.81,11.95,,true,ESTIMATED_MODE_BREAKDOWN
2025-09-12T12:00:00.000000,Japan,Japan,JP,436.31,524.95,20.35,11.97,,true,ESTIMATED_MODE_BREAKDOWN
2025-09-12T13:00:00.000000,Japan,Japan,JP,433.77,521.97,20.81,11.94,,true,ESTIMATED_MODE_BREAKDOWN
2025-09-12T14:00:00.000000,Japan,Japan,JP,433.63,521.82,20.83,12.01,,true,ESTIMATED_MODE_BREAKDOWN
2025-09-12T15:00:00.000000,Japan,Japan,JP,428.9,516.32,21.69,12.11,,true,ESTIMATED_MODE_BREAKDOWN
2025-09-12T16:00:00.000000,Japan,Japan,JP,423.18,509.72,22.74,12.1,,true,ESTIMATED_MODE_BREAKDOWN
2025-09-12T17:00:00.000000,Japan,Japan,JP,420.48,506.68,23.24,12.23,,true,ESTIMATED_MODE_BREAKDOWN
2025-09-12T18:00:00.000000,Japan,Japan,JP,420.25,506.44,23.28,12.31,,true,ESTIMATED_MODE_BREAKDOWN
2025-09-12T19:00:00.000000,Japan,Japan,JP,420.69,507.03,23.2,12.3,,true,ESTIMATED_MODE_BREAKDOWN
2025-09-12T20:00:00.000000,Japan,Japan,JP,419.29,505.51,23.46,12.62,,true,ESTIMATED_MODE_BREAKDOWN
2025-09-12T21:00:00.000000,Japan,Japan,JP,405.46,490.12,25.98,15.05,,true,ESTIMATED_MODE_BREAKDOWN
2025-09-12T22:00:00.000000,Japan,Japan,JP,375.81,457.21,31.37,20.9,,true,ESTIMATED_MODE_BREAKDOWN
2025-09-12T23:00:00.000000,Japan,Japan,JP,352.24,431.32,35.65,26.35,,true,ESTIMATED_MODE_BREAKDOWN
2025-09-13T00:00:00.000000,Japan,Japan,JP,336.35,413.85,38.55,30.01,,true,ESTIMATED_MODE_BREAKDOWN
2025-09-13T01:00:00.000000,Japan,Japan,JP,328.9,405.74,39.91,31.68,,true,ESTIMATED_MODE_BREAKDOWN
2025-09-13T02:00:00.000000,Japan,Japan,JP,334.44,411.88,38.9,30.79,,true,ESTIMATED_MODE_BREAKDOWN
2025-09-13T03:00:00.000000,Japan,Japan,JP,335.95,413.45,38.63,30.33,,true,ESTIMATED_MODE_BREAKDOWN
2025-09-13T04:00:00.000000,Japan,Japan,JP,350.93,430.14,35.91,27.86,,true,ESTIMATED_MODE_BREAKDOWN
2025-09-13T05:00:00.000000,Japan,Japan,JP,367.28,448.3,32.94,24.91,,true,ESTIMATED_MODE_BREAKDOWN
2025-09-13T06:00:00.000000,Japan,Japan,JP,387.38,470.64,29.28,21.28,,true,ESTIMATED_MODE_BREAKDOWN
2025-09-13T07:00:00.000000,Japan,Japan,JP,409.97,495.61,25.18,16.93,,true,ESTIMATED_MODE_BREAKDOWN
2025-09-13T08:00:00.000000,Japan,Japan,JP,428.57,516.3,21.79,13.6,,true,ESTIMATED_MODE_BREAKDOWN
2025-09-13T09:00:00.000000,Japan,Japan,JP,434.79,523.27,20.66,12.72,,true,ESTIMATED_MODE_BREAKDOWN
2025-09-13T10:00:00.000000,Japan,Japan,JP,432.66,520.72,21.05,12.67,,true,ESTIMATED_MODE_BREAKDOWN
2025-09-13T11:00:00.000000,Japan,Japan,JP,431.97,519.88,21.17,12.82,,true,ESTIMATED_MODE_BREAKDOWN
2025-09-13T12:00:00.000000,Japan,Japan,JP,429.12,516.57,21.68,12.95,,true,ESTIMATED_MODE_BREAKDOWN
2025-09-13T13:00:00.000000,Japan,Japan,JP,426.8,513.81,22.09,13.02,,true,ESTIMATED_MODE_BREAKDOWN
2025-09-13T14:00:00.000000,Japan,Japan,JP,424.95,511.7,22.42,13.07,,true,ESTIMATED_MODE_BREAKDOWN
2025-09-13T15:00:00.000000,Japan,Japan,JP,417.39,502.99,23.81,13.17,,true,ESTIMATED_MODE_BREAKDOWN
2025-09-13T16:00:00.000000,Japan,Japan,JP,416.11,501.62,24.04,13.4,,true,ESTIMATED_MODE_BREAKDOWN
2025-09-13T17:00:00.000000,Japan,Japan,JP,416.25,501.85,24.01,13.45,,true,ESTIMATED_MODE_BREAKDOWN
2025-09-13T18:00:00.000000,Japan,Japan,JP,417.85,503.79,23.72,13.29,,true,ESTIMATED_MODE_BREAKDOWN
2025-09-13T19:00:00.000000,Japan,Japan,JP,418.44,504.53,23.61,13.31,,true,ESTIMATED_MODE_BREAKDOWN
2025-09-13T20:00:00.000000,Japan,Japan,JP,419.32,505.62,23.46,13.26,,true,ESTIMATED_MODE_BREAKDOWN
2025-09-13T21:00:00.000000,Japan,Japan,JP,407.68,492.71,25.58,15.36,,true,ESTIMATED_MODE_BREAKDOWN
2025-09-13T22:00:00.000000,Japan,Japan,JP,380.01,461.95,30.61,20.65,,true,ESTIMATED_MODE_BREAKDOWN
2025-09-13T23:00:00.000000,Japan,Japan,JP,348.17,426.71,36.42,26.91,,true,ESTIMATED_MODE_BREAKDOWN
2025-09-14T00:00:00.000000,Japan,Japan,JP,310.18,384.82,43.35,34.59,,true,ESTIMATED_MODE_BREAKDOWN
2025-09-14T01:00:00.000000,Japan,Japan,JP,285.39,357.57,47.87,39.57,,true,ESTIMATED_MODE_BREAKDOWN
2025-09-14T02:00:00.000000,Japan,Japan,JP,280.01,351.67,48.86,40.88,,true,ESTIMATED_MODE_BREAKDOWN
2025-09-14T03:00:00.000000,Japan,Japan,JP,292.23,365.19,46.63,38.75,,true,ESTIMATED_MODE_BREAKDOWN
2025-09-14T04:00:00.000000,Japan,Japan,JP,306.19,380.58,44.07,36.19,,true,ESTIMATED_MODE_BREAKDOWN
2025-09-14T05:00:00.000000,Japan,Japan,JP,325.31,401.8,40.58,32.66,,true,ESTIMATED_MODE_BREAKDOWN
2025-09-14T06:00:00.000000,Japan,Japan,JP,356.34,436.36,34.92,27.02,,true,ESTIMATED_MODE_BREAKDOWN
2025-09-14T07:00:00.000000,Japan,Japan,JP,396.39,480.92,27.62,19.88,,true,ESTIMATED_MODE_BREAKDOWN
2025-09-14T08:00:00.000000,Japan,Japan,JP,428.87,516.89,21.71,13.7,,true,ESTIMATED_MODE_BREAKDOWN
2025-09-14T09:00:00.000000,Japan,Japan,JP,441.36,530.89,19.45,11.66,,true,ESTIMATED_MODE_BREAKDOWN
2025-09-14T10:00:00.000000,Japan,Japan,JP,440.18,529.46,19.66,11.57,,true,ESTIMATED_MODE_BREAKDOWN
2025-09-14T11:00:00.000000,Japan,Japan,JP,439.43,528.57,19.79,11.61,,true,ESTIMATED_MODE_BREAKDOWN
2025-09-14T12:00:00.000000,Japan,Japan,JP,437.3,526.11,20.17,11.72,,true,ESTIMATED_MODE_BREAKDOWN
2025-09-14T13:00:00.000000,Japan,Japan,JP,434.55,522.89,20.67,11.74,,true,ESTIMATED_MODE_BREAKDOWN
2025-09-14T14:00:00.000000,Japan,Japan,JP,432.63,520.63,21.02,11.74,,true,ESTIMATED_MODE_BREAKDOWN
2025-09-14T15:00:00.000000,Japan,Japan,JP,428.18,515.52,21.83,11.74,,true,ESTIMATED_MODE_BREAKDOWN
2025-09-14T16:00:00.000000,Japan,Japan,JP,424.64,511.46,22.48,11.75,,true,ESTIMATED_MODE_BREAKDOWN
2025-09-14T17:00:00.000000,Japan,Japan,JP,423.84,510.58,22.62,11.71,,true,ESTIMATED_MODE_BREAKDOWN
2025-09-14T18:00:00.000000,Japan,Japan,JP,423.72,510.55,22.65,11.86,,true,ESTIMATED_MODE_BREAKDOWN
2025-09-14T19:00:00.000000,Japan,Japan,JP,424.34,511.36,22.55,11.92,,true,ESTIMATED_MODE_BREAKDOWN
2025-09-14T20:00:00.000000,Japan,Japan,JP,424.67,511.77,22.5,12.04,,true,ESTIMATED_MODE_BREAKDOWN
2025-09-14T21:00:00.000000,Japan,Japan,JP,404.44,489.19,26.2,15.31,,true,ESTIMATED_MODE_BREAKDOWN
2025-09-14T22:00:00.000000,Japan,Japan,JP,357.42,437.26,34.78,24.76,,true,ESTIMATED_MODE_BREAKDOWN
2025-09-14T23:00:00.000000,Japan,Japan,JP,320.9,397.06,41.42,32.76,,true,ESTIMATED_MODE_BREAKDOWN
2025-09-15T00:00:00.000000,Japan,Japan,JP,296.88,370.52,45.78,37.7,,true,ESTIMATED_MODE_BREAKDOWN
2025-09-15T01:00:00.000000,Japan,Japan,JP,278.04,349.83,49.22,41.74,,true,ESTIMATED_MODE_BREAKDOWN
2025-09-15T02:00:00.000000,Japan,Japan,JP,277.51,349.39,49.31,42.36,,true,ESTIMATED_MODE_BREAKDOWN
2025-09-15T03:00:00.000000,Japan,Japan,JP,279.03,351.1,49.03,42.2,,true,ESTIMATED_MODE_BREAKDOWN
2025-09-15T04:00:00.000000,Japan,Japan,JP,294.91,368.64,46.14,39.23,,true,ESTIMATED_MODE_BREAKDOWN
2025-09-15T05:00:00.000000,Japan,Japan,JP,321.05,397.54,41.37,34.12,,true,ESTIMATED_MODE_BREAKDOWN
2025-09-15T06:00:00.000000,Japan,Japan,JP,359.56,440.25,34.34,27.16,,true,ESTIMATED_MODE_BREAKDOWN
2025-09-15T07:00:00.000000,Japan,Japan,JP,405.39,491.19,26.0,19.21,,true,ESTIMATED_MODE_BREAKDOWN
2025-09-15T08:00:00.000000,Japan,Japan,JP,436.01,525.19,20.43,13.57,,true,ESTIMATED_MODE_BREAKDOWN
2025-09-15T09:00:00.000000,Japan,Japan,JP,444.17,534.2,18.94,11.87,,true,ESTIMATED_MODE_BREAKDOWN
2025-09-15T10:00:00.000000,Japan,Japan,JP,441.92,531.5,19.35,11.78,,true,ESTIMATED_MODE_BREAKDOWN
2025-09-15T11:00:00.000000,Japan,Japan,JP,442.68,532.39,19.22,11.75,,true,ESTIMATED_MODE_BREAKDOWN
2025-09-15T12:00:00.000000,Japan,Japan,JP,440.46,529.8,19.63,11.78,,true,ESTIMATED_MODE_BREAKDOWN
2025-09-15T13:00:00.000000,Japan,Japan,JP,436.91,525.62,20.27,11.8,,true,ESTIMATED_MODE_BREAKDOWN
2025-09-15T14:00:00.000000,Japan,Japan,JP,435.2,523.65,20.58,11.91,,true,ESTIMATED_MODE_BREAKDOWN
2025-09-15T15:00:00.000000,Japan,Japan,JP,430.67,518.42,21.42,11.89,,true,ESTIMATED_MODE_BREAKDOWN
2025-09-15T16:00:00.000000,Japan,Japan,JP,427.94,515.31,21.92,11.89,,true,ESTIMATED_MODE_BREAKDOWN
2025-09-15T17:00:00.000000,Japan,Japan,JP,425.89,512.93,22.29,11.84,,true,ESTIMATED_MODE_BREAKDOWN
2025-09-15T18:00:00.000000,Japan,Japan,JP,426.45,513.66,22.19,11.83,,true,ESTIMATED_MODE_BREAKDOWN
2025-09-15T19:00:00.000000,Japan,Japan,JP,428.13,515.74,21.89,11.92,,true,ESTIMATED_MODE_BREAKDOWN
2025-09-15T20:00:00.000000,Japan,Japan,JP,426.66,514.05,22.16,12.08,,true,ESTIMATED_MODE_BREAKDOWN
2025-09-15T21:00:00.000000,Japan,Japan,JP,408.53,494.05,25.47,15.83,,true,ESTIMATED_MODE_BREAKDOWN
2025-09-15T22:00:00.000000,Japan,Japan,JP,361.5,442.11,34.03,25.3,,true,ESTIMATED_MODE_BREAKDOWN
2025-09-15T23:00:00.000000,Japan,Japan,JP,326.4,403.61,40.42,33.19,,true,ESTIMATED_MODE_BREAKDOWN
2025-09-16T00:00:00.000000,Japan,Japan,JP,303.41,378.3,44.61,38.24,,true,ESTIMATED_MODE_BREAKDOWN
2025-09-16T01:00:00.000000,Japan,Japan,JP,286.51,359.55,47.68,41.39,,true,ESTIMATED_MODE_BREAKDOWN
2025-09-16T02:00:00.000000,Japan,Japan,JP,284.91,357.85,47.97,42.05,,true,ESTIMATED_MODE_BREAKDOWN
2025-09-16T03:00:00.000000,Japan,Japan,JP,285.37,358.38,47.89,42.12,,true,ESTIMATED_MODE_BREAKDOWN
2025-09-16T04:00:00.000000,Japan,Japan,JP,307.0,382.45,43.95,38.38,,true,ESTIMATED_MODE_BREAKDOWN
2025-09-16T05:00:00.000000,Japan,Japan,JP,333.9,412.29,39.05,33.54,,true,ESTIMATED_MODE_BREAKDOWN
2025-09-16T06:00:00.000000,Japan,Japan,JP,371.87,454.42,32.13,26.59,,true,ESTIMATED_MODE_BREAKDOWN
2025-09-16T07:00:00.000000,Japan,Japan,JP,413.36,500.41,24.56,18.96,,true,ESTIMATED_MODE_BREAKDOWN
2025-09-16T08:00:00.000000,Japan,Japan,JP,442.32,532.4,19.28,13.32,,true,ESTIMATED_MODE_BREAKDOWN
2025-09-16T09:00:00.000000,Japan,Japan,JP,449.2,540.02,18.03,11.88,,true,ESTIMATED_MODE_BREAKDOWN
2025-09-16T10:00:00.000000,Japan,Japan,JP,446.9,537.41,18.44,11.97,,true,ESTIMATED_MODE_BREAKDOWN
2025-09-16T11:00:00.000000,Japan,Japan,JP,444.8,534.98,18.83,11.98,,true,ESTIMATED_MODE_BREAKDOWN
2025-09-16T12:00:00.000000,Japan,Japan,JP,442.35,531.99,19.27,11.97,,true,ESTIMATED_MODE_BREAKDOWN
2025-09-16T13:00:00.000000,Japan,Japan,JP,438.55,527.51,19.96,11.95,,true,ESTIMATED_MODE_BREAKDOWN
2025-09-16T14:00:00.000000,Japan,Japan,JP,436.31,524.88,20.37,12.01,,true,ESTIMATED_MODE_BREAKDOWN
2025-09-16T15:00:00.000000,Japan,Japan,JP,433.48,521.64,20.9,12.1,,true,ESTIMATED_MODE_BREAKDOWN
2025-09-16T16:00:00.000000,Japan,Japan,JP,429.92,517.57,21.56,12.2,,true,ESTIMATED_MODE_BREAKDOWN
2025-09-16T17:00:00.000000,Japan,Japan,JP,426.62,513.75,22.15,12.31,,true,ESTIMATED_MODE_BREAKDOWN
2025-09-16T18:00:00.000000,Japan,Japan,JP,425.33,512.23,22.39,12.41,,true,ESTIMATED_MODE_BREAKDOWN
2025-09-16T19:00:00.000000,Japan,Japan,JP,424.62,511.48,22.53,12.42,,true,ESTIMATED_MODE_BREAKDOWN
2025-09-16T20:00:00.000000,Japan,Japan,JP,425.15,512.21,22.43,12.63,,true,ESTIMATED_MODE_BREAKDOWN
2025-09-16T21:00:00.000000,Japan,Japan,JP,412.12,497.99,24.8,15.84,,true,ESTIMATED_MODE_BREAKDOWN
2025-09-16T22:00:00.000000,Japan,Japan,JP,372.9,454.65,31.93,23.8,,true,ESTIMATED_MODE_BREAKDOWN
2025-09-16T23:00:00.000000,Japan,Japan,JP,345.15,424.34,36.99,30.23,,true,ESTIMATED_MODE_BREAKDOWN
2025-09-17T00:00:00.000000,Japan,Japan,JP,329.43,407.15,39.85,33.84,,true,ESTIMATED_MODE_BREAKDOWN
2025-09-17T01:00:00.000000,Japan,Japan,JP,315.83,392.12,42.33,36.54,,true,ESTIMATED_MODE_BREAKDOWN
2025-09-17T02:00:00.000000,Japan,Japan,JP,312.91,388.93,42.86,37.2,,true,ESTIMATED_MODE_BREAKDOWN
2025-09-17T03:00:00.000000,Japan,Japan,JP,311.94,387.72,43.03,37.29,,true,ESTIMATED_MODE_BREAKDOWN
2025-09-17T04:00:00.000000,Japan,Japan,JP,330.01,407.76,39.74,34.15,,true,ESTIMATED_MODE_BREAKDOWN
2025-09-17T05:00:00.000000,Japan,Japan,JP,354.24,434.62,35.32,29.82,,true,ESTIMATED_MODE_BREAKDOWN
2025-09-17T06:00:00.000000,Japan,Japan,JP,384.56,468.26,29.8,24.25,,true,ESTIMATED_MODE_BREAKDOWN
2025-09-17T07:00:00.000000,Japan,Japan,JP,418.75,506.2,23.58,18.02,,true,ESTIMATED_MODE_BREAKDOWN
2025-09-17T08:00:00.000000,Japan,Japan,JP,443.2,533.2,19.12,13.09,,true,ESTIMATED_MODE_BREAKDOWN
2025-09-17T09:00:00.000000,Japan,Japan,JP,448.93,539.59,18.08,12.03,,true,ESTIMATED_MODE_BREAKDOWN
2025-09-17T10:00:00.000000,Japan,Japan,JP,447.51,537.89,18.33,11.96,,true,ESTIMATED_MODE_BREAKDOWN
2025-09-17T11:00:00.000000,Japan,Japan,JP,445.48,535.53,18.69,11.95,,true,ESTIMATED_MODE_BREAKDOWN
2025-09-17T12:00:00.000000,Japan,Japan,JP,443.33,533.03,19.08,11.94,,true,ESTIMATED_MODE_BREAKDOWN
2025-09-17T13:00:00.000000,Japan,Japan,JP,441.18,530.44,19.47,11.93,,true,ESTIMATED_MODE_BREAKDOWN
2025-09-17T14:00:00.000000,Japan,Japan,JP,439.49,528.45,19.78,11.89,,true,ESTIMATED_MODE_BREAKDOWN
2025-09-17T15:00:00.000000,Japan,Japan,JP,432.41,520.35,21.08,11.97,,true,ESTIMATED_MODE_BREAKDOWN
2025-09-17T16:00:00.000000,Japan,Japan,JP,430.54,518.28,21.41,12.11,,true,ESTIMATED_MODE_BREAKDOWN
2025-09-17T17:00:00.000000,Japan,Japan,JP,428.06,515.43,21.87,12.13,,true,ESTIMATED_MODE_BREAKDOWN
2025-09-17T18:00:00.000000,Japan,Japan,JP,426.38,513.49,22.19,12.25,,true,ESTIMATED_MODE_BREAKDOWN
2025-09-17T19:00:00.000000,Japan,Japan,JP,426.84,514.12,22.11,12.27,,true,ESTIMATED_MODE_BREAKDOWN
2025-09-17T20:00:00.000000,Japan,Japan,JP,427.12,514.51,22.06,12.5,,true,ESTIMATED_MODE_BREAKDOWN
2025-09-17T21:00:00.000000,Japan,Japan,JP,413.94,499.8,24.45,15.07,,true,ESTIMATED_MODE_BREAKDOWN
2025-09-17T22:00:00.000000,Japan,Japan,JP,390.99,474.59,28.61,20.22,,true,ESTIMATED_MODE_BREAKDOWN
2025-09-17T23:00:00.000000,Japan,Japan,JP,371.91,453.92,32.1,25.09,,true,ESTIMATED_MODE_BREAKDOWN
2025-09-18T00:00:00.000000,Japan,Japan,JP,361.0,441.85,34.08,27.64,,true,ESTIMATED_MODE_BREAKDOWN
2025-09-18T01:00:00.000000,Japan,Japan,JP,348.71,428.37,36.32,30.32,,true,ESTIMATED_MODE_BREAKDOWN
2025-09-18T02:00:00.000000,Japan,Japan,JP,344.96,424.07,37.0,30.83,,true,ESTIMATED_MODE_BREAKDOWN
2025-09-18T03:00:00.000000,Japan,Japan,JP,342.89,421.71,37.38,31.22,,true,ESTIMATED_MODE_BREAKDOWN
2025-09-18T04:00:00.000000,Japan,Japan,JP,358.45,438.89,34.56,28.37,,true,ESTIMATED_MODE_BREAKDOWN
2025-09-18T05:00:00.000000,Japan,Japan,JP,375.51,457.91,31.45,25.41,,true,ESTIMATED_MODE_BREAKDOWN
2025-09-18T06:00:00.000000,Japan,Japan,JP,396.38,481.07,27.64,21.38,,true,ESTIMATED_MODE_BREAKDOWN
2025-09-18T07:00:00.000000,Japan,Japan,JP,421.37,508.79,23.1,16.56,,true,ESTIMATED_MODE_BREAKDOWN
2025-09-18T08:00:00.000000,Japan,Japan,JP,437.77,526.93,20.12,13.09,,true,ESTIMATED_MODE_BREAKDOWN
2025-09-18T09:00:00.000000,Japan,Japan,JP,444.41,534.39,18.91,12.14,,true,ESTIMATED_MODE_BREAKDOWN
2025-09-18T10:00:00.000000,Japan,Japan,JP,442.5,532.07,19.25,12.1,,true,ESTIMATED_MODE_BREAKDOWN
2025-09-18T11:00:00.000000,Japan,Japan,JP,438.05,526.92,20.05,12.19,,true,ESTIMATED_MODE_BREAKDOWN
2025-09-18T12:00:00.000000,Japan,Japan,JP,437.09,525.85,20.24,12.2,,true,ESTIMATED_MODE_BREAKDOWN
2025-09-18T13:00:00.000000,Japan,Japan,JP,434.51,522.82,20.7,12.23,,true,ESTIMATED_MODE_BREAKDOWN
2025-09-18T14:00:00.000000,Japan,Japan,JP,430.11,517.73,21.5,12.23,,true,ESTIMATED_MODE_BREAKDOWN
2025-09-18T15:00:00.000000,Japan,Japan,JP,427.79,515.07,21.92,12.26,,true,ESTIMATED_MODE_BREAKDOWN
2025-09-18T16:00:00.000000,Japan,Japan,JP,424.06,510.89,22.61,12.37,,true,ESTIMATED_MODE_BREAKDOWN
2025-09-18T17:00:00.000000,Japan,Japan,JP,421.48,507.91,23.08,12.32,,true,ESTIMATED_MODE_BREAKDOWN
2025-09-18T18:00:00.000000,Japan,Japan,JP,421.77,508.29,23.03,12.28,,true,ESTIMATED_MODE_BREAKDOWN
2025-09-18T19:00:00.000000,Japan,Japan,JP,420.7,507.05,23.22,12.23,,true,ESTIMATED_MODE_BREAKDOWN
2025-09-18T20:00:00.000000,Japan,Japan,JP,421.49,508.06,23.09,12.39,,true,ESTIMATED_MODE_BREAKDOWN
2025-09-18T21:00:00.000000,Japan,Japan,JP,410.37,495.92,25.11,15.15,,true,ESTIMATED_MODE_BREAKDOWN
2025-09-18T22:00:00.000000,Japan,Japan,JP,371.23,452.45,32.24,22.58,,true,ESTIMATED_MODE_BREAKDOWN
2025-09-18T23:00:00.000000,Japan,Japan,JP,333.32,410.81,39.15,31.11,,true,ESTIMATED_MODE_BREAKDOWN
2025-09-19T00:00:00.000000,Japan,Japan,JP,308.37,383.24,43.7,36.21,,true,ESTIMATED_MODE_BREAKDOWN
2025-09-19T01:00:00.000000,Japan,Japan,JP,284.72,357.2,48.02,40.78,,true,ESTIMATED_MODE_BREAKDOWN
2025-09-19T02:00:00.000000,Japan,Japan,JP,273.01,344.29,50.14,43.08,,true,ESTIMATED_MODE_BREAKDOWN
2025-09-19T03:00:00.000000,Japan,Japan,JP,267.76,338.36,51.1,43.79,,true,ESTIMATED_MODE_BREAKDOWN
2025-09-19T04:00:00.000000,Japan,Japan,JP,286.63,359.38,47.65,40.7,,true,ESTIMATED_MODE_BREAKDOWN
2025-09-19T05:00:00.000000,Japan,Japan,JP,320.45,396.88,41.49,34.56,,true,ESTIMATED_MODE_BREAKDOWN
2025-09-19T06:00:00.000000,Japan,Japan,JP,363.56,444.66,33.62,26.61,,true,ESTIMATED_MODE_BREAKDOWN
2025-09-19T07:00:00.000000,Japan,Japan,JP,407.69,493.71,25.59,18.62,,true,ESTIMATED_MODE_BREAKDOWN
2025-09-19T08:00:00.000000,Japan,Japan,JP,434.17,523.0,20.76,13.31,,true,ESTIMATED_MODE_BREAKDOWN
2025-09-19T09:00:00.000000,Japan,Japan,JP,439.34,528.68,19.83,12.05,,true,ESTIMATED_MODE_BREAKDOWN
2025-09-19T10:00:00.000000,Japan,Japan,JP,438.89,528.12,19.9,12.08,,true,ESTIMATED_MODE_BREAKDOWN
2025-09-19T11:00:00.000000,Japan,Japan,JP,434.96,523.45,20.61,12.03,,true,ESTIMATED_MODE_BREAKDOWN
2025-09-19T12:00:00.000000,Japan,Japan,JP,432.92,521.08,20.99,11.98,,true,ESTIMATED_MODE_BREAKDOWN
2025-09-19T13:00:00.000000,Japan,Japan,JP,430.47,518.25,21.44,12.01,,true,ESTIMATED_MODE_BREAKDOWN
2025-09-19T14:00:00.000000,Japan,Japan,JP,428.26,515.68,21.84,12.02,,true,ESTIMATED_MODE_BREAKDOWN
2025-09-19T15:00:00.000000,Japan,Japan,JP,425.32,512.28,22.37,11.93,,true,ESTIMATED_MODE_BREAKDOWN
2025-09-19T16:00:00.000000,Japan,Japan,JP,423.25,509.91,22.75,12.04,,true,ESTIMATED_MODE_BREAKDOWN
2025-09-19T17:00:00.000000,Japan,Japan,JP,420.83,507.11,23.19,12.04,,true,ESTIMATED_MODE_BREAKDOWN
2025-09-19T18:00:00.000000,Japan,Japan,JP,420.76,507.07,23.22,11.98,,true,ESTIMATED_MODE_BREAKDOWN
2025-09-19T19:00:00.000000,Japan,Japan,JP,421.07,507.47,23.17,11.94,,true,ESTIMATED_MODE_BREAKDOWN
2025-09-19T20:00:00.000000,Japan,Japan,JP,420.87,507.35,23.21,12.18,,true,ESTIMATED_MODE_BREAKDOWN
2025-09-19T21:00:00.000000,Japan,Japan,JP,408.4,493.32,25.47,14.08,,true,ESTIMATED_MODE_BREAKDOWN
2025-09-19T22:00:00.000000,Japan,Japan,JP,380.45,462.3,30.54,19.49,,true,ESTIMATED_MODE_BREAKDOWN
2025-09-19T23:00:00.000000,Japan,Japan,JP,354.32,433.55,35.29,25.1,,true,ESTIMATED_MODE_BREAKDOWN
2025-09-20T00:00:00.000000,Japan,Japan,JP,331.91,408.82,39.37,29.9,,true,ESTIMATED_MODE_BREAKDOWN
2025-09-20T01:00:00.000000,Japan,Japan,JP,319.02,394.72,41.73,32.85,,true,ESTIMATED_MODE_BREAKDOWN
2025-09-20T02:00:00.000000,Japan,Japan,JP,325.28,401.72,40.6,31.75,,true,ESTIMATED_MODE_BREAKDOWN
2025-09-20T03:00:00.000000,Japan,Japan,JP,340.96,418.95,37.73,28.79,,true,ESTIMATED_MODE_BREAKDOWN
2025-09-20T04:00:00.000000,Japan,Japan,JP,357.46,437.2,34.73,25.78,,true,ESTIMATED_MODE_BREAKDOWN
2025-09-20T05:00:00.000000,Japan,Japan,JP,373.89,455.5,31.77,22.81,,true,ESTIMATED_MODE_BREAKDOWN
2025-09-20T06:00:00.000000,Japan,Japan,JP,391.23,474.69,28.61,19.61,,true,ESTIMATED_MODE_BREAKDOWN
2025-09-20T07:00:00.000000,Japan,Japan,JP,410.89,496.47,25.02,16.01,,true,ESTIMATED_MODE_BREAKDOWN
2025-09-20T08:00:00.000000,Japan,Japan,JP,424.83,511.93,22.47,13.52,,true,ESTIMATED_MODE_BREAKDOWN
2025-09-20T09:00:00.000000,Japan,Japan,JP,428.86,516.37,21.74,12.81,,true,ESTIMATED_MODE_BREAKDOWN
2025-09-20T10:00:00.000000,Japan,Japan,JP,427.37,514.59,22.01,12.83,,true,ESTIMATED_MODE_BREAKDOWN
2025-09-20T11:00:00.000000,Japan,Japan,JP,425.97,512.87,22.27,12.76,,true,ESTIMATED_MODE_BREAKDOWN
2025-09-20T12:00:00.000000,Japan,Japan,JP,422.88,509.29,22.83,12.89,,true,ESTIMATED_MODE_BREAKDOWN
2025-09-20T13:00:00.000000,Japan,Japan,JP,420.57,506.58,23.26,12.89,,true,ESTIMATED_MODE_BREAKDOWN
2025-09-20T14:00:00.000000,Japan,Japan,JP,419.01,504.76,23.54,12.88,,true,ESTIMATED_MODE_BREAKDOWN
2025-09-20T15:00:00.000000,Japan,Japan,JP,416.42,501.82,24.0,12.87,,true,ESTIMATED_MODE_BREAKDOWN
2025-09-20T16:00:00.000000,Japan,Japan,JP,414.02,498.99,24.43,12.76,,true,ESTIMATED_MODE_BREAKDOWN
2025-09-20T17:00:00.000000,Japan,Japan,JP,413.21,498.05,24.58,12.75,,true,ESTIMATED_MODE_BREAKDOWN
2025-09-20T18:00:00.000000,Japan,Japan,JP,416.4,501.91,24.0,12.99,,true,ESTIMATED_MODE_BREAKDOWN
2025-09-20T19:00:00.000000,Japan,Japan,JP,414.44,499.76,24.36,12.94,,true,ESTIMATED_MODE_BREAKDOWN
2025-09-20T20:00:00.000000,Japan,Japan,JP,412.37,497.4,24.75,12.97,,true,ESTIMATED_MODE_BREAKDOWN
2025-09-20T21:00:00.000000,Japan,Japan,JP,395.73,478.96,27.81,16.05,,true,ESTIMATED_MODE_BREAKDOWN
2025-09-20T22:00:00.000000,Japan,Japan,JP,339.09,416.1,38.16,26.33,,true,ESTIMATED_MODE_BREAKDOWN
2025-09-20T23:00:00.000000,Japan,Japan,JP,267.75,337.38,51.17,40.23,,true,ESTIMATED_MODE_BREAKDOWN
2025-09-21T00:00:00.000000,Japan,Japan,JP,224.52,289.76,59.06,49.17,,true,ESTIMATED_MODE_BREAKDOWN
2025-09-21T01:00:00.000000,Japan,Japan,JP,204.26,267.34,62.73,53.22,,true,ESTIMATED_MODE_BREAKDOWN
2025-09-21T02:00:00.000000,Japan,Japan,JP,202.52,265.52,63.03,54.34,,true,ESTIMATED_MODE_BREAKDOWN
2025-09-21T03:00:00.000000,Japan,Japan,JP,223.21,288.47,59.24,50.73,,true,ESTIMATED_MODE_BREAKDOWN
2025-09-21T04:00:00.000000,Japan,Japan,JP,251.29,319.35,54.11,45.19,,true,ESTIMATED_MODE_BREAKDOWN
2025-09-21T05:00:00.000000,Japan,Japan,JP,286.41,358.07,47.72,38.17,,true,ESTIMATED_MODE_BREAKDOWN
2025-09-21T06:00:00.000000,Japan,Japan,JP,329.06,405.27,39.92,30.25,,true,ESTIMATED_MODE_BREAKDOWN
2025-09-21T07:00:00.000000,Japan,Japan,JP,379.3,461.18,30.76,21.4,,true,ESTIMATED_MODE_BREAKDOWN
2025-09-21T08:00:00.000000,Japan,Japan,JP,419.21,505.46,23.48,14.15,,true,ESTIMATED_MODE_BREAKDOWN
2025-09-21T09:00:00.000000,Japan,Japan,JP,428.42,515.78,21.8,12.49,,true,ESTIMATED_MODE_BREAKDOWN
2025-09-21T10:00:00.000000,Japan,Japan,JP,427.35,514.53,22.0,12.38,,true,ESTIMATED_MODE_BREAKDOWN
2025-09-21T11:00:00.000000,Japan,Japan,JP,425.25,512.11,22.38,12.33,,true,ESTIMATED_MODE_BREAKDOWN
2025-09-21T12:00:00.000000,Japan,Japan,JP,423.09,509.58,22.78,12.18,,true,ESTIMATED_MODE_BREAKDOWN
2025-09-21T13:00:00.000000,Japan,Japan,JP,420.0,505.88,23.34,12.17,,true,ESTIMATED_MODE_BREAKDOWN
2025-09-21T14:00:00.000000,Japan,Japan,JP,421.17,507.36,23.15,12.16,,true,ESTIMATED_MODE_BREAKDOWN
2025-09-21T15:00:00.000000,Japan,Japan,JP,415.66,500.98,24.19,12.04,,true,ESTIMATED_MODE_BREAKDOWN
2025-09-21T16:00:00.000000,Japan,Japan,JP,410.03,494.53,25.23,12.08,,true,ESTIMATED_MODE_BREAKDOWN
2025-09-21T17:00:00.000000,Japan,Japan,JP,412.28,497.23,24.82,12.15,,true,ESTIMATED_MODE_BREAKDOWN
2025-09-21T18:00:00.000000,Japan,Japan,JP,413.43,498.52,24.61,12.01,,true,ESTIMATED_MODE_BREAKDOWN
2025-09-21T19:00:00.000000,Japan,Japan,JP,414.55,499.78,24.39,11.94,,true,ESTIMATED_MODE_BREAKDOWN
2025-09-21T20:00:00.000000,Japan,Japan,JP,416.82,502.51,23.95,12.23,,true,ESTIMATED_MODE_BREAKDOWN
2025-09-21T21:00:00.000000,Japan,Japan,JP,391.11,474.03,28.63,16.93,,true,ESTIMATED_MODE_BREAKDOWN
2025-09-21T22:00:00.000000,Japan,Japan,JP,327.83,404.07,40.15,29.33,,true,ESTIMATED_MODE_BREAKDOWN
2025-09-21T23:00:00.000000,Japan,Japan,JP,281.72,353.57,48.59,39.15,,true,ESTIMATED_MODE_BREAKDOWN
2025-09-22T00:00:00.000000,Japan,Japan,JP,253.45,322.39,53.74,45.13,,true,ESTIMATED_MODE_BREAKDOWN
2025-09-22T01:00:00.000000,Japan,Japan,JP,227.45,293.65,58.47,50.2,,true,ESTIMATED_MODE_BREAKDOWN
2025-09-22T02:00:00.000000,Japan,Japan,JP,225.67,291.65,58.77,50.76,,true,ESTIMATED_MODE_BREAKDOWN
2025-09-22T03:00:00.000000,Japan,Japan,JP,237.61,304.74,56.58,48.39,,true,ESTIMATED_MODE_BREAKDOWN
2025-09-22T04:00:00.000000,Japan,Japan,JP,269.3,339.88,50.8,42.78,,true,ESTIMATED_MODE_BREAKDOWN
2025-09-22T05:00:00.000000,Japan,Japan,JP,306.35,380.96,44.04,36.05,,true,ESTIMATED_MODE_BREAKDOWN
2025-09-22T06:00:00.000000,Japan,Japan,JP,349.45,428.66,36.19,28.13,,true,ESTIMATED_MODE_BREAKDOWN
2025-09-22T07:00:00.000000,Japan,Japan,JP,397.75,482.22,27.39,19.32,,true,ESTIMATED_MODE_BREAKDOWN
2025-09-22T08:00:00.000000,Japan,Japan,JP,430.43,518.4,21.44,13.07,,true,ESTIMATED_MODE_BREAKDOWN
2025-09-22T09:00:00.000000,Japan,Japan,JP,435.77,524.32,20.46,11.95,,true,ESTIMATED_MODE_BREAKDOWN
2025-09-22T10:00:00.000000,Japan,Japan,JP,433.45,521.64,20.88,11.91,,true,ESTIMATED_MODE_BREAKDOWN
2025-09-22T11:00:00.000000,Japan,Japan,JP,430.92,518.65,21.33,11.89,,true,ESTIMATED_MODE_BREAKDOWN
2025-09-22T12:00:00.000000,Japan,Japan,JP,428.32,515.62,21.81,11.84,,true,ESTIMATED_MODE_BREAKDOWN
2025-09-22T13:00:00.000000,Japan,Japan,JP,426.7,513.74,22.12,11.79,,true,ESTIMATED_MODE_BREAKDOWN
2025-09-22T14:00:00.000000,Japan,Japan,JP,424.93,511.73,22.45,11.81,,true,ESTIMATED_MODE_BREAKDOWN
2025-09-22T15:00:00.000000,Japan,Japan,JP,421.36,507.44,23.1,11.67,,true,ESTIMATED_MODE_BREAKDOWN
2025-09-22T16:00:00.000000,Japan,Japan,JP,417.9,503.47,23.72,11.7,,true,ESTIMATED_MODE_BREAKDOWN
2025-09-22T17:00:00.000000,Japan,Japan,JP,417.23,502.72,23.84,11.7,,true,ESTIMATED_MODE_BREAKDOWN
2025-09-22T18:00:00.000000,Japan,Japan,JP,418.12,503.84,23.68,11.75,,true,ESTIMATED_MODE_BREAKDOWN
2025-09-22T19:00:00.000000,Japan,Japan,JP,419.21,505.27,23.49,11.83,,true,ESTIMATED_MODE_BREAKDOWN
2025-09-22T20:00:00.000000,Japan,Japan,JP,419.53,505.76,23.45,11.99,,true,ESTIMATED_MODE_BREAKDOWN
2025-09-22T21:00:00.000000,Japan,Japan,JP,400.74,484.84,26.88,15.25,,true,ESTIMATED_MODE_BREAKDOWN
2025-09-22T22:00:00.000000,Japan,Japan,JP,349.01,427.67,36.31,25.02,,true,ESTIMATED_MODE_BREAKDOWN
2025-09-22T23:00:00.000000,Japan,Japan,JP,305.1,379.46,44.33,34.14,,true,ESTIMATED_MODE_BREAKDOWN
2025-09-23T00:00:00.000000,Japan,Japan,JP,286.89,359.43,47.64,38.25,,true,ESTIMATED_MODE_BREAKDOWN
2025-09-23T01:00:00.000000,Japan,Japan,JP,279.01,350.66,49.07,39.96,,true,ESTIMATED_MODE_BREAKDOWN
2025-09-23T02:00:00.000000,Japan,Japan,JP,281.51,353.42,48.62,39.59,,true,ESTIMATED_MODE_BREAKDOWN
2025-09-23T03:00:00.000000,Japan,Japan,JP,283.64,355.66,48.23,38.93,,true,ESTIMATED_MODE_BREAKDOWN
2025-09-23T04:00:00.000000,Japan,Japan,JP,295.55,369.0,46.06,37.0,,true,ESTIMATED_MODE_BREAKDOWN
2025-09-23T05:00:00.000000,Japan,Japan,JP,315.64,391.3,42.4,33.43,,true,ESTIMATED_MODE_BREAKDOWN
2025-09-23T06:00:00.000000,Japan,Japan,JP,349.28,428.55,36.24,27.34,,true,ESTIMATED_MODE_BREAKDOWN
2025-09-23T07:00:00.000000,Japan,Japan,JP,396.54,480.81,27.61,18.75,,true,ESTIMATED_MODE_BREAKDOWN
2025-09-23T08:00:00.000000,Japan,Japan,JP,428.58,516.19,21.77,12.87,,true,ESTIMATED_MODE_BREAKDOWN
2025-09-23T09:00:00.000000,Japan,Japan,JP,433.98,522.23,20.79,11.91,,true,ESTIMATED_MODE_BREAKDOWN
2025-09-23T10:00:00.000000,Japan,Japan,JP,432.36,520.38,21.08,11.89,,true,ESTIMATED_MODE_BREAKDOWN
2025-09-23T11:00:00.000000,Japan,Japan,JP,430.29,517.91,21.45,11.89,,true,ESTIMATED_MODE_BREAKDOWN
2025-09-23T12:00:00.000000,Japan,Japan,JP,428.18,515.39,21.83,11.83,,true,ESTIMATED_MODE_BREAKDOWN
2025-09-23T13:00:00.000000,Japan,Japan,JP,426.05,512.94,22.23,11.78,,true,ESTIMATED_MODE_BREAKDOWN
2025-09-23T14:00:00.000000,Japan,Japan,JP,424.22,510.82,22.56,11.77,,true,ESTIMATED_MODE_BREAKDOWN
2025-09-23T15:00:00.000000,Japan,Japan,JP,421.61,507.96,23.05,11.89,,true,ESTIMATED_MODE_BREAKDOWN
2025-09-23T16:00:00.000000,Japan,Japan,JP,416.02,501.51,24.07,11.85,,true,ESTIMATED_MODE_BREAKDOWN
2025-09-23T17:00:00.000000,Japan,Japan,JP,417.13,502.76,23.87,11.87,,true,ESTIMATED_MODE_BREAKDOWN
2025-09-23T18:00:00.000000,Japan,Japan,JP,419.63,505.72,23.42,11.94,,true,ESTIMATED_MODE_BREAKDOWN
2025-09-23T19:00:00.000000,Japan,Japan,JP,418.83,504.84,23.56,11.92,,true,ESTIMATED_MODE_BREAKDOWN
2025-09-23T20:00:00.000000,Japan,Japan,JP,419.84,506.07,23.39,12.09,,true,ESTIMATED_MODE_BREAKDOWN
2025-09-23T21:00:00.000000,Japan,Japan,JP,398.95,483.01,27.2,16.09,,true,ESTIMATED_MODE_BREAKDOWN
2025-09-23T22:00:00.000000,Japan,Japan,JP,346.16,424.77,36.83,26.45,,true,ESTIMATED_MODE_BREAKDOWN
2025-09-23T23:00:00.000000,Japan,Japan,JP,305.01,379.58,44.33,35.22,,true,ESTIMATED_MODE_BREAKDOWN
2025-09-24T00:00:00.000000,Japan,Japan,JP,279.72,351.66,48.93,40.65,,true,ESTIMATED_MODE_BREAKDOWN
2025-09-24T01:00:00.000000,Japan,Japan,JP,264.1,334.46,51.77,43.76,,true,ESTIMATED_MODE_BREAKDOWN
2025-09-24T02:00:00.000000,Japan,Japan,JP,263.61,333.92,51.85,44.03,,true,ESTIMATED_MODE_BREAKDOWN
2025-09-24T03:00:00.000000,Japan,Japan,JP,270.64,341.56,50.57,42.49,,true,ESTIMATED_MODE_BREAKDOWN
2025-09-24T04:00:00.000000,Japan,Japan,JP,302.96,377.45,44.68,36.89,,true,ESTIMATED_MODE_BREAKDOWN
2025-09-24T05:00:00.000000,Japan,Japan,JP,330.8,408.28,39.6,31.84,,true,ESTIMATED_MODE_BREAKDOWN
2025-09-24T06:00:00.000000,Japan,Japan,JP,370.47,452.25,32.38,24.58,,true,ESTIMATED_MODE_BREAKDOWN
2025-09-24T07:00:00.000000,Japan,Japan,JP,409.49,495.39,25.26,17.41,,true,ESTIMATED_MODE_BREAKDOWN
2025-09-24T08:00:00.000000,Japan,Japan,JP,432.85,521.22,21.0,12.86,,true,ESTIMATED_MODE_BREAKDOWN
2025-09-24T09:00:00.000000,Japan,Japan,JP,436.09,524.81,20.42,12.13,,true,ESTIMATED_MODE_BREAKDOWN
2025-09-24T10:00:00.000000,Japan,Japan,JP,434.06,522.4,20.78,12.08,,true,ESTIMATED_MODE_BREAKDOWN
2025-09-24T11:00:00.000000,Japan,Japan,JP,430.86,518.69,21.36,12.22,,true,ESTIMATED_MODE_BREAKDOWN
2025-09-24T12:00:00.000000,Japan,Japan,JP,427.89,515.2,21.9,12.26,,true,ESTIMATED_MODE_BREAKDOWN
2025-09-24T13:00:00.000000,Japan,Japan,JP,425.78,512.73,22.29,12.24,,true,ESTIMATED_MODE_BREAKDOWN
2025-09-24T14:00:00.000000,Japan,Japan,JP,423.9,510.53,22.64,12.29,,true,ESTIMATED_MODE_BREAKDOWN
2025-09-24T15:00:00.000000,Japan,Japan,JP,417.61,503.36,23.79,12.49,,true,ESTIMATED_MODE_BREAKDOWN
2025-09-24T16:00:00.000000,Japan,Japan,JP,414.3,499.58,24.4,12.61,,true,ESTIMATED_MODE_BREAKDOWN
2025-09-24T17:00:00.000000,Japan,Japan,JP,413.27,498.39,24.58,12.68,,true,ESTIMATED_MODE_BREAKDOWN
2025-09-24T18:00:00.000000,Japan,Japan,JP,414.42,499.73,24.38,12.72,,true,ESTIMATED_MODE_BREAKDOWN
2025-09-24T19:00:00.000000,Japan,Japan,JP,416.0,501.57,24.09,12.69,,true,ESTIMATED_MODE_BREAKDOWN
2025-09-24T20:00:00.000000,Japan,Japan,JP,417.27,503.06,23.86,12.78,,true,ESTIMATED_MODE_BREAKDOWN
2025-09-24T21:00:00.000000,Japan,Japan,JP,403.11,487.46,26.44,15.56,,true,ESTIMATED_MODE_BREAKDOWN
2025-09-24T22:00:00.000000,Japan,Japan,JP,370.6,451.76,32.37,22.34,,true,ESTIMATED_MODE_BREAKDOWN
2025-09-24T23:00:00.000000,Japan,Japan,JP,344.84,423.69,37.07,28.29,,true,ESTIMATED_MODE_BREAKDOWN
2025-09-25T00:00:00.000000,Japan,Japan,JP,326.95,404.12,40.34,32.36,,true,ESTIMATED_MODE_BREAKDOWN
2025-09-25T01:00:00.000000,Japan,Japan,JP,315.02,390.96,42.51,34.79,,true,ESTIMATED_MODE_BREAKDOWN
2025-09-25T02:00:00.000000,Japan,Japan,JP,311.1,386.54,43.22,35.6,,true,ESTIMATED_MODE_BREAKDOWN
2025-09-25T03:00:00.000000,Japan,Japan,JP,317.47,393.51,42.06,34.17,,true,ESTIMATED_MODE_BREAKDOWN
2025-09-25T04:00:00.000000,Japan,Japan,JP,338.14,416.44,38.3,30.67,,true,ESTIMATED_MODE_BREAKDOWN
2025-09-25T05:00:00.000000,Japan,Japan,JP,364.66,445.78,33.45,25.89,,true,ESTIMATED_MODE_BREAKDOWN
2025-09-25T06:00:00.000000,Japan,Japan,JP,394.25,478.54,28.05,20.38,,true,ESTIMATED_MODE_BREAKDOWN
2025-09-25T07:00:00.000000,Japan,Japan,JP,418.46,505.25,23.62,15.9,,true,ESTIMATED_MODE_BREAKDOWN
2025-09-25T08:00:00.000000,Japan,Japan,JP,434.21,522.66,20.75,12.78,,true,ESTIMATED_MODE_BREAKDOWN
2025-09-25T09:00:00.000000,Japan,Japan,JP,436.56,525.3,20.32,12.23,,true,ESTIMATED_MODE_BREAKDOWN
2025-09-25T10:00:00.000000,Japan,Japan,JP,434.76,523.16,20.64,12.17,,true,ESTIMATED_MODE_BREAKDOWN
2025-09-25T11:00:00.000000,Japan,Japan,JP,432.79,520.82,21.01,12.1,,true,ESTIMATED_MODE_BREAKDOWN
2025-09-25T12:00:00.000000,Japan,Japan,JP,430.02,517.55,21.52,12.12,,true,ESTIMATED_MODE_BREAKDOWN
2025-09-25T13:00:00.000000,Japan,Japan,JP,427.64,514.82,21.95,12.12,,true,ESTIMATED_MODE_BREAKDOWN
2025-09-25T14:00:00.000000,Japan,Japan,JP,425.99,512.88,22.25,12.06,,true,ESTIMATED_MODE_BREAKDOWN
2025-09-25T15:00:00.000000,Japan,Japan,JP,423.56,510.16,22.69,12.22,,true,ESTIMATED_MODE_BREAKDOWN
2025-09-25T16:00:00.000000,Japan,Japan,JP,417.97,503.75,23.72,12.11,,true,ESTIMATED_MODE_BREAKDOWN
2025-09-25T17:00:00.000000,Japan,Japan,JP,418.67,504.62,23.59,12.14,,true,ESTIMATED_MODE_BREAKDOWN
2025-09-25T18:00:00.000000,Japan,Japan,JP,419.6,505.73,23.42,12.14,,true,ESTIMATED_MODE_BREAKDOWN
2025-09-25T19:00:00.000000,Japan,Japan,JP,419.66,505.83,23.41,12.14,,true,ESTIMATED_MODE_BREAKDOWN
2025-09-25T20:00:00.000000,Japan,Japan,JP,420.86,507.25,23.21,12.2,,true,ESTIMATED_MODE_BREAKDOWN
2025-09-25T21:00:00.000000,Japan,Japan,JP,402.23,486.69,26.6,15.87,,true,ESTIMATED_MODE_BREAKDOWN
2025-09-25T22:00:00.000000,Japan,Japan,JP,348.86,427.81,36.32,26.42,,true,ESTIMATED_MODE_BREAKDOWN
2025-09-25T23:00:00.000000,Japan,Japan,JP,310.61,385.82,43.29,34.81,,true,ESTIMATED_MODE_BREAKDOWN
2025-09-26T00:00:00.000000,Japan,Japan,JP,293.57,367.13,46.39,38.82,,true,ESTIMATED_MODE_BREAKDOWN
2025-09-26T01:00:00.000000,Japan,Japan,JP,282.59,355.06,48.4,41.23,,true,ESTIMATED_MODE_BREAKDOWN
2025-09-26T02:00:00.000000,Japan,Japan,JP,276.43,348.21,49.53,42.39,,true,ESTIMATED_MODE_BREAKDOWN
2025-09-26T03:00:00.000000,Japan,Japan,JP,274.42,345.89,49.89,42.67,,true,ESTIMATED_MODE_BREAKDOWN
2025-09-26T04:00:00.000000,Japan,Japan,JP,300.13,374.43,45.2,38.23,,true,ESTIMATED_MODE_BREAKDOWN
2025-09-26T05:00:00.000000,Japan,Japan,JP,330.29,407.89,39.7,32.89,,true,ESTIMATED_MODE_BREAKDOWN
2025-09-26T06:00:00.000000,Japan,Japan,JP,369.06,450.83,32.63,25.92,,true,ESTIMATED_MODE_BREAKDOWN
2025-09-26T07:00:00.000000,Japan,Japan,JP,409.89,495.98,25.18,18.07,,true,ESTIMATED_MODE_BREAKDOWN
2025-09-26T08:00:00.000000,Japan,Japan,JP,436.95,525.91,20.26,12.73,,true,ESTIMATED_MODE_BREAKDOWN
2025-09-26T09:00:00.000000,Japan,Japan,JP,440.79,530.12,19.56,11.8,,true,ESTIMATED_MODE_BREAKDOWN
2025-09-26T10:00:00.000000,Japan,Japan,JP,438.44,527.38,19.99,11.82,,true,ESTIMATED_MODE_BREAKDOWN
2025-09-26T11:00:00.000000,Japan,Japan,JP,436.14,524.67,20.41,11.76,,true,ESTIMATED_MODE_BREAKDOWN
2025-09-26T12:00:00.000000,Japan,Japan,JP,434.92,523.26,20.63,11.88,,true,ESTIMATED_MODE_BREAKDOWN
2025-09-26T13:00:00.000000,Japan,Japan,JP,433.73,521.85,20.85,11.83,,true,ESTIMATED_MODE_BREAKDOWN
2025-09-26T14:00:00.000000,Japan,Japan,JP,429.85,517.31,21.55,11.75,,true,ESTIMATED_MODE_BREAKDOWN
2025-09-26T15:00:00.000000,Japan,Japan,JP,422.46,508.85,22.9,12.03,,true,ESTIMATED_MODE_BREAKDOWN
2025-09-26T16:00:00.000000,Japan,Japan,JP,418.31,504.04,23.65,12.11,,true,ESTIMATED_MODE_BREAKDOWN
2025-09-26T17:00:00.000000,Japan,Japan,JP,416.8,502.34,23.92,12.18,,true,ESTIMATED_MODE_BREAKDOWN
2025-09-26T18:00:00.000000,Japan,Japan,JP,417.17,502.83,23.86,12.17,,true,ESTIMATED_MODE_BREAKDOWN
2025-09-26T19:00:00.000000,Japan,Japan,JP,418.12,503.95,23.69,12.13,,true,ESTIMATED_MODE_BREAKDOWN
2025-09-26T20:00:00.000000,Japan,Japan,JP,419.84,506.02,23.39,12.16,,true,ESTIMATED_MODE_BREAKDOWN
2025-09-26T21:00:00.000000,Japan,Japan,JP,398.59,482.25,27.27,15.44,,true,ESTIMATED_MODE_BREAKDOWN
2025-09-26T22:00:00.000000,Japan,Japan,JP,339.85,417.29,37.99,26.6,,true,ESTIMATED_MODE_BREAKDOWN
2025-09-26T23:00:00.000000,Japan,Japan,JP,284.93,356.75,48.05,37.34,,true,ESTIMATED_MODE_BREAKDOWN
2025-09-27T00:00:00.000000,Japan,Japan,JP,254.92,323.59,53.5,43.51,,true,ESTIMATED_MODE_BREAKDOWN
2025-09-27T01:00:00.000000,Japan,Japan,JP,226.21,291.94,58.7,49.15,,true,ESTIMATED_MODE_BREAKDOWN
2025-09-27T02:00:00.000000,Japan,Japan,JP,219.98,285.23,59.83,50.86,,true,ESTIMATED_MODE_BREAKDOWN
2025-09-27T03:00:00.000000,Japan,Japan,JP,223.39,288.95,59.21,49.91,,true,ESTIMATED_MODE_BREAKDOWN
2025-09-27T04:00:00.000000,Japan,Japan,JP,243.51,311.37,55.56,46.39,,true,ESTIMATED_MODE_BREAKDOWN
2025-09-27T05:00:00.000000,Japan,Japan,JP,278.79,350.41,49.1,40.22,,true,ESTIMATED_MODE_BREAKDOWN
2025-09-27T06:00:00.000000,Japan,Japan,JP,326.11,402.66,40.45,31.19,,true,ESTIMATED_MODE_BREAKDOWN
2025-09-27T07:00:00.000000,Japan,Japan,JP,385.84,468.8,29.57,20.31,,true,ESTIMATED_MODE_BREAKDOWN
2025-09-27T08:00:00.000000,Japan,Japan,JP,425.69,512.96,22.31,12.95,,true,ESTIMATED_MODE_BREAKDOWN
2025-09-27T09:00:00.000000,Japan,Japan,JP,431.26,519.2,21.31,11.91,,true,ESTIMATED_MODE_BREAKDOWN
2025-09-27T10:00:00.000000,Japan,Japan,JP,430.2,517.89,21.49,11.75,,true,ESTIMATED_MODE_BREAKDOWN
2025-09-27T11:00:00.000000,Japan,Japan,JP,427.95,515.3,21.9,11.69,,true,ESTIMATED_MODE_BREAKDOWN
2025-09-27T12:00:00.000000,Japan,Japan,JP,428.44,515.83,21.8,11.7,,true,ESTIMATED_MODE_BREAKDOWN
2025-09-27T13:00:00.000000,Japan,Japan,JP,423.26,509.85,22.75,11.69,,true,ESTIMATED_MODE_BREAKDOWN
2025-09-27T14:00:00.000000,Japan,Japan,JP,422.1,508.55,22.98,11.61,,true,ESTIMATED_MODE_BREAKDOWN
2025-09-27T15:00:00.000000,Japan,Japan,JP,418.55,504.28,23.65,11.42,,true,ESTIMATED_MODE_BREAKDOWN
2025-09-27T16:00:00.000000,Japan,Japan,JP,413.36,498.17,24.54,11.41,,true,ESTIMATED_MODE_BREAKDOWN
2025-09-27T17:00:00.000000,Japan,Japan,JP,412.51,497.18,24.69,11.44,,true,ESTIMATED_MODE_BREAKDOWN
2025-09-27T18:00:00.000000,Japan,Japan,JP,415.16,500.31,24.21,11.54,,true,ESTIMATED_MODE_BREAKDOWN
2025-09-27T19:00:00.000000,Japan,Japan,JP,416.9,502.52,23.91,11.58,,true,ESTIMATED_MODE_BREAKDOWN
2025-09-27T20:00:00.000000,Japan,Japan,JP,418.93,504.99,23.56,11.6,,true,ESTIMATED_MODE_BREAKDOWN
2025-09-27T21:00:00.000000,Japan,Japan,JP,394.56,477.99,28.05,15.6,,true,ESTIMATED_MODE_BREAKDOWN
2025-09-27T22:00:00.000000,Japan,Japan,JP,334.89,411.96,38.94,27.0,,true,ESTIMATED_MODE_BREAKDOWN
2025-09-27T23:00:00.000000,Japan,Japan,JP,283.48,355.18,48.31,37.14,,true,ESTIMATED_MODE_BREAKDOWN
2025-09-28T00:00:00.000000,Japan,Japan,JP,253.48,321.88,53.75,43.15,,true,ESTIMATED_MODE_BREAKDOWN
2025-09-28T01:00:00.000000,Japan,Japan,JP,241.23,308.48,55.99,45.92,,true,ESTIMATED_MODE_BREAKDOWN
2025-09-28T02:00:00.000000,Japan,Japan,JP,241.48,309.0,55.96,46.41,,true,ESTIMATED_MODE_BREAKDOWN
2025-09-28T03:00:00.000000,Japan,Japan,JP,245.46,313.42,55.24,45.67,,true,ESTIMATED_MODE_BREAKDOWN
2025-09-28T04:00:00.000000,Japan,Japan,JP,269.23,339.91,50.92,41.7,,true,ESTIMATED_MODE_BREAKDOWN
2025-09-28T05:00:00.000000,Japan,Japan,JP,306.39,381.02,44.11,34.97,,true,ESTIMATED_MODE_BREAKDOWN
2025-09-28T06:00:00.000000,Japan,Japan,JP,354.92,434.48,35.2,25.61,,true,ESTIMATED_MODE_BREAKDOWN
2025-09-28T07:00:00.000000,Japan,Japan,JP,400.45,484.78,26.88,17.2,,true,ESTIMATED_MODE_BREAKDOWN
2025-09-28T08:00:00.000000,Japan,Japan,JP,430.78,518.64,21.36,12.43,,true,ESTIMATED_MODE_BREAKDOWN
2025-09-28T09:00:00.000000,Japan,Japan,JP,433.2,521.25,20.93,11.63,,true,ESTIMATED_MODE_BREAKDOWN
2025-09-28T10:00:00.000000,Japan,Japan,JP,432.34,520.21,21.09,11.61,,true,ESTIMATED_MODE_BREAKDOWN
2025-09-28T11:00:00.000000,Japan,Japan,JP,432.79,520.78,21.01,11.7,,true,ESTIMATED_MODE_BREAKDOWN
2025-09-28T12:00:00.000000,Japan,Japan,JP,429.61,517.04,21.58,11.76,,true,ESTIMATED_MODE_BREAKDOWN
2025-09-28T13:00:00.000000,Japan,Japan,JP,425.75,512.62,22.28,11.8,,true,ESTIMATED_MODE_BREAKDOWN
2025-09-28T14:00:00.000000,Japan,Japan,JP,423.13,509.55,22.75,11.89,,true,ESTIMATED_MODE_BREAKDOWN
2025-09-28T15:00:00.000000,Japan,Japan,JP,415.76,500.98,24.11,12.01,,true,ESTIMATED_MODE_BREAKDOWN
2025-09-28T16:00:00.000000,Japan,Japan,JP,412.17,496.9,24.77,12.13,,true,ESTIMATED_MODE_BREAKDOWN
2025-09-28T17:00:00.000000,Japan,Japan,JP,411.68,496.35,24.87,12.21,,true,ESTIMATED_MODE_BREAKDOWN
2025-09-28T18:00:00.000000,Japan,Japan,JP,413.65,498.67,24.51,12.23,,true,ESTIMATED_MODE_BREAKDOWN
2025-09-28T19:00:00.000000,Japan,Japan,JP,415.25,500.61,24.22,12.28,,true,ESTIMATED_MODE_BREAKDOWN
2025-09-28T20:00:00.000000,Japan,Japan,JP,419.71,505.8,23.41,12.37,,true,ESTIMATED_MODE_BREAKDOWN
2025-09-28T21:00:00.000000,Japan,Japan,JP,411.9,497.17,24.84,13.91,,true,ESTIMATED_MODE_BREAKDOWN
2025-09-28T22:00:00.000000,Japan,Japan,JP,391.61,474.94,28.53,18.76,,true,ESTIMATED_MODE_BREAKDOWN
2025-09-28T23:00:00.000000,Japan,Japan,JP,371.24,452.86,32.26,23.81,,true,ESTIMATED_MODE_BREAKDOWN
2025-09-29T00:00:00.000000,Japan,Japan,JP,352.3,431.89,35.68,27.78,,true,ESTIMATED_MODE_BREAKDOWN
2025-09-29T01:00:00.000000,Japan,Japan,JP,333.0,410.53,39.17,31.7,,true,ESTIMATED_MODE_BREAKDOWN
2025-09-29T02:00:00.000000,Japan,Japan,JP,318.52,394.4,41.82,34.23,,true,ESTIMATED_MODE_BREAKDOWN
2025-09-29T03:00:00.000000,Japan,Japan,JP,311.08,385.93,43.18,35.26,,true,ESTIMATED_MODE_BREAKDOWN
2025-09-29T04:00:00.000000,Japan,Japan,JP,325.92,402.48,40.46,32.91,,true,ESTIMATED_MODE_BREAKDOWN
2025-09-29T05:00:00.000000,Japan,Japan,JP,345.67,424.28,36.84,29.38,,true,ESTIMATED_MODE_BREAKDOWN
2025-09-29T06:00:00.000000,Japan,Japan,JP,372.65,454.26,31.92,24.6,,true,ESTIMATED_MODE_BREAKDOWN
2025-09-29T07:00:00.000000,Japan,Japan,JP,410.19,495.9,25.08,17.82,,true,ESTIMATED_MODE_BREAKDOWN
2025-09-29T08:00:00.000000,Japan,Japan,JP,434.15,522.29,20.72,12.82,,true,ESTIMATED_MODE_BREAKDOWN
2025-09-29T09:00:00.000000,Japan,Japan,JP,437.62,526.17,20.08,12.1,,true,ESTIMATED_MODE_BREAKDOWN
2025-09-29T10:00:00.000000,Japan,Japan,JP,436.42,524.79,20.29,12.08,,true,ESTIMATED_MODE_BREAKDOWN
2025-09-29T11:00:00.000000,Japan,Japan,JP,432.71,520.48,20.97,12.08,,true,ESTIMATED_MODE_BREAKDOWN
2025-09-29T12:00:00.000000,Japan,Japan,JP,429.28,516.42,21.59,11.95,,true,ESTIMATED_MODE_BREAKDOWN
2025-09-29T13:00:00.000000,Japan,Japan,JP,426.98,513.66,22.0,11.87,,true,ESTIMATED_MODE_BREAKDOWN
2025-09-29T14:00:00.000000,Japan,Japan,JP,426.31,512.93,22.12,11.93,,true,ESTIMATED_MODE_BREAKDOWN
2025-09-29T15:00:00.000000,Japan,Japan,JP,420.95,506.76,23.1,11.94,,true,ESTIMATED_MODE_BREAKDOWN
2025-09-29T16:00:00.000000,Japan,Japan,JP,416.11,501.27,23.98,11.93,,true,ESTIMATED_MODE_BREAKDOWN
2025-09-29T17:00:00.000000,Japan,Japan,JP,415.19,500.26,24.14,11.96,,true,ESTIMATED_MODE_BREAKDOWN
2025-09-29T18:00:00.000000,Japan,Japan,JP,418.03,503.63,23.63,11.9,,true,ESTIMATED_MODE_BREAKDOWN
2025-09-29T19:00:00.000000,Japan,Japan,JP,418.95,504.7,23.47,11.82,,true,ESTIMATED_MODE_BREAKDOWN
2025-09-29T20:00:00.000000,Japan,Japan,JP,422.07,508.39,22.91,11.86,,true,ESTIMATED_MODE_BREAKDOWN
2025-09-29T21:00:00.000000,Japan,Japan,JP,403.5,487.8,26.3,15.3,,true,ESTIMATED_MODE_BREAKDOWN
2025-09-29T22:00:00.000000,Japan,Japan,JP,342.53,420.29,37.41,26.84,,true,ESTIMATED_MODE_BREAKDOWN
2025-09-29T23:00:00.000000,Japan,Japan,JP,289.86,362.29,47.03,37.58,,true,ESTIMATED_MODE_BREAKDOWN
2025-09-30T00:00:00.000000,Japan,Japan,JP,255.33,324.23,53.34,44.68,,true,ESTIMATED_MODE_BREAKDOWN
2025-09-30T01:00:00.000000,Japan,Japan,JP,232.3,298.82,57.53,49.42,,true,ESTIMATED_MODE_BREAKDOWN
2025-09-30T02:00:00.000000,Japan,Japan,JP,225.95,291.88,58.69,50.82,,true,ESTIMATED_MODE_BREAKDOWN
2025-09-30T03:00:00.000000,Japan,Japan,JP,230.25,296.61,57.9,49.87,,true,ESTIMATED_MODE_BREAKDOWN
2025-09-30T04:00:00.000000,Japan,Japan,JP,256.41,325.57,53.12,45.2,,true,ESTIMATED_MODE_BREAKDOWN
2025-09-30T05:00:00.000000,Japan,Japan,JP,296.72,370.25,45.77,37.85,,true,ESTIMATED_MODE_BREAKDOWN
2025-09-30T06:00:00.000000,Japan,Japan,JP,348.42,427.55,36.34,28.42,,true,ESTIMATED_MODE_BREAKDOWN
2025-09-30T07:00:00.000000,Japan,Japan,JP,405.15,490.4,25.99,17.99,,true,ESTIMATED_MODE_BREAKDOWN
2025-09-30T08:00:00.000000,Japan,Japan,JP,435.61,524.07,20.44,12.14,,true,ESTIMATED_MODE_BREAKDOWN
2025-09-30T09:00:00.000000,Japan,Japan,JP,437.81,526.45,20.04,11.58,,true,ESTIMATED_MODE_BREAKDOWN
2025-09-30T10:00:00.000000,Japan,Japan,JP,435.52,523.78,20.45,11.57,,true,ESTIMATED_MODE_BREAKDOWN
2025-09-30T11:00:00.000000,Japan,Japan,JP,433.16,521.02,20.88,11.57,,true,ESTIMATED_MODE_BREAKDOWN
2025-09-30T12:00:00.000000,Japan,Japan,JP,430.48,517.87,21.37,11.56,,true,ESTIMATED_MODE_BREAKDOWN
2025-09-30T13:00:00.000000,Japan,Japan,JP,428.69,515.71,21.69,11.46,,true,ESTIMATED_MODE_BREAKDOWN
2025-09-30T14:00:00.000000,Japan,Japan,JP,427.1,513.84,21.98,11.44,,true,ESTIMATED_MODE_BREAKDOWN
2025-09-30T15:00:00.000000,Japan,Japan,JP,422.26,508.15,22.87,11.45,,true,ESTIMATED_MODE_BREAKDOWN
2025-09-30T16:00:00.000000,Japan,Japan,JP,419.72,505.27,23.33,11.61,,true,ESTIMATED_MODE_BREAKDOWN
2025-09-30T17:00:00.000000,Japan,Japan,JP,418.46,503.82,23.56,11.61,,true,ESTIMATED_MODE_BREAKDOWN
2025-09-30T18:00:00.000000,Japan,Japan,JP,419.31,504.91,23.41,11.62,,true,ESTIMATED_MODE_BREAKDOWN
2025-09-30T19:00:00.000000,Japan,Japan,JP,420.17,506.03,23.27,11.65,,true,ESTIMATED_MODE_BREAKDOWN
2025-09-30T20:00:00.000000,Japan,Japan,JP,421.81,508.03,22.98,11.68,,true,ESTIMATED_MODE_BREAKDOWN
2025-09-30T21:00:00.000000,Japan,Japan,JP,416.37,502.17,23.96,13.4,,true,ESTIMATED_MODE_BREAKDOWN
2025-09-30T22:00:00.000000,Japan,Japan,JP,385.12,467.35,29.64,19.33,,true,ESTIMATED_MODE_BREAKDOWN
2025-09-30T23:00:00.000000,Japan,Japan,JP,356.2,435.62,34.91,25.97,,true,ESTIMATED_MODE_BREAKDOWN
2025-10-01T00:00:00.000000,Japan,Japan,JP,339.0,416.79,38.04,30.15,,true,ESTIMATED_MODE_BREAKDOWN
2025-10-01T01:00:00.000000,Japan,Japan,JP,322.12,398.04,41.11,33.12,,true,ESTIMATED_MODE_BREAKDOWN
2025-10-01T02:00:00.000000,Japan,Japan,JP,309.98,384.62,43.33,35.31,,true,ESTIMATED_MODE_BREAKDOWN
2025-10-01T03:00:00.000000,Japan,Japan,JP,304.14,378.08,44.4,36.09,,true,ESTIMATED_MODE_BREAKDOWN
2025-10-01T04:00:00.000000,Japan,Japan,JP,323.66,399.81,40.85,32.75,,true,ESTIMATED_MODE_BREAKDOWN
2025-10-01T05:00:00.000000,Japan,Japan,JP,340.67,418.74,37.75,29.7,,true,ESTIMATED_MODE_BREAKDOWN
2025-10-01T06:00:00.000000,Japan,Japan,JP,369.97,451.32,32.41,24.34,,true,ESTIMATED_MODE_BREAKDOWN
2025-10-01T07:00:00.000000,Japan,Japan,JP,407.82,493.34,25.52,17.4,,true,ESTIMATED_MODE_BREAKDOWN
2025-10-01T08:00:00.000000,Japan,Japan,JP,433.57,521.88,20.83,12.41,,true,ESTIMATED_MODE_BREAKDOWN
2025-10-01T09:00:00.000000,Japan,Japan,JP,436.94,525.64,20.21,11.68,,true,ESTIMATED_MODE_BREAKDOWN
2025-10-01T10:00:00.000000,Japan,Japan,JP,437.03,525.72,20.2,11.73,,true,ESTIMATED_MODE_BREAKDOWN
2025-10-01T11:00:00.000000,Japan,Japan,JP,433.0,520.89,20.93,11.6,,true,ESTIMATED_MODE_BREAKDOWN
2025-10-01T12:00:00.000000,Japan,Japan,JP,429.34,516.59,21.59,11.57,,true,ESTIMATED_MODE_BREAKDOWN
2025-10-01T13:00:00.000000,Japan,Japan,JP,427.05,513.93,22.0,11.58,,true,ESTIMATED_MODE_BREAKDOWN
2025-10-01T14:00:00.000000,Japan,Japan,JP,426.13,512.91,22.19,11.56,,true,ESTIMATED_MODE_BREAKDOWN
2025-10-01T15:00:00.000000,Japan,Japan,JP,420.7,506.65,23.21,11.55,,true,ESTIMATED_MODE_BREAKDOWN
2025-10-01T16:00:00.000000,Japan,Japan,JP,419.05,504.87,23.51,11.64,,true,ESTIMATED_MODE_BREAKDOWN
2025-10-01T17:00:00.000000,Japan,Japan,JP,416.92,502.33,23.89,11.53,,true,ESTIMATED_MODE_BREAKDOWN
2025-10-01T18:00:00.000000,Japan,Japan,JP,419.49,505.36,23.43,11.59,,true,ESTIMATED_MODE_BREAKDOWN
2025-10-01T19:00:00.000000,Japan,Japan,JP,419.97,505.89,23.34,11.6,,true,ESTIMATED_MODE_BREAKDOWN
2025-10-01T20:00:00.000000,Japan,Japan,JP,420.78,506.9,23.17,11.76,,true,ESTIMATED_MODE_BREAKDOWN
2025-10-01T21:00:00.000000,Japan,Japan,JP,402.96,487.28,26.46,15.07,,true,ESTIMATED_MODE_BREAKDOWN
2025-10-01T22:00:00.000000,Japan,Japan,JP,342.96,421.03,37.39,26.67,,true,ESTIMATED_MODE_BREAKDOWN
2025-10-01T23:00:00.000000,Japan,Japan,JP,287.95,360.35,47.42,37.92,,true,ESTIMATED_MODE_BREAKDOWN
2025-10-02T00:00:00.000000,Japan,Japan,JP,250.91,319.61,54.16,45.94,,true,ESTIMATED_MODE_BREAKDOWN
2025-10-02T01:00:00.000000,Japan,Japan,JP,228.59,294.99,58.23,50.48,,true,ESTIMATED_MODE_BREAKDOWN
2025-10-02T02:00:00.000000,Japan,Japan,JP,229.03,295.58,58.17,50.63,,true,ESTIMATED_MODE_BREAKDOWN
2025-10-02T03:00:00.000000,Japan,Japan,JP,230.51,297.15,57.92,50.13,,true,ESTIMATED_MODE_BREAKDOWN
2025-10-02T04:00:00.000000,Japan,Japan,JP,267.94,338.56,51.09,43.47,,true,ESTIMATED_MODE_BREAKDOWN
2025-10-02T05:00:00.000000,Japan,Japan,JP,305.2,379.92,44.28,36.89,,true,ESTIMATED_MODE_BREAKDOWN
2025-10-02T06:00:00.000000,Japan,Japan,JP,355.12,435.13,35.16,27.47,,true,ESTIMATED_MODE_BREAKDOWN
2025-10-02T07:00:00.000000,Japan,Japan,JP,407.82,493.47,25.55,17.68,,true,ESTIMATED_MODE_BREAKDOWN
2025-10-02T08:00:00.000000,Japan,Japan,JP,437.55,526.41,20.11,12.22,,true,ESTIMATED_MODE_BREAKDOWN
2025-10-02T09:00:00.000000,Japan,Japan,JP,437.85,526.61,20.05,11.85,,true,ESTIMATED_MODE_BREAKDOWN
2025-10-02T10:00:00.000000,Japan,Japan,JP,434.62,522.74,20.64,11.73,,true,ESTIMATED_MODE_BREAKDOWN
2025-10-02T11:00:00.000000,Japan,Japan,JP,434.98,523.17,20.57,11.74,,true,ESTIMATED_MODE_BREAKDOWN
2025-10-02T12:00:00.000000,Japan,Japan,JP,431.56,519.21,21.21,11.67,,true,ESTIMATED_MODE_BREAKDOWN
2025-10-02T13:00:00.000000,Japan,Japan,JP,428.01,515.15,21.89,11.55,,true,ESTIMATED_MODE_BREAKDOWN
2025-10-02T14:00:00.000000,Japan,Japan,JP,427.96,515.11,21.91,11.49,,true,ESTIMATED_MODE_BREAKDOWN
2025-10-02T15:00:00.000000,Japan,Japan,JP,423.21,509.63,22.78,11.58,,true,ESTIMATED_MODE_BREAKDOWN
2025-10-02T16:00:00.000000,Japan,Japan,JP,418.03,503.64,23.72,11.54,,true,ESTIMATED_MODE_BREAKDOWN
2025-10-02T17:00:00.000000,Japan,Japan,JP,417.78,503.41,23.76,11.57,,true,ESTIMATED_MODE_BREAKDOWN
2025-10-02T18:00:00.000000,Japan,Japan,JP,419.4,505.32,23.47,11.56,,true,ESTIMATED_MODE_BREAKDOWN
2025-10-02T19:00:00.000000,Japan,Japan,JP,420.28,506.26,23.27,11.65,,true,ESTIMATED_MODE_BREAKDOWN
2025-10-02T20:00:00.000000,Japan,Japan,JP,421.36,507.5,23.06,11.74,,true,ESTIMATED_MODE_BREAKDOWN
2025-10-02T21:00:00.000000,Japan,Japan,JP,405.93,490.45,25.88,14.69,,true,ESTIMATED_MODE_BREAKDOWN
2025-10-02T22:00:00.000000,Japan,Japan,JP,364.72,445.04,33.4,22.88,,true,ESTIMATED_MODE_BREAKDOWN
2025-10-02T23:00:00.000000,Japan,Japan,JP,338.6,416.55,38.18,28.92,,true,ESTIMATED_MODE_BREAKDOWN
2025-10-03T00:00:00.000000,Japan,Japan,JP,333.89,411.39,39.04,30.57,,true,ESTIMATED_MODE_BREAKDOWN
2025-10-03T01:00:00.000000,Japan,Japan,JP,326.42,403.16,40.4,32.08,,true,ESTIMATED_MODE_BREAKDOWN
2025-10-03T02:00:00.000000,Japan,Japan,JP,319.43,395.48,41.68,33.43,,true,ESTIMATED_MODE_BREAKDOWN
2025-10-03T03:00:00.000000,Japan,Japan,JP,318.77,394.8,41.81,33.67,,true,ESTIMATED_MODE_BREAKDOWN
2025-10-03T04:00:00.000000,Japan,Japan,JP,337.18,415.23,38.46,30.38,,true,ESTIMATED_MODE_BREAKDOWN
2025-10-03T05:00:00.000000,Japan,Japan,JP,370.22,451.91,32.43,24.71,,true,ESTIMATED_MODE_BREAKDOWN
2025-10-03T06:00:00.000000,Japan,Japan,JP,402.58,487.69,26.53,18.73,,true,ESTIMATED_MODE_BREAKDOWN
2025-10-03T07:00:00.000000,Japan,Japan,JP,427.56,515.31,21.94,14.09,,true,ESTIMATED_MODE_BREAKDOWN
2025-10-03T08:00:00.000000,Japan,Japan,JP,437.75,526.52,20.06,11.99,,true,ESTIMATED_MODE_BREAKDOWN
2025-10-03T09:00:00.000000,Japan,Japan,JP,436.88,525.49,20.22,11.87,,true,ESTIMATED_MODE_BREAKDOWN
2025-10-03T10:00:00.000000,Japan,Japan,JP,435.15,523.52,20.53,11.96,,true,ESTIMATED_MODE_BREAKDOWN
2025-10-03T11:00:00.000000,Japan,Japan,JP,432.86,520.8,20.97,11.76,,true,ESTIMATED_MODE_BREAKDOWN
2025-10-03T12:00:00.000000,Japan,Japan,JP,431.19,518.95,21.28,11.82,,true,ESTIMATED_MODE_BREAKDOWN
2025-10-03T13:00:00.000000,Japan,Japan,JP,429.15,516.56,21.64,11.82,,true,ESTIMATED_MODE_BREAKDOWN
2025-10-03T14:00:00.000000,Japan,Japan,JP,427.58,514.72,21.92,11.82,,true,ESTIMATED_MODE_BREAKDOWN
2025-10-03T15:00:00.000000,Japan,Japan,JP,420.49,506.53,23.21,11.9,,true,ESTIMATED_MODE_BREAKDOWN
2025-10-03T16:00:00.000000,Japan,Japan,JP,418.92,504.75,23.48,11.99,,true,ESTIMATED_MODE_BREAKDOWN
2025-10-03T17:00:00.000000,Japan,Japan,JP,417.34,502.88,23.77,11.94,,true,ESTIMATED_MODE_BREAKDOWN
2025-10-03T18:00:00.000000,Japan,Japan,JP,417.23,502.81,23.8,11.99,,true,ESTIMATED_MODE_BREAKDOWN
2025-10-03T19:00:00.000000,Japan,Japan,JP,420.46,506.6,23.22,12.07,,true,ESTIMATED_MODE_BREAKDOWN
2025-10-03T20:00:00.000000,Japan,Japan,JP,417.85,503.6,23.7,12.06,,true,ESTIMATED_MODE_BREAKDOWN
2025-10-03T21:00:00.000000,Japan,Japan,JP,402.42,486.41,26.52,14.46,,true,ESTIMATED_MODE_BREAKDOWN
2025-10-03T22:00:00.000000,Japan,Japan,JP,367.42,447.67,32.9,21.17,,true,ESTIMATED_MODE_BREAKDOWN
2025-10-03T23:00:00.000000,Japan,Japan,JP,338.2,415.46,38.24,27.37,,true,ESTIMATED_MODE_BREAKDOWN
2025-10-04T00:00:00.000000,Japan,Japan,JP,327.33,403.52,40.22,30.31,,true,ESTIMATED_MODE_BREAKDOWN
2025-10-04T01:00:00.000000,Japan,Japan,JP,326.07,402.12,40.42,31.08,,true,ESTIMATED_MODE_BREAKDOWN
2025-10-04T02:00:00.000000,Japan,Japan,JP,328.98,405.14,39.89,30.1,,true,ESTIMATED_MODE_BREAKDOWN
2025-10-04T03:00:00.000000,Japan,Japan,JP,340.84,418.28,37.72,27.79,,true,ESTIMATED_MODE_BREAKDOWN
2025-10-04T04:00:00.000000,Japan,Japan,JP,356.44,435.68,34.87,25.24,,true,ESTIMATED_MODE_BREAKDOWN
2025-10-04T05:00:00.000000,Japan,Japan,JP,370.16,450.93,32.39,22.34,,true,ESTIMATED_MODE_BREAKDOWN
2025-10-04T06:00:00.000000,Japan,Japan,JP,391.04,474.17,28.58,18.54,,true,ESTIMATED_MODE_BREAKDOWN
2025-10-04T07:00:00.000000,Japan,Japan,JP,415.15,501.1,24.18,14.76,,true,ESTIMATED_MODE_BREAKDOWN
2025-10-04T08:00:00.000000,Japan,Japan,JP,426.63,513.81,22.09,12.41,,true,ESTIMATED_MODE_BREAKDOWN
2025-10-04T09:00:00.000000,Japan,Japan,JP,428.03,515.37,21.84,12.01,,true,ESTIMATED_MODE_BREAKDOWN
2025-10-04T10:00:00.000000,Japan,Japan,JP,426.5,513.58,22.11,11.99,,true,ESTIMATED_MODE_BREAKDOWN
2025-10-04T11:00:00.000000,Japan,Japan,JP,424.26,510.93,22.53,11.97,,true,ESTIMATED_MODE_BREAKDOWN
2025-10-04T12:00:00.000000,Japan,Japan,JP,421.72,507.94,22.98,11.94,,true,ESTIMATED_MODE_BREAKDOWN
2025-10-04T13:00:00.000000,Japan,Japan,JP,420.09,506.08,23.28,12.05,,true,ESTIMATED_MODE_BREAKDOWN
2025-10-04T14:00:00.000000,Japan,Japan,JP,419.8,505.66,23.33,11.96,,true,ESTIMATED_MODE_BREAKDOWN
2025-10-04T15:00:00.000000,Japan,Japan,JP,413.74,498.69,24.44,12.0,,true,ESTIMATED_MODE_BREAKDOWN
2025-10-04T16:00:00.000000,Japan,Japan,JP,412.48,497.25,24.66,11.96,,true,ESTIMATED_MODE_BREAKDOWN
2025-10-04T17:00:00.000000,Japan,Japan,JP,413.07,498.01,24.55,12.06,,true,ESTIMATED_MODE_BREAKDOWN
2025-10-04T18:00:00.000000,Japan,Japan,JP,414.59,499.81,24.28,12.07,,true,ESTIMATED_MODE_BREAKDOWN
2025-10-04T19:00:00.000000,Japan,Japan,JP,413.41,498.39,24.51,11.91,,true,ESTIMATED_MODE_BREAKDOWN
2025-10-04T20:00:00.000000,Japan,Japan,JP,415.24,500.57,24.19,11.93,,true,ESTIMATED_MODE_BREAKDOWN
2025-10-04T21:00:00.000000,Japan,Japan,JP,403.15,487.27,26.39,14.27,,true,ESTIMATED_MODE_BREAKDOWN
2025-10-04T22:00:00.000000,Japan,Japan,JP,355.8,434.62,35.02,22.51,,true,ESTIMATED_MODE_BREAKDOWN
2025-10-04T23:00:00.000000,Japan,Japan,JP,306.7,380.44,43.99,32.27,,true,ESTIMATED_MODE_BREAKDOWN
2025-10-05T00:00:00.000000,Japan,Japan,JP,270.39,340.51,50.61,40.09,,true,ESTIMATED_MODE_BREAKDOWN
2025-10-05T01:00:00.000000,Japan,Japan,JP,247.51,315.2,54.77,44.89,,true,ESTIMATED_MODE_BREAKDOWN
2025-10-05T02:00:00.000000,Japan,Japan,JP,245.2,312.49,55.17,45.07,,true,ESTIMATED_MODE_BREAKDOWN
2025-10-05T03:00:00.000000,Japan,Japan,JP,255.44,323.96,53.3,43.62,,true,ESTIMATED_MODE_BREAKDOWN
2025-10-05T04:00:00.000000,Japan,Japan,JP,284.37,356.1,48.01,38.81,,true,ESTIMATED_MODE_BREAKDOWN
2025-10-05T05:00:00.000000,Japan,Japan,JP,319.52,394.78,41.59,31.82,,true,ESTIMATED_MODE_BREAKDOWN
2025-10-05T06:00:00.000000,Japan,Japan,JP,363.48,443.63,33.57,24.12,,true,ESTIMATED_MODE_BREAKDOWN
2025-10-05T07:00:00.000000,Japan,Japan,JP,404.58,489.3,26.1,16.49,,true,ESTIMATED_MODE_BREAKDOWN
2025-10-05T08:00:00.000000,Japan,Japan,JP,428.15,515.59,21.81,12.44,,true,ESTIMATED_MODE_BREAKDOWN
2025-10-05T09:00:00.000000,Japan,Japan,JP,432.71,520.84,20.98,12.04,,true,ESTIMATED_MODE_BREAKDOWN
2025-10-05T10:00:00.000000,Japan,Japan,JP,428.64,515.94,21.72,11.93,,true,ESTIMATED_MODE_BREAKDOWN
2025-10-05T11:00:00.000000,Japan,Japan,JP,426.29,513.24,22.15,12.01,,true,ESTIMATED_MODE_BREAKDOWN
2025-10-05T12:00:00.000000,Japan,Japan,JP,424.81,511.47,22.42,12.18,,true,ESTIMATED_MODE_BREAKDOWN
2025-10-05T13:00:00.000000,Japan,Japan,JP,422.36,508.63,22.86,12.27,,true,ESTIMATED_MODE_BREAKDOWN
2025-10-05T14:00:00.000000,Japan,Japan,JP,419.52,505.31,23.38,12.33,,true,ESTIMATED_MODE_BREAKDOWN
2025-10-05T15:00:00.000000,Japan,Japan,JP,412.94,497.63,24.59,12.35,,true,ESTIMATED_MODE_BREAKDOWN
2025-10-05T16:00:00.000000,Japan,Japan,JP,410.95,495.41,24.94,12.6,,true,ESTIMATED_MODE_BREAKDOWN
2025-10-05T17:00:00.000000,Japan,Japan,JP,406.05,489.74,25.83,12.71,,true,ESTIMATED_MODE_BREAKDOWN
2025-10-05T18:00:00.000000,Japan,Japan,JP,407.75,491.7,25.52,12.89,,true,ESTIMATED_MODE_BREAKDOWN
2025-10-05T19:00:00.000000,Japan,Japan,JP,413.19,498.13,24.54,12.95,,true,ESTIMATED_MODE_BREAKDOWN
2025-10-05T20:00:00.000000,Japan,Japan,JP,412.76,497.52,24.64,12.8,,true,ESTIMATED_MODE_BREAKDOWN
2025-10-05T21:00:00.000000,Japan,Japan,JP,403.43,487.39,26.33,15.17,,true,ESTIMATED_MODE_BREAKDOWN
2025-10-05T22:00:00.000000,Japan,Japan,JP,355.45,434.36,35.07,24.75,,true,ESTIMATED_MODE_BREAKDOWN
2025-10-05T23:00:00.000000,Japan,Japan,JP,315.17,390.08,42.41,33.35,,true,ESTIMATED_MODE_BREAKDOWN
2025-10-06T00:00:00.000000,Japan,Japan,JP,291.88,364.39,46.65,38.5,,true,ESTIMATED_MODE_BREAKDOWN
2025-10-06T01:00:00.000000,Japan,Japan,JP,271.41,341.89,50.39,42.8,,true,ESTIMATED_MODE_BREAKDOWN
2025-10-06T02:00:00.000000,Japan,Japan,JP,256.37,325.24,53.14,45.43,,true,ESTIMATED_MODE_BREAKDOWN
2025-10-06T03:00:00.000000,Japan,Japan,JP,255.82,324.53,53.23,45.37,,true,ESTIMATED_MODE_BREAKDOWN
2025-10-06T04:00:00.000000,Japan,Japan,JP,287.13,359.43,47.52,40.32,,true,ESTIMATED_MODE_BREAKDOWN
2025-10-06T05:00:00.000000,Japan,Japan,JP,317.09,392.53,42.05,34.39,,true,ESTIMATED_MODE_BREAKDOWN
2025-10-06T06:00:00.000000,Japan,Japan,JP,359.37,439.59,34.34,26.94,,true,ESTIMATED_MODE_BREAKDOWN
2025-10-06T07:00:00.000000,Japan,Japan,JP,407.85,493.42,25.52,18.14,,true,ESTIMATED_MODE_BREAKDOWN
2025-10-06T08:00:00.000000,Japan,Japan,JP,433.74,522.09,20.8,13.16,,true,ESTIMATED_MODE_BREAKDOWN
2025-10-06T09:00:00.000000,Japan,Japan,JP,435.53,524.04,20.47,12.63,,true,ESTIMATED_MODE_BREAKDOWN
2025-10-06T10:00:00.000000,Japan,Japan,JP,432.59,520.62,21.0,12.69,,true,ESTIMATED_MODE_BREAKDOWN
2025-10-06T11:00:00.000000,Japan,Japan,JP,427.4,514.51,21.95,12.66,,true,ESTIMATED_MODE_BREAKDOWN
2025-10-06T12:00:00.000000,Japan,Japan,JP,427.09,514.16,22.0,12.66,,true,ESTIMATED_MODE_BREAKDOWN
2025-10-06T13:00:00.000000,Japan,Japan,JP,425.4,512.12,22.31,12.68,,true,ESTIMATED_MODE_BREAKDOWN
2025-10-06T14:00:00.000000,Japan,Japan,JP,423.16,509.45,22.72,12.54,,true,ESTIMATED_MODE_BREAKDOWN
2025-10-06T15:00:00.000000,Japan,Japan,JP,419.13,504.8,23.46,12.6,,true,ESTIMATED_MODE_BREAKDOWN
2025-10-06T16:00:00.000000,Japan,Japan,JP,416.09,501.3,24.0,12.64,,true,ESTIMATED_MODE_BREAKDOWN
2025-10-06T17:00:00.000000,Japan,Japan,JP,415.84,501.02,24.05,12.61,,true,ESTIMATED_MODE_BREAKDOWN
2025-10-06T18:00:00.000000,Japan,Japan,JP,417.38,502.88,23.78,12.59,,true,ESTIMATED_MODE_BREAKDOWN
2025-10-06T19:00:00.000000,Japan,Japan,JP,419.28,505.12,23.44,12.57,,true,ESTIMATED_MODE_BREAKDOWN
2025-10-06T20:00:00.000000,Japan,Japan,JP,421.48,507.69,23.05,12.46,,true,ESTIMATED_MODE_BREAKDOWN
2025-10-06T21:00:00.000000,Japan,Japan,JP,412.32,497.59,24.7,14.32,,true,ESTIMATED_MODE_BREAKDOWN
2025-10-06T22:00:00.000000,Japan,Japan,JP,369.13,449.73,32.57,22.32,,true,ESTIMATED_MODE_BREAKDOWN
2025-10-06T23:00:00.000000,Japan,Japan,JP,330.55,407.3,39.61,30.62,,true,ESTIMATED_MODE_BREAKDOWN
2025-10-07T00:00:00.000000,Japan,Japan,JP,308.12,382.67,43.69,35.75,,true,ESTIMATED_MODE_BREAKDOWN
2025-10-07T01:00:00.000000,Japan,Japan,JP,286.53,358.79,47.62,39.89,,true,ESTIMATED_MODE_BREAKDOWN
2025-10-07T02:00:00.000000,Japan,Japan,JP,276.76,348.09,49.41,41.83,,true,ESTIMATED_MODE_BREAKDOWN
2025-10-07T03:00:00.000000,Japan,Japan,JP,272.42,343.23,50.2,42.38,,true,ESTIMATED_MODE_BREAKDOWN
2025-10-07T04:00:00.000000,Japan,Japan,JP,299.48,373.35,45.27,37.82,,true,ESTIMATED_MODE_BREAKDOWN
2025-10-07T05:00:00.000000,Japan,Japan,JP,338.32,416.47,38.19,30.82,,true,ESTIMATED_MODE_BREAKDOWN
2025-10-07T06:00:00.000000,Japan,Japan,JP,382.87,465.77,30.08,22.27,,true,ESTIMATED_MODE_BREAKDOWN
2025-10-07T07:00:00.000000,Japan,Japan,JP,420.87,508.11,23.17,15.7,,true,ESTIMATED_MODE_BREAKDOWN
2025-10-07T08:00:00.000000,Japan,Japan,JP,437.08,526.13,20.22,12.55,,true,ESTIMATED_MODE_BREAKDOWN
2025-10-07T09:00:00.000000,Japan,Japan,JP,436.13,524.94,20.4,12.18,,true,ESTIMATED_MODE_BREAKDOWN
2025-10-07T10:00:00.000000,Japan,Japan,JP,435.81,524.61,20.46,12.21,,true,ESTIMATED_MODE_BREAKDOWN
2025-10-07T11:00:00.000000,Japan,Japan,JP,433.11,521.39,20.95,12.25,,true,ESTIMATED_MODE_BREAKDOWN
2025-10-07T12:00:00.000000,Japan,Japan,JP,430.75,518.57,21.37,12.24,,true,ESTIMATED_MODE_BREAKDOWN
2025-10-07T13:00:00.000000,Japan,Japan,JP,428.14,515.5,21.84,12.27,,true,ESTIMATED_MODE_BREAKDOWN
2025-10-07T14:00:00.000000,Japan,Japan,JP,426.86,513.93,22.08,12.17,,true,ESTIMATED_MODE_BREAKDOWN
2025-10-07T15:00:00.000000,Japan,Japan,JP,420.02,505.95,23.34,12.19,,true,ESTIMATED_MODE_BREAKDOWN
2025-10-07T16:00:00.000000,Japan,Japan,JP,418.7,504.56,23.57,12.38,,true,ESTIMATED_MODE_BREAKDOWN
2025-10-07T17:00:00.000000,Japan,Japan,JP,416.85,502.41,23.91,12.38,,true,ESTIMATED_MODE_BREAKDOWN
2025-10-07T18:00:00.000000,Japan,Japan,JP,417.22,502.82,23.83,12.34,,true,ESTIMATED_MODE_BREAKDOWN
2025-10-07T19:00:00.000000,Japan,Japan,JP,420.95,507.17,23.16,12.32,,true,ESTIMATED_MODE_BREAKDOWN
2025-10-07T20:00:00.000000,Japan,Japan,JP,419.76,505.8,23.39,12.19,,true,ESTIMATED_MODE_BREAKDOWN
2025-10-07T21:00:00.000000,Japan,Japan,JP,411.91,497.23,24.82,14.11,,true,ESTIMATED_MODE_BREAKDOWN
2025-10-07T22:00:00.000000,Japan,Japan,JP,370.36,451.44,32.37,22.27,,true,ESTIMATED_MODE_BREAKDOWN
2025-10-07T23:00:00.000000,Japan,Japan,JP,330.39,407.53,39.66,30.65,,true,ESTIMATED_MODE_BREAKDOWN
2025-10-08T00:00:00.000000,Japan,Japan,JP,294.12,367.62,46.28,38.18,,true,ESTIMATED_MODE_BREAKDOWN
2025-10-08T01:00:00.000000,Japan,Japan,JP,261.53,331.51,52.22,44.41,,true,ESTIMATED_MODE_BREAKDOWN
2025-10-08T02:00:00.000000,Japan,Japan,JP,255.83,325.17,53.25,45.58,,true,ESTIMATED_MODE_BREAKDOWN
2025-10-08T03:00:00.000000,Japan,Japan,JP,256.12,325.39,53.2,45.53,,true,ESTIMATED_MODE_BREAKDOWN
2025-10-08T04:00:00.000000,Japan,Japan,JP,290.19,363.22,46.98,39.91,,true,ESTIMATED_MODE_BREAKDOWN
2025-10-08T05:00:00.000000,Japan,Japan,JP,329.81,406.98,39.75,32.31,,true,ESTIMATED_MODE_BREAKDOWN
2025-10-08T06:00:00.000000,Japan,Japan,JP,377.23,459.62,31.11,23.92,,true,ESTIMATED_MODE_BREAKDOWN
2025-10-08T07:00:00.000000,Japan,Japan,JP,419.05,505.96,23.5,16.26,,true,ESTIMATED_MODE_BREAKDOWN
2025-10-08T08:00:00.000000,Japan,Japan,JP,434.81,523.33,20.65,12.81,,true,ESTIMATED_MODE_BREAKDOWN
2025-10-08T09:00:00.000000,Japan,Japan,JP,436.2,524.87,20.38,12.6,,true,ESTIMATED_MODE_BREAKDOWN
2025-10-08T10:00:00.000000,Japan,Japan,JP,433.83,522.09,20.81,12.72,,true,ESTIMATED_MODE_BREAKDOWN
2025-10-08T11:00:00.000000,Japan,Japan,JP,430.15,517.8,21.47,12.75,,true,ESTIMATED_MODE_BREAKDOWN
2025-10-08T12:00:00.000000,Japan,Japan,JP,427.33,514.43,21.98,12.7,,true,ESTIMATED_MODE_BREAKDOWN
2025-10-08T13:00:00.000000,Japan,Japan,JP,426.3,513.28,22.18,12.78,,true,ESTIMATED_MODE_BREAKDOWN
2025-10-08T14:00:00.000000,Japan,Japan,JP,424.13,510.73,22.57,12.84,,true,ESTIMATED_MODE_BREAKDOWN
2025-10-08T15:00:00.000000,Japan,Japan,JP,419.12,504.79,23.48,12.92,,true,ESTIMATED_MODE_BREAKDOWN
2025-10-08T16:00:00.000000,Japan,Japan,JP,415.23,500.3,24.18,13.05,,true,ESTIMATED_MODE_BREAKDOWN
2025-10-08T17:00:00.000000,Japan,Japan,JP,414.36,499.42,24.35,13.14,,true,ESTIMATED_MODE_BREAKDOWN
2025-10-08T18:00:00.000000,Japan,Japan,JP,415.21,500.41,24.2,13.2,,true,ESTIMATED_MODE_BREAKDOWN
2025-10-08T19:00:00.000000,Japan,Japan,JP,416.91,502.41,23.89,13.14,,true,ESTIMATED_MODE_BREAKDOWN
2025-10-08T20:00:00.000000,Japan,Japan,JP,418.86,504.72,23.55,13.05,,true,ESTIMATED_MODE_BREAKDOWN
2025-10-08T21:00:00.000000,Japan,Japan,JP,412.31,497.51,24.73,14.49,,true,ESTIMATED_MODE_BREAKDOWN
2025-10-08T22:00:00.000000,Japan,Japan,JP,377.86,459.29,31.0,21.14,,true,ESTIMATED_MODE_BREAKDOWN
2025-10-08T23:00:00.000000,Japan,Japan,JP,334.7,411.78,38.87,30.24,,true,ESTIMATED_MODE_BREAKDOWN
2025-10-09T00:00:00.000000,Japan,Japan,JP,301.04,374.77,45.02,37.08,,true,ESTIMATED_MODE_BREAKDOWN
2025-10-09T01:00:00.000000,Japan,Japan,JP,279.83,351.19,48.88,41.06,,true,ESTIMATED_MODE_BREAKDOWN
2025-10-09T02:00:00.000000,Japan,Japan,JP,266.73,336.63,51.27,43.33,,true,ESTIMATED_MODE_BREAKDOWN
2025-10-09T03:00:00.000000,Japan,Japan,JP,259.3,328.16,52.6,44.03,,true,ESTIMATED_MODE_BREAKDOWN
2025-10-09T04:00:00.000000,Japan,Japan,JP,283.4,354.98,48.21,39.91,,true,ESTIMATED_MODE_BREAKDOWN
2025-10-09T05:00:00.000000,Japan,Japan,JP,312.07,386.89,42.99,34.75,,true,ESTIMATED_MODE_BREAKDOWN
2025-10-09T06:00:00.000000,Japan,Japan,JP,354.52,434.03,35.26,26.94,,true,ESTIMATED_MODE_BREAKDOWN
2025-10-09T07:00:00.000000,Japan,Japan,JP,401.75,486.51,26.65,18.34,,true,ESTIMATED_MODE_BREAKDOWN
2025-10-09T08:00:00.000000,Japan,Japan,JP,430.46,518.31,21.42,12.9,,true,ESTIMATED_MODE_BREAKDOWN
2025-10-09T09:00:00.000000,Japan,Japan,JP,431.79,519.78,21.18,12.46,,true,ESTIMATED_MODE_BREAKDOWN
2025-10-09T10:00:00.000000,Japan,Japan,JP,428.97,516.48,21.69,12.5,,true,ESTIMATED_MODE_BREAKDOWN
2025-10-09T11:00:00.000000,Japan,Japan,JP,427.69,514.93,21.92,12.48,,true,ESTIMATED_MODE_BREAKDOWN
2025-10-09T12:00:00.000000,Japan,Japan,JP,425.45,512.32,22.33,12.32,,true,ESTIMATED_MODE_BREAKDOWN
2025-10-09T13:00:00.000000,Japan,Japan,JP,422.09,508.41,22.94,12.33,,true,ESTIMATED_MODE_BREAKDOWN
2025-10-09T14:00:00.000000,Japan,Japan,JP,422.77,509.15,22.8,12.34,,true,ESTIMATED_MODE_BREAKDOWN
2025-10-09T15:00:00.000000,Japan,Japan,JP,416.47,501.71,23.96,12.2,,true,ESTIMATED_MODE_BREAKDOWN
2025-10-09T16:00:00.000000,Japan,Japan,JP,412.9,497.64,24.62,12.22,,true,ESTIMATED_MODE_BREAKDOWN
2025-10-09T17:00:00.000000,Japan,Japan,JP,413.09,497.86,24.58,12.22,,true,ESTIMATED_MODE_BREAKDOWN
2025-10-09T18:00:00.000000,Japan,Japan,JP,416.69,502.1,23.93,12.28,,true,ESTIMATED_MODE_BREAKDOWN
2025-10-09T19:00:00.000000,Japan,Japan,JP,417.05,502.56,23.87,12.25,,true,ESTIMATED_MODE_BREAKDOWN
2025-10-09T20:00:00.000000,Japan,Japan,JP,420.66,506.79,23.22,12.27,,true,ESTIMATED_MODE_BREAKDOWN
2025-10-09T21:00:00.000000,Japan,Japan,JP,410.91,496.09,24.99,14.45,,true,ESTIMATED_MODE_BREAKDOWN
2025-10-09T22:00:00.000000,Japan,Japan,JP,355.3,434.66,35.11,24.98,,true,ESTIMATED_MODE_BREAKDOWN
2025-10-09T23:00:00.000000,Japan,Japan,JP,297.92,371.33,45.57,36.46,,true,ESTIMATED_MODE_BREAKDOWN
2025-10-10T00:00:00.000000,Japan,Japan,JP,258.56,327.82,52.75,44.43,,true,ESTIMATED_MODE_BREAKDOWN
2025-10-10T01:00:00.000000,Japan,Japan,JP,235.91,302.73,56.87,48.81,,true,ESTIMATED_MODE_BREAKDOWN
2025-10-10T02:00:00.000000,Japan,Japan,JP,234.56,301.23,57.12,49.01,,true,ESTIMATED_MODE_BREAKDOWN
2025-10-10T03:00:00.000000,Japan,Japan,JP,234.61,301.16,57.11,48.71,,true,ESTIMATED_MODE_BREAKDOWN
2025-10-10T04:00:00.000000,Japan,Japan,JP,275.44,346.39,49.65,41.37,,true,ESTIMATED_MODE_BREAKDOWN
2025-10-10T05:00:00.000000,Japan,Japan,JP,323.53,399.7,40.88,32.66,,true,ESTIMATED_MODE_BREAKDOWN
2025-10-10T06:00:00.000000,Japan,Japan,JP,366.8,447.69,32.99,24.53,,true,ESTIMATED_MODE_BREAKDOWN
2025-10-10T07:00:00.000000,Japan,Japan,JP,408.43,493.91,25.42,16.92,,true,ESTIMATED_MODE_BREAKDOWN
2025-10-10T08:00:00.000000,Japan,Japan,JP,431.08,518.99,21.3,12.57,,true,ESTIMATED_MODE_BREAKDOWN
2025-10-10T09:00:00.000000,Japan,Japan,JP,431.83,519.84,21.17,12.24,,true,ESTIMATED_MODE_BREAKDOWN
2025-10-10T10:00:00.000000,Japan,Japan,JP,429.61,517.2,21.57,12.22,,true,ESTIMATED_MODE_BREAKDOWN
2025-10-10T11:00:00.000000,Japan,Japan,JP,428.84,516.18,21.7,12.24,,true,ESTIMATED_MODE_BREAKDOWN
2025-10-10T12:00:00.000000,Japan,Japan,JP,428.83,516.15,21.7,12.27,,true,ESTIMATED_MODE_BREAKDOWN
2025-10-10T13:00:00.000000,Japan,Japan,JP,426.85,513.85,22.06,12.31,,true,ESTIMATED_MODE_BREAKDOWN
2025-10-10T14:00:00.000000,Japan,Japan,JP,425.11,511.84,22.38,12.31,,true,ESTIMATED_MODE_BREAKDOWN
2025-10-10T15:00:00.000000,Japan,Japan,JP,419.74,505.54,23.37,12.26,,true,ESTIMATED_MODE_BREAKDOWN
2025-10-10T16:00:00.000000,Japan,Japan,JP,416.14,501.41,24.02,12.27,,true,ESTIMATED_MODE_BREAKDOWN
2025-10-10T17:00:00.000000,Japan,Japan,JP,415.77,500.96,24.09,12.27,,true,ESTIMATED_MODE_BREAKDOWN
2025-10-10T18:00:00.000000,Japan,Japan,JP,417.03,502.55,23.88,12.32,,true,ESTIMATED_MODE_BREAKDOWN
2025-10-10T19:00:00.000000,Japan,Japan,JP,418.33,504.12,23.64,12.36,,true,ESTIMATED_MODE_BREAKDOWN
2025-10-10T20:00:00.000000,Japan,Japan,JP,418.68,504.5,23.58,12.33,,true,ESTIMATED_MODE_BREAKDOWN
2025-10-10T21:00:00.000000,Japan,Japan,JP,411.2,496.14,24.94,13.51,,true,ESTIMATED_MODE_BREAKDOWN
2025-10-10T22:00:00.000000,Japan,Japan,JP,386.32,468.47,29.44,18.24,,true,ESTIMATED_MODE_BREAKDOWN
2025-10-10T23:00:00.000000,Japan,Japan,JP,357.85,436.92,34.64,24.12,,true,ESTIMATED_MODE_BREAKDOWN
2025-10-11T00:00:00.000000,Japan,Japan,JP,339.21,416.35,38.04,28.07,,true,ESTIMATED_MODE_BREAKDOWN
2025-10-11T01:00:00.000000,Japan,Japan,JP,323.87,399.31,40.81,31.04,,true,ESTIMATED_MODE_BREAKDOWN
2025-10-11T02:00:00.000000,Japan,Japan,JP,316.61,391.32,42.13,32.5,,true,ESTIMATED_MODE_BREAKDOWN
2025-10-11T03:00:00.000000,Japan,Japan,JP,317.99,392.92,41.88,32.15,,true,ESTIMATED_MODE_BREAKDOWN
2025-10-11T04:00:00.000000,Japan,Japan,JP,331.26,407.7,39.46,29.81,,true,ESTIMATED_MODE_BREAKDOWN
2025-10-11T05:00:00.000000,Japan,Japan,JP,352.45,431.38,35.61,26.02,,true,ESTIMATED_MODE_BREAKDOWN
2025-10-11T06:00:00.000000,Japan,Japan,JP,379.76,461.76,30.65,21.05,,true,ESTIMATED_MODE_BREAKDOWN
2025-10-11T07:00:00.000000,Japan,Japan,JP,410.23,495.65,25.11,15.62,,true,ESTIMATED_MODE_BREAKDOWN
2025-10-11T08:00:00.000000,Japan,Japan,JP,427.23,514.62,22.02,12.69,,true,ESTIMATED_MODE_BREAKDOWN
2025-10-11T09:00:00.000000,Japan,Japan,JP,428.69,516.31,21.76,12.42,,true,ESTIMATED_MODE_BREAKDOWN
2025-10-11T10:00:00.000000,Japan,Japan,JP,427.08,514.41,22.04,12.42,,true,ESTIMATED_MODE_BREAKDOWN
2025-10-11T11:00:00.000000,Japan,Japan,JP,425.1,512.0,22.4,12.37,,true,ESTIMATED_MODE_BREAKDOWN
2025-10-11T12:00:00.000000,Japan,Japan,JP,422.39,508.82,22.9,12.38,,true,ESTIMATED_MODE_BREAKDOWN
2025-10-11T13:00:00.000000,Japan,Japan,JP,419.5,505.43,23.42,12.42,,true,ESTIMATED_MODE_BREAKDOWN
2025-10-11T14:00:00.000000,Japan,Japan,JP,417.79,503.39,23.72,12.45,,true,ESTIMATED_MODE_BREAKDOWN
2025-10-11T15:00:00.000000,Japan,Japan,JP,412.55,497.41,24.68,12.49,,true,ESTIMATED_MODE_BREAKDOWN
2025-10-11T16:00:00.000000,Japan,Japan,JP,409.68,494.08,25.2,12.46,,true,ESTIMATED_MODE_BREAKDOWN
2025-10-11T17:00:00.000000,Japan,Japan,JP,410.06,494.54,25.13,12.45,,true,ESTIMATED_MODE_BREAKDOWN
2025-10-11T18:00:00.000000,Japan,Japan,JP,412.54,497.4,24.68,12.42,,true,ESTIMATED_MODE_BREAKDOWN
2025-10-11T19:00:00.000000,Japan,Japan,JP,414.33,499.53,24.36,12.39,,true,ESTIMATED_MODE_BREAKDOWN
2025-10-11T20:00:00.000000,Japan,Japan,JP,415.45,500.84,24.17,12.3,,true,ESTIMATED_MODE_BREAKDOWN
2025-10-11T21:00:00.000000,Japan,Japan,JP,402.16,486.12,26.59,14.54,,true,ESTIMATED_MODE_BREAKDOWN
2025-10-11T22:00:00.000000,Japan,Japan,JP,360.8,440.44,34.11,22.35,,true,ESTIMATED_MODE_BREAKDOWN
2025-10-11T23:00:00.000000,Japan,Japan,JP,312.48,387.13,42.94,31.86,,true,ESTIMATED_MODE_BREAKDOWN
2025-10-12T00:00:00.000000,Japan,Japan,JP,279.75,350.89,48.93,38.45,,true,ESTIMATED_MODE_BREAKDOWN
2025-10-12T01:00:00.000000,Japan,Japan,JP,263.69,333.05,51.87,41.53,,true,ESTIMATED_MODE_BREAKDOWN
2025-10-12T02:00:00.000000,Japan,Japan,JP,251.49,319.58,54.1,43.9,,true,ESTIMATED_MODE_BREAKDOWN
2025-10-12T03:00:00.000000,Japan,Japan,JP,264.18,333.51,51.78,41.56,,true,ESTIMATED_MODE_BREAKDOWN
2025-10-12T04:00:00.000000,Japan,Japan,JP,283.49,354.91,48.25,38.18,,true,ESTIMATED_MODE_BREAKDOWN
2025-10-12T05:00:00.000000,Japan,Japan,JP,314.4,389.12,42.59,32.55,,true,ESTIMATED_MODE_BREAKDOWN
2025-10-12T06:00:00.000000,Japan,Japan,JP,357.94,437.47,34.62,24.57,,true,ESTIMATED_MODE_BREAKDOWN
2025-10-12T07:00:00.000000,Japan,Japan,JP,403.42,487.99,26.32,16.48,,true,ESTIMATED_MODE_BREAKDOWN
2025-10-12T08:00:00.000000,Japan,Japan,JP,427.4,514.79,21.97,12.55,,true,ESTIMATED_MODE_BREAKDOWN
2025-10-12T09:00:00.000000,Japan,Japan,JP,429.53,517.26,21.59,12.25,,true,ESTIMATED_MODE_BREAKDOWN
2025-10-12T10:00:00.000000,Japan,Japan,JP,428.41,515.89,21.79,12.22,,true,ESTIMATED_MODE_BREAKDOWN
2025-10-12T11:00:00.000000,Japan,Japan,JP,426.14,513.22,22.2,12.25,,true,ESTIMATED_MODE_BREAKDOWN
2025-10-12T12:00:00.000000,Japan,Japan,JP,423.56,510.14,22.66,12.24,,true,ESTIMATED_MODE_BREAKDOWN
2025-10-12T13:00:00.000000,Japan,Japan,JP,420.46,506.49,23.23,12.26,,true,ESTIMATED_MODE_BREAKDOWN
2025-10-12T14:00:00.000000,Japan,Japan,JP,418.96,504.67,23.5,12.24,,true,ESTIMATED_MODE_BREAKDOWN
2025-10-12T15:00:00.000000,Japan,Japan,JP,414.06,498.93,24.39,12.25,,true,ESTIMATED_MODE_BREAKDOWN
2025-10-12T16:00:00.000000,Japan,Japan,JP,410.23,494.5,25.08,12.4,,true,ESTIMATED_MODE_BREAKDOWN
2025-10-12T17:00:00.000000,Japan,Japan,JP,410.08,494.34,25.11,12.41,,true,ESTIMATED_MODE_BREAKDOWN
2025-10-12T18:00:00.000000,Japan,Japan,JP,411.13,495.6,24.92,12.65,,true,ESTIMATED_MODE_BREAKDOWN
2025-10-12T19:00:00.000000,Japan,Japan,JP,413.02,497.87,24.59,12.65,,true,ESTIMATED_MODE_BREAKDOWN
2025-10-12T20:00:00.000000,Japan,Japan,JP,414.05,499.07,24.41,12.7,,true,ESTIMATED_MODE_BREAKDOWN
2025-10-12T21:00:00.000000,Japan,Japan,JP,404.62,488.63,26.12,14.41,,true,ESTIMATED_MODE_BREAKDOWN
2025-10-12T22:00:00.000000,Japan,Japan,JP,371.39,451.83,32.15,21.02,,true,ESTIMATED_MODE_BREAKDOWN
2025-10-12T23:00:00.000000,Japan,Japan,JP,326.88,402.6,40.26,30.05,,true,ESTIMATED_MODE_BREAKDOWN
2025-10-13T00:00:00.000000,Japan,Japan,JP,287.91,359.62,47.38,37.82,,true,ESTIMATED_MODE_BREAKDOWN
2025-10-13T01:00:00.000000,Japan,Japan,JP,261.01,330.06,52.28,43.32,,true,ESTIMATED_MODE_BREAKDOWN
2025-10-13T02:00:00.000000,Japan,Japan,JP,251.69,319.81,53.99,45.21,,true,ESTIMATED_MODE_BREAKDOWN
2025-10-13T03:00:00.000000,Japan,Japan,JP,246.12,313.66,55.0,46.24,,true,ESTIMATED_MODE_BREAKDOWN
2025-10-13T04:00:00.000000,Japan,Japan,JP,265.43,334.99,51.47,42.6,,true,ESTIMATED_MODE_BREAKDOWN
2025-10-13T05:00:00.000000,Japan,Japan,JP,294.75,367.53,46.13,37.21,,true,ESTIMATED_MODE_BREAKDOWN
2025-10-13T06:00:00.000000,Japan,Japan,JP,342.83,420.85,37.36,28.44,,true,ESTIMATED_MODE_BREAKDOWN
2025-10-13T07:00:00.000000,Japan,Japan,JP,396.37,480.22,27.6,18.75,,true,ESTIMATED_MODE_BREAKDOWN
2025-10-13T08:00:00.000000,Japan,Japan,JP,428.67,516.17,21.72,12.99,,true,ESTIMATED_MODE_BREAKDOWN
2025-10-13T09:00:00.000000,Japan,Japan,JP,430.82,518.57,21.33,12.58,,true,ESTIMATED_MODE_BREAKDOWN
2025-10-13T10:00:00.000000,Japan,Japan,JP,428.82,516.25,21.69,12.59,,true,ESTIMATED_MODE_BREAKDOWN
2025-10-13T11:00:00.000000,Japan,Japan,JP,426.65,513.69,22.08,12.6,,true,ESTIMATED_MODE_BREAKDOWN
2025-10-13T12:00:00.000000,Japan,Japan,JP,424.96,511.69,22.39,12.47,,true,ESTIMATED_MODE_BREAKDOWN
2025-10-13T13:00:00.000000,Japan,Japan,JP,422.2,508.43,22.9,12.44,,true,ESTIMATED_MODE_BREAKDOWN
2025-10-13T14:00:00.000000,Japan,Japan,JP,420.7,506.67,23.17,12.42,,true,ESTIMATED_MODE_BREAKDOWN
2025-10-13T15:00:00.000000,Japan,Japan,JP,414.95,499.97,24.22,12.47,,true,ESTIMATED_MODE_BREAKDOWN
2025-10-13T16:00:00.000000,Japan,Japan,JP,412.15,496.75,24.73,12.56,,true,ESTIMATED_MODE_BREAKDOWN
2025-10-13T17:00:00.000000,Japan,Japan,JP,412.43,497.09,24.68,12.51,,true,ESTIMATED_MODE_BREAKDOWN
2025-10-13T18:00:00.000000,Japan,Japan,JP,414.88,499.95,24.23,12.48,,true,ESTIMATED_MODE_BREAKDOWN
2025-10-13T19:00:00.000000,Japan,Japan,JP,417.14,502.69,23.83,12.45,,true,ESTIMATED_MODE_BREAKDOWN
2025-10-13T20:00:00.000000,Japan,Japan,JP,419.24,505.19,23.47,12.39,,true,ESTIMATED_MODE_BREAKDOWN
2025-10-13T21:00:00.000000,Japan,Japan,JP,408.64,493.58,25.39,14.64,,true,ESTIMATED_MODE_BREAKDOWN
2025-10-13T22:00:00.000000,Japan,Japan,JP,370.89,451.81,32.25,22.18,,true,ESTIMATED_MODE_BREAKDOWN
2025-10-13T23:00:00.000000,Japan,Japan,JP,338.74,416.49,38.1,29.22,,true,ESTIMATED_MODE_BREAKDOWN
2025-10-14T00:00:00.000000,Japan,Japan,JP,319.02,394.73,41.69,33.56,,true,ESTIMATED_MODE_BREAKDOWN
2025-10-14T01:00:00.000000,Japan,Japan,JP,309.48,384.23,43.43,35.65,,true,ESTIMATED_MODE_BREAKDOWN
2025-10-14T02:00:00.000000,Japan,Japan,JP,312.05,387.13,42.96,35.28,,true,ESTIMATED_MODE_BREAKDOWN
2025-10-14T03:00:00.000000,Japan,Japan,JP,317.3,392.83,42.0,33.97,,true,ESTIMATED_MODE_BREAKDOWN
2025-10-14T04:00:00.000000,Japan,Japan,JP,345.35,423.99,36.88,29.13,,true,ESTIMATED_MODE_BREAKDOWN
2025-10-14T05:00:00.000000,Japan,Japan,JP,375.22,457.2,31.45,23.74,,true,ESTIMATED_MODE_BREAKDOWN
2025-10-14T06:00:00.000000,Japan,Japan,JP,404.92,490.14,26.06,18.22,,true,ESTIMATED_MODE_BREAKDOWN
2025-10-14T07:00:00.000000,Japan,Japan,JP,427.58,515.32,21.94,14.11,,true,ESTIMATED_MODE_BREAKDOWN
2025-10-14T08:00:00.000000,Japan,Japan,JP,435.71,524.38,20.46,12.46,,true,ESTIMATED_MODE_BREAKDOWN
2025-10-14T09:00:00.000000,Japan,Japan,JP,435.57,524.2,20.48,12.31,,true,ESTIMATED_MODE_BREAKDOWN
2025-10-14T10:00:00.000000,Japan,Japan,JP,433.6,521.86,20.83,12.28,,true,ESTIMATED_MODE_BREAKDOWN
2025-10-14T11:00:00.000000,Japan,Japan,JP,431.73,519.63,21.17,12.21,,true,ESTIMATED_MODE_BREAKDOWN
2025-10-14T12:00:00.000000,Japan,Japan,JP,428.92,516.4,21.68,12.27,,true,ESTIMATED_MODE_BREAKDOWN
2025-10-14T13:00:00.000000,Japan,Japan,JP,426.4,513.44,22.14,12.28,,true,ESTIMATED_MODE_BREAKDOWN
2025-10-14T14:00:00.000000,Japan,Japan,JP,424.65,511.33,22.46,12.28,,true,ESTIMATED_MODE_BREAKDOWN
2025-10-14T15:00:00.000000,Japan,Japan,JP,419.4,505.16,23.41,12.36,,true,ESTIMATED_MODE_BREAKDOWN
2025-10-14T16:00:00.000000,Japan,Japan,JP,416.67,501.91,23.9,12.39,,true,ESTIMATED_MODE_BREAKDOWN
2025-10-14T17:00:00.000000,Japan,Japan,JP,415.87,501.03,24.04,12.48,,true,ESTIMATED_MODE_BREAKDOWN
2025-10-14T18:00:00.000000,Japan,Japan,JP,417.08,502.52,23.83,12.59,,true,ESTIMATED_MODE_BREAKDOWN
2025-10-14T19:00:00.000000,Japan,Japan,JP,418.95,504.74,23.49,12.53,,true,ESTIMATED_MODE_BREAKDOWN
2025-10-14T20:00:00.000000,Japan,Japan,JP,420.49,506.58,23.22,12.57,,true,ESTIMATED_MODE_BREAKDOWN
2025-10-14T21:00:00.000000,Japan,Japan,JP,413.38,498.73,24.52,14.13,,true,ESTIMATED_MODE_BREAKDOWN
2025-10-14T22:00:00.000000,Japan,Japan,JP,380.55,462.5,30.51,20.71,,true,ESTIMATED_MODE_BREAKDOWN
2025-10-14T23:00:00.000000,Japan,Japan,JP,349.27,428.13,36.23,27.44,,true,ESTIMATED_MODE_BREAKDOWN
2025-10-15T00:00:00.000000,Japan,Japan,JP,325.53,401.97,40.56,32.41,,true,ESTIMATED_MODE_BREAKDOWN
2025-10-15T01:00:00.000000,Japan,Japan,JP,297.95,371.4,45.59,37.46,,true,ESTIMATED_MODE_BREAKDOWN
2025-10-15T02:00:00.000000,Japan,Japan,JP,280.29,351.91,48.82,40.8,,true,ESTIMATED_MODE_BREAKDOWN
2025-10-15T03:00:00.000000,Japan,Japan,JP,272.48,343.13,50.21,42.04,,true,ESTIMATED_MODE_BREAKDOWN
2025-10-15T04:00:00.000000,Japan,Japan,JP,301.36,375.2,44.94,37.08,,true,ESTIMATED_MODE_BREAKDOWN
2025-10-15T05:00:00.000000,Japan,Japan,JP,333.71,411.06,39.04,31.21,,true,ESTIMATED_MODE_BREAKDOWN
2025-10-15T06:00:00.000000,Japan,Japan,JP,376.84,458.94,31.18,23.31,,true,ESTIMATED_MODE_BREAKDOWN
2025-10-15T07:00:00.000000,Japan,Japan,JP,418.65,505.37,23.56,15.72,,true,ESTIMATED_MODE_BREAKDOWN
2025-10-15T08:00:00.000000,Japan,Japan,JP,434.91,523.34,20.59,12.57,,true,ESTIMATED_MODE_BREAKDOWN
2025-10-15T09:00:00.000000,Japan,Japan,JP,435.34,523.78,20.51,12.33,,true,ESTIMATED_MODE_BREAKDOWN
2025-10-15T10:00:00.000000,Japan,Japan,JP,432.99,521.09,20.93,12.37,,true,ESTIMATED_MODE_BREAKDOWN
2025-10-15T11:00:00.000000,Japan,Japan,JP,431.0,518.72,21.29,12.32,,true,ESTIMATED_MODE_BREAKDOWN
2025-10-15T12:00:00.000000,Japan,Japan,JP,429.03,516.39,21.65,12.25,,true,ESTIMATED_MODE_BREAKDOWN
2025-10-15T13:00:00.000000,Japan,Japan,JP,426.28,513.21,22.15,12.34,,true,ESTIMATED_MODE_BREAKDOWN
2025-10-15T14:00:00.000000,Japan,Japan,JP,424.63,511.31,22.46,12.33,,true,ESTIMATED_MODE_BREAKDOWN
2025-10-15T15:00:00.000000,Japan,Japan,JP,419.37,505.2,23.42,12.46,,true,ESTIMATED_MODE_BREAKDOWN
2025-10-15T16:00:00.000000,Japan,Japan,JP,416.39,501.72,23.96,12.51,,true,ESTIMATED_MODE_BREAKDOWN
2025-10-15T17:00:00.000000,Japan,Japan,JP,416.67,502.07,23.91,12.55,,true,ESTIMATED_MODE_BREAKDOWN
2025-10-15T18:00:00.000000,Japan,Japan,JP,420.06,506.04,23.29,12.53,,true,ESTIMATED_MODE_BREAKDOWN
2025-10-15T19:00:00.000000,Japan,Japan,JP,422.42,508.85,22.86,12.49,,true,ESTIMATED_MODE_BREAKDOWN
2025-10-15T20:00:00.000000,Japan,Japan,JP,424.54,511.36,22.49,12.47,,true,ESTIMATED_MODE_BREAKDOWN
2025-10-15T21:00:00.000000,Japan,Japan,JP,421.2,507.8,23.09,13.49,,true,ESTIMATED_MODE_BREAKDOWN
2025-10-15T22:00:00.000000,Japan,Japan,JP,403.34,488.13,26.33,17.54,,true,ESTIMATED_MODE_BREAKDOWN
2025-10-15T23:00:00.000000,Japan,Japan,JP,386.52,469.73,29.39,21.67,,true,ESTIMATED_MODE_BREAKDOWN
2025-10-16T00:00:00.000000,Japan,Japan,JP,378.81,461.34,30.79,23.81,,true,ESTIMATED_MODE_BREAKDOWN
2025-10-16T01:00:00.000000,Japan,Japan,JP,376.69,459.03,31.18,24.33,,true,ESTIMATED_MODE_BREAKDOWN
2025-10-16T02:00:00.000000,Japan,Japan,JP,376.94,459.33,31.14,24.32,,true,ESTIMATED_MODE_BREAKDOWN
2025-10-16T03:00:00.000000,Japan,Japan,JP,375.08,457.09,31.48,24.31,,true,ESTIMATED_MODE_BREAKDOWN
2025-10-16T04:00:00.000000,Japan,Japan,JP,387.06,470.52,29.3,22.42,,true,ESTIMATED_MODE_BREAKDOWN
2025-10-16T05:00:00.000000,Japan,Japan,JP,399.11,483.94,27.11,20.31,,true,ESTIMATED_MODE_BREAKDOWN
2025-10-16T06:00:00.000000,Japan,Japan,JP,417.41,504.33,23.78,16.88,,true,ESTIMATED_MODE_BREAKDOWN
2025-10-16T07:00:00.000000,Japan,Japan,JP,434.38,523.21,20.69,13.84,,true,ESTIMATED_MODE_BREAKDOWN
2025-10-16T08:00:00.000000,Japan,Japan,JP,441.25,530.81,19.44,12.48,,true,ESTIMATED_MODE_BREAKDOWN
2025-10-16T09:00:00.000000,Japan,Japan,JP,440.52,529.98,19.57,12.45,,true,ESTIMATED_MODE_BREAKDOWN
2025-10-16T10:00:00.000000,Japan,Japan,JP,438.11,527.17,20.01,12.54,,true,ESTIMATED_MODE_BREAKDOWN
2025-10-16T11:00:00.000000,Japan,Japan,JP,435.34,523.92,20.51,12.67,,true,ESTIMATED_MODE_BREAKDOWN
2025-10-16T12:00:00.000000,Japan,Japan,JP,431.94,519.9,21.13,12.88,,true,ESTIMATED_MODE_BREAKDOWN
2025-10-16T13:00:00.000000,Japan,Japan,JP,429.49,516.99,21.58,12.91,,true,ESTIMATED_MODE_BREAKDOWN
2025-10-16T14:00:00.000000,Japan,Japan,JP,427.05,514.14,22.02,13.03,,true,ESTIMATED_MODE_BREAKDOWN
2025-10-16T15:00:00.000000,Japan,Japan,JP,422.93,509.28,22.77,13.06,,true,ESTIMATED_MODE_BREAKDOWN
2025-10-16T16:00:00.000000,Japan,Japan,JP,419.72,505.58,23.35,13.19,,true,ESTIMATED_MODE_BREAKDOWN
2025-10-16T17:00:00.000000,Japan,Japan,JP,419.25,505.1,23.43,13.21,,true,ESTIMATED_MODE_BREAKDOWN
2025-10-16T18:00:00.000000,Japan,Japan,JP,421.09,507.31,23.1,13.14,,true,ESTIMATED_MODE_BREAKDOWN
2025-10-16T19:00:00.000000,Japan,Japan,JP,422.72,509.25,22.81,13.1,,true,ESTIMATED_MODE_BREAKDOWN
2025-10-16T20:00:00.000000,Japan,Japan,JP,424.53,511.4,22.49,12.99,,true,ESTIMATED_MODE_BREAKDOWN
2025-10-16T21:00:00.000000,Japan,Japan,JP,410.74,496.18,25.0,15.7,,true,ESTIMATED_MODE_BREAKDOWN
2025-10-16T22:00:00.000000,Japan,Japan,JP,349.37,428.43,36.19,27.35,,true,ESTIMATED_MODE_BREAKDOWN
2025-10-16T23:00:00.000000,Japan,Japan,JP,287.06,359.78,47.55,39.65,,true,ESTIMATED_MODE_BREAKDOWN
2025-10-17T00:00:00.000000,Japan,Japan,JP,248.67,317.42,54.55,47.34,,true,ESTIMATED_MODE_BREAKDOWN
2025-10-17T01:00:00.000000,Japan,Japan,JP,226.3,292.69,58.63,51.66,,true,ESTIMATED_MODE_BREAKDOWN
2025-10-17T02:00:00.000000,Japan,Japan,JP,220.28,286.04,59.73,52.83,,true,ESTIMATED_MODE_BREAKDOWN
2025-10-17T03:00:00.000000,Japan,Japan,JP,219.25,284.84,59.92,52.68,,true,ESTIMATED_MODE_BREAKDOWN
2025-10-17T04:00:00.000000,Japan,Japan,JP,252.03,321.22,53.94,46.94,,true,ESTIMATED_MODE_BREAKDOWN
2025-10-17T05:00:00.000000,Japan,Japan,JP,298.35,372.51,45.48,38.57,,true,ESTIMATED_MODE_BREAKDOWN
2025-10-17T06:00:00.000000,Japan,Japan,JP,360.13,440.93,34.21,27.27,,true,ESTIMATED_MODE_BREAKDOWN
2025-10-17T07:00:00.000000,Japan,Japan,JP,416.78,503.63,23.88,16.91,,true,ESTIMATED_MODE_BREAKDOWN
2025-10-17T08:00:00.000000,Japan,Japan,JP,440.21,529.57,19.62,12.43,,true,ESTIMATED_MODE_BREAKDOWN
2025-10-17T09:00:00.000000,Japan,Japan,JP,440.46,529.81,19.57,12.18,,true,ESTIMATED_MODE_BREAKDOWN
2025-10-17T10:00:00.000000,Japan,Japan,JP,438.3,527.3,19.96,12.2,,true,ESTIMATED_MODE_BREAKDOWN
2025-10-17T11:00:00.000000,Japan,Japan,JP,436.25,524.88,20.33,12.19,,true,ESTIMATED_MODE_BREAKDOWN
2025-10-17T12:00:00.000000,Japan,Japan,JP,433.94,522.15,20.75,12.21,,true,ESTIMATED_MODE_BREAKDOWN
2025-10-17T13:00:00.000000,Japan,Japan,JP,431.75,519.57,21.15,12.21,,true,ESTIMATED_MODE_BREAKDOWN
2025-10-17T14:00:00.000000,Japan,Japan,JP,430.25,517.83,21.43,12.23,,true,ESTIMATED_MODE_BREAKDOWN
2025-10-17T15:00:00.000000,Japan,Japan,JP,425.67,512.54,22.28,12.3,,true,ESTIMATED_MODE_BREAKDOWN
2025-10-17T16:00:00.000000,Japan,Japan,JP,422.67,509.05,22.82,12.36,,true,ESTIMATED_MODE_BREAKDOWN
2025-10-17T17:00:00.000000,Japan,Japan,JP,422.04,508.33,22.93,12.43,,true,ESTIMATED_MODE_BREAKDOWN
2025-10-17T18:00:00.000000,Japan,Japan,JP,423.13,509.63,22.73,12.48,,true,ESTIMATED_MODE_BREAKDOWN
2025-10-17T19:00:00.000000,Japan,Japan,JP,424.21,510.98,22.55,12.49,,true,ESTIMATED_MODE_BREAKDOWN
2025-10-17T20:00:00.000000,Japan,Japan,JP,424.14,511.01,22.57,12.59,,true,ESTIMATED_MODE_BREAKDOWN
2025-10-17T21:00:00.000000,Japan,Japan,JP,410.5,495.9,25.06,14.88,,true,ESTIMATED_MODE_BREAKDOWN
2025-10-17T22:00:00.000000,Japan,Japan,JP,362.84,443.16,33.73,23.74,,true,ESTIMATED_MODE_BREAKDOWN
2025-10-17T23:00:00.000000,Japan,Japan,JP,314.84,390.2,42.47,33.16,,true,ESTIMATED_MODE_BREAKDOWN
2025-10-18T00:00:00.000000,Japan,Japan,JP,284.35,356.54,48.03,39.15,,true,ESTIMATED_MODE_BREAKDOWN
2025-10-18T01:00:00.000000,Japan,Japan,JP,262.89,332.81,51.94,43.3,,true,ESTIMATED_MODE_BREAKDOWN
2025-10-18T02:00:00.000000,Japan,Japan,JP,259.27,328.81,52.6,44.19,,true,ESTIMATED_MODE_BREAKDOWN
2025-10-18T03:00:00.000000,Japan,Japan,JP,270.34,341.01,50.58,42.2,,true,ESTIMATED_MODE_BREAKDOWN
2025-10-18T04:00:00.000000,Japan,Japan,JP,302.89,376.91,44.64,36.34,,true,ESTIMATED_MODE_BREAKDOWN
2025-10-18T05:00:00.000000,Japan,Japan,JP,344.98,423.64,36.99,28.67,,true,ESTIMATED_MODE_BREAKDOWN
2025-10-18T06:00:00.000000,Japan,Japan,JP,385.31,468.29,29.64,21.18,,true,ESTIMATED_MODE_BREAKDOWN
2025-10-18T07:00:00.000000,Japan,Japan,JP,418.01,504.43,23.68,15.25,,true,ESTIMATED_MODE_BREAKDOWN
2025-10-18T08:00:00.000000,Japan,Japan,JP,430.64,518.61,21.38,13.13,,true,ESTIMATED_MODE_BREAKDOWN
2025-10-18T09:00:00.000000,Japan,Japan,JP,431.21,519.24,21.28,12.98,,true,ESTIMATED_MODE_BREAKDOWN
2025-10-18T10:00:00.000000,Japan,Japan,JP,429.73,517.44,21.55,12.99,,true,ESTIMATED_MODE_BREAKDOWN
2025-10-18T11:00:00.000000,Japan,Japan,JP,427.74,515.09,21.91,13.03,,true,ESTIMATED_MODE_BREAKDOWN
2025-10-18T12:00:00.000000,Japan,Japan,JP,425.21,512.14,22.38,13.09,,true,ESTIMATED_MODE_BREAKDOWN
2025-10-18T13:00:00.000000,Japan,Japan,JP,422.24,508.72,22.91,13.23,,true,ESTIMATED_MODE_BREAKDOWN
2025-10-18T14:00:00.000000,Japan,Japan,JP,420.19,506.37,23.29,13.37,,true,ESTIMATED_MODE_BREAKDOWN
2025-10-18T15:00:00.000000,Japan,Japan,JP,414.72,500.06,24.29,13.56,,true,ESTIMATED_MODE_BREAKDOWN
2025-10-18T16:00:00.000000,Japan,Japan,JP,410.8,495.56,24.99,13.71,,true,ESTIMATED_MODE_BREAKDOWN
2025-10-18T17:00:00.000000,Japan,Japan,JP,410.6,495.36,25.02,13.76,,true,ESTIMATED_MODE_BREAKDOWN
2025-10-18T18:00:00.000000,Japan,Japan,JP,413.4,498.61,24.51,13.59,,true,ESTIMATED_MODE_BREAKDOWN
2025-10-18T19:00:00.000000,Japan,Japan,JP,415.57,501.12,24.13,13.46,,true,ESTIMATED_MODE_BREAKDOWN
2025-10-18T20:00:00.000000,Japan,Japan,JP,415.86,501.5,24.08,13.48,,true,ESTIMATED_MODE_BREAKDOWN
2025-10-18T21:00:00.000000,Japan,Japan,JP,405.76,490.25,25.92,15.09,,true,ESTIMATED_MODE_BREAKDOWN
2025-10-18T22:00:00.000000,Japan,Japan,JP,375.75,457.02,31.38,20.63,,true,ESTIMATED_MODE_BREAKDOWN
2025-10-18T23:00:00.000000,Japan,Japan,JP,339.59,416.96,37.96,27.47,,true,ESTIMATED_MODE_BREAKDOWN
2025-10-19T00:00:00.000000,Japan,Japan,JP,313.39,387.98,42.73,32.98,,true,ESTIMATED_MODE_BREAKDOWN
2025-10-19T01:00:00.000000,Japan,Japan,JP,304.44,378.05,44.36,34.75,,true,ESTIMATED_MODE_BREAKDOWN
2025-10-19T02:00:00.000000,Japan,Japan,JP,306.93,380.79,43.9,34.35,,true,ESTIMATED_MODE_BREAKDOWN
2025-10-19T03:00:00.000000,Japan,Japan,JP,311.53,385.99,43.07,33.5,,true,ESTIMATED_MODE_BREAKDOWN
2025-10-19T04:00:00.000000,Japan,Japan,JP,332.68,409.6,39.24,29.71,,true,ESTIMATED_MODE_BREAKDOWN
2025-10-19T05:00:00.000000,Japan,Japan,JP,357.27,436.95,34.75,25.26,,true,ESTIMATED_MODE_BREAKDOWN
2025-10-19T06:00:00.000000,Japan,Japan,JP,387.15,470.13,29.29,19.79,,true,ESTIMATED_MODE_BREAKDOWN
2025-10-19T07:00:00.000000,Japan,Japan,JP,418.85,505.25,23.51,14.32,,true,ESTIMATED_MODE_BREAKDOWN
2025-10-19T08:00:00.000000,Japan,Japan,JP,430.93,518.9,21.31,12.52,,true,ESTIMATED_MODE_BREAKDOWN
2025-10-19T09:00:00.000000,Japan,Japan,JP,431.93,520.03,21.13,12.37,,true,ESTIMATED_MODE_BREAKDOWN
2025-10-19T10:00:00.000000,Japan,Japan,JP,430.81,518.67,21.32,12.33,,true,ESTIMATED_MODE_BREAKDOWN
2025-10-19T11:00:00.000000,Japan,Japan,JP,429.19,516.72,21.62,12.27,,true,ESTIMATED_MODE_BREAKDOWN
2025-10-19T12:00:00.000000,Japan,Japan,JP,427.1,514.25,22.0,12.19,,true,ESTIMATED_MODE_BREAKDOWN
2025-10-19T13:00:00.000000,Japan,Japan,JP,424.09,510.76,22.55,12.19,,true,ESTIMATED_MODE_BREAKDOWN
2025-10-19T14:00:00.000000,Japan,Japan,JP,422.24,508.63,22.88,12.22,,true,ESTIMATED_MODE_BREAKDOWN
2025-10-19T15:00:00.000000,Japan,Japan,JP,416.76,502.34,23.89,12.28,,true,ESTIMATED_MODE_BREAKDOWN
2025-10-19T16:00:00.000000,Japan,Japan,JP,414.05,499.24,24.38,12.41,,true,ESTIMATED_MODE_BREAKDOWN
2025-10-19T17:00:00.000000,Japan,Japan,JP,414.2,499.39,24.35,12.48,,true,ESTIMATED_MODE_BREAKDOWN
2025-10-19T18:00:00.000000,Japan,Japan,JP,416.1,501.54,24.01,12.51,,true,ESTIMATED_MODE_BREAKDOWN
2025-10-19T19:00:00.000000,Japan,Japan,JP,418.3,504.18,23.62,12.52,,true,ESTIMATED_MODE_BREAKDOWN
2025-10-19T20:00:00.000000,Japan,Japan,JP,419.88,506.06,23.34,12.58,,true,ESTIMATED_MODE_BREAKDOWN
2025-10-19T21:00:00.000000,Japan,Japan,JP,417.09,503.04,23.85,13.41,,true,ESTIMATED_MODE_BREAKDOWN
2025-10-19T22:00:00.000000,Japan,Japan,JP,399.49,483.65,27.04,17.3,,true,ESTIMATED_MODE_BREAKDOWN
2025-10-19T23:00:00.000000,Japan,Japan,JP,373.5,455.16,31.79,22.99,,true,ESTIMATED_MODE_BREAKDOWN
2025-10-20T00:00:00.000000,Japan,Japan,JP,341.23,419.43,37.69,29.37,,true,ESTIMATED_MODE_BREAKDOWN
2025-10-20T01:00:00.000000,Japan,Japan,JP,309.95,384.87,43.41,35.15,,true,ESTIMATED_MODE_BREAKDOWN
2025-10-20T02:00:00.000000,Japan,Japan,JP,294.67,367.99,46.19,38.1,,true,ESTIMATED_MODE_BREAKDOWN
2025-10-20T03:00:00.000000,Japan,Japan,JP,299.33,373.01,45.36,36.8,,true,ESTIMATED_MODE_BREAKDOWN
2025-10-20T04:00:00.000000,Japan,Japan,JP,334.45,411.95,38.96,30.64,,true,ESTIMATED_MODE_BREAKDOWN
2025-10-20T05:00:00.000000,Japan,Japan,JP,363.66,444.29,33.63,25.39,,true,ESTIMATED_MODE_BREAKDOWN
2025-10-20T06:00:00.000000,Japan,Japan,JP,395.75,479.74,27.76,19.49,,true,ESTIMATED_MODE_BREAKDOWN
2025-10-20T07:00:00.000000,Japan,Japan,JP,421.99,508.79,22.96,14.77,,true,ESTIMATED_MODE_BREAKDOWN
2025-10-20T08:00:00.000000,Japan,Japan,JP,431.74,519.61,21.17,12.94,,true,ESTIMATED_MODE_BREAKDOWN
2025-10-20T09:00:00.000000,Japan,Japan,JP,430.75,518.46,21.34,12.91,,true,ESTIMATED_MODE_BREAKDOWN
2025-10-20T10:00:00.000000,Japan,Japan,JP,428.26,515.44,21.8,12.91,,true,ESTIMATED_MODE_BREAKDOWN
2025-10-20T11:00:00.000000,Japan,Japan,JP,425.51,512.27,22.3,12.97,,true,ESTIMATED_MODE_BREAKDOWN
2025-10-20T12:00:00.000000,Japan,Japan,JP,422.9,509.21,22.77,12.95,,true,ESTIMATED_MODE_BREAKDOWN
2025-10-20T13:00:00.000000,Japan,Japan,JP,420.64,506.55,23.18,12.94,,true,ESTIMATED_MODE_BREAKDOWN
2025-10-20T14:00:00.000000,Japan,Japan,JP,418.66,504.24,23.55,12.96,,true,ESTIMATED_MODE_BREAKDOWN
2025-10-20T15:00:00.000000,Japan,Japan,JP,413.72,498.48,24.44,13.04,,true,ESTIMATED_MODE_BREAKDOWN
2025-10-20T16:00:00.000000,Japan,Japan,JP,410.03,494.25,25.11,13.18,,true,ESTIMATED_MODE_BREAKDOWN
2025-10-20T17:00:00.000000,Japan,Japan,JP,409.66,493.84,25.18,13.15,,true,ESTIMATED_MODE_BREAKDOWN
2025-10-20T18:00:00.000000,Japan,Japan,JP,412.75,497.46,24.62,13.0,,true,ESTIMATED_MODE_BREAKDOWN
2025-10-20T19:00:00.000000,Japan,Japan,JP,414.72,499.85,24.28,12.98,,true,ESTIMATED_MODE_BREAKDOWN
2025-10-20T20:00:00.000000,Japan,Japan,JP,416.64,502.14,23.94,12.93,,true,ESTIMATED_MODE_BREAKDOWN
2025-10-20T21:00:00.000000,Japan,Japan,JP,411.5,496.51,24.87,14.12,,true,ESTIMATED_MODE_BREAKDOWN
2025-10-20T22:00:00.000000,Japan,Japan,JP,384.17,466.29,29.85,19.41,,true,ESTIMATED_MODE_BREAKDOWN
2025-10-20T23:00:00.000000,Japan,Japan,JP,357.21,436.72,34.77,25.29,,true,ESTIMATED_MODE_BREAKDOWN
2025-10-21T00:00:00.000000,Japan,Japan,JP,337.1,414.54,38.43,29.58,,true,ESTIMATED_MODE_BREAKDOWN
2025-10-21T01:00:00.000000,Japan,Japan,JP,323.75,399.75,40.86,32.04,,true,ESTIMATED_MODE_BREAKDOWN
2025-10-21T02:00:00.000000,Japan,Japan,JP,317.54,392.85,41.99,33.18,,true,ESTIMATED_MODE_BREAKDOWN
2025-10-21T03:00:00.000000,Japan,Japan,JP,318.64,393.9,41.78,32.44,,true,ESTIMATED_MODE_BREAKDOWN
2025-10-21T04:00:00.000000,Japan,Japan,JP,348.42,426.96,36.35,27.36,,true,ESTIMATED_MODE_BREAKDOWN
2025-10-21T05:00:00.000000,Japan,Japan,JP,375.45,456.91,31.41,22.51,,true,ESTIMATED_MODE_BREAKDOWN
2025-10-21T06:00:00.000000,Japan,Japan,JP,401.88,486.27,26.59,17.72,,true,ESTIMATED_MODE_BREAKDOWN
2025-10-21T07:00:00.000000,Japan,Japan,JP,424.07,510.99,22.56,13.82,,true,ESTIMATED_MODE_BREAKDOWN
2025-10-21T08:00:00.000000,Japan,Japan,JP,431.41,519.16,21.22,12.46,,true,ESTIMATED_MODE_BREAKDOWN
2025-10-21T09:00:00.000000,Japan,Japan,JP,431.12,518.73,21.27,12.36,,true,ESTIMATED_MODE_BREAKDOWN
2025-10-21T10:00:00.000000,Japan,Japan,JP,428.91,516.17,21.67,12.41,,true,ESTIMATED_MODE_BREAKDOWN
2025-10-21T11:00:00.000000,Japan,Japan,JP,426.98,513.96,22.03,12.38,,true,ESTIMATED_MODE_BREAKDOWN
2025-10-21T12:00:00.000000,Japan,Japan,JP,424.54,511.09,22.48,12.32,,true,ESTIMATED_MODE_BREAKDOWN
2025-10-21T13:00:00.000000,Japan,Japan,JP,422.08,508.13,22.92,12.3,,true,ESTIMATED_MODE_BREAKDOWN
2025-10-21T14:00:00.000000,Japan,Japan,JP,420.25,505.99,23.25,12.32,,true,ESTIMATED_MODE_BREAKDOWN
2025-10-21T15:00:00.000000,Japan,Japan,JP,414.56,499.4,24.29,12.39,,true,ESTIMATED_MODE_BREAKDOWN
2025-10-21T16:00:00.000000,Japan,Japan,JP,410.65,494.91,25.0,12.55,,true,ESTIMATED_MODE_BREAKDOWN
2025-10-21T17:00:00.000000,Japan,Japan,JP,410.97,495.26,24.94,12.52,,true,ESTIMATED_MODE_BREAKDOWN
2025-10-21T18:00:00.000000,Japan,Japan,JP,413.94,498.69,24.41,12.39,,true,ESTIMATED_MODE_BREAKDOWN
2025-10-21T19:00:00.000000,Japan,Japan,JP,416.14,501.34,24.03,12.32,,true,ESTIMATED_MODE_BREAKDOWN
2025-10-21T20:00:00.000000,Japan,Japan,JP,417.58,503.05,23.77,12.29,,true,ESTIMATED_MODE_BREAKDOWN
2025-10-21T21:00:00.000000,Japan,Japan,JP,416.19,501.56,24.01,12.83,,true,ESTIMATED_MODE_BREAKDOWN
2025-10-21T22:00:00.000000,Japan,Japan,JP,406.76,491.22,25.73,15.06,,true,ESTIMATED_MODE_BREAKDOWN
2025-10-21T23:00:00.000000,Japan,Japan,JP,399.62,483.6,27.03,17.22,,true,ESTIMATED_MODE_BREAKDOWN
2025-10-22T00:00:00.000000,Japan,Japan,JP,393.63,477.03,28.12,18.85,,true,ESTIMATED_MODE_BREAKDOWN
2025-10-22T01:00:00.000000,Japan,Japan,JP,383.88,466.33,29.91,20.77,,true,ESTIMATED_MODE_BREAKDOWN
2025-10-22T02:00:00.000000,Japan,Japan,JP,381.46,463.64,30.35,21.21,,true,ESTIMATED_MODE_BREAKDOWN
2025-10-22T03:00:00.000000,Japan,Japan,JP,379.33,461.16,30.73,21.16,,true,ESTIMATED_MODE_BREAKDOWN
2025-10-22T04:00:00.000000,Japan,Japan,JP,391.91,475.22,28.44,19.28,,true,ESTIMATED_MODE_BREAKDOWN
2025-10-22T05:00:00.000000,Japan,Japan,JP,403.68,488.3,26.29,17.21,,true,ESTIMATED_MODE_BREAKDOWN
2025-10-22T06:00:00.000000,Japan,Japan,JP,417.03,503.02,23.84,14.69,,true,ESTIMATED_MODE_BREAKDOWN
2025-10-22T07:00:00.000000,Japan,Japan,JP,428.89,516.22,21.68,12.63,,true,ESTIMATED_MODE_BREAKDOWN
2025-10-22T08:00:00.000000,Japan,Japan,JP,431.73,519.4,21.17,12.07,,true,ESTIMATED_MODE_BREAKDOWN
2025-10-22T09:00:00.000000,Japan,Japan,JP,430.93,518.47,21.31,12.06,,true,ESTIMATED_MODE_BREAKDOWN
2025-10-22T10:00:00.000000,Japan,Japan,JP,429.16,516.37,21.63,12.04,,true,ESTIMATED_MODE_BREAKDOWN
2025-10-22T11:00:00.000000,Japan,Japan,JP,426.84,513.67,22.05,12.07,,true,ESTIMATED_MODE_BREAKDOWN
2025-10-22T12:00:00.000000,Japan,Japan,JP,424.29,510.73,22.52,12.1,,true,ESTIMATED_MODE_BREAKDOWN
2025-10-22T13:00:00.000000,Japan,Japan,JP,421.45,507.42,23.04,12.09,,true,ESTIMATED_MODE_BREAKDOWN
2025-10-22T14:00:00.000000,Japan,Japan,JP,418.86,504.42,23.51,12.15,,true,ESTIMATED_MODE_BREAKDOWN
2025-10-22T15:00:00.000000,Japan,Japan,JP,413.45,498.15,24.5,12.2,,true,ESTIMATED_MODE_BREAKDOWN
2025-10-22T16:00:00.000000,Japan,Japan,JP,410.51,494.77,25.03,12.18,,true,ESTIMATED_MODE_BREAKDOWN
2025-10-22T17:00:00.000000,Japan,Japan,JP,410.62,494.95,25.02,12.2,,true,ESTIMATED_MODE_BREAKDOWN
2025-10-22T18:00:00.000000,Japan,Japan,JP,413.34,498.13,24.53,12.17,,true,ESTIMATED_MODE_BREAKDOWN
2025-10-22T19:00:00.000000,Japan,Japan,JP,415.51,500.71,24.15,12.18,,true,ESTIMATED_MODE_BREAKDOWN
2025-10-22T20:00:00.000000,Japan,Japan,JP,417.51,503.04,23.78,12.15,,true,ESTIMATED_MODE_BREAKDOWN
2025-10-22T21:00:00.000000,Japan,Japan,JP,411.66,496.64,24.85,13.58,,true,ESTIMATED_MODE_BREAKDOWN
2025-10-22T22:00:00.000000,Japan,Japan,JP,375.46,456.65,31.44,20.53,,true,ESTIMATED_MODE_BREAKDOWN
2025-10-22T23:00:00.000000,Japan,Japan,JP,324.59,400.43,40.7,30.47,,true,ESTIMATED_MODE_BREAKDOWN
2025-10-23T00:00:00.000000,Japan,Japan,JP,270.73,340.85,50.52,40.88,,true,ESTIMATED_MODE_BREAKDOWN
2025-10-23T01:00:00.000000,Japan,Japan,JP,231.76,297.75,57.63,48.06,,true,ESTIMATED_MODE_BREAKDOWN
2025-10-23T02:00:00.000000,Japan,Japan,JP,212.88,276.86,61.09,51.41,,true,ESTIMATED_MODE_BREAKDOWN
2025-10-23T03:00:00.000000,Japan,Japan,JP,202.74,265.57,62.95,52.65,,true,ESTIMATED_MODE_BREAKDOWN
2025-10-23T04:00:00.000000,Japan,Japan,JP,235.5,301.88,56.95,47.03,,true,ESTIMATED_MODE_BREAKDOWN
2025-10-23T05:00:00.000000,Japan,Japan,JP,282.89,354.31,48.3,38.37,,true,ESTIMATED_MODE_BREAKDOWN
2025-10-23T06:00:00.000000,Japan,Japan,JP,349.93,428.61,36.07,26.2,,true,ESTIMATED_MODE_BREAKDOWN
2025-10-23T07:00:00.000000,Japan,Japan,JP,409.11,494.13,25.29,15.6,,true,ESTIMATED_MODE_BREAKDOWN
2025-10-23T08:00:00.000000,Japan,Japan,JP,428.73,515.92,21.72,12.08,,true,ESTIMATED_MODE_BREAKDOWN
2025-10-23T09:00:00.000000,Japan,Japan,JP,428.56,515.7,21.75,12.02,,true,ESTIMATED_MODE_BREAKDOWN
2025-10-23T10:00:00.000000,Japan,Japan,JP,426.49,513.28,22.12,12.01,,true,ESTIMATED_MODE_BREAKDOWN
2025-10-23T11:00:00.000000,Japan,Japan,JP,424.28,510.72,22.52,12.01,,true,ESTIMATED_MODE_BREAKDOWN
2025-10-23T12:00:00.000000,Japan,Japan,JP,421.84,507.9,22.97,12.0,,true,ESTIMATED_MODE_BREAKDOWN
2025-10-23T13:00:00.000000,Japan,Japan,JP,419.13,504.74,23.47,11.98,,true,ESTIMATED_MODE_BREAKDOWN
2025-10-23T14:00:00.000000,Japan,Japan,JP,417.19,502.45,23.82,11.96,,true,ESTIMATED_MODE_BREAKDOWN
2025-10-23T15:00:00.000000,Japan,Japan,JP,411.96,496.25,24.78,11.91,,true,ESTIMATED_MODE_BREAKDOWN
2025-10-23T16:00:00.000000,Japan,Japan,JP,408.86,492.79,25.33,12.01,,true,ESTIMATED_MODE_BREAKDOWN
2025-10-23T17:00:00.000000,Japan,Japan,JP,409.14,493.19,25.29,12.08,,true,ESTIMATED_MODE_BREAKDOWN
2025-10-23T18:00:00.000000,Japan,Japan,JP,412.1,496.65,24.76,12.15,,true,ESTIMATED_MODE_BREAKDOWN
2025-10-23T19:00:00.000000,Japan,Japan,JP,414.64,499.65,24.31,12.13,,true,ESTIMATED_MODE_BREAKDOWN
2025-10-23T20:00:00.000000,Japan,Japan,JP,416.19,501.5,24.03,12.14,,true,ESTIMATED_MODE_BREAKDOWN
2025-10-23T21:00:00.000000,Japan,Japan,JP,411.1,495.91,24.95,13.42,,true,ESTIMATED_MODE_BREAKDOWN
2025-10-23T22:00:00.000000,Japan,Japan,JP,371.06,451.64,32.23,21.09,,true,ESTIMATED_MODE_BREAKDOWN
2025-10-23T23:00:00.000000,Japan,Japan,JP,321.31,396.78,41.29,30.98,,true,ESTIMATED_MODE_BREAKDOWN
2025-10-24T00:00:00.000000,Japan,Japan,JP,281.06,352.35,48.63,38.84,,true,ESTIMATED_MODE_BREAKDOWN
2025-10-24T01:00:00.000000,Japan,Japan,JP,251.57,319.73,54.03,44.31,,true,ESTIMATED_MODE_BREAKDOWN
2025-10-24T02:00:00.000000,Japan,Japan,JP,244.82,312.22,55.26,45.57,,true,ESTIMATED_MODE_BREAKDOWN
2025-10-24T03:00:00.000000,Japan,Japan,JP,249.67,317.33,54.36,44.26,,true,ESTIMATED_MODE_BREAKDOWN
2025-10-24T04:00:00.000000,Japan,Japan,JP,291.31,363.44,46.75,36.96,,true,ESTIMATED_MODE_BREAKDOWN
2025-10-24T05:00:00.000000,Japan,Japan,JP,329.05,405.3,39.86,30.11,,true,ESTIMATED_MODE_BREAKDOWN
2025-10-24T06:00:00.000000,Japan,Japan,JP,370.85,451.69,32.24,22.49,,true,ESTIMATED_MODE_BREAKDOWN
2025-10-24T07:00:00.000000,Japan,Japan,JP,413.62,499.19,24.46,14.87,,true,ESTIMATED_MODE_BREAKDOWN
2025-10-24T08:00:00.000000,Japan,Japan,JP,429.08,516.35,21.65,12.01,,true,ESTIMATED_MODE_BREAKDOWN
2025-10-24T09:00:00.000000,Japan,Japan,JP,428.9,516.09,21.68,11.9,,true,ESTIMATED_MODE_BREAKDOWN
2025-10-24T10:00:00.000000,Japan,Japan,JP,426.79,513.64,22.06,11.91,,true,ESTIMATED_MODE_BREAKDOWN
2025-10-24T11:00:00.000000,Japan,Japan,JP,425.02,511.57,22.38,11.83,,true,ESTIMATED_MODE_BREAKDOWN
2025-10-24T12:00:00.000000,Japan,Japan,JP,423.12,509.33,22.72,11.73,,true,ESTIMATED_MODE_BREAKDOWN
2025-10-24T13:00:00.000000,Japan,Japan,JP,421.04,506.83,23.11,11.61,,true,ESTIMATED_MODE_BREAKDOWN
2025-10-24T14:00:00.000000,Japan,Japan,JP,419.74,505.31,23.35,11.55,,true,ESTIMATED_MODE_BREAKDOWN
2025-10-24T15:00:00.000000,Japan,Japan,JP,414.81,499.53,24.25,11.51,,true,ESTIMATED_MODE_BREAKDOWN
2025-10-24T16:00:00.000000,Japan,Japan,JP,411.39,495.67,24.88,11.52,,true,ESTIMATED_MODE_BREAKDOWN
2025-10-24T17:00:00.000000,Japan,Japan,JP,411.79,496.18,24.81,11.53,,true,ESTIMATED_MODE_BREAKDOWN
2025-10-24T18:00:00.000000,Japan,Japan,JP,414.38,499.25,24.34,11.57,,true,ESTIMATED_MODE_BREAKDOWN
2025-10-24T19:00:00.000000,Japan,Japan,JP,415.94,501.16,24.06,11.59,,true,ESTIMATED_MODE_BREAKDOWN
2025-10-24T20:00:00.000000,Japan,Japan,JP,415.95,501.17,24.06,11.57,,true,ESTIMATED_MODE_BREAKDOWN
2025-10-24T21:00:00.000000,Japan,Japan,JP,409.89,494.33,25.16,12.46,,true,ESTIMATED_MODE_BREAKDOWN
2025-10-24T22:00:00.000000,Japan,Japan,JP,383.09,464.62,30.04,17.47,,true,ESTIMATED_MODE_BREAKDOWN
2025-10-24T23:00:00.000000,Japan,Japan,JP,350.25,428.33,36.02,24.03,,true,ESTIMATED_MODE_BREAKDOWN
2025-10-25T00:00:00.000000,Japan,Japan,JP,329.05,404.83,39.88,28.37,,true,ESTIMATED_MODE_BREAKDOWN
2025-10-25T01:00:00.000000,Japan,Japan,JP,315.19,389.34,42.4,31.0,,true,ESTIMATED_MODE_BREAKDOWN
2025-10-25T02:00:00.000000,Japan,Japan,JP,314.65,388.66,42.49,31.19,,true,ESTIMATED_MODE_BREAKDOWN
2025-10-25T03:00:00.000000,Japan,Japan,JP,323.46,398.45,40.87,29.45,,true,ESTIMATED_MODE_BREAKDOWN
2025-10-25T04:00:00.000000,Japan,Japan,JP,343.36,420.52,37.26,25.82,,true,ESTIMATED_MODE_BREAKDOWN
2025-10-25T05:00:00.000000,Japan,Japan,JP,366.34,446.12,33.08,21.62,,true,ESTIMATED_MODE_BREAKDOWN
2025-10-25T06:00:00.000000,Japan,Japan,JP,394.79,477.81,27.91,16.48,,true,ESTIMATED_MODE_BREAKDOWN
2025-10-25T07:00:00.000000,Japan,Japan,JP,416.12,501.59,24.01,12.86,,true,ESTIMATED_MODE_BREAKDOWN
2025-10-25T08:00:00.000000,Japan,Japan,JP,424.56,511.13,22.47,11.68,,true,ESTIMATED_MODE_BREAKDOWN
2025-10-25T09:00:00.000000,Japan,Japan,JP,424.53,511.07,22.47,11.65,,true,ESTIMATED_MODE_BREAKDOWN
2025-10-25T10:00:00.000000,Japan,Japan,JP,422.97,509.18,22.75,11.66,,true,ESTIMATED_MODE_BREAKDOWN
2025-10-25T11:00:00.000000,Japan,Japan,JP,421.16,507.04,23.08,11.63,,true,ESTIMATED_MODE_BREAKDOWN
2025-10-25T12:00:00.000000,Japan,Japan,JP,418.66,504.12,23.53,11.59,,true,ESTIMATED_MODE_BREAKDOWN
2025-10-25T13:00:00.000000,Japan,Japan,JP,415.64,500.56,24.08,11.54,,true,ESTIMATED_MODE_BREAKDOWN
2025-10-25T14:00:00.000000,Japan,Japan,JP,414.26,498.98,24.35,11.45,,true,ESTIMATED_MODE_BREAKDOWN
2025-10-25T15:00:00.000000,Japan,Japan,JP,408.88,492.81,25.35,11.45,,true,ESTIMATED_MODE_BREAKDOWN
2025-10-25T16:00:00.000000,Japan,Japan,JP,405.07,488.46,26.03,11.54,,true,ESTIMATED_MODE_BREAKDOWN
2025-10-25T17:00:00.000000,Japan,Japan,JP,405.95,489.53,25.87,11.59,,true,ESTIMATED_MODE_BREAKDOWN
2025-10-25T18:00:00.000000,Japan,Japan,JP,408.94,493.0,25.33,11.64,,true,ESTIMATED_MODE_BREAKDOWN
2025-10-25T19:00:00.000000,Japan,Japan,JP,410.62,495.0,25.02,11.67,,true,ESTIMATED_MODE_BREAKDOWN
2025-10-25T20:00:00.000000,Japan,Japan,JP,410.39,494.68,25.06,11.65,,true,ESTIMATED_MODE_BREAKDOWN
2025-10-25T21:00:00.000000,Japan,Japan,JP,405.88,489.51,25.88,12.2,,true,ESTIMATED_MODE_BREAKDOWN
2025-10-25T22:00:00.000000,Japan,Japan,JP,388.86,470.56,28.97,15.57,,true,ESTIMATED_MODE_BREAKDOWN
2025-10-25T23:00:00.000000,Japan,Japan,JP,364.01,443.0,33.5,20.69,,true,ESTIMATED_MODE_BREAKDOWN
2025-10-26T00:00:00.000000,Japan,Japan,JP,340.87,417.5,37.72,25.49,,true,ESTIMATED_MODE_BREAKDOWN
2025-10-26T01:00:00.000000,Japan,Japan,JP,327.04,402.21,40.25,28.27,,true,ESTIMATED_MODE_BREAKDOWN
2025-10-26T02:00:00.000000,Japan,Japan,JP,322.41,397.05,41.08,29.17,,true,ESTIMATED_MODE_BREAKDOWN
2025-10-26T03:00:00.000000,Japan,Japan,JP,328.38,403.69,40.0,28.04,,true,ESTIMATED_MODE_BREAKDOWN
2025-10-26T04:00:00.000000,Japan,Japan,JP,341.56,418.31,37.6,25.54,,true,ESTIMATED_MODE_BREAKDOWN
2025-10-26T05:00:00.000000,Japan,Japan,JP,361.93,440.94,33.88,21.84,,true,ESTIMATED_MODE_BREAKDOWN
2025-10-26T06:00:00.000000,Japan,Japan,JP,386.83,468.59,29.33,17.39,,true,ESTIMATED_MODE_BREAKDOWN
2025-10-26T07:00:00.000000,Japan,Japan,JP,408.89,493.23,25.3,13.68,,true,ESTIMATED_MODE_BREAKDOWN
2025-10-26T08:00:00.000000,Japan,Japan,JP,421.12,507.07,23.08,11.97,,true,ESTIMATED_MODE_BREAKDOWN
2025-10-26T09:00:00.000000,Japan,Japan,JP,421.73,507.76,22.97,11.95,,true,ESTIMATED_MODE_BREAKDOWN
2025-10-26T10:00:00.000000,Japan,Japan,JP,419.78,505.45,23.33,12.04,,true,ESTIMATED_MODE_BREAKDOWN
2025-10-26T11:00:00.000000,Japan,Japan,JP,417.62,502.88,23.72,12.04,,true,ESTIMATED_MODE_BREAKDOWN
2025-10-26T12:00:00.000000,Japan,Japan,JP,414.1,498.74,24.36,12.13,,true,ESTIMATED_MODE_BREAKDOWN
2025-10-26T13:00:00.000000,Japan,Japan,JP,410.38,494.45,25.04,12.15,,true,ESTIMATED_MODE_BREAKDOWN
2025-10-26T14:00:00.000000,Japan,Japan,JP,408.01,491.69,25.48,12.17,,true,ESTIMATED_MODE_BREAKDOWN
2025-10-26T15:00:00.000000,Japan,Japan,JP,401.28,483.87,26.72,12.36,,true,ESTIMATED_MODE_BREAKDOWN
2025-10-26T16:00:00.000000,Japan,Japan,JP,397.64,479.66,27.38,12.6,,true,ESTIMATED_MODE_BREAKDOWN
2025-10-26T17:00:00.000000,Japan,Japan,JP,396.68,478.66,27.56,12.99,,true,ESTIMATED_MODE_BREAKDOWN
2025-10-26T18:00:00.000000,Japan,Japan,JP,399.18,481.57,27.11,13.25,,true,ESTIMATED_MODE_BREAKDOWN
2025-10-26T19:00:00.000000,Japan,Japan,JP,401.92,484.92,26.61,13.33,,true,ESTIMATED_MODE_BREAKDOWN
2025-10-26T20:00:00.000000,Japan,Japan,JP,404.7,488.13,26.11,13.19,,true,ESTIMATED_MODE_BREAKDOWN
2025-10-26T21:00:00.000000,Japan,Japan,JP,399.48,482.44,27.05,14.5,,true,ESTIMATED_MODE_BREAKDOWN
2025-10-26T22:00:00.000000,Japan,Japan,JP,351.22,429.15,35.85,23.95,,true,ESTIMATED_MODE_BREAKDOWN
2025-10-26T23:00:00.000000,Japan,Japan,JP,294.08,366.19,46.27,35.47,,true,ESTIMATED_MODE_BREAKDOWN
2025-10-27T00:00:00.000000,Japan,Japan,JP,252.15,319.82,53.93,43.8,,true,ESTIMATED_MODE_BREAKDOWN
2025-10-27T01:00:00.000000,Japan,Japan,JP,220.47,284.83,59.7,49.82,,true,ESTIMATED_MODE_BREAKDOWN
2025-10-27T02:00:00.000000,Japan,Japan,JP,219.7,283.98,59.83,50.24,,true,ESTIMATED_MODE_BREAKDOWN
2025-10-27T03:00:00.000000,Japan,Japan,JP,219.57,283.6,59.86,49.77,,true,ESTIMATED_MODE_BREAKDOWN
2025-10-27T04:00:00.000000,Japan,Japan,JP,252.11,319.56,53.92,43.92,,true,ESTIMATED_MODE_BREAKDOWN
2025-10-27T05:00:00.000000,Japan,Japan,JP,293.56,365.47,46.36,36.39,,true,ESTIMATED_MODE_BREAKDOWN
2025-10-27T06:00:00.000000,Japan,Japan,JP,348.68,426.72,36.31,26.4,,true,ESTIMATED_MODE_BREAKDOWN
2025-10-27T07:00:00.000000,Japan,Japan,JP,402.64,486.61,26.47,16.68,,true,ESTIMATED_MODE_BREAKDOWN
2025-10-27T08:00:00.000000,Japan,Japan,JP,420.68,506.68,23.17,13.37,,true,ESTIMATED_MODE_BREAKDOWN
2025-10-27T09:00:00.000000,Japan,Japan,JP,420.37,506.28,23.23,13.26,,true,ESTIMATED_MODE_BREAKDOWN
2025-10-27T10:00:00.000000,Japan,Japan,JP,418.23,503.71,23.62,13.3,,true,ESTIMATED_MODE_BREAKDOWN
2025-10-27T11:00:00.000000,Japan,Japan,JP,415.55,500.58,24.11,13.36,,true,ESTIMATED_MODE_BREAKDOWN
2025-10-27T12:00:00.000000,Japan,Japan,JP,412.58,497.15,24.65,13.44,,true,ESTIMATED_MODE_BREAKDOWN
2025-10-27T13:00:00.000000,Japan,Japan,JP,409.68,493.73,25.17,13.46,,true,ESTIMATED_MODE_BREAKDOWN
2025-10-27T14:00:00.000000,Japan,Japan,JP,408.37,492.22,25.42,13.4,,true,ESTIMATED_MODE_BREAKDOWN
2025-10-27T15:00:00.000000,Japan,Japan,JP,402.05,484.8,26.59,13.51,,true,ESTIMATED_MODE_BREAKDOWN
2025-10-27T16:00:00.000000,Japan,Japan,JP,398.57,480.82,27.22,13.71,,true,ESTIMATED_MODE_BREAKDOWN
2025-10-27T17:00:00.000000,Japan,Japan,JP,399.57,482.02,27.04,13.7,,true,ESTIMATED_MODE_BREAKDOWN
2025-10-27T18:00:00.000000,Japan,Japan,JP,403.18,486.28,26.38,13.64,,true,ESTIMATED_MODE_BREAKDOWN
2025-10-27T19:00:00.000000,Japan,Japan,JP,406.42,490.11,25.8,13.51,,true,ESTIMATED_MODE_BREAKDOWN
2025-10-27T20:00:00.000000,Japan,Japan,JP,408.58,492.64,25.4,13.47,,true,ESTIMATED_MODE_BREAKDOWN
2025-10-27T21:00:00.000000,Japan,Japan,JP,403.38,486.94,26.35,14.7,,true,ESTIMATED_MODE_BREAKDOWN
2025-10-27T22:00:00.000000,Japan,Japan,JP,351.14,429.2,35.87,24.58,,true,ESTIMATED_MODE_BREAKDOWN
2025-10-27T23:00:00.000000,Japan,Japan,JP,290.79,362.61,46.86,36.43,,true,ESTIMATED_MODE_BREAKDOWN
2025-10-28T00:00:00.000000,Japan,Japan,JP,257.8,326.13,52.87,43.03,,true,ESTIMATED_MODE_BREAKDOWN
2025-10-28T01:00:00.000000,Japan,Japan,JP,233.98,299.84,57.22,47.6,,true,ESTIMATED_MODE_BREAKDOWN
2025-10-28T02:00:00.000000,Japan,Japan,JP,229.58,294.88,58.03,48.32,,true,ESTIMATED_MODE_BREAKDOWN
2025-10-28T03:00:00.000000,Japan,Japan,JP,220.33,284.62,59.72,49.81,,true,ESTIMATED_MODE_BREAKDOWN
2025-10-28T04:00:00.000000,Japan,Japan,JP,248.41,315.63,54.59,44.79,,true,ESTIMATED_MODE_BREAKDOWN
2025-10-28T05:00:00.000000,Japan,Japan,JP,290.59,362.28,46.89,37.08,,true,ESTIMATED_MODE_BREAKDOWN
2025-10-28T06:00:00.000000,Japan,Japan,JP,353.63,432.31,35.39,25.64,,true,ESTIMATED_MODE_BREAKDOWN
2025-10-28T07:00:00.000000,Japan,Japan,JP,403.65,487.79,26.27,16.6,,true,ESTIMATED_MODE_BREAKDOWN
2025-10-28T08:00:00.000000,Japan,Japan,JP,422.09,508.28,22.91,13.25,,true,ESTIMATED_MODE_BREAKDOWN
2025-10-28T09:00:00.000000,Japan,Japan,JP,422.05,508.21,22.92,13.15,,true,ESTIMATED_MODE_BREAKDOWN
2025-10-28T10:00:00.000000,Japan,Japan,JP,420.07,505.85,23.28,13.17,,true,ESTIMATED_MODE_BREAKDOWN
2025-10-28T11:00:00.000000,Japan,Japan,JP,418.17,503.58,23.63,13.19,,true,ESTIMATED_MODE_BREAKDOWN
2025-10-28T12:00:00.000000,Japan,Japan,JP,415.6,500.55,24.09,13.19,,true,ESTIMATED_MODE_BREAKDOWN
2025-10-28T13:00:00.000000,Japan,Japan,JP,412.98,497.43,24.57,13.18,,true,ESTIMATED_MODE_BREAKDOWN
2025-10-28T14:00:00.000000,Japan,Japan,JP,411.09,495.3,24.92,13.19,,true,ESTIMATED_MODE_BREAKDOWN
2025-10-28T15:00:00.000000,Japan,Japan,JP,404.98,488.35,26.05,13.38,,true,ESTIMATED_MODE_BREAKDOWN
2025-10-28T16:00:00.000000,Japan,Japan,JP,402.08,485.07,26.57,13.41,,true,ESTIMATED_MODE_BREAKDOWN
2025-10-28T17:00:00.000000,Japan,Japan,JP,403.26,486.47,26.35,13.36,,true,ESTIMATED_MODE_BREAKDOWN
2025-10-28T18:00:00.000000,Japan,Japan,JP,408.07,492.03,25.48,13.07,,true,ESTIMATED_MODE_BREAKDOWN
2025-10-28T19:00:00.000000,Japan,Japan,JP,411.37,495.88,24.89,12.98,,true,ESTIMATED_MODE_BREAKDOWN
2025-10-28T20:00:00.000000,Japan,Japan,JP,413.9,498.87,24.43,12.87,,true,ESTIMATED_MODE_BREAKDOWN
2025-10-28T21:00:00.000000,Japan,Japan,JP,411.3,496.17,24.9,13.85,,true,ESTIMATED_MODE_BREAKDOWN
2025-10-28T22:00:00.000000,Japan,Japan,JP,366.18,446.22,33.12,22.38,,true,ESTIMATED_MODE_BREAKDOWN
2025-10-28T23:00:00.000000,Japan,Japan,JP,302.21,375.31,44.77,34.62,,true,ESTIMATED_MODE_BREAKDOWN
2025-10-29T00:00:00.000000,Japan,Japan,JP,256.76,325.1,53.06,43.45,,true,ESTIMATED_MODE_BREAKDOWN
2025-10-29T01:00:00.000000,Japan,Japan,JP,231.21,296.89,57.73,48.23,,true,ESTIMATED_MODE_BREAKDOWN
2025-10-29T02:00:00.000000,Japan,Japan,JP,224.72,289.73,58.92,49.44,,true,ESTIMATED_MODE_BREAKDOWN
2025-10-29T03:00:00.000000,Japan,Japan,JP,231.91,297.67,57.6,48.0,,true,ESTIMATED_MODE_BREAKDOWN
2025-10-29T04:00:00.000000,Japan,Japan,JP,260.26,329.05,52.42,43.04,,true,ESTIMATED_MODE_BREAKDOWN
2025-10-29T05:00:00.000000,Japan,Japan,JP,296.97,369.48,45.71,35.93,,true,ESTIMATED_MODE_BREAKDOWN
2025-10-29T06:00:00.000000,Japan,Japan,JP,347.84,426.0,36.43,26.56,,true,ESTIMATED_MODE_BREAKDOWN
2025-10-29T07:00:00.000000,Japan,Japan,JP,406.09,490.61,25.82,16.13,,true,ESTIMATED_MODE_BREAKDOWN
2025-10-29T08:00:00.000000,Japan,Japan,JP,428.2,515.25,21.8,12.17,,true,ESTIMATED_MODE_BREAKDOWN
2025-10-29T09:00:00.000000,Japan,Japan,JP,428.42,515.48,21.76,12.07,,true,ESTIMATED_MODE_BREAKDOWN
2025-10-29T10:00:00.000000,Japan,Japan,JP,427.02,513.84,22.01,12.05,,true,ESTIMATED_MODE_BREAKDOWN
2025-10-29T11:00:00.000000,Japan,Japan,JP,425.63,512.21,22.26,11.99,,true,ESTIMATED_MODE_BREAKDOWN
2025-10-29T12:00:00.000000,Japan,Japan,JP,423.08,509.24,22.72,12.01,,true,ESTIMATED_MODE_BREAKDOWN
2025-10-29T13:00:00.000000,Japan,Japan,JP,420.06,505.72,23.27,12.04,,true,ESTIMATED_MODE_BREAKDOWN
2025-10-29T14:00:00.000000,Japan,Japan,JP,418.47,503.92,23.57,12.0,,true,ESTIMATED_MODE_BREAKDOWN
2025-10-29T15:00:00.000000,Japan,Japan,JP,413.05,497.65,24.57,12.0,,true,ESTIMATED_MODE_BREAKDOWN
2025-10-29T16:00:00.000000,Japan,Japan,JP,410.74,495.04,25.0,12.0,,true,ESTIMATED_MODE_BREAKDOWN
2025-10-29T17:00:00.000000,Japan,Japan,JP,412.08,496.58,24.75,12.0,,true,ESTIMATED_MODE_BREAKDOWN
2025-10-29T18:00:00.000000,Japan,Japan,JP,415.09,500.17,24.21,12.01,,true,ESTIMATED_MODE_BREAKDOWN
2025-10-29T19:00:00.000000,Japan,Japan,JP,417.52,503.02,23.77,12.03,,true,ESTIMATED_MODE_BREAKDOWN
2025-10-29T20:00:00.000000,Japan,Japan,JP,419.28,505.12,23.45,12.04,,true,ESTIMATED_MODE_BREAKDOWN
2025-10-29T21:00:00.000000,Japan,Japan,JP,416.74,502.38,23.91,12.96,,true,ESTIMATED_MODE_BREAKDOWN
2025-10-29T22:00:00.000000,Japan,Japan,JP,371.74,452.57,32.1,21.46,,true,ESTIMATED_MODE_BREAKDOWN
2025-10-29T23:00:00.000000,Japan,Japan,JP,304.28,378.0,44.4,34.31,,true,ESTIMATED_MODE_BREAKDOWN
2025-10-30T00:00:00.000000,Japan,Japan,JP,244.03,311.29,55.39,45.71,,true,ESTIMATED_MODE_BREAKDOWN
2025-10-30T01:00:00.000000,Japan,Japan,JP,202.89,265.79,62.91,53.3,,true,ESTIMATED_MODE_BREAKDOWN
2025-10-30T02:00:00.000000,Japan,Japan,JP,188.58,250.02,65.52,55.9,,true,ESTIMATED_MODE_BREAKDOWN
2025-10-30T03:00:00.000000,Japan,Japan,JP,182.15,242.81,66.7,56.68,,true,ESTIMATED_MODE_BREAKDOWN
2025-10-30T04:00:00.000000,Japan,Japan,JP,218.35,282.92,60.08,50.33,,true,ESTIMATED_MODE_BREAKDOWN
2025-10-30T05:00:00.000000,Japan,Japan,JP,273.39,343.73,50.02,40.14,,true,ESTIMATED_MODE_BREAKDOWN
2025-10-30T06:00:00.000000,Japan,Japan,JP,347.12,425.44,36.57,26.73,,true,ESTIMATED_MODE_BREAKDOWN
2025-10-30T07:00:00.000000,Japan,Japan,JP,411.75,497.05,24.8,15.07,,true,ESTIMATED_MODE_BREAKDOWN
2025-10-30T08:00:00.000000,Japan,Japan,JP,429.23,516.46,21.61,11.95,,true,ESTIMATED_MODE_BREAKDOWN
2025-10-30T09:00:00.000000,Japan,Japan,JP,428.63,515.81,21.72,11.96,,true,ESTIMATED_MODE_BREAKDOWN
2025-10-30T10:00:00.000000,Japan,Japan,JP,426.8,513.69,22.05,11.97,,true,ESTIMATED_MODE_BREAKDOWN
2025-10-30T11:00:00.000000,Japan,Japan,JP,425.03,511.51,22.37,11.89,,true,ESTIMATED_MODE_BREAKDOWN
2025-10-30T12:00:00.000000,Japan,Japan,JP,422.81,508.93,22.78,11.9,,true,ESTIMATED_MODE_BREAKDOWN
2025-10-30T13:00:00.000000,Japan,Japan,JP,419.84,505.42,23.31,11.87,,true,ESTIMATED_MODE_BREAKDOWN
2025-10-30T14:00:00.000000,Japan,Japan,JP,418.02,503.31,23.65,11.85,,true,ESTIMATED_MODE_BREAKDOWN
2025-10-30T15:00:00.000000,Japan,Japan,JP,412.46,496.98,24.68,11.89,,true,ESTIMATED_MODE_BREAKDOWN
2025-10-30T16:00:00.000000,Japan,Japan,JP,409.99,494.21,25.13,11.9,,true,ESTIMATED_MODE_BREAKDOWN
2025-10-30T17:00:00.000000,Japan,Japan,JP,411.24,495.63,24.91,11.86,,true,ESTIMATED_MODE_BREAKDOWN
2025-10-30T18:00:00.000000,Japan,Japan,JP,414.48,499.39,24.32,11.79,,true,ESTIMATED_MODE_BREAKDOWN
2025-10-30T19:00:00.000000,Japan,Japan,JP,416.34,501.61,23.98,11.83,,true,ESTIMATED_MODE_BREAKDOWN
2025-10-30T20:00:00.000000,Japan,Japan,JP,417.97,503.56,23.69,11.78,,true,ESTIMATED_MODE_BREAKDOWN
2025-10-30T21:00:00.000000,Japan,Japan,JP,415.62,500.94,24.11,12.52,,true,ESTIMATED_MODE_BREAKDOWN
2025-10-30T22:00:00.000000,Japan,Japan,JP,397.28,480.8,27.45,16.44,,true,ESTIMATED_MODE_BREAKDOWN
2025-10-30T23:00:00.000000,Japan,Japan,JP,386.0,468.69,29.51,19.58,,true,ESTIMATED_MODE_BREAKDOWN
2025-10-31T00:00:00.000000,Japan,Japan,JP,388.46,471.56,29.07,19.62,,true,ESTIMATED_MODE_BREAKDOWN
2025-10-31T01:00:00.000000,Japan,Japan,JP,374.96,456.6,31.54,22.07,,true,ESTIMATED_MODE_BREAKDOWN
2025-10-31T02:00:00.000000,Japan,Japan,JP,377.44,459.36,31.08,21.74,,true,ESTIMATED_MODE_BREAKDOWN
2025-10-31T03:00:00.000000,Japan,Japan,JP,380.48,462.55,30.53,20.69,,true,ESTIMATED_MODE_BREAKDOWN
2025-10-31T04:00:00.000000,Japan,Japan,JP,394.46,478.09,27.97,18.53,,true,ESTIMATED_MODE_BREAKDOWN
2025-10-31T05:00:00.000000,Japan,Japan,JP,406.34,491.24,25.8,16.45,,true,ESTIMATED_MODE_BREAKDOWN
2025-10-31T06:00:00.000000,Japan,Japan,JP,417.58,503.61,23.74,14.3,,true,ESTIMATED_MODE_BREAKDOWN
2025-10-31T07:00:00.000000,Japan,Japan,JP,428.19,515.42,21.8,12.48,,true,ESTIMATED_MODE_BREAKDOWN
2025-10-31T08:00:00.000000,Japan,Japan,JP,431.07,518.6,21.28,11.83,,true,ESTIMATED_MODE_BREAKDOWN
2025-10-31T09:00:00.000000,Japan,Japan,JP,429.52,516.85,21.56,11.91,,true,ESTIMATED_MODE_BREAKDOWN
2025-10-31T10:00:00.000000,Japan,Japan,JP,427.3,514.28,21.97,11.95,,true,ESTIMATED_MODE_BREAKDOWN
2025-10-31T11:00:00.000000,Japan,Japan,JP,424.86,511.32,22.41,12.02,,true,ESTIMATED_MODE_BREAKDOWN
2025-10-31T12:00:00.000000,Japan,Japan,JP,421.16,506.93,23.08,12.22,,true,ESTIMATED_MODE_BREAKDOWN
2025-10-31T13:00:00.000000,Japan,Japan,JP,418.19,503.49,23.62,12.27,,true,ESTIMATED_MODE_BREAKDOWN
2025-10-31T14:00:00.000000,Japan,Japan,JP,415.4,500.26,24.13,12.44,,true,ESTIMATED_MODE_BREAKDOWN
2025-10-31T15:00:00.000000,Japan,Japan,JP,409.13,493.0,25.28,12.64,,true,ESTIMATED_MODE_BREAKDOWN
2025-10-31T16:00:00.000000,Japan,Japan,JP,404.92,488.13,26.05,12.83,,true,ESTIMATED_MODE_BREAKDOWN
2025-10-31T17:00:00.000000,Japan,Japan,JP,404.32,487.48,26.17,13.04,,true,ESTIMATED_MODE_BREAKDOWN
2025-10-31T18:00:00.000000,Japan,Japan,JP,405.46,488.9,25.97,13.32,,true,ESTIMATED_MODE_BREAKDOWN
2025-10-31T19:00:00.000000,Japan,Japan,JP,407.01,490.85,25.7,13.29,,true,ESTIMATED_MODE_BREAKDOWN
2025-10-31T20:00:00.000000,Japan,Japan,JP,406.14,489.89,25.86,13.42,,true,ESTIMATED_MODE_BREAKDOWN
2025-10-31T21:00:00.000000,Japan,Japan,JP,399.34,482.19,27.1,14.38,,true,ESTIMATED_MODE_BREAKDOWN
2025-10-31T22:00:00.000000,Japan,Japan,JP,355.97,434.3,35.01,22.5,,true,ESTIMATED_MODE_BREAKDOWN
2025-10-31T23:00:00.000000,Japan,Japan,JP,302.45,375.17,44.78,32.78,,true,ESTIMATED_MODE_BREAKDOWN
2025-11-01T00:00:00.000000,Japan,Japan,JP,261.96,330.26,52.15,40.48,,true,ESTIMATED_MODE_BREAKDOWN
2025-11-01T01:00:00.000000,Japan,Japan,JP,230.29,295.21,57.9,46.48,,true,ESTIMATED_MODE_BREAKDOWN
2025-11-01T02:00:00.000000,Japan,Japan,JP,215.94,279.54,60.52,49.63,,true,ESTIMATED_MODE_BREAKDOWN
2025-11-01T03:00:00.000000,Japan,Japan,JP,220.03,283.74,59.77,48.22,,true,ESTIMATED_MODE_BREAKDOWN
2025-11-01T04:00:00.000000,Japan,Japan,JP,236.3,301.64,56.82,44.88,,true,ESTIMATED_MODE_BREAKDOWN
2025-11-01T05:00:00.000000,Japan,Japan,JP,272.56,341.75,50.2,38.28,,true,ESTIMATED_MODE_BREAKDOWN
2025-11-01T06:00:00.000000,Japan,Japan,JP,330.34,405.8,39.64,27.67,,true,ESTIMATED_MODE_BREAKDOWN
2025-11-01T07:00:00.000000,Japan,Japan,JP,392.77,475.22,28.26,16.59,,true,ESTIMATED_MODE_BREAKDOWN
2025-11-01T08:00:00.000000,Japan,Japan,JP,414.77,499.79,24.26,12.98,,true,ESTIMATED_MODE_BREAKDOWN
2025-11-01T09:00:00.000000,Japan,Japan,JP,416.31,501.58,23.98,12.75,,true,ESTIMATED_MODE_BREAKDOWN
2025-11-01T10:00:00.000000,Japan,Japan,JP,415.26,500.34,24.17,12.72,,true,ESTIMATED_MODE_BREAKDOWN
2025-11-01T11:00:00.000000,Japan,Japan,JP,413.19,497.89,24.54,12.76,,true,ESTIMATED_MODE_BREAKDOWN
2025-11-01T12:00:00.000000,Japan,Japan,JP,409.92,494.09,25.14,12.86,,true,ESTIMATED_MODE_BREAKDOWN
2025-11-01T13:00:00.000000,Japan,Japan,JP,407.11,490.83,25.65,12.83,,true,ESTIMATED_MODE_BREAKDOWN
2025-11-01T14:00:00.000000,Japan,Japan,JP,404.85,488.18,26.07,12.93,,true,ESTIMATED_MODE_BREAKDOWN
2025-11-01T15:00:00.000000,Japan,Japan,JP,398.85,481.12,27.18,13.03,,true,ESTIMATED_MODE_BREAKDOWN
2025-11-01T16:00:00.000000,Japan,Japan,JP,395.04,476.82,27.86,13.26,,true,ESTIMATED_MODE_BREAKDOWN
2025-11-01T17:00:00.000000,Japan,Japan,JP,396.47,478.51,27.6,13.29,,true,ESTIMATED_MODE_BREAKDOWN
2025-11-01T18:00:00.000000,Japan,Japan,JP,399.79,482.47,27.0,13.37,,true,ESTIMATED_MODE_BREAKDOWN
2025-11-01T19:00:00.000000,Japan,Japan,JP,402.17,485.29,26.58,13.37,,true,ESTIMATED_MODE_BREAKDOWN
2025-11-01T20:00:00.000000,Japan,Japan,JP,401.93,485.1,26.62,13.42,,true,ESTIMATED_MODE_BREAKDOWN
2025-11-01T21:00:00.000000,Japan,Japan,JP,396.02,478.41,27.69,14.18,,true,ESTIMATED_MODE_BREAKDOWN
2025-11-01T22:00:00.000000,Japan,Japan,JP,357.93,436.11,34.62,21.16,,true,ESTIMATED_MODE_BREAKDOWN
2025-11-01T23:00:00.000000,Japan,Japan,JP,297.81,369.55,45.59,32.49,,true,ESTIMATED_MODE_BREAKDOWN
2025-11-02T00:00:00.000000,Japan,Japan,JP,243.97,310.17,55.44,42.78,,true,ESTIMATED_MODE_BREAKDOWN
2025-11-02T01:00:00.000000,Japan,Japan,JP,216.09,279.32,60.51,47.98,,true,ESTIMATED_MODE_BREAKDOWN
2025-11-02T02:00:00.000000,Japan,Japan,JP,220.91,284.67,59.62,47.28,,true,ESTIMATED_MODE_BREAKDOWN
2025-11-02T03:00:00.000000,Japan,Japan,JP,239.03,304.84,56.3,44.23,,true,ESTIMATED_MODE_BREAKDOWN
2025-11-02T04:00:00.000000,Japan,Japan,JP,264.48,332.84,51.65,39.31,,true,ESTIMATED_MODE_BREAKDOWN
2025-11-02T05:00:00.000000,Japan,Japan,JP,303.2,375.47,44.57,31.77,,true,ESTIMATED_MODE_BREAKDOWN
2025-11-02T06:00:00.000000,Japan,Japan,JP,348.96,426.27,36.22,23.41,,true,ESTIMATED_MODE_BREAKDOWN
2025-11-02T07:00:00.000000,Japan,Japan,JP,395.8,478.48,27.69,15.39,,true,ESTIMATED_MODE_BREAKDOWN
2025-11-02T08:00:00.000000,Japan,Japan,JP,415.25,500.35,24.15,12.65,,true,ESTIMATED_MODE_BREAKDOWN
2025-11-02T09:00:00.000000,Japan,Japan,JP,416.89,502.28,23.86,12.51,,true,ESTIMATED_MODE_BREAKDOWN
2025-11-02T10:00:00.000000,Japan,Japan,JP,416.0,501.22,24.03,12.48,,true,ESTIMATED_MODE_BREAKDOWN
2025-11-02T11:00:00.000000,Japan,Japan,JP,414.28,499.17,24.34,12.51,,true,ESTIMATED_MODE_BREAKDOWN
2025-11-02T12:00:00.000000,Japan,Japan,JP,412.05,496.53,24.74,12.5,,true,ESTIMATED_MODE_BREAKDOWN
2025-11-02T13:00:00.000000,Japan,Japan,JP,408.06,491.85,25.47,12.59,,true,ESTIMATED_MODE_BREAKDOWN
2025-11-02T14:00:00.000000,Japan,Japan,JP,406.32,489.83,25.79,12.58,,true,ESTIMATED_MODE_BREAKDOWN
2025-11-02T15:00:00.000000,Japan,Japan,JP,400.75,483.4,26.82,12.63,,true,ESTIMATED_MODE_BREAKDOWN
2025-11-02T16:00:00.000000,Japan,Japan,JP,397.84,480.04,27.35,12.74,,true,ESTIMATED_MODE_BREAKDOWN
2025-11-02T17:00:00.000000,Japan,Japan,JP,398.83,481.19,27.16,12.9,,true,ESTIMATED_MODE_BREAKDOWN
2025-11-02T18:00:00.000000,Japan,Japan,JP,401.68,484.53,26.64,13.09,,true,ESTIMATED_MODE_BREAKDOWN
2025-11-02T19:00:00.000000,Japan,Japan,JP,404.36,487.73,26.17,13.07,,true,ESTIMATED_MODE_BREAKDOWN
2025-11-02T20:00:00.000000,Japan,Japan,JP,405.49,489.01,25.96,13.14,,true,ESTIMATED_MODE_BREAKDOWN
2025-11-02T21:00:00.000000,Japan,Japan,JP,401.6,484.62,26.66,13.86,,true,ESTIMATED_MODE_BREAKDOWN
2025-11-02T22:00:00.000000,Japan,Japan,JP,358.66,437.13,34.48,22.05,,true,ESTIMATED_MODE_BREAKDOWN
2025-11-02T23:00:00.000000,Japan,Japan,JP,296.83,368.73,45.76,34.01,,true,ESTIMATED_MODE_BREAKDOWN
2025-11-03T00:00:00.000000,Japan,Japan,JP,249.16,316.03,54.45,43.33,,true,ESTIMATED_MODE_BREAKDOWN
2025-11-03T01:00:00.000000,Japan,Japan,JP,217.61,281.3,60.22,49.4,,true,ESTIMATED_MODE_BREAKDOWN
2025-11-03T02:00:00.000000,Japan,Japan,JP,195.38,256.84,64.28,53.57,,true,ESTIMATED_MODE_BREAKDOWN
2025-11-03T03:00:00.000000,Japan,Japan,JP,182.16,242.15,66.7,55.73,,true,ESTIMATED_MODE_BREAKDOWN
2025-11-03T04:00:00.000000,Japan,Japan,JP,208.46,271.12,61.89,50.73,,true,ESTIMATED_MODE_BREAKDOWN
2025-11-03T05:00:00.000000,Japan,Japan,JP,254.85,322.43,53.42,42.12,,true,ESTIMATED_MODE_BREAKDOWN
2025-11-03T06:00:00.000000,Japan,Japan,JP,331.55,407.32,39.41,28.25,,true,ESTIMATED_MODE_BREAKDOWN
2025-11-03T07:00:00.000000,Japan,Japan,JP,399.43,482.66,27.03,16.21,,true,ESTIMATED_MODE_BREAKDOWN
2025-11-03T08:00:00.000000,Japan,Japan,JP,421.13,507.02,23.09,12.79,,true,ESTIMATED_MODE_BREAKDOWN
2025-11-03T09:00:00.000000,Japan,Japan,JP,422.65,508.84,22.81,12.62,,true,ESTIMATED_MODE_BREAKDOWN
2025-11-03T10:00:00.000000,Japan,Japan,JP,422.46,508.59,22.84,12.47,,true,ESTIMATED_MODE_BREAKDOWN
2025-11-03T11:00:00.000000,Japan,Japan,JP,421.35,507.29,23.05,12.39,,true,ESTIMATED_MODE_BREAKDOWN
2025-11-03T12:00:00.000000,Japan,Japan,JP,420.63,506.47,23.18,12.16,,true,ESTIMATED_MODE_BREAKDOWN
2025-11-03T13:00:00.000000,Japan,Japan,JP,417.41,502.74,23.77,12.18,,true,ESTIMATED_MODE_BREAKDOWN
2025-11-03T14:00:00.000000,Japan,Japan,JP,416.02,501.17,24.03,12.08,,true,ESTIMATED_MODE_BREAKDOWN
2025-11-03T15:00:00.000000,Japan,Japan,JP,411.64,496.07,24.83,11.96,,true,ESTIMATED_MODE_BREAKDOWN
2025-11-03T16:00:00.000000,Japan,Japan,JP,410.05,494.25,25.12,11.88,,true,ESTIMATED_MODE_BREAKDOWN
2025-11-03T17:00:00.000000,Japan,Japan,JP,411.65,496.26,24.84,11.92,,true,ESTIMATED_MODE_BREAKDOWN
2025-11-03T18:00:00.000000,Japan,Japan,JP,415.17,500.29,24.19,11.89,,true,ESTIMATED_MODE_BREAKDOWN
2025-11-03T19:00:00.000000,Japan,Japan,JP,417.38,502.9,23.8,11.95,,true,ESTIMATED_MODE_BREAKDOWN
2025-11-03T20:00:00.000000,Japan,Japan,JP,420.43,506.39,23.24,11.88,,true,ESTIMATED_MODE_BREAKDOWN
2025-11-03T21:00:00.000000,Japan,Japan,JP,418.61,504.48,23.57,12.72,,true,ESTIMATED_MODE_BREAKDOWN
2025-11-03T22:00:00.000000,Japan,Japan,JP,373.83,455.05,31.73,21.25,,true,ESTIMATED_MODE_BREAKDOWN
2025-11-03T23:00:00.000000,Japan,Japan,JP,312.61,387.56,42.9,32.96,,true,ESTIMATED_MODE_BREAKDOWN
2025-11-04T00:00:00.000000,Japan,Japan,JP,270.8,341.26,50.53,41.0,,true,ESTIMATED_MODE_BREAKDOWN
2025-11-04T01:00:00.000000,Japan,Japan,JP,230.33,296.35,57.9,48.33,,true,ESTIMATED_MODE_BREAKDOWN
2025-11-04T02:00:00.000000,Japan,Japan,JP,219.94,284.77,59.79,50.16,,true,ESTIMATED_MODE_BREAKDOWN
2025-11-04T03:00:00.000000,Japan,Japan,JP,223.11,288.12,59.22,48.97,,true,ESTIMATED_MODE_BREAKDOWN
2025-11-04T04:00:00.000000,Japan,Japan,JP,266.42,336.22,51.33,41.49,,true,ESTIMATED_MODE_BREAKDOWN
2025-11-04T05:00:00.000000,Japan,Japan,JP,317.47,392.85,42.02,32.27,,true,ESTIMATED_MODE_BREAKDOWN
2025-11-04T06:00:00.000000,Japan,Japan,JP,377.03,458.7,31.14,21.28,,true,ESTIMATED_MODE_BREAKDOWN
2025-11-04T07:00:00.000000,Japan,Japan,JP,421.57,508.04,23.01,13.37,,true,ESTIMATED_MODE_BREAKDOWN
2025-11-04T08:00:00.000000,Japan,Japan,JP,430.8,518.4,21.33,11.89,,true,ESTIMATED_MODE_BREAKDOWN
2025-11-04T09:00:00.000000,Japan,Japan,JP,430.2,517.77,21.44,11.92,,true,ESTIMATED_MODE_BREAKDOWN
2025-11-04T10:00:00.000000,Japan,Japan,JP,428.7,516.01,21.71,11.93,,true,ESTIMATED_MODE_BREAKDOWN
2025-11-04T11:00:00.000000,Japan,Japan,JP,427.17,514.17,21.99,11.92,,true,ESTIMATED_MODE_BREAKDOWN
2025-11-04T12:00:00.000000,Japan,Japan,JP,424.7,511.19,22.44,11.92,,true,ESTIMATED_MODE_BREAKDOWN
2025-11-04T13:00:00.000000,Japan,Japan,JP,421.66,507.66,22.99,11.93,,true,ESTIMATED_MODE_BREAKDOWN
2025-11-04T14:00:00.000000,Japan,Japan,JP,419.61,505.26,23.36,11.88,,true,ESTIMATED_MODE_BREAKDOWN
2025-11-04T15:00:00.000000,Japan,Japan,JP,413.72,498.47,24.45,11.99,,true,ESTIMATED_MODE_BREAKDOWN
2025-11-04T16:00:00.000000,Japan,Japan,JP,411.43,495.89,24.86,12.04,,true,ESTIMATED_MODE_BREAKDOWN
2025-11-04T17:00:00.000000,Japan,Japan,JP,412.29,496.98,24.71,12.14,,true,ESTIMATED_MODE_BREAKDOWN
2025-11-04T18:00:00.000000,Japan,Japan,JP,415.43,500.57,24.14,12.1,,true,ESTIMATED_MODE_BREAKDOWN
2025-11-04T19:00:00.000000,Japan,Japan,JP,417.38,502.87,23.79,12.1,,true,ESTIMATED_MODE_BREAKDOWN
2025-11-04T20:00:00.000000,Japan,Japan,JP,419.61,505.39,23.38,12.03,,true,ESTIMATED_MODE_BREAKDOWN
2025-11-04T21:00:00.000000,Japan,Japan,JP,418.54,504.3,23.57,12.64,,true,ESTIMATED_MODE_BREAKDOWN
2025-11-04T22:00:00.000000,Japan,Japan,JP,391.27,474.3,28.55,18.16,,true,ESTIMATED_MODE_BREAKDOWN
2025-11-04T23:00:00.000000,Japan,Japan,JP,358.11,437.83,34.61,24.94,,true,ESTIMATED_MODE_BREAKDOWN
2025-11-05T00:00:00.000000,Japan,Japan,JP,332.49,409.5,39.28,30.05,,true,ESTIMATED_MODE_BREAKDOWN
2025-11-05T01:00:00.000000,Japan,Japan,JP,311.03,385.56,43.19,33.92,,true,ESTIMATED_MODE_BREAKDOWN
2025-11-05T02:00:00.000000,Japan,Japan,JP,312.94,387.59,42.85,33.5,,true,ESTIMATED_MODE_BREAKDOWN
2025-11-05T03:00:00.000000,Japan,Japan,JP,312.59,387.04,42.91,33.06,,true,ESTIMATED_MODE_BREAKDOWN
2025-11-05T04:00:00.000000,Japan,Japan,JP,340.14,417.65,37.89,28.33,,true,ESTIMATED_MODE_BREAKDOWN
2025-11-05T05:00:00.000000,Japan,Japan,JP,369.79,450.57,32.47,22.98,,true,ESTIMATED_MODE_BREAKDOWN
2025-11-05T06:00:00.000000,Japan,Japan,JP,404.44,489.08,26.14,16.67,,true,ESTIMATED_MODE_BREAKDOWN
2025-11-05T07:00:00.000000,Japan,Japan,JP,427.34,514.57,21.96,12.8,,true,ESTIMATED_MODE_BREAKDOWN
2025-11-05T08:00:00.000000,Japan,Japan,JP,432.4,520.27,21.04,11.89,,true,ESTIMATED_MODE_BREAKDOWN
2025-11-05T09:00:00.000000,Japan,Japan,JP,431.02,518.72,21.29,11.95,,true,ESTIMATED_MODE_BREAKDOWN
2025-11-05T10:00:00.000000,Japan,Japan,JP,429.11,516.48,21.64,11.92,,true,ESTIMATED_MODE_BREAKDOWN
2025-11-05T11:00:00.000000,Japan,Japan,JP,427.28,514.28,21.97,11.87,,true,ESTIMATED_MODE_BREAKDOWN
2025-11-05T12:00:00.000000,Japan,Japan,JP,425.26,511.85,22.33,11.79,,true,ESTIMATED_MODE_BREAKDOWN
2025-11-05T13:00:00.000000,Japan,Japan,JP,422.1,508.23,22.9,11.82,,true,ESTIMATED_MODE_BREAKDOWN
2025-11-05T14:00:00.000000,Japan,Japan,JP,420.15,505.97,23.27,11.77,,true,ESTIMATED_MODE_BREAKDOWN
2025-11-05T15:00:00.000000,Japan,Japan,JP,414.74,499.68,24.26,11.81,,true,ESTIMATED_MODE_BREAKDOWN
2025-11-05T16:00:00.000000,Japan,Japan,JP,411.83,496.36,24.79,11.88,,true,ESTIMATED_MODE_BREAKDOWN
2025-11-05T17:00:00.000000,Japan,Japan,JP,412.71,497.47,24.63,11.89,,true,ESTIMATED_MODE_BREAKDOWN
2025-11-05T18:00:00.000000,Japan,Japan,JP,415.74,500.93,24.08,11.91,,true,ESTIMATED_MODE_BREAKDOWN
2025-11-05T19:00:00.000000,Japan,Japan,JP,417.79,503.34,23.71,11.89,,true,ESTIMATED_MODE_BREAKDOWN
2025-11-05T20:00:00.000000,Japan,Japan,JP,419.56,505.41,23.39,11.87,,true,ESTIMATED_MODE_BREAKDOWN
2025-11-05T21:00:00.000000,Japan,Japan,JP,419.48,505.35,23.39,12.31,,true,ESTIMATED_MODE_BREAKDOWN
2025-11-05T22:00:00.000000,Japan,Japan,JP,390.13,473.01,28.75,18.18,,true,ESTIMATED_MODE_BREAKDOWN
2025-11-05T23:00:00.000000,Japan,Japan,JP,342.3,420.15,37.49,27.68,,true,ESTIMATED_MODE_BREAKDOWN
2025-11-06T00:00:00.000000,Japan,Japan,JP,299.91,373.16,45.22,35.79,,true,ESTIMATED_MODE_BREAKDOWN
2025-11-06T01:00:00.000000,Japan,Japan,JP,265.35,334.78,51.51,41.97,,true,ESTIMATED_MODE_BREAKDOWN
2025-11-06T02:00:00.000000,Japan,Japan,JP,252.95,320.99,53.75,44.28,,true,ESTIMATED_MODE_BREAKDOWN
2025-11-06T03:00:00.000000,Japan,Japan,JP,249.46,317.1,54.39,44.57,,true,ESTIMATED_MODE_BREAKDOWN
2025-11-06T04:00:00.000000,Japan,Japan,JP,262.62,331.68,51.99,42.31,,true,ESTIMATED_MODE_BREAKDOWN
2025-11-06T05:00:00.000000,Japan,Japan,JP,301.77,375.01,44.84,35.17,,true,ESTIMATED_MODE_BREAKDOWN
2025-11-06T06:00:00.000000,Japan,Japan,JP,361.52,441.24,33.95,24.23,,true,ESTIMATED_MODE_BREAKDOWN
2025-11-06T07:00:00.000000,Japan,Japan,JP,413.79,499.23,24.42,14.84,,true,ESTIMATED_MODE_BREAKDOWN
2025-11-06T08:00:00.000000,Japan,Japan,JP,428.26,515.29,21.79,12.25,,true,ESTIMATED_MODE_BREAKDOWN
2025-11-06T09:00:00.000000,Japan,Japan,JP,427.33,514.3,21.96,12.32,,true,ESTIMATED_MODE_BREAKDOWN
2025-11-06T10:00:00.000000,Japan,Japan,JP,425.13,511.74,22.36,12.39,,true,ESTIMATED_MODE_BREAKDOWN
2025-11-06T11:00:00.000000,Japan,Japan,JP,422.84,509.05,22.78,12.43,,true,ESTIMATED_MODE_BREAKDOWN
2025-11-06T12:00:00.000000,Japan,Japan,JP,419.79,505.47,23.33,12.56,,true,ESTIMATED_MODE_BREAKDOWN
2025-11-06T13:00:00.000000,Japan,Japan,JP,416.73,501.94,23.89,12.63,,true,ESTIMATED_MODE_BREAKDOWN
2025-11-06T14:00:00.000000,Japan,Japan,JP,413.95,498.78,24.4,12.69,,true,ESTIMATED_MODE_BREAKDOWN
2025-11-06T15:00:00.000000,Japan,Japan,JP,408.6,492.56,25.38,12.71,,true,ESTIMATED_MODE_BREAKDOWN
2025-11-06T16:00:00.000000,Japan,Japan,JP,406.22,489.8,25.81,12.8,,true,ESTIMATED_MODE_BREAKDOWN
2025-11-06T17:00:00.000000,Japan,Japan,JP,407.25,491.05,25.63,12.9,,true,ESTIMATED_MODE_BREAKDOWN
2025-11-06T18:00:00.000000,Japan,Japan,JP,410.15,494.41,25.1,12.88,,true,ESTIMATED_MODE_BREAKDOWN
2025-11-06T19:00:00.000000,Japan,Japan,JP,412.46,497.16,24.69,12.9,,true,ESTIMATED_MODE_BREAKDOWN
2025-11-06T20:00:00.000000,Japan,Japan,JP,414.35,499.32,24.34,12.87,,true,ESTIMATED_MODE_BREAKDOWN
2025-11-06T21:00:00.000000,Japan,Japan,JP,413.25,498.17,24.54,13.44,,true,ESTIMATED_MODE_BREAKDOWN
2025-11-06T22:00:00.000000,Japan,Japan,JP,370.61,451.04,32.31,21.61,,true,ESTIMATED_MODE_BREAKDOWN
2025-11-06T23:00:00.000000,Japan,Japan,JP,301.58,374.72,44.9,34.87,,true,ESTIMATED_MODE_BREAKDOWN
2025-11-07T00:00:00.000000,Japan,Japan,JP,246.37,313.52,54.97,45.34,,true,ESTIMATED_MODE_BREAKDOWN
2025-11-07T01:00:00.000000,Japan,Japan,JP,212.13,275.71,61.22,51.73,,true,ESTIMATED_MODE_BREAKDOWN
2025-11-07T02:00:00.000000,Japan,Japan,JP,204.06,266.9,62.69,53.32,,true,ESTIMATED_MODE_BREAKDOWN
2025-11-07T03:00:00.000000,Japan,Japan,JP,202.21,264.73,63.03,53.27,,true,ESTIMATED_MODE_BREAKDOWN
2025-11-07T04:00:00.000000,Japan,Japan,JP,237.06,303.19,56.66,46.97,,true,ESTIMATED_MODE_BREAKDOWN
2025-11-07T05:00:00.000000,Japan,Japan,JP,283.47,354.48,48.19,38.42,,true,ESTIMATED_MODE_BREAKDOWN
2025-11-07T06:00:00.000000,Japan,Japan,JP,350.95,429.24,35.87,26.09,,true,ESTIMATED_MODE_BREAKDOWN
2025-11-07T07:00:00.000000,Japan,Japan,JP,407.35,491.88,25.6,15.93,,true,ESTIMATED_MODE_BREAKDOWN
2025-11-07T08:00:00.000000,Japan,Japan,JP,423.09,509.35,22.74,13.08,,true,ESTIMATED_MODE_BREAKDOWN
2025-11-07T09:00:00.000000,Japan,Japan,JP,422.96,509.22,22.76,13.0,,true,ESTIMATED_MODE_BREAKDOWN
2025-11-07T10:00:00.000000,Japan,Japan,JP,421.27,507.25,23.07,13.02,,true,ESTIMATED_MODE_BREAKDOWN
2025-11-07T11:00:00.000000,Japan,Japan,JP,419.54,505.21,23.38,13.0,,true,ESTIMATED_MODE_BREAKDOWN
2025-11-07T12:00:00.000000,Japan,Japan,JP,417.97,503.34,23.67,12.86,,true,ESTIMATED_MODE_BREAKDOWN
2025-11-07T13:00:00.000000,Japan,Japan,JP,415.18,500.05,24.17,12.9,,true,ESTIMATED_MODE_BREAKDOWN
2025-11-07T14:00:00.000000,Japan,Japan,JP,414.06,498.78,24.38,12.84,,true,ESTIMATED_MODE_BREAKDOWN
2025-11-07T15:00:00.000000,Japan,Japan,JP,409.46,493.46,25.25,12.78,,true,ESTIMATED_MODE_BREAKDOWN
2025-11-07T16:00:00.000000,Japan,Japan,JP,407.28,490.98,25.64,12.71,,true,ESTIMATED_MODE_BREAKDOWN
2025-11-07T17:00:00.000000,Japan,Japan,JP,408.13,492.04,25.49,12.7,,true,ESTIMATED_MODE_BREAKDOWN
2025-11-07T18:00:00.000000,Japan,Japan,JP,411.94,496.48,24.8,12.49,,true,ESTIMATED_MODE_BREAKDOWN
2025-11-07T19:00:00.000000,Japan,Japan,JP,413.85,498.79,24.46,12.46,,true,ESTIMATED_MODE_BREAKDOWN
2025-11-07T20:00:00.000000,Japan,Japan,JP,414.6,499.68,24.33,12.41,,true,ESTIMATED_MODE_BREAKDOWN
2025-11-07T21:00:00.000000,Japan,Japan,JP,411.73,496.46,24.84,12.87,,true,ESTIMATED_MODE_BREAKDOWN
2025-11-07T22:00:00.000000,Japan,Japan,JP,365.94,445.82,33.18,21.29,,true,ESTIMATED_MODE_BREAKDOWN
2025-11-07T23:00:00.000000,Japan,Japan,JP,288.54,360.19,47.3,35.71,,true,ESTIMATED_MODE_BREAKDOWN
2025-11-08T00:00:00.000000,Japan,Japan,JP,227.02,292.16,58.5,47.33,,true,ESTIMATED_MODE_BREAKDOWN
2025-11-08T01:00:00.000000,Japan,Japan,JP,193.95,255.77,64.54,53.9,,true,ESTIMATED_MODE_BREAKDOWN
2025-11-08T02:00:00.000000,Japan,Japan,JP,180.22,240.68,67.05,56.45,,true,ESTIMATED_MODE_BREAKDOWN
2025-11-08T03:00:00.000000,Japan,Japan,JP,186.65,247.74,65.88,55.18,,true,ESTIMATED_MODE_BREAKDOWN
2025-11-08T04:00:00.000000,Japan,Japan,JP,218.96,283.37,59.97,49.03,,true,ESTIMATED_MODE_BREAKDOWN
2025-11-08T05:00:00.000000,Japan,Japan,JP,275.6,345.82,49.61,38.16,,true,ESTIMATED_MODE_BREAKDOWN
2025-11-08T06:00:00.000000,Japan,Japan,JP,354.28,432.84,35.26,23.57,,true,ESTIMATED_MODE_BREAKDOWN
2025-11-08T07:00:00.000000,Japan,Japan,JP,410.34,495.16,25.05,13.73,,true,ESTIMATED_MODE_BREAKDOWN
2025-11-08T08:00:00.000000,Japan,Japan,JP,423.8,510.28,22.61,11.8,,true,ESTIMATED_MODE_BREAKDOWN
2025-11-08T09:00:00.000000,Japan,Japan,JP,424.07,510.63,22.56,11.82,,true,ESTIMATED_MODE_BREAKDOWN
2025-11-08T10:00:00.000000,Japan,Japan,JP,422.7,509.06,22.81,11.86,,true,ESTIMATED_MODE_BREAKDOWN
2025-11-08T11:00:00.000000,Japan,Japan,JP,421.31,507.37,23.07,11.77,,true,ESTIMATED_MODE_BREAKDOWN
2025-11-08T12:00:00.000000,Japan,Japan,JP,418.25,503.73,23.63,11.84,,true,ESTIMATED_MODE_BREAKDOWN
2025-11-08T13:00:00.000000,Japan,Japan,JP,415.37,500.37,24.15,11.79,,true,ESTIMATED_MODE_BREAKDOWN
2025-11-08T14:00:00.000000,Japan,Japan,JP,413.73,498.4,24.45,11.81,,true,ESTIMATED_MODE_BREAKDOWN
2025-11-08T15:00:00.000000,Japan,Japan,JP,408.2,492.11,25.47,11.95,,true,ESTIMATED_MODE_BREAKDOWN
2025-11-08T16:00:00.000000,Japan,Japan,JP,404.96,488.42,26.06,11.99,,true,ESTIMATED_MODE_BREAKDOWN
2025-11-08T17:00:00.000000,Japan,Japan,JP,406.38,490.09,25.8,12.01,,true,ESTIMATED_MODE_BREAKDOWN
2025-11-08T18:00:00.000000,Japan,Japan,JP,409.23,493.42,25.29,12.06,,true,ESTIMATED_MODE_BREAKDOWN
2025-11-08T19:00:00.000000,Japan,Japan,JP,410.7,495.11,25.02,12.06,,true,ESTIMATED_MODE_BREAKDOWN
2025-11-08T20:00:00.000000,Japan,Japan,JP,410.78,495.24,25.01,12.07,,true,ESTIMATED_MODE_BREAKDOWN
2025-11-08T21:00:00.000000,Japan,Japan,JP,408.64,492.74,25.39,12.22,,true,ESTIMATED_MODE_BREAKDOWN
2025-11-08T22:00:00.000000,Japan,Japan,JP,402.23,485.68,26.54,13.83,,true,ESTIMATED_MODE_BREAKDOWN
2025-11-08T23:00:00.000000,Japan,Japan,JP,394.61,477.25,27.93,15.9,,true,ESTIMATED_MODE_BREAKDOWN
2025-11-09T00:00:00.000000,Japan,Japan,JP,385.1,466.72,29.65,18.16,,true,ESTIMATED_MODE_BREAKDOWN
2025-11-09T01:00:00.000000,Japan,Japan,JP,372.84,453.12,31.88,20.47,,true,ESTIMATED_MODE_BREAKDOWN
2025-11-09T02:00:00.000000,Japan,Japan,JP,360.31,439.26,34.16,22.67,,true,ESTIMATED_MODE_BREAKDOWN
2025-11-09T03:00:00.000000,Japan,Japan,JP,355.85,434.32,34.98,23.44,,true,ESTIMATED_MODE_BREAKDOWN
2025-11-09T04:00:00.000000,Japan,Japan,JP,364.45,443.74,33.39,21.81,,true,ESTIMATED_MODE_BREAKDOWN
2025-11-09T05:00:00.000000,Japan,Japan,JP,378.5,459.25,30.83,19.1,,true,ESTIMATED_MODE_BREAKDOWN
2025-11-09T06:00:00.000000,Japan,Japan,JP,396.96,479.83,27.47,15.87,,true,ESTIMATED_MODE_BREAKDOWN
2025-11-09T07:00:00.000000,Japan,Japan,JP,414.42,499.47,24.3,13.13,,true,ESTIMATED_MODE_BREAKDOWN
2025-11-09T08:00:00.000000,Japan,Japan,JP,421.84,507.9,22.95,12.29,,true,ESTIMATED_MODE_BREAKDOWN
2025-11-09T09:00:00.000000,Japan,Japan,JP,422.78,508.9,22.78,12.19,,true,ESTIMATED_MODE_BREAKDOWN
2025-11-09T10:00:00.000000,Japan,Japan,JP,421.27,507.15,23.06,12.24,,true,ESTIMATED_MODE_BREAKDOWN
2025-11-09T11:00:00.000000,Japan,Japan,JP,419.3,504.82,23.42,12.26,,true,ESTIMATED_MODE_BREAKDOWN
2025-11-09T12:00:00.000000,Japan,Japan,JP,415.18,499.9,24.17,12.46,,true,ESTIMATED_MODE_BREAKDOWN
2025-11-09T13:00:00.000000,Japan,Japan,JP,410.45,494.54,25.03,12.65,,true,ESTIMATED_MODE_BREAKDOWN
2025-11-09T14:00:00.000000,Japan,Japan,JP,407.29,490.97,25.61,12.8,,true,ESTIMATED_MODE_BREAKDOWN
2025-11-09T15:00:00.000000,Japan,Japan,JP,401.18,483.86,26.73,12.95,,true,ESTIMATED_MODE_BREAKDOWN
2025-11-09T16:00:00.000000,Japan,Japan,JP,397.85,480.01,27.33,13.04,,true,ESTIMATED_MODE_BREAKDOWN
2025-11-09T17:00:00.000000,Japan,Japan,JP,398.53,480.87,27.22,13.22,,true,ESTIMATED_MODE_BREAKDOWN
2025-11-09T18:00:00.000000,Japan,Japan,JP,402.23,485.12,26.55,13.3,,true,ESTIMATED_MODE_BREAKDOWN
2025-11-09T19:00:00.000000,Japan,Japan,JP,405.03,488.38,26.04,13.27,,true,ESTIMATED_MODE_BREAKDOWN
2025-11-09T20:00:00.000000,Japan,Japan,JP,407.67,491.44,25.56,13.21,,true,ESTIMATED_MODE_BREAKDOWN
2025-11-09T21:00:00.000000,Japan,Japan,JP,408.8,492.76,25.34,13.57,,true,ESTIMATED_MODE_BREAKDOWN
2025-11-09T22:00:00.000000,Japan,Japan,JP,377.99,458.84,30.97,19.93,,true,ESTIMATED_MODE_BREAKDOWN
2025-11-09T23:00:00.000000,Japan,Japan,JP,327.68,403.39,40.14,29.92,,true,ESTIMATED_MODE_BREAKDOWN
2025-11-10T00:00:00.000000,Japan,Japan,JP,288.43,359.94,47.28,37.63,,true,ESTIMATED_MODE_BREAKDOWN
2025-11-10T01:00:00.000000,Japan,Japan,JP,260.59,329.19,52.36,42.86,,true,ESTIMATED_MODE_BREAKDOWN
2025-11-10T02:00:00.000000,Japan,Japan,JP,250.35,317.8,54.23,44.62,,true,ESTIMATED_MODE_BREAKDOWN
2025-11-10T03:00:00.000000,Japan,Japan,JP,239.75,305.88,56.17,46.05,,true,ESTIMATED_MODE_BREAKDOWN
2025-11-10T04:00:00.000000,Japan,Japan,JP,262.3,330.95,52.05,42.33,,true,ESTIMATED_MODE_BREAKDOWN
2025-11-10T05:00:00.000000,Japan,Japan,JP,299.02,371.62,45.35,35.68,,true,ESTIMATED_MODE_BREAKDOWN
2025-11-10T06:00:00.000000,Japan,Japan,JP,357.13,436.07,34.75,25.12,,true,ESTIMATED_MODE_BREAKDOWN
2025-11-10T07:00:00.000000,Japan,Japan,JP,410.54,495.4,25.02,15.61,,true,ESTIMATED_MODE_BREAKDOWN
2025-11-10T08:00:00.000000,Japan,Japan,JP,424.01,510.44,22.56,13.26,,true,ESTIMATED_MODE_BREAKDOWN
2025-11-10T09:00:00.000000,Japan,Japan,JP,424.21,510.71,22.53,13.18,,true,ESTIMATED_MODE_BREAKDOWN
2025-11-10T10:00:00.000000,Japan,Japan,JP,423.03,509.27,22.74,13.1,,true,ESTIMATED_MODE_BREAKDOWN
2025-11-10T11:00:00.000000,Japan,Japan,JP,421.58,507.59,23.0,13.07,,true,ESTIMATED_MODE_BREAKDOWN
2025-11-10T12:00:00.000000,Japan,Japan,JP,419.83,505.48,23.32,12.95,,true,ESTIMATED_MODE_BREAKDOWN
2025-11-10T13:00:00.000000,Japan,Japan,JP,417.1,502.25,23.81,12.96,,true,ESTIMATED_MODE_BREAKDOWN
2025-11-10T14:00:00.000000,Japan,Japan,JP,414.67,499.41,24.26,13.0,,true,ESTIMATED_MODE_BREAKDOWN
2025-11-10T15:00:00.000000,Japan,Japan,JP,408.95,492.82,25.31,13.17,,true,ESTIMATED_MODE_BREAKDOWN
2025-11-10T16:00:00.000000,Japan,Japan,JP,406.46,489.97,25.77,13.26,,true,ESTIMATED_MODE_BREAKDOWN
2025-11-10T17:00:00.000000,Japan,Japan,JP,407.49,491.23,25.59,13.27,,true,ESTIMATED_MODE_BREAKDOWN
2025-11-10T18:00:00.000000,Japan,Japan,JP,410.65,495.01,25.02,13.26,,true,ESTIMATED_MODE_BREAKDOWN
2025-11-10T19:00:00.000000,Japan,Japan,JP,413.51,498.29,24.5,13.09,,true,ESTIMATED_MODE_BREAKDOWN
2025-11-10T20:00:00.000000,Japan,Japan,JP,416.21,501.46,24.02,13.02,,true,ESTIMATED_MODE_BREAKDOWN
2025-11-10T21:00:00.000000,Japan,Japan,JP,417.57,503.05,23.76,13.27,,true,ESTIMATED_MODE_BREAKDOWN
2025-11-10T22:00:00.000000,Japan,Japan,JP,388.56,471.01,29.04,18.95,,true,ESTIMATED_MODE_BREAKDOWN
2025-11-10T23:00:00.000000,Japan,Japan,JP,348.64,427.06,36.31,26.87,,true,ESTIMATED_MODE_BREAKDOWN
2025-11-11T00:00:00.000000,Japan,Japan,JP,316.92,392.03,42.11,33.07,,true,ESTIMATED_MODE_BREAKDOWN
2025-11-11T01:00:00.000000,Japan,Japan,JP,294.84,367.56,46.13,37.11,,true,ESTIMATED_MODE_BREAKDOWN
2025-11-11T02:00:00.000000,Japan,Japan,JP,295.29,367.96,46.04,36.95,,true,ESTIMATED_MODE_BREAKDOWN
2025-11-11T03:00:00.000000,Japan,Japan,JP,291.74,363.75,46.68,37.09,,true,ESTIMATED_MODE_BREAKDOWN
2025-11-11T04:00:00.000000,Japan,Japan,JP,312.05,386.35,42.97,33.64,,true,ESTIMATED_MODE_BREAKDOWN
2025-11-11T05:00:00.000000,Japan,Japan,JP,340.14,417.48,37.85,28.52,,true,ESTIMATED_MODE_BREAKDOWN
2025-11-11T06:00:00.000000,Japan,Japan,JP,377.26,458.7,31.09,21.73,,true,ESTIMATED_MODE_BREAKDOWN
2025-11-11T07:00:00.000000,Japan,Japan,JP,417.89,503.82,23.68,14.55,,true,ESTIMATED_MODE_BREAKDOWN
2025-11-11T08:00:00.000000,Japan,Japan,JP,428.09,515.21,21.83,12.77,,true,ESTIMATED_MODE_BREAKDOWN
2025-11-11T09:00:00.000000,Japan,Japan,JP,428.08,515.18,21.83,12.77,,true,ESTIMATED_MODE_BREAKDOWN
2025-11-11T10:00:00.000000,Japan,Japan,JP,426.61,513.44,22.1,12.75,,true,ESTIMATED_MODE_BREAKDOWN
2025-11-11T11:00:00.000000,Japan,Japan,JP,424.77,511.28,22.43,12.79,,true,ESTIMATED_MODE_BREAKDOWN
2025-11-11T12:00:00.000000,Japan,Japan,JP,422.65,508.72,22.82,12.76,,true,ESTIMATED_MODE_BREAKDOWN
2025-11-11T13:00:00.000000,Japan,Japan,JP,420.0,505.58,23.3,12.74,,true,ESTIMATED_MODE_BREAKDOWN
2025-11-11T14:00:00.000000,Japan,Japan,JP,417.48,502.69,23.77,12.78,,true,ESTIMATED_MODE_BREAKDOWN
2025-11-11T15:00:00.000000,Japan,Japan,JP,412.24,496.69,24.73,12.88,,true,ESTIMATED_MODE_BREAKDOWN
2025-11-11T16:00:00.000000,Japan,Japan,JP,410.0,494.16,25.13,12.9,,true,ESTIMATED_MODE_BREAKDOWN
2025-11-11T17:00:00.000000,Japan,Japan,JP,411.58,496.03,24.85,12.84,,true,ESTIMATED_MODE_BREAKDOWN
2025-11-11T18:00:00.000000,Japan,Japan,JP,415.09,500.06,24.22,12.64,,true,ESTIMATED_MODE_BREAKDOWN
2025-11-11T19:00:00.000000,Japan,Japan,JP,417.09,502.4,23.86,12.61,,true,ESTIMATED_MODE_BREAKDOWN
2025-11-11T20:00:00.000000,Japan,Japan,JP,419.79,505.6,23.37,12.49,,true,ESTIMATED_MODE_BREAKDOWN
2025-11-11T21:00:00.000000,Japan,Japan,JP,421.4,507.58,23.07,12.75,,true,ESTIMATED_MODE_BREAKDOWN
2025-11-11T22:00:00.000000,Japan,Japan,JP,389.9,472.88,28.81,18.9,,true,ESTIMATED_MODE_BREAKDOWN
2025-11-11T23:00:00.000000,Japan,Japan,JP,341.09,419.16,37.72,28.32,,true,ESTIMATED_MODE_BREAKDOWN
2025-11-12T00:00:00.000000,Japan,Japan,JP,305.22,379.56,44.27,35.19,,true,ESTIMATED_MODE_BREAKDOWN
2025-11-12T01:00:00.000000,Japan,Japan,JP,284.62,356.59,48.03,38.88,,true,ESTIMATED_MODE_BREAKDOWN
2025-11-12T02:00:00.000000,Japan,Japan,JP,275.43,346.36,49.7,40.46,,true,ESTIMATED_MODE_BREAKDOWN
2025-11-12T03:00:00.000000,Japan,Japan,JP,272.93,343.38,50.16,40.36,,true,ESTIMATED_MODE_BREAKDOWN
2025-11-12T04:00:00.000000,Japan,Japan,JP,301.13,374.64,44.98,35.5,,true,ESTIMATED_MODE_BREAKDOWN
2025-11-12T05:00:00.000000,Japan,Japan,JP,341.07,418.93,37.7,28.25,,true,ESTIMATED_MODE_BREAKDOWN
2025-11-12T06:00:00.000000,Japan,Japan,JP,392.39,475.82,28.35,18.98,,true,ESTIMATED_MODE_BREAKDOWN
2025-11-12T07:00:00.000000,Japan,Japan,JP,428.3,515.6,21.79,12.66,,true,ESTIMATED_MODE_BREAKDOWN
2025-11-12T08:00:00.000000,Japan,Japan,JP,433.87,521.84,20.78,11.76,,true,ESTIMATED_MODE_BREAKDOWN
2025-11-12T09:00:00.000000,Japan,Japan,JP,433.49,521.43,20.85,11.79,,true,ESTIMATED_MODE_BREAKDOWN
2025-11-12T10:00:00.000000,Japan,Japan,JP,432.03,519.75,21.12,11.8,,true,ESTIMATED_MODE_BREAKDOWN
2025-11-12T11:00:00.000000,Japan,Japan,JP,430.38,517.78,21.41,11.79,,true,ESTIMATED_MODE_BREAKDOWN
2025-11-12T12:00:00.000000,Japan,Japan,JP,427.52,514.4,21.94,11.86,,true,ESTIMATED_MODE_BREAKDOWN
2025-11-12T13:00:00.000000,Japan,Japan,JP,424.93,511.35,22.41,11.85,,true,ESTIMATED_MODE_BREAKDOWN
2025-11-12T14:00:00.000000,Japan,Japan,JP,420.87,506.6,23.15,11.91,,true,ESTIMATED_MODE_BREAKDOWN
2025-11-12T15:00:00.000000,Japan,Japan,JP,416.45,501.45,23.96,11.97,,true,ESTIMATED_MODE_BREAKDOWN
2025-11-12T16:00:00.000000,Japan,Japan,JP,414.07,498.71,24.39,12.04,,true,ESTIMATED_MODE_BREAKDOWN
2025-11-12T17:00:00.000000,Japan,Japan,JP,415.17,499.95,24.19,12.03,,true,ESTIMATED_MODE_BREAKDOWN
2025-11-12T18:00:00.000000,Japan,Japan,JP,417.51,502.8,23.79,12.06,,true,ESTIMATED_MODE_BREAKDOWN
2025-11-12T19:00:00.000000,Japan,Japan,JP,419.3,504.98,23.47,12.08,,true,ESTIMATED_MODE_BREAKDOWN
2025-11-12T20:00:00.000000,Japan,Japan,JP,421.15,507.13,23.13,12.06,,true,ESTIMATED_MODE_BREAKDOWN
2025-11-12T21:00:00.000000,Japan,Japan,JP,421.97,508.15,22.97,12.38,,true,ESTIMATED_MODE_BREAKDOWN
2025-11-12T22:00:00.000000,Japan,Japan,JP,411.17,496.36,24.93,14.93,,true,ESTIMATED_MODE_BREAKDOWN
2025-11-12T23:00:00.000000,Japan,Japan,JP,397.66,481.61,27.39,18.19,,true,ESTIMATED_MODE_BREAKDOWN
2025-11-13T00:00:00.000000,Japan,Japan,JP,384.11,466.58,29.86,21.06,,true,ESTIMATED_MODE_BREAKDOWN
2025-11-13T01:00:00.000000,Japan,Japan,JP,365.99,446.46,33.17,24.25,,true,ESTIMATED_MODE_BREAKDOWN
2025-11-13T02:00:00.000000,Japan,Japan,JP,355.63,434.96,35.06,26.05,,true,ESTIMATED_MODE_BREAKDOWN
2025-11-13T03:00:00.000000,Japan,Japan,JP,356.51,435.78,34.91,25.42,,true,ESTIMATED_MODE_BREAKDOWN
2025-11-13T04:00:00.000000,Japan,Japan,JP,374.53,455.78,31.62,22.43,,true,ESTIMATED_MODE_BREAKDOWN
2025-11-13T05:00:00.000000,Japan,Japan,JP,392.12,475.31,28.4,19.29,,true,ESTIMATED_MODE_BREAKDOWN
2025-11-13T06:00:00.000000,Japan,Japan,JP,411.97,497.34,24.78,15.65,,true,ESTIMATED_MODE_BREAKDOWN
2025-11-13T07:00:00.000000,Japan,Japan,JP,427.86,514.98,21.87,12.95,,true,ESTIMATED_MODE_BREAKDOWN
2025-11-13T08:00:00.000000,Japan,Japan,JP,431.04,518.52,21.29,12.41,,true,ESTIMATED_MODE_BREAKDOWN
2025-11-13T09:00:00.000000,Japan,Japan,JP,430.78,518.23,21.34,12.33,,true,ESTIMATED_MODE_BREAKDOWN
2025-11-13T10:00:00.000000,Japan,Japan,JP,428.93,516.11,21.68,12.38,,true,ESTIMATED_MODE_BREAKDOWN
2025-11-13T11:00:00.000000,Japan,Japan,JP,426.88,513.69,22.05,12.4,,true,ESTIMATED_MODE_BREAKDOWN
2025-11-13T12:00:00.000000,Japan,Japan,JP,424.6,510.99,22.47,12.38,,true,ESTIMATED_MODE_BREAKDOWN
2025-11-13T13:00:00.000000,Japan,Japan,JP,421.23,507.03,23.09,12.43,,true,ESTIMATED_MODE_BREAKDOWN
2025-11-13T14:00:00.000000,Japan,Japan,JP,418.57,503.96,23.57,12.5,,true,ESTIMATED_MODE_BREAKDOWN
2025-11-13T15:00:00.000000,Japan,Japan,JP,413.01,497.58,24.59,12.57,,true,ESTIMATED_MODE_BREAKDOWN
2025-11-13T16:00:00.000000,Japan,Japan,JP,410.23,494.41,25.1,12.65,,true,ESTIMATED_MODE_BREAKDOWN
2025-11-13T17:00:00.000000,Japan,Japan,JP,411.18,495.65,24.94,12.69,,true,ESTIMATED_MODE_BREAKDOWN
2025-11-13T18:00:00.000000,Japan,Japan,JP,414.37,499.36,24.36,12.64,,true,ESTIMATED_MODE_BREAKDOWN
2025-11-13T19:00:00.000000,Japan,Japan,JP,416.55,501.9,23.97,12.6,,true,ESTIMATED_MODE_BREAKDOWN
2025-11-13T20:00:00.000000,Japan,Japan,JP,418.38,504.02,23.64,12.57,,true,ESTIMATED_MODE_BREAKDOWN
2025-11-13T21:00:00.000000,Japan,Japan,JP,420.03,505.93,23.33,12.8,,true,ESTIMATED_MODE_BREAKDOWN
2025-11-13T22:00:00.000000,Japan,Japan,JP,385.49,467.73,29.61,19.54,,true,ESTIMATED_MODE_BREAKDOWN
2025-11-13T23:00:00.000000,Japan,Japan,JP,324.01,399.78,40.82,31.23,,true,ESTIMATED_MODE_BREAKDOWN
2025-11-14T00:00:00.000000,Japan,Japan,JP,269.72,339.74,50.71,41.41,,true,ESTIMATED_MODE_BREAKDOWN
2025-11-14T01:00:00.000000,Japan,Japan,JP,229.57,295.2,58.03,48.69,,true,ESTIMATED_MODE_BREAKDOWN
2025-11-14T02:00:00.000000,Japan,Japan,JP,218.27,282.68,60.1,50.65,,true,ESTIMATED_MODE_BREAKDOWN
2025-11-14T03:00:00.000000,Japan,Japan,JP,218.5,282.85,60.05,50.26,,true,ESTIMATED_MODE_BREAKDOWN
2025-11-14T04:00:00.000000,Japan,Japan,JP,248.72,316.27,54.53,44.92,,true,ESTIMATED_MODE_BREAKDOWN
2025-11-14T05:00:00.000000,Japan,Japan,JP,298.25,371.11,45.49,35.91,,true,ESTIMATED_MODE_BREAKDOWN
2025-11-14T06:00:00.000000,Japan,Japan,JP,364.61,444.74,33.4,23.8,,true,ESTIMATED_MODE_BREAKDOWN
2025-11-14T07:00:00.000000,Japan,Japan,JP,419.27,505.42,23.45,13.95,,true,ESTIMATED_MODE_BREAKDOWN
2025-11-14T08:00:00.000000,Japan,Japan,JP,429.52,516.86,21.58,12.11,,true,ESTIMATED_MODE_BREAKDOWN
2025-11-14T09:00:00.000000,Japan,Japan,JP,429.29,516.64,21.62,12.04,,true,ESTIMATED_MODE_BREAKDOWN
2025-11-14T10:00:00.000000,Japan,Japan,JP,428.12,515.22,21.84,11.97,,true,ESTIMATED_MODE_BREAKDOWN
2025-11-14T11:00:00.000000,Japan,Japan,JP,426.43,513.25,22.14,11.97,,true,ESTIMATED_MODE_BREAKDOWN
2025-11-14T12:00:00.000000,Japan,Japan,JP,424.5,511.0,22.49,11.89,,true,ESTIMATED_MODE_BREAKDOWN
2025-11-14T13:00:00.000000,Japan,Japan,JP,422.36,508.39,22.87,11.83,,true,ESTIMATED_MODE_BREAKDOWN
2025-11-14T14:00:00.000000,Japan,Japan,JP,420.99,506.75,23.13,11.75,,true,ESTIMATED_MODE_BREAKDOWN
2025-11-14T15:00:00.000000,Japan,Japan,JP,417.06,502.14,23.86,11.61,,true,ESTIMATED_MODE_BREAKDOWN
2025-11-14T16:00:00.000000,Japan,Japan,JP,414.43,499.17,24.34,11.6,,true,ESTIMATED_MODE_BREAKDOWN
2025-11-14T17:00:00.000000,Japan,Japan,JP,415.64,500.57,24.12,11.59,,true,ESTIMATED_MODE_BREAKDOWN
2025-11-14T18:00:00.000000,Japan,Japan,JP,417.79,503.14,23.74,11.7,,true,ESTIMATED_MODE_BREAKDOWN
2025-11-14T19:00:00.000000,Japan,Japan,JP,418.99,504.66,23.53,11.76,,true,ESTIMATED_MODE_BREAKDOWN
2025-11-14T20:00:00.000000,Japan,Japan,JP,419.21,504.96,23.5,11.75,,true,ESTIMATED_MODE_BREAKDOWN
2025-11-14T21:00:00.000000,Japan,Japan,JP,417.3,502.81,23.83,12.09,,true,ESTIMATED_MODE_BREAKDOWN
2025-11-14T22:00:00.000000,Japan,Japan,JP,379.31,460.82,30.75,19.13,,true,ESTIMATED_MODE_BREAKDOWN
2025-11-14T23:00:00.000000,Japan,Japan,JP,300.39,373.35,45.13,33.68,,true,ESTIMATED_MODE_BREAKDOWN
2025-11-15T00:00:00.000000,Japan,Japan,JP,228.65,293.93,58.2,47.02,,true,ESTIMATED_MODE_BREAKDOWN
2025-11-15T01:00:00.000000,Japan,Japan,JP,182.2,242.78,66.69,55.87,,true,ESTIMATED_MODE_BREAKDOWN
2025-11-15T02:00:00.000000,Japan,Japan,JP,169.85,229.23,68.95,58.22,,true,ESTIMATED_MODE_BREAKDOWN
2025-11-15T03:00:00.000000,Japan,Japan,JP,178.83,239.04,67.31,56.36,,true,ESTIMATED_MODE_BREAKDOWN
2025-11-15T04:00:00.000000,Japan,Japan,JP,200.38,262.69,63.37,52.16,,true,ESTIMATED_MODE_BREAKDOWN
2025-11-15T05:00:00.000000,Japan,Japan,JP,251.38,318.81,54.05,42.31,,true,ESTIMATED_MODE_BREAKDOWN
2025-11-15T06:00:00.000000,Japan,Japan,JP,335.02,411.5,38.78,27.08,,true,ESTIMATED_MODE_BREAKDOWN
2025-11-15T07:00:00.000000,Japan,Japan,JP,406.14,490.5,25.82,14.44,,true,ESTIMATED_MODE_BREAKDOWN
2025-11-15T08:00:00.000000,Japan,Japan,JP,423.77,510.23,22.62,11.76,,true,ESTIMATED_MODE_BREAKDOWN
2025-11-15T09:00:00.000000,Japan,Japan,JP,424.58,511.2,22.48,11.74,,true,ESTIMATED_MODE_BREAKDOWN
2025-11-15T10:00:00.000000,Japan,Japan,JP,424.07,510.5,22.57,11.67,,true,ESTIMATED_MODE_BREAKDOWN
2025-11-15T11:00:00.000000,Japan,Japan,JP,422.81,509.0,22.8,11.64,,true,ESTIMATED_MODE_BREAKDOWN
2025-11-15T12:00:00.000000,Japan,Japan,JP,420.85,506.67,23.15,11.6,,true,ESTIMATED_MODE_BREAKDOWN
2025-11-15T13:00:00.000000,Japan,Japan,JP,418.15,503.52,23.64,11.58,,true,ESTIMATED_MODE_BREAKDOWN
2025-11-15T14:00:00.000000,Japan,Japan,JP,416.35,501.44,23.97,11.56,,true,ESTIMATED_MODE_BREAKDOWN
2025-11-15T15:00:00.000000,Japan,Japan,JP,411.79,496.1,24.8,11.51,,true,ESTIMATED_MODE_BREAKDOWN
2025-11-15T16:00:00.000000,Japan,Japan,JP,409.66,493.67,25.19,11.47,,true,ESTIMATED_MODE_BREAKDOWN
2025-11-15T17:00:00.000000,Japan,Japan,JP,411.75,496.16,24.81,11.44,,true,ESTIMATED_MODE_BREAKDOWN
2025-11-15T18:00:00.000000,Japan,Japan,JP,415.34,500.36,24.17,11.41,,true,ESTIMATED_MODE_BREAKDOWN
2025-11-15T19:00:00.000000,Japan,Japan,JP,417.06,502.45,23.87,11.44,,true,ESTIMATED_MODE_BREAKDOWN
2025-11-15T20:00:00.000000,Japan,Japan,JP,417.61,503.2,23.78,11.44,,true,ESTIMATED_MODE_BREAKDOWN
2025-11-15T21:00:00.000000,Japan,Japan,JP,415.52,500.77,24.14,11.75,,true,ESTIMATED_MODE_BREAKDOWN
2025-11-15T22:00:00.000000,Japan,Japan,JP,371.6,452.09,32.15,19.82,,true,ESTIMATED_MODE_BREAKDOWN
2025-11-15T23:00:00.000000,Japan,Japan,JP,285.09,356.21,47.94,35.68,,true,ESTIMATED_MODE_BREAKDOWN
2025-11-16T00:00:00.000000,Japan,Japan,JP,212.89,276.38,61.1,48.95,,true,ESTIMATED_MODE_BREAKDOWN
2025-11-16T01:00:00.000000,Japan,Japan,JP,172.57,232.01,68.45,56.72,,true,ESTIMATED_MODE_BREAKDOWN
2025-11-16T02:00:00.000000,Japan,Japan,JP,165.63,224.44,69.72,58.3,,true,ESTIMATED_MODE_BREAKDOWN
2025-11-16T03:00:00.000000,Japan,Japan,JP,173.39,232.92,68.3,56.68,,true,ESTIMATED_MODE_BREAKDOWN
2025-11-16T04:00:00.000000,Japan,Japan,JP,199.09,261.06,63.6,51.43,,true,ESTIMATED_MODE_BREAKDOWN
2025-11-16T05:00:00.000000,Japan,Japan,JP,252.47,319.84,53.86,41.3,,true,ESTIMATED_MODE_BREAKDOWN
2025-11-16T06:00:00.000000,Japan,Japan,JP,335.91,412.25,38.63,26.28,,true,ESTIMATED_MODE_BREAKDOWN
2025-11-16T07:00:00.000000,Japan,Japan,JP,405.41,489.46,25.96,14.03,,true,ESTIMATED_MODE_BREAKDOWN
2025-11-16T08:00:00.000000,Japan,Japan,JP,422.56,508.75,22.84,11.72,,true,ESTIMATED_MODE_BREAKDOWN
2025-11-16T09:00:00.000000,Japan,Japan,JP,423.49,509.88,22.67,11.84,,true,ESTIMATED_MODE_BREAKDOWN
2025-11-16T10:00:00.000000,Japan,Japan,JP,422.58,508.72,22.83,11.88,,true,ESTIMATED_MODE_BREAKDOWN
2025-11-16T11:00:00.000000,Japan,Japan,JP,420.73,506.53,23.16,11.97,,true,ESTIMATED_MODE_BREAKDOWN
2025-11-16T12:00:00.000000,Japan,Japan,JP,417.28,502.48,23.79,12.15,,true,ESTIMATED_MODE_BREAKDOWN
2025-11-16T13:00:00.000000,Japan,Japan,JP,413.46,498.07,24.49,12.2,,true,ESTIMATED_MODE_BREAKDOWN
2025-11-16T14:00:00.000000,Japan,Japan,JP,410.65,494.85,25.01,12.29,,true,ESTIMATED_MODE_BREAKDOWN
2025-11-16T15:00:00.000000,Japan,Japan,JP,404.74,488.01,26.1,12.46,,true,ESTIMATED_MODE_BREAKDOWN
2025-11-16T16:00:00.000000,Japan,Japan,JP,402.43,485.3,26.52,12.59,,true,ESTIMATED_MODE_BREAKDOWN
2025-11-16T17:00:00.000000,Japan,Japan,JP,403.87,487.09,26.26,12.73,,true,ESTIMATED_MODE_BREAKDOWN
2025-11-16T18:00:00.000000,Japan,Japan,JP,406.9,490.62,25.71,12.88,,true,ESTIMATED_MODE_BREAKDOWN
2025-11-16T19:00:00.000000,Japan,Japan,JP,409.52,493.8,25.25,12.87,,true,ESTIMATED_MODE_BREAKDOWN
2025-11-16T20:00:00.000000,Japan,Japan,JP,411.74,496.44,24.84,12.95,,true,ESTIMATED_MODE_BREAKDOWN
2025-11-16T21:00:00.000000,Japan,Japan,JP,414.43,499.46,24.34,13.11,,true,ESTIMATED_MODE_BREAKDOWN
2025-11-16T22:00:00.000000,Japan,Japan,JP,384.21,466.12,29.85,19.29,,true,ESTIMATED_MODE_BREAKDOWN
2025-11-16T23:00:00.000000,Japan,Japan,JP,324.17,399.91,40.79,30.95,,true,ESTIMATED_MODE_BREAKDOWN
2025-11-17T00:00:00.000000,Japan,Japan,JP,275.05,345.62,49.74,40.32,,true,ESTIMATED_MODE_BREAKDOWN
2025-11-17T01:00:00.000000,Japan,Japan,JP,241.93,308.92,55.77,46.3,,true,ESTIMATED_MODE_BREAKDOWN
2025-11-17T02:00:00.000000,Japan,Japan,JP,231.79,297.75,57.62,48.28,,true,ESTIMATED_MODE_BREAKDOWN
2025-11-17T03:00:00.000000,Japan,Japan,JP,231.71,297.4,57.64,47.73,,true,ESTIMATED_MODE_BREAKDOWN
2025-11-17T04:00:00.000000,Japan,Japan,JP,271.53,341.67,50.39,40.74,,true,ESTIMATED_MODE_BREAKDOWN
2025-11-17T05:00:00.000000,Japan,Japan,JP,325.92,401.91,40.46,30.9,,true,ESTIMATED_MODE_BREAKDOWN
2025-11-17T06:00:00.000000,Japan,Japan,JP,380.78,462.55,30.45,20.89,,true,ESTIMATED_MODE_BREAKDOWN
2025-11-17T07:00:00.000000,Japan,Japan,JP,418.53,504.32,23.57,14.14,,true,ESTIMATED_MODE_BREAKDOWN
2025-11-17T08:00:00.000000,Japan,Japan,JP,424.88,511.37,22.41,13.02,,true,ESTIMATED_MODE_BREAKDOWN
2025-11-17T09:00:00.000000,Japan,Japan,JP,423.87,510.28,22.59,13.09,,true,ESTIMATED_MODE_BREAKDOWN
2025-11-17T10:00:00.000000,Japan,Japan,JP,422.22,508.26,22.89,13.06,,true,ESTIMATED_MODE_BREAKDOWN
2025-11-17T11:00:00.000000,Japan,Japan,JP,419.69,505.32,23.35,13.17,,true,ESTIMATED_MODE_BREAKDOWN
2025-11-17T12:00:00.000000,Japan,Japan,JP,416.58,501.66,23.92,13.29,,true,ESTIMATED_MODE_BREAKDOWN
2025-11-17T13:00:00.000000,Japan,Japan,JP,413.45,498.01,24.48,13.36,,true,ESTIMATED_MODE_BREAKDOWN
2025-11-17T14:00:00.000000,Japan,Japan,JP,411.27,495.51,24.88,13.44,,true,ESTIMATED_MODE_BREAKDOWN
2025-11-17T15:00:00.000000,Japan,Japan,JP,404.63,487.79,26.09,13.67,,true,ESTIMATED_MODE_BREAKDOWN
2025-11-17T16:00:00.000000,Japan,Japan,JP,402.59,485.49,26.46,13.77,,true,ESTIMATED_MODE_BREAKDOWN
2025-11-17T17:00:00.000000,Japan,Japan,JP,404.14,487.39,26.18,13.74,,true,ESTIMATED_MODE_BREAKDOWN
2025-11-17T18:00:00.000000,Japan,Japan,JP,407.84,491.74,25.52,13.61,,true,ESTIMATED_MODE_BREAKDOWN
2025-11-17T19:00:00.000000,Japan,Japan,JP,409.98,494.25,25.14,13.61,,true,ESTIMATED_MODE_BREAKDOWN
2025-11-17T20:00:00.000000,Japan,Japan,JP,412.16,496.83,24.74,13.58,,true,ESTIMATED_MODE_BREAKDOWN
2025-11-17T21:00:00.000000,Japan,Japan,JP,415.22,500.31,24.18,13.53,,true,ESTIMATED_MODE_BREAKDOWN
2025-11-17T22:00:00.000000,Japan,Japan,JP,397.66,481.06,27.37,17.24,,true,ESTIMATED_MODE_BREAKDOWN
2025-11-17T23:00:00.000000,Japan,Japan,JP,366.12,446.44,33.13,23.78,,true,ESTIMATED_MODE_BREAKDOWN
2025-11-18T00:00:00.000000,Japan,Japan,JP,343.24,421.09,37.28,28.39,,true,ESTIMATED_MODE_BREAKDOWN
2025-11-18T01:00:00.000000,Japan,Japan,JP,326.94,402.99,40.27,31.32,,true,ESTIMATED_MODE_BREAKDOWN
2025-11-18T02:00:00.000000,Japan,Japan,JP,322.99,398.65,41.01,32.05,,true,ESTIMATED_MODE_BREAKDOWN
2025-11-18T03:00:00.000000,Japan,Japan,JP,319.41,394.54,41.66,32.24,,true,ESTIMATED_MODE_BREAKDOWN
2025-11-18T04:00:00.000000,Japan,Japan,JP,336.09,413.07,38.6,29.55,,true,ESTIMATED_MODE_BREAKDOWN
2025-11-18T05:00:00.000000,Japan,Japan,JP,351.82,430.56,35.73,26.75,,true,ESTIMATED_MODE_BREAKDOWN
2025-11-18T06:00:00.000000,Japan,Japan,JP,390.69,473.7,28.64,19.75,,true,ESTIMATED_MODE_BREAKDOWN
2025-11-18T07:00:00.000000,Japan,Japan,JP,422.53,509.13,22.83,14.18,,true,ESTIMATED_MODE_BREAKDOWN
2025-11-18T08:00:00.000000,Japan,Japan,JP,429.26,516.65,21.61,13.04,,true,ESTIMATED_MODE_BREAKDOWN
2025-11-18T09:00:00.000000,Japan,Japan,JP,429.2,516.56,21.62,13.01,,true,ESTIMATED_MODE_BREAKDOWN
2025-11-18T10:00:00.000000,Japan,Japan,JP,428.15,515.31,21.81,12.97,,true,ESTIMATED_MODE_BREAKDOWN
2025-11-18T11:00:00.000000,Japan,Japan,JP,426.72,513.66,22.07,12.94,,true,ESTIMATED_MODE_BREAKDOWN
2025-11-18T12:00:00.000000,Japan,Japan,JP,424.71,511.26,22.44,12.89,,true,ESTIMATED_MODE_BREAKDOWN
2025-11-18T13:00:00.000000,Japan,Japan,JP,421.27,507.21,23.06,12.96,,true,ESTIMATED_MODE_BREAKDOWN
2025-11-18T14:00:00.000000,Japan,Japan,JP,419.42,504.97,23.4,12.9,,true,ESTIMATED_MODE_BREAKDOWN
2025-11-18T15:00:00.000000,Japan,Japan,JP,414.03,498.78,24.38,13.02,,true,ESTIMATED_MODE_BREAKDOWN
2025-11-18T16:00:00.000000,Japan,Japan,JP,412.41,496.94,24.67,12.93,,true,ESTIMATED_MODE_BREAKDOWN
2025-11-18T17:00:00.000000,Japan,Japan,JP,414.18,499.05,24.36,12.82,,true,ESTIMATED_MODE_BREAKDOWN
2025-11-18T18:00:00.000000,Japan,Japan,JP,417.33,502.78,23.8,12.72,,true,ESTIMATED_MODE_BREAKDOWN
2025-11-18T19:00:00.000000,Japan,Japan,JP,419.42,505.28,23.43,12.7,,true,ESTIMATED_MODE_BREAKDOWN
2025-11-18T20:00:00.000000,Japan,Japan,JP,421.7,507.93,23.01,12.64,,true,ESTIMATED_MODE_BREAKDOWN
2025-11-18T21:00:00.000000,Japan,Japan,JP,424.14,510.87,22.56,12.83,,true,ESTIMATED_MODE_BREAKDOWN
2025-11-18T22:00:00.000000,Japan,Japan,JP,403.08,487.64,26.39,17.11,,true,ESTIMATED_MODE_BREAKDOWN
2025-11-18T23:00:00.000000,Japan,Japan,JP,357.85,437.72,34.63,25.83,,true,ESTIMATED_MODE_BREAKDOWN
2025-11-19T00:00:00.000000,Japan,Japan,JP,309.96,384.67,43.37,34.78,,true,ESTIMATED_MODE_BREAKDOWN
2025-11-19T01:00:00.000000,Japan,Japan,JP,274.24,345.12,49.89,41.21,,true,ESTIMATED_MODE_BREAKDOWN
2025-11-19T02:00:00.000000,Japan,Japan,JP,265.77,335.75,51.43,42.65,,true,ESTIMATED_MODE_BREAKDOWN
2025-11-19T03:00:00.000000,Japan,Japan,JP,269.05,339.2,50.81,41.56,,true,ESTIMATED_MODE_BREAKDOWN
2025-11-19T04:00:00.000000,Japan,Japan,JP,301.14,374.79,44.97,35.93,,true,ESTIMATED_MODE_BREAKDOWN
2025-11-19T05:00:00.000000,Japan,Japan,JP,340.33,418.19,37.82,28.85,,true,ESTIMATED_MODE_BREAKDOWN
2025-11-19T06:00:00.000000,Japan,Japan,JP,388.27,471.26,29.07,20.18,,true,ESTIMATED_MODE_BREAKDOWN
2025-11-19T07:00:00.000000,Japan,Japan,JP,426.46,513.73,22.12,13.48,,true,ESTIMATED_MODE_BREAKDOWN
2025-11-19T08:00:00.000000,Japan,Japan,JP,434.11,522.26,20.72,12.2,,true,ESTIMATED_MODE_BREAKDOWN
2025-11-19T09:00:00.000000,Japan,Japan,JP,434.26,522.49,20.71,12.17,,true,ESTIMATED_MODE_BREAKDOWN
2025-11-19T10:00:00.000000,Japan,Japan,JP,433.52,521.58,20.84,12.1,,true,ESTIMATED_MODE_BREAKDOWN
2025-11-19T11:00:00.000000,Japan,Japan,JP,432.06,519.88,21.1,12.11,,true,ESTIMATED_MODE_BREAKDOWN
2025-11-19T12:00:00.000000,Japan,Japan,JP,429.59,516.98,21.55,12.16,,true,ESTIMATED_MODE_BREAKDOWN
2025-11-19T13:00:00.000000,Japan,Japan,JP,426.38,513.23,22.14,12.2,,true,ESTIMATED_MODE_BREAKDOWN
2025-11-19T14:00:00.000000,Japan,Japan,JP,424.19,510.64,22.53,12.21,,true,ESTIMATED_MODE_BREAKDOWN
2025-11-19T15:00:00.000000,Japan,Japan,JP,419.63,505.34,23.37,12.22,,true,ESTIMATED_MODE_BREAKDOWN
2025-11-19T16:00:00.000000,Japan,Japan,JP,417.5,502.92,23.76,12.22,,true,ESTIMATED_MODE_BREAKDOWN
2025-11-19T17:00:00.000000,Japan,Japan,JP,418.45,504.1,23.59,12.23,,true,ESTIMATED_MODE_BREAKDOWN
2025-11-19T18:00:00.000000,Japan,Japan,JP,420.57,506.61,23.21,12.26,,true,ESTIMATED_MODE_BREAKDOWN
2025-11-19T19:00:00.000000,Japan,Japan,JP,422.42,508.78,22.88,12.2,,true,ESTIMATED_MODE_BREAKDOWN
2025-11-19T20:00:00.000000,Japan,Japan,JP,424.75,511.49,22.46,12.17,,true,ESTIMATED_MODE_BREAKDOWN
2025-11-19T21:00:00.000000,Japan,Japan,JP,427.53,514.74,21.94,12.35,,true,ESTIMATED_MODE_BREAKDOWN
2025-11-19T22:00:00.000000,Japan,Japan,JP,403.67,488.41,26.28,17.19,,true,ESTIMATED_MODE_BREAKDOWN
2025-11-19T23:00:00.000000,Japan,Japan,JP,357.28,437.11,34.74,26.12,,true,ESTIMATED_MODE_BREAKDOWN
2025-11-20T00:00:00.000000,Japan,Japan,JP,308.78,383.36,43.59,35.09,,true,ESTIMATED_MODE_BREAKDOWN
2025-11-20T01:00:00.000000,Japan,Japan,JP,265.07,334.79,51.55,42.79,,true,ESTIMATED_MODE_BREAKDOWN
2025-11-20T02:00:00.000000,Japan,Japan,JP,246.74,314.43,54.9,45.96,,true,ESTIMATED_MODE_BREAKDOWN
2025-11-20T03:00:00.000000,Japan,Japan,JP,240.41,307.32,56.08,46.61,,true,ESTIMATED_MODE_BREAKDOWN
2025-11-20T04:00:00.000000,Japan,Japan,JP,272.08,342.39,50.3,41.06,,true,ESTIMATED_MODE_BREAKDOWN
2025-11-20T05:00:00.000000,Japan,Japan,JP,316.49,391.61,42.19,32.97,,true,ESTIMATED_MODE_BREAKDOWN
2025-11-20T06:00:00.000000,Japan,Japan,JP,375.64,457.31,31.44,22.29,,true,ESTIMATED_MODE_BREAKDOWN
2025-11-20T07:00:00.000000,Japan,Japan,JP,423.64,510.69,22.7,13.84,,true,ESTIMATED_MODE_BREAKDOWN
2025-11-20T08:00:00.000000,Japan,Japan,JP,432.37,520.47,21.11,12.39,,true,ESTIMATED_MODE_BREAKDOWN
2025-11-20T09:00:00.000000,Japan,Japan,JP,432.17,520.22,21.15,12.42,,true,ESTIMATED_MODE_BREAKDOWN
2025-11-20T10:00:00.000000,Japan,Japan,JP,430.55,518.33,21.45,12.52,,true,ESTIMATED_MODE_BREAKDOWN
2025-11-20T11:00:00.000000,Japan,Japan,JP,428.93,516.38,21.75,12.55,,true,ESTIMATED_MODE_BREAKDOWN
2025-11-20T12:00:00.000000,Japan,Japan,JP,426.45,513.4,22.2,12.61,,true,ESTIMATED_MODE_BREAKDOWN
2025-11-20T13:00:00.000000,Japan,Japan,JP,423.29,509.63,22.76,12.67,,true,ESTIMATED_MODE_BREAKDOWN
2025-11-20T14:00:00.000000,Japan,Japan,JP,420.45,506.36,23.28,12.79,,true,ESTIMATED_MODE_BREAKDOWN
2025-11-20T15:00:00.000000,Japan,Japan,JP,414.75,499.62,24.3,12.96,,true,ESTIMATED_MODE_BREAKDOWN
2025-11-20T16:00:00.000000,Japan,Japan,JP,412.52,497.07,24.7,13.05,,true,ESTIMATED_MODE_BREAKDOWN
2025-11-20T17:00:00.000000,Japan,Japan,JP,413.65,498.53,24.51,13.01,,true,ESTIMATED_MODE_BREAKDOWN
2025-11-20T18:00:00.000000,Japan,Japan,JP,415.58,500.85,24.15,13.06,,true,ESTIMATED_MODE_BREAKDOWN
2025-11-20T19:00:00.000000,Japan,Japan,JP,417.39,502.98,23.83,13.01,,true,ESTIMATED_MODE_BREAKDOWN
2025-11-20T20:00:00.000000,Japan,Japan,JP,420.13,506.12,23.33,12.89,,true,ESTIMATED_MODE_BREAKDOWN
2025-11-20T21:00:00.000000,Japan,Japan,JP,423.57,510.02,22.68,12.87,,true,ESTIMATED_MODE_BREAKDOWN
2025-11-20T22:00:00.000000,Japan,Japan,JP,399.95,483.98,26.98,17.64,,true,ESTIMATED_MODE_BREAKDOWN
2025-11-20T23:00:00.000000,Japan,Japan,JP,351.99,431.23,35.76,26.89,,true,ESTIMATED_MODE_BREAKDOWN
2025-11-21T00:00:00.000000,Japan,Japan,JP,309.8,384.52,43.47,34.77,,true,ESTIMATED_MODE_BREAKDOWN
2025-11-21T01:00:00.000000,Japan,Japan,JP,272.16,342.77,50.34,41.44,,true,ESTIMATED_MODE_BREAKDOWN
2025-11-21T02:00:00.000000,Japan,Japan,JP,259.06,328.18,52.72,43.7,,true,ESTIMATED_MODE_BREAKDOWN
2025-11-21T03:00:00.000000,Japan,Japan,JP,255.07,323.57,53.45,43.93,,true,ESTIMATED_MODE_BREAKDOWN
2025-11-21T04:00:00.000000,Japan,Japan,JP,282.59,354.06,48.44,39.19,,true,ESTIMATED_MODE_BREAKDOWN
2025-11-21T05:00:00.000000,Japan,Japan,JP,323.62,399.36,40.93,31.69,,true,ESTIMATED_MODE_BREAKDOWN
2025-11-21T06:00:00.000000,Japan,Japan,JP,376.37,457.94,31.3,22.06,,true,ESTIMATED_MODE_BREAKDOWN
2025-11-21T07:00:00.000000,Japan,Japan,JP,419.53,505.92,23.45,14.42,,true,ESTIMATED_MODE_BREAKDOWN
2025-11-21T08:00:00.000000,Japan,Japan,JP,428.25,515.62,21.86,12.9,,true,ESTIMATED_MODE_BREAKDOWN
2025-11-21T09:00:00.000000,Japan,Japan,JP,428.57,515.96,21.81,12.78,,true,ESTIMATED_MODE_BREAKDOWN
2025-11-21T10:00:00.000000,Japan,Japan,JP,427.36,514.52,22.03,12.78,,true,ESTIMATED_MODE_BREAKDOWN
2025-11-21T11:00:00.000000,Japan,Japan,JP,426.15,513.06,22.25,12.71,,true,ESTIMATED_MODE_BREAKDOWN
2025-11-21T12:00:00.000000,Japan,Japan,JP,424.08,510.61,22.62,12.72,,true,ESTIMATED_MODE_BREAKDOWN
2025-11-21T13:00:00.000000,Japan,Japan,JP,420.63,506.47,23.21,12.84,,true,ESTIMATED_MODE_BREAKDOWN
2025-11-21T14:00:00.000000,Japan,Japan,JP,418.66,504.3,23.59,12.87,,true,ESTIMATED_MODE_BREAKDOWN
2025-11-21T15:00:00.000000,Japan,Japan,JP,413.73,498.74,24.53,12.98,,true,ESTIMATED_MODE_BREAKDOWN
2025-11-21T16:00:00.000000,Japan,Japan,JP,411.13,495.77,25.0,12.98,,true,ESTIMATED_MODE_BREAKDOWN
2025-11-21T17:00:00.000000,Japan,Japan,JP,412.17,496.87,24.77,12.96,,true,ESTIMATED_MODE_BREAKDOWN
2025-11-21T18:00:00.000000,Japan,Japan,JP,414.38,499.49,24.37,12.93,,true,ESTIMATED_MODE_BREAKDOWN
2025-11-21T19:00:00.000000,Japan,Japan,JP,415.7,501.05,24.14,12.92,,true,ESTIMATED_MODE_BREAKDOWN
2025-11-21T20:00:00.000000,Japan,Japan,JP,416.54,502.1,23.99,12.84,,true,ESTIMATED_MODE_BREAKDOWN
2025-11-21T21:00:00.000000,Japan,Japan,JP,417.24,502.86,23.85,12.79,,true,ESTIMATED_MODE_BREAKDOWN
2025-11-21T22:00:00.000000,Japan,Japan,JP,384.95,467.17,29.74,18.92,,true,ESTIMATED_MODE_BREAKDOWN
2025-11-21T23:00:00.000000,Japan,Japan,JP,313.49,388.15,42.81,32.14,,true,ESTIMATED_MODE_BREAKDOWN
2025-11-22T00:00:00.000000,Japan,Japan,JP,243.31,310.19,55.57,44.81,,true,ESTIMATED_MODE_BREAKDOWN
2025-11-22T01:00:00.000000,Japan,Japan,JP,197.12,259.01,63.98,53.01,,true,ESTIMATED_MODE_BREAKDOWN
2025-11-22T02:00:00.000000,Japan,Japan,JP,186.98,247.73,65.82,54.76,,true,ESTIMATED_MODE_BREAKDOWN
2025-11-22T03:00:00.000000,Japan,Japan,JP,193.1,254.46,64.7,53.47,,true,ESTIMATED_MODE_BREAKDOWN
2025-11-22T04:00:00.000000,Japan,Japan,JP,216.79,280.57,60.37,48.98,,true,ESTIMATED_MODE_BREAKDOWN
2025-11-22T05:00:00.000000,Japan,Japan,JP,265.75,334.65,51.43,39.92,,true,ESTIMATED_MODE_BREAKDOWN
2025-11-22T06:00:00.000000,Japan,Japan,JP,345.44,423.07,36.89,25.61,,true,ESTIMATED_MODE_BREAKDOWN
2025-11-22T07:00:00.000000,Japan,Japan,JP,409.4,494.18,25.24,14.3,,true,ESTIMATED_MODE_BREAKDOWN
2025-11-22T08:00:00.000000,Japan,Japan,JP,424.9,511.56,22.42,12.04,,true,ESTIMATED_MODE_BREAKDOWN
2025-11-22T09:00:00.000000,Japan,Japan,JP,425.66,512.49,22.29,12.03,,true,ESTIMATED_MODE_BREAKDOWN
2025-11-22T10:00:00.000000,Japan,Japan,JP,424.81,511.46,22.44,12.07,,true,ESTIMATED_MODE_BREAKDOWN
2025-11-22T11:00:00.000000,Japan,Japan,JP,423.86,510.36,22.62,12.05,,true,ESTIMATED_MODE_BREAKDOWN
2025-11-22T12:00:00.000000,Japan,Japan,JP,421.68,507.78,23.02,12.03,,true,ESTIMATED_MODE_BREAKDOWN
2025-11-22T13:00:00.000000,Japan,Japan,JP,418.71,504.29,23.55,12.05,,true,ESTIMATED_MODE_BREAKDOWN
2025-11-22T14:00:00.000000,Japan,Japan,JP,416.7,502.02,23.92,12.15,,true,ESTIMATED_MODE_BREAKDOWN
2025-11-22T15:00:00.000000,Japan,Japan,JP,412.19,496.74,24.75,12.12,,true,ESTIMATED_MODE_BREAKDOWN
2025-11-22T16:00:00.000000,Japan,Japan,JP,410.24,494.54,25.1,12.11,,true,ESTIMATED_MODE_BREAKDOWN
2025-11-22T17:00:00.000000,Japan,Japan,JP,411.7,496.36,24.86,12.17,,true,ESTIMATED_MODE_BREAKDOWN
2025-11-22T18:00:00.000000,Japan,Japan,JP,414.12,499.3,24.43,12.26,,true,ESTIMATED_MODE_BREAKDOWN
2025-11-22T19:00:00.000000,Japan,Japan,JP,415.56,500.99,24.18,12.26,,true,ESTIMATED_MODE_BREAKDOWN
2025-11-22T20:00:00.000000,Japan,Japan,JP,415.81,501.31,24.13,12.24,,true,ESTIMATED_MODE_BREAKDOWN
2025-11-22T21:00:00.000000,Japan,Japan,JP,415.36,500.72,24.2,12.32,,true,ESTIMATED_MODE_BREAKDOWN
2025-11-22T22:00:00.000000,Japan,Japan,JP,389.7,472.32,28.86,17.21,,true,ESTIMATED_MODE_BREAKDOWN
2025-11-22T23:00:00.000000,Japan,Japan,JP,330.89,407.0,39.59,28.09,,true,ESTIMATED_MODE_BREAKDOWN
2025-11-23T00:00:00.000000,Japan,Japan,JP,272.18,341.85,50.28,38.73,,true,ESTIMATED_MODE_BREAKDOWN
2025-11-23T01:00:00.000000,Japan,Japan,JP,240.24,306.46,56.08,44.63,,true,ESTIMATED_MODE_BREAKDOWN
2025-11-23T02:00:00.000000,Japan,Japan,JP,227.01,291.93,58.5,47.22,,true,ESTIMATED_MODE_BREAKDOWN
2025-11-23T03:00:00.000000,Japan,Japan,JP,234.37,300.07,57.15,45.85,,true,ESTIMATED_MODE_BREAKDOWN
2025-11-23T04:00:00.000000,Japan,Japan,JP,246.27,313.03,54.98,43.18,,true,ESTIMATED_MODE_BREAKDOWN
2025-11-23T05:00:00.000000,Japan,Japan,JP,277.32,347.25,49.32,37.07,,true,ESTIMATED_MODE_BREAKDOWN
2025-11-23T06:00:00.000000,Japan,Japan,JP,347.5,425.05,36.53,24.44,,true,ESTIMATED_MODE_BREAKDOWN
2025-11-23T07:00:00.000000,Japan,Japan,JP,408.01,492.36,25.5,13.95,,true,ESTIMATED_MODE_BREAKDOWN
2025-11-23T08:00:00.000000,Japan,Japan,JP,423.81,510.16,22.63,11.85,,true,ESTIMATED_MODE_BREAKDOWN
2025-11-23T09:00:00.000000,Japan,Japan,JP,425.2,511.84,22.38,11.86,,true,ESTIMATED_MODE_BREAKDOWN
2025-11-23T10:00:00.000000,Japan,Japan,JP,425.11,511.7,22.39,11.79,,true,ESTIMATED_MODE_BREAKDOWN
2025-11-23T11:00:00.000000,Japan,Japan,JP,423.98,510.35,22.59,11.82,,true,ESTIMATED_MODE_BREAKDOWN
2025-11-23T12:00:00.000000,Japan,Japan,JP,421.98,508.0,22.95,11.82,,true,ESTIMATED_MODE_BREAKDOWN
2025-11-23T13:00:00.000000,Japan,Japan,JP,418.48,503.99,23.59,11.86,,true,ESTIMATED_MODE_BREAKDOWN
2025-11-23T14:00:00.000000,Japan,Japan,JP,416.63,501.89,23.94,11.89,,true,ESTIMATED_MODE_BREAKDOWN
2025-11-23T15:00:00.000000,Japan,Japan,JP,412.28,496.76,24.74,11.81,,true,ESTIMATED_MODE_BREAKDOWN
2025-11-23T16:00:00.000000,Japan,Japan,JP,410.72,495.04,25.03,11.85,,true,ESTIMATED_MODE_BREAKDOWN
2025-11-23T17:00:00.000000,Japan,Japan,JP,411.71,496.32,24.85,11.95,,true,ESTIMATED_MODE_BREAKDOWN
2025-11-23T18:00:00.000000,Japan,Japan,JP,415.04,500.2,24.24,11.94,,true,ESTIMATED_MODE_BREAKDOWN
2025-11-23T19:00:00.000000,Japan,Japan,JP,417.0,502.55,23.9,11.94,,true,ESTIMATED_MODE_BREAKDOWN
2025-11-23T20:00:00.000000,Japan,Japan,JP,418.7,504.6,23.6,11.9,,true,ESTIMATED_MODE_BREAKDOWN
2025-11-23T21:00:00.000000,Japan,Japan,JP,419.55,505.55,23.43,11.99,,true,ESTIMATED_MODE_BREAKDOWN
2025-11-23T22:00:00.000000,Japan,Japan,JP,393.02,476.24,28.26,17.34,,true,ESTIMATED_MODE_BREAKDOWN
2025-11-23T23:00:00.000000,Japan,Japan,JP,336.09,413.35,38.62,28.32,,true,ESTIMATED_MODE_BREAKDOWN
2025-11-24T00:00:00.000000,Japan,Japan,JP,281.56,352.94,48.55,38.49,,true,ESTIMATED_MODE_BREAKDOWN
2025-11-24T01:00:00.000000,Japan,Japan,JP,248.45,316.21,54.58,44.42,,true,ESTIMATED_MODE_BREAKDOWN
2025-11-24T02:00:00.000000,Japan,Japan,JP,230.99,296.89,57.77,47.49,,true,ESTIMATED_MODE_BREAKDOWN
2025-11-24T03:00:00.000000,Japan,Japan,JP,238.48,304.97,56.42,45.67,,true,ESTIMATED_MODE_BREAKDOWN
2025-11-24T04:00:00.000000,Japan,Japan,JP,267.97,337.62,51.05,40.34,,true,ESTIMATED_MODE_BREAKDOWN
2025-11-24T05:00:00.000000,Japan,Japan,JP,313.75,388.26,42.69,31.95,,true,ESTIMATED_MODE_BREAKDOWN
2025-11-24T06:00:00.000000,Japan,Japan,JP,374.1,455.14,31.66,21.07,,true,ESTIMATED_MODE_BREAKDOWN
2025-11-24T07:00:00.000000,Japan,Japan,JP,420.07,506.18,23.28,13.01,,true,ESTIMATED_MODE_BREAKDOWN
2025-11-24T08:00:00.000000,Japan,Japan,JP,430.18,517.58,21.45,11.64,,true,ESTIMATED_MODE_BREAKDOWN
2025-11-24T09:00:00.000000,Japan,Japan,JP,430.46,517.93,21.4,11.67,,true,ESTIMATED_MODE_BREAKDOWN
2025-11-24T10:00:00.000000,Japan,Japan,JP,429.32,516.64,21.62,11.71,,true,ESTIMATED_MODE_BREAKDOWN
2025-11-24T11:00:00.000000,Japan,Japan,JP,428.26,515.36,21.81,11.67,,true,ESTIMATED_MODE_BREAKDOWN
2025-11-24T12:00:00.000000,Japan,Japan,JP,426.05,512.76,22.21,11.67,,true,ESTIMATED_MODE_BREAKDOWN
2025-11-24T13:00:00.000000,Japan,Japan,JP,423.08,509.32,22.76,11.65,,true,ESTIMATED_MODE_BREAKDOWN
2025-11-24T14:00:00.000000,Japan,Japan,JP,420.95,506.82,23.14,11.63,,true,ESTIMATED_MODE_BREAKDOWN
2025-11-24T15:00:00.000000,Japan,Japan,JP,417.15,502.35,23.84,11.52,,true,ESTIMATED_MODE_BREAKDOWN
2025-11-24T16:00:00.000000,Japan,Japan,JP,415.24,500.19,24.19,11.55,,true,ESTIMATED_MODE_BREAKDOWN
2025-11-24T17:00:00.000000,Japan,Japan,JP,416.56,501.85,23.96,11.64,,true,ESTIMATED_MODE_BREAKDOWN
2025-11-24T18:00:00.000000,Japan,Japan,JP,418.88,504.6,23.54,11.72,,true,ESTIMATED_MODE_BREAKDOWN
2025-11-24T19:00:00.000000,Japan,Japan,JP,420.47,506.55,23.26,11.74,,true,ESTIMATED_MODE_BREAKDOWN
2025-11-24T20:00:00.000000,Japan,Japan,JP,422.71,509.1,22.85,11.67,,true,ESTIMATED_MODE_BREAKDOWN
2025-11-24T21:00:00.000000,Japan,Japan,JP,426.0,512.81,22.25,11.67,,true,ESTIMATED_MODE_BREAKDOWN
2025-11-24T22:00:00.000000,Japan,Japan,JP,418.14,504.28,23.67,13.87,,true,ESTIMATED_MODE_BREAKDOWN
2025-11-24T23:00:00.000000,Japan,Japan,JP,405.14,490.13,26.04,17.13,,true,ESTIMATED_MODE_BREAKDOWN
2025-11-25T00:00:00.000000,Japan,Japan,JP,391.76,475.3,28.49,20.05,,true,ESTIMATED_MODE_BREAKDOWN
2025-11-25T01:00:00.000000,Japan,Japan,JP,375.63,457.26,31.42,22.99,,true,ESTIMATED_MODE_BREAKDOWN
2025-11-25T02:00:00.000000,Japan,Japan,JP,371.15,452.13,32.2,23.71,,true,ESTIMATED_MODE_BREAKDOWN
2025-11-25T03:00:00.000000,Japan,Japan,JP,365.62,445.76,33.18,24.25,,true,ESTIMATED_MODE_BREAKDOWN
2025-11-25T04:00:00.000000,Japan,Japan,JP,377.2,458.77,31.06,22.37,,true,ESTIMATED_MODE_BREAKDOWN
2025-11-25T05:00:00.000000,Japan,Japan,JP,389.9,472.96,28.77,20.08,,true,ESTIMATED_MODE_BREAKDOWN
2025-11-25T06:00:00.000000,Japan,Japan,JP,409.88,495.15,25.14,16.39,,true,ESTIMATED_MODE_BREAKDOWN
2025-11-25T07:00:00.000000,Japan,Japan,JP,430.97,518.64,21.31,12.74,,true,ESTIMATED_MODE_BREAKDOWN
2025-11-25T08:00:00.000000,Japan,Japan,JP,435.03,523.22,20.57,12.03,,true,ESTIMATED_MODE_BREAKDOWN
2025-11-25T09:00:00.000000,Japan,Japan,JP,434.28,522.42,20.71,12.07,,true,ESTIMATED_MODE_BREAKDOWN
2025-11-25T10:00:00.000000,Japan,Japan,JP,432.37,520.14,21.05,12.13,,true,ESTIMATED_MODE_BREAKDOWN
2025-11-25T11:00:00.000000,Japan,Japan,JP,430.49,517.93,21.39,12.17,,true,ESTIMATED_MODE_BREAKDOWN
2025-11-25T12:00:00.000000,Japan,Japan,JP,428.07,515.08,21.83,12.19,,true,ESTIMATED_MODE_BREAKDOWN
2025-11-25T13:00:00.000000,Japan,Japan,JP,424.39,510.84,22.5,12.3,,true,ESTIMATED_MODE_BREAKDOWN
2025-11-25T14:00:00.000000,Japan,Japan,JP,421.5,507.5,23.03,12.43,,true,ESTIMATED_MODE_BREAKDOWN
2025-11-25T15:00:00.000000,Japan,Japan,JP,417.21,502.38,23.81,12.33,,true,ESTIMATED_MODE_BREAKDOWN
2025-11-25T16:00:00.000000,Japan,Japan,JP,414.67,499.5,24.28,12.45,,true,ESTIMATED_MODE_BREAKDOWN
2025-11-25T17:00:00.000000,Japan,Japan,JP,415.34,500.48,24.17,12.55,,true,ESTIMATED_MODE_BREAKDOWN
2025-11-25T18:00:00.000000,Japan,Japan,JP,417.14,502.56,23.86,12.62,,true,ESTIMATED_MODE_BREAKDOWN
2025-11-25T19:00:00.000000,Japan,Japan,JP,418.6,504.3,23.6,12.61,,true,ESTIMATED_MODE_BREAKDOWN
2025-11-25T20:00:00.000000,Japan,Japan,JP,420.76,506.79,23.2,12.6,,true,ESTIMATED_MODE_BREAKDOWN
2025-11-25T21:00:00.000000,Japan,Japan,JP,423.96,510.48,22.61,12.63,,true,ESTIMATED_MODE_BREAKDOWN
2025-11-25T22:00:00.000000,Japan,Japan,JP,406.7,491.54,25.75,16.32,,true,ESTIMATED_MODE_BREAKDOWN
2025-11-25T23:00:00.000000,Japan,Japan,JP,363.51,443.96,33.63,24.81,,true,ESTIMATED_MODE_BREAKDOWN
2025-11-26T00:00:00.000000,Japan,Japan,JP,320.88,396.76,41.41,32.76,,true,ESTIMATED_MODE_BREAKDOWN
2025-11-26T01:00:00.000000,Japan,Japan,JP,287.7,359.95,47.45,38.64,,true,ESTIMATED_MODE_BREAKDOWN
2025-11-26T02:00:00.000000,Japan,Japan,JP,272.98,343.61,50.14,41.17,,true,ESTIMATED_MODE_BREAKDOWN
2025-11-26T03:00:00.000000,Japan,Japan,JP,271.28,341.64,50.46,41.07,,true,ESTIMATED_MODE_BREAKDOWN
2025-11-26T04:00:00.000000,Japan,Japan,JP,295.63,368.65,46.0,36.9,,true,ESTIMATED_MODE_BREAKDOWN
2025-11-26T05:00:00.000000,Japan,Japan,JP,331.33,408.1,39.48,30.37,,true,ESTIMATED_MODE_BREAKDOWN
2025-11-26T06:00:00.000000,Japan,Japan,JP,381.31,463.47,30.35,21.25,,true,ESTIMATED_MODE_BREAKDOWN
2025-11-26T07:00:00.000000,Japan,Japan,JP,424.28,511.16,22.52,13.58,,true,ESTIMATED_MODE_BREAKDOWN
2025-11-26T08:00:00.000000,Japan,Japan,JP,432.57,520.5,21.01,12.18,,true,ESTIMATED_MODE_BREAKDOWN
2025-11-26T09:00:00.000000,Japan,Japan,JP,432.51,520.49,21.03,12.13,,true,ESTIMATED_MODE_BREAKDOWN
2025-11-26T10:00:00.000000,Japan,Japan,JP,431.8,519.62,21.15,12.04,,true,ESTIMATED_MODE_BREAKDOWN
2025-11-26T11:00:00.000000,Japan,Japan,JP,430.92,518.57,21.32,11.91,,true,ESTIMATED_MODE_BREAKDOWN
2025-11-26T12:00:00.000000,Japan,Japan,JP,429.5,516.89,21.58,11.78,,true,ESTIMATED_MODE_BREAKDOWN
2025-11-26T13:00:00.000000,Japan,Japan,JP,426.77,513.71,22.08,11.76,,true,ESTIMATED_MODE_BREAKDOWN
2025-11-26T14:00:00.000000,Japan,Japan,JP,425.22,511.88,22.37,11.69,,true,ESTIMATED_MODE_BREAKDOWN
2025-11-26T15:00:00.000000,Japan,Japan,JP,420.51,506.53,23.24,11.68,,true,ESTIMATED_MODE_BREAKDOWN
2025-11-26T16:00:00.000000,Japan,Japan,JP,418.46,504.22,23.62,11.68,,true,ESTIMATED_MODE_BREAKDOWN
2025-11-26T17:00:00.000000,Japan,Japan,JP,419.87,505.88,23.37,11.67,,true,ESTIMATED_MODE_BREAKDOWN
2025-11-26T18:00:00.000000,Japan,Japan,JP,422.36,508.76,22.91,11.68,,true,ESTIMATED_MODE_BREAKDOWN
2025-11-26T19:00:00.000000,Japan,Japan,JP,424.04,510.78,22.61,11.72,,true,ESTIMATED_MODE_BREAKDOWN
2025-11-26T20:00:00.000000,Japan,Japan,JP,426.08,513.12,22.24,11.68,,true,ESTIMATED_MODE_BREAKDOWN
2025-11-26T21:00:00.000000,Japan,Japan,JP,429.27,516.81,21.64,11.75,,true,ESTIMATED_MODE_BREAKDOWN
2025-11-26T22:00:00.000000,Japan,Japan,JP,409.78,495.34,25.18,15.8,,true,ESTIMATED_MODE_BREAKDOWN
2025-11-26T23:00:00.000000,Japan,Japan,JP,362.1,442.67,33.87,25.08,,true,ESTIMATED_MODE_BREAKDOWN
2025-11-27T00:00:00.000000,Japan,Japan,JP,314.83,390.21,42.49,33.85,,true,ESTIMATED_MODE_BREAKDOWN
2025-11-27T01:00:00.000000,Japan,Japan,JP,278.03,349.47,49.2,40.38,,true,ESTIMATED_MODE_BREAKDOWN
2025-11-27T02:00:00.000000,Japan,Japan,JP,265.16,335.13,51.56,42.63,,true,ESTIMATED_MODE_BREAKDOWN
2025-11-27T03:00:00.000000,Japan,Japan,JP,277.68,348.82,49.3,39.94,,true,ESTIMATED_MODE_BREAKDOWN
2025-11-27T04:00:00.000000,Japan,Japan,JP,318.15,393.59,41.89,32.75,,true,ESTIMATED_MODE_BREAKDOWN
2025-11-27T05:00:00.000000,Japan,Japan,JP,354.93,434.2,35.15,26.05,,true,ESTIMATED_MODE_BREAKDOWN
2025-11-27T06:00:00.000000,Japan,Japan,JP,396.97,480.78,27.49,18.39,,true,ESTIMATED_MODE_BREAKDOWN
2025-11-27T07:00:00.000000,Japan,Japan,JP,426.16,513.23,22.18,13.32,,true,ESTIMATED_MODE_BREAKDOWN
2025-11-27T08:00:00.000000,Japan,Japan,JP,430.98,518.62,21.3,12.49,,true,ESTIMATED_MODE_BREAKDOWN
2025-11-27T09:00:00.000000,Japan,Japan,JP,429.99,517.54,21.5,12.6,,true,ESTIMATED_MODE_BREAKDOWN
2025-11-27T10:00:00.000000,Japan,Japan,JP,427.91,515.07,21.88,12.67,,true,ESTIMATED_MODE_BREAKDOWN
2025-11-27T11:00:00.000000,Japan,Japan,JP,425.56,512.31,22.3,12.8,,true,ESTIMATED_MODE_BREAKDOWN
2025-11-27T12:00:00.000000,Japan,Japan,JP,422.31,508.49,22.9,12.96,,true,ESTIMATED_MODE_BREAKDOWN
2025-11-27T13:00:00.000000,Japan,Japan,JP,419.1,504.73,23.48,13.01,,true,ESTIMATED_MODE_BREAKDOWN
2025-11-27T14:00:00.000000,Japan,Japan,JP,416.52,501.78,23.96,13.16,,true,ESTIMATED_MODE_BREAKDOWN
2025-11-27T15:00:00.000000,Japan,Japan,JP,410.3,494.54,25.11,13.31,,true,ESTIMATED_MODE_BREAKDOWN
2025-11-27T16:00:00.000000,Japan,Japan,JP,407.77,491.65,25.57,13.38,,true,ESTIMATED_MODE_BREAKDOWN
2025-11-27T17:00:00.000000,Japan,Japan,JP,408.37,492.43,25.47,13.46,,true,ESTIMATED_MODE_BREAKDOWN
2025-11-27T18:00:00.000000,Japan,Japan,JP,410.19,494.62,25.14,13.6,,true,ESTIMATED_MODE_BREAKDOWN
2025-11-27T19:00:00.000000,Japan,Japan,JP,411.88,496.6,24.83,13.56,,true,ESTIMATED_MODE_BREAKDOWN
2025-11-27T20:00:00.000000,Japan,Japan,JP,414.04,499.06,24.44,13.49,,true,ESTIMATED_MODE_BREAKDOWN
2025-11-27T21:00:00.000000,Japan,Japan,JP,417.16,502.64,23.85,13.48,,true,ESTIMATED_MODE_BREAKDOWN
2025-11-27T22:00:00.000000,Japan,Japan,JP,400.85,484.67,26.81,16.94,,true,ESTIMATED_MODE_BREAKDOWN
2025-11-27T23:00:00.000000,Japan,Japan,JP,355.7,434.95,35.04,25.83,,true,ESTIMATED_MODE_BREAKDOWN
2025-11-28T00:00:00.000000,Japan,Japan,JP,305.99,379.98,44.11,35.13,,true,ESTIMATED_MODE_BREAKDOWN
2025-11-28T01:00:00.000000,Japan,Japan,JP,266.92,336.63,51.24,42.13,,true,ESTIMATED_MODE_BREAKDOWN
2025-11-28T02:00:00.000000,Japan,Japan,JP,255.05,323.5,53.41,44.17,,true,ESTIMATED_MODE_BREAKDOWN
2025-11-28T03:00:00.000000,Japan,Japan,JP,250.34,318.13,54.27,44.6,,true,ESTIMATED_MODE_BREAKDOWN
2025-11-28T04:00:00.000000,Japan,Japan,JP,277.0,347.65,49.4,39.98,,true,ESTIMATED_MODE_BREAKDOWN
2025-11-28T05:00:00.000000,Japan,Japan,JP,316.27,391.18,42.23,32.92,,true,ESTIMATED_MODE_BREAKDOWN
2025-11-28T06:00:00.000000,Japan,Japan,JP,372.67,453.69,31.93,22.65,,true,ESTIMATED_MODE_BREAKDOWN
2025-11-28T07:00:00.000000,Japan,Japan,JP,417.95,503.94,23.69,14.59,,true,ESTIMATED_MODE_BREAKDOWN
2025-11-28T08:00:00.000000,Japan,Japan,JP,426.89,513.94,22.07,13.09,,true,ESTIMATED_MODE_BREAKDOWN
2025-11-28T09:00:00.000000,Japan,Japan,JP,427.07,514.1,22.04,13.0,,true,ESTIMATED_MODE_BREAKDOWN
2025-11-28T10:00:00.000000,Japan,Japan,JP,425.72,512.5,22.28,13.0,,true,ESTIMATED_MODE_BREAKDOWN
2025-11-28T11:00:00.000000,Japan,Japan,JP,424.32,510.88,22.54,12.99,,true,ESTIMATED_MODE_BREAKDOWN
2025-11-28T12:00:00.000000,Japan,Japan,JP,422.31,508.51,22.9,13.0,,true,ESTIMATED_MODE_BREAKDOWN
2025-11-28T13:00:00.000000,Japan,Japan,JP,419.45,505.13,23.43,13.03,,true,ESTIMATED_MODE_BREAKDOWN
2025-11-28T14:00:00.000000,Japan,Japan,JP,416.73,502.03,23.92,13.18,,true,ESTIMATED_MODE_BREAKDOWN
2025-11-28T15:00:00.000000,Japan,Japan,JP,411.91,496.44,24.81,13.25,,true,ESTIMATED_MODE_BREAKDOWN
2025-11-28T16:00:00.000000,Japan,Japan,JP,410.23,494.52,25.12,13.16,,true,ESTIMATED_MODE_BREAKDOWN
2025-11-28T17:00:00.000000,Japan,Japan,JP,411.28,495.82,24.94,13.15,,true,ESTIMATED_MODE_BREAKDOWN
2025-11-28T18:00:00.000000,Japan,Japan,JP,413.99,499.09,24.45,13.04,,true,ESTIMATED_MODE_BREAKDOWN
2025-11-28T19:00:00.000000,Japan,Japan,JP,415.07,500.47,24.26,13.07,,true,ESTIMATED_MODE_BREAKDOWN
2025-11-28T20:00:00.000000,Japan,Japan,JP,416.09,501.67,24.08,12.99,,true,ESTIMATED_MODE_BREAKDOWN
2025-11-28T21:00:00.000000,Japan,Japan,JP,417.41,503.14,23.83,12.87,,true,ESTIMATED_MODE_BREAKDOWN
2025-11-28T22:00:00.000000,Japan,Japan,JP,393.44,476.66,28.19,17.52,,true,ESTIMATED_MODE_BREAKDOWN
2025-11-28T23:00:00.000000,Japan,Japan,JP,324.65,400.61,40.73,30.34,,true,ESTIMATED_MODE_BREAKDOWN
2025-11-29T00:00:00.000000,Japan,Japan,JP,259.25,328.11,52.65,42.2,,true,ESTIMATED_MODE_BREAKDOWN
2025-11-29T01:00:00.000000,Japan,Japan,JP,215.99,280.17,60.52,49.94,,true,ESTIMATED_MODE_BREAKDOWN
2025-11-29T02:00:00.000000,Japan,Japan,JP,192.88,254.52,64.74,54.04,,true,ESTIMATED_MODE_BREAKDOWN
2025-11-29T03:00:00.000000,Japan,Japan,JP,194.92,256.83,64.36,53.6,,true,ESTIMATED_MODE_BREAKDOWN
2025-11-29T04:00:00.000000,Japan,Japan,JP,220.5,284.9,59.69,48.45,,true,ESTIMATED_MODE_BREAKDOWN
2025-11-29T05:00:00.000000,Japan,Japan,JP,276.1,346.45,49.56,38.27,,true,ESTIMATED_MODE_BREAKDOWN
2025-11-29T06:00:00.000000,Japan,Japan,JP,354.37,433.32,35.29,24.27,,true,ESTIMATED_MODE_BREAKDOWN
2025-11-29T07:00:00.000000,Japan,Japan,JP,413.83,499.39,24.45,13.84,,true,ESTIMATED_MODE_BREAKDOWN
2025-11-29T08:00:00.000000,Japan,Japan,JP,427.2,514.36,22.02,11.93,,true,ESTIMATED_MODE_BREAKDOWN
2025-11-29T09:00:00.000000,Japan,Japan,JP,428.02,515.35,21.87,11.91,,true,ESTIMATED_MODE_BREAKDOWN
2025-11-29T10:00:00.000000,Japan,Japan,JP,427.37,514.62,21.99,11.92,,true,ESTIMATED_MODE_BREAKDOWN
2025-11-29T11:00:00.000000,Japan,Japan,JP,426.23,513.24,22.2,11.93,,true,ESTIMATED_MODE_BREAKDOWN
2025-11-29T12:00:00.000000,Japan,Japan,JP,423.92,510.52,22.62,11.97,,true,ESTIMATED_MODE_BREAKDOWN
2025-11-29T13:00:00.000000,Japan,Japan,JP,421.5,507.69,23.06,11.9,,true,ESTIMATED_MODE_BREAKDOWN
2025-11-29T14:00:00.000000,Japan,Japan,JP,419.58,505.49,23.41,11.96,,true,ESTIMATED_MODE_BREAKDOWN
2025-11-29T15:00:00.000000,Japan,Japan,JP,415.23,500.42,24.21,11.98,,true,ESTIMATED_MODE_BREAKDOWN
2025-11-29T16:00:00.000000,Japan,Japan,JP,412.46,497.3,24.72,12.12,,true,ESTIMATED_MODE_BREAKDOWN
2025-11-29T17:00:00.000000,Japan,Japan,JP,413.52,498.59,24.53,12.21,,true,ESTIMATED_MODE_BREAKDOWN
2025-11-29T18:00:00.000000,Japan,Japan,JP,415.47,500.85,24.18,12.35,,true,ESTIMATED_MODE_BREAKDOWN
2025-11-29T19:00:00.000000,Japan,Japan,JP,416.51,502.12,24.0,12.37,,true,ESTIMATED_MODE_BREAKDOWN
2025-11-29T20:00:00.000000,Japan,Japan,JP,417.13,502.85,23.88,12.35,,true,ESTIMATED_MODE_BREAKDOWN
2025-11-29T21:00:00.000000,Japan,Japan,JP,417.31,503.05,23.84,12.36,,true,ESTIMATED_MODE_BREAKDOWN
2025-11-29T22:00:00.000000,Japan,Japan,JP,392.56,475.66,28.35,17.07,,true,ESTIMATED_MODE_BREAKDOWN
2025-11-29T23:00:00.000000,Japan,Japan,JP,320.62,395.86,41.47,30.34,,true,ESTIMATED_MODE_BREAKDOWN
2025-11-30T00:00:00.000000,Japan,Japan,JP,248.43,315.83,54.62,43.29,,true,ESTIMATED_MODE_BREAKDOWN
2025-11-30T01:00:00.000000,Japan,Japan,JP,201.79,264.24,63.11,51.71,,true,ESTIMATED_MODE_BREAKDOWN
2025-11-30T02:00:00.000000,Japan,Japan,JP,184.91,245.91,66.19,55.29,,true,ESTIMATED_MODE_BREAKDOWN
2025-11-30T03:00:00.000000,Japan,Japan,JP,189.39,250.67,65.38,54.07,,true,ESTIMATED_MODE_BREAKDOWN
2025-11-30T04:00:00.000000,Japan,Japan,JP,214.28,278.03,60.83,49.18,,true,ESTIMATED_MODE_BREAKDOWN
2025-11-30T05:00:00.000000,Japan,Japan,JP,264.86,333.64,51.59,39.34,,true,ESTIMATED_MODE_BREAKDOWN
2025-11-30T06:00:00.000000,Japan,Japan,JP,347.18,424.89,36.6,24.62,,true,ESTIMATED_MODE_BREAKDOWN
2025-11-30T07:00:00.000000,Japan,Japan,JP,410.34,495.23,25.07,13.67,,true,ESTIMATED_MODE_BREAKDOWN
2025-11-30T08:00:00.000000,Japan,Japan,JP,424.77,511.47,22.44,11.89,,true,ESTIMATED_MODE_BREAKDOWN
2025-11-30T09:00:00.000000,Japan,Japan,JP,426.47,513.46,22.13,11.87,,true,ESTIMATED_MODE_BREAKDOWN
2025-11-30T10:00:00.000000,Japan,Japan,JP,426.17,513.12,22.18,11.87,,true,ESTIMATED_MODE_BREAKDOWN
2025-11-30T11:00:00.000000,Japan,Japan,JP,425.34,512.18,22.33,11.86,,true,ESTIMATED_MODE_BREAKDOWN
2025-11-30T12:00:00.000000,Japan,Japan,JP,422.72,509.18,22.81,11.93,,true,ESTIMATED_MODE_BREAKDOWN
2025-11-30T13:00:00.000000,Japan,Japan,JP,419.24,505.1,23.44,11.91,,true,ESTIMATED_MODE_BREAKDOWN
2025-11-30T14:00:00.000000,Japan,Japan,JP,417.16,502.7,23.84,11.89,,true,ESTIMATED_MODE_BREAKDOWN
2025-11-30T15:00:00.000000,Japan,Japan,JP,412.76,497.51,24.64,11.92,,true,ESTIMATED_MODE_BREAKDOWN
2025-11-30T16:00:00.000000,Japan,Japan,JP,410.66,495.05,25.02,12.05,,true,ESTIMATED_MODE_BREAKDOWN
2025-11-30T17:00:00.000000,Japan,Japan,JP,412.33,497.14,24.73,12.16,,true,ESTIMATED_MODE_BREAKDOWN
2025-11-30T18:00:00.000000,Japan,Japan,JP,414.57,499.82,24.34,12.3,,true,ESTIMATED_MODE_BREAKDOWN
2025-11-30T19:00:00.000000,Japan,Japan,JP,416.91,502.58,23.93,12.28,,true,ESTIMATED_MODE_BREAKDOWN
2025-11-30T20:00:00.000000,Japan,Japan,JP,419.77,505.81,23.41,12.25,,true,ESTIMATED_MODE_BREAKDOWN
2025-11-30T21:00:00.000000,Japan,Japan,JP,423.52,510.11,22.71,12.36,,true,ESTIMATED_MODE_BREAKDOWN
2025-11-30T22:00:00.000000,Japan,Japan,JP,410.7,495.97,25.04,15.36,,true,ESTIMATED_MODE_BREAKDOWN
2025-11-30T23:00:00.000000,Japan,Japan,JP,366.3,446.9,33.11,24.05,,true,ESTIMATED_MODE_BREAKDOWN
2025-12-01T00:00:00.000000,Japan,Japan,JP,313.85,388.86,42.67,33.82,,true,ESTIMATED_MODE_BREAKDOWN
2025-12-01T01:00:00.000000,Japan,Japan,JP,271.6,342.04,50.37,41.34,,true,ESTIMATED_MODE_BREAKDOWN
2025-12-01T02:00:00.000000,Japan,Japan,JP,256.67,325.51,53.12,43.9,,true,ESTIMATED_MODE_BREAKDOWN
2025-12-01T03:00:00.000000,Japan,Japan,JP,257.4,326.08,52.98,43.26,,true,ESTIMATED_MODE_BREAKDOWN
2025-12-01T04:00:00.000000,Japan,Japan,JP,291.99,364.49,46.65,37.28,,true,ESTIMATED_MODE_BREAKDOWN
2025-12-01T05:00:00.000000,Japan,Japan,JP,335.19,412.32,38.77,29.47,,true,ESTIMATED_MODE_BREAKDOWN
2025-12-01T06:00:00.000000,Japan,Japan,JP,391.3,474.52,28.54,19.22,,true,ESTIMATED_MODE_BREAKDOWN
2025-12-01T07:00:00.000000,Japan,Japan,JP,426.05,512.97,22.2,13.06,,true,ESTIMATED_MODE_BREAKDOWN
2025-12-01T08:00:00.000000,Japan,Japan,JP,431.7,519.37,21.17,12.13,,true,ESTIMATED_MODE_BREAKDOWN
2025-12-01T09:00:00.000000,Japan,Japan,JP,431.49,519.18,21.21,12.08,,true,ESTIMATED_MODE_BREAKDOWN
2025-12-01T10:00:00.000000,Japan,Japan,JP,430.03,517.51,21.47,12.06,,true,ESTIMATED_MODE_BREAKDOWN
2025-12-01T11:00:00.000000,Japan,Japan,JP,428.55,515.8,21.74,12.03,,true,ESTIMATED_MODE_BREAKDOWN
2025-12-01T12:00:00.000000,Japan,Japan,JP,426.51,513.43,22.12,12.0,,true,ESTIMATED_MODE_BREAKDOWN
2025-12-01T13:00:00.000000,Japan,Japan,JP,423.91,510.41,22.6,11.99,,true,ESTIMATED_MODE_BREAKDOWN
2025-12-01T14:00:00.000000,Japan,Japan,JP,421.61,507.77,23.02,12.02,,true,ESTIMATED_MODE_BREAKDOWN
2025-12-01T15:00:00.000000,Japan,Japan,JP,417.3,502.8,23.81,11.99,,true,ESTIMATED_MODE_BREAKDOWN
2025-12-01T16:00:00.000000,Japan,Japan,JP,415.61,500.88,24.12,11.95,,true,ESTIMATED_MODE_BREAKDOWN
2025-12-01T17:00:00.000000,Japan,Japan,JP,417.57,503.23,23.77,11.89,,true,ESTIMATED_MODE_BREAKDOWN
2025-12-01T18:00:00.000000,Japan,Japan,JP,420.18,506.32,23.3,11.89,,true,ESTIMATED_MODE_BREAKDOWN
2025-12-01T19:00:00.000000,Japan,Japan,JP,422.08,508.53,22.96,11.86,,true,ESTIMATED_MODE_BREAKDOWN
2025-12-01T20:00:00.000000,Japan,Japan,JP,424.23,510.95,22.57,11.76,,true,ESTIMATED_MODE_BREAKDOWN
2025-12-01T21:00:00.000000,Japan,Japan,JP,428.0,515.21,21.86,11.64,,true,ESTIMATED_MODE_BREAKDOWN
2025-12-01T22:00:00.000000,Japan,Japan,JP,416.39,502.45,23.98,14.26,,true,ESTIMATED_MODE_BREAKDOWN
2025-12-01T23:00:00.000000,Japan,Japan,JP,378.69,460.83,30.84,21.79,,true,ESTIMATED_MODE_BREAKDOWN
2025-12-02T00:00:00.000000,Japan,Japan,JP,336.23,413.93,38.59,29.79,,true,ESTIMATED_MODE_BREAKDOWN
2025-12-02T01:00:00.000000,Japan,Japan,JP,307.41,381.93,43.84,34.93,,true,ESTIMATED_MODE_BREAKDOWN
2025-12-02T02:00:00.000000,Japan,Japan,JP,291.01,363.62,46.82,37.71,,true,ESTIMATED_MODE_BREAKDOWN
2025-12-02T03:00:00.000000,Japan,Japan,JP,281.85,353.26,48.48,38.94,,true,ESTIMATED_MODE_BREAKDOWN
2025-12-02T04:00:00.000000,Japan,Japan,JP,308.93,383.37,43.54,34.35,,true,ESTIMATED_MODE_BREAKDOWN
2025-12-02T05:00:00.000000,Japan,Japan,JP,352.6,431.81,35.6,26.44,,true,ESTIMATED_MODE_BREAKDOWN
2025-12-02T06:00:00.000000,Japan,Japan,JP,395.06,478.7,27.86,18.62,,true,ESTIMATED_MODE_BREAKDOWN
2025-12-02T07:00:00.000000,Japan,Japan,JP,427.18,514.34,22.0,12.97,,true,ESTIMATED_MODE_BREAKDOWN
2025-12-02T08:00:00.000000,Japan,Japan,JP,432.1,519.82,21.1,12.14,,true,ESTIMATED_MODE_BREAKDOWN
2025-12-02T09:00:00.000000,Japan,Japan,JP,431.12,518.78,21.28,12.21,,true,ESTIMATED_MODE_BREAKDOWN
2025-12-02T10:00:00.000000,Japan,Japan,JP,429.73,517.1,21.53,12.19,,true,ESTIMATED_MODE_BREAKDOWN
2025-12-02T11:00:00.000000,Japan,Japan,JP,427.82,514.96,21.88,12.28,,true,ESTIMATED_MODE_BREAKDOWN
2025-12-02T12:00:00.000000,Japan,Japan,JP,425.14,511.81,22.37,12.35,,true,ESTIMATED_MODE_BREAKDOWN
2025-12-02T13:00:00.000000,Japan,Japan,JP,422.15,508.36,22.91,12.4,,true,ESTIMATED_MODE_BREAKDOWN
2025-12-02T14:00:00.000000,Japan,Japan,JP,419.44,505.22,23.41,12.5,,true,ESTIMATED_MODE_BREAKDOWN
2025-12-02T15:00:00.000000,Japan,Japan,JP,413.8,498.72,24.44,12.68,,true,ESTIMATED_MODE_BREAKDOWN
2025-12-02T16:00:00.000000,Japan,Japan,JP,412.03,496.76,24.77,12.74,,true,ESTIMATED_MODE_BREAKDOWN
2025-12-02T17:00:00.000000,Japan,Japan,JP,413.46,498.45,24.52,12.7,,true,ESTIMATED_MODE_BREAKDOWN
2025-12-02T18:00:00.000000,Japan,Japan,JP,415.99,501.45,24.07,12.69,,true,ESTIMATED_MODE_BREAKDOWN
2025-12-02T19:00:00.000000,Japan,Japan,JP,417.74,503.5,23.75,12.7,,true,ESTIMATED_MODE_BREAKDOWN
2025-12-02T20:00:00.000000,Japan,Japan,JP,419.7,505.78,23.39,12.65,,true,ESTIMATED_MODE_BREAKDOWN
2025-12-02T21:00:00.000000,Japan,Japan,JP,423.77,510.38,22.64,12.45,,true,ESTIMATED_MODE_BREAKDOWN
2025-12-02T22:00:00.000000,Japan,Japan,JP,421.93,508.47,22.96,13.47,,true,ESTIMATED_MODE_BREAKDOWN
2025-12-02T23:00:00.000000,Japan,Japan,JP,407.95,493.2,25.51,16.83,,true,ESTIMATED_MODE_BREAKDOWN
2025-12-03T00:00:00.000000,Japan,Japan,JP,390.99,474.31,28.59,20.32,,true,ESTIMATED_MODE_BREAKDOWN
2025-12-03T01:00:00.000000,Japan,Japan,JP,375.97,457.57,31.31,22.99,,true,ESTIMATED_MODE_BREAKDOWN
2025-12-03T02:00:00.000000,Japan,Japan,JP,364.19,444.46,33.46,25.03,,true,ESTIMATED_MODE_BREAKDOWN
2025-12-03T03:00:00.000000,Japan,Japan,JP,356.17,435.47,34.92,26.07,,true,ESTIMATED_MODE_BREAKDOWN
2025-12-03T04:00:00.000000,Japan,Japan,JP,359.29,439.03,34.36,25.74,,true,ESTIMATED_MODE_BREAKDOWN
2025-12-03T05:00:00.000000,Japan,Japan,JP,371.8,452.89,32.08,23.49,,true,ESTIMATED_MODE_BREAKDOWN
2025-12-03T06:00:00.000000,Japan,Japan,JP,398.38,482.34,27.24,18.74,,true,ESTIMATED_MODE_BREAKDOWN
2025-12-03T07:00:00.000000,Japan,Japan,JP,427.54,514.72,21.94,13.66,,true,ESTIMATED_MODE_BREAKDOWN
2025-12-03T08:00:00.000000,Japan,Japan,JP,432.5,520.32,21.04,12.91,,true,ESTIMATED_MODE_BREAKDOWN
2025-12-03T09:00:00.000000,Japan,Japan,JP,431.97,519.75,21.14,13.0,,true,ESTIMATED_MODE_BREAKDOWN
2025-12-03T10:00:00.000000,Japan,Japan,JP,430.71,518.28,21.38,13.05,,true,ESTIMATED_MODE_BREAKDOWN
2025-12-03T11:00:00.000000,Japan,Japan,JP,429.16,516.43,21.66,13.12,,true,ESTIMATED_MODE_BREAKDOWN
2025-12-03T12:00:00.000000,Japan,Japan,JP,427.15,514.06,22.02,13.17,,true,ESTIMATED_MODE_BREAKDOWN
2025-12-03T13:00:00.000000,Japan,Japan,JP,424.13,510.52,22.56,13.28,,true,ESTIMATED_MODE_BREAKDOWN
2025-12-03T14:00:00.000000,Japan,Japan,JP,421.19,507.11,23.1,13.4,,true,ESTIMATED_MODE_BREAKDOWN
2025-12-03T15:00:00.000000,Japan,Japan,JP,416.13,501.35,24.04,13.62,,true,ESTIMATED_MODE_BREAKDOWN
2025-12-03T16:00:00.000000,Japan,Japan,JP,414.76,499.81,24.29,13.65,,true,ESTIMATED_MODE_BREAKDOWN
2025-12-03T17:00:00.000000,Japan,Japan,JP,416.36,501.72,24.01,13.59,,true,ESTIMATED_MODE_BREAKDOWN
2025-12-03T18:00:00.000000,Japan,Japan,JP,418.84,504.66,23.57,13.46,,true,ESTIMATED_MODE_BREAKDOWN
2025-12-03T19:00:00.000000,Japan,Japan,JP,419.93,505.97,23.37,13.47,,true,ESTIMATED_MODE_BREAKDOWN
2025-12-03T20:00:00.000000,Japan,Japan,JP,422.91,509.4,22.82,13.31,,true,ESTIMATED_MODE_BREAKDOWN
2025-12-03T21:00:00.000000,Japan,Japan,JP,427.45,514.66,21.98,13.19,,true,ESTIMATED_MODE_BREAKDOWN
2025-12-03T22:00:00.000000,Japan,Japan,JP,419.23,505.74,23.47,15.2,,true,ESTIMATED_MODE_BREAKDOWN
2025-12-03T23:00:00.000000,Japan,Japan,JP,385.25,468.31,29.66,21.9,,true,ESTIMATED_MODE_BREAKDOWN
2025-12-04T00:00:00.000000,Japan,Japan,JP,347.47,426.38,36.54,28.93,,true,ESTIMATED_MODE_BREAKDOWN
2025-12-04T01:00:00.000000,Japan,Japan,JP,315.99,391.39,42.28,34.49,,true,ESTIMATED_MODE_BREAKDOWN
2025-12-04T02:00:00.000000,Japan,Japan,JP,302.19,376.07,44.79,36.82,,true,ESTIMATED_MODE_BREAKDOWN
2025-12-04T03:00:00.000000,Japan,Japan,JP,296.62,369.84,45.82,37.44,,true,ESTIMATED_MODE_BREAKDOWN
2025-12-04T04:00:00.000000,Japan,Japan,JP,320.21,396.09,41.53,33.39,,true,ESTIMATED_MODE_BREAKDOWN
2025-12-04T05:00:00.000000,Japan,Japan,JP,354.91,434.44,35.18,27.06,,true,ESTIMATED_MODE_BREAKDOWN
2025-12-04T06:00:00.000000,Japan,Japan,JP,396.83,480.92,27.54,19.55,,true,ESTIMATED_MODE_BREAKDOWN
2025-12-04T07:00:00.000000,Japan,Japan,JP,430.66,518.54,21.38,13.64,,true,ESTIMATED_MODE_BREAKDOWN
2025-12-04T08:00:00.000000,Japan,Japan,JP,436.72,525.38,20.28,12.7,,true,ESTIMATED_MODE_BREAKDOWN
2025-12-04T09:00:00.000000,Japan,Japan,JP,436.71,525.39,20.28,12.69,,true,ESTIMATED_MODE_BREAKDOWN
2025-12-04T10:00:00.000000,Japan,Japan,JP,435.66,524.2,20.47,12.7,,true,ESTIMATED_MODE_BREAKDOWN
2025-12-04T11:00:00.000000,Japan,Japan,JP,434.45,522.77,20.69,12.72,,true,ESTIMATED_MODE_BREAKDOWN
2025-12-04T12:00:00.000000,Japan,Japan,JP,432.65,520.59,21.02,12.68,,true,ESTIMATED_MODE_BREAKDOWN
2025-12-04T13:00:00.000000,Japan,Japan,JP,429.6,516.95,21.56,12.7,,true,ESTIMATED_MODE_BREAKDOWN
2025-12-04T14:00:00.000000,Japan,Japan,JP,426.83,513.75,22.07,12.81,,true,ESTIMATED_MODE_BREAKDOWN
2025-12-04T15:00:00.000000,Japan,Japan,JP,421.93,508.14,22.98,12.97,,true,ESTIMATED_MODE_BREAKDOWN
2025-12-04T16:00:00.000000,Japan,Japan,JP,419.95,505.84,23.34,13.03,,true,ESTIMATED_MODE_BREAKDOWN
2025-12-04T17:00:00.000000,Japan,Japan,JP,420.08,506.09,23.32,13.14,,true,ESTIMATED_MODE_BREAKDOWN
2025-12-04T18:00:00.000000,Japan,Japan,JP,421.14,507.4,23.13,13.17,,true,ESTIMATED_MODE_BREAKDOWN
2025-12-04T19:00:00.000000,Japan,Japan,JP,422.26,508.72,22.94,13.16,,true,ESTIMATED_MODE_BREAKDOWN
2025-12-04T20:00:00.000000,Japan,Japan,JP,424.96,511.8,22.44,13.01,,true,ESTIMATED_MODE_BREAKDOWN
2025-12-04T21:00:00.000000,Japan,Japan,JP,429.24,516.74,21.65,12.95,,true,ESTIMATED_MODE_BREAKDOWN
2025-12-04T22:00:00.000000,Japan,Japan,JP,421.36,508.16,23.08,14.89,,true,ESTIMATED_MODE_BREAKDOWN
2025-12-04T23:00:00.000000,Japan,Japan,JP,386.9,470.24,29.38,21.66,,true,ESTIMATED_MODE_BREAKDOWN
2025-12-05T00:00:00.000000,Japan,Japan,JP,349.67,429.02,36.17,28.55,,true,ESTIMATED_MODE_BREAKDOWN
2025-12-05T01:00:00.000000,Japan,Japan,JP,311.4,386.54,43.15,35.29,,true,ESTIMATED_MODE_BREAKDOWN
2025-12-05T02:00:00.000000,Japan,Japan,JP,290.68,363.36,46.91,38.87,,true,ESTIMATED_MODE_BREAKDOWN
2025-12-05T03:00:00.000000,Japan,Japan,JP,286.7,358.73,47.62,39.22,,true,ESTIMATED_MODE_BREAKDOWN
2025-12-05T04:00:00.000000,Japan,Japan,JP,310.58,385.12,43.24,35.02,,true,ESTIMATED_MODE_BREAKDOWN
2025-12-05T05:00:00.000000,Japan,Japan,JP,342.49,420.46,37.43,29.17,,true,ESTIMATED_MODE_BREAKDOWN
2025-12-05T06:00:00.000000,Japan,Japan,JP,389.93,473.19,28.78,20.66,,true,ESTIMATED_MODE_BREAKDOWN
2025-12-05T07:00:00.000000,Japan,Japan,JP,428.19,515.74,21.81,13.91,,true,ESTIMATED_MODE_BREAKDOWN
2025-12-05T08:00:00.000000,Japan,Japan,JP,436.24,524.86,20.36,12.6,,true,ESTIMATED_MODE_BREAKDOWN
2025-12-05T09:00:00.000000,Japan,Japan,JP,436.56,525.2,20.31,12.49,,true,ESTIMATED_MODE_BREAKDOWN
2025-12-05T10:00:00.000000,Japan,Japan,JP,436.16,524.73,20.38,12.42,,true,ESTIMATED_MODE_BREAKDOWN
2025-12-05T11:00:00.000000,Japan,Japan,JP,434.98,523.31,20.6,12.44,,true,ESTIMATED_MODE_BREAKDOWN
2025-12-05T12:00:00.000000,Japan,Japan,JP,433.01,521.02,20.96,12.48,,true,ESTIMATED_MODE_BREAKDOWN
2025-12-05T13:00:00.000000,Japan,Japan,JP,430.72,518.26,21.37,12.45,,true,ESTIMATED_MODE_BREAKDOWN
2025-12-05T14:00:00.000000,Japan,Japan,JP,428.91,516.17,21.71,12.45,,true,ESTIMATED_MODE_BREAKDOWN
2025-12-05T15:00:00.000000,Japan,Japan,JP,425.84,512.65,22.28,12.39,,true,ESTIMATED_MODE_BREAKDOWN
2025-12-05T16:00:00.000000,Japan,Japan,JP,424.04,510.63,22.62,12.39,,true,ESTIMATED_MODE_BREAKDOWN
2025-12-05T17:00:00.000000,Japan,Japan,JP,424.54,511.33,22.54,12.39,,true,ESTIMATED_MODE_BREAKDOWN
2025-12-05T18:00:00.000000,Japan,Japan,JP,425.72,512.81,22.33,12.37,,true,ESTIMATED_MODE_BREAKDOWN
2025-12-05T19:00:00.000000,Japan,Japan,JP,426.14,513.31,22.26,12.32,,true,ESTIMATED_MODE_BREAKDOWN
2025-12-05T20:00:00.000000,Japan,Japan,JP,427.17,514.48,22.07,12.21,,true,ESTIMATED_MODE_BREAKDOWN
2025-12-05T21:00:00.000000,Japan,Japan,JP,429.04,516.58,21.72,12.18,,true,ESTIMATED_MODE_BREAKDOWN
2025-12-05T22:00:00.000000,Japan,Japan,JP,414.4,500.49,24.38,15.24,,true,ESTIMATED_MODE_BREAKDOWN
2025-12-05T23:00:00.000000,Japan,Japan,JP,361.56,442.14,34.01,25.15,,true,ESTIMATED_MODE_BREAKDOWN
2025-12-06T00:00:00.000000,Japan,Japan,JP,303.43,377.49,44.58,35.46,,true,ESTIMATED_MODE_BREAKDOWN
2025-12-06T01:00:00.000000,Japan,Japan,JP,254.44,322.93,53.49,43.98,,true,ESTIMATED_MODE_BREAKDOWN
2025-12-06T02:00:00.000000,Japan,Japan,JP,227.64,293.16,58.38,48.62,,true,ESTIMATED_MODE_BREAKDOWN
2025-12-06T03:00:00.000000,Japan,Japan,JP,226.25,291.56,58.64,48.82,,true,ESTIMATED_MODE_BREAKDOWN
2025-12-06T04:00:00.000000,Japan,Japan,JP,253.53,321.53,53.65,43.46,,true,ESTIMATED_MODE_BREAKDOWN
2025-12-06T05:00:00.000000,Japan,Japan,JP,300.24,373.19,45.12,34.73,,true,ESTIMATED_MODE_BREAKDOWN
2025-12-06T06:00:00.000000,Japan,Japan,JP,366.59,446.91,33.04,22.87,,true,ESTIMATED_MODE_BREAKDOWN
2025-12-06T07:00:00.000000,Japan,Japan,JP,418.64,504.89,23.58,13.82,,true,ESTIMATED_MODE_BREAKDOWN
2025-12-06T08:00:00.000000,Japan,Japan,JP,430.65,518.41,21.4,12.24,,true,ESTIMATED_MODE_BREAKDOWN
2025-12-06T09:00:00.000000,Japan,Japan,JP,431.74,519.65,21.21,12.19,,true,ESTIMATED_MODE_BREAKDOWN
2025-12-06T10:00:00.000000,Japan,Japan,JP,431.17,518.97,21.31,12.23,,true,ESTIMATED_MODE_BREAKDOWN
2025-12-06T11:00:00.000000,Japan,Japan,JP,430.39,518.07,21.45,12.24,,true,ESTIMATED_MODE_BREAKDOWN
2025-12-06T12:00:00.000000,Japan,Japan,JP,428.5,515.81,21.8,12.26,,true,ESTIMATED_MODE_BREAKDOWN
2025-12-06T13:00:00.000000,Japan,Japan,JP,425.69,512.55,22.31,12.3,,true,ESTIMATED_MODE_BREAKDOWN
2025-12-06T14:00:00.000000,Japan,Japan,JP,423.71,510.26,22.67,12.32,,true,ESTIMATED_MODE_BREAKDOWN
2025-12-06T15:00:00.000000,Japan,Japan,JP,419.38,505.25,23.46,12.4,,true,ESTIMATED_MODE_BREAKDOWN
2025-12-06T16:00:00.000000,Japan,Japan,JP,417.6,503.19,23.78,12.45,,true,ESTIMATED_MODE_BREAKDOWN
2025-12-06T17:00:00.000000,Japan,Japan,JP,418.67,504.44,23.6,12.42,,true,ESTIMATED_MODE_BREAKDOWN
2025-12-06T18:00:00.000000,Japan,Japan,JP,420.54,506.67,23.26,12.36,,true,ESTIMATED_MODE_BREAKDOWN
2025-12-06T19:00:00.000000,Japan,Japan,JP,420.8,507.02,23.22,12.4,,true,ESTIMATED_MODE_BREAKDOWN
2025-12-06T20:00:00.000000,Japan,Japan,JP,421.19,507.45,23.15,12.35,,true,ESTIMATED_MODE_BREAKDOWN
2025-12-06T21:00:00.000000,Japan,Japan,JP,422.78,509.29,22.85,12.28,,true,ESTIMATED_MODE_BREAKDOWN
2025-12-06T22:00:00.000000,Japan,Japan,JP,406.3,491.15,25.86,15.63,,true,ESTIMATED_MODE_BREAKDOWN
2025-12-06T23:00:00.000000,Japan,Japan,JP,344.16,422.37,37.18,27.1,,true,ESTIMATED_MODE_BREAKDOWN
2025-12-07T00:00:00.000000,Japan,Japan,JP,277.53,348.34,49.31,38.97,,true,ESTIMATED_MODE_BREAKDOWN
2025-12-07T01:00:00.000000,Japan,Japan,JP,225.37,290.44,58.81,48.21,,true,ESTIMATED_MODE_BREAKDOWN
2025-12-07T02:00:00.000000,Japan,Japan,JP,203.41,266.28,62.81,52.46,,true,ESTIMATED_MODE_BREAKDOWN
2025-12-07T03:00:00.000000,Japan,Japan,JP,202.27,264.98,63.02,52.48,,true,ESTIMATED_MODE_BREAKDOWN
2025-12-07T04:00:00.000000,Japan,Japan,JP,226.61,291.7,58.57,47.57,,true,ESTIMATED_MODE_BREAKDOWN
2025-12-07T05:00:00.000000,Japan,Japan,JP,280.72,351.27,48.69,37.2,,true,ESTIMATED_MODE_BREAKDOWN
2025-12-07T06:00:00.000000,Japan,Japan,JP,356.38,435.18,34.9,23.63,,true,ESTIMATED_MODE_BREAKDOWN
2025-12-07T07:00:00.000000,Japan,Japan,JP,412.47,497.64,24.7,14.01,,true,ESTIMATED_MODE_BREAKDOWN
2025-12-07T08:00:00.000000,Japan,Japan,JP,426.12,513.04,22.22,12.37,,true,ESTIMATED_MODE_BREAKDOWN
2025-12-07T09:00:00.000000,Japan,Japan,JP,427.44,514.6,21.98,12.4,,true,ESTIMATED_MODE_BREAKDOWN
2025-12-07T10:00:00.000000,Japan,Japan,JP,427.52,514.64,21.96,12.37,,true,ESTIMATED_MODE_BREAKDOWN
2025-12-07T11:00:00.000000,Japan,Japan,JP,426.77,513.76,22.1,12.35,,true,ESTIMATED_MODE_BREAKDOWN
2025-12-07T12:00:00.000000,Japan,Japan,JP,425.16,511.83,22.39,12.29,,true,ESTIMATED_MODE_BREAKDOWN
2025-12-07T13:00:00.000000,Japan,Japan,JP,421.7,507.84,23.03,12.33,,true,ESTIMATED_MODE_BREAKDOWN
2025-12-07T14:00:00.000000,Japan,Japan,JP,419.5,505.36,23.43,12.41,,true,ESTIMATED_MODE_BREAKDOWN
2025-12-07T15:00:00.000000,Japan,Japan,JP,414.6,499.68,24.33,12.52,,true,ESTIMATED_MODE_BREAKDOWN
2025-12-07T16:00:00.000000,Japan,Japan,JP,413.52,498.51,24.53,12.49,,true,ESTIMATED_MODE_BREAKDOWN
2025-12-07T17:00:00.000000,Japan,Japan,JP,415.46,500.95,24.19,12.49,,true,ESTIMATED_MODE_BREAKDOWN
2025-12-07T18:00:00.000000,Japan,Japan,JP,418.4,504.4,23.66,12.36,,true,ESTIMATED_MODE_BREAKDOWN
2025-12-07T19:00:00.000000,Japan,Japan,JP,420.47,506.79,23.28,12.31,,true,ESTIMATED_MODE_BREAKDOWN
2025-12-07T20:00:00.000000,Japan,Japan,JP,423.47,510.16,22.73,12.26,,true,ESTIMATED_MODE_BREAKDOWN
2025-12-07T21:00:00.000000,Japan,Japan,JP,428.46,515.83,21.81,12.24,,true,ESTIMATED_MODE_BREAKDOWN
2025-12-07T22:00:00.000000,Japan,Japan,JP,417.47,503.79,23.81,14.93,,true,ESTIMATED_MODE_BREAKDOWN
2025-12-07T23:00:00.000000,Japan,Japan,JP,376.54,458.62,31.26,23.01,,true,ESTIMATED_MODE_BREAKDOWN
2025-12-08T00:00:00.000000,Japan,Japan,JP,339.38,417.3,38.02,29.93,,true,ESTIMATED_MODE_BREAKDOWN
2025-12-08T01:00:00.000000,Japan,Japan,JP,309.96,384.65,43.38,35.09,,true,ESTIMATED_MODE_BREAKDOWN
2025-12-08T02:00:00.000000,Japan,Japan,JP,292.94,365.77,46.48,38.01,,true,ESTIMATED_MODE_BREAKDOWN
2025-12-08T03:00:00.000000,Japan,Japan,JP,290.0,362.4,47.02,38.08,,true,ESTIMATED_MODE_BREAKDOWN
2025-12-08T04:00:00.000000,Japan,Japan,JP,316.35,391.54,42.22,33.48,,true,ESTIMATED_MODE_BREAKDOWN
2025-12-08T05:00:00.000000,Japan,Japan,JP,350.07,428.88,36.06,27.42,,true,ESTIMATED_MODE_BREAKDOWN
2025-12-08T06:00:00.000000,Japan,Japan,JP,393.89,477.41,28.07,19.42,,true,ESTIMATED_MODE_BREAKDOWN
2025-12-08T07:00:00.000000,Japan,Japan,JP,425.61,512.64,22.29,13.84,,true,ESTIMATED_MODE_BREAKDOWN
2025-12-08T08:00:00.000000,Japan,Japan,JP,431.33,519.05,21.26,12.94,,true,ESTIMATED_MODE_BREAKDOWN
2025-12-08T09:00:00.000000,Japan,Japan,JP,430.72,518.3,21.36,12.99,,true,ESTIMATED_MODE_BREAKDOWN
2025-12-08T10:00:00.000000,Japan,Japan,JP,429.48,516.84,21.58,12.99,,true,ESTIMATED_MODE_BREAKDOWN
2025-12-08T11:00:00.000000,Japan,Japan,JP,428.29,515.43,21.8,12.95,,true,ESTIMATED_MODE_BREAKDOWN
2025-12-08T12:00:00.000000,Japan,Japan,JP,426.05,512.88,22.21,12.98,,true,ESTIMATED_MODE_BREAKDOWN
2025-12-08T13:00:00.000000,Japan,Japan,JP,422.92,509.25,22.78,13.06,,true,ESTIMATED_MODE_BREAKDOWN
2025-12-08T14:00:00.000000,Japan,Japan,JP,420.85,506.87,23.17,13.06,,true,ESTIMATED_MODE_BREAKDOWN
2025-12-08T15:00:00.000000,Japan,Japan,JP,416.35,501.63,24.0,13.14,,true,ESTIMATED_MODE_BREAKDOWN
2025-12-08T16:00:00.000000,Japan,Japan,JP,414.99,500.15,24.25,13.11,,true,ESTIMATED_MODE_BREAKDOWN
2025-12-08T17:00:00.000000,Japan,Japan,JP,415.96,501.4,24.08,13.13,,true,ESTIMATED_MODE_BREAKDOWN
2025-12-08T18:00:00.000000,Japan,Japan,JP,418.61,504.56,23.61,13.03,,true,ESTIMATED_MODE_BREAKDOWN
2025-12-08T19:00:00.000000,Japan,Japan,JP,420.35,506.62,23.29,12.95,,true,ESTIMATED_MODE_BREAKDOWN
2025-12-08T20:00:00.000000,Japan,Japan,JP,422.97,509.65,22.81,12.88,,true,ESTIMATED_MODE_BREAKDOWN
2025-12-08T21:00:00.000000,Japan,Japan,JP,428.08,515.48,21.86,12.66,,true,ESTIMATED_MODE_BREAKDOWN
2025-12-08T22:00:00.000000,Japan,Japan,JP,419.84,506.52,23.36,14.69,,true,ESTIMATED_MODE_BREAKDOWN
2025-12-08T23:00:00.000000,Japan,Japan,JP,377.58,459.84,31.06,22.9,,true,ESTIMATED_MODE_BREAKDOWN
2025-12-09T00:00:00.000000,Japan,Japan,JP,331.18,408.35,39.5,31.43,,true,ESTIMATED_MODE_BREAKDOWN
2025-12-09T01:00:00.000000,Japan,Japan,JP,290.33,362.97,46.95,38.7,,true,ESTIMATED_MODE_BREAKDOWN
2025-12-09T02:00:00.000000,Japan,Japan,JP,267.69,337.77,51.08,42.6,,true,ESTIMATED_MODE_BREAKDOWN
2025-12-09T03:00:00.000000,Japan,Japan,JP,260.9,330.03,52.3,43.42,,true,ESTIMATED_MODE_BREAKDOWN
2025-12-09T04:00:00.000000,Japan,Japan,JP,289.11,361.3,47.16,38.42,,true,ESTIMATED_MODE_BREAKDOWN
2025-12-09T05:00:00.000000,Japan,Japan,JP,331.51,408.31,39.43,30.78,,true,ESTIMATED_MODE_BREAKDOWN
2025-12-09T06:00:00.000000,Japan,Japan,JP,386.29,469.2,29.44,20.92,,true,ESTIMATED_MODE_BREAKDOWN
2025-12-09T07:00:00.000000,Japan,Japan,JP,428.21,515.72,21.81,13.57,,true,ESTIMATED_MODE_BREAKDOWN
2025-12-09T08:00:00.000000,Japan,Japan,JP,436.07,524.57,20.38,12.32,,true,ESTIMATED_MODE_BREAKDOWN
2025-12-09T09:00:00.000000,Japan,Japan,JP,436.02,524.6,20.4,12.34,,true,ESTIMATED_MODE_BREAKDOWN
2025-12-09T10:00:00.000000,Japan,Japan,JP,435.12,523.58,20.57,12.32,,true,ESTIMATED_MODE_BREAKDOWN
2025-12-09T11:00:00.000000,Japan,Japan,JP,434.29,522.58,20.72,12.27,,true,ESTIMATED_MODE_BREAKDOWN
2025-12-09T12:00:00.000000,Japan,Japan,JP,432.57,520.49,21.04,12.24,,true,ESTIMATED_MODE_BREAKDOWN
2025-12-09T13:00:00.000000,Japan,Japan,JP,429.66,517.08,21.56,12.31,,true,ESTIMATED_MODE_BREAKDOWN
2025-12-09T14:00:00.000000,Japan,Japan,JP,427.49,514.6,21.96,12.39,,true,ESTIMATED_MODE_BREAKDOWN
2025-12-09T15:00:00.000000,Japan,Japan,JP,422.6,509.02,22.87,12.55,,true,ESTIMATED_MODE_BREAKDOWN
2025-12-09T16:00:00.000000,Japan,Japan,JP,421.59,507.91,23.06,12.52,,true,ESTIMATED_MODE_BREAKDOWN
2025-12-09T17:00:00.000000,Japan,Japan,JP,422.76,509.34,22.86,12.52,,true,ESTIMATED_MODE_BREAKDOWN
2025-12-09T18:00:00.000000,Japan,Japan,JP,424.42,511.26,22.57,12.44,,true,ESTIMATED_MODE_BREAKDOWN
2025-12-09T19:00:00.000000,Japan,Japan,JP,425.74,512.83,22.33,12.4,,true,ESTIMATED_MODE_BREAKDOWN
2025-12-09T20:00:00.000000,Japan,Japan,JP,428.19,515.65,21.88,12.35,,true,ESTIMATED_MODE_BREAKDOWN
2025-12-09T21:00:00.000000,Japan,Japan,JP,432.58,520.71,21.05,12.26,,true,ESTIMATED_MODE_BREAKDOWN
2025-12-09T22:00:00.000000,Japan,Japan,JP,424.48,511.86,22.52,14.24,,true,ESTIMATED_MODE_BREAKDOWN
2025-12-09T23:00:00.000000,Japan,Japan,JP,386.65,470.09,29.41,21.55,,true,ESTIMATED_MODE_BREAKDOWN
2025-12-10T00:00:00.000000,Japan,Japan,JP,345.06,424.0,37.0,29.19,,true,ESTIMATED_MODE_BREAKDOWN
2025-12-10T01:00:00.000000,Japan,Japan,JP,302.72,376.92,44.71,36.6,,true,ESTIMATED_MODE_BREAKDOWN
2025-12-10T02:00:00.000000,Japan,Japan,JP,274.27,345.31,49.91,41.5,,true,ESTIMATED_MODE_BREAKDOWN
2025-12-10T03:00:00.000000,Japan,Japan,JP,262.4,332.0,52.07,43.22,,true,ESTIMATED_MODE_BREAKDOWN
2025-12-10T04:00:00.000000,Japan,Japan,JP,291.12,363.74,46.82,38.11,,true,ESTIMATED_MODE_BREAKDOWN
2025-12-10T05:00:00.000000,Japan,Japan,JP,330.63,407.48,39.59,30.94,,true,ESTIMATED_MODE_BREAKDOWN
2025-12-10T06:00:00.000000,Japan,Japan,JP,386.11,469.09,29.49,20.92,,true,ESTIMATED_MODE_BREAKDOWN
2025-12-10T07:00:00.000000,Japan,Japan,JP,431.07,519.09,21.29,13.02,,true,ESTIMATED_MODE_BREAKDOWN
2025-12-10T08:00:00.000000,Japan,Japan,JP,438.72,527.65,19.91,11.83,,true,ESTIMATED_MODE_BREAKDOWN
2025-12-10T09:00:00.000000,Japan,Japan,JP,438.8,527.79,19.89,11.84,,true,ESTIMATED_MODE_BREAKDOWN
2025-12-10T10:00:00.000000,Japan,Japan,JP,437.68,526.54,20.1,11.88,,true,ESTIMATED_MODE_BREAKDOWN
2025-12-10T11:00:00.000000,Japan,Japan,JP,436.47,525.13,20.32,11.92,,true,ESTIMATED_MODE_BREAKDOWN
2025-12-10T12:00:00.000000,Japan,Japan,JP,434.45,522.7,20.7,11.95,,true,ESTIMATED_MODE_BREAKDOWN
2025-12-10T13:00:00.000000,Japan,Japan,JP,431.8,519.62,21.19,11.97,,true,ESTIMATED_MODE_BREAKDOWN
2025-12-10T14:00:00.000000,Japan,Japan,JP,429.33,516.76,21.64,12.06,,true,ESTIMATED_MODE_BREAKDOWN
2025-12-10T15:00:00.000000,Japan,Japan,JP,424.24,510.99,22.58,12.23,,true,ESTIMATED_MODE_BREAKDOWN
2025-12-10T16:00:00.000000,Japan,Japan,JP,422.93,509.47,22.82,12.24,,true,ESTIMATED_MODE_BREAKDOWN
2025-12-10T17:00:00.000000,Japan,Japan,JP,424.26,511.06,22.58,12.32,,true,ESTIMATED_MODE_BREAKDOWN
2025-12-10T18:00:00.000000,Japan,Japan,JP,424.89,511.81,22.48,12.35,,true,ESTIMATED_MODE_BREAKDOWN
2025-12-10T19:00:00.000000,Japan,Japan,JP,425.7,512.79,22.33,12.33,,true,ESTIMATED_MODE_BREAKDOWN
2025-12-10T20:00:00.000000,Japan,Japan,JP,427.93,515.35,21.93,12.29,,true,ESTIMATED_MODE_BREAKDOWN
2025-12-10T21:00:00.000000,Japan,Japan,JP,431.95,519.95,21.17,12.22,,true,ESTIMATED_MODE_BREAKDOWN
2025-12-10T22:00:00.000000,Japan,Japan,JP,428.65,516.4,21.76,13.37,,true,ESTIMATED_MODE_BREAKDOWN
2025-12-10T23:00:00.000000,Japan,Japan,JP,402.05,487.03,26.6,18.73,,true,ESTIMATED_MODE_BREAKDOWN
2025-12-11T00:00:00.000000,Japan,Japan,JP,368.47,449.69,32.71,25.0,,true,ESTIMATED_MODE_BREAKDOWN
2025-12-11T01:00:00.000000,Japan,Japan,JP,334.78,412.19,38.84,30.84,,true,ESTIMATED_MODE_BREAKDOWN
2025-12-11T02:00:00.000000,Japan,Japan,JP,311.8,386.67,43.01,34.78,,true,ESTIMATED_MODE_BREAKDOWN
2025-12-11T03:00:00.000000,Japan,Japan,JP,295.41,368.38,46.01,37.22,,true,ESTIMATED_MODE_BREAKDOWN
2025-12-11T04:00:00.000000,Japan,Japan,JP,316.53,391.9,42.16,33.59,,true,ESTIMATED_MODE_BREAKDOWN
2025-12-11T05:00:00.000000,Japan,Japan,JP,352.08,431.27,35.7,27.16,,true,ESTIMATED_MODE_BREAKDOWN
2025-12-11T06:00:00.000000,Japan,Japan,JP,396.18,480.12,27.67,19.16,,true,ESTIMATED_MODE_BREAKDOWN
2025-12-11T07:00:00.000000,Japan,Japan,JP,428.31,515.73,21.81,13.52,,true,ESTIMATED_MODE_BREAKDOWN
2025-12-11T08:00:00.000000,Japan,Japan,JP,432.97,520.95,20.96,12.79,,true,ESTIMATED_MODE_BREAKDOWN
2025-12-11T09:00:00.000000,Japan,Japan,JP,432.45,520.29,21.05,12.8,,true,ESTIMATED_MODE_BREAKDOWN
2025-12-11T10:00:00.000000,Japan,Japan,JP,431.02,518.56,21.31,12.83,,true,ESTIMATED_MODE_BREAKDOWN
2025-12-11T11:00:00.000000,Japan,Japan,JP,429.02,516.24,21.68,12.94,,true,ESTIMATED_MODE_BREAKDOWN
2025-12-11T12:00:00.000000,Japan,Japan,JP,425.84,512.62,22.27,13.15,,true,ESTIMATED_MODE_BREAKDOWN
2025-12-11T13:00:00.000000,Japan,Japan,JP,422.14,508.34,22.94,13.31,,true,ESTIMATED_MODE_BREAKDOWN
2025-12-11T14:00:00.000000,Japan,Japan,JP,419.39,505.18,23.44,13.45,,true,ESTIMATED_MODE_BREAKDOWN
2025-12-11T15:00:00.000000,Japan,Japan,JP,413.57,498.54,24.51,13.73,,true,ESTIMATED_MODE_BREAKDOWN
2025-12-11T16:00:00.000000,Japan,Japan,JP,411.63,496.34,24.86,13.83,,true,ESTIMATED_MODE_BREAKDOWN
2025-12-11T17:00:00.000000,Japan,Japan,JP,412.85,497.83,24.65,13.81,,true,ESTIMATED_MODE_BREAKDOWN
2025-12-11T18:00:00.000000,Japan,Japan,JP,415.11,500.5,24.24,13.77,,true,ESTIMATED_MODE_BREAKDOWN
2025-12-11T19:00:00.000000,Japan,Japan,JP,416.89,502.59,23.92,13.74,,true,ESTIMATED_MODE_BREAKDOWN
2025-12-11T20:00:00.000000,Japan,Japan,JP,420.4,506.57,23.28,13.52,,true,ESTIMATED_MODE_BREAKDOWN
2025-12-11T21:00:00.000000,Japan,Japan,JP,425.04,511.84,22.41,13.34,,true,ESTIMATED_MODE_BREAKDOWN
2025-12-11T22:00:00.000000,Japan,Japan,JP,418.07,504.26,23.68,15.16,,true,ESTIMATED_MODE_BREAKDOWN
2025-12-11T23:00:00.000000,Japan,Japan,JP,381.16,463.62,30.41,22.44,,true,ESTIMATED_MODE_BREAKDOWN
2025-12-12T00:00:00.000000,Japan,Japan,JP,340.99,419.19,37.75,29.94,,true,ESTIMATED_MODE_BREAKDOWN
2025-12-12T01:00:00.000000,Japan,Japan,JP,307.67,382.22,43.83,35.84,,true,ESTIMATED_MODE_BREAKDOWN
2025-12-12T02:00:00.000000,Japan,Japan,JP,292.74,365.64,46.55,38.46,,true,ESTIMATED_MODE_BREAKDOWN
2025-12-12T03:00:00.000000,Japan,Japan,JP,289.15,361.52,47.21,38.79,,true,ESTIMATED_MODE_BREAKDOWN
2025-12-12T04:00:00.000000,Japan,Japan,JP,314.33,389.46,42.61,34.42,,true,ESTIMATED_MODE_BREAKDOWN
2025-12-12T05:00:00.000000,Japan,Japan,JP,349.27,428.15,36.23,28.14,,true,ESTIMATED_MODE_BREAKDOWN
2025-12-12T06:00:00.000000,Japan,Japan,JP,393.71,477.46,28.13,20.19,,true,ESTIMATED_MODE_BREAKDOWN
2025-12-12T07:00:00.000000,Japan,Japan,JP,428.54,516.14,21.77,14.06,,true,ESTIMATED_MODE_BREAKDOWN
2025-12-12T08:00:00.000000,Japan,Japan,JP,435.16,523.55,20.57,12.97,,true,ESTIMATED_MODE_BREAKDOWN
2025-12-12T09:00:00.000000,Japan,Japan,JP,434.96,523.33,20.6,12.95,,true,ESTIMATED_MODE_BREAKDOWN
2025-12-12T10:00:00.000000,Japan,Japan,JP,434.51,522.78,20.68,12.88,,true,ESTIMATED_MODE_BREAKDOWN
2025-12-12T11:00:00.000000,Japan,Japan,JP,433.67,521.82,20.84,12.86,,true,ESTIMATED_MODE_BREAKDOWN
2025-12-12T12:00:00.000000,Japan,Japan,JP,432.41,520.27,21.07,12.77,,true,ESTIMATED_MODE_BREAKDOWN
2025-12-12T13:00:00.000000,Japan,Japan,JP,429.77,517.18,21.55,12.81,,true,ESTIMATED_MODE_BREAKDOWN
2025-12-12T14:00:00.000000,Japan,Japan,JP,427.55,514.65,21.96,12.88,,true,ESTIMATED_MODE_BREAKDOWN
2025-12-12T15:00:00.000000,Japan,Japan,JP,423.22,509.67,22.76,12.97,,true,ESTIMATED_MODE_BREAKDOWN
2025-12-12T16:00:00.000000,Japan,Japan,JP,421.78,508.06,23.03,12.89,,true,ESTIMATED_MODE_BREAKDOWN
2025-12-12T17:00:00.000000,Japan,Japan,JP,422.69,509.16,22.87,12.79,,true,ESTIMATED_MODE_BREAKDOWN
2025-12-12T18:00:00.000000,Japan,Japan,JP,424.27,511.11,22.6,12.68,,true,ESTIMATED_MODE_BREAKDOWN
2025-12-12T19:00:00.000000,Japan,Japan,JP,424.7,511.66,22.52,12.64,,true,ESTIMATED_MODE_BREAKDOWN
2025-12-12T20:00:00.000000,Japan,Japan,JP,425.65,512.74,22.35,12.51,,true,ESTIMATED_MODE_BREAKDOWN
2025-12-12T21:00:00.000000,Japan,Japan,JP,428.06,515.43,21.9,12.36,,true,ESTIMATED_MODE_BREAKDOWN
2025-12-12T22:00:00.000000,Japan,Japan,JP,421.17,507.94,23.15,14.03,,true,ESTIMATED_MODE_BREAKDOWN
2025-12-12T23:00:00.000000,Japan,Japan,JP,383.46,466.38,30.02,21.3,,true,ESTIMATED_MODE_BREAKDOWN
2025-12-13T00:00:00.000000,Japan,Japan,JP,341.08,419.42,37.72,28.95,,true,ESTIMATED_MODE_BREAKDOWN
2025-12-13T01:00:00.000000,Japan,Japan,JP,307.39,381.91,43.83,34.74,,true,ESTIMATED_MODE_BREAKDOWN
2025-12-13T02:00:00.000000,Japan,Japan,JP,291.29,364.09,46.77,37.48,,true,ESTIMATED_MODE_BREAKDOWN
2025-12-13T03:00:00.000000,Japan,Japan,JP,290.82,363.59,46.86,37.28,,true,ESTIMATED_MODE_BREAKDOWN
2025-12-13T04:00:00.000000,Japan,Japan,JP,316.02,391.46,42.27,32.65,,true,ESTIMATED_MODE_BREAKDOWN
2025-12-13T05:00:00.000000,Japan,Japan,JP,356.96,436.74,34.81,25.16,,true,ESTIMATED_MODE_BREAKDOWN
2025-12-13T06:00:00.000000,Japan,Japan,JP,401.84,486.59,26.65,17.14,,true,ESTIMATED_MODE_BREAKDOWN
2025-12-13T07:00:00.000000,Japan,Japan,JP,429.8,517.62,21.55,12.44,,true,ESTIMATED_MODE_BREAKDOWN
2025-12-13T08:00:00.000000,Japan,Japan,JP,434.58,523.05,20.67,11.98,,true,ESTIMATED_MODE_BREAKDOWN
2025-12-13T09:00:00.000000,Japan,Japan,JP,434.83,523.26,20.62,11.94,,true,ESTIMATED_MODE_BREAKDOWN
2025-12-13T10:00:00.000000,Japan,Japan,JP,434.04,522.3,20.77,11.95,,true,ESTIMATED_MODE_BREAKDOWN
2025-12-13T11:00:00.000000,Japan,Japan,JP,433.12,521.16,20.93,11.93,,true,ESTIMATED_MODE_BREAKDOWN
2025-12-13T12:00:00.000000,Japan,Japan,JP,430.92,518.57,21.33,11.96,,true,ESTIMATED_MODE_BREAKDOWN
2025-12-13T13:00:00.000000,Japan,Japan,JP,428.03,515.2,21.87,11.95,,true,ESTIMATED_MODE_BREAKDOWN
2025-12-13T14:00:00.000000,Japan,Japan,JP,425.38,512.14,22.34,12.07,,true,ESTIMATED_MODE_BREAKDOWN
2025-12-13T15:00:00.000000,Japan,Japan,JP,420.88,506.88,23.16,12.15,,true,ESTIMATED_MODE_BREAKDOWN
2025-12-13T16:00:00.000000,Japan,Japan,JP,418.16,503.82,23.66,12.29,,true,ESTIMATED_MODE_BREAKDOWN
2025-12-13T17:00:00.000000,Japan,Japan,JP,418.72,504.52,23.57,12.32,,true,ESTIMATED_MODE_BREAKDOWN
2025-12-13T18:00:00.000000,Japan,Japan,JP,419.48,505.45,23.45,12.42,,true,ESTIMATED_MODE_BREAKDOWN
2025-12-13T19:00:00.000000,Japan,Japan,JP,420.18,506.29,23.32,12.41,,true,ESTIMATED_MODE_BREAKDOWN
2025-12-13T20:00:00.000000,Japan,Japan,JP,420.11,506.23,23.33,12.45,,true,ESTIMATED_MODE_BREAKDOWN
2025-12-13T21:00:00.000000,Japan,Japan,JP,419.62,505.59,23.4,12.56,,true,ESTIMATED_MODE_BREAKDOWN
2025-12-13T22:00:00.000000,Japan,Japan,JP,418.8,504.73,23.54,13.23,,true,ESTIMATED_MODE_BREAKDOWN
2025-12-13T23:00:00.000000,Japan,Japan,JP,405.6,490.09,25.93,16.26,,true,ESTIMATED_MODE_BREAKDOWN
2025-12-14T00:00:00.000000,Japan,Japan,JP,386.1,468.33,29.47,20.13,,true,ESTIMATED_MODE_BREAKDOWN
2025-12-14T01:00:00.000000,Japan,Japan,JP,369.04,449.31,32.56,23.21,,true,ESTIMATED_MODE_BREAKDOWN
2025-12-14T02:00:00.000000,Japan,Japan,JP,355.91,434.72,34.96,25.38,,true,ESTIMATED_MODE_BREAKDOWN
2025-12-14T03:00:00.000000,Japan,Japan,JP,342.83,420.26,37.36,27.59,,true,ESTIMATED_MODE_BREAKDOWN
2025-12-14T04:00:00.000000,Japan,Japan,JP,343.7,421.25,37.22,27.26,,true,ESTIMATED_MODE_BREAKDOWN
2025-12-14T05:00:00.000000,Japan,Japan,JP,358.61,437.76,34.51,24.44,,true,ESTIMATED_MODE_BREAKDOWN
2025-12-14T06:00:00.000000,Japan,Japan,JP,390.49,473.04,28.7,18.75,,true,ESTIMATED_MODE_BREAKDOWN
2025-12-14T07:00:00.000000,Japan,Japan,JP,419.16,504.96,23.47,13.96,,true,ESTIMATED_MODE_BREAKDOWN
2025-12-14T08:00:00.000000,Japan,Japan,JP,426.48,513.32,22.14,13.22,,true,ESTIMATED_MODE_BREAKDOWN
2025-12-14T09:00:00.000000,Japan,Japan,JP,427.18,514.11,22.01,13.24,,true,ESTIMATED_MODE_BREAKDOWN
2025-12-14T10:00:00.000000,Japan,Japan,JP,426.54,513.37,22.13,13.26,,true,ESTIMATED_MODE_BREAKDOWN
2025-12-14T11:00:00.000000,Japan,Japan,JP,425.55,512.23,22.31,13.28,,true,ESTIMATED_MODE_BREAKDOWN
2025-12-14T12:00:00.000000,Japan,Japan,JP,423.19,509.48,22.74,13.35,,true,ESTIMATED_MODE_BREAKDOWN
2025-12-14T13:00:00.000000,Japan,Japan,JP,419.43,505.12,23.44,13.42,,true,ESTIMATED_MODE_BREAKDOWN
2025-12-14T14:00:00.000000,Japan,Japan,JP,416.79,502.08,23.92,13.52,,true,ESTIMATED_MODE_BREAKDOWN
2025-12-14T15:00:00.000000,Japan,Japan,JP,410.93,495.32,24.99,13.78,,true,ESTIMATED_MODE_BREAKDOWN
2025-12-14T16:00:00.000000,Japan,Japan,JP,408.99,493.12,25.34,13.85,,true,ESTIMATED_MODE_BREAKDOWN
2025-12-14T17:00:00.000000,Japan,Japan,JP,410.13,494.57,25.14,13.87,,true,ESTIMATED_MODE_BREAKDOWN
2025-12-14T18:00:00.000000,Japan,Japan,JP,412.6,497.52,24.7,13.79,,true,ESTIMATED_MODE_BREAKDOWN
2025-12-14T19:00:00.000000,Japan,Japan,JP,414.5,499.76,24.36,13.75,,true,ESTIMATED_MODE_BREAKDOWN
2025-12-14T20:00:00.000000,Japan,Japan,JP,417.88,503.65,23.75,13.56,,true,ESTIMATED_MODE_BREAKDOWN
2025-12-14T21:00:00.000000,Japan,Japan,JP,421.25,507.34,23.1,13.56,,true,ESTIMATED_MODE_BREAKDOWN
2025-12-14T22:00:00.000000,Japan,Japan,JP,410.63,495.74,25.02,16.27,,true,ESTIMATED_MODE_BREAKDOWN
2025-12-14T23:00:00.000000,Japan,Japan,JP,373.24,454.45,31.82,23.6,,true,ESTIMATED_MODE_BREAKDOWN
2025-12-15T00:00:00.000000,Japan,Japan,JP,331.54,408.45,39.43,31.48,,true,ESTIMATED_MODE_BREAKDOWN
2025-12-15T01:00:00.000000,Japan,Japan,JP,300.5,374.13,45.1,37.06,,true,ESTIMATED_MODE_BREAKDOWN
2025-12-15T02:00:00.000000,Japan,Japan,JP,289.59,361.96,47.08,38.9,,true,ESTIMATED_MODE_BREAKDOWN
2025-12-15T03:00:00.000000,Japan,Japan,JP,284.61,356.3,47.98,39.38,,true,ESTIMATED_MODE_BREAKDOWN
2025-12-15T04:00:00.000000,Japan,Japan,JP,305.47,379.47,44.18,35.8,,true,ESTIMATED_MODE_BREAKDOWN
2025-12-15T05:00:00.000000,Japan,Japan,JP,339.36,416.99,38.0,29.67,,true,ESTIMATED_MODE_BREAKDOWN
2025-12-15T06:00:00.000000,Japan,Japan,JP,387.93,470.96,29.15,20.96,,true,ESTIMATED_MODE_BREAKDOWN
2025-12-15T07:00:00.000000,Japan,Japan,JP,427.46,514.91,21.95,14.06,,true,ESTIMATED_MODE_BREAKDOWN
2025-12-15T08:00:00.000000,Japan,Japan,JP,435.31,523.79,20.53,12.79,,true,ESTIMATED_MODE_BREAKDOWN
2025-12-15T09:00:00.000000,Japan,Japan,JP,435.77,524.27,20.44,12.71,,true,ESTIMATED_MODE_BREAKDOWN
2025-12-15T10:00:00.000000,Japan,Japan,JP,435.02,523.38,20.58,12.67,,true,ESTIMATED_MODE_BREAKDOWN
2025-12-15T11:00:00.000000,Japan,Japan,JP,434.43,522.67,20.69,12.61,,true,ESTIMATED_MODE_BREAKDOWN
2025-12-15T12:00:00.000000,Japan,Japan,JP,433.15,521.12,20.93,12.49,,true,ESTIMATED_MODE_BREAKDOWN
2025-12-15T13:00:00.000000,Japan,Japan,JP,430.39,517.89,21.44,12.53,,true,ESTIMATED_MODE_BREAKDOWN
2025-12-15T14:00:00.000000,Japan,Japan,JP,427.83,514.99,21.91,12.61,,true,ESTIMATED_MODE_BREAKDOWN
2025-12-15T15:00:00.000000,Japan,Japan,JP,423.49,510.04,22.71,12.76,,true,ESTIMATED_MODE_BREAKDOWN
2025-12-15T16:00:00.000000,Japan,Japan,JP,421.78,508.17,23.03,12.77,,true,ESTIMATED_MODE_BREAKDOWN
2025-12-15T17:00:00.000000,Japan,Japan,JP,422.67,509.3,22.88,12.76,,true,ESTIMATED_MODE_BREAKDOWN
2025-12-15T18:00:00.000000,Japan,Japan,JP,423.93,510.82,22.66,12.75,,true,ESTIMATED_MODE_BREAKDOWN
2025-12-15T19:00:00.000000,Japan,Japan,JP,424.94,511.96,22.47,12.76,,true,ESTIMATED_MODE_BREAKDOWN
2025-12-15T20:00:00.000000,Japan,Japan,JP,427.73,515.13,21.96,12.62,,true,ESTIMATED_MODE_BREAKDOWN
2025-12-15T21:00:00.000000,Japan,Japan,JP,432.7,520.79,21.03,12.46,,true,ESTIMATED_MODE_BREAKDOWN
2025-12-15T22:00:00.000000,Japan,Japan,JP,426.83,514.41,22.08,14.07,,true,ESTIMATED_MODE_BREAKDOWN
2025-12-15T23:00:00.000000,Japan,Japan,JP,388.2,471.72,29.12,21.54,,true,ESTIMATED_MODE_BREAKDOWN
2025-12-16T00:00:00.000000,Japan,Japan,JP,341.3,419.67,37.66,30.06,,true,ESTIMATED_MODE_BREAKDOWN
2025-12-16T01:00:00.000000,Japan,Japan,JP,301.27,375.15,44.96,37.05,,true,ESTIMATED_MODE_BREAKDOWN
2025-12-16T02:00:00.000000,Japan,Japan,JP,280.54,352.14,48.73,40.59,,true,ESTIMATED_MODE_BREAKDOWN
2025-12-16T03:00:00.000000,Japan,Japan,JP,274.78,345.59,49.79,41.19,,true,ESTIMATED_MODE_BREAKDOWN
2025-12-16T04:00:00.000000,Japan,Japan,JP,300.06,373.66,45.18,36.74,,true,ESTIMATED_MODE_BREAKDOWN
2025-12-16T05:00:00.000000,Japan,Japan,JP,339.39,417.17,37.99,29.6,,true,ESTIMATED_MODE_BREAKDOWN
2025-12-16T06:00:00.000000,Japan,Japan,JP,389.3,472.49,28.89,20.58,,true,ESTIMATED_MODE_BREAKDOWN
2025-12-16T07:00:00.000000,Japan,Japan,JP,428.31,515.82,21.8,13.76,,true,ESTIMATED_MODE_BREAKDOWN
2025-12-16T08:00:00.000000,Japan,Japan,JP,436.29,524.77,20.35,12.49,,true,ESTIMATED_MODE_BREAKDOWN
2025-12-16T09:00:00.000000,Japan,Japan,JP,436.4,524.95,20.33,12.48,,true,ESTIMATED_MODE_BREAKDOWN
2025-12-16T10:00:00.000000,Japan,Japan,JP,435.6,523.99,20.48,12.45,,true,ESTIMATED_MODE_BREAKDOWN
2025-12-16T11:00:00.000000,Japan,Japan,JP,434.93,523.21,20.6,12.4,,true,ESTIMATED_MODE_BREAKDOWN
2025-12-16T12:00:00.000000,Japan,Japan,JP,433.38,521.44,20.89,12.37,,true,ESTIMATED_MODE_BREAKDOWN
2025-12-16T13:00:00.000000,Japan,Japan,JP,430.51,518.09,21.42,12.39,,true,ESTIMATED_MODE_BREAKDOWN
2025-12-16T14:00:00.000000,Japan,Japan,JP,427.86,515.06,21.9,12.47,,true,ESTIMATED_MODE_BREAKDOWN
2025-12-16T15:00:00.000000,Japan,Japan,JP,423.5,510.05,22.7,12.62,,true,ESTIMATED_MODE_BREAKDOWN
2025-12-16T16:00:00.000000,Japan,Japan,JP,421.77,508.14,23.02,12.64,,true,ESTIMATED_MODE_BREAKDOWN
2025-12-16T17:00:00.000000,Japan,Japan,JP,423.17,509.77,22.78,12.54,,true,ESTIMATED_MODE_BREAKDOWN
2025-12-16T18:00:00.000000,Japan,Japan,JP,424.29,511.16,22.58,12.53,,true,ESTIMATED_MODE_BREAKDOWN
2025-12-16T19:00:00.000000,Japan,Japan,JP,425.54,512.64,22.36,12.49,,true,ESTIMATED_MODE_BREAKDOWN
2025-12-16T20:00:00.000000,Japan,Japan,JP,428.06,515.54,21.9,12.41,,true,ESTIMATED_MODE_BREAKDOWN
2025-12-16T21:00:00.000000,Japan,Japan,JP,432.05,520.08,21.15,12.35,,true,ESTIMATED_MODE_BREAKDOWN
2025-12-16T22:00:00.000000,Japan,Japan,JP,425.97,513.45,22.24,14.0,,true,ESTIMATED_MODE_BREAKDOWN
2025-12-16T23:00:00.000000,Japan,Japan,JP,390.76,474.62,28.66,20.88,,true,ESTIMATED_MODE_BREAKDOWN
2025-12-17T00:00:00.000000,Japan,Japan,JP,351.55,431.2,35.8,28.07,,true,ESTIMATED_MODE_BREAKDOWN
2025-12-17T01:00:00.000000,Japan,Japan,JP,317.55,393.54,42.0,34.0,,true,ESTIMATED_MODE_BREAKDOWN
2025-12-17T02:00:00.000000,Japan,Japan,JP,306.46,381.15,44.01,35.83,,true,ESTIMATED_MODE_BREAKDOWN
2025-12-17T03:00:00.000000,Japan,Japan,JP,314.17,389.52,42.61,34.06,,true,ESTIMATED_MODE_BREAKDOWN
2025-12-17T04:00:00.000000,Japan,Japan,JP,342.54,420.97,37.45,29.1,,true,ESTIMATED_MODE_BREAKDOWN
2025-12-17T05:00:00.000000,Japan,Japan,JP,375.07,457.01,31.52,23.22,,true,ESTIMATED_MODE_BREAKDOWN
2025-12-17T06:00:00.000000,Japan,Japan,JP,408.13,493.59,25.5,17.23,,true,ESTIMATED_MODE_BREAKDOWN
2025-12-17T07:00:00.000000,Japan,Japan,JP,431.16,519.07,21.29,13.24,,true,ESTIMATED_MODE_BREAKDOWN
2025-12-17T08:00:00.000000,Japan,Japan,JP,435.06,523.42,20.56,12.57,,true,ESTIMATED_MODE_BREAKDOWN
2025-12-17T09:00:00.000000,Japan,Japan,JP,434.92,523.25,20.59,12.54,,true,ESTIMATED_MODE_BREAKDOWN
2025-12-17T10:00:00.000000,Japan,Japan,JP,433.88,522.01,20.79,12.55,,true,ESTIMATED_MODE_BREAKDOWN
2025-12-17T11:00:00.000000,Japan,Japan,JP,432.91,520.88,20.98,12.54,,true,ESTIMATED_MODE_BREAKDOWN
2025-12-17T12:00:00.000000,Japan,Japan,JP,430.48,518.05,21.42,12.62,,true,ESTIMATED_MODE_BREAKDOWN
2025-12-17T13:00:00.000000,Japan,Japan,JP,427.29,514.34,22.0,12.7,,true,ESTIMATED_MODE_BREAKDOWN
2025-12-17T14:00:00.000000,Japan,Japan,JP,424.17,510.77,22.56,12.88,,true,ESTIMATED_MODE_BREAKDOWN
2025-12-17T15:00:00.000000,Japan,Japan,JP,418.84,504.6,23.54,13.05,,true,ESTIMATED_MODE_BREAKDOWN
2025-12-17T16:00:00.000000,Japan,Japan,JP,416.79,502.32,23.92,13.14,,true,ESTIMATED_MODE_BREAKDOWN
2025-12-17T17:00:00.000000,Japan,Japan,JP,417.97,503.8,23.73,13.11,,true,ESTIMATED_MODE_BREAKDOWN
2025-12-17T18:00:00.000000,Japan,Japan,JP,419.12,505.24,23.53,13.22,,true,ESTIMATED_MODE_BREAKDOWN
2025-12-17T19:00:00.000000,Japan,Japan,JP,420.48,506.81,23.28,13.21,,true,ESTIMATED_MODE_BREAKDOWN
2025-12-17T20:00:00.000000,Japan,Japan,JP,423.02,509.7,22.82,13.1,,true,ESTIMATED_MODE_BREAKDOWN
2025-12-17T21:00:00.000000,Japan,Japan,JP,427.47,514.78,21.99,12.99,,true,ESTIMATED_MODE_BREAKDOWN
2025-12-17T22:00:00.000000,Japan,Japan,JP,421.11,507.86,23.15,14.71,,true,ESTIMATED_MODE_BREAKDOWN
2025-12-17T23:00:00.000000,Japan,Japan,JP,379.24,461.73,30.79,22.82,,true,ESTIMATED_MODE_BREAKDOWN
2025-12-18T00:00:00.000000,Japan,Japan,JP,331.42,408.87,39.5,31.56,,true,ESTIMATED_MODE_BREAKDOWN
2025-12-18T01:00:00.000000,Japan,Japan,JP,286.04,358.34,47.78,39.54,,true,ESTIMATED_MODE_BREAKDOWN
2025-12-18T02:00:00.000000,Japan,Japan,JP,261.71,331.32,52.21,43.77,,true,ESTIMATED_MODE_BREAKDOWN
2025-12-18T03:00:00.000000,Japan,Japan,JP,251.6,319.94,54.04,45.13,,true,ESTIMATED_MODE_BREAKDOWN
2025-12-18T04:00:00.000000,Japan,Japan,JP,280.97,352.42,48.66,39.97,,true,ESTIMATED_MODE_BREAKDOWN
2025-12-18T05:00:00.000000,Japan,Japan,JP,324.76,400.9,40.66,32.06,,true,ESTIMATED_MODE_BREAKDOWN
2025-12-18T06:00:00.000000,Japan,Japan,JP,381.35,463.79,30.35,21.89,,true,ESTIMATED_MODE_BREAKDOWN
2025-12-18T07:00:00.000000,Japan,Japan,JP,427.12,514.57,22.02,13.82,,true,ESTIMATED_MODE_BREAKDOWN
2025-12-18T08:00:00.000000,Japan,Japan,JP,436.46,525.03,20.32,12.33,,true,ESTIMATED_MODE_BREAKDOWN
2025-12-18T09:00:00.000000,Japan,Japan,JP,437.27,525.99,20.17,12.21,,true,ESTIMATED_MODE_BREAKDOWN
2025-12-18T10:00:00.000000,Japan,Japan,JP,436.68,525.31,20.29,12.17,,true,ESTIMATED_MODE_BREAKDOWN
2025-12-18T11:00:00.000000,Japan,Japan,JP,435.51,523.97,20.5,12.2,,true,ESTIMATED_MODE_BREAKDOWN
2025-12-18T12:00:00.000000,Japan,Japan,JP,434.23,522.47,20.74,12.12,,true,ESTIMATED_MODE_BREAKDOWN
2025-12-18T13:00:00.000000,Japan,Japan,JP,431.64,519.44,21.21,12.13,,true,ESTIMATED_MODE_BREAKDOWN
2025-12-18T14:00:00.000000,Japan,Japan,JP,429.64,517.11,21.57,12.14,,true,ESTIMATED_MODE_BREAKDOWN
2025-12-18T15:00:00.000000,Japan,Japan,JP,426.14,513.13,22.23,12.16,,true,ESTIMATED_MODE_BREAKDOWN
2025-12-18T16:00:00.000000,Japan,Japan,JP,425.22,512.1,22.4,12.09,,true,ESTIMATED_MODE_BREAKDOWN
2025-12-18T17:00:00.000000,Japan,Japan,JP,426.12,513.2,22.24,12.07,,true,ESTIMATED_MODE_BREAKDOWN
2025-12-18T18:00:00.000000,Japan,Japan,JP,427.48,514.88,22.0,12.05,,true,ESTIMATED_MODE_BREAKDOWN
2025-12-18T19:00:00.000000,Japan,Japan,JP,428.58,516.18,21.81,12.04,,true,ESTIMATED_MODE_BREAKDOWN
2025-12-18T20:00:00.000000,Japan,Japan,JP,430.99,518.95,21.36,12.0,,true,ESTIMATED_MODE_BREAKDOWN
2025-12-18T21:00:00.000000,Japan,Japan,JP,435.0,523.53,20.61,11.98,,true,ESTIMATED_MODE_BREAKDOWN
2025-12-18T22:00:00.000000,Japan,Japan,JP,429.92,518.07,21.53,13.49,,true,ESTIMATED_MODE_BREAKDOWN
2025-12-18T23:00:00.000000,Japan,Japan,JP,392.77,476.98,28.3,20.66,,true,ESTIMATED_MODE_BREAKDOWN
2025-12-19T00:00:00.000000,Japan,Japan,JP,348.44,427.73,36.37,28.73,,true,ESTIMATED_MODE_BREAKDOWN
2025-12-19T01:00:00.000000,Japan,Japan,JP,300.24,374.14,45.14,37.13,,true,ESTIMATED_MODE_BREAKDOWN
2025-12-19T02:00:00.000000,Japan,Japan,JP,272.52,343.33,50.22,41.91,,true,ESTIMATED_MODE_BREAKDOWN
2025-12-19T03:00:00.000000,Japan,Japan,JP,260.34,329.67,52.45,43.61,,true,ESTIMATED_MODE_BREAKDOWN
2025-12-19T04:00:00.000000,Japan,Japan,JP,289.51,362.03,47.12,38.45,,true,ESTIMATED_MODE_BREAKDOWN
2025-12-19T05:00:00.000000,Japan,Japan,JP,335.58,413.1,38.71,30.05,,true,ESTIMATED_MODE_BREAKDOWN
2025-12-19T06:00:00.000000,Japan,Japan,JP,391.02,474.51,28.6,19.97,,true,ESTIMATED_MODE_BREAKDOWN
2025-12-19T07:00:00.000000,Japan,Japan,JP,429.94,517.71,21.52,13.12,,true,ESTIMATED_MODE_BREAKDOWN
2025-12-19T08:00:00.000000,Japan,Japan,JP,436.6,525.13,20.31,12.06,,true,ESTIMATED_MODE_BREAKDOWN
2025-12-19T09:00:00.000000,Japan,Japan,JP,436.1,524.57,20.4,12.1,,true,ESTIMATED_MODE_BREAKDOWN
2025-12-19T10:00:00.000000,Japan,Japan,JP,434.89,523.17,20.62,12.11,,true,ESTIMATED_MODE_BREAKDOWN
2025-12-19T11:00:00.000000,Japan,Japan,JP,433.7,521.75,20.83,12.12,,true,ESTIMATED_MODE_BREAKDOWN
2025-12-19T12:00:00.000000,Japan,Japan,JP,431.53,519.2,21.23,12.19,,true,ESTIMATED_MODE_BREAKDOWN
2025-12-19T13:00:00.000000,Japan,Japan,JP,428.87,516.15,21.72,12.22,,true,ESTIMATED_MODE_BREAKDOWN
2025-12-19T14:00:00.000000,Japan,Japan,JP,426.71,513.68,22.12,12.29,,true,ESTIMATED_MODE_BREAKDOWN
2025-12-19T15:00:00.000000,Japan,Japan,JP,422.93,509.2,22.81,12.26,,true,ESTIMATED_MODE_BREAKDOWN
2025-12-19T16:00:00.000000,Japan,Japan,JP,420.44,506.33,23.27,12.3,,true,ESTIMATED_MODE_BREAKDOWN
2025-12-19T17:00:00.000000,Japan,Japan,JP,421.03,507.08,23.17,12.32,,true,ESTIMATED_MODE_BREAKDOWN
2025-12-19T18:00:00.000000,Japan,Japan,JP,422.29,508.61,22.95,12.32,,true,ESTIMATED_MODE_BREAKDOWN
2025-12-19T19:00:00.000000,Japan,Japan,JP,422.37,508.72,22.94,12.34,,true,ESTIMATED_MODE_BREAKDOWN
2025-12-19T20:00:00.000000,Japan,Japan,JP,422.48,508.86,22.92,12.31,,true,ESTIMATED_MODE_BREAKDOWN
2025-12-19T21:00:00.000000,Japan,Japan,JP,424.08,510.58,22.61,12.16,,true,ESTIMATED_MODE_BREAKDOWN
2025-12-19T22:00:00.000000,Japan,Japan,JP,418.95,505.02,23.54,13.52,,true,ESTIMATED_MODE_BREAKDOWN
2025-12-19T23:00:00.000000,Japan,Japan,JP,392.88,476.3,28.29,18.77,,true,ESTIMATED_MODE_BREAKDOWN
2025-12-20T00:00:00.000000,Japan,Japan,JP,362.74,442.76,33.76,24.3,,true,ESTIMATED_MODE_BREAKDOWN
2025-12-20T01:00:00.000000,Japan,Japan,JP,336.99,413.91,38.43,28.75,,true,ESTIMATED_MODE_BREAKDOWN
2025-12-20T02:00:00.000000,Japan,Japan,JP,319.56,394.41,41.6,31.71,,true,ESTIMATED_MODE_BREAKDOWN
2025-12-20T03:00:00.000000,Japan,Japan,JP,319.24,394.02,41.68,31.46,,true,ESTIMATED_MODE_BREAKDOWN
2025-12-20T04:00:00.000000,Japan,Japan,JP,332.69,409.02,39.24,28.84,,true,ESTIMATED_MODE_BREAKDOWN
2025-12-20T05:00:00.000000,Japan,Japan,JP,355.69,434.55,35.04,24.59,,true,ESTIMATED_MODE_BREAKDOWN
2025-12-20T06:00:00.000000,Japan,Japan,JP,394.96,478.12,27.88,17.53,,true,ESTIMATED_MODE_BREAKDOWN
2025-12-20T07:00:00.000000,Japan,Japan,JP,422.52,508.83,22.86,12.83,,true,ESTIMATED_MODE_BREAKDOWN
2025-12-20T08:00:00.000000,Japan,Japan,JP,428.84,515.98,21.71,12.04,,true,ESTIMATED_MODE_BREAKDOWN
2025-12-20T09:00:00.000000,Japan,Japan,JP,428.97,516.15,21.68,12.03,,true,ESTIMATED_MODE_BREAKDOWN
2025-12-20T10:00:00.000000,Japan,Japan,JP,427.86,514.87,21.89,12.07,,true,ESTIMATED_MODE_BREAKDOWN
2025-12-20T11:00:00.000000,Japan,Japan,JP,426.34,513.12,22.17,12.09,,true,ESTIMATED_MODE_BREAKDOWN
2025-12-20T12:00:00.000000,Japan,Japan,JP,423.62,509.97,22.66,12.19,,true,ESTIMATED_MODE_BREAKDOWN
2025-12-20T13:00:00.000000,Japan,Japan,JP,420.57,506.4,23.21,12.2,,true,ESTIMATED_MODE_BREAKDOWN
2025-12-20T14:00:00.000000,Japan,Japan,JP,419.01,504.66,23.52,12.2,,true,ESTIMATED_MODE_BREAKDOWN
2025-12-20T15:00:00.000000,Japan,Japan,JP,414.2,499.03,24.41,12.21,,true,ESTIMATED_MODE_BREAKDOWN
2025-12-20T16:00:00.000000,Japan,Japan,JP,412.95,497.69,24.62,12.42,,true,ESTIMATED_MODE_BREAKDOWN
2025-12-20T17:00:00.000000,Japan,Japan,JP,414.01,499.08,24.44,12.5,,true,ESTIMATED_MODE_BREAKDOWN
2025-12-20T18:00:00.000000,Japan,Japan,JP,415.01,500.34,24.27,12.65,,true,ESTIMATED_MODE_BREAKDOWN
2025-12-20T19:00:00.000000,Japan,Japan,JP,415.58,501.03,24.17,12.66,,true,ESTIMATED_MODE_BREAKDOWN
2025-12-20T20:00:00.000000,Japan,Japan,JP,414.85,500.14,24.3,12.65,,true,ESTIMATED_MODE_BREAKDOWN
2025-12-20T21:00:00.000000,Japan,Japan,JP,413.0,497.8,24.63,12.57,,true,ESTIMATED_MODE_BREAKDOWN
2025-12-20T22:00:00.000000,Japan,Japan,JP,410.81,495.42,25.01,13.45,,true,ESTIMATED_MODE_BREAKDOWN
2025-12-20T23:00:00.000000,Japan,Japan,JP,394.06,477.09,28.07,17.22,,true,ESTIMATED_MODE_BREAKDOWN
2025-12-21T00:00:00.000000,Japan,Japan,JP,375.69,456.83,31.41,20.85,,true,ESTIMATED_MODE_BREAKDOWN
2025-12-21T01:00:00.000000,Japan,Japan,JP,359.85,439.18,34.31,23.71,,true,ESTIMATED_MODE_BREAKDOWN
2025-12-21T02:00:00.000000,Japan,Japan,JP,349.71,427.86,36.17,25.51,,true,ESTIMATED_MODE_BREAKDOWN
2025-12-21T03:00:00.000000,Japan,Japan,JP,358.21,437.35,34.65,24.01,,true,ESTIMATED_MODE_BREAKDOWN
2025-12-21T04:00:00.000000,Japan,Japan,JP,371.31,451.8,32.26,21.48,,true,ESTIMATED_MODE_BREAKDOWN
2025-12-21T05:00:00.000000,Japan,Japan,JP,383.69,465.5,30.0,19.07,,true,ESTIMATED_MODE_BREAKDOWN
2025-12-21T06:00:00.000000,Japan,Japan,JP,402.82,486.77,26.49,15.62,,true,ESTIMATED_MODE_BREAKDOWN
2025-12-21T07:00:00.000000,Japan,Japan,JP,417.62,503.21,23.76,13.3,,true,ESTIMATED_MODE_BREAKDOWN
2025-12-21T08:00:00.000000,Japan,Japan,JP,423.65,510.07,22.66,12.68,,true,ESTIMATED_MODE_BREAKDOWN
2025-12-21T09:00:00.000000,Japan,Japan,JP,424.35,510.88,22.53,12.69,,true,ESTIMATED_MODE_BREAKDOWN
2025-12-21T10:00:00.000000,Japan,Japan,JP,423.3,509.65,22.72,12.76,,true,ESTIMATED_MODE_BREAKDOWN
2025-12-21T11:00:00.000000,Japan,Japan,JP,421.51,507.57,23.04,12.83,,true,ESTIMATED_MODE_BREAKDOWN
2025-12-21T12:00:00.000000,Japan,Japan,JP,418.16,503.66,23.66,13.02,,true,ESTIMATED_MODE_BREAKDOWN
2025-12-21T13:00:00.000000,Japan,Japan,JP,414.71,499.65,24.3,13.06,,true,ESTIMATED_MODE_BREAKDOWN
2025-12-21T14:00:00.000000,Japan,Japan,JP,412.24,496.84,24.76,13.17,,true,ESTIMATED_MODE_BREAKDOWN
2025-12-21T15:00:00.000000,Japan,Japan,JP,407.88,491.77,25.59,13.09,,true,ESTIMATED_MODE_BREAKDOWN
2025-12-21T16:00:00.000000,Japan,Japan,JP,406.01,489.65,25.92,13.26,,true,ESTIMATED_MODE_BREAKDOWN
2025-12-21T17:00:00.000000,Japan,Japan,JP,407.25,491.22,25.71,13.39,,true,ESTIMATED_MODE_BREAKDOWN
2025-12-21T18:00:00.000000,Japan,Japan,JP,409.63,494.06,25.26,13.45,,true,ESTIMATED_MODE_BREAKDOWN
2025-12-21T19:00:00.000000,Japan,Japan,JP,411.33,496.05,24.95,13.51,,true,ESTIMATED_MODE_BREAKDOWN
2025-12-21T20:00:00.000000,Japan,Japan,JP,414.35,499.61,24.4,13.48,,true,ESTIMATED_MODE_BREAKDOWN
2025-12-21T21:00:00.000000,Japan,Japan,JP,420.4,506.51,23.29,13.17,,true,ESTIMATED_MODE_BREAKDOWN
2025-12-21T22:00:00.000000,Japan,Japan,JP,418.76,504.91,23.58,14.35,,true,ESTIMATED_MODE_BREAKDOWN
2025-12-21T23:00:00.000000,Japan,Japan,JP,384.61,467.31,29.8,21.28,,true,ESTIMATED_MODE_BREAKDOWN
2025-12-22T00:00:00.000000,Japan,Japan,JP,342.56,420.81,37.46,29.11,,true,ESTIMATED_MODE_BREAKDOWN
2025-12-22T01:00:00.000000,Japan,Japan,JP,304.43,378.42,44.41,35.89,,true,ESTIMATED_MODE_BREAKDOWN
2025-12-22T02:00:00.000000,Japan,Japan,JP,288.82,361.07,47.27,38.58,,true,ESTIMATED_MODE_BREAKDOWN
2025-12-22T03:00:00.000000,Japan,Japan,JP,279.95,351.13,48.89,39.8,,true,ESTIMATED_MODE_BREAKDOWN
2025-12-22T04:00:00.000000,Japan,Japan,JP,302.6,376.28,44.74,35.87,,true,ESTIMATED_MODE_BREAKDOWN
2025-12-22T05:00:00.000000,Japan,Japan,JP,336.52,413.9,38.54,29.73,,true,ESTIMATED_MODE_BREAKDOWN
2025-12-22T06:00:00.000000,Japan,Japan,JP,385.49,468.21,29.6,20.91,,true,ESTIMATED_MODE_BREAKDOWN
2025-12-22T07:00:00.000000,Japan,Japan,JP,427.35,514.63,21.97,13.54,,true,ESTIMATED_MODE_BREAKDOWN
2025-12-22T08:00:00.000000,Japan,Japan,JP,436.52,524.91,20.31,12.04,,true,ESTIMATED_MODE_BREAKDOWN
2025-12-22T09:00:00.000000,Japan,Japan,JP,436.87,525.33,20.24,11.94,,true,ESTIMATED_MODE_BREAKDOWN
2025-12-22T10:00:00.000000,Japan,Japan,JP,435.89,524.22,20.42,11.91,,true,ESTIMATED_MODE_BREAKDOWN
2025-12-22T11:00:00.000000,Japan,Japan,JP,434.79,522.93,20.62,11.88,,true,ESTIMATED_MODE_BREAKDOWN
2025-12-22T12:00:00.000000,Japan,Japan,JP,433.36,521.25,20.89,11.79,,true,ESTIMATED_MODE_BREAKDOWN
2025-12-22T13:00:00.000000,Japan,Japan,JP,430.53,517.94,21.41,11.79,,true,ESTIMATED_MODE_BREAKDOWN
2025-12-22T14:00:00.000000,Japan,Japan,JP,428.49,515.59,21.78,11.83,,true,ESTIMATED_MODE_BREAKDOWN
2025-12-22T15:00:00.000000,Japan,Japan,JP,424.93,511.54,22.44,11.82,,true,ESTIMATED_MODE_BREAKDOWN
2025-12-22T16:00:00.000000,Japan,Japan,JP,423.51,509.98,22.7,11.81,,true,ESTIMATED_MODE_BREAKDOWN
2025-12-22T17:00:00.000000,Japan,Japan,JP,424.63,511.34,22.51,11.77,,true,ESTIMATED_MODE_BREAKDOWN
2025-12-22T18:00:00.000000,Japan,Japan,JP,426.11,513.15,22.25,11.78,,true,ESTIMATED_MODE_BREAKDOWN
2025-12-22T19:00:00.000000,Japan,Japan,JP,427.05,514.28,22.08,11.81,,true,ESTIMATED_MODE_BREAKDOWN
2025-12-22T20:00:00.000000,Japan,Japan,JP,429.19,516.73,21.69,11.8,,true,ESTIMATED_MODE_BREAKDOWN
2025-12-22T21:00:00.000000,Japan,Japan,JP,433.76,521.92,20.83,11.74,,true,ESTIMATED_MODE_BREAKDOWN
2025-12-22T22:00:00.000000,Japan,Japan,JP,427.77,515.42,21.92,13.42,,true,ESTIMATED_MODE_BREAKDOWN
2025-12-22T23:00:00.000000,Japan,Japan,JP,387.97,471.46,29.17,21.14,,true,ESTIMATED_MODE_BREAKDOWN
2025-12-23T00:00:00.000000,Japan,Japan,JP,340.13,418.45,37.91,29.84,,true,ESTIMATED_MODE_BREAKDOWN
2025-12-23T01:00:00.000000,Japan,Japan,JP,301.9,375.91,44.89,36.48,,true,ESTIMATED_MODE_BREAKDOWN
2025-12-23T02:00:00.000000,Japan,Japan,JP,285.87,358.09,47.82,39.26,,true,ESTIMATED_MODE_BREAKDOWN
2025-12-23T03:00:00.000000,Japan,Japan,JP,281.83,353.37,48.56,39.43,,true,ESTIMATED_MODE_BREAKDOWN
2025-12-23T04:00:00.000000,Japan,Japan,JP,307.46,381.8,43.88,34.87,,true,ESTIMATED_MODE_BREAKDOWN
2025-12-23T05:00:00.000000,Japan,Japan,JP,340.49,418.44,37.84,28.84,,true,ESTIMATED_MODE_BREAKDOWN
2025-12-23T06:00:00.000000,Japan,Japan,JP,391.12,474.58,28.61,19.65,,true,ESTIMATED_MODE_BREAKDOWN
2025-12-23T07:00:00.000000,Japan,Japan,JP,430.94,518.72,21.37,12.68,,true,ESTIMATED_MODE_BREAKDOWN
2025-12-23T08:00:00.000000,Japan,Japan,JP,437.75,526.35,20.13,11.62,,true,ESTIMATED_MODE_BREAKDOWN
2025-12-23T09:00:00.000000,Japan,Japan,JP,437.13,525.72,20.25,11.68,,true,ESTIMATED_MODE_BREAKDOWN
2025-12-23T10:00:00.000000,Japan,Japan,JP,435.76,524.13,20.5,11.69,,true,ESTIMATED_MODE_BREAKDOWN
2025-12-23T11:00:00.000000,Japan,Japan,JP,434.3,522.4,20.77,11.69,,true,ESTIMATED_MODE_BREAKDOWN
2025-12-23T12:00:00.000000,Japan,Japan,JP,431.76,519.4,21.23,11.75,,true,ESTIMATED_MODE_BREAKDOWN
2025-12-23T13:00:00.000000,Japan,Japan,JP,428.47,515.63,21.83,11.81,,true,ESTIMATED_MODE_BREAKDOWN
2025-12-23T14:00:00.000000,Japan,Japan,JP,425.88,512.64,22.31,11.87,,true,ESTIMATED_MODE_BREAKDOWN
2025-12-23T15:00:00.000000,Japan,Japan,JP,420.47,506.36,23.31,11.96,,true,ESTIMATED_MODE_BREAKDOWN
2025-12-23T16:00:00.000000,Japan,Japan,JP,418.47,504.1,23.68,11.96,,true,ESTIMATED_MODE_BREAKDOWN
2025-12-23T17:00:00.000000,Japan,Japan,JP,419.18,504.96,23.55,11.98,,true,ESTIMATED_MODE_BREAKDOWN
2025-12-23T18:00:00.000000,Japan,Japan,JP,420.62,506.67,23.28,11.97,,true,ESTIMATED_MODE_BREAKDOWN
2025-12-23T19:00:00.000000,Japan,Japan,JP,421.52,507.76,23.12,11.96,,true,ESTIMATED_MODE_BREAKDOWN
2025-12-23T20:00:00.000000,Japan,Japan,JP,423.75,510.32,22.71,11.89,,true,ESTIMATED_MODE_BREAKDOWN
2025-12-23T21:00:00.000000,Japan,Japan,JP,427.57,514.7,22.0,11.83,,true,ESTIMATED_MODE_BREAKDOWN
2025-12-23T22:00:00.000000,Japan,Japan,JP,430.18,517.74,21.52,12.15,,true,ESTIMATED_MODE_BREAKDOWN
2025-12-23T23:00:00.000000,Japan,Japan,JP,426.04,513.37,22.28,13.78,,true,ESTIMATED_MODE_BREAKDOWN
2025-12-24T00:00:00.000000,Japan,Japan,JP,418.99,505.61,23.55,15.44,,true,ESTIMATED_MODE_BREAKDOWN
2025-12-24T01:00:00.000000,Japan,Japan,JP,411.32,497.09,24.94,16.75,,true,ESTIMATED_MODE_BREAKDOWN
2025-12-24T02:00:00.000000,Japan,Japan,JP,405.87,491.08,25.94,17.63,,true,ESTIMATED_MODE_BREAKDOWN
2025-12-24T03:00:00.000000,Japan,Japan,JP,403.2,488.05,26.43,17.75,,true,ESTIMATED_MODE_BREAKDOWN
2025-12-24T04:00:00.000000,Japan,Japan,JP,405.98,491.14,25.92,17.42,,true,ESTIMATED_MODE_BREAKDOWN
2025-12-24T05:00:00.000000,Japan,Japan,JP,412.62,498.47,24.71,16.12,,true,ESTIMATED_MODE_BREAKDOWN
2025-12-24T06:00:00.000000,Japan,Japan,JP,425.52,512.73,22.35,13.62,,true,ESTIMATED_MODE_BREAKDOWN
2025-12-24T07:00:00.000000,Japan,Japan,JP,435.81,524.12,20.48,11.84,,true,ESTIMATED_MODE_BREAKDOWN
2025-12-24T08:00:00.000000,Japan,Japan,JP,437.36,525.83,20.2,11.43,,true,ESTIMATED_MODE_BREAKDOWN
2025-12-24T09:00:00.000000,Japan,Japan,JP,436.31,524.65,20.39,11.43,,true,ESTIMATED_MODE_BREAKDOWN
2025-12-24T10:00:00.000000,Japan,Japan,JP,434.82,522.92,20.67,11.39,,true,ESTIMATED_MODE_BREAKDOWN
2025-12-24T11:00:00.000000,Japan,Japan,JP,433.02,520.79,21.0,11.35,,true,ESTIMATED_MODE_BREAKDOWN
2025-12-24T12:00:00.000000,Japan,Japan,JP,430.35,517.73,21.49,11.41,,true,ESTIMATED_MODE_BREAKDOWN
2025-12-24T13:00:00.000000,Japan,Japan,JP,426.82,513.67,22.14,11.48,,true,ESTIMATED_MODE_BREAKDOWN
2025-12-24T14:00:00.000000,Japan,Japan,JP,423.99,510.36,22.66,11.5,,true,ESTIMATED_MODE_BREAKDOWN
2025-12-24T15:00:00.000000,Japan,Japan,JP,417.86,503.32,23.79,11.61,,true,ESTIMATED_MODE_BREAKDOWN
2025-12-24T16:00:00.000000,Japan,Japan,JP,415.22,500.32,24.28,11.73,,true,ESTIMATED_MODE_BREAKDOWN
2025-12-24T17:00:00.000000,Japan,Japan,JP,415.78,500.99,24.18,11.78,,true,ESTIMATED_MODE_BREAKDOWN
2025-12-24T18:00:00.000000,Japan,Japan,JP,416.73,502.16,24.0,11.92,,true,ESTIMATED_MODE_BREAKDOWN
2025-12-24T19:00:00.000000,Japan,Japan,JP,417.34,502.94,23.89,11.99,,true,ESTIMATED_MODE_BREAKDOWN
2025-12-24T20:00:00.000000,Japan,Japan,JP,419.22,505.03,23.54,11.9,,true,ESTIMATED_MODE_BREAKDOWN
2025-12-24T21:00:00.000000,Japan,Japan,JP,422.54,508.86,22.92,11.9,,true,ESTIMATED_MODE_BREAKDOWN
2025-12-24T22:00:00.000000,Japan,Japan,JP,422.93,509.44,22.84,12.6,,true,ESTIMATED_MODE_BREAKDOWN
2025-12-24T23:00:00.000000,Japan,Japan,JP,412.87,498.57,24.68,15.39,,true,ESTIMATED_MODE_BREAKDOWN
2025-12-25T00:00:00.000000,Japan,Japan,JP,401.61,486.03,26.69,17.89,,true,ESTIMATED_MODE_BREAKDOWN
2025-12-25T01:00:00.000000,Japan,Japan,JP,396.34,480.07,27.63,18.75,,true,ESTIMATED_MODE_BREAKDOWN
2025-12-25T02:00:00.000000,Japan,Japan,JP,397.02,480.77,27.51,18.52,,true,ESTIMATED_MODE_BREAKDOWN
2025-12-25T03:00:00.000000,Japan,Japan,JP,392.74,475.78,28.29,18.83,,true,ESTIMATED_MODE_BREAKDOWN
2025-12-25T04:00:00.000000,Japan,Japan,JP,395.72,479.11,27.75,18.52,,true,ESTIMATED_MODE_BREAKDOWN
2025-12-25T05:00:00.000000,Japan,Japan,JP,401.07,484.97,26.77,17.48,,true,ESTIMATED_MODE_BREAKDOWN
2025-12-25T06:00:00.000000,Japan,Japan,JP,415.66,501.21,24.1,14.83,,true,ESTIMATED_MODE_BREAKDOWN
2025-12-25T07:00:00.000000,Japan,Japan,JP,427.53,514.43,21.93,12.89,,true,ESTIMATED_MODE_BREAKDOWN
2025-12-25T08:00:00.000000,Japan,Japan,JP,430.35,517.61,21.42,12.42,,true,ESTIMATED_MODE_BREAKDOWN
2025-12-25T09:00:00.000000,Japan,Japan,JP,429.8,516.98,21.52,12.46,,true,ESTIMATED_MODE_BREAKDOWN
2025-12-25T10:00:00.000000,Japan,Japan,JP,428.35,515.27,21.79,12.53,,true,ESTIMATED_MODE_BREAKDOWN
2025-12-25T11:00:00.000000,Japan,Japan,JP,426.34,512.93,22.16,12.66,,true,ESTIMATED_MODE_BREAKDOWN
2025-12-25T12:00:00.000000,Japan,Japan,JP,423.56,509.7,22.68,12.78,,true,ESTIMATED_MODE_BREAKDOWN
2025-12-25T13:00:00.000000,Japan,Japan,JP,420.24,505.89,23.29,12.89,,true,ESTIMATED_MODE_BREAKDOWN
2025-12-25T14:00:00.000000,Japan,Japan,JP,417.35,502.52,23.81,12.99,,true,ESTIMATED_MODE_BREAKDOWN
2025-12-25T15:00:00.000000,Japan,Japan,JP,409.58,493.6,25.23,13.25,,true,ESTIMATED_MODE_BREAKDOWN
2025-12-25T16:00:00.000000,Japan,Japan,JP,407.8,491.47,25.54,13.48,,true,ESTIMATED_MODE_BREAKDOWN
2025-12-25T17:00:00.000000,Japan,Japan,JP,408.51,492.4,25.42,13.59,,true,ESTIMATED_MODE_BREAKDOWN
2025-12-25T18:00:00.000000,Japan,Japan,JP,410.01,494.21,25.16,13.65,,true,ESTIMATED_MODE_BREAKDOWN
2025-12-25T19:00:00.000000,Japan,Japan,JP,411.1,495.59,24.97,13.69,,true,ESTIMATED_MODE_BREAKDOWN
2025-12-25T20:00:00.000000,Japan,Japan,JP,413.4,498.24,24.55,13.63,,true,ESTIMATED_MODE_BREAKDOWN
2025-12-25T21:00:00.000000,Japan,Japan,JP,418.03,503.58,23.7,13.47,,true,ESTIMATED_MODE_BREAKDOWN
2025-12-25T22:00:00.000000,Japan,Japan,JP,418.05,503.78,23.69,14.18,,true,ESTIMATED_MODE_BREAKDOWN
2025-12-25T23:00:00.000000,Japan,Japan,JP,393.66,477.01,28.13,19.24,,true,ESTIMATED_MODE_BREAKDOWN
2025-12-26T00:00:00.000000,Japan,Japan,JP,356.61,435.97,34.88,26.14,,true,ESTIMATED_MODE_BREAKDOWN
2025-12-26T01:00:00.000000,Japan,Japan,JP,321.42,396.91,41.28,32.39,,true,ESTIMATED_MODE_BREAKDOWN
2025-12-26T02:00:00.000000,Japan,Japan,JP,303.71,377.24,44.51,35.51,,true,ESTIMATED_MODE_BREAKDOWN
2025-12-26T03:00:00.000000,Japan,Japan,JP,298.72,371.56,45.41,36.12,,true,ESTIMATED_MODE_BREAKDOWN
2025-12-26T04:00:00.000000,Japan,Japan,JP,317.19,392.03,42.05,32.87,,true,ESTIMATED_MODE_BREAKDOWN
2025-12-26T05:00:00.000000,Japan,Japan,JP,345.07,422.93,36.97,27.79,,true,ESTIMATED_MODE_BREAKDOWN
2025-12-26T06:00:00.000000,Japan,Japan,JP,387.81,470.32,29.17,20.06,,true,ESTIMATED_MODE_BREAKDOWN
2025-12-26T07:00:00.000000,Japan,Japan,JP,421.43,507.58,23.05,14.18,,true,ESTIMATED_MODE_BREAKDOWN
2025-12-26T08:00:00.000000,Japan,Japan,JP,429.67,516.9,21.56,12.93,,true,ESTIMATED_MODE_BREAKDOWN
2025-12-26T09:00:00.000000,Japan,Japan,JP,430.03,517.35,21.5,12.88,,true,ESTIMATED_MODE_BREAKDOWN
2025-12-26T10:00:00.000000,Japan,Japan,JP,429.84,517.09,21.53,12.82,,true,ESTIMATED_MODE_BREAKDOWN
2025-12-26T11:00:00.000000,Japan,Japan,JP,428.88,515.94,21.71,12.83,,true,ESTIMATED_MODE_BREAKDOWN
2025-12-26T12:00:00.000000,Japan,Japan,JP,427.17,513.97,22.01,12.81,,true,ESTIMATED_MODE_BREAKDOWN
2025-12-26T13:00:00.000000,Japan,Japan,JP,424.13,510.39,22.56,12.92,,true,ESTIMATED_MODE_BREAKDOWN
2025-12-26T14:00:00.000000,Japan,Japan,JP,421.77,507.71,22.99,13.0,,true,ESTIMATED_MODE_BREAKDOWN
2025-12-26T15:00:00.000000,Japan,Japan,JP,416.51,501.72,23.95,13.05,,true,ESTIMATED_MODE_BREAKDOWN
2025-12-26T16:00:00.000000,Japan,Japan,JP,416.21,501.41,24.01,13.05,,true,ESTIMATED_MODE_BREAKDOWN
2025-12-26T17:00:00.000000,Japan,Japan,JP,416.48,501.85,23.98,13.04,,true,ESTIMATED_MODE_BREAKDOWN
2025-12-26T18:00:00.000000,Japan,Japan,JP,417.86,503.54,23.75,12.91,,true,ESTIMATED_MODE_BREAKDOWN
2025-12-26T19:00:00.000000,Japan,Japan,JP,417.91,503.59,23.74,12.89,,true,ESTIMATED_MODE_BREAKDOWN
2025-12-26T20:00:00.000000,Japan,Japan,JP,418.92,504.71,23.55,12.82,,true,ESTIMATED_MODE_BREAKDOWN
2025-12-26T21:00:00.000000,Japan,Japan,JP,421.78,507.94,23.02,12.69,,true,ESTIMATED_MODE_BREAKDOWN
2025-12-26T22:00:00.000000,Japan,Japan,JP,419.7,505.79,23.4,13.57,,true,ESTIMATED_MODE_BREAKDOWN
2025-12-26T23:00:00.000000,Japan,Japan,JP,389.06,472.03,28.98,19.65,,true,ESTIMATED_MODE_BREAKDOWN
2025-12-27T00:00:00.000000,Japan,Japan,JP,343.07,420.89,37.35,27.78,,true,ESTIMATED_MODE_BREAKDOWN
2025-12-27T01:00:00.000000,Japan,Japan,JP,303.94,377.29,44.46,34.55,,true,ESTIMATED_MODE_BREAKDOWN
2025-12-27T02:00:00.000000,Japan,Japan,JP,281.66,352.52,48.54,38.25,,true,ESTIMATED_MODE_BREAKDOWN
2025-12-27T03:00:00.000000,Japan,Japan,JP,283.71,354.72,48.18,37.57,,true,ESTIMATED_MODE_BREAKDOWN
2025-12-27T04:00:00.000000,Japan,Japan,JP,305.69,379.03,44.17,33.47,,true,ESTIMATED_MODE_BREAKDOWN
2025-12-27T05:00:00.000000,Japan,Japan,JP,336.74,413.37,38.49,27.66,,true,ESTIMATED_MODE_BREAKDOWN
2025-12-27T06:00:00.000000,Japan,Japan,JP,378.56,459.85,30.86,20.22,,true,ESTIMATED_MODE_BREAKDOWN
2025-12-27T07:00:00.000000,Japan,Japan,JP,417.11,502.81,23.85,13.64,,true,ESTIMATED_MODE_BREAKDOWN
2025-12-27T08:00:00.000000,Japan,Japan,JP,428.04,515.19,21.87,12.24,,true,ESTIMATED_MODE_BREAKDOWN
2025-12-27T09:00:00.000000,Japan,Japan,JP,428.94,516.24,21.71,12.22,,true,ESTIMATED_MODE_BREAKDOWN
2025-12-27T10:00:00.000000,Japan,Japan,JP,428.66,515.85,21.75,12.19,,true,ESTIMATED_MODE_BREAKDOWN
2025-12-27T11:00:00.000000,Japan,Japan,JP,427.98,515.07,21.88,12.22,,true,ESTIMATED_MODE_BREAKDOWN
2025-12-27T12:00:00.000000,Japan,Japan,JP,426.24,513.06,22.19,12.35,,true,ESTIMATED_MODE_BREAKDOWN
2025-12-27T13:00:00.000000,Japan,Japan,JP,423.63,509.97,22.66,12.31,,true,ESTIMATED_MODE_BREAKDOWN
2025-12-27T14:00:00.000000,Japan,Japan,JP,421.45,507.45,23.05,12.41,,true,ESTIMATED_MODE_BREAKDOWN
2025-12-27T15:00:00.000000,Japan,Japan,JP,417.01,502.34,23.86,12.54,,true,ESTIMATED_MODE_BREAKDOWN
2025-12-27T16:00:00.000000,Japan,Japan,JP,415.21,500.28,24.18,12.63,,true,ESTIMATED_MODE_BREAKDOWN
2025-12-27T17:00:00.000000,Japan,Japan,JP,415.99,501.23,24.06,12.55,,true,ESTIMATED_MODE_BREAKDOWN
2025-12-27T18:00:00.000000,Japan,Japan,JP,416.61,502.06,23.96,12.59,,true,ESTIMATED_MODE_BREAKDOWN
2025-12-27T19:00:00.000000,Japan,Japan,JP,416.66,502.12,23.95,12.61,,true,ESTIMATED_MODE_BREAKDOWN
2025-12-27T20:00:00.000000,Japan,Japan,JP,417.31,502.84,23.83,12.55,,true,ESTIMATED_MODE_BREAKDOWN
2025-12-27T21:00:00.000000,Japan,Japan,JP,419.34,505.12,23.44,12.46,,true,ESTIMATED_MODE_BREAKDOWN
2025-12-27T22:00:00.000000,Japan,Japan,JP,413.41,498.65,24.52,13.99,,true,ESTIMATED_MODE_BREAKDOWN
2025-12-27T23:00:00.000000,Japan,Japan,JP,366.84,447.21,33.01,22.84,,true,ESTIMATED_MODE_BREAKDOWN
2025-12-28T00:00:00.000000,Japan,Japan,JP,301.26,374.39,44.94,34.37,,true,ESTIMATED_MODE_BREAKDOWN
2025-12-28T01:00:00.000000,Japan,Japan,JP,240.49,306.82,56.03,45.06,,true,ESTIMATED_MODE_BREAKDOWN
2025-12-28T02:00:00.000000,Japan,Japan,JP,206.66,269.36,62.22,51.06,,true,ESTIMATED_MODE_BREAKDOWN
2025-12-28T03:00:00.000000,Japan,Japan,JP,201.68,263.91,63.13,51.82,,true,ESTIMATED_MODE_BREAKDOWN
2025-12-28T04:00:00.000000,Japan,Japan,JP,223.59,288.04,59.12,47.45,,true,ESTIMATED_MODE_BREAKDOWN
2025-12-28T05:00:00.000000,Japan,Japan,JP,271.26,340.53,50.41,38.24,,true,ESTIMATED_MODE_BREAKDOWN
2025-12-28T06:00:00.000000,Japan,Japan,JP,346.27,423.83,36.72,24.78,,true,ESTIMATED_MODE_BREAKDOWN
2025-12-28T07:00:00.000000,Japan,Japan,JP,408.48,493.0,25.39,14.12,,true,ESTIMATED_MODE_BREAKDOWN
2025-12-28T08:00:00.000000,Japan,Japan,JP,425.69,512.41,22.27,11.92,,true,ESTIMATED_MODE_BREAKDOWN
2025-12-28T09:00:00.000000,Japan,Japan,JP,428.34,515.54,21.8,11.82,,true,ESTIMATED_MODE_BREAKDOWN
2025-12-28T10:00:00.000000,Japan,Japan,JP,428.53,515.77,21.76,11.79,,true,ESTIMATED_MODE_BREAKDOWN
2025-12-28T11:00:00.000000,Japan,Japan,JP,427.99,515.14,21.86,11.8,,true,ESTIMATED_MODE_BREAKDOWN
2025-12-28T12:00:00.000000,Japan,Japan,JP,425.79,512.53,22.26,11.83,,true,ESTIMATED_MODE_BREAKDOWN
2025-12-28T13:00:00.000000,Japan,Japan,JP,422.61,508.81,22.83,11.84,,true,ESTIMATED_MODE_BREAKDOWN
2025-12-28T14:00:00.000000,Japan,Japan,JP,419.92,505.61,23.31,11.84,,true,ESTIMATED_MODE_BREAKDOWN
2025-12-28T15:00:00.000000,Japan,Japan,JP,416.26,501.43,23.98,11.93,,true,ESTIMATED_MODE_BREAKDOWN
2025-12-28T16:00:00.000000,Japan,Japan,JP,413.85,498.68,24.42,12.04,,true,ESTIMATED_MODE_BREAKDOWN
2025-12-28T17:00:00.000000,Japan,Japan,JP,414.29,499.28,24.36,12.1,,true,ESTIMATED_MODE_BREAKDOWN
2025-12-28T18:00:00.000000,Japan,Japan,JP,415.1,500.28,24.22,12.19,,true,ESTIMATED_MODE_BREAKDOWN
2025-12-28T19:00:00.000000,Japan,Japan,JP,416.01,501.36,24.06,12.18,,true,ESTIMATED_MODE_BREAKDOWN
2025-12-28T20:00:00.000000,Japan,Japan,JP,417.06,502.56,23.87,12.14,,true,ESTIMATED_MODE_BREAKDOWN
2025-12-28T21:00:00.000000,Japan,Japan,JP,420.01,505.91,23.33,12.08,,true,ESTIMATED_MODE_BREAKDOWN
2025-12-28T22:00:00.000000,Japan,Japan,JP,413.6,498.9,24.49,13.83,,true,ESTIMATED_MODE_BREAKDOWN
2025-12-28T23:00:00.000000,Japan,Japan,JP,368.07,448.62,32.79,22.59,,true,ESTIMATED_MODE_BREAKDOWN
2025-12-29T00:00:00.000000,Japan,Japan,JP,320.66,395.98,41.41,31.31,,true,ESTIMATED_MODE_BREAKDOWN
2025-12-29T01:00:00.000000,Japan,Japan,JP,269.25,338.89,50.78,40.41,,true,ESTIMATED_MODE_BREAKDOWN
2025-12-29T02:00:00.000000,Japan,Japan,JP,242.62,309.6,55.64,45.39,,true,ESTIMATED_MODE_BREAKDOWN
2025-12-29T03:00:00.000000,Japan,Japan,JP,239.32,306.0,56.25,45.81,,true,ESTIMATED_MODE_BREAKDOWN
2025-12-29T04:00:00.000000,Japan,Japan,JP,255.43,323.42,53.3,42.22,,true,ESTIMATED_MODE_BREAKDOWN
2025-12-29T05:00:00.000000,Japan,Japan,JP,297.32,369.48,45.65,34.0,,true,ESTIMATED_MODE_BREAKDOWN
2025-12-29T06:00:00.000000,Japan,Japan,JP,359.77,438.78,34.29,22.73,,true,ESTIMATED_MODE_BREAKDOWN
2025-12-29T07:00:00.000000,Japan,Japan,JP,411.22,495.91,24.9,13.79,,true,ESTIMATED_MODE_BREAKDOWN
2025-12-29T08:00:00.000000,Japan,Japan,JP,424.63,510.99,22.45,12.05,,true,ESTIMATED_MODE_BREAKDOWN
2025-12-29T09:00:00.000000,Japan,Japan,JP,426.06,512.69,22.2,12.01,,true,ESTIMATED_MODE_BREAKDOWN
2025-12-29T10:00:00.000000,Japan,Japan,JP,425.36,511.91,22.33,12.04,,true,ESTIMATED_MODE_BREAKDOWN
2025-12-29T11:00:00.000000,Japan,Japan,JP,424.55,510.92,22.47,12.01,,true,ESTIMATED_MODE_BREAKDOWN
2025-12-29T12:00:00.000000,Japan,Japan,JP,422.75,508.81,22.79,11.98,,true,ESTIMATED_MODE_BREAKDOWN
2025-12-29T13:00:00.000000,Japan,Japan,JP,419.24,504.7,23.43,11.99,,true,ESTIMATED_MODE_BREAKDOWN
2025-12-29T14:00:00.000000,Japan,Japan,JP,416.7,501.76,23.91,11.98,,true,ESTIMATED_MODE_BREAKDOWN
2025-12-29T15:00:00.000000,Japan,Japan,JP,411.02,495.21,24.95,11.88,,true,ESTIMATED_MODE_BREAKDOWN
2025-12-29T16:00:00.000000,Japan,Japan,JP,410.32,494.29,25.06,11.96,,true,ESTIMATED_MODE_BREAKDOWN
2025-12-29T17:00:00.000000,Japan,Japan,JP,411.31,495.54,24.88,12.02,,true,ESTIMATED_MODE_BREAKDOWN
2025-12-29T18:00:00.000000,Japan,Japan,JP,412.99,497.55,24.58,12.03,,true,ESTIMATED_MODE_BREAKDOWN
2025-12-29T19:00:00.000000,Japan,Japan,JP,413.68,498.37,24.47,12.05,,true,ESTIMATED_MODE_BREAKDOWN
2025-12-29T20:00:00.000000,Japan,Japan,JP,414.81,499.65,24.26,12.06,,true,ESTIMATED_MODE_BREAKDOWN
2025-12-29T21:00:00.000000,Japan,Japan,JP,416.42,501.42,23.95,12.07,,true,ESTIMATED_MODE_BREAKDOWN
2025-12-29T22:00:00.000000,Japan,Japan,JP,409.76,494.22,25.16,13.83,,true,ESTIMATED_MODE_BREAKDOWN
2025-12-29T23:00:00.000000,Japan,Japan,JP,364.34,444.16,33.46,22.5,,true,ESTIMATED_MODE_BREAKDOWN
2025-12-30T00:00:00.000000,Japan,Japan,JP,304.33,377.65,44.43,33.18,,true,ESTIMATED_MODE_BREAKDOWN
2025-12-30T01:00:00.000000,Japan,Japan,JP,252.04,319.5,53.96,42.28,,true,ESTIMATED_MODE_BREAKDOWN
2025-12-30T02:00:00.000000,Japan,Japan,JP,227.78,292.47,58.39,46.37,,true,ESTIMATED_MODE_BREAKDOWN
2025-12-30T03:00:00.000000,Japan,Japan,JP,232.25,297.29,57.55,45.34,,true,ESTIMATED_MODE_BREAKDOWN
2025-12-30T04:00:00.000000,Japan,Japan,JP,253.44,320.63,53.68,41.29,,true,ESTIMATED_MODE_BREAKDOWN
2025-12-30T05:00:00.000000,Japan,Japan,JP,296.85,368.68,45.75,33.36,,true,ESTIMATED_MODE_BREAKDOWN
2025-12-30T06:00:00.000000,Japan,Japan,JP,357.89,436.31,34.63,22.11,,true,ESTIMATED_MODE_BREAKDOWN
2025-12-30T07:00:00.000000,Japan,Japan,JP,405.41,489.1,25.97,13.98,,true,ESTIMATED_MODE_BREAKDOWN
2025-12-30T08:00:00.000000,Japan,Japan,JP,416.69,501.81,23.9,12.43,,true,ESTIMATED_MODE_BREAKDOWN
2025-12-30T09:00:00.000000,Japan,Japan,JP,418.6,504.14,23.55,12.43,,true,ESTIMATED_MODE_BREAKDOWN
2025-12-30T10:00:00.000000,Japan,Japan,JP,418.35,503.89,23.6,12.48,,true,ESTIMATED_MODE_BREAKDOWN
2025-12-30T11:00:00.000000,Japan,Japan,JP,418.01,503.44,23.66,12.45,,true,ESTIMATED_MODE_BREAKDOWN
2025-12-30T12:00:00.000000,Japan,Japan,JP,415.01,499.9,24.21,12.46,,true,ESTIMATED_MODE_BREAKDOWN
2025-12-30T13:00:00.000000,Japan,Japan,JP,413.62,498.19,24.46,12.53,,true,ESTIMATED_MODE_BREAKDOWN
2025-12-30T14:00:00.000000,Japan,Japan,JP,412.48,496.95,24.68,12.55,,true,ESTIMATED_MODE_BREAKDOWN
2025-12-30T15:00:00.000000,Japan,Japan,JP,404.9,488.2,26.07,12.66,,true,ESTIMATED_MODE_BREAKDOWN
2025-12-30T16:00:00.000000,Japan,Japan,JP,404.94,488.16,26.04,12.7,,true,ESTIMATED_MODE_BREAKDOWN
2025-12-30T17:00:00.000000,Japan,Japan,JP,406.26,489.8,25.81,12.78,,true,ESTIMATED_MODE_BREAKDOWN
2025-12-30T18:00:00.000000,Japan,Japan,JP,407.43,491.3,25.61,12.83,,true,ESTIMATED_MODE_BREAKDOWN
2025-12-30T19:00:00.000000,Japan,Japan,JP,408.42,492.5,25.44,12.84,,true,ESTIMATED_MODE_BREAKDOWN
2025-12-30T20:00:00.000000,Japan,Japan,JP,408.24,492.25,25.47,12.82,,true,ESTIMATED_MODE_BREAKDOWN
2025-12-30T21:00:00.000000,Japan,Japan,JP,410.58,494.86,25.02,12.79,,true,ESTIMATED_MODE_BREAKDOWN
2025-12-30T22:00:00.000000,Japan,Japan,JP,405.49,489.38,25.95,14.31,,true,ESTIMATED_MODE_BREAKDOWN
2025-12-30T23:00:00.000000,Japan,Japan,JP,358.77,437.78,34.48,23.16,,true,ESTIMATED_MODE_BREAKDOWN
2025-12-31T00:00:00.000000,Japan,Japan,JP,293.75,365.45,46.35,34.35,,true,ESTIMATED_MODE_BREAKDOWN
2025-12-31T01:00:00.000000,Japan,Japan,JP,243.87,309.98,55.43,42.97,,true,ESTIMATED_MODE_BREAKDOWN
2025-12-31T02:00:00.000000,Japan,Japan,JP,226.66,291.02,58.56,46.41,,true,ESTIMATED_MODE_BREAKDOWN
2025-12-31T03:00:00.000000,Japan,Japan,JP,231.49,296.32,57.68,45.54,,true,ESTIMATED_MODE_BREAKDOWN
2025-12-31T04:00:00.000000,Japan,Japan,JP,258.09,325.76,52.82,40.91,,true,ESTIMATED_MODE_BREAKDOWN
2025-12-31T05:00:00.000000,Japan,Japan,JP,298.49,370.11,45.43,32.96,,true,ESTIMATED_MODE_BREAKDOWN
2025-12-31T06:00:00.000000,Japan,Japan,JP,356.6,434.6,34.85,22.39,,true,ESTIMATED_MODE_BREAKDOWN
2025-12-31T07:00:00.000000,Japan,Japan,JP,403.92,487.36,26.23,14.4,,true,ESTIMATED_MODE_BREAKDOWN
2025-12-31T08:00:00.000000,Japan,Japan,JP,419.18,504.73,23.45,12.82,,true,ESTIMATED_MODE_BREAKDOWN
2025-12-31T09:00:00.000000,Japan,Japan,JP,419.6,505.33,23.38,12.81,,true,ESTIMATED_MODE_BREAKDOWN
2025-12-31T10:00:00.000000,Japan,Japan,JP,419.96,505.76,23.31,12.85,,true,ESTIMATED_MODE_BREAKDOWN
2025-12-31T11:00:00.000000,Japan,Japan,JP,418.7,504.29,23.54,12.87,,true,ESTIMATED_MODE_BREAKDOWN
2025-12-31T12:00:00.000000,Japan,Japan,JP,416.5,501.76,23.94,12.93,,true,ESTIMATED_MODE_BREAKDOWN
2025-12-31T13:00:00.000000,Japan,Japan,JP,414.05,498.79,24.39,12.89,,true,ESTIMATED_MODE_BREAKDOWN
2025-12-31T14:00:00.000000,Japan,Japan,JP,414.1,498.89,24.38,12.98,,true,ESTIMATED_MODE_BREAKDOWN
2025-12-31T15:00:00.000000,Japan,Japan,JP,408.26,492.25,25.45,13.09,,true,ESTIMATED_MODE_BREAKDOWN
2025-12-31T16:00:00.000000,Japan,Japan,JP,406.54,490.33,25.76,13.2,,true,ESTIMATED_MODE_BREAKDOWN
2025-12-31T17:00:00.000000,Japan,Japan,JP,407.27,491.21,25.64,13.14,,true,ESTIMATED_MODE_BREAKDOWN
2025-12-31T18:00:00.000000,Japan,Japan,JP,407.51,491.58,25.61,13.18,,true,ESTIMATED_MODE_BREAKDOWN
2025-12-31T19:00:00.000000,Japan,Japan,JP,408.62,492.88,25.41,13.18,,true,ESTIMATED_MODE_BREAKDOWN
2025-12-31T20:00:00.000000,Japan,Japan,JP,407.79,491.83,25.56,13.13,,true,ESTIMATED_MODE_BREAKDOWN
2025-12-31T21:00:00.000000,Japan,Japan,JP,408.88,492.93,25.34,13.06,,true,ESTIMATED_MODE_BREAKDOWN
2025-12-31T22:00:00.000000,Japan,Japan,JP,403.88,487.5,26.25,14.55,,true,ESTIMATED_MODE_BREAKDOWN
2025-12-31T23:00:00.000000,Japan,Japan,JP,354.06,432.48,35.34,23.97,,true,ESTIMATED_MODE_BREAKDOWN
