Datetime (UTC),Country,Zone name,Zone id,Carbon intensity gCO₂eq/kWh (direct),Carbon intensity gCO₂eq/kWh (Life cycle),Carbon-free energy percentage (CFE%),Renewable energy percentage (RE%),Data source,Data estimated,Data estimation method
2023-01-01T00:00:00.000000,USA,Midcontinent ISO,US-MIDW-MISO,503.12,568.2,31.02,13.83,eia.gov,false,""
2023-01-01T01:00:00.000000,USA,Midcontinent ISO,US-MIDW-MISO,469.22,531.44,35.24,16.9,eia.gov,false,""
2023-01-01T02:00:00.000000,USA,Midcontinent ISO,US-MIDW-MISO,468.74,530.67,35.48,16.76,eia.gov,false,""
2023-01-01T03:00:00.000000,USA,Midcontinent ISO,US-MIDW-MISO,466.07,527.33,36.09,16.95,eia.gov,false,""
2023-01-01T04:00:00.000000,USA,Midcontinent ISO,US-MIDW-MISO,461.07,521.63,36.87,17.22,eia.gov,false,""
2023-01-01T05:00:00.000000,USA,Midcontinent ISO,US-MIDW-MISO,450.1,509.49,38.4,18.31,eia.gov,false,""
2023-01-01T06:00:00.000000,USA,Midcontinent ISO,US-MIDW-MISO,426.18,484.01,41.04,19.66,eia.gov,false,""
2023-01-01T07:00:00.000000,USA,Midcontinent ISO,US-MIDW-MISO,419.12,477.34,41.23,19.14,eia.gov,false,""
2023-01-01T08:00:00.000000,USA,Midcontinent ISO,US-MIDW-MISO,413.43,470.66,42.26,19.45,eia.gov,false,""
2023-01-01T09:00:00.000000,USA,Midcontinent ISO,US-MIDW-MISO,408.97,465.2,43.23,20.41,eia.gov,false,""
2023-01-01T10:00:00.000000,USA,Midcontinent ISO,US-MIDW-MISO,413.01,469.46,42.82,20.23,eia.gov,false,""
2023-01-01T11:00:00.000000,USA,Midcontinent ISO,US-MIDW-MISO,416.96,473.61,42.43,19.97,eia.gov,false,""
2023-01-01T12:00:00.000000,USA,Midcontinent ISO,US-MIDW-MISO,431.27,490.61,39.7,18.04,eia.gov,false,""
2023-01-01T13:00:00.000000,USA,Midcontinent ISO,US-MIDW-MISO,442.94,504.43,37.51,16.12,eia.gov,false,""
2023-01-01T14:00:00.000000,USA,Midcontinent ISO,US-MIDW-MISO,453.39,516.61,35.71,14.79,eia.gov,false,""
2023-01-01T15:00:00.000000,USA,Midcontinent ISO,US-MIDW-MISO,464.57,528.95,34.25,13.41,eia.gov,false,""
2023-01-01T16:00:00.000000,USA,Midcontinent ISO,US-MIDW-MISO,469.67,534.6,33.59,12.5,eia.gov,false,""
2023-01-01T17:00:00.000000,USA,Midcontinent ISO,US-MIDW-MISO,470.11,535.14,33.51,12.33,eia.gov,false,""
2023-01-01T18:00:00.000000,USA,Midcontinent ISO,US-MIDW-MISO,474.32,539.73,32.98,11.8,eia.gov,false,""
2023-01-01T19:00:00.000000,USA,Midcontinent ISO,US-MIDW-MISO,486.95,553.48,31.36,10.4,eia.gov,false,""
2023-01-01T20:00:00.000000,USA,Midcontinent ISO,US-MIDW-MISO,491.95,559.01,30.65,9.76,eia.gov,false,""
2023-01-01T21:00:00.000000,USA,Midcontinent ISO,US-MIDW-MISO,494.14,561.93,29.98,9.42,eia.gov,false,""
2023-01-01T22:00:00.000000,USA,Midcontinent ISO,US-MIDW-MISO,503.62,571.88,29.01,9.57,eia.gov,false,""
2023-01-01T23:00:00.000000,USA,Midcontinent ISO,US-MIDW-MISO,504.67,572.1,29.55,10.81,eia.gov,false,""
2023-01-02T00:00:00.000000,USA,Midcontinent ISO,US-MIDW-MISO,509.93,577.99,28.71,9.96,eia.gov,false,""
2023-01-02T01:00:00.000000,USA,Midcontinent ISO,US-MIDW-MISO,509.5,577.41,28.8,9.69,eia.gov,false,""
2023-01-02T02:00:00.000000,USA,Midcontinent ISO,US-MIDW-MISO,506.2,573.91,29.18,9.43,eia.gov,false,""
2023-01-02T03:00:00.000000,USA,Midcontinent ISO,US-MIDW-MISO,496.35,563.09,30.48,9.91,eia.gov,false,""
2023-01-02T04:00:00.000000,USA,Midcontinent ISO,US-MIDW-MISO,489.14,554.82,31.65,10.61,eia.gov,false,""
2023-01-02T05:00:00.000000,USA,Midcontinent ISO,US-MIDW-MISO,481.58,545.66,33.24,11.61,eia.gov,false,""
2023-01-02T06:00:00.000000,USA,Midcontinent ISO,US-MIDW-MISO,471.59,534.21,34.87,12.12,eia.gov,false,""
2023-01-02T07:00:00.000000,USA,Midcontinent ISO,US-MIDW-MISO,462.84,524.19,36.3,12.99,eia.gov,false,""
2023-01-02T08:00:00.000000,USA,Midcontinent ISO,US-MIDW-MISO,450.64,511.39,37.5,13.74,eia.gov,false,""
2023-01-02T09:00:00.000000,USA,Midcontinent ISO,US-MIDW-MISO,457.31,518.73,36.61,12.9,eia.gov,false,""
2023-01-02T10:00:00.000000,USA,Midcontinent ISO,US-MIDW-MISO,474.69,537.53,34.49,11.29,eia.gov,false,""
2023-01-02T11:00:00.000000,USA,Midcontinent ISO,US-MIDW-MISO,492.71,556.75,32.52,10.28,eia.gov,false,""
2023-01-02T12:00:00.000000,USA,Midcontinent ISO,US-MIDW-MISO,495.38,559.61,32.24,11.13,eia.gov,false,""
2023-01-02T13:00:00.000000,USA,Midcontinent ISO,US-MIDW-MISO,491.45,555.67,32.47,12.09,eia.gov,false,""
2023-01-02T14:00:00.000000,USA,Midcontinent ISO,US-MIDW-MISO,483.6,547.19,33.39,13.35,eia.gov,false,""
2023-01-02T15:00:00.000000,USA,Midcontinent ISO,US-MIDW-MISO,483.47,547.89,32.87,13.09,eia.gov,false,""
2023-01-02T16:00:00.000000,USA,Midcontinent ISO,US-MIDW-MISO,497.93,563.5,31.16,11.67,eia.gov,false,""
2023-01-02T17:00:00.000000,USA,Midcontinent ISO,US-MIDW-MISO,515.53,582.17,29.28,10.17,eia.gov,false,""
2023-01-02T18:00:00.000000,USA,Midcontinent ISO,US-MIDW-MISO,515.87,582.24,29.43,10.09,eia.gov,false,""
2023-01-02T19:00:00.000000,USA,Midcontinent ISO,US-MIDW-MISO,508.57,574.19,30.4,11.15,eia.gov,false,""
2023-01-02T20:00:00.000000,USA,Midcontinent ISO,US-MIDW-MISO,491.31,555.19,32.72,13.48,eia.gov,false,""
2023-01-02T21:00:00.000000,USA,Midcontinent ISO,US-MIDW-MISO,482.73,545.72,33.85,15.47,eia.gov,false,""
2023-01-02T22:00:00.000000,USA,Midcontinent ISO,US-MIDW-MISO,465.92,527.5,35.95,18.61,eia.gov,false,""
2023-01-02T23:00:00.000000,USA,Midcontinent ISO,US-MIDW-MISO,461.92,523.15,36.44,19.41,eia.gov,false,""
2023-01-03T00:00:00.000000,USA,Midcontinent ISO,US-MIDW-MISO,466.55,527.89,36.02,18.63,eia.gov,false,""
2023-01-03T01:00:00.000000,USA,Midcontinent ISO,US-MIDW-MISO,466.32,527.0,36.43,19.05,eia.gov,false,""
2023-01-03T02:00:00.000000,USA,Midcontinent ISO,US-MIDW-MISO,447.26,505.46,39.37,21.41,eia.gov,false,""
2023-01-03T03:00:00.000000,USA,Midcontinent ISO,US-MIDW-MISO,423.16,478.99,42.54,23.93,eia.gov,false,""
2023-01-03T04:00:00.000000,USA,Midcontinent ISO,US-MIDW-MISO,409.97,465.04,43.89,24.5,eia.gov,false,""
2023-01-03T05:00:00.000000,USA,Midcontinent ISO,US-MIDW-MISO,409.89,464.75,43.99,23.93,eia.gov,false,""
2023-01-03T06:00:00.000000,USA,Midcontinent ISO,US-MIDW-MISO,397.9,450.98,46.0,24.79,eia.gov,false,""
2023-01-03T07:00:00.000000,USA,Midcontinent ISO,US-MIDW-MISO,383.67,435.17,48.01,26.21,eia.gov,false,""
2023-01-03T08:00:00.000000,USA,Midcontinent ISO,US-MIDW-MISO,380.69,432.36,48.06,26.13,eia.gov,false,""
2023-01-03T09:00:00.000000,USA,Midcontinent ISO,US-MIDW-MISO,376.45,427.18,48.99,27.03,eia.gov,false,""
2023-01-03T10:00:00.000000,USA,Midcontinent ISO,US-MIDW-MISO,377.27,428.49,48.63,27.3,eia.gov,false,""
2023-01-03T11:00:00.000000,USA,Midcontinent ISO,US-MIDW-MISO,392.92,447.43,45.39,25.33,eia.gov,false,""
2023-01-03T12:00:00.000000,USA,Midcontinent ISO,US-MIDW-MISO,422.27,479.69,41.54,23.12,eia.gov,false,""
2023-01-03T13:00:00.000000,USA,Midcontinent ISO,US-MIDW-MISO,440.75,499.65,39.3,21.65,eia.gov,false,""
2023-01-03T14:00:00.000000,USA,Midcontinent ISO,US-MIDW-MISO,447.07,506.67,38.41,21.03,eia.gov,false,""
2023-01-03T15:00:00.000000,USA,Midcontinent ISO,US-MIDW-MISO,452.96,513.28,37.54,20.2,eia.gov,false,""
2023-01-03T16:00:00.000000,USA,Midcontinent ISO,US-MIDW-MISO,449.87,509.95,37.92,20.68,eia.gov,false,""
2023-01-03T17:00:00.000000,USA,Midcontinent ISO,US-MIDW-MISO,440.85,500.05,39.13,22.07,eia.gov,false,""
2023-01-03T18:00:00.000000,USA,Midcontinent ISO,US-MIDW-MISO,441.08,500.59,38.91,22.04,eia.gov,false,""
2023-01-03T19:00:00.000000,USA,Midcontinent ISO,US-MIDW-MISO,452.74,512.94,37.67,20.8,eia.gov,false,""
2023-01-03T20:00:00.000000,USA,Midcontinent ISO,US-MIDW-MISO,451.62,511.78,37.78,20.82,eia.gov,false,""
2023-01-03T21:00:00.000000,USA,Midcontinent ISO,US-MIDW-MISO,453.28,513.82,37.4,20.48,eia.gov,false,""
2023-01-03T22:00:00.000000,USA,Midcontinent ISO,US-MIDW-MISO,453.76,513.92,37.6,21.02,eia.gov,false,""
2023-01-03T23:00:00.000000,USA,Midcontinent ISO,US-MIDW-MISO,460.68,521.14,36.91,20.71,eia.gov,false,""
2023-01-04T00:00:00.000000,USA,Midcontinent ISO,US-MIDW-MISO,457.07,517.4,37.25,20.57,eia.gov,false,""
2023-01-04T01:00:00.000000,USA,Midcontinent ISO,US-MIDW-MISO,453.29,513.26,37.76,20.54,eia.gov,false,""
2023-01-04T02:00:00.000000,USA,Midcontinent ISO,US-MIDW-MISO,447.88,507.41,38.41,20.5,eia.gov,false,""
2023-01-04T03:00:00.000000,USA,Midcontinent ISO,US-MIDW-MISO,435.88,494.8,39.63,20.75,eia.gov,false,""
2023-01-04T04:00:00.000000,USA,Midcontinent ISO,US-MIDW-MISO,425.42,483.6,40.79,21.04,eia.gov,false,""
2023-01-04T05:00:00.000000,USA,Midcontinent ISO,US-MIDW-MISO,420.33,477.22,41.93,20.89,eia.gov,false,""
2023-01-04T06:00:00.000000,USA,Midcontinent ISO,US-MIDW-MISO,414.07,470.4,42.68,20.69,eia.gov,false,""
2023-01-04T07:00:00.000000,USA,Midcontinent ISO,US-MIDW-MISO,408.09,464.02,43.32,20.59,eia.gov,false,""
2023-01-04T08:00:00.000000,USA,Midcontinent ISO,US-MIDW-MISO,408.73,465.52,42.68,19.61,eia.gov,false,""
2023-01-04T09:00:00.000000,USA,Midcontinent ISO,US-MIDW-MISO,409.33,466.2,42.6,19.7,eia.gov,false,""
2023-01-04T10:00:00.000000,USA,Midcontinent ISO,US-MIDW-MISO,423.55,482.23,40.42,18.7,eia.gov,false,""
2023-01-04T11:00:00.000000,USA,Midcontinent ISO,US-MIDW-MISO,439.13,499.71,38.13,17.88,eia.gov,false,""
2023-01-04T12:00:00.000000,USA,Midcontinent ISO,US-MIDW-MISO,451.8,514.26,36.09,17.67,eia.gov,false,""
2023-01-04T13:00:00.000000,USA,Midcontinent ISO,US-MIDW-MISO,467.54,530.95,34.4,16.73,eia.gov,false,""
2023-01-04T14:00:00.000000,USA,Midcontinent ISO,US-MIDW-MISO,462.46,525.33,35.12,17.36,eia.gov,false,""
2023-01-04T15:00:00.000000,USA,Midcontinent ISO,US-MIDW-MISO,455.25,517.51,36.02,18.26,eia.gov,false,""
2023-01-04T16:00:00.000000,USA,Midcontinent ISO,US-MIDW-MISO,450.26,512.07,36.67,19.15,eia.gov,false,""
2023-01-04T17:00:00.000000,USA,Midcontinent ISO,US-MIDW-MISO,440.63,501.79,37.75,20.02,eia.gov,false,""
2023-01-04T18:00:00.000000,USA,Midcontinent ISO,US-MIDW-MISO,441.5,502.56,37.76,20.41,eia.gov,false,""
2023-01-04T19:00:00.000000,USA,Midcontinent ISO,US-MIDW-MISO,445.83,507.33,37.15,19.91,eia.gov,false,""
2023-01-04T20:00:00.000000,USA,Midcontinent ISO,US-MIDW-MISO,444.45,505.76,37.38,19.98,eia.gov,false,""
2023-01-04T21:00:00.000000,USA,Midcontinent ISO,US-MIDW-MISO,442.88,504.14,37.51,20.16,eia.gov,false,""
2023-01-04T22:00:00.000000,USA,Midcontinent ISO,US-MIDW-MISO,447.45,508.96,37.01,20.02,eia.gov,false,""
2023-01-04T23:00:00.000000,USA,Midcontinent ISO,US-MIDW-MISO,453.85,516.07,36.1,19.33,eia.gov,false,""
2023-01-05T00:00:00.000000,USA,Midcontinent ISO,US-MIDW-MISO,457.33,519.61,35.82,19.29,eia.gov,false,""
2023-01-05T01:00:00.000000,USA,Midcontinent ISO,US-MIDW-MISO,450.77,512.48,36.63,20.09,eia.gov,false,""
2023-01-05T02:00:00.000000,USA,Midcontinent ISO,US-MIDW-MISO,441.35,502.44,37.65,20.85,eia.gov,false,""
2023-01-05T03:00:00.000000,USA,Midcontinent ISO,US-MIDW-MISO,426.99,486.45,39.68,21.88,eia.gov,false,""
2023-01-05T04:00:00.000000,USA,Midcontinent ISO,US-MIDW-MISO,421.8,480.46,40.52,22.2,eia.gov,false,""
2023-01-05T05:00:00.000000,USA,Midcontinent ISO,US-MIDW-MISO,411.67,469.02,42.07,22.87,eia.gov,false,""
2023-01-05T06:00:00.000000,USA,Midcontinent ISO,US-MIDW-MISO,397.19,453.71,43.58,23.19,eia.gov,false,""
2023-01-05T07:00:00.000000,USA,Midcontinent ISO,US-MIDW-MISO,392.38,449.34,43.62,23.05,eia.gov,false,""
2023-01-05T08:00:00.000000,USA,Midcontinent ISO,US-MIDW-MISO,393.95,451.73,42.96,22.3,eia.gov,false,""
2023-01-05T09:00:00.000000,USA,Midcontinent ISO,US-MIDW-MISO,400.07,458.43,42.14,21.77,eia.gov,false,""
2023-01-05T10:00:00.000000,USA,Midcontinent ISO,US-MIDW-MISO,416.71,476.93,39.82,20.39,eia.gov,false,""
2023-01-05T11:00:00.000000,USA,Midcontinent ISO,US-MIDW-MISO,430.12,492.11,37.84,19.84,eia.gov,false,""
2023-01-05T12:00:00.000000,USA,Midcontinent ISO,US-MIDW-MISO,447.22,510.9,35.56,18.98,eia.gov,false,""
2023-01-05T13:00:00.000000,USA,Midcontinent ISO,US-MIDW-MISO,452.56,516.44,35.06,19.03,eia.gov,false,""
2023-01-05T14:00:00.000000,USA,Midcontinent ISO,US-MIDW-MISO,450.68,514.45,35.3,19.3,eia.gov,false,""
2023-01-05T15:00:00.000000,USA,Midcontinent ISO,US-MIDW-MISO,447.7,511.33,35.64,19.42,eia.gov,false,""
2023-01-05T16:00:00.000000,USA,Midcontinent ISO,US-MIDW-MISO,450.81,514.36,35.49,19.07,eia.gov,false,""
2023-01-05T17:00:00.000000,USA,Midcontinent ISO,US-MIDW-MISO,445.61,508.85,36.07,19.52,eia.gov,false,""
2023-01-05T18:00:00.000000,USA,Midcontinent ISO,US-MIDW-MISO,446.05,509.41,35.94,19.42,eia.gov,false,""
2023-01-05T19:00:00.000000,USA,Midcontinent ISO,US-MIDW-MISO,458.35,522.67,34.48,18.23,eia.gov,false,""
2023-01-05T20:00:00.000000,USA,Midcontinent ISO,US-MIDW-MISO,463.72,528.3,33.95,17.45,eia.gov,false,""
2023-01-05T21:00:00.000000,USA,Midcontinent ISO,US-MIDW-MISO,464.39,529.45,33.57,17.12,eia.gov,false,""
2023-01-05T22:00:00.000000,USA,Midcontinent ISO,US-MIDW-MISO,468.17,534.43,32.57,16.79,eia.gov,false,""
2023-01-05T23:00:00.000000,USA,Midcontinent ISO,US-MIDW-MISO,465.33,531.59,32.86,17.24,eia.gov,false,""
2023-01-06T00:00:00.000000,USA,Midcontinent ISO,US-MIDW-MISO,470.4,537.06,32.16,16.45,eia.gov,false,""
2023-01-06T01:00:00.000000,USA,Midcontinent ISO,US-MIDW-MISO,481.4,549.13,30.62,14.65,eia.gov,false,""
2023-01-06T02:00:00.000000,USA,Midcontinent ISO,US-MIDW-MISO,486.78,554.71,30.05,13.37,eia.gov,false,""
2023-01-06T03:00:00.000000,USA,Midcontinent ISO,US-MIDW-MISO,483.02,550.38,30.69,13.33,eia.gov,false,""
2023-01-06T04:00:00.000000,USA,Midcontinent ISO,US-MIDW-MISO,480.71,548.23,30.75,12.92,eia.gov,false,""
2023-01-06T05:00:00.000000,USA,Midcontinent ISO,US-MIDW-MISO,471.97,538.45,32.06,13.66,eia.gov,false,""
2023-01-06T06:00:00.000000,USA,Midcontinent ISO,US-MIDW-MISO,458.95,525.03,33.18,14.09,eia.gov,false,""
2023-01-06T07:00:00.000000,USA,Midcontinent ISO,US-MIDW-MISO,461.91,528.8,32.44,13.24,eia.gov,false,""
2023-01-06T08:00:00.000000,USA,Midcontinent ISO,US-MIDW-MISO,468.93,537.03,31.17,11.8,eia.gov,false,""
2023-01-06T09:00:00.000000,USA,Midcontinent ISO,US-MIDW-MISO,479.11,548.8,29.43,10.43,eia.gov,false,""
2023-01-06T10:00:00.000000,USA,Midcontinent ISO,US-MIDW-MISO,490.55,561.76,27.71,9.43,eia.gov,false,""
2023-01-06T11:00:00.000000,USA,Midcontinent ISO,US-MIDW-MISO,494.86,568.38,25.91,8.85,eia.gov,false,""
2023-01-06T12:00:00.000000,USA,Midcontinent ISO,US-MIDW-MISO,504.53,579.08,24.72,8.97,eia.gov,false,""
2023-01-06T13:00:00.000000,USA,Midcontinent ISO,US-MIDW-MISO,513.57,589.21,23.4,8.13,eia.gov,false,""
2023-01-06T14:00:00.000000,USA,Midcontinent ISO,US-MIDW-MISO,520.78,596.06,23.14,7.56,eia.gov,false,""
2023-01-06T15:00:00.000000,USA,Midcontinent ISO,US-MIDW-MISO,518.46,593.28,23.62,7.73,eia.gov,false,""
2023-01-06T16:00:00.000000,USA,Midcontinent ISO,US-MIDW-MISO,516.97,592.6,23.1,6.89,eia.gov,false,""
2023-01-06T17:00:00.000000,USA,Midcontinent ISO,US-MIDW-MISO,520.0,596.09,22.55,6.42,eia.gov,false,""
2023-01-06T18:00:00.000000,USA,Midcontinent ISO,US-MIDW-MISO,518.81,594.79,22.69,6.14,eia.gov,false,""
2023-01-06T19:00:00.000000,USA,Midcontinent ISO,US-MIDW-MISO,519.91,595.66,22.78,6.04,eia.gov,false,""
2023-01-06T20:00:00.000000,USA,Midcontinent ISO,US-MIDW-MISO,520.66,596.14,22.92,6.11,eia.gov,false,""
2023-01-06T21:00:00.000000,USA,Midcontinent ISO,US-MIDW-MISO,523.77,599.83,22.29,5.79,eia.gov,false,""
2023-01-06T22:00:00.000000,USA,Midcontinent ISO,US-MIDW-MISO,521.57,597.31,22.66,6.64,eia.gov,false,""
2023-01-06T23:00:00.000000,USA,Midcontinent ISO,US-MIDW-MISO,516.56,592.47,22.87,7.46,eia.gov,false,""
2023-01-07T00:00:00.000000,USA,Midcontinent ISO,US-MIDW-MISO,513.69,589.02,23.42,7.81,eia.gov,false,""
2023-01-07T01:00:00.000000,USA,Midcontinent ISO,US-MIDW-MISO,518.72,593.23,23.56,7.72,eia.gov,false,""
2023-01-07T02:00:00.000000,USA,Midcontinent ISO,US-MIDW-MISO,520.19,594.25,23.76,7.32,eia.gov,false,""
2023-01-07T03:00:00.000000,USA,Midcontinent ISO,US-MIDW-MISO,522.98,596.45,23.96,7.11,eia.gov,false,""
2023-01-07T04:00:00.000000,USA,Midcontinent ISO,US-MIDW-MISO,521.53,594.11,24.7,7.24,eia.gov,false,""
2023-01-07T05:00:00.000000,USA,Midcontinent ISO,US-MIDW-MISO,518.57,590.58,25.26,7.29,eia.gov,false,""
2023-01-07T06:00:00.000000,USA,Midcontinent ISO,US-MIDW-MISO,507.98,579.1,26.57,7.96,eia.gov,false,""
2023-01-07T07:00:00.000000,USA,Midcontinent ISO,US-MIDW-MISO,500.52,570.73,27.68,8.6,eia.gov,false,""
2023-01-07T08:00:00.000000,USA,Midcontinent ISO,US-MIDW-MISO,492.22,562.1,28.47,9.25,eia.gov,false,""
2023-01-07T09:00:00.000000,USA,Midcontinent ISO,US-MIDW-MISO,489.49,559.21,28.75,9.63,eia.gov,false,""
2023-01-07T10:00:00.000000,USA,Midcontinent ISO,US-MIDW-MISO,490.06,559.65,28.79,10.07,eia.gov,false,""
2023-01-07T11:00:00.000000,USA,Midcontinent ISO,US-MIDW-MISO,488.55,557.53,29.31,10.7,eia.gov,false,""
2023-01-07T12:00:00.000000,USA,Midcontinent ISO,US-MIDW-MISO,494.28,564.23,28.28,10.27,eia.gov,false,""
2023-01-07T13:00:00.000000,USA,Midcontinent ISO,US-MIDW-MISO,502.53,573.05,27.36,9.86,eia.gov,false,""
2023-01-07T14:00:00.000000,USA,Midcontinent ISO,US-MIDW-MISO,506.57,577.39,26.93,9.58,eia.gov,false,""
2023-01-07T15:00:00.000000,USA,Midcontinent ISO,US-MIDW-MISO,510.02,581.41,26.35,8.8,eia.gov,false,""
2023-01-07T16:00:00.000000,USA,Midcontinent ISO,US-MIDW-MISO,511.62,582.93,26.29,8.73,eia.gov,false,""
2023-01-07T17:00:00.000000,USA,Midcontinent ISO,US-MIDW-MISO,512.67,583.95,26.26,8.61,eia.gov,false,""
2023-01-07T18:00:00.000000,USA,Midcontinent ISO,US-MIDW-MISO,509.97,581.07,26.57,8.77,eia.gov,false,""
2023-01-07T19:00:00.000000,USA,Midcontinent ISO,US-MIDW-MISO,504.61,575.22,27.25,9.3,eia.gov,false,""
2023-01-07T20:00:00.000000,USA,Midcontinent ISO,US-MIDW-MISO,502.34,572.63,27.6,9.79,eia.gov,false,""
2023-01-07T21:00:00.000000,USA,Midcontinent ISO,US-MIDW-MISO,503.05,573.38,27.46,9.89,eia.gov,false,""
2023-01-07T22:00:00.000000,USA,Midcontinent ISO,US-MIDW-MISO,508.34,579.15,26.79,10.04,eia.gov,false,""
2023-01-07T23:00:00.000000,USA,Midcontinent ISO,US-MIDW-MISO,507.94,578.86,26.79,10.71,eia.gov,false,""
2023-01-08T00:00:00.000000,USA,Midcontinent ISO,US-MIDW-MISO,506.07,577.22,26.73,10.65,eia.gov,false,""
2023-01-08T01:00:00.000000,USA,Midcontinent ISO,US-MIDW-MISO,509.96,581.28,26.3,9.83,eia.gov,false,""
2023-01-08T02:00:00.000000,USA,Midcontinent ISO,US-MIDW-MISO,504.09,574.91,27.03,9.95,eia.gov,false,""
2023-01-08T03:00:00.000000,USA,Midcontinent ISO,US-MIDW-MISO,506.03,577.02,26.75,9.47,eia.gov,false,""
2023-01-08T04:00:00.000000,USA,Midcontinent ISO,US-MIDW-MISO,498.9,568.98,27.85,10.08,eia.gov,false,""
2023-01-08T05:00:00.000000,USA,Midcontinent ISO,US-MIDW-MISO,494.38,562.92,29.21,11.06,eia.gov,false,""
2023-01-08T06:00:00.000000,USA,Midcontinent ISO,US-MIDW-MISO,489.93,557.95,29.79,11.1,eia.gov,false,""
2023-01-08T07:00:00.000000,USA,Midcontinent ISO,US-MIDW-MISO,479.89,547.45,30.74,11.98,eia.gov,false,""
2023-01-08T08:00:00.000000,USA,Midcontinent ISO,US-MIDW-MISO,474.48,541.57,31.41,12.57,eia.gov,false,""
2023-01-08T09:00:00.000000,USA,Midcontinent ISO,US-MIDW-MISO,468.08,534.44,32.33,13.35,eia.gov,false,""
2023-01-08T10:00:00.000000,USA,Midcontinent ISO,US-MIDW-MISO,467.56,533.78,32.45,13.52,eia.gov,false,""
2023-01-08T11:00:00.000000,USA,Midcontinent ISO,US-MIDW-MISO,472.18,538.33,32.24,13.58,eia.gov,false,""
2023-01-08T12:00:00.000000,USA,Midcontinent ISO,US-MIDW-MISO,478.4,545.01,31.52,13.12,eia.gov,false,""
2023-01-08T13:00:00.000000,USA,Midcontinent ISO,US-MIDW-MISO,484.92,552.37,30.53,12.66,eia.gov,false,""
2023-01-08T14:00:00.000000,USA,Midcontinent ISO,US-MIDW-MISO,493.12,561.18,29.57,12.04,eia.gov,false,""
2023-01-08T15:00:00.000000,USA,Midcontinent ISO,US-MIDW-MISO,490.08,557.9,29.97,12.55,eia.gov,false,""
2023-01-08T16:00:00.000000,USA,Midcontinent ISO,US-MIDW-MISO,490.73,558.53,29.98,12.62,eia.gov,false,""
2023-01-08T17:00:00.000000,USA,Midcontinent ISO,US-MIDW-MISO,495.36,563.27,29.62,12.31,eia.gov,false,""
2023-01-08T18:00:00.000000,USA,Midcontinent ISO,US-MIDW-MISO,497.29,565.41,29.37,12.07,eia.gov,false,""
2023-01-08T19:00:00.000000,USA,Midcontinent ISO,US-MIDW-MISO,499.7,568.08,29.04,11.64,eia.gov,false,""
2023-01-08T20:00:00.000000,USA,Midcontinent ISO,US-MIDW-MISO,502.31,570.93,28.7,11.26,eia.gov,false,""
2023-01-08T21:00:00.000000,USA,Midcontinent ISO,US-MIDW-MISO,507.69,577.04,27.83,10.74,eia.gov,false,""
2023-01-08T22:00:00.000000,USA,Midcontinent ISO,US-MIDW-MISO,514.7,584.28,27.2,10.91,eia.gov,false,""
2023-01-08T23:00:00.000000,USA,Midcontinent ISO,US-MIDW-MISO,507.55,576.37,28.26,12.45,eia.gov,false,""
2023-01-09T00:00:00.000000,USA,Midcontinent ISO,US-MIDW-MISO,512.62,581.55,27.74,11.86,eia.gov,false,""
2023-01-09T01:00:00.000000,USA,Midcontinent ISO,US-MIDW-MISO,505.38,573.82,28.52,12.21,eia.gov,false,""
2023-01-09T02:00:00.000000,USA,Midcontinent ISO,US-MIDW-MISO,489.61,556.57,30.57,13.97,eia.gov,false,""
2023-01-09T03:00:00.000000,USA,Midcontinent ISO,US-MIDW-MISO,464.99,529.35,33.91,16.78,eia.gov,false,""
2023-01-09T04:00:00.000000,USA,Midcontinent ISO,US-MIDW-MISO,439.02,500.57,37.54,20.21,eia.gov,false,""
2023-01-09T05:00:00.000000,USA,Midcontinent ISO,US-MIDW-MISO,432.84,493.34,38.64,21.2,eia.gov,false,""
2023-01-09T06:00:00.000000,USA,Midcontinent ISO,US-MIDW-MISO,419.33,478.61,40.36,22.47,eia.gov,false,""
2023-01-09T07:00:00.000000,USA,Midcontinent ISO,US-MIDW-MISO,410.7,469.16,41.47,23.36,eia.gov,false,""
2023-01-09T08:00:00.000000,USA,Midcontinent ISO,US-MIDW-MISO,402.18,459.5,42.81,24.29,eia.gov,false,""
2023-01-09T09:00:00.000000,USA,Midcontinent ISO,US-MIDW-MISO,403.97,461.72,42.4,24.09,eia.gov,false,""
2023-01-09T10:00:00.000000,USA,Midcontinent ISO,US-MIDW-MISO,416.64,475.29,40.92,23.34,eia.gov,false,""
2023-01-09T11:00:00.000000,USA,Midcontinent ISO,US-MIDW-MISO,444.14,504.49,37.94,21.99,eia.gov,false,""
2023-01-09T12:00:00.000000,USA,Midcontinent ISO,US-MIDW-MISO,445.55,505.86,38.03,23.52,eia.gov,false,""
2023-01-09T13:00:00.000000,USA,Midcontinent ISO,US-MIDW-MISO,457.86,518.73,36.72,22.51,eia.gov,false,""
2023-01-09T14:00:00.000000,USA,Midcontinent ISO,US-MIDW-MISO,450.84,511.15,37.58,22.94,eia.gov,false,""
2023-01-09T15:00:00.000000,USA,Midcontinent ISO,US-MIDW-MISO,431.96,490.94,39.81,24.86,eia.gov,false,""
2023-01-09T16:00:00.000000,USA,Midcontinent ISO,US-MIDW-MISO,433.99,493.2,39.55,24.38,eia.gov,false,""
2023-01-09T17:00:00.000000,USA,Midcontinent ISO,US-MIDW-MISO,433.2,492.79,39.37,23.78,eia.gov,false,""
2023-01-09T18:00:00.000000,USA,Midcontinent ISO,US-MIDW-MISO,437.85,497.98,38.7,22.93,eia.gov,false,""
2023-01-09T19:00:00.000000,USA,Midcontinent ISO,US-MIDW-MISO,438.85,498.89,38.68,22.93,eia.gov,false,""
2023-01-09T20:00:00.000000,USA,Midcontinent ISO,US-MIDW-MISO,440.82,501.41,38.18,21.95,eia.gov,false,""
2023-01-09T21:00:00.000000,USA,Midcontinent ISO,US-MIDW-MISO,452.93,515.26,36.15,20.11,eia.gov,false,""
2023-01-09T22:00:00.000000,USA,Midcontinent ISO,US-MIDW-MISO,459.28,522.18,35.33,19.81,eia.gov,false,""
2023-01-09T23:00:00.000000,USA,Midcontinent ISO,US-MIDW-MISO,466.25,529.42,34.7,19.64,eia.gov,false,""
2023-01-10T00:00:00.000000,USA,Midcontinent ISO,US-MIDW-MISO,461.8,524.33,35.37,20.48,eia.gov,false,""
2023-01-10T01:00:00.000000,USA,Midcontinent ISO,US-MIDW-MISO,448.18,509.43,37.08,22.0,eia.gov,false,""
2023-01-10T02:00:00.000000,USA,Midcontinent ISO,US-MIDW-MISO,441.26,501.78,38.01,22.56,eia.gov,false,""
2023-01-10T03:00:00.000000,USA,Midcontinent ISO,US-MIDW-MISO,435.91,495.74,38.83,22.57,eia.gov,false,""
2023-01-10T04:00:00.000000,USA,Midcontinent ISO,US-MIDW-MISO,427.57,486.46,40.04,23.11,eia.gov,false,""
2023-01-10T05:00:00.000000,USA,Midcontinent ISO,US-MIDW-MISO,431.18,490.57,39.38,21.56,eia.gov,false,""
2023-01-10T06:00:00.000000,USA,Midcontinent ISO,US-MIDW-MISO,442.1,503.01,37.63,19.45,eia.gov,false,""
2023-01-10T07:00:00.000000,USA,Midcontinent ISO,US-MIDW-MISO,456.03,517.82,36.1,17.48,eia.gov,false,""
2023-01-10T08:00:00.000000,USA,Midcontinent ISO,US-MIDW-MISO,471.5,534.78,34.07,15.61,eia.gov,false,""
2023-01-10T09:00:00.000000,USA,Midcontinent ISO,US-MIDW-MISO,476.37,540.34,33.32,14.98,eia.gov,false,""
2023-01-10T10:00:00.000000,USA,Midcontinent ISO,US-MIDW-MISO,480.08,545.48,32.18,14.41,eia.gov,false,""
2023-01-10T11:00:00.000000,USA,Midcontinent ISO,US-MIDW-MISO,499.3,567.38,29.18,12.42,eia.gov,false,""
2023-01-10T12:00:00.000000,USA,Midcontinent ISO,US-MIDW-MISO,510.17,579.62,27.75,12.09,eia.gov,false,""
2023-01-10T13:00:00.000000,USA,Midcontinent ISO,US-MIDW-MISO,525.79,596.9,25.59,10.48,eia.gov,false,""
2023-01-10T14:00:00.000000,USA,Midcontinent ISO,US-MIDW-MISO,533.84,605.46,24.73,9.53,eia.gov,false,""
2023-01-10T15:00:00.000000,USA,Midcontinent ISO,US-MIDW-MISO,533.95,605.69,24.73,9.12,eia.gov,false,""
2023-01-10T16:00:00.000000,USA,Midcontinent ISO,US-MIDW-MISO,541.2,612.82,24.28,8.34,eia.gov,false,""
2023-01-10T17:00:00.000000,USA,Midcontinent ISO,US-MIDW-MISO,549.98,621.87,23.43,7.14,eia.gov,false,""
2023-01-10T18:00:00.000000,USA,Midcontinent ISO,US-MIDW-MISO,550.89,622.49,23.52,6.83,eia.gov,false,""
2023-01-10T19:00:00.000000,USA,Midcontinent ISO,US-MIDW-MISO,551.45,622.41,23.89,7.04,eia.gov,false,""
2023-01-10T20:00:00.000000,USA,Midcontinent ISO,US-MIDW-MISO,551.45,622.37,23.89,6.87,eia.gov,false,""
2023-01-10T21:00:00.000000,USA,Midcontinent ISO,US-MIDW-MISO,557.26,628.52,23.23,6.5,eia.gov,false,""
2023-01-10T22:00:00.000000,USA,Midcontinent ISO,US-MIDW-MISO,552.11,623.31,23.69,7.66,eia.gov,false,""
2023-01-10T23:00:00.000000,USA,Midcontinent ISO,US-MIDW-MISO,550.39,621.77,23.58,7.83,eia.gov,false,""
2023-01-11T00:00:00.000000,USA,Midcontinent ISO,US-MIDW-MISO,545.03,615.68,24.41,8.59,eia.gov,false,""
2023-01-11T01:00:00.000000,USA,Midcontinent ISO,US-MIDW-MISO,535.42,604.25,26.25,10.2,eia.gov,false,""
2023-01-11T02:00:00.000000,USA,Midcontinent ISO,US-MIDW-MISO,530.83,598.8,27.13,10.77,eia.gov,false,""
2023-01-11T03:00:00.000000,USA,Midcontinent ISO,US-MIDW-MISO,525.0,592.05,28.11,11.04,eia.gov,false,""
2023-01-11T04:00:00.000000,USA,Midcontinent ISO,US-MIDW-MISO,519.22,585.18,29.21,11.72,eia.gov,false,""
2023-01-11T05:00:00.000000,USA,Midcontinent ISO,US-MIDW-MISO,510.18,575.81,29.98,12.21,eia.gov,false,""
2023-01-11T06:00:00.000000,USA,Midcontinent ISO,US-MIDW-MISO,513.03,579.35,29.34,11.0,eia.gov,false,""
2023-01-11T07:00:00.000000,USA,Midcontinent ISO,US-MIDW-MISO,508.21,574.24,29.87,11.09,eia.gov,false,""
2023-01-11T08:00:00.000000,USA,Midcontinent ISO,US-MIDW-MISO,499.24,565.0,30.63,11.61,eia.gov,false,""
2023-01-11T09:00:00.000000,USA,Midcontinent ISO,US-MIDW-MISO,502.57,568.56,30.27,11.27,eia.gov,false,""
2023-01-11T10:00:00.000000,USA,Midcontinent ISO,US-MIDW-MISO,506.08,572.12,30.02,11.73,eia.gov,false,""
2023-01-11T11:00:00.000000,USA,Midcontinent ISO,US-MIDW-MISO,502.01,568.39,30.13,12.79,eia.gov,false,""
2023-01-11T12:00:00.000000,USA,Midcontinent ISO,US-MIDW-MISO,483.61,548.68,32.5,16.1,eia.gov,false,""
2023-01-11T13:00:00.000000,USA,Midcontinent ISO,US-MIDW-MISO,497.82,564.38,30.5,14.38,eia.gov,false,""
2023-01-11T14:00:00.000000,USA,Midcontinent ISO,US-MIDW-MISO,506.5,573.92,29.34,13.32,eia.gov,false,""
2023-01-11T15:00:00.000000,USA,Midcontinent ISO,US-MIDW-MISO,507.86,575.57,29.08,12.73,eia.gov,false,""
2023-01-11T16:00:00.000000,USA,Midcontinent ISO,US-MIDW-MISO,515.83,584.75,27.66,11.07,eia.gov,false,""
2023-01-11T17:00:00.000000,USA,Midcontinent ISO,US-MIDW-MISO,524.79,594.02,26.86,9.83,eia.gov,false,""
2023-01-11T18:00:00.000000,USA,Midcontinent ISO,US-MIDW-MISO,526.65,595.55,26.98,9.87,eia.gov,false,""
2023-01-11T19:00:00.000000,USA,Midcontinent ISO,US-MIDW-MISO,515.51,583.53,28.29,11.48,eia.gov,false,""
2023-01-11T20:00:00.000000,USA,Midcontinent ISO,US-MIDW-MISO,501.26,567.96,30.12,13.33,eia.gov,false,""
2023-01-11T21:00:00.000000,USA,Midcontinent ISO,US-MIDW-MISO,495.47,561.14,31.15,14.88,eia.gov,false,""
2023-01-11T22:00:00.000000,USA,Midcontinent ISO,US-MIDW-MISO,478.52,542.17,33.67,18.16,eia.gov,false,""
2023-01-11T23:00:00.000000,USA,Midcontinent ISO,US-MIDW-MISO,479.41,542.63,33.8,18.67,eia.gov,false,""
2023-01-12T00:00:00.000000,USA,Midcontinent ISO,US-MIDW-MISO,481.49,543.25,34.57,19.3,eia.gov,false,""
2023-01-12T01:00:00.000000,USA,Midcontinent ISO,US-MIDW-MISO,473.84,534.63,35.73,20.03,eia.gov,false,""
2023-01-12T02:00:00.000000,USA,Midcontinent ISO,US-MIDW-MISO,471.16,531.88,35.89,19.89,eia.gov,false,""
2023-01-12T03:00:00.000000,USA,Midcontinent ISO,US-MIDW-MISO,472.08,531.98,36.35,19.69,eia.gov,false,""
2023-01-12T04:00:00.000000,USA,Midcontinent ISO,US-MIDW-MISO,459.08,517.38,38.29,20.65,eia.gov,false,""
2023-01-12T05:00:00.000000,USA,Midcontinent ISO,US-MIDW-MISO,439.35,496.09,40.67,21.88,eia.gov,false,""
2023-01-12T06:00:00.000000,USA,Midcontinent ISO,US-MIDW-MISO,427.63,483.61,41.93,22.51,eia.gov,false,""
2023-01-12T07:00:00.000000,USA,Midcontinent ISO,US-MIDW-MISO,416.99,471.13,43.87,23.92,eia.gov,false,""
2023-01-12T08:00:00.000000,USA,Midcontinent ISO,US-MIDW-MISO,409.99,463.78,44.56,24.91,eia.gov,false,""
2023-01-12T09:00:00.000000,USA,Midcontinent ISO,US-MIDW-MISO,402.64,455.72,45.54,25.93,eia.gov,false,""
2023-01-12T10:00:00.000000,USA,Midcontinent ISO,US-MIDW-MISO,402.46,455.82,45.35,26.32,eia.gov,false,""
2023-01-12T11:00:00.000000,USA,Midcontinent ISO,US-MIDW-MISO,402.6,456.27,45.17,27.18,eia.gov,false,""
2023-01-12T12:00:00.000000,USA,Midcontinent ISO,US-MIDW-MISO,389.75,443.58,46.17,29.57,eia.gov,false,""
2023-01-12T13:00:00.000000,USA,Midcontinent ISO,US-MIDW-MISO,403.92,459.2,44.2,28.23,eia.gov,false,""
2023-01-12T14:00:00.000000,USA,Midcontinent ISO,US-MIDW-MISO,411.7,467.19,43.5,27.53,eia.gov,false,""
2023-01-12T15:00:00.000000,USA,Midcontinent ISO,US-MIDW-MISO,408.4,463.62,43.91,27.81,eia.gov,false,""
2023-01-12T16:00:00.000000,USA,Midcontinent ISO,US-MIDW-MISO,408.07,463.39,43.86,27.69,eia.gov,false,""
2023-01-12T17:00:00.000000,USA,Midcontinent ISO,US-MIDW-MISO,406.14,461.36,44.03,27.83,eia.gov,false,""
2023-01-12T18:00:00.000000,USA,Midcontinent ISO,US-MIDW-MISO,403.92,458.82,44.39,28.25,eia.gov,false,""
2023-01-12T19:00:00.000000,USA,Midcontinent ISO,US-MIDW-MISO,400.12,454.83,44.78,28.65,eia.gov,false,""
2023-01-12T20:00:00.000000,USA,Midcontinent ISO,US-MIDW-MISO,398.68,453.5,44.79,28.7,eia.gov,false,""
2023-01-12T21:00:00.000000,USA,Midcontinent ISO,US-MIDW-MISO,400.23,455.49,44.37,28.36,eia.gov,false,""
2023-01-12T22:00:00.000000,USA,Midcontinent ISO,US-MIDW-MISO,397.24,452.51,44.61,28.91,eia.gov,false,""
2023-01-12T23:00:00.000000,USA,Midcontinent ISO,US-MIDW-MISO,409.98,466.35,43.02,27.61,eia.gov,false,""
2023-01-13T00:00:00.000000,USA,Midcontinent ISO,US-MIDW-MISO,409.02,464.84,43.41,27.96,eia.gov,false,""
2023-01-13T01:00:00.000000,USA,Midcontinent ISO,US-MIDW-MISO,408.98,464.86,43.39,27.49,eia.gov,false,""
2023-01-13T02:00:00.000000,USA,Midcontinent ISO,US-MIDW-MISO,414.08,470.19,42.87,26.54,eia.gov,false,""
2023-01-13T03:00:00.000000,USA,Midcontinent ISO,US-MIDW-MISO,417.88,474.35,42.36,25.49,eia.gov,false,""
2023-01-13T04:00:00.000000,USA,Midcontinent ISO,US-MIDW-MISO,415.34,472.38,42.14,24.74,eia.gov,false,""
2023-01-13T05:00:00.000000,USA,Midcontinent ISO,US-MIDW-MISO,407.77,464.59,42.77,24.61,eia.gov,false,""
2023-01-13T06:00:00.000000,USA,Midcontinent ISO,US-MIDW-MISO,390.16,446.58,44.18,24.79,eia.gov,false,""
2023-01-13T07:00:00.000000,USA,Midcontinent ISO,US-MIDW-MISO,394.0,451.41,43.25,23.25,eia.gov,false,""
2023-01-13T08:00:00.000000,USA,Midcontinent ISO,US-MIDW-MISO,407.1,465.91,41.48,21.38,eia.gov,false,""
2023-01-13T09:00:00.000000,USA,Midcontinent ISO,US-MIDW-MISO,410.22,470.03,40.59,20.59,eia.gov,false,""
2023-01-13T10:00:00.000000,USA,Midcontinent ISO,US-MIDW-MISO,417.14,478.96,38.81,19.36,eia.gov,false,""
2023-01-13T11:00:00.000000,USA,Midcontinent ISO,US-MIDW-MISO,438.72,503.46,35.42,17.22,eia.gov,false,""
2023-01-13T12:00:00.000000,USA,Midcontinent ISO,US-MIDW-MISO,456.6,523.16,33.09,16.28,eia.gov,false,""
2023-01-13T13:00:00.000000,USA,Midcontinent ISO,US-MIDW-MISO,466.18,533.75,31.85,15.88,eia.gov,false,""
2023-01-13T14:00:00.000000,USA,Midcontinent ISO,US-MIDW-MISO,481.71,550.29,30.13,14.48,eia.gov,false,""
2023-01-13T15:00:00.000000,USA,Midcontinent ISO,US-MIDW-MISO,483.12,552.01,29.82,13.84,eia.gov,false,""
2023-01-13T16:00:00.000000,USA,Midcontinent ISO,US-MIDW-MISO,487.82,556.98,29.28,13.26,eia.gov,false,""
2023-01-13T17:00:00.000000,USA,Midcontinent ISO,US-MIDW-MISO,484.41,552.83,30.01,13.81,eia.gov,false,""
2023-01-13T18:00:00.000000,USA,Midcontinent ISO,US-MIDW-MISO,480.86,548.7,30.63,14.3,eia.gov,false,""
2023-01-13T19:00:00.000000,USA,Midcontinent ISO,US-MIDW-MISO,479.43,546.8,31.02,14.84,eia.gov,false,""
2023-01-13T20:00:00.000000,USA,Midcontinent ISO,US-MIDW-MISO,475.44,542.42,31.53,15.23,eia.gov,false,""
2023-01-13T21:00:00.000000,USA,Midcontinent ISO,US-MIDW-MISO,475.79,542.92,31.41,15.46,eia.gov,false,""
2023-01-13T22:00:00.000000,USA,Midcontinent ISO,US-MIDW-MISO,467.97,534.68,32.32,16.92,eia.gov,false,""
2023-01-13T23:00:00.000000,USA,Midcontinent ISO,US-MIDW-MISO,472.84,539.88,31.78,16.71,eia.gov,false,""
2023-01-14T00:00:00.000000,USA,Midcontinent ISO,US-MIDW-MISO,473.38,540.33,31.79,16.75,eia.gov,false,""
2023-01-14T01:00:00.000000,USA,Midcontinent ISO,US-MIDW-MISO,478.83,545.96,31.16,15.92,eia.gov,false,""
2023-01-14T02:00:00.000000,USA,Midcontinent ISO,US-MIDW-MISO,475.12,541.81,31.66,16.36,eia.gov,false,""
2023-01-14T03:00:00.000000,USA,Midcontinent ISO,US-MIDW-MISO,459.44,525.16,33.36,17.57,eia.gov,false,""
2023-01-14T04:00:00.000000,USA,Midcontinent ISO,US-MIDW-MISO,446.51,510.6,35.3,18.95,eia.gov,false,""
2023-01-14T05:00:00.000000,USA,Midcontinent ISO,US-MIDW-MISO,452.93,516.09,35.46,19.18,eia.gov,false,""
2023-01-14T06:00:00.000000,USA,Midcontinent ISO,US-MIDW-MISO,455.85,518.87,35.29,18.84,eia.gov,false,""
2023-01-14T07:00:00.000000,USA,Midcontinent ISO,US-MIDW-MISO,449.85,512.86,35.69,19.07,eia.gov,false,""
2023-01-14T08:00:00.000000,USA,Midcontinent ISO,US-MIDW-MISO,441.58,504.47,36.34,19.27,eia.gov,false,""
2023-01-14T09:00:00.000000,USA,Midcontinent ISO,US-MIDW-MISO,432.26,494.5,37.42,20.34,eia.gov,false,""
2023-01-14T10:00:00.000000,USA,Midcontinent ISO,US-MIDW-MISO,444.67,508.14,35.77,18.87,eia.gov,false,""
2023-01-14T11:00:00.000000,USA,Midcontinent ISO,US-MIDW-MISO,433.77,496.15,37.36,20.75,eia.gov,false,""
2023-01-14T12:00:00.000000,USA,Midcontinent ISO,US-MIDW-MISO,434.76,497.73,36.92,20.91,eia.gov,false,""
2023-01-14T13:00:00.000000,USA,Midcontinent ISO,US-MIDW-MISO,439.96,503.44,36.27,20.87,eia.gov,false,""
2023-01-14T14:00:00.000000,USA,Midcontinent ISO,US-MIDW-MISO,434.73,497.75,36.96,21.95,eia.gov,false,""
2023-01-14T15:00:00.000000,USA,Midcontinent ISO,US-MIDW-MISO,438.4,501.55,36.61,21.82,eia.gov,false,""
2023-01-14T16:00:00.000000,USA,Midcontinent ISO,US-MIDW-MISO,431.33,492.9,38.15,23.13,eia.gov,false,""
2023-01-14T17:00:00.000000,USA,Midcontinent ISO,US-MIDW-MISO,419.05,479.07,40.03,24.86,eia.gov,false,""
2023-01-14T18:00:00.000000,USA,Midcontinent ISO,US-MIDW-MISO,417.48,477.38,40.22,24.86,eia.gov,false,""
2023-01-14T19:00:00.000000,USA,Midcontinent ISO,US-MIDW-MISO,409.7,469.09,41.08,25.39,eia.gov,false,""
2023-01-14T20:00:00.000000,USA,Midcontinent ISO,US-MIDW-MISO,404.28,463.08,41.83,26.04,eia.gov,false,""
2023-01-14T21:00:00.000000,USA,Midcontinent ISO,US-MIDW-MISO,407.38,466.76,41.17,25.47,eia.gov,false,""
2023-01-14T22:00:00.000000,USA,Midcontinent ISO,US-MIDW-MISO,414.64,474.72,40.15,24.71,eia.gov,false,""
2023-01-14T23:00:00.000000,USA,Midcontinent ISO,US-MIDW-MISO,410.96,470.41,40.9,26.15,eia.gov,false,""
2023-01-15T00:00:00.000000,USA,Midcontinent ISO,US-MIDW-MISO,418.75,478.36,40.17,25.57,eia.gov,false,""
2023-01-15T01:00:00.000000,USA,Midcontinent ISO,US-MIDW-MISO,417.32,476.55,40.48,25.52,eia.gov,false,""
2023-01-15T02:00:00.000000,USA,Midcontinent ISO,US-MIDW-MISO,411.48,470.64,40.91,25.71,eia.gov,false,""
2023-01-15T03:00:00.000000,USA,Midcontinent ISO,US-MIDW-MISO,408.47,467.51,41.16,25.79,eia.gov,false,""
2023-01-15T04:00:00.000000,USA,Midcontinent ISO,US-MIDW-MISO,408.38,467.42,41.12,25.62,eia.gov,false,""
2023-01-15T05:00:00.000000,USA,Midcontinent ISO,US-MIDW-MISO,410.97,470.19,40.8,25.09,eia.gov,false,""
2023-01-15T06:00:00.000000,USA,Midcontinent ISO,US-MIDW-MISO,405.28,464.09,41.45,25.45,eia.gov,false,""
2023-01-15T07:00:00.000000,USA,Midcontinent ISO,US-MIDW-MISO,400.65,459.07,42.03,25.96,eia.gov,false,""
2023-01-15T08:00:00.000000,USA,Midcontinent ISO,US-MIDW-MISO,403.22,461.88,41.69,25.78,eia.gov,false,""
2023-01-15T09:00:00.000000,USA,Midcontinent ISO,US-MIDW-MISO,403.87,462.5,41.65,25.58,eia.gov,false,""
2023-01-15T10:00:00.000000,USA,Midcontinent ISO,US-MIDW-MISO,401.0,459.02,42.25,26.15,eia.gov,false,""
2023-01-15T11:00:00.000000,USA,Midcontinent ISO,US-MIDW-MISO,400.26,457.57,42.8,26.78,eia.gov,false,""
2023-01-15T12:00:00.000000,USA,Midcontinent ISO,US-MIDW-MISO,395.13,451.83,43.69,28.07,eia.gov,false,""
2023-01-15T13:00:00.000000,USA,Midcontinent ISO,US-MIDW-MISO,390.87,447.09,44.33,28.92,eia.gov,false,""
2023-01-15T14:00:00.000000,USA,Midcontinent ISO,US-MIDW-MISO,389.61,445.55,44.63,29.28,eia.gov,false,""
2023-01-15T15:00:00.000000,USA,Midcontinent ISO,US-MIDW-MISO,385.55,441.38,45.05,29.29,eia.gov,false,""
2023-01-15T16:00:00.000000,USA,Midcontinent ISO,US-MIDW-MISO,388.3,444.35,44.75,28.37,eia.gov,false,""
2023-01-15T17:00:00.000000,USA,Midcontinent ISO,US-MIDW-MISO,393.67,449.74,44.4,27.45,eia.gov,false,""
2023-01-15T18:00:00.000000,USA,Midcontinent ISO,US-MIDW-MISO,402.44,459.08,43.45,26.07,eia.gov,false,""
2023-01-15T19:00:00.000000,USA,Midcontinent ISO,US-MIDW-MISO,401.76,458.58,43.39,25.59,eia.gov,false,""
2023-01-15T20:00:00.000000,USA,Midcontinent ISO,US-MIDW-MISO,398.83,455.62,43.6,25.74,eia.gov,false,""
2023-01-15T21:00:00.000000,USA,Midcontinent ISO,US-MIDW-MISO,395.71,451.85,44.17,26.44,eia.gov,false,""
2023-01-15T22:00:00.000000,USA,Midcontinent ISO,US-MIDW-MISO,401.15,457.74,43.47,26.78,eia.gov,false,""
2023-01-15T23:00:00.000000,USA,Midcontinent ISO,US-MIDW-MISO,405.32,461.97,43.21,27.41,eia.gov,false,""
2023-01-16T00:00:00.000000,USA,Midcontinent ISO,US-MIDW-MISO,409.27,466.1,42.7,26.74,eia.gov,false,""
2023-01-16T01:00:00.000000,USA,Midcontinent ISO,US-MIDW-MISO,410.69,467.48,42.61,26.36,eia.gov,false,""
2023-01-16T02:00:00.000000,USA,Midcontinent ISO,US-MIDW-MISO,408.32,464.63,43.09,26.38,eia.gov,false,""
2023-01-16T03:00:00.000000,USA,Midcontinent ISO,US-MIDW-MISO,401.81,457.78,43.75,26.62,eia.gov,false,""
2023-01-16T04:00:00.000000,USA,Midcontinent ISO,US-MIDW-MISO,392.25,448.11,44.44,26.91,eia.gov,false,""
2023-01-16T05:00:00.000000,USA,Midcontinent ISO,US-MIDW-MISO,380.84,435.66,45.93,27.92,eia.gov,false,""
2023-01-16T06:00:00.000000,USA,Midcontinent ISO,US-MIDW-MISO,378.92,434.03,45.84,27.55,eia.gov,false,""
2023-01-16T07:00:00.000000,USA,Midcontinent ISO,US-MIDW-MISO,381.19,436.45,45.59,27.3,eia.gov,false,""
2023-01-16T08:00:00.000000,USA,Midcontinent ISO,US-MIDW-MISO,382.28,436.78,46.04,27.42,eia.gov,false,""
2023-01-16T09:00:00.000000,USA,Midcontinent ISO,US-MIDW-MISO,381.66,435.27,46.67,27.88,eia.gov,false,""
2023-01-16T10:00:00.000000,USA,Midcontinent ISO,US-MIDW-MISO,390.22,443.96,46.03,27.69,eia.gov,false,""
2023-01-16T11:00:00.000000,USA,Midcontinent ISO,US-MIDW-MISO,394.09,449.82,44.43,27.09,eia.gov,false,""
2023-01-16T12:00:00.000000,USA,Midcontinent ISO,US-MIDW-MISO,407.93,465.77,42.13,25.94,eia.gov,false,""
2023-01-16T13:00:00.000000,USA,Midcontinent ISO,US-MIDW-MISO,406.47,464.75,41.99,26.05,eia.gov,false,""
2023-01-16T14:00:00.000000,USA,Midcontinent ISO,US-MIDW-MISO,410.24,469.05,41.36,25.11,eia.gov,false,""
2023-01-16T15:00:00.000000,USA,Midcontinent ISO,US-MIDW-MISO,418.85,478.3,40.38,24.07,eia.gov,false,""
2023-01-16T16:00:00.000000,USA,Midcontinent ISO,US-MIDW-MISO,436.03,496.93,38.28,22.34,eia.gov,false,""
2023-01-16T17:00:00.000000,USA,Midcontinent ISO,US-MIDW-MISO,441.7,502.86,37.69,21.47,eia.gov,false,""
2023-01-16T18:00:00.000000,USA,Midcontinent ISO,US-MIDW-MISO,452.47,514.24,36.55,20.35,eia.gov,false,""
2023-01-16T19:00:00.000000,USA,Midcontinent ISO,US-MIDW-MISO,452.96,514.51,36.66,20.44,eia.gov,false,""
2023-01-16T20:00:00.000000,USA,Midcontinent ISO,US-MIDW-MISO,440.0,500.36,38.3,21.95,eia.gov,false,""
2023-01-16T21:00:00.000000,USA,Midcontinent ISO,US-MIDW-MISO,431.62,491.39,39.25,23.03,eia.gov,false,""
2023-01-16T22:00:00.000000,USA,Midcontinent ISO,US-MIDW-MISO,418.4,477.27,40.89,25.26,eia.gov,false,""
2023-01-16T23:00:00.000000,USA,Midcontinent ISO,US-MIDW-MISO,421.97,481.16,40.43,25.29,eia.gov,false,""
2023-01-17T00:00:00.000000,USA,Midcontinent ISO,US-MIDW-MISO,424.64,483.78,40.21,25.06,eia.gov,false,""
2023-01-17T01:00:00.000000,USA,Midcontinent ISO,US-MIDW-MISO,430.24,488.99,40.01,24.43,eia.gov,false,""
2023-01-17T02:00:00.000000,USA,Midcontinent ISO,US-MIDW-MISO,420.96,478.72,41.28,25.06,eia.gov,false,""
2023-01-17T03:00:00.000000,USA,Midcontinent ISO,US-MIDW-MISO,412.37,469.25,42.44,25.58,eia.gov,false,""
2023-01-17T04:00:00.000000,USA,Midcontinent ISO,US-MIDW-MISO,397.03,453.31,43.87,26.47,eia.gov,false,""
2023-01-17T05:00:00.000000,USA,Midcontinent ISO,US-MIDW-MISO,383.46,438.22,45.78,27.53,eia.gov,false,""
2023-01-17T06:00:00.000000,USA,Midcontinent ISO,US-MIDW-MISO,372.23,426.23,47.06,28.2,eia.gov,false,""
2023-01-17T07:00:00.000000,USA,Midcontinent ISO,US-MIDW-MISO,366.59,420.01,47.82,28.52,eia.gov,false,""
2023-01-17T08:00:00.000000,USA,Midcontinent ISO,US-MIDW-MISO,362.01,415.4,48.16,29.0,eia.gov,false,""
2023-01-17T09:00:00.000000,USA,Midcontinent ISO,US-MIDW-MISO,363.71,417.48,47.78,28.84,eia.gov,false,""
2023-01-17T10:00:00.000000,USA,Midcontinent ISO,US-MIDW-MISO,366.93,421.36,47.11,28.49,eia.gov,false,""
2023-01-17T11:00:00.000000,USA,Midcontinent ISO,US-MIDW-MISO,381.72,438.95,44.25,26.61,eia.gov,false,""
2023-01-17T12:00:00.000000,USA,Midcontinent ISO,US-MIDW-MISO,396.48,455.52,42.21,26.17,eia.gov,false,""
2023-01-17T13:00:00.000000,USA,Midcontinent ISO,US-MIDW-MISO,412.99,473.25,40.23,24.63,eia.gov,false,""
2023-01-17T14:00:00.000000,USA,Midcontinent ISO,US-MIDW-MISO,426.15,487.21,38.79,23.48,eia.gov,false,""
2023-01-17T15:00:00.000000,USA,Midcontinent ISO,US-MIDW-MISO,426.94,487.67,38.97,23.47,eia.gov,false,""
2023-01-17T16:00:00.000000,USA,Midcontinent ISO,US-MIDW-MISO,423.63,483.96,39.48,23.76,eia.gov,false,""
2023-01-17T17:00:00.000000,USA,Midcontinent ISO,US-MIDW-MISO,424.38,484.67,39.46,23.74,eia.gov,false,""
2023-01-17T18:00:00.000000,USA,Midcontinent ISO,US-MIDW-MISO,424.47,484.86,39.39,23.51,eia.gov,false,""
2023-01-17T19:00:00.000000,USA,Midcontinent ISO,US-MIDW-MISO,430.79,491.8,38.55,22.66,eia.gov,false,""
2023-01-17T20:00:00.000000,USA,Midcontinent ISO,US-MIDW-MISO,436.3,497.93,37.76,21.77,eia.gov,false,""
2023-01-17T21:00:00.000000,USA,Midcontinent ISO,US-MIDW-MISO,441.62,504.21,36.73,20.64,eia.gov,false,""
2023-01-17T22:00:00.000000,USA,Midcontinent ISO,US-MIDW-MISO,447.59,510.92,35.91,19.83,eia.gov,false,""
2023-01-17T23:00:00.000000,USA,Midcontinent ISO,US-MIDW-MISO,455.86,520.43,34.57,18.91,eia.gov,false,""
2023-01-18T00:00:00.000000,USA,Midcontinent ISO,US-MIDW-MISO,462.05,527.19,33.75,18.07,eia.gov,false,""
2023-01-18T01:00:00.000000,USA,Midcontinent ISO,US-MIDW-MISO,469.84,535.95,32.54,16.71,eia.gov,false,""
2023-01-18T02:00:00.000000,USA,Midcontinent ISO,US-MIDW-MISO,482.59,549.74,30.92,14.69,eia.gov,false,""
2023-01-18T03:00:00.000000,USA,Midcontinent ISO,US-MIDW-MISO,484.35,551.62,30.72,13.69,eia.gov,false,""
2023-01-18T04:00:00.000000,USA,Midcontinent ISO,US-MIDW-MISO,485.25,552.3,30.8,13.0,eia.gov,false,""
2023-01-18T05:00:00.000000,USA,Midcontinent ISO,US-MIDW-MISO,481.01,547.89,31.19,12.42,eia.gov,false,""
2023-01-18T06:00:00.000000,USA,Midcontinent ISO,US-MIDW-MISO,477.03,544.57,31.03,11.37,eia.gov,false,""
2023-01-18T07:00:00.000000,USA,Midcontinent ISO,US-MIDW-MISO,480.67,548.86,30.35,10.29,eia.gov,false,""
2023-01-18T08:00:00.000000,USA,Midcontinent ISO,US-MIDW-MISO,480.14,548.2,30.48,9.98,eia.gov,false,""
2023-01-18T09:00:00.000000,USA,Midcontinent ISO,US-MIDW-MISO,483.61,552.03,30.01,9.52,eia.gov,false,""
2023-01-18T10:00:00.000000,USA,Midcontinent ISO,US-MIDW-MISO,494.8,564.21,28.61,8.79,eia.gov,false,""
2023-01-18T11:00:00.000000,USA,Midcontinent ISO,US-MIDW-MISO,496.6,566.7,28.12,9.91,eia.gov,false,""
2023-01-18T12:00:00.000000,USA,Midcontinent ISO,US-MIDW-MISO,492.8,562.53,28.7,11.79,eia.gov,false,""
2023-01-18T13:00:00.000000,USA,Midcontinent ISO,US-MIDW-MISO,492.23,561.76,28.84,12.48,eia.gov,false,""
2023-01-18T14:00:00.000000,USA,Midcontinent ISO,US-MIDW-MISO,490.45,559.46,29.27,12.76,eia.gov,false,""
2023-01-18T15:00:00.000000,USA,Midcontinent ISO,US-MIDW-MISO,483.28,551.33,30.4,14.02,eia.gov,false,""
2023-01-18T16:00:00.000000,USA,Midcontinent ISO,US-MIDW-MISO,485.86,554.25,29.92,13.46,eia.gov,false,""
2023-01-18T17:00:00.000000,USA,Midcontinent ISO,US-MIDW-MISO,481.26,549.07,30.6,14.03,eia.gov,false,""
2023-01-18T18:00:00.000000,USA,Midcontinent ISO,US-MIDW-MISO,481.47,548.76,30.92,14.45,eia.gov,false,""
2023-01-18T19:00:00.000000,USA,Midcontinent ISO,US-MIDW-MISO,479.69,546.32,31.48,14.99,eia.gov,false,""
2023-01-18T20:00:00.000000,USA,Midcontinent ISO,US-MIDW-MISO,475.24,540.98,32.37,16.1,eia.gov,false,""
2023-01-18T21:00:00.000000,USA,Midcontinent ISO,US-MIDW-MISO,473.24,538.22,32.99,17.12,eia.gov,false,""
2023-01-18T22:00:00.000000,USA,Midcontinent ISO,US-MIDW-MISO,460.41,524.09,34.71,19.06,eia.gov,false,""
2023-01-18T23:00:00.000000,USA,Midcontinent ISO,US-MIDW-MISO,461.68,525.44,34.57,19.24,eia.gov,false,""
2023-01-19T00:00:00.000000,USA,Midcontinent ISO,US-MIDW-MISO,458.39,522.03,34.89,19.45,eia.gov,false,""
2023-01-19T01:00:00.000000,USA,Midcontinent ISO,US-MIDW-MISO,452.13,515.16,35.72,20.09,eia.gov,false,""
2023-01-19T02:00:00.000000,USA,Midcontinent ISO,US-MIDW-MISO,451.93,514.44,36.06,19.91,eia.gov,false,""
2023-01-19T03:00:00.000000,USA,Midcontinent ISO,US-MIDW-MISO,454.95,517.57,35.78,18.78,eia.gov,false,""
2023-01-19T04:00:00.000000,USA,Midcontinent ISO,US-MIDW-MISO,442.4,504.27,37.1,19.18,eia.gov,false,""
2023-01-19T05:00:00.000000,USA,Midcontinent ISO,US-MIDW-MISO,441.74,502.63,37.79,19.39,eia.gov,false,""
2023-01-19T06:00:00.000000,USA,Midcontinent ISO,US-MIDW-MISO,433.71,493.55,39.03,19.75,eia.gov,false,""
2023-01-19T07:00:00.000000,USA,Midcontinent ISO,US-MIDW-MISO,421.48,481.16,39.93,20.03,eia.gov,false,""
2023-01-19T08:00:00.000000,USA,Midcontinent ISO,US-MIDW-MISO,414.76,474.19,40.53,20.51,eia.gov,false,""
2023-01-19T09:00:00.000000,USA,Midcontinent ISO,US-MIDW-MISO,412.53,471.7,40.87,21.45,eia.gov,false,""
2023-01-19T10:00:00.000000,USA,Midcontinent ISO,US-MIDW-MISO,414.39,473.56,40.76,21.52,eia.gov,false,""
2023-01-19T11:00:00.000000,USA,Midcontinent ISO,US-MIDW-MISO,429.81,491.11,38.32,20.17,eia.gov,false,""
2023-01-19T12:00:00.000000,USA,Midcontinent ISO,US-MIDW-MISO,444.0,507.04,36.3,19.62,eia.gov,false,""
2023-01-19T13:00:00.000000,USA,Midcontinent ISO,US-MIDW-MISO,453.15,517.06,35.06,18.81,eia.gov,false,""
2023-01-19T14:00:00.000000,USA,Midcontinent ISO,US-MIDW-MISO,450.97,514.15,35.73,19.42,eia.gov,false,""
2023-01-19T15:00:00.000000,USA,Midcontinent ISO,US-MIDW-MISO,442.6,505.35,36.59,20.33,eia.gov,false,""
2023-01-19T16:00:00.000000,USA,Midcontinent ISO,US-MIDW-MISO,442.05,504.55,36.74,20.42,eia.gov,false,""
2023-01-19T17:00:00.000000,USA,Midcontinent ISO,US-MIDW-MISO,434.55,496.54,37.6,21.17,eia.gov,false,""
2023-01-19T18:00:00.000000,USA,Midcontinent ISO,US-MIDW-MISO,427.46,488.97,38.41,21.8,eia.gov,false,""
2023-01-19T19:00:00.000000,USA,Midcontinent ISO,US-MIDW-MISO,420.28,481.3,39.2,22.53,eia.gov,false,""
2023-01-19T20:00:00.000000,USA,Midcontinent ISO,US-MIDW-MISO,412.6,473.23,39.98,23.12,eia.gov,false,""
2023-01-19T21:00:00.000000,USA,Midcontinent ISO,US-MIDW-MISO,407.47,468.11,40.34,23.46,eia.gov,false,""
2023-01-19T22:00:00.000000,USA,Midcontinent ISO,US-MIDW-MISO,403.02,463.44,40.88,24.45,eia.gov,false,""
2023-01-19T23:00:00.000000,USA,Midcontinent ISO,US-MIDW-MISO,408.5,469.6,40.06,23.94,eia.gov,false,""
2023-01-20T00:00:00.000000,USA,Midcontinent ISO,US-MIDW-MISO,413.7,475.09,39.42,23.33,eia.gov,false,""
2023-01-20T01:00:00.000000,USA,Midcontinent ISO,US-MIDW-MISO,416.19,477.65,39.13,22.71,eia.gov,false,""
2023-01-20T02:00:00.000000,USA,Midcontinent ISO,US-MIDW-MISO,410.64,471.9,39.63,22.75,eia.gov,false,""
2023-01-20T03:00:00.000000,USA,Midcontinent ISO,US-MIDW-MISO,402.73,463.58,40.39,22.87,eia.gov,false,""
2023-01-20T04:00:00.000000,USA,Midcontinent ISO,US-MIDW-MISO,392.38,452.68,41.44,23.18,eia.gov,false,""
2023-01-20T05:00:00.000000,USA,Midcontinent ISO,US-MIDW-MISO,375.22,434.53,43.24,23.83,eia.gov,false,""
2023-01-20T06:00:00.000000,USA,Midcontinent ISO,US-MIDW-MISO,361.8,420.49,44.54,24.02,eia.gov,false,""
2023-01-20T07:00:00.000000,USA,Midcontinent ISO,US-MIDW-MISO,359.55,418.74,44.33,23.5,eia.gov,false,""
2023-01-20T08:00:00.000000,USA,Midcontinent ISO,US-MIDW-MISO,366.01,425.76,43.5,22.53,eia.gov,false,""
2023-01-20T09:00:00.000000,USA,Midcontinent ISO,US-MIDW-MISO,375.37,436.55,41.92,21.34,eia.gov,false,""
2023-01-20T10:00:00.000000,USA,Midcontinent ISO,US-MIDW-MISO,388.31,450.7,40.26,20.23,eia.gov,false,""
2023-01-20T11:00:00.000000,USA,Midcontinent ISO,US-MIDW-MISO,408.74,473.4,37.49,18.9,eia.gov,false,""
2023-01-20T12:00:00.000000,USA,Midcontinent ISO,US-MIDW-MISO,435.7,503.54,33.59,16.44,eia.gov,false,""
2023-01-20T13:00:00.000000,USA,Midcontinent ISO,US-MIDW-MISO,459.33,528.54,31.09,14.6,eia.gov,false,""
2023-01-20T14:00:00.000000,USA,Midcontinent ISO,US-MIDW-MISO,464.65,534.17,30.55,13.95,eia.gov,false,""
2023-01-20T15:00:00.000000,USA,Midcontinent ISO,US-MIDW-MISO,465.4,534.77,30.62,13.68,eia.gov,false,""
2023-01-20T16:00:00.000000,USA,Midcontinent ISO,US-MIDW-MISO,470.84,540.52,30.06,12.91,eia.gov,false,""
2023-01-20T17:00:00.000000,USA,Midcontinent ISO,US-MIDW-MISO,474.18,543.74,29.93,12.68,eia.gov,false,""
2023-01-20T18:00:00.000000,USA,Midcontinent ISO,US-MIDW-MISO,473.02,542.58,30.01,12.61,eia.gov,false,""
2023-01-20T19:00:00.000000,USA,Midcontinent ISO,US-MIDW-MISO,480.63,550.74,29.13,11.78,eia.gov,false,""
2023-01-20T20:00:00.000000,USA,Midcontinent ISO,US-MIDW-MISO,485.36,555.97,28.48,11.07,eia.gov,false,""
2023-01-20T21:00:00.000000,USA,Midcontinent ISO,US-MIDW-MISO,492.93,564.34,27.43,10.2,eia.gov,false,""
2023-01-20T22:00:00.000000,USA,Midcontinent ISO,US-MIDW-MISO,495.56,567.53,26.95,10.2,eia.gov,false,""
2023-01-20T23:00:00.000000,USA,Midcontinent ISO,US-MIDW-MISO,498.29,570.43,26.71,10.4,eia.gov,false,""
2023-01-21T00:00:00.000000,USA,Midcontinent ISO,US-MIDW-MISO,508.43,581.61,25.28,8.9,eia.gov,false,""
2023-01-21T01:00:00.000000,USA,Midcontinent ISO,US-MIDW-MISO,516.38,589.96,24.4,7.55,eia.gov,false,""
2023-01-21T02:00:00.000000,USA,Midcontinent ISO,US-MIDW-MISO,522.39,596.39,23.69,6.39,eia.gov,false,""
2023-01-21T03:00:00.000000,USA,Midcontinent ISO,US-MIDW-MISO,524.68,598.47,23.67,5.83,eia.gov,false,""
2023-01-21T04:00:00.000000,USA,Midcontinent ISO,US-MIDW-MISO,523.72,597.45,23.79,5.6,eia.gov,false,""
2023-01-21T05:00:00.000000,USA,Midcontinent ISO,US-MIDW-MISO,521.15,594.6,24.13,5.3,eia.gov,false,""
2023-01-21T06:00:00.000000,USA,Midcontinent ISO,US-MIDW-MISO,513.02,586.14,24.9,5.59,eia.gov,false,""
2023-01-21T07:00:00.000000,USA,Midcontinent ISO,US-MIDW-MISO,508.23,581.24,25.3,5.87,eia.gov,false,""
2023-01-21T08:00:00.000000,USA,Midcontinent ISO,US-MIDW-MISO,506.57,579.24,25.64,6.18,eia.gov,false,""
2023-01-21T09:00:00.000000,USA,Midcontinent ISO,US-MIDW-MISO,506.32,578.93,25.69,6.37,eia.gov,false,""
2023-01-21T10:00:00.000000,USA,Midcontinent ISO,US-MIDW-MISO,510.18,582.74,25.47,6.28,eia.gov,false,""
2023-01-21T11:00:00.000000,USA,Midcontinent ISO,US-MIDW-MISO,514.31,586.98,25.14,6.62,eia.gov,false,""
2023-01-21T12:00:00.000000,USA,Midcontinent ISO,US-MIDW-MISO,514.66,587.38,25.11,7.13,eia.gov,false,""
2023-01-21T13:00:00.000000,USA,Midcontinent ISO,US-MIDW-MISO,522.41,595.4,24.41,7.16,eia.gov,false,""
2023-01-21T14:00:00.000000,USA,Midcontinent ISO,US-MIDW-MISO,528.11,600.84,24.2,7.16,eia.gov,false,""
2023-01-21T15:00:00.000000,USA,Midcontinent ISO,US-MIDW-MISO,529.4,601.92,24.28,7.42,eia.gov,false,""
2023-01-21T16:00:00.000000,USA,Midcontinent ISO,US-MIDW-MISO,525.83,597.95,24.79,7.99,eia.gov,false,""
2023-01-21T17:00:00.000000,USA,Midcontinent ISO,US-MIDW-MISO,523.16,595.18,25.05,8.32,eia.gov,false,""
2023-01-21T18:00:00.000000,USA,Midcontinent ISO,US-MIDW-MISO,520.44,592.32,25.34,8.47,eia.gov,false,""
2023-01-21T19:00:00.000000,USA,Midcontinent ISO,US-MIDW-MISO,518.38,589.97,25.7,8.69,eia.gov,false,""
2023-01-21T20:00:00.000000,USA,Midcontinent ISO,US-MIDW-MISO,518.78,590.52,25.54,8.39,eia.gov,false,""
2023-01-21T21:00:00.000000,USA,Midcontinent ISO,US-MIDW-MISO,523.33,595.6,24.86,7.81,eia.gov,false,""
2023-01-21T22:00:00.000000,USA,Midcontinent ISO,US-MIDW-MISO,517.65,589.8,25.42,8.88,eia.gov,false,""
2023-01-21T23:00:00.000000,USA,Midcontinent ISO,US-MIDW-MISO,519.16,591.59,25.12,9.0,eia.gov,false,""
2023-01-22T00:00:00.000000,USA,Midcontinent ISO,US-MIDW-MISO,523.59,595.98,24.79,8.61,eia.gov,false,""
2023-01-22T01:00:00.000000,USA,Midcontinent ISO,US-MIDW-MISO,526.66,599.16,24.45,7.91,eia.gov,false,""
2023-01-22T02:00:00.000000,USA,Midcontinent ISO,US-MIDW-MISO,529.1,601.5,24.32,7.49,eia.gov,false,""
2023-01-22T03:00:00.000000,USA,Midcontinent ISO,US-MIDW-MISO,524.47,597.16,24.43,6.89,eia.gov,false,""
2023-01-22T04:00:00.000000,USA,Midcontinent ISO,US-MIDW-MISO,522.36,594.94,24.64,6.36,eia.gov,false,""
2023-01-22T05:00:00.000000,USA,Midcontinent ISO,US-MIDW-MISO,516.94,590.32,24.4,5.5,eia.gov,false,""
2023-01-22T06:00:00.000000,USA,Midcontinent ISO,US-MIDW-MISO,507.6,581.06,24.99,5.62,eia.gov,false,""
2023-01-22T07:00:00.000000,USA,Midcontinent ISO,US-MIDW-MISO,505.62,579.29,24.99,5.27,eia.gov,false,""
2023-01-22T08:00:00.000000,USA,Midcontinent ISO,US-MIDW-MISO,511.56,585.36,24.48,4.51,eia.gov,false,""
2023-01-22T09:00:00.000000,USA,Midcontinent ISO,US-MIDW-MISO,514.2,587.95,24.36,4.46,eia.gov,false,""
2023-01-22T10:00:00.000000,USA,Midcontinent ISO,US-MIDW-MISO,515.8,589.47,24.32,4.53,eia.gov,false,""
2023-01-22T11:00:00.000000,USA,Midcontinent ISO,US-MIDW-MISO,523.09,597.13,23.59,4.31,eia.gov,false,""
2023-01-22T12:00:00.000000,USA,Midcontinent ISO,US-MIDW-MISO,517.45,591.66,23.91,5.13,eia.gov,false,""
2023-01-22T13:00:00.000000,USA,Midcontinent ISO,US-MIDW-MISO,520.99,595.67,23.36,5.24,eia.gov,false,""
2023-01-22T14:00:00.000000,USA,Midcontinent ISO,US-MIDW-MISO,522.18,596.61,23.52,6.05,eia.gov,false,""
2023-01-22T15:00:00.000000,USA,Midcontinent ISO,US-MIDW-MISO,522.65,597.02,23.54,6.21,eia.gov,false,""
2023-01-22T16:00:00.000000,USA,Midcontinent ISO,US-MIDW-MISO,520.18,593.85,24.23,7.15,eia.gov,false,""
2023-01-22T17:00:00.000000,USA,Midcontinent ISO,US-MIDW-MISO,518.76,592.57,24.21,7.14,eia.gov,false,""
2023-01-22T18:00:00.000000,USA,Midcontinent ISO,US-MIDW-MISO,522.16,596.22,23.74,6.54,eia.gov,false,""
2023-01-22T19:00:00.000000,USA,Midcontinent ISO,US-MIDW-MISO,519.03,592.89,24.07,6.79,eia.gov,false,""
2023-01-22T20:00:00.000000,USA,Midcontinent ISO,US-MIDW-MISO,517.11,590.64,24.41,7.11,eia.gov,false,""
2023-01-22T21:00:00.000000,USA,Midcontinent ISO,US-MIDW-MISO,516.7,590.15,24.48,7.44,eia.gov,false,""
2023-01-22T22:00:00.000000,USA,Midcontinent ISO,US-MIDW-MISO,503.52,575.87,26.24,9.63,eia.gov,false,""
2023-01-22T23:00:00.000000,USA,Midcontinent ISO,US-MIDW-MISO,498.96,571.49,26.46,10.49,eia.gov,false,""
2023-01-23T00:00:00.000000,USA,Midcontinent ISO,US-MIDW-MISO,501.66,574.09,26.31,10.47,eia.gov,false,""
2023-01-23T01:00:00.000000,USA,Midcontinent ISO,US-MIDW-MISO,503.07,575.52,26.15,10.18,eia.gov,false,""
2023-01-23T02:00:00.000000,USA,Midcontinent ISO,US-MIDW-MISO,510.28,583.02,25.35,8.96,eia.gov,false,""
2023-01-23T03:00:00.000000,USA,Midcontinent ISO,US-MIDW-MISO,504.91,576.89,26.16,9.16,eia.gov,false,""
2023-01-23T04:00:00.000000,USA,Midcontinent ISO,US-MIDW-MISO,492.52,563.63,27.53,9.73,eia.gov,false,""
2023-01-23T05:00:00.000000,USA,Midcontinent ISO,US-MIDW-MISO,484.87,555.28,28.41,9.77,eia.gov,false,""
2023-01-23T06:00:00.000000,USA,Midcontinent ISO,US-MIDW-MISO,473.31,542.78,29.8,10.75,eia.gov,false,""
2023-01-23T07:00:00.000000,USA,Midcontinent ISO,US-MIDW-MISO,461.47,530.02,31.2,12.05,eia.gov,false,""
2023-01-23T08:00:00.000000,USA,Midcontinent ISO,US-MIDW-MISO,451.15,518.79,32.48,13.39,eia.gov,false,""
2023-01-23T09:00:00.000000,USA,Midcontinent ISO,US-MIDW-MISO,443.71,510.79,33.35,14.6,eia.gov,false,""
2023-01-23T10:00:00.000000,USA,Midcontinent ISO,US-MIDW-MISO,442.3,509.17,33.6,15.48,eia.gov,false,""
2023-01-23T11:00:00.000000,USA,Midcontinent ISO,US-MIDW-MISO,445.36,512.68,33.17,16.39,eia.gov,false,""
2023-01-23T12:00:00.000000,USA,Midcontinent ISO,US-MIDW-MISO,445.82,512.5,33.79,18.53,eia.gov,false,""
2023-01-23T13:00:00.000000,USA,Midcontinent ISO,US-MIDW-MISO,450.66,517.65,33.26,18.55,eia.gov,false,""
2023-01-23T14:00:00.000000,USA,Midcontinent ISO,US-MIDW-MISO,453.07,519.97,33.14,18.35,eia.gov,false,""
2023-01-23T15:00:00.000000,USA,Midcontinent ISO,US-MIDW-MISO,453.58,520.25,33.25,18.43,eia.gov,false,""
2023-01-23T16:00:00.000000,USA,Midcontinent ISO,US-MIDW-MISO,453.26,519.72,33.42,18.47,eia.gov,false,""
2023-01-23T17:00:00.000000,USA,Midcontinent ISO,US-MIDW-MISO,449.65,515.09,34.32,19.16,eia.gov,false,""
2023-01-23T18:00:00.000000,USA,Midcontinent ISO,US-MIDW-MISO,444.04,508.73,35.18,19.78,eia.gov,false,""
2023-01-23T19:00:00.000000,USA,Midcontinent ISO,US-MIDW-MISO,433.3,497.44,36.27,20.67,eia.gov,false,""
2023-01-23T20:00:00.000000,USA,Midcontinent ISO,US-MIDW-MISO,427.69,491.05,37.17,21.4,eia.gov,false,""
2023-01-23T21:00:00.000000,USA,Midcontinent ISO,US-MIDW-MISO,428.42,492.11,36.88,21.12,eia.gov,false,""
2023-01-23T22:00:00.000000,USA,Midcontinent ISO,US-MIDW-MISO,432.02,496.33,36.17,20.53,eia.gov,false,""
2023-01-23T23:00:00.000000,USA,Midcontinent ISO,US-MIDW-MISO,439.32,504.36,35.18,20.1,eia.gov,false,""
2023-01-24T00:00:00.000000,USA,Midcontinent ISO,US-MIDW-MISO,453.36,518.98,33.78,18.91,eia.gov,false,""
2023-01-24T01:00:00.000000,USA,Midcontinent ISO,US-MIDW-MISO,446.68,511.88,34.52,19.36,eia.gov,false,""
2023-01-24T02:00:00.000000,USA,Midcontinent ISO,US-MIDW-MISO,443.55,508.46,34.91,19.35,eia.gov,false,""
2023-01-24T03:00:00.000000,USA,Midcontinent ISO,US-MIDW-MISO,438.17,502.32,35.75,19.56,eia.gov,false,""
2023-01-24T04:00:00.000000,USA,Midcontinent ISO,US-MIDW-MISO,439.11,503.54,35.45,18.6,eia.gov,false,""
2023-01-24T05:00:00.000000,USA,Midcontinent ISO,US-MIDW-MISO,438.31,502.84,35.47,18.34,eia.gov,false,""
2023-01-24T06:00:00.000000,USA,Midcontinent ISO,US-MIDW-MISO,440.89,505.85,35.0,17.62,eia.gov,false,""
2023-01-24T07:00:00.000000,USA,Midcontinent ISO,US-MIDW-MISO,443.49,509.12,34.38,16.58,eia.gov,false,""
2023-01-24T08:00:00.000000,USA,Midcontinent ISO,US-MIDW-MISO,461.88,529.23,32.01,14.36,eia.gov,false,""
2023-01-24T09:00:00.000000,USA,Midcontinent ISO,US-MIDW-MISO,467.28,534.93,31.52,14.04,eia.gov,false,""
2023-01-24T10:00:00.000000,USA,Midcontinent ISO,US-MIDW-MISO,480.29,549.29,29.75,12.79,eia.gov,false,""
2023-01-24T11:00:00.000000,USA,Midcontinent ISO,US-MIDW-MISO,487.9,558.52,28.23,12.38,eia.gov,false,""
2023-01-24T12:00:00.000000,USA,Midcontinent ISO,US-MIDW-MISO,488.63,560.09,27.74,13.04,eia.gov,false,""
2023-01-24T13:00:00.000000,USA,Midcontinent ISO,US-MIDW-MISO,490.06,561.55,27.61,13.14,eia.gov,false,""
2023-01-24T14:00:00.000000,USA,Midcontinent ISO,US-MIDW-MISO,480.23,550.56,29.06,14.34,eia.gov,false,""
2023-01-24T15:00:00.000000,USA,Midcontinent ISO,US-MIDW-MISO,475.06,544.28,30.15,15.14,eia.gov,false,""
2023-01-24T16:00:00.000000,USA,Midcontinent ISO,US-MIDW-MISO,469.15,537.16,31.31,16.05,eia.gov,false,""
2023-01-24T17:00:00.000000,USA,Midcontinent ISO,US-MIDW-MISO,468.09,535.2,31.96,16.57,eia.gov,false,""
2023-01-24T18:00:00.000000,USA,Midcontinent ISO,US-MIDW-MISO,466.08,533.79,31.7,16.0,eia.gov,false,""
2023-01-24T19:00:00.000000,USA,Midcontinent ISO,US-MIDW-MISO,474.41,542.79,30.69,14.91,eia.gov,false,""
2023-01-24T20:00:00.000000,USA,Midcontinent ISO,US-MIDW-MISO,483.65,552.95,29.42,13.63,eia.gov,false,""
2023-01-24T21:00:00.000000,USA,Midcontinent ISO,US-MIDW-MISO,492.47,562.52,28.32,12.66,eia.gov,false,""
2023-01-24T22:00:00.000000,USA,Midcontinent ISO,US-MIDW-MISO,492.86,562.78,28.36,13.07,eia.gov,false,""
2023-01-24T23:00:00.000000,USA,Midcontinent ISO,US-MIDW-MISO,485.03,554.55,29.24,14.56,eia.gov,false,""
2023-01-25T00:00:00.000000,USA,Midcontinent ISO,US-MIDW-MISO,487.24,556.63,29.19,14.52,eia.gov,false,""
2023-01-25T01:00:00.000000,USA,Midcontinent ISO,US-MIDW-MISO,493.2,563.06,28.4,13.23,eia.gov,false,""
2023-01-25T02:00:00.000000,USA,Midcontinent ISO,US-MIDW-MISO,497.69,568.05,27.74,12.07,eia.gov,false,""
2023-01-25T03:00:00.000000,USA,Midcontinent ISO,US-MIDW-MISO,498.03,568.24,27.78,11.41,eia.gov,false,""
2023-01-25T04:00:00.000000,USA,Midcontinent ISO,US-MIDW-MISO,489.13,558.93,28.64,11.52,eia.gov,false,""
2023-01-25T05:00:00.000000,USA,Midcontinent ISO,US-MIDW-MISO,481.53,550.85,29.46,11.43,eia.gov,false,""
2023-01-25T06:00:00.000000,USA,Midcontinent ISO,US-MIDW-MISO,473.92,542.21,30.67,11.83,eia.gov,false,""
2023-01-25T07:00:00.000000,USA,Midcontinent ISO,US-MIDW-MISO,468.45,536.54,31.14,12.06,eia.gov,false,""
2023-01-25T08:00:00.000000,USA,Midcontinent ISO,US-MIDW-MISO,469.38,537.41,31.09,12.04,eia.gov,false,""
2023-01-25T09:00:00.000000,USA,Midcontinent ISO,US-MIDW-MISO,462.59,529.65,32.19,13.31,eia.gov,false,""
2023-01-25T10:00:00.000000,USA,Midcontinent ISO,US-MIDW-MISO,453.05,518.98,33.61,15.31,eia.gov,false,""
2023-01-25T11:00:00.000000,USA,Midcontinent ISO,US-MIDW-MISO,452.87,518.72,33.67,16.59,eia.gov,false,""
2023-01-25T12:00:00.000000,USA,Midcontinent ISO,US-MIDW-MISO,444.24,508.99,35.1,19.28,eia.gov,false,""
2023-01-25T13:00:00.000000,USA,Midcontinent ISO,US-MIDW-MISO,447.22,511.23,35.41,20.25,eia.gov,false,""
2023-01-25T14:00:00.000000,USA,Midcontinent ISO,US-MIDW-MISO,448.04,511.15,35.97,20.93,eia.gov,false,""
2023-01-25T15:00:00.000000,USA,Midcontinent ISO,US-MIDW-MISO,452.79,515.71,35.75,20.84,eia.gov,false,""
2023-01-25T16:00:00.000000,USA,Midcontinent ISO,US-MIDW-MISO,447.7,510.16,36.38,21.5,eia.gov,false,""
2023-01-25T17:00:00.000000,USA,Midcontinent ISO,US-MIDW-MISO,446.33,507.68,37.21,22.44,eia.gov,false,""
2023-01-25T18:00:00.000000,USA,Midcontinent ISO,US-MIDW-MISO,439.66,499.84,38.45,23.67,eia.gov,false,""
2023-01-25T19:00:00.000000,USA,Midcontinent ISO,US-MIDW-MISO,429.38,488.44,39.88,25.13,eia.gov,false,""
2023-01-25T20:00:00.000000,USA,Midcontinent ISO,US-MIDW-MISO,416.35,474.72,41.17,26.23,eia.gov,false,""
2023-01-25T21:00:00.000000,USA,Midcontinent ISO,US-MIDW-MISO,417.65,476.38,40.82,26.01,eia.gov,false,""
2023-01-25T22:00:00.000000,USA,Midcontinent ISO,US-MIDW-MISO,416.06,474.43,41.23,26.74,eia.gov,false,""
2023-01-25T23:00:00.000000,USA,Midcontinent ISO,US-MIDW-MISO,424.35,484.08,39.76,25.55,eia.gov,false,""
2023-01-26T00:00:00.000000,USA,Midcontinent ISO,US-MIDW-MISO,430.57,490.91,38.89,24.91,eia.gov,false,""
2023-01-26T01:00:00.000000,USA,Midcontinent ISO,US-MIDW-MISO,422.46,481.96,39.98,25.69,eia.gov,false,""
2023-01-26T02:00:00.000000,USA,Midcontinent ISO,US-MIDW-MISO,411.1,469.84,41.23,26.54,eia.gov,false,""
2023-01-26T03:00:00.000000,USA,Midcontinent ISO,US-MIDW-MISO,398.95,456.36,42.92,27.22,eia.gov,false,""
2023-01-26T04:00:00.000000,USA,Midcontinent ISO,US-MIDW-MISO,385.87,442.24,44.52,28.08,eia.gov,false,""
2023-01-26T05:00:00.000000,USA,Midcontinent ISO,US-MIDW-MISO,378.96,434.94,45.26,28.25,eia.gov,false,""
2023-01-26T06:00:00.000000,USA,Midcontinent ISO,US-MIDW-MISO,367.57,422.76,46.56,28.38,eia.gov,false,""
2023-01-26T07:00:00.000000,USA,Midcontinent ISO,US-MIDW-MISO,366.79,422.98,45.93,27.36,eia.gov,false,""
2023-01-26T08:00:00.000000,USA,Midcontinent ISO,US-MIDW-MISO,371.64,428.94,44.87,26.49,eia.gov,false,""
2023-01-26T09:00:00.000000,USA,Midcontinent ISO,US-MIDW-MISO,369.54,426.87,44.99,26.56,eia.gov,false,""
2023-01-26T10:00:00.000000,USA,Midcontinent ISO,US-MIDW-MISO,374.04,432.37,44.02,26.0,eia.gov,false,""
2023-01-26T11:00:00.000000,USA,Midcontinent ISO,US-MIDW-MISO,396.44,457.43,40.72,23.96,eia.gov,false,""
2023-01-26T12:00:00.000000,USA,Midcontinent ISO,US-MIDW-MISO,414.16,477.39,38.14,22.75,eia.gov,false,""
2023-01-26T13:00:00.000000,USA,Midcontinent ISO,US-MIDW-MISO,432.63,497.24,35.95,20.63,eia.gov,false,""
2023-01-26T14:00:00.000000,USA,Midcontinent ISO,US-MIDW-MISO,441.31,506.43,35.04,19.3,eia.gov,false,""
2023-01-26T15:00:00.000000,USA,Midcontinent ISO,US-MIDW-MISO,448.8,514.96,33.87,18.03,eia.gov,false,""
2023-01-26T16:00:00.000000,USA,Midcontinent ISO,US-MIDW-MISO,458.95,526.17,32.5,16.57,eia.gov,false,""
2023-01-26T17:00:00.000000,USA,Midcontinent ISO,US-MIDW-MISO,460.33,527.87,32.22,16.13,eia.gov,false,""
2023-01-26T18:00:00.000000,USA,Midcontinent ISO,US-MIDW-MISO,458.67,525.91,32.52,16.15,eia.gov,false,""
2023-01-26T19:00:00.000000,USA,Midcontinent ISO,US-MIDW-MISO,456.12,522.61,33.2,16.65,eia.gov,false,""
2023-01-26T20:00:00.000000,USA,Midcontinent ISO,US-MIDW-MISO,453.15,518.22,34.37,17.66,eia.gov,false,""
2023-01-26T21:00:00.000000,USA,Midcontinent ISO,US-MIDW-MISO,445.48,510.25,35.04,18.43,eia.gov,false,""
2023-01-26T22:00:00.000000,USA,Midcontinent ISO,US-MIDW-MISO,448.57,513.87,34.4,18.58,eia.gov,false,""
2023-01-26T23:00:00.000000,USA,Midcontinent ISO,US-MIDW-MISO,442.07,506.18,35.64,20.55,eia.gov,false,""
2023-01-27T00:00:00.000000,USA,Midcontinent ISO,US-MIDW-MISO,430.42,492.88,37.46,22.64,eia.gov,false,""
2023-01-27T01:00:00.000000,USA,Midcontinent ISO,US-MIDW-MISO,419.47,481.05,38.75,23.71,eia.gov,false,""
2023-01-27T02:00:00.000000,USA,Midcontinent ISO,US-MIDW-MISO,409.2,469.72,40.13,24.85,eia.gov,false,""
2023-01-27T03:00:00.000000,USA,Midcontinent ISO,US-MIDW-MISO,401.04,460.25,41.54,26.07,eia.gov,false,""
2023-01-27T04:00:00.000000,USA,Midcontinent ISO,US-MIDW-MISO,395.6,454.26,42.22,26.22,eia.gov,false,""
2023-01-27T05:00:00.000000,USA,Midcontinent ISO,US-MIDW-MISO,382.64,440.33,43.75,27.17,eia.gov,false,""
2023-01-27T06:00:00.000000,USA,Midcontinent ISO,US-MIDW-MISO,384.15,442.42,43.23,26.33,eia.gov,false,""
2023-01-27T07:00:00.000000,USA,Midcontinent ISO,US-MIDW-MISO,380.44,438.65,43.52,26.64,eia.gov,false,""
2023-01-27T08:00:00.000000,USA,Midcontinent ISO,US-MIDW-MISO,380.95,439.19,43.46,26.47,eia.gov,false,""
2023-01-27T09:00:00.000000,USA,Midcontinent ISO,US-MIDW-MISO,387.55,446.18,42.75,26.06,eia.gov,false,""
2023-01-27T10:00:00.000000,USA,Midcontinent ISO,US-MIDW-MISO,393.37,452.0,42.37,26.4,eia.gov,false,""
2023-01-27T11:00:00.000000,USA,Midcontinent ISO,US-MIDW-MISO,388.9,447.95,42.47,27.44,eia.gov,false,""
2023-01-27T12:00:00.000000,USA,Midcontinent ISO,US-MIDW-MISO,386.85,446.19,42.54,28.51,eia.gov,false,""
2023-01-27T13:00:00.000000,USA,Midcontinent ISO,US-MIDW-MISO,386.42,445.07,42.99,29.08,eia.gov,false,""
2023-01-27T14:00:00.000000,USA,Midcontinent ISO,US-MIDW-MISO,382.83,440.84,43.67,29.42,eia.gov,false,""
2023-01-27T15:00:00.000000,USA,Midcontinent ISO,US-MIDW-MISO,372.15,429.11,45.11,30.41,eia.gov,false,""
2023-01-27T16:00:00.000000,USA,Midcontinent ISO,US-MIDW-MISO,364.12,419.94,46.43,31.32,eia.gov,false,""
2023-01-27T17:00:00.000000,USA,Midcontinent ISO,US-MIDW-MISO,358.16,412.9,47.55,32.01,eia.gov,false,""
2023-01-27T18:00:00.000000,USA,Midcontinent ISO,US-MIDW-MISO,356.01,410.51,47.84,32.22,eia.gov,false,""
2023-01-27T19:00:00.000000,USA,Midcontinent ISO,US-MIDW-MISO,353.72,407.72,48.34,32.19,eia.gov,false,""
2023-01-27T20:00:00.000000,USA,Midcontinent ISO,US-MIDW-MISO,355.16,409.56,47.96,31.43,eia.gov,false,""
2023-01-27T21:00:00.000000,USA,Midcontinent ISO,US-MIDW-MISO,368.32,425.79,44.99,28.43,eia.gov,false,""
2023-01-27T22:00:00.000000,USA,Midcontinent ISO,US-MIDW-MISO,403.48,464.47,40.24,23.96,eia.gov,false,""
2023-01-27T23:00:00.000000,USA,Midcontinent ISO,US-MIDW-MISO,429.2,492.15,37.15,21.06,eia.gov,false,""
2023-01-28T00:00:00.000000,USA,Midcontinent ISO,US-MIDW-MISO,437.03,500.6,36.23,20.35,eia.gov,false,""
2023-01-28T01:00:00.000000,USA,Midcontinent ISO,US-MIDW-MISO,437.41,501.68,35.76,19.74,eia.gov,false,""
2023-01-28T02:00:00.000000,USA,Midcontinent ISO,US-MIDW-MISO,442.89,507.63,35.08,18.94,eia.gov,false,""
2023-01-28T03:00:00.000000,USA,Midcontinent ISO,US-MIDW-MISO,448.09,513.51,34.27,17.71,eia.gov,false,""
2023-01-28T04:00:00.000000,USA,Midcontinent ISO,US-MIDW-MISO,448.65,514.33,34.05,16.93,eia.gov,false,""
2023-01-28T05:00:00.000000,USA,Midcontinent ISO,US-MIDW-MISO,442.5,507.51,34.91,16.85,eia.gov,false,""
2023-01-28T06:00:00.000000,USA,Midcontinent ISO,US-MIDW-MISO,432.91,497.77,35.67,16.88,eia.gov,false,""
2023-01-28T07:00:00.000000,USA,Midcontinent ISO,US-MIDW-MISO,434.89,500.03,35.35,16.63,eia.gov,false,""
2023-01-28T08:00:00.000000,USA,Midcontinent ISO,US-MIDW-MISO,429.1,493.58,36.17,17.17,eia.gov,false,""
2023-01-28T09:00:00.000000,USA,Midcontinent ISO,US-MIDW-MISO,407.55,469.36,39.37,20.54,eia.gov,false,""
2023-01-28T10:00:00.000000,USA,Midcontinent ISO,US-MIDW-MISO,401.14,461.01,41.08,22.6,eia.gov,false,""
2023-01-28T11:00:00.000000,USA,Midcontinent ISO,US-MIDW-MISO,408.73,469.3,40.11,22.1,eia.gov,false,""
2023-01-28T12:00:00.000000,USA,Midcontinent ISO,US-MIDW-MISO,428.04,489.91,37.97,20.54,eia.gov,false,""
2023-01-28T13:00:00.000000,USA,Midcontinent ISO,US-MIDW-MISO,448.06,511.65,35.5,18.4,eia.gov,false,""
2023-01-28T14:00:00.000000,USA,Midcontinent ISO,US-MIDW-MISO,448.81,512.09,35.71,18.4,eia.gov,false,""
2023-01-28T15:00:00.000000,USA,Midcontinent ISO,US-MIDW-MISO,452.74,515.01,36.2,18.65,eia.gov,false,""
2023-01-28T16:00:00.000000,USA,Midcontinent ISO,US-MIDW-MISO,438.87,499.06,38.55,20.41,eia.gov,false,""
2023-01-28T17:00:00.000000,USA,Midcontinent ISO,US-MIDW-MISO,418.16,476.9,40.92,22.48,eia.gov,false,""
2023-01-28T18:00:00.000000,USA,Midcontinent ISO,US-MIDW-MISO,397.71,454.58,43.55,24.96,eia.gov,false,""
2023-01-28T19:00:00.000000,USA,Midcontinent ISO,US-MIDW-MISO,383.4,438.88,45.39,26.92,eia.gov,false,""
2023-01-28T20:00:00.000000,USA,Midcontinent ISO,US-MIDW-MISO,374.2,428.64,46.66,28.25,eia.gov,false,""
2023-01-28T21:00:00.000000,USA,Midcontinent ISO,US-MIDW-MISO,381.31,436.6,45.59,27.4,eia.gov,false,""
2023-01-28T22:00:00.000000,USA,Midcontinent ISO,US-MIDW-MISO,396.61,453.25,43.61,25.93,eia.gov,false,""
2023-01-28T23:00:00.000000,USA,Midcontinent ISO,US-MIDW-MISO,405.32,462.37,42.73,25.55,eia.gov,false,""
2023-01-29T00:00:00.000000,USA,Midcontinent ISO,US-MIDW-MISO,410.8,467.68,42.46,25.44,eia.gov,false,""
2023-01-29T01:00:00.000000,USA,Midcontinent ISO,US-MIDW-MISO,407.31,463.19,43.36,26.04,eia.gov,false,""
2023-01-29T02:00:00.000000,USA,Midcontinent ISO,US-MIDW-MISO,402.23,457.26,44.25,26.63,eia.gov,false,""
2023-01-29T03:00:00.000000,USA,Midcontinent ISO,US-MIDW-MISO,393.69,447.41,45.67,27.76,eia.gov,false,""
2023-01-29T04:00:00.000000,USA,Midcontinent ISO,US-MIDW-MISO,384.63,437.03,47.14,28.89,eia.gov,false,""
2023-01-29T05:00:00.000000,USA,Midcontinent ISO,US-MIDW-MISO,375.57,426.68,48.6,29.57,eia.gov,false,""
2023-01-29T06:00:00.000000,USA,Midcontinent ISO,US-MIDW-MISO,364.49,414.19,50.3,30.19,eia.gov,false,""
2023-01-29T07:00:00.000000,USA,Midcontinent ISO,US-MIDW-MISO,357.93,406.81,51.3,30.51,eia.gov,false,""
2023-01-29T08:00:00.000000,USA,Midcontinent ISO,US-MIDW-MISO,360.09,408.35,51.55,30.7,eia.gov,false,""
2023-01-29T09:00:00.000000,USA,Midcontinent ISO,US-MIDW-MISO,363.74,412.15,51.24,30.67,eia.gov,false,""
2023-01-29T10:00:00.000000,USA,Midcontinent ISO,US-MIDW-MISO,371.9,421.99,49.6,29.29,eia.gov,false,""
2023-01-29T11:00:00.000000,USA,Midcontinent ISO,US-MIDW-MISO,390.26,442.7,46.83,27.22,eia.gov,false,""
2023-01-29T12:00:00.000000,USA,Midcontinent ISO,US-MIDW-MISO,405.11,459.51,44.51,25.19,eia.gov,false,""
2023-01-29T13:00:00.000000,USA,Midcontinent ISO,US-MIDW-MISO,412.51,468.28,43.11,24.07,eia.gov,false,""
2023-01-29T14:00:00.000000,USA,Midcontinent ISO,US-MIDW-MISO,408.76,465.34,42.84,24.07,eia.gov,false,""
2023-01-29T15:00:00.000000,USA,Midcontinent ISO,US-MIDW-MISO,413.89,471.32,41.99,23.35,eia.gov,false,""
2023-01-29T16:00:00.000000,USA,Midcontinent ISO,US-MIDW-MISO,428.88,487.68,40.12,21.4,eia.gov,false,""
2023-01-29T17:00:00.000000,USA,Midcontinent ISO,US-MIDW-MISO,454.19,514.46,37.46,18.73,eia.gov,false,""
2023-01-29T18:00:00.000000,USA,Midcontinent ISO,US-MIDW-MISO,475.53,537.2,35.11,16.45,eia.gov,false,""
2023-01-29T19:00:00.000000,USA,Midcontinent ISO,US-MIDW-MISO,480.94,542.69,34.69,15.98,eia.gov,false,""
2023-01-29T20:00:00.000000,USA,Midcontinent ISO,US-MIDW-MISO,486.15,548.24,34.11,15.77,eia.gov,false,""
2023-01-29T21:00:00.000000,USA,Midcontinent ISO,US-MIDW-MISO,485.76,548.65,33.59,15.63,eia.gov,false,""
2023-01-29T22:00:00.000000,USA,Midcontinent ISO,US-MIDW-MISO,486.44,549.37,33.57,16.35,eia.gov,false,""
2023-01-29T23:00:00.000000,USA,Midcontinent ISO,US-MIDW-MISO,496.7,559.91,32.69,16.03,eia.gov,false,""
2023-01-30T00:00:00.000000,USA,Midcontinent ISO,US-MIDW-MISO,500.33,563.43,32.47,15.96,eia.gov,false,""
2023-01-30T01:00:00.000000,USA,Midcontinent ISO,US-MIDW-MISO,497.38,560.3,32.7,15.87,eia.gov,false,""
2023-01-30T02:00:00.000000,USA,Midcontinent ISO,US-MIDW-MISO,500.56,563.81,32.24,15.11,eia.gov,false,""
2023-01-30T03:00:00.000000,USA,Midcontinent ISO,US-MIDW-MISO,492.31,554.94,33.21,15.61,eia.gov,false,""
2023-01-30T04:00:00.000000,USA,Midcontinent ISO,US-MIDW-MISO,482.21,543.83,34.55,16.29,eia.gov,false,""
2023-01-30T05:00:00.000000,USA,Midcontinent ISO,US-MIDW-MISO,472.2,532.86,35.82,17.09,eia.gov,false,""
2023-01-30T06:00:00.000000,USA,Midcontinent ISO,US-MIDW-MISO,452.42,511.6,38.13,18.79,eia.gov,false,""
2023-01-30T07:00:00.000000,USA,Midcontinent ISO,US-MIDW-MISO,436.35,495.07,39.53,19.88,eia.gov,false,""
2023-01-30T08:00:00.000000,USA,Midcontinent ISO,US-MIDW-MISO,430.4,489.11,39.94,20.25,eia.gov,false,""
2023-01-30T09:00:00.000000,USA,Midcontinent ISO,US-MIDW-MISO,433.06,492.44,39.3,19.79,eia.gov,false,""
2023-01-30T10:00:00.000000,USA,Midcontinent ISO,US-MIDW-MISO,447.27,508.19,37.33,18.42,eia.gov,false,""
2023-01-30T11:00:00.000000,USA,Midcontinent ISO,US-MIDW-MISO,467.65,530.78,34.54,17.12,eia.gov,false,""
2023-01-30T12:00:00.000000,USA,Midcontinent ISO,US-MIDW-MISO,488.41,552.97,32.29,16.19,eia.gov,false,""
2023-01-30T13:00:00.000000,USA,Midcontinent ISO,US-MIDW-MISO,507.83,573.99,29.96,14.64,eia.gov,false,""
2023-01-30T14:00:00.000000,USA,Midcontinent ISO,US-MIDW-MISO,514.98,581.39,29.31,13.82,eia.gov,false,""
2023-01-30T15:00:00.000000,USA,Midcontinent ISO,US-MIDW-MISO,517.71,584.45,28.92,13.22,eia.gov,false,""
2023-01-30T16:00:00.000000,USA,Midcontinent ISO,US-MIDW-MISO,519.28,586.08,28.81,13.06,eia.gov,false,""
2023-01-30T17:00:00.000000,USA,Midcontinent ISO,US-MIDW-MISO,527.64,594.88,27.91,12.01,eia.gov,false,""
2023-01-30T18:00:00.000000,USA,Midcontinent ISO,US-MIDW-MISO,524.26,590.74,28.64,12.73,eia.gov,false,""
2023-01-30T19:00:00.000000,USA,Midcontinent ISO,US-MIDW-MISO,512.18,577.27,30.39,14.42,eia.gov,false,""
2023-01-30T20:00:00.000000,USA,Midcontinent ISO,US-MIDW-MISO,507.98,572.52,31.03,15.21,eia.gov,false,""
2023-01-30T21:00:00.000000,USA,Midcontinent ISO,US-MIDW-MISO,509.0,573.69,30.83,15.09,eia.gov,false,""
2023-01-30T22:00:00.000000,USA,Midcontinent ISO,US-MIDW-MISO,512.39,577.93,30.04,14.74,eia.gov,false,""
2023-01-30T23:00:00.000000,USA,Midcontinent ISO,US-MIDW-MISO,515.57,581.57,29.54,14.65,eia.gov,false,""
2023-01-31T00:00:00.000000,USA,Midcontinent ISO,US-MIDW-MISO,516.22,582.01,29.62,14.82,eia.gov,false,""
2023-01-31T01:00:00.000000,USA,Midcontinent ISO,US-MIDW-MISO,517.34,582.81,29.66,14.58,eia.gov,false,""
2023-01-31T02:00:00.000000,USA,Midcontinent ISO,US-MIDW-MISO,513.09,577.86,30.37,14.91,eia.gov,false,""
2023-01-31T03:00:00.000000,USA,Midcontinent ISO,US-MIDW-MISO,509.43,573.31,31.2,15.35,eia.gov,false,""
2023-01-31T04:00:00.000000,USA,Midcontinent ISO,US-MIDW-MISO,498.92,562.1,32.34,16.04,eia.gov,false,""
2023-01-31T05:00:00.000000,USA,Midcontinent ISO,US-MIDW-MISO,479.3,541.91,34.02,17.15,eia.gov,false,""
2023-01-31T06:00:00.000000,USA,Midcontinent ISO,US-MIDW-MISO,469.47,531.83,34.83,17.59,eia.gov,false,""
2023-01-31T07:00:00.000000,USA,Midcontinent ISO,US-MIDW-MISO,458.28,520.15,35.9,18.54,eia.gov,false,""
2023-01-31T08:00:00.000000,USA,Midcontinent ISO,US-MIDW-MISO,457.4,518.99,36.16,18.85,eia.gov,false,""
2023-01-31T09:00:00.000000,USA,Midcontinent ISO,US-MIDW-MISO,465.27,527.46,35.22,18.2,eia.gov,false,""
2023-01-31T10:00:00.000000,USA,Midcontinent ISO,US-MIDW-MISO,474.51,537.56,34.02,17.53,eia.gov,false,""
2023-01-31T11:00:00.000000,USA,Midcontinent ISO,US-MIDW-MISO,481.66,546.24,32.59,17.12,eia.gov,false,""
2023-01-31T12:00:00.000000,USA,Midcontinent ISO,US-MIDW-MISO,489.35,554.92,31.56,17.08,eia.gov,false,""
2023-01-31T13:00:00.000000,USA,Midcontinent ISO,US-MIDW-MISO,494.23,559.74,31.25,17.01,eia.gov,false,""
2023-01-31T14:00:00.000000,USA,Midcontinent ISO,US-MIDW-MISO,489.95,554.79,31.99,17.91,eia.gov,false,""
2023-01-31T15:00:00.000000,USA,Midcontinent ISO,US-MIDW-MISO,483.77,548.21,32.7,18.34,eia.gov,false,""
2023-01-31T16:00:00.000000,USA,Midcontinent ISO,US-MIDW-MISO,489.3,554.54,31.81,17.38,eia.gov,false,""
2023-01-31T17:00:00.000000,USA,Midcontinent ISO,US-MIDW-MISO,497.11,562.86,30.96,16.31,eia.gov,false,""
2023-01-31T18:00:00.000000,USA,Midcontinent ISO,US-MIDW-MISO,502.14,568.4,30.28,15.56,eia.gov,false,""
2023-01-31T19:00:00.000000,USA,Midcontinent ISO,US-MIDW-MISO,506.85,573.54,29.69,14.78,eia.gov,false,""
2023-01-31T20:00:00.000000,USA,Midcontinent ISO,US-MIDW-MISO,511.4,578.67,28.99,14.08,eia.gov,false,""
2023-01-31T21:00:00.000000,USA,Midcontinent ISO,US-MIDW-MISO,512.32,579.79,28.75,13.91,eia.gov,false,""
2023-01-31T22:00:00.000000,USA,Midcontinent ISO,US-MIDW-MISO,515.34,582.92,28.4,13.91,eia.gov,false,""
2023-01-31T23:00:00.000000,USA,Midcontinent ISO,US-MIDW-MISO,502.35,568.73,30.11,16.09,eia.gov,false,""
2023-02-01T00:00:00.000000,USA,Midcontinent ISO,US-MIDW-MISO,494.92,560.55,31.05,17.45,eia.gov,false,""
2023-02-01T01:00:00.000000,USA,Midcontinent ISO,US-MIDW-MISO,483.03,546.95,32.94,19.23,eia.gov,false,""
2023-02-01T02:00:00.000000,USA,Midcontinent ISO,US-MIDW-MISO,473.25,535.62,34.63,20.63,eia.gov,false,""
2023-02-01T03:00:00.000000,USA,Midcontinent ISO,US-MIDW-MISO,452.34,513.3,36.98,22.48,eia.gov,false,""
2023-02-01T04:00:00.000000,USA,Midcontinent ISO,US-MIDW-MISO,434.02,494.15,38.73,23.73,eia.gov,false,""
2023-02-01T05:00:00.000000,USA,Midcontinent ISO,US-MIDW-MISO,432.92,493.66,38.35,23.46,eia.gov,false,""
2023-02-01T06:00:00.000000,USA,Midcontinent ISO,US-MIDW-MISO,445.05,506.93,36.79,22.68,eia.gov,false,""
2023-02-01T07:00:00.000000,USA,Midcontinent ISO,US-MIDW-MISO,452.64,515.19,35.83,21.47,eia.gov,false,""
2023-02-01T08:00:00.000000,USA,Midcontinent ISO,US-MIDW-MISO,465.66,528.9,34.51,19.97,eia.gov,false,""
2023-02-01T09:00:00.000000,USA,Midcontinent ISO,US-MIDW-MISO,483.23,547.78,32.45,17.98,eia.gov,false,""
2023-02-01T10:00:00.000000,USA,Midcontinent ISO,US-MIDW-MISO,491.55,556.58,31.59,17.41,eia.gov,false,""
2023-02-01T11:00:00.000000,USA,Midcontinent ISO,US-MIDW-MISO,494.76,561.02,30.59,17.16,eia.gov,false,""
2023-02-01T12:00:00.000000,USA,Midcontinent ISO,US-MIDW-MISO,490.4,556.97,30.81,18.08,eia.gov,false,""
2023-02-01T13:00:00.000000,USA,Midcontinent ISO,US-MIDW-MISO,494.66,561.78,30.15,17.59,eia.gov,false,""
2023-02-01T14:00:00.000000,USA,Midcontinent ISO,US-MIDW-MISO,491.72,558.48,30.65,17.93,eia.gov,false,""
2023-02-01T15:00:00.000000,USA,Midcontinent ISO,US-MIDW-MISO,493.35,560.6,30.28,17.44,eia.gov,false,""
2023-02-01T16:00:00.000000,USA,Midcontinent ISO,US-MIDW-MISO,501.36,569.36,29.21,16.27,eia.gov,false,""
2023-02-01T17:00:00.000000,USA,Midcontinent ISO,US-MIDW-MISO,506.54,574.86,28.62,15.58,eia.gov,false,""
2023-02-01T18:00:00.000000,USA,Midcontinent ISO,US-MIDW-MISO,500.41,567.99,29.55,16.23,eia.gov,false,""
2023-02-01T19:00:00.000000,USA,Midcontinent ISO,US-MIDW-MISO,492.74,559.7,30.48,16.93,eia.gov,false,""
2023-02-01T20:00:00.000000,USA,Midcontinent ISO,US-MIDW-MISO,490.55,557.52,30.61,17.16,eia.gov,false,""
2023-02-01T21:00:00.000000,USA,Midcontinent ISO,US-MIDW-MISO,494.33,561.57,30.11,16.86,eia.gov,false,""
2023-02-01T22:00:00.000000,USA,Midcontinent ISO,US-MIDW-MISO,502.73,570.43,29.15,16.23,eia.gov,false,""
2023-02-01T23:00:00.000000,USA,Midcontinent ISO,US-MIDW-MISO,507.02,574.95,28.69,16.28,eia.gov,false,""
2023-02-02T00:00:00.000000,USA,Midcontinent ISO,US-MIDW-MISO,496.44,563.11,30.24,17.85,eia.gov,false,""
2023-02-02T01:00:00.000000,USA,Midcontinent ISO,US-MIDW-MISO,487.45,553.01,31.56,19.22,eia.gov,false,""
2023-02-02T02:00:00.000000,USA,Midcontinent ISO,US-MIDW-MISO,479.07,543.84,32.63,20.14,eia.gov,false,""
2023-02-02T03:00:00.000000,USA,Midcontinent ISO,US-MIDW-MISO,477.11,540.98,33.35,20.58,eia.gov,false,""
2023-02-02T04:00:00.000000,USA,Midcontinent ISO,US-MIDW-MISO,467.05,529.93,34.67,21.1,eia.gov,false,""
2023-02-02T05:00:00.000000,USA,Midcontinent ISO,US-MIDW-MISO,446.07,507.82,36.81,22.69,eia.gov,false,""
2023-02-02T06:00:00.000000,USA,Midcontinent ISO,US-MIDW-MISO,431.83,492.69,38.36,24.07,eia.gov,false,""
2023-02-02T07:00:00.000000,USA,Midcontinent ISO,US-MIDW-MISO,420.32,480.75,39.42,24.99,eia.gov,false,""
2023-02-02T08:00:00.000000,USA,Midcontinent ISO,US-MIDW-MISO,420.31,480.76,39.4,25.02,eia.gov,false,""
2023-02-02T09:00:00.000000,USA,Midcontinent ISO,US-MIDW-MISO,417.1,477.07,39.94,25.84,eia.gov,false,""
2023-02-02T10:00:00.000000,USA,Midcontinent ISO,US-MIDW-MISO,414.53,474.3,40.22,26.45,eia.gov,false,""
2023-02-02T11:00:00.000000,USA,Midcontinent ISO,US-MIDW-MISO,426.45,487.51,38.61,25.77,eia.gov,false,""
2023-02-02T12:00:00.000000,USA,Midcontinent ISO,US-MIDW-MISO,437.39,499.14,37.48,25.44,eia.gov,false,""
2023-02-02T13:00:00.000000,USA,Midcontinent ISO,US-MIDW-MISO,440.98,502.48,37.39,25.61,eia.gov,false,""
2023-02-02T14:00:00.000000,USA,Midcontinent ISO,US-MIDW-MISO,432.43,493.3,38.44,26.33,eia.gov,false,""
2023-02-02T15:00:00.000000,USA,Midcontinent ISO,US-MIDW-MISO,427.71,488.54,38.81,26.36,eia.gov,false,""
2023-02-02T16:00:00.000000,USA,Midcontinent ISO,US-MIDW-MISO,420.96,481.8,39.27,26.64,eia.gov,false,""
2023-02-02T17:00:00.000000,USA,Midcontinent ISO,US-MIDW-MISO,404.91,464.76,41.02,28.17,eia.gov,false,""
2023-02-02T18:00:00.000000,USA,Midcontinent ISO,US-MIDW-MISO,394.91,453.45,42.59,29.58,eia.gov,false,""
2023-02-02T19:00:00.000000,USA,Midcontinent ISO,US-MIDW-MISO,390.7,448.64,43.28,30.02,eia.gov,false,""
2023-02-02T20:00:00.000000,USA,Midcontinent ISO,US-MIDW-MISO,387.86,445.49,43.69,30.35,eia.gov,false,""
2023-02-02T21:00:00.000000,USA,Midcontinent ISO,US-MIDW-MISO,395.3,453.95,42.49,29.45,eia.gov,false,""
2023-02-02T22:00:00.000000,USA,Midcontinent ISO,US-MIDW-MISO,413.36,473.71,40.05,27.36,eia.gov,false,""
2023-02-02T23:00:00.000000,USA,Midcontinent ISO,US-MIDW-MISO,435.48,497.2,37.58,25.31,eia.gov,false,""
2023-02-03T00:00:00.000000,USA,Midcontinent ISO,US-MIDW-MISO,449.9,512.1,36.28,24.23,eia.gov,false,""
2023-02-03T01:00:00.000000,USA,Midcontinent ISO,US-MIDW-MISO,452.55,514.91,35.98,23.77,eia.gov,false,""
2023-02-03T02:00:00.000000,USA,Midcontinent ISO,US-MIDW-MISO,450.15,512.7,36.03,23.49,eia.gov,false,""
2023-02-03T03:00:00.000000,USA,Midcontinent ISO,US-MIDW-MISO,457.65,520.3,35.44,22.44,eia.gov,false,""
2023-02-03T04:00:00.000000,USA,Midcontinent ISO,US-MIDW-MISO,458.72,521.63,35.19,21.66,eia.gov,false,""
2023-02-03T05:00:00.000000,USA,Midcontinent ISO,US-MIDW-MISO,459.88,523.71,34.5,20.69,eia.gov,false,""
2023-02-03T06:00:00.000000,USA,Midcontinent ISO,US-MIDW-MISO,463.92,528.76,33.58,19.29,eia.gov,false,""
2023-02-03T07:00:00.000000,USA,Midcontinent ISO,US-MIDW-MISO,472.38,538.2,32.36,17.6,eia.gov,false,""
2023-02-03T08:00:00.000000,USA,Midcontinent ISO,US-MIDW-MISO,488.83,556.19,30.23,15.31,eia.gov,false,""
2023-02-03T09:00:00.000000,USA,Midcontinent ISO,US-MIDW-MISO,499.71,568.51,28.55,13.58,eia.gov,false,""
2023-02-03T10:00:00.000000,USA,Midcontinent ISO,US-MIDW-MISO,508.74,579.17,26.86,12.27,eia.gov,false,""
2023-02-03T11:00:00.000000,USA,Midcontinent ISO,US-MIDW-MISO,513.18,585.48,25.41,11.74,eia.gov,false,""
2023-02-03T12:00:00.000000,USA,Midcontinent ISO,US-MIDW-MISO,519.36,592.53,24.52,11.89,eia.gov,false,""
2023-02-03T13:00:00.000000,USA,Midcontinent ISO,US-MIDW-MISO,523.92,597.02,24.24,11.87,eia.gov,false,""
2023-02-03T14:00:00.000000,USA,Midcontinent ISO,US-MIDW-MISO,518.45,590.61,25.29,12.84,eia.gov,false,""
2023-02-03T15:00:00.000000,USA,Midcontinent ISO,US-MIDW-MISO,516.47,588.19,25.72,13.22,eia.gov,false,""
2023-02-03T16:00:00.000000,USA,Midcontinent ISO,US-MIDW-MISO,516.77,587.72,26.19,13.53,eia.gov,false,""
2023-02-03T17:00:00.000000,USA,Midcontinent ISO,US-MIDW-MISO,506.49,576.36,27.62,14.64,eia.gov,false,""
2023-02-03T18:00:00.000000,USA,Midcontinent ISO,US-MIDW-MISO,496.72,565.79,28.81,15.71,eia.gov,false,""
2023-02-03T19:00:00.000000,USA,Midcontinent ISO,US-MIDW-MISO,484.48,552.24,30.49,17.24,eia.gov,false,""
2023-02-03T20:00:00.000000,USA,Midcontinent ISO,US-MIDW-MISO,470.67,536.73,32.54,19.2,eia.gov,false,""
2023-02-03T21:00:00.000000,USA,Midcontinent ISO,US-MIDW-MISO,461.15,526.04,33.91,20.66,eia.gov,false,""
2023-02-03T22:00:00.000000,USA,Midcontinent ISO,US-MIDW-MISO,451.99,517.31,34.18,21.26,eia.gov,false,""
2023-02-03T23:00:00.000000,USA,Midcontinent ISO,US-MIDW-MISO,441.89,506.66,35.32,22.8,eia.gov,false,""
2023-02-04T00:00:00.000000,USA,Midcontinent ISO,US-MIDW-MISO,442.25,506.84,35.36,23.23,eia.gov,false,""
2023-02-04T01:00:00.000000,USA,Midcontinent ISO,US-MIDW-MISO,440.79,504.98,35.64,23.48,eia.gov,false,""
2023-02-04T02:00:00.000000,USA,Midcontinent ISO,US-MIDW-MISO,438.04,501.85,36.0,23.66,eia.gov,false,""
2023-02-04T03:00:00.000000,USA,Midcontinent ISO,US-MIDW-MISO,432.29,495.36,36.84,24.35,eia.gov,false,""
2023-02-04T04:00:00.000000,USA,Midcontinent ISO,US-MIDW-MISO,428.32,490.61,37.6,24.74,eia.gov,false,""
2023-02-04T05:00:00.000000,USA,Midcontinent ISO,US-MIDW-MISO,416.28,477.74,38.98,25.92,eia.gov,false,""
2023-02-04T06:00:00.000000,USA,Midcontinent ISO,US-MIDW-MISO,405.65,466.61,40.01,26.57,eia.gov,false,""
2023-02-04T07:00:00.000000,USA,Midcontinent ISO,US-MIDW-MISO,394.8,455.67,40.75,27.02,eia.gov,false,""
2023-02-04T08:00:00.000000,USA,Midcontinent ISO,US-MIDW-MISO,388.38,448.81,41.48,27.83,eia.gov,false,""
2023-02-04T09:00:00.000000,USA,Midcontinent ISO,US-MIDW-MISO,385.04,445.39,41.77,28.15,eia.gov,false,""
2023-02-04T10:00:00.000000,USA,Midcontinent ISO,US-MIDW-MISO,387.85,448.49,41.4,27.89,eia.gov,false,""
2023-02-04T11:00:00.000000,USA,Midcontinent ISO,US-MIDW-MISO,394.46,455.42,40.81,27.67,eia.gov,false,""
2023-02-04T12:00:00.000000,USA,Midcontinent ISO,US-MIDW-MISO,409.4,471.4,39.15,26.46,eia.gov,false,""
2023-02-04T13:00:00.000000,USA,Midcontinent ISO,US-MIDW-MISO,415.23,477.2,38.82,26.21,eia.gov,false,""
2023-02-04T14:00:00.000000,USA,Midcontinent ISO,US-MIDW-MISO,409.1,470.48,39.73,27.07,eia.gov,false,""
2023-02-04T15:00:00.000000,USA,Midcontinent ISO,US-MIDW-MISO,401.25,463.24,39.91,26.94,eia.gov,false,""
2023-02-04T16:00:00.000000,USA,Midcontinent ISO,US-MIDW-MISO,390.02,451.58,40.98,27.38,eia.gov,false,""
2023-02-04T17:00:00.000000,USA,Midcontinent ISO,US-MIDW-MISO,385.78,447.14,41.39,27.49,eia.gov,false,""
2023-02-04T18:00:00.000000,USA,Midcontinent ISO,US-MIDW-MISO,381.05,441.69,42.2,27.84,eia.gov,false,""
2023-02-04T19:00:00.000000,USA,Midcontinent ISO,US-MIDW-MISO,380.94,441.63,42.18,27.53,eia.gov,false,""
2023-02-04T20:00:00.000000,USA,Midcontinent ISO,US-MIDW-MISO,381.28,441.74,42.3,27.08,eia.gov,false,""
2023-02-04T21:00:00.000000,USA,Midcontinent ISO,US-MIDW-MISO,386.14,446.92,41.69,26.42,eia.gov,false,""
2023-02-04T22:00:00.000000,USA,Midcontinent ISO,US-MIDW-MISO,403.65,466.05,39.33,24.26,eia.gov,false,""
2023-02-04T23:00:00.000000,USA,Midcontinent ISO,US-MIDW-MISO,418.06,480.43,38.35,23.57,eia.gov,false,""
2023-02-05T00:00:00.000000,USA,Midcontinent ISO,US-MIDW-MISO,405.49,467.42,39.47,24.91,eia.gov,false,""
2023-02-05T01:00:00.000000,USA,Midcontinent ISO,US-MIDW-MISO,389.49,450.34,41.23,26.6,eia.gov,false,""
2023-02-05T02:00:00.000000,USA,Midcontinent ISO,US-MIDW-MISO,383.6,443.09,42.53,27.91,eia.gov,false,""
2023-02-05T03:00:00.000000,USA,Midcontinent ISO,US-MIDW-MISO,372.16,430.55,44.03,29.14,eia.gov,false,""
2023-02-05T04:00:00.000000,USA,Midcontinent ISO,US-MIDW-MISO,365.47,422.85,45.09,29.79,eia.gov,false,""
2023-02-05T05:00:00.000000,USA,Midcontinent ISO,US-MIDW-MISO,353.03,409.77,46.32,30.61,eia.gov,false,""
2023-02-05T06:00:00.000000,USA,Midcontinent ISO,US-MIDW-MISO,348.81,404.77,47.13,30.77,eia.gov,false,""
2023-02-05T07:00:00.000000,USA,Midcontinent ISO,US-MIDW-MISO,347.38,402.45,47.81,31.21,eia.gov,false,""
2023-02-05T08:00:00.000000,USA,Midcontinent ISO,US-MIDW-MISO,347.08,401.59,48.22,31.56,eia.gov,false,""
2023-02-05T09:00:00.000000,USA,Midcontinent ISO,US-MIDW-MISO,351.83,407.05,47.43,30.78,eia.gov,false,""
2023-02-05T10:00:00.000000,USA,Midcontinent ISO,US-MIDW-MISO,356.83,413.06,46.42,29.72,eia.gov,false,""
2023-02-05T11:00:00.000000,USA,Midcontinent ISO,US-MIDW-MISO,363.4,420.57,45.38,28.95,eia.gov,false,""
2023-02-05T12:00:00.000000,USA,Midcontinent ISO,US-MIDW-MISO,369.31,427.89,44.12,28.15,eia.gov,false,""
2023-02-05T13:00:00.000000,USA,Midcontinent ISO,US-MIDW-MISO,373.3,433.52,42.8,27.21,eia.gov,false,""
2023-02-05T14:00:00.000000,USA,Midcontinent ISO,US-MIDW-MISO,380.15,441.22,41.89,26.28,eia.gov,false,""
2023-02-05T15:00:00.000000,USA,Midcontinent ISO,US-MIDW-MISO,392.65,454.96,40.34,23.9,eia.gov,false,""
2023-02-05T16:00:00.000000,USA,Midcontinent ISO,US-MIDW-MISO,409.53,474.1,37.74,20.69,eia.gov,false,""
2023-02-05T17:00:00.000000,USA,Midcontinent ISO,US-MIDW-MISO,415.79,481.14,36.85,19.09,eia.gov,false,""
2023-02-05T18:00:00.000000,USA,Midcontinent ISO,US-MIDW-MISO,420.7,486.27,36.38,18.37,eia.gov,false,""
2023-02-05T19:00:00.000000,USA,Midcontinent ISO,US-MIDW-MISO,421.33,486.65,36.51,18.0,eia.gov,false,""
2023-02-05T20:00:00.000000,USA,Midcontinent ISO,US-MIDW-MISO,423.5,489.35,36.05,17.48,eia.gov,false,""
2023-02-05T21:00:00.000000,USA,Midcontinent ISO,US-MIDW-MISO,430.7,498.02,34.54,16.11,eia.gov,false,""
2023-02-05T22:00:00.000000,USA,Midcontinent ISO,US-MIDW-MISO,451.81,520.67,31.95,14.13,eia.gov,false,""
2023-02-05T23:00:00.000000,USA,Midcontinent ISO,US-MIDW-MISO,471.07,540.72,30.07,13.35,eia.gov,false,""
2023-02-06T00:00:00.000000,USA,Midcontinent ISO,US-MIDW-MISO,477.67,547.14,29.75,13.73,eia.gov,false,""
2023-02-06T01:00:00.000000,USA,Midcontinent ISO,US-MIDW-MISO,473.77,542.92,30.15,13.94,eia.gov,false,""
2023-02-06T02:00:00.000000,USA,Midcontinent ISO,US-MIDW-MISO,463.53,532.32,31.07,14.63,eia.gov,false,""
2023-02-06T03:00:00.000000,USA,Midcontinent ISO,US-MIDW-MISO,440.17,506.79,34.09,17.02,eia.gov,false,""
2023-02-06T04:00:00.000000,USA,Midcontinent ISO,US-MIDW-MISO,422.64,487.23,36.59,19.16,eia.gov,false,""
2023-02-06T05:00:00.000000,USA,Midcontinent ISO,US-MIDW-MISO,409.03,471.53,38.9,21.31,eia.gov,false,""
2023-02-06T06:00:00.000000,USA,Midcontinent ISO,US-MIDW-MISO,407.11,467.7,40.2,21.67,eia.gov,false,""
2023-02-06T07:00:00.000000,USA,Midcontinent ISO,US-MIDW-MISO,392.2,449.94,43.1,24.43,eia.gov,false,""
2023-02-06T08:00:00.000000,USA,Midcontinent ISO,US-MIDW-MISO,384.34,440.83,44.45,26.17,eia.gov,false,""
2023-02-06T09:00:00.000000,USA,Midcontinent ISO,US-MIDW-MISO,380.63,436.9,44.83,26.97,eia.gov,false,""
2023-02-06T10:00:00.000000,USA,Midcontinent ISO,US-MIDW-MISO,371.64,428.44,45.1,27.98,eia.gov,false,""
2023-02-06T11:00:00.000000,USA,Midcontinent ISO,US-MIDW-MISO,371.43,429.68,44.32,28.59,eia.gov,false,""
2023-02-06T12:00:00.000000,USA,Midcontinent ISO,US-MIDW-MISO,384.76,444.57,42.52,28.19,eia.gov,false,""
2023-02-06T13:00:00.000000,USA,Midcontinent ISO,US-MIDW-MISO,394.76,454.61,41.82,27.96,eia.gov,false,""
2023-02-06T14:00:00.000000,USA,Midcontinent ISO,US-MIDW-MISO,383.18,442.1,43.29,29.0,eia.gov,false,""
2023-02-06T15:00:00.000000,USA,Midcontinent ISO,US-MIDW-MISO,372.73,430.68,44.66,29.87,eia.gov,false,""
2023-02-06T16:00:00.000000,USA,Midcontinent ISO,US-MIDW-MISO,358.33,414.76,46.62,31.01,eia.gov,false,""
2023-02-06T17:00:00.000000,USA,Midcontinent ISO,US-MIDW-MISO,357.43,413.62,46.78,30.8,eia.gov,false,""
2023-02-06T18:00:00.000000,USA,Midcontinent ISO,US-MIDW-MISO,359.54,415.34,46.88,30.65,eia.gov,false,""
2023-02-06T19:00:00.000000,USA,Midcontinent ISO,US-MIDW-MISO,359.8,415.82,46.71,30.3,eia.gov,false,""
2023-02-06T20:00:00.000000,USA,Midcontinent ISO,US-MIDW-MISO,366.75,423.76,45.61,28.83,eia.gov,false,""
2023-02-06T21:00:00.000000,USA,Midcontinent ISO,US-MIDW-MISO,376.99,434.85,44.33,27.48,eia.gov,false,""
2023-02-06T22:00:00.000000,USA,Midcontinent ISO,US-MIDW-MISO,390.53,449.51,42.58,26.37,eia.gov,false,""
2023-02-06T23:00:00.000000,USA,Midcontinent ISO,US-MIDW-MISO,388.34,446.9,43.01,27.25,eia.gov,false,""
2023-02-07T00:00:00.000000,USA,Midcontinent ISO,US-MIDW-MISO,389.43,447.44,43.25,27.92,eia.gov,false,""
2023-02-07T01:00:00.000000,USA,Midcontinent ISO,US-MIDW-MISO,381.91,438.83,44.45,28.8,eia.gov,false,""
2023-02-07T02:00:00.000000,USA,Midcontinent ISO,US-MIDW-MISO,375.6,431.49,45.49,29.41,eia.gov,false,""
2023-02-07T03:00:00.000000,USA,Midcontinent ISO,US-MIDW-MISO,361.93,416.0,47.57,30.71,eia.gov,false,""
2023-02-07T04:00:00.000000,USA,Midcontinent ISO,US-MIDW-MISO,348.48,400.29,49.94,32.29,eia.gov,false,""
2023-02-07T05:00:00.000000,USA,Midcontinent ISO,US-MIDW-MISO,335.73,386.52,51.44,32.71,eia.gov,false,""
2023-02-07T06:00:00.000000,USA,Midcontinent ISO,US-MIDW-MISO,324.24,374.38,52.64,33.26,eia.gov,false,""
2023-02-07T07:00:00.000000,USA,Midcontinent ISO,US-MIDW-MISO,318.06,368.25,53.0,33.79,eia.gov,false,""
2023-02-07T08:00:00.000000,USA,Midcontinent ISO,US-MIDW-MISO,317.83,367.54,53.34,34.25,eia.gov,false,""
2023-02-07T09:00:00.000000,USA,Midcontinent ISO,US-MIDW-MISO,319.44,369.73,52.83,33.98,eia.gov,false,""
2023-02-07T10:00:00.000000,USA,Midcontinent ISO,US-MIDW-MISO,323.17,374.73,51.73,33.3,eia.gov,false,""
2023-02-07T11:00:00.000000,USA,Midcontinent ISO,US-MIDW-MISO,329.51,382.97,50.08,32.77,eia.gov,false,""
2023-02-07T12:00:00.000000,USA,Midcontinent ISO,US-MIDW-MISO,343.28,399.38,47.5,31.27,eia.gov,false,""
2023-02-07T13:00:00.000000,USA,Midcontinent ISO,US-MIDW-MISO,350.79,407.08,46.88,30.8,eia.gov,false,""
2023-02-07T14:00:00.000000,USA,Midcontinent ISO,US-MIDW-MISO,351.92,407.66,47.18,30.66,eia.gov,false,""
2023-02-07T15:00:00.000000,USA,Midcontinent ISO,US-MIDW-MISO,352.68,408.55,47.09,29.87,eia.gov,false,""
2023-02-07T16:00:00.000000,USA,Midcontinent ISO,US-MIDW-MISO,355.72,412.79,46.16,28.51,eia.gov,false,""
2023-02-07T17:00:00.000000,USA,Midcontinent ISO,US-MIDW-MISO,362.75,421.15,44.85,26.72,eia.gov,false,""
2023-02-07T18:00:00.000000,USA,Midcontinent ISO,US-MIDW-MISO,368.84,428.2,43.83,25.58,eia.gov,false,""
2023-02-07T19:00:00.000000,USA,Midcontinent ISO,US-MIDW-MISO,370.92,430.4,43.65,25.07,eia.gov,false,""
2023-02-07T20:00:00.000000,USA,Midcontinent ISO,US-MIDW-MISO,370.33,430.24,43.4,24.49,eia.gov,false,""
2023-02-07T21:00:00.000000,USA,Midcontinent ISO,US-MIDW-MISO,378.21,439.51,41.94,23.24,eia.gov,false,""
2023-02-07T22:00:00.000000,USA,Midcontinent ISO,US-MIDW-MISO,387.04,449.72,40.51,22.63,eia.gov,false,""
2023-02-07T23:00:00.000000,USA,Midcontinent ISO,US-MIDW-MISO,402.93,466.52,38.79,21.47,eia.gov,false,""
2023-02-08T00:00:00.000000,USA,Midcontinent ISO,US-MIDW-MISO,406.72,470.03,38.7,21.89,eia.gov,false,""
2023-02-08T01:00:00.000000,USA,Midcontinent ISO,US-MIDW-MISO,391.4,453.91,40.22,23.0,eia.gov,false,""
2023-02-08T02:00:00.000000,USA,Midcontinent ISO,US-MIDW-MISO,385.95,447.81,40.93,23.34,eia.gov,false,""
2023-02-08T03:00:00.000000,USA,Midcontinent ISO,US-MIDW-MISO,382.9,444.82,41.01,22.48,eia.gov,false,""
2023-02-08T04:00:00.000000,USA,Midcontinent ISO,US-MIDW-MISO,379.28,440.87,41.46,22.24,eia.gov,false,""
2023-02-08T05:00:00.000000,USA,Midcontinent ISO,US-MIDW-MISO,370.99,431.67,42.63,22.38,eia.gov,false,""
2023-02-08T06:00:00.000000,USA,Midcontinent ISO,US-MIDW-MISO,362.57,422.66,43.62,22.16,eia.gov,false,""
2023-02-08T07:00:00.000000,USA,Midcontinent ISO,US-MIDW-MISO,366.59,427.69,42.67,21.07,eia.gov,false,""
2023-02-08T08:00:00.000000,USA,Midcontinent ISO,US-MIDW-MISO,374.72,436.56,41.64,19.98,eia.gov,false,""
2023-02-08T09:00:00.000000,USA,Midcontinent ISO,US-MIDW-MISO,388.3,451.21,40.04,18.44,eia.gov,false,""
2023-02-08T10:00:00.000000,USA,Midcontinent ISO,US-MIDW-MISO,405.83,469.68,38.27,17.33,eia.gov,false,""
2023-02-08T11:00:00.000000,USA,Midcontinent ISO,US-MIDW-MISO,420.31,484.71,37.05,17.59,eia.gov,false,""
2023-02-08T12:00:00.000000,USA,Midcontinent ISO,US-MIDW-MISO,415.38,479.48,37.65,19.61,eia.gov,false,""
2023-02-08T13:00:00.000000,USA,Midcontinent ISO,US-MIDW-MISO,407.4,470.02,39.13,21.67,eia.gov,false,""
2023-02-08T14:00:00.000000,USA,Midcontinent ISO,US-MIDW-MISO,397.35,459.14,40.34,22.64,eia.gov,false,""
2023-02-08T15:00:00.000000,USA,Midcontinent ISO,US-MIDW-MISO,390.67,452.77,40.64,22.42,eia.gov,false,""
2023-02-08T16:00:00.000000,USA,Midcontinent ISO,US-MIDW-MISO,396.46,459.53,39.58,20.98,eia.gov,false,""
2023-02-08T17:00:00.000000,USA,Midcontinent ISO,US-MIDW-MISO,395.91,458.84,39.69,20.68,eia.gov,false,""
2023-02-08T18:00:00.000000,USA,Midcontinent ISO,US-MIDW-MISO,385.72,448.41,40.55,21.26,eia.gov,false,""
2023-02-08T19:00:00.000000,USA,Midcontinent ISO,US-MIDW-MISO,395.08,459.35,38.86,19.47,eia.gov,false,""
2023-02-08T20:00:00.000000,USA,Midcontinent ISO,US-MIDW-MISO,405.04,470.52,37.38,17.79,eia.gov,false,""
2023-02-08T21:00:00.000000,USA,Midcontinent ISO,US-MIDW-MISO,412.15,478.66,36.19,16.68,eia.gov,false,""
2023-02-08T22:00:00.000000,USA,Midcontinent ISO,US-MIDW-MISO,420.46,487.15,35.5,16.67,eia.gov,false,""
2023-02-08T23:00:00.000000,USA,Midcontinent ISO,US-MIDW-MISO,418.21,484.09,36.23,18.04,eia.gov,false,""
2023-02-09T00:00:00.000000,USA,Midcontinent ISO,US-MIDW-MISO,418.5,483.66,36.58,18.87,eia.gov,false,""
2023-02-09T01:00:00.000000,USA,Midcontinent ISO,US-MIDW-MISO,404.04,467.66,38.48,20.64,eia.gov,false,""
2023-02-09T02:00:00.000000,USA,Midcontinent ISO,US-MIDW-MISO,391.97,454.68,39.9,21.4,eia.gov,false,""
2023-02-09T03:00:00.000000,USA,Midcontinent ISO,US-MIDW-MISO,387.07,449.38,40.52,21.2,eia.gov,false,""
2023-02-09T04:00:00.000000,USA,Midcontinent ISO,US-MIDW-MISO,384.23,446.24,40.9,20.88,eia.gov,false,""
2023-02-09T05:00:00.000000,USA,Midcontinent ISO,US-MIDW-MISO,380.85,442.54,41.34,20.35,eia.gov,false,""
2023-02-09T06:00:00.000000,USA,Midcontinent ISO,US-MIDW-MISO,379.7,441.55,41.36,19.34,eia.gov,false,""
2023-02-09T07:00:00.000000,USA,Midcontinent ISO,US-MIDW-MISO,384.32,446.06,41.14,18.72,eia.gov,false,""
2023-02-09T08:00:00.000000,USA,Midcontinent ISO,US-MIDW-MISO,365.27,424.96,43.79,21.16,eia.gov,false,""
2023-02-09T09:00:00.000000,USA,Midcontinent ISO,US-MIDW-MISO,351.48,409.08,46.08,23.7,eia.gov,false,""
2023-02-09T10:00:00.000000,USA,Midcontinent ISO,US-MIDW-MISO,344.83,401.65,47.0,25.73,eia.gov,false,""
2023-02-09T11:00:00.000000,USA,Midcontinent ISO,US-MIDW-MISO,348.19,406.31,45.84,26.1,eia.gov,false,""
2023-02-09T12:00:00.000000,USA,Midcontinent ISO,US-MIDW-MISO,355.97,414.72,44.93,26.57,eia.gov,false,""
2023-02-09T13:00:00.000000,USA,Midcontinent ISO,US-MIDW-MISO,354.57,412.45,45.63,28.15,eia.gov,false,""
2023-02-09T14:00:00.000000,USA,Midcontinent ISO,US-MIDW-MISO,350.98,407.83,46.52,29.09,eia.gov,false,""
2023-02-09T15:00:00.000000,USA,Midcontinent ISO,US-MIDW-MISO,347.18,403.34,47.25,29.68,eia.gov,false,""
2023-02-09T16:00:00.000000,USA,Midcontinent ISO,US-MIDW-MISO,342.85,398.7,47.78,30.15,eia.gov,false,""
2023-02-09T17:00:00.000000,USA,Midcontinent ISO,US-MIDW-MISO,342.57,398.54,47.73,29.96,eia.gov,false,""
2023-02-09T18:00:00.000000,USA,Midcontinent ISO,US-MIDW-MISO,347.42,403.37,47.45,29.48,eia.gov,false,""
2023-02-09T19:00:00.000000,USA,Midcontinent ISO,US-MIDW-MISO,349.78,405.41,47.5,29.26,eia.gov,false,""
2023-02-09T20:00:00.000000,USA,Midcontinent ISO,US-MIDW-MISO,349.96,405.23,47.71,29.13,eia.gov,false,""
2023-02-09T21:00:00.000000,USA,Midcontinent ISO,US-MIDW-MISO,346.5,401.8,47.9,29.28,eia.gov,false,""
2023-02-09T22:00:00.000000,USA,Midcontinent ISO,US-MIDW-MISO,347.81,403.87,47.31,29.14,eia.gov,false,""
2023-02-09T23:00:00.000000,USA,Midcontinent ISO,US-MIDW-MISO,340.7,395.89,48.42,30.65,eia.gov,false,""
2023-02-10T00:00:00.000000,USA,Midcontinent ISO,US-MIDW-MISO,347.48,403.46,47.41,29.98,eia.gov,false,""
2023-02-10T01:00:00.000000,USA,Midcontinent ISO,US-MIDW-MISO,348.57,404.51,47.29,29.38,eia.gov,false,""
2023-02-10T02:00:00.000000,USA,Midcontinent ISO,US-MIDW-MISO,345.21,400.9,47.65,29.42,eia.gov,false,""
2023-02-10T03:00:00.000000,USA,Midcontinent ISO,US-MIDW-MISO,342.87,398.47,47.85,29.12,eia.gov,false,""
2023-02-10T04:00:00.000000,USA,Midcontinent ISO,US-MIDW-MISO,338.78,393.88,48.46,29.22,eia.gov,false,""
2023-02-10T05:00:00.000000,USA,Midcontinent ISO,US-MIDW-MISO,330.53,382.98,50.8,30.72,eia.gov,false,""
2023-02-10T06:00:00.000000,USA,Midcontinent ISO,US-MIDW-MISO,313.39,362.84,53.95,32.67,eia.gov,false,""
2023-02-10T07:00:00.000000,USA,Midcontinent ISO,US-MIDW-MISO,310.47,359.44,54.46,33.15,eia.gov,false,""
2023-02-10T08:00:00.000000,USA,Midcontinent ISO,US-MIDW-MISO,315.39,365.8,53.17,31.68,eia.gov,false,""
2023-02-10T09:00:00.000000,USA,Midcontinent ISO,US-MIDW-MISO,323.39,375.62,51.44,30.07,eia.gov,false,""
2023-02-10T10:00:00.000000,USA,Midcontinent ISO,US-MIDW-MISO,342.69,398.75,47.56,26.98,eia.gov,false,""
2023-02-10T11:00:00.000000,USA,Midcontinent ISO,US-MIDW-MISO,355.2,414.31,44.7,25.36,eia.gov,false,""
2023-02-10T12:00:00.000000,USA,Midcontinent ISO,US-MIDW-MISO,367.32,428.71,42.47,24.56,eia.gov,false,""
2023-02-10T13:00:00.000000,USA,Midcontinent ISO,US-MIDW-MISO,384.52,446.9,40.61,22.92,eia.gov,false,""
2023-02-10T14:00:00.000000,USA,Midcontinent ISO,US-MIDW-MISO,396.1,458.98,39.56,21.83,eia.gov,false,""
2023-02-10T15:00:00.000000,USA,Midcontinent ISO,US-MIDW-MISO,406.44,470.28,38.31,20.27,eia.gov,false,""
2023-02-10T16:00:00.000000,USA,Midcontinent ISO,US-MIDW-MISO,415.41,480.22,37.13,18.82,eia.gov,false,""
2023-02-10T17:00:00.000000,USA,Midcontinent ISO,US-MIDW-MISO,414.89,479.59,37.25,18.79,eia.gov,false,""
2023-02-10T18:00:00.000000,USA,Midcontinent ISO,US-MIDW-MISO,404.64,468.44,38.55,19.72,eia.gov,false,""
2023-02-10T19:00:00.000000,USA,Midcontinent ISO,US-MIDW-MISO,395.87,459.34,39.38,20.25,eia.gov,false,""
2023-02-10T20:00:00.000000,USA,Midcontinent ISO,US-MIDW-MISO,386.36,449.21,40.44,21.13,eia.gov,false,""
2023-02-10T21:00:00.000000,USA,Midcontinent ISO,US-MIDW-MISO,380.43,443.27,40.85,21.65,eia.gov,false,""
2023-02-10T22:00:00.000000,USA,Midcontinent ISO,US-MIDW-MISO,376.88,439.32,41.37,22.7,eia.gov,false,""
2023-02-10T23:00:00.000000,USA,Midcontinent ISO,US-MIDW-MISO,385.38,447.92,40.66,22.72,eia.gov,false,""
2023-02-11T00:00:00.000000,USA,Midcontinent ISO,US-MIDW-MISO,395.37,457.73,39.98,22.6,eia.gov,false,""
2023-02-11T01:00:00.000000,USA,Midcontinent ISO,US-MIDW-MISO,388.18,450.12,40.66,22.8,eia.gov,false,""
2023-02-11T02:00:00.000000,USA,Midcontinent ISO,US-MIDW-MISO,381.05,442.22,41.64,23.72,eia.gov,false,""
2023-02-11T03:00:00.000000,USA,Midcontinent ISO,US-MIDW-MISO,372.23,432.18,43.0,24.68,eia.gov,false,""
2023-02-11T04:00:00.000000,USA,Midcontinent ISO,US-MIDW-MISO,363.67,423.39,43.68,25.16,eia.gov,false,""
2023-02-11T05:00:00.000000,USA,Midcontinent ISO,US-MIDW-MISO,367.02,427.15,43.14,24.66,eia.gov,false,""
2023-02-11T06:00:00.000000,USA,Midcontinent ISO,US-MIDW-MISO,368.0,428.14,43.05,24.45,eia.gov,false,""
2023-02-11T07:00:00.000000,USA,Midcontinent ISO,US-MIDW-MISO,373.83,434.59,42.24,23.85,eia.gov,false,""
2023-02-11T08:00:00.000000,USA,Midcontinent ISO,US-MIDW-MISO,376.94,438.06,41.79,23.46,eia.gov,false,""
2023-02-11T09:00:00.000000,USA,Midcontinent ISO,US-MIDW-MISO,379.0,440.36,41.5,23.26,eia.gov,false,""
2023-02-11T10:00:00.000000,USA,Midcontinent ISO,US-MIDW-MISO,382.9,444.38,41.15,23.05,eia.gov,false,""
2023-02-11T11:00:00.000000,USA,Midcontinent ISO,US-MIDW-MISO,384.07,445.93,40.84,23.44,eia.gov,false,""
2023-02-11T12:00:00.000000,USA,Midcontinent ISO,US-MIDW-MISO,374.61,435.61,42.21,25.42,eia.gov,false,""
2023-02-11T13:00:00.000000,USA,Midcontinent ISO,US-MIDW-MISO,376.78,438.06,41.94,25.65,eia.gov,false,""
2023-02-11T14:00:00.000000,USA,Midcontinent ISO,US-MIDW-MISO,374.44,435.48,42.3,26.15,eia.gov,false,""
2023-02-11T15:00:00.000000,USA,Midcontinent ISO,US-MIDW-MISO,369.37,430.23,42.83,26.41,eia.gov,false,""
2023-02-11T16:00:00.000000,USA,Midcontinent ISO,US-MIDW-MISO,365.8,426.57,43.14,26.39,eia.gov,false,""
2023-02-11T17:00:00.000000,USA,Midcontinent ISO,US-MIDW-MISO,351.79,410.79,45.31,27.89,eia.gov,false,""
2023-02-11T18:00:00.000000,USA,Midcontinent ISO,US-MIDW-MISO,345.28,403.07,46.57,28.8,eia.gov,false,""
2023-02-11T19:00:00.000000,USA,Midcontinent ISO,US-MIDW-MISO,344.97,402.38,46.85,28.69,eia.gov,false,""
2023-02-11T20:00:00.000000,USA,Midcontinent ISO,US-MIDW-MISO,344.49,401.83,46.97,28.73,eia.gov,false,""
2023-02-11T21:00:00.000000,USA,Midcontinent ISO,US-MIDW-MISO,347.98,406.16,46.18,28.16,eia.gov,false,""
2023-02-11T22:00:00.000000,USA,Midcontinent ISO,US-MIDW-MISO,360.88,421.09,43.87,26.32,eia.gov,false,""
2023-02-11T23:00:00.000000,USA,Midcontinent ISO,US-MIDW-MISO,371.78,432.55,42.69,25.95,eia.gov,false,""
2023-02-12T00:00:00.000000,USA,Midcontinent ISO,US-MIDW-MISO,382.2,443.26,41.72,25.56,eia.gov,false,""
2023-02-12T01:00:00.000000,USA,Midcontinent ISO,US-MIDW-MISO,380.0,440.78,42.02,25.89,eia.gov,false,""
2023-02-12T02:00:00.000000,USA,Midcontinent ISO,US-MIDW-MISO,375.78,436.44,42.36,25.99,eia.gov,false,""
2023-02-12T03:00:00.000000,USA,Midcontinent ISO,US-MIDW-MISO,373.5,433.66,42.84,26.05,eia.gov,false,""
2023-02-12T04:00:00.000000,USA,Midcontinent ISO,US-MIDW-MISO,370.39,429.28,43.86,26.53,eia.gov,false,""
2023-02-12T05:00:00.000000,USA,Midcontinent ISO,US-MIDW-MISO,371.06,429.3,44.3,26.36,eia.gov,false,""
2023-02-12T06:00:00.000000,USA,Midcontinent ISO,US-MIDW-MISO,368.62,427.46,44.08,25.68,eia.gov,false,""
2023-02-12T07:00:00.000000,USA,Midcontinent ISO,US-MIDW-MISO,365.25,425.17,43.58,25.1,eia.gov,false,""
2023-02-12T08:00:00.000000,USA,Midcontinent ISO,US-MIDW-MISO,368.13,429.09,42.71,24.34,eia.gov,false,""
2023-02-12T09:00:00.000000,USA,Midcontinent ISO,US-MIDW-MISO,369.54,430.43,42.66,24.28,eia.gov,false,""
2023-02-12T10:00:00.000000,USA,Midcontinent ISO,US-MIDW-MISO,375.49,437.25,41.67,23.58,eia.gov,false,""
2023-02-12T11:00:00.000000,USA,Midcontinent ISO,US-MIDW-MISO,380.05,442.91,40.63,22.84,eia.gov,false,""
2023-02-12T12:00:00.000000,USA,Midcontinent ISO,US-MIDW-MISO,393.7,458.64,38.4,21.15,eia.gov,false,""
2023-02-12T13:00:00.000000,USA,Midcontinent ISO,US-MIDW-MISO,396.21,461.84,37.95,21.25,eia.gov,false,""
2023-02-12T14:00:00.000000,USA,Midcontinent ISO,US-MIDW-MISO,399.97,466.36,37.28,20.35,eia.gov,false,""
2023-02-12T15:00:00.000000,USA,Midcontinent ISO,US-MIDW-MISO,411.4,479.15,35.65,18.03,eia.gov,false,""
2023-02-12T16:00:00.000000,USA,Midcontinent ISO,US-MIDW-MISO,419.9,488.54,34.5,16.31,eia.gov,false,""
2023-02-12T17:00:00.000000,USA,Midcontinent ISO,US-MIDW-MISO,425.1,493.56,34.27,15.86,eia.gov,false,""
2023-02-12T18:00:00.000000,USA,Midcontinent ISO,US-MIDW-MISO,410.87,477.97,36.14,17.4,eia.gov,false,""
2023-02-12T19:00:00.000000,USA,Midcontinent ISO,US-MIDW-MISO,399.7,465.91,37.5,18.42,eia.gov,false,""
2023-02-12T20:00:00.000000,USA,Midcontinent ISO,US-MIDW-MISO,393.05,458.68,38.34,19.16,eia.gov,false,""
2023-02-12T21:00:00.000000,USA,Midcontinent ISO,US-MIDW-MISO,395.94,461.9,37.9,18.95,eia.gov,false,""
2023-02-12T22:00:00.000000,USA,Midcontinent ISO,US-MIDW-MISO,411.77,478.39,36.28,17.87,eia.gov,false,""
2023-02-12T23:00:00.000000,USA,Midcontinent ISO,US-MIDW-MISO,414.3,480.46,36.39,18.57,eia.gov,false,""
2023-02-13T00:00:00.000000,USA,Midcontinent ISO,US-MIDW-MISO,412.39,478.28,36.59,19.18,eia.gov,false,""
2023-02-13T01:00:00.000000,USA,Midcontinent ISO,US-MIDW-MISO,400.61,465.19,38.18,20.92,eia.gov,false,""
2023-02-13T02:00:00.000000,USA,Midcontinent ISO,US-MIDW-MISO,386.26,449.2,40.22,22.88,eia.gov,false,""
2023-02-13T03:00:00.000000,USA,Midcontinent ISO,US-MIDW-MISO,367.56,428.49,42.79,25.12,eia.gov,false,""
2023-02-13T04:00:00.000000,USA,Midcontinent ISO,US-MIDW-MISO,359.4,419.76,43.67,25.68,eia.gov,false,""
2023-02-13T05:00:00.000000,USA,Midcontinent ISO,US-MIDW-MISO,353.59,412.72,44.87,26.79,eia.gov,false,""
2023-02-13T06:00:00.000000,USA,Midcontinent ISO,US-MIDW-MISO,341.61,399.48,46.53,28.03,eia.gov,false,""
2023-02-13T07:00:00.000000,USA,Midcontinent ISO,US-MIDW-MISO,341.84,400.03,46.3,27.64,eia.gov,false,""
2023-02-13T08:00:00.000000,USA,Midcontinent ISO,US-MIDW-MISO,345.06,403.72,45.78,27.06,eia.gov,false,""
2023-02-13T09:00:00.000000,USA,Midcontinent ISO,US-MIDW-MISO,347.35,406.67,45.23,26.74,eia.gov,false,""
2023-02-13T10:00:00.000000,USA,Midcontinent ISO,US-MIDW-MISO,363.22,425.32,42.3,24.46,eia.gov,false,""
2023-02-13T11:00:00.000000,USA,Midcontinent ISO,US-MIDW-MISO,398.42,463.84,37.79,21.17,eia.gov,false,""
2023-02-13T12:00:00.000000,USA,Midcontinent ISO,US-MIDW-MISO,426.53,493.58,34.95,19.67,eia.gov,false,""
2023-02-13T13:00:00.000000,USA,Midcontinent ISO,US-MIDW-MISO,439.36,506.96,33.71,18.77,eia.gov,false,""
2023-02-13T14:00:00.000000,USA,Midcontinent ISO,US-MIDW-MISO,423.91,490.23,35.73,19.94,eia.gov,false,""
2023-02-13T15:00:00.000000,USA,Midcontinent ISO,US-MIDW-MISO,408.38,474.22,37.14,20.42,eia.gov,false,""
2023-02-13T16:00:00.000000,USA,Midcontinent ISO,US-MIDW-MISO,398.55,463.4,38.41,21.26,eia.gov,false,""
2023-02-13T17:00:00.000000,USA,Midcontinent ISO,US-MIDW-MISO,383.86,447.35,40.27,22.64,eia.gov,false,""
2023-02-13T18:00:00.000000,USA,Midcontinent ISO,US-MIDW-MISO,370.93,432.59,42.36,24.49,eia.gov,false,""
2023-02-13T19:00:00.000000,USA,Midcontinent ISO,US-MIDW-MISO,351.06,410.43,45.2,27.09,eia.gov,false,""
2023-02-13T20:00:00.000000,USA,Midcontinent ISO,US-MIDW-MISO,347.19,405.87,45.92,27.84,eia.gov,false,""
2023-02-13T21:00:00.000000,USA,Midcontinent ISO,US-MIDW-MISO,350.5,409.47,45.48,27.42,eia.gov,false,""
2023-02-13T22:00:00.000000,USA,Midcontinent ISO,US-MIDW-MISO,361.05,421.57,43.58,25.99,eia.gov,false,""
2023-02-13T23:00:00.000000,USA,Midcontinent ISO,US-MIDW-MISO,368.0,428.47,43.08,26.39,eia.gov,false,""
2023-02-14T00:00:00.000000,USA,Midcontinent ISO,US-MIDW-MISO,363.07,422.24,44.33,28.22,eia.gov,false,""
2023-02-14T01:00:00.000000,USA,Midcontinent ISO,US-MIDW-MISO,361.33,420.31,44.57,28.54,eia.gov,false,""
2023-02-14T02:00:00.000000,USA,Midcontinent ISO,US-MIDW-MISO,364.34,423.55,44.18,28.03,eia.gov,false,""
2023-02-14T03:00:00.000000,USA,Midcontinent ISO,US-MIDW-MISO,370.49,429.98,43.48,26.58,eia.gov,false,""
2023-02-14T04:00:00.000000,USA,Midcontinent ISO,US-MIDW-MISO,364.54,423.42,44.23,26.65,eia.gov,false,""
2023-02-14T05:00:00.000000,USA,Midcontinent ISO,US-MIDW-MISO,350.96,406.69,47.25,28.16,eia.gov,false,""
2023-02-14T06:00:00.000000,USA,Midcontinent ISO,US-MIDW-MISO,346.38,400.86,48.37,28.84,eia.gov,false,""
2023-02-14T07:00:00.000000,USA,Midcontinent ISO,US-MIDW-MISO,341.91,396.47,48.6,28.95,eia.gov,false,""
2023-02-14T08:00:00.000000,USA,Midcontinent ISO,US-MIDW-MISO,340.54,395.31,48.54,28.96,eia.gov,false,""
2023-02-14T09:00:00.000000,USA,Midcontinent ISO,US-MIDW-MISO,336.94,391.66,48.81,29.19,eia.gov,false,""
2023-02-14T10:00:00.000000,USA,Midcontinent ISO,US-MIDW-MISO,337.18,392.16,48.67,29.62,eia.gov,false,""
2023-02-14T11:00:00.000000,USA,Midcontinent ISO,US-MIDW-MISO,342.7,398.02,48.23,30.81,eia.gov,false,""
2023-02-14T12:00:00.000000,USA,Midcontinent ISO,US-MIDW-MISO,349.24,405.3,47.35,31.3,eia.gov,false,""
2023-02-14T13:00:00.000000,USA,Midcontinent ISO,US-MIDW-MISO,346.62,403.05,47.23,31.25,eia.gov,false,""
2023-02-14T14:00:00.000000,USA,Midcontinent ISO,US-MIDW-MISO,339.56,395.69,47.9,31.29,eia.gov,false,""
2023-02-14T15:00:00.000000,USA,Midcontinent ISO,US-MIDW-MISO,333.45,389.06,48.68,31.33,eia.gov,false,""
2023-02-14T16:00:00.000000,USA,Midcontinent ISO,US-MIDW-MISO,325.26,380.29,49.61,32.01,eia.gov,false,""
2023-02-14T17:00:00.000000,USA,Midcontinent ISO,US-MIDW-MISO,324.11,378.9,49.87,32.91,eia.gov,false,""
2023-02-14T18:00:00.000000,USA,Midcontinent ISO,US-MIDW-MISO,322.52,377.03,50.17,33.27,eia.gov,false,""
2023-02-14T19:00:00.000000,USA,Midcontinent ISO,US-MIDW-MISO,322.08,377.27,49.73,32.91,eia.gov,false,""
2023-02-14T20:00:00.000000,USA,Midcontinent ISO,US-MIDW-MISO,326.95,382.32,49.26,32.28,eia.gov,false,""
2023-02-14T21:00:00.000000,USA,Midcontinent ISO,US-MIDW-MISO,334.63,390.64,48.3,31.32,eia.gov,false,""
2023-02-14T22:00:00.000000,USA,Midcontinent ISO,US-MIDW-MISO,351.26,408.05,46.63,30.05,eia.gov,false,""
2023-02-14T23:00:00.000000,USA,Midcontinent ISO,US-MIDW-MISO,354.97,411.59,46.48,30.38,eia.gov,false,""
2023-02-15T00:00:00.000000,USA,Midcontinent ISO,US-MIDW-MISO,351.03,407.18,46.99,31.23,eia.gov,false,""
2023-02-15T01:00:00.000000,USA,Midcontinent ISO,US-MIDW-MISO,337.05,392.36,48.48,32.38,eia.gov,false,""
2023-02-15T02:00:00.000000,USA,Midcontinent ISO,US-MIDW-MISO,330.07,384.7,49.39,32.89,eia.gov,false,""
2023-02-15T03:00:00.000000,USA,Midcontinent ISO,US-MIDW-MISO,322.65,375.95,50.75,33.36,eia.gov,false,""
2023-02-15T04:00:00.000000,USA,Midcontinent ISO,US-MIDW-MISO,314.72,366.79,52.05,34.25,eia.gov,false,""
2023-02-15T05:00:00.000000,USA,Midcontinent ISO,US-MIDW-MISO,308.49,359.08,53.46,35.3,eia.gov,false,""
2023-02-15T06:00:00.000000,USA,Midcontinent ISO,US-MIDW-MISO,301.18,350.64,54.7,35.95,eia.gov,false,""
2023-02-15T07:00:00.000000,USA,Midcontinent ISO,US-MIDW-MISO,297.79,346.91,55.16,35.91,eia.gov,false,""
2023-02-15T08:00:00.000000,USA,Midcontinent ISO,US-MIDW-MISO,295.43,344.45,55.39,35.89,eia.gov,false,""
2023-02-15T09:00:00.000000,USA,Midcontinent ISO,US-MIDW-MISO,294.1,342.65,55.8,36.4,eia.gov,false,""
2023-02-15T10:00:00.000000,USA,Midcontinent ISO,US-MIDW-MISO,298.42,348.28,54.62,36.08,eia.gov,false,""
2023-02-15T11:00:00.000000,USA,Midcontinent ISO,US-MIDW-MISO,312.33,364.06,52.47,35.06,eia.gov,false,""
2023-02-15T12:00:00.000000,USA,Midcontinent ISO,US-MIDW-MISO,326.68,379.51,50.86,34.79,eia.gov,false,""
2023-02-15T13:00:00.000000,USA,Midcontinent ISO,US-MIDW-MISO,337.32,390.49,49.89,34.05,eia.gov,false,""
2023-02-15T14:00:00.000000,USA,Midcontinent ISO,US-MIDW-MISO,334.25,387.37,50.18,34.09,eia.gov,false,""
2023-02-15T15:00:00.000000,USA,Midcontinent ISO,US-MIDW-MISO,325.4,378.09,51.07,34.72,eia.gov,false,""
2023-02-15T16:00:00.000000,USA,Midcontinent ISO,US-MIDW-MISO,317.71,370.53,51.53,34.88,eia.gov,false,""
2023-02-15T17:00:00.000000,USA,Midcontinent ISO,US-MIDW-MISO,313.74,367.03,51.52,34.67,eia.gov,false,""
2023-02-15T18:00:00.000000,USA,Midcontinent ISO,US-MIDW-MISO,318.75,372.53,50.9,33.85,eia.gov,false,""
2023-02-15T19:00:00.000000,USA,Midcontinent ISO,US-MIDW-MISO,320.74,374.96,50.47,33.52,eia.gov,false,""
2023-02-15T20:00:00.000000,USA,Midcontinent ISO,US-MIDW-MISO,318.73,373.06,50.53,33.51,eia.gov,false,""
2023-02-15T21:00:00.000000,USA,Midcontinent ISO,US-MIDW-MISO,327.46,383.05,49.11,32.18,eia.gov,false,""
2023-02-15T22:00:00.000000,USA,Midcontinent ISO,US-MIDW-MISO,339.38,395.94,47.71,31.4,eia.gov,false,""
2023-02-15T23:00:00.000000,USA,Midcontinent ISO,US-MIDW-MISO,365.26,422.82,45.29,29.7,eia.gov,false,""
2023-02-16T00:00:00.000000,USA,Midcontinent ISO,US-MIDW-MISO,375.85,433.72,44.34,29.16,eia.gov,false,""
2023-02-16T01:00:00.000000,USA,Midcontinent ISO,US-MIDW-MISO,376.87,434.53,44.4,29.17,eia.gov,false,""
2023-02-16T02:00:00.000000,USA,Midcontinent ISO,US-MIDW-MISO,366.33,423.3,45.54,29.78,eia.gov,false,""
2023-02-16T03:00:00.000000,USA,Midcontinent ISO,US-MIDW-MISO,365.33,422.64,45.23,28.74,eia.gov,false,""
2023-02-16T04:00:00.000000,USA,Midcontinent ISO,US-MIDW-MISO,354.72,411.96,45.96,28.6,eia.gov,false,""
2023-02-16T05:00:00.000000,USA,Midcontinent ISO,US-MIDW-MISO,342.71,399.75,46.89,28.3,eia.gov,false,""
2023-02-16T06:00:00.000000,USA,Midcontinent ISO,US-MIDW-MISO,336.64,393.71,47.29,27.68,eia.gov,false,""
2023-02-16T07:00:00.000000,USA,Midcontinent ISO,US-MIDW-MISO,333.75,390.7,47.57,27.72,eia.gov,false,""
2023-02-16T08:00:00.000000,USA,Midcontinent ISO,US-MIDW-MISO,324.86,380.51,49.03,29.15,eia.gov,false,""
2023-02-16T09:00:00.000000,USA,Midcontinent ISO,US-MIDW-MISO,321.29,376.41,49.62,29.93,eia.gov,false,""
2023-02-16T10:00:00.000000,USA,Midcontinent ISO,US-MIDW-MISO,318.0,372.63,50.17,31.3,eia.gov,false,""
2023-02-16T11:00:00.000000,USA,Midcontinent ISO,US-MIDW-MISO,328.27,385.58,47.73,29.98,eia.gov,false,""
2023-02-16T12:00:00.000000,USA,Midcontinent ISO,US-MIDW-MISO,346.19,406.0,44.94,28.44,eia.gov,false,""
2023-02-16T13:00:00.000000,USA,Midcontinent ISO,US-MIDW-MISO,371.53,432.98,42.09,26.2,eia.gov,false,""
2023-02-16T14:00:00.000000,USA,Midcontinent ISO,US-MIDW-MISO,383.35,445.47,40.87,24.98,eia.gov,false,""
2023-02-16T15:00:00.000000,USA,Midcontinent ISO,US-MIDW-MISO,405.52,469.53,38.12,22.64,eia.gov,false,""
2023-02-16T16:00:00.000000,USA,Midcontinent ISO,US-MIDW-MISO,413.84,478.29,37.31,21.83,eia.gov,false,""
2023-02-16T17:00:00.000000,USA,Midcontinent ISO,US-MIDW-MISO,425.19,490.94,35.69,20.42,eia.gov,false,""
2023-02-16T18:00:00.000000,USA,Midcontinent ISO,US-MIDW-MISO,423.37,488.83,36.02,20.37,eia.gov,false,""
2023-02-16T19:00:00.000000,USA,Midcontinent ISO,US-MIDW-MISO,416.91,481.57,36.98,21.65,eia.gov,false,""
2023-02-16T20:00:00.000000,USA,Midcontinent ISO,US-MIDW-MISO,401.66,465.23,38.72,23.2,eia.gov,false,""
2023-02-16T21:00:00.000000,USA,Midcontinent ISO,US-MIDW-MISO,395.16,458.06,39.57,24.24,eia.gov,false,""
2023-02-16T22:00:00.000000,USA,Midcontinent ISO,US-MIDW-MISO,395.58,458.6,39.46,24.16,eia.gov,false,""
2023-02-16T23:00:00.000000,USA,Midcontinent ISO,US-MIDW-MISO,394.68,458.06,39.4,24.44,eia.gov,false,""
2023-02-17T00:00:00.000000,USA,Midcontinent ISO,US-MIDW-MISO,395.89,459.42,39.21,24.21,eia.gov,false,""
2023-02-17T01:00:00.000000,USA,Midcontinent ISO,US-MIDW-MISO,395.93,459.54,39.08,23.71,eia.gov,false,""
2023-02-17T02:00:00.000000,USA,Midcontinent ISO,US-MIDW-MISO,382.5,445.39,40.44,24.37,eia.gov,false,""
2023-02-17T03:00:00.000000,USA,Midcontinent ISO,US-MIDW-MISO,375.22,438.06,40.91,24.05,eia.gov,false,""
2023-02-17T04:00:00.000000,USA,Midcontinent ISO,US-MIDW-MISO,368.89,432.23,40.97,23.2,eia.gov,false,""
2023-02-17T05:00:00.000000,USA,Midcontinent ISO,US-MIDW-MISO,372.11,436.56,40.01,21.45,eia.gov,false,""
2023-02-17T06:00:00.000000,USA,Midcontinent ISO,US-MIDW-MISO,373.31,438.65,39.35,19.85,eia.gov,false,""
2023-02-17T07:00:00.000000,USA,Midcontinent ISO,US-MIDW-MISO,377.43,443.42,38.65,18.71,eia.gov,false,""
2023-02-17T08:00:00.000000,USA,Midcontinent ISO,US-MIDW-MISO,386.45,453.02,37.65,17.6,eia.gov,false,""
2023-02-17T09:00:00.000000,USA,Midcontinent ISO,US-MIDW-MISO,389.34,456.09,37.36,17.47,eia.gov,false,""
2023-02-17T10:00:00.000000,USA,Midcontinent ISO,US-MIDW-MISO,391.22,459.06,36.52,17.26,eia.gov,false,""
2023-02-17T11:00:00.000000,USA,Midcontinent ISO,US-MIDW-MISO,408.44,477.89,34.33,16.64,eia.gov,false,""
2023-02-17T12:00:00.000000,USA,Midcontinent ISO,US-MIDW-MISO,414.68,484.71,33.65,17.84,eia.gov,false,""
2023-02-17T13:00:00.000000,USA,Midcontinent ISO,US-MIDW-MISO,418.88,488.9,33.38,18.0,eia.gov,false,""
2023-02-17T14:00:00.000000,USA,Midcontinent ISO,US-MIDW-MISO,415.33,484.39,34.3,19.13,eia.gov,false,""
2023-02-17T15:00:00.000000,USA,Midcontinent ISO,US-MIDW-MISO,417.81,487.19,33.91,19.02,eia.gov,false,""
2023-02-17T16:00:00.000000,USA,Midcontinent ISO,US-MIDW-MISO,414.48,482.88,34.77,19.69,eia.gov,false,""
2023-02-17T17:00:00.000000,USA,Midcontinent ISO,US-MIDW-MISO,414.03,480.61,36.03,20.95,eia.gov,false,""
2023-02-17T18:00:00.000000,USA,Midcontinent ISO,US-MIDW-MISO,400.11,464.61,38.36,23.07,eia.gov,false,""
2023-02-17T19:00:00.000000,USA,Midcontinent ISO,US-MIDW-MISO,393.85,457.74,39.2,23.74,eia.gov,false,""
2023-02-17T20:00:00.000000,USA,Midcontinent ISO,US-MIDW-MISO,388.41,451.53,40.1,24.45,eia.gov,false,""
2023-02-17T21:00:00.000000,USA,Midcontinent ISO,US-MIDW-MISO,388.94,452.17,39.96,24.35,eia.gov,false,""
2023-02-17T22:00:00.000000,USA,Midcontinent ISO,US-MIDW-MISO,394.81,458.76,38.99,23.71,eia.gov,false,""
2023-02-17T23:00:00.000000,USA,Midcontinent ISO,US-MIDW-MISO,393.02,456.77,39.26,24.64,eia.gov,false,""
2023-02-18T00:00:00.000000,USA,Midcontinent ISO,US-MIDW-MISO,389.44,452.83,39.72,25.59,eia.gov,false,""
2023-02-18T01:00:00.000000,USA,Midcontinent ISO,US-MIDW-MISO,383.31,446.64,40.1,25.93,eia.gov,false,""
2023-02-18T02:00:00.000000,USA,Midcontinent ISO,US-MIDW-MISO,376.74,438.77,41.28,26.76,eia.gov,false,""
2023-02-18T03:00:00.000000,USA,Midcontinent ISO,US-MIDW-MISO,371.5,432.83,42.06,26.9,eia.gov,false,""
2023-02-18T04:00:00.000000,USA,Midcontinent ISO,US-MIDW-MISO,360.31,420.24,43.71,28.14,eia.gov,false,""
2023-02-18T05:00:00.000000,USA,Midcontinent ISO,US-MIDW-MISO,361.09,420.79,43.8,28.23,eia.gov,false,""
2023-02-18T06:00:00.000000,USA,Midcontinent ISO,US-MIDW-MISO,359.15,418.92,43.88,27.69,eia.gov,false,""
2023-02-18T07:00:00.000000,USA,Midcontinent ISO,US-MIDW-MISO,359.36,419.81,43.43,26.56,eia.gov,false,""
2023-02-18T08:00:00.000000,USA,Midcontinent ISO,US-MIDW-MISO,373.19,435.68,41.2,24.3,eia.gov,false,""
2023-02-18T09:00:00.000000,USA,Midcontinent ISO,US-MIDW-MISO,382.6,446.61,39.59,22.52,eia.gov,false,""
2023-02-18T10:00:00.000000,USA,Midcontinent ISO,US-MIDW-MISO,392.39,458.63,37.47,20.46,eia.gov,false,""
2023-02-18T11:00:00.000000,USA,Midcontinent ISO,US-MIDW-MISO,400.66,468.59,35.88,19.51,eia.gov,false,""
2023-02-18T12:00:00.000000,USA,Midcontinent ISO,US-MIDW-MISO,400.4,468.44,35.95,20.22,eia.gov,false,""
2023-02-18T13:00:00.000000,USA,Midcontinent ISO,US-MIDW-MISO,403.88,472.33,35.49,19.96,eia.gov,false,""
2023-02-18T14:00:00.000000,USA,Midcontinent ISO,US-MIDW-MISO,390.93,457.97,37.39,21.38,eia.gov,false,""
2023-02-18T15:00:00.000000,USA,Midcontinent ISO,US-MIDW-MISO,366.77,432.73,39.74,22.77,eia.gov,false,""
2023-02-18T16:00:00.000000,USA,Midcontinent ISO,US-MIDW-MISO,349.08,413.97,41.63,24.15,eia.gov,false,""
2023-02-18T17:00:00.000000,USA,Midcontinent ISO,US-MIDW-MISO,337.19,400.49,43.46,25.31,eia.gov,false,""
2023-02-18T18:00:00.000000,USA,Midcontinent ISO,US-MIDW-MISO,326.55,387.73,45.62,26.87,eia.gov,false,""
2023-02-18T19:00:00.000000,USA,Midcontinent ISO,US-MIDW-MISO,320.6,379.7,47.4,28.27,eia.gov,false,""
2023-02-18T20:00:00.000000,USA,Midcontinent ISO,US-MIDW-MISO,318.64,376.53,48.32,29.23,eia.gov,false,""
2023-02-18T21:00:00.000000,USA,Midcontinent ISO,US-MIDW-MISO,322.06,380.38,47.69,28.92,eia.gov,false,""
2023-02-18T22:00:00.000000,USA,Midcontinent ISO,US-MIDW-MISO,328.91,388.5,46.24,28.03,eia.gov,false,""
2023-02-18T23:00:00.000000,USA,Midcontinent ISO,US-MIDW-MISO,342.08,403.85,43.85,26.33,eia.gov,false,""
2023-02-19T00:00:00.000000,USA,Midcontinent ISO,US-MIDW-MISO,347.11,409.1,43.36,26.2,eia.gov,false,""
2023-02-19T01:00:00.000000,USA,Midcontinent ISO,US-MIDW-MISO,344.82,406.09,43.99,26.86,eia.gov,false,""
2023-02-19T02:00:00.000000,USA,Midcontinent ISO,US-MIDW-MISO,343.87,404.0,44.82,27.51,eia.gov,false,""
2023-02-19T03:00:00.000000,USA,Midcontinent ISO,US-MIDW-MISO,336.33,394.78,46.42,28.44,eia.gov,false,""
2023-02-19T04:00:00.000000,USA,Midcontinent ISO,US-MIDW-MISO,314.95,369.96,50.11,31.62,eia.gov,false,""
2023-02-19T05:00:00.000000,USA,Midcontinent ISO,US-MIDW-MISO,294.86,347.8,52.82,33.68,eia.gov,false,""
2023-02-19T06:00:00.000000,USA,Midcontinent ISO,US-MIDW-MISO,288.05,339.57,54.21,34.78,eia.gov,false,""
2023-02-19T07:00:00.000000,USA,Midcontinent ISO,US-MIDW-MISO,288.86,340.7,53.95,34.32,eia.gov,false,""
2023-02-19T08:00:00.000000,USA,Midcontinent ISO,US-MIDW-MISO,288.48,340.6,53.79,34.13,eia.gov,false,""
2023-02-19T09:00:00.000000,USA,Midcontinent ISO,US-MIDW-MISO,292.08,345.01,53.01,33.6,eia.gov,false,""
2023-02-19T10:00:00.000000,USA,Midcontinent ISO,US-MIDW-MISO,297.24,351.33,51.91,32.45,eia.gov,false,""
2023-02-19T11:00:00.000000,USA,Midcontinent ISO,US-MIDW-MISO,305.59,361.21,50.36,31.13,eia.gov,false,""
2023-02-19T12:00:00.000000,USA,Midcontinent ISO,US-MIDW-MISO,309.98,367.15,49.08,30.23,eia.gov,false,""
2023-02-19T13:00:00.000000,USA,Midcontinent ISO,US-MIDW-MISO,308.6,366.14,49.0,30.34,eia.gov,false,""
2023-02-19T14:00:00.000000,USA,Midcontinent ISO,US-MIDW-MISO,310.4,368.54,48.62,29.67,eia.gov,false,""
2023-02-19T15:00:00.000000,USA,Midcontinent ISO,US-MIDW-MISO,317.11,376.21,47.63,28.06,eia.gov,false,""
2023-02-19T16:00:00.000000,USA,Midcontinent ISO,US-MIDW-MISO,321.72,381.06,47.2,26.94,eia.gov,false,""
2023-02-19T17:00:00.000000,USA,Midcontinent ISO,US-MIDW-MISO,324.31,383.53,47.12,26.22,eia.gov,false,""
2023-02-19T18:00:00.000000,USA,Midcontinent ISO,US-MIDW-MISO,328.56,387.94,46.75,25.45,eia.gov,false,""
2023-02-19T19:00:00.000000,USA,Midcontinent ISO,US-MIDW-MISO,330.73,390.39,46.42,25.01,eia.gov,false,""
2023-02-19T20:00:00.000000,USA,Midcontinent ISO,US-MIDW-MISO,331.93,392.03,46.03,24.89,eia.gov,false,""
2023-02-19T21:00:00.000000,USA,Midcontinent ISO,US-MIDW-MISO,342.28,404.63,43.77,22.62,eia.gov,false,""
2023-02-19T22:00:00.000000,USA,Midcontinent ISO,US-MIDW-MISO,374.38,438.91,40.05,19.69,eia.gov,false,""
2023-02-19T23:00:00.000000,USA,Midcontinent ISO,US-MIDW-MISO,395.76,461.15,38.04,18.55,eia.gov,false,""
2023-02-20T00:00:00.000000,USA,Midcontinent ISO,US-MIDW-MISO,406.95,472.95,36.82,17.86,eia.gov,false,""
2023-02-20T01:00:00.000000,USA,Midcontinent ISO,US-MIDW-MISO,419.32,486.33,35.22,16.11,eia.gov,false,""
2023-02-20T02:00:00.000000,USA,Midcontinent ISO,US-MIDW-MISO,424.33,492.14,34.29,14.57,eia.gov,false,""
2023-02-20T03:00:00.000000,USA,Midcontinent ISO,US-MIDW-MISO,423.21,491.31,34.18,14.1,eia.gov,false,""
2023-02-20T04:00:00.000000,USA,Midcontinent ISO,US-MIDW-MISO,414.93,482.29,35.19,14.22,eia.gov,false,""
2023-02-20T05:00:00.000000,USA,Midcontinent ISO,US-MIDW-MISO,396.57,462.76,37.26,15.3,eia.gov,false,""
2023-02-20T06:00:00.000000,USA,Midcontinent ISO,US-MIDW-MISO,387.72,453.5,38.11,15.18,eia.gov,false,""
2023-02-20T07:00:00.000000,USA,Midcontinent ISO,US-MIDW-MISO,390.65,456.47,37.85,14.79,eia.gov,false,""
2023-02-20T08:00:00.000000,USA,Midcontinent ISO,US-MIDW-MISO,385.55,451.05,38.39,15.43,eia.gov,false,""
2023-02-20T09:00:00.000000,USA,Midcontinent ISO,US-MIDW-MISO,375.79,440.34,39.68,17.26,eia.gov,false,""
2023-02-20T10:00:00.000000,USA,Midcontinent ISO,US-MIDW-MISO,383.63,447.7,39.45,18.52,eia.gov,false,""
2023-02-20T11:00:00.000000,USA,Midcontinent ISO,US-MIDW-MISO,390.95,454.88,39.07,20.0,eia.gov,false,""
2023-02-20T12:00:00.000000,USA,Midcontinent ISO,US-MIDW-MISO,379.37,442.14,40.84,23.13,eia.gov,false,""
2023-02-20T13:00:00.000000,USA,Midcontinent ISO,US-MIDW-MISO,381.87,444.35,40.87,23.64,eia.gov,false,""
2023-02-20T14:00:00.000000,USA,Midcontinent ISO,US-MIDW-MISO,386.85,449.82,40.27,23.21,eia.gov,false,""
2023-02-20T15:00:00.000000,USA,Midcontinent ISO,US-MIDW-MISO,384.46,447.15,40.71,23.59,eia.gov,false,""
2023-02-20T16:00:00.000000,USA,Midcontinent ISO,US-MIDW-MISO,381.34,444.08,40.85,23.45,eia.gov,false,""
2023-02-20T17:00:00.000000,USA,Midcontinent ISO,US-MIDW-MISO,378.74,441.15,41.2,23.86,eia.gov,false,""
2023-02-20T18:00:00.000000,USA,Midcontinent ISO,US-MIDW-MISO,372.18,433.43,42.4,25.06,eia.gov,false,""
2023-02-20T19:00:00.000000,USA,Midcontinent ISO,US-MIDW-MISO,367.85,428.79,42.87,25.44,eia.gov,false,""
2023-02-20T20:00:00.000000,USA,Midcontinent ISO,US-MIDW-MISO,368.87,429.92,42.69,25.35,eia.gov,false,""
2023-02-20T21:00:00.000000,USA,Midcontinent ISO,US-MIDW-MISO,367.25,428.28,42.81,25.6,eia.gov,false,""
2023-02-20T22:00:00.000000,USA,Midcontinent ISO,US-MIDW-MISO,357.69,418.17,43.76,26.8,eia.gov,false,""
2023-02-20T23:00:00.000000,USA,Midcontinent ISO,US-MIDW-MISO,356.91,417.0,44.08,27.81,eia.gov,false,""
2023-02-21T00:00:00.000000,USA,Midcontinent ISO,US-MIDW-MISO,360.65,420.73,43.81,27.98,eia.gov,false,""
2023-02-21T01:00:00.000000,USA,Midcontinent ISO,US-MIDW-MISO,358.29,418.01,44.13,27.9,eia.gov,false,""
2023-02-21T02:00:00.000000,USA,Midcontinent ISO,US-MIDW-MISO,343.88,402.57,45.73,29.09,eia.gov,false,""
2023-02-21T03:00:00.000000,USA,Midcontinent ISO,US-MIDW-MISO,331.79,389.87,46.93,29.7,eia.gov,false,""
2023-02-21T04:00:00.000000,USA,Midcontinent ISO,US-MIDW-MISO,318.6,375.63,48.47,30.44,eia.gov,false,""
2023-02-21T05:00:00.000000,USA,Midcontinent ISO,US-MIDW-MISO,309.85,365.22,50.17,31.61,eia.gov,false,""
2023-02-21T06:00:00.000000,USA,Midcontinent ISO,US-MIDW-MISO,302.32,356.72,51.33,32.39,eia.gov,false,""
2023-02-21T07:00:00.000000,USA,Midcontinent ISO,US-MIDW-MISO,303.71,358.11,51.25,31.96,eia.gov,false,""
2023-02-21T08:00:00.000000,USA,Midcontinent ISO,US-MIDW-MISO,310.92,367.0,49.65,29.95,eia.gov,false,""
2023-02-21T09:00:00.000000,USA,Midcontinent ISO,US-MIDW-MISO,317.15,374.69,48.27,28.1,eia.gov,false,""
2023-02-21T10:00:00.000000,USA,Midcontinent ISO,US-MIDW-MISO,337.67,400.17,43.57,23.72,eia.gov,false,""
2023-02-21T11:00:00.000000,USA,Midcontinent ISO,US-MIDW-MISO,367.56,434.28,38.8,20.26,eia.gov,false,""
2023-02-21T12:00:00.000000,USA,Midcontinent ISO,US-MIDW-MISO,388.58,456.35,36.89,19.97,eia.gov,false,""
2023-02-21T13:00:00.000000,USA,Midcontinent ISO,US-MIDW-MISO,409.54,478.57,34.65,17.9,eia.gov,false,""
2023-02-21T14:00:00.000000,USA,Midcontinent ISO,US-MIDW-MISO,408.57,478.03,34.47,16.94,eia.gov,false,""
2023-02-21T15:00:00.000000,USA,Midcontinent ISO,US-MIDW-MISO,395.68,464.66,35.72,17.8,eia.gov,false,""
2023-02-21T16:00:00.000000,USA,Midcontinent ISO,US-MIDW-MISO,384.44,452.8,36.87,19.04,eia.gov,false,""
2023-02-21T17:00:00.000000,USA,Midcontinent ISO,US-MIDW-MISO,388.28,456.52,36.66,18.91,eia.gov,false,""
2023-02-21T18:00:00.000000,USA,Midcontinent ISO,US-MIDW-MISO,377.76,444.17,38.6,20.87,eia.gov,false,""
2023-02-21T19:00:00.000000,USA,Midcontinent ISO,US-MIDW-MISO,366.38,431.09,40.48,23.12,eia.gov,false,""
2023-02-21T20:00:00.000000,USA,Midcontinent ISO,US-MIDW-MISO,357.55,421.32,41.65,24.39,eia.gov,false,""
2023-02-21T21:00:00.000000,USA,Midcontinent ISO,US-MIDW-MISO,355.96,419.05,42.16,25.39,eia.gov,false,""
2023-02-21T22:00:00.000000,USA,Midcontinent ISO,US-MIDW-MISO,358.47,421.36,42.14,25.95,eia.gov,false,""
2023-02-21T23:00:00.000000,USA,Midcontinent ISO,US-MIDW-MISO,369.7,433.42,40.9,25.38,eia.gov,false,""
2023-02-22T00:00:00.000000,USA,Midcontinent ISO,US-MIDW-MISO,386.65,451.37,39.06,23.97,eia.gov,false,""
2023-02-22T01:00:00.000000,USA,Midcontinent ISO,US-MIDW-MISO,384.09,448.04,39.67,23.88,eia.gov,false,""
2023-02-22T02:00:00.000000,USA,Midcontinent ISO,US-MIDW-MISO,377.26,440.32,40.63,24.05,eia.gov,false,""
2023-02-22T03:00:00.000000,USA,Midcontinent ISO,US-MIDW-MISO,353.45,414.46,43.58,25.99,eia.gov,false,""
2023-02-22T04:00:00.000000,USA,Midcontinent ISO,US-MIDW-MISO,336.03,395.62,45.65,27.54,eia.gov,false,""
2023-02-22T05:00:00.000000,USA,Midcontinent ISO,US-MIDW-MISO,329.29,387.89,46.75,28.38,eia.gov,false,""
2023-02-22T06:00:00.000000,USA,Midcontinent ISO,US-MIDW-MISO,323.47,381.11,47.78,28.86,eia.gov,false,""
2023-02-22T07:00:00.000000,USA,Midcontinent ISO,US-MIDW-MISO,323.56,380.87,47.99,29.13,eia.gov,false,""
2023-02-22T08:00:00.000000,USA,Midcontinent ISO,US-MIDW-MISO,320.12,376.17,49.07,30.02,eia.gov,false,""
2023-02-22T09:00:00.000000,USA,Midcontinent ISO,US-MIDW-MISO,317.85,373.05,49.79,30.49,eia.gov,false,""
2023-02-22T10:00:00.000000,USA,Midcontinent ISO,US-MIDW-MISO,315.63,370.13,50.41,31.61,eia.gov,false,""
2023-02-22T11:00:00.000000,USA,Midcontinent ISO,US-MIDW-MISO,321.26,378.44,48.26,30.52,eia.gov,false,""
2023-02-22T12:00:00.000000,USA,Midcontinent ISO,US-MIDW-MISO,329.07,387.76,46.78,30.36,eia.gov,false,""
2023-02-22T13:00:00.000000,USA,Midcontinent ISO,US-MIDW-MISO,329.57,387.72,47.13,31.24,eia.gov,false,""
2023-02-22T14:00:00.000000,USA,Midcontinent ISO,US-MIDW-MISO,338.07,397.31,45.82,30.14,eia.gov,false,""
2023-02-22T15:00:00.000000,USA,Midcontinent ISO,US-MIDW-MISO,344.46,404.42,44.91,29.41,eia.gov,false,""
2023-02-22T16:00:00.000000,USA,Midcontinent ISO,US-MIDW-MISO,348.89,408.92,44.56,29.34,eia.gov,false,""
2023-02-22T17:00:00.000000,USA,Midcontinent ISO,US-MIDW-MISO,346.95,406.85,44.76,29.58,eia.gov,false,""
2023-02-22T18:00:00.000000,USA,Midcontinent ISO,US-MIDW-MISO,337.24,396.84,45.63,30.13,eia.gov,false,""
2023-02-22T19:00:00.000000,USA,Midcontinent ISO,US-MIDW-MISO,338.97,399.05,45.2,29.76,eia.gov,false,""
2023-02-22T20:00:00.000000,USA,Midcontinent ISO,US-MIDW-MISO,339.08,399.52,44.95,29.36,eia.gov,false,""
2023-02-22T21:00:00.000000,USA,Midcontinent ISO,US-MIDW-MISO,350.68,412.21,43.41,27.8,eia.gov,false,""
2023-02-22T22:00:00.000000,USA,Midcontinent ISO,US-MIDW-MISO,366.21,428.66,41.75,26.29,eia.gov,false,""
2023-02-22T23:00:00.000000,USA,Midcontinent ISO,US-MIDW-MISO,371.73,434.29,41.36,26.12,eia.gov,false,""
2023-02-23T00:00:00.000000,USA,Midcontinent ISO,US-MIDW-MISO,374.7,437.6,40.9,25.73,eia.gov,false,""
2023-02-23T01:00:00.000000,USA,Midcontinent ISO,US-MIDW-MISO,381.6,445.19,39.92,24.54,eia.gov,false,""
2023-02-23T02:00:00.000000,USA,Midcontinent ISO,US-MIDW-MISO,378.91,441.92,40.45,24.55,eia.gov,false,""
2023-02-23T03:00:00.000000,USA,Midcontinent ISO,US-MIDW-MISO,369.27,431.72,41.47,24.79,eia.gov,false,""
2023-02-23T04:00:00.000000,USA,Midcontinent ISO,US-MIDW-MISO,369.54,432.12,41.35,23.58,eia.gov,false,""
2023-02-23T05:00:00.000000,USA,Midcontinent ISO,US-MIDW-MISO,362.95,424.99,42.18,23.3,eia.gov,false,""
2023-02-23T06:00:00.000000,USA,Midcontinent ISO,US-MIDW-MISO,350.76,412.2,43.41,23.29,eia.gov,false,""
2023-02-23T07:00:00.000000,USA,Midcontinent ISO,US-MIDW-MISO,347.39,408.57,43.81,23.28,eia.gov,false,""
2023-02-23T08:00:00.000000,USA,Midcontinent ISO,US-MIDW-MISO,348.51,409.93,43.57,22.9,eia.gov,false,""
2023-02-23T09:00:00.000000,USA,Midcontinent ISO,US-MIDW-MISO,362.43,425.69,41.43,20.82,eia.gov,false,""
2023-02-23T10:00:00.000000,USA,Midcontinent ISO,US-MIDW-MISO,363.96,427.23,41.33,21.12,eia.gov,false,""
2023-02-23T11:00:00.000000,USA,Midcontinent ISO,US-MIDW-MISO,376.31,440.58,39.84,20.86,eia.gov,false,""
2023-02-23T12:00:00.000000,USA,Midcontinent ISO,US-MIDW-MISO,396.29,462.32,37.36,19.6,eia.gov,false,""
2023-02-23T13:00:00.000000,USA,Midcontinent ISO,US-MIDW-MISO,402.17,467.83,37.22,19.65,eia.gov,false,""
2023-02-23T14:00:00.000000,USA,Midcontinent ISO,US-MIDW-MISO,395.42,460.84,37.89,20.38,eia.gov,false,""
2023-02-23T15:00:00.000000,USA,Midcontinent ISO,US-MIDW-MISO,381.91,446.65,39.3,21.73,eia.gov,false,""
2023-02-23T16:00:00.000000,USA,Midcontinent ISO,US-MIDW-MISO,379.13,443.91,39.49,21.93,eia.gov,false,""
2023-02-23T17:00:00.000000,USA,Midcontinent ISO,US-MIDW-MISO,370.71,435.55,40.03,22.38,eia.gov,false,""
2023-02-23T18:00:00.000000,USA,Midcontinent ISO,US-MIDW-MISO,369.98,434.94,40.02,22.49,eia.gov,false,""
2023-02-23T19:00:00.000000,USA,Midcontinent ISO,US-MIDW-MISO,369.37,434.46,39.98,22.37,eia.gov,false,""
2023-02-23T20:00:00.000000,USA,Midcontinent ISO,US-MIDW-MISO,373.1,438.07,39.78,22.34,eia.gov,false,""
2023-02-23T21:00:00.000000,USA,Midcontinent ISO,US-MIDW-MISO,378.01,442.9,39.47,22.18,eia.gov,false,""
2023-02-23T22:00:00.000000,USA,Midcontinent ISO,US-MIDW-MISO,381.85,446.92,39.07,22.24,eia.gov,false,""
2023-02-23T23:00:00.000000,USA,Midcontinent ISO,US-MIDW-MISO,382.33,447.37,39.09,22.55,eia.gov,false,""
2023-02-24T00:00:00.000000,USA,Midcontinent ISO,US-MIDW-MISO,388.46,453.66,38.54,22.45,eia.gov,false,""
2023-02-24T01:00:00.000000,USA,Midcontinent ISO,US-MIDW-MISO,385.5,450.97,38.5,22.11,eia.gov,false,""
2023-02-24T02:00:00.000000,USA,Midcontinent ISO,US-MIDW-MISO,389.79,455.97,37.67,20.88,eia.gov,false,""
2023-02-24T03:00:00.000000,USA,Midcontinent ISO,US-MIDW-MISO,385.44,451.76,37.82,20.38,eia.gov,false,""
2023-02-24T04:00:00.000000,USA,Midcontinent ISO,US-MIDW-MISO,389.99,456.68,37.27,19.18,eia.gov,false,""
2023-02-24T05:00:00.000000,USA,Midcontinent ISO,US-MIDW-MISO,402.16,469.46,36.03,17.31,eia.gov,false,""
2023-02-24T06:00:00.000000,USA,Midcontinent ISO,US-MIDW-MISO,408.95,477.11,35.02,15.54,eia.gov,false,""
2023-02-24T07:00:00.000000,USA,Midcontinent ISO,US-MIDW-MISO,426.83,496.05,33.12,13.47,eia.gov,false,""
2023-02-24T08:00:00.000000,USA,Midcontinent ISO,US-MIDW-MISO,433.37,503.23,32.29,12.6,eia.gov,false,""
2023-02-24T09:00:00.000000,USA,Midcontinent ISO,US-MIDW-MISO,430.98,503.13,30.93,10.94,eia.gov,false,""
2023-02-24T10:00:00.000000,USA,Midcontinent ISO,US-MIDW-MISO,445.78,519.99,28.56,9.28,eia.gov,false,""
2023-02-24T11:00:00.000000,USA,Midcontinent ISO,US-MIDW-MISO,452.39,529.15,26.44,8.24,eia.gov,false,""
2023-02-24T12:00:00.000000,USA,Midcontinent ISO,US-MIDW-MISO,456.92,533.84,26.22,9.35,eia.gov,false,""
2023-02-24T13:00:00.000000,USA,Midcontinent ISO,US-MIDW-MISO,454.09,530.69,26.69,9.95,eia.gov,false,""
2023-02-24T14:00:00.000000,USA,Midcontinent ISO,US-MIDW-MISO,451.21,528.03,26.77,9.68,eia.gov,false,""
2023-02-24T15:00:00.000000,USA,Midcontinent ISO,US-MIDW-MISO,451.86,529.26,26.38,9.18,eia.gov,false,""
2023-02-24T16:00:00.000000,USA,Midcontinent ISO,US-MIDW-MISO,455.09,534.36,24.86,7.83,eia.gov,false,""
2023-02-24T17:00:00.000000,USA,Midcontinent ISO,US-MIDW-MISO,460.74,540.37,24.24,7.4,eia.gov,false,""
2023-02-24T18:00:00.000000,USA,Midcontinent ISO,US-MIDW-MISO,458.62,538.0,24.59,7.44,eia.gov,false,""
2023-02-24T19:00:00.000000,USA,Midcontinent ISO,US-MIDW-MISO,452.24,532.28,24.54,7.17,eia.gov,false,""
2023-02-24T20:00:00.000000,USA,Midcontinent ISO,US-MIDW-MISO,452.65,532.87,24.38,7.04,eia.gov,false,""
2023-02-24T21:00:00.000000,USA,Midcontinent ISO,US-MIDW-MISO,459.51,539.44,24.08,7.04,eia.gov,false,""
2023-02-24T22:00:00.000000,USA,Midcontinent ISO,US-MIDW-MISO,469.7,550.24,22.88,6.54,eia.gov,false,""
2023-02-24T23:00:00.000000,USA,Midcontinent ISO,US-MIDW-MISO,462.86,541.96,24.41,8.92,eia.gov,false,""
2023-02-25T00:00:00.000000,USA,Midcontinent ISO,US-MIDW-MISO,459.62,538.4,24.88,9.76,eia.gov,false,""
2023-02-25T01:00:00.000000,USA,Midcontinent ISO,US-MIDW-MISO,464.15,542.43,24.81,9.13,eia.gov,false,""
2023-02-25T02:00:00.000000,USA,Midcontinent ISO,US-MIDW-MISO,464.26,542.16,24.94,8.74,eia.gov,false,""
2023-02-25T03:00:00.000000,USA,Midcontinent ISO,US-MIDW-MISO,451.88,527.76,27.09,10.51,eia.gov,false,""
2023-02-25T04:00:00.000000,USA,Midcontinent ISO,US-MIDW-MISO,445.87,520.36,28.34,11.14,eia.gov,false,""
2023-02-25T05:00:00.000000,USA,Midcontinent ISO,US-MIDW-MISO,439.16,512.1,29.83,12.39,eia.gov,false,""
2023-02-25T06:00:00.000000,USA,Midcontinent ISO,US-MIDW-MISO,434.56,507.47,30.15,12.28,eia.gov,false,""
2023-02-25T07:00:00.000000,USA,Midcontinent ISO,US-MIDW-MISO,425.04,497.62,30.99,12.58,eia.gov,false,""
2023-02-25T08:00:00.000000,USA,Midcontinent ISO,US-MIDW-MISO,424.5,496.47,31.42,13.27,eia.gov,false,""
2023-02-25T09:00:00.000000,USA,Midcontinent ISO,US-MIDW-MISO,411.99,482.98,32.91,14.66,eia.gov,false,""
2023-02-25T10:00:00.000000,USA,Midcontinent ISO,US-MIDW-MISO,414.99,485.88,32.76,14.88,eia.gov,false,""
2023-02-25T11:00:00.000000,USA,Midcontinent ISO,US-MIDW-MISO,411.63,482.22,33.23,15.5,eia.gov,false,""
2023-02-25T12:00:00.000000,USA,Midcontinent ISO,US-MIDW-MISO,399.78,469.11,35.04,17.93,eia.gov,false,""
2023-02-25T13:00:00.000000,USA,Midcontinent ISO,US-MIDW-MISO,395.57,465.03,35.26,18.46,eia.gov,false,""
2023-02-25T14:00:00.000000,USA,Midcontinent ISO,US-MIDW-MISO,393.25,462.2,35.79,19.33,eia.gov,false,""
2023-02-25T15:00:00.000000,USA,Midcontinent ISO,US-MIDW-MISO,393.63,462.29,35.99,19.67,eia.gov,false,""
2023-02-25T16:00:00.000000,USA,Midcontinent ISO,US-MIDW-MISO,390.63,459.04,36.34,20.19,eia.gov,false,""
2023-02-25T17:00:00.000000,USA,Midcontinent ISO,US-MIDW-MISO,383.5,450.72,37.61,21.56,eia.gov,false,""
2023-02-25T18:00:00.000000,USA,Midcontinent ISO,US-MIDW-MISO,380.05,446.47,38.38,22.18,eia.gov,false,""
2023-02-25T19:00:00.000000,USA,Midcontinent ISO,US-MIDW-MISO,371.66,437.13,39.59,23.37,eia.gov,false,""
2023-02-25T20:00:00.000000,USA,Midcontinent ISO,US-MIDW-MISO,368.38,433.68,39.92,23.51,eia.gov,false,""
2023-02-25T21:00:00.000000,USA,Midcontinent ISO,US-MIDW-MISO,371.54,437.13,39.51,22.91,eia.gov,false,""
2023-02-25T22:00:00.000000,USA,Midcontinent ISO,US-MIDW-MISO,398.83,466.28,36.36,20.17,eia.gov,false,""
2023-02-25T23:00:00.000000,USA,Midcontinent ISO,US-MIDW-MISO,424.13,493.6,33.24,17.68,eia.gov,false,""
2023-02-26T00:00:00.000000,USA,Midcontinent ISO,US-MIDW-MISO,421.6,490.23,33.94,18.52,eia.gov,false,""
2023-02-26T01:00:00.000000,USA,Midcontinent ISO,US-MIDW-MISO,407.44,474.36,35.99,20.16,eia.gov,false,""
2023-02-26T02:00:00.000000,USA,Midcontinent ISO,US-MIDW-MISO,394.3,460.26,37.5,21.35,eia.gov,false,""
2023-02-26T03:00:00.000000,USA,Midcontinent ISO,US-MIDW-MISO,376.15,441.08,39.4,22.54,eia.gov,false,""
2023-02-26T04:00:00.000000,USA,Midcontinent ISO,US-MIDW-MISO,381.62,448.1,37.95,20.55,eia.gov,false,""
2023-02-26T05:00:00.000000,USA,Midcontinent ISO,US-MIDW-MISO,384.03,450.86,37.56,19.67,eia.gov,false,""
2023-02-26T06:00:00.000000,USA,Midcontinent ISO,US-MIDW-MISO,392.22,459.87,36.46,18.14,eia.gov,false,""
2023-02-26T07:00:00.000000,USA,Midcontinent ISO,US-MIDW-MISO,403.57,472.18,35.08,16.28,eia.gov,false,""
2023-02-26T08:00:00.000000,USA,Midcontinent ISO,US-MIDW-MISO,411.09,480.16,34.28,15.23,eia.gov,false,""
2023-02-26T09:00:00.000000,USA,Midcontinent ISO,US-MIDW-MISO,418.86,488.67,33.28,14.02,eia.gov,false,""
2023-02-26T10:00:00.000000,USA,Midcontinent ISO,US-MIDW-MISO,422.89,492.89,32.88,13.44,eia.gov,false,""
2023-02-26T11:00:00.000000,USA,Midcontinent ISO,US-MIDW-MISO,406.89,475.96,34.63,15.39,eia.gov,false,""
2023-02-26T12:00:00.000000,USA,Midcontinent ISO,US-MIDW-MISO,413.41,482.02,34.53,16.39,eia.gov,false,""
2023-02-26T13:00:00.000000,USA,Midcontinent ISO,US-MIDW-MISO,413.8,481.52,35.11,17.5,eia.gov,false,""
2023-02-26T14:00:00.000000,USA,Midcontinent ISO,US-MIDW-MISO,400.32,466.05,37.53,20.15,eia.gov,false,""
2023-02-26T15:00:00.000000,USA,Midcontinent ISO,US-MIDW-MISO,391.92,456.78,38.7,21.01,eia.gov,false,""
2023-02-26T16:00:00.000000,USA,Midcontinent ISO,US-MIDW-MISO,393.24,457.34,39.15,21.23,eia.gov,false,""
2023-02-26T17:00:00.000000,USA,Midcontinent ISO,US-MIDW-MISO,377.19,439.36,41.52,23.4,eia.gov,false,""
2023-02-26T18:00:00.000000,USA,Midcontinent ISO,US-MIDW-MISO,354.38,415.52,43.73,25.51,eia.gov,false,""
2023-02-26T19:00:00.000000,USA,Midcontinent ISO,US-MIDW-MISO,335.88,395.97,45.66,27.28,eia.gov,false,""
2023-02-26T20:00:00.000000,USA,Midcontinent ISO,US-MIDW-MISO,332.12,391.92,46.08,27.77,eia.gov,false,""
2023-02-26T21:00:00.000000,USA,Midcontinent ISO,US-MIDW-MISO,330.16,389.2,46.68,28.55,eia.gov,false,""
2023-02-26T22:00:00.000000,USA,Midcontinent ISO,US-MIDW-MISO,332.92,391.79,46.47,28.8,eia.gov,false,""
2023-02-26T23:00:00.000000,USA,Midcontinent ISO,US-MIDW-MISO,335.97,394.44,46.55,29.81,eia.gov,false,""
2023-02-27T00:00:00.000000,USA,Midcontinent ISO,US-MIDW-MISO,347.99,406.91,45.42,29.37,eia.gov,false,""
2023-02-27T01:00:00.000000,USA,Midcontinent ISO,US-MIDW-MISO,346.78,404.94,45.97,29.82,eia.gov,false,""
2023-02-27T02:00:00.000000,USA,Midcontinent ISO,US-MIDW-MISO,340.85,398.24,46.79,30.16,eia.gov,false,""
2023-02-27T03:00:00.000000,USA,Midcontinent ISO,US-MIDW-MISO,332.43,389.0,47.89,30.62,eia.gov,false,""
2023-02-27T04:00:00.000000,USA,Midcontinent ISO,US-MIDW-MISO,329.33,386.06,47.95,30.0,eia.gov,false,""
2023-02-27T05:00:00.000000,USA,Midcontinent ISO,US-MIDW-MISO,333.99,390.95,47.5,29.05,eia.gov,false,""
2023-02-27T06:00:00.000000,USA,Midcontinent ISO,US-MIDW-MISO,330.47,387.48,47.7,28.45,eia.gov,false,""
2023-02-27T07:00:00.000000,USA,Midcontinent ISO,US-MIDW-MISO,317.34,372.75,49.66,29.91,eia.gov,false,""
2023-02-27T08:00:00.000000,USA,Midcontinent ISO,US-MIDW-MISO,321.75,378.45,48.5,28.64,eia.gov,false,""
2023-02-27T09:00:00.000000,USA,Midcontinent ISO,US-MIDW-MISO,322.85,379.81,48.24,28.69,eia.gov,false,""
2023-02-27T10:00:00.000000,USA,Midcontinent ISO,US-MIDW-MISO,331.01,389.12,46.94,28.02,eia.gov,false,""
2023-02-27T11:00:00.000000,USA,Midcontinent ISO,US-MIDW-MISO,336.29,395.36,46.0,28.24,eia.gov,false,""
2023-02-27T12:00:00.000000,USA,Midcontinent ISO,US-MIDW-MISO,344.0,403.31,45.48,29.14,eia.gov,false,""
2023-02-27T13:00:00.000000,USA,Midcontinent ISO,US-MIDW-MISO,356.07,415.55,44.54,28.5,eia.gov,false,""
2023-02-27T14:00:00.000000,USA,Midcontinent ISO,US-MIDW-MISO,351.93,410.71,45.29,29.17,eia.gov,false,""
2023-02-27T15:00:00.000000,USA,Midcontinent ISO,US-MIDW-MISO,343.6,401.82,46.19,29.8,eia.gov,false,""
2023-02-27T16:00:00.000000,USA,Midcontinent ISO,US-MIDW-MISO,333.67,390.73,47.64,31.18,eia.gov,false,""
2023-02-27T17:00:00.000000,USA,Midcontinent ISO,US-MIDW-MISO,328.8,384.91,48.6,32.13,eia.gov,false,""
2023-02-27T18:00:00.000000,USA,Midcontinent ISO,US-MIDW-MISO,323.47,379.19,49.21,32.76,eia.gov,false,""
2023-02-27T19:00:00.000000,USA,Midcontinent ISO,US-MIDW-MISO,315.41,371.08,49.8,33.54,eia.gov,false,""
2023-02-27T20:00:00.000000,USA,Midcontinent ISO,US-MIDW-MISO,318.58,374.76,49.23,32.98,eia.gov,false,""
2023-02-27T21:00:00.000000,USA,Midcontinent ISO,US-MIDW-MISO,320.27,376.34,49.16,32.98,eia.gov,false,""
2023-02-27T22:00:00.000000,USA,Midcontinent ISO,US-MIDW-MISO,330.67,387.44,47.97,32.01,eia.gov,false,""
2023-02-27T23:00:00.000000,USA,Midcontinent ISO,US-MIDW-MISO,336.73,393.73,47.54,31.91,eia.gov,false,""
2023-02-28T00:00:00.000000,USA,Midcontinent ISO,US-MIDW-MISO,343.3,401.07,46.59,30.98,eia.gov,false,""
2023-02-28T01:00:00.000000,USA,Midcontinent ISO,US-MIDW-MISO,344.26,401.9,46.53,30.6,eia.gov,false,""
2023-02-28T02:00:00.000000,USA,Midcontinent ISO,US-MIDW-MISO,344.49,402.49,46.15,29.56,eia.gov,false,""
2023-02-28T03:00:00.000000,USA,Midcontinent ISO,US-MIDW-MISO,343.07,401.2,46.14,28.76,eia.gov,false,""
2023-02-28T04:00:00.000000,USA,Midcontinent ISO,US-MIDW-MISO,352.84,412.3,44.57,26.33,eia.gov,false,""
2023-02-28T05:00:00.000000,USA,Midcontinent ISO,US-MIDW-MISO,365.85,426.78,42.74,23.82,eia.gov,false,""
2023-02-28T06:00:00.000000,USA,Midcontinent ISO,US-MIDW-MISO,359.15,421.88,42.01,21.3,eia.gov,false,""
2023-02-28T07:00:00.000000,USA,Midcontinent ISO,US-MIDW-MISO,364.39,428.98,40.41,19.16,eia.gov,false,""
2023-02-28T08:00:00.000000,USA,Midcontinent ISO,US-MIDW-MISO,367.09,432.35,39.79,18.33,eia.gov,false,""
2023-02-28T09:00:00.000000,USA,Midcontinent ISO,US-MIDW-MISO,374.64,441.77,38.08,16.66,eia.gov,false,""
2023-02-28T10:00:00.000000,USA,Midcontinent ISO,US-MIDW-MISO,389.02,457.63,36.21,15.58,eia.gov,false,""
2023-02-28T11:00:00.000000,USA,Midcontinent ISO,US-MIDW-MISO,407.1,477.91,33.62,14.21,eia.gov,false,""
2023-02-28T12:00:00.000000,USA,Midcontinent ISO,US-MIDW-MISO,418.96,489.99,32.82,15.12,eia.gov,false,""
2023-02-28T13:00:00.000000,USA,Midcontinent ISO,US-MIDW-MISO,427.42,498.59,32.22,15.03,eia.gov,false,""
2023-02-28T14:00:00.000000,USA,Midcontinent ISO,US-MIDW-MISO,420.02,490.28,33.44,16.31,eia.gov,false,""
2023-02-28T15:00:00.000000,USA,Midcontinent ISO,US-MIDW-MISO,426.1,496.73,32.76,15.61,eia.gov,false,""
2023-02-28T16:00:00.000000,USA,Midcontinent ISO,US-MIDW-MISO,431.19,501.53,32.55,15.49,eia.gov,false,""
2023-02-28T17:00:00.000000,USA,Midcontinent ISO,US-MIDW-MISO,424.38,493.53,33.75,16.43,eia.gov,false,""
2023-02-28T18:00:00.000000,USA,Midcontinent ISO,US-MIDW-MISO,411.97,479.43,35.71,18.43,eia.gov,false,""
2023-02-28T19:00:00.000000,USA,Midcontinent ISO,US-MIDW-MISO,401.58,468.12,37.02,19.67,eia.gov,false,""
2023-02-28T20:00:00.000000,USA,Midcontinent ISO,US-MIDW-MISO,393.8,460.49,37.43,20.12,eia.gov,false,""
2023-02-28T21:00:00.000000,USA,Midcontinent ISO,US-MIDW-MISO,393.22,460.05,37.33,20.21,eia.gov,false,""
2023-02-28T22:00:00.000000,USA,Midcontinent ISO,US-MIDW-MISO,391.2,457.28,37.93,20.99,eia.gov,false,""
2023-02-28T23:00:00.000000,USA,Midcontinent ISO,US-MIDW-MISO,397.07,463.03,37.51,21.12,eia.gov,false,""
2023-03-01T00:00:00.000000,USA,Midcontinent ISO,US-MIDW-MISO,397.71,462.59,38.14,22.47,eia.gov,false,""
2023-03-01T01:00:00.000000,USA,Midcontinent ISO,US-MIDW-MISO,399.51,463.91,38.27,22.28,eia.gov,false,""
2023-03-01T02:00:00.000000,USA,Midcontinent ISO,US-MIDW-MISO,392.7,456.5,39.08,22.38,eia.gov,false,""
2023-03-01T03:00:00.000000,USA,Midcontinent ISO,US-MIDW-MISO,377.63,441.02,40.35,22.98,eia.gov,false,""
2023-03-01T04:00:00.000000,USA,Midcontinent ISO,US-MIDW-MISO,366.14,428.75,41.6,23.54,eia.gov,false,""
2023-03-01T05:00:00.000000,USA,Midcontinent ISO,US-MIDW-MISO,358.65,419.88,43.04,24.17,eia.gov,false,""
2023-03-01T06:00:00.000000,USA,Midcontinent ISO,US-MIDW-MISO,358.18,419.21,43.18,24.08,eia.gov,false,""
2023-03-01T07:00:00.000000,USA,Midcontinent ISO,US-MIDW-MISO,354.54,416.28,42.96,23.06,eia.gov,false,""
2023-03-01T08:00:00.000000,USA,Midcontinent ISO,US-MIDW-MISO,356.83,419.12,42.44,22.32,eia.gov,false,""
2023-03-01T09:00:00.000000,USA,Midcontinent ISO,US-MIDW-MISO,359.0,420.93,42.54,22.44,eia.gov,false,""
2023-03-01T10:00:00.000000,USA,Midcontinent ISO,US-MIDW-MISO,364.37,425.92,42.45,23.0,eia.gov,false,""
2023-03-01T11:00:00.000000,USA,Midcontinent ISO,US-MIDW-MISO,368.91,430.26,42.36,24.03,eia.gov,false,""
2023-03-01T12:00:00.000000,USA,Midcontinent ISO,US-MIDW-MISO,374.33,435.57,42.18,25.41,eia.gov,false,""
2023-03-01T13:00:00.000000,USA,Midcontinent ISO,US-MIDW-MISO,387.93,449.92,40.75,24.25,eia.gov,false,""
2023-03-01T14:00:00.000000,USA,Midcontinent ISO,US-MIDW-MISO,386.42,448.5,40.81,23.96,eia.gov,false,""
2023-03-01T15:00:00.000000,USA,Midcontinent ISO,US-MIDW-MISO,382.22,444.32,41.11,24.14,eia.gov,false,""
2023-03-01T16:00:00.000000,USA,Midcontinent ISO,US-MIDW-MISO,373.0,434.68,42.05,24.88,eia.gov,false,""
2023-03-01T17:00:00.000000,USA,Midcontinent ISO,US-MIDW-MISO,362.82,423.51,43.42,26.07,eia.gov,false,""
2023-03-01T18:00:00.000000,USA,Midcontinent ISO,US-MIDW-MISO,358.03,418.46,43.94,26.72,eia.gov,false,""
2023-03-01T19:00:00.000000,USA,Midcontinent ISO,US-MIDW-MISO,356.64,417.26,43.9,26.61,eia.gov,false,""
2023-03-01T20:00:00.000000,USA,Midcontinent ISO,US-MIDW-MISO,356.67,416.76,44.23,26.94,eia.gov,false,""
2023-03-01T21:00:00.000000,USA,Midcontinent ISO,US-MIDW-MISO,357.67,418.63,43.53,26.41,eia.gov,false,""
2023-03-01T22:00:00.000000,USA,Midcontinent ISO,US-MIDW-MISO,362.63,423.64,43.22,26.56,eia.gov,false,""
2023-03-01T23:00:00.000000,USA,Midcontinent ISO,US-MIDW-MISO,367.69,428.74,42.87,26.62,eia.gov,false,""
2023-03-02T00:00:00.000000,USA,Midcontinent ISO,US-MIDW-MISO,385.82,447.98,40.89,24.98,eia.gov,false,""
2023-03-02T01:00:00.000000,USA,Midcontinent ISO,US-MIDW-MISO,408.63,472.82,37.88,21.6,eia.gov,false,""
2023-03-02T02:00:00.000000,USA,Midcontinent ISO,US-MIDW-MISO,405.87,469.86,38.14,21.24,eia.gov,false,""
2023-03-02T03:00:00.000000,USA,Midcontinent ISO,US-MIDW-MISO,388.78,452.22,39.62,21.91,eia.gov,false,""
2023-03-02T04:00:00.000000,USA,Midcontinent ISO,US-MIDW-MISO,387.21,451.02,39.44,21.03,eia.gov,false,""
2023-03-02T05:00:00.000000,USA,Midcontinent ISO,US-MIDW-MISO,376.13,438.77,40.95,21.61,eia.gov,false,""
2023-03-02T06:00:00.000000,USA,Midcontinent ISO,US-MIDW-MISO,364.76,427.83,41.43,20.61,eia.gov,false,""
2023-03-02T07:00:00.000000,USA,Midcontinent ISO,US-MIDW-MISO,365.95,430.27,40.51,19.45,eia.gov,false,""
2023-03-02T08:00:00.000000,USA,Midcontinent ISO,US-MIDW-MISO,364.25,428.93,40.38,19.02,eia.gov,false,""
2023-03-02T09:00:00.000000,USA,Midcontinent ISO,US-MIDW-MISO,372.74,438.96,38.8,17.34,eia.gov,false,""
2023-03-02T10:00:00.000000,USA,Midcontinent ISO,US-MIDW-MISO,404.87,473.94,34.74,14.28,eia.gov,false,""
2023-03-02T11:00:00.000000,USA,Midcontinent ISO,US-MIDW-MISO,428.5,499.5,31.99,12.83,eia.gov,false,""
2023-03-02T12:00:00.000000,USA,Midcontinent ISO,US-MIDW-MISO,438.63,511.11,30.49,12.95,eia.gov,false,""
2023-03-02T13:00:00.000000,USA,Midcontinent ISO,US-MIDW-MISO,450.08,523.39,29.2,11.99,eia.gov,false,""
2023-03-02T14:00:00.000000,USA,Midcontinent ISO,US-MIDW-MISO,449.75,523.54,28.94,11.75,eia.gov,false,""
2023-03-02T15:00:00.000000,USA,Midcontinent ISO,US-MIDW-MISO,448.8,522.74,28.91,11.61,eia.gov,false,""
2023-03-02T16:00:00.000000,USA,Midcontinent ISO,US-MIDW-MISO,447.61,521.18,29.28,11.99,eia.gov,false,""
2023-03-02T17:00:00.000000,USA,Midcontinent ISO,US-MIDW-MISO,444.82,517.49,30.05,12.66,eia.gov,false,""
2023-03-02T18:00:00.000000,USA,Midcontinent ISO,US-MIDW-MISO,447.24,520.05,29.75,12.36,eia.gov,false,""
2023-03-02T19:00:00.000000,USA,Midcontinent ISO,US-MIDW-MISO,442.5,514.49,30.61,13.25,eia.gov,false,""
2023-03-02T20:00:00.000000,USA,Midcontinent ISO,US-MIDW-MISO,442.43,514.89,30.29,12.72,eia.gov,false,""
2023-03-02T21:00:00.000000,USA,Midcontinent ISO,US-MIDW-MISO,444.02,516.59,30.08,12.6,eia.gov,false,""
2023-03-02T22:00:00.000000,USA,Midcontinent ISO,US-MIDW-MISO,448.38,521.39,29.43,12.47,eia.gov,false,""
2023-03-02T23:00:00.000000,USA,Midcontinent ISO,US-MIDW-MISO,447.44,519.87,29.82,13.2,eia.gov,false,""
2023-03-03T00:00:00.000000,USA,Midcontinent ISO,US-MIDW-MISO,439.37,510.5,31.2,15.09,eia.gov,false,""
2023-03-03T01:00:00.000000,USA,Midcontinent ISO,US-MIDW-MISO,417.63,486.62,34.07,17.44,eia.gov,false,""
2023-03-03T02:00:00.000000,USA,Midcontinent ISO,US-MIDW-MISO,407.06,474.18,35.93,18.92,eia.gov,false,""
2023-03-03T03:00:00.000000,USA,Midcontinent ISO,US-MIDW-MISO,389.85,454.96,38.4,20.89,eia.gov,false,""
2023-03-03T04:00:00.000000,USA,Midcontinent ISO,US-MIDW-MISO,380.4,445.12,39.25,21.32,eia.gov,false,""
2023-03-03T05:00:00.000000,USA,Midcontinent ISO,US-MIDW-MISO,379.28,443.49,39.65,21.02,eia.gov,false,""
2023-03-03T06:00:00.000000,USA,Midcontinent ISO,US-MIDW-MISO,363.87,426.87,41.48,22.45,eia.gov,false,""
2023-03-03T07:00:00.000000,USA,Midcontinent ISO,US-MIDW-MISO,353.71,415.98,42.68,23.19,eia.gov,false,""
2023-03-03T08:00:00.000000,USA,Midcontinent ISO,US-MIDW-MISO,360.16,423.55,41.51,21.81,eia.gov,false,""
2023-03-03T09:00:00.000000,USA,Midcontinent ISO,US-MIDW-MISO,374.63,439.2,39.76,20.0,eia.gov,false,""
2023-03-03T10:00:00.000000,USA,Midcontinent ISO,US-MIDW-MISO,382.58,447.95,38.72,19.5,eia.gov,false,""
2023-03-03T11:00:00.000000,USA,Midcontinent ISO,US-MIDW-MISO,390.79,457.49,37.37,19.29,eia.gov,false,""
2023-03-03T12:00:00.000000,USA,Midcontinent ISO,US-MIDW-MISO,407.0,474.34,35.96,19.24,eia.gov,false,""
2023-03-03T13:00:00.000000,USA,Midcontinent ISO,US-MIDW-MISO,415.2,482.77,35.28,19.17,eia.gov,false,""
2023-03-03T14:00:00.000000,USA,Midcontinent ISO,US-MIDW-MISO,423.13,491.14,34.44,18.37,eia.gov,false,""
2023-03-03T15:00:00.000000,USA,Midcontinent ISO,US-MIDW-MISO,431.58,500.63,33.2,17.04,eia.gov,false,""
2023-03-03T16:00:00.000000,USA,Midcontinent ISO,US-MIDW-MISO,423.49,491.88,34.24,17.63,eia.gov,false,""
2023-03-03T17:00:00.000000,USA,Midcontinent ISO,US-MIDW-MISO,427.38,495.97,33.81,17.22,eia.gov,false,""
2023-03-03T18:00:00.000000,USA,Midcontinent ISO,US-MIDW-MISO,427.95,496.5,33.79,17.27,eia.gov,false,""
2023-03-03T19:00:00.000000,USA,Midcontinent ISO,US-MIDW-MISO,426.9,495.51,33.81,17.3,eia.gov,false,""
2023-03-03T20:00:00.000000,USA,Midcontinent ISO,US-MIDW-MISO,428.71,497.4,33.63,17.14,eia.gov,false,""
2023-03-03T21:00:00.000000,USA,Midcontinent ISO,US-MIDW-MISO,429.0,497.71,33.59,17.15,eia.gov,false,""
2023-03-03T22:00:00.000000,USA,Midcontinent ISO,US-MIDW-MISO,433.04,501.99,33.18,16.96,eia.gov,false,""
2023-03-03T23:00:00.000000,USA,Midcontinent ISO,US-MIDW-MISO,434.29,503.32,32.99,16.97,eia.gov,false,""
2023-03-04T00:00:00.000000,USA,Midcontinent ISO,US-MIDW-MISO,435.19,504.76,32.58,16.63,eia.gov,false,""
2023-03-04T01:00:00.000000,USA,Midcontinent ISO,US-MIDW-MISO,434.99,504.54,32.48,16.13,eia.gov,false,""
2023-03-04T02:00:00.000000,USA,Midcontinent ISO,US-MIDW-MISO,433.45,502.04,33.17,16.26,eia.gov,false,""
2023-03-04T03:00:00.000000,USA,Midcontinent ISO,US-MIDW-MISO,428.26,495.88,34.17,16.7,eia.gov,false,""
2023-03-04T04:00:00.000000,USA,Midcontinent ISO,US-MIDW-MISO,422.98,489.93,34.96,16.83,eia.gov,false,""
2023-03-04T05:00:00.000000,USA,Midcontinent ISO,US-MIDW-MISO,413.12,479.15,36.23,17.34,eia.gov,false,""
2023-03-04T06:00:00.000000,USA,Midcontinent ISO,US-MIDW-MISO,414.87,481.46,35.69,16.19,eia.gov,false,""
2023-03-04T07:00:00.000000,USA,Midcontinent ISO,US-MIDW-MISO,416.01,482.44,35.72,16.03,eia.gov,false,""
2023-03-04T08:00:00.000000,USA,Midcontinent ISO,US-MIDW-MISO,418.21,485.29,35.14,14.92,eia.gov,false,""
2023-03-04T09:00:00.000000,USA,Midcontinent ISO,US-MIDW-MISO,426.59,494.63,33.96,13.71,eia.gov,false,""
2023-03-04T10:00:00.000000,USA,Midcontinent ISO,US-MIDW-MISO,424.79,493.35,33.79,13.49,eia.gov,false,""
2023-03-04T11:00:00.000000,USA,Midcontinent ISO,US-MIDW-MISO,434.74,505.41,31.72,12.08,eia.gov,false,""
2023-03-04T12:00:00.000000,USA,Midcontinent ISO,US-MIDW-MISO,443.43,515.3,30.39,11.3,eia.gov,false,""
2023-03-04T13:00:00.000000,USA,Midcontinent ISO,US-MIDW-MISO,430.98,501.3,32.49,13.57,eia.gov,false,""
2023-03-04T14:00:00.000000,USA,Midcontinent ISO,US-MIDW-MISO,427.13,497.2,33.01,14.13,eia.gov,false,""
2023-03-04T15:00:00.000000,USA,Midcontinent ISO,US-MIDW-MISO,427.31,497.37,33.03,14.1,eia.gov,false,""
2023-03-04T16:00:00.000000,USA,Midcontinent ISO,US-MIDW-MISO,439.29,510.52,31.35,12.39,eia.gov,false,""
2023-03-04T17:00:00.000000,USA,Midcontinent ISO,US-MIDW-MISO,431.39,501.32,32.79,13.96,eia.gov,false,""
2023-03-04T18:00:00.000000,USA,Midcontinent ISO,US-MIDW-MISO,410.08,478.54,35.22,16.25,eia.gov,false,""
2023-03-04T19:00:00.000000,USA,Midcontinent ISO,US-MIDW-MISO,383.37,450.55,37.84,18.57,eia.gov,false,""
2023-03-04T20:00:00.000000,USA,Midcontinent ISO,US-MIDW-MISO,367.93,434.55,39.23,19.83,eia.gov,false,""
2023-03-04T21:00:00.000000,USA,Midcontinent ISO,US-MIDW-MISO,368.11,435.18,38.88,19.82,eia.gov,false,""
2023-03-04T22:00:00.000000,USA,Midcontinent ISO,US-MIDW-MISO,383.38,451.55,37.1,18.32,eia.gov,false,""
2023-03-04T23:00:00.000000,USA,Midcontinent ISO,US-MIDW-MISO,406.4,476.13,34.53,16.21,eia.gov,false,""
2023-03-05T00:00:00.000000,USA,Midcontinent ISO,US-MIDW-MISO,426.67,497.28,32.52,14.72,eia.gov,false,""
2023-03-05T01:00:00.000000,USA,Midcontinent ISO,US-MIDW-MISO,441.87,513.54,30.68,13.05,eia.gov,false,""
2023-03-05T02:00:00.000000,USA,Midcontinent ISO,US-MIDW-MISO,447.76,519.93,29.88,11.67,eia.gov,false,""
2023-03-05T03:00:00.000000,USA,Midcontinent ISO,US-MIDW-MISO,450.07,522.03,29.88,11.4,eia.gov,false,""
2023-03-05T04:00:00.000000,USA,Midcontinent ISO,US-MIDW-MISO,452.7,524.5,29.77,10.69,eia.gov,false,""
2023-03-05T05:00:00.000000,USA,Midcontinent ISO,US-MIDW-MISO,452.39,524.7,29.43,9.77,eia.gov,false,""
2023-03-05T06:00:00.000000,USA,Midcontinent ISO,US-MIDW-MISO,437.53,508.38,31.42,11.31,eia.gov,false,""
2023-03-05T07:00:00.000000,USA,Midcontinent ISO,US-MIDW-MISO,439.89,510.63,31.3,11.12,eia.gov,false,""
2023-03-05T08:00:00.000000,USA,Midcontinent ISO,US-MIDW-MISO,431.32,500.42,32.93,12.6,eia.gov,false,""
2023-03-05T09:00:00.000000,USA,Midcontinent ISO,US-MIDW-MISO,415.42,481.8,35.8,15.37,eia.gov,false,""
2023-03-05T10:00:00.000000,USA,Midcontinent ISO,US-MIDW-MISO,406.73,470.73,37.97,18.43,eia.gov,false,""
2023-03-05T11:00:00.000000,USA,Midcontinent ISO,US-MIDW-MISO,394.83,456.78,40.12,21.06,eia.gov,false,""
2023-03-05T12:00:00.000000,USA,Midcontinent ISO,US-MIDW-MISO,384.8,444.95,42.03,23.55,eia.gov,false,""
2023-03-05T13:00:00.000000,USA,Midcontinent ISO,US-MIDW-MISO,363.67,422.18,44.68,26.25,eia.gov,false,""
2023-03-05T14:00:00.000000,USA,Midcontinent ISO,US-MIDW-MISO,335.77,392.97,47.61,29.21,eia.gov,false,""
2023-03-05T15:00:00.000000,USA,Midcontinent ISO,US-MIDW-MISO,323.25,379.55,49.08,30.55,eia.gov,false,""
2023-03-05T16:00:00.000000,USA,Midcontinent ISO,US-MIDW-MISO,313.11,369.13,49.93,31.07,eia.gov,false,""
2023-03-05T17:00:00.000000,USA,Midcontinent ISO,US-MIDW-MISO,311.87,367.92,49.97,31.11,eia.gov,false,""
2023-03-05T18:00:00.000000,USA,Midcontinent ISO,US-MIDW-MISO,308.56,364.07,50.56,31.78,eia.gov,false,""
2023-03-05T19:00:00.000000,USA,Midcontinent ISO,US-MIDW-MISO,306.13,361.1,51.09,32.39,eia.gov,false,""
2023-03-05T20:00:00.000000,USA,Midcontinent ISO,US-MIDW-MISO,301.69,355.7,51.99,33.29,eia.gov,false,""
2023-03-05T21:00:00.000000,USA,Midcontinent ISO,US-MIDW-MISO,298.85,352.76,52.2,33.72,eia.gov,false,""
2023-03-05T22:00:00.000000,USA,Midcontinent ISO,US-MIDW-MISO,318.11,374.28,49.33,31.45,eia.gov,false,""
2023-03-05T23:00:00.000000,USA,Midcontinent ISO,US-MIDW-MISO,342.54,400.6,46.46,28.98,eia.gov,false,""
2023-03-06T00:00:00.000000,USA,Midcontinent ISO,US-MIDW-MISO,352.25,410.72,45.52,28.62,eia.gov,false,""
2023-03-06T01:00:00.000000,USA,Midcontinent ISO,US-MIDW-MISO,353.6,411.83,45.51,28.9,eia.gov,false,""
2023-03-06T02:00:00.000000,USA,Midcontinent ISO,US-MIDW-MISO,349.66,407.53,45.93,28.73,eia.gov,false,""
2023-03-06T03:00:00.000000,USA,Midcontinent ISO,US-MIDW-MISO,346.64,404.3,46.24,28.35,eia.gov,false,""
2023-03-06T04:00:00.000000,USA,Midcontinent ISO,US-MIDW-MISO,338.4,395.89,46.88,28.08,eia.gov,false,""
2023-03-06T05:00:00.000000,USA,Midcontinent ISO,US-MIDW-MISO,334.46,392.98,46.46,27.07,eia.gov,false,""
2023-03-06T06:00:00.000000,USA,Midcontinent ISO,US-MIDW-MISO,344.99,405.11,44.68,24.92,eia.gov,false,""
2023-03-06T07:00:00.000000,USA,Midcontinent ISO,US-MIDW-MISO,347.49,408.19,44.15,24.25,eia.gov,false,""
2023-03-06T08:00:00.000000,USA,Midcontinent ISO,US-MIDW-MISO,369.98,431.97,41.78,21.89,eia.gov,false,""
2023-03-06T09:00:00.000000,USA,Midcontinent ISO,US-MIDW-MISO,370.01,431.99,41.8,21.85,eia.gov,false,""
2023-03-06T10:00:00.000000,USA,Midcontinent ISO,US-MIDW-MISO,382.43,445.66,40.14,21.07,eia.gov,false,""
2023-03-06T11:00:00.000000,USA,Midcontinent ISO,US-MIDW-MISO,390.13,454.35,39.05,21.43,eia.gov,false,""
2023-03-06T12:00:00.000000,USA,Midcontinent ISO,US-MIDW-MISO,403.02,467.85,37.89,21.33,eia.gov,false,""
2023-03-06T13:00:00.000000,USA,Midcontinent ISO,US-MIDW-MISO,402.73,467.52,37.9,21.67,eia.gov,false,""
2023-03-06T14:00:00.000000,USA,Midcontinent ISO,US-MIDW-MISO,397.52,461.97,38.52,22.19,eia.gov,false,""
2023-03-06T15:00:00.000000,USA,Midcontinent ISO,US-MIDW-MISO,387.22,449.86,40.43,24.07,eia.gov,false,""
2023-03-06T16:00:00.000000,USA,Midcontinent ISO,US-MIDW-MISO,368.68,428.84,43.34,27.18,eia.gov,false,""
2023-03-06T17:00:00.000000,USA,Midcontinent ISO,US-MIDW-MISO,360.78,419.96,44.52,28.27,eia.gov,false,""
2023-03-06T18:00:00.000000,USA,Midcontinent ISO,US-MIDW-MISO,355.39,414.01,45.26,29.01,eia.gov,false,""
2023-03-06T19:00:00.000000,USA,Midcontinent ISO,US-MIDW-MISO,351.88,410.3,45.63,29.52,eia.gov,false,""
2023-03-06T20:00:00.000000,USA,Midcontinent ISO,US-MIDW-MISO,351.31,409.99,45.49,29.51,eia.gov,false,""
2023-03-06T21:00:00.000000,USA,Midcontinent ISO,US-MIDW-MISO,350.11,409.32,45.21,29.24,eia.gov,false,""
2023-03-06T22:00:00.000000,USA,Midcontinent ISO,US-MIDW-MISO,362.8,422.64,43.78,28.25,eia.gov,false,""
2023-03-06T23:00:00.000000,USA,Midcontinent ISO,US-MIDW-MISO,364.99,424.41,43.89,28.6,eia.gov,false,""
2023-03-07T00:00:00.000000,USA,Midcontinent ISO,US-MIDW-MISO,370.57,430.35,43.31,28.3,eia.gov,false,""
2023-03-07T01:00:00.000000,USA,Midcontinent ISO,US-MIDW-MISO,376.64,437.3,42.26,27.04,eia.gov,false,""
2023-03-07T02:00:00.000000,USA,Midcontinent ISO,US-MIDW-MISO,374.26,434.79,42.46,26.54,eia.gov,false,""
2023-03-07T03:00:00.000000,USA,Midcontinent ISO,US-MIDW-MISO,368.51,428.76,43.03,26.47,eia.gov,false,""
2023-03-07T04:00:00.000000,USA,Midcontinent ISO,US-MIDW-MISO,366.29,427.08,42.76,25.37,eia.gov,false,""
2023-03-07T05:00:00.000000,USA,Midcontinent ISO,US-MIDW-MISO,355.85,416.41,43.6,25.67,eia.gov,false,""
2023-03-07T06:00:00.000000,USA,Midcontinent ISO,US-MIDW-MISO,339.08,398.92,45.23,26.48,eia.gov,false,""
2023-03-07T07:00:00.000000,USA,Midcontinent ISO,US-MIDW-MISO,345.44,406.64,43.9,24.96,eia.gov,false,""
2023-03-07T08:00:00.000000,USA,Midcontinent ISO,US-MIDW-MISO,345.83,407.61,43.49,24.29,eia.gov,false,""
2023-03-07T09:00:00.000000,USA,Midcontinent ISO,US-MIDW-MISO,350.1,412.89,42.53,23.43,eia.gov,false,""
2023-03-07T10:00:00.000000,USA,Midcontinent ISO,US-MIDW-MISO,359.19,422.79,41.37,22.99,eia.gov,false,""
2023-03-07T11:00:00.000000,USA,Midcontinent ISO,US-MIDW-MISO,364.15,428.85,40.36,23.12,eia.gov,false,""
2023-03-07T12:00:00.000000,USA,Midcontinent ISO,US-MIDW-MISO,379.12,445.06,38.66,22.71,eia.gov,false,""
2023-03-07T13:00:00.000000,USA,Midcontinent ISO,US-MIDW-MISO,392.3,458.74,37.49,21.96,eia.gov,false,""
2023-03-07T14:00:00.000000,USA,Midcontinent ISO,US-MIDW-MISO,390.75,457.34,37.54,21.74,eia.gov,false,""
2023-03-07T15:00:00.000000,USA,Midcontinent ISO,US-MIDW-MISO,382.86,448.34,38.84,22.52,eia.gov,false,""
2023-03-07T16:00:00.000000,USA,Midcontinent ISO,US-MIDW-MISO,387.37,453.55,38.1,21.59,eia.gov,false,""
2023-03-07T17:00:00.000000,USA,Midcontinent ISO,US-MIDW-MISO,385.76,451.81,38.35,21.51,eia.gov,false,""
2023-03-07T18:00:00.000000,USA,Midcontinent ISO,US-MIDW-MISO,385.97,452.43,38.1,21.02,eia.gov,false,""
2023-03-07T19:00:00.000000,USA,Midcontinent ISO,US-MIDW-MISO,383.41,450.04,38.18,21.06,eia.gov,false,""
2023-03-07T20:00:00.000000,USA,Midcontinent ISO,US-MIDW-MISO,379.12,445.26,38.81,21.92,eia.gov,false,""
2023-03-07T21:00:00.000000,USA,Midcontinent ISO,US-MIDW-MISO,374.73,440.52,39.29,22.65,eia.gov,false,""
2023-03-07T22:00:00.000000,USA,Midcontinent ISO,US-MIDW-MISO,378.49,444.35,38.88,22.56,eia.gov,false,""
2023-03-07T23:00:00.000000,USA,Midcontinent ISO,US-MIDW-MISO,388.06,454.34,37.94,22.29,eia.gov,false,""
2023-03-08T00:00:00.000000,USA,Midcontinent ISO,US-MIDW-MISO,387.4,453.17,38.34,23.23,eia.gov,false,""
2023-03-08T01:00:00.000000,USA,Midcontinent ISO,US-MIDW-MISO,386.71,452.07,38.56,23.31,eia.gov,false,""
2023-03-08T02:00:00.000000,USA,Midcontinent ISO,US-MIDW-MISO,387.78,452.79,38.61,23.01,eia.gov,false,""
2023-03-08T03:00:00.000000,USA,Midcontinent ISO,US-MIDW-MISO,387.39,451.8,39.01,22.57,eia.gov,false,""
2023-03-08T04:00:00.000000,USA,Midcontinent ISO,US-MIDW-MISO,391.63,456.27,38.52,21.31,eia.gov,false,""
2023-03-08T05:00:00.000000,USA,Midcontinent ISO,US-MIDW-MISO,378.24,442.25,39.85,21.93,eia.gov,false,""
2023-03-08T06:00:00.000000,USA,Midcontinent ISO,US-MIDW-MISO,362.35,425.57,41.47,23.11,eia.gov,false,""
2023-03-08T07:00:00.000000,USA,Midcontinent ISO,US-MIDW-MISO,355.72,418.94,41.91,23.06,eia.gov,false,""
2023-03-08T08:00:00.000000,USA,Midcontinent ISO,US-MIDW-MISO,359.27,423.67,40.89,21.75,eia.gov,false,""
2023-03-08T09:00:00.000000,USA,Midcontinent ISO,US-MIDW-MISO,365.24,430.02,40.24,21.38,eia.gov,false,""
2023-03-08T10:00:00.000000,USA,Midcontinent ISO,US-MIDW-MISO,361.51,426.46,40.38,22.07,eia.gov,false,""
2023-03-08T11:00:00.000000,USA,Midcontinent ISO,US-MIDW-MISO,371.98,439.15,38.31,21.68,eia.gov,false,""
2023-03-08T12:00:00.000000,USA,Midcontinent ISO,US-MIDW-MISO,392.25,460.87,36.05,20.34,eia.gov,false,""
2023-03-08T13:00:00.000000,USA,Midcontinent ISO,US-MIDW-MISO,402.44,471.42,35.16,19.48,eia.gov,false,""
2023-03-08T14:00:00.000000,USA,Midcontinent ISO,US-MIDW-MISO,400.66,469.15,35.73,19.68,eia.gov,false,""
2023-03-08T15:00:00.000000,USA,Midcontinent ISO,US-MIDW-MISO,404.65,474.05,34.82,18.43,eia.gov,false,""
2023-03-08T16:00:00.000000,USA,Midcontinent ISO,US-MIDW-MISO,401.89,470.92,35.23,18.44,eia.gov,false,""
2023-03-08T17:00:00.000000,USA,Midcontinent ISO,US-MIDW-MISO,402.94,472.3,34.97,18.05,eia.gov,false,""
2023-03-08T18:00:00.000000,USA,Midcontinent ISO,US-MIDW-MISO,407.54,477.58,34.23,17.41,eia.gov,false,""
2023-03-08T19:00:00.000000,USA,Midcontinent ISO,US-MIDW-MISO,408.07,478.38,34.0,17.02,eia.gov,false,""
2023-03-08T20:00:00.000000,USA,Midcontinent ISO,US-MIDW-MISO,414.93,486.23,32.87,15.89,eia.gov,false,""
2023-03-08T21:00:00.000000,USA,Midcontinent ISO,US-MIDW-MISO,419.52,491.48,32.11,15.3,eia.gov,false,""
2023-03-08T22:00:00.000000,USA,Midcontinent ISO,US-MIDW-MISO,430.45,502.98,30.92,14.64,eia.gov,false,""
2023-03-08T23:00:00.000000,USA,Midcontinent ISO,US-MIDW-MISO,432.25,505.0,30.67,14.93,eia.gov,false,""
2023-03-09T00:00:00.000000,USA,Midcontinent ISO,US-MIDW-MISO,425.68,497.82,31.59,16.12,eia.gov,false,""
2023-03-09T01:00:00.000000,USA,Midcontinent ISO,US-MIDW-MISO,432.56,505.45,30.54,14.84,eia.gov,false,""
2023-03-09T02:00:00.000000,USA,Midcontinent ISO,US-MIDW-MISO,441.1,514.32,29.59,13.43,eia.gov,false,""
2023-03-09T03:00:00.000000,USA,Midcontinent ISO,US-MIDW-MISO,440.1,512.04,30.51,13.72,eia.gov,false,""
2023-03-09T04:00:00.000000,USA,Midcontinent ISO,US-MIDW-MISO,441.81,512.98,30.9,13.38,eia.gov,false,""
2023-03-09T05:00:00.000000,USA,Midcontinent ISO,US-MIDW-MISO,433.47,503.61,32.13,13.75,eia.gov,false,""
2023-03-09T06:00:00.000000,USA,Midcontinent ISO,US-MIDW-MISO,420.56,490.17,33.31,14.32,eia.gov,false,""
2023-03-09T07:00:00.000000,USA,Midcontinent ISO,US-MIDW-MISO,417.05,486.63,33.56,14.51,eia.gov,false,""
2023-03-09T08:00:00.000000,USA,Midcontinent ISO,US-MIDW-MISO,410.52,479.47,34.43,15.33,eia.gov,false,""
2023-03-09T09:00:00.000000,USA,Midcontinent ISO,US-MIDW-MISO,405.3,473.74,35.11,16.31,eia.gov,false,""
2023-03-09T10:00:00.000000,USA,Midcontinent ISO,US-MIDW-MISO,409.03,477.95,34.56,16.46,eia.gov,false,""
2023-03-09T11:00:00.000000,USA,Midcontinent ISO,US-MIDW-MISO,413.05,482.67,33.92,17.0,eia.gov,false,""
2023-03-09T12:00:00.000000,USA,Midcontinent ISO,US-MIDW-MISO,415.64,485.4,33.75,17.68,eia.gov,false,""
2023-03-09T13:00:00.000000,USA,Midcontinent ISO,US-MIDW-MISO,424.66,495.25,32.53,16.5,eia.gov,false,""
2023-03-09T14:00:00.000000,USA,Midcontinent ISO,US-MIDW-MISO,420.58,490.48,33.3,16.83,eia.gov,false,""
2023-03-09T15:00:00.000000,USA,Midcontinent ISO,US-MIDW-MISO,410.21,479.04,34.77,17.9,eia.gov,false,""
2023-03-09T16:00:00.000000,USA,Midcontinent ISO,US-MIDW-MISO,409.72,478.91,34.57,17.63,eia.gov,false,""
2023-03-09T17:00:00.000000,USA,Midcontinent ISO,US-MIDW-MISO,404.74,473.39,35.26,18.35,eia.gov,false,""
2023-03-09T18:00:00.000000,USA,Midcontinent ISO,US-MIDW-MISO,406.18,475.42,34.77,17.8,eia.gov,false,""
2023-03-09T19:00:00.000000,USA,Midcontinent ISO,US-MIDW-MISO,410.35,480.4,33.94,17.04,eia.gov,false,""
2023-03-09T20:00:00.000000,USA,Midcontinent ISO,US-MIDW-MISO,412.26,482.58,33.61,16.85,eia.gov,false,""
2023-03-09T21:00:00.000000,USA,Midcontinent ISO,US-MIDW-MISO,414.3,485.05,33.17,16.41,eia.gov,false,""
2023-03-09T22:00:00.000000,USA,Midcontinent ISO,US-MIDW-MISO,421.2,492.53,32.29,15.94,eia.gov,false,""
2023-03-09T23:00:00.000000,USA,Midcontinent ISO,US-MIDW-MISO,418.21,489.13,32.83,16.78,eia.gov,false,""
2023-03-10T00:00:00.000000,USA,Midcontinent ISO,US-MIDW-MISO,414.53,484.66,33.68,17.89,eia.gov,false,""
2023-03-10T01:00:00.000000,USA,Midcontinent ISO,US-MIDW-MISO,422.15,493.43,32.29,16.32,eia.gov,false,""
2023-03-10T02:00:00.000000,USA,Midcontinent ISO,US-MIDW-MISO,431.21,503.26,31.09,14.77,eia.gov,false,""
2023-03-10T03:00:00.000000,USA,Midcontinent ISO,US-MIDW-MISO,434.66,506.38,31.09,14.14,eia.gov,false,""
2023-03-10T04:00:00.000000,USA,Midcontinent ISO,US-MIDW-MISO,433.02,504.43,31.34,13.9,eia.gov,false,""
2023-03-10T05:00:00.000000,USA,Midcontinent ISO,US-MIDW-MISO,423.48,494.01,32.6,14.3,eia.gov,false,""
2023-03-10T06:00:00.000000,USA,Midcontinent ISO,US-MIDW-MISO,412.86,482.28,34.06,14.8,eia.gov,false,""
2023-03-10T07:00:00.000000,USA,Midcontinent ISO,US-MIDW-MISO,398.89,467.62,35.44,15.89,eia.gov,false,""
2023-03-10T08:00:00.000000,USA,Midcontinent ISO,US-MIDW-MISO,384.01,451.78,37.07,17.38,eia.gov,false,""
2023-03-10T09:00:00.000000,USA,Midcontinent ISO,US-MIDW-MISO,388.95,457.4,36.28,17.13,eia.gov,false,""
2023-03-10T10:00:00.000000,USA,Midcontinent ISO,US-MIDW-MISO,398.99,467.71,35.42,17.43,eia.gov,false,""
2023-03-10T11:00:00.000000,USA,Midcontinent ISO,US-MIDW-MISO,408.17,477.98,34.13,17.85,eia.gov,false,""
2023-03-10T12:00:00.000000,USA,Midcontinent ISO,US-MIDW-MISO,406.6,476.22,34.48,19.27,eia.gov,false,""
2023-03-10T13:00:00.000000,USA,Midcontinent ISO,US-MIDW-MISO,408.57,478.41,34.26,19.42,eia.gov,false,""
2023-03-10T14:00:00.000000,USA,Midcontinent ISO,US-MIDW-MISO,423.34,494.27,32.57,17.86,eia.gov,false,""
2023-03-10T15:00:00.000000,USA,Midcontinent ISO,US-MIDW-MISO,422.8,493.41,32.9,18.11,eia.gov,false,""
2023-03-10T16:00:00.000000,USA,Midcontinent ISO,US-MIDW-MISO,424.08,495.35,32.33,17.37,eia.gov,false,""
2023-03-10T17:00:00.000000,USA,Midcontinent ISO,US-MIDW-MISO,427.61,499.19,31.85,16.72,eia.gov,false,""
2023-03-10T18:00:00.000000,USA,Midcontinent ISO,US-MIDW-MISO,430.4,502.24,31.48,16.46,eia.gov,false,""
2023-03-10T19:00:00.000000,USA,Midcontinent ISO,US-MIDW-MISO,425.49,496.65,32.26,17.14,eia.gov,false,""
2023-03-10T20:00:00.000000,USA,Midcontinent ISO,US-MIDW-MISO,426.9,498.21,32.07,16.86,eia.gov,false,""
2023-03-10T21:00:00.000000,USA,Midcontinent ISO,US-MIDW-MISO,434.82,506.75,31.11,15.83,eia.gov,false,""
2023-03-10T22:00:00.000000,USA,Midcontinent ISO,US-MIDW-MISO,443.09,515.63,30.07,15.0,eia.gov,false,""
2023-03-10T23:00:00.000000,USA,Midcontinent ISO,US-MIDW-MISO,448.13,520.94,29.47,14.6,eia.gov,false,""
2023-03-11T00:00:00.000000,USA,Midcontinent ISO,US-MIDW-MISO,434.81,506.03,31.43,16.86,eia.gov,false,""
2023-03-11T01:00:00.000000,USA,Midcontinent ISO,US-MIDW-MISO,420.4,489.53,33.72,19.15,eia.gov,false,""
2023-03-11T02:00:00.000000,USA,Midcontinent ISO,US-MIDW-MISO,407.86,475.36,35.65,20.91,eia.gov,false,""
2023-03-11T03:00:00.000000,USA,Midcontinent ISO,US-MIDW-MISO,393.54,459.49,37.63,22.45,eia.gov,false,""
2023-03-11T04:00:00.000000,USA,Midcontinent ISO,US-MIDW-MISO,389.68,455.43,37.95,22.46,eia.gov,false,""
2023-03-11T05:00:00.000000,USA,Midcontinent ISO,US-MIDW-MISO,390.85,455.95,38.31,22.98,eia.gov,false,""
2023-03-11T06:00:00.000000,USA,Midcontinent ISO,US-MIDW-MISO,397.68,462.81,37.85,22.06,eia.gov,false,""
2023-03-11T07:00:00.000000,USA,Midcontinent ISO,US-MIDW-MISO,394.38,459.01,38.42,22.36,eia.gov,false,""
2023-03-11T08:00:00.000000,USA,Midcontinent ISO,US-MIDW-MISO,375.33,438.37,40.74,24.49,eia.gov,false,""
2023-03-11T09:00:00.000000,USA,Midcontinent ISO,US-MIDW-MISO,363.01,425.36,42.01,25.6,eia.gov,false,""
2023-03-11T10:00:00.000000,USA,Midcontinent ISO,US-MIDW-MISO,347.53,408.57,43.91,28.06,eia.gov,false,""
2023-03-11T11:00:00.000000,USA,Midcontinent ISO,US-MIDW-MISO,342.7,402.97,44.72,29.42,eia.gov,false,""
2023-03-11T12:00:00.000000,USA,Midcontinent ISO,US-MIDW-MISO,345.89,406.54,44.3,29.56,eia.gov,false,""
2023-03-11T13:00:00.000000,USA,Midcontinent ISO,US-MIDW-MISO,344.7,405.33,44.45,30.06,eia.gov,false,""
2023-03-11T14:00:00.000000,USA,Midcontinent ISO,US-MIDW-MISO,347.61,408.59,44.09,29.91,eia.gov,false,""
2023-03-11T15:00:00.000000,USA,Midcontinent ISO,US-MIDW-MISO,351.07,412.07,43.88,29.85,eia.gov,false,""
2023-03-11T16:00:00.000000,USA,Midcontinent ISO,US-MIDW-MISO,348.2,409.14,44.12,30.01,eia.gov,false,""
2023-03-11T17:00:00.000000,USA,Midcontinent ISO,US-MIDW-MISO,353.65,414.64,43.73,29.57,eia.gov,false,""
2023-03-11T18:00:00.000000,USA,Midcontinent ISO,US-MIDW-MISO,358.21,419.99,42.92,28.76,eia.gov,false,""
2023-03-11T19:00:00.000000,USA,Midcontinent ISO,US-MIDW-MISO,369.99,433.48,41.0,26.48,eia.gov,false,""
2023-03-11T20:00:00.000000,USA,Midcontinent ISO,US-MIDW-MISO,383.5,448.73,38.94,24.38,eia.gov,false,""
2023-03-11T21:00:00.000000,USA,Midcontinent ISO,US-MIDW-MISO,415.98,484.23,34.71,20.31,eia.gov,false,""
2023-03-11T22:00:00.000000,USA,Midcontinent ISO,US-MIDW-MISO,441.11,512.59,30.86,16.52,eia.gov,false,""
2023-03-11T23:00:00.000000,USA,Midcontinent ISO,US-MIDW-MISO,443.77,515.52,30.56,16.36,eia.gov,false,""
2023-03-12T00:00:00.000000,USA,Midcontinent ISO,US-MIDW-MISO,448.09,520.67,29.74,15.53,eia.gov,false,""
2023-03-12T01:00:00.000000,USA,Midcontinent ISO,US-MIDW-MISO,451.86,524.87,29.13,14.77,eia.gov,false,""
2023-03-12T02:00:00.000000,USA,Midcontinent ISO,US-MIDW-MISO,453.38,526.06,29.16,14.35,eia.gov,false,""
2023-03-12T03:00:00.000000,USA,Midcontinent ISO,US-MIDW-MISO,443.09,514.4,30.76,15.59,eia.gov,false,""
2023-03-12T04:00:00.000000,USA,Midcontinent ISO,US-MIDW-MISO,445.1,516.58,30.47,14.93,eia.gov,false,""
2023-03-12T05:00:00.000000,USA,Midcontinent ISO,US-MIDW-MISO,437.57,508.01,31.68,15.84,eia.gov,false,""
2023-03-12T06:00:00.000000,USA,Midcontinent ISO,US-MIDW-MISO,414.65,483.64,34.15,17.7,eia.gov,false,""
2023-03-12T07:00:00.000000,USA,Midcontinent ISO,US-MIDW-MISO,405.59,473.82,35.25,18.82,eia.gov,false,""
2023-03-12T08:00:00.000000,USA,Midcontinent ISO,US-MIDW-MISO,387.41,453.45,37.95,20.97,eia.gov,false,""
2023-03-12T09:00:00.000000,USA,Midcontinent ISO,US-MIDW-MISO,381.22,445.84,39.29,22.57,eia.gov,false,""
2023-03-12T10:00:00.000000,USA,Midcontinent ISO,US-MIDW-MISO,376.27,440.13,40.14,23.54,eia.gov,false,""
2023-03-12T11:00:00.000000,USA,Midcontinent ISO,US-MIDW-MISO,382.92,446.71,39.72,23.34,eia.gov,false,""
2023-03-12T12:00:00.000000,USA,Midcontinent ISO,US-MIDW-MISO,370.81,434.21,40.83,24.92,eia.gov,false,""
2023-03-12T13:00:00.000000,USA,Midcontinent ISO,US-MIDW-MISO,375.82,439.1,40.57,25.34,eia.gov,false,""
2023-03-12T14:00:00.000000,USA,Midcontinent ISO,US-MIDW-MISO,376.11,438.3,41.32,26.46,eia.gov,false,""
2023-03-12T15:00:00.000000,USA,Midcontinent ISO,US-MIDW-MISO,372.34,434.11,41.88,27.32,eia.gov,false,""
2023-03-12T16:00:00.000000,USA,Midcontinent ISO,US-MIDW-MISO,375.7,437.39,41.74,27.65,eia.gov,false,""
2023-03-12T17:00:00.000000,USA,Midcontinent ISO,US-MIDW-MISO,373.31,435.34,41.69,27.61,eia.gov,false,""
2023-03-12T18:00:00.000000,USA,Midcontinent ISO,US-MIDW-MISO,362.26,423.62,42.87,28.46,eia.gov,false,""
2023-03-12T19:00:00.000000,USA,Midcontinent ISO,US-MIDW-MISO,356.47,417.71,43.31,28.82,eia.gov,false,""
2023-03-12T20:00:00.000000,USA,Midcontinent ISO,US-MIDW-MISO,358.44,419.79,43.12,28.59,eia.gov,false,""
2023-03-12T21:00:00.000000,USA,Midcontinent ISO,US-MIDW-MISO,362.63,424.44,42.5,28.34,eia.gov,false,""
2023-03-12T22:00:00.000000,USA,Midcontinent ISO,US-MIDW-MISO,363.08,425.21,42.24,28.2,eia.gov,false,""
2023-03-12T23:00:00.000000,USA,Midcontinent ISO,US-MIDW-MISO,360.69,422.0,42.98,29.09,eia.gov,false,""
2023-03-13T00:00:00.000000,USA,Midcontinent ISO,US-MIDW-MISO,360.9,421.84,43.25,29.7,eia.gov,false,""
2023-03-13T01:00:00.000000,USA,Midcontinent ISO,US-MIDW-MISO,357.42,417.56,43.92,30.12,eia.gov,false,""
2023-03-13T02:00:00.000000,USA,Midcontinent ISO,US-MIDW-MISO,353.14,412.89,44.4,30.14,eia.gov,false,""
2023-03-13T03:00:00.000000,USA,Midcontinent ISO,US-MIDW-MISO,351.85,410.92,44.9,30.17,eia.gov,false,""
2023-03-13T04:00:00.000000,USA,Midcontinent ISO,US-MIDW-MISO,348.17,406.79,45.48,30.41,eia.gov,false,""
2023-03-13T05:00:00.000000,USA,Midcontinent ISO,US-MIDW-MISO,344.28,402.33,46.15,30.26,eia.gov,false,""
2023-03-13T06:00:00.000000,USA,Midcontinent ISO,US-MIDW-MISO,345.13,404.05,45.49,29.31,eia.gov,false,""
2023-03-13T07:00:00.000000,USA,Midcontinent ISO,US-MIDW-MISO,349.49,408.55,45.1,28.68,eia.gov,false,""
2023-03-13T08:00:00.000000,USA,Midcontinent ISO,US-MIDW-MISO,353.87,413.2,44.63,28.34,eia.gov,false,""
2023-03-13T09:00:00.000000,USA,Midcontinent ISO,US-MIDW-MISO,363.63,424.36,43.03,27.21,eia.gov,false,""
2023-03-13T10:00:00.000000,USA,Midcontinent ISO,US-MIDW-MISO,382.04,445.27,40.12,25.48,eia.gov,false,""
2023-03-13T11:00:00.000000,USA,Midcontinent ISO,US-MIDW-MISO,395.49,460.65,38.04,24.52,eia.gov,false,""
2023-03-13T12:00:00.000000,USA,Midcontinent ISO,US-MIDW-MISO,408.32,474.49,36.5,23.48,eia.gov,false,""
2023-03-13T13:00:00.000000,USA,Midcontinent ISO,US-MIDW-MISO,413.39,480.52,35.5,22.67,eia.gov,false,""
2023-03-13T14:00:00.000000,USA,Midcontinent ISO,US-MIDW-MISO,413.2,480.51,35.44,22.59,eia.gov,false,""
2023-03-13T15:00:00.000000,USA,Midcontinent ISO,US-MIDW-MISO,416.18,483.79,35.11,22.11,eia.gov,false,""
2023-03-13T16:00:00.000000,USA,Midcontinent ISO,US-MIDW-MISO,422.24,490.31,34.43,21.4,eia.gov,false,""
2023-03-13T17:00:00.000000,USA,Midcontinent ISO,US-MIDW-MISO,433.6,502.87,32.88,19.61,eia.gov,false,""
2023-03-13T18:00:00.000000,USA,Midcontinent ISO,US-MIDW-MISO,440.27,510.13,32.06,18.59,eia.gov,false,""
2023-03-13T19:00:00.000000,USA,Midcontinent ISO,US-MIDW-MISO,444.17,514.52,31.5,17.85,eia.gov,false,""
2023-03-13T20:00:00.000000,USA,Midcontinent ISO,US-MIDW-MISO,446.84,517.59,31.04,17.34,eia.gov,false,""
2023-03-13T21:00:00.000000,USA,Midcontinent ISO,US-MIDW-MISO,444.98,515.76,31.14,17.26,eia.gov,false,""
2023-03-13T22:00:00.000000,USA,Midcontinent ISO,US-MIDW-MISO,454.32,525.76,30.05,16.34,eia.gov,false,""
2023-03-13T23:00:00.000000,USA,Midcontinent ISO,US-MIDW-MISO,459.29,531.02,29.57,16.21,eia.gov,false,""
2023-03-14T00:00:00.000000,USA,Midcontinent ISO,US-MIDW-MISO,464.67,536.89,28.89,15.73,eia.gov,false,""
2023-03-14T01:00:00.000000,USA,Midcontinent ISO,US-MIDW-MISO,470.73,543.38,28.15,14.97,eia.gov,false,""
2023-03-14T02:00:00.000000,USA,Midcontinent ISO,US-MIDW-MISO,472.35,545.44,27.64,14.1,eia.gov,false,""
2023-03-14T03:00:00.000000,USA,Midcontinent ISO,US-MIDW-MISO,475.16,548.16,27.45,13.32,eia.gov,false,""
2023-03-14T04:00:00.000000,USA,Midcontinent ISO,US-MIDW-MISO,475.84,548.54,27.62,13.16,eia.gov,false,""
2023-03-14T05:00:00.000000,USA,Midcontinent ISO,US-MIDW-MISO,476.97,548.91,28.05,13.16,eia.gov,false,""
2023-03-14T06:00:00.000000,USA,Midcontinent ISO,US-MIDW-MISO,466.15,536.83,29.62,14.42,eia.gov,false,""
2023-03-14T07:00:00.000000,USA,Midcontinent ISO,US-MIDW-MISO,457.22,527.38,30.56,15.39,eia.gov,false,""
2023-03-14T08:00:00.000000,USA,Midcontinent ISO,US-MIDW-MISO,446.26,515.63,31.84,16.54,eia.gov,false,""
2023-03-14T09:00:00.000000,USA,Midcontinent ISO,US-MIDW-MISO,450.2,519.77,31.44,16.76,eia.gov,false,""
2023-03-14T10:00:00.000000,USA,Midcontinent ISO,US-MIDW-MISO,461.22,531.57,30.16,16.58,eia.gov,false,""
2023-03-14T11:00:00.000000,USA,Midcontinent ISO,US-MIDW-MISO,460.11,530.23,30.53,18.03,eia.gov,false,""
2023-03-14T12:00:00.000000,USA,Midcontinent ISO,US-MIDW-MISO,463.94,534.17,30.18,18.07,eia.gov,false,""
2023-03-14T13:00:00.000000,USA,Midcontinent ISO,US-MIDW-MISO,455.32,524.24,31.7,19.46,eia.gov,false,""
2023-03-14T14:00:00.000000,USA,Midcontinent ISO,US-MIDW-MISO,441.84,510.1,33.06,20.54,eia.gov,false,""
2023-03-14T15:00:00.000000,USA,Midcontinent ISO,US-MIDW-MISO,435.79,503.35,33.96,21.25,eia.gov,false,""
2023-03-14T16:00:00.000000,USA,Midcontinent ISO,US-MIDW-MISO,430.45,496.91,35.1,22.02,eia.gov,false,""
2023-03-14T17:00:00.000000,USA,Midcontinent ISO,US-MIDW-MISO,421.78,487.17,36.41,23.09,eia.gov,false,""
2023-03-14T18:00:00.000000,USA,Midcontinent ISO,US-MIDW-MISO,411.16,475.83,37.59,24.06,eia.gov,false,""
2023-03-14T19:00:00.000000,USA,Midcontinent ISO,US-MIDW-MISO,395.31,458.98,39.33,25.55,eia.gov,false,""
2023-03-14T20:00:00.000000,USA,Midcontinent ISO,US-MIDW-MISO,384.42,447.62,40.38,26.32,eia.gov,false,""
2023-03-14T21:00:00.000000,USA,Midcontinent ISO,US-MIDW-MISO,381.3,444.75,40.42,26.36,eia.gov,false,""
2023-03-14T22:00:00.000000,USA,Midcontinent ISO,US-MIDW-MISO,390.66,455.07,39.06,25.46,eia.gov,false,""
2023-03-14T23:00:00.000000,USA,Midcontinent ISO,US-MIDW-MISO,401.79,467.19,37.53,24.42,eia.gov,false,""
2023-03-15T00:00:00.000000,USA,Midcontinent ISO,US-MIDW-MISO,402.28,467.04,37.93,25.22,eia.gov,false,""
2023-03-15T01:00:00.000000,USA,Midcontinent ISO,US-MIDW-MISO,412.12,477.6,36.69,24.23,eia.gov,false,""
2023-03-15T02:00:00.000000,USA,Midcontinent ISO,US-MIDW-MISO,413.46,478.49,36.88,24.02,eia.gov,false,""
2023-03-15T03:00:00.000000,USA,Midcontinent ISO,US-MIDW-MISO,401.94,465.81,38.39,24.93,eia.gov,false,""
2023-03-15T04:00:00.000000,USA,Midcontinent ISO,US-MIDW-MISO,396.14,459.56,39.08,25.24,eia.gov,false,""
2023-03-15T05:00:00.000000,USA,Midcontinent ISO,US-MIDW-MISO,396.25,459.65,39.08,24.92,eia.gov,false,""
2023-03-15T06:00:00.000000,USA,Midcontinent ISO,US-MIDW-MISO,392.73,455.93,39.46,25.12,eia.gov,false,""
2023-03-15T07:00:00.000000,USA,Midcontinent ISO,US-MIDW-MISO,389.56,452.28,40.0,25.63,eia.gov,false,""
2023-03-15T08:00:00.000000,USA,Midcontinent ISO,US-MIDW-MISO,385.17,447.1,40.82,26.52,eia.gov,false,""
2023-03-15T09:00:00.000000,USA,Midcontinent ISO,US-MIDW-MISO,384.05,445.93,40.93,26.86,eia.gov,false,""
2023-03-15T10:00:00.000000,USA,Midcontinent ISO,US-MIDW-MISO,392.72,455.7,39.69,26.33,eia.gov,false,""
2023-03-15T11:00:00.000000,USA,Midcontinent ISO,US-MIDW-MISO,395.02,458.41,39.34,27.05,eia.gov,false,""
2023-03-15T12:00:00.000000,USA,Midcontinent ISO,US-MIDW-MISO,398.64,461.8,39.3,27.29,eia.gov,false,""
2023-03-15T13:00:00.000000,USA,Midcontinent ISO,US-MIDW-MISO,383.88,445.55,41.35,28.84,eia.gov,false,""
2023-03-15T14:00:00.000000,USA,Midcontinent ISO,US-MIDW-MISO,377.85,438.72,42.35,29.29,eia.gov,false,""
2023-03-15T15:00:00.000000,USA,Midcontinent ISO,US-MIDW-MISO,371.46,431.62,43.22,29.61,eia.gov,false,""
2023-03-15T16:00:00.000000,USA,Midcontinent ISO,US-MIDW-MISO,361.42,420.13,44.87,30.76,eia.gov,false,""
2023-03-15T17:00:00.000000,USA,Midcontinent ISO,US-MIDW-MISO,352.49,410.47,45.97,31.45,eia.gov,false,""
2023-03-15T18:00:00.000000,USA,Midcontinent ISO,US-MIDW-MISO,337.4,393.21,48.45,33.47,eia.gov,false,""
2023-03-15T19:00:00.000000,USA,Midcontinent ISO,US-MIDW-MISO,332.59,387.17,49.58,34.41,eia.gov,false,""
2023-03-15T20:00:00.000000,USA,Midcontinent ISO,US-MIDW-MISO,327.66,381.86,50.14,34.96,eia.gov,false,""
2023-03-15T21:00:00.000000,USA,Midcontinent ISO,US-MIDW-MISO,325.18,379.26,50.34,35.21,eia.gov,false,""
2023-03-15T22:00:00.000000,USA,Midcontinent ISO,US-MIDW-MISO,331.25,386.6,48.98,33.98,eia.gov,false,""
2023-03-15T23:00:00.000000,USA,Midcontinent ISO,US-MIDW-MISO,349.91,407.8,45.92,31.31,eia.gov,false,""
2023-03-16T00:00:00.000000,USA,Midcontinent ISO,US-MIDW-MISO,358.49,416.84,44.99,30.9,eia.gov,false,""
2023-03-16T01:00:00.000000,USA,Midcontinent ISO,US-MIDW-MISO,348.04,405.29,46.41,32.19,eia.gov,false,""
2023-03-16T02:00:00.000000,USA,Midcontinent ISO,US-MIDW-MISO,337.82,394.34,47.56,32.9,eia.gov,false,""
2023-03-16T03:00:00.000000,USA,Midcontinent ISO,US-MIDW-MISO,328.1,382.9,49.35,33.83,eia.gov,false,""
2023-03-16T04:00:00.000000,USA,Midcontinent ISO,US-MIDW-MISO,321.63,375.36,50.51,34.44,eia.gov,false,""
2023-03-16T05:00:00.000000,USA,Midcontinent ISO,US-MIDW-MISO,321.03,373.6,51.28,34.45,eia.gov,false,""
2023-03-16T06:00:00.000000,USA,Midcontinent ISO,US-MIDW-MISO,323.33,376.22,50.88,33.93,eia.gov,false,""
2023-03-16T07:00:00.000000,USA,Midcontinent ISO,US-MIDW-MISO,322.98,375.89,50.9,33.7,eia.gov,false,""
2023-03-16T08:00:00.000000,USA,Midcontinent ISO,US-MIDW-MISO,328.75,382.04,50.26,33.19,eia.gov,false,""
2023-03-16T09:00:00.000000,USA,Midcontinent ISO,US-MIDW-MISO,335.35,389.59,49.21,32.53,eia.gov,false,""
2023-03-16T10:00:00.000000,USA,Midcontinent ISO,US-MIDW-MISO,341.03,396.51,48.11,32.52,eia.gov,false,""
2023-03-16T11:00:00.000000,USA,Midcontinent ISO,US-MIDW-MISO,353.05,409.64,46.72,32.41,eia.gov,false,""
2023-03-16T12:00:00.000000,USA,Midcontinent ISO,US-MIDW-MISO,371.56,429.5,44.56,30.49,eia.gov,false,""
2023-03-16T13:00:00.000000,USA,Midcontinent ISO,US-MIDW-MISO,381.56,440.25,43.37,28.96,eia.gov,false,""
2023-03-16T14:00:00.000000,USA,Midcontinent ISO,US-MIDW-MISO,389.36,448.61,42.48,27.62,eia.gov,false,""
2023-03-16T15:00:00.000000,USA,Midcontinent ISO,US-MIDW-MISO,383.86,442.9,42.98,27.81,eia.gov,false,""
2023-03-16T16:00:00.000000,USA,Midcontinent ISO,US-MIDW-MISO,368.85,427.22,44.44,28.82,eia.gov,false,""
2023-03-16T17:00:00.000000,USA,Midcontinent ISO,US-MIDW-MISO,352.24,408.86,46.75,30.86,eia.gov,false,""
2023-03-16T18:00:00.000000,USA,Midcontinent ISO,US-MIDW-MISO,351.31,407.67,46.94,30.97,eia.gov,false,""
2023-03-16T19:00:00.000000,USA,Midcontinent ISO,US-MIDW-MISO,349.52,405.43,47.35,31.27,eia.gov,false,""
2023-03-16T20:00:00.000000,USA,Midcontinent ISO,US-MIDW-MISO,338.71,393.54,48.77,32.7,eia.gov,false,""
2023-03-16T21:00:00.000000,USA,Midcontinent ISO,US-MIDW-MISO,330.79,384.9,49.76,33.98,eia.gov,false,""
2023-03-16T22:00:00.000000,USA,Midcontinent ISO,US-MIDW-MISO,338.52,393.16,48.85,33.31,eia.gov,false,""
2023-03-16T23:00:00.000000,USA,Midcontinent ISO,US-MIDW-MISO,352.39,407.67,47.49,32.21,eia.gov,false,""
2023-03-17T00:00:00.000000,USA,Midcontinent ISO,US-MIDW-MISO,359.65,415.16,46.83,31.71,eia.gov,false,""
2023-03-17T01:00:00.000000,USA,Midcontinent ISO,US-MIDW-MISO,359.56,415.29,46.68,31.41,eia.gov,false,""
2023-03-17T02:00:00.000000,USA,Midcontinent ISO,US-MIDW-MISO,349.97,404.15,48.35,32.44,eia.gov,false,""
2023-03-17T03:00:00.000000,USA,Midcontinent ISO,US-MIDW-MISO,343.06,397.14,48.86,32.13,eia.gov,false,""
2023-03-17T04:00:00.000000,USA,Midcontinent ISO,US-MIDW-MISO,334.5,387.36,50.26,32.92,eia.gov,false,""
2023-03-17T05:00:00.000000,USA,Midcontinent ISO,US-MIDW-MISO,327.06,378.41,51.74,33.42,eia.gov,false,""
2023-03-17T06:00:00.000000,USA,Midcontinent ISO,US-MIDW-MISO,321.41,371.44,53.01,33.95,eia.gov,false,""
2023-03-17T07:00:00.000000,USA,Midcontinent ISO,US-MIDW-MISO,318.22,368.03,53.36,34.05,eia.gov,false,""
2023-03-17T08:00:00.000000,USA,Midcontinent ISO,US-MIDW-MISO,317.49,367.52,53.26,34.23,eia.gov,false,""
2023-03-17T09:00:00.000000,USA,Midcontinent ISO,US-MIDW-MISO,320.66,371.58,52.44,34.22,eia.gov,false,""
2023-03-17T10:00:00.000000,USA,Midcontinent ISO,US-MIDW-MISO,328.22,379.97,51.4,34.47,eia.gov,false,""
2023-03-17T11:00:00.000000,USA,Midcontinent ISO,US-MIDW-MISO,338.07,390.78,50.14,34.43,eia.gov,false,""
2023-03-17T12:00:00.000000,USA,Midcontinent ISO,US-MIDW-MISO,358.32,412.6,47.75,32.46,eia.gov,false,""
2023-03-17T13:00:00.000000,USA,Midcontinent ISO,US-MIDW-MISO,363.66,418.13,47.28,32.08,eia.gov,false,""
2023-03-17T14:00:00.000000,USA,Midcontinent ISO,US-MIDW-MISO,354.83,408.43,48.51,33.39,eia.gov,false,""
2023-03-17T15:00:00.000000,USA,Midcontinent ISO,US-MIDW-MISO,346.13,398.95,49.66,34.51,eia.gov,false,""
2023-03-17T16:00:00.000000,USA,Midcontinent ISO,US-MIDW-MISO,334.29,386.81,50.7,35.43,eia.gov,false,""
2023-03-17T17:00:00.000000,USA,Midcontinent ISO,US-MIDW-MISO,328.52,380.76,51.3,35.83,eia.gov,false,""
2023-03-17T18:00:00.000000,USA,Midcontinent ISO,US-MIDW-MISO,319.73,371.6,52.16,36.51,eia.gov,false,""
2023-03-17T19:00:00.000000,USA,Midcontinent ISO,US-MIDW-MISO,313.23,364.28,53.17,37.29,eia.gov,false,""
2023-03-17T20:00:00.000000,USA,Midcontinent ISO,US-MIDW-MISO,310.58,361.26,53.61,37.45,eia.gov,false,""
2023-03-17T21:00:00.000000,USA,Midcontinent ISO,US-MIDW-MISO,312.23,363.14,53.33,37.38,eia.gov,false,""
2023-03-17T22:00:00.000000,USA,Midcontinent ISO,US-MIDW-MISO,314.28,365.34,53.05,37.05,eia.gov,false,""
2023-03-17T23:00:00.000000,USA,Midcontinent ISO,US-MIDW-MISO,329.53,381.82,51.08,35.38,eia.gov,false,""
2023-03-18T00:00:00.000000,USA,Midcontinent ISO,US-MIDW-MISO,345.72,399.01,49.3,34.09,eia.gov,false,""
2023-03-18T01:00:00.000000,USA,Midcontinent ISO,US-MIDW-MISO,359.65,414.02,47.56,32.32,eia.gov,false,""
2023-03-18T02:00:00.000000,USA,Midcontinent ISO,US-MIDW-MISO,352.6,406.51,48.34,32.82,eia.gov,false,""
2023-03-18T03:00:00.000000,USA,Midcontinent ISO,US-MIDW-MISO,348.83,402.6,48.65,32.74,eia.gov,false,""
2023-03-18T04:00:00.000000,USA,Midcontinent ISO,US-MIDW-MISO,342.39,395.46,49.55,33.35,eia.gov,false,""
2023-03-18T05:00:00.000000,USA,Midcontinent ISO,US-MIDW-MISO,336.08,388.74,50.27,33.81,eia.gov,false,""
2023-03-18T06:00:00.000000,USA,Midcontinent ISO,US-MIDW-MISO,332.04,384.0,51.02,34.21,eia.gov,false,""
2023-03-18T07:00:00.000000,USA,Midcontinent ISO,US-MIDW-MISO,330.42,382.09,51.32,34.17,eia.gov,false,""
2023-03-18T08:00:00.000000,USA,Midcontinent ISO,US-MIDW-MISO,329.98,381.46,51.49,34.31,eia.gov,false,""
2023-03-18T09:00:00.000000,USA,Midcontinent ISO,US-MIDW-MISO,333.69,386.18,50.56,34.04,eia.gov,false,""
2023-03-18T10:00:00.000000,USA,Midcontinent ISO,US-MIDW-MISO,341.2,395.33,48.95,33.03,eia.gov,false,""
2023-03-18T11:00:00.000000,USA,Midcontinent ISO,US-MIDW-MISO,346.84,401.94,47.99,32.65,eia.gov,false,""
2023-03-18T12:00:00.000000,USA,Midcontinent ISO,US-MIDW-MISO,351.96,407.65,47.29,32.23,eia.gov,false,""
2023-03-18T13:00:00.000000,USA,Midcontinent ISO,US-MIDW-MISO,358.27,414.26,46.72,32.1,eia.gov,false,""
2023-03-18T14:00:00.000000,USA,Midcontinent ISO,US-MIDW-MISO,353.42,408.59,47.68,33.29,eia.gov,false,""
2023-03-18T15:00:00.000000,USA,Midcontinent ISO,US-MIDW-MISO,339.54,393.23,49.67,35.06,eia.gov,false,""
2023-03-18T16:00:00.000000,USA,Midcontinent ISO,US-MIDW-MISO,337.31,390.91,49.85,34.97,eia.gov,false,""
2023-03-18T17:00:00.000000,USA,Midcontinent ISO,US-MIDW-MISO,331.34,384.1,50.82,35.43,eia.gov,false,""
2023-03-18T18:00:00.000000,USA,Midcontinent ISO,US-MIDW-MISO,326.56,379.18,51.22,35.46,eia.gov,false,""
2023-03-18T19:00:00.000000,USA,Midcontinent ISO,US-MIDW-MISO,320.76,373.08,51.82,35.79,eia.gov,false,""
2023-03-18T20:00:00.000000,USA,Midcontinent ISO,US-MIDW-MISO,321.36,373.71,51.73,35.66,eia.gov,false,""
2023-03-18T21:00:00.000000,USA,Midcontinent ISO,US-MIDW-MISO,325.67,378.75,50.94,35.19,eia.gov,false,""
2023-03-18T22:00:00.000000,USA,Midcontinent ISO,US-MIDW-MISO,333.94,387.78,49.83,34.35,eia.gov,false,""
2023-03-18T23:00:00.000000,USA,Midcontinent ISO,US-MIDW-MISO,352.48,407.78,47.51,32.6,eia.gov,false,""
2023-03-19T00:00:00.000000,USA,Midcontinent ISO,US-MIDW-MISO,364.9,421.37,45.91,31.53,eia.gov,false,""
2023-03-19T01:00:00.000000,USA,Midcontinent ISO,US-MIDW-MISO,368.79,425.3,45.62,31.28,eia.gov,false,""
2023-03-19T02:00:00.000000,USA,Midcontinent ISO,US-MIDW-MISO,365.33,421.37,46.11,31.57,eia.gov,false,""
2023-03-19T03:00:00.000000,USA,Midcontinent ISO,US-MIDW-MISO,362.36,418.56,46.15,31.12,eia.gov,false,""
2023-03-19T04:00:00.000000,USA,Midcontinent ISO,US-MIDW-MISO,359.1,416.23,45.72,30.32,eia.gov,false,""
2023-03-19T05:00:00.000000,USA,Midcontinent ISO,US-MIDW-MISO,356.92,415.04,45.19,29.48,eia.gov,false,""
2023-03-19T06:00:00.000000,USA,Midcontinent ISO,US-MIDW-MISO,363.22,422.65,43.89,28.05,eia.gov,false,""
2023-03-19T07:00:00.000000,USA,Midcontinent ISO,US-MIDW-MISO,373.69,434.39,42.34,26.37,eia.gov,false,""
2023-03-19T08:00:00.000000,USA,Midcontinent ISO,US-MIDW-MISO,390.0,451.76,40.55,24.65,eia.gov,false,""
2023-03-19T09:00:00.000000,USA,Midcontinent ISO,US-MIDW-MISO,405.25,468.33,38.67,23.09,eia.gov,false,""
2023-03-19T10:00:00.000000,USA,Midcontinent ISO,US-MIDW-MISO,414.26,478.42,37.38,22.21,eia.gov,false,""
2023-03-19T11:00:00.000000,USA,Midcontinent ISO,US-MIDW-MISO,413.39,477.52,37.56,22.85,eia.gov,false,""
2023-03-19T12:00:00.000000,USA,Midcontinent ISO,US-MIDW-MISO,413.21,477.45,37.52,23.08,eia.gov,false,""
2023-03-19T13:00:00.000000,USA,Midcontinent ISO,US-MIDW-MISO,408.38,472.23,38.27,23.75,eia.gov,false,""
2023-03-19T14:00:00.000000,USA,Midcontinent ISO,US-MIDW-MISO,407.54,471.38,38.39,23.52,eia.gov,false,""
2023-03-19T15:00:00.000000,USA,Midcontinent ISO,US-MIDW-MISO,395.34,457.67,40.19,25.14,eia.gov,false,""
2023-03-19T16:00:00.000000,USA,Midcontinent ISO,US-MIDW-MISO,368.21,428.31,43.49,28.07,eia.gov,false,""
2023-03-19T17:00:00.000000,USA,Midcontinent ISO,US-MIDW-MISO,347.39,405.72,46.08,30.28,eia.gov,false,""
2023-03-19T18:00:00.000000,USA,Midcontinent ISO,US-MIDW-MISO,329.07,385.97,48.27,31.99,eia.gov,false,""
2023-03-19T19:00:00.000000,USA,Midcontinent ISO,US-MIDW-MISO,319.35,375.13,49.69,33.18,eia.gov,false,""
2023-03-19T20:00:00.000000,USA,Midcontinent ISO,US-MIDW-MISO,318.09,372.1,50.97,34.39,eia.gov,false,""
2023-03-19T21:00:00.000000,USA,Midcontinent ISO,US-MIDW-MISO,322.37,376.71,50.44,34.12,eia.gov,false,""
2023-03-19T22:00:00.000000,USA,Midcontinent ISO,US-MIDW-MISO,330.53,386.8,48.49,32.62,eia.gov,false,""
2023-03-19T23:00:00.000000,USA,Midcontinent ISO,US-MIDW-MISO,346.65,405.15,45.8,30.53,eia.gov,false,""
2023-03-20T00:00:00.000000,USA,Midcontinent ISO,US-MIDW-MISO,358.74,417.79,44.64,30.16,eia.gov,false,""
2023-03-20T01:00:00.000000,USA,Midcontinent ISO,US-MIDW-MISO,368.08,427.17,43.92,29.71,eia.gov,false,""
2023-03-20T02:00:00.000000,USA,Midcontinent ISO,US-MIDW-MISO,364.56,422.94,44.58,30.13,eia.gov,false,""
2023-03-20T03:00:00.000000,USA,Midcontinent ISO,US-MIDW-MISO,360.45,418.07,45.3,30.57,eia.gov,false,""
2023-03-20T04:00:00.000000,USA,Midcontinent ISO,US-MIDW-MISO,352.2,408.07,47.0,31.6,eia.gov,false,""
2023-03-20T05:00:00.000000,USA,Midcontinent ISO,US-MIDW-MISO,344.04,400.16,47.37,31.84,eia.gov,false,""
2023-03-20T06:00:00.000000,USA,Midcontinent ISO,US-MIDW-MISO,342.37,398.69,47.35,31.95,eia.gov,false,""
2023-03-20T07:00:00.000000,USA,Midcontinent ISO,US-MIDW-MISO,340.94,397.49,47.29,31.86,eia.gov,false,""
2023-03-20T08:00:00.000000,USA,Midcontinent ISO,US-MIDW-MISO,342.1,399.3,46.79,31.48,eia.gov,false,""
2023-03-20T09:00:00.000000,USA,Midcontinent ISO,US-MIDW-MISO,353.98,412.79,44.93,30.32,eia.gov,false,""
2023-03-20T10:00:00.000000,USA,Midcontinent ISO,US-MIDW-MISO,368.16,429.71,42.25,28.81,eia.gov,false,""
2023-03-20T11:00:00.000000,USA,Midcontinent ISO,US-MIDW-MISO,377.54,440.25,41.02,28.63,eia.gov,false,""
2023-03-20T12:00:00.000000,USA,Midcontinent ISO,US-MIDW-MISO,391.95,455.89,39.23,27.22,eia.gov,false,""
2023-03-20T13:00:00.000000,USA,Midcontinent ISO,US-MIDW-MISO,398.86,462.46,39.08,26.56,eia.gov,false,""
2023-03-20T14:00:00.000000,USA,Midcontinent ISO,US-MIDW-MISO,396.9,460.41,39.31,26.09,eia.gov,false,""
2023-03-20T15:00:00.000000,USA,Midcontinent ISO,US-MIDW-MISO,384.35,447.37,40.46,26.49,eia.gov,false,""
2023-03-20T16:00:00.000000,USA,Midcontinent ISO,US-MIDW-MISO,389.18,452.52,39.94,25.32,eia.gov,false,""
2023-03-20T17:00:00.000000,USA,Midcontinent ISO,US-MIDW-MISO,400.33,464.56,38.61,23.31,eia.gov,false,""
2023-03-20T18:00:00.000000,USA,Midcontinent ISO,US-MIDW-MISO,403.03,467.55,38.27,22.5,eia.gov,false,""
2023-03-20T19:00:00.000000,USA,Midcontinent ISO,US-MIDW-MISO,398.99,462.66,39.14,22.99,eia.gov,false,""
2023-03-20T20:00:00.000000,USA,Midcontinent ISO,US-MIDW-MISO,389.75,453.38,39.79,23.32,eia.gov,false,""
2023-03-20T21:00:00.000000,USA,Midcontinent ISO,US-MIDW-MISO,382.06,445.76,40.24,23.76,eia.gov,false,""
2023-03-20T22:00:00.000000,USA,Midcontinent ISO,US-MIDW-MISO,383.33,447.85,39.54,23.36,eia.gov,false,""
2023-03-20T23:00:00.000000,USA,Midcontinent ISO,US-MIDW-MISO,396.3,461.18,38.24,22.66,eia.gov,false,""
2023-03-21T00:00:00.000000,USA,Midcontinent ISO,US-MIDW-MISO,391.05,454.72,39.38,24.31,eia.gov,false,""
2023-03-21T01:00:00.000000,USA,Midcontinent ISO,US-MIDW-MISO,390.81,453.76,39.77,25.04,eia.gov,false,""
2023-03-21T02:00:00.000000,USA,Midcontinent ISO,US-MIDW-MISO,378.06,439.89,41.35,25.96,eia.gov,false,""
2023-03-21T03:00:00.000000,USA,Midcontinent ISO,US-MIDW-MISO,375.55,437.17,41.59,25.51,eia.gov,false,""
2023-03-21T04:00:00.000000,USA,Midcontinent ISO,US-MIDW-MISO,360.69,420.86,43.57,26.83,eia.gov,false,""
2023-03-21T05:00:00.000000,USA,Midcontinent ISO,US-MIDW-MISO,354.89,415.14,43.9,26.74,eia.gov,false,""
2023-03-21T06:00:00.000000,USA,Midcontinent ISO,US-MIDW-MISO,355.57,416.13,43.65,26.32,eia.gov,false,""
2023-03-21T07:00:00.000000,USA,Midcontinent ISO,US-MIDW-MISO,356.4,416.95,43.61,26.43,eia.gov,false,""
2023-03-21T08:00:00.000000,USA,Midcontinent ISO,US-MIDW-MISO,355.06,415.54,43.74,26.55,eia.gov,false,""
2023-03-21T09:00:00.000000,USA,Midcontinent ISO,US-MIDW-MISO,364.36,426.16,42.23,25.43,eia.gov,false,""
2023-03-21T10:00:00.000000,USA,Midcontinent ISO,US-MIDW-MISO,373.23,436.9,40.59,25.22,eia.gov,false,""
2023-03-21T11:00:00.000000,USA,Midcontinent ISO,US-MIDW-MISO,393.52,458.77,38.27,24.08,eia.gov,false,""
2023-03-21T12:00:00.000000,USA,Midcontinent ISO,US-MIDW-MISO,416.27,482.36,36.17,22.27,eia.gov,false,""
2023-03-21T13:00:00.000000,USA,Midcontinent ISO,US-MIDW-MISO,416.69,483.13,35.98,21.59,eia.gov,false,""
2023-03-21T14:00:00.000000,USA,Midcontinent ISO,US-MIDW-MISO,427.53,495.26,34.35,19.54,eia.gov,false,""
2023-03-21T15:00:00.000000,USA,Midcontinent ISO,US-MIDW-MISO,419.76,486.95,35.23,19.69,eia.gov,false,""
2023-03-21T16:00:00.000000,USA,Midcontinent ISO,US-MIDW-MISO,403.67,469.7,37.1,21.05,eia.gov,false,""
2023-03-21T17:00:00.000000,USA,Midcontinent ISO,US-MIDW-MISO,394.65,459.27,38.68,22.09,eia.gov,false,""
2023-03-21T18:00:00.000000,USA,Midcontinent ISO,US-MIDW-MISO,384.44,447.57,40.35,23.37,eia.gov,false,""
2023-03-21T19:00:00.000000,USA,Midcontinent ISO,US-MIDW-MISO,365.54,426.63,42.94,25.83,eia.gov,false,""
2023-03-21T20:00:00.000000,USA,Midcontinent ISO,US-MIDW-MISO,349.98,409.26,45.16,28.2,eia.gov,false,""
2023-03-21T21:00:00.000000,USA,Midcontinent ISO,US-MIDW-MISO,345.78,404.99,45.44,29.01,eia.gov,false,""
2023-03-21T22:00:00.000000,USA,Midcontinent ISO,US-MIDW-MISO,348.07,407.63,44.98,28.85,eia.gov,false,""
2023-03-21T23:00:00.000000,USA,Midcontinent ISO,US-MIDW-MISO,355.96,415.92,44.15,28.67,eia.gov,false,""
2023-03-22T00:00:00.000000,USA,Midcontinent ISO,US-MIDW-MISO,361.7,422.19,43.39,28.15,eia.gov,false,""
2023-03-22T01:00:00.000000,USA,Midcontinent ISO,US-MIDW-MISO,365.59,426.56,42.78,27.42,eia.gov,false,""
2023-03-22T02:00:00.000000,USA,Midcontinent ISO,US-MIDW-MISO,358.0,418.67,43.45,27.44,eia.gov,false,""
2023-03-22T03:00:00.000000,USA,Midcontinent ISO,US-MIDW-MISO,359.3,419.94,43.34,26.69,eia.gov,false,""
2023-03-22T04:00:00.000000,USA,Midcontinent ISO,US-MIDW-MISO,356.45,416.08,44.21,26.74,eia.gov,false,""
2023-03-22T05:00:00.000000,USA,Midcontinent ISO,US-MIDW-MISO,349.19,407.82,45.36,27.09,eia.gov,false,""
2023-03-22T06:00:00.000000,USA,Midcontinent ISO,US-MIDW-MISO,346.45,405.79,45.07,26.3,eia.gov,false,""
2023-03-22T07:00:00.000000,USA,Midcontinent ISO,US-MIDW-MISO,350.97,411.42,44.04,25.07,eia.gov,false,""
2023-03-22T08:00:00.000000,USA,Midcontinent ISO,US-MIDW-MISO,358.81,420.71,42.56,23.63,eia.gov,false,""
2023-03-22T09:00:00.000000,USA,Midcontinent ISO,US-MIDW-MISO,374.78,438.5,40.29,21.76,eia.gov,false,""
2023-03-22T10:00:00.000000,USA,Midcontinent ISO,US-MIDW-MISO,390.83,455.75,38.48,21.41,eia.gov,false,""
2023-03-22T11:00:00.000000,USA,Midcontinent ISO,US-MIDW-MISO,408.7,474.9,36.57,21.17,eia.gov,false,""
2023-03-22T12:00:00.000000,USA,Midcontinent ISO,US-MIDW-MISO,425.65,492.36,35.07,19.99,eia.gov,false,""
2023-03-22T13:00:00.000000,USA,Midcontinent ISO,US-MIDW-MISO,423.21,490.21,35.08,19.66,eia.gov,false,""
2023-03-22T14:00:00.000000,USA,Midcontinent ISO,US-MIDW-MISO,414.65,481.4,35.86,20.17,eia.gov,false,""
2023-03-22T15:00:00.000000,USA,Midcontinent ISO,US-MIDW-MISO,424.41,492.2,34.45,18.44,eia.gov,false,""
2023-03-22T16:00:00.000000,USA,Midcontinent ISO,US-MIDW-MISO,426.57,495.04,33.89,17.48,eia.gov,false,""
2023-03-22T17:00:00.000000,USA,Midcontinent ISO,US-MIDW-MISO,431.57,500.42,33.32,16.76,eia.gov,false,""
2023-03-22T18:00:00.000000,USA,Midcontinent ISO,US-MIDW-MISO,433.86,502.8,33.11,16.56,eia.gov,false,""
2023-03-22T19:00:00.000000,USA,Midcontinent ISO,US-MIDW-MISO,426.94,495.64,33.73,17.02,eia.gov,false,""
2023-03-22T20:00:00.000000,USA,Midcontinent ISO,US-MIDW-MISO,417.87,486.13,34.63,17.84,eia.gov,false,""
2023-03-22T21:00:00.000000,USA,Midcontinent ISO,US-MIDW-MISO,433.88,502.64,33.18,16.95,eia.gov,false,""
2023-03-22T22:00:00.000000,USA,Midcontinent ISO,US-MIDW-MISO,440.36,509.36,32.57,16.65,eia.gov,false,""
2023-03-22T23:00:00.000000,USA,Midcontinent ISO,US-MIDW-MISO,432.18,500.25,33.71,17.93,eia.gov,false,""
2023-03-23T00:00:00.000000,USA,Midcontinent ISO,US-MIDW-MISO,432.89,500.65,33.83,18.07,eia.gov,false,""
2023-03-23T01:00:00.000000,USA,Midcontinent ISO,US-MIDW-MISO,417.29,483.86,35.63,19.55,eia.gov,false,""
2023-03-23T02:00:00.000000,USA,Midcontinent ISO,US-MIDW-MISO,396.57,461.04,38.38,21.37,eia.gov,false,""
2023-03-23T03:00:00.000000,USA,Midcontinent ISO,US-MIDW-MISO,387.82,451.49,39.46,21.65,eia.gov,false,""
2023-03-23T04:00:00.000000,USA,Midcontinent ISO,US-MIDW-MISO,384.46,448.5,39.42,20.86,eia.gov,false,""
2023-03-23T05:00:00.000000,USA,Midcontinent ISO,US-MIDW-MISO,376.73,439.81,40.59,21.01,eia.gov,false,""
2023-03-23T06:00:00.000000,USA,Midcontinent ISO,US-MIDW-MISO,376.08,438.56,41.04,20.14,eia.gov,false,""
2023-03-23T07:00:00.000000,USA,Midcontinent ISO,US-MIDW-MISO,378.31,440.0,41.44,20.43,eia.gov,false,""
2023-03-23T08:00:00.000000,USA,Midcontinent ISO,US-MIDW-MISO,376.44,437.2,42.18,21.32,eia.gov,false,""
2023-03-23T09:00:00.000000,USA,Midcontinent ISO,US-MIDW-MISO,378.25,440.05,41.39,21.38,eia.gov,false,""
2023-03-23T10:00:00.000000,USA,Midcontinent ISO,US-MIDW-MISO,384.5,449.14,39.1,20.47,eia.gov,false,""
2023-03-23T11:00:00.000000,USA,Midcontinent ISO,US-MIDW-MISO,398.29,464.75,36.97,19.95,eia.gov,false,""
2023-03-23T12:00:00.000000,USA,Midcontinent ISO,US-MIDW-MISO,412.67,480.0,35.4,18.89,eia.gov,false,""
2023-03-23T13:00:00.000000,USA,Midcontinent ISO,US-MIDW-MISO,412.97,480.58,35.29,18.86,eia.gov,false,""
2023-03-23T14:00:00.000000,USA,Midcontinent ISO,US-MIDW-MISO,417.39,485.42,34.82,18.53,eia.gov,false,""
2023-03-23T15:00:00.000000,USA,Midcontinent ISO,US-MIDW-MISO,443.95,513.53,32.01,15.74,eia.gov,false,""
2023-03-23T16:00:00.000000,USA,Midcontinent ISO,US-MIDW-MISO,450.92,521.52,30.91,14.39,eia.gov,false,""
2023-03-23T17:00:00.000000,USA,Midcontinent ISO,US-MIDW-MISO,454.73,525.81,30.36,13.7,eia.gov,false,""
2023-03-23T18:00:00.000000,USA,Midcontinent ISO,US-MIDW-MISO,461.67,533.25,29.59,13.06,eia.gov,false,""
2023-03-23T19:00:00.000000,USA,Midcontinent ISO,US-MIDW-MISO,467.45,539.52,28.89,12.52,eia.gov,false,""
2023-03-23T20:00:00.000000,USA,Midcontinent ISO,US-MIDW-MISO,468.11,540.21,28.85,12.4,eia.gov,false,""
2023-03-23T21:00:00.000000,USA,Midcontinent ISO,US-MIDW-MISO,468.91,541.47,28.49,11.91,eia.gov,false,""
2023-03-23T22:00:00.000000,USA,Midcontinent ISO,US-MIDW-MISO,468.24,540.44,28.82,12.55,eia.gov,false,""
2023-03-23T23:00:00.000000,USA,Midcontinent ISO,US-MIDW-MISO,464.27,536.0,29.37,13.24,eia.gov,false,""
2023-03-24T00:00:00.000000,USA,Midcontinent ISO,US-MIDW-MISO,460.06,531.46,29.8,13.62,eia.gov,false,""
2023-03-24T01:00:00.000000,USA,Midcontinent ISO,US-MIDW-MISO,462.27,533.71,29.54,13.33,eia.gov,false,""
2023-03-24T02:00:00.000000,USA,Midcontinent ISO,US-MIDW-MISO,460.56,532.07,29.49,12.72,eia.gov,false,""
2023-03-24T03:00:00.000000,USA,Midcontinent ISO,US-MIDW-MISO,453.97,524.93,30.2,12.69,eia.gov,false,""
2023-03-24T04:00:00.000000,USA,Midcontinent ISO,US-MIDW-MISO,436.89,507.11,31.82,13.65,eia.gov,false,""
2023-03-24T05:00:00.000000,USA,Midcontinent ISO,US-MIDW-MISO,421.44,490.75,33.47,14.44,eia.gov,false,""
2023-03-24T06:00:00.000000,USA,Midcontinent ISO,US-MIDW-MISO,410.95,479.93,34.39,14.67,eia.gov,false,""
2023-03-24T07:00:00.000000,USA,Midcontinent ISO,US-MIDW-MISO,410.96,479.57,34.64,14.77,eia.gov,false,""
2023-03-24T08:00:00.000000,USA,Midcontinent ISO,US-MIDW-MISO,417.32,486.34,33.94,14.12,eia.gov,false,""
2023-03-24T09:00:00.000000,USA,Midcontinent ISO,US-MIDW-MISO,438.42,508.34,31.92,12.84,eia.gov,false,""
2023-03-24T10:00:00.000000,USA,Midcontinent ISO,US-MIDW-MISO,448.84,519.1,31.04,13.18,eia.gov,false,""
2023-03-24T11:00:00.000000,USA,Midcontinent ISO,US-MIDW-MISO,444.49,514.77,31.51,15.13,eia.gov,false,""
2023-03-24T12:00:00.000000,USA,Midcontinent ISO,US-MIDW-MISO,452.51,522.56,31.15,15.63,eia.gov,false,""
2023-03-24T13:00:00.000000,USA,Midcontinent ISO,US-MIDW-MISO,450.66,520.78,31.3,15.73,eia.gov,false,""
2023-03-24T14:00:00.000000,USA,Midcontinent ISO,US-MIDW-MISO,458.47,529.39,30.35,14.93,eia.gov,false,""
2023-03-24T15:00:00.000000,USA,Midcontinent ISO,US-MIDW-MISO,460.76,531.7,30.24,14.82,eia.gov,false,""
2023-03-24T16:00:00.000000,USA,Midcontinent ISO,US-MIDW-MISO,463.75,534.84,29.81,14.18,eia.gov,false,""
2023-03-24T17:00:00.000000,USA,Midcontinent ISO,US-MIDW-MISO,456.59,526.96,30.79,14.75,eia.gov,false,""
2023-03-24T18:00:00.000000,USA,Midcontinent ISO,US-MIDW-MISO,462.72,533.44,30.09,13.71,eia.gov,false,""
2023-03-24T19:00:00.000000,USA,Midcontinent ISO,US-MIDW-MISO,464.33,535.0,29.99,13.51,eia.gov,false,""
2023-03-24T20:00:00.000000,USA,Midcontinent ISO,US-MIDW-MISO,460.21,531.15,30.07,13.7,eia.gov,false,""
2023-03-24T21:00:00.000000,USA,Midcontinent ISO,US-MIDW-MISO,458.44,528.61,30.68,14.35,eia.gov,false,""
2023-03-24T22:00:00.000000,USA,Midcontinent ISO,US-MIDW-MISO,462.94,532.99,30.39,14.54,eia.gov,false,""
2023-03-24T23:00:00.000000,USA,Midcontinent ISO,US-MIDW-MISO,462.81,532.79,30.39,14.62,eia.gov,false,""
2023-03-25T00:00:00.000000,USA,Midcontinent ISO,US-MIDW-MISO,457.3,526.36,31.34,15.75,eia.gov,false,""
2023-03-25T01:00:00.000000,USA,Midcontinent ISO,US-MIDW-MISO,435.89,503.26,33.81,17.83,eia.gov,false,""
2023-03-25T02:00:00.000000,USA,Midcontinent ISO,US-MIDW-MISO,414.79,481.35,35.74,18.94,eia.gov,false,""
2023-03-25T03:00:00.000000,USA,Midcontinent ISO,US-MIDW-MISO,406.81,473.92,35.85,17.97,eia.gov,false,""
2023-03-25T04:00:00.000000,USA,Midcontinent ISO,US-MIDW-MISO,402.75,470.03,36.0,17.39,eia.gov,false,""
2023-03-25T05:00:00.000000,USA,Midcontinent ISO,US-MIDW-MISO,400.79,468.43,35.91,16.73,eia.gov,false,""
2023-03-25T06:00:00.000000,USA,Midcontinent ISO,US-MIDW-MISO,411.68,480.35,34.48,14.83,eia.gov,false,""
2023-03-25T07:00:00.000000,USA,Midcontinent ISO,US-MIDW-MISO,415.68,484.52,34.09,14.11,eia.gov,false,""
2023-03-25T08:00:00.000000,USA,Midcontinent ISO,US-MIDW-MISO,423.29,491.72,33.84,14.09,eia.gov,false,""
2023-03-25T09:00:00.000000,USA,Midcontinent ISO,US-MIDW-MISO,434.2,502.93,32.91,13.7,eia.gov,false,""
2023-03-25T10:00:00.000000,USA,Midcontinent ISO,US-MIDW-MISO,446.41,515.25,32.06,13.5,eia.gov,false,""
2023-03-25T11:00:00.000000,USA,Midcontinent ISO,US-MIDW-MISO,440.51,508.57,33.01,14.66,eia.gov,false,""
2023-03-25T12:00:00.000000,USA,Midcontinent ISO,US-MIDW-MISO,434.48,502.04,33.77,16.06,eia.gov,false,""
2023-03-25T13:00:00.000000,USA,Midcontinent ISO,US-MIDW-MISO,433.13,500.63,33.97,16.86,eia.gov,false,""
2023-03-25T14:00:00.000000,USA,Midcontinent ISO,US-MIDW-MISO,438.76,506.33,33.62,16.68,eia.gov,false,""
2023-03-25T15:00:00.000000,USA,Midcontinent ISO,US-MIDW-MISO,442.18,509.72,33.47,16.92,eia.gov,false,""
2023-03-25T16:00:00.000000,USA,Midcontinent ISO,US-MIDW-MISO,444.6,512.31,33.21,16.93,eia.gov,false,""
2023-03-25T17:00:00.000000,USA,Midcontinent ISO,US-MIDW-MISO,443.46,511.23,33.25,16.77,eia.gov,false,""
2023-03-25T18:00:00.000000,USA,Midcontinent ISO,US-MIDW-MISO,430.78,497.82,34.64,17.64,eia.gov,false,""
2023-03-25T19:00:00.000000,USA,Midcontinent ISO,US-MIDW-MISO,419.04,485.34,35.91,18.76,eia.gov,false,""
2023-03-25T20:00:00.000000,USA,Midcontinent ISO,US-MIDW-MISO,401.01,466.96,37.33,20.28,eia.gov,false,""
2023-03-25T21:00:00.000000,USA,Midcontinent ISO,US-MIDW-MISO,389.25,454.81,38.38,21.33,eia.gov,false,""
2023-03-25T22:00:00.000000,USA,Midcontinent ISO,US-MIDW-MISO,397.24,463.35,37.45,20.9,eia.gov,false,""
2023-03-25T23:00:00.000000,USA,Midcontinent ISO,US-MIDW-MISO,411.56,477.97,36.16,19.96,eia.gov,false,""
2023-03-26T00:00:00.000000,USA,Midcontinent ISO,US-MIDW-MISO,406.57,472.0,37.13,21.27,eia.gov,false,""
2023-03-26T01:00:00.000000,USA,Midcontinent ISO,US-MIDW-MISO,394.14,458.7,38.48,22.73,eia.gov,false,""
2023-03-26T02:00:00.000000,USA,Midcontinent ISO,US-MIDW-MISO,373.66,436.75,40.77,24.42,eia.gov,false,""
2023-03-26T03:00:00.000000,USA,Midcontinent ISO,US-MIDW-MISO,356.11,417.8,42.83,25.59,eia.gov,false,""
2023-03-26T04:00:00.000000,USA,Midcontinent ISO,US-MIDW-MISO,345.15,406.18,43.98,26.02,eia.gov,false,""
2023-03-26T05:00:00.000000,USA,Midcontinent ISO,US-MIDW-MISO,338.78,398.33,45.39,26.72,eia.gov,false,""
2023-03-26T06:00:00.000000,USA,Midcontinent ISO,US-MIDW-MISO,332.72,391.09,46.58,27.24,eia.gov,false,""
2023-03-26T07:00:00.000000,USA,Midcontinent ISO,US-MIDW-MISO,334.9,393.64,46.21,26.63,eia.gov,false,""
2023-03-26T08:00:00.000000,USA,Midcontinent ISO,US-MIDW-MISO,338.35,397.41,45.77,26.21,eia.gov,false,""
2023-03-26T09:00:00.000000,USA,Midcontinent ISO,US-MIDW-MISO,341.3,401.34,44.92,25.55,eia.gov,false,""
2023-03-26T10:00:00.000000,USA,Midcontinent ISO,US-MIDW-MISO,353.03,415.55,42.48,23.66,eia.gov,false,""
2023-03-26T11:00:00.000000,USA,Midcontinent ISO,US-MIDW-MISO,369.1,433.61,40.14,21.8,eia.gov,false,""
2023-03-26T12:00:00.000000,USA,Midcontinent ISO,US-MIDW-MISO,372.29,436.91,39.94,21.98,eia.gov,false,""
2023-03-26T13:00:00.000000,USA,Midcontinent ISO,US-MIDW-MISO,359.69,422.73,42.01,23.95,eia.gov,false,""
2023-03-26T14:00:00.000000,USA,Midcontinent ISO,US-MIDW-MISO,351.57,413.87,43.13,24.46,eia.gov,false,""
2023-03-26T15:00:00.000000,USA,Midcontinent ISO,US-MIDW-MISO,348.08,410.71,43.17,24.49,eia.gov,false,""
2023-03-26T16:00:00.000000,USA,Midcontinent ISO,US-MIDW-MISO,350.36,413.93,42.38,23.75,eia.gov,false,""
2023-03-26T17:00:00.000000,USA,Midcontinent ISO,US-MIDW-MISO,359.1,423.71,41.1,22.57,eia.gov,false,""
2023-03-26T18:00:00.000000,USA,Midcontinent ISO,US-MIDW-MISO,360.69,425.23,41.06,22.65,eia.gov,false,""
2023-03-26T19:00:00.000000,USA,Midcontinent ISO,US-MIDW-MISO,361.76,426.79,40.66,22.39,eia.gov,false,""
2023-03-26T20:00:00.000000,USA,Midcontinent ISO,US-MIDW-MISO,364.07,429.74,40.06,21.75,eia.gov,false,""
2023-03-26T21:00:00.000000,USA,Midcontinent ISO,US-MIDW-MISO,376.52,443.36,38.39,20.42,eia.gov,false,""
2023-03-26T22:00:00.000000,USA,Midcontinent ISO,US-MIDW-MISO,382.06,449.21,37.82,20.33,eia.gov,false,""
2023-03-26T23:00:00.000000,USA,Midcontinent ISO,US-MIDW-MISO,391.4,458.88,36.98,20.03,eia.gov,false,""
2023-03-27T00:00:00.000000,USA,Midcontinent ISO,US-MIDW-MISO,408.2,475.86,35.7,19.32,eia.gov,false,""
2023-03-27T01:00:00.000000,USA,Midcontinent ISO,US-MIDW-MISO,414.48,482.13,35.18,18.74,eia.gov,false,""
2023-03-27T02:00:00.000000,USA,Midcontinent ISO,US-MIDW-MISO,402.81,469.49,36.55,19.32,eia.gov,false,""
2023-03-27T03:00:00.000000,USA,Midcontinent ISO,US-MIDW-MISO,398.03,465.16,36.49,18.22,eia.gov,false,""
2023-03-27T04:00:00.000000,USA,Midcontinent ISO,US-MIDW-MISO,401.01,468.74,35.84,16.83,eia.gov,false,""
2023-03-27T05:00:00.000000,USA,Midcontinent ISO,US-MIDW-MISO,399.89,467.93,35.67,16.53,eia.gov,false,""
2023-03-27T06:00:00.000000,USA,Midcontinent ISO,US-MIDW-MISO,393.77,461.64,36.19,16.76,eia.gov,false,""
2023-03-27T07:00:00.000000,USA,Midcontinent ISO,US-MIDW-MISO,391.51,459.45,36.28,16.74,eia.gov,false,""
2023-03-27T08:00:00.000000,USA,Midcontinent ISO,US-MIDW-MISO,399.75,468.62,35.12,15.7,eia.gov,false,""
2023-03-27T09:00:00.000000,USA,Midcontinent ISO,US-MIDW-MISO,422.75,492.48,33.02,14.44,eia.gov,false,""
2023-03-27T10:00:00.000000,USA,Midcontinent ISO,US-MIDW-MISO,429.19,500.4,31.63,14.62,eia.gov,false,""
2023-03-27T11:00:00.000000,USA,Midcontinent ISO,US-MIDW-MISO,427.61,499.1,31.74,16.56,eia.gov,false,""
2023-03-27T12:00:00.000000,USA,Midcontinent ISO,US-MIDW-MISO,447.6,520.42,29.5,15.01,eia.gov,false,""
2023-03-27T13:00:00.000000,USA,Midcontinent ISO,US-MIDW-MISO,456.64,530.21,28.47,13.63,eia.gov,false,""
2023-03-27T14:00:00.000000,USA,Midcontinent ISO,US-MIDW-MISO,466.47,541.68,26.8,11.57,eia.gov,false,""
2023-03-27T15:00:00.000000,USA,Midcontinent ISO,US-MIDW-MISO,472.21,548.28,25.9,10.73,eia.gov,false,""
2023-03-27T16:00:00.000000,USA,Midcontinent ISO,US-MIDW-MISO,470.63,547.21,25.64,10.29,eia.gov,false,""
2023-03-27T17:00:00.000000,USA,Midcontinent ISO,US-MIDW-MISO,463.28,539.68,26.28,10.89,eia.gov,false,""
2023-03-27T18:00:00.000000,USA,Midcontinent ISO,US-MIDW-MISO,459.82,535.2,27.2,11.79,eia.gov,false,""
2023-03-27T19:00:00.000000,USA,Midcontinent ISO,US-MIDW-MISO,453.6,528.25,28.12,12.56,eia.gov,false,""
2023-03-27T20:00:00.000000,USA,Midcontinent ISO,US-MIDW-MISO,447.49,521.61,28.87,13.46,eia.gov,false,""
2023-03-27T21:00:00.000000,USA,Midcontinent ISO,US-MIDW-MISO,439.52,513.07,29.75,14.55,eia.gov,false,""
2023-03-27T22:00:00.000000,USA,Midcontinent ISO,US-MIDW-MISO,436.22,509.06,30.4,15.4,eia.gov,false,""
2023-03-27T23:00:00.000000,USA,Midcontinent ISO,US-MIDW-MISO,449.06,522.34,29.15,14.44,eia.gov,false,""
2023-03-28T00:00:00.000000,USA,Midcontinent ISO,US-MIDW-MISO,456.68,530.26,28.4,14.07,eia.gov,false,""
2023-03-28T01:00:00.000000,USA,Midcontinent ISO,US-MIDW-MISO,455.36,528.11,28.96,14.54,eia.gov,false,""
2023-03-28T02:00:00.000000,USA,Midcontinent ISO,US-MIDW-MISO,440.2,510.94,31.24,16.09,eia.gov,false,""
2023-03-28T03:00:00.000000,USA,Midcontinent ISO,US-MIDW-MISO,421.37,490.1,33.77,17.34,eia.gov,false,""
2023-03-28T04:00:00.000000,USA,Midcontinent ISO,US-MIDW-MISO,405.14,473.45,35.12,17.93,eia.gov,false,""
2023-03-28T05:00:00.000000,USA,Midcontinent ISO,US-MIDW-MISO,400.77,469.45,35.19,17.87,eia.gov,false,""
2023-03-28T06:00:00.000000,USA,Midcontinent ISO,US-MIDW-MISO,400.86,469.31,35.34,17.68,eia.gov,false,""
2023-03-28T07:00:00.000000,USA,Midcontinent ISO,US-MIDW-MISO,399.9,468.29,35.45,17.47,eia.gov,false,""
2023-03-28T08:00:00.000000,USA,Midcontinent ISO,US-MIDW-MISO,416.16,485.83,33.52,15.85,eia.gov,false,""
2023-03-28T09:00:00.000000,USA,Midcontinent ISO,US-MIDW-MISO,441.56,512.98,30.65,13.52,eia.gov,false,""
2023-03-28T10:00:00.000000,USA,Midcontinent ISO,US-MIDW-MISO,457.45,529.83,29.03,13.23,eia.gov,false,""
2023-03-28T11:00:00.000000,USA,Midcontinent ISO,US-MIDW-MISO,453.22,526.5,28.9,14.34,eia.gov,false,""
2023-03-28T12:00:00.000000,USA,Midcontinent ISO,US-MIDW-MISO,462.62,536.74,27.72,13.59,eia.gov,false,""
2023-03-28T13:00:00.000000,USA,Midcontinent ISO,US-MIDW-MISO,461.44,535.55,27.93,13.56,eia.gov,false,""
2023-03-28T14:00:00.000000,USA,Midcontinent ISO,US-MIDW-MISO,453.83,527.74,28.64,13.7,eia.gov,false,""
2023-03-28T15:00:00.000000,USA,Midcontinent ISO,US-MIDW-MISO,447.04,520.5,29.43,14.18,eia.gov,false,""
2023-03-28T16:00:00.000000,USA,Midcontinent ISO,US-MIDW-MISO,443.49,516.44,29.95,14.76,eia.gov,false,""
2023-03-28T17:00:00.000000,USA,Midcontinent ISO,US-MIDW-MISO,423.38,494.46,32.49,17.17,eia.gov,false,""
2023-03-28T18:00:00.000000,USA,Midcontinent ISO,US-MIDW-MISO,398.84,467.68,35.61,20.16,eia.gov,false,""
2023-03-28T19:00:00.000000,USA,Midcontinent ISO,US-MIDW-MISO,382.19,449.23,37.92,22.57,eia.gov,false,""
2023-03-28T20:00:00.000000,USA,Midcontinent ISO,US-MIDW-MISO,380.39,447.2,38.18,22.84,eia.gov,false,""
2023-03-28T21:00:00.000000,USA,Midcontinent ISO,US-MIDW-MISO,381.59,448.29,38.16,22.97,eia.gov,false,""
2023-03-28T22:00:00.000000,USA,Midcontinent ISO,US-MIDW-MISO,384.76,452.11,37.46,22.37,eia.gov,false,""
2023-03-28T23:00:00.000000,USA,Midcontinent ISO,US-MIDW-MISO,402.9,472.3,34.74,19.95,eia.gov,false,""
2023-03-29T00:00:00.000000,USA,Midcontinent ISO,US-MIDW-MISO,423.14,493.69,32.62,18.21,eia.gov,false,""
2023-03-29T01:00:00.000000,USA,Midcontinent ISO,US-MIDW-MISO,422.71,492.14,33.3,18.91,eia.gov,false,""
2023-03-29T02:00:00.000000,USA,Midcontinent ISO,US-MIDW-MISO,399.45,467.08,36.01,20.89,eia.gov,false,""
2023-03-29T03:00:00.000000,USA,Midcontinent ISO,US-MIDW-MISO,371.76,436.66,39.64,23.55,eia.gov,false,""
2023-03-29T04:00:00.000000,USA,Midcontinent ISO,US-MIDW-MISO,344.63,405.95,43.83,26.99,eia.gov,false,""
2023-03-29T05:00:00.000000,USA,Midcontinent ISO,US-MIDW-MISO,333.65,393.22,45.7,28.37,eia.gov,false,""
2023-03-29T06:00:00.000000,USA,Midcontinent ISO,US-MIDW-MISO,337.29,397.7,44.92,27.68,eia.gov,false,""
2023-03-29T07:00:00.000000,USA,Midcontinent ISO,US-MIDW-MISO,348.69,409.51,43.89,26.74,eia.gov,false,""
2023-03-29T08:00:00.000000,USA,Midcontinent ISO,US-MIDW-MISO,354.7,415.67,43.4,26.49,eia.gov,false,""
2023-03-29T09:00:00.000000,USA,Midcontinent ISO,US-MIDW-MISO,359.76,420.79,43.06,26.47,eia.gov,false,""
2023-03-29T10:00:00.000000,USA,Midcontinent ISO,US-MIDW-MISO,372.45,435.18,41.1,25.13,eia.gov,false,""
2023-03-29T11:00:00.000000,USA,Midcontinent ISO,US-MIDW-MISO,384.26,449.59,38.7,24.51,eia.gov,false,""
2023-03-29T12:00:00.000000,USA,Midcontinent ISO,US-MIDW-MISO,395.22,461.31,37.45,23.53,eia.gov,false,""
2023-03-29T13:00:00.000000,USA,Midcontinent ISO,US-MIDW-MISO,387.92,454.29,37.83,23.21,eia.gov,false,""
2023-03-29T14:00:00.000000,USA,Midcontinent ISO,US-MIDW-MISO,383.14,449.74,38.11,22.72,eia.gov,false,""
2023-03-29T15:00:00.000000,USA,Midcontinent ISO,US-MIDW-MISO,382.94,450.05,37.78,21.92,eia.gov,false,""
2023-03-29T16:00:00.000000,USA,Midcontinent ISO,US-MIDW-MISO,376.43,443.27,38.43,22.11,eia.gov,false,""
2023-03-29T17:00:00.000000,USA,Midcontinent ISO,US-MIDW-MISO,379.77,446.8,38.1,21.63,eia.gov,false,""
2023-03-29T18:00:00.000000,USA,Midcontinent ISO,US-MIDW-MISO,392.71,461.05,36.39,19.87,eia.gov,false,""
2023-03-29T19:00:00.000000,USA,Midcontinent ISO,US-MIDW-MISO,399.98,469.59,35.09,18.44,eia.gov,false,""
2023-03-29T20:00:00.000000,USA,Midcontinent ISO,US-MIDW-MISO,405.72,476.0,34.28,17.53,eia.gov,false,""
2023-03-29T21:00:00.000000,USA,Midcontinent ISO,US-MIDW-MISO,414.22,484.82,33.51,16.94,eia.gov,false,""
2023-03-29T22:00:00.000000,USA,Midcontinent ISO,US-MIDW-MISO,429.7,501.7,31.48,15.29,eia.gov,false,""
2023-03-29T23:00:00.000000,USA,Midcontinent ISO,US-MIDW-MISO,444.26,517.13,29.87,14.12,eia.gov,false,""
2023-03-30T00:00:00.000000,USA,Midcontinent ISO,US-MIDW-MISO,455.31,528.36,28.95,13.78,eia.gov,false,""
2023-03-30T01:00:00.000000,USA,Midcontinent ISO,US-MIDW-MISO,448.05,519.72,30.27,15.4,eia.gov,false,""
2023-03-30T02:00:00.000000,USA,Midcontinent ISO,US-MIDW-MISO,431.87,501.75,32.43,17.17,eia.gov,false,""
2023-03-30T03:00:00.000000,USA,Midcontinent ISO,US-MIDW-MISO,405.36,473.01,35.61,19.23,eia.gov,false,""
2023-03-30T04:00:00.000000,USA,Midcontinent ISO,US-MIDW-MISO,397.86,464.29,36.87,19.72,eia.gov,false,""
2023-03-30T05:00:00.000000,USA,Midcontinent ISO,US-MIDW-MISO,388.05,453.01,38.5,20.6,eia.gov,false,""
2023-03-30T06:00:00.000000,USA,Midcontinent ISO,US-MIDW-MISO,376.58,440.63,39.9,21.42,eia.gov,false,""
2023-03-30T07:00:00.000000,USA,Midcontinent ISO,US-MIDW-MISO,368.53,431.94,40.86,22.22,eia.gov,false,""
2023-03-30T08:00:00.000000,USA,Midcontinent ISO,US-MIDW-MISO,367.49,430.81,40.99,22.76,eia.gov,false,""
2023-03-30T09:00:00.000000,USA,Midcontinent ISO,US-MIDW-MISO,365.2,428.84,40.94,23.58,eia.gov,false,""
2023-03-30T10:00:00.000000,USA,Midcontinent ISO,US-MIDW-MISO,365.74,429.12,41.23,25.59,eia.gov,false,""
2023-03-30T11:00:00.000000,USA,Midcontinent ISO,US-MIDW-MISO,379.22,442.7,40.35,26.21,eia.gov,false,""
2023-03-30T12:00:00.000000,USA,Midcontinent ISO,US-MIDW-MISO,375.94,438.65,41.1,27.24,eia.gov,false,""
2023-03-30T13:00:00.000000,USA,Midcontinent ISO,US-MIDW-MISO,366.0,428.0,42.32,28.08,eia.gov,false,""
2023-03-30T14:00:00.000000,USA,Midcontinent ISO,US-MIDW-MISO,351.5,412.07,44.3,29.58,eia.gov,false,""
2023-03-30T15:00:00.000000,USA,Midcontinent ISO,US-MIDW-MISO,345.85,405.89,45.0,29.81,eia.gov,false,""
2023-03-30T16:00:00.000000,USA,Midcontinent ISO,US-MIDW-MISO,344.79,404.43,45.35,29.88,eia.gov,false,""
2023-03-30T17:00:00.000000,USA,Midcontinent ISO,US-MIDW-MISO,345.32,403.88,46.04,30.49,eia.gov,false,""
2023-03-30T18:00:00.000000,USA,Midcontinent ISO,US-MIDW-MISO,338.82,396.23,47.23,31.23,eia.gov,false,""
2023-03-30T19:00:00.000000,USA,Midcontinent ISO,US-MIDW-MISO,332.9,390.12,47.74,31.72,eia.gov,false,""
2023-03-30T20:00:00.000000,USA,Midcontinent ISO,US-MIDW-MISO,330.42,388.13,47.57,31.75,eia.gov,false,""
2023-03-30T21:00:00.000000,USA,Midcontinent ISO,US-MIDW-MISO,327.76,385.98,47.34,31.68,eia.gov,false,""
2023-03-30T22:00:00.000000,USA,Midcontinent ISO,US-MIDW-MISO,333.79,393.23,46.06,30.84,eia.gov,false,""
2023-03-30T23:00:00.000000,USA,Midcontinent ISO,US-MIDW-MISO,337.44,396.67,45.87,30.72,eia.gov,false,""
2023-03-31T00:00:00.000000,USA,Midcontinent ISO,US-MIDW-MISO,338.95,397.9,45.92,31.03,eia.gov,false,""
2023-03-31T01:00:00.000000,USA,Midcontinent ISO,US-MIDW-MISO,335.74,394.42,46.28,31.3,eia.gov,false,""
2023-03-31T02:00:00.000000,USA,Midcontinent ISO,US-MIDW-MISO,324.6,381.33,48.3,32.72,eia.gov,false,""
2023-03-31T03:00:00.000000,USA,Midcontinent ISO,US-MIDW-MISO,323.41,378.86,49.19,32.77,eia.gov,false,""
2023-03-31T04:00:00.000000,USA,Midcontinent ISO,US-MIDW-MISO,322.69,376.73,50.18,33.0,eia.gov,false,""
2023-03-31T05:00:00.000000,USA,Midcontinent ISO,US-MIDW-MISO,325.52,379.32,50.14,32.04,eia.gov,false,""
2023-03-31T06:00:00.000000,USA,Midcontinent ISO,US-MIDW-MISO,328.06,381.61,50.13,31.32,eia.gov,false,""
2023-03-31T07:00:00.000000,USA,Midcontinent ISO,US-MIDW-MISO,324.91,377.36,51.09,32.27,eia.gov,false,""
2023-03-31T08:00:00.000000,USA,Midcontinent ISO,US-MIDW-MISO,318.54,369.8,52.31,33.54,eia.gov,false,""
2023-03-31T09:00:00.000000,USA,Midcontinent ISO,US-MIDW-MISO,317.63,371.14,50.86,32.64,eia.gov,false,""
2023-03-31T10:00:00.000000,USA,Midcontinent ISO,US-MIDW-MISO,315.96,371.56,49.67,32.73,eia.gov,false,""
2023-03-31T11:00:00.000000,USA,Midcontinent ISO,US-MIDW-MISO,320.66,377.24,48.84,33.43,eia.gov,false,""
2023-03-31T12:00:00.000000,USA,Midcontinent ISO,US-MIDW-MISO,337.04,394.9,46.84,31.78,eia.gov,false,""
2023-03-31T13:00:00.000000,USA,Midcontinent ISO,US-MIDW-MISO,342.72,401.03,46.13,31.07,eia.gov,false,""
2023-03-31T14:00:00.000000,USA,Midcontinent ISO,US-MIDW-MISO,346.34,404.36,46.12,31.09,eia.gov,false,""
2023-03-31T15:00:00.000000,USA,Midcontinent ISO,US-MIDW-MISO,344.36,402.24,46.37,31.24,eia.gov,false,""
2023-03-31T16:00:00.000000,USA,Midcontinent ISO,US-MIDW-MISO,335.16,392.87,47.14,31.85,eia.gov,false,""
2023-03-31T17:00:00.000000,USA,Midcontinent ISO,US-MIDW-MISO,338.11,396.47,46.52,31.27,eia.gov,false,""
2023-03-31T18:00:00.000000,USA,Midcontinent ISO,US-MIDW-MISO,348.64,407.38,45.55,30.34,eia.gov,false,""
2023-03-31T19:00:00.000000,USA,Midcontinent ISO,US-MIDW-MISO,349.99,409.19,45.12,29.73,eia.gov,false,""
2023-03-31T20:00:00.000000,USA,Midcontinent ISO,US-MIDW-MISO,352.02,411.5,44.78,29.23,eia.gov,false,""
2023-03-31T21:00:00.000000,USA,Midcontinent ISO,US-MIDW-MISO,366.19,426.52,43.27,28.27,eia.gov,false,""
2023-03-31T22:00:00.000000,USA,Midcontinent ISO,US-MIDW-MISO,362.5,422.56,43.67,28.66,eia.gov,false,""
2023-03-31T23:00:00.000000,USA,Midcontinent ISO,US-MIDW-MISO,355.99,415.46,44.46,29.34,eia.gov,false,""
2023-04-01T00:00:00.000000,USA,Midcontinent ISO,US-MIDW-MISO,348.61,407.95,45.05,29.42,eia.gov,false,""
2023-04-01T01:00:00.000000,USA,Midcontinent ISO,US-MIDW-MISO,350.27,409.71,44.79,28.67,eia.gov,false,""
2023-04-01T02:00:00.000000,USA,Midcontinent ISO,US-MIDW-MISO,332.45,390.34,47.0,29.97,eia.gov,false,""
2023-04-01T03:00:00.000000,USA,Midcontinent ISO,US-MIDW-MISO,315.79,371.91,49.25,31.67,eia.gov,false,""
2023-04-01T04:00:00.000000,USA,Midcontinent ISO,US-MIDW-MISO,313.22,368.18,50.23,32.24,eia.gov,false,""
2023-04-01T05:00:00.000000,USA,Midcontinent ISO,US-MIDW-MISO,306.09,358.83,52.15,33.3,eia.gov,false,""
2023-04-01T06:00:00.000000,USA,Midcontinent ISO,US-MIDW-MISO,305.21,358.02,52.17,32.96,eia.gov,false,""
2023-04-01T07:00:00.000000,USA,Midcontinent ISO,US-MIDW-MISO,307.03,359.39,52.34,33.71,eia.gov,false,""
2023-04-01T08:00:00.000000,USA,Midcontinent ISO,US-MIDW-MISO,303.08,353.92,53.63,34.65,eia.gov,false,""
2023-04-01T09:00:00.000000,USA,Midcontinent ISO,US-MIDW-MISO,300.61,351.27,53.91,35.04,eia.gov,false,""
2023-04-01T10:00:00.000000,USA,Midcontinent ISO,US-MIDW-MISO,297.97,348.21,54.38,35.89,eia.gov,false,""
2023-04-01T11:00:00.000000,USA,Midcontinent ISO,US-MIDW-MISO,295.72,345.87,54.66,36.5,eia.gov,false,""
2023-04-01T12:00:00.000000,USA,Midcontinent ISO,US-MIDW-MISO,300.37,351.83,53.48,35.52,eia.gov,false,""
2023-04-01T13:00:00.000000,USA,Midcontinent ISO,US-MIDW-MISO,298.02,350.77,52.82,35.6,eia.gov,false,""
2023-04-01T14:00:00.000000,USA,Midcontinent ISO,US-MIDW-MISO,308.76,363.23,51.0,34.26,eia.gov,false,""
2023-04-01T15:00:00.000000,USA,Midcontinent ISO,US-MIDW-MISO,328.11,384.17,48.65,32.18,eia.gov,false,""
2023-04-01T16:00:00.000000,USA,Midcontinent ISO,US-MIDW-MISO,347.75,405.94,45.95,29.78,eia.gov,false,""
2023-04-01T17:00:00.000000,USA,Midcontinent ISO,US-MIDW-MISO,358.13,418.03,44.12,27.59,eia.gov,false,""
2023-04-01T18:00:00.000000,USA,Midcontinent ISO,US-MIDW-MISO,369.81,431.46,42.22,25.46,eia.gov,false,""
2023-04-01T19:00:00.000000,USA,Midcontinent ISO,US-MIDW-MISO,377.64,440.11,41.17,24.0,eia.gov,false,""
2023-04-01T20:00:00.000000,USA,Midcontinent ISO,US-MIDW-MISO,378.45,441.37,40.85,23.39,eia.gov,false,""
2023-04-01T21:00:00.000000,USA,Midcontinent ISO,US-MIDW-MISO,390.65,454.58,39.39,21.98,eia.gov,false,""
2023-04-01T22:00:00.000000,USA,Midcontinent ISO,US-MIDW-MISO,403.14,468.42,37.74,20.73,eia.gov,false,""
2023-04-01T23:00:00.000000,USA,Midcontinent ISO,US-MIDW-MISO,413.39,480.97,35.48,18.44,eia.gov,false,""
2023-04-02T00:00:00.000000,USA,Midcontinent ISO,US-MIDW-MISO,418.96,487.26,34.68,17.91,eia.gov,false,""
2023-04-02T01:00:00.000000,USA,Midcontinent ISO,US-MIDW-MISO,421.13,489.58,34.36,17.55,eia.gov,false,""
2023-04-02T02:00:00.000000,USA,Midcontinent ISO,US-MIDW-MISO,420.58,488.75,34.36,16.93,eia.gov,false,""
2023-04-02T03:00:00.000000,USA,Midcontinent ISO,US-MIDW-MISO,410.23,475.3,37.02,19.01,eia.gov,false,""
2023-04-02T04:00:00.000000,USA,Midcontinent ISO,US-MIDW-MISO,374.52,436.16,41.66,23.33,eia.gov,false,""
2023-04-02T05:00:00.000000,USA,Midcontinent ISO,US-MIDW-MISO,348.2,406.73,45.53,26.98,eia.gov,false,""
2023-04-02T06:00:00.000000,USA,Midcontinent ISO,US-MIDW-MISO,338.73,396.2,46.83,27.47,eia.gov,false,""
2023-04-02T07:00:00.000000,USA,Midcontinent ISO,US-MIDW-MISO,331.98,388.8,47.73,28.37,eia.gov,false,""
2023-04-02T08:00:00.000000,USA,Midcontinent ISO,US-MIDW-MISO,329.45,385.72,48.27,28.86,eia.gov,false,""
2023-04-02T09:00:00.000000,USA,Midcontinent ISO,US-MIDW-MISO,330.51,386.84,48.17,29.13,eia.gov,false,""
2023-04-02T10:00:00.000000,USA,Midcontinent ISO,US-MIDW-MISO,340.37,397.02,47.33,29.03,eia.gov,false,""
2023-04-02T11:00:00.000000,USA,Midcontinent ISO,US-MIDW-MISO,328.52,383.27,49.53,31.77,eia.gov,false,""
2023-04-02T12:00:00.000000,USA,Midcontinent ISO,US-MIDW-MISO,325.25,379.28,50.28,32.78,eia.gov,false,""
2023-04-02T13:00:00.000000,USA,Midcontinent ISO,US-MIDW-MISO,313.6,366.91,51.68,34.17,eia.gov,false,""
2023-04-02T14:00:00.000000,USA,Midcontinent ISO,US-MIDW-MISO,302.02,354.41,53.07,35.23,eia.gov,false,""
2023-04-02T15:00:00.000000,USA,Midcontinent ISO,US-MIDW-MISO,303.97,355.3,53.61,35.33,eia.gov,false,""
2023-04-02T16:00:00.000000,USA,Midcontinent ISO,US-MIDW-MISO,302.15,353.56,53.68,35.3,eia.gov,false,""
2023-04-02T17:00:00.000000,USA,Midcontinent ISO,US-MIDW-MISO,300.4,351.7,53.87,35.49,eia.gov,false,""
2023-04-02T18:00:00.000000,USA,Midcontinent ISO,US-MIDW-MISO,301.42,353.53,53.26,34.7,eia.gov,false,""
2023-04-02T19:00:00.000000,USA,Midcontinent ISO,US-MIDW-MISO,303.3,355.97,52.78,34.17,eia.gov,false,""
2023-04-02T20:00:00.000000,USA,Midcontinent ISO,US-MIDW-MISO,306.43,359.57,52.25,33.7,eia.gov,false,""
2023-04-02T21:00:00.000000,USA,Midcontinent ISO,US-MIDW-MISO,311.5,365.15,51.52,33.82,eia.gov,false,""
2023-04-02T22:00:00.000000,USA,Midcontinent ISO,US-MIDW-MISO,312.12,366.1,51.31,34.13,eia.gov,false,""
2023-04-02T23:00:00.000000,USA,Midcontinent ISO,US-MIDW-MISO,327.63,383.02,49.24,32.51,eia.gov,false,""
2023-04-03T00:00:00.000000,USA,Midcontinent ISO,US-MIDW-MISO,340.6,397.41,47.44,31.05,eia.gov,false,""
2023-04-03T01:00:00.000000,USA,Midcontinent ISO,US-MIDW-MISO,360.28,418.29,45.21,29.16,eia.gov,false,""
2023-04-03T02:00:00.000000,USA,Midcontinent ISO,US-MIDW-MISO,361.11,419.58,44.8,28.16,eia.gov,false,""
2023-04-03T03:00:00.000000,USA,Midcontinent ISO,US-MIDW-MISO,348.05,405.34,46.41,28.83,eia.gov,false,""
2023-04-03T04:00:00.000000,USA,Midcontinent ISO,US-MIDW-MISO,332.69,388.99,48.07,29.47,eia.gov,false,""
2023-04-03T05:00:00.000000,USA,Midcontinent ISO,US-MIDW-MISO,323.34,378.12,49.72,30.25,eia.gov,false,""
2023-04-03T06:00:00.000000,USA,Midcontinent ISO,US-MIDW-MISO,325.26,381.74,48.46,28.62,eia.gov,false,""
2023-04-03T07:00:00.000000,USA,Midcontinent ISO,US-MIDW-MISO,334.39,392.43,46.81,27.19,eia.gov,false,""
2023-04-03T08:00:00.000000,USA,Midcontinent ISO,US-MIDW-MISO,347.08,406.6,44.99,25.88,eia.gov,false,""
2023-04-03T09:00:00.000000,USA,Midcontinent ISO,US-MIDW-MISO,354.31,415.87,43.18,24.51,eia.gov,false,""
2023-04-03T10:00:00.000000,USA,Midcontinent ISO,US-MIDW-MISO,366.94,430.95,40.78,23.59,eia.gov,false,""
2023-04-03T11:00:00.000000,USA,Midcontinent ISO,US-MIDW-MISO,394.82,461.73,36.91,21.04,eia.gov,false,""
2023-04-03T12:00:00.000000,USA,Midcontinent ISO,US-MIDW-MISO,419.41,487.83,34.28,18.68,eia.gov,false,""
2023-04-03T13:00:00.000000,USA,Midcontinent ISO,US-MIDW-MISO,425.55,494.71,33.49,17.55,eia.gov,false,""
2023-04-03T14:00:00.000000,USA,Midcontinent ISO,US-MIDW-MISO,434.5,505.09,32.01,15.81,eia.gov,false,""
2023-04-03T15:00:00.000000,USA,Midcontinent ISO,US-MIDW-MISO,437.55,508.96,31.32,15.09,eia.gov,false,""
2023-04-03T16:00:00.000000,USA,Midcontinent ISO,US-MIDW-MISO,437.84,509.33,31.29,15.03,eia.gov,false,""
2023-04-03T17:00:00.000000,USA,Midcontinent ISO,US-MIDW-MISO,441.79,513.63,30.77,14.72,eia.gov,false,""
2023-04-03T18:00:00.000000,USA,Midcontinent ISO,US-MIDW-MISO,432.83,503.47,32.16,16.7,eia.gov,false,""
2023-04-03T19:00:00.000000,USA,Midcontinent ISO,US-MIDW-MISO,411.61,480.31,34.87,19.28,eia.gov,false,""
2023-04-03T20:00:00.000000,USA,Midcontinent ISO,US-MIDW-MISO,395.23,463.14,36.47,20.85,eia.gov,false,""
2023-04-03T21:00:00.000000,USA,Midcontinent ISO,US-MIDW-MISO,397.55,465.52,36.23,21.1,eia.gov,false,""
2023-04-03T22:00:00.000000,USA,Midcontinent ISO,US-MIDW-MISO,398.31,465.79,36.49,21.61,eia.gov,false,""
2023-04-03T23:00:00.000000,USA,Midcontinent ISO,US-MIDW-MISO,397.95,464.79,36.95,22.15,eia.gov,false,""
2023-04-04T00:00:00.000000,USA,Midcontinent ISO,US-MIDW-MISO,401.79,468.8,36.52,21.85,eia.gov,false,""
2023-04-04T01:00:00.000000,USA,Midcontinent ISO,US-MIDW-MISO,400.87,467.33,36.91,21.97,eia.gov,false,""
2023-04-04T02:00:00.000000,USA,Midcontinent ISO,US-MIDW-MISO,392.54,457.77,38.2,22.06,eia.gov,false,""
2023-04-04T03:00:00.000000,USA,Midcontinent ISO,US-MIDW-MISO,371.14,433.68,41.4,23.88,eia.gov,false,""
2023-04-04T04:00:00.000000,USA,Midcontinent ISO,US-MIDW-MISO,353.06,414.12,43.57,25.32,eia.gov,false,""
2023-04-04T05:00:00.000000,USA,Midcontinent ISO,US-MIDW-MISO,338.69,397.39,46.14,27.35,eia.gov,false,""
2023-04-04T06:00:00.000000,USA,Midcontinent ISO,US-MIDW-MISO,327.56,384.21,48.28,28.91,eia.gov,false,""
2023-04-04T07:00:00.000000,USA,Midcontinent ISO,US-MIDW-MISO,322.73,379.47,48.53,29.16,eia.gov,false,""
2023-04-04T08:00:00.000000,USA,Midcontinent ISO,US-MIDW-MISO,330.48,388.67,47.03,27.72,eia.gov,false,""
2023-04-04T09:00:00.000000,USA,Midcontinent ISO,US-MIDW-MISO,334.0,392.64,46.49,27.7,eia.gov,false,""
2023-04-04T10:00:00.000000,USA,Midcontinent ISO,US-MIDW-MISO,338.42,397.42,46.07,28.6,eia.gov,false,""
2023-04-04T11:00:00.000000,USA,Midcontinent ISO,US-MIDW-MISO,358.18,419.0,43.43,27.23,eia.gov,false,""
2023-04-04T12:00:00.000000,USA,Midcontinent ISO,US-MIDW-MISO,372.59,433.8,42.2,26.66,eia.gov,false,""
2023-04-04T13:00:00.000000,USA,Midcontinent ISO,US-MIDW-MISO,367.89,428.96,42.65,27.05,eia.gov,false,""
2023-04-04T14:00:00.000000,USA,Midcontinent ISO,US-MIDW-MISO,363.99,424.99,42.99,27.83,eia.gov,false,""
2023-04-04T15:00:00.000000,USA,Midcontinent ISO,US-MIDW-MISO,352.0,412.01,44.5,29.43,eia.gov,false,""
2023-04-04T16:00:00.000000,USA,Midcontinent ISO,US-MIDW-MISO,336.27,395.24,46.27,31.12,eia.gov,false,""
2023-04-04T17:00:00.000000,USA,Midcontinent ISO,US-MIDW-MISO,337.54,396.1,46.47,31.67,eia.gov,false,""
2023-04-04T18:00:00.000000,USA,Midcontinent ISO,US-MIDW-MISO,344.05,402.76,45.93,31.45,eia.gov,false,""
2023-04-04T19:00:00.000000,USA,Midcontinent ISO,US-MIDW-MISO,345.06,403.93,45.74,31.41,eia.gov,false,""
2023-04-04T20:00:00.000000,USA,Midcontinent ISO,US-MIDW-MISO,345.99,405.07,45.51,31.03,eia.gov,false,""
2023-04-04T21:00:00.000000,USA,Midcontinent ISO,US-MIDW-MISO,351.43,411.11,44.71,30.02,eia.gov,false,""
2023-04-04T22:00:00.000000,USA,Midcontinent ISO,US-MIDW-MISO,360.74,420.96,43.75,29.19,eia.gov,false,""
2023-04-04T23:00:00.000000,USA,Midcontinent ISO,US-MIDW-MISO,371.95,432.69,42.67,28.32,eia.gov,false,""
2023-04-05T00:00:00.000000,USA,Midcontinent ISO,US-MIDW-MISO,383.37,445.1,41.22,26.62,eia.gov,false,""
2023-04-05T01:00:00.000000,USA,Midcontinent ISO,US-MIDW-MISO,384.73,446.7,40.96,26.13,eia.gov,false,""
2023-04-05T02:00:00.000000,USA,Midcontinent ISO,US-MIDW-MISO,380.42,441.43,41.78,25.92,eia.gov,false,""
2023-04-05T03:00:00.000000,USA,Midcontinent ISO,US-MIDW-MISO,368.74,427.42,44.06,27.25,eia.gov,false,""
2023-04-05T04:00:00.000000,USA,Midcontinent ISO,US-MIDW-MISO,344.56,401.82,46.61,28.89,eia.gov,false,""
2023-04-05T05:00:00.000000,USA,Midcontinent ISO,US-MIDW-MISO,316.07,371.28,49.89,31.15,eia.gov,false,""
2023-04-05T06:00:00.000000,USA,Midcontinent ISO,US-MIDW-MISO,301.24,355.1,51.78,32.33,eia.gov,false,""
2023-04-05T07:00:00.000000,USA,Midcontinent ISO,US-MIDW-MISO,298.83,352.51,52.07,32.0,eia.gov,false,""
2023-04-05T08:00:00.000000,USA,Midcontinent ISO,US-MIDW-MISO,301.82,355.66,51.77,31.48,eia.gov,false,""
2023-04-05T09:00:00.000000,USA,Midcontinent ISO,US-MIDW-MISO,301.62,355.18,51.95,32.4,eia.gov,false,""
2023-04-05T10:00:00.000000,USA,Midcontinent ISO,US-MIDW-MISO,305.06,359.6,51.12,33.15,eia.gov,false,""
2023-04-05T11:00:00.000000,USA,Midcontinent ISO,US-MIDW-MISO,315.67,372.29,49.03,32.32,eia.gov,false,""
2023-04-05T12:00:00.000000,USA,Midcontinent ISO,US-MIDW-MISO,325.78,383.62,47.52,31.45,eia.gov,false,""
2023-04-05T13:00:00.000000,USA,Midcontinent ISO,US-MIDW-MISO,335.28,394.36,46.08,30.16,eia.gov,false,""
2023-04-05T14:00:00.000000,USA,Midcontinent ISO,US-MIDW-MISO,338.4,398.0,45.57,29.56,eia.gov,false,""
2023-04-05T15:00:00.000000,USA,Midcontinent ISO,US-MIDW-MISO,333.81,392.55,46.47,30.66,eia.gov,false,""
2023-04-05T16:00:00.000000,USA,Midcontinent ISO,US-MIDW-MISO,336.06,394.96,46.21,30.74,eia.gov,false,""
2023-04-05T17:00:00.000000,USA,Midcontinent ISO,US-MIDW-MISO,340.72,399.88,45.72,30.61,eia.gov,false,""
2023-04-05T18:00:00.000000,USA,Midcontinent ISO,US-MIDW-MISO,336.07,394.81,46.32,31.38,eia.gov,false,""
2023-04-05T19:00:00.000000,USA,Midcontinent ISO,US-MIDW-MISO,329.43,387.56,47.2,32.42,eia.gov,false,""
2023-04-05T20:00:00.000000,USA,Midcontinent ISO,US-MIDW-MISO,332.75,391.44,46.62,31.99,eia.gov,false,""
2023-04-05T21:00:00.000000,USA,Midcontinent ISO,US-MIDW-MISO,330.19,388.27,47.14,32.43,eia.gov,false,""
2023-04-05T22:00:00.000000,USA,Midcontinent ISO,US-MIDW-MISO,318.86,376.03,48.56,33.69,eia.gov,false,""
2023-04-05T23:00:00.000000,USA,Midcontinent ISO,US-MIDW-MISO,315.85,373.27,48.59,33.74,eia.gov,false,""
2023-04-06T00:00:00.000000,USA,Midcontinent ISO,US-MIDW-MISO,320.52,378.1,48.15,33.14,eia.gov,false,""
2023-04-06T01:00:00.000000,USA,Midcontinent ISO,US-MIDW-MISO,329.82,387.56,47.37,32.48,eia.gov,false,""
2023-04-06T02:00:00.000000,USA,Midcontinent ISO,US-MIDW-MISO,329.6,386.59,47.8,32.07,eia.gov,false,""
2023-04-06T03:00:00.000000,USA,Midcontinent ISO,US-MIDW-MISO,324.86,380.32,49.11,32.42,eia.gov,false,""
2023-04-06T04:00:00.000000,USA,Midcontinent ISO,US-MIDW-MISO,319.01,373.75,49.99,32.7,eia.gov,false,""
2023-04-06T05:00:00.000000,USA,Midcontinent ISO,US-MIDW-MISO,312.72,366.74,50.9,32.73,eia.gov,false,""
2023-04-06T06:00:00.000000,USA,Midcontinent ISO,US-MIDW-MISO,306.54,359.81,51.83,32.77,eia.gov,false,""
2023-04-06T07:00:00.000000,USA,Midcontinent ISO,US-MIDW-MISO,311.59,366.15,50.63,31.11,eia.gov,false,""
2023-04-06T08:00:00.000000,USA,Midcontinent ISO,US-MIDW-MISO,324.64,380.66,48.82,29.32,eia.gov,false,""
2023-04-06T09:00:00.000000,USA,Midcontinent ISO,US-MIDW-MISO,349.25,408.12,45.28,26.52,eia.gov,false,""
2023-04-06T10:00:00.000000,USA,Midcontinent ISO,US-MIDW-MISO,368.58,429.64,42.59,24.72,eia.gov,false,""
2023-04-06T11:00:00.000000,USA,Midcontinent ISO,US-MIDW-MISO,372.04,436.23,40.28,23.66,eia.gov,false,""
2023-04-06T12:00:00.000000,USA,Midcontinent ISO,US-MIDW-MISO,384.39,450.22,38.39,22.37,eia.gov,false,""
2023-04-06T13:00:00.000000,USA,Midcontinent ISO,US-MIDW-MISO,395.29,462.21,37.06,21.17,eia.gov,false,""
2023-04-06T14:00:00.000000,USA,Midcontinent ISO,US-MIDW-MISO,407.09,475.02,35.66,19.88,eia.gov,false,""
2023-04-06T15:00:00.000000,USA,Midcontinent ISO,US-MIDW-MISO,408.05,475.97,35.65,19.93,eia.gov,false,""
2023-04-06T16:00:00.000000,USA,Midcontinent ISO,US-MIDW-MISO,404.5,472.42,35.91,20.05,eia.gov,false,""
2023-04-06T17:00:00.000000,USA,Midcontinent ISO,US-MIDW-MISO,405.88,473.78,35.82,20.06,eia.gov,false,""
2023-04-06T18:00:00.000000,USA,Midcontinent ISO,US-MIDW-MISO,404.91,472.93,35.81,19.86,eia.gov,false,""
2023-04-06T19:00:00.000000,USA,Midcontinent ISO,US-MIDW-MISO,411.74,480.66,34.75,18.73,eia.gov,false,""
2023-04-06T20:00:00.000000,USA,Midcontinent ISO,US-MIDW-MISO,421.84,491.62,33.48,17.3,eia.gov,false,""
2023-04-06T21:00:00.000000,USA,Midcontinent ISO,US-MIDW-MISO,431.21,502.04,32.16,15.95,eia.gov,false,""
2023-04-06T22:00:00.000000,USA,Midcontinent ISO,US-MIDW-MISO,432.15,502.97,32.12,16.24,eia.gov,false,""
2023-04-06T23:00:00.000000,USA,Midcontinent ISO,US-MIDW-MISO,427.52,498.33,32.42,16.41,eia.gov,false,""
2023-04-07T00:00:00.000000,USA,Midcontinent ISO,US-MIDW-MISO,431.67,502.77,31.87,15.91,eia.gov,false,""
2023-04-07T01:00:00.000000,USA,Midcontinent ISO,US-MIDW-MISO,430.45,501.27,32.07,15.9,eia.gov,false,""
2023-04-07T02:00:00.000000,USA,Midcontinent ISO,US-MIDW-MISO,422.1,491.34,33.54,16.81,eia.gov,false,""
2023-04-07T03:00:00.000000,USA,Midcontinent ISO,US-MIDW-MISO,404.94,471.1,36.63,18.9,eia.gov,false,""
2023-04-07T04:00:00.000000,USA,Midcontinent ISO,US-MIDW-MISO,376.86,440.23,40.37,21.84,eia.gov,false,""
2023-04-07T05:00:00.000000,USA,Midcontinent ISO,US-MIDW-MISO,346.92,407.86,44.06,24.48,eia.gov,false,""
2023-04-07T06:00:00.000000,USA,Midcontinent ISO,US-MIDW-MISO,333.68,392.96,46.05,25.56,eia.gov,false,""
2023-04-07T07:00:00.000000,USA,Midcontinent ISO,US-MIDW-MISO,328.91,387.57,46.79,26.25,eia.gov,false,""
2023-04-07T08:00:00.000000,USA,Midcontinent ISO,US-MIDW-MISO,324.11,381.51,47.96,27.52,eia.gov,false,""
2023-04-07T09:00:00.000000,USA,Midcontinent ISO,US-MIDW-MISO,325.69,384.28,47.08,27.25,eia.gov,false,""
2023-04-07T10:00:00.000000,USA,Midcontinent ISO,US-MIDW-MISO,332.5,392.65,45.64,26.69,eia.gov,false,""
2023-04-07T11:00:00.000000,USA,Midcontinent ISO,US-MIDW-MISO,350.35,412.67,43.02,24.96,eia.gov,false,""
2023-04-07T12:00:00.000000,USA,Midcontinent ISO,US-MIDW-MISO,357.64,420.64,42.12,24.31,eia.gov,false,""
2023-04-07T13:00:00.000000,USA,Midcontinent ISO,US-MIDW-MISO,364.43,428.74,40.92,23.14,eia.gov,false,""
2023-04-07T14:00:00.000000,USA,Midcontinent ISO,US-MIDW-MISO,386.79,453.18,38.09,20.42,eia.gov,false,""
2023-04-07T15:00:00.000000,USA,Midcontinent ISO,US-MIDW-MISO,377.95,444.03,38.92,20.85,eia.gov,false,""
2023-04-07T16:00:00.000000,USA,Midcontinent ISO,US-MIDW-MISO,366.75,431.84,40.38,22.32,eia.gov,false,""
2023-04-07T17:00:00.000000,USA,Midcontinent ISO,US-MIDW-MISO,356.8,420.8,41.79,23.52,eia.gov,false,""
2023-04-07T18:00:00.000000,USA,Midcontinent ISO,US-MIDW-MISO,352.7,416.1,42.45,24.03,eia.gov,false,""
2023-04-07T19:00:00.000000,USA,Midcontinent ISO,US-MIDW-MISO,346.31,409.12,43.26,24.7,eia.gov,false,""
2023-04-07T20:00:00.000000,USA,Midcontinent ISO,US-MIDW-MISO,340.67,402.99,43.96,25.35,eia.gov,false,""
2023-04-07T21:00:00.000000,USA,Midcontinent ISO,US-MIDW-MISO,337.71,399.49,44.52,25.7,eia.gov,false,""
2023-04-07T22:00:00.000000,USA,Midcontinent ISO,US-MIDW-MISO,339.95,401.73,44.32,25.79,eia.gov,false,""
2023-04-07T23:00:00.000000,USA,Midcontinent ISO,US-MIDW-MISO,339.41,401.16,44.36,26.07,eia.gov,false,""
2023-04-08T00:00:00.000000,USA,Midcontinent ISO,US-MIDW-MISO,340.0,401.59,44.33,26.45,eia.gov,false,""
2023-04-08T01:00:00.000000,USA,Midcontinent ISO,US-MIDW-MISO,332.39,392.22,45.93,28.3,eia.gov,false,""
2023-04-08T02:00:00.000000,USA,Midcontinent ISO,US-MIDW-MISO,326.68,385.14,47.11,28.97,eia.gov,false,""
2023-04-08T03:00:00.000000,USA,Midcontinent ISO,US-MIDW-MISO,323.14,380.09,48.3,29.68,eia.gov,false,""
2023-04-08T04:00:00.000000,USA,Midcontinent ISO,US-MIDW-MISO,314.57,370.72,49.41,30.1,eia.gov,false,""
2023-04-08T05:00:00.000000,USA,Midcontinent ISO,US-MIDW-MISO,305.08,359.51,51.14,31.44,eia.gov,false,""
2023-04-08T06:00:00.000000,USA,Midcontinent ISO,US-MIDW-MISO,310.52,364.85,50.84,31.42,eia.gov,false,""
2023-04-08T07:00:00.000000,USA,Midcontinent ISO,US-MIDW-MISO,309.93,364.55,50.69,30.63,eia.gov,false,""
2023-04-08T08:00:00.000000,USA,Midcontinent ISO,US-MIDW-MISO,312.2,367.32,50.21,30.28,eia.gov,false,""
2023-04-08T09:00:00.000000,USA,Midcontinent ISO,US-MIDW-MISO,320.38,376.2,49.21,28.84,eia.gov,false,""
2023-04-08T10:00:00.000000,USA,Midcontinent ISO,US-MIDW-MISO,320.46,376.34,49.22,29.45,eia.gov,false,""
2023-04-08T11:00:00.000000,USA,Midcontinent ISO,US-MIDW-MISO,328.37,384.59,48.47,29.28,eia.gov,false,""
2023-04-08T12:00:00.000000,USA,Midcontinent ISO,US-MIDW-MISO,323.05,380.3,48.18,29.19,eia.gov,false,""
2023-04-08T13:00:00.000000,USA,Midcontinent ISO,US-MIDW-MISO,324.02,381.97,47.77,29.0,eia.gov,false,""
2023-04-08T14:00:00.000000,USA,Midcontinent ISO,US-MIDW-MISO,321.79,380.23,47.67,28.78,eia.gov,false,""
2023-04-08T15:00:00.000000,USA,Midcontinent ISO,US-MIDW-MISO,318.93,376.55,48.45,29.24,eia.gov,false,""
2023-04-08T16:00:00.000000,USA,Midcontinent ISO,US-MIDW-MISO,315.05,372.27,49.01,29.46,eia.gov,false,""
2023-04-08T17:00:00.000000,USA,Midcontinent ISO,US-MIDW-MISO,311.94,369.09,49.29,29.23,eia.gov,false,""
2023-04-08T18:00:00.000000,USA,Midcontinent ISO,US-MIDW-MISO,309.03,365.02,50.27,29.82,eia.gov,false,""
2023-04-08T19:00:00.000000,USA,Midcontinent ISO,US-MIDW-MISO,308.71,364.83,50.17,30.08,eia.gov,false,""
2023-04-08T20:00:00.000000,USA,Midcontinent ISO,US-MIDW-MISO,309.29,365.65,49.91,30.16,eia.gov,false,""
2023-04-08T21:00:00.000000,USA,Midcontinent ISO,US-MIDW-MISO,315.42,372.41,49.06,29.78,eia.gov,false,""
2023-04-08T22:00:00.000000,USA,Midcontinent ISO,US-MIDW-MISO,320.4,377.71,48.52,29.35,eia.gov,false,""
2023-04-08T23:00:00.000000,USA,Midcontinent ISO,US-MIDW-MISO,332.12,390.63,46.99,28.31,eia.gov,false,""
2023-04-09T00:00:00.000000,USA,Midcontinent ISO,US-MIDW-MISO,331.7,388.9,47.83,29.41,eia.gov,false,""
2023-04-09T01:00:00.000000,USA,Midcontinent ISO,US-MIDW-MISO,330.1,386.92,48.1,30.1,eia.gov,false,""
2023-04-09T02:00:00.000000,USA,Midcontinent ISO,US-MIDW-MISO,329.98,386.07,48.57,30.01,eia.gov,false,""
2023-04-09T03:00:00.000000,USA,Midcontinent ISO,US-MIDW-MISO,336.37,392.1,48.31,28.85,eia.gov,false,""
2023-04-09T04:00:00.000000,USA,Midcontinent ISO,US-MIDW-MISO,321.16,374.49,50.89,30.65,eia.gov,false,""
2023-04-09T05:00:00.000000,USA,Midcontinent ISO,US-MIDW-MISO,304.54,356.36,52.98,32.02,eia.gov,false,""
2023-04-09T06:00:00.000000,USA,Midcontinent ISO,US-MIDW-MISO,298.08,348.33,54.47,33.12,eia.gov,false,""
2023-04-09T07:00:00.000000,USA,Midcontinent ISO,US-MIDW-MISO,298.82,348.49,54.78,33.46,eia.gov,false,""
2023-04-09T08:00:00.000000,USA,Midcontinent ISO,US-MIDW-MISO,297.98,347.71,54.79,33.61,eia.gov,false,""
2023-04-09T09:00:00.000000,USA,Midcontinent ISO,US-MIDW-MISO,301.14,351.85,53.92,32.9,eia.gov,false,""
2023-04-09T10:00:00.000000,USA,Midcontinent ISO,US-MIDW-MISO,306.42,358.38,52.73,31.91,eia.gov,false,""
2023-04-09T11:00:00.000000,USA,Midcontinent ISO,US-MIDW-MISO,314.97,368.48,51.15,31.08,eia.gov,false,""
2023-04-09T12:00:00.000000,USA,Midcontinent ISO,US-MIDW-MISO,315.39,369.53,50.79,31.6,eia.gov,false,""
2023-04-09T13:00:00.000000,USA,Midcontinent ISO,US-MIDW-MISO,312.12,366.27,51.19,32.05,eia.gov,false,""
2023-04-09T14:00:00.000000,USA,Midcontinent ISO,US-MIDW-MISO,303.03,356.15,52.55,33.02,eia.gov,false,""
2023-04-09T15:00:00.000000,USA,Midcontinent ISO,US-MIDW-MISO,290.81,342.86,54.13,34.27,eia.gov,false,""
2023-04-09T16:00:00.000000,USA,Midcontinent ISO,US-MIDW-MISO,285.27,336.85,54.83,34.46,eia.gov,false,""
2023-04-09T17:00:00.000000,USA,Midcontinent ISO,US-MIDW-MISO,280.01,331.05,55.55,34.86,eia.gov,false,""
2023-04-09T18:00:00.000000,USA,Midcontinent ISO,US-MIDW-MISO,281.39,330.37,56.85,35.24,eia.gov,false,""
2023-04-09T19:00:00.000000,USA,Midcontinent ISO,US-MIDW-MISO,280.08,329.27,56.83,34.88,eia.gov,false,""
2023-04-09T20:00:00.000000,USA,Midcontinent ISO,US-MIDW-MISO,283.68,333.43,56.21,34.12,eia.gov,false,""
2023-04-09T21:00:00.000000,USA,Midcontinent ISO,US-MIDW-MISO,295.13,348.06,53.28,32.13,eia.gov,false,""
2023-04-09T22:00:00.000000,USA,Midcontinent ISO,US-MIDW-MISO,307.44,362.74,50.79,30.21,eia.gov,false,""
2023-04-09T23:00:00.000000,USA,Midcontinent ISO,US-MIDW-MISO,326.68,384.0,48.15,28.09,eia.gov,false,""
2023-04-10T00:00:00.000000,USA,Midcontinent ISO,US-MIDW-MISO,357.4,417.38,44.23,25.11,eia.gov,false,""
2023-04-10T01:00:00.000000,USA,Midcontinent ISO,US-MIDW-MISO,357.96,416.95,44.7,25.88,eia.gov,false,""
2023-04-10T02:00:00.000000,USA,Midcontinent ISO,US-MIDW-MISO,338.33,395.57,47.15,27.73,eia.gov,false,""
2023-04-10T03:00:00.000000,USA,Midcontinent ISO,US-MIDW-MISO,316.82,371.08,50.56,30.17,eia.gov,false,""
2023-04-10T04:00:00.000000,USA,Midcontinent ISO,US-MIDW-MISO,302.42,354.31,53.1,31.84,eia.gov,false,""
2023-04-10T05:00:00.000000,USA,Midcontinent ISO,US-MIDW-MISO,299.0,350.71,53.45,31.66,eia.gov,false,""
2023-04-10T06:00:00.000000,USA,Midcontinent ISO,US-MIDW-MISO,297.74,349.01,53.82,31.53,eia.gov,false,""
2023-04-10T07:00:00.000000,USA,Midcontinent ISO,US-MIDW-MISO,305.09,358.43,51.91,29.95,eia.gov,false,""
2023-04-10T08:00:00.000000,USA,Midcontinent ISO,US-MIDW-MISO,311.95,366.87,50.4,28.52,eia.gov,false,""
2023-04-10T09:00:00.000000,USA,Midcontinent ISO,US-MIDW-MISO,317.49,374.48,48.66,27.54,eia.gov,false,""
2023-04-10T10:00:00.000000,USA,Midcontinent ISO,US-MIDW-MISO,341.63,402.43,44.58,25.21,eia.gov,false,""
2023-04-10T11:00:00.000000,USA,Midcontinent ISO,US-MIDW-MISO,375.83,440.19,39.96,21.94,eia.gov,false,""
2023-04-10T12:00:00.000000,USA,Midcontinent ISO,US-MIDW-MISO,387.03,452.39,38.7,21.1,eia.gov,false,""
2023-04-10T13:00:00.000000,USA,Midcontinent ISO,US-MIDW-MISO,399.01,465.78,37.09,19.26,eia.gov,false,""
2023-04-10T14:00:00.000000,USA,Midcontinent ISO,US-MIDW-MISO,408.23,476.1,35.82,17.38,eia.gov,false,""
2023-04-10T15:00:00.000000,USA,Midcontinent ISO,US-MIDW-MISO,400.37,467.96,36.59,18.22,eia.gov,false,""
2023-04-10T16:00:00.000000,USA,Midcontinent ISO,US-MIDW-MISO,400.14,467.41,36.84,18.52,eia.gov,false,""
2023-04-10T17:00:00.000000,USA,Midcontinent ISO,US-MIDW-MISO,403.41,470.42,36.82,18.48,eia.gov,false,""
2023-04-10T18:00:00.000000,USA,Midcontinent ISO,US-MIDW-MISO,414.27,481.51,35.92,17.71,eia.gov,false,""
2023-04-10T19:00:00.000000,USA,Midcontinent ISO,US-MIDW-MISO,409.37,476.11,36.61,17.94,eia.gov,false,""
2023-04-10T20:00:00.000000,USA,Midcontinent ISO,US-MIDW-MISO,407.44,474.27,36.68,18.06,eia.gov,false,""
2023-04-10T21:00:00.000000,USA,Midcontinent ISO,US-MIDW-MISO,413.76,480.79,36.09,17.83,eia.gov,false,""
2023-04-10T22:00:00.000000,USA,Midcontinent ISO,US-MIDW-MISO,420.96,489.19,34.8,17.03,eia.gov,false,""
2023-04-10T23:00:00.000000,USA,Midcontinent ISO,US-MIDW-MISO,430.73,499.92,33.48,15.86,eia.gov,false,""
2023-04-11T00:00:00.000000,USA,Midcontinent ISO,US-MIDW-MISO,432.59,502.38,32.81,15.5,eia.gov,false,""
2023-04-11T01:00:00.000000,USA,Midcontinent ISO,US-MIDW-MISO,417.52,485.61,34.84,17.46,eia.gov,false,""
2023-04-11T02:00:00.000000,USA,Midcontinent ISO,US-MIDW-MISO,393.39,458.37,38.39,20.26,eia.gov,false,""
2023-04-11T03:00:00.000000,USA,Midcontinent ISO,US-MIDW-MISO,367.76,428.55,42.81,23.46,eia.gov,false,""
2023-04-11T04:00:00.000000,USA,Midcontinent ISO,US-MIDW-MISO,343.75,400.83,46.81,26.65,eia.gov,false,""
2023-04-11T05:00:00.000000,USA,Midcontinent ISO,US-MIDW-MISO,314.9,368.79,50.88,30.34,eia.gov,false,""
2023-04-11T06:00:00.000000,USA,Midcontinent ISO,US-MIDW-MISO,298.9,350.73,53.34,32.48,eia.gov,false,""
2023-04-11T07:00:00.000000,USA,Midcontinent ISO,US-MIDW-MISO,290.36,340.74,54.88,33.44,eia.gov,false,""
2023-04-11T08:00:00.000000,USA,Midcontinent ISO,US-MIDW-MISO,293.9,344.9,54.21,33.23,eia.gov,false,""
2023-04-11T09:00:00.000000,USA,Midcontinent ISO,US-MIDW-MISO,297.87,350.42,52.91,32.67,eia.gov,false,""
2023-04-11T10:00:00.000000,USA,Midcontinent ISO,US-MIDW-MISO,312.8,367.07,50.89,32.51,eia.gov,false,""
2023-04-11T11:00:00.000000,USA,Midcontinent ISO,US-MIDW-MISO,340.26,397.13,47.33,30.15,eia.gov,false,""
2023-04-11T12:00:00.000000,USA,Midcontinent ISO,US-MIDW-MISO,348.18,405.94,46.37,29.25,eia.gov,false,""
2023-04-11T13:00:00.000000,USA,Midcontinent ISO,US-MIDW-MISO,341.48,399.79,46.61,29.2,eia.gov,false,""
2023-04-11T14:00:00.000000,USA,Midcontinent ISO,US-MIDW-MISO,359.95,419.4,44.66,27.23,eia.gov,false,""
2023-04-11T15:00:00.000000,USA,Midcontinent ISO,US-MIDW-MISO,335.4,392.25,48.04,30.65,eia.gov,false,""
2023-04-11T16:00:00.000000,USA,Midcontinent ISO,US-MIDW-MISO,317.19,372.88,50.0,32.88,eia.gov,false,""
2023-04-11T17:00:00.000000,USA,Midcontinent ISO,US-MIDW-MISO,303.92,358.16,51.86,34.71,eia.gov,false,""
2023-04-11T18:00:00.000000,USA,Midcontinent ISO,US-MIDW-MISO,307.79,362.6,51.19,34.23,eia.gov,false,""
2023-04-11T19:00:00.000000,USA,Midcontinent ISO,US-MIDW-MISO,311.25,366.69,50.54,33.8,eia.gov,false,""
2023-04-11T20:00:00.000000,USA,Midcontinent ISO,US-MIDW-MISO,310.31,366.19,50.29,33.71,eia.gov,false,""
2023-04-11T21:00:00.000000,USA,Midcontinent ISO,US-MIDW-MISO,315.92,372.2,49.61,33.23,eia.gov,false,""
2023-04-11T22:00:00.000000,USA,Midcontinent ISO,US-MIDW-MISO,322.16,378.75,48.98,32.96,eia.gov,false,""
2023-04-11T23:00:00.000000,USA,Midcontinent ISO,US-MIDW-MISO,327.14,384.1,48.44,32.68,eia.gov,false,""
2023-04-12T00:00:00.000000,USA,Midcontinent ISO,US-MIDW-MISO,342.13,400.14,46.66,31.13,eia.gov,false,""
2023-04-12T01:00:00.000000,USA,Midcontinent ISO,US-MIDW-MISO,337.12,395.28,46.81,31.21,eia.gov,false,""
2023-04-12T02:00:00.000000,USA,Midcontinent ISO,US-MIDW-MISO,324.58,381.76,48.19,31.44,eia.gov,false,""
2023-04-12T03:00:00.000000,USA,Midcontinent ISO,US-MIDW-MISO,297.84,352.01,51.88,33.81,eia.gov,false,""
2023-04-12T04:00:00.000000,USA,Midcontinent ISO,US-MIDW-MISO,278.57,330.6,54.57,35.56,eia.gov,false,""
2023-04-12T05:00:00.000000,USA,Midcontinent ISO,US-MIDW-MISO,268.89,318.92,56.54,36.41,eia.gov,false,""
2023-04-12T06:00:00.000000,USA,Midcontinent ISO,US-MIDW-MISO,266.75,315.93,57.27,36.37,eia.gov,false,""
2023-04-12T07:00:00.000000,USA,Midcontinent ISO,US-MIDW-MISO,259.33,306.73,58.96,37.74,eia.gov,false,""
2023-04-12T08:00:00.000000,USA,Midcontinent ISO,US-MIDW-MISO,263.4,311.18,58.4,37.52,eia.gov,false,""
2023-04-12T09:00:00.000000,USA,Midcontinent ISO,US-MIDW-MISO,272.3,321.34,56.95,36.75,eia.gov,false,""
2023-04-12T10:00:00.000000,USA,Midcontinent ISO,US-MIDW-MISO,281.22,332.96,54.64,35.94,eia.gov,false,""
2023-04-12T11:00:00.000000,USA,Midcontinent ISO,US-MIDW-MISO,289.23,343.37,52.54,34.91,eia.gov,false,""
2023-04-12T12:00:00.000000,USA,Midcontinent ISO,US-MIDW-MISO,286.18,339.5,53.36,36.19,eia.gov,false,""
2023-04-12T13:00:00.000000,USA,Midcontinent ISO,US-MIDW-MISO,282.03,335.57,53.65,36.62,eia.gov,false,""
2023-04-12T14:00:00.000000,USA,Midcontinent ISO,US-MIDW-MISO,288.3,342.33,52.94,36.03,eia.gov,false,""
2023-04-12T15:00:00.000000,USA,Midcontinent ISO,US-MIDW-MISO,282.98,335.53,54.33,37.66,eia.gov,false,""
2023-04-12T16:00:00.000000,USA,Midcontinent ISO,US-MIDW-MISO,288.17,341.34,53.58,37.19,eia.gov,false,""
2023-04-12T17:00:00.000000,USA,Midcontinent ISO,US-MIDW-MISO,285.05,337.71,54.17,37.96,eia.gov,false,""
2023-04-12T18:00:00.000000,USA,Midcontinent ISO,US-MIDW-MISO,289.52,342.57,53.59,37.71,eia.gov,false,""
2023-04-12T19:00:00.000000,USA,Midcontinent ISO,US-MIDW-MISO,291.54,344.5,53.54,37.75,eia.gov,false,""
2023-04-12T20:00:00.000000,USA,Midcontinent ISO,US-MIDW-MISO,295.83,349.49,52.8,37.27,eia.gov,false,""
2023-04-12T21:00:00.000000,USA,Midcontinent ISO,US-MIDW-MISO,303.34,357.85,51.71,36.53,eia.gov,false,""
2023-04-12T22:00:00.000000,USA,Midcontinent ISO,US-MIDW-MISO,312.9,367.77,50.79,35.84,eia.gov,false,""
2023-04-12T23:00:00.000000,USA,Midcontinent ISO,US-MIDW-MISO,311.93,366.51,51.05,36.21,eia.gov,false,""
2023-04-13T00:00:00.000000,USA,Midcontinent ISO,US-MIDW-MISO,323.64,379.08,49.57,34.74,eia.gov,false,""
2023-04-13T01:00:00.000000,USA,Midcontinent ISO,US-MIDW-MISO,318.23,372.91,50.41,35.25,eia.gov,false,""
2023-04-13T02:00:00.000000,USA,Midcontinent ISO,US-MIDW-MISO,306.24,359.65,51.99,35.94,eia.gov,false,""
2023-04-13T03:00:00.000000,USA,Midcontinent ISO,US-MIDW-MISO,298.43,350.47,53.34,35.95,eia.gov,false,""
2023-04-13T04:00:00.000000,USA,Midcontinent ISO,US-MIDW-MISO,280.05,329.91,55.99,37.42,eia.gov,false,""
2023-04-13T05:00:00.000000,USA,Midcontinent ISO,US-MIDW-MISO,277.89,325.78,57.53,37.89,eia.gov,false,""
2023-04-13T06:00:00.000000,USA,Midcontinent ISO,US-MIDW-MISO,274.5,321.22,58.51,37.86,eia.gov,false,""
2023-04-13T07:00:00.000000,USA,Midcontinent ISO,US-MIDW-MISO,279.63,326.65,57.91,36.93,eia.gov,false,""
2023-04-13T08:00:00.000000,USA,Midcontinent ISO,US-MIDW-MISO,283.34,330.43,57.63,36.89,eia.gov,false,""
2023-04-13T09:00:00.000000,USA,Midcontinent ISO,US-MIDW-MISO,285.88,333.85,56.91,36.8,eia.gov,false,""
2023-04-13T10:00:00.000000,USA,Midcontinent ISO,US-MIDW-MISO,294.75,345.57,54.4,35.68,eia.gov,false,""
2023-04-13T11:00:00.000000,USA,Midcontinent ISO,US-MIDW-MISO,303.79,357.63,51.83,34.38,eia.gov,false,""
2023-04-13T12:00:00.000000,USA,Midcontinent ISO,US-MIDW-MISO,312.73,368.07,50.3,33.48,eia.gov,false,""
2023-04-13T13:00:00.000000,USA,Midcontinent ISO,US-MIDW-MISO,319.22,375.16,49.6,32.88,eia.gov,false,""
2023-04-13T14:00:00.000000,USA,Midcontinent ISO,US-MIDW-MISO,336.1,394.01,47.19,30.69,eia.gov,false,""
2023-04-13T15:00:00.000000,USA,Midcontinent ISO,US-MIDW-MISO,336.64,394.37,47.3,31.13,eia.gov,false,""
2023-04-13T16:00:00.000000,USA,Midcontinent ISO,US-MIDW-MISO,334.75,392.35,47.52,31.58,eia.gov,false,""
2023-04-13T17:00:00.000000,USA,Midcontinent ISO,US-MIDW-MISO,328.19,385.22,48.35,32.58,eia.gov,false,""
2023-04-13T18:00:00.000000,USA,Midcontinent ISO,US-MIDW-MISO,326.09,382.86,48.64,33.21,eia.gov,false,""
2023-04-13T19:00:00.000000,USA,Midcontinent ISO,US-MIDW-MISO,327.16,384.35,48.28,33.17,eia.gov,false,""
2023-04-13T20:00:00.000000,USA,Midcontinent ISO,US-MIDW-MISO,329.28,386.55,48.05,33.18,eia.gov,false,""
2023-04-13T21:00:00.000000,USA,Midcontinent ISO,US-MIDW-MISO,339.6,398.13,46.47,31.83,eia.gov,false,""
2023-04-13T22:00:00.000000,USA,Midcontinent ISO,US-MIDW-MISO,342.63,402.01,45.7,31.11,eia.gov,false,""
2023-04-13T23:00:00.000000,USA,Midcontinent ISO,US-MIDW-MISO,347.91,408.11,44.79,30.38,eia.gov,false,""
2023-04-14T00:00:00.000000,USA,Midcontinent ISO,US-MIDW-MISO,356.66,417.99,43.36,28.48,eia.gov,false,""
2023-04-14T01:00:00.000000,USA,Midcontinent ISO,US-MIDW-MISO,343.65,403.56,45.18,29.92,eia.gov,false,""
2023-04-14T02:00:00.000000,USA,Midcontinent ISO,US-MIDW-MISO,339.2,398.53,45.8,29.87,eia.gov,false,""
2023-04-14T03:00:00.000000,USA,Midcontinent ISO,US-MIDW-MISO,340.13,397.51,46.98,29.74,eia.gov,false,""
2023-04-14T04:00:00.000000,USA,Midcontinent ISO,US-MIDW-MISO,327.44,383.42,48.8,30.07,eia.gov,false,""
2023-04-14T05:00:00.000000,USA,Midcontinent ISO,US-MIDW-MISO,315.02,370.1,50.23,30.55,eia.gov,false,""
2023-04-14T06:00:00.000000,USA,Midcontinent ISO,US-MIDW-MISO,307.52,361.93,51.2,30.91,eia.gov,false,""
2023-04-14T07:00:00.000000,USA,Midcontinent ISO,US-MIDW-MISO,301.94,355.91,51.86,30.89,eia.gov,false,""
2023-04-14T08:00:00.000000,USA,Midcontinent ISO,US-MIDW-MISO,300.13,354.22,51.89,30.86,eia.gov,false,""
2023-04-14T09:00:00.000000,USA,Midcontinent ISO,US-MIDW-MISO,299.95,354.74,51.43,30.76,eia.gov,false,""
2023-04-14T10:00:00.000000,USA,Midcontinent ISO,US-MIDW-MISO,310.98,368.51,48.82,29.25,eia.gov,false,""
2023-04-14T11:00:00.000000,USA,Midcontinent ISO,US-MIDW-MISO,317.53,377.66,46.69,28.44,eia.gov,false,""
2023-04-14T12:00:00.000000,USA,Midcontinent ISO,US-MIDW-MISO,320.9,381.17,46.49,28.75,eia.gov,false,""
2023-04-14T13:00:00.000000,USA,Midcontinent ISO,US-MIDW-MISO,330.15,391.45,45.32,28.17,eia.gov,false,""
2023-04-14T14:00:00.000000,USA,Midcontinent ISO,US-MIDW-MISO,348.85,411.77,43.01,26.33,eia.gov,false,""
2023-04-14T15:00:00.000000,USA,Midcontinent ISO,US-MIDW-MISO,351.51,414.81,42.6,26.23,eia.gov,false,""
2023-04-14T16:00:00.000000,USA,Midcontinent ISO,US-MIDW-MISO,347.51,410.29,43.24,27.03,eia.gov,false,""
2023-04-14T17:00:00.000000,USA,Midcontinent ISO,US-MIDW-MISO,349.1,412.22,42.89,27.1,eia.gov,false,""
2023-04-14T18:00:00.000000,USA,Midcontinent ISO,US-MIDW-MISO,349.51,412.77,42.75,27.36,eia.gov,false,""
2023-04-14T19:00:00.000000,USA,Midcontinent ISO,US-MIDW-MISO,347.74,410.89,42.93,27.78,eia.gov,false,""
2023-04-14T20:00:00.000000,USA,Midcontinent ISO,US-MIDW-MISO,344.21,406.93,43.46,28.62,eia.gov,false,""
2023-04-14T21:00:00.000000,USA,Midcontinent ISO,US-MIDW-MISO,345.52,408.8,42.98,28.48,eia.gov,false,""
2023-04-14T22:00:00.000000,USA,Midcontinent ISO,US-MIDW-MISO,347.62,410.84,42.84,28.32,eia.gov,false,""
2023-04-14T23:00:00.000000,USA,Midcontinent ISO,US-MIDW-MISO,348.66,412.09,42.64,27.95,eia.gov,false,""
2023-04-15T00:00:00.000000,USA,Midcontinent ISO,US-MIDW-MISO,354.73,418.81,41.71,26.94,eia.gov,false,""
2023-04-15T01:00:00.000000,USA,Midcontinent ISO,US-MIDW-MISO,359.52,423.32,41.5,26.41,eia.gov,false,""
2023-04-15T02:00:00.000000,USA,Midcontinent ISO,US-MIDW-MISO,350.72,412.81,43.16,27.47,eia.gov,false,""
2023-04-15T03:00:00.000000,USA,Midcontinent ISO,US-MIDW-MISO,342.59,403.23,44.58,28.1,eia.gov,false,""
2023-04-15T04:00:00.000000,USA,Midcontinent ISO,US-MIDW-MISO,324.56,383.26,47.09,30.23,eia.gov,false,""
2023-04-15T05:00:00.000000,USA,Midcontinent ISO,US-MIDW-MISO,311.56,369.14,48.72,31.13,eia.gov,false,""
2023-04-15T06:00:00.000000,USA,Midcontinent ISO,US-MIDW-MISO,300.29,356.47,50.43,31.82,eia.gov,false,""
2023-04-15T07:00:00.000000,USA,Midcontinent ISO,US-MIDW-MISO,305.08,362.83,49.05,30.14,eia.gov,false,""
2023-04-15T08:00:00.000000,USA,Midcontinent ISO,US-MIDW-MISO,305.72,363.29,49.17,29.73,eia.gov,false,""
2023-04-15T09:00:00.000000,USA,Midcontinent ISO,US-MIDW-MISO,313.41,371.85,48.09,28.9,eia.gov,false,""
2023-04-15T10:00:00.000000,USA,Midcontinent ISO,US-MIDW-MISO,309.38,367.44,48.61,29.96,eia.gov,false,""
2023-04-15T11:00:00.000000,USA,Midcontinent ISO,US-MIDW-MISO,306.35,364.26,48.94,30.25,eia.gov,false,""
2023-04-15T12:00:00.000000,USA,Midcontinent ISO,US-MIDW-MISO,305.83,364.53,48.53,30.72,eia.gov,false,""
2023-04-15T13:00:00.000000,USA,Midcontinent ISO,US-MIDW-MISO,312.32,372.12,47.5,30.49,eia.gov,false,""
2023-04-15T14:00:00.000000,USA,Midcontinent ISO,US-MIDW-MISO,317.51,378.12,46.63,30.12,eia.gov,false,""
2023-04-15T15:00:00.000000,USA,Midcontinent ISO,US-MIDW-MISO,328.09,389.72,45.22,29.63,eia.gov,false,""
2023-04-15T16:00:00.000000,USA,Midcontinent ISO,US-MIDW-MISO,326.77,388.56,45.18,30.05,eia.gov,false,""
2023-04-15T17:00:00.000000,USA,Midcontinent ISO,US-MIDW-MISO,324.96,386.86,45.22,30.37,eia.gov,false,""
2023-04-15T18:00:00.000000,USA,Midcontinent ISO,US-MIDW-MISO,320.23,381.49,45.92,31.03,eia.gov,false,""
2023-04-15T19:00:00.000000,USA,Midcontinent ISO,US-MIDW-MISO,320.48,381.9,45.75,30.99,eia.gov,false,""
2023-04-15T20:00:00.000000,USA,Midcontinent ISO,US-MIDW-MISO,317.04,378.48,45.97,31.29,eia.gov,false,""
2023-04-15T21:00:00.000000,USA,Midcontinent ISO,US-MIDW-MISO,320.63,381.98,45.78,31.38,eia.gov,false,""
2023-04-15T22:00:00.000000,USA,Midcontinent ISO,US-MIDW-MISO,322.19,383.08,45.98,31.93,eia.gov,false,""
2023-04-15T23:00:00.000000,USA,Midcontinent ISO,US-MIDW-MISO,320.71,381.62,46.09,31.89,eia.gov,false,""
2023-04-16T00:00:00.000000,USA,Midcontinent ISO,US-MIDW-MISO,320.98,382.04,45.91,31.61,eia.gov,false,""
2023-04-16T01:00:00.000000,USA,Midcontinent ISO,US-MIDW-MISO,321.24,382.6,45.6,30.92,eia.gov,false,""
2023-04-16T02:00:00.000000,USA,Midcontinent ISO,US-MIDW-MISO,321.63,382.47,45.86,30.61,eia.gov,false,""
2023-04-16T03:00:00.000000,USA,Midcontinent ISO,US-MIDW-MISO,320.6,380.17,46.77,30.87,eia.gov,false,""
2023-04-16T04:00:00.000000,USA,Midcontinent ISO,US-MIDW-MISO,313.16,371.89,47.84,31.34,eia.gov,false,""
2023-04-16T05:00:00.000000,USA,Midcontinent ISO,US-MIDW-MISO,310.29,367.88,48.81,31.49,eia.gov,false,""
2023-04-16T06:00:00.000000,USA,Midcontinent ISO,US-MIDW-MISO,304.2,359.66,50.63,32.55,eia.gov,false,""
2023-04-16T07:00:00.000000,USA,Midcontinent ISO,US-MIDW-MISO,288.12,340.6,53.7,34.86,eia.gov,false,""
2023-04-16T08:00:00.000000,USA,Midcontinent ISO,US-MIDW-MISO,284.87,336.36,54.59,35.26,eia.gov,false,""
2023-04-16T09:00:00.000000,USA,Midcontinent ISO,US-MIDW-MISO,280.64,331.23,55.49,36.01,eia.gov,false,""
2023-04-16T10:00:00.000000,USA,Midcontinent ISO,US-MIDW-MISO,275.33,325.18,56.39,37.03,eia.gov,false,""
2023-04-16T11:00:00.000000,USA,Midcontinent ISO,US-MIDW-MISO,269.49,319.08,57.02,37.95,eia.gov,false,""
2023-04-16T12:00:00.000000,USA,Midcontinent ISO,US-MIDW-MISO,270.62,321.72,55.99,37.42,eia.gov,false,""
2023-04-16T13:00:00.000000,USA,Midcontinent ISO,US-MIDW-MISO,275.34,329.34,53.77,35.88,eia.gov,false,""
2023-04-16T14:00:00.000000,USA,Midcontinent ISO,US-MIDW-MISO,281.0,336.28,52.54,35.08,eia.gov,false,""
2023-04-16T15:00:00.000000,USA,Midcontinent ISO,US-MIDW-MISO,281.06,335.9,52.82,35.76,eia.gov,false,""
2023-04-16T16:00:00.000000,USA,Midcontinent ISO,US-MIDW-MISO,281.75,336.5,52.85,36.26,eia.gov,false,""
2023-04-16T17:00:00.000000,USA,Midcontinent ISO,US-MIDW-MISO,275.35,329.07,53.97,37.5,eia.gov,false,""
2023-04-16T18:00:00.000000,USA,Midcontinent ISO,US-MIDW-MISO,272.37,325.19,54.78,38.39,eia.gov,false,""
2023-04-16T19:00:00.000000,USA,Midcontinent ISO,US-MIDW-MISO,272.26,325.48,54.5,38.16,eia.gov,false,""
2023-04-16T20:00:00.000000,USA,Midcontinent ISO,US-MIDW-MISO,266.28,319.27,55.03,38.64,eia.gov,false,""
2023-04-16T21:00:00.000000,USA,Midcontinent ISO,US-MIDW-MISO,264.94,317.95,55.13,39.12,eia.gov,false,""
2023-04-16T22:00:00.000000,USA,Midcontinent ISO,US-MIDW-MISO,268.03,322.05,54.2,38.54,eia.gov,false,""
2023-04-16T23:00:00.000000,USA,Midcontinent ISO,US-MIDW-MISO,271.32,325.73,53.72,38.43,eia.gov,false,""
2023-04-17T00:00:00.000000,USA,Midcontinent ISO,US-MIDW-MISO,282.49,337.97,52.23,37.34,eia.gov,false,""
2023-04-17T01:00:00.000000,USA,Midcontinent ISO,US-MIDW-MISO,296.49,352.78,50.66,35.77,eia.gov,false,""
2023-04-17T02:00:00.000000,USA,Midcontinent ISO,US-MIDW-MISO,287.45,342.58,51.97,36.1,eia.gov,false,""
2023-04-17T03:00:00.000000,USA,Midcontinent ISO,US-MIDW-MISO,278.81,333.31,52.93,36.27,eia.gov,false,""
2023-04-17T04:00:00.000000,USA,Midcontinent ISO,US-MIDW-MISO,269.92,322.83,54.56,37.06,eia.gov,false,""
2023-04-17T05:00:00.000000,USA,Midcontinent ISO,US-MIDW-MISO,267.34,318.32,55.94,37.22,eia.gov,false,""
2023-04-17T06:00:00.000000,USA,Midcontinent ISO,US-MIDW-MISO,265.52,315.07,57.02,37.85,eia.gov,false,""
2023-04-17T07:00:00.000000,USA,Midcontinent ISO,US-MIDW-MISO,265.26,314.35,57.36,37.89,eia.gov,false,""
2023-04-17T08:00:00.000000,USA,Midcontinent ISO,US-MIDW-MISO,268.51,317.87,56.96,37.42,eia.gov,false,""
2023-04-17T09:00:00.000000,USA,Midcontinent ISO,US-MIDW-MISO,276.2,327.89,54.91,36.26,eia.gov,false,""
2023-04-17T10:00:00.000000,USA,Midcontinent ISO,US-MIDW-MISO,290.75,346.63,51.17,34.41,eia.gov,false,""
2023-04-17T11:00:00.000000,USA,Midcontinent ISO,US-MIDW-MISO,299.03,357.15,49.22,33.73,eia.gov,false,""
2023-04-17T12:00:00.000000,USA,Midcontinent ISO,US-MIDW-MISO,305.32,364.53,48.07,33.16,eia.gov,false,""
2023-04-17T13:00:00.000000,USA,Midcontinent ISO,US-MIDW-MISO,305.01,364.71,47.84,32.97,eia.gov,false,""
2023-04-17T14:00:00.000000,USA,Midcontinent ISO,US-MIDW-MISO,309.02,369.22,47.29,32.44,eia.gov,false,""
2023-04-17T15:00:00.000000,USA,Midcontinent ISO,US-MIDW-MISO,307.0,366.55,47.9,33.05,eia.gov,false,""
2023-04-17T16:00:00.000000,USA,Midcontinent ISO,US-MIDW-MISO,298.65,357.84,48.68,33.68,eia.gov,false,""
2023-04-17T17:00:00.000000,USA,Midcontinent ISO,US-MIDW-MISO,297.86,357.25,48.6,33.37,eia.gov,false,""
2023-04-17T18:00:00.000000,USA,Midcontinent ISO,US-MIDW-MISO,297.52,356.99,48.6,33.32,eia.gov,false,""
2023-04-17T19:00:00.000000,USA,Midcontinent ISO,US-MIDW-MISO,297.22,356.74,48.61,33.24,eia.gov,false,""
2023-04-17T20:00:00.000000,USA,Midcontinent ISO,US-MIDW-MISO,299.24,359.29,48.11,32.55,eia.gov,false,""
2023-04-17T21:00:00.000000,USA,Midcontinent ISO,US-MIDW-MISO,310.67,371.9,46.51,31.26,eia.gov,false,""
2023-04-17T22:00:00.000000,USA,Midcontinent ISO,US-MIDW-MISO,316.03,378.32,45.47,30.33,eia.gov,false,""
2023-04-17T23:00:00.000000,USA,Midcontinent ISO,US-MIDW-MISO,318.7,382.59,44.3,29.48,eia.gov,false,""
2023-04-18T00:00:00.000000,USA,Midcontinent ISO,US-MIDW-MISO,348.1,415.31,40.04,25.37,eia.gov,false,""
2023-04-18T01:00:00.000000,USA,Midcontinent ISO,US-MIDW-MISO,364.84,432.99,38.3,23.51,eia.gov,false,""
2023-04-18T02:00:00.000000,USA,Midcontinent ISO,US-MIDW-MISO,367.74,435.68,38.15,22.67,eia.gov,false,""
2023-04-18T03:00:00.000000,USA,Midcontinent ISO,US-MIDW-MISO,360.53,427.71,39.02,22.64,eia.gov,false,""
2023-04-18T04:00:00.000000,USA,Midcontinent ISO,US-MIDW-MISO,347.88,413.33,41.01,23.99,eia.gov,false,""
2023-04-18T05:00:00.000000,USA,Midcontinent ISO,US-MIDW-MISO,340.51,403.72,42.99,25.34,eia.gov,false,""
2023-04-18T06:00:00.000000,USA,Midcontinent ISO,US-MIDW-MISO,334.86,396.9,44.15,26.01,eia.gov,false,""
2023-04-18T07:00:00.000000,USA,Midcontinent ISO,US-MIDW-MISO,336.85,399.16,43.81,25.54,eia.gov,false,""
2023-04-18T08:00:00.000000,USA,Midcontinent ISO,US-MIDW-MISO,332.35,394.34,44.36,26.16,eia.gov,false,""
2023-04-18T09:00:00.000000,USA,Midcontinent ISO,US-MIDW-MISO,341.6,404.5,43.14,25.6,eia.gov,false,""
2023-04-18T10:00:00.000000,USA,Midcontinent ISO,US-MIDW-MISO,352.85,416.33,42.01,25.78,eia.gov,false,""
2023-04-18T11:00:00.000000,USA,Midcontinent ISO,US-MIDW-MISO,359.66,423.69,41.28,26.16,eia.gov,false,""
2023-04-18T12:00:00.000000,USA,Midcontinent ISO,US-MIDW-MISO,364.21,428.06,41.17,26.33,eia.gov,false,""
2023-04-18T13:00:00.000000,USA,Midcontinent ISO,US-MIDW-MISO,355.31,418.31,42.48,27.32,eia.gov,false,""
2023-04-18T14:00:00.000000,USA,Midcontinent ISO,US-MIDW-MISO,350.32,412.42,43.42,28.22,eia.gov,false,""
2023-04-18T15:00:00.000000,USA,Midcontinent ISO,US-MIDW-MISO,348.3,410.23,43.64,28.24,eia.gov,false,""
2023-04-18T16:00:00.000000,USA,Midcontinent ISO,US-MIDW-MISO,344.36,405.58,44.39,28.7,eia.gov,false,""
2023-04-18T17:00:00.000000,USA,Midcontinent ISO,US-MIDW-MISO,340.76,400.79,45.42,29.99,eia.gov,false,""
2023-04-18T18:00:00.000000,USA,Midcontinent ISO,US-MIDW-MISO,337.77,397.14,46.08,30.46,eia.gov,false,""
2023-04-18T19:00:00.000000,USA,Midcontinent ISO,US-MIDW-MISO,338.96,398.44,45.91,30.19,eia.gov,false,""
2023-04-18T20:00:00.000000,USA,Midcontinent ISO,US-MIDW-MISO,336.16,395.36,46.3,30.63,eia.gov,false,""
2023-04-18T21:00:00.000000,USA,Midcontinent ISO,US-MIDW-MISO,335.72,394.7,46.46,31.01,eia.gov,false,""
2023-04-18T22:00:00.000000,USA,Midcontinent ISO,US-MIDW-MISO,335.59,395.04,46.08,30.72,eia.gov,false,""
2023-04-18T23:00:00.000000,USA,Midcontinent ISO,US-MIDW-MISO,340.42,400.62,45.23,30.3,eia.gov,false,""
2023-04-19T00:00:00.000000,USA,Midcontinent ISO,US-MIDW-MISO,359.09,421.15,42.66,28.06,eia.gov,false,""
2023-04-19T01:00:00.000000,USA,Midcontinent ISO,US-MIDW-MISO,365.29,427.21,42.3,27.78,eia.gov,false,""
2023-04-19T02:00:00.000000,USA,Midcontinent ISO,US-MIDW-MISO,364.42,424.64,43.36,28.29,eia.gov,false,""
2023-04-19T03:00:00.000000,USA,Midcontinent ISO,US-MIDW-MISO,349.46,407.47,45.78,29.72,eia.gov,false,""
2023-04-19T04:00:00.000000,USA,Midcontinent ISO,US-MIDW-MISO,337.46,394.28,47.33,30.76,eia.gov,false,""
2023-04-19T05:00:00.000000,USA,Midcontinent ISO,US-MIDW-MISO,325.71,379.59,50.13,32.42,eia.gov,false,""
2023-04-19T06:00:00.000000,USA,Midcontinent ISO,US-MIDW-MISO,315.11,368.84,50.93,32.12,eia.gov,false,""
2023-04-19T07:00:00.000000,USA,Midcontinent ISO,US-MIDW-MISO,309.97,364.07,51.02,32.3,eia.gov,false,""
2023-04-19T08:00:00.000000,USA,Midcontinent ISO,US-MIDW-MISO,309.2,364.65,50.17,31.42,eia.gov,false,""
2023-04-19T09:00:00.000000,USA,Midcontinent ISO,US-MIDW-MISO,316.94,373.46,48.95,30.58,eia.gov,false,""
2023-04-19T10:00:00.000000,USA,Midcontinent ISO,US-MIDW-MISO,339.29,397.02,46.69,29.98,eia.gov,false,""
2023-04-19T11:00:00.000000,USA,Midcontinent ISO,US-MIDW-MISO,330.31,388.36,47.29,31.26,eia.gov,false,""
2023-04-19T12:00:00.000000,USA,Midcontinent ISO,US-MIDW-MISO,330.06,388.58,46.99,31.13,eia.gov,false,""
2023-04-19T13:00:00.000000,USA,Midcontinent ISO,US-MIDW-MISO,331.78,390.24,46.97,31.1,eia.gov,false,""
2023-04-19T14:00:00.000000,USA,Midcontinent ISO,US-MIDW-MISO,333.87,393.5,46.07,30.1,eia.gov,false,""
2023-04-19T15:00:00.000000,USA,Midcontinent ISO,US-MIDW-MISO,347.87,409.11,44.1,28.33,eia.gov,false,""
2023-04-19T16:00:00.000000,USA,Midcontinent ISO,US-MIDW-MISO,360.67,422.67,42.74,27.03,eia.gov,false,""
2023-04-19T17:00:00.000000,USA,Midcontinent ISO,US-MIDW-MISO,357.25,418.98,43.16,27.4,eia.gov,false,""
2023-04-19T18:00:00.000000,USA,Midcontinent ISO,US-MIDW-MISO,355.12,416.97,43.21,27.66,eia.gov,false,""
2023-04-19T19:00:00.000000,USA,Midcontinent ISO,US-MIDW-MISO,354.11,415.84,43.33,28.01,eia.gov,false,""
2023-04-19T20:00:00.000000,USA,Midcontinent ISO,US-MIDW-MISO,351.26,412.29,44.03,29.15,eia.gov,false,""
2023-04-19T21:00:00.000000,USA,Midcontinent ISO,US-MIDW-MISO,341.46,401.62,45.3,30.75,eia.gov,false,""
2023-04-19T22:00:00.000000,USA,Midcontinent ISO,US-MIDW-MISO,343.49,404.59,44.55,30.09,eia.gov,false,""
2023-04-19T23:00:00.000000,USA,Midcontinent ISO,US-MIDW-MISO,353.5,415.72,43.04,28.76,eia.gov,false,""
2023-04-20T00:00:00.000000,USA,Midcontinent ISO,US-MIDW-MISO,354.11,415.95,43.22,29.0,eia.gov,false,""
2023-04-20T01:00:00.000000,USA,Midcontinent ISO,US-MIDW-MISO,360.38,422.38,42.56,28.28,eia.gov,false,""
2023-04-20T02:00:00.000000,USA,Midcontinent ISO,US-MIDW-MISO,351.94,412.77,43.87,28.54,eia.gov,false,""
2023-04-20T03:00:00.000000,USA,Midcontinent ISO,US-MIDW-MISO,332.06,389.95,47.16,30.93,eia.gov,false,""
2023-04-20T04:00:00.000000,USA,Midcontinent ISO,US-MIDW-MISO,323.36,380.65,48.11,31.21,eia.gov,false,""
2023-04-20T05:00:00.000000,USA,Midcontinent ISO,US-MIDW-MISO,322.58,379.19,48.57,30.4,eia.gov,false,""
2023-04-20T06:00:00.000000,USA,Midcontinent ISO,US-MIDW-MISO,319.89,375.61,49.29,30.19,eia.gov,false,""
2023-04-20T07:00:00.000000,USA,Midcontinent ISO,US-MIDW-MISO,314.56,369.59,50.12,30.99,eia.gov,false,""
2023-04-20T08:00:00.000000,USA,Midcontinent ISO,US-MIDW-MISO,311.42,365.58,50.93,31.61,eia.gov,false,""
2023-04-20T09:00:00.000000,USA,Midcontinent ISO,US-MIDW-MISO,330.15,387.59,47.49,28.56,eia.gov,false,""
2023-04-20T10:00:00.000000,USA,Midcontinent ISO,US-MIDW-MISO,366.95,428.52,42.37,24.67,eia.gov,false,""
2023-04-20T11:00:00.000000,USA,Midcontinent ISO,US-MIDW-MISO,375.38,437.44,41.61,24.84,eia.gov,false,""
2023-04-20T12:00:00.000000,USA,Midcontinent ISO,US-MIDW-MISO,369.07,429.98,42.79,26.41,eia.gov,false,""
2023-04-20T13:00:00.000000,USA,Midcontinent ISO,US-MIDW-MISO,370.49,431.7,42.56,26.58,eia.gov,false,""
2023-04-20T14:00:00.000000,USA,Midcontinent ISO,US-MIDW-MISO,361.74,421.92,43.84,28.13,eia.gov,false,""
2023-04-20T15:00:00.000000,USA,Midcontinent ISO,US-MIDW-MISO,337.65,395.6,46.99,31.26,eia.gov,false,""
2023-04-20T16:00:00.000000,USA,Midcontinent ISO,US-MIDW-MISO,336.77,395.85,46.29,30.77,eia.gov,false,""
2023-04-20T17:00:00.000000,USA,Midcontinent ISO,US-MIDW-MISO,348.28,408.83,44.51,29.53,eia.gov,false,""
2023-04-20T18:00:00.000000,USA,Midcontinent ISO,US-MIDW-MISO,344.74,404.58,45.28,30.52,eia.gov,false,""
2023-04-20T19:00:00.000000,USA,Midcontinent ISO,US-MIDW-MISO,337.1,396.66,45.97,31.22,eia.gov,false,""
2023-04-20T20:00:00.000000,USA,Midcontinent ISO,US-MIDW-MISO,334.1,393.35,46.4,31.93,eia.gov,false,""
2023-04-20T21:00:00.000000,USA,Midcontinent ISO,US-MIDW-MISO,336.26,395.9,45.98,32.14,eia.gov,false,""
2023-04-20T22:00:00.000000,USA,Midcontinent ISO,US-MIDW-MISO,340.42,401.03,45.01,31.4,eia.gov,false,""
2023-04-20T23:00:00.000000,USA,Midcontinent ISO,US-MIDW-MISO,351.72,413.88,43.16,29.28,eia.gov,false,""
2023-04-21T00:00:00.000000,USA,Midcontinent ISO,US-MIDW-MISO,362.49,425.6,41.77,27.63,eia.gov,false,""
2023-04-21T01:00:00.000000,USA,Midcontinent ISO,US-MIDW-MISO,375.12,439.22,40.22,25.73,eia.gov,false,""
2023-04-21T02:00:00.000000,USA,Midcontinent ISO,US-MIDW-MISO,375.77,439.39,40.41,25.11,eia.gov,false,""
2023-04-21T03:00:00.000000,USA,Midcontinent ISO,US-MIDW-MISO,370.31,433.01,41.28,24.75,eia.gov,false,""
2023-04-21T04:00:00.000000,USA,Midcontinent ISO,US-MIDW-MISO,349.66,410.71,43.71,26.21,eia.gov,false,""
2023-04-21T05:00:00.000000,USA,Midcontinent ISO,US-MIDW-MISO,325.12,382.21,48.02,29.77,eia.gov,false,""
2023-04-21T06:00:00.000000,USA,Midcontinent ISO,US-MIDW-MISO,316.25,371.85,49.6,30.72,eia.gov,false,""
2023-04-21T07:00:00.000000,USA,Midcontinent ISO,US-MIDW-MISO,319.26,375.3,49.13,30.27,eia.gov,false,""
2023-04-21T08:00:00.000000,USA,Midcontinent ISO,US-MIDW-MISO,319.38,375.17,49.3,30.5,eia.gov,false,""
2023-04-21T09:00:00.000000,USA,Midcontinent ISO,US-MIDW-MISO,326.16,383.1,48.1,29.92,eia.gov,false,""
2023-04-21T10:00:00.000000,USA,Midcontinent ISO,US-MIDW-MISO,333.41,391.93,46.58,29.09,eia.gov,false,""
2023-04-21T11:00:00.000000,USA,Midcontinent ISO,US-MIDW-MISO,344.99,405.32,44.65,28.48,eia.gov,false,""
2023-04-21T12:00:00.000000,USA,Midcontinent ISO,US-MIDW-MISO,355.27,416.08,43.69,28.23,eia.gov,false,""
2023-04-21T13:00:00.000000,USA,Midcontinent ISO,US-MIDW-MISO,358.69,419.38,43.58,28.22,eia.gov,false,""
2023-04-21T14:00:00.000000,USA,Midcontinent ISO,US-MIDW-MISO,358.14,418.62,43.75,28.74,eia.gov,false,""
2023-04-21T15:00:00.000000,USA,Midcontinent ISO,US-MIDW-MISO,352.5,412.52,44.47,29.51,eia.gov,false,""
2023-04-21T16:00:00.000000,USA,Midcontinent ISO,US-MIDW-MISO,348.14,407.73,45.07,30.19,eia.gov,false,""
2023-04-21T17:00:00.000000,USA,Midcontinent ISO,US-MIDW-MISO,344.3,403.63,45.49,30.97,eia.gov,false,""
2023-04-21T18:00:00.000000,USA,Midcontinent ISO,US-MIDW-MISO,343.88,403.18,45.52,30.96,eia.gov,false,""
2023-04-21T19:00:00.000000,USA,Midcontinent ISO,US-MIDW-MISO,339.2,398.09,46.17,31.67,eia.gov,false,""
2023-04-21T20:00:00.000000,USA,Midcontinent ISO,US-MIDW-MISO,344.83,404.3,45.39,31.0,eia.gov,false,""
2023-04-21T21:00:00.000000,USA,Midcontinent ISO,US-MIDW-MISO,347.73,407.29,45.09,31.0,eia.gov,false,""
2023-04-21T22:00:00.000000,USA,Midcontinent ISO,US-MIDW-MISO,354.58,414.88,44.11,29.9,eia.gov,false,""
2023-04-21T23:00:00.000000,USA,Midcontinent ISO,US-MIDW-MISO,346.45,405.65,45.41,31.1,eia.gov,false,""
2023-04-22T00:00:00.000000,USA,Midcontinent ISO,US-MIDW-MISO,350.49,410.49,44.58,30.17,eia.gov,false,""
2023-04-22T01:00:00.000000,USA,Midcontinent ISO,US-MIDW-MISO,359.52,420.76,43.04,28.13,eia.gov,false,""
2023-04-22T02:00:00.000000,USA,Midcontinent ISO,US-MIDW-MISO,357.49,418.51,43.28,27.85,eia.gov,false,""
2023-04-22T03:00:00.000000,USA,Midcontinent ISO,US-MIDW-MISO,342.42,401.25,45.7,29.14,eia.gov,false,""
2023-04-22T04:00:00.000000,USA,Midcontinent ISO,US-MIDW-MISO,322.17,378.79,48.52,31.24,eia.gov,false,""
2023-04-22T05:00:00.000000,USA,Midcontinent ISO,US-MIDW-MISO,316.81,372.49,49.52,31.18,eia.gov,false,""
2023-04-22T06:00:00.000000,USA,Midcontinent ISO,US-MIDW-MISO,320.62,375.32,49.92,30.76,eia.gov,false,""
2023-04-22T07:00:00.000000,USA,Midcontinent ISO,US-MIDW-MISO,316.64,370.65,50.66,31.06,eia.gov,false,""
2023-04-22T08:00:00.000000,USA,Midcontinent ISO,US-MIDW-MISO,318.04,372.59,50.21,30.66,eia.gov,false,""
2023-04-22T09:00:00.000000,USA,Midcontinent ISO,US-MIDW-MISO,315.08,369.31,50.63,30.92,eia.gov,false,""
2023-04-22T10:00:00.000000,USA,Midcontinent ISO,US-MIDW-MISO,319.13,373.83,50.04,30.98,eia.gov,false,""
2023-04-22T11:00:00.000000,USA,Midcontinent ISO,US-MIDW-MISO,318.89,374.33,49.6,30.95,eia.gov,false,""
2023-04-22T12:00:00.000000,USA,Midcontinent ISO,US-MIDW-MISO,317.23,372.63,49.83,31.71,eia.gov,false,""
2023-04-22T13:00:00.000000,USA,Midcontinent ISO,US-MIDW-MISO,305.67,360.08,51.38,33.87,eia.gov,false,""
2023-04-22T14:00:00.000000,USA,Midcontinent ISO,US-MIDW-MISO,302.55,356.99,51.61,34.26,eia.gov,false,""
2023-04-22T15:00:00.000000,USA,Midcontinent ISO,US-MIDW-MISO,303.3,357.79,51.5,34.4,eia.gov,false,""
2023-04-22T16:00:00.000000,USA,Midcontinent ISO,US-MIDW-MISO,299.65,353.88,51.89,34.75,eia.gov,false,""
2023-04-22T17:00:00.000000,USA,Midcontinent ISO,US-MIDW-MISO,288.28,341.05,53.64,36.21,eia.gov,false,""
2023-04-22T18:00:00.000000,USA,Midcontinent ISO,US-MIDW-MISO,290.46,343.29,53.42,36.15,eia.gov,false,""
2023-04-22T19:00:00.000000,USA,Midcontinent ISO,US-MIDW-MISO,290.98,343.82,53.36,36.1,eia.gov,false,""
2023-04-22T20:00:00.000000,USA,Midcontinent ISO,US-MIDW-MISO,298.5,352.22,52.24,35.35,eia.gov,false,""
2023-04-22T21:00:00.000000,USA,Midcontinent ISO,US-MIDW-MISO,306.01,360.6,51.13,34.18,eia.gov,false,""
2023-04-22T22:00:00.000000,USA,Midcontinent ISO,US-MIDW-MISO,321.2,377.35,49.05,32.69,eia.gov,false,""
2023-04-22T23:00:00.000000,USA,Midcontinent ISO,US-MIDW-MISO,326.21,383.25,48.19,31.72,eia.gov,false,""
2023-04-23T00:00:00.000000,USA,Midcontinent ISO,US-MIDW-MISO,335.01,394.32,46.1,29.38,eia.gov,false,""
2023-04-23T01:00:00.000000,USA,Midcontinent ISO,US-MIDW-MISO,362.41,424.78,42.22,25.28,eia.gov,false,""
2023-04-23T02:00:00.000000,USA,Midcontinent ISO,US-MIDW-MISO,386.58,450.89,39.23,21.91,eia.gov,false,""
2023-04-23T03:00:00.000000,USA,Midcontinent ISO,US-MIDW-MISO,388.11,452.99,38.63,20.45,eia.gov,false,""
2023-04-23T04:00:00.000000,USA,Midcontinent ISO,US-MIDW-MISO,389.62,455.29,37.98,19.21,eia.gov,false,""
2023-04-23T05:00:00.000000,USA,Midcontinent ISO,US-MIDW-MISO,384.03,449.69,38.37,18.8,eia.gov,false,""
2023-04-23T06:00:00.000000,USA,Midcontinent ISO,US-MIDW-MISO,381.67,448.23,37.92,17.53,eia.gov,false,""
2023-04-23T07:00:00.000000,USA,Midcontinent ISO,US-MIDW-MISO,384.54,451.84,37.24,16.47,eia.gov,false,""
2023-04-23T08:00:00.000000,USA,Midcontinent ISO,US-MIDW-MISO,387.76,455.71,36.59,15.7,eia.gov,false,""
2023-04-23T09:00:00.000000,USA,Midcontinent ISO,US-MIDW-MISO,392.08,460.26,36.17,15.54,eia.gov,false,""
2023-04-23T10:00:00.000000,USA,Midcontinent ISO,US-MIDW-MISO,395.28,463.02,36.29,16.02,eia.gov,false,""
2023-04-23T11:00:00.000000,USA,Midcontinent ISO,US-MIDW-MISO,392.12,459.41,36.86,16.9,eia.gov,false,""
2023-04-23T12:00:00.000000,USA,Midcontinent ISO,US-MIDW-MISO,399.65,467.46,36.11,16.81,eia.gov,false,""
2023-04-23T13:00:00.000000,USA,Midcontinent ISO,US-MIDW-MISO,417.77,486.96,34.08,15.28,eia.gov,false,""
2023-04-23T14:00:00.000000,USA,Midcontinent ISO,US-MIDW-MISO,416.73,485.28,34.58,15.83,eia.gov,false,""
2023-04-23T15:00:00.000000,USA,Midcontinent ISO,US-MIDW-MISO,397.56,463.52,37.57,19.01,eia.gov,false,""
2023-04-23T16:00:00.000000,USA,Midcontinent ISO,US-MIDW-MISO,373.53,437.6,40.47,22.25,eia.gov,false,""
2023-04-23T17:00:00.000000,USA,Midcontinent ISO,US-MIDW-MISO,373.15,437.39,40.38,22.56,eia.gov,false,""
2023-04-23T18:00:00.000000,USA,Midcontinent ISO,US-MIDW-MISO,369.16,432.97,40.93,23.05,eia.gov,false,""
2023-04-23T19:00:00.000000,USA,Midcontinent ISO,US-MIDW-MISO,370.38,434.74,40.48,22.38,eia.gov,false,""
2023-04-23T20:00:00.000000,USA,Midcontinent ISO,US-MIDW-MISO,386.94,452.78,38.35,20.56,eia.gov,false,""
2023-04-23T21:00:00.000000,USA,Midcontinent ISO,US-MIDW-MISO,398.8,465.54,36.92,19.33,eia.gov,false,""
2023-04-23T22:00:00.000000,USA,Midcontinent ISO,US-MIDW-MISO,419.03,487.86,34.15,17.07,eia.gov,false,""
2023-04-23T23:00:00.000000,USA,Midcontinent ISO,US-MIDW-MISO,425.67,495.97,32.88,15.93,eia.gov,false,""
2023-04-24T00:00:00.000000,USA,Midcontinent ISO,US-MIDW-MISO,444.46,517.24,30.07,13.46,eia.gov,false,""
2023-04-24T01:00:00.000000,USA,Midcontinent ISO,US-MIDW-MISO,460.17,534.38,28.05,11.52,eia.gov,false,""
2023-04-24T02:00:00.000000,USA,Midcontinent ISO,US-MIDW-MISO,472.96,547.88,26.58,9.41,eia.gov,false,""
2023-04-24T03:00:00.000000,USA,Midcontinent ISO,US-MIDW-MISO,481.94,557.67,25.25,7.2,eia.gov,false,""
2023-04-24T04:00:00.000000,USA,Midcontinent ISO,US-MIDW-MISO,482.35,558.11,25.14,6.81,eia.gov,false,""
2023-04-24T05:00:00.000000,USA,Midcontinent ISO,US-MIDW-MISO,479.62,555.02,25.52,7.12,eia.gov,false,""
2023-04-24T06:00:00.000000,USA,Midcontinent ISO,US-MIDW-MISO,466.21,539.34,27.94,9.38,eia.gov,false,""
2023-04-24T07:00:00.000000,USA,Midcontinent ISO,US-MIDW-MISO,455.48,527.35,29.48,10.82,eia.gov,false,""
2023-04-24T08:00:00.000000,USA,Midcontinent ISO,US-MIDW-MISO,444.83,515.74,30.83,12.35,eia.gov,false,""
2023-04-24T09:00:00.000000,USA,Midcontinent ISO,US-MIDW-MISO,447.19,518.48,30.41,12.66,eia.gov,false,""
2023-04-24T10:00:00.000000,USA,Midcontinent ISO,US-MIDW-MISO,438.77,511.2,30.38,13.99,eia.gov,false,""
2023-04-24T11:00:00.000000,USA,Midcontinent ISO,US-MIDW-MISO,439.63,512.66,30.07,14.9,eia.gov,false,""
2023-04-24T12:00:00.000000,USA,Midcontinent ISO,US-MIDW-MISO,440.07,512.86,30.25,15.47,eia.gov,false,""
2023-04-24T13:00:00.000000,USA,Midcontinent ISO,US-MIDW-MISO,444.02,517.71,29.46,14.4,eia.gov,false,""
2023-04-24T14:00:00.000000,USA,Midcontinent ISO,US-MIDW-MISO,447.09,521.25,28.95,13.54,eia.gov,false,""
2023-04-24T15:00:00.000000,USA,Midcontinent ISO,US-MIDW-MISO,445.93,519.5,29.43,13.99,eia.gov,false,""
2023-04-24T16:00:00.000000,USA,Midcontinent ISO,US-MIDW-MISO,448.58,522.08,29.29,13.91,eia.gov,false,""
2023-04-24T17:00:00.000000,USA,Midcontinent ISO,US-MIDW-MISO,452.28,525.86,28.95,13.23,eia.gov,false,""
2023-04-24T18:00:00.000000,USA,Midcontinent ISO,US-MIDW-MISO,453.3,527.04,28.78,12.88,eia.gov,false,""
2023-04-24T19:00:00.000000,USA,Midcontinent ISO,US-MIDW-MISO,454.51,528.31,28.67,12.7,eia.gov,false,""
2023-04-24T20:00:00.000000,USA,Midcontinent ISO,US-MIDW-MISO,457.33,531.47,28.24,12.38,eia.gov,false,""
2023-04-24T21:00:00.000000,USA,Midcontinent ISO,US-MIDW-MISO,459.26,533.58,27.92,12.33,eia.gov,false,""
2023-04-24T22:00:00.000000,USA,Midcontinent ISO,US-MIDW-MISO,456.9,530.52,28.5,12.99,eia.gov,false,""
2023-04-24T23:00:00.000000,USA,Midcontinent ISO,US-MIDW-MISO,446.15,518.76,29.89,14.63,eia.gov,false,""
2023-04-25T00:00:00.000000,USA,Midcontinent ISO,US-MIDW-MISO,439.84,511.72,30.7,15.82,eia.gov,false,""
2023-04-25T01:00:00.000000,USA,Midcontinent ISO,US-MIDW-MISO,427.35,496.87,33.0,18.32,eia.gov,false,""
2023-04-25T02:00:00.000000,USA,Midcontinent ISO,US-MIDW-MISO,413.91,480.87,35.53,20.24,eia.gov,false,""
2023-04-25T03:00:00.000000,USA,Midcontinent ISO,US-MIDW-MISO,404.84,470.66,36.84,20.95,eia.gov,false,""
2023-04-25T04:00:00.000000,USA,Midcontinent ISO,US-MIDW-MISO,390.75,455.76,38.32,21.5,eia.gov,false,""
2023-04-25T05:00:00.000000,USA,Midcontinent ISO,US-MIDW-MISO,383.9,448.32,39.19,22.27,eia.gov,false,""
2023-04-25T06:00:00.000000,USA,Midcontinent ISO,US-MIDW-MISO,377.27,440.84,40.21,22.8,eia.gov,false,""
2023-04-25T07:00:00.000000,USA,Midcontinent ISO,US-MIDW-MISO,377.08,441.3,39.79,22.13,eia.gov,false,""
2023-04-25T08:00:00.000000,USA,Midcontinent ISO,US-MIDW-MISO,386.73,451.6,38.72,21.33,eia.gov,false,""
2023-04-25T09:00:00.000000,USA,Midcontinent ISO,US-MIDW-MISO,396.02,462.07,37.36,20.52,eia.gov,false,""
2023-04-25T10:00:00.000000,USA,Midcontinent ISO,US-MIDW-MISO,400.43,467.97,36.23,20.41,eia.gov,false,""
2023-04-25T11:00:00.000000,USA,Midcontinent ISO,US-MIDW-MISO,412.91,481.61,34.73,19.99,eia.gov,false,""
2023-04-25T12:00:00.000000,USA,Midcontinent ISO,US-MIDW-MISO,421.22,490.77,33.65,19.19,eia.gov,false,""
2023-04-25T13:00:00.000000,USA,Midcontinent ISO,US-MIDW-MISO,435.2,506.26,31.76,16.77,eia.gov,false,""
2023-04-25T14:00:00.000000,USA,Midcontinent ISO,US-MIDW-MISO,437.75,508.74,31.64,16.44,eia.gov,false,""
2023-04-25T15:00:00.000000,USA,Midcontinent ISO,US-MIDW-MISO,424.78,493.73,33.92,18.72,eia.gov,false,""
2023-04-25T16:00:00.000000,USA,Midcontinent ISO,US-MIDW-MISO,426.71,495.76,33.73,18.51,eia.gov,false,""
2023-04-25T17:00:00.000000,USA,Midcontinent ISO,US-MIDW-MISO,432.96,504.11,31.9,16.41,eia.gov,false,""
2023-04-25T18:00:00.000000,USA,Midcontinent ISO,US-MIDW-MISO,437.3,509.51,30.92,15.29,eia.gov,false,""
2023-04-25T19:00:00.000000,USA,Midcontinent ISO,US-MIDW-MISO,445.69,519.23,29.45,14.01,eia.gov,false,""
2023-04-25T20:00:00.000000,USA,Midcontinent ISO,US-MIDW-MISO,444.82,518.54,29.4,13.84,eia.gov,false,""
2023-04-25T21:00:00.000000,USA,Midcontinent ISO,US-MIDW-MISO,444.02,518.15,29.16,13.93,eia.gov,false,""
2023-04-25T22:00:00.000000,USA,Midcontinent ISO,US-MIDW-MISO,440.09,513.35,30.01,14.7,eia.gov,false,""
2023-04-25T23:00:00.000000,USA,Midcontinent ISO,US-MIDW-MISO,438.14,510.44,30.77,15.66,eia.gov,false,""
2023-04-26T00:00:00.000000,USA,Midcontinent ISO,US-MIDW-MISO,433.67,505.38,31.4,16.58,eia.gov,false,""
2023-04-26T01:00:00.000000,USA,Midcontinent ISO,US-MIDW-MISO,420.23,490.34,33.29,18.7,eia.gov,false,""
2023-04-26T02:00:00.000000,USA,Midcontinent ISO,US-MIDW-MISO,398.75,465.99,36.52,21.54,eia.gov,false,""
2023-04-26T03:00:00.000000,USA,Midcontinent ISO,US-MIDW-MISO,380.19,444.76,39.48,23.93,eia.gov,false,""
2023-04-26T04:00:00.000000,USA,Midcontinent ISO,US-MIDW-MISO,372.31,436.66,40.13,24.04,eia.gov,false,""
2023-04-26T05:00:00.000000,USA,Midcontinent ISO,US-MIDW-MISO,362.43,425.47,41.76,24.89,eia.gov,false,""
2023-04-26T06:00:00.000000,USA,Midcontinent ISO,US-MIDW-MISO,363.39,426.96,41.3,24.05,eia.gov,false,""
2023-04-26T07:00:00.000000,USA,Midcontinent ISO,US-MIDW-MISO,365.93,429.7,41.0,23.55,eia.gov,false,""
2023-04-26T08:00:00.000000,USA,Midcontinent ISO,US-MIDW-MISO,369.57,433.78,40.5,22.88,eia.gov,false,""
2023-04-26T09:00:00.000000,USA,Midcontinent ISO,US-MIDW-MISO,377.4,442.13,39.64,22.72,eia.gov,false,""
2023-04-26T10:00:00.000000,USA,Midcontinent ISO,US-MIDW-MISO,386.51,452.5,38.28,22.62,eia.gov,false,""
2023-04-26T11:00:00.000000,USA,Midcontinent ISO,US-MIDW-MISO,402.51,470.5,35.93,21.1,eia.gov,false,""
2023-04-26T12:00:00.000000,USA,Midcontinent ISO,US-MIDW-MISO,410.71,479.28,35.06,20.15,eia.gov,false,""
2023-04-26T13:00:00.000000,USA,Midcontinent ISO,US-MIDW-MISO,420.6,490.42,33.73,18.41,eia.gov,false,""
2023-04-26T14:00:00.000000,USA,Midcontinent ISO,US-MIDW-MISO,418.99,488.44,34.12,18.81,eia.gov,false,""
2023-04-26T15:00:00.000000,USA,Midcontinent ISO,US-MIDW-MISO,419.37,488.77,34.1,18.8,eia.gov,false,""
2023-04-26T16:00:00.000000,USA,Midcontinent ISO,US-MIDW-MISO,420.05,489.78,33.83,18.39,eia.gov,false,""
2023-04-26T17:00:00.000000,USA,Midcontinent ISO,US-MIDW-MISO,426.99,496.87,33.29,17.88,eia.gov,false,""
2023-04-26T18:00:00.000000,USA,Midcontinent ISO,US-MIDW-MISO,425.63,495.7,33.24,17.97,eia.gov,false,""
2023-04-26T19:00:00.000000,USA,Midcontinent ISO,US-MIDW-MISO,424.46,494.72,33.18,17.98,eia.gov,false,""
2023-04-26T20:00:00.000000,USA,Midcontinent ISO,US-MIDW-MISO,424.4,494.87,33.01,17.97,eia.gov,false,""
2023-04-26T21:00:00.000000,USA,Midcontinent ISO,US-MIDW-MISO,422.43,492.7,33.25,18.26,eia.gov,false,""
2023-04-26T22:00:00.000000,USA,Midcontinent ISO,US-MIDW-MISO,417.74,487.37,34.0,19.13,eia.gov,false,""
2023-04-26T23:00:00.000000,USA,Midcontinent ISO,US-MIDW-MISO,420.45,490.27,33.61,18.8,eia.gov,false,""
2023-04-27T00:00:00.000000,USA,Midcontinent ISO,US-MIDW-MISO,417.61,487.03,33.99,19.14,eia.gov,false,""
2023-04-27T01:00:00.000000,USA,Midcontinent ISO,US-MIDW-MISO,407.72,475.47,35.69,20.82,eia.gov,false,""
2023-04-27T02:00:00.000000,USA,Midcontinent ISO,US-MIDW-MISO,403.17,469.78,36.7,21.38,eia.gov,false,""
2023-04-27T03:00:00.000000,USA,Midcontinent ISO,US-MIDW-MISO,376.43,439.27,41.03,25.0,eia.gov,false,""
2023-04-27T04:00:00.000000,USA,Midcontinent ISO,US-MIDW-MISO,344.74,404.67,45.11,28.44,eia.gov,false,""
2023-04-27T05:00:00.000000,USA,Midcontinent ISO,US-MIDW-MISO,327.03,385.64,47.17,29.93,eia.gov,false,""
2023-04-27T06:00:00.000000,USA,Midcontinent ISO,US-MIDW-MISO,321.7,379.83,47.79,30.19,eia.gov,false,""
2023-04-27T07:00:00.000000,USA,Midcontinent ISO,US-MIDW-MISO,309.99,366.2,49.85,31.58,eia.gov,false,""
2023-04-27T08:00:00.000000,USA,Midcontinent ISO,US-MIDW-MISO,310.01,366.33,49.77,31.48,eia.gov,false,""
2023-04-27T09:00:00.000000,USA,Midcontinent ISO,US-MIDW-MISO,313.94,371.27,48.83,31.16,eia.gov,false,""
2023-04-27T10:00:00.000000,USA,Midcontinent ISO,US-MIDW-MISO,327.63,386.22,47.15,31.01,eia.gov,false,""
2023-04-27T11:00:00.000000,USA,Midcontinent ISO,US-MIDW-MISO,339.93,399.41,45.78,30.62,eia.gov,false,""
2023-04-27T12:00:00.000000,USA,Midcontinent ISO,US-MIDW-MISO,353.26,414.74,43.57,28.76,eia.gov,false,""
2023-04-27T13:00:00.000000,USA,Midcontinent ISO,US-MIDW-MISO,375.2,438.65,40.84,25.9,eia.gov,false,""
2023-04-27T14:00:00.000000,USA,Midcontinent ISO,US-MIDW-MISO,384.75,449.12,39.61,24.82,eia.gov,false,""
2023-04-27T15:00:00.000000,USA,Midcontinent ISO,US-MIDW-MISO,391.84,456.78,38.75,23.87,eia.gov,false,""
2023-04-27T16:00:00.000000,USA,Midcontinent ISO,US-MIDW-MISO,387.93,452.24,39.44,24.47,eia.gov,false,""
2023-04-27T17:00:00.000000,USA,Midcontinent ISO,US-MIDW-MISO,391.77,456.46,38.93,24.42,eia.gov,false,""
2023-04-27T18:00:00.000000,USA,Midcontinent ISO,US-MIDW-MISO,389.74,454.06,39.33,24.82,eia.gov,false,""
2023-04-27T19:00:00.000000,USA,Midcontinent ISO,US-MIDW-MISO,386.96,451.06,39.65,25.33,eia.gov,false,""
2023-04-27T20:00:00.000000,USA,Midcontinent ISO,US-MIDW-MISO,386.61,450.63,39.7,25.3,eia.gov,false,""
2023-04-27T21:00:00.000000,USA,Midcontinent ISO,US-MIDW-MISO,387.23,451.72,39.32,25.02,eia.gov,false,""
2023-04-27T22:00:00.000000,USA,Midcontinent ISO,US-MIDW-MISO,385.0,449.51,39.44,25.05,eia.gov,false,""
2023-04-27T23:00:00.000000,USA,Midcontinent ISO,US-MIDW-MISO,397.47,463.84,37.32,22.9,eia.gov,false,""
2023-04-28T00:00:00.000000,USA,Midcontinent ISO,US-MIDW-MISO,419.29,487.92,34.31,20.0,eia.gov,false,""
2023-04-28T01:00:00.000000,USA,Midcontinent ISO,US-MIDW-MISO,430.57,500.2,32.85,18.53,eia.gov,false,""
2023-04-28T02:00:00.000000,USA,Midcontinent ISO,US-MIDW-MISO,426.85,495.42,33.83,19.37,eia.gov,false,""
2023-04-28T03:00:00.000000,USA,Midcontinent ISO,US-MIDW-MISO,421.57,488.64,35.1,19.93,eia.gov,false,""
2023-04-28T04:00:00.000000,USA,Midcontinent ISO,US-MIDW-MISO,404.79,469.93,37.53,21.99,eia.gov,false,""
2023-04-28T05:00:00.000000,USA,Midcontinent ISO,US-MIDW-MISO,392.3,456.89,38.76,22.35,eia.gov,false,""
2023-04-28T06:00:00.000000,USA,Midcontinent ISO,US-MIDW-MISO,383.1,447.95,39.21,21.82,eia.gov,false,""
2023-04-28T07:00:00.000000,USA,Midcontinent ISO,US-MIDW-MISO,379.44,444.33,39.44,22.04,eia.gov,false,""
2023-04-28T08:00:00.000000,USA,Midcontinent ISO,US-MIDW-MISO,387.57,453.17,38.41,21.42,eia.gov,false,""
2023-04-28T09:00:00.000000,USA,Midcontinent ISO,US-MIDW-MISO,404.97,471.97,36.3,19.92,eia.gov,false,""
2023-04-28T10:00:00.000000,USA,Midcontinent ISO,US-MIDW-MISO,411.95,479.76,35.3,19.84,eia.gov,false,""
2023-04-28T11:00:00.000000,USA,Midcontinent ISO,US-MIDW-MISO,418.98,488.35,33.94,19.73,eia.gov,false,""
2023-04-28T12:00:00.000000,USA,Midcontinent ISO,US-MIDW-MISO,423.9,494.77,32.67,18.98,eia.gov,false,""
2023-04-28T13:00:00.000000,USA,Midcontinent ISO,US-MIDW-MISO,423.81,495.66,32.07,18.67,eia.gov,false,""
2023-04-28T14:00:00.000000,USA,Midcontinent ISO,US-MIDW-MISO,420.61,491.92,32.67,19.38,eia.gov,false,""
2023-04-28T15:00:00.000000,USA,Midcontinent ISO,US-MIDW-MISO,415.87,486.2,33.61,20.51,eia.gov,false,""
2023-04-28T16:00:00.000000,USA,Midcontinent ISO,US-MIDW-MISO,408.09,477.24,34.91,21.82,eia.gov,false,""
2023-04-28T17:00:00.000000,USA,Midcontinent ISO,US-MIDW-MISO,403.63,471.45,36.05,22.94,eia.gov,false,""
2023-04-28T18:00:00.000000,USA,Midcontinent ISO,US-MIDW-MISO,392.68,458.44,38.14,25.05,eia.gov,false,""
2023-04-28T19:00:00.000000,USA,Midcontinent ISO,US-MIDW-MISO,377.8,441.13,40.76,27.91,eia.gov,false,""
2023-04-28T20:00:00.000000,USA,Midcontinent ISO,US-MIDW-MISO,372.54,434.97,41.68,28.71,eia.gov,false,""
2023-04-28T21:00:00.000000,USA,Midcontinent ISO,US-MIDW-MISO,372.85,435.26,41.65,28.8,eia.gov,false,""
2023-04-28T22:00:00.000000,USA,Midcontinent ISO,US-MIDW-MISO,364.05,425.85,42.64,29.66,eia.gov,false,""
2023-04-28T23:00:00.000000,USA,Midcontinent ISO,US-MIDW-MISO,354.22,415.57,43.53,30.4,eia.gov,false,""
2023-04-29T00:00:00.000000,USA,Midcontinent ISO,US-MIDW-MISO,364.22,426.57,42.13,29.03,eia.gov,false,""
2023-04-29T01:00:00.000000,USA,Midcontinent ISO,US-MIDW-MISO,385.99,450.18,39.41,26.52,eia.gov,false,""
2023-04-29T02:00:00.000000,USA,Midcontinent ISO,US-MIDW-MISO,392.72,457.53,38.53,25.17,eia.gov,false,""
2023-04-29T03:00:00.000000,USA,Midcontinent ISO,US-MIDW-MISO,397.47,463.08,37.64,23.15,eia.gov,false,""
2023-04-29T04:00:00.000000,USA,Midcontinent ISO,US-MIDW-MISO,398.81,464.98,37.2,21.98,eia.gov,false,""
2023-04-29T05:00:00.000000,USA,Midcontinent ISO,US-MIDW-MISO,407.85,474.19,36.39,20.43,eia.gov,false,""
2023-04-29T06:00:00.000000,USA,Midcontinent ISO,US-MIDW-MISO,404.49,471.13,36.42,19.88,eia.gov,false,""
2023-04-29T07:00:00.000000,USA,Midcontinent ISO,US-MIDW-MISO,404.94,471.71,36.31,19.27,eia.gov,false,""
2023-04-29T08:00:00.000000,USA,Midcontinent ISO,US-MIDW-MISO,401.47,467.98,36.71,19.65,eia.gov,false,""
2023-04-29T09:00:00.000000,USA,Midcontinent ISO,US-MIDW-MISO,400.93,467.35,36.82,19.9,eia.gov,false,""
2023-04-29T10:00:00.000000,USA,Midcontinent ISO,US-MIDW-MISO,394.6,460.33,37.73,21.06,eia.gov,false,""
2023-04-29T11:00:00.000000,USA,Midcontinent ISO,US-MIDW-MISO,381.39,445.77,39.57,23.1,eia.gov,false,""
2023-04-29T12:00:00.000000,USA,Midcontinent ISO,US-MIDW-MISO,368.62,431.87,41.38,25.5,eia.gov,false,""
2023-04-29T13:00:00.000000,USA,Midcontinent ISO,US-MIDW-MISO,391.46,456.64,38.68,23.08,eia.gov,false,""
2023-04-29T14:00:00.000000,USA,Midcontinent ISO,US-MIDW-MISO,395.73,460.58,38.56,23.36,eia.gov,false,""
2023-04-29T15:00:00.000000,USA,Midcontinent ISO,US-MIDW-MISO,377.71,440.9,40.82,25.87,eia.gov,false,""
2023-04-29T16:00:00.000000,USA,Midcontinent ISO,US-MIDW-MISO,355.21,415.93,43.99,28.96,eia.gov,false,""
2023-04-29T17:00:00.000000,USA,Midcontinent ISO,US-MIDW-MISO,343.65,402.67,45.88,30.82,eia.gov,false,""
2023-04-29T18:00:00.000000,USA,Midcontinent ISO,US-MIDW-MISO,330.15,387.97,47.52,31.8,eia.gov,false,""
2023-04-29T19:00:00.000000,USA,Midcontinent ISO,US-MIDW-MISO,310.97,367.07,49.9,34.2,eia.gov,false,""
2023-04-29T20:00:00.000000,USA,Midcontinent ISO,US-MIDW-MISO,304.56,359.82,50.83,34.96,eia.gov,false,""
2023-04-29T21:00:00.000000,USA,Midcontinent ISO,US-MIDW-MISO,312.65,368.35,49.99,34.15,eia.gov,false,""
2023-04-29T22:00:00.000000,USA,Midcontinent ISO,US-MIDW-MISO,310.94,366.19,50.45,34.93,eia.gov,false,""
2023-04-29T23:00:00.000000,USA,Midcontinent ISO,US-MIDW-MISO,311.2,366.13,50.68,35.58,eia.gov,false,""
2023-04-30T00:00:00.000000,USA,Midcontinent ISO,US-MIDW-MISO,321.17,377.43,49.09,34.01,eia.gov,false,""
2023-04-30T01:00:00.000000,USA,Midcontinent ISO,US-MIDW-MISO,346.71,405.0,46.06,31.47,eia.gov,false,""
2023-04-30T02:00:00.000000,USA,Midcontinent ISO,US-MIDW-MISO,344.23,401.7,46.67,31.76,eia.gov,false,""
2023-04-30T03:00:00.000000,USA,Midcontinent ISO,US-MIDW-MISO,328.8,385.36,48.23,32.7,eia.gov,false,""
2023-04-30T04:00:00.000000,USA,Midcontinent ISO,US-MIDW-MISO,309.1,364.52,50.25,34.1,eia.gov,false,""
2023-04-30T05:00:00.000000,USA,Midcontinent ISO,US-MIDW-MISO,292.08,345.0,53.15,35.93,eia.gov,false,""
2023-04-30T06:00:00.000000,USA,Midcontinent ISO,US-MIDW-MISO,287.63,339.29,54.29,36.57,eia.gov,false,""
2023-04-30T07:00:00.000000,USA,Midcontinent ISO,US-MIDW-MISO,288.94,341.18,53.82,36.16,eia.gov,false,""
2023-04-30T08:00:00.000000,USA,Midcontinent ISO,US-MIDW-MISO,282.83,334.12,54.87,36.68,eia.gov,false,""
2023-04-30T09:00:00.000000,USA,Midcontinent ISO,US-MIDW-MISO,296.12,348.68,53.12,35.79,eia.gov,false,""
2023-04-30T10:00:00.000000,USA,Midcontinent ISO,US-MIDW-MISO,309.21,362.39,51.83,34.64,eia.gov,false,""
2023-04-30T11:00:00.000000,USA,Midcontinent ISO,US-MIDW-MISO,310.22,362.67,52.33,35.24,eia.gov,false,""
2023-04-30T12:00:00.000000,USA,Midcontinent ISO,US-MIDW-MISO,306.98,359.5,52.58,35.85,eia.gov,false,""
2023-04-30T13:00:00.000000,USA,Midcontinent ISO,US-MIDW-MISO,300.65,353.64,52.8,36.87,eia.gov,false,""
2023-04-30T14:00:00.000000,USA,Midcontinent ISO,US-MIDW-MISO,301.27,354.86,52.33,36.69,eia.gov,false,""
2023-04-30T15:00:00.000000,USA,Midcontinent ISO,US-MIDW-MISO,298.47,351.69,52.78,37.14,eia.gov,false,""
2023-04-30T16:00:00.000000,USA,Midcontinent ISO,US-MIDW-MISO,293.2,345.64,53.66,38.06,eia.gov,false,""
2023-04-30T17:00:00.000000,USA,Midcontinent ISO,US-MIDW-MISO,291.96,344.62,53.59,37.97,eia.gov,false,""
2023-04-30T18:00:00.000000,USA,Midcontinent ISO,US-MIDW-MISO,287.88,340.0,54.23,38.44,eia.gov,false,""
2023-04-30T19:00:00.000000,USA,Midcontinent ISO,US-MIDW-MISO,286.02,338.21,54.32,38.53,eia.gov,false,""
2023-04-30T20:00:00.000000,USA,Midcontinent ISO,US-MIDW-MISO,291.08,344.31,53.25,37.94,eia.gov,false,""
2023-04-30T21:00:00.000000,USA,Midcontinent ISO,US-MIDW-MISO,300.07,354.03,52.14,37.13,eia.gov,false,""
2023-04-30T22:00:00.000000,USA,Midcontinent ISO,US-MIDW-MISO,313.55,368.2,50.74,36.13,eia.gov,false,""
2023-04-30T23:00:00.000000,USA,Midcontinent ISO,US-MIDW-MISO,323.77,378.8,49.75,35.39,eia.gov,false,""
2023-05-01T00:00:00.000000,USA,Midcontinent ISO,US-MIDW-MISO,324.57,379.42,49.86,35.58,eia.gov,false,""
2023-05-01T01:00:00.000000,USA,Midcontinent ISO,US-MIDW-MISO,331.41,386.56,49.19,34.99,eia.gov,false,""
2023-05-01T02:00:00.000000,USA,Midcontinent ISO,US-MIDW-MISO,332.8,387.79,49.14,34.62,eia.gov,false,""
2023-05-01T03:00:00.000000,USA,Midcontinent ISO,US-MIDW-MISO,319.91,374.0,50.5,35.19,eia.gov,false,""
2023-05-01T04:00:00.000000,USA,Midcontinent ISO,US-MIDW-MISO,306.93,360.19,51.94,36.22,eia.gov,false,""
2023-05-01T05:00:00.000000,USA,Midcontinent ISO,US-MIDW-MISO,296.01,348.48,53.14,36.42,eia.gov,false,""
2023-05-01T06:00:00.000000,USA,Midcontinent ISO,US-MIDW-MISO,284.66,335.65,54.91,36.9,eia.gov,false,""
2023-05-01T07:00:00.000000,USA,Midcontinent ISO,US-MIDW-MISO,283.92,334.52,55.22,36.86,eia.gov,false,""
2023-05-01T08:00:00.000000,USA,Midcontinent ISO,US-MIDW-MISO,284.59,336.01,54.62,36.56,eia.gov,false,""
2023-05-01T09:00:00.000000,USA,Midcontinent ISO,US-MIDW-MISO,292.72,345.77,53.01,35.82,eia.gov,false,""
2023-05-01T10:00:00.000000,USA,Midcontinent ISO,US-MIDW-MISO,305.79,361.26,50.61,34.98,eia.gov,false,""
2023-05-01T11:00:00.000000,USA,Midcontinent ISO,US-MIDW-MISO,314.99,372.11,48.97,34.61,eia.gov,false,""
2023-05-01T12:00:00.000000,USA,Midcontinent ISO,US-MIDW-MISO,318.05,375.42,48.64,35.0,eia.gov,false,""
2023-05-01T13:00:00.000000,USA,Midcontinent ISO,US-MIDW-MISO,311.09,368.23,49.32,35.96,eia.gov,false,""
2023-05-01T14:00:00.000000,USA,Midcontinent ISO,US-MIDW-MISO,314.72,372.18,48.88,35.45,eia.gov,false,""
2023-05-01T15:00:00.000000,USA,Midcontinent ISO,US-MIDW-MISO,320.75,378.25,48.37,34.8,eia.gov,false,""
2023-05-01T16:00:00.000000,USA,Midcontinent ISO,US-MIDW-MISO,320.47,377.48,48.68,35.05,eia.gov,false,""
2023-05-01T17:00:00.000000,USA,Midcontinent ISO,US-MIDW-MISO,318.98,376.1,48.7,35.29,eia.gov,false,""
2023-05-01T18:00:00.000000,USA,Midcontinent ISO,US-MIDW-MISO,318.62,375.5,48.87,35.54,eia.gov,false,""
2023-05-01T19:00:00.000000,USA,Midcontinent ISO,US-MIDW-MISO,318.43,375.5,48.75,35.47,eia.gov,false,""
2023-05-01T20:00:00.000000,USA,Midcontinent ISO,US-MIDW-MISO,316.96,374.11,48.77,35.59,eia.gov,false,""
2023-05-01T21:00:00.000000,USA,Midcontinent ISO,US-MIDW-MISO,321.36,378.84,48.27,35.37,eia.gov,false,""
2023-05-01T22:00:00.000000,USA,Midcontinent ISO,US-MIDW-MISO,322.54,380.1,48.18,35.44,eia.gov,false,""
2023-05-01T23:00:00.000000,USA,Midcontinent ISO,US-MIDW-MISO,323.51,381.34,47.92,35.32,eia.gov,false,""
2023-05-02T00:00:00.000000,USA,Midcontinent ISO,US-MIDW-MISO,325.69,383.84,47.52,35.07,eia.gov,false,""
2023-05-02T01:00:00.000000,USA,Midcontinent ISO,US-MIDW-MISO,331.32,389.75,46.93,34.33,eia.gov,false,""
2023-05-02T02:00:00.000000,USA,Midcontinent ISO,US-MIDW-MISO,329.66,387.59,47.27,33.97,eia.gov,false,""
2023-05-02T03:00:00.000000,USA,Midcontinent ISO,US-MIDW-MISO,315.67,371.97,49.25,35.01,eia.gov,false,""
2023-05-02T04:00:00.000000,USA,Midcontinent ISO,US-MIDW-MISO,303.83,359.18,50.65,35.7,eia.gov,false,""
2023-05-02T05:00:00.000000,USA,Midcontinent ISO,US-MIDW-MISO,293.04,345.91,53.1,37.17,eia.gov,false,""
2023-05-02T06:00:00.000000,USA,Midcontinent ISO,US-MIDW-MISO,284.69,336.92,54.11,37.3,eia.gov,false,""
2023-05-02T07:00:00.000000,USA,Midcontinent ISO,US-MIDW-MISO,289.91,342.28,53.67,37.1,eia.gov,false,""
2023-05-02T08:00:00.000000,USA,Midcontinent ISO,US-MIDW-MISO,288.86,341.19,53.75,37.02,eia.gov,false,""
2023-05-02T09:00:00.000000,USA,Midcontinent ISO,US-MIDW-MISO,292.33,345.75,52.79,36.41,eia.gov,false,""
2023-05-02T10:00:00.000000,USA,Midcontinent ISO,US-MIDW-MISO,310.55,366.13,50.15,35.12,eia.gov,false,""
2023-05-02T11:00:00.000000,USA,Midcontinent ISO,US-MIDW-MISO,329.95,386.92,48.01,34.2,eia.gov,false,""
2023-05-02T12:00:00.000000,USA,Midcontinent ISO,US-MIDW-MISO,334.1,390.95,47.86,34.26,eia.gov,false,""
2023-05-02T13:00:00.000000,USA,Midcontinent ISO,US-MIDW-MISO,326.65,383.32,48.54,34.99,eia.gov,false,""
2023-05-02T14:00:00.000000,USA,Midcontinent ISO,US-MIDW-MISO,319.17,375.2,49.5,35.98,eia.gov,false,""
2023-05-02T15:00:00.000000,USA,Midcontinent ISO,US-MIDW-MISO,319.14,375.06,49.59,35.91,eia.gov,false,""
2023-05-02T16:00:00.000000,USA,Midcontinent ISO,US-MIDW-MISO,318.77,374.73,49.59,35.88,eia.gov,false,""
2023-05-02T17:00:00.000000,USA,Midcontinent ISO,US-MIDW-MISO,316.59,372.95,49.48,35.58,eia.gov,false,""
2023-05-02T18:00:00.000000,USA,Midcontinent ISO,US-MIDW-MISO,317.36,373.67,49.45,35.88,eia.gov,false,""
2023-05-02T19:00:00.000000,USA,Midcontinent ISO,US-MIDW-MISO,319.85,376.56,48.96,35.12,eia.gov,false,""
2023-05-02T20:00:00.000000,USA,Midcontinent ISO,US-MIDW-MISO,321.38,378.59,48.53,34.78,eia.gov,false,""
2023-05-02T21:00:00.000000,USA,Midcontinent ISO,US-MIDW-MISO,327.71,385.6,47.62,34.07,eia.gov,false,""
2023-05-02T22:00:00.000000,USA,Midcontinent ISO,US-MIDW-MISO,328.58,386.58,47.49,34.04,eia.gov,false,""
2023-05-02T23:00:00.000000,USA,Midcontinent ISO,US-MIDW-MISO,336.0,394.79,46.45,33.11,eia.gov,false,""
2023-05-03T00:00:00.000000,USA,Midcontinent ISO,US-MIDW-MISO,346.31,406.12,45.08,31.9,eia.gov,false,""
2023-05-03T01:00:00.000000,USA,Midcontinent ISO,US-MIDW-MISO,366.07,427.89,42.42,29.27,eia.gov,false,""
2023-05-03T02:00:00.000000,USA,Midcontinent ISO,US-MIDW-MISO,376.36,439.27,40.93,27.01,eia.gov,false,""
2023-05-03T03:00:00.000000,USA,Midcontinent ISO,US-MIDW-MISO,363.23,424.85,42.59,27.82,eia.gov,false,""
2023-05-03T04:00:00.000000,USA,Midcontinent ISO,US-MIDW-MISO,352.08,414.33,42.87,27.07,eia.gov,false,""
2023-05-03T05:00:00.000000,USA,Midcontinent ISO,US-MIDW-MISO,357.3,420.67,41.94,25.46,eia.gov,false,""
2023-05-03T06:00:00.000000,USA,Midcontinent ISO,US-MIDW-MISO,354.8,418.88,41.64,23.94,eia.gov,false,""
2023-05-03T07:00:00.000000,USA,Midcontinent ISO,US-MIDW-MISO,353.19,417.54,41.57,24.06,eia.gov,false,""
2023-05-03T08:00:00.000000,USA,Midcontinent ISO,US-MIDW-MISO,361.89,426.74,40.64,23.65,eia.gov,false,""
2023-05-03T09:00:00.000000,USA,Midcontinent ISO,US-MIDW-MISO,377.84,444.48,38.39,21.93,eia.gov,false,""
2023-05-03T10:00:00.000000,USA,Midcontinent ISO,US-MIDW-MISO,399.38,469.06,34.93,19.53,eia.gov,false,""
2023-05-03T11:00:00.000000,USA,Midcontinent ISO,US-MIDW-MISO,422.59,494.73,31.81,17.51,eia.gov,false,""
2023-05-03T12:00:00.000000,USA,Midcontinent ISO,US-MIDW-MISO,428.12,500.89,31.13,16.95,eia.gov,false,""
2023-05-03T13:00:00.000000,USA,Midcontinent ISO,US-MIDW-MISO,425.11,498.04,31.33,17.02,eia.gov,false,""
2023-05-03T14:00:00.000000,USA,Midcontinent ISO,US-MIDW-MISO,430.02,503.86,30.39,15.92,eia.gov,false,""
2023-05-03T15:00:00.000000,USA,Midcontinent ISO,US-MIDW-MISO,424.48,498.32,30.77,16.16,eia.gov,false,""
2023-05-03T16:00:00.000000,USA,Midcontinent ISO,US-MIDW-MISO,427.45,501.72,30.27,15.93,eia.gov,false,""
2023-05-03T17:00:00.000000,USA,Midcontinent ISO,US-MIDW-MISO,428.18,502.71,30.06,15.62,eia.gov,false,""
2023-05-03T18:00:00.000000,USA,Midcontinent ISO,US-MIDW-MISO,433.24,508.38,29.32,15.05,eia.gov,false,""
2023-05-03T19:00:00.000000,USA,Midcontinent ISO,US-MIDW-MISO,438.48,514.45,28.42,14.12,eia.gov,false,""
2023-05-03T20:00:00.000000,USA,Midcontinent ISO,US-MIDW-MISO,444.5,521.07,27.62,13.53,eia.gov,false,""
2023-05-03T21:00:00.000000,USA,Midcontinent ISO,US-MIDW-MISO,445.53,522.23,27.48,13.29,eia.gov,false,""
2023-05-03T22:00:00.000000,USA,Midcontinent ISO,US-MIDW-MISO,449.0,525.89,27.16,13.13,eia.gov,false,""
2023-05-03T23:00:00.000000,USA,Midcontinent ISO,US-MIDW-MISO,456.25,534.08,25.99,12.17,eia.gov,false,""
2023-05-04T00:00:00.000000,USA,Midcontinent ISO,US-MIDW-MISO,470.42,549.55,24.03,10.38,eia.gov,false,""
2023-05-04T01:00:00.000000,USA,Midcontinent ISO,US-MIDW-MISO,471.74,550.35,24.25,10.69,eia.gov,false,""
2023-05-04T02:00:00.000000,USA,Midcontinent ISO,US-MIDW-MISO,464.94,542.36,25.39,11.32,eia.gov,false,""
2023-05-04T03:00:00.000000,USA,Midcontinent ISO,US-MIDW-MISO,445.56,520.1,28.51,13.58,eia.gov,false,""
2023-05-04T04:00:00.000000,USA,Midcontinent ISO,US-MIDW-MISO,420.41,491.69,32.38,17.06,eia.gov,false,""
2023-05-04T05:00:00.000000,USA,Midcontinent ISO,US-MIDW-MISO,394.79,462.08,36.81,20.65,eia.gov,false,""
2023-05-04T06:00:00.000000,USA,Midcontinent ISO,US-MIDW-MISO,381.88,447.53,38.79,22.1,eia.gov,false,""
2023-05-04T07:00:00.000000,USA,Midcontinent ISO,US-MIDW-MISO,378.67,444.17,39.09,22.2,eia.gov,false,""
2023-05-04T08:00:00.000000,USA,Midcontinent ISO,US-MIDW-MISO,378.78,444.24,39.11,22.42,eia.gov,false,""
2023-05-04T09:00:00.000000,USA,Midcontinent ISO,US-MIDW-MISO,382.25,448.11,38.63,22.36,eia.gov,false,""
2023-05-04T10:00:00.000000,USA,Midcontinent ISO,US-MIDW-MISO,380.43,447.11,38.25,23.16,eia.gov,false,""
2023-05-04T11:00:00.000000,USA,Midcontinent ISO,US-MIDW-MISO,381.01,449.65,36.96,22.82,eia.gov,false,""
2023-05-04T12:00:00.000000,USA,Midcontinent ISO,US-MIDW-MISO,380.81,449.31,37.14,23.43,eia.gov,false,""
2023-05-04T13:00:00.000000,USA,Midcontinent ISO,US-MIDW-MISO,396.28,468.07,34.08,20.22,eia.gov,false,""
2023-05-04T14:00:00.000000,USA,Midcontinent ISO,US-MIDW-MISO,408.71,481.52,32.61,18.72,eia.gov,false,""
2023-05-04T15:00:00.000000,USA,Midcontinent ISO,US-MIDW-MISO,404.8,476.97,33.28,19.36,eia.gov,false,""
2023-05-04T16:00:00.000000,USA,Midcontinent ISO,US-MIDW-MISO,415.2,488.48,31.85,18.07,eia.gov,false,""
2023-05-04T17:00:00.000000,USA,Midcontinent ISO,US-MIDW-MISO,431.91,506.41,29.9,16.18,eia.gov,false,""
2023-05-04T18:00:00.000000,USA,Midcontinent ISO,US-MIDW-MISO,438.07,513.0,29.19,15.32,eia.gov,false,""
2023-05-04T19:00:00.000000,USA,Midcontinent ISO,US-MIDW-MISO,440.57,515.47,29.02,15.13,eia.gov,false,""
2023-05-04T20:00:00.000000,USA,Midcontinent ISO,US-MIDW-MISO,439.76,514.76,28.99,15.1,eia.gov,false,""
2023-05-04T21:00:00.000000,USA,Midcontinent ISO,US-MIDW-MISO,436.02,511.17,29.1,15.33,eia.gov,false,""
2023-05-04T22:00:00.000000,USA,Midcontinent ISO,US-MIDW-MISO,430.64,505.23,29.76,16.15,eia.gov,false,""
2023-05-04T23:00:00.000000,USA,Midcontinent ISO,US-MIDW-MISO,414.98,487.6,32.05,18.47,eia.gov,false,""
2023-05-05T00:00:00.000000,USA,Midcontinent ISO,US-MIDW-MISO,402.55,473.18,34.1,20.76,eia.gov,false,""
2023-05-05T01:00:00.000000,USA,Midcontinent ISO,US-MIDW-MISO,390.47,458.97,36.28,23.06,eia.gov,false,""
2023-05-05T02:00:00.000000,USA,Midcontinent ISO,US-MIDW-MISO,374.93,441.22,38.72,25.02,eia.gov,false,""
2023-05-05T03:00:00.000000,USA,Midcontinent ISO,US-MIDW-MISO,354.01,417.41,42.03,27.41,eia.gov,false,""
2023-05-05T04:00:00.000000,USA,Midcontinent ISO,US-MIDW-MISO,340.86,402.51,44.1,28.52,eia.gov,false,""
2023-05-05T05:00:00.000000,USA,Midcontinent ISO,US-MIDW-MISO,332.48,392.77,45.58,29.06,eia.gov,false,""
2023-05-05T06:00:00.000000,USA,Midcontinent ISO,US-MIDW-MISO,325.0,383.91,47.01,29.48,eia.gov,false,""
2023-05-05T07:00:00.000000,USA,Midcontinent ISO,US-MIDW-MISO,340.04,401.99,44.01,26.25,eia.gov,false,""
2023-05-05T08:00:00.000000,USA,Midcontinent ISO,US-MIDW-MISO,357.5,422.61,40.73,22.95,eia.gov,false,""
2023-05-05T09:00:00.000000,USA,Midcontinent ISO,US-MIDW-MISO,373.95,441.72,37.82,20.62,eia.gov,false,""
2023-05-05T10:00:00.000000,USA,Midcontinent ISO,US-MIDW-MISO,387.16,456.95,35.62,19.59,eia.gov,false,""
2023-05-05T11:00:00.000000,USA,Midcontinent ISO,US-MIDW-MISO,399.39,470.15,34.24,19.41,eia.gov,false,""
2023-05-05T12:00:00.000000,USA,Midcontinent ISO,US-MIDW-MISO,418.97,490.62,32.39,17.96,eia.gov,false,""
2023-05-05T13:00:00.000000,USA,Midcontinent ISO,US-MIDW-MISO,430.14,502.91,31.03,16.59,eia.gov,false,""
2023-05-05T14:00:00.000000,USA,Midcontinent ISO,US-MIDW-MISO,419.74,491.64,32.37,18.0,eia.gov,false,""
2023-05-05T15:00:00.000000,USA,Midcontinent ISO,US-MIDW-MISO,404.11,474.14,34.61,20.35,eia.gov,false,""
2023-05-05T16:00:00.000000,USA,Midcontinent ISO,US-MIDW-MISO,385.8,453.91,37.09,22.9,eia.gov,false,""
2023-05-05T17:00:00.000000,USA,Midcontinent ISO,US-MIDW-MISO,389.67,457.07,37.29,23.2,eia.gov,false,""
2023-05-05T18:00:00.000000,USA,Midcontinent ISO,US-MIDW-MISO,374.05,440.72,38.84,24.87,eia.gov,false,""
2023-05-05T19:00:00.000000,USA,Midcontinent ISO,US-MIDW-MISO,378.11,445.61,38.0,24.03,eia.gov,false,""
2023-05-05T20:00:00.000000,USA,Midcontinent ISO,US-MIDW-MISO,379.91,447.85,37.57,23.5,eia.gov,false,""
2023-05-05T21:00:00.000000,USA,Midcontinent ISO,US-MIDW-MISO,382.51,450.35,37.47,23.62,eia.gov,false,""
2023-05-05T22:00:00.000000,USA,Midcontinent ISO,US-MIDW-MISO,385.15,453.0,37.19,23.6,eia.gov,false,""
2023-05-05T23:00:00.000000,USA,Midcontinent ISO,US-MIDW-MISO,394.05,462.68,35.95,22.4,eia.gov,false,""
2023-05-06T00:00:00.000000,USA,Midcontinent ISO,US-MIDW-MISO,402.22,472.0,34.58,20.89,eia.gov,false,""
2023-05-06T01:00:00.000000,USA,Midcontinent ISO,US-MIDW-MISO,397.92,466.88,35.41,21.35,eia.gov,false,""
2023-05-06T02:00:00.000000,USA,Midcontinent ISO,US-MIDW-MISO,387.33,454.72,37.19,22.58,eia.gov,false,""
2023-05-06T03:00:00.000000,USA,Midcontinent ISO,US-MIDW-MISO,384.26,449.97,38.53,23.04,eia.gov,false,""
2023-05-06T04:00:00.000000,USA,Midcontinent ISO,US-MIDW-MISO,365.66,429.95,40.73,24.57,eia.gov,false,""
2023-05-06T05:00:00.000000,USA,Midcontinent ISO,US-MIDW-MISO,345.72,406.69,44.32,27.2,eia.gov,false,""
2023-05-06T06:00:00.000000,USA,Midcontinent ISO,US-MIDW-MISO,333.46,391.69,47.0,29.11,eia.gov,false,""
2023-05-06T07:00:00.000000,USA,Midcontinent ISO,US-MIDW-MISO,326.06,383.41,48.11,29.86,eia.gov,false,""
2023-05-06T08:00:00.000000,USA,Midcontinent ISO,US-MIDW-MISO,330.44,387.24,48.17,30.08,eia.gov,false,""
2023-05-06T09:00:00.000000,USA,Midcontinent ISO,US-MIDW-MISO,329.39,386.54,48.02,29.87,eia.gov,false,""
2023-05-06T10:00:00.000000,USA,Midcontinent ISO,US-MIDW-MISO,339.86,398.88,46.05,27.96,eia.gov,false,""
2023-05-06T11:00:00.000000,USA,Midcontinent ISO,US-MIDW-MISO,340.08,399.15,46.01,28.16,eia.gov,false,""
2023-05-06T12:00:00.000000,USA,Midcontinent ISO,US-MIDW-MISO,331.92,390.25,47.06,29.83,eia.gov,false,""
2023-05-06T13:00:00.000000,USA,Midcontinent ISO,US-MIDW-MISO,330.2,389.27,46.73,30.06,eia.gov,false,""
2023-05-06T14:00:00.000000,USA,Midcontinent ISO,US-MIDW-MISO,328.27,387.2,47.0,30.37,eia.gov,false,""
2023-05-06T15:00:00.000000,USA,Midcontinent ISO,US-MIDW-MISO,323.27,382.13,47.41,30.87,eia.gov,false,""
2023-05-06T16:00:00.000000,USA,Midcontinent ISO,US-MIDW-MISO,322.83,381.54,47.53,31.23,eia.gov,false,""
2023-05-06T17:00:00.000000,USA,Midcontinent ISO,US-MIDW-MISO,323.48,382.33,47.41,31.21,eia.gov,false,""
2023-05-06T18:00:00.000000,USA,Midcontinent ISO,US-MIDW-MISO,328.07,387.5,46.72,30.59,eia.gov,false,""
2023-05-06T19:00:00.000000,USA,Midcontinent ISO,US-MIDW-MISO,340.12,401.54,44.57,28.81,eia.gov,false,""
2023-05-06T20:00:00.000000,USA,Midcontinent ISO,US-MIDW-MISO,347.43,409.94,43.39,27.95,eia.gov,false,""
2023-05-06T21:00:00.000000,USA,Midcontinent ISO,US-MIDW-MISO,356.99,420.39,42.22,27.03,eia.gov,false,""
2023-05-06T22:00:00.000000,USA,Midcontinent ISO,US-MIDW-MISO,379.06,444.01,39.65,24.87,eia.gov,false,""
2023-05-06T23:00:00.000000,USA,Midcontinent ISO,US-MIDW-MISO,393.78,460.01,37.76,23.08,eia.gov,false,""
2023-05-07T00:00:00.000000,USA,Midcontinent ISO,US-MIDW-MISO,416.51,484.28,35.15,20.59,eia.gov,false,""
2023-05-07T01:00:00.000000,USA,Midcontinent ISO,US-MIDW-MISO,418.27,485.9,35.08,20.54,eia.gov,false,""
2023-05-07T02:00:00.000000,USA,Midcontinent ISO,US-MIDW-MISO,407.12,474.44,35.93,20.66,eia.gov,false,""
2023-05-07T03:00:00.000000,USA,Midcontinent ISO,US-MIDW-MISO,415.11,483.39,34.72,18.37,eia.gov,false,""
2023-05-07T04:00:00.000000,USA,Midcontinent ISO,US-MIDW-MISO,413.87,482.33,34.7,17.73,eia.gov,false,""
2023-05-07T05:00:00.000000,USA,Midcontinent ISO,US-MIDW-MISO,408.77,475.1,36.41,18.22,eia.gov,false,""
2023-05-07T06:00:00.000000,USA,Midcontinent ISO,US-MIDW-MISO,390.64,455.47,38.66,19.11,eia.gov,false,""
2023-05-07T07:00:00.000000,USA,Midcontinent ISO,US-MIDW-MISO,378.15,442.28,39.97,19.94,eia.gov,false,""
2023-05-07T08:00:00.000000,USA,Midcontinent ISO,US-MIDW-MISO,378.35,442.84,39.73,19.81,eia.gov,false,""
2023-05-07T09:00:00.000000,USA,Midcontinent ISO,US-MIDW-MISO,374.35,438.24,40.42,20.49,eia.gov,false,""
2023-05-07T10:00:00.000000,USA,Midcontinent ISO,US-MIDW-MISO,364.82,428.15,41.42,21.83,eia.gov,false,""
2023-05-07T11:00:00.000000,USA,Midcontinent ISO,US-MIDW-MISO,368.52,432.54,40.81,21.72,eia.gov,false,""
2023-05-07T12:00:00.000000,USA,Midcontinent ISO,US-MIDW-MISO,356.87,421.52,41.21,22.52,eia.gov,false,""
2023-05-07T13:00:00.000000,USA,Midcontinent ISO,US-MIDW-MISO,375.02,443.63,37.45,19.62,eia.gov,false,""
2023-05-07T14:00:00.000000,USA,Midcontinent ISO,US-MIDW-MISO,407.86,479.94,32.94,15.86,eia.gov,false,""
2023-05-07T15:00:00.000000,USA,Midcontinent ISO,US-MIDW-MISO,410.78,483.02,32.71,16.45,eia.gov,false,""
2023-05-07T16:00:00.000000,USA,Midcontinent ISO,US-MIDW-MISO,407.11,479.21,33.03,17.59,eia.gov,false,""
2023-05-07T17:00:00.000000,USA,Midcontinent ISO,US-MIDW-MISO,419.04,492.15,31.56,16.65,eia.gov,false,""
2023-05-07T18:00:00.000000,USA,Midcontinent ISO,US-MIDW-MISO,432.86,507.25,29.77,15.24,eia.gov,false,""
2023-05-07T19:00:00.000000,USA,Midcontinent ISO,US-MIDW-MISO,447.67,523.31,27.92,13.88,eia.gov,false,""
2023-05-07T20:00:00.000000,USA,Midcontinent ISO,US-MIDW-MISO,441.51,516.56,28.76,15.07,eia.gov,false,""
2023-05-07T21:00:00.000000,USA,Midcontinent ISO,US-MIDW-MISO,434.01,508.03,29.93,16.58,eia.gov,false,""
2023-05-07T22:00:00.000000,USA,Midcontinent ISO,US-MIDW-MISO,418.7,491.19,31.9,19.03,eia.gov,false,""
2023-05-07T23:00:00.000000,USA,Midcontinent ISO,US-MIDW-MISO,408.12,480.31,32.76,19.57,eia.gov,false,""
2023-05-08T00:00:00.000000,USA,Midcontinent ISO,US-MIDW-MISO,411.36,483.3,32.65,18.85,eia.gov,false,""
2023-05-08T01:00:00.000000,USA,Midcontinent ISO,US-MIDW-MISO,412.81,483.81,33.07,19.17,eia.gov,false,""
2023-05-08T02:00:00.000000,USA,Midcontinent ISO,US-MIDW-MISO,408.42,478.5,33.93,19.61,eia.gov,false,""
2023-05-08T03:00:00.000000,USA,Midcontinent ISO,US-MIDW-MISO,389.0,457.06,36.6,21.26,eia.gov,false,""
2023-05-08T04:00:00.000000,USA,Midcontinent ISO,US-MIDW-MISO,377.01,444.97,37.48,21.39,eia.gov,false,""
2023-05-08T05:00:00.000000,USA,Midcontinent ISO,US-MIDW-MISO,372.92,440.39,38.11,21.42,eia.gov,false,""
2023-05-08T06:00:00.000000,USA,Midcontinent ISO,US-MIDW-MISO,359.01,424.53,40.36,22.74,eia.gov,false,""
2023-05-08T07:00:00.000000,USA,Midcontinent ISO,US-MIDW-MISO,349.07,413.48,41.78,23.58,eia.gov,false,""
2023-05-08T08:00:00.000000,USA,Midcontinent ISO,US-MIDW-MISO,358.21,424.07,40.2,21.94,eia.gov,false,""
2023-05-08T09:00:00.000000,USA,Midcontinent ISO,US-MIDW-MISO,387.45,455.82,36.54,19.17,eia.gov,false,""
2023-05-08T10:00:00.000000,USA,Midcontinent ISO,US-MIDW-MISO,402.07,473.31,33.63,17.4,eia.gov,false,""
2023-05-08T11:00:00.000000,USA,Midcontinent ISO,US-MIDW-MISO,431.94,506.48,29.45,14.43,eia.gov,false,""
2023-05-08T12:00:00.000000,USA,Midcontinent ISO,US-MIDW-MISO,460.0,536.96,25.99,11.8,eia.gov,false,""
2023-05-08T13:00:00.000000,USA,Midcontinent ISO,US-MIDW-MISO,458.34,536.97,25.03,10.98,eia.gov,false,""
2023-05-08T14:00:00.000000,USA,Midcontinent ISO,US-MIDW-MISO,457.22,537.15,24.25,10.41,eia.gov,false,""
2023-05-08T15:00:00.000000,USA,Midcontinent ISO,US-MIDW-MISO,462.91,543.61,23.41,10.06,eia.gov,false,""
2023-05-08T16:00:00.000000,USA,Midcontinent ISO,US-MIDW-MISO,466.17,547.32,22.96,9.91,eia.gov,false,""
2023-05-08T17:00:00.000000,USA,Midcontinent ISO,US-MIDW-MISO,464.25,545.9,22.81,10.03,eia.gov,false,""
2023-05-08T18:00:00.000000,USA,Midcontinent ISO,US-MIDW-MISO,463.6,545.4,22.78,10.31,eia.gov,false,""
2023-05-08T19:00:00.000000,USA,Midcontinent ISO,US-MIDW-MISO,465.81,547.79,22.47,10.14,eia.gov,false,""
2023-05-08T20:00:00.000000,USA,Midcontinent ISO,US-MIDW-MISO,469.15,550.93,22.36,10.06,eia.gov,false,""
2023-05-08T21:00:00.000000,USA,Midcontinent ISO,US-MIDW-MISO,467.03,548.46,22.77,10.56,eia.gov,false,""
2023-05-08T22:00:00.000000,USA,Midcontinent ISO,US-MIDW-MISO,458.4,538.66,24.1,12.02,eia.gov,false,""
2023-05-08T23:00:00.000000,USA,Midcontinent ISO,US-MIDW-MISO,450.99,529.56,25.64,13.59,eia.gov,false,""
2023-05-09T00:00:00.000000,USA,Midcontinent ISO,US-MIDW-MISO,443.26,520.09,27.25,15.28,eia.gov,false,""
2023-05-09T01:00:00.000000,USA,Midcontinent ISO,US-MIDW-MISO,439.99,515.52,28.22,16.14,eia.gov,false,""
2023-05-09T02:00:00.000000,USA,Midcontinent ISO,US-MIDW-MISO,456.12,532.42,26.58,13.91,eia.gov,false,""
2023-05-09T03:00:00.000000,USA,Midcontinent ISO,US-MIDW-MISO,452.07,526.7,27.98,14.22,eia.gov,false,""
2023-05-09T04:00:00.000000,USA,Midcontinent ISO,US-MIDW-MISO,430.38,502.47,31.16,16.53,eia.gov,false,""
2023-05-09T05:00:00.000000,USA,Midcontinent ISO,US-MIDW-MISO,409.08,478.17,34.6,19.05,eia.gov,false,""
2023-05-09T06:00:00.000000,USA,Midcontinent ISO,US-MIDW-MISO,389.4,455.98,37.61,21.58,eia.gov,false,""
2023-05-09T07:00:00.000000,USA,Midcontinent ISO,US-MIDW-MISO,378.76,445.14,38.45,21.79,eia.gov,false,""
2023-05-09T08:00:00.000000,USA,Midcontinent ISO,US-MIDW-MISO,375.45,441.15,39.15,22.42,eia.gov,false,""
2023-05-09T09:00:00.000000,USA,Midcontinent ISO,US-MIDW-MISO,385.46,452.74,37.42,21.16,eia.gov,false,""
2023-05-09T10:00:00.000000,USA,Midcontinent ISO,US-MIDW-MISO,408.66,478.59,34.08,18.64,eia.gov,false,""
2023-05-09T11:00:00.000000,USA,Midcontinent ISO,US-MIDW-MISO,424.3,497.2,31.07,16.69,eia.gov,false,""
2023-05-09T12:00:00.000000,USA,Midcontinent ISO,US-MIDW-MISO,428.72,502.16,30.61,16.65,eia.gov,false,""
2023-05-09T13:00:00.000000,USA,Midcontinent ISO,US-MIDW-MISO,442.38,517.55,28.62,15.05,eia.gov,false,""
2023-05-09T14:00:00.000000,USA,Midcontinent ISO,US-MIDW-MISO,449.83,525.19,28.05,14.65,eia.gov,false,""
2023-05-09T15:00:00.000000,USA,Midcontinent ISO,US-MIDW-MISO,441.26,515.33,29.53,16.42,eia.gov,false,""
2023-05-09T16:00:00.000000,USA,Midcontinent ISO,US-MIDW-MISO,443.39,517.61,29.23,16.39,eia.gov,false,""
2023-05-09T17:00:00.000000,USA,Midcontinent ISO,US-MIDW-MISO,446.37,520.38,29.16,16.54,eia.gov,false,""
2023-05-09T18:00:00.000000,USA,Midcontinent ISO,US-MIDW-MISO,442.38,515.87,29.78,17.33,eia.gov,false,""
2023-05-09T19:00:00.000000,USA,Midcontinent ISO,US-MIDW-MISO,443.27,516.81,29.67,17.33,eia.gov,false,""
2023-05-09T20:00:00.000000,USA,Midcontinent ISO,US-MIDW-MISO,445.06,518.89,29.4,17.15,eia.gov,false,""
2023-05-09T21:00:00.000000,USA,Midcontinent ISO,US-MIDW-MISO,433.57,505.62,31.33,19.11,eia.gov,false,""
2023-05-09T22:00:00.000000,USA,Midcontinent ISO,US-MIDW-MISO,420.49,490.43,33.54,21.39,eia.gov,false,""
2023-05-09T23:00:00.000000,USA,Midcontinent ISO,US-MIDW-MISO,420.26,490.9,32.91,20.84,eia.gov,false,""
2023-05-10T00:00:00.000000,USA,Midcontinent ISO,US-MIDW-MISO,423.72,495.33,31.88,19.65,eia.gov,false,""
2023-05-10T01:00:00.000000,USA,Midcontinent ISO,US-MIDW-MISO,420.67,491.7,32.46,20.14,eia.gov,false,""
2023-05-10T02:00:00.000000,USA,Midcontinent ISO,US-MIDW-MISO,408.25,476.72,35.01,21.95,eia.gov,false,""
2023-05-10T03:00:00.000000,USA,Midcontinent ISO,US-MIDW-MISO,386.54,451.43,38.87,24.7,eia.gov,false,""
2023-05-10T04:00:00.000000,USA,Midcontinent ISO,US-MIDW-MISO,376.53,440.8,39.91,24.84,eia.gov,false,""
2023-05-10T05:00:00.000000,USA,Midcontinent ISO,US-MIDW-MISO,361.87,423.68,42.49,26.66,eia.gov,false,""
2023-05-10T06:00:00.000000,USA,Midcontinent ISO,US-MIDW-MISO,354.87,415.44,43.8,26.83,eia.gov,false,""
2023-05-10T07:00:00.000000,USA,Midcontinent ISO,US-MIDW-MISO,352.49,413.23,43.88,26.61,eia.gov,false,""
2023-05-10T08:00:00.000000,USA,Midcontinent ISO,US-MIDW-MISO,349.56,409.03,44.96,27.44,eia.gov,false,""
2023-05-10T09:00:00.000000,USA,Midcontinent ISO,US-MIDW-MISO,352.19,412.97,44.02,27.03,eia.gov,false,""
2023-05-10T10:00:00.000000,USA,Midcontinent ISO,US-MIDW-MISO,363.54,426.02,42.1,26.21,eia.gov,false,""
2023-05-10T11:00:00.000000,USA,Midcontinent ISO,US-MIDW-MISO,369.08,432.91,40.87,25.74,eia.gov,false,""
2023-05-10T12:00:00.000000,USA,Midcontinent ISO,US-MIDW-MISO,363.75,427.81,41.2,26.16,eia.gov,false,""
2023-05-10T13:00:00.000000,USA,Midcontinent ISO,US-MIDW-MISO,377.24,444.33,38.36,23.2,eia.gov,false,""
2023-05-10T14:00:00.000000,USA,Midcontinent ISO,US-MIDW-MISO,387.32,455.68,36.86,21.71,eia.gov,false,""
2023-05-10T15:00:00.000000,USA,Midcontinent ISO,US-MIDW-MISO,392.76,461.2,36.47,21.51,eia.gov,false,""
2023-05-10T16:00:00.000000,USA,Midcontinent ISO,US-MIDW-MISO,399.29,468.43,35.59,20.87,eia.gov,false,""
2023-05-10T17:00:00.000000,USA,Midcontinent ISO,US-MIDW-MISO,403.45,473.0,35.1,20.67,eia.gov,false,""
2023-05-10T18:00:00.000000,USA,Midcontinent ISO,US-MIDW-MISO,406.75,475.98,35.06,21.03,eia.gov,false,""
2023-05-10T19:00:00.000000,USA,Midcontinent ISO,US-MIDW-MISO,406.6,475.14,35.49,21.7,eia.gov,false,""
2023-05-10T20:00:00.000000,USA,Midcontinent ISO,US-MIDW-MISO,395.16,462.1,37.37,23.88,eia.gov,false,""
2023-05-10T21:00:00.000000,USA,Midcontinent ISO,US-MIDW-MISO,394.87,461.59,37.5,24.27,eia.gov,false,""
2023-05-10T22:00:00.000000,USA,Midcontinent ISO,US-MIDW-MISO,397.75,464.74,37.06,23.88,eia.gov,false,""
2023-05-10T23:00:00.000000,USA,Midcontinent ISO,US-MIDW-MISO,414.84,483.88,34.41,21.22,eia.gov,false,""
2023-05-11T00:00:00.000000,USA,Midcontinent ISO,US-MIDW-MISO,431.69,501.97,32.33,19.0,eia.gov,false,""
2023-05-11T01:00:00.000000,USA,Midcontinent ISO,US-MIDW-MISO,433.56,503.24,32.49,19.11,eia.gov,false,""
2023-05-11T02:00:00.000000,USA,Midcontinent ISO,US-MIDW-MISO,402.28,467.5,37.54,23.6,eia.gov,false,""
2023-05-11T03:00:00.000000,USA,Midcontinent ISO,US-MIDW-MISO,364.12,425.1,42.99,28.03,eia.gov,false,""
2023-05-11T04:00:00.000000,USA,Midcontinent ISO,US-MIDW-MISO,348.19,407.83,44.96,28.89,eia.gov,false,""
2023-05-11T05:00:00.000000,USA,Midcontinent ISO,US-MIDW-MISO,342.66,401.2,46.06,28.88,eia.gov,false,""
2023-05-11T06:00:00.000000,USA,Midcontinent ISO,US-MIDW-MISO,332.82,390.43,47.34,29.09,eia.gov,false,""
2023-05-11T07:00:00.000000,USA,Midcontinent ISO,US-MIDW-MISO,331.28,389.02,47.43,28.88,eia.gov,false,""
2023-05-11T08:00:00.000000,USA,Midcontinent ISO,US-MIDW-MISO,335.99,395.44,46.0,27.31,eia.gov,false,""
2023-05-11T09:00:00.000000,USA,Midcontinent ISO,US-MIDW-MISO,357.83,420.48,42.4,24.34,eia.gov,false,""
2023-05-11T10:00:00.000000,USA,Midcontinent ISO,US-MIDW-MISO,372.91,438.52,39.4,22.33,eia.gov,false,""
2023-05-11T11:00:00.000000,USA,Midcontinent ISO,US-MIDW-MISO,387.88,455.6,37.01,21.04,eia.gov,false,""
2023-05-11T12:00:00.000000,USA,Midcontinent ISO,US-MIDW-MISO,398.6,467.63,35.51,20.12,eia.gov,false,""
2023-05-11T13:00:00.000000,USA,Midcontinent ISO,US-MIDW-MISO,426.62,498.51,31.79,16.69,eia.gov,false,""
2023-05-11T14:00:00.000000,USA,Midcontinent ISO,US-MIDW-MISO,438.23,510.47,30.84,16.07,eia.gov,false,""
2023-05-11T15:00:00.000000,USA,Midcontinent ISO,US-MIDW-MISO,441.18,513.3,30.73,16.34,eia.gov,false,""
2023-05-11T16:00:00.000000,USA,Midcontinent ISO,US-MIDW-MISO,439.3,511.45,30.81,16.79,eia.gov,false,""
2023-05-11T17:00:00.000000,USA,Midcontinent ISO,US-MIDW-MISO,420.56,491.04,33.23,19.59,eia.gov,false,""
2023-05-11T18:00:00.000000,USA,Midcontinent ISO,US-MIDW-MISO,415.32,485.09,34.03,20.93,eia.gov,false,""
2023-05-11T19:00:00.000000,USA,Midcontinent ISO,US-MIDW-MISO,414.55,484.49,33.97,21.0,eia.gov,false,""
2023-05-11T20:00:00.000000,USA,Midcontinent ISO,US-MIDW-MISO,407.64,476.92,34.92,22.19,eia.gov,false,""
2023-05-11T21:00:00.000000,USA,Midcontinent ISO,US-MIDW-MISO,409.71,478.92,34.8,22.3,eia.gov,false,""
2023-05-11T22:00:00.000000,USA,Midcontinent ISO,US-MIDW-MISO,416.77,486.71,33.78,21.39,eia.gov,false,""
2023-05-11T23:00:00.000000,USA,Midcontinent ISO,US-MIDW-MISO,424.61,495.11,32.8,20.16,eia.gov,false,""
2023-05-12T00:00:00.000000,USA,Midcontinent ISO,US-MIDW-MISO,433.45,504.61,31.68,18.92,eia.gov,false,""
2023-05-12T01:00:00.000000,USA,Midcontinent ISO,US-MIDW-MISO,435.81,506.9,31.51,18.65,eia.gov,false,""
2023-05-12T02:00:00.000000,USA,Midcontinent ISO,US-MIDW-MISO,426.16,496.22,32.78,19.4,eia.gov,false,""
2023-05-12T03:00:00.000000,USA,Midcontinent ISO,US-MIDW-MISO,407.3,475.14,35.54,21.14,eia.gov,false,""
2023-05-12T04:00:00.000000,USA,Midcontinent ISO,US-MIDW-MISO,395.52,461.17,37.83,22.44,eia.gov,false,""
2023-05-12T05:00:00.000000,USA,Midcontinent ISO,US-MIDW-MISO,385.23,449.1,39.74,23.18,eia.gov,false,""
2023-05-12T06:00:00.000000,USA,Midcontinent ISO,US-MIDW-MISO,379.17,442.97,40.2,22.6,eia.gov,false,""
2023-05-12T07:00:00.000000,USA,Midcontinent ISO,US-MIDW-MISO,381.68,447.26,38.86,20.77,eia.gov,false,""
2023-05-12T08:00:00.000000,USA,Midcontinent ISO,US-MIDW-MISO,382.61,448.6,38.53,20.39,eia.gov,false,""
2023-05-12T09:00:00.000000,USA,Midcontinent ISO,US-MIDW-MISO,384.55,451.6,37.69,19.97,eia.gov,false,""
2023-05-12T10:00:00.000000,USA,Midcontinent ISO,US-MIDW-MISO,411.78,481.88,33.75,17.17,eia.gov,false,""
2023-05-12T11:00:00.000000,USA,Midcontinent ISO,US-MIDW-MISO,420.64,491.43,32.69,16.94,eia.gov,false,""
2023-05-12T12:00:00.000000,USA,Midcontinent ISO,US-MIDW-MISO,426.67,498.24,31.81,16.61,eia.gov,false,""
2023-05-12T13:00:00.000000,USA,Midcontinent ISO,US-MIDW-MISO,438.1,510.6,30.46,15.74,eia.gov,false,""
2023-05-12T14:00:00.000000,USA,Midcontinent ISO,US-MIDW-MISO,435.93,508.78,30.44,16.05,eia.gov,false,""
2023-05-12T15:00:00.000000,USA,Midcontinent ISO,US-MIDW-MISO,443.35,516.82,29.55,15.59,eia.gov,false,""
2023-05-12T16:00:00.000000,USA,Midcontinent ISO,US-MIDW-MISO,444.6,518.81,28.99,15.38,eia.gov,false,""
2023-05-12T17:00:00.000000,USA,Midcontinent ISO,US-MIDW-MISO,441.01,515.24,29.25,16.24,eia.gov,false,""
2023-05-12T18:00:00.000000,USA,Midcontinent ISO,US-MIDW-MISO,434.58,508.52,29.93,17.62,eia.gov,false,""
2023-05-12T19:00:00.000000,USA,Midcontinent ISO,US-MIDW-MISO,431.52,505.22,30.3,18.33,eia.gov,false,""
2023-05-12T20:00:00.000000,USA,Midcontinent ISO,US-MIDW-MISO,424.82,498.28,30.88,19.04,eia.gov,false,""
2023-05-12T21:00:00.000000,USA,Midcontinent ISO,US-MIDW-MISO,421.24,494.02,31.49,20.45,eia.gov,false,""
2023-05-12T22:00:00.000000,USA,Midcontinent ISO,US-MIDW-MISO,415.7,487.67,32.37,21.34,eia.gov,false,""
2023-05-12T23:00:00.000000,USA,Midcontinent ISO,US-MIDW-MISO,415.04,486.2,32.87,21.68,eia.gov,false,""
2023-05-13T00:00:00.000000,USA,Midcontinent ISO,US-MIDW-MISO,415.62,486.29,33.09,21.65,eia.gov,false,""
2023-05-13T01:00:00.000000,USA,Midcontinent ISO,US-MIDW-MISO,412.37,481.88,34.02,22.44,eia.gov,false,""
2023-05-13T02:00:00.000000,USA,Midcontinent ISO,US-MIDW-MISO,404.18,472.3,35.47,23.58,eia.gov,false,""
2023-05-13T03:00:00.000000,USA,Midcontinent ISO,US-MIDW-MISO,389.05,455.4,37.69,25.13,eia.gov,false,""
2023-05-13T04:00:00.000000,USA,Midcontinent ISO,US-MIDW-MISO,375.59,441.18,39.1,25.72,eia.gov,false,""
2023-05-13T05:00:00.000000,USA,Midcontinent ISO,US-MIDW-MISO,362.76,426.45,41.26,27.37,eia.gov,false,""
2023-05-13T06:00:00.000000,USA,Midcontinent ISO,US-MIDW-MISO,355.07,417.55,42.56,28.18,eia.gov,false,""
2023-05-13T07:00:00.000000,USA,Midcontinent ISO,US-MIDW-MISO,351.08,413.22,43.02,28.24,eia.gov,false,""
2023-05-13T08:00:00.000000,USA,Midcontinent ISO,US-MIDW-MISO,346.49,408.34,43.53,28.44,eia.gov,false,""
2023-05-13T09:00:00.000000,USA,Midcontinent ISO,US-MIDW-MISO,343.01,404.52,44.01,28.87,eia.gov,false,""
2023-05-13T10:00:00.000000,USA,Midcontinent ISO,US-MIDW-MISO,342.27,403.79,44.06,29.21,eia.gov,false,""
2023-05-13T11:00:00.000000,USA,Midcontinent ISO,US-MIDW-MISO,349.21,411.72,42.96,28.45,eia.gov,false,""
2023-05-13T12:00:00.000000,USA,Midcontinent ISO,US-MIDW-MISO,353.07,415.58,42.75,28.57,eia.gov,false,""
2023-05-13T13:00:00.000000,USA,Midcontinent ISO,US-MIDW-MISO,372.09,436.72,40.1,26.35,eia.gov,false,""
2023-05-13T14:00:00.000000,USA,Midcontinent ISO,US-MIDW-MISO,389.25,454.83,38.37,25.28,eia.gov,false,""
2023-05-13T15:00:00.000000,USA,Midcontinent ISO,US-MIDW-MISO,402.57,469.06,36.87,24.45,eia.gov,false,""
2023-05-13T16:00:00.000000,USA,Midcontinent ISO,US-MIDW-MISO,408.13,474.84,36.34,24.3,eia.gov,false,""
2023-05-13T17:00:00.000000,USA,Midcontinent ISO,US-MIDW-MISO,403.75,470.33,36.75,24.95,eia.gov,false,""
2023-05-13T18:00:00.000000,USA,Midcontinent ISO,US-MIDW-MISO,402.55,469.24,36.77,25.11,eia.gov,false,""
2023-05-13T19:00:00.000000,USA,Midcontinent ISO,US-MIDW-MISO,399.24,465.64,37.19,25.59,eia.gov,false,""
2023-05-13T20:00:00.000000,USA,Midcontinent ISO,US-MIDW-MISO,398.41,465.07,37.05,25.62,eia.gov,false,""
2023-05-13T21:00:00.000000,USA,Midcontinent ISO,US-MIDW-MISO,393.1,459.24,37.79,26.45,eia.gov,false,""
2023-05-13T22:00:00.000000,USA,Midcontinent ISO,US-MIDW-MISO,398.18,464.72,37.15,25.95,eia.gov,false,""
2023-05-13T23:00:00.000000,USA,Midcontinent ISO,US-MIDW-MISO,413.16,480.98,35.19,23.88,eia.gov,false,""
2023-05-14T00:00:00.000000,USA,Midcontinent ISO,US-MIDW-MISO,411.89,479.92,35.08,23.17,eia.gov,false,""
2023-05-14T01:00:00.000000,USA,Midcontinent ISO,US-MIDW-MISO,413.35,481.27,35.0,22.87,eia.gov,false,""
2023-05-14T02:00:00.000000,USA,Midcontinent ISO,US-MIDW-MISO,400.2,466.6,36.89,24.41,eia.gov,false,""
2023-05-14T03:00:00.000000,USA,Midcontinent ISO,US-MIDW-MISO,387.96,452.74,38.81,25.53,eia.gov,false,""
2023-05-14T04:00:00.000000,USA,Midcontinent ISO,US-MIDW-MISO,370.8,433.64,41.26,26.87,eia.gov,false,""
2023-05-14T05:00:00.000000,USA,Midcontinent ISO,US-MIDW-MISO,360.69,421.92,43.02,27.68,eia.gov,false,""
2023-05-14T06:00:00.000000,USA,Midcontinent ISO,US-MIDW-MISO,355.06,415.02,44.23,28.14,eia.gov,false,""
2023-05-14T07:00:00.000000,USA,Midcontinent ISO,US-MIDW-MISO,352.89,411.94,45.0,28.48,eia.gov,false,""
2023-05-14T08:00:00.000000,USA,Midcontinent ISO,US-MIDW-MISO,348.23,405.67,46.42,29.34,eia.gov,false,""
2023-05-14T09:00:00.000000,USA,Midcontinent ISO,US-MIDW-MISO,346.18,402.6,47.27,30.03,eia.gov,false,""
2023-05-14T10:00:00.000000,USA,Midcontinent ISO,US-MIDW-MISO,343.64,400.27,47.29,30.14,eia.gov,false,""
2023-05-14T11:00:00.000000,USA,Midcontinent ISO,US-MIDW-MISO,342.0,398.99,47.19,30.28,eia.gov,false,""
2023-05-14T12:00:00.000000,USA,Midcontinent ISO,US-MIDW-MISO,343.87,403.25,45.51,29.46,eia.gov,false,""
2023-05-14T13:00:00.000000,USA,Midcontinent ISO,US-MIDW-MISO,347.14,408.84,43.82,28.76,eia.gov,false,""
2023-05-14T14:00:00.000000,USA,Midcontinent ISO,US-MIDW-MISO,355.03,418.18,42.35,27.86,eia.gov,false,""
2023-05-14T15:00:00.000000,USA,Midcontinent ISO,US-MIDW-MISO,366.1,430.24,40.95,26.85,eia.gov,false,""
2023-05-14T16:00:00.000000,USA,Midcontinent ISO,US-MIDW-MISO,376.28,441.18,39.74,26.09,eia.gov,false,""
2023-05-14T17:00:00.000000,USA,Midcontinent ISO,US-MIDW-MISO,382.59,447.57,39.25,25.93,eia.gov,false,""
2023-05-14T18:00:00.000000,USA,Midcontinent ISO,US-MIDW-MISO,385.6,450.52,39.07,26.05,eia.gov,false,""
2023-05-14T19:00:00.000000,USA,Midcontinent ISO,US-MIDW-MISO,389.86,455.01,38.58,25.8,eia.gov,false,""
2023-05-14T20:00:00.000000,USA,Midcontinent ISO,US-MIDW-MISO,382.72,447.49,39.28,26.56,eia.gov,false,""
2023-05-14T21:00:00.000000,USA,Midcontinent ISO,US-MIDW-MISO,385.21,449.99,39.1,26.7,eia.gov,false,""
2023-05-14T22:00:00.000000,USA,Midcontinent ISO,US-MIDW-MISO,381.56,445.69,39.77,27.53,eia.gov,false,""
2023-05-14T23:00:00.000000,USA,Midcontinent ISO,US-MIDW-MISO,377.04,441.07,40.13,27.83,eia.gov,false,""
2023-05-15T00:00:00.000000,USA,Midcontinent ISO,US-MIDW-MISO,374.94,439.21,40.06,27.67,eia.gov,false,""
2023-05-15T01:00:00.000000,USA,Midcontinent ISO,US-MIDW-MISO,380.91,446.18,38.95,26.49,eia.gov,false,""
2023-05-15T02:00:00.000000,USA,Midcontinent ISO,US-MIDW-MISO,380.32,444.8,39.53,26.46,eia.gov,false,""
2023-05-15T03:00:00.000000,USA,Midcontinent ISO,US-MIDW-MISO,370.29,434.41,40.49,26.46,eia.gov,false,""
2023-05-15T04:00:00.000000,USA,Midcontinent ISO,US-MIDW-MISO,364.01,427.7,41.23,26.21,eia.gov,false,""
2023-05-15T05:00:00.000000,USA,Midcontinent ISO,US-MIDW-MISO,357.8,420.25,42.52,26.27,eia.gov,false,""
2023-05-15T06:00:00.000000,USA,Midcontinent ISO,US-MIDW-MISO,354.16,415.98,43.2,25.99,eia.gov,false,""
2023-05-15T07:00:00.000000,USA,Midcontinent ISO,US-MIDW-MISO,361.24,424.39,41.85,24.4,eia.gov,false,""
2023-05-15T08:00:00.000000,USA,Midcontinent ISO,US-MIDW-MISO,367.45,431.77,40.69,23.18,eia.gov,false,""
2023-05-15T09:00:00.000000,USA,Midcontinent ISO,US-MIDW-MISO,383.99,451.6,37.32,20.44,eia.gov,false,""
2023-05-15T10:00:00.000000,USA,Midcontinent ISO,US-MIDW-MISO,406.89,477.97,33.44,18.0,eia.gov,false,""
2023-05-15T11:00:00.000000,USA,Midcontinent ISO,US-MIDW-MISO,424.93,498.3,30.71,16.54,eia.gov,false,""
2023-05-15T12:00:00.000000,USA,Midcontinent ISO,US-MIDW-MISO,435.16,509.25,29.63,16.12,eia.gov,false,""
2023-05-15T13:00:00.000000,USA,Midcontinent ISO,US-MIDW-MISO,446.42,522.06,27.91,14.64,eia.gov,false,""
2023-05-15T14:00:00.000000,USA,Midcontinent ISO,US-MIDW-MISO,462.23,538.81,26.27,13.13,eia.gov,false,""
2023-05-15T15:00:00.000000,USA,Midcontinent ISO,US-MIDW-MISO,473.13,550.5,25.03,12.21,eia.gov,false,""
2023-05-15T16:00:00.000000,USA,Midcontinent ISO,US-MIDW-MISO,475.86,553.64,24.58,12.09,eia.gov,false,""
2023-05-15T17:00:00.000000,USA,Midcontinent ISO,US-MIDW-MISO,477.12,555.45,24.13,11.88,eia.gov,false,""
2023-05-15T18:00:00.000000,USA,Midcontinent ISO,US-MIDW-MISO,480.5,559.16,23.68,11.78,eia.gov,false,""
2023-05-15T19:00:00.000000,USA,Midcontinent ISO,US-MIDW-MISO,481.32,560.15,23.56,11.62,eia.gov,false,""
2023-05-15T20:00:00.000000,USA,Midcontinent ISO,US-MIDW-MISO,487.42,567.01,22.62,10.85,eia.gov,false,""
2023-05-15T21:00:00.000000,USA,Midcontinent ISO,US-MIDW-MISO,491.99,572.46,21.68,10.16,eia.gov,false,""
2023-05-15T22:00:00.000000,USA,Midcontinent ISO,US-MIDW-MISO,491.25,571.62,21.76,10.14,eia.gov,false,""
2023-05-15T23:00:00.000000,USA,Midcontinent ISO,US-MIDW-MISO,494.58,574.89,21.48,9.54,eia.gov,false,""
2023-05-16T00:00:00.000000,USA,Midcontinent ISO,US-MIDW-MISO,497.41,577.92,21.07,8.98,eia.gov,false,""
2023-05-16T01:00:00.000000,USA,Midcontinent ISO,US-MIDW-MISO,496.32,576.64,21.2,9.13,eia.gov,false,""
2023-05-16T02:00:00.000000,USA,Midcontinent ISO,US-MIDW-MISO,490.77,569.57,22.61,10.1,eia.gov,false,""
2023-05-16T03:00:00.000000,USA,Midcontinent ISO,US-MIDW-MISO,480.98,557.99,24.48,11.04,eia.gov,false,""
2023-05-16T04:00:00.000000,USA,Midcontinent ISO,US-MIDW-MISO,463.11,538.36,26.9,12.31,eia.gov,false,""
2023-05-16T05:00:00.000000,USA,Midcontinent ISO,US-MIDW-MISO,435.14,508.01,30.36,14.66,eia.gov,false,""
2023-05-16T06:00:00.000000,USA,Midcontinent ISO,US-MIDW-MISO,416.35,486.93,33.16,16.93,eia.gov,false,""
2023-05-16T07:00:00.000000,USA,Midcontinent ISO,US-MIDW-MISO,395.55,464.33,35.74,19.26,eia.gov,false,""
2023-05-16T08:00:00.000000,USA,Midcontinent ISO,US-MIDW-MISO,378.1,444.73,38.34,21.68,eia.gov,false,""
2023-05-16T09:00:00.000000,USA,Midcontinent ISO,US-MIDW-MISO,371.19,437.01,39.29,22.89,eia.gov,false,""
2023-05-16T10:00:00.000000,USA,Midcontinent ISO,US-MIDW-MISO,371.94,437.45,39.42,23.92,eia.gov,false,""
2023-05-16T11:00:00.000000,USA,Midcontinent ISO,US-MIDW-MISO,382.9,449.69,37.84,23.48,eia.gov,false,""
2023-05-16T12:00:00.000000,USA,Midcontinent ISO,US-MIDW-MISO,399.76,468.27,35.64,21.74,eia.gov,false,""
2023-05-16T13:00:00.000000,USA,Midcontinent ISO,US-MIDW-MISO,431.41,503.65,31.12,17.19,eia.gov,false,""
2023-05-16T14:00:00.000000,USA,Midcontinent ISO,US-MIDW-MISO,448.02,521.7,29.11,15.4,eia.gov,false,""
2023-05-16T15:00:00.000000,USA,Midcontinent ISO,US-MIDW-MISO,451.02,525.05,28.69,15.28,eia.gov,false,""
2023-05-16T16:00:00.000000,USA,Midcontinent ISO,US-MIDW-MISO,454.04,527.89,28.62,15.54,eia.gov,false,""
2023-05-16T17:00:00.000000,USA,Midcontinent ISO,US-MIDW-MISO,456.0,529.5,28.72,16.0,eia.gov,false,""
2023-05-16T18:00:00.000000,USA,Midcontinent ISO,US-MIDW-MISO,457.09,530.41,28.78,16.43,eia.gov,false,""
2023-05-16T19:00:00.000000,USA,Midcontinent ISO,US-MIDW-MISO,454.74,527.78,29.14,17.06,eia.gov,false,""
2023-05-16T20:00:00.000000,USA,Midcontinent ISO,US-MIDW-MISO,453.93,526.9,29.22,17.34,eia.gov,false,""
2023-05-16T21:00:00.000000,USA,Midcontinent ISO,US-MIDW-MISO,452.46,525.54,29.23,17.4,eia.gov,false,""
2023-05-16T22:00:00.000000,USA,Midcontinent ISO,US-MIDW-MISO,452.95,526.73,28.71,16.82,eia.gov,false,""
2023-05-16T23:00:00.000000,USA,Midcontinent ISO,US-MIDW-MISO,464.0,539.31,26.86,14.67,eia.gov,false,""
2023-05-17T00:00:00.000000,USA,Midcontinent ISO,US-MIDW-MISO,477.97,554.66,24.91,12.51,eia.gov,false,""
2023-05-17T01:00:00.000000,USA,Midcontinent ISO,US-MIDW-MISO,485.47,562.79,23.94,11.29,eia.gov,false,""
2023-05-17T02:00:00.000000,USA,Midcontinent ISO,US-MIDW-MISO,479.57,555.77,25.1,12.03,eia.gov,false,""
2023-05-17T03:00:00.000000,USA,Midcontinent ISO,US-MIDW-MISO,458.62,532.41,28.14,14.24,eia.gov,false,""
2023-05-17T04:00:00.000000,USA,Midcontinent ISO,US-MIDW-MISO,433.87,505.13,31.52,16.38,eia.gov,false,""
2023-05-17T05:00:00.000000,USA,Midcontinent ISO,US-MIDW-MISO,413.32,482.45,34.34,17.91,eia.gov,false,""
2023-05-17T06:00:00.000000,USA,Midcontinent ISO,US-MIDW-MISO,396.28,463.54,36.75,19.4,eia.gov,false,""
2023-05-17T07:00:00.000000,USA,Midcontinent ISO,US-MIDW-MISO,386.24,453.09,37.7,19.84,eia.gov,false,""
2023-05-17T08:00:00.000000,USA,Midcontinent ISO,US-MIDW-MISO,383.95,450.4,38.13,20.27,eia.gov,false,""
2023-05-17T09:00:00.000000,USA,Midcontinent ISO,US-MIDW-MISO,378.62,443.97,39.2,21.71,eia.gov,false,""
2023-05-17T10:00:00.000000,USA,Midcontinent ISO,US-MIDW-MISO,392.3,459.23,37.19,20.76,eia.gov,false,""
2023-05-17T11:00:00.000000,USA,Midcontinent ISO,US-MIDW-MISO,411.65,480.57,34.61,19.25,eia.gov,false,""
2023-05-17T12:00:00.000000,USA,Midcontinent ISO,US-MIDW-MISO,421.83,491.49,33.56,18.94,eia.gov,false,""
2023-05-17T13:00:00.000000,USA,Midcontinent ISO,US-MIDW-MISO,428.54,499.53,32.32,18.1,eia.gov,false,""
2023-05-17T14:00:00.000000,USA,Midcontinent ISO,US-MIDW-MISO,438.05,510.68,30.62,16.47,eia.gov,false,""
2023-05-17T15:00:00.000000,USA,Midcontinent ISO,US-MIDW-MISO,447.41,520.72,29.57,15.29,eia.gov,false,""
2023-05-17T16:00:00.000000,USA,Midcontinent ISO,US-MIDW-MISO,450.33,523.67,29.35,15.33,eia.gov,false,""
2023-05-17T17:00:00.000000,USA,Midcontinent ISO,US-MIDW-MISO,448.74,521.75,29.68,15.91,eia.gov,false,""
2023-05-17T18:00:00.000000,USA,Midcontinent ISO,US-MIDW-MISO,455.36,528.83,28.91,15.47,eia.gov,false,""
2023-05-17T19:00:00.000000,USA,Midcontinent ISO,US-MIDW-MISO,458.44,532.05,28.61,15.41,eia.gov,false,""
2023-05-17T20:00:00.000000,USA,Midcontinent ISO,US-MIDW-MISO,454.24,527.82,28.89,15.77,eia.gov,false,""
2023-05-17T21:00:00.000000,USA,Midcontinent ISO,US-MIDW-MISO,461.79,535.8,28.06,15.14,eia.gov,false,""
2023-05-17T22:00:00.000000,USA,Midcontinent ISO,US-MIDW-MISO,459.32,532.7,28.59,15.81,eia.gov,false,""
2023-05-17T23:00:00.000000,USA,Midcontinent ISO,US-MIDW-MISO,454.88,527.55,29.24,16.51,eia.gov,false,""
2023-05-18T00:00:00.000000,USA,Midcontinent ISO,US-MIDW-MISO,447.33,519.0,30.31,17.6,eia.gov,false,""
2023-05-18T01:00:00.000000,USA,Midcontinent ISO,US-MIDW-MISO,429.74,499.19,32.95,19.89,eia.gov,false,""
2023-05-18T02:00:00.000000,USA,Midcontinent ISO,US-MIDW-MISO,407.01,472.43,37.17,23.51,eia.gov,false,""
2023-05-18T03:00:00.000000,USA,Midcontinent ISO,US-MIDW-MISO,377.67,438.67,42.12,27.29,eia.gov,false,""
2023-05-18T04:00:00.000000,USA,Midcontinent ISO,US-MIDW-MISO,350.64,408.92,45.75,29.93,eia.gov,false,""
2023-05-18T05:00:00.000000,USA,Midcontinent ISO,US-MIDW-MISO,327.93,383.18,49.33,32.36,eia.gov,false,""
2023-05-18T06:00:00.000000,USA,Midcontinent ISO,US-MIDW-MISO,317.58,369.86,52.04,34.17,eia.gov,false,""
2023-05-18T07:00:00.000000,USA,Midcontinent ISO,US-MIDW-MISO,316.78,369.03,52.12,34.01,eia.gov,false,""
2023-05-18T08:00:00.000000,USA,Midcontinent ISO,US-MIDW-MISO,322.31,375.59,51.06,33.04,eia.gov,false,""
2023-05-18T09:00:00.000000,USA,Midcontinent ISO,US-MIDW-MISO,331.08,387.01,48.67,31.25,eia.gov,false,""
2023-05-18T10:00:00.000000,USA,Midcontinent ISO,US-MIDW-MISO,347.39,406.48,45.45,29.18,eia.gov,false,""
2023-05-18T11:00:00.000000,USA,Midcontinent ISO,US-MIDW-MISO,365.11,427.23,42.24,26.95,eia.gov,false,""
2023-05-18T12:00:00.000000,USA,Midcontinent ISO,US-MIDW-MISO,387.09,452.34,38.81,23.93,eia.gov,false,""
2023-05-18T13:00:00.000000,USA,Midcontinent ISO,US-MIDW-MISO,410.91,479.5,35.12,20.33,eia.gov,false,""
2023-05-18T14:00:00.000000,USA,Midcontinent ISO,US-MIDW-MISO,422.25,492.78,33.1,18.75,eia.gov,false,""
2023-05-18T15:00:00.000000,USA,Midcontinent ISO,US-MIDW-MISO,422.83,493.66,32.87,18.82,eia.gov,false,""
2023-05-18T16:00:00.000000,USA,Midcontinent ISO,US-MIDW-MISO,421.36,491.72,33.26,19.64,eia.gov,false,""
2023-05-18T17:00:00.000000,USA,Midcontinent ISO,US-MIDW-MISO,424.09,494.16,33.25,19.94,eia.gov,false,""
2023-05-18T18:00:00.000000,USA,Midcontinent ISO,US-MIDW-MISO,429.04,499.58,32.57,19.59,eia.gov,false,""
2023-05-18T19:00:00.000000,USA,Midcontinent ISO,US-MIDW-MISO,427.83,498.75,32.39,19.69,eia.gov,false,""
2023-05-18T20:00:00.000000,USA,Midcontinent ISO,US-MIDW-MISO,433.89,505.41,31.55,19.12,eia.gov,false,""
2023-05-18T21:00:00.000000,USA,Midcontinent ISO,US-MIDW-MISO,435.43,506.59,31.69,19.34,eia.gov,false,""
2023-05-18T22:00:00.000000,USA,Midcontinent ISO,US-MIDW-MISO,434.5,505.38,31.89,19.56,eia.gov,false,""
2023-05-18T23:00:00.000000,USA,Midcontinent ISO,US-MIDW-MISO,443.24,515.12,30.54,18.04,eia.gov,false,""
2023-05-19T00:00:00.000000,USA,Midcontinent ISO,US-MIDW-MISO,445.41,517.39,30.24,17.66,eia.gov,false,""
2023-05-19T01:00:00.000000,USA,Midcontinent ISO,US-MIDW-MISO,433.05,503.56,32.04,19.29,eia.gov,false,""
2023-05-19T02:00:00.000000,USA,Midcontinent ISO,US-MIDW-MISO,413.47,481.42,35.09,21.65,eia.gov,false,""
2023-05-19T03:00:00.000000,USA,Midcontinent ISO,US-MIDW-MISO,386.52,450.96,39.26,24.75,eia.gov,false,""
2023-05-19T04:00:00.000000,USA,Midcontinent ISO,US-MIDW-MISO,362.22,424.06,42.63,27.34,eia.gov,false,""
2023-05-19T05:00:00.000000,USA,Midcontinent ISO,US-MIDW-MISO,355.29,415.29,44.3,28.25,eia.gov,false,""
2023-05-19T06:00:00.000000,USA,Midcontinent ISO,US-MIDW-MISO,338.41,395.35,47.44,30.44,eia.gov,false,""
2023-05-19T07:00:00.000000,USA,Midcontinent ISO,US-MIDW-MISO,320.33,373.89,50.91,33.44,eia.gov,false,""
2023-05-19T08:00:00.000000,USA,Midcontinent ISO,US-MIDW-MISO,305.89,356.83,53.64,35.77,eia.gov,false,""
2023-05-19T09:00:00.000000,USA,Midcontinent ISO,US-MIDW-MISO,301.65,352.88,53.72,36.1,eia.gov,false,""
2023-05-19T10:00:00.000000,USA,Midcontinent ISO,US-MIDW-MISO,306.65,360.0,51.96,35.45,eia.gov,false,""
2023-05-19T11:00:00.000000,USA,Midcontinent ISO,US-MIDW-MISO,314.97,371.56,49.28,34.06,eia.gov,false,""
2023-05-19T12:00:00.000000,USA,Midcontinent ISO,US-MIDW-MISO,320.58,378.25,48.27,33.95,eia.gov,false,""
2023-05-19T13:00:00.000000,USA,Midcontinent ISO,US-MIDW-MISO,319.39,377.05,48.46,34.48,eia.gov,false,""
2023-05-19T14:00:00.000000,USA,Midcontinent ISO,US-MIDW-MISO,325.29,383.65,47.65,33.95,eia.gov,false,""
2023-05-19T15:00:00.000000,USA,Midcontinent ISO,US-MIDW-MISO,337.92,398.2,45.52,32.15,eia.gov,false,""
2023-05-19T16:00:00.000000,USA,Midcontinent ISO,US-MIDW-MISO,358.47,420.5,42.92,29.92,eia.gov,false,""
2023-05-19T17:00:00.000000,USA,Midcontinent ISO,US-MIDW-MISO,369.5,432.35,41.61,28.78,eia.gov,false,""
2023-05-19T18:00:00.000000,USA,Midcontinent ISO,US-MIDW-MISO,371.61,435.15,41.02,28.24,eia.gov,false,""
2023-05-19T19:00:00.000000,USA,Midcontinent ISO,US-MIDW-MISO,388.49,454.0,38.53,25.96,eia.gov,false,""
2023-05-19T20:00:00.000000,USA,Midcontinent ISO,US-MIDW-MISO,389.01,454.91,38.24,25.64,eia.gov,false,""
2023-05-19T21:00:00.000000,USA,Midcontinent ISO,US-MIDW-MISO,399.19,466.16,36.81,24.26,eia.gov,false,""
2023-05-19T22:00:00.000000,USA,Midcontinent ISO,US-MIDW-MISO,400.25,467.73,36.38,23.55,eia.gov,false,""
2023-05-19T23:00:00.000000,USA,Midcontinent ISO,US-MIDW-MISO,403.62,471.58,35.82,22.64,eia.gov,false,""
2023-05-20T00:00:00.000000,USA,Midcontinent ISO,US-MIDW-MISO,420.34,489.58,33.81,20.47,eia.gov,false,""
2023-05-20T01:00:00.000000,USA,Midcontinent ISO,US-MIDW-MISO,439.37,510.06,31.57,17.88,eia.gov,false,""
2023-05-20T02:00:00.000000,USA,Midcontinent ISO,US-MIDW-MISO,432.35,503.01,32.09,17.81,eia.gov,false,""
2023-05-20T03:00:00.000000,USA,Midcontinent ISO,US-MIDW-MISO,417.5,486.54,34.18,18.9,eia.gov,false,""
2023-05-20T04:00:00.000000,USA,Midcontinent ISO,US-MIDW-MISO,400.84,467.64,36.85,20.76,eia.gov,false,""
2023-05-20T05:00:00.000000,USA,Midcontinent ISO,US-MIDW-MISO,387.11,452.18,38.97,21.7,eia.gov,false,""
2023-05-20T06:00:00.000000,USA,Midcontinent ISO,US-MIDW-MISO,379.4,443.64,40.07,22.09,eia.gov,false,""
2023-05-20T07:00:00.000000,USA,Midcontinent ISO,US-MIDW-MISO,384.11,449.25,39.15,20.92,eia.gov,false,""
2023-05-20T08:00:00.000000,USA,Midcontinent ISO,US-MIDW-MISO,383.24,447.96,39.5,21.07,eia.gov,false,""
2023-05-20T09:00:00.000000,USA,Midcontinent ISO,US-MIDW-MISO,375.7,439.8,40.42,21.83,eia.gov,false,""
2023-05-20T10:00:00.000000,USA,Midcontinent ISO,US-MIDW-MISO,379.11,444.32,39.43,21.09,eia.gov,false,""
2023-05-20T11:00:00.000000,USA,Midcontinent ISO,US-MIDW-MISO,383.82,449.67,38.75,20.71,eia.gov,false,""
2023-05-20T12:00:00.000000,USA,Midcontinent ISO,US-MIDW-MISO,393.7,461.58,36.89,19.42,eia.gov,false,""
2023-05-20T13:00:00.000000,USA,Midcontinent ISO,US-MIDW-MISO,409.28,478.95,34.72,17.85,eia.gov,false,""
2023-05-20T14:00:00.000000,USA,Midcontinent ISO,US-MIDW-MISO,415.28,485.16,34.19,17.75,eia.gov,false,""
2023-05-20T15:00:00.000000,USA,Midcontinent ISO,US-MIDW-MISO,414.8,484.79,34.17,18.14,eia.gov,false,""
2023-05-20T16:00:00.000000,USA,Midcontinent ISO,US-MIDW-MISO,411.3,481.31,34.4,18.63,eia.gov,false,""
2023-05-20T17:00:00.000000,USA,Midcontinent ISO,US-MIDW-MISO,410.49,480.63,34.37,18.74,eia.gov,false,""
2023-05-20T18:00:00.000000,USA,Midcontinent ISO,US-MIDW-MISO,416.03,486.4,33.84,18.26,eia.gov,false,""
2023-05-20T19:00:00.000000,USA,Midcontinent ISO,US-MIDW-MISO,426.59,497.07,33.05,17.46,eia.gov,false,""
2023-05-20T20:00:00.000000,USA,Midcontinent ISO,US-MIDW-MISO,430.59,501.7,32.35,17.18,eia.gov,false,""
2023-05-20T21:00:00.000000,USA,Midcontinent ISO,US-MIDW-MISO,436.49,508.95,31.05,16.38,eia.gov,false,""
2023-05-20T22:00:00.000000,USA,Midcontinent ISO,US-MIDW-MISO,447.13,520.15,29.92,15.52,eia.gov,false,""
2023-05-20T23:00:00.000000,USA,Midcontinent ISO,US-MIDW-MISO,462.63,536.64,28.11,13.84,eia.gov,false,""
2023-05-21T00:00:00.000000,USA,Midcontinent ISO,US-MIDW-MISO,485.33,560.29,25.81,11.43,eia.gov,false,""
2023-05-21T01:00:00.000000,USA,Midcontinent ISO,US-MIDW-MISO,494.88,570.17,24.87,10.48,eia.gov,false,""
2023-05-21T02:00:00.000000,USA,Midcontinent ISO,US-MIDW-MISO,481.22,555.28,26.58,11.66,eia.gov,false,""
2023-05-21T03:00:00.000000,USA,Midcontinent ISO,US-MIDW-MISO,462.2,534.5,29.02,13.16,eia.gov,false,""
2023-05-21T04:00:00.000000,USA,Midcontinent ISO,US-MIDW-MISO,437.52,507.91,31.97,15.42,eia.gov,false,""
2023-05-21T05:00:00.000000,USA,Midcontinent ISO,US-MIDW-MISO,414.59,481.86,35.65,18.16,eia.gov,false,""
2023-05-21T06:00:00.000000,USA,Midcontinent ISO,US-MIDW-MISO,395.69,460.29,38.73,20.59,eia.gov,false,""
2023-05-21T07:00:00.000000,USA,Midcontinent ISO,US-MIDW-MISO,381.36,443.71,41.19,22.5,eia.gov,false,""
2023-05-21T08:00:00.000000,USA,Midcontinent ISO,US-MIDW-MISO,373.37,433.89,42.96,23.9,eia.gov,false,""
2023-05-21T09:00:00.000000,USA,Midcontinent ISO,US-MIDW-MISO,373.59,434.0,43.03,23.96,eia.gov,false,""
2023-05-21T10:00:00.000000,USA,Midcontinent ISO,US-MIDW-MISO,370.75,430.96,43.34,24.27,eia.gov,false,""
2023-05-21T11:00:00.000000,USA,Midcontinent ISO,US-MIDW-MISO,370.36,430.76,43.36,24.25,eia.gov,false,""
2023-05-21T12:00:00.000000,USA,Midcontinent ISO,US-MIDW-MISO,376.9,440.17,41.2,22.71,eia.gov,false,""
2023-05-21T13:00:00.000000,USA,Midcontinent ISO,US-MIDW-MISO,402.92,471.74,35.86,18.16,eia.gov,false,""
2023-05-21T14:00:00.000000,USA,Midcontinent ISO,US-MIDW-MISO,415.12,484.23,34.87,17.41,eia.gov,false,""
2023-05-21T15:00:00.000000,USA,Midcontinent ISO,US-MIDW-MISO,417.11,486.18,34.75,17.9,eia.gov,false,""
2023-05-21T16:00:00.000000,USA,Midcontinent ISO,US-MIDW-MISO,419.66,489.1,34.29,17.99,eia.gov,false,""
2023-05-21T17:00:00.000000,USA,Midcontinent ISO,US-MIDW-MISO,422.77,492.56,33.84,17.83,eia.gov,false,""
2023-05-21T18:00:00.000000,USA,Midcontinent ISO,US-MIDW-MISO,429.58,500.58,32.55,17.01,eia.gov,false,""
2023-05-21T19:00:00.000000,USA,Midcontinent ISO,US-MIDW-MISO,439.46,511.75,31.01,15.79,eia.gov,false,""
2023-05-21T20:00:00.000000,USA,Midcontinent ISO,US-MIDW-MISO,449.26,522.8,29.5,14.63,eia.gov,false,""
2023-05-21T21:00:00.000000,USA,Midcontinent ISO,US-MIDW-MISO,464.66,538.94,27.95,13.75,eia.gov,false,""
2023-05-21T22:00:00.000000,USA,Midcontinent ISO,US-MIDW-MISO,475.78,550.26,27.05,13.39,eia.gov,false,""
2023-05-21T23:00:00.000000,USA,Midcontinent ISO,US-MIDW-MISO,481.11,555.62,26.6,13.04,eia.gov,false,""
2023-05-22T00:00:00.000000,USA,Midcontinent ISO,US-MIDW-MISO,487.79,562.41,25.94,12.33,eia.gov,false,""
2023-05-22T01:00:00.000000,USA,Midcontinent ISO,US-MIDW-MISO,476.75,550.22,27.33,13.52,eia.gov,false,""
2023-05-22T02:00:00.000000,USA,Midcontinent ISO,US-MIDW-MISO,452.04,522.05,31.23,16.94,eia.gov,false,""
2023-05-22T03:00:00.000000,USA,Midcontinent ISO,US-MIDW-MISO,417.85,483.87,36.17,20.79,eia.gov,false,""
2023-05-22T04:00:00.000000,USA,Midcontinent ISO,US-MIDW-MISO,388.86,451.99,40.08,23.98,eia.gov,false,""
2023-05-22T05:00:00.000000,USA,Midcontinent ISO,US-MIDW-MISO,385.08,445.97,41.8,24.75,eia.gov,false,""
2023-05-22T06:00:00.000000,USA,Midcontinent ISO,US-MIDW-MISO,387.89,447.16,42.65,24.83,eia.gov,false,""
2023-05-22T07:00:00.000000,USA,Midcontinent ISO,US-MIDW-MISO,388.66,447.66,42.87,24.82,eia.gov,false,""
2023-05-22T08:00:00.000000,USA,Midcontinent ISO,US-MIDW-MISO,390.01,449.72,42.24,24.17,eia.gov,false,""
2023-05-22T09:00:00.000000,USA,Midcontinent ISO,US-MIDW-MISO,388.98,450.58,41.15,23.76,eia.gov,false,""
2023-05-22T10:00:00.000000,USA,Midcontinent ISO,US-MIDW-MISO,399.81,464.83,38.12,21.67,eia.gov,false,""
2023-05-22T11:00:00.000000,USA,Midcontinent ISO,US-MIDW-MISO,412.97,480.4,35.64,19.97,eia.gov,false,""
2023-05-22T12:00:00.000000,USA,Midcontinent ISO,US-MIDW-MISO,427.36,496.49,33.65,18.59,eia.gov,false,""
2023-05-22T13:00:00.000000,USA,Midcontinent ISO,US-MIDW-MISO,446.34,517.38,31.22,16.33,eia.gov,false,""
2023-05-22T14:00:00.000000,USA,Midcontinent ISO,US-MIDW-MISO,455.82,528.61,29.48,15.33,eia.gov,false,""
2023-05-22T15:00:00.000000,USA,Midcontinent ISO,US-MIDW-MISO,458.37,531.2,29.21,15.64,eia.gov,false,""
2023-05-22T16:00:00.000000,USA,Midcontinent ISO,US-MIDW-MISO,453.64,525.63,30.06,16.89,eia.gov,false,""
2023-05-22T17:00:00.000000,USA,Midcontinent ISO,US-MIDW-MISO,454.57,526.54,29.99,17.23,eia.gov,false,""
2023-05-22T18:00:00.000000,USA,Midcontinent ISO,US-MIDW-MISO,459.36,531.9,29.32,17.21,eia.gov,false,""
2023-05-22T19:00:00.000000,USA,Midcontinent ISO,US-MIDW-MISO,463.08,536.1,28.75,16.93,eia.gov,false,""
2023-05-22T20:00:00.000000,USA,Midcontinent ISO,US-MIDW-MISO,471.35,544.99,27.78,16.25,eia.gov,false,""
2023-05-22T21:00:00.000000,USA,Midcontinent ISO,US-MIDW-MISO,474.3,548.14,27.45,15.96,eia.gov,false,""
2023-05-22T22:00:00.000000,USA,Midcontinent ISO,US-MIDW-MISO,480.38,554.74,26.65,15.21,eia.gov,false,""
2023-05-22T23:00:00.000000,USA,Midcontinent ISO,US-MIDW-MISO,487.68,562.65,25.67,14.22,eia.gov,false,""
2023-05-23T00:00:00.000000,USA,Midcontinent ISO,US-MIDW-MISO,494.84,570.2,24.79,13.07,eia.gov,false,""
2023-05-23T01:00:00.000000,USA,Midcontinent ISO,US-MIDW-MISO,486.8,561.03,25.98,13.88,eia.gov,false,""
2023-05-23T02:00:00.000000,USA,Midcontinent ISO,US-MIDW-MISO,460.75,530.79,30.51,17.84,eia.gov,false,""
2023-05-23T03:00:00.000000,USA,Midcontinent ISO,US-MIDW-MISO,429.77,495.71,35.27,21.42,eia.gov,false,""
2023-05-23T04:00:00.000000,USA,Midcontinent ISO,US-MIDW-MISO,401.51,464.21,39.37,24.61,eia.gov,false,""
2023-05-23T05:00:00.000000,USA,Midcontinent ISO,US-MIDW-MISO,380.49,440.48,42.6,26.57,eia.gov,false,""
2023-05-23T06:00:00.000000,USA,Midcontinent ISO,US-MIDW-MISO,373.3,430.93,44.63,27.55,eia.gov,false,""
2023-05-23T07:00:00.000000,USA,Midcontinent ISO,US-MIDW-MISO,375.92,433.61,44.42,26.69,eia.gov,false,""
2023-05-23T08:00:00.000000,USA,Midcontinent ISO,US-MIDW-MISO,380.89,439.0,43.85,26.02,eia.gov,false,""
2023-05-23T09:00:00.000000,USA,Midcontinent ISO,US-MIDW-MISO,382.79,442.76,42.52,25.3,eia.gov,false,""
2023-05-23T10:00:00.000000,USA,Midcontinent ISO,US-MIDW-MISO,386.42,449.82,40.04,23.61,eia.gov,false,""
2023-05-23T11:00:00.000000,USA,Midcontinent ISO,US-MIDW-MISO,401.59,468.66,36.64,21.14,eia.gov,false,""
2023-05-23T12:00:00.000000,USA,Midcontinent ISO,US-MIDW-MISO,419.78,489.48,33.76,18.74,eia.gov,false,""
2023-05-23T13:00:00.000000,USA,Midcontinent ISO,US-MIDW-MISO,443.85,517.4,29.65,15.12,eia.gov,false,""
2023-05-23T14:00:00.000000,USA,Midcontinent ISO,US-MIDW-MISO,460.46,535.52,27.57,13.36,eia.gov,false,""
2023-05-23T15:00:00.000000,USA,Midcontinent ISO,US-MIDW-MISO,461.35,536.83,27.21,13.51,eia.gov,false,""
2023-05-23T16:00:00.000000,USA,Midcontinent ISO,US-MIDW-MISO,460.77,537.38,26.47,13.38,eia.gov,false,""
2023-05-23T17:00:00.000000,USA,Midcontinent ISO,US-MIDW-MISO,459.32,536.09,26.44,13.6,eia.gov,false,""
2023-05-23T18:00:00.000000,USA,Midcontinent ISO,US-MIDW-MISO,456.07,533.1,26.52,14.03,eia.gov,false,""
2023-05-23T19:00:00.000000,USA,Midcontinent ISO,US-MIDW-MISO,458.43,535.52,26.34,14.16,eia.gov,false,""
2023-05-23T20:00:00.000000,USA,Midcontinent ISO,US-MIDW-MISO,462.88,540.1,25.99,14.12,eia.gov,false,""
2023-05-23T21:00:00.000000,USA,Midcontinent ISO,US-MIDW-MISO,471.12,548.65,25.24,13.64,eia.gov,false,""
2023-05-23T22:00:00.000000,USA,Midcontinent ISO,US-MIDW-MISO,480.17,558.31,24.17,12.61,eia.gov,false,""
2023-05-23T23:00:00.000000,USA,Midcontinent ISO,US-MIDW-MISO,487.23,565.9,23.25,11.43,eia.gov,false,""
2023-05-24T00:00:00.000000,USA,Midcontinent ISO,US-MIDW-MISO,495.05,574.07,22.34,10.15,eia.gov,false,""
2023-05-24T01:00:00.000000,USA,Midcontinent ISO,US-MIDW-MISO,494.73,573.11,22.7,10.11,eia.gov,false,""
2023-05-24T02:00:00.000000,USA,Midcontinent ISO,US-MIDW-MISO,483.76,558.92,25.55,12.37,eia.gov,false,""
2023-05-24T03:00:00.000000,USA,Midcontinent ISO,US-MIDW-MISO,454.21,525.82,29.89,15.73,eia.gov,false,""
2023-05-24T04:00:00.000000,USA,Midcontinent ISO,US-MIDW-MISO,427.88,496.84,33.45,18.09,eia.gov,false,""
2023-05-24T05:00:00.000000,USA,Midcontinent ISO,US-MIDW-MISO,405.26,472.51,36.13,19.73,eia.gov,false,""
2023-05-24T06:00:00.000000,USA,Midcontinent ISO,US-MIDW-MISO,399.51,466.72,36.56,19.42,eia.gov,false,""
2023-05-24T07:00:00.000000,USA,Midcontinent ISO,US-MIDW-MISO,399.32,466.75,36.43,18.54,eia.gov,false,""
2023-05-24T08:00:00.000000,USA,Midcontinent ISO,US-MIDW-MISO,400.8,468.87,35.93,17.72,eia.gov,false,""
2023-05-24T09:00:00.000000,USA,Midcontinent ISO,US-MIDW-MISO,414.76,483.61,34.5,16.84,eia.gov,false,""
2023-05-24T10:00:00.000000,USA,Midcontinent ISO,US-MIDW-MISO,423.83,492.65,33.93,17.05,eia.gov,false,""
2023-05-24T11:00:00.000000,USA,Midcontinent ISO,US-MIDW-MISO,426.61,495.66,33.65,17.17,eia.gov,false,""
2023-05-24T12:00:00.000000,USA,Midcontinent ISO,US-MIDW-MISO,420.23,488.91,34.48,18.47,eia.gov,false,""
2023-05-24T13:00:00.000000,USA,Midcontinent ISO,US-MIDW-MISO,428.45,498.55,33.01,17.45,eia.gov,false,""
2023-05-24T14:00:00.000000,USA,Midcontinent ISO,US-MIDW-MISO,433.48,504.09,32.35,17.11,eia.gov,false,""
2023-05-24T15:00:00.000000,USA,Midcontinent ISO,US-MIDW-MISO,437.62,508.23,32.06,17.36,eia.gov,false,""
2023-05-24T16:00:00.000000,USA,Midcontinent ISO,US-MIDW-MISO,427.2,496.93,33.34,19.07,eia.gov,false,""
2023-05-24T17:00:00.000000,USA,Midcontinent ISO,US-MIDW-MISO,415.86,484.65,34.71,20.51,eia.gov,false,""
2023-05-24T18:00:00.000000,USA,Midcontinent ISO,US-MIDW-MISO,415.92,484.59,34.79,21.01,eia.gov,false,""
2023-05-24T19:00:00.000000,USA,Midcontinent ISO,US-MIDW-MISO,416.29,484.51,35.09,21.65,eia.gov,false,""
2023-05-24T20:00:00.000000,USA,Midcontinent ISO,US-MIDW-MISO,415.59,483.43,35.36,22.1,eia.gov,false,""
2023-05-24T21:00:00.000000,USA,Midcontinent ISO,US-MIDW-MISO,413.93,481.2,35.83,22.4,eia.gov,false,""
2023-05-24T22:00:00.000000,USA,Midcontinent ISO,US-MIDW-MISO,407.34,473.85,36.74,23.08,eia.gov,false,""
2023-05-24T23:00:00.000000,USA,Midcontinent ISO,US-MIDW-MISO,399.93,465.79,37.53,23.48,eia.gov,false,""
2023-05-25T00:00:00.000000,USA,Midcontinent ISO,US-MIDW-MISO,388.36,452.73,39.19,24.5,eia.gov,false,""
2023-05-25T01:00:00.000000,USA,Midcontinent ISO,US-MIDW-MISO,380.57,443.19,40.83,25.63,eia.gov,false,""
2023-05-25T02:00:00.000000,USA,Midcontinent ISO,US-MIDW-MISO,363.59,423.25,43.92,28.13,eia.gov,false,""
2023-05-25T03:00:00.000000,USA,Midcontinent ISO,US-MIDW-MISO,347.73,404.5,46.83,30.04,eia.gov,false,""
2023-05-25T04:00:00.000000,USA,Midcontinent ISO,US-MIDW-MISO,346.44,401.77,47.82,29.97,eia.gov,false,""
2023-05-25T05:00:00.000000,USA,Midcontinent ISO,US-MIDW-MISO,340.27,393.74,49.48,30.64,eia.gov,false,""
2023-05-25T06:00:00.000000,USA,Midcontinent ISO,US-MIDW-MISO,323.54,374.36,52.31,32.27,eia.gov,false,""
2023-05-25T07:00:00.000000,USA,Midcontinent ISO,US-MIDW-MISO,310.73,360.91,53.58,33.42,eia.gov,false,""
2023-05-25T08:00:00.000000,USA,Midcontinent ISO,US-MIDW-MISO,309.39,360.0,53.38,33.4,eia.gov,false,""
2023-05-25T09:00:00.000000,USA,Midcontinent ISO,US-MIDW-MISO,314.19,366.1,52.23,32.88,eia.gov,false,""
2023-05-25T10:00:00.000000,USA,Midcontinent ISO,US-MIDW-MISO,322.2,376.95,49.85,31.37,eia.gov,false,""
2023-05-25T11:00:00.000000,USA,Midcontinent ISO,US-MIDW-MISO,339.32,396.3,47.33,29.96,eia.gov,false,""
2023-05-25T12:00:00.000000,USA,Midcontinent ISO,US-MIDW-MISO,339.03,395.84,47.67,30.64,eia.gov,false,""
2023-05-25T13:00:00.000000,USA,Midcontinent ISO,US-MIDW-MISO,336.51,393.14,48.13,31.25,eia.gov,false,""
2023-05-25T14:00:00.000000,USA,Midcontinent ISO,US-MIDW-MISO,348.9,408.28,45.53,28.69,eia.gov,false,""
2023-05-25T15:00:00.000000,USA,Midcontinent ISO,US-MIDW-MISO,369.72,432.08,42.17,25.59,eia.gov,false,""
2023-05-25T16:00:00.000000,USA,Midcontinent ISO,US-MIDW-MISO,380.32,443.92,40.6,24.14,eia.gov,false,""
2023-05-25T17:00:00.000000,USA,Midcontinent ISO,US-MIDW-MISO,374.17,437.25,41.34,25.21,eia.gov,false,""
2023-05-25T18:00:00.000000,USA,Midcontinent ISO,US-MIDW-MISO,366.96,429.32,42.3,26.49,eia.gov,false,""
2023-05-25T19:00:00.000000,USA,Midcontinent ISO,US-MIDW-MISO,358.74,420.26,43.41,27.85,eia.gov,false,""
2023-05-25T20:00:00.000000,USA,Midcontinent ISO,US-MIDW-MISO,354.87,416.12,43.84,28.56,eia.gov,false,""
2023-05-25T21:00:00.000000,USA,Midcontinent ISO,US-MIDW-MISO,349.21,409.91,44.59,29.74,eia.gov,false,""
2023-05-25T22:00:00.000000,USA,Midcontinent ISO,US-MIDW-MISO,342.8,403.02,45.31,30.63,eia.gov,false,""
2023-05-25T23:00:00.000000,USA,Midcontinent ISO,US-MIDW-MISO,345.46,406.06,44.75,29.78,eia.gov,false,""
2023-05-26T00:00:00.000000,USA,Midcontinent ISO,US-MIDW-MISO,352.81,414.1,43.68,28.39,eia.gov,false,""
2023-05-26T01:00:00.000000,USA,Midcontinent ISO,US-MIDW-MISO,351.15,412.26,43.88,28.26,eia.gov,false,""
2023-05-26T02:00:00.000000,USA,Midcontinent ISO,US-MIDW-MISO,335.85,394.6,46.42,30.3,eia.gov,false,""
2023-05-26T03:00:00.000000,USA,Midcontinent ISO,US-MIDW-MISO,319.09,375.15,49.3,32.16,eia.gov,false,""
2023-05-26T04:00:00.000000,USA,Midcontinent ISO,US-MIDW-MISO,313.86,368.03,50.92,32.88,eia.gov,false,""
2023-05-26T05:00:00.000000,USA,Midcontinent ISO,US-MIDW-MISO,309.74,361.51,52.71,33.38,eia.gov,false,""
2023-05-26T06:00:00.000000,USA,Midcontinent ISO,US-MIDW-MISO,299.48,348.29,55.39,34.77,eia.gov,false,""
2023-05-26T07:00:00.000000,USA,Midcontinent ISO,US-MIDW-MISO,299.77,348.72,55.28,34.14,eia.gov,false,""
2023-05-26T08:00:00.000000,USA,Midcontinent ISO,US-MIDW-MISO,300.21,349.38,55.14,34.02,eia.gov,false,""
2023-05-26T09:00:00.000000,USA,Midcontinent ISO,US-MIDW-MISO,301.85,351.46,54.78,33.81,eia.gov,false,""
2023-05-26T10:00:00.000000,USA,Midcontinent ISO,US-MIDW-MISO,303.84,355.02,53.67,33.53,eia.gov,false,""
2023-05-26T11:00:00.000000,USA,Midcontinent ISO,US-MIDW-MISO,306.42,359.59,52.33,33.05,eia.gov,false,""
2023-05-26T12:00:00.000000,USA,Midcontinent ISO,US-MIDW-MISO,321.65,379.31,48.51,30.13,eia.gov,false,""
2023-05-26T13:00:00.000000,USA,Midcontinent ISO,US-MIDW-MISO,352.0,413.76,43.85,25.76,eia.gov,false,""
2023-05-26T14:00:00.000000,USA,Midcontinent ISO,US-MIDW-MISO,352.68,414.75,43.57,25.7,eia.gov,false,""
2023-05-26T15:00:00.000000,USA,Midcontinent ISO,US-MIDW-MISO,363.17,426.09,42.27,24.97,eia.gov,false,""
2023-05-26T16:00:00.000000,USA,Midcontinent ISO,US-MIDW-MISO,365.39,428.63,41.92,24.86,eia.gov,false,""
2023-05-26T17:00:00.000000,USA,Midcontinent ISO,US-MIDW-MISO,366.85,430.23,41.7,25.09,eia.gov,false,""
2023-05-26T18:00:00.000000,USA,Midcontinent ISO,US-MIDW-MISO,369.24,432.81,41.4,25.15,eia.gov,false,""
2023-05-26T19:00:00.000000,USA,Midcontinent ISO,US-MIDW-MISO,371.95,435.72,41.09,25.21,eia.gov,false,""
2023-05-26T20:00:00.000000,USA,Midcontinent ISO,US-MIDW-MISO,376.47,440.54,40.61,24.85,eia.gov,false,""
2023-05-26T21:00:00.000000,USA,Midcontinent ISO,US-MIDW-MISO,388.12,452.25,39.78,24.36,eia.gov,false,""
2023-05-26T22:00:00.000000,USA,Midcontinent ISO,US-MIDW-MISO,393.92,458.56,39.02,23.69,eia.gov,false,""
2023-05-26T23:00:00.000000,USA,Midcontinent ISO,US-MIDW-MISO,405.9,471.24,37.57,22.05,eia.gov,false,""
2023-05-27T00:00:00.000000,USA,Midcontinent ISO,US-MIDW-MISO,403.3,468.81,37.46,21.25,eia.gov,false,""
2023-05-27T01:00:00.000000,USA,Midcontinent ISO,US-MIDW-MISO,385.39,449.77,39.35,22.79,eia.gov,false,""
2023-05-27T02:00:00.000000,USA,Midcontinent ISO,US-MIDW-MISO,351.06,411.99,43.94,26.96,eia.gov,false,""
2023-05-27T03:00:00.000000,USA,Midcontinent ISO,US-MIDW-MISO,333.51,390.34,47.82,29.86,eia.gov,false,""
2023-05-27T04:00:00.000000,USA,Midcontinent ISO,US-MIDW-MISO,324.64,378.24,50.58,31.33,eia.gov,false,""
2023-05-27T05:00:00.000000,USA,Midcontinent ISO,US-MIDW-MISO,314.64,366.37,52.5,31.8,eia.gov,false,""
2023-05-27T06:00:00.000000,USA,Midcontinent ISO,US-MIDW-MISO,305.44,354.94,54.6,32.97,eia.gov,false,""
2023-05-27T07:00:00.000000,USA,Midcontinent ISO,US-MIDW-MISO,303.67,353.4,54.55,32.42,eia.gov,false,""
2023-05-27T08:00:00.000000,USA,Midcontinent ISO,US-MIDW-MISO,302.62,352.29,54.72,32.17,eia.gov,false,""
2023-05-27T09:00:00.000000,USA,Midcontinent ISO,US-MIDW-MISO,307.65,358.33,53.71,31.28,eia.gov,false,""
2023-05-27T10:00:00.000000,USA,Midcontinent ISO,US-MIDW-MISO,317.66,369.9,52.03,30.12,eia.gov,false,""
2023-05-27T11:00:00.000000,USA,Midcontinent ISO,US-MIDW-MISO,318.2,371.43,51.44,30.31,eia.gov,false,""
2023-05-27T12:00:00.000000,USA,Midcontinent ISO,US-MIDW-MISO,317.6,372.47,50.69,30.21,eia.gov,false,""
2023-05-27T13:00:00.000000,USA,Midcontinent ISO,US-MIDW-MISO,332.66,393.26,46.06,26.27,eia.gov,false,""
2023-05-27T14:00:00.000000,USA,Midcontinent ISO,US-MIDW-MISO,336.88,399.5,44.34,25.69,eia.gov,false,""
2023-05-27T15:00:00.000000,USA,Midcontinent ISO,US-MIDW-MISO,340.04,403.03,43.81,25.92,eia.gov,false,""
2023-05-27T16:00:00.000000,USA,Midcontinent ISO,US-MIDW-MISO,338.46,401.55,43.84,26.45,eia.gov,false,""
2023-05-27T17:00:00.000000,USA,Midcontinent ISO,US-MIDW-MISO,338.44,401.75,43.7,26.65,eia.gov,false,""
2023-05-27T18:00:00.000000,USA,Midcontinent ISO,US-MIDW-MISO,338.16,401.51,43.66,26.69,eia.gov,false,""
2023-05-27T19:00:00.000000,USA,Midcontinent ISO,US-MIDW-MISO,345.63,409.5,42.79,26.26,eia.gov,false,""
2023-05-27T20:00:00.000000,USA,Midcontinent ISO,US-MIDW-MISO,357.43,422.09,41.47,25.61,eia.gov,false,""
2023-05-27T21:00:00.000000,USA,Midcontinent ISO,US-MIDW-MISO,366.56,431.55,40.66,25.38,eia.gov,false,""
2023-05-27T22:00:00.000000,USA,Midcontinent ISO,US-MIDW-MISO,371.29,436.94,39.85,24.6,eia.gov,false,""
2023-05-27T23:00:00.000000,USA,Midcontinent ISO,US-MIDW-MISO,393.1,459.7,37.62,23.14,eia.gov,false,""
2023-05-28T00:00:00.000000,USA,Midcontinent ISO,US-MIDW-MISO,398.4,465.86,36.52,22.07,eia.gov,false,""
2023-05-28T01:00:00.000000,USA,Midcontinent ISO,US-MIDW-MISO,397.45,464.75,36.61,21.66,eia.gov,false,""
2023-05-28T02:00:00.000000,USA,Midcontinent ISO,US-MIDW-MISO,374.43,438.7,40.16,24.66,eia.gov,false,""
2023-05-28T03:00:00.000000,USA,Midcontinent ISO,US-MIDW-MISO,351.94,412.59,44.06,28.0,eia.gov,false,""
2023-05-28T04:00:00.000000,USA,Midcontinent ISO,US-MIDW-MISO,342.51,400.02,46.73,29.66,eia.gov,false,""
2023-05-28T05:00:00.000000,USA,Midcontinent ISO,US-MIDW-MISO,333.83,390.1,48.11,29.68,eia.gov,false,""
2023-05-28T06:00:00.000000,USA,Midcontinent ISO,US-MIDW-MISO,332.64,387.78,48.95,29.37,eia.gov,false,""
2023-05-28T07:00:00.000000,USA,Midcontinent ISO,US-MIDW-MISO,336.11,390.86,48.99,28.87,eia.gov,false,""
2023-05-28T08:00:00.000000,USA,Midcontinent ISO,US-MIDW-MISO,339.33,394.04,48.82,28.2,eia.gov,false,""
2023-05-28T09:00:00.000000,USA,Midcontinent ISO,US-MIDW-MISO,348.38,405.07,46.95,26.33,eia.gov,false,""
2023-05-28T10:00:00.000000,USA,Midcontinent ISO,US-MIDW-MISO,351.78,408.94,46.46,25.63,eia.gov,false,""
2023-05-28T11:00:00.000000,USA,Midcontinent ISO,US-MIDW-MISO,356.04,415.31,44.87,24.29,eia.gov,false,""
2023-05-28T12:00:00.000000,USA,Midcontinent ISO,US-MIDW-MISO,357.94,419.27,43.64,23.65,eia.gov,false,""
2023-05-28T13:00:00.000000,USA,Midcontinent ISO,US-MIDW-MISO,377.2,443.19,39.44,20.19,eia.gov,false,""
2023-05-28T14:00:00.000000,USA,Midcontinent ISO,US-MIDW-MISO,384.98,452.0,38.24,20.03,eia.gov,false,""
2023-05-28T15:00:00.000000,USA,Midcontinent ISO,US-MIDW-MISO,379.17,446.68,38.17,20.89,eia.gov,false,""
2023-05-28T16:00:00.000000,USA,Midcontinent ISO,US-MIDW-MISO,377.78,445.29,38.25,21.74,eia.gov,false,""
2023-05-28T17:00:00.000000,USA,Midcontinent ISO,US-MIDW-MISO,380.25,447.94,37.9,21.89,eia.gov,false,""
2023-05-28T18:00:00.000000,USA,Midcontinent ISO,US-MIDW-MISO,383.53,451.6,37.41,21.94,eia.gov,false,""
2023-05-28T19:00:00.000000,USA,Midcontinent ISO,US-MIDW-MISO,392.19,461.02,36.27,21.29,eia.gov,false,""
2023-05-28T20:00:00.000000,USA,Midcontinent ISO,US-MIDW-MISO,403.02,472.26,35.25,20.83,eia.gov,false,""
2023-05-28T21:00:00.000000,USA,Midcontinent ISO,US-MIDW-MISO,412.81,481.85,34.76,20.86,eia.gov,false,""
2023-05-28T22:00:00.000000,USA,Midcontinent ISO,US-MIDW-MISO,431.01,501.03,32.81,19.11,eia.gov,false,""
2023-05-28T23:00:00.000000,USA,Midcontinent ISO,US-MIDW-MISO,436.25,506.78,32.03,18.17,eia.gov,false,""
2023-05-29T00:00:00.000000,USA,Midcontinent ISO,US-MIDW-MISO,436.55,507.72,31.41,17.02,eia.gov,false,""
2023-05-29T01:00:00.000000,USA,Midcontinent ISO,US-MIDW-MISO,424.2,494.98,32.45,17.68,eia.gov,false,""
2023-05-29T02:00:00.000000,USA,Midcontinent ISO,US-MIDW-MISO,394.49,461.41,37.0,21.82,eia.gov,false,""
2023-05-29T03:00:00.000000,USA,Midcontinent ISO,US-MIDW-MISO,374.93,438.34,40.6,24.74,eia.gov,false,""
2023-05-29T04:00:00.000000,USA,Midcontinent ISO,US-MIDW-MISO,356.62,416.87,43.94,26.99,eia.gov,false,""
2023-05-29T05:00:00.000000,USA,Midcontinent ISO,US-MIDW-MISO,341.82,399.36,46.75,28.26,eia.gov,false,""
2023-05-29T06:00:00.000000,USA,Midcontinent ISO,US-MIDW-MISO,341.03,397.05,47.79,28.34,eia.gov,false,""
2023-05-29T07:00:00.000000,USA,Midcontinent ISO,US-MIDW-MISO,342.39,397.72,48.15,28.17,eia.gov,false,""
2023-05-29T08:00:00.000000,USA,Midcontinent ISO,US-MIDW-MISO,341.8,396.31,48.75,28.47,eia.gov,false,""
2023-05-29T09:00:00.000000,USA,Midcontinent ISO,US-MIDW-MISO,344.61,398.57,48.93,28.77,eia.gov,false,""
2023-05-29T10:00:00.000000,USA,Midcontinent ISO,US-MIDW-MISO,349.65,404.75,47.84,27.6,eia.gov,false,""
2023-05-29T11:00:00.000000,USA,Midcontinent ISO,US-MIDW-MISO,346.35,401.65,48.17,28.28,eia.gov,false,""
2023-05-29T12:00:00.000000,USA,Midcontinent ISO,US-MIDW-MISO,345.28,404.84,45.67,26.32,eia.gov,false,""
2023-05-29T13:00:00.000000,USA,Midcontinent ISO,US-MIDW-MISO,362.38,426.92,41.26,23.02,eia.gov,false,""
2023-05-29T14:00:00.000000,USA,Midcontinent ISO,US-MIDW-MISO,379.27,445.34,39.08,22.38,eia.gov,false,""
2023-05-29T15:00:00.000000,USA,Midcontinent ISO,US-MIDW-MISO,380.94,447.15,38.84,23.18,eia.gov,false,""
2023-05-29T16:00:00.000000,USA,Midcontinent ISO,US-MIDW-MISO,384.36,451.48,37.94,23.22,eia.gov,false,""
2023-05-29T17:00:00.000000,USA,Midcontinent ISO,US-MIDW-MISO,394.21,462.66,36.36,22.27,eia.gov,false,""
2023-05-29T18:00:00.000000,USA,Midcontinent ISO,US-MIDW-MISO,406.49,476.21,34.68,21.03,eia.gov,false,""
2023-05-29T19:00:00.000000,USA,Midcontinent ISO,US-MIDW-MISO,428.66,499.32,32.54,19.4,eia.gov,false,""
2023-05-29T20:00:00.000000,USA,Midcontinent ISO,US-MIDW-MISO,429.9,500.27,32.66,19.71,eia.gov,false,""
2023-05-29T21:00:00.000000,USA,Midcontinent ISO,US-MIDW-MISO,423.89,493.85,33.41,20.91,eia.gov,false,""
2023-05-29T22:00:00.000000,USA,Midcontinent ISO,US-MIDW-MISO,427.0,497.11,33.05,20.62,eia.gov,false,""
2023-05-29T23:00:00.000000,USA,Midcontinent ISO,US-MIDW-MISO,429.97,500.89,32.21,19.53,eia.gov,false,""
2023-05-30T00:00:00.000000,USA,Midcontinent ISO,US-MIDW-MISO,433.41,504.79,31.52,18.55,eia.gov,false,""
2023-05-30T01:00:00.000000,USA,Midcontinent ISO,US-MIDW-MISO,425.84,496.73,32.25,18.91,eia.gov,false,""
2023-05-30T02:00:00.000000,USA,Midcontinent ISO,US-MIDW-MISO,404.54,473.48,34.94,21.16,eia.gov,false,""
2023-05-30T03:00:00.000000,USA,Midcontinent ISO,US-MIDW-MISO,381.02,446.7,38.61,23.82,eia.gov,false,""
2023-05-30T04:00:00.000000,USA,Midcontinent ISO,US-MIDW-MISO,366.07,428.04,42.11,26.05,eia.gov,false,""
2023-05-30T05:00:00.000000,USA,Midcontinent ISO,US-MIDW-MISO,350.74,409.17,45.49,27.51,eia.gov,false,""
2023-05-30T06:00:00.000000,USA,Midcontinent ISO,US-MIDW-MISO,337.42,391.95,48.99,29.71,eia.gov,false,""
2023-05-30T07:00:00.000000,USA,Midcontinent ISO,US-MIDW-MISO,338.67,392.69,49.24,29.45,eia.gov,false,""
2023-05-30T08:00:00.000000,USA,Midcontinent ISO,US-MIDW-MISO,348.53,403.83,47.75,27.58,eia.gov,false,""
2023-05-30T09:00:00.000000,USA,Midcontinent ISO,US-MIDW-MISO,358.97,416.61,45.48,25.33,eia.gov,false,""
2023-05-30T10:00:00.000000,USA,Midcontinent ISO,US-MIDW-MISO,374.97,437.34,41.37,22.31,eia.gov,false,""
2023-05-30T11:00:00.000000,USA,Midcontinent ISO,US-MIDW-MISO,384.11,449.46,38.89,20.97,eia.gov,false,""
2023-05-30T12:00:00.000000,USA,Midcontinent ISO,US-MIDW-MISO,401.01,470.08,35.38,18.56,eia.gov,false,""
2023-05-30T13:00:00.000000,USA,Midcontinent ISO,US-MIDW-MISO,421.42,494.21,31.56,15.64,eia.gov,false,""
2023-05-30T14:00:00.000000,USA,Midcontinent ISO,US-MIDW-MISO,424.61,498.44,30.68,15.67,eia.gov,false,""
2023-05-30T15:00:00.000000,USA,Midcontinent ISO,US-MIDW-MISO,426.42,501.16,29.91,15.97,eia.gov,false,""
2023-05-30T16:00:00.000000,USA,Midcontinent ISO,US-MIDW-MISO,428.53,503.43,29.61,16.36,eia.gov,false,""
2023-05-30T17:00:00.000000,USA,Midcontinent ISO,US-MIDW-MISO,433.17,508.78,28.78,16.1,eia.gov,false,""
2023-05-30T18:00:00.000000,USA,Midcontinent ISO,US-MIDW-MISO,436.56,512.04,28.66,16.47,eia.gov,false,""
2023-05-30T19:00:00.000000,USA,Midcontinent ISO,US-MIDW-MISO,437.27,512.33,28.96,17.22,eia.gov,false,""
2023-05-30T20:00:00.000000,USA,Midcontinent ISO,US-MIDW-MISO,443.03,518.45,28.32,16.8,eia.gov,false,""
2023-05-30T21:00:00.000000,USA,Midcontinent ISO,US-MIDW-MISO,446.64,522.85,27.55,16.29,eia.gov,false,""
2023-05-30T22:00:00.000000,USA,Midcontinent ISO,US-MIDW-MISO,449.99,526.74,26.92,15.74,eia.gov,false,""
2023-05-30T23:00:00.000000,USA,Midcontinent ISO,US-MIDW-MISO,455.23,532.42,26.22,14.82,eia.gov,false,""
2023-05-31T00:00:00.000000,USA,Midcontinent ISO,US-MIDW-MISO,455.1,532.3,26.1,14.39,eia.gov,false,""
2023-05-31T01:00:00.000000,USA,Midcontinent ISO,US-MIDW-MISO,447.43,523.57,27.21,14.96,eia.gov,false,""
2023-05-31T02:00:00.000000,USA,Midcontinent ISO,US-MIDW-MISO,436.58,510.31,29.55,16.77,eia.gov,false,""
2023-05-31T03:00:00.000000,USA,Midcontinent ISO,US-MIDW-MISO,424.47,495.85,31.93,18.05,eia.gov,false,""
2023-05-31T04:00:00.000000,USA,Midcontinent ISO,US-MIDW-MISO,413.68,482.91,34.11,19.22,eia.gov,false,""
2023-05-31T05:00:00.000000,USA,Midcontinent ISO,US-MIDW-MISO,404.66,471.96,35.97,19.87,eia.gov,false,""
2023-05-31T06:00:00.000000,USA,Midcontinent ISO,US-MIDW-MISO,399.61,465.39,37.26,19.96,eia.gov,false,""
2023-05-31T07:00:00.000000,USA,Midcontinent ISO,US-MIDW-MISO,396.85,460.63,38.8,20.54,eia.gov,false,""
2023-05-31T08:00:00.000000,USA,Midcontinent ISO,US-MIDW-MISO,398.57,461.67,39.09,20.41,eia.gov,false,""
2023-05-31T09:00:00.000000,USA,Midcontinent ISO,US-MIDW-MISO,403.54,467.57,38.22,19.7,eia.gov,false,""
2023-05-31T10:00:00.000000,USA,Midcontinent ISO,US-MIDW-MISO,406.52,472.15,37.06,19.19,eia.gov,false,""
2023-05-31T11:00:00.000000,USA,Midcontinent ISO,US-MIDW-MISO,401.57,468.43,36.64,19.95,eia.gov,false,""
2023-05-31T12:00:00.000000,USA,Midcontinent ISO,US-MIDW-MISO,427.28,498.41,32.15,16.63,eia.gov,false,""
2023-05-31T13:00:00.000000,USA,Midcontinent ISO,US-MIDW-MISO,457.79,532.9,27.52,12.8,eia.gov,false,""
2023-05-31T14:00:00.000000,USA,Midcontinent ISO,US-MIDW-MISO,468.23,544.97,25.73,12.1,eia.gov,false,""
2023-05-31T15:00:00.000000,USA,Midcontinent ISO,US-MIDW-MISO,461.04,537.84,26.15,13.17,eia.gov,false,""
2023-05-31T16:00:00.000000,USA,Midcontinent ISO,US-MIDW-MISO,457.86,534.45,26.47,14.25,eia.gov,false,""
2023-05-31T17:00:00.000000,USA,Midcontinent ISO,US-MIDW-MISO,444.32,519.22,28.52,16.82,eia.gov,false,""
2023-05-31T18:00:00.000000,USA,Midcontinent ISO,US-MIDW-MISO,439.23,513.64,29.19,17.87,eia.gov,false,""
2023-05-31T19:00:00.000000,USA,Midcontinent ISO,US-MIDW-MISO,440.17,514.38,29.25,18.38,eia.gov,false,""
2023-05-31T20:00:00.000000,USA,Midcontinent ISO,US-MIDW-MISO,436.75,511.13,29.4,18.65,eia.gov,false,""
2023-05-31T21:00:00.000000,USA,Midcontinent ISO,US-MIDW-MISO,437.47,511.9,29.3,17.93,eia.gov,false,""
2023-05-31T22:00:00.000000,USA,Midcontinent ISO,US-MIDW-MISO,442.88,518.07,28.39,17.04,eia.gov,false,""
2023-05-31T23:00:00.000000,USA,Midcontinent ISO,US-MIDW-MISO,457.15,533.84,26.34,14.79,eia.gov,false,""
2023-06-01T00:00:00.000000,USA,Midcontinent ISO,US-MIDW-MISO,474.69,553.41,23.7,11.49,eia.gov,false,""
2023-06-01T01:00:00.000000,USA,Midcontinent ISO,US-MIDW-MISO,478.03,556.45,23.64,10.9,eia.gov,false,""
2023-06-01T02:00:00.000000,USA,Midcontinent ISO,US-MIDW-MISO,462.54,538.74,26.16,12.69,eia.gov,false,""
2023-06-01T03:00:00.000000,USA,Midcontinent ISO,US-MIDW-MISO,446.44,519.86,29.09,14.53,eia.gov,false,""
2023-06-01T04:00:00.000000,USA,Midcontinent ISO,US-MIDW-MISO,436.81,508.25,31.07,15.42,eia.gov,false,""
2023-06-01T05:00:00.000000,USA,Midcontinent ISO,US-MIDW-MISO,425.03,494.74,33.02,16.34,eia.gov,false,""
2023-06-01T06:00:00.000000,USA,Midcontinent ISO,US-MIDW-MISO,412.4,480.71,34.73,16.47,eia.gov,false,""
2023-06-01T07:00:00.000000,USA,Midcontinent ISO,US-MIDW-MISO,413.21,480.69,35.21,16.16,eia.gov,false,""
2023-06-01T08:00:00.000000,USA,Midcontinent ISO,US-MIDW-MISO,414.45,481.94,35.13,15.63,eia.gov,false,""
2023-06-01T09:00:00.000000,USA,Midcontinent ISO,US-MIDW-MISO,422.26,492.04,33.09,13.78,eia.gov,false,""
2023-06-01T10:00:00.000000,USA,Midcontinent ISO,US-MIDW-MISO,424.98,495.92,32.24,13.83,eia.gov,false,""
2023-06-01T11:00:00.000000,USA,Midcontinent ISO,US-MIDW-MISO,430.86,502.68,31.38,13.8,eia.gov,false,""
2023-06-01T12:00:00.000000,USA,Midcontinent ISO,US-MIDW-MISO,450.06,523.77,28.96,12.33,eia.gov,false,""
2023-06-01T13:00:00.000000,USA,Midcontinent ISO,US-MIDW-MISO,468.9,545.08,26.1,10.6,eia.gov,false,""
2023-06-01T14:00:00.000000,USA,Midcontinent ISO,US-MIDW-MISO,473.81,550.91,25.14,10.47,eia.gov,false,""
2023-06-01T15:00:00.000000,USA,Midcontinent ISO,US-MIDW-MISO,470.98,548.38,25.1,11.39,eia.gov,false,""
2023-06-01T16:00:00.000000,USA,Midcontinent ISO,US-MIDW-MISO,474.38,551.99,24.66,11.95,eia.gov,false,""
2023-06-01T17:00:00.000000,USA,Midcontinent ISO,US-MIDW-MISO,470.13,547.49,25.11,13.11,eia.gov,false,""
2023-06-01T18:00:00.000000,USA,Midcontinent ISO,US-MIDW-MISO,465.03,541.81,25.91,14.27,eia.gov,false,""
2023-06-01T19:00:00.000000,USA,Midcontinent ISO,US-MIDW-MISO,462.76,539.79,25.9,14.63,eia.gov,false,""
2023-06-01T20:00:00.000000,USA,Midcontinent ISO,US-MIDW-MISO,469.17,547.22,24.78,13.78,eia.gov,false,""
2023-06-01T21:00:00.000000,USA,Midcontinent ISO,US-MIDW-MISO,473.0,550.47,24.89,13.85,eia.gov,false,""
2023-06-01T22:00:00.000000,USA,Midcontinent ISO,US-MIDW-MISO,469.89,547.29,25.08,13.91,eia.gov,false,""
2023-06-01T23:00:00.000000,USA,Midcontinent ISO,US-MIDW-MISO,467.72,544.5,25.55,14.22,eia.gov,false,""
2023-06-02T00:00:00.000000,USA,Midcontinent ISO,US-MIDW-MISO,472.76,550.14,24.69,12.95,eia.gov,false,""
2023-06-02T01:00:00.000000,USA,Midcontinent ISO,US-MIDW-MISO,485.22,563.82,22.97,10.6,eia.gov,false,""
2023-06-02T02:00:00.000000,USA,Midcontinent ISO,US-MIDW-MISO,487.15,565.02,23.34,10.41,eia.gov,false,""
2023-06-02T03:00:00.000000,USA,Midcontinent ISO,US-MIDW-MISO,479.35,555.71,24.86,10.9,eia.gov,false,""
2023-06-02T04:00:00.000000,USA,Midcontinent ISO,US-MIDW-MISO,465.37,539.82,27.11,11.97,eia.gov,false,""
2023-06-02T05:00:00.000000,USA,Midcontinent ISO,US-MIDW-MISO,452.68,526.49,28.42,12.63,eia.gov,false,""
2023-06-02T06:00:00.000000,USA,Midcontinent ISO,US-MIDW-MISO,442.19,515.06,29.65,12.36,eia.gov,false,""
2023-06-02T07:00:00.000000,USA,Midcontinent ISO,US-MIDW-MISO,433.46,505.37,30.86,12.89,eia.gov,false,""
2023-06-02T08:00:00.000000,USA,Midcontinent ISO,US-MIDW-MISO,427.78,498.53,32.0,13.49,eia.gov,false,""
2023-06-02T09:00:00.000000,USA,Midcontinent ISO,US-MIDW-MISO,429.41,501.0,31.34,12.91,eia.gov,false,""
2023-06-02T10:00:00.000000,USA,Midcontinent ISO,US-MIDW-MISO,435.24,507.97,30.25,12.56,eia.gov,false,""
2023-06-02T11:00:00.000000,USA,Midcontinent ISO,US-MIDW-MISO,442.25,515.53,29.6,13.35,eia.gov,false,""
2023-06-02T12:00:00.000000,USA,Midcontinent ISO,US-MIDW-MISO,453.24,528.1,27.97,12.64,eia.gov,false,""
2023-06-02T13:00:00.000000,USA,Midcontinent ISO,US-MIDW-MISO,469.39,546.28,25.58,11.12,eia.gov,false,""
2023-06-02T14:00:00.000000,USA,Midcontinent ISO,US-MIDW-MISO,481.94,560.5,23.59,9.79,eia.gov,false,""
2023-06-02T15:00:00.000000,USA,Midcontinent ISO,US-MIDW-MISO,481.14,560.55,23.07,9.75,eia.gov,false,""
2023-06-02T16:00:00.000000,USA,Midcontinent ISO,US-MIDW-MISO,478.06,556.84,23.73,11.33,eia.gov,false,""
2023-06-02T17:00:00.000000,USA,Midcontinent ISO,US-MIDW-MISO,470.93,549.55,24.3,12.49,eia.gov,false,""
2023-06-02T18:00:00.000000,USA,Midcontinent ISO,US-MIDW-MISO,464.54,542.91,24.89,13.51,eia.gov,false,""
2023-06-02T19:00:00.000000,USA,Midcontinent ISO,US-MIDW-MISO,462.21,540.27,25.26,14.3,eia.gov,false,""
2023-06-02T20:00:00.000000,USA,Midcontinent ISO,US-MIDW-MISO,465.56,543.58,25.06,14.35,eia.gov,false,""
2023-06-02T21:00:00.000000,USA,Midcontinent ISO,US-MIDW-MISO,471.51,549.77,24.5,13.88,eia.gov,false,""
2023-06-02T22:00:00.000000,USA,Midcontinent ISO,US-MIDW-MISO,483.03,562.03,23.19,12.43,eia.gov,false,""
2023-06-02T23:00:00.000000,USA,Midcontinent ISO,US-MIDW-MISO,494.06,573.92,21.8,10.71,eia.gov,false,""
2023-06-03T00:00:00.000000,USA,Midcontinent ISO,US-MIDW-MISO,488.75,568.05,22.41,10.73,eia.gov,false,""
2023-06-03T01:00:00.000000,USA,Midcontinent ISO,US-MIDW-MISO,479.11,558.25,23.06,10.65,eia.gov,false,""
2023-06-03T02:00:00.000000,USA,Midcontinent ISO,US-MIDW-MISO,476.31,554.42,23.91,10.76,eia.gov,false,""
2023-06-03T03:00:00.000000,USA,Midcontinent ISO,US-MIDW-MISO,467.06,543.31,25.74,11.71,eia.gov,false,""
2023-06-03T04:00:00.000000,USA,Midcontinent ISO,US-MIDW-MISO,455.13,529.93,27.49,12.23,eia.gov,false,""
2023-06-03T05:00:00.000000,USA,Midcontinent ISO,US-MIDW-MISO,438.9,511.64,30.05,13.52,eia.gov,false,""
2023-06-03T06:00:00.000000,USA,Midcontinent ISO,US-MIDW-MISO,433.06,505.38,30.64,12.17,eia.gov,false,""
2023-06-03T07:00:00.000000,USA,Midcontinent ISO,US-MIDW-MISO,430.02,501.22,31.6,12.39,eia.gov,false,""
2023-06-03T08:00:00.000000,USA,Midcontinent ISO,US-MIDW-MISO,423.5,493.09,33.11,13.12,eia.gov,false,""
2023-06-03T09:00:00.000000,USA,Midcontinent ISO,US-MIDW-MISO,423.0,492.14,33.5,13.22,eia.gov,false,""
2023-06-03T10:00:00.000000,USA,Midcontinent ISO,US-MIDW-MISO,422.59,491.24,33.88,13.31,eia.gov,false,""
2023-06-03T11:00:00.000000,USA,Midcontinent ISO,US-MIDW-MISO,415.25,483.16,35.05,14.78,eia.gov,false,""
2023-06-03T12:00:00.000000,USA,Midcontinent ISO,US-MIDW-MISO,419.05,490.08,32.92,13.92,eia.gov,false,""
2023-06-03T13:00:00.000000,USA,Midcontinent ISO,US-MIDW-MISO,440.45,516.07,28.48,10.82,eia.gov,false,""
2023-06-03T14:00:00.000000,USA,Midcontinent ISO,US-MIDW-MISO,461.74,539.08,25.86,9.56,eia.gov,false,""
2023-06-03T15:00:00.000000,USA,Midcontinent ISO,US-MIDW-MISO,479.03,556.91,24.29,9.32,eia.gov,false,""
2023-06-03T16:00:00.000000,USA,Midcontinent ISO,US-MIDW-MISO,485.92,563.37,24.07,10.03,eia.gov,false,""
2023-06-03T17:00:00.000000,USA,Midcontinent ISO,US-MIDW-MISO,481.14,557.33,25.24,11.92,eia.gov,false,""
2023-06-03T18:00:00.000000,USA,Midcontinent ISO,US-MIDW-MISO,477.0,552.69,25.84,13.05,eia.gov,false,""
2023-06-03T19:00:00.000000,USA,Midcontinent ISO,US-MIDW-MISO,470.91,545.8,26.81,14.44,eia.gov,false,""
2023-06-03T20:00:00.000000,USA,Midcontinent ISO,US-MIDW-MISO,466.31,540.49,27.57,15.52,eia.gov,false,""
2023-06-03T21:00:00.000000,USA,Midcontinent ISO,US-MIDW-MISO,464.17,538.26,27.75,15.69,eia.gov,false,""
2023-06-03T22:00:00.000000,USA,Midcontinent ISO,US-MIDW-MISO,457.77,531.42,28.44,16.1,eia.gov,false,""
2023-06-03T23:00:00.000000,USA,Midcontinent ISO,US-MIDW-MISO,453.78,527.7,28.45,15.41,eia.gov,false,""
2023-06-04T00:00:00.000000,USA,Midcontinent ISO,US-MIDW-MISO,468.52,543.83,26.41,12.78,eia.gov,false,""
2023-06-04T01:00:00.000000,USA,Midcontinent ISO,US-MIDW-MISO,474.77,550.85,25.4,11.04,eia.gov,false,""
2023-06-04T02:00:00.000000,USA,Midcontinent ISO,US-MIDW-MISO,468.4,544.0,26.15,10.85,eia.gov,false,""
2023-06-04T03:00:00.000000,USA,Midcontinent ISO,US-MIDW-MISO,463.39,537.34,27.59,10.95,eia.gov,false,""
2023-06-04T04:00:00.000000,USA,Midcontinent ISO,US-MIDW-MISO,447.53,519.68,29.89,12.21,eia.gov,false,""
2023-06-04T05:00:00.000000,USA,Midcontinent ISO,US-MIDW-MISO,434.79,505.23,31.77,12.46,eia.gov,false,""
2023-06-04T06:00:00.000000,USA,Midcontinent ISO,US-MIDW-MISO,424.93,493.79,33.46,12.7,eia.gov,false,""
2023-06-04T07:00:00.000000,USA,Midcontinent ISO,US-MIDW-MISO,421.96,489.2,34.77,12.97,eia.gov,false,""
2023-06-04T08:00:00.000000,USA,Midcontinent ISO,US-MIDW-MISO,420.09,486.1,35.74,13.17,eia.gov,false,""
2023-06-04T09:00:00.000000,USA,Midcontinent ISO,US-MIDW-MISO,419.04,483.73,36.71,13.54,eia.gov,false,""
2023-06-04T10:00:00.000000,USA,Midcontinent ISO,US-MIDW-MISO,425.28,491.1,35.54,12.44,eia.gov,false,""
2023-06-04T11:00:00.000000,USA,Midcontinent ISO,US-MIDW-MISO,427.2,493.27,35.36,12.41,eia.gov,false,""
2023-06-04T12:00:00.000000,USA,Midcontinent ISO,US-MIDW-MISO,423.89,491.48,34.87,13.13,eia.gov,false,""
2023-06-04T13:00:00.000000,USA,Midcontinent ISO,US-MIDW-MISO,426.37,497.35,32.52,12.17,eia.gov,false,""
2023-06-04T14:00:00.000000,USA,Midcontinent ISO,US-MIDW-MISO,436.51,510.11,30.06,10.95,eia.gov,false,""
2023-06-04T15:00:00.000000,USA,Midcontinent ISO,US-MIDW-MISO,454.45,529.17,28.06,10.36,eia.gov,false,""
2023-06-04T16:00:00.000000,USA,Midcontinent ISO,US-MIDW-MISO,463.17,538.32,27.16,10.39,eia.gov,false,""
2023-06-04T17:00:00.000000,USA,Midcontinent ISO,US-MIDW-MISO,460.93,536.56,26.96,10.87,eia.gov,false,""
2023-06-04T18:00:00.000000,USA,Midcontinent ISO,US-MIDW-MISO,456.96,532.08,27.55,12.0,eia.gov,false,""
2023-06-04T19:00:00.000000,USA,Midcontinent ISO,US-MIDW-MISO,452.89,527.86,27.92,12.72,eia.gov,false,""
2023-06-04T20:00:00.000000,USA,Midcontinent ISO,US-MIDW-MISO,450.61,525.14,28.44,13.54,eia.gov,false,""
2023-06-04T21:00:00.000000,USA,Midcontinent ISO,US-MIDW-MISO,441.56,515.41,29.52,14.86,eia.gov,false,""
2023-06-04T22:00:00.000000,USA,Midcontinent ISO,US-MIDW-MISO,449.38,523.96,28.48,13.93,eia.gov,false,""
2023-06-04T23:00:00.000000,USA,Midcontinent ISO,US-MIDW-MISO,471.83,547.47,26.18,11.41,eia.gov,false,""
2023-06-05T00:00:00.000000,USA,Midcontinent ISO,US-MIDW-MISO,485.66,562.86,24.09,8.75,eia.gov,false,""
2023-06-05T01:00:00.000000,USA,Midcontinent ISO,US-MIDW-MISO,482.97,560.28,24.08,8.2,eia.gov,false,""
2023-06-05T02:00:00.000000,USA,Midcontinent ISO,US-MIDW-MISO,462.72,538.9,26.13,9.35,eia.gov,false,""
2023-06-05T03:00:00.000000,USA,Midcontinent ISO,US-MIDW-MISO,461.56,536.65,26.89,8.85,eia.gov,false,""
2023-06-05T04:00:00.000000,USA,Midcontinent ISO,US-MIDW-MISO,465.3,540.06,26.87,7.95,eia.gov,false,""
2023-06-05T05:00:00.000000,USA,Midcontinent ISO,US-MIDW-MISO,455.87,529.42,28.32,8.11,eia.gov,false,""
2023-06-05T06:00:00.000000,USA,Midcontinent ISO,US-MIDW-MISO,449.5,522.92,28.81,7.53,eia.gov,false,""
2023-06-05T07:00:00.000000,USA,Midcontinent ISO,US-MIDW-MISO,449.62,522.99,28.84,6.98,eia.gov,false,""
2023-06-05T08:00:00.000000,USA,Midcontinent ISO,US-MIDW-MISO,450.99,524.53,28.63,6.33,eia.gov,false,""
2023-06-05T09:00:00.000000,USA,Midcontinent ISO,US-MIDW-MISO,453.67,527.48,28.33,6.5,eia.gov,false,""
2023-06-05T10:00:00.000000,USA,Midcontinent ISO,US-MIDW-MISO,457.08,531.24,27.98,7.32,eia.gov,false,""
2023-06-05T11:00:00.000000,USA,Midcontinent ISO,US-MIDW-MISO,461.87,536.59,27.34,7.69,eia.gov,false,""
2023-06-05T12:00:00.000000,USA,Midcontinent ISO,US-MIDW-MISO,468.52,544.05,26.44,7.8,eia.gov,false,""
2023-06-05T13:00:00.000000,USA,Midcontinent ISO,US-MIDW-MISO,477.9,555.38,24.54,6.88,eia.gov,false,""
2023-06-05T14:00:00.000000,USA,Midcontinent ISO,US-MIDW-MISO,480.08,558.23,23.98,6.88,eia.gov,false,""
2023-06-05T15:00:00.000000,USA,Midcontinent ISO,US-MIDW-MISO,486.98,565.66,23.17,6.8,eia.gov,false,""
2023-06-05T16:00:00.000000,USA,Midcontinent ISO,US-MIDW-MISO,491.2,570.13,22.71,6.91,eia.gov,false,""
2023-06-05T17:00:00.000000,USA,Midcontinent ISO,US-MIDW-MISO,491.64,571.02,22.36,7.15,eia.gov,false,""
2023-06-05T18:00:00.000000,USA,Midcontinent ISO,US-MIDW-MISO,487.57,567.01,22.65,8.09,eia.gov,false,""
2023-06-05T19:00:00.000000,USA,Midcontinent ISO,US-MIDW-MISO,483.5,563.07,22.86,8.62,eia.gov,false,""
2023-06-05T20:00:00.000000,USA,Midcontinent ISO,US-MIDW-MISO,485.39,565.09,22.65,8.89,eia.gov,false,""
2023-06-05T21:00:00.000000,USA,Midcontinent ISO,US-MIDW-MISO,488.17,567.94,22.41,9.02,eia.gov,false,""
2023-06-05T22:00:00.000000,USA,Midcontinent ISO,US-MIDW-MISO,484.01,563.51,22.84,9.34,eia.gov,false,""
2023-06-05T23:00:00.000000,USA,Midcontinent ISO,US-MIDW-MISO,484.57,564.21,22.62,8.76,eia.gov,false,""
2023-06-06T00:00:00.000000,USA,Midcontinent ISO,US-MIDW-MISO,488.46,568.14,22.23,7.96,eia.gov,false,""
2023-06-06T01:00:00.000000,USA,Midcontinent ISO,US-MIDW-MISO,492.61,572.28,21.85,7.06,eia.gov,false,""
2023-06-06T02:00:00.000000,USA,Midcontinent ISO,US-MIDW-MISO,484.06,562.87,22.96,7.31,eia.gov,false,""
2023-06-06T03:00:00.000000,USA,Midcontinent ISO,US-MIDW-MISO,476.47,553.69,24.52,7.69,eia.gov,false,""
2023-06-06T04:00:00.000000,USA,Midcontinent ISO,US-MIDW-MISO,468.93,544.74,25.99,8.1,eia.gov,false,""
2023-06-06T05:00:00.000000,USA,Midcontinent ISO,US-MIDW-MISO,458.74,533.25,27.54,8.47,eia.gov,false,""
2023-06-06T06:00:00.000000,USA,Midcontinent ISO,US-MIDW-MISO,448.28,521.58,29.0,8.6,eia.gov,false,""
2023-06-06T07:00:00.000000,USA,Midcontinent ISO,US-MIDW-MISO,440.71,513.14,30.07,9.17,eia.gov,false,""
2023-06-06T08:00:00.000000,USA,Midcontinent ISO,US-MIDW-MISO,435.34,506.55,31.22,10.03,eia.gov,false,""
2023-06-06T09:00:00.000000,USA,Midcontinent ISO,US-MIDW-MISO,435.67,507.11,31.04,10.27,eia.gov,false,""
2023-06-06T10:00:00.000000,USA,Midcontinent ISO,US-MIDW-MISO,438.6,510.36,30.73,10.98,eia.gov,false,""
2023-06-06T11:00:00.000000,USA,Midcontinent ISO,US-MIDW-MISO,449.14,521.89,29.5,11.06,eia.gov,false,""
2023-06-06T12:00:00.000000,USA,Midcontinent ISO,US-MIDW-MISO,467.72,541.5,27.63,10.12,eia.gov,false,""
2023-06-06T13:00:00.000000,USA,Midcontinent ISO,US-MIDW-MISO,479.14,554.6,25.84,9.09,eia.gov,false,""
2023-06-06T14:00:00.000000,USA,Midcontinent ISO,US-MIDW-MISO,489.58,566.34,24.3,8.25,eia.gov,false,""
2023-06-06T15:00:00.000000,USA,Midcontinent ISO,US-MIDW-MISO,490.39,567.69,23.9,8.3,eia.gov,false,""
2023-06-06T16:00:00.000000,USA,Midcontinent ISO,US-MIDW-MISO,491.12,568.53,23.76,8.4,eia.gov,false,""
2023-06-06T17:00:00.000000,USA,Midcontinent ISO,US-MIDW-MISO,495.0,572.38,23.51,8.71,eia.gov,false,""
2023-06-06T18:00:00.000000,USA,Midcontinent ISO,US-MIDW-MISO,498.6,575.71,23.44,9.05,eia.gov,false,""
2023-06-06T19:00:00.000000,USA,Midcontinent ISO,US-MIDW-MISO,496.74,573.32,23.95,10.12,eia.gov,false,""
2023-06-06T20:00:00.000000,USA,Midcontinent ISO,US-MIDW-MISO,495.72,571.83,24.31,10.6,eia.gov,false,""
2023-06-06T21:00:00.000000,USA,Midcontinent ISO,US-MIDW-MISO,495.09,570.82,24.58,10.97,eia.gov,false,""
2023-06-06T22:00:00.000000,USA,Midcontinent ISO,US-MIDW-MISO,501.43,577.92,23.6,9.75,eia.gov,false,""
2023-06-06T23:00:00.000000,USA,Midcontinent ISO,US-MIDW-MISO,504.78,582.19,22.67,8.4,eia.gov,false,""
2023-06-07T00:00:00.000000,USA,Midcontinent ISO,US-MIDW-MISO,512.33,590.88,21.29,6.65,eia.gov,false,""
2023-06-07T01:00:00.000000,USA,Midcontinent ISO,US-MIDW-MISO,513.23,591.9,21.12,5.92,eia.gov,false,""
2023-06-07T02:00:00.000000,USA,Midcontinent ISO,US-MIDW-MISO,503.65,581.64,22.22,6.38,eia.gov,false,""
2023-06-07T03:00:00.000000,USA,Midcontinent ISO,US-MIDW-MISO,487.63,564.64,23.94,7.01,eia.gov,false,""
2023-06-07T04:00:00.000000,USA,Midcontinent ISO,US-MIDW-MISO,477.87,553.28,25.66,7.69,eia.gov,false,""
2023-06-07T05:00:00.000000,USA,Midcontinent ISO,US-MIDW-MISO,479.83,554.66,25.79,6.88,eia.gov,false,""
2023-06-07T06:00:00.000000,USA,Midcontinent ISO,US-MIDW-MISO,465.32,539.23,27.37,7.28,eia.gov,false,""
2023-06-07T07:00:00.000000,USA,Midcontinent ISO,US-MIDW-MISO,458.37,531.45,28.39,7.88,eia.gov,false,""
2023-06-07T08:00:00.000000,USA,Midcontinent ISO,US-MIDW-MISO,451.39,523.71,29.37,8.7,eia.gov,false,""
2023-06-07T09:00:00.000000,USA,Midcontinent ISO,US-MIDW-MISO,461.3,533.96,28.47,8.57,eia.gov,false,""
2023-06-07T10:00:00.000000,USA,Midcontinent ISO,US-MIDW-MISO,462.04,533.65,29.11,9.93,eia.gov,false,""
2023-06-07T11:00:00.000000,USA,Midcontinent ISO,US-MIDW-MISO,454.68,526.01,29.97,11.96,eia.gov,false,""
2023-06-07T12:00:00.000000,USA,Midcontinent ISO,US-MIDW-MISO,470.27,542.6,28.4,11.2,eia.gov,false,""
2023-06-07T13:00:00.000000,USA,Midcontinent ISO,US-MIDW-MISO,486.89,560.73,26.34,9.86,eia.gov,false,""
2023-06-07T14:00:00.000000,USA,Midcontinent ISO,US-MIDW-MISO,487.72,562.17,25.89,9.7,eia.gov,false,""
2023-06-07T15:00:00.000000,USA,Midcontinent ISO,US-MIDW-MISO,488.75,563.77,25.46,10.15,eia.gov,false,""
2023-06-07T16:00:00.000000,USA,Midcontinent ISO,US-MIDW-MISO,485.4,560.41,25.69,10.67,eia.gov,false,""
2023-06-07T17:00:00.000000,USA,Midcontinent ISO,US-MIDW-MISO,486.69,561.7,25.63,11.02,eia.gov,false,""
2023-06-07T18:00:00.000000,USA,Midcontinent ISO,US-MIDW-MISO,487.84,562.99,25.54,11.43,eia.gov,false,""
2023-06-07T19:00:00.000000,USA,Midcontinent ISO,US-MIDW-MISO,492.28,567.92,24.95,11.21,eia.gov,false,""
2023-06-07T20:00:00.000000,USA,Midcontinent ISO,US-MIDW-MISO,493.22,568.47,25.18,11.5,eia.gov,false,""
2023-06-07T21:00:00.000000,USA,Midcontinent ISO,US-MIDW-MISO,492.47,567.55,25.36,11.77,eia.gov,false,""
2023-06-07T22:00:00.000000,USA,Midcontinent ISO,US-MIDW-MISO,491.34,566.43,25.36,11.73,eia.gov,false,""
2023-06-07T23:00:00.000000,USA,Midcontinent ISO,US-MIDW-MISO,492.26,567.6,25.0,11.05,eia.gov,false,""
2023-06-08T00:00:00.000000,USA,Midcontinent ISO,US-MIDW-MISO,499.74,575.72,23.89,9.28,eia.gov,false,""
2023-06-08T01:00:00.000000,USA,Midcontinent ISO,US-MIDW-MISO,491.05,566.47,24.77,9.48,eia.gov,false,""
2023-06-08T02:00:00.000000,USA,Midcontinent ISO,US-MIDW-MISO,474.92,548.82,26.85,11.11,eia.gov,false,""
2023-06-08T03:00:00.000000,USA,Midcontinent ISO,US-MIDW-MISO,458.88,531.5,28.68,11.97,eia.gov,false,""
2023-06-08T04:00:00.000000,USA,Midcontinent ISO,US-MIDW-MISO,439.99,511.44,30.67,12.73,eia.gov,false,""
2023-06-08T05:00:00.000000,USA,Midcontinent ISO,US-MIDW-MISO,422.13,492.64,32.51,13.29,eia.gov,false,""
2023-06-08T06:00:00.000000,USA,Midcontinent ISO,US-MIDW-MISO,411.24,480.56,34.04,13.67,eia.gov,false,""
2023-06-08T07:00:00.000000,USA,Midcontinent ISO,US-MIDW-MISO,402.15,470.39,35.37,14.17,eia.gov,false,""
2023-06-08T08:00:00.000000,USA,Midcontinent ISO,US-MIDW-MISO,404.38,472.83,35.08,13.71,eia.gov,false,""
2023-06-08T09:00:00.000000,USA,Midcontinent ISO,US-MIDW-MISO,405.08,474.07,34.67,13.94,eia.gov,false,""
2023-06-08T10:00:00.000000,USA,Midcontinent ISO,US-MIDW-MISO,410.5,479.92,34.0,14.17,eia.gov,false,""
2023-06-08T11:00:00.000000,USA,Midcontinent ISO,US-MIDW-MISO,411.69,481.07,34.13,14.84,eia.gov,false,""
2023-06-08T12:00:00.000000,USA,Midcontinent ISO,US-MIDW-MISO,419.67,489.97,33.21,14.62,eia.gov,false,""
2023-06-08T13:00:00.000000,USA,Midcontinent ISO,US-MIDW-MISO,441.16,514.01,30.15,12.29,eia.gov,false,""
2023-06-08T14:00:00.000000,USA,Midcontinent ISO,US-MIDW-MISO,457.01,531.41,28.08,10.73,eia.gov,false,""
2023-06-08T15:00:00.000000,USA,Midcontinent ISO,US-MIDW-MISO,470.72,545.92,26.61,10.01,eia.gov,false,""
2023-06-08T16:00:00.000000,USA,Midcontinent ISO,US-MIDW-MISO,475.67,550.96,26.2,10.4,eia.gov,false,""
2023-06-08T17:00:00.000000,USA,Midcontinent ISO,US-MIDW-MISO,481.03,556.86,25.49,10.32,eia.gov,false,""
2023-06-08T18:00:00.000000,USA,Midcontinent ISO,US-MIDW-MISO,485.77,561.65,25.17,10.46,eia.gov,false,""
2023-06-08T19:00:00.000000,USA,Midcontinent ISO,US-MIDW-MISO,483.73,559.64,25.37,11.03,eia.gov,false,""
2023-06-08T20:00:00.000000,USA,Midcontinent ISO,US-MIDW-MISO,483.89,559.75,25.41,11.12,eia.gov,false,""
2023-06-08T21:00:00.000000,USA,Midcontinent ISO,US-MIDW-MISO,479.69,555.28,25.86,11.64,eia.gov,false,""
2023-06-08T22:00:00.000000,USA,Midcontinent ISO,US-MIDW-MISO,478.24,553.76,25.96,11.66,eia.gov,false,""
2023-06-08T23:00:00.000000,USA,Midcontinent ISO,US-MIDW-MISO,476.5,551.81,26.11,11.52,eia.gov,false,""
2023-06-09T00:00:00.000000,USA,Midcontinent ISO,US-MIDW-MISO,476.46,552.41,25.53,10.35,eia.gov,false,""
2023-06-09T01:00:00.000000,USA,Midcontinent ISO,US-MIDW-MISO,479.94,556.17,24.96,9.15,eia.gov,false,""
2023-06-09T02:00:00.000000,USA,Midcontinent ISO,US-MIDW-MISO,469.86,544.95,26.36,9.8,eia.gov,false,""
2023-06-09T03:00:00.000000,USA,Midcontinent ISO,US-MIDW-MISO,462.88,537.3,27.23,9.53,eia.gov,false,""
2023-06-09T04:00:00.000000,USA,Midcontinent ISO,US-MIDW-MISO,454.59,527.95,28.48,9.5,eia.gov,false,""
2023-06-09T05:00:00.000000,USA,Midcontinent ISO,US-MIDW-MISO,447.11,519.14,29.85,9.61,eia.gov,false,""
2023-06-09T06:00:00.000000,USA,Midcontinent ISO,US-MIDW-MISO,436.66,508.26,30.84,9.34,eia.gov,false,""
2023-06-09T07:00:00.000000,USA,Midcontinent ISO,US-MIDW-MISO,429.97,501.36,31.43,9.17,eia.gov,false,""
2023-06-09T08:00:00.000000,USA,Midcontinent ISO,US-MIDW-MISO,430.53,502.14,31.23,8.77,eia.gov,false,""
2023-06-09T09:00:00.000000,USA,Midcontinent ISO,US-MIDW-MISO,443.73,515.99,29.92,7.96,eia.gov,false,""
2023-06-09T10:00:00.000000,USA,Midcontinent ISO,US-MIDW-MISO,446.47,519.19,29.43,7.96,eia.gov,false,""
2023-06-09T11:00:00.000000,USA,Midcontinent ISO,US-MIDW-MISO,435.46,507.57,30.79,10.46,eia.gov,false,""
2023-06-09T12:00:00.000000,USA,Midcontinent ISO,US-MIDW-MISO,441.21,513.78,30.31,10.84,eia.gov,false,""
2023-06-09T13:00:00.000000,USA,Midcontinent ISO,US-MIDW-MISO,450.32,524.24,28.89,10.16,eia.gov,false,""
2023-06-09T14:00:00.000000,USA,Midcontinent ISO,US-MIDW-MISO,449.93,525.06,28.11,10.19,eia.gov,false,""
2023-06-09T15:00:00.000000,USA,Midcontinent ISO,US-MIDW-MISO,449.22,525.26,27.53,10.37,eia.gov,false,""
2023-06-09T16:00:00.000000,USA,Midcontinent ISO,US-MIDW-MISO,450.71,527.27,27.05,10.64,eia.gov,false,""
2023-06-09T17:00:00.000000,USA,Midcontinent ISO,US-MIDW-MISO,455.08,532.02,26.54,10.87,eia.gov,false,""
2023-06-09T18:00:00.000000,USA,Midcontinent ISO,US-MIDW-MISO,459.23,535.82,26.5,11.23,eia.gov,false,""
2023-06-09T19:00:00.000000,USA,Midcontinent ISO,US-MIDW-MISO,464.16,540.62,26.32,11.44,eia.gov,false,""
2023-06-09T20:00:00.000000,USA,Midcontinent ISO,US-MIDW-MISO,467.91,544.07,26.32,11.97,eia.gov,false,""
2023-06-09T21:00:00.000000,USA,Midcontinent ISO,US-MIDW-MISO,474.23,550.87,25.58,11.47,eia.gov,false,""
2023-06-09T22:00:00.000000,USA,Midcontinent ISO,US-MIDW-MISO,481.97,559.12,24.64,10.61,eia.gov,false,""
2023-06-09T23:00:00.000000,USA,Midcontinent ISO,US-MIDW-MISO,487.58,564.95,24.01,9.8,eia.gov,false,""
2023-06-10T00:00:00.000000,USA,Midcontinent ISO,US-MIDW-MISO,494.95,573.29,22.68,7.64,eia.gov,false,""
2023-06-10T01:00:00.000000,USA,Midcontinent ISO,US-MIDW-MISO,493.55,572.42,22.29,6.7,eia.gov,false,""
2023-06-10T02:00:00.000000,USA,Midcontinent ISO,US-MIDW-MISO,488.34,565.6,23.69,7.69,eia.gov,false,""
2023-06-10T03:00:00.000000,USA,Midcontinent ISO,US-MIDW-MISO,485.82,561.37,24.95,8.07,eia.gov,false,""
2023-06-10T04:00:00.000000,USA,Midcontinent ISO,US-MIDW-MISO,474.09,548.54,26.43,8.79,eia.gov,false,""
2023-06-10T05:00:00.000000,USA,Midcontinent ISO,US-MIDW-MISO,458.92,531.97,28.38,9.84,eia.gov,false,""
2023-06-10T06:00:00.000000,USA,Midcontinent ISO,US-MIDW-MISO,436.68,508.46,30.74,10.87,eia.gov,false,""
2023-06-10T07:00:00.000000,USA,Midcontinent ISO,US-MIDW-MISO,423.49,494.74,31.99,11.43,eia.gov,false,""
2023-06-10T08:00:00.000000,USA,Midcontinent ISO,US-MIDW-MISO,416.82,487.44,32.86,12.16,eia.gov,false,""
2023-06-10T09:00:00.000000,USA,Midcontinent ISO,US-MIDW-MISO,421.3,492.68,32.05,11.09,eia.gov,false,""
2023-06-10T10:00:00.000000,USA,Midcontinent ISO,US-MIDW-MISO,435.19,507.59,30.45,9.35,eia.gov,false,""
2023-06-10T11:00:00.000000,USA,Midcontinent ISO,US-MIDW-MISO,439.92,512.09,30.36,9.53,eia.gov,false,""
2023-06-10T12:00:00.000000,USA,Midcontinent ISO,US-MIDW-MISO,440.42,512.83,30.29,10.32,eia.gov,false,""
2023-06-10T13:00:00.000000,USA,Midcontinent ISO,US-MIDW-MISO,442.17,515.51,29.64,10.32,eia.gov,false,""
2023-06-10T14:00:00.000000,USA,Midcontinent ISO,US-MIDW-MISO,444.25,518.79,28.76,10.64,eia.gov,false,""
2023-06-10T15:00:00.000000,USA,Midcontinent ISO,US-MIDW-MISO,440.27,515.42,28.64,11.49,eia.gov,false,""
2023-06-10T16:00:00.000000,USA,Midcontinent ISO,US-MIDW-MISO,442.31,517.47,28.53,12.27,eia.gov,false,""
2023-06-10T17:00:00.000000,USA,Midcontinent ISO,US-MIDW-MISO,445.72,521.04,28.18,12.67,eia.gov,false,""
2023-06-10T18:00:00.000000,USA,Midcontinent ISO,US-MIDW-MISO,437.2,511.81,29.32,14.45,eia.gov,false,""
2023-06-10T19:00:00.000000,USA,Midcontinent ISO,US-MIDW-MISO,441.59,515.95,29.17,14.69,eia.gov,false,""
2023-06-10T20:00:00.000000,USA,Midcontinent ISO,US-MIDW-MISO,445.11,519.2,29.12,15.1,eia.gov,false,""
2023-06-10T21:00:00.000000,USA,Midcontinent ISO,US-MIDW-MISO,445.4,518.98,29.4,15.56,eia.gov,false,""
2023-06-10T22:00:00.000000,USA,Midcontinent ISO,US-MIDW-MISO,453.72,527.92,28.36,14.51,eia.gov,false,""
2023-06-10T23:00:00.000000,USA,Midcontinent ISO,US-MIDW-MISO,461.86,536.96,27.09,12.78,eia.gov,false,""
2023-06-11T00:00:00.000000,USA,Midcontinent ISO,US-MIDW-MISO,469.55,545.26,26.05,11.25,eia.gov,false,""
2023-06-11T01:00:00.000000,USA,Midcontinent ISO,US-MIDW-MISO,470.13,546.0,25.78,10.32,eia.gov,false,""
2023-06-11T02:00:00.000000,USA,Midcontinent ISO,US-MIDW-MISO,451.12,524.86,28.49,12.37,eia.gov,false,""
2023-06-11T03:00:00.000000,USA,Midcontinent ISO,US-MIDW-MISO,424.56,494.41,32.85,15.69,eia.gov,false,""
2023-06-11T04:00:00.000000,USA,Midcontinent ISO,US-MIDW-MISO,385.5,450.71,38.55,20.08,eia.gov,false,""
2023-06-11T05:00:00.000000,USA,Midcontinent ISO,US-MIDW-MISO,370.57,433.18,41.21,22.05,eia.gov,false,""
2023-06-11T06:00:00.000000,USA,Midcontinent ISO,US-MIDW-MISO,354.85,414.29,44.44,24.15,eia.gov,false,""
2023-06-11T07:00:00.000000,USA,Midcontinent ISO,US-MIDW-MISO,348.86,406.34,46.16,25.08,eia.gov,false,""
2023-06-11T08:00:00.000000,USA,Midcontinent ISO,US-MIDW-MISO,352.9,410.46,45.86,24.29,eia.gov,false,""
2023-06-11T09:00:00.000000,USA,Midcontinent ISO,US-MIDW-MISO,355.0,412.83,45.49,23.78,eia.gov,false,""
2023-06-11T10:00:00.000000,USA,Midcontinent ISO,US-MIDW-MISO,354.58,412.22,45.66,24.0,eia.gov,false,""
2023-06-11T11:00:00.000000,USA,Midcontinent ISO,US-MIDW-MISO,351.52,407.8,46.9,25.49,eia.gov,false,""
2023-06-11T12:00:00.000000,USA,Midcontinent ISO,US-MIDW-MISO,347.19,403.55,47.18,26.12,eia.gov,false,""
2023-06-11T13:00:00.000000,USA,Midcontinent ISO,US-MIDW-MISO,345.42,403.16,46.43,26.52,eia.gov,false,""
2023-06-11T14:00:00.000000,USA,Midcontinent ISO,US-MIDW-MISO,344.99,404.05,45.6,26.69,eia.gov,false,""
2023-06-11T15:00:00.000000,USA,Midcontinent ISO,US-MIDW-MISO,350.61,411.44,44.05,26.49,eia.gov,false,""
2023-06-11T16:00:00.000000,USA,Midcontinent ISO,US-MIDW-MISO,351.24,413.27,43.23,26.39,eia.gov,false,""
2023-06-11T17:00:00.000000,USA,Midcontinent ISO,US-MIDW-MISO,347.39,409.52,43.46,27.25,eia.gov,false,""
2023-06-11T18:00:00.000000,USA,Midcontinent ISO,US-MIDW-MISO,352.16,415.82,42.1,26.61,eia.gov,false,""
2023-06-11T19:00:00.000000,USA,Midcontinent ISO,US-MIDW-MISO,356.36,420.82,41.32,26.18,eia.gov,false,""
2023-06-11T20:00:00.000000,USA,Midcontinent ISO,US-MIDW-MISO,368.75,434.68,39.55,24.78,eia.gov,false,""
2023-06-11T21:00:00.000000,USA,Midcontinent ISO,US-MIDW-MISO,383.96,451.29,37.59,22.7,eia.gov,false,""
2023-06-11T22:00:00.000000,USA,Midcontinent ISO,US-MIDW-MISO,405.5,474.45,35.04,20.32,eia.gov,false,""
2023-06-11T23:00:00.000000,USA,Midcontinent ISO,US-MIDW-MISO,419.63,489.89,33.13,17.99,eia.gov,false,""
2023-06-12T00:00:00.000000,USA,Midcontinent ISO,US-MIDW-MISO,424.83,496.18,31.99,16.16,eia.gov,false,""
2023-06-12T01:00:00.000000,USA,Midcontinent ISO,US-MIDW-MISO,433.24,505.75,30.61,14.16,eia.gov,false,""
2023-06-12T02:00:00.000000,USA,Midcontinent ISO,US-MIDW-MISO,431.78,504.17,30.77,13.98,eia.gov,false,""
2023-06-12T03:00:00.000000,USA,Midcontinent ISO,US-MIDW-MISO,421.3,492.56,32.17,14.63,eia.gov,false,""
2023-06-12T04:00:00.000000,USA,Midcontinent ISO,US-MIDW-MISO,410.53,481.15,33.31,14.8,eia.gov,false,""
2023-06-12T05:00:00.000000,USA,Midcontinent ISO,US-MIDW-MISO,402.23,472.99,33.8,14.37,eia.gov,false,""
2023-06-12T06:00:00.000000,USA,Midcontinent ISO,US-MIDW-MISO,401.12,471.88,33.92,13.73,eia.gov,false,""
2023-06-12T07:00:00.000000,USA,Midcontinent ISO,US-MIDW-MISO,408.52,480.3,32.76,12.01,eia.gov,false,""
2023-06-12T08:00:00.000000,USA,Midcontinent ISO,US-MIDW-MISO,410.03,482.23,32.39,11.07,eia.gov,false,""
2023-06-12T09:00:00.000000,USA,Midcontinent ISO,US-MIDW-MISO,413.32,486.06,31.81,11.05,eia.gov,false,""
2023-06-12T10:00:00.000000,USA,Midcontinent ISO,US-MIDW-MISO,416.76,489.53,31.58,11.95,eia.gov,false,""
2023-06-12T11:00:00.000000,USA,Midcontinent ISO,US-MIDW-MISO,423.35,496.22,31.08,12.6,eia.gov,false,""
2023-06-12T12:00:00.000000,USA,Midcontinent ISO,US-MIDW-MISO,425.71,499.0,30.72,13.31,eia.gov,false,""
2023-06-12T13:00:00.000000,USA,Midcontinent ISO,US-MIDW-MISO,432.63,507.61,29.17,12.27,eia.gov,false,""
2023-06-12T14:00:00.000000,USA,Midcontinent ISO,US-MIDW-MISO,430.85,505.69,29.44,13.19,eia.gov,false,""
2023-06-12T15:00:00.000000,USA,Midcontinent ISO,US-MIDW-MISO,418.16,492.08,30.93,15.2,eia.gov,false,""
2023-06-12T16:00:00.000000,USA,Midcontinent ISO,US-MIDW-MISO,417.84,492.14,30.7,15.47,eia.gov,false,""
2023-06-12T17:00:00.000000,USA,Midcontinent ISO,US-MIDW-MISO,423.84,498.7,29.92,15.02,eia.gov,false,""
2023-06-12T18:00:00.000000,USA,Midcontinent ISO,US-MIDW-MISO,429.16,503.91,29.63,15.05,eia.gov,false,""
2023-06-12T19:00:00.000000,USA,Midcontinent ISO,US-MIDW-MISO,431.7,506.68,29.27,14.74,eia.gov,false,""
2023-06-12T20:00:00.000000,USA,Midcontinent ISO,US-MIDW-MISO,429.32,504.24,29.46,14.92,eia.gov,false,""
2023-06-12T21:00:00.000000,USA,Midcontinent ISO,US-MIDW-MISO,418.22,492.31,30.82,16.35,eia.gov,false,""
2023-06-12T22:00:00.000000,USA,Midcontinent ISO,US-MIDW-MISO,417.23,490.87,31.17,16.71,eia.gov,false,""
2023-06-12T23:00:00.000000,USA,Midcontinent ISO,US-MIDW-MISO,422.71,496.87,30.4,15.53,eia.gov,false,""
2023-06-13T00:00:00.000000,USA,Midcontinent ISO,US-MIDW-MISO,446.33,522.29,27.51,12.25,eia.gov,false,""
2023-06-13T01:00:00.000000,USA,Midcontinent ISO,US-MIDW-MISO,461.15,538.5,25.52,9.78,eia.gov,false,""
2023-06-13T02:00:00.000000,USA,Midcontinent ISO,US-MIDW-MISO,450.0,526.28,26.92,10.76,eia.gov,false,""
2023-06-13T03:00:00.000000,USA,Midcontinent ISO,US-MIDW-MISO,422.46,494.7,31.42,14.18,eia.gov,false,""
2023-06-13T04:00:00.000000,USA,Midcontinent ISO,US-MIDW-MISO,389.9,458.11,36.31,18.13,eia.gov,false,""
2023-06-13T05:00:00.000000,USA,Midcontinent ISO,US-MIDW-MISO,367.5,431.66,40.5,21.04,eia.gov,false,""
2023-06-13T06:00:00.000000,USA,Midcontinent ISO,US-MIDW-MISO,357.68,419.88,42.35,21.67,eia.gov,false,""
2023-06-13T07:00:00.000000,USA,Midcontinent ISO,US-MIDW-MISO,351.06,411.37,44.06,22.65,eia.gov,false,""
2023-06-13T08:00:00.000000,USA,Midcontinent ISO,US-MIDW-MISO,349.05,408.58,44.72,23.11,eia.gov,false,""
2023-06-13T09:00:00.000000,USA,Midcontinent ISO,US-MIDW-MISO,345.7,404.3,45.56,24.28,eia.gov,false,""
2023-06-13T10:00:00.000000,USA,Midcontinent ISO,US-MIDW-MISO,349.56,410.04,44.06,23.83,eia.gov,false,""
2023-06-13T11:00:00.000000,USA,Midcontinent ISO,US-MIDW-MISO,357.6,420.67,41.94,22.85,eia.gov,false,""
2023-06-13T12:00:00.000000,USA,Midcontinent ISO,US-MIDW-MISO,382.22,449.43,37.66,19.4,eia.gov,false,""
2023-06-13T13:00:00.000000,USA,Midcontinent ISO,US-MIDW-MISO,411.72,482.9,33.14,15.13,eia.gov,false,""
2023-06-13T14:00:00.000000,USA,Midcontinent ISO,US-MIDW-MISO,426.74,499.52,31.08,13.6,eia.gov,false,""
2023-06-13T15:00:00.000000,USA,Midcontinent ISO,US-MIDW-MISO,421.49,493.7,31.82,14.86,eia.gov,false,""
2023-06-13T16:00:00.000000,USA,Midcontinent ISO,US-MIDW-MISO,413.26,484.82,32.77,16.59,eia.gov,false,""
2023-06-13T17:00:00.000000,USA,Midcontinent ISO,US-MIDW-MISO,415.38,486.81,32.68,16.99,eia.gov,false,""
2023-06-13T18:00:00.000000,USA,Midcontinent ISO,US-MIDW-MISO,423.36,495.3,31.78,16.54,eia.gov,false,""
2023-06-13T19:00:00.000000,USA,Midcontinent ISO,US-MIDW-MISO,418.49,490.21,32.3,17.31,eia.gov,false,""
2023-06-13T20:00:00.000000,USA,Midcontinent ISO,US-MIDW-MISO,409.4,480.36,33.5,18.76,eia.gov,false,""
2023-06-13T21:00:00.000000,USA,Midcontinent ISO,US-MIDW-MISO,411.8,482.97,33.18,18.61,eia.gov,false,""
2023-06-13T22:00:00.000000,USA,Midcontinent ISO,US-MIDW-MISO,430.97,503.24,31.12,16.68,eia.gov,false,""
2023-06-13T23:00:00.000000,USA,Midcontinent ISO,US-MIDW-MISO,451.41,525.36,28.57,13.9,eia.gov,false,""
2023-06-14T00:00:00.000000,USA,Midcontinent ISO,US-MIDW-MISO,464.0,539.34,26.73,11.76,eia.gov,false,""
2023-06-14T01:00:00.000000,USA,Midcontinent ISO,US-MIDW-MISO,455.65,530.99,27.22,11.57,eia.gov,false,""
2023-06-14T02:00:00.000000,USA,Midcontinent ISO,US-MIDW-MISO,443.27,517.47,28.75,12.49,eia.gov,false,""
2023-06-14T03:00:00.000000,USA,Midcontinent ISO,US-MIDW-MISO,425.3,497.46,31.3,14.07,eia.gov,false,""
2023-06-14T04:00:00.000000,USA,Midcontinent ISO,US-MIDW-MISO,419.16,490.69,32.14,14.08,eia.gov,false,""
2023-06-14T05:00:00.000000,USA,Midcontinent ISO,US-MIDW-MISO,408.04,478.62,33.59,14.16,eia.gov,false,""
2023-06-14T06:00:00.000000,USA,Midcontinent ISO,US-MIDW-MISO,398.72,468.68,34.65,13.89,eia.gov,false,""
2023-06-14T07:00:00.000000,USA,Midcontinent ISO,US-MIDW-MISO,398.63,468.61,34.62,13.08,eia.gov,false,""
2023-06-14T08:00:00.000000,USA,Midcontinent ISO,US-MIDW-MISO,402.33,472.72,34.11,12.21,eia.gov,false,""
2023-06-14T09:00:00.000000,USA,Midcontinent ISO,US-MIDW-MISO,408.96,480.99,32.57,11.21,eia.gov,false,""
2023-06-14T10:00:00.000000,USA,Midcontinent ISO,US-MIDW-MISO,426.09,500.07,30.13,10.26,eia.gov,false,""
2023-06-14T11:00:00.000000,USA,Midcontinent ISO,US-MIDW-MISO,438.85,513.96,28.56,9.79,eia.gov,false,""
2023-06-14T12:00:00.000000,USA,Midcontinent ISO,US-MIDW-MISO,449.43,525.46,27.28,9.65,eia.gov,false,""
2023-06-14T13:00:00.000000,USA,Midcontinent ISO,US-MIDW-MISO,465.39,543.45,24.93,8.16,eia.gov,false,""
2023-06-14T14:00:00.000000,USA,Midcontinent ISO,US-MIDW-MISO,481.16,560.04,23.36,7.26,eia.gov,false,""
2023-06-14T15:00:00.000000,USA,Midcontinent ISO,US-MIDW-MISO,483.97,563.2,22.96,7.55,eia.gov,false,""
2023-06-14T16:00:00.000000,USA,Midcontinent ISO,US-MIDW-MISO,486.53,565.93,22.67,7.65,eia.gov,false,""
2023-06-14T17:00:00.000000,USA,Midcontinent ISO,US-MIDW-MISO,490.84,570.87,21.95,7.29,eia.gov,false,""
2023-06-14T18:00:00.000000,USA,Midcontinent ISO,US-MIDW-MISO,492.71,572.76,21.83,7.47,eia.gov,false,""
2023-06-14T19:00:00.000000,USA,Midcontinent ISO,US-MIDW-MISO,487.05,566.43,22.78,8.74,eia.gov,false,""
2023-06-14T20:00:00.000000,USA,Midcontinent ISO,US-MIDW-MISO,489.02,568.28,22.74,9.03,eia.gov,false,""
2023-06-14T21:00:00.000000,USA,Midcontinent ISO,US-MIDW-MISO,491.65,570.9,22.57,8.91,eia.gov,false,""
2023-06-14T22:00:00.000000,USA,Midcontinent ISO,US-MIDW-MISO,495.59,575.19,22.0,8.27,eia.gov,false,""
2023-06-14T23:00:00.000000,USA,Midcontinent ISO,US-MIDW-MISO,498.4,577.93,21.77,7.73,eia.gov,false,""
2023-06-15T00:00:00.000000,USA,Midcontinent ISO,US-MIDW-MISO,501.7,581.25,21.43,7.01,eia.gov,false,""
2023-06-15T01:00:00.000000,USA,Midcontinent ISO,US-MIDW-MISO,499.95,579.1,21.71,6.86,eia.gov,false,""
2023-06-15T02:00:00.000000,USA,Midcontinent ISO,US-MIDW-MISO,491.66,569.41,23.16,7.9,eia.gov,false,""
2023-06-15T03:00:00.000000,USA,Midcontinent ISO,US-MIDW-MISO,477.38,553.63,25.09,8.51,eia.gov,false,""
2023-06-15T04:00:00.000000,USA,Midcontinent ISO,US-MIDW-MISO,464.75,540.31,26.41,9.12,eia.gov,false,""
2023-06-15T05:00:00.000000,USA,Midcontinent ISO,US-MIDW-MISO,445.73,520.16,28.51,10.39,eia.gov,false,""
2023-06-15T06:00:00.000000,USA,Midcontinent ISO,US-MIDW-MISO,430.3,503.73,30.25,10.99,eia.gov,false,""
2023-06-15T07:00:00.000000,USA,Midcontinent ISO,US-MIDW-MISO,420.08,492.93,31.33,11.15,eia.gov,false,""
2023-06-15T08:00:00.000000,USA,Midcontinent ISO,US-MIDW-MISO,418.46,491.79,31.08,10.67,eia.gov,false,""
2023-06-15T09:00:00.000000,USA,Midcontinent ISO,US-MIDW-MISO,421.54,495.12,30.71,10.67,eia.gov,false,""
2023-06-15T10:00:00.000000,USA,Midcontinent ISO,US-MIDW-MISO,432.77,507.33,29.32,10.46,eia.gov,false,""
2023-06-15T11:00:00.000000,USA,Midcontinent ISO,US-MIDW-MISO,447.87,523.02,27.94,10.19,eia.gov,false,""
2023-06-15T12:00:00.000000,USA,Midcontinent ISO,US-MIDW-MISO,460.37,536.51,26.49,9.64,eia.gov,false,""
2023-06-15T13:00:00.000000,USA,Midcontinent ISO,US-MIDW-MISO,473.35,551.01,24.7,8.49,eia.gov,false,""
2023-06-15T14:00:00.000000,USA,Midcontinent ISO,US-MIDW-MISO,483.83,562.59,23.28,7.7,eia.gov,false,""
2023-06-15T15:00:00.000000,USA,Midcontinent ISO,US-MIDW-MISO,490.0,569.45,22.42,7.63,eia.gov,false,""
2023-06-15T16:00:00.000000,USA,Midcontinent ISO,US-MIDW-MISO,488.5,568.37,22.26,8.04,eia.gov,false,""
2023-06-15T17:00:00.000000,USA,Midcontinent ISO,US-MIDW-MISO,492.44,572.45,21.9,8.28,eia.gov,false,""
2023-06-15T18:00:00.000000,USA,Midcontinent ISO,US-MIDW-MISO,494.03,573.75,22.0,8.89,eia.gov,false,""
2023-06-15T19:00:00.000000,USA,Midcontinent ISO,US-MIDW-MISO,488.49,567.14,23.15,10.27,eia.gov,false,""
2023-06-15T20:00:00.000000,USA,Midcontinent ISO,US-MIDW-MISO,486.28,564.55,23.57,10.99,eia.gov,false,""
2023-06-15T21:00:00.000000,USA,Midcontinent ISO,US-MIDW-MISO,481.05,558.68,24.35,12.04,eia.gov,false,""
2023-06-15T22:00:00.000000,USA,Midcontinent ISO,US-MIDW-MISO,482.76,559.88,24.5,12.11,eia.gov,false,""
2023-06-15T23:00:00.000000,USA,Midcontinent ISO,US-MIDW-MISO,470.06,545.87,26.16,13.69,eia.gov,false,""
2023-06-16T00:00:00.000000,USA,Midcontinent ISO,US-MIDW-MISO,460.79,536.1,26.99,13.8,eia.gov,false,""
2023-06-16T01:00:00.000000,USA,Midcontinent ISO,US-MIDW-MISO,453.73,528.02,28.06,14.17,eia.gov,false,""
2023-06-16T02:00:00.000000,USA,Midcontinent ISO,US-MIDW-MISO,438.27,510.13,30.64,16.4,eia.gov,false,""
2023-06-16T03:00:00.000000,USA,Midcontinent ISO,US-MIDW-MISO,417.15,487.17,33.27,18.11,eia.gov,false,""
2023-06-16T04:00:00.000000,USA,Midcontinent ISO,US-MIDW-MISO,398.6,467.15,35.52,19.45,eia.gov,false,""
2023-06-16T05:00:00.000000,USA,Midcontinent ISO,US-MIDW-MISO,386.48,454.01,37.06,19.84,eia.gov,false,""
2023-06-16T06:00:00.000000,USA,Midcontinent ISO,US-MIDW-MISO,379.31,446.56,37.73,19.3,eia.gov,false,""
2023-06-16T07:00:00.000000,USA,Midcontinent ISO,US-MIDW-MISO,379.66,446.82,37.76,18.57,eia.gov,false,""
2023-06-16T08:00:00.000000,USA,Midcontinent ISO,US-MIDW-MISO,382.21,449.47,37.49,17.98,eia.gov,false,""
2023-06-16T09:00:00.000000,USA,Midcontinent ISO,US-MIDW-MISO,386.67,455.21,36.38,17.21,eia.gov,false,""
2023-06-16T10:00:00.000000,USA,Midcontinent ISO,US-MIDW-MISO,390.89,459.92,35.81,17.1,eia.gov,false,""
2023-06-16T11:00:00.000000,USA,Midcontinent ISO,US-MIDW-MISO,405.75,476.46,33.7,15.77,eia.gov,false,""
2023-06-16T12:00:00.000000,USA,Midcontinent ISO,US-MIDW-MISO,425.99,498.37,31.27,13.92,eia.gov,false,""
2023-06-16T13:00:00.000000,USA,Midcontinent ISO,US-MIDW-MISO,433.25,506.24,30.48,13.84,eia.gov,false,""
2023-06-16T14:00:00.000000,USA,Midcontinent ISO,US-MIDW-MISO,443.63,518.4,28.66,12.69,eia.gov,false,""
2023-06-16T15:00:00.000000,USA,Midcontinent ISO,US-MIDW-MISO,459.92,535.81,26.84,11.62,eia.gov,false,""
2023-06-16T16:00:00.000000,USA,Midcontinent ISO,US-MIDW-MISO,467.1,543.83,25.82,10.94,eia.gov,false,""
2023-06-16T17:00:00.000000,USA,Midcontinent ISO,US-MIDW-MISO,469.76,547.16,25.23,10.7,eia.gov,false,""
2023-06-16T18:00:00.000000,USA,Midcontinent ISO,US-MIDW-MISO,468.24,545.63,25.41,11.01,eia.gov,false,""
2023-06-16T19:00:00.000000,USA,Midcontinent ISO,US-MIDW-MISO,470.35,547.94,25.21,11.12,eia.gov,false,""
2023-06-16T20:00:00.000000,USA,Midcontinent ISO,US-MIDW-MISO,472.09,549.58,25.19,11.34,eia.gov,false,""
2023-06-16T21:00:00.000000,USA,Midcontinent ISO,US-MIDW-MISO,474.3,551.99,24.89,11.18,eia.gov,false,""
2023-06-16T22:00:00.000000,USA,Midcontinent ISO,US-MIDW-MISO,476.3,554.31,24.48,10.64,eia.gov,false,""
2023-06-16T23:00:00.000000,USA,Midcontinent ISO,US-MIDW-MISO,482.2,560.72,23.59,9.36,eia.gov,false,""
2023-06-17T00:00:00.000000,USA,Midcontinent ISO,US-MIDW-MISO,487.68,566.75,22.71,7.98,eia.gov,false,""
2023-06-17T01:00:00.000000,USA,Midcontinent ISO,US-MIDW-MISO,488.84,567.53,22.79,7.66,eia.gov,false,""
2023-06-17T02:00:00.000000,USA,Midcontinent ISO,US-MIDW-MISO,482.41,559.72,24.1,8.59,eia.gov,false,""
2023-06-17T03:00:00.000000,USA,Midcontinent ISO,US-MIDW-MISO,467.53,543.0,26.32,9.98,eia.gov,false,""
2023-06-17T04:00:00.000000,USA,Midcontinent ISO,US-MIDW-MISO,448.47,521.92,29.04,11.84,eia.gov,false,""
2023-06-17T05:00:00.000000,USA,Midcontinent ISO,US-MIDW-MISO,434.42,506.02,31.2,12.51,eia.gov,false,""
2023-06-17T06:00:00.000000,USA,Midcontinent ISO,US-MIDW-MISO,416.41,486.38,33.46,12.85,eia.gov,false,""
2023-06-17T07:00:00.000000,USA,Midcontinent ISO,US-MIDW-MISO,407.36,476.21,34.82,13.17,eia.gov,false,""
2023-06-17T08:00:00.000000,USA,Midcontinent ISO,US-MIDW-MISO,411.14,480.58,34.13,11.89,eia.gov,false,""
2023-06-17T09:00:00.000000,USA,Midcontinent ISO,US-MIDW-MISO,412.71,482.56,33.75,11.49,eia.gov,false,""
2023-06-17T10:00:00.000000,USA,Midcontinent ISO,US-MIDW-MISO,406.18,475.21,34.8,12.79,eia.gov,false,""
2023-06-17T11:00:00.000000,USA,Midcontinent ISO,US-MIDW-MISO,397.63,465.72,36.12,14.52,eia.gov,false,""
2023-06-17T12:00:00.000000,USA,Midcontinent ISO,US-MIDW-MISO,401.3,470.32,35.46,14.47,eia.gov,false,""
2023-06-17T13:00:00.000000,USA,Midcontinent ISO,US-MIDW-MISO,419.39,490.38,33.03,12.85,eia.gov,false,""
2023-06-17T14:00:00.000000,USA,Midcontinent ISO,US-MIDW-MISO,425.53,497.58,31.91,13.01,eia.gov,false,""
2023-06-17T15:00:00.000000,USA,Midcontinent ISO,US-MIDW-MISO,437.66,510.77,30.36,12.41,eia.gov,false,""
2023-06-17T16:00:00.000000,USA,Midcontinent ISO,US-MIDW-MISO,448.5,522.42,29.07,11.91,eia.gov,false,""
2023-06-17T17:00:00.000000,USA,Midcontinent ISO,US-MIDW-MISO,464.14,539.56,26.98,10.52,eia.gov,false,""
2023-06-17T18:00:00.000000,USA,Midcontinent ISO,US-MIDW-MISO,472.25,548.25,26.06,9.91,eia.gov,false,""
2023-06-17T19:00:00.000000,USA,Midcontinent ISO,US-MIDW-MISO,470.06,545.63,26.57,11.0,eia.gov,false,""
2023-06-17T20:00:00.000000,USA,Midcontinent ISO,US-MIDW-MISO,470.6,545.8,26.79,11.61,eia.gov,false,""
2023-06-17T21:00:00.000000,USA,Midcontinent ISO,US-MIDW-MISO,467.12,541.6,27.54,12.76,eia.gov,false,""
2023-06-17T22:00:00.000000,USA,Midcontinent ISO,US-MIDW-MISO,468.66,542.83,27.59,12.73,eia.gov,false,""
2023-06-17T23:00:00.000000,USA,Midcontinent ISO,US-MIDW-MISO,468.77,542.74,27.62,12.56,eia.gov,false,""
2023-06-18T00:00:00.000000,USA,Midcontinent ISO,US-MIDW-MISO,476.36,551.09,26.44,10.79,eia.gov,false,""
2023-06-18T01:00:00.000000,USA,Midcontinent ISO,US-MIDW-MISO,485.14,561.09,24.9,8.62,eia.gov,false,""
2023-06-18T02:00:00.000000,USA,Midcontinent ISO,US-MIDW-MISO,476.61,551.72,25.99,8.74,eia.gov,false,""
2023-06-18T03:00:00.000000,USA,Midcontinent ISO,US-MIDW-MISO,470.66,544.44,27.29,9.03,eia.gov,false,""
2023-06-18T04:00:00.000000,USA,Midcontinent ISO,US-MIDW-MISO,462.2,534.59,28.83,9.65,eia.gov,false,""
2023-06-18T05:00:00.000000,USA,Midcontinent ISO,US-MIDW-MISO,452.33,523.39,30.41,10.22,eia.gov,false,""
2023-06-18T06:00:00.000000,USA,Midcontinent ISO,US-MIDW-MISO,446.17,517.08,30.9,9.77,eia.gov,false,""
2023-06-18T07:00:00.000000,USA,Midcontinent ISO,US-MIDW-MISO,429.09,499.1,32.64,10.61,eia.gov,false,""
2023-06-18T08:00:00.000000,USA,Midcontinent ISO,US-MIDW-MISO,428.34,498.88,32.32,9.56,eia.gov,false,""
2023-06-18T09:00:00.000000,USA,Midcontinent ISO,US-MIDW-MISO,428.45,499.02,32.31,9.39,eia.gov,false,""
2023-06-18T10:00:00.000000,USA,Midcontinent ISO,US-MIDW-MISO,424.82,494.68,33.05,9.99,eia.gov,false,""
2023-06-18T11:00:00.000000,USA,Midcontinent ISO,US-MIDW-MISO,413.83,482.66,34.59,11.77,eia.gov,false,""
2023-06-18T12:00:00.000000,USA,Midcontinent ISO,US-MIDW-MISO,417.5,487.45,33.7,11.39,eia.gov,false,""
2023-06-18T13:00:00.000000,USA,Midcontinent ISO,US-MIDW-MISO,437.63,509.15,31.39,10.51,eia.gov,false,""
2023-06-18T14:00:00.000000,USA,Midcontinent ISO,US-MIDW-MISO,442.85,515.53,30.28,10.45,eia.gov,false,""
2023-06-18T15:00:00.000000,USA,Midcontinent ISO,US-MIDW-MISO,448.06,521.88,29.14,10.17,eia.gov,false,""
2023-06-18T16:00:00.000000,USA,Midcontinent ISO,US-MIDW-MISO,454.23,528.61,28.35,10.23,eia.gov,false,""
2023-06-18T17:00:00.000000,USA,Midcontinent ISO,US-MIDW-MISO,464.15,539.29,27.16,9.97,eia.gov,false,""
2023-06-18T18:00:00.000000,USA,Midcontinent ISO,US-MIDW-MISO,471.43,546.98,26.41,10.05,eia.gov,false,""
2023-06-18T19:00:00.000000,USA,Midcontinent ISO,US-MIDW-MISO,471.71,546.79,26.72,10.7,eia.gov,false,""
2023-06-18T20:00:00.000000,USA,Midcontinent ISO,US-MIDW-MISO,479.86,554.77,26.32,11.06,eia.gov,false,""
2023-06-18T21:00:00.000000,USA,Midcontinent ISO,US-MIDW-MISO,487.61,562.41,25.89,11.2,eia.gov,false,""
2023-06-18T22:00:00.000000,USA,Midcontinent ISO,US-MIDW-MISO,492.98,567.8,25.46,10.86,eia.gov,false,""
2023-06-18T23:00:00.000000,USA,Midcontinent ISO,US-MIDW-MISO,502.69,578.13,24.32,9.58,eia.gov,false,""
2023-06-19T00:00:00.000000,USA,Midcontinent ISO,US-MIDW-MISO,514.35,590.7,22.79,7.71,eia.gov,false,""
2023-06-19T01:00:00.000000,USA,Midcontinent ISO,US-MIDW-MISO,508.1,584.32,23.19,7.55,eia.gov,false,""
2023-06-19T02:00:00.000000,USA,Midcontinent ISO,US-MIDW-MISO,497.59,572.91,24.44,8.24,eia.gov,false,""
2023-06-19T03:00:00.000000,USA,Midcontinent ISO,US-MIDW-MISO,480.26,553.79,26.78,9.7,eia.gov,false,""
2023-06-19T04:00:00.000000,USA,Midcontinent ISO,US-MIDW-MISO,457.89,529.89,29.36,11.07,eia.gov,false,""
2023-06-19T05:00:00.000000,USA,Midcontinent ISO,US-MIDW-MISO,439.96,510.61,31.43,11.95,eia.gov,false,""
2023-06-19T06:00:00.000000,USA,Midcontinent ISO,US-MIDW-MISO,423.76,493.49,33.06,12.26,eia.gov,false,""
2023-06-19T07:00:00.000000,USA,Midcontinent ISO,US-MIDW-MISO,414.58,483.75,34.02,12.37,eia.gov,false,""
2023-06-19T08:00:00.000000,USA,Midcontinent ISO,US-MIDW-MISO,412.62,481.6,34.28,12.39,eia.gov,false,""
2023-06-19T09:00:00.000000,USA,Midcontinent ISO,US-MIDW-MISO,417.14,486.97,33.44,12.0,eia.gov,false,""
2023-06-19T10:00:00.000000,USA,Midcontinent ISO,US-MIDW-MISO,426.84,497.46,32.3,11.71,eia.gov,false,""
2023-06-19T11:00:00.000000,USA,Midcontinent ISO,US-MIDW-MISO,430.03,500.71,32.18,12.69,eia.gov,false,""
2023-06-19T12:00:00.000000,USA,Midcontinent ISO,US-MIDW-MISO,437.53,509.38,30.97,12.3,eia.gov,false,""
2023-06-19T13:00:00.000000,USA,Midcontinent ISO,US-MIDW-MISO,456.26,530.36,28.28,10.55,eia.gov,false,""
2023-06-19T14:00:00.000000,USA,Midcontinent ISO,US-MIDW-MISO,468.18,543.2,26.91,10.35,eia.gov,false,""
2023-06-19T15:00:00.000000,USA,Midcontinent ISO,US-MIDW-MISO,469.02,544.17,26.74,11.21,eia.gov,false,""
2023-06-19T16:00:00.000000,USA,Midcontinent ISO,US-MIDW-MISO,462.55,537.1,27.56,12.73,eia.gov,false,""
2023-06-19T17:00:00.000000,USA,Midcontinent ISO,US-MIDW-MISO,461.0,535.2,27.89,13.76,eia.gov,false,""
2023-06-19T18:00:00.000000,USA,Midcontinent ISO,US-MIDW-MISO,459.92,533.87,28.19,14.8,eia.gov,false,""
2023-06-19T19:00:00.000000,USA,Midcontinent ISO,US-MIDW-MISO,461.15,534.99,28.22,15.0,eia.gov,false,""
2023-06-19T20:00:00.000000,USA,Midcontinent ISO,US-MIDW-MISO,462.79,536.67,28.1,15.16,eia.gov,false,""
2023-06-19T21:00:00.000000,USA,Midcontinent ISO,US-MIDW-MISO,465.47,539.36,27.91,15.15,eia.gov,false,""
2023-06-19T22:00:00.000000,USA,Midcontinent ISO,US-MIDW-MISO,466.3,540.0,27.95,15.22,eia.gov,false,""
2023-06-19T23:00:00.000000,USA,Midcontinent ISO,US-MIDW-MISO,470.73,544.63,27.42,14.33,eia.gov,false,""
2023-06-20T00:00:00.000000,USA,Midcontinent ISO,US-MIDW-MISO,475.31,550.25,26.24,12.63,eia.gov,false,""
2023-06-20T01:00:00.000000,USA,Midcontinent ISO,US-MIDW-MISO,470.42,544.48,27.03,12.89,eia.gov,false,""
2023-06-20T02:00:00.000000,USA,Midcontinent ISO,US-MIDW-MISO,450.63,521.4,30.54,15.93,eia.gov,false,""
2023-06-20T03:00:00.000000,USA,Midcontinent ISO,US-MIDW-MISO,427.04,494.31,34.44,18.58,eia.gov,false,""
2023-06-20T04:00:00.000000,USA,Midcontinent ISO,US-MIDW-MISO,400.93,465.33,38.12,21.05,eia.gov,false,""
2023-06-20T05:00:00.000000,USA,Midcontinent ISO,US-MIDW-MISO,376.72,438.71,41.32,22.73,eia.gov,false,""
2023-06-20T06:00:00.000000,USA,Midcontinent ISO,US-MIDW-MISO,366.37,426.81,43.02,23.29,eia.gov,false,""
2023-06-20T07:00:00.000000,USA,Midcontinent ISO,US-MIDW-MISO,361.14,420.2,44.29,24.03,eia.gov,false,""
2023-06-20T08:00:00.000000,USA,Midcontinent ISO,US-MIDW-MISO,354.53,411.84,45.9,25.15,eia.gov,false,""
2023-06-20T09:00:00.000000,USA,Midcontinent ISO,US-MIDW-MISO,353.42,411.38,45.54,25.26,eia.gov,false,""
2023-06-20T10:00:00.000000,USA,Midcontinent ISO,US-MIDW-MISO,362.24,422.55,43.41,23.81,eia.gov,false,""
2023-06-20T11:00:00.000000,USA,Midcontinent ISO,US-MIDW-MISO,378.84,442.27,40.37,21.89,eia.gov,false,""
2023-06-20T12:00:00.000000,USA,Midcontinent ISO,US-MIDW-MISO,404.19,471.02,36.56,18.86,eia.gov,false,""
2023-06-20T13:00:00.000000,USA,Midcontinent ISO,US-MIDW-MISO,440.25,510.48,31.93,15.06,eia.gov,false,""
2023-06-20T14:00:00.000000,USA,Midcontinent ISO,US-MIDW-MISO,450.3,521.9,30.36,14.26,eia.gov,false,""
2023-06-20T15:00:00.000000,USA,Midcontinent ISO,US-MIDW-MISO,454.63,526.98,29.54,14.47,eia.gov,false,""
2023-06-20T16:00:00.000000,USA,Midcontinent ISO,US-MIDW-MISO,451.88,524.45,29.57,15.36,eia.gov,false,""
2023-06-20T17:00:00.000000,USA,Midcontinent ISO,US-MIDW-MISO,450.28,522.66,29.8,16.2,eia.gov,false,""
2023-06-20T18:00:00.000000,USA,Midcontinent ISO,US-MIDW-MISO,451.05,523.12,29.98,16.86,eia.gov,false,""
2023-06-20T19:00:00.000000,USA,Midcontinent ISO,US-MIDW-MISO,450.65,522.53,30.17,17.36,eia.gov,false,""
2023-06-20T20:00:00.000000,USA,Midcontinent ISO,US-MIDW-MISO,450.47,522.2,30.33,17.85,eia.gov,false,""
2023-06-20T21:00:00.000000,USA,Midcontinent ISO,US-MIDW-MISO,452.6,524.3,30.19,17.66,eia.gov,false,""
2023-06-20T22:00:00.000000,USA,Midcontinent ISO,US-MIDW-MISO,450.92,522.21,30.52,17.85,eia.gov,false,""
2023-06-20T23:00:00.000000,USA,Midcontinent ISO,US-MIDW-MISO,450.13,520.96,30.81,17.78,eia.gov,false,""
2023-06-21T00:00:00.000000,USA,Midcontinent ISO,US-MIDW-MISO,461.04,533.31,28.95,15.45,eia.gov,false,""
2023-06-21T01:00:00.000000,USA,Midcontinent ISO,US-MIDW-MISO,468.28,541.16,27.96,13.82,eia.gov,false,""
2023-06-21T02:00:00.000000,USA,Midcontinent ISO,US-MIDW-MISO,458.68,529.32,30.06,15.22,eia.gov,false,""
2023-06-21T03:00:00.000000,USA,Midcontinent ISO,US-MIDW-MISO,438.02,504.8,33.98,18.28,eia.gov,false,""
2023-06-21T04:00:00.000000,USA,Midcontinent ISO,US-MIDW-MISO,412.1,476.28,37.5,20.97,eia.gov,false,""
2023-06-21T05:00:00.000000,USA,Midcontinent ISO,US-MIDW-MISO,392.05,454.69,39.83,21.9,eia.gov,false,""
2023-06-21T06:00:00.000000,USA,Midcontinent ISO,US-MIDW-MISO,376.72,438.44,41.45,22.46,eia.gov,false,""
2023-06-21T07:00:00.000000,USA,Midcontinent ISO,US-MIDW-MISO,375.28,436.72,41.74,22.08,eia.gov,false,""
2023-06-21T08:00:00.000000,USA,Midcontinent ISO,US-MIDW-MISO,372.35,433.27,42.3,22.27,eia.gov,false,""
2023-06-21T09:00:00.000000,USA,Midcontinent ISO,US-MIDW-MISO,377.58,439.62,41.2,21.41,eia.gov,false,""
2023-06-21T10:00:00.000000,USA,Midcontinent ISO,US-MIDW-MISO,385.64,449.45,39.49,20.19,eia.gov,false,""
2023-06-21T11:00:00.000000,USA,Midcontinent ISO,US-MIDW-MISO,389.03,453.21,39.18,20.76,eia.gov,false,""
2023-06-21T12:00:00.000000,USA,Midcontinent ISO,US-MIDW-MISO,403.85,471.03,36.36,18.85,eia.gov,false,""
2023-06-21T13:00:00.000000,USA,Midcontinent ISO,US-MIDW-MISO,444.56,516.03,30.86,14.29,eia.gov,false,""
2023-06-21T14:00:00.000000,USA,Midcontinent ISO,US-MIDW-MISO,469.02,542.68,27.76,11.95,eia.gov,false,""
2023-06-21T15:00:00.000000,USA,Midcontinent ISO,US-MIDW-MISO,483.03,558.09,25.87,10.72,eia.gov,false,""
2023-06-21T16:00:00.000000,USA,Midcontinent ISO,US-MIDW-MISO,482.59,557.87,25.71,10.9,eia.gov,false,""
2023-06-21T17:00:00.000000,USA,Midcontinent ISO,US-MIDW-MISO,481.35,557.05,25.5,11.06,eia.gov,false,""
2023-06-21T18:00:00.000000,USA,Midcontinent ISO,US-MIDW-MISO,479.09,554.57,25.89,11.87,eia.gov,false,""
2023-06-21T19:00:00.000000,USA,Midcontinent ISO,US-MIDW-MISO,478.69,554.21,25.91,12.28,eia.gov,false,""
2023-06-21T20:00:00.000000,USA,Midcontinent ISO,US-MIDW-MISO,477.66,553.09,26.04,12.74,eia.gov,false,""
2023-06-21T21:00:00.000000,USA,Midcontinent ISO,US-MIDW-MISO,479.87,555.04,26.06,13.01,eia.gov,false,""
2023-06-21T22:00:00.000000,USA,Midcontinent ISO,US-MIDW-MISO,480.85,555.66,26.18,13.06,eia.gov,false,""
2023-06-21T23:00:00.000000,USA,Midcontinent ISO,US-MIDW-MISO,483.19,557.86,26.02,12.74,eia.gov,false,""
2023-06-22T00:00:00.000000,USA,Midcontinent ISO,US-MIDW-MISO,493.96,568.84,25.07,11.23,eia.gov,false,""
2023-06-22T01:00:00.000000,USA,Midcontinent ISO,US-MIDW-MISO,505.41,580.87,23.83,9.48,eia.gov,false,""
2023-06-22T02:00:00.000000,USA,Midcontinent ISO,US-MIDW-MISO,504.66,578.95,24.59,9.48,eia.gov,false,""
2023-06-22T03:00:00.000000,USA,Midcontinent ISO,US-MIDW-MISO,501.55,573.6,26.27,9.95,eia.gov,false,""
2023-06-22T04:00:00.000000,USA,Midcontinent ISO,US-MIDW-MISO,490.49,560.89,28.09,10.53,eia.gov,false,""
2023-06-22T05:00:00.000000,USA,Midcontinent ISO,US-MIDW-MISO,473.77,543.96,29.32,10.67,eia.gov,false,""
2023-06-22T06:00:00.000000,USA,Midcontinent ISO,US-MIDW-MISO,453.41,523.27,30.91,10.84,eia.gov,false,""
2023-06-22T07:00:00.000000,USA,Midcontinent ISO,US-MIDW-MISO,437.72,506.33,32.81,11.76,eia.gov,false,""
2023-06-22T08:00:00.000000,USA,Midcontinent ISO,US-MIDW-MISO,425.58,493.92,33.79,12.46,eia.gov,false,""
2023-06-22T09:00:00.000000,USA,Midcontinent ISO,US-MIDW-MISO,434.35,503.63,32.57,11.74,eia.gov,false,""
2023-06-22T10:00:00.000000,USA,Midcontinent ISO,US-MIDW-MISO,448.5,518.43,31.19,11.21,eia.gov,false,""
2023-06-22T11:00:00.000000,USA,Midcontinent ISO,US-MIDW-MISO,461.08,531.03,30.48,11.69,eia.gov,false,""
2023-06-22T12:00:00.000000,USA,Midcontinent ISO,US-MIDW-MISO,476.05,547.01,28.98,10.99,eia.gov,false,""
2023-06-22T13:00:00.000000,USA,Midcontinent ISO,US-MIDW-MISO,494.73,568.42,26.01,8.7,eia.gov,false,""
2023-06-22T14:00:00.000000,USA,Midcontinent ISO,US-MIDW-MISO,498.07,573.46,24.68,7.98,eia.gov,false,""
2023-06-22T15:00:00.000000,USA,Midcontinent ISO,US-MIDW-MISO,504.41,580.87,23.53,7.62,eia.gov,false,""
2023-06-22T16:00:00.000000,USA,Midcontinent ISO,US-MIDW-MISO,506.52,583.89,22.77,7.4,eia.gov,false,""
2023-06-22T17:00:00.000000,USA,Midcontinent ISO,US-MIDW-MISO,505.13,582.59,22.81,7.78,eia.gov,false,""
2023-06-22T18:00:00.000000,USA,Midcontinent ISO,US-MIDW-MISO,497.96,575.29,23.43,8.82,eia.gov,false,""
2023-06-22T19:00:00.000000,USA,Midcontinent ISO,US-MIDW-MISO,490.98,568.5,23.78,9.45,eia.gov,false,""
2023-06-22T20:00:00.000000,USA,Midcontinent ISO,US-MIDW-MISO,489.32,566.47,24.16,10.13,eia.gov,false,""
2023-06-22T21:00:00.000000,USA,Midcontinent ISO,US-MIDW-MISO,485.15,561.98,24.64,10.56,eia.gov,false,""
2023-06-22T22:00:00.000000,USA,Midcontinent ISO,US-MIDW-MISO,489.15,566.42,24.03,9.95,eia.gov,false,""
2023-06-22T23:00:00.000000,USA,Midcontinent ISO,US-MIDW-MISO,493.69,571.39,23.36,8.95,eia.gov,false,""
2023-06-23T00:00:00.000000,USA,Midcontinent ISO,US-MIDW-MISO,503.08,581.59,22.06,7.18,eia.gov,false,""
2023-06-23T01:00:00.000000,USA,Midcontinent ISO,US-MIDW-MISO,507.51,586.27,21.47,6.07,eia.gov,false,""
2023-06-23T02:00:00.000000,USA,Midcontinent ISO,US-MIDW-MISO,508.88,586.74,21.93,6.29,eia.gov,false,""
2023-06-23T03:00:00.000000,USA,Midcontinent ISO,US-MIDW-MISO,510.6,587.24,22.63,6.41,eia.gov,false,""
2023-06-23T04:00:00.000000,USA,Midcontinent ISO,US-MIDW-MISO,521.59,598.07,21.98,4.85,eia.gov,false,""
2023-06-23T05:00:00.000000,USA,Midcontinent ISO,US-MIDW-MISO,516.85,592.84,22.63,4.34,eia.gov,false,""
2023-06-23T06:00:00.000000,USA,Midcontinent ISO,US-MIDW-MISO,502.4,578.35,23.58,3.74,eia.gov,false,""
2023-06-23T07:00:00.000000,USA,Midcontinent ISO,US-MIDW-MISO,487.12,562.47,25.0,4.2,eia.gov,false,""
2023-06-23T08:00:00.000000,USA,Midcontinent ISO,US-MIDW-MISO,480.99,556.31,25.44,4.2,eia.gov,false,""
2023-06-23T09:00:00.000000,USA,Midcontinent ISO,US-MIDW-MISO,490.79,566.48,24.53,3.79,eia.gov,false,""
2023-06-23T10:00:00.000000,USA,Midcontinent ISO,US-MIDW-MISO,501.87,578.22,23.37,3.37,eia.gov,false,""
2023-06-23T11:00:00.000000,USA,Midcontinent ISO,US-MIDW-MISO,505.74,581.63,23.55,4.53,eia.gov,false,""
2023-06-23T12:00:00.000000,USA,Midcontinent ISO,US-MIDW-MISO,504.82,580.38,23.97,5.9,eia.gov,false,""
2023-06-23T13:00:00.000000,USA,Midcontinent ISO,US-MIDW-MISO,508.96,585.44,23.13,6.15,eia.gov,false,""
2023-06-23T14:00:00.000000,USA,Midcontinent ISO,US-MIDW-MISO,510.38,587.41,22.64,6.33,eia.gov,false,""
2023-06-23T15:00:00.000000,USA,Midcontinent ISO,US-MIDW-MISO,509.63,587.29,22.3,6.78,eia.gov,false,""
2023-06-23T16:00:00.000000,USA,Midcontinent ISO,US-MIDW-MISO,509.15,587.25,22.03,7.01,eia.gov,false,""
2023-06-23T17:00:00.000000,USA,Midcontinent ISO,US-MIDW-MISO,505.6,583.29,22.62,8.37,eia.gov,false,""
2023-06-23T18:00:00.000000,USA,Midcontinent ISO,US-MIDW-MISO,503.73,581.1,22.98,9.02,eia.gov,false,""
2023-06-23T19:00:00.000000,USA,Midcontinent ISO,US-MIDW-MISO,498.21,574.85,23.9,10.16,eia.gov,false,""
2023-06-23T20:00:00.000000,USA,Midcontinent ISO,US-MIDW-MISO,493.58,569.37,24.75,11.2,eia.gov,false,""
2023-06-23T21:00:00.000000,USA,Midcontinent ISO,US-MIDW-MISO,499.13,575.1,24.29,10.86,eia.gov,false,""
2023-06-23T22:00:00.000000,USA,Midcontinent ISO,US-MIDW-MISO,499.87,575.64,24.33,10.75,eia.gov,false,""
2023-06-23T23:00:00.000000,USA,Midcontinent ISO,US-MIDW-MISO,508.59,585.3,22.95,8.96,eia.gov,false,""
2023-06-24T00:00:00.000000,USA,Midcontinent ISO,US-MIDW-MISO,516.56,593.53,22.17,7.57,eia.gov,false,""
2023-06-24T01:00:00.000000,USA,Midcontinent ISO,US-MIDW-MISO,522.91,600.19,21.45,6.47,eia.gov,false,""
2023-06-24T02:00:00.000000,USA,Midcontinent ISO,US-MIDW-MISO,518.78,595.08,22.33,6.8,eia.gov,false,""
2023-06-24T03:00:00.000000,USA,Midcontinent ISO,US-MIDW-MISO,498.89,572.26,25.6,9.49,eia.gov,false,""
2023-06-24T04:00:00.000000,USA,Midcontinent ISO,US-MIDW-MISO,474.64,545.15,29.07,12.19,eia.gov,false,""
2023-06-24T05:00:00.000000,USA,Midcontinent ISO,US-MIDW-MISO,448.04,515.2,33.08,15.28,eia.gov,false,""
2023-06-24T06:00:00.000000,USA,Midcontinent ISO,US-MIDW-MISO,422.97,488.89,35.53,16.82,eia.gov,false,""
2023-06-24T07:00:00.000000,USA,Midcontinent ISO,US-MIDW-MISO,397.34,461.54,38.39,18.9,eia.gov,false,""
2023-06-24T08:00:00.000000,USA,Midcontinent ISO,US-MIDW-MISO,385.15,448.64,39.68,19.9,eia.gov,false,""
2023-06-24T09:00:00.000000,USA,Midcontinent ISO,US-MIDW-MISO,384.03,447.43,39.82,19.82,eia.gov,false,""
2023-06-24T10:00:00.000000,USA,Midcontinent ISO,US-MIDW-MISO,394.5,457.87,39.16,19.2,eia.gov,false,""
2023-06-24T11:00:00.000000,USA,Midcontinent ISO,US-MIDW-MISO,402.48,467.47,37.63,17.74,eia.gov,false,""
2023-06-24T12:00:00.000000,USA,Midcontinent ISO,US-MIDW-MISO,426.14,492.45,35.31,16.28,eia.gov,false,""
2023-06-24T13:00:00.000000,USA,Midcontinent ISO,US-MIDW-MISO,426.26,493.69,34.67,17.1,eia.gov,false,""
2023-06-24T14:00:00.000000,USA,Midcontinent ISO,US-MIDW-MISO,440.33,509.56,32.56,16.07,eia.gov,false,""
2023-06-24T15:00:00.000000,USA,Midcontinent ISO,US-MIDW-MISO,440.52,510.06,32.31,16.66,eia.gov,false,""
2023-06-24T16:00:00.000000,USA,Midcontinent ISO,US-MIDW-MISO,449.21,519.21,31.42,16.85,eia.gov,false,""
2023-06-24T17:00:00.000000,USA,Midcontinent ISO,US-MIDW-MISO,452.1,523.07,30.59,16.59,eia.gov,false,""
2023-06-24T18:00:00.000000,USA,Midcontinent ISO,US-MIDW-MISO,449.67,520.7,30.75,17.36,eia.gov,false,""
2023-06-24T19:00:00.000000,USA,Midcontinent ISO,US-MIDW-MISO,444.85,515.88,31.1,18.09,eia.gov,false,""
2023-06-24T20:00:00.000000,USA,Midcontinent ISO,US-MIDW-MISO,448.77,520.74,30.28,17.45,eia.gov,false,""
2023-06-24T21:00:00.000000,USA,Midcontinent ISO,US-MIDW-MISO,457.45,530.58,28.91,16.19,eia.gov,false,""
2023-06-24T22:00:00.000000,USA,Midcontinent ISO,US-MIDW-MISO,468.06,542.52,27.28,14.52,eia.gov,false,""
2023-06-24T23:00:00.000000,USA,Midcontinent ISO,US-MIDW-MISO,478.41,553.75,25.9,12.91,eia.gov,false,""
2023-06-25T00:00:00.000000,USA,Midcontinent ISO,US-MIDW-MISO,489.07,565.29,24.45,10.72,eia.gov,false,""
2023-06-25T01:00:00.000000,USA,Midcontinent ISO,US-MIDW-MISO,489.04,564.59,24.79,10.59,eia.gov,false,""
2023-06-25T02:00:00.000000,USA,Midcontinent ISO,US-MIDW-MISO,481.08,554.74,26.53,12.04,eia.gov,false,""
2023-06-25T03:00:00.000000,USA,Midcontinent ISO,US-MIDW-MISO,466.41,536.44,29.87,15.01,eia.gov,false,""
2023-06-25T04:00:00.000000,USA,Midcontinent ISO,US-MIDW-MISO,441.32,508.37,33.51,17.83,eia.gov,false,""
2023-06-25T05:00:00.000000,USA,Midcontinent ISO,US-MIDW-MISO,422.04,487.17,36.1,19.22,eia.gov,false,""
2023-06-25T06:00:00.000000,USA,Midcontinent ISO,US-MIDW-MISO,405.47,468.9,38.35,20.19,eia.gov,false,""
2023-06-25T07:00:00.000000,USA,Midcontinent ISO,US-MIDW-MISO,394.74,457.06,39.82,20.65,eia.gov,false,""
2023-06-25T08:00:00.000000,USA,Midcontinent ISO,US-MIDW-MISO,383.51,444.73,41.31,21.68,eia.gov,false,""
2023-06-25T09:00:00.000000,USA,Midcontinent ISO,US-MIDW-MISO,375.11,435.11,42.69,22.7,eia.gov,false,""
2023-06-25T10:00:00.000000,USA,Midcontinent ISO,US-MIDW-MISO,371.27,430.42,43.53,23.46,eia.gov,false,""
2023-06-25T11:00:00.000000,USA,Midcontinent ISO,US-MIDW-MISO,368.36,426.56,44.39,24.93,eia.gov,false,""
2023-06-25T12:00:00.000000,USA,Midcontinent ISO,US-MIDW-MISO,365.46,423.68,44.69,25.8,eia.gov,false,""
2023-06-25T13:00:00.000000,USA,Midcontinent ISO,US-MIDW-MISO,377.61,438.69,42.06,24.53,eia.gov,false,""
2023-06-25T14:00:00.000000,USA,Midcontinent ISO,US-MIDW-MISO,392.28,454.34,40.44,24.05,eia.gov,false,""
2023-06-25T15:00:00.000000,USA,Midcontinent ISO,US-MIDW-MISO,400.15,462.95,39.42,23.9,eia.gov,false,""
2023-06-25T16:00:00.000000,USA,Midcontinent ISO,US-MIDW-MISO,407.9,471.57,38.3,23.9,eia.gov,false,""
2023-06-25T17:00:00.000000,USA,Midcontinent ISO,US-MIDW-MISO,405.98,470.24,38.0,24.02,eia.gov,false,""
2023-06-25T18:00:00.000000,USA,Midcontinent ISO,US-MIDW-MISO,406.58,471.43,37.56,24.11,eia.gov,false,""
2023-06-25T19:00:00.000000,USA,Midcontinent ISO,US-MIDW-MISO,403.19,467.85,38.0,24.87,eia.gov,false,""
2023-06-25T20:00:00.000000,USA,Midcontinent ISO,US-MIDW-MISO,399.16,462.87,38.95,25.89,eia.gov,false,""
2023-06-25T21:00:00.000000,USA,Midcontinent ISO,US-MIDW-MISO,402.83,466.96,38.41,25.62,eia.gov,false,""
2023-06-25T22:00:00.000000,USA,Midcontinent ISO,US-MIDW-MISO,409.84,474.35,37.63,24.75,eia.gov,false,""
2023-06-25T23:00:00.000000,USA,Midcontinent ISO,US-MIDW-MISO,411.17,475.92,37.32,24.18,eia.gov,false,""
2023-06-26T00:00:00.000000,USA,Midcontinent ISO,US-MIDW-MISO,420.0,485.35,36.18,22.7,eia.gov,false,""
2023-06-26T01:00:00.000000,USA,Midcontinent ISO,US-MIDW-MISO,426.88,493.04,35.18,21.03,eia.gov,false,""
2023-06-26T02:00:00.000000,USA,Midcontinent ISO,US-MIDW-MISO,440.38,506.82,34.05,19.13,eia.gov,false,""
2023-06-26T03:00:00.000000,USA,Midcontinent ISO,US-MIDW-MISO,436.57,501.49,35.29,19.21,eia.gov,false,""
2023-06-26T04:00:00.000000,USA,Midcontinent ISO,US-MIDW-MISO,418.12,481.07,37.84,20.95,eia.gov,false,""
2023-06-26T05:00:00.000000,USA,Midcontinent ISO,US-MIDW-MISO,393.6,454.51,40.83,22.74,eia.gov,false,""
2023-06-26T06:00:00.000000,USA,Midcontinent ISO,US-MIDW-MISO,378.26,438.63,42.23,23.27,eia.gov,false,""
2023-06-26T07:00:00.000000,USA,Midcontinent ISO,US-MIDW-MISO,369.37,429.55,42.95,23.44,eia.gov,false,""
2023-06-26T08:00:00.000000,USA,Midcontinent ISO,US-MIDW-MISO,368.62,428.76,43.02,23.31,eia.gov,false,""
2023-06-26T09:00:00.000000,USA,Midcontinent ISO,US-MIDW-MISO,375.18,436.13,42.03,22.56,eia.gov,false,""
2023-06-26T10:00:00.000000,USA,Midcontinent ISO,US-MIDW-MISO,393.06,455.82,39.63,20.91,eia.gov,false,""
2023-06-26T11:00:00.000000,USA,Midcontinent ISO,US-MIDW-MISO,404.55,468.44,38.22,20.71,eia.gov,false,""
2023-06-26T12:00:00.000000,USA,Midcontinent ISO,US-MIDW-MISO,417.94,483.08,36.56,19.66,eia.gov,false,""
2023-06-26T13:00:00.000000,USA,Midcontinent ISO,US-MIDW-MISO,427.86,493.84,35.39,19.3,eia.gov,false,""
2023-06-26T14:00:00.000000,USA,Midcontinent ISO,US-MIDW-MISO,428.0,494.6,35.0,19.46,eia.gov,false,""
2023-06-26T15:00:00.000000,USA,Midcontinent ISO,US-MIDW-MISO,437.49,505.13,33.66,18.83,eia.gov,false,""
2023-06-26T16:00:00.000000,USA,Midcontinent ISO,US-MIDW-MISO,437.86,505.85,33.4,18.99,eia.gov,false,""
2023-06-26T17:00:00.000000,USA,Midcontinent ISO,US-MIDW-MISO,436.4,504.16,33.73,19.71,eia.gov,false,""
2023-06-26T18:00:00.000000,USA,Midcontinent ISO,US-MIDW-MISO,443.07,511.87,32.59,18.9,eia.gov,false,""
2023-06-26T19:00:00.000000,USA,Midcontinent ISO,US-MIDW-MISO,446.81,515.97,32.19,18.97,eia.gov,false,""
2023-06-26T20:00:00.000000,USA,Midcontinent ISO,US-MIDW-MISO,447.04,516.6,31.94,18.91,eia.gov,false,""
2023-06-26T21:00:00.000000,USA,Midcontinent ISO,US-MIDW-MISO,448.62,518.84,31.4,18.41,eia.gov,false,""
2023-06-26T22:00:00.000000,USA,Midcontinent ISO,US-MIDW-MISO,456.4,527.89,29.99,17.16,eia.gov,false,""
2023-06-26T23:00:00.000000,USA,Midcontinent ISO,US-MIDW-MISO,465.95,538.65,28.49,15.49,eia.gov,false,""
2023-06-27T00:00:00.000000,USA,Midcontinent ISO,US-MIDW-MISO,483.47,558.53,25.65,12.08,eia.gov,false,""
2023-06-27T01:00:00.000000,USA,Midcontinent ISO,US-MIDW-MISO,493.19,569.79,23.88,9.43,eia.gov,false,""
2023-06-27T02:00:00.000000,USA,Midcontinent ISO,US-MIDW-MISO,497.92,574.55,23.47,8.5,eia.gov,false,""
2023-06-27T03:00:00.000000,USA,Midcontinent ISO,US-MIDW-MISO,487.86,562.1,25.72,9.66,eia.gov,false,""
2023-06-27T04:00:00.000000,USA,Midcontinent ISO,US-MIDW-MISO,473.8,546.35,27.77,10.47,eia.gov,false,""
2023-06-27T05:00:00.000000,USA,Midcontinent ISO,US-MIDW-MISO,459.19,530.85,29.29,10.41,eia.gov,false,""
2023-06-27T06:00:00.000000,USA,Midcontinent ISO,US-MIDW-MISO,435.8,506.75,31.33,10.89,eia.gov,false,""
2023-06-27T07:00:00.000000,USA,Midcontinent ISO,US-MIDW-MISO,428.63,500.06,31.5,10.13,eia.gov,false,""
2023-06-27T08:00:00.000000,USA,Midcontinent ISO,US-MIDW-MISO,432.91,504.92,30.83,9.03,eia.gov,false,""
2023-06-27T09:00:00.000000,USA,Midcontinent ISO,US-MIDW-MISO,437.14,509.5,30.31,9.0,eia.gov,false,""
2023-06-27T10:00:00.000000,USA,Midcontinent ISO,US-MIDW-MISO,441.23,513.84,29.91,9.44,eia.gov,false,""
2023-06-27T11:00:00.000000,USA,Midcontinent ISO,US-MIDW-MISO,451.52,524.28,29.26,9.96,eia.gov,false,""
2023-06-27T12:00:00.000000,USA,Midcontinent ISO,US-MIDW-MISO,459.57,533.24,28.23,9.99,eia.gov,false,""
2023-06-27T13:00:00.000000,USA,Midcontinent ISO,US-MIDW-MISO,467.72,542.09,27.26,9.9,eia.gov,false,""
2023-06-27T14:00:00.000000,USA,Midcontinent ISO,US-MIDW-MISO,476.02,551.19,26.17,9.46,eia.gov,false,""
2023-06-27T15:00:00.000000,USA,Midcontinent ISO,US-MIDW-MISO,486.64,562.77,24.82,8.97,eia.gov,false,""
2023-06-27T16:00:00.000000,USA,Midcontinent ISO,US-MIDW-MISO,486.13,562.15,24.97,9.8,eia.gov,false,""
2023-06-27T17:00:00.000000,USA,Midcontinent ISO,US-MIDW-MISO,487.28,563.35,24.87,10.43,eia.gov,false,""
2023-06-27T18:00:00.000000,USA,Midcontinent ISO,US-MIDW-MISO,483.02,558.88,25.36,11.39,eia.gov,false,""
2023-06-27T19:00:00.000000,USA,Midcontinent ISO,US-MIDW-MISO,481.51,556.78,25.9,12.21,eia.gov,false,""
2023-06-27T20:00:00.000000,USA,Midcontinent ISO,US-MIDW-MISO,479.3,554.47,26.12,12.51,eia.gov,false,""
2023-06-27T21:00:00.000000,USA,Midcontinent ISO,US-MIDW-MISO,478.05,552.54,26.65,13.06,eia.gov,false,""
2023-06-27T22:00:00.000000,USA,Midcontinent ISO,US-MIDW-MISO,480.36,555.09,26.3,12.66,eia.gov,false,""
2023-06-27T23:00:00.000000,USA,Midcontinent ISO,US-MIDW-MISO,488.36,564.09,24.99,11.03,eia.gov,false,""
2023-06-28T00:00:00.000000,USA,Midcontinent ISO,US-MIDW-MISO,488.59,564.11,25.02,10.71,eia.gov,false,""
2023-06-28T01:00:00.000000,USA,Midcontinent ISO,US-MIDW-MISO,482.49,557.03,25.97,11.22,eia.gov,false,""
2023-06-28T02:00:00.000000,USA,Midcontinent ISO,US-MIDW-MISO,478.75,551.48,27.37,12.17,eia.gov,false,""
2023-06-28T03:00:00.000000,USA,Midcontinent ISO,US-MIDW-MISO,457.89,527.31,30.93,14.68,eia.gov,false,""
2023-06-28T04:00:00.000000,USA,Midcontinent ISO,US-MIDW-MISO,440.25,507.22,33.68,16.79,eia.gov,false,""
2023-06-28T05:00:00.000000,USA,Midcontinent ISO,US-MIDW-MISO,418.79,483.46,36.64,18.38,eia.gov,false,""
2023-06-28T06:00:00.000000,USA,Midcontinent ISO,US-MIDW-MISO,399.94,462.68,39.23,19.46,eia.gov,false,""
2023-06-28T07:00:00.000000,USA,Midcontinent ISO,US-MIDW-MISO,397.54,460.57,39.19,18.68,eia.gov,false,""
2023-06-28T08:00:00.000000,USA,Midcontinent ISO,US-MIDW-MISO,398.91,461.85,39.16,18.27,eia.gov,false,""
2023-06-28T09:00:00.000000,USA,Midcontinent ISO,US-MIDW-MISO,397.1,459.46,39.66,19.0,eia.gov,false,""
2023-06-28T10:00:00.000000,USA,Midcontinent ISO,US-MIDW-MISO,404.2,468.43,37.93,18.3,eia.gov,false,""
2023-06-28T11:00:00.000000,USA,Midcontinent ISO,US-MIDW-MISO,398.84,463.05,38.41,19.78,eia.gov,false,""
2023-06-28T12:00:00.000000,USA,Midcontinent ISO,US-MIDW-MISO,401.44,466.49,37.75,19.77,eia.gov,false,""
2023-06-28T13:00:00.000000,USA,Midcontinent ISO,US-MIDW-MISO,400.29,465.86,37.61,20.48,eia.gov,false,""
2023-06-28T14:00:00.000000,USA,Midcontinent ISO,US-MIDW-MISO,413.16,480.86,35.35,19.11,eia.gov,false,""
2023-06-28T15:00:00.000000,USA,Midcontinent ISO,US-MIDW-MISO,426.29,495.92,33.21,17.76,eia.gov,false,""
2023-06-28T16:00:00.000000,USA,Midcontinent ISO,US-MIDW-MISO,434.07,505.74,31.31,16.57,eia.gov,false,""
2023-06-28T17:00:00.000000,USA,Midcontinent ISO,US-MIDW-MISO,455.94,530.36,28.02,13.83,eia.gov,false,""
2023-06-28T18:00:00.000000,USA,Midcontinent ISO,US-MIDW-MISO,465.11,540.68,26.67,12.93,eia.gov,false,""
2023-06-28T19:00:00.000000,USA,Midcontinent ISO,US-MIDW-MISO,466.31,542.02,26.58,13.37,eia.gov,false,""
2023-06-28T20:00:00.000000,USA,Midcontinent ISO,US-MIDW-MISO,472.56,548.96,25.69,12.7,eia.gov,false,""
2023-06-28T21:00:00.000000,USA,Midcontinent ISO,US-MIDW-MISO,477.02,554.33,24.78,11.97,eia.gov,false,""
2023-06-28T22:00:00.000000,USA,Midcontinent ISO,US-MIDW-MISO,479.98,557.83,24.2,11.56,eia.gov,false,""
2023-06-28T23:00:00.000000,USA,Midcontinent ISO,US-MIDW-MISO,488.41,567.46,22.73,9.9,eia.gov,false,""
2023-06-29T00:00:00.000000,USA,Midcontinent ISO,US-MIDW-MISO,495.81,575.16,21.95,8.59,eia.gov,false,""
2023-06-29T01:00:00.000000,USA,Midcontinent ISO,US-MIDW-MISO,499.5,579.01,21.46,7.63,eia.gov,false,""
2023-06-29T02:00:00.000000,USA,Midcontinent ISO,US-MIDW-MISO,496.39,573.66,23.12,8.7,eia.gov,false,""
2023-06-29T03:00:00.000000,USA,Midcontinent ISO,US-MIDW-MISO,483.08,557.77,25.75,10.49,eia.gov,false,""
2023-06-29T04:00:00.000000,USA,Midcontinent ISO,US-MIDW-MISO,481.32,555.11,26.42,10.41,eia.gov,false,""
2023-06-29T05:00:00.000000,USA,Midcontinent ISO,US-MIDW-MISO,469.79,542.51,27.91,10.57,eia.gov,false,""
2023-06-29T06:00:00.000000,USA,Midcontinent ISO,US-MIDW-MISO,453.21,525.56,29.24,10.2,eia.gov,false,""
2023-06-29T07:00:00.000000,USA,Midcontinent ISO,US-MIDW-MISO,448.15,520.68,29.47,9.43,eia.gov,false,""
2023-06-29T08:00:00.000000,USA,Midcontinent ISO,US-MIDW-MISO,447.32,519.77,29.58,9.24,eia.gov,false,""
2023-06-29T09:00:00.000000,USA,Midcontinent ISO,US-MIDW-MISO,445.67,517.78,29.91,9.56,eia.gov,false,""
2023-06-29T10:00:00.000000,USA,Midcontinent ISO,US-MIDW-MISO,451.74,524.87,28.86,9.15,eia.gov,false,""
2023-06-29T11:00:00.000000,USA,Midcontinent ISO,US-MIDW-MISO,459.83,533.21,28.24,9.68,eia.gov,false,""
2023-06-29T12:00:00.000000,USA,Midcontinent ISO,US-MIDW-MISO,464.45,537.6,28.22,10.69,eia.gov,false,""
2023-06-29T13:00:00.000000,USA,Midcontinent ISO,US-MIDW-MISO,487.48,563.03,25.12,8.33,eia.gov,false,""
2023-06-29T14:00:00.000000,USA,Midcontinent ISO,US-MIDW-MISO,485.23,560.83,25.26,9.34,eia.gov,false,""
2023-06-29T15:00:00.000000,USA,Midcontinent ISO,US-MIDW-MISO,485.03,561.74,24.52,9.57,eia.gov,false,""
2023-06-29T16:00:00.000000,USA,Midcontinent ISO,US-MIDW-MISO,486.73,564.93,23.43,9.32,eia.gov,false,""
2023-06-29T17:00:00.000000,USA,Midcontinent ISO,US-MIDW-MISO,483.33,561.97,23.39,10.02,eia.gov,false,""
2023-06-29T18:00:00.000000,USA,Midcontinent ISO,US-MIDW-MISO,478.89,558.37,23.16,10.26,eia.gov,false,""
2023-06-29T19:00:00.000000,USA,Midcontinent ISO,US-MIDW-MISO,481.63,561.25,22.86,10.2,eia.gov,false,""
2023-06-29T20:00:00.000000,USA,Midcontinent ISO,US-MIDW-MISO,479.85,559.39,23.04,10.4,eia.gov,false,""
2023-06-29T21:00:00.000000,USA,Midcontinent ISO,US-MIDW-MISO,479.8,559.84,22.69,9.91,eia.gov,false,""
2023-06-29T22:00:00.000000,USA,Midcontinent ISO,US-MIDW-MISO,479.71,560.32,22.3,9.51,eia.gov,false,""
2023-06-29T23:00:00.000000,USA,Midcontinent ISO,US-MIDW-MISO,475.4,555.44,22.94,9.76,eia.gov,false,""
2023-06-30T00:00:00.000000,USA,Midcontinent ISO,US-MIDW-MISO,483.42,564.3,21.8,8.3,eia.gov,false,""
2023-06-30T01:00:00.000000,USA,Midcontinent ISO,US-MIDW-MISO,496.28,577.79,20.39,6.6,eia.gov,false,""
2023-06-30T02:00:00.000000,USA,Midcontinent ISO,US-MIDW-MISO,498.4,579.33,20.58,6.13,eia.gov,false,""
2023-06-30T03:00:00.000000,USA,Midcontinent ISO,US-MIDW-MISO,505.89,584.15,21.9,6.49,eia.gov,false,""
2023-06-30T04:00:00.000000,USA,Midcontinent ISO,US-MIDW-MISO,504.37,580.29,23.56,7.26,eia.gov,false,""
2023-06-30T05:00:00.000000,USA,Midcontinent ISO,US-MIDW-MISO,508.53,585.18,22.71,5.18,eia.gov,false,""
2023-06-30T06:00:00.000000,USA,Midcontinent ISO,US-MIDW-MISO,503.24,580.81,22.41,3.59,eia.gov,false,""
2023-06-30T07:00:00.000000,USA,Midcontinent ISO,US-MIDW-MISO,493.43,571.44,22.77,3.18,eia.gov,false,""
2023-06-30T08:00:00.000000,USA,Midcontinent ISO,US-MIDW-MISO,483.7,561.48,23.59,3.44,eia.gov,false,""
2023-06-30T09:00:00.000000,USA,Midcontinent ISO,US-MIDW-MISO,483.16,560.77,23.73,3.56,eia.gov,false,""
2023-06-30T10:00:00.000000,USA,Midcontinent ISO,US-MIDW-MISO,486.48,563.62,23.8,4.13,eia.gov,false,""
2023-06-30T11:00:00.000000,USA,Midcontinent ISO,US-MIDW-MISO,477.21,552.52,25.78,7.3,eia.gov,false,""
2023-06-30T12:00:00.000000,USA,Midcontinent ISO,US-MIDW-MISO,474.43,549.47,26.32,8.9,eia.gov,false,""
2023-06-30T13:00:00.000000,USA,Midcontinent ISO,US-MIDW-MISO,479.9,556.03,25.29,9.12,eia.gov,false,""
2023-06-30T14:00:00.000000,USA,Midcontinent ISO,US-MIDW-MISO,488.37,565.87,23.79,8.56,eia.gov,false,""
2023-06-30T15:00:00.000000,USA,Midcontinent ISO,US-MIDW-MISO,499.7,579.25,21.66,7.51,eia.gov,false,""
2023-06-30T16:00:00.000000,USA,Midcontinent ISO,US-MIDW-MISO,500.98,581.93,20.65,7.31,eia.gov,false,""
2023-06-30T17:00:00.000000,USA,Midcontinent ISO,US-MIDW-MISO,497.87,579.5,20.44,7.56,eia.gov,false,""
2023-06-30T18:00:00.000000,USA,Midcontinent ISO,US-MIDW-MISO,494.37,576.3,20.49,8.03,eia.gov,false,""
2023-06-30T19:00:00.000000,USA,Midcontinent ISO,US-MIDW-MISO,493.66,575.96,20.29,8.05,eia.gov,false,""
2023-06-30T20:00:00.000000,USA,Midcontinent ISO,US-MIDW-MISO,495.35,578.06,19.9,7.8,eia.gov,false,""
2023-06-30T21:00:00.000000,USA,Midcontinent ISO,US-MIDW-MISO,497.17,579.98,19.69,7.6,eia.gov,false,""
2023-06-30T22:00:00.000000,USA,Midcontinent ISO,US-MIDW-MISO,498.22,580.84,19.72,7.47,eia.gov,false,""
2023-06-30T23:00:00.000000,USA,Midcontinent ISO,US-MIDW-MISO,505.66,588.28,19.19,6.61,eia.gov,false,""
2023-07-01T00:00:00.000000,USA,Midcontinent ISO,US-MIDW-MISO,518.21,601.43,17.84,4.83,eia.gov,false,""
2023-07-01T01:00:00.000000,USA,Midcontinent ISO,US-MIDW-MISO,521.24,604.22,17.71,4.02,eia.gov,false,""
2023-07-01T02:00:00.000000,USA,Midcontinent ISO,US-MIDW-MISO,523.86,605.99,18.06,3.86,eia.gov,false,""
2023-07-01T03:00:00.000000,USA,Midcontinent ISO,US-MIDW-MISO,525.28,605.75,19.07,4.19,eia.gov,false,""
2023-07-01T04:00:00.000000,USA,Midcontinent ISO,US-MIDW-MISO,530.7,610.33,19.22,3.8,eia.gov,false,""
2023-07-01T05:00:00.000000,USA,Midcontinent ISO,US-MIDW-MISO,524.42,602.48,20.68,4.07,eia.gov,false,""
2023-07-01T06:00:00.000000,USA,Midcontinent ISO,US-MIDW-MISO,512.23,589.29,22.12,3.66,eia.gov,false,""
2023-07-01T07:00:00.000000,USA,Midcontinent ISO,US-MIDW-MISO,497.57,574.36,23.3,3.82,eia.gov,false,""
2023-07-01T08:00:00.000000,USA,Midcontinent ISO,US-MIDW-MISO,484.43,560.35,24.77,4.74,eia.gov,false,""
2023-07-01T09:00:00.000000,USA,Midcontinent ISO,US-MIDW-MISO,484.54,561.03,24.39,3.95,eia.gov,false,""
2023-07-01T10:00:00.000000,USA,Midcontinent ISO,US-MIDW-MISO,487.24,563.93,24.09,3.58,eia.gov,false,""
2023-07-01T11:00:00.000000,USA,Midcontinent ISO,US-MIDW-MISO,477.48,553.17,25.47,4.91,eia.gov,false,""
2023-07-01T12:00:00.000000,USA,Midcontinent ISO,US-MIDW-MISO,472.83,548.56,25.81,5.91,eia.gov,false,""
2023-07-01T13:00:00.000000,USA,Midcontinent ISO,US-MIDW-MISO,486.1,562.87,24.28,5.89,eia.gov,false,""
2023-07-01T14:00:00.000000,USA,Midcontinent ISO,US-MIDW-MISO,502.99,580.66,22.65,5.59,eia.gov,false,""
2023-07-01T15:00:00.000000,USA,Midcontinent ISO,US-MIDW-MISO,507.17,586.02,21.6,5.52,eia.gov,false,""
2023-07-01T16:00:00.000000,USA,Midcontinent ISO,US-MIDW-MISO,510.06,589.68,20.9,5.76,eia.gov,false,""
2023-07-01T17:00:00.000000,USA,Midcontinent ISO,US-MIDW-MISO,508.41,588.0,21.1,6.71,eia.gov,false,""
2023-07-01T18:00:00.000000,USA,Midcontinent ISO,US-MIDW-MISO,509.42,589.23,20.89,6.94,eia.gov,false,""
2023-07-01T19:00:00.000000,USA,Midcontinent ISO,US-MIDW-MISO,510.06,589.61,21.05,7.53,eia.gov,false,""
2023-07-01T20:00:00.000000,USA,Midcontinent ISO,US-MIDW-MISO,506.4,585.3,21.82,8.59,eia.gov,false,""
2023-07-01T21:00:00.000000,USA,Midcontinent ISO,US-MIDW-MISO,507.52,586.4,21.73,8.51,eia.gov,false,""
2023-07-01T22:00:00.000000,USA,Midcontinent ISO,US-MIDW-MISO,509.43,588.26,21.57,8.28,eia.gov,false,""
2023-07-01T23:00:00.000000,USA,Midcontinent ISO,US-MIDW-MISO,514.4,593.77,20.78,7.13,eia.gov,false,""
2023-07-02T00:00:00.000000,USA,Midcontinent ISO,US-MIDW-MISO,519.32,599.18,20.02,5.9,eia.gov,false,""
2023-07-02T01:00:00.000000,USA,Midcontinent ISO,US-MIDW-MISO,513.77,593.0,20.72,5.83,eia.gov,false,""
2023-07-02T02:00:00.000000,USA,Midcontinent ISO,US-MIDW-MISO,503.52,581.7,22.07,6.46,eia.gov,false,""
2023-07-02T03:00:00.000000,USA,Midcontinent ISO,US-MIDW-MISO,508.65,585.89,22.35,6.3,eia.gov,false,""
2023-07-02T04:00:00.000000,USA,Midcontinent ISO,US-MIDW-MISO,516.8,593.07,22.4,5.59,eia.gov,false,""
2023-07-02T05:00:00.000000,USA,Midcontinent ISO,US-MIDW-MISO,510.23,585.66,23.37,5.24,eia.gov,false,""
2023-07-02T06:00:00.000000,USA,Midcontinent ISO,US-MIDW-MISO,493.5,567.58,25.4,6.31,eia.gov,false,""
2023-07-02T07:00:00.000000,USA,Midcontinent ISO,US-MIDW-MISO,477.4,550.81,26.92,7.27,eia.gov,false,""
2023-07-02T08:00:00.000000,USA,Midcontinent ISO,US-MIDW-MISO,466.75,539.2,28.29,8.15,eia.gov,false,""
2023-07-02T09:00:00.000000,USA,Midcontinent ISO,US-MIDW-MISO,463.59,535.65,28.76,8.29,eia.gov,false,""
2023-07-02T10:00:00.000000,USA,Midcontinent ISO,US-MIDW-MISO,464.52,536.74,28.61,8.15,eia.gov,false,""
2023-07-02T11:00:00.000000,USA,Midcontinent ISO,US-MIDW-MISO,463.26,534.95,29.1,8.28,eia.gov,false,""
2023-07-02T12:00:00.000000,USA,Midcontinent ISO,US-MIDW-MISO,463.02,535.64,28.59,8.54,eia.gov,false,""
2023-07-02T13:00:00.000000,USA,Midcontinent ISO,US-MIDW-MISO,483.81,558.51,25.87,7.06,eia.gov,false,""
2023-07-02T14:00:00.000000,USA,Midcontinent ISO,US-MIDW-MISO,504.94,580.5,23.9,6.27,eia.gov,false,""
2023-07-02T15:00:00.000000,USA,Midcontinent ISO,US-MIDW-MISO,511.04,587.28,23.06,6.53,eia.gov,false,""
2023-07-02T16:00:00.000000,USA,Midcontinent ISO,US-MIDW-MISO,506.67,582.89,23.42,7.71,eia.gov,false,""
2023-07-02T17:00:00.000000,USA,Midcontinent ISO,US-MIDW-MISO,507.91,584.3,23.23,8.3,eia.gov,false,""
2023-07-02T18:00:00.000000,USA,Midcontinent ISO,US-MIDW-MISO,504.23,580.86,23.35,9.14,eia.gov,false,""
2023-07-02T19:00:00.000000,USA,Midcontinent ISO,US-MIDW-MISO,502.42,578.86,23.6,9.46,eia.gov,false,""
2023-07-02T20:00:00.000000,USA,Midcontinent ISO,US-MIDW-MISO,498.12,574.01,24.31,10.36,eia.gov,false,""
2023-07-02T21:00:00.000000,USA,Midcontinent ISO,US-MIDW-MISO,501.57,577.93,23.77,10.02,eia.gov,false,""
2023-07-02T22:00:00.000000,USA,Midcontinent ISO,US-MIDW-MISO,507.01,584.03,22.93,9.14,eia.gov,false,""
2023-07-02T23:00:00.000000,USA,Midcontinent ISO,US-MIDW-MISO,513.59,590.82,22.3,8.35,eia.gov,false,""
2023-07-03T00:00:00.000000,USA,Midcontinent ISO,US-MIDW-MISO,519.66,597.12,21.64,7.26,eia.gov,false,""
2023-07-03T01:00:00.000000,USA,Midcontinent ISO,US-MIDW-MISO,520.08,597.37,21.65,6.66,eia.gov,false,""
2023-07-03T02:00:00.000000,USA,Midcontinent ISO,US-MIDW-MISO,515.56,592.08,22.42,6.93,eia.gov,false,""
2023-07-03T03:00:00.000000,USA,Midcontinent ISO,US-MIDW-MISO,520.44,596.15,22.46,6.27,eia.gov,false,""
2023-07-03T04:00:00.000000,USA,Midcontinent ISO,US-MIDW-MISO,505.05,578.4,25.08,7.9,eia.gov,false,""
2023-07-03T05:00:00.000000,USA,Midcontinent ISO,US-MIDW-MISO,476.46,547.74,28.38,9.99,eia.gov,false,""
2023-07-03T06:00:00.000000,USA,Midcontinent ISO,US-MIDW-MISO,447.62,517.97,30.95,11.47,eia.gov,false,""
2023-07-03T07:00:00.000000,USA,Midcontinent ISO,US-MIDW-MISO,433.83,502.95,32.69,12.5,eia.gov,false,""
2023-07-03T08:00:00.000000,USA,Midcontinent ISO,US-MIDW-MISO,431.78,500.18,33.32,12.73,eia.gov,false,""
2023-07-03T09:00:00.000000,USA,Midcontinent ISO,US-MIDW-MISO,434.17,502.98,32.88,12.38,eia.gov,false,""
2023-07-03T10:00:00.000000,USA,Midcontinent ISO,US-MIDW-MISO,441.52,511.51,31.61,11.37,eia.gov,false,""
2023-07-03T11:00:00.000000,USA,Midcontinent ISO,US-MIDW-MISO,444.38,515.05,31.09,11.54,eia.gov,false,""
2023-07-03T12:00:00.000000,USA,Midcontinent ISO,US-MIDW-MISO,457.25,530.13,28.88,10.4,eia.gov,false,""
2023-07-03T13:00:00.000000,USA,Midcontinent ISO,US-MIDW-MISO,478.69,553.32,26.35,8.93,eia.gov,false,""
2023-07-03T14:00:00.000000,USA,Midcontinent ISO,US-MIDW-MISO,498.75,574.86,24.07,7.86,eia.gov,false,""
2023-07-03T15:00:00.000000,USA,Midcontinent ISO,US-MIDW-MISO,508.63,585.52,22.89,7.73,eia.gov,false,""
2023-07-03T16:00:00.000000,USA,Midcontinent ISO,US-MIDW-MISO,508.92,586.38,22.47,8.25,eia.gov,false,""
2023-07-03T17:00:00.000000,USA,Midcontinent ISO,US-MIDW-MISO,502.26,579.44,23.15,9.67,eia.gov,false,""
2023-07-03T18:00:00.000000,USA,Midcontinent ISO,US-MIDW-MISO,500.72,578.39,22.97,10.01,eia.gov,false,""
2023-07-03T19:00:00.000000,USA,Midcontinent ISO,US-MIDW-MISO,499.53,577.29,23.05,10.38,eia.gov,false,""
2023-07-03T20:00:00.000000,USA,Midcontinent ISO,US-MIDW-MISO,500.19,578.3,22.78,10.42,eia.gov,false,""
2023-07-03T21:00:00.000000,USA,Midcontinent ISO,US-MIDW-MISO,503.5,582.1,22.24,10.03,eia.gov,false,""
2023-07-03T22:00:00.000000,USA,Midcontinent ISO,US-MIDW-MISO,506.77,585.54,21.88,9.64,eia.gov,false,""
2023-07-03T23:00:00.000000,USA,Midcontinent ISO,US-MIDW-MISO,512.93,591.93,21.23,8.61,eia.gov,false,""
2023-07-04T00:00:00.000000,USA,Midcontinent ISO,US-MIDW-MISO,519.7,599.19,20.29,7.22,eia.gov,false,""
2023-07-04T01:00:00.000000,USA,Midcontinent ISO,US-MIDW-MISO,521.04,600.07,20.38,6.69,eia.gov,false,""
2023-07-04T02:00:00.000000,USA,Midcontinent ISO,US-MIDW-MISO,517.24,595.08,21.36,7.02,eia.gov,false,""
2023-07-04T03:00:00.000000,USA,Midcontinent ISO,US-MIDW-MISO,518.09,594.5,22.18,6.95,eia.gov,false,""
2023-07-04T04:00:00.000000,USA,Midcontinent ISO,US-MIDW-MISO,510.09,584.54,24.0,7.81,eia.gov,false,""
2023-07-04T05:00:00.000000,USA,Midcontinent ISO,US-MIDW-MISO,493.74,565.88,26.66,9.32,eia.gov,false,""
2023-07-04T06:00:00.000000,USA,Midcontinent ISO,US-MIDW-MISO,480.1,552.02,27.75,8.97,eia.gov,false,""
2023-07-04T07:00:00.000000,USA,Midcontinent ISO,US-MIDW-MISO,468.03,539.77,28.69,8.99,eia.gov,false,""
2023-07-04T08:00:00.000000,USA,Midcontinent ISO,US-MIDW-MISO,453.92,523.87,30.84,10.65,eia.gov,false,""
2023-07-04T09:00:00.000000,USA,Midcontinent ISO,US-MIDW-MISO,443.55,511.75,32.69,12.34,eia.gov,false,""
2023-07-04T10:00:00.000000,USA,Midcontinent ISO,US-MIDW-MISO,443.72,511.45,33.0,12.79,eia.gov,false,""
2023-07-04T11:00:00.000000,USA,Midcontinent ISO,US-MIDW-MISO,440.84,507.22,34.17,14.01,eia.gov,false,""
2023-07-04T12:00:00.000000,USA,Midcontinent ISO,US-MIDW-MISO,446.11,513.6,33.23,13.9,eia.gov,false,""
2023-07-04T13:00:00.000000,USA,Midcontinent ISO,US-MIDW-MISO,452.54,522.9,30.98,13.03,eia.gov,false,""
2023-07-04T14:00:00.000000,USA,Midcontinent ISO,US-MIDW-MISO,465.38,537.72,28.81,12.47,eia.gov,false,""
2023-07-04T15:00:00.000000,USA,Midcontinent ISO,US-MIDW-MISO,489.55,563.11,26.33,11.25,eia.gov,false,""
2023-07-04T16:00:00.000000,USA,Midcontinent ISO,US-MIDW-MISO,505.53,580.32,24.43,10.46,eia.gov,false,""
2023-07-04T17:00:00.000000,USA,Midcontinent ISO,US-MIDW-MISO,513.55,588.62,23.77,10.56,eia.gov,false,""
2023-07-04T18:00:00.000000,USA,Midcontinent ISO,US-MIDW-MISO,513.84,589.17,23.65,10.91,eia.gov,false,""
2023-07-04T19:00:00.000000,USA,Midcontinent ISO,US-MIDW-MISO,509.41,584.3,24.25,11.74,eia.gov,false,""
2023-07-04T20:00:00.000000,USA,Midcontinent ISO,US-MIDW-MISO,509.59,584.61,24.18,11.8,eia.gov,false,""
2023-07-04T21:00:00.000000,USA,Midcontinent ISO,US-MIDW-MISO,512.6,587.84,23.85,11.61,eia.gov,false,""
2023-07-04T22:00:00.000000,USA,Midcontinent ISO,US-MIDW-MISO,514.91,589.99,23.77,11.49,eia.gov,false,""
2023-07-04T23:00:00.000000,USA,Midcontinent ISO,US-MIDW-MISO,514.34,589.05,23.95,11.38,eia.gov,false,""
2023-07-05T00:00:00.000000,USA,Midcontinent ISO,US-MIDW-MISO,523.31,598.77,22.71,9.7,eia.gov,false,""
2023-07-05T01:00:00.000000,USA,Midcontinent ISO,US-MIDW-MISO,524.23,599.62,22.54,8.89,eia.gov,false,""
2023-07-05T02:00:00.000000,USA,Midcontinent ISO,US-MIDW-MISO,523.34,598.39,22.76,8.47,eia.gov,false,""
2023-07-05T03:00:00.000000,USA,Midcontinent ISO,US-MIDW-MISO,523.82,597.68,23.45,8.34,eia.gov,false,""
2023-07-05T04:00:00.000000,USA,Midcontinent ISO,US-MIDW-MISO,517.0,589.59,24.78,8.77,eia.gov,false,""
2023-07-05T05:00:00.000000,USA,Midcontinent ISO,US-MIDW-MISO,488.09,557.97,28.6,11.6,eia.gov,false,""
2023-07-05T06:00:00.000000,USA,Midcontinent ISO,US-MIDW-MISO,452.32,520.91,31.82,13.54,eia.gov,false,""
2023-07-05T07:00:00.000000,USA,Midcontinent ISO,US-MIDW-MISO,449.58,519.38,31.21,12.22,eia.gov,false,""
2023-07-05T08:00:00.000000,USA,Midcontinent ISO,US-MIDW-MISO,453.27,523.84,30.46,10.95,eia.gov,false,""
2023-07-05T09:00:00.000000,USA,Midcontinent ISO,US-MIDW-MISO,455.15,525.7,30.35,10.83,eia.gov,false,""
2023-07-05T10:00:00.000000,USA,Midcontinent ISO,US-MIDW-MISO,463.44,533.79,29.91,11.31,eia.gov,false,""
2023-07-05T11:00:00.000000,USA,Midcontinent ISO,US-MIDW-MISO,467.37,537.14,30.15,12.79,eia.gov,false,""
2023-07-05T12:00:00.000000,USA,Midcontinent ISO,US-MIDW-MISO,482.55,552.86,28.88,13.14,eia.gov,false,""
2023-07-05T13:00:00.000000,USA,Midcontinent ISO,US-MIDW-MISO,496.33,568.08,27.05,12.4,eia.gov,false,""
2023-07-05T14:00:00.000000,USA,Midcontinent ISO,US-MIDW-MISO,499.24,571.72,26.44,12.88,eia.gov,false,""
2023-07-05T15:00:00.000000,USA,Midcontinent ISO,US-MIDW-MISO,508.46,582.64,24.7,11.83,eia.gov,false,""
2023-07-05T16:00:00.000000,USA,Midcontinent ISO,US-MIDW-MISO,511.92,588.64,22.76,10.33,eia.gov,false,""
2023-07-05T17:00:00.000000,USA,Midcontinent ISO,US-MIDW-MISO,508.59,586.13,22.51,10.62,eia.gov,false,""
2023-07-05T18:00:00.000000,USA,Midcontinent ISO,US-MIDW-MISO,504.56,581.9,22.98,11.41,eia.gov,false,""
2023-07-05T19:00:00.000000,USA,Midcontinent ISO,US-MIDW-MISO,498.84,575.56,23.8,12.42,eia.gov,false,""
2023-07-05T20:00:00.000000,USA,Midcontinent ISO,US-MIDW-MISO,492.61,568.73,24.58,13.31,eia.gov,false,""
2023-07-05T21:00:00.000000,USA,Midcontinent ISO,US-MIDW-MISO,489.64,565.24,25.09,13.82,eia.gov,false,""
2023-07-05T22:00:00.000000,USA,Midcontinent ISO,US-MIDW-MISO,487.73,563.08,25.33,13.96,eia.gov,false,""
2023-07-05T23:00:00.000000,USA,Midcontinent ISO,US-MIDW-MISO,490.06,565.49,25.02,13.3,eia.gov,false,""
2023-07-06T00:00:00.000000,USA,Midcontinent ISO,US-MIDW-MISO,502.77,578.91,23.59,11.34,eia.gov,false,""
2023-07-06T01:00:00.000000,USA,Midcontinent ISO,US-MIDW-MISO,518.12,595.17,21.91,8.93,eia.gov,false,""
2023-07-06T02:00:00.000000,USA,Midcontinent ISO,US-MIDW-MISO,510.54,586.79,22.94,9.32,eia.gov,false,""
2023-07-06T03:00:00.000000,USA,Midcontinent ISO,US-MIDW-MISO,506.47,581.03,24.31,9.57,eia.gov,false,""
2023-07-06T04:00:00.000000,USA,Midcontinent ISO,US-MIDW-MISO,500.95,573.98,25.66,10.03,eia.gov,false,""
2023-07-06T05:00:00.000000,USA,Midcontinent ISO,US-MIDW-MISO,485.07,556.56,27.73,11.21,eia.gov,false,""
2023-07-06T06:00:00.000000,USA,Midcontinent ISO,US-MIDW-MISO,477.52,548.77,28.39,11.08,eia.gov,false,""
2023-07-06T07:00:00.000000,USA,Midcontinent ISO,US-MIDW-MISO,468.97,539.86,29.18,11.15,eia.gov,false,""
2023-07-06T08:00:00.000000,USA,Midcontinent ISO,US-MIDW-MISO,463.12,534.17,29.46,10.81,eia.gov,false,""
2023-07-06T09:00:00.000000,USA,Midcontinent ISO,US-MIDW-MISO,475.99,547.74,28.13,9.58,eia.gov,false,""
2023-07-06T10:00:00.000000,USA,Midcontinent ISO,US-MIDW-MISO,489.66,561.94,26.86,8.74,eia.gov,false,""
2023-07-06T11:00:00.000000,USA,Midcontinent ISO,US-MIDW-MISO,493.28,566.25,26.27,9.07,eia.gov,false,""
2023-07-06T12:00:00.000000,USA,Midcontinent ISO,US-MIDW-MISO,504.87,578.69,25.11,8.83,eia.gov,false,""
2023-07-06T13:00:00.000000,USA,Midcontinent ISO,US-MIDW-MISO,516.1,591.65,23.3,7.81,eia.gov,false,""
2023-07-06T14:00:00.000000,USA,Midcontinent ISO,US-MIDW-MISO,521.68,598.03,22.41,7.52,eia.gov,false,""
2023-07-06T15:00:00.000000,USA,Midcontinent ISO,US-MIDW-MISO,521.34,597.58,22.53,8.33,eia.gov,false,""
2023-07-06T16:00:00.000000,USA,Midcontinent ISO,US-MIDW-MISO,520.69,597.01,22.51,9.03,eia.gov,false,""
2023-07-06T17:00:00.000000,USA,Midcontinent ISO,US-MIDW-MISO,520.91,597.45,22.37,9.37,eia.gov,false,""
2023-07-06T18:00:00.000000,USA,Midcontinent ISO,US-MIDW-MISO,512.77,588.85,23.32,10.54,eia.gov,false,""
2023-07-06T19:00:00.000000,USA,Midcontinent ISO,US-MIDW-MISO,509.63,585.79,23.51,10.97,eia.gov,false,""
2023-07-06T20:00:00.000000,USA,Midcontinent ISO,US-MIDW-MISO,511.0,587.57,23.15,10.76,eia.gov,false,""
2023-07-06T21:00:00.000000,USA,Midcontinent ISO,US-MIDW-MISO,511.89,588.82,22.84,10.5,eia.gov,false,""
2023-07-06T22:00:00.000000,USA,Midcontinent ISO,US-MIDW-MISO,514.56,591.97,22.3,9.93,eia.gov,false,""
2023-07-06T23:00:00.000000,USA,Midcontinent ISO,US-MIDW-MISO,520.87,598.95,21.36,8.74,eia.gov,false,""
2023-07-07T00:00:00.000000,USA,Midcontinent ISO,US-MIDW-MISO,528.94,607.76,20.19,6.98,eia.gov,false,""
2023-07-07T01:00:00.000000,USA,Midcontinent ISO,US-MIDW-MISO,532.92,612.48,19.29,5.53,eia.gov,false,""
2023-07-07T02:00:00.000000,USA,Midcontinent ISO,US-MIDW-MISO,533.89,612.53,19.78,5.36,eia.gov,false,""
2023-07-07T03:00:00.000000,USA,Midcontinent ISO,US-MIDW-MISO,523.03,599.47,21.99,6.39,eia.gov,false,""
2023-07-07T04:00:00.000000,USA,Midcontinent ISO,US-MIDW-MISO,507.1,581.65,24.32,7.66,eia.gov,false,""
2023-07-07T05:00:00.000000,USA,Midcontinent ISO,US-MIDW-MISO,494.67,568.63,25.45,7.6,eia.gov,false,""
2023-07-07T06:00:00.000000,USA,Midcontinent ISO,US-MIDW-MISO,481.19,554.98,26.43,7.58,eia.gov,false,""
2023-07-07T07:00:00.000000,USA,Midcontinent ISO,US-MIDW-MISO,465.13,538.64,27.7,8.09,eia.gov,false,""
2023-07-07T08:00:00.000000,USA,Midcontinent ISO,US-MIDW-MISO,451.78,524.42,29.18,9.36,eia.gov,false,""
2023-07-07T09:00:00.000000,USA,Midcontinent ISO,US-MIDW-MISO,452.56,524.69,29.46,9.82,eia.gov,false,""
2023-07-07T10:00:00.000000,USA,Midcontinent ISO,US-MIDW-MISO,456.61,528.32,29.48,10.4,eia.gov,false,""
2023-07-07T11:00:00.000000,USA,Midcontinent ISO,US-MIDW-MISO,452.08,522.86,30.56,12.32,eia.gov,false,""
2023-07-07T12:00:00.000000,USA,Midcontinent ISO,US-MIDW-MISO,449.08,519.34,31.3,14.0,eia.gov,false,""
2023-07-07T13:00:00.000000,USA,Midcontinent ISO,US-MIDW-MISO,455.54,527.74,29.7,13.25,eia.gov,false,""
2023-07-07T14:00:00.000000,USA,Midcontinent ISO,US-MIDW-MISO,471.15,545.68,27.11,11.21,eia.gov,false,""
2023-07-07T15:00:00.000000,USA,Midcontinent ISO,US-MIDW-MISO,488.34,564.35,24.94,9.78,eia.gov,false,""
2023-07-07T16:00:00.000000,USA,Midcontinent ISO,US-MIDW-MISO,492.83,568.78,24.64,10.17,eia.gov,false,""
2023-07-07T17:00:00.000000,USA,Midcontinent ISO,US-MIDW-MISO,493.92,569.62,24.76,10.66,eia.gov,false,""
2023-07-07T18:00:00.000000,USA,Midcontinent ISO,US-MIDW-MISO,499.01,575.55,23.94,10.35,eia.gov,false,""
2023-07-07T19:00:00.000000,USA,Midcontinent ISO,US-MIDW-MISO,496.35,572.98,24.1,10.79,eia.gov,false,""
2023-07-07T20:00:00.000000,USA,Midcontinent ISO,US-MIDW-MISO,496.81,573.76,23.83,10.65,eia.gov,false,""
2023-07-07T21:00:00.000000,USA,Midcontinent ISO,US-MIDW-MISO,495.32,571.96,24.14,10.94,eia.gov,false,""
2023-07-07T22:00:00.000000,USA,Midcontinent ISO,US-MIDW-MISO,499.12,576.07,23.61,10.35,eia.gov,false,""
2023-07-07T23:00:00.000000,USA,Midcontinent ISO,US-MIDW-MISO,507.79,585.58,22.38,8.9,eia.gov,false,""
2023-07-08T00:00:00.000000,USA,Midcontinent ISO,US-MIDW-MISO,518.85,597.35,21.02,6.87,eia.gov,false,""
2023-07-08T01:00:00.000000,USA,Midcontinent ISO,US-MIDW-MISO,525.64,604.8,20.01,5.22,eia.gov,false,""
2023-07-08T02:00:00.000000,USA,Midcontinent ISO,US-MIDW-MISO,519.9,598.01,21.15,5.88,eia.gov,false,""
2023-07-08T03:00:00.000000,USA,Midcontinent ISO,US-MIDW-MISO,520.77,597.91,21.71,5.7,eia.gov,false,""
2023-07-08T04:00:00.000000,USA,Midcontinent ISO,US-MIDW-MISO,515.03,591.05,22.8,5.82,eia.gov,false,""
2023-07-08T05:00:00.000000,USA,Midcontinent ISO,US-MIDW-MISO,496.0,570.7,24.98,7.1,eia.gov,false,""
2023-07-08T06:00:00.000000,USA,Midcontinent ISO,US-MIDW-MISO,476.93,551.17,26.5,7.76,eia.gov,false,""
2023-07-08T07:00:00.000000,USA,Midcontinent ISO,US-MIDW-MISO,458.67,532.08,28.25,8.74,eia.gov,false,""
2023-07-08T08:00:00.000000,USA,Midcontinent ISO,US-MIDW-MISO,443.35,516.0,29.77,9.71,eia.gov,false,""
2023-07-08T09:00:00.000000,USA,Midcontinent ISO,US-MIDW-MISO,441.92,514.42,29.96,9.78,eia.gov,false,""
2023-07-08T10:00:00.000000,USA,Midcontinent ISO,US-MIDW-MISO,439.87,512.02,30.33,10.15,eia.gov,false,""
2023-07-08T11:00:00.000000,USA,Midcontinent ISO,US-MIDW-MISO,425.56,496.25,32.39,12.3,eia.gov,false,""
2023-07-08T12:00:00.000000,USA,Midcontinent ISO,US-MIDW-MISO,431.5,503.9,30.99,11.3,eia.gov,false,""
2023-07-08T13:00:00.000000,USA,Midcontinent ISO,US-MIDW-MISO,453.61,528.13,28.21,9.62,eia.gov,false,""
2023-07-08T14:00:00.000000,USA,Midcontinent ISO,US-MIDW-MISO,466.39,541.91,26.72,9.5,eia.gov,false,""
2023-07-08T15:00:00.000000,USA,Midcontinent ISO,US-MIDW-MISO,474.88,550.3,26.19,9.94,eia.gov,false,""
2023-07-08T16:00:00.000000,USA,Midcontinent ISO,US-MIDW-MISO,478.08,553.27,26.1,10.59,eia.gov,false,""
2023-07-08T17:00:00.000000,USA,Midcontinent ISO,US-MIDW-MISO,480.17,555.1,26.15,10.99,eia.gov,false,""
2023-07-08T18:00:00.000000,USA,Midcontinent ISO,US-MIDW-MISO,480.55,555.21,26.3,11.37,eia.gov,false,""
2023-07-08T19:00:00.000000,USA,Midcontinent ISO,US-MIDW-MISO,484.88,559.45,26.06,11.31,eia.gov,false,""
2023-07-08T20:00:00.000000,USA,Midcontinent ISO,US-MIDW-MISO,484.47,558.67,26.39,12.02,eia.gov,false,""
2023-07-08T21:00:00.000000,USA,Midcontinent ISO,US-MIDW-MISO,487.54,561.52,26.35,12.29,eia.gov,false,""
2023-07-08T22:00:00.000000,USA,Midcontinent ISO,US-MIDW-MISO,496.04,570.47,25.48,11.5,eia.gov,false,""
2023-07-08T23:00:00.000000,USA,Midcontinent ISO,US-MIDW-MISO,508.43,584.02,23.77,9.43,eia.gov,false,""
2023-07-09T00:00:00.000000,USA,Midcontinent ISO,US-MIDW-MISO,516.95,593.73,22.27,7.26,eia.gov,false,""
2023-07-09T01:00:00.000000,USA,Midcontinent ISO,US-MIDW-MISO,509.87,586.82,22.59,7.03,eia.gov,false,""
2023-07-09T02:00:00.000000,USA,Midcontinent ISO,US-MIDW-MISO,491.47,567.75,24.28,8.04,eia.gov,false,""
2023-07-09T03:00:00.000000,USA,Midcontinent ISO,US-MIDW-MISO,480.7,555.42,25.99,9.01,eia.gov,false,""
2023-07-09T04:00:00.000000,USA,Midcontinent ISO,US-MIDW-MISO,467.48,540.88,27.73,9.77,eia.gov,false,""
2023-07-09T05:00:00.000000,USA,Midcontinent ISO,US-MIDW-MISO,459.19,531.68,28.81,9.74,eia.gov,false,""
2023-07-09T06:00:00.000000,USA,Midcontinent ISO,US-MIDW-MISO,441.99,513.43,30.63,10.85,eia.gov,false,""
2023-07-09T07:00:00.000000,USA,Midcontinent ISO,US-MIDW-MISO,433.39,505.3,30.88,10.12,eia.gov,false,""
2023-07-09T08:00:00.000000,USA,Midcontinent ISO,US-MIDW-MISO,429.12,501.45,30.88,9.71,eia.gov,false,""
2023-07-09T09:00:00.000000,USA,Midcontinent ISO,US-MIDW-MISO,427.26,498.99,31.43,9.91,eia.gov,false,""
2023-07-09T10:00:00.000000,USA,Midcontinent ISO,US-MIDW-MISO,431.16,503.39,30.83,9.3,eia.gov,false,""
2023-07-09T11:00:00.000000,USA,Midcontinent ISO,US-MIDW-MISO,429.17,500.55,31.62,10.03,eia.gov,false,""
2023-07-09T12:00:00.000000,USA,Midcontinent ISO,US-MIDW-MISO,426.69,497.8,32.17,11.5,eia.gov,false,""
2023-07-09T13:00:00.000000,USA,Midcontinent ISO,US-MIDW-MISO,433.88,505.82,31.28,11.82,eia.gov,false,""
2023-07-09T14:00:00.000000,USA,Midcontinent ISO,US-MIDW-MISO,446.07,519.08,29.86,11.85,eia.gov,false,""
2023-07-09T15:00:00.000000,USA,Midcontinent ISO,US-MIDW-MISO,454.1,527.81,28.8,11.84,eia.gov,false,""
2023-07-09T16:00:00.000000,USA,Midcontinent ISO,US-MIDW-MISO,457.67,531.89,28.19,11.98,eia.gov,false,""
2023-07-09T17:00:00.000000,USA,Midcontinent ISO,US-MIDW-MISO,460.14,534.13,28.17,12.68,eia.gov,false,""
2023-07-09T18:00:00.000000,USA,Midcontinent ISO,US-MIDW-MISO,464.75,538.22,28.2,13.36,eia.gov,false,""
2023-07-09T19:00:00.000000,USA,Midcontinent ISO,US-MIDW-MISO,470.79,543.9,28.02,13.47,eia.gov,false,""
2023-07-09T20:00:00.000000,USA,Midcontinent ISO,US-MIDW-MISO,466.55,539.0,28.84,14.64,eia.gov,false,""
2023-07-09T21:00:00.000000,USA,Midcontinent ISO,US-MIDW-MISO,469.91,542.23,28.7,14.82,eia.gov,false,""
2023-07-09T22:00:00.000000,USA,Midcontinent ISO,US-MIDW-MISO,468.52,540.94,28.72,14.81,eia.gov,false,""
2023-07-09T23:00:00.000000,USA,Midcontinent ISO,US-MIDW-MISO,478.09,551.08,27.61,13.64,eia.gov,false,""
2023-07-10T00:00:00.000000,USA,Midcontinent ISO,US-MIDW-MISO,492.57,566.6,25.84,11.66,eia.gov,false,""
2023-07-10T01:00:00.000000,USA,Midcontinent ISO,US-MIDW-MISO,487.86,561.7,26.18,11.54,eia.gov,false,""
2023-07-10T02:00:00.000000,USA,Midcontinent ISO,US-MIDW-MISO,472.12,544.8,27.9,12.83,eia.gov,false,""
2023-07-10T03:00:00.000000,USA,Midcontinent ISO,US-MIDW-MISO,445.65,515.61,31.47,15.5,eia.gov,false,""
2023-07-10T04:00:00.000000,USA,Midcontinent ISO,US-MIDW-MISO,424.33,490.82,35.19,18.18,eia.gov,false,""
2023-07-10T05:00:00.000000,USA,Midcontinent ISO,US-MIDW-MISO,413.8,478.94,36.71,18.44,eia.gov,false,""
2023-07-10T06:00:00.000000,USA,Midcontinent ISO,US-MIDW-MISO,393.56,457.27,39.02,19.86,eia.gov,false,""
2023-07-10T07:00:00.000000,USA,Midcontinent ISO,US-MIDW-MISO,386.13,448.79,40.21,20.39,eia.gov,false,""
2023-07-10T08:00:00.000000,USA,Midcontinent ISO,US-MIDW-MISO,387.11,448.94,40.67,20.44,eia.gov,false,""
2023-07-10T09:00:00.000000,USA,Midcontinent ISO,US-MIDW-MISO,386.81,449.35,40.23,20.44,eia.gov,false,""
2023-07-10T10:00:00.000000,USA,Midcontinent ISO,US-MIDW-MISO,389.99,453.31,39.53,20.54,eia.gov,false,""
2023-07-10T11:00:00.000000,USA,Midcontinent ISO,US-MIDW-MISO,388.43,452.1,39.54,21.5,eia.gov,false,""
2023-07-10T12:00:00.000000,USA,Midcontinent ISO,US-MIDW-MISO,393.08,458.17,38.46,21.36,eia.gov,false,""
2023-07-10T13:00:00.000000,USA,Midcontinent ISO,US-MIDW-MISO,418.03,488.22,33.45,17.24,eia.gov,false,""
2023-07-10T14:00:00.000000,USA,Midcontinent ISO,US-MIDW-MISO,437.17,509.14,31.0,15.48,eia.gov,false,""
2023-07-10T15:00:00.000000,USA,Midcontinent ISO,US-MIDW-MISO,447.97,520.36,29.97,15.35,eia.gov,false,""
2023-07-10T16:00:00.000000,USA,Midcontinent ISO,US-MIDW-MISO,456.88,529.44,29.22,15.4,eia.gov,false,""
2023-07-10T17:00:00.000000,USA,Midcontinent ISO,US-MIDW-MISO,464.34,536.62,28.93,15.74,eia.gov,false,""
2023-07-10T18:00:00.000000,USA,Midcontinent ISO,US-MIDW-MISO,463.4,535.21,29.35,16.7,eia.gov,false,""
2023-07-10T19:00:00.000000,USA,Midcontinent ISO,US-MIDW-MISO,462.95,534.51,29.56,17.26,eia.gov,false,""
2023-07-10T20:00:00.000000,USA,Midcontinent ISO,US-MIDW-MISO,457.78,528.81,30.3,18.32,eia.gov,false,""
2023-07-10T21:00:00.000000,USA,Midcontinent ISO,US-MIDW-MISO,452.05,522.8,30.91,19.22,eia.gov,false,""
2023-07-10T22:00:00.000000,USA,Midcontinent ISO,US-MIDW-MISO,451.99,522.92,30.74,19.07,eia.gov,false,""
2023-07-10T23:00:00.000000,USA,Midcontinent ISO,US-MIDW-MISO,460.27,532.02,29.58,17.63,eia.gov,false,""
2023-07-11T00:00:00.000000,USA,Midcontinent ISO,US-MIDW-MISO,473.68,546.34,27.95,15.47,eia.gov,false,""
2023-07-11T01:00:00.000000,USA,Midcontinent ISO,US-MIDW-MISO,475.77,548.43,27.68,14.52,eia.gov,false,""
2023-07-11T02:00:00.000000,USA,Midcontinent ISO,US-MIDW-MISO,471.76,543.26,28.68,14.99,eia.gov,false,""
2023-07-11T03:00:00.000000,USA,Midcontinent ISO,US-MIDW-MISO,451.77,521.54,31.15,16.34,eia.gov,false,""
2023-07-11T04:00:00.000000,USA,Midcontinent ISO,US-MIDW-MISO,438.05,505.98,33.31,17.3,eia.gov,false,""
2023-07-11T05:00:00.000000,USA,Midcontinent ISO,US-MIDW-MISO,432.15,498.87,34.44,17.23,eia.gov,false,""
2023-07-11T06:00:00.000000,USA,Midcontinent ISO,US-MIDW-MISO,416.94,483.03,35.88,17.03,eia.gov,false,""
2023-07-11T07:00:00.000000,USA,Midcontinent ISO,US-MIDW-MISO,407.57,473.66,36.49,16.83,eia.gov,false,""
2023-07-11T08:00:00.000000,USA,Midcontinent ISO,US-MIDW-MISO,399.23,463.55,38.23,17.87,eia.gov,false,""
2023-07-11T09:00:00.000000,USA,Midcontinent ISO,US-MIDW-MISO,397.53,462.03,38.22,18.22,eia.gov,false,""
2023-07-11T10:00:00.000000,USA,Midcontinent ISO,US-MIDW-MISO,402.99,468.91,36.92,17.63,eia.gov,false,""
2023-07-11T11:00:00.000000,USA,Midcontinent ISO,US-MIDW-MISO,410.82,477.9,35.76,17.54,eia.gov,false,""
2023-07-11T12:00:00.000000,USA,Midcontinent ISO,US-MIDW-MISO,421.4,489.88,34.29,17.17,eia.gov,false,""
2023-07-11T13:00:00.000000,USA,Midcontinent ISO,US-MIDW-MISO,435.53,506.65,31.69,15.37,eia.gov,false,""
2023-07-11T14:00:00.000000,USA,Midcontinent ISO,US-MIDW-MISO,449.7,522.59,29.55,14.23,eia.gov,false,""
2023-07-11T15:00:00.000000,USA,Midcontinent ISO,US-MIDW-MISO,475.87,550.86,26.39,11.97,eia.gov,false,""
2023-07-11T16:00:00.000000,USA,Midcontinent ISO,US-MIDW-MISO,495.11,572.15,23.72,9.96,eia.gov,false,""
2023-07-11T17:00:00.000000,USA,Midcontinent ISO,US-MIDW-MISO,498.33,575.93,23.16,10.02,eia.gov,false,""
2023-07-11T18:00:00.000000,USA,Midcontinent ISO,US-MIDW-MISO,497.53,575.66,22.9,10.18,eia.gov,false,""
2023-07-11T19:00:00.000000,USA,Midcontinent ISO,US-MIDW-MISO,501.74,580.85,21.96,9.46,eia.gov,false,""
2023-07-11T20:00:00.000000,USA,Midcontinent ISO,US-MIDW-MISO,499.63,578.37,22.39,9.99,eia.gov,false,""
2023-07-11T21:00:00.000000,USA,Midcontinent ISO,US-MIDW-MISO,499.62,578.89,22.0,9.75,eia.gov,false,""
2023-07-11T22:00:00.000000,USA,Midcontinent ISO,US-MIDW-MISO,502.68,582.14,21.63,9.27,eia.gov,false,""
2023-07-11T23:00:00.000000,USA,Midcontinent ISO,US-MIDW-MISO,504.45,583.4,21.77,9.02,eia.gov,false,""
2023-07-12T00:00:00.000000,USA,Midcontinent ISO,US-MIDW-MISO,507.95,586.17,21.86,8.58,eia.gov,false,""
2023-07-12T01:00:00.000000,USA,Midcontinent ISO,US-MIDW-MISO,508.01,585.04,22.56,8.9,eia.gov,false,""
2023-07-12T02:00:00.000000,USA,Midcontinent ISO,US-MIDW-MISO,499.25,574.15,24.56,10.5,eia.gov,false,""
2023-07-12T03:00:00.000000,USA,Midcontinent ISO,US-MIDW-MISO,488.78,561.61,26.63,11.8,eia.gov,false,""
2023-07-12T04:00:00.000000,USA,Midcontinent ISO,US-MIDW-MISO,476.78,548.31,28.33,12.66,eia.gov,false,""
2023-07-12T05:00:00.000000,USA,Midcontinent ISO,US-MIDW-MISO,461.59,532.47,29.72,12.84,eia.gov,false,""
2023-07-12T06:00:00.000000,USA,Midcontinent ISO,US-MIDW-MISO,442.44,512.89,31.26,13.02,eia.gov,false,""
2023-07-12T07:00:00.000000,USA,Midcontinent ISO,US-MIDW-MISO,426.31,495.47,33.18,13.92,eia.gov,false,""
2023-07-12T08:00:00.000000,USA,Midcontinent ISO,US-MIDW-MISO,404.92,471.39,36.42,16.84,eia.gov,false,""
2023-07-12T09:00:00.000000,USA,Midcontinent ISO,US-MIDW-MISO,401.35,468.14,36.45,16.9,eia.gov,false,""
2023-07-12T10:00:00.000000,USA,Midcontinent ISO,US-MIDW-MISO,408.84,477.22,34.94,16.17,eia.gov,false,""
2023-07-12T11:00:00.000000,USA,Midcontinent ISO,US-MIDW-MISO,414.22,482.81,34.56,16.5,eia.gov,false,""
2023-07-12T12:00:00.000000,USA,Midcontinent ISO,US-MIDW-MISO,421.54,490.83,33.7,16.64,eia.gov,false,""
2023-07-12T13:00:00.000000,USA,Midcontinent ISO,US-MIDW-MISO,444.56,516.86,30.16,13.77,eia.gov,false,""
2023-07-12T14:00:00.000000,USA,Midcontinent ISO,US-MIDW-MISO,470.93,545.42,26.95,11.33,eia.gov,false,""
2023-07-12T15:00:00.000000,USA,Midcontinent ISO,US-MIDW-MISO,483.25,559.55,24.92,9.97,eia.gov,false,""
2023-07-12T16:00:00.000000,USA,Midcontinent ISO,US-MIDW-MISO,500.71,578.92,22.47,8.15,eia.gov,false,""
2023-07-12T17:00:00.000000,USA,Midcontinent ISO,US-MIDW-MISO,497.71,575.11,23.29,9.46,eia.gov,false,""
2023-07-12T18:00:00.000000,USA,Midcontinent ISO,US-MIDW-MISO,496.48,573.65,23.59,10.23,eia.gov,false,""
2023-07-12T19:00:00.000000,USA,Midcontinent ISO,US-MIDW-MISO,492.24,568.59,24.39,11.41,eia.gov,false,""
2023-07-12T20:00:00.000000,USA,Midcontinent ISO,US-MIDW-MISO,489.1,564.55,25.19,12.4,eia.gov,false,""
2023-07-12T21:00:00.000000,USA,Midcontinent ISO,US-MIDW-MISO,489.08,564.67,25.13,12.43,eia.gov,false,""
2023-07-12T22:00:00.000000,USA,Midcontinent ISO,US-MIDW-MISO,491.82,568.52,24.18,11.53,eia.gov,false,""
2023-07-12T23:00:00.000000,USA,Midcontinent ISO,US-MIDW-MISO,499.38,576.77,23.19,10.37,eia.gov,false,""
2023-07-13T00:00:00.000000,USA,Midcontinent ISO,US-MIDW-MISO,509.02,587.15,21.97,8.71,eia.gov,false,""
2023-07-13T01:00:00.000000,USA,Midcontinent ISO,US-MIDW-MISO,516.22,594.56,21.22,7.28,eia.gov,false,""
2023-07-13T02:00:00.000000,USA,Midcontinent ISO,US-MIDW-MISO,518.48,596.22,21.42,6.73,eia.gov,false,""
2023-07-13T03:00:00.000000,USA,Midcontinent ISO,US-MIDW-MISO,511.78,587.88,22.94,7.31,eia.gov,false,""
2023-07-13T04:00:00.000000,USA,Midcontinent ISO,US-MIDW-MISO,507.1,582.38,23.79,7.18,eia.gov,false,""
2023-07-13T05:00:00.000000,USA,Midcontinent ISO,US-MIDW-MISO,493.34,568.18,24.98,7.27,eia.gov,false,""
2023-07-13T06:00:00.000000,USA,Midcontinent ISO,US-MIDW-MISO,482.65,557.96,25.35,6.69,eia.gov,false,""
2023-07-13T07:00:00.000000,USA,Midcontinent ISO,US-MIDW-MISO,478.47,554.38,25.2,5.76,eia.gov,false,""
2023-07-13T08:00:00.000000,USA,Midcontinent ISO,US-MIDW-MISO,468.5,544.15,26.05,6.07,eia.gov,false,""
2023-07-13T09:00:00.000000,USA,Midcontinent ISO,US-MIDW-MISO,464.72,539.83,26.67,7.1,eia.gov,false,""
2023-07-13T10:00:00.000000,USA,Midcontinent ISO,US-MIDW-MISO,468.04,542.56,26.89,8.05,eia.gov,false,""
2023-07-13T11:00:00.000000,USA,Midcontinent ISO,US-MIDW-MISO,468.45,542.21,27.46,9.73,eia.gov,false,""
2023-07-13T12:00:00.000000,USA,Midcontinent ISO,US-MIDW-MISO,481.71,555.89,26.34,9.66,eia.gov,false,""
2023-07-13T13:00:00.000000,USA,Midcontinent ISO,US-MIDW-MISO,497.95,573.49,24.41,8.23,eia.gov,false,""
2023-07-13T14:00:00.000000,USA,Midcontinent ISO,US-MIDW-MISO,501.72,577.85,23.79,8.27,eia.gov,false,""
2023-07-13T15:00:00.000000,USA,Midcontinent ISO,US-MIDW-MISO,498.86,575.4,23.73,8.93,eia.gov,false,""
2023-07-13T16:00:00.000000,USA,Midcontinent ISO,US-MIDW-MISO,496.33,573.15,23.72,9.68,eia.gov,false,""
2023-07-13T17:00:00.000000,USA,Midcontinent ISO,US-MIDW-MISO,487.25,563.49,24.71,11.22,eia.gov,false,""
2023-07-13T18:00:00.000000,USA,Midcontinent ISO,US-MIDW-MISO,477.67,552.87,26.12,13.28,eia.gov,false,""
2023-07-13T19:00:00.000000,USA,Midcontinent ISO,US-MIDW-MISO,473.65,548.33,26.77,14.51,eia.gov,false,""
2023-07-13T20:00:00.000000,USA,Midcontinent ISO,US-MIDW-MISO,473.03,547.66,26.84,14.78,eia.gov,false,""
2023-07-13T21:00:00.000000,USA,Midcontinent ISO,US-MIDW-MISO,477.06,552.29,26.2,14.3,eia.gov,false,""
2023-07-13T22:00:00.000000,USA,Midcontinent ISO,US-MIDW-MISO,486.24,562.57,24.85,12.79,eia.gov,false,""
2023-07-13T23:00:00.000000,USA,Midcontinent ISO,US-MIDW-MISO,490.45,567.2,24.3,11.91,eia.gov,false,""
2023-07-14T00:00:00.000000,USA,Midcontinent ISO,US-MIDW-MISO,501.56,579.53,22.6,9.62,eia.gov,false,""
2023-07-14T01:00:00.000000,USA,Midcontinent ISO,US-MIDW-MISO,504.76,582.78,22.26,8.75,eia.gov,false,""
2023-07-14T02:00:00.000000,USA,Midcontinent ISO,US-MIDW-MISO,498.07,574.63,23.61,9.64,eia.gov,false,""
2023-07-14T03:00:00.000000,USA,Midcontinent ISO,US-MIDW-MISO,483.96,557.47,26.51,11.83,eia.gov,false,""
2023-07-14T04:00:00.000000,USA,Midcontinent ISO,US-MIDW-MISO,472.79,544.58,28.38,12.65,eia.gov,false,""
2023-07-14T05:00:00.000000,USA,Midcontinent ISO,US-MIDW-MISO,454.62,526.27,29.59,12.72,eia.gov,false,""
2023-07-14T06:00:00.000000,USA,Midcontinent ISO,US-MIDW-MISO,438.43,510.55,30.35,12.39,eia.gov,false,""
2023-07-14T07:00:00.000000,USA,Midcontinent ISO,US-MIDW-MISO,432.54,505.27,30.34,11.39,eia.gov,false,""
2023-07-14T08:00:00.000000,USA,Midcontinent ISO,US-MIDW-MISO,433.89,507.01,29.99,10.64,eia.gov,false,""
2023-07-14T09:00:00.000000,USA,Midcontinent ISO,US-MIDW-MISO,442.48,516.5,28.82,9.87,eia.gov,false,""
2023-07-14T10:00:00.000000,USA,Midcontinent ISO,US-MIDW-MISO,455.07,529.18,27.94,9.79,eia.gov,false,""
2023-07-14T11:00:00.000000,USA,Midcontinent ISO,US-MIDW-MISO,452.32,525.34,29.03,11.7,eia.gov,false,""
2023-07-14T12:00:00.000000,USA,Midcontinent ISO,US-MIDW-MISO,459.96,533.41,28.4,11.83,eia.gov,false,""
2023-07-14T13:00:00.000000,USA,Midcontinent ISO,US-MIDW-MISO,469.75,544.49,26.95,10.96,eia.gov,false,""
2023-07-14T14:00:00.000000,USA,Midcontinent ISO,US-MIDW-MISO,481.89,558.25,25.05,9.96,eia.gov,false,""
2023-07-14T15:00:00.000000,USA,Midcontinent ISO,US-MIDW-MISO,484.84,561.59,24.58,10.09,eia.gov,false,""
2023-07-14T16:00:00.000000,USA,Midcontinent ISO,US-MIDW-MISO,479.05,555.63,25.08,11.21,eia.gov,false,""
2023-07-14T17:00:00.000000,USA,Midcontinent ISO,US-MIDW-MISO,475.25,551.64,25.54,12.29,eia.gov,false,""
2023-07-14T18:00:00.000000,USA,Midcontinent ISO,US-MIDW-MISO,472.68,549.4,25.52,12.78,eia.gov,false,""
2023-07-14T19:00:00.000000,USA,Midcontinent ISO,US-MIDW-MISO,460.34,535.83,27.15,14.78,eia.gov,false,""
2023-07-14T20:00:00.000000,USA,Midcontinent ISO,US-MIDW-MISO,455.0,530.57,27.44,15.48,eia.gov,false,""
2023-07-14T21:00:00.000000,USA,Midcontinent ISO,US-MIDW-MISO,453.76,529.44,27.47,15.62,eia.gov,false,""
2023-07-14T22:00:00.000000,USA,Midcontinent ISO,US-MIDW-MISO,459.38,535.84,26.51,14.37,eia.gov,false,""
2023-07-14T23:00:00.000000,USA,Midcontinent ISO,US-MIDW-MISO,471.55,548.88,25.01,12.5,eia.gov,false,""
2023-07-15T00:00:00.000000,USA,Midcontinent ISO,US-MIDW-MISO,491.01,569.01,23.18,10.0,eia.gov,false,""
2023-07-15T01:00:00.000000,USA,Midcontinent ISO,US-MIDW-MISO,492.5,569.72,23.5,9.62,eia.gov,false,""
2023-07-15T02:00:00.000000,USA,Midcontinent ISO,US-MIDW-MISO,486.25,561.7,25.08,10.62,eia.gov,false,""
2023-07-15T03:00:00.000000,USA,Midcontinent ISO,US-MIDW-MISO,483.09,557.21,26.13,10.8,eia.gov,false,""
2023-07-15T04:00:00.000000,USA,Midcontinent ISO,US-MIDW-MISO,479.62,552.73,27.03,11.01,eia.gov,false,""
2023-07-15T05:00:00.000000,USA,Midcontinent ISO,US-MIDW-MISO,464.56,536.77,28.61,11.49,eia.gov,false,""
2023-07-15T06:00:00.000000,USA,Midcontinent ISO,US-MIDW-MISO,445.07,517.17,29.96,11.79,eia.gov,false,""
2023-07-15T07:00:00.000000,USA,Midcontinent ISO,US-MIDW-MISO,432.64,504.33,31.04,12.01,eia.gov,false,""
2023-07-15T08:00:00.000000,USA,Midcontinent ISO,US-MIDW-MISO,432.09,504.14,30.84,11.55,eia.gov,false,""
2023-07-15T09:00:00.000000,USA,Midcontinent ISO,US-MIDW-MISO,425.88,497.52,31.53,11.77,eia.gov,false,""
2023-07-15T10:00:00.000000,USA,Midcontinent ISO,US-MIDW-MISO,434.16,506.4,30.58,10.83,eia.gov,false,""
2023-07-15T11:00:00.000000,USA,Midcontinent ISO,US-MIDW-MISO,440.01,512.73,29.91,10.59,eia.gov,false,""
2023-07-15T12:00:00.000000,USA,Midcontinent ISO,US-MIDW-MISO,450.82,524.28,28.79,10.15,eia.gov,false,""
2023-07-15T13:00:00.000000,USA,Midcontinent ISO,US-MIDW-MISO,462.09,536.38,27.64,9.86,eia.gov,false,""
2023-07-15T14:00:00.000000,USA,Midcontinent ISO,US-MIDW-MISO,484.85,560.05,25.56,8.79,eia.gov,false,""
2023-07-15T15:00:00.000000,USA,Midcontinent ISO,US-MIDW-MISO,494.97,570.06,25.0,9.22,eia.gov,false,""
2023-07-15T16:00:00.000000,USA,Midcontinent ISO,US-MIDW-MISO,492.33,566.89,25.53,10.52,eia.gov,false,""
2023-07-15T17:00:00.000000,USA,Midcontinent ISO,US-MIDW-MISO,486.97,560.68,26.44,12.12,eia.gov,false,""
2023-07-15T18:00:00.000000,USA,Midcontinent ISO,US-MIDW-MISO,477.75,550.33,27.86,14.14,eia.gov,false,""
2023-07-15T19:00:00.000000,USA,Midcontinent ISO,US-MIDW-MISO,468.97,540.62,29.11,15.97,eia.gov,false,""
2023-07-15T20:00:00.000000,USA,Midcontinent ISO,US-MIDW-MISO,466.68,538.07,29.46,16.46,eia.gov,false,""
2023-07-15T21:00:00.000000,USA,Midcontinent ISO,US-MIDW-MISO,466.57,537.85,29.56,16.79,eia.gov,false,""
2023-07-15T22:00:00.000000,USA,Midcontinent ISO,US-MIDW-MISO,473.15,544.96,28.73,15.91,eia.gov,false,""
2023-07-15T23:00:00.000000,USA,Midcontinent ISO,US-MIDW-MISO,485.29,558.4,26.98,13.7,eia.gov,false,""
2023-07-16T00:00:00.000000,USA,Midcontinent ISO,US-MIDW-MISO,495.91,570.22,25.4,11.47,eia.gov,false,""
2023-07-16T01:00:00.000000,USA,Midcontinent ISO,US-MIDW-MISO,498.12,573.11,24.73,10.2,eia.gov,false,""
2023-07-16T02:00:00.000000,USA,Midcontinent ISO,US-MIDW-MISO,496.8,571.9,24.67,9.74,eia.gov,false,""
2023-07-16T03:00:00.000000,USA,Midcontinent ISO,US-MIDW-MISO,494.07,569.18,24.77,9.01,eia.gov,false,""
2023-07-16T04:00:00.000000,USA,Midcontinent ISO,US-MIDW-MISO,486.09,561.15,25.3,8.63,eia.gov,false,""
2023-07-16T05:00:00.000000,USA,Midcontinent ISO,US-MIDW-MISO,465.1,539.08,27.41,9.85,eia.gov,false,""
2023-07-16T06:00:00.000000,USA,Midcontinent ISO,US-MIDW-MISO,449.57,523.18,28.66,9.72,eia.gov,false,""
2023-07-16T07:00:00.000000,USA,Midcontinent ISO,US-MIDW-MISO,442.09,515.49,29.26,9.6,eia.gov,false,""
2023-07-16T08:00:00.000000,USA,Midcontinent ISO,US-MIDW-MISO,433.46,506.12,30.36,10.38,eia.gov,false,""
2023-07-16T09:00:00.000000,USA,Midcontinent ISO,US-MIDW-MISO,426.1,497.76,31.53,11.05,eia.gov,false,""
2023-07-16T10:00:00.000000,USA,Midcontinent ISO,US-MIDW-MISO,427.98,499.98,31.19,10.37,eia.gov,false,""
2023-07-16T11:00:00.000000,USA,Midcontinent ISO,US-MIDW-MISO,426.45,498.22,31.49,10.72,eia.gov,false,""
2023-07-16T12:00:00.000000,USA,Midcontinent ISO,US-MIDW-MISO,426.65,498.54,31.48,11.63,eia.gov,false,""
2023-07-16T13:00:00.000000,USA,Midcontinent ISO,US-MIDW-MISO,445.96,518.89,29.62,11.03,eia.gov,false,""
2023-07-16T14:00:00.000000,USA,Midcontinent ISO,US-MIDW-MISO,463.09,537.39,27.68,10.2,eia.gov,false,""
2023-07-16T15:00:00.000000,USA,Midcontinent ISO,US-MIDW-MISO,465.59,539.27,27.96,11.65,eia.gov,false,""
2023-07-16T16:00:00.000000,USA,Midcontinent ISO,US-MIDW-MISO,456.37,529.15,29.16,13.59,eia.gov,false,""
2023-07-16T17:00:00.000000,USA,Midcontinent ISO,US-MIDW-MISO,455.52,527.35,29.79,14.98,eia.gov,false,""
2023-07-16T18:00:00.000000,USA,Midcontinent ISO,US-MIDW-MISO,446.79,517.32,31.26,17.18,eia.gov,false,""
2023-07-16T19:00:00.000000,USA,Midcontinent ISO,US-MIDW-MISO,442.49,512.63,31.84,18.12,eia.gov,false,""
2023-07-16T20:00:00.000000,USA,Midcontinent ISO,US-MIDW-MISO,439.16,508.76,32.5,19.05,eia.gov,false,""
2023-07-16T21:00:00.000000,USA,Midcontinent ISO,US-MIDW-MISO,436.34,505.75,32.87,19.28,eia.gov,false,""
2023-07-16T22:00:00.000000,USA,Midcontinent ISO,US-MIDW-MISO,445.69,515.89,31.66,18.02,eia.gov,false,""
2023-07-16T23:00:00.000000,USA,Midcontinent ISO,US-MIDW-MISO,455.02,526.45,30.16,16.35,eia.gov,false,""
2023-07-17T00:00:00.000000,USA,Midcontinent ISO,US-MIDW-MISO,465.61,538.33,28.51,14.11,eia.gov,false,""
2023-07-17T01:00:00.000000,USA,Midcontinent ISO,US-MIDW-MISO,469.4,542.5,27.92,12.94,eia.gov,false,""
2023-07-17T02:00:00.000000,USA,Midcontinent ISO,US-MIDW-MISO,466.05,538.98,28.17,12.58,eia.gov,false,""
2023-07-17T03:00:00.000000,USA,Midcontinent ISO,US-MIDW-MISO,458.21,530.34,29.18,12.68,eia.gov,false,""
2023-07-17T04:00:00.000000,USA,Midcontinent ISO,US-MIDW-MISO,453.24,525.05,29.67,11.87,eia.gov,false,""
2023-07-17T05:00:00.000000,USA,Midcontinent ISO,US-MIDW-MISO,453.77,525.55,29.64,10.82,eia.gov,false,""
2023-07-17T06:00:00.000000,USA,Midcontinent ISO,US-MIDW-MISO,444.65,516.4,30.25,9.93,eia.gov,false,""
2023-07-17T07:00:00.000000,USA,Midcontinent ISO,US-MIDW-MISO,436.27,507.6,31.1,10.01,eia.gov,false,""
2023-07-17T08:00:00.000000,USA,Midcontinent ISO,US-MIDW-MISO,434.67,505.87,31.31,10.08,eia.gov,false,""
2023-07-17T09:00:00.000000,USA,Midcontinent ISO,US-MIDW-MISO,437.06,508.14,31.22,10.33,eia.gov,false,""
2023-07-17T10:00:00.000000,USA,Midcontinent ISO,US-MIDW-MISO,441.83,512.93,30.89,10.79,eia.gov,false,""
2023-07-17T11:00:00.000000,USA,Midcontinent ISO,US-MIDW-MISO,443.01,514.81,30.5,11.5,eia.gov,false,""
2023-07-17T12:00:00.000000,USA,Midcontinent ISO,US-MIDW-MISO,459.11,532.24,28.67,10.71,eia.gov,false,""
2023-07-17T13:00:00.000000,USA,Midcontinent ISO,US-MIDW-MISO,477.37,552.77,26.01,8.98,eia.gov,false,""
2023-07-17T14:00:00.000000,USA,Midcontinent ISO,US-MIDW-MISO,488.35,564.58,24.76,8.71,eia.gov,false,""
2023-07-17T15:00:00.000000,USA,Midcontinent ISO,US-MIDW-MISO,489.11,565.08,24.89,9.66,eia.gov,false,""
2023-07-17T16:00:00.000000,USA,Midcontinent ISO,US-MIDW-MISO,482.97,558.67,25.48,11.02,eia.gov,false,""
2023-07-17T17:00:00.000000,USA,Midcontinent ISO,US-MIDW-MISO,484.43,561.02,24.81,11.14,eia.gov,false,""
2023-07-17T18:00:00.000000,USA,Midcontinent ISO,US-MIDW-MISO,487.03,564.27,24.26,11.08,eia.gov,false,""
2023-07-17T19:00:00.000000,USA,Midcontinent ISO,US-MIDW-MISO,492.13,570.12,23.42,10.56,eia.gov,false,""
2023-07-17T20:00:00.000000,USA,Midcontinent ISO,US-MIDW-MISO,494.69,573.11,22.97,10.35,eia.gov,false,""
2023-07-17T21:00:00.000000,USA,Midcontinent ISO,US-MIDW-MISO,494.52,572.85,23.04,10.38,eia.gov,false,""
2023-07-17T22:00:00.000000,USA,Midcontinent ISO,US-MIDW-MISO,498.68,576.98,22.78,10.06,eia.gov,false,""
2023-07-17T23:00:00.000000,USA,Midcontinent ISO,US-MIDW-MISO,504.16,582.87,22.05,8.95,eia.gov,false,""
2023-07-18T00:00:00.000000,USA,Midcontinent ISO,US-MIDW-MISO,514.26,593.93,20.58,6.91,eia.gov,false,""
2023-07-18T01:00:00.000000,USA,Midcontinent ISO,US-MIDW-MISO,518.93,598.44,20.27,6.03,eia.gov,false,""
2023-07-18T02:00:00.000000,USA,Midcontinent ISO,US-MIDW-MISO,520.42,599.11,20.65,5.91,eia.gov,false,""
2023-07-18T03:00:00.000000,USA,Midcontinent ISO,US-MIDW-MISO,517.48,594.48,21.93,6.18,eia.gov,false,""
2023-07-18T04:00:00.000000,USA,Midcontinent ISO,US-MIDW-MISO,503.33,579.03,23.77,6.84,eia.gov,false,""
2023-07-18T05:00:00.000000,USA,Midcontinent ISO,US-MIDW-MISO,500.82,575.94,24.25,6.05,eia.gov,false,""
2023-07-18T06:00:00.000000,USA,Midcontinent ISO,US-MIDW-MISO,485.24,560.12,25.4,5.77,eia.gov,false,""
2023-07-18T07:00:00.000000,USA,Midcontinent ISO,US-MIDW-MISO,474.19,548.98,26.21,5.78,eia.gov,false,""
2023-07-18T08:00:00.000000,USA,Midcontinent ISO,US-MIDW-MISO,467.43,541.79,26.95,6.21,eia.gov,false,""
2023-07-18T09:00:00.000000,USA,Midcontinent ISO,US-MIDW-MISO,478.1,552.69,26.09,5.81,eia.gov,false,""
2023-07-18T10:00:00.000000,USA,Midcontinent ISO,US-MIDW-MISO,492.21,566.84,25.11,5.57,eia.gov,false,""
2023-07-18T11:00:00.000000,USA,Midcontinent ISO,US-MIDW-MISO,490.08,564.11,25.78,7.4,eia.gov,false,""
2023-07-18T12:00:00.000000,USA,Midcontinent ISO,US-MIDW-MISO,478.88,552.3,27.1,9.33,eia.gov,false,""
2023-07-18T13:00:00.000000,USA,Midcontinent ISO,US-MIDW-MISO,478.96,554.02,26.11,8.99,eia.gov,false,""
2023-07-18T14:00:00.000000,USA,Midcontinent ISO,US-MIDW-MISO,491.92,567.73,24.8,8.64,eia.gov,false,""
2023-07-18T15:00:00.000000,USA,Midcontinent ISO,US-MIDW-MISO,497.39,573.42,24.3,9.19,eia.gov,false,""
2023-07-18T16:00:00.000000,USA,Midcontinent ISO,US-MIDW-MISO,501.46,578.07,23.59,9.25,eia.gov,false,""
2023-07-18T17:00:00.000000,USA,Midcontinent ISO,US-MIDW-MISO,501.94,579.46,23.0,9.4,eia.gov,false,""
2023-07-18T18:00:00.000000,USA,Midcontinent ISO,US-MIDW-MISO,502.9,580.78,22.73,9.47,eia.gov,false,""
2023-07-18T19:00:00.000000,USA,Midcontinent ISO,US-MIDW-MISO,506.67,584.94,22.26,9.51,eia.gov,false,""
2023-07-18T20:00:00.000000,USA,Midcontinent ISO,US-MIDW-MISO,507.57,586.09,22.04,9.5,eia.gov,false,""
2023-07-18T21:00:00.000000,USA,Midcontinent ISO,US-MIDW-MISO,507.5,585.72,22.26,9.7,eia.gov,false,""
2023-07-18T22:00:00.000000,USA,Midcontinent ISO,US-MIDW-MISO,505.96,583.76,22.65,9.96,eia.gov,false,""
2023-07-18T23:00:00.000000,USA,Midcontinent ISO,US-MIDW-MISO,508.1,586.04,22.33,9.42,eia.gov,false,""
2023-07-19T00:00:00.000000,USA,Midcontinent ISO,US-MIDW-MISO,518.42,597.29,20.85,7.53,eia.gov,false,""
2023-07-19T01:00:00.000000,USA,Midcontinent ISO,US-MIDW-MISO,526.04,605.12,20.06,6.2,eia.gov,false,""
2023-07-19T02:00:00.000000,USA,Midcontinent ISO,US-MIDW-MISO,524.86,602.83,20.8,6.32,eia.gov,false,""
2023-07-19T03:00:00.000000,USA,Midcontinent ISO,US-MIDW-MISO,516.18,592.62,22.37,7.08,eia.gov,false,""
2023-07-19T04:00:00.000000,USA,Midcontinent ISO,US-MIDW-MISO,506.16,581.4,23.79,7.42,eia.gov,false,""
2023-07-19T05:00:00.000000,USA,Midcontinent ISO,US-MIDW-MISO,485.37,558.59,26.51,9.01,eia.gov,false,""
2023-07-19T06:00:00.000000,USA,Midcontinent ISO,US-MIDW-MISO,460.71,532.66,29.01,10.43,eia.gov,false,""
2023-07-19T07:00:00.000000,USA,Midcontinent ISO,US-MIDW-MISO,438.94,509.83,31.16,11.78,eia.gov,false,""
2023-07-19T08:00:00.000000,USA,Midcontinent ISO,US-MIDW-MISO,430.68,500.95,32.13,12.44,eia.gov,false,""
2023-07-19T09:00:00.000000,USA,Midcontinent ISO,US-MIDW-MISO,430.49,500.46,32.34,12.85,eia.gov,false,""
2023-07-19T10:00:00.000000,USA,Midcontinent ISO,US-MIDW-MISO,438.7,509.82,31.03,12.28,eia.gov,false,""
2023-07-19T11:00:00.000000,USA,Midcontinent ISO,US-MIDW-MISO,450.12,521.84,30.0,11.89,eia.gov,false,""
2023-07-19T12:00:00.000000,USA,Midcontinent ISO,US-MIDW-MISO,459.16,531.56,29.12,11.73,eia.gov,false,""
2023-07-19T13:00:00.000000,USA,Midcontinent ISO,US-MIDW-MISO,478.97,553.22,26.69,10.16,eia.gov,false,""
2023-07-19T14:00:00.000000,USA,Midcontinent ISO,US-MIDW-MISO,493.18,567.9,25.43,9.71,eia.gov,false,""
2023-07-19T15:00:00.000000,USA,Midcontinent ISO,US-MIDW-MISO,496.79,571.97,24.87,10.04,eia.gov,false,""
2023-07-19T16:00:00.000000,USA,Midcontinent ISO,US-MIDW-MISO,495.69,571.77,24.34,10.29,eia.gov,false,""
2023-07-19T17:00:00.000000,USA,Midcontinent ISO,US-MIDW-MISO,497.49,574.55,23.57,10.17,eia.gov,false,""
2023-07-19T18:00:00.000000,USA,Midcontinent ISO,US-MIDW-MISO,492.8,569.69,24.11,11.42,eia.gov,false,""
2023-07-19T19:00:00.000000,USA,Midcontinent ISO,US-MIDW-MISO,488.49,565.43,24.36,12.0,eia.gov,false,""
2023-07-19T20:00:00.000000,USA,Midcontinent ISO,US-MIDW-MISO,483.07,559.64,24.96,12.87,eia.gov,false,""
2023-07-19T21:00:00.000000,USA,Midcontinent ISO,US-MIDW-MISO,486.48,563.78,24.23,12.28,eia.gov,false,""
2023-07-19T22:00:00.000000,USA,Midcontinent ISO,US-MIDW-MISO,487.76,564.67,24.35,12.3,eia.gov,false,""
2023-07-19T23:00:00.000000,USA,Midcontinent ISO,US-MIDW-MISO,491.82,568.62,24.08,11.9,eia.gov,false,""
2023-07-20T00:00:00.000000,USA,Midcontinent ISO,US-MIDW-MISO,501.4,579.05,22.74,10.05,eia.gov,false,""
2023-07-20T01:00:00.000000,USA,Midcontinent ISO,US-MIDW-MISO,504.92,582.5,22.44,9.21,eia.gov,false,""
2023-07-20T02:00:00.000000,USA,Midcontinent ISO,US-MIDW-MISO,501.48,577.4,23.75,10.0,eia.gov,false,""
2023-07-20T03:00:00.000000,USA,Midcontinent ISO,US-MIDW-MISO,491.73,564.75,26.28,11.67,eia.gov,false,""
2023-07-20T04:00:00.000000,USA,Midcontinent ISO,US-MIDW-MISO,483.19,554.58,27.89,12.43,eia.gov,false,""
2023-07-20T05:00:00.000000,USA,Midcontinent ISO,US-MIDW-MISO,459.37,528.99,30.66,14.35,eia.gov,false,""
2023-07-20T06:00:00.000000,USA,Midcontinent ISO,US-MIDW-MISO,432.16,500.86,33.08,15.44,eia.gov,false,""
2023-07-20T07:00:00.000000,USA,Midcontinent ISO,US-MIDW-MISO,417.72,486.14,34.23,16.11,eia.gov,false,""
2023-07-20T08:00:00.000000,USA,Midcontinent ISO,US-MIDW-MISO,409.67,477.4,35.22,16.8,eia.gov,false,""
2023-07-20T09:00:00.000000,USA,Midcontinent ISO,US-MIDW-MISO,409.74,477.45,35.22,16.54,eia.gov,false,""
2023-07-20T10:00:00.000000,USA,Midcontinent ISO,US-MIDW-MISO,420.07,488.6,34.0,16.08,eia.gov,false,""
2023-07-20T11:00:00.000000,USA,Midcontinent ISO,US-MIDW-MISO,436.51,505.44,32.72,15.5,eia.gov,false,""
2023-07-20T12:00:00.000000,USA,Midcontinent ISO,US-MIDW-MISO,440.46,510.16,32.14,15.63,eia.gov,false,""
2023-07-20T13:00:00.000000,USA,Midcontinent ISO,US-MIDW-MISO,465.85,537.96,28.91,13.08,eia.gov,false,""
2023-07-20T14:00:00.000000,USA,Midcontinent ISO,US-MIDW-MISO,471.84,544.0,28.47,13.41,eia.gov,false,""
2023-07-20T15:00:00.000000,USA,Midcontinent ISO,US-MIDW-MISO,466.7,538.18,29.27,14.96,eia.gov,false,""
2023-07-20T16:00:00.000000,USA,Midcontinent ISO,US-MIDW-MISO,466.7,538.66,28.96,15.4,eia.gov,false,""
2023-07-20T17:00:00.000000,USA,Midcontinent ISO,US-MIDW-MISO,472.14,544.72,28.23,15.35,eia.gov,false,""
2023-07-20T18:00:00.000000,USA,Midcontinent ISO,US-MIDW-MISO,475.33,548.54,27.64,15.22,eia.gov,false,""
2023-07-20T19:00:00.000000,USA,Midcontinent ISO,US-MIDW-MISO,473.68,546.84,27.81,15.68,eia.gov,false,""
2023-07-20T20:00:00.000000,USA,Midcontinent ISO,US-MIDW-MISO,471.81,544.55,28.26,16.38,eia.gov,false,""
2023-07-20T21:00:00.000000,USA,Midcontinent ISO,US-MIDW-MISO,465.87,538.45,28.78,16.99,eia.gov,false,""
2023-07-20T22:00:00.000000,USA,Midcontinent ISO,US-MIDW-MISO,465.22,538.32,28.41,16.6,eia.gov,false,""
2023-07-20T23:00:00.000000,USA,Midcontinent ISO,US-MIDW-MISO,476.21,550.45,26.83,14.68,eia.gov,false,""
2023-07-21T00:00:00.000000,USA,Midcontinent ISO,US-MIDW-MISO,498.85,575.08,23.81,11.01,eia.gov,false,""
2023-07-21T01:00:00.000000,USA,Midcontinent ISO,US-MIDW-MISO,508.04,584.89,22.68,9.19,eia.gov,false,""
2023-07-21T02:00:00.000000,USA,Midcontinent ISO,US-MIDW-MISO,505.45,581.84,23.13,8.97,eia.gov,false,""
2023-07-21T03:00:00.000000,USA,Midcontinent ISO,US-MIDW-MISO,501.85,577.23,24.03,8.79,eia.gov,false,""
2023-07-21T04:00:00.000000,USA,Midcontinent ISO,US-MIDW-MISO,498.6,573.03,24.91,8.84,eia.gov,false,""
2023-07-21T05:00:00.000000,USA,Midcontinent ISO,US-MIDW-MISO,498.94,573.09,25.0,7.75,eia.gov,false,""
2023-07-21T06:00:00.000000,USA,Midcontinent ISO,US-MIDW-MISO,480.5,554.42,26.4,7.76,eia.gov,false,""
2023-07-21T07:00:00.000000,USA,Midcontinent ISO,US-MIDW-MISO,475.3,549.93,26.28,6.91,eia.gov,false,""
2023-07-21T08:00:00.000000,USA,Midcontinent ISO,US-MIDW-MISO,473.54,548.41,26.24,6.22,eia.gov,false,""
2023-07-21T09:00:00.000000,USA,Midcontinent ISO,US-MIDW-MISO,478.29,553.5,25.69,5.58,eia.gov,false,""
2023-07-21T10:00:00.000000,USA,Midcontinent ISO,US-MIDW-MISO,491.0,567.05,24.27,4.9,eia.gov,false,""
2023-07-21T11:00:00.000000,USA,Midcontinent ISO,US-MIDW-MISO,497.99,573.93,24.03,5.5,eia.gov,false,""
2023-07-21T12:00:00.000000,USA,Midcontinent ISO,US-MIDW-MISO,499.96,575.71,24.21,6.65,eia.gov,false,""
2023-07-21T13:00:00.000000,USA,Midcontinent ISO,US-MIDW-MISO,499.17,575.8,23.77,7.04,eia.gov,false,""
2023-07-21T14:00:00.000000,USA,Midcontinent ISO,US-MIDW-MISO,508.95,585.92,22.88,6.89,eia.gov,false,""
2023-07-21T15:00:00.000000,USA,Midcontinent ISO,US-MIDW-MISO,513.09,590.65,22.19,6.76,eia.gov,false,""
2023-07-21T16:00:00.000000,USA,Midcontinent ISO,US-MIDW-MISO,515.88,594.04,21.61,6.83,eia.gov,false,""
2023-07-21T17:00:00.000000,USA,Midcontinent ISO,US-MIDW-MISO,511.01,588.57,22.45,8.32,eia.gov,false,""
2023-07-21T18:00:00.000000,USA,Midcontinent ISO,US-MIDW-MISO,511.98,589.41,22.53,8.95,eia.gov,false,""
2023-07-21T19:00:00.000000,USA,Midcontinent ISO,US-MIDW-MISO,512.29,589.63,22.56,9.08,eia.gov,false,""
2023-07-21T20:00:00.000000,USA,Midcontinent ISO,US-MIDW-MISO,510.59,588.29,22.47,9.28,eia.gov,false,""
2023-07-21T21:00:00.000000,USA,Midcontinent ISO,US-MIDW-MISO,510.97,588.61,22.47,9.35,eia.gov,false,""
2023-07-21T22:00:00.000000,USA,Midcontinent ISO,US-MIDW-MISO,516.7,594.66,21.85,8.75,eia.gov,false,""
2023-07-21T23:00:00.000000,USA,Midcontinent ISO,US-MIDW-MISO,519.99,598.41,21.21,7.56,eia.gov,false,""
2023-07-22T00:00:00.000000,USA,Midcontinent ISO,US-MIDW-MISO,532.88,612.51,19.34,5.21,eia.gov,false,""
2023-07-22T01:00:00.000000,USA,Midcontinent ISO,US-MIDW-MISO,533.86,613.03,19.49,4.5,eia.gov,false,""
2023-07-22T02:00:00.000000,USA,Midcontinent ISO,US-MIDW-MISO,524.69,603.21,20.5,4.73,eia.gov,false,""
2023-07-22T03:00:00.000000,USA,Midcontinent ISO,US-MIDW-MISO,525.82,603.56,20.91,4.42,eia.gov,false,""
2023-07-22T04:00:00.000000,USA,Midcontinent ISO,US-MIDW-MISO,526.78,603.61,21.38,3.86,eia.gov,false,""
2023-07-22T05:00:00.000000,USA,Midcontinent ISO,US-MIDW-MISO,526.0,601.88,22.03,3.73,eia.gov,false,""
2023-07-22T06:00:00.000000,USA,Midcontinent ISO,US-MIDW-MISO,506.23,581.28,23.93,4.24,eia.gov,false,""
2023-07-22T07:00:00.000000,USA,Midcontinent ISO,US-MIDW-MISO,489.31,563.98,25.32,4.82,eia.gov,false,""
2023-07-22T08:00:00.000000,USA,Midcontinent ISO,US-MIDW-MISO,479.24,553.48,26.29,5.29,eia.gov,false,""
2023-07-22T09:00:00.000000,USA,Midcontinent ISO,US-MIDW-MISO,473.39,547.06,27.06,5.82,eia.gov,false,""
2023-07-22T10:00:00.000000,USA,Midcontinent ISO,US-MIDW-MISO,470.06,543.22,27.63,6.53,eia.gov,false,""
2023-07-22T11:00:00.000000,USA,Midcontinent ISO,US-MIDW-MISO,467.68,540.57,28.05,7.29,eia.gov,false,""
2023-07-22T12:00:00.000000,USA,Midcontinent ISO,US-MIDW-MISO,473.22,546.24,27.74,7.63,eia.gov,false,""
2023-07-22T13:00:00.000000,USA,Midcontinent ISO,US-MIDW-MISO,482.75,556.35,26.83,7.84,eia.gov,false,""
2023-07-22T14:00:00.000000,USA,Midcontinent ISO,US-MIDW-MISO,501.89,576.27,25.1,7.62,eia.gov,false,""
2023-07-22T15:00:00.000000,USA,Midcontinent ISO,US-MIDW-MISO,504.57,578.89,25.0,8.52,eia.gov,false,""
2023-07-22T16:00:00.000000,USA,Midcontinent ISO,US-MIDW-MISO,509.54,584.39,24.28,8.58,eia.gov,false,""
2023-07-22T17:00:00.000000,USA,Midcontinent ISO,US-MIDW-MISO,517.24,592.64,23.36,8.25,eia.gov,false,""
2023-07-22T18:00:00.000000,USA,Midcontinent ISO,US-MIDW-MISO,517.06,592.15,23.62,9.02,eia.gov,false,""
2023-07-22T19:00:00.000000,USA,Midcontinent ISO,US-MIDW-MISO,513.3,588.14,24.09,9.87,eia.gov,false,""
2023-07-22T20:00:00.000000,USA,Midcontinent ISO,US-MIDW-MISO,508.97,583.36,24.7,10.89,eia.gov,false,""
2023-07-22T21:00:00.000000,USA,Midcontinent ISO,US-MIDW-MISO,511.61,586.38,24.27,10.64,eia.gov,false,""
2023-07-22T22:00:00.000000,USA,Midcontinent ISO,US-MIDW-MISO,512.62,587.32,24.25,10.53,eia.gov,false,""
2023-07-22T23:00:00.000000,USA,Midcontinent ISO,US-MIDW-MISO,521.4,597.01,22.92,8.79,eia.gov,false,""
2023-07-23T00:00:00.000000,USA,Midcontinent ISO,US-MIDW-MISO,528.81,604.84,22.02,7.01,eia.gov,false,""
2023-07-23T01:00:00.000000,USA,Midcontinent ISO,US-MIDW-MISO,535.49,612.26,20.96,5.38,eia.gov,false,""
2023-07-23T02:00:00.000000,USA,Midcontinent ISO,US-MIDW-MISO,532.69,609.57,21.02,4.71,eia.gov,false,""
2023-07-23T03:00:00.000000,USA,Midcontinent ISO,US-MIDW-MISO,525.66,602.21,21.62,4.22,eia.gov,false,""
2023-07-23T04:00:00.000000,USA,Midcontinent ISO,US-MIDW-MISO,515.44,590.63,23.2,4.69,eia.gov,false,""
2023-07-23T05:00:00.000000,USA,Midcontinent ISO,US-MIDW-MISO,500.36,573.9,25.33,5.75,eia.gov,false,""
2023-07-23T06:00:00.000000,USA,Midcontinent ISO,US-MIDW-MISO,483.58,556.33,27.0,6.44,eia.gov,false,""
2023-07-23T07:00:00.000000,USA,Midcontinent ISO,US-MIDW-MISO,473.07,545.13,28.17,6.9,eia.gov,false,""
2023-07-23T08:00:00.000000,USA,Midcontinent ISO,US-MIDW-MISO,468.69,540.21,28.83,7.02,eia.gov,false,""
2023-07-23T09:00:00.000000,USA,Midcontinent ISO,US-MIDW-MISO,468.95,540.03,29.12,6.9,eia.gov,false,""
2023-07-23T10:00:00.000000,USA,Midcontinent ISO,US-MIDW-MISO,472.91,544.35,28.62,6.33,eia.gov,false,""
2023-07-23T11:00:00.000000,USA,Midcontinent ISO,US-MIDW-MISO,475.75,547.49,28.32,6.29,eia.gov,false,""
2023-07-23T12:00:00.000000,USA,Midcontinent ISO,US-MIDW-MISO,471.65,543.8,28.44,7.1,eia.gov,false,""
2023-07-23T13:00:00.000000,USA,Midcontinent ISO,US-MIDW-MISO,482.21,556.39,26.47,6.56,eia.gov,false,""
2023-07-23T14:00:00.000000,USA,Midcontinent ISO,US-MIDW-MISO,494.82,569.86,25.12,6.6,eia.gov,false,""
2023-07-23T15:00:00.000000,USA,Midcontinent ISO,US-MIDW-MISO,505.58,581.13,24.09,6.84,eia.gov,false,""
2023-07-23T16:00:00.000000,USA,Midcontinent ISO,US-MIDW-MISO,509.0,585.1,23.53,7.56,eia.gov,false,""
2023-07-23T17:00:00.000000,USA,Midcontinent ISO,US-MIDW-MISO,520.3,597.14,22.25,7.39,eia.gov,false,""
2023-07-23T18:00:00.000000,USA,Midcontinent ISO,US-MIDW-MISO,519.09,595.88,22.43,8.35,eia.gov,false,""
2023-07-23T19:00:00.000000,USA,Midcontinent ISO,US-MIDW-MISO,519.51,596.44,22.34,8.77,eia.gov,false,""
2023-07-23T20:00:00.000000,USA,Midcontinent ISO,US-MIDW-MISO,518.44,595.76,22.17,8.8,eia.gov,false,""
2023-07-23T21:00:00.000000,USA,Midcontinent ISO,US-MIDW-MISO,522.7,600.59,21.48,8.48,eia.gov,false,""
2023-07-23T22:00:00.000000,USA,Midcontinent ISO,US-MIDW-MISO,525.0,602.93,21.31,8.38,eia.gov,false,""
2023-07-23T23:00:00.000000,USA,Midcontinent ISO,US-MIDW-MISO,532.81,611.33,20.26,6.94,eia.gov,false,""
2023-07-24T00:00:00.000000,USA,Midcontinent ISO,US-MIDW-MISO,539.09,617.72,19.66,5.92,eia.gov,false,""
2023-07-24T01:00:00.000000,USA,Midcontinent ISO,US-MIDW-MISO,546.67,625.42,18.93,4.58,eia.gov,false,""
2023-07-24T02:00:00.000000,USA,Midcontinent ISO,US-MIDW-MISO,550.57,628.55,19.1,4.15,eia.gov,false,""
2023-07-24T03:00:00.000000,USA,Midcontinent ISO,US-MIDW-MISO,548.48,625.48,19.81,3.91,eia.gov,false,""
2023-07-24T04:00:00.000000,USA,Midcontinent ISO,US-MIDW-MISO,534.92,610.43,21.71,4.7,eia.gov,false,""
2023-07-24T05:00:00.000000,USA,Midcontinent ISO,US-MIDW-MISO,521.95,595.87,23.62,5.32,eia.gov,false,""
2023-07-24T06:00:00.000000,USA,Midcontinent ISO,US-MIDW-MISO,498.64,571.94,25.62,6.12,eia.gov,false,""
2023-07-24T07:00:00.000000,USA,Midcontinent ISO,US-MIDW-MISO,486.95,560.36,26.33,6.03,eia.gov,false,""
2023-07-24T08:00:00.000000,USA,Midcontinent ISO,US-MIDW-MISO,484.45,557.86,26.5,5.76,eia.gov,false,""
2023-07-24T09:00:00.000000,USA,Midcontinent ISO,US-MIDW-MISO,489.69,563.11,26.14,5.65,eia.gov,false,""
2023-07-24T10:00:00.000000,USA,Midcontinent ISO,US-MIDW-MISO,501.3,574.92,25.23,5.62,eia.gov,false,""
2023-07-24T11:00:00.000000,USA,Midcontinent ISO,US-MIDW-MISO,510.57,583.94,24.87,6.46,eia.gov,false,""
2023-07-24T12:00:00.000000,USA,Midcontinent ISO,US-MIDW-MISO,511.67,586.02,24.25,6.75,eia.gov,false,""
2023-07-24T13:00:00.000000,USA,Midcontinent ISO,US-MIDW-MISO,510.53,585.28,24.2,7.61,eia.gov,false,""
2023-07-24T14:00:00.000000,USA,Midcontinent ISO,US-MIDW-MISO,520.53,597.09,22.39,6.66,eia.gov,false,""
2023-07-24T15:00:00.000000,USA,Midcontinent ISO,US-MIDW-MISO,524.75,602.48,21.31,6.45,eia.gov,false,""
2023-07-24T16:00:00.000000,USA,Midcontinent ISO,US-MIDW-MISO,518.23,596.95,21.08,7.0,eia.gov,false,""
2023-07-24T17:00:00.000000,USA,Midcontinent ISO,US-MIDW-MISO,511.04,589.93,21.52,8.2,eia.gov,false,""
2023-07-24T18:00:00.000000,USA,Midcontinent ISO,US-MIDW-MISO,509.55,589.15,21.16,8.45,eia.gov,false,""
2023-07-24T19:00:00.000000,USA,Midcontinent ISO,US-MIDW-MISO,509.48,589.63,20.78,8.47,eia.gov,false,""
2023-07-24T20:00:00.000000,USA,Midcontinent ISO,US-MIDW-MISO,506.69,586.65,21.13,9.09,eia.gov,false,""
2023-07-24T21:00:00.000000,USA,Midcontinent ISO,US-MIDW-MISO,509.53,590.15,20.48,8.7,eia.gov,false,""
2023-07-24T22:00:00.000000,USA,Midcontinent ISO,US-MIDW-MISO,512.44,593.19,20.18,8.32,eia.gov,false,""
2023-07-24T23:00:00.000000,USA,Midcontinent ISO,US-MIDW-MISO,515.97,596.69,19.88,7.46,eia.gov,false,""
2023-07-25T00:00:00.000000,USA,Midcontinent ISO,US-MIDW-MISO,520.73,601.27,19.59,6.67,eia.gov,false,""
2023-07-25T01:00:00.000000,USA,Midcontinent ISO,US-MIDW-MISO,526.39,606.64,19.25,5.78,eia.gov,false,""
2023-07-25T02:00:00.000000,USA,Midcontinent ISO,US-MIDW-MISO,529.03,607.87,19.94,5.96,eia.gov,false,""
2023-07-25T03:00:00.000000,USA,Midcontinent ISO,US-MIDW-MISO,528.16,604.77,21.42,6.6,eia.gov,false,""
2023-07-25T04:00:00.000000,USA,Midcontinent ISO,US-MIDW-MISO,519.42,594.17,23.19,7.53,eia.gov,false,""
2023-07-25T05:00:00.000000,USA,Midcontinent ISO,US-MIDW-MISO,502.16,575.45,25.33,8.81,eia.gov,false,""
2023-07-25T06:00:00.000000,USA,Midcontinent ISO,US-MIDW-MISO,480.77,552.77,27.63,10.05,eia.gov,false,""
2023-07-25T07:00:00.000000,USA,Midcontinent ISO,US-MIDW-MISO,459.91,530.53,29.95,11.49,eia.gov,false,""
2023-07-25T08:00:00.000000,USA,Midcontinent ISO,US-MIDW-MISO,452.85,522.62,30.99,12.28,eia.gov,false,""
2023-07-25T09:00:00.000000,USA,Midcontinent ISO,US-MIDW-MISO,455.06,524.9,30.8,12.2,eia.gov,false,""
2023-07-25T10:00:00.000000,USA,Midcontinent ISO,US-MIDW-MISO,464.82,535.54,29.54,11.81,eia.gov,false,""
2023-07-25T11:00:00.000000,USA,Midcontinent ISO,US-MIDW-MISO,477.89,549.01,28.51,11.54,eia.gov,false,""
2023-07-25T12:00:00.000000,USA,Midcontinent ISO,US-MIDW-MISO,485.9,557.36,27.87,11.5,eia.gov,false,""
2023-07-25T13:00:00.000000,USA,Midcontinent ISO,US-MIDW-MISO,496.42,569.7,26.14,10.5,eia.gov,false,""
2023-07-25T14:00:00.000000,USA,Midcontinent ISO,US-MIDW-MISO,506.51,582.12,23.96,9.04,eia.gov,false,""
2023-07-25T15:00:00.000000,USA,Midcontinent ISO,US-MIDW-MISO,509.55,586.07,23.14,9.17,eia.gov,false,""
2023-07-25T16:00:00.000000,USA,Midcontinent ISO,US-MIDW-MISO,505.09,581.6,23.42,10.21,eia.gov,false,""
2023-07-25T17:00:00.000000,USA,Midcontinent ISO,US-MIDW-MISO,493.86,569.56,24.75,12.34,eia.gov,false,""
2023-07-25T18:00:00.000000,USA,Midcontinent ISO,US-MIDW-MISO,489.19,564.81,25.14,13.27,eia.gov,false,""
2023-07-25T19:00:00.000000,USA,Midcontinent ISO,US-MIDW-MISO,489.5,564.67,25.44,14.01,eia.gov,false,""
2023-07-25T20:00:00.000000,USA,Midcontinent ISO,US-MIDW-MISO,485.55,560.58,25.79,14.63,eia.gov,false,""
2023-07-25T21:00:00.000000,USA,Midcontinent ISO,US-MIDW-MISO,493.78,569.62,24.67,13.78,eia.gov,false,""
2023-07-25T22:00:00.000000,USA,Midcontinent ISO,US-MIDW-MISO,501.73,578.18,23.68,12.75,eia.gov,false,""
2023-07-25T23:00:00.000000,USA,Midcontinent ISO,US-MIDW-MISO,514.63,592.29,21.94,10.76,eia.gov,false,""
2023-07-26T00:00:00.000000,USA,Midcontinent ISO,US-MIDW-MISO,525.08,603.54,20.58,8.94,eia.gov,false,""
2023-07-26T01:00:00.000000,USA,Midcontinent ISO,US-MIDW-MISO,526.61,604.45,20.78,8.72,eia.gov,false,""
2023-07-26T02:00:00.000000,USA,Midcontinent ISO,US-MIDW-MISO,515.15,590.34,23.27,10.77,eia.gov,false,""
2023-07-26T03:00:00.000000,USA,Midcontinent ISO,US-MIDW-MISO,502.58,574.76,26.07,12.64,eia.gov,false,""
2023-07-26T04:00:00.000000,USA,Midcontinent ISO,US-MIDW-MISO,496.63,567.61,27.23,12.83,eia.gov,false,""
2023-07-26T05:00:00.000000,USA,Midcontinent ISO,US-MIDW-MISO,486.03,556.44,28.33,12.62,eia.gov,false,""
2023-07-26T06:00:00.000000,USA,Midcontinent ISO,US-MIDW-MISO,469.85,539.59,29.88,12.56,eia.gov,false,""
2023-07-26T07:00:00.000000,USA,Midcontinent ISO,US-MIDW-MISO,459.74,530.09,30.15,12.14,eia.gov,false,""
2023-07-26T08:00:00.000000,USA,Midcontinent ISO,US-MIDW-MISO,463.79,534.94,29.35,10.95,eia.gov,false,""
2023-07-26T09:00:00.000000,USA,Midcontinent ISO,US-MIDW-MISO,464.43,535.38,29.44,11.21,eia.gov,false,""
2023-07-26T10:00:00.000000,USA,Midcontinent ISO,US-MIDW-MISO,481.09,553.4,27.41,9.76,eia.gov,false,""
2023-07-26T11:00:00.000000,USA,Midcontinent ISO,US-MIDW-MISO,486.04,557.79,27.55,10.58,eia.gov,false,""
2023-07-26T12:00:00.000000,USA,Midcontinent ISO,US-MIDW-MISO,483.86,555.89,27.58,11.39,eia.gov,false,""
2023-07-26T13:00:00.000000,USA,Midcontinent ISO,US-MIDW-MISO,489.75,563.43,26.22,10.83,eia.gov,false,""
2023-07-26T14:00:00.000000,USA,Midcontinent ISO,US-MIDW-MISO,507.59,583.51,23.51,8.96,eia.gov,false,""
2023-07-26T15:00:00.000000,USA,Midcontinent ISO,US-MIDW-MISO,510.29,586.85,22.91,9.13,eia.gov,false,""
2023-07-26T16:00:00.000000,USA,Midcontinent ISO,US-MIDW-MISO,520.35,598.33,21.26,8.28,eia.gov,false,""
2023-07-26T17:00:00.000000,USA,Midcontinent ISO,US-MIDW-MISO,516.61,594.61,21.57,9.2,eia.gov,false,""
2023-07-26T18:00:00.000000,USA,Midcontinent ISO,US-MIDW-MISO,514.83,593.34,21.38,9.54,eia.gov,false,""
2023-07-26T19:00:00.000000,USA,Midcontinent ISO,US-MIDW-MISO,511.32,589.8,21.68,10.13,eia.gov,false,""
2023-07-26T20:00:00.000000,USA,Midcontinent ISO,US-MIDW-MISO,509.4,588.22,21.57,10.18,eia.gov,false,""
2023-07-26T21:00:00.000000,USA,Midcontinent ISO,US-MIDW-MISO,505.01,583.94,21.8,10.41,eia.gov,false,""
2023-07-26T22:00:00.000000,USA,Midcontinent ISO,US-MIDW-MISO,506.99,586.92,20.99,9.6,eia.gov,false,""
2023-07-26T23:00:00.000000,USA,Midcontinent ISO,US-MIDW-MISO,515.59,595.89,20.12,8.52,eia.gov,false,""
2023-07-27T00:00:00.000000,USA,Midcontinent ISO,US-MIDW-MISO,527.46,608.51,18.71,6.79,eia.gov,false,""
2023-07-27T01:00:00.000000,USA,Midcontinent ISO,US-MIDW-MISO,532.89,613.84,18.33,6.01,eia.gov,false,""
2023-07-27T02:00:00.000000,USA,Midcontinent ISO,US-MIDW-MISO,536.91,616.81,18.7,5.64,eia.gov,false,""
2023-07-27T03:00:00.000000,USA,Midcontinent ISO,US-MIDW-MISO,536.1,614.31,19.87,6.08,eia.gov,false,""
2023-07-27T04:00:00.000000,USA,Midcontinent ISO,US-MIDW-MISO,540.03,617.18,20.28,5.9,eia.gov,false,""
2023-07-27T05:00:00.000000,USA,Midcontinent ISO,US-MIDW-MISO,531.49,607.21,21.77,6.55,eia.gov,false,""
2023-07-27T06:00:00.000000,USA,Midcontinent ISO,US-MIDW-MISO,510.37,584.9,23.95,7.61,eia.gov,false,""
2023-07-27T07:00:00.000000,USA,Midcontinent ISO,US-MIDW-MISO,491.92,565.73,25.67,8.75,eia.gov,false,""
2023-07-27T08:00:00.000000,USA,Midcontinent ISO,US-MIDW-MISO,479.55,552.85,26.84,9.65,eia.gov,false,""
2023-07-27T09:00:00.000000,USA,Midcontinent ISO,US-MIDW-MISO,476.2,548.82,27.51,10.42,eia.gov,false,""
2023-07-27T10:00:00.000000,USA,Midcontinent ISO,US-MIDW-MISO,482.64,555.04,27.22,10.65,eia.gov,false,""
2023-07-27T11:00:00.000000,USA,Midcontinent ISO,US-MIDW-MISO,474.26,545.46,28.7,12.69,eia.gov,false,""
2023-07-27T12:00:00.000000,USA,Midcontinent ISO,US-MIDW-MISO,479.51,550.93,28.31,13.12,eia.gov,false,""
2023-07-27T13:00:00.000000,USA,Midcontinent ISO,US-MIDW-MISO,491.42,564.42,26.63,12.4,eia.gov,false,""
2023-07-27T14:00:00.000000,USA,Midcontinent ISO,US-MIDW-MISO,505.73,581.34,23.96,10.58,eia.gov,false,""
2023-07-27T15:00:00.000000,USA,Midcontinent ISO,US-MIDW-MISO,502.31,578.07,24.08,11.55,eia.gov,false,""
2023-07-27T16:00:00.000000,USA,Midcontinent ISO,US-MIDW-MISO,499.59,575.31,24.28,12.46,eia.gov,false,""
2023-07-27T17:00:00.000000,USA,Midcontinent ISO,US-MIDW-MISO,500.18,576.16,24.08,12.92,eia.gov,false,""
2023-07-27T18:00:00.000000,USA,Midcontinent ISO,US-MIDW-MISO,502.29,578.83,23.63,12.88,eia.gov,false,""
2023-07-27T19:00:00.000000,USA,Midcontinent ISO,US-MIDW-MISO,501.65,578.32,23.58,13.07,eia.gov,false,""
2023-07-27T20:00:00.000000,USA,Midcontinent ISO,US-MIDW-MISO,502.0,579.47,23.02,12.58,eia.gov,false,""
2023-07-27T21:00:00.000000,USA,Midcontinent ISO,US-MIDW-MISO,504.7,582.39,22.69,12.28,eia.gov,false,""
2023-07-27T22:00:00.000000,USA,Midcontinent ISO,US-MIDW-MISO,506.46,584.28,22.47,12.07,eia.gov,false,""
2023-07-27T23:00:00.000000,USA,Midcontinent ISO,US-MIDW-MISO,513.17,591.54,21.58,10.9,eia.gov,false,""
2023-07-28T00:00:00.000000,USA,Midcontinent ISO,US-MIDW-MISO,523.34,602.47,20.3,9.28,eia.gov,false,""
2023-07-28T01:00:00.000000,USA,Midcontinent ISO,US-MIDW-MISO,524.62,603.33,20.4,8.95,eia.gov,false,""
2023-07-28T02:00:00.000000,USA,Midcontinent ISO,US-MIDW-MISO,515.67,592.1,22.44,10.26,eia.gov,false,""
2023-07-28T03:00:00.000000,USA,Midcontinent ISO,US-MIDW-MISO,511.46,586.23,23.77,10.76,eia.gov,false,""
2023-07-28T04:00:00.000000,USA,Midcontinent ISO,US-MIDW-MISO,516.24,589.45,24.45,10.7,eia.gov,false,""
2023-07-28T05:00:00.000000,USA,Midcontinent ISO,US-MIDW-MISO,513.04,585.21,25.35,11.16,eia.gov,false,""
2023-07-28T06:00:00.000000,USA,Midcontinent ISO,US-MIDW-MISO,501.38,573.14,26.39,11.63,eia.gov,false,""
2023-07-28T07:00:00.000000,USA,Midcontinent ISO,US-MIDW-MISO,488.61,560.39,27.24,11.85,eia.gov,false,""
2023-07-28T08:00:00.000000,USA,Midcontinent ISO,US-MIDW-MISO,478.22,549.44,28.32,12.59,eia.gov,false,""
2023-07-28T09:00:00.000000,USA,Midcontinent ISO,US-MIDW-MISO,482.48,553.86,27.94,12.02,eia.gov,false,""
2023-07-28T10:00:00.000000,USA,Midcontinent ISO,US-MIDW-MISO,490.59,562.22,27.24,11.66,eia.gov,false,""
2023-07-28T11:00:00.000000,USA,Midcontinent ISO,US-MIDW-MISO,492.69,564.04,27.39,12.34,eia.gov,false,""
2023-07-28T12:00:00.000000,USA,Midcontinent ISO,US-MIDW-MISO,491.41,563.06,27.37,12.71,eia.gov,false,""
2023-07-28T13:00:00.000000,USA,Midcontinent ISO,US-MIDW-MISO,512.1,586.62,24.16,10.29,eia.gov,false,""
2023-07-28T14:00:00.000000,USA,Midcontinent ISO,US-MIDW-MISO,521.21,597.62,22.33,9.19,eia.gov,false,""
2023-07-28T15:00:00.000000,USA,Midcontinent ISO,US-MIDW-MISO,529.23,607.49,20.58,8.06,eia.gov,false,""
2023-07-28T16:00:00.000000,USA,Midcontinent ISO,US-MIDW-MISO,527.61,607.2,19.81,7.88,eia.gov,false,""
2023-07-28T17:00:00.000000,USA,Midcontinent ISO,US-MIDW-MISO,519.5,599.17,20.37,9.09,eia.gov,false,""
2023-07-28T18:00:00.000000,USA,Midcontinent ISO,US-MIDW-MISO,515.31,594.5,20.98,10.26,eia.gov,false,""
2023-07-28T19:00:00.000000,USA,Midcontinent ISO,US-MIDW-MISO,509.44,587.82,21.96,11.51,eia.gov,false,""
2023-07-28T20:00:00.000000,USA,Midcontinent ISO,US-MIDW-MISO,506.55,584.76,22.29,11.96,eia.gov,false,""
2023-07-28T21:00:00.000000,USA,Midcontinent ISO,US-MIDW-MISO,506.5,585.44,21.78,11.59,eia.gov,false,""
2023-07-28T22:00:00.000000,USA,Midcontinent ISO,US-MIDW-MISO,509.38,588.3,21.55,11.24,eia.gov,false,""
2023-07-28T23:00:00.000000,USA,Midcontinent ISO,US-MIDW-MISO,516.65,596.01,20.66,10.11,eia.gov,false,""
2023-07-29T00:00:00.000000,USA,Midcontinent ISO,US-MIDW-MISO,517.07,595.25,21.33,10.37,eia.gov,false,""
2023-07-29T01:00:00.000000,USA,Midcontinent ISO,US-MIDW-MISO,510.09,586.54,22.86,11.39,eia.gov,false,""
2023-07-29T02:00:00.000000,USA,Midcontinent ISO,US-MIDW-MISO,500.41,575.16,24.56,12.52,eia.gov,false,""
2023-07-29T03:00:00.000000,USA,Midcontinent ISO,US-MIDW-MISO,503.77,577.23,25.1,12.14,eia.gov,false,""
2023-07-29T04:00:00.000000,USA,Midcontinent ISO,US-MIDW-MISO,494.2,566.09,26.78,12.78,eia.gov,false,""
2023-07-29T05:00:00.000000,USA,Midcontinent ISO,US-MIDW-MISO,483.47,554.32,28.21,13.34,eia.gov,false,""
2023-07-29T06:00:00.000000,USA,Midcontinent ISO,US-MIDW-MISO,480.78,551.72,28.31,12.59,eia.gov,false,""
2023-07-29T07:00:00.000000,USA,Midcontinent ISO,US-MIDW-MISO,476.0,547.56,28.23,11.63,eia.gov,false,""
2023-07-29T08:00:00.000000,USA,Midcontinent ISO,US-MIDW-MISO,472.57,544.37,28.31,10.93,eia.gov,false,""
2023-07-29T09:00:00.000000,USA,Midcontinent ISO,US-MIDW-MISO,465.54,536.73,29.2,11.62,eia.gov,false,""
2023-07-29T10:00:00.000000,USA,Midcontinent ISO,US-MIDW-MISO,469.02,540.31,28.9,11.31,eia.gov,false,""
2023-07-29T11:00:00.000000,USA,Midcontinent ISO,US-MIDW-MISO,464.5,535.19,29.65,12.07,eia.gov,false,""
2023-07-29T12:00:00.000000,USA,Midcontinent ISO,US-MIDW-MISO,475.39,547.92,27.8,10.8,eia.gov,false,""
2023-07-29T13:00:00.000000,USA,Midcontinent ISO,US-MIDW-MISO,489.45,563.39,26.1,10.0,eia.gov,false,""
2023-07-29T14:00:00.000000,USA,Midcontinent ISO,US-MIDW-MISO,506.13,580.89,24.51,9.38,eia.gov,false,""
2023-07-29T15:00:00.000000,USA,Midcontinent ISO,US-MIDW-MISO,514.8,589.81,23.75,9.63,eia.gov,false,""
2023-07-29T16:00:00.000000,USA,Midcontinent ISO,US-MIDW-MISO,524.77,600.7,22.46,9.15,eia.gov,false,""
2023-07-29T17:00:00.000000,USA,Midcontinent ISO,US-MIDW-MISO,521.57,597.43,22.82,10.07,eia.gov,false,""
2023-07-29T18:00:00.000000,USA,Midcontinent ISO,US-MIDW-MISO,520.39,596.4,22.82,10.42,eia.gov,false,""
2023-07-29T19:00:00.000000,USA,Midcontinent ISO,US-MIDW-MISO,520.31,596.44,22.73,10.57,eia.gov,false,""
2023-07-29T20:00:00.000000,USA,Midcontinent ISO,US-MIDW-MISO,516.02,591.94,23.18,11.23,eia.gov,false,""
2023-07-29T21:00:00.000000,USA,Midcontinent ISO,US-MIDW-MISO,511.21,586.5,23.98,11.91,eia.gov,false,""
2023-07-29T22:00:00.000000,USA,Midcontinent ISO,US-MIDW-MISO,514.35,590.1,23.42,11.24,eia.gov,false,""
2023-07-29T23:00:00.000000,USA,Midcontinent ISO,US-MIDW-MISO,520.52,596.82,22.55,10.04,eia.gov,false,""
2023-07-30T00:00:00.000000,USA,Midcontinent ISO,US-MIDW-MISO,530.01,606.9,21.41,8.33,eia.gov,false,""
2023-07-30T01:00:00.000000,USA,Midcontinent ISO,US-MIDW-MISO,534.76,611.7,20.92,7.2,eia.gov,false,""
2023-07-30T02:00:00.000000,USA,Midcontinent ISO,US-MIDW-MISO,534.09,610.63,21.12,6.81,eia.gov,false,""
2023-07-30T03:00:00.000000,USA,Midcontinent ISO,US-MIDW-MISO,528.61,604.5,21.86,6.44,eia.gov,false,""
2023-07-30T04:00:00.000000,USA,Midcontinent ISO,US-MIDW-MISO,520.51,595.53,22.98,6.23,eia.gov,false,""
2023-07-30T05:00:00.000000,USA,Midcontinent ISO,US-MIDW-MISO,515.26,589.86,23.62,5.7,eia.gov,false,""
2023-07-30T06:00:00.000000,USA,Midcontinent ISO,US-MIDW-MISO,502.72,577.26,24.51,5.39,eia.gov,false,""
2023-07-30T07:00:00.000000,USA,Midcontinent ISO,US-MIDW-MISO,496.98,571.17,25.13,5.38,eia.gov,false,""
2023-07-30T08:00:00.000000,USA,Midcontinent ISO,US-MIDW-MISO,490.17,563.59,26.12,5.79,eia.gov,false,""
2023-07-30T09:00:00.000000,USA,Midcontinent ISO,US-MIDW-MISO,486.62,559.74,26.55,5.94,eia.gov,false,""
2023-07-30T10:00:00.000000,USA,Midcontinent ISO,US-MIDW-MISO,485.44,558.38,26.77,5.68,eia.gov,false,""
2023-07-30T11:00:00.000000,USA,Midcontinent ISO,US-MIDW-MISO,481.36,554.42,27.02,6.0,eia.gov,false,""
2023-07-30T12:00:00.000000,USA,Midcontinent ISO,US-MIDW-MISO,478.76,552.53,26.87,6.83,eia.gov,false,""
2023-07-30T13:00:00.000000,USA,Midcontinent ISO,US-MIDW-MISO,485.32,559.79,26.12,7.19,eia.gov,false,""
2023-07-30T14:00:00.000000,USA,Midcontinent ISO,US-MIDW-MISO,505.65,581.08,24.12,6.55,eia.gov,false,""
2023-07-30T15:00:00.000000,USA,Midcontinent ISO,US-MIDW-MISO,521.26,596.87,22.93,6.51,eia.gov,false,""
2023-07-30T16:00:00.000000,USA,Midcontinent ISO,US-MIDW-MISO,528.28,604.24,22.25,6.93,eia.gov,false,""
2023-07-30T17:00:00.000000,USA,Midcontinent ISO,US-MIDW-MISO,531.75,607.84,21.97,7.61,eia.gov,false,""
2023-07-30T18:00:00.000000,USA,Midcontinent ISO,US-MIDW-MISO,530.44,606.19,22.36,8.57,eia.gov,false,""
2023-07-30T19:00:00.000000,USA,Midcontinent ISO,US-MIDW-MISO,529.88,605.66,22.37,8.86,eia.gov,false,""
2023-07-30T20:00:00.000000,USA,Midcontinent ISO,US-MIDW-MISO,526.8,602.54,22.63,9.33,eia.gov,false,""
2023-07-30T21:00:00.000000,USA,Midcontinent ISO,US-MIDW-MISO,531.25,607.61,21.89,8.92,eia.gov,false,""
2023-07-30T22:00:00.000000,USA,Midcontinent ISO,US-MIDW-MISO,530.75,606.56,22.29,9.36,eia.gov,false,""
2023-07-30T23:00:00.000000,USA,Midcontinent ISO,US-MIDW-MISO,539.59,616.04,21.18,8.09,eia.gov,false,""
2023-07-31T00:00:00.000000,USA,Midcontinent ISO,US-MIDW-MISO,549.58,626.58,19.99,6.32,eia.gov,false,""
2023-07-31T01:00:00.000000,USA,Midcontinent ISO,US-MIDW-MISO,548.87,625.79,19.95,5.69,eia.gov,false,""
2023-07-31T02:00:00.000000,USA,Midcontinent ISO,US-MIDW-MISO,541.26,617.31,20.91,5.94,eia.gov,false,""
2023-07-31T03:00:00.000000,USA,Midcontinent ISO,US-MIDW-MISO,525.6,599.85,23.14,7.2,eia.gov,false,""
2023-07-31T04:00:00.000000,USA,Midcontinent ISO,US-MIDW-MISO,499.1,571.47,26.17,9.14,eia.gov,false,""
2023-07-31T05:00:00.000000,USA,Midcontinent ISO,US-MIDW-MISO,477.44,548.23,28.68,10.39,eia.gov,false,""
2023-07-31T06:00:00.000000,USA,Midcontinent ISO,US-MIDW-MISO,461.94,532.06,30.18,10.86,eia.gov,false,""
2023-07-31T07:00:00.000000,USA,Midcontinent ISO,US-MIDW-MISO,455.76,525.51,30.85,11.09,eia.gov,false,""
2023-07-31T08:00:00.000000,USA,Midcontinent ISO,US-MIDW-MISO,452.27,521.33,31.54,11.64,eia.gov,false,""
2023-07-31T09:00:00.000000,USA,Midcontinent ISO,US-MIDW-MISO,453.88,523.66,30.94,11.49,eia.gov,false,""
2023-07-31T10:00:00.000000,USA,Midcontinent ISO,US-MIDW-MISO,467.62,539.18,28.82,10.24,eia.gov,false,""
2023-07-31T11:00:00.000000,USA,Midcontinent ISO,US-MIDW-MISO,484.14,556.48,27.32,9.48,eia.gov,false,""
2023-07-31T12:00:00.000000,USA,Midcontinent ISO,US-MIDW-MISO,495.5,568.25,26.43,9.42,eia.gov,false,""
2023-07-31T13:00:00.000000,USA,Midcontinent ISO,US-MIDW-MISO,509.64,583.72,24.71,8.53,eia.gov,false,""
2023-07-31T14:00:00.000000,USA,Midcontinent ISO,US-MIDW-MISO,523.21,598.31,23.17,7.78,eia.gov,false,""
2023-07-31T15:00:00.000000,USA,Midcontinent ISO,US-MIDW-MISO,525.97,601.27,22.9,8.39,eia.gov,false,""
2023-07-31T16:00:00.000000,USA,Midcontinent ISO,US-MIDW-MISO,523.75,599.45,22.83,9.07,eia.gov,false,""
2023-07-31T17:00:00.000000,USA,Midcontinent ISO,US-MIDW-MISO,520.58,596.65,22.78,9.46,eia.gov,false,""
2023-07-31T18:00:00.000000,USA,Midcontinent ISO,US-MIDW-MISO,525.76,602.06,22.28,9.38,eia.gov,false,""
2023-07-31T19:00:00.000000,USA,Midcontinent ISO,US-MIDW-MISO,528.23,605.09,21.76,9.15,eia.gov,false,""
2023-07-31T20:00:00.000000,USA,Midcontinent ISO,US-MIDW-MISO,531.83,609.25,21.13,8.8,eia.gov,false,""
2023-07-31T21:00:00.000000,USA,Midcontinent ISO,US-MIDW-MISO,533.84,611.3,20.98,8.79,eia.gov,false,""
2023-07-31T22:00:00.000000,USA,Midcontinent ISO,US-MIDW-MISO,538.07,615.94,20.37,8.05,eia.gov,false,""
2023-07-31T23:00:00.000000,USA,Midcontinent ISO,US-MIDW-MISO,542.18,620.47,19.73,7.12,eia.gov,false,""
2023-08-01T00:00:00.000000,USA,Midcontinent ISO,US-MIDW-MISO,547.79,626.15,19.18,6.11,eia.gov,false,""
2023-08-01T01:00:00.000000,USA,Midcontinent ISO,US-MIDW-MISO,547.58,625.37,19.46,5.92,eia.gov,false,""
2023-08-01T02:00:00.000000,USA,Midcontinent ISO,US-MIDW-MISO,531.7,607.34,21.92,7.63,eia.gov,false,""
2023-08-01T03:00:00.000000,USA,Midcontinent ISO,US-MIDW-MISO,512.85,585.98,24.79,9.55,eia.gov,false,""
2023-08-01T04:00:00.000000,USA,Midcontinent ISO,US-MIDW-MISO,511.76,584.07,25.35,9.43,eia.gov,false,""
2023-08-01T05:00:00.000000,USA,Midcontinent ISO,US-MIDW-MISO,506.0,577.34,26.38,9.58,eia.gov,false,""
2023-08-01T06:00:00.000000,USA,Midcontinent ISO,US-MIDW-MISO,487.84,558.72,27.91,9.72,eia.gov,false,""
2023-08-01T07:00:00.000000,USA,Midcontinent ISO,US-MIDW-MISO,477.0,548.25,28.39,9.43,eia.gov,false,""
2023-08-01T08:00:00.000000,USA,Midcontinent ISO,US-MIDW-MISO,475.44,547.14,28.2,8.73,eia.gov,false,""
2023-08-01T09:00:00.000000,USA,Midcontinent ISO,US-MIDW-MISO,480.67,552.58,27.71,8.36,eia.gov,false,""
2023-08-01T10:00:00.000000,USA,Midcontinent ISO,US-MIDW-MISO,487.91,560.19,26.97,8.35,eia.gov,false,""
2023-08-01T11:00:00.000000,USA,Midcontinent ISO,US-MIDW-MISO,488.39,560.08,27.45,9.87,eia.gov,false,""
2023-08-01T12:00:00.000000,USA,Midcontinent ISO,US-MIDW-MISO,485.52,556.96,27.95,10.98,eia.gov,false,""
2023-08-01T13:00:00.000000,USA,Midcontinent ISO,US-MIDW-MISO,495.8,568.96,26.22,9.6,eia.gov,false,""
2023-08-01T14:00:00.000000,USA,Midcontinent ISO,US-MIDW-MISO,504.74,579.04,24.94,9.0,eia.gov,false,""
2023-08-01T15:00:00.000000,USA,Midcontinent ISO,US-MIDW-MISO,506.87,581.53,24.59,9.45,eia.gov,false,""
2023-08-01T16:00:00.000000,USA,Midcontinent ISO,US-MIDW-MISO,509.91,585.34,23.86,9.55,eia.gov,false,""
2023-08-01T17:00:00.000000,USA,Midcontinent ISO,US-MIDW-MISO,512.59,588.69,23.24,9.76,eia.gov,false,""
2023-08-01T18:00:00.000000,USA,Midcontinent ISO,US-MIDW-MISO,510.3,586.56,23.36,10.43,eia.gov,false,""
2023-08-01T19:00:00.000000,USA,Midcontinent ISO,US-MIDW-MISO,506.69,582.76,23.81,11.31,eia.gov,false,""
2023-08-01T20:00:00.000000,USA,Midcontinent ISO,US-MIDW-MISO,507.55,583.87,23.56,11.35,eia.gov,false,""
2023-08-01T21:00:00.000000,USA,Midcontinent ISO,US-MIDW-MISO,516.41,593.73,22.26,10.2,eia.gov,false,""
2023-08-01T22:00:00.000000,USA,Midcontinent ISO,US-MIDW-MISO,521.91,599.15,21.9,9.83,eia.gov,false,""
2023-08-01T23:00:00.000000,USA,Midcontinent ISO,US-MIDW-MISO,525.79,602.91,21.58,9.27,eia.gov,false,""
2023-08-02T00:00:00.000000,USA,Midcontinent ISO,US-MIDW-MISO,534.35,611.76,20.66,7.85,eia.gov,false,""
2023-08-02T01:00:00.000000,USA,Midcontinent ISO,US-MIDW-MISO,535.31,612.4,20.67,7.37,eia.gov,false,""
2023-08-02T02:00:00.000000,USA,Midcontinent ISO,US-MIDW-MISO,528.64,604.29,22.05,8.28,eia.gov,false,""
2023-08-02T03:00:00.000000,USA,Midcontinent ISO,US-MIDW-MISO,511.59,585.18,24.49,9.8,eia.gov,false,""
2023-08-02T04:00:00.000000,USA,Midcontinent ISO,US-MIDW-MISO,497.71,569.49,26.61,11.27,eia.gov,false,""
2023-08-02T05:00:00.000000,USA,Midcontinent ISO,US-MIDW-MISO,485.58,556.35,28.11,12.02,eia.gov,false,""
2023-08-02T06:00:00.000000,USA,Midcontinent ISO,US-MIDW-MISO,472.76,543.84,28.78,11.08,eia.gov,false,""
2023-08-02T07:00:00.000000,USA,Midcontinent ISO,US-MIDW-MISO,464.96,536.41,29.07,10.41,eia.gov,false,""
2023-08-02T08:00:00.000000,USA,Midcontinent ISO,US-MIDW-MISO,465.46,537.74,28.49,9.39,eia.gov,false,""
2023-08-02T09:00:00.000000,USA,Midcontinent ISO,US-MIDW-MISO,454.38,524.34,30.76,12.01,eia.gov,false,""
2023-08-02T10:00:00.000000,USA,Midcontinent ISO,US-MIDW-MISO,447.38,516.84,31.55,13.38,eia.gov,false,""
2023-08-02T11:00:00.000000,USA,Midcontinent ISO,US-MIDW-MISO,456.37,526.51,30.59,13.08,eia.gov,false,""
2023-08-02T12:00:00.000000,USA,Midcontinent ISO,US-MIDW-MISO,473.18,545.24,28.31,11.44,eia.gov,false,""
2023-08-02T13:00:00.000000,USA,Midcontinent ISO,US-MIDW-MISO,491.39,565.84,25.58,9.35,eia.gov,false,""
2023-08-02T14:00:00.000000,USA,Midcontinent ISO,US-MIDW-MISO,506.39,582.56,23.47,8.06,eia.gov,false,""
2023-08-02T15:00:00.000000,USA,Midcontinent ISO,US-MIDW-MISO,513.66,590.35,22.64,8.19,eia.gov,false,""
2023-08-02T16:00:00.000000,USA,Midcontinent ISO,US-MIDW-MISO,504.44,581.1,23.32,9.59,eia.gov,false,""
2023-08-02T17:00:00.000000,USA,Midcontinent ISO,US-MIDW-MISO,507.19,584.42,22.77,9.58,eia.gov,false,""
2023-08-02T18:00:00.000000,USA,Midcontinent ISO,US-MIDW-MISO,510.45,588.74,21.89,9.27,eia.gov,false,""
2023-08-02T19:00:00.000000,USA,Midcontinent ISO,US-MIDW-MISO,511.08,590.26,21.29,9.17,eia.gov,false,""
2023-08-02T20:00:00.000000,USA,Midcontinent ISO,US-MIDW-MISO,511.32,590.81,21.11,9.34,eia.gov,false,""
2023-08-02T21:00:00.000000,USA,Midcontinent ISO,US-MIDW-MISO,513.9,593.82,20.63,8.88,eia.gov,false,""
2023-08-02T22:00:00.000000,USA,Midcontinent ISO,US-MIDW-MISO,514.94,595.16,20.31,8.39,eia.gov,false,""
2023-08-02T23:00:00.000000,USA,Midcontinent ISO,US-MIDW-MISO,521.16,601.59,19.66,7.37,eia.gov,false,""
2023-08-03T00:00:00.000000,USA,Midcontinent ISO,US-MIDW-MISO,530.85,611.41,18.8,6.08,eia.gov,false,""
2023-08-03T01:00:00.000000,USA,Midcontinent ISO,US-MIDW-MISO,534.72,615.48,18.3,5.12,eia.gov,false,""
2023-08-03T02:00:00.000000,USA,Midcontinent ISO,US-MIDW-MISO,533.75,613.53,19.0,5.34,eia.gov,false,""
2023-08-03T03:00:00.000000,USA,Midcontinent ISO,US-MIDW-MISO,534.03,611.95,20.24,5.73,eia.gov,false,""
2023-08-03T04:00:00.000000,USA,Midcontinent ISO,US-MIDW-MISO,534.38,611.52,20.65,5.08,eia.gov,false,""
2023-08-03T05:00:00.000000,USA,Midcontinent ISO,US-MIDW-MISO,527.11,603.41,21.73,5.22,eia.gov,false,""
2023-08-03T06:00:00.000000,USA,Midcontinent ISO,US-MIDW-MISO,518.24,594.8,22.08,3.96,eia.gov,false,""
2023-08-03T07:00:00.000000,USA,Midcontinent ISO,US-MIDW-MISO,511.22,588.01,22.4,3.51,eia.gov,false,""
2023-08-03T08:00:00.000000,USA,Midcontinent ISO,US-MIDW-MISO,504.6,581.37,22.86,3.42,eia.gov,false,""
2023-08-03T09:00:00.000000,USA,Midcontinent ISO,US-MIDW-MISO,508.1,585.49,22.2,2.93,eia.gov,false,""
2023-08-03T10:00:00.000000,USA,Midcontinent ISO,US-MIDW-MISO,523.71,601.56,20.85,2.58,eia.gov,false,""
2023-08-03T11:00:00.000000,USA,Midcontinent ISO,US-MIDW-MISO,523.86,601.03,21.41,3.9,eia.gov,false,""
2023-08-03T12:00:00.000000,USA,Midcontinent ISO,US-MIDW-MISO,521.75,598.54,21.96,5.21,eia.gov,false,""
2023-08-03T13:00:00.000000,USA,Midcontinent ISO,US-MIDW-MISO,522.16,599.67,21.55,5.63,eia.gov,false,""
2023-08-03T14:00:00.000000,USA,Midcontinent ISO,US-MIDW-MISO,522.96,601.83,20.59,5.64,eia.gov,false,""
2023-08-03T15:00:00.000000,USA,Midcontinent ISO,US-MIDW-MISO,526.05,605.9,19.72,5.7,eia.gov,false,""
2023-08-03T16:00:00.000000,USA,Midcontinent ISO,US-MIDW-MISO,525.31,605.45,19.6,6.29,eia.gov,false,""
2023-08-03T17:00:00.000000,USA,Midcontinent ISO,US-MIDW-MISO,517.61,598.15,19.92,7.3,eia.gov,false,""
2023-08-03T18:00:00.000000,USA,Midcontinent ISO,US-MIDW-MISO,511.72,592.69,20.04,7.75,eia.gov,false,""
2023-08-03T19:00:00.000000,USA,Midcontinent ISO,US-MIDW-MISO,508.65,589.01,20.68,8.57,eia.gov,false,""
2023-08-03T20:00:00.000000,USA,Midcontinent ISO,US-MIDW-MISO,507.43,587.85,20.71,8.71,eia.gov,false,""
2023-08-03T21:00:00.000000,USA,Midcontinent ISO,US-MIDW-MISO,505.59,586.71,20.37,8.48,eia.gov,false,""
2023-08-03T22:00:00.000000,USA,Midcontinent ISO,US-MIDW-MISO,504.95,586.02,20.44,8.44,eia.gov,false,""
2023-08-03T23:00:00.000000,USA,Midcontinent ISO,US-MIDW-MISO,509.27,590.16,20.21,7.91,eia.gov,false,""
2023-08-04T00:00:00.000000,USA,Midcontinent ISO,US-MIDW-MISO,520.29,601.75,18.94,6.32,eia.gov,false,""
2023-08-04T01:00:00.000000,USA,Midcontinent ISO,US-MIDW-MISO,520.66,601.33,19.34,6.02,eia.gov,false,""
2023-08-04T02:00:00.000000,USA,Midcontinent ISO,US-MIDW-MISO,529.62,610.39,18.59,4.81,eia.gov,false,""
2023-08-04T03:00:00.000000,USA,Midcontinent ISO,US-MIDW-MISO,533.71,613.18,19.16,4.36,eia.gov,false,""
2023-08-04T04:00:00.000000,USA,Midcontinent ISO,US-MIDW-MISO,542.43,620.93,19.17,3.67,eia.gov,false,""
2023-08-04T05:00:00.000000,USA,Midcontinent ISO,US-MIDW-MISO,534.44,612.05,20.32,4.14,eia.gov,false,""
2023-08-04T06:00:00.000000,USA,Midcontinent ISO,US-MIDW-MISO,520.33,597.95,21.22,3.76,eia.gov,false,""
2023-08-04T07:00:00.000000,USA,Midcontinent ISO,US-MIDW-MISO,509.93,587.36,22.06,3.61,eia.gov,false,""
2023-08-04T08:00:00.000000,USA,Midcontinent ISO,US-MIDW-MISO,505.01,582.54,22.32,3.51,eia.gov,false,""
2023-08-04T09:00:00.000000,USA,Midcontinent ISO,US-MIDW-MISO,502.48,579.93,22.53,3.97,eia.gov,false,""
2023-08-04T10:00:00.000000,USA,Midcontinent ISO,US-MIDW-MISO,509.37,586.63,22.18,4.08,eia.gov,false,""
2023-08-04T11:00:00.000000,USA,Midcontinent ISO,US-MIDW-MISO,509.97,586.73,22.59,5.24,eia.gov,false,""
2023-08-04T12:00:00.000000,USA,Midcontinent ISO,US-MIDW-MISO,510.67,587.58,22.55,5.86,eia.gov,false,""
2023-08-04T13:00:00.000000,USA,Midcontinent ISO,US-MIDW-MISO,516.86,593.83,22.24,6.41,eia.gov,false,""
2023-08-04T14:00:00.000000,USA,Midcontinent ISO,US-MIDW-MISO,523.71,601.93,20.96,6.11,eia.gov,false,""
2023-08-04T15:00:00.000000,USA,Midcontinent ISO,US-MIDW-MISO,521.13,599.65,20.95,6.7,eia.gov,false,""
2023-08-04T16:00:00.000000,USA,Midcontinent ISO,US-MIDW-MISO,516.59,594.91,21.43,7.91,eia.gov,false,""
2023-08-04T17:00:00.000000,USA,Midcontinent ISO,US-MIDW-MISO,510.88,589.71,21.49,8.59,eia.gov,false,""
2023-08-04T18:00:00.000000,USA,Midcontinent ISO,US-MIDW-MISO,508.53,587.83,21.38,8.91,eia.gov,false,""
2023-08-04T19:00:00.000000,USA,Midcontinent ISO,US-MIDW-MISO,503.24,582.24,21.96,9.82,eia.gov,false,""
2023-08-04T20:00:00.000000,USA,Midcontinent ISO,US-MIDW-MISO,500.71,580.18,21.8,9.94,eia.gov,false,""
2023-08-04T21:00:00.000000,USA,Midcontinent ISO,US-MIDW-MISO,500.22,579.5,21.95,10.08,eia.gov,false,""
2023-08-04T22:00:00.000000,USA,Midcontinent ISO,US-MIDW-MISO,501.31,580.27,22.05,9.9,eia.gov,false,""
2023-08-04T23:00:00.000000,USA,Midcontinent ISO,US-MIDW-MISO,508.26,586.88,21.69,9.28,eia.gov,false,""
2023-08-05T00:00:00.000000,USA,Midcontinent ISO,US-MIDW-MISO,516.24,594.69,21.14,8.09,eia.gov,false,""
2023-08-05T01:00:00.000000,USA,Midcontinent ISO,US-MIDW-MISO,518.1,596.61,20.87,7.17,eia.gov,false,""
2023-08-05T02:00:00.000000,USA,Midcontinent ISO,US-MIDW-MISO,516.9,594.39,21.6,7.3,eia.gov,false,""
2023-08-05T03:00:00.000000,USA,Midcontinent ISO,US-MIDW-MISO,513.39,589.08,22.99,7.7,eia.gov,false,""
2023-08-05T04:00:00.000000,USA,Midcontinent ISO,US-MIDW-MISO,510.08,584.9,23.74,7.53,eia.gov,false,""
2023-08-05T05:00:00.000000,USA,Midcontinent ISO,US-MIDW-MISO,500.92,574.32,25.31,8.12,eia.gov,false,""
2023-08-05T06:00:00.000000,USA,Midcontinent ISO,US-MIDW-MISO,483.7,556.52,26.86,8.39,eia.gov,false,""
2023-08-05T07:00:00.000000,USA,Midcontinent ISO,US-MIDW-MISO,468.63,541.18,28.07,8.64,eia.gov,false,""
2023-08-05T08:00:00.000000,USA,Midcontinent ISO,US-MIDW-MISO,454.7,526.76,29.34,9.25,eia.gov,false,""
2023-08-05T09:00:00.000000,USA,Midcontinent ISO,US-MIDW-MISO,448.77,520.67,29.85,9.57,eia.gov,false,""
2023-08-05T10:00:00.000000,USA,Midcontinent ISO,US-MIDW-MISO,445.05,516.35,30.49,10.33,eia.gov,false,""
2023-08-05T11:00:00.000000,USA,Midcontinent ISO,US-MIDW-MISO,445.62,516.44,30.81,11.33,eia.gov,false,""
2023-08-05T12:00:00.000000,USA,Midcontinent ISO,US-MIDW-MISO,447.89,518.54,30.83,11.99,eia.gov,false,""
2023-08-05T13:00:00.000000,USA,Midcontinent ISO,US-MIDW-MISO,467.42,539.38,28.74,10.83,eia.gov,false,""
2023-08-05T14:00:00.000000,USA,Midcontinent ISO,US-MIDW-MISO,476.6,549.16,27.78,10.87,eia.gov,false,""
2023-08-05T15:00:00.000000,USA,Midcontinent ISO,US-MIDW-MISO,486.16,559.27,26.84,11.33,eia.gov,false,""
2023-08-05T16:00:00.000000,USA,Midcontinent ISO,US-MIDW-MISO,494.49,568.22,25.9,11.21,eia.gov,false,""
2023-08-05T17:00:00.000000,USA,Midcontinent ISO,US-MIDW-MISO,490.86,564.17,26.44,12.4,eia.gov,false,""
2023-08-05T18:00:00.000000,USA,Midcontinent ISO,US-MIDW-MISO,483.95,556.78,27.28,13.62,eia.gov,false,""
2023-08-05T19:00:00.000000,USA,Midcontinent ISO,US-MIDW-MISO,477.84,549.97,28.17,14.84,eia.gov,false,""
2023-08-05T20:00:00.000000,USA,Midcontinent ISO,US-MIDW-MISO,473.69,545.51,28.7,15.57,eia.gov,false,""
2023-08-05T21:00:00.000000,USA,Midcontinent ISO,US-MIDW-MISO,474.78,546.77,28.52,15.49,eia.gov,false,""
2023-08-05T22:00:00.000000,USA,Midcontinent ISO,US-MIDW-MISO,482.69,555.31,27.52,14.57,eia.gov,false,""
2023-08-05T23:00:00.000000,USA,Midcontinent ISO,US-MIDW-MISO,492.29,565.55,26.31,13.1,eia.gov,false,""
2023-08-06T00:00:00.000000,USA,Midcontinent ISO,US-MIDW-MISO,491.93,564.95,26.38,12.89,eia.gov,false,""
2023-08-06T01:00:00.000000,USA,Midcontinent ISO,US-MIDW-MISO,489.6,562.19,26.72,12.76,eia.gov,false,""
2023-08-06T02:00:00.000000,USA,Midcontinent ISO,US-MIDW-MISO,482.7,554.07,27.9,13.35,eia.gov,false,""
2023-08-06T03:00:00.000000,USA,Midcontinent ISO,US-MIDW-MISO,466.01,535.59,30.2,14.7,eia.gov,false,""
2023-08-06T04:00:00.000000,USA,Midcontinent ISO,US-MIDW-MISO,455.84,524.99,31.17,14.19,eia.gov,false,""
2023-08-06T05:00:00.000000,USA,Midcontinent ISO,US-MIDW-MISO,465.09,534.51,30.38,12.66,eia.gov,false,""
2023-08-06T06:00:00.000000,USA,Midcontinent ISO,US-MIDW-MISO,451.79,520.32,31.86,13.35,eia.gov,false,""
2023-08-06T07:00:00.000000,USA,Midcontinent ISO,US-MIDW-MISO,442.11,510.49,32.61,12.91,eia.gov,false,""
2023-08-06T08:00:00.000000,USA,Midcontinent ISO,US-MIDW-MISO,434.73,502.75,33.35,12.82,eia.gov,false,""
2023-08-06T09:00:00.000000,USA,Midcontinent ISO,US-MIDW-MISO,423.65,490.79,34.68,13.33,eia.gov,false,""
2023-08-06T10:00:00.000000,USA,Midcontinent ISO,US-MIDW-MISO,426.43,494.15,34.1,12.6,eia.gov,false,""
2023-08-06T11:00:00.000000,USA,Midcontinent ISO,US-MIDW-MISO,425.55,493.32,34.2,13.47,eia.gov,false,""
2023-08-06T12:00:00.000000,USA,Midcontinent ISO,US-MIDW-MISO,435.25,503.86,33.04,13.23,eia.gov,false,""
2023-08-06T13:00:00.000000,USA,Midcontinent ISO,US-MIDW-MISO,447.41,516.57,31.97,13.07,eia.gov,false,""
2023-08-06T14:00:00.000000,USA,Midcontinent ISO,US-MIDW-MISO,466.63,537.5,29.57,11.75,eia.gov,false,""
2023-08-06T15:00:00.000000,USA,Midcontinent ISO,US-MIDW-MISO,482.1,553.84,27.96,11.32,eia.gov,false,""
2023-08-06T16:00:00.000000,USA,Midcontinent ISO,US-MIDW-MISO,490.1,562.02,27.3,11.36,eia.gov,false,""
2023-08-06T17:00:00.000000,USA,Midcontinent ISO,US-MIDW-MISO,491.25,563.2,27.21,12.08,eia.gov,false,""
2023-08-06T18:00:00.000000,USA,Midcontinent ISO,US-MIDW-MISO,493.0,565.15,26.95,12.48,eia.gov,false,""
2023-08-06T19:00:00.000000,USA,Midcontinent ISO,US-MIDW-MISO,486.11,557.6,27.94,13.91,eia.gov,false,""
2023-08-06T20:00:00.000000,USA,Midcontinent ISO,US-MIDW-MISO,477.17,548.0,29.04,15.3,eia.gov,false,""
2023-08-06T21:00:00.000000,USA,Midcontinent ISO,US-MIDW-MISO,475.58,546.66,29.0,15.51,eia.gov,false,""
2023-08-06T22:00:00.000000,USA,Midcontinent ISO,US-MIDW-MISO,475.32,546.06,29.25,15.86,eia.gov,false,""
2023-08-06T23:00:00.000000,USA,Midcontinent ISO,US-MIDW-MISO,482.1,553.15,28.48,14.99,eia.gov,false,""
2023-08-07T00:00:00.000000,USA,Midcontinent ISO,US-MIDW-MISO,484.44,555.81,27.99,14.04,eia.gov,false,""
2023-08-07T01:00:00.000000,USA,Midcontinent ISO,US-MIDW-MISO,486.56,558.44,27.41,12.98,eia.gov,false,""
2023-08-07T02:00:00.000000,USA,Midcontinent ISO,US-MIDW-MISO,483.54,554.71,28.0,12.82,eia.gov,false,""
2023-08-07T03:00:00.000000,USA,Midcontinent ISO,US-MIDW-MISO,478.49,548.68,28.95,12.74,eia.gov,false,""
2023-08-07T04:00:00.000000,USA,Midcontinent ISO,US-MIDW-MISO,480.91,551.28,28.67,11.24,eia.gov,false,""
2023-08-07T05:00:00.000000,USA,Midcontinent ISO,US-MIDW-MISO,477.45,547.86,28.86,10.51,eia.gov,false,""
2023-08-07T06:00:00.000000,USA,Midcontinent ISO,US-MIDW-MISO,470.81,541.45,29.14,9.96,eia.gov,false,""
2023-08-07T07:00:00.000000,USA,Midcontinent ISO,US-MIDW-MISO,468.79,540.04,28.88,9.03,eia.gov,false,""
2023-08-07T08:00:00.000000,USA,Midcontinent ISO,US-MIDW-MISO,465.69,536.93,29.1,9.21,eia.gov,false,""
2023-08-07T09:00:00.000000,USA,Midcontinent ISO,US-MIDW-MISO,464.53,535.46,29.38,9.62,eia.gov,false,""
2023-08-07T10:00:00.000000,USA,Midcontinent ISO,US-MIDW-MISO,476.12,546.98,28.63,9.83,eia.gov,false,""
2023-08-07T11:00:00.000000,USA,Midcontinent ISO,US-MIDW-MISO,481.34,552.18,28.39,10.6,eia.gov,false,""
2023-08-07T12:00:00.000000,USA,Midcontinent ISO,US-MIDW-MISO,484.67,555.99,27.91,10.87,eia.gov,false,""
2023-08-07T13:00:00.000000,USA,Midcontinent ISO,US-MIDW-MISO,494.74,567.28,26.5,10.25,eia.gov,false,""
2023-08-07T14:00:00.000000,USA,Midcontinent ISO,US-MIDW-MISO,506.14,580.19,24.81,9.27,eia.gov,false,""
2023-08-07T15:00:00.000000,USA,Midcontinent ISO,US-MIDW-MISO,509.58,584.01,24.38,9.4,eia.gov,false,""
2023-08-07T16:00:00.000000,USA,Midcontinent ISO,US-MIDW-MISO,512.12,587.5,23.58,9.12,eia.gov,false,""
2023-08-07T17:00:00.000000,USA,Midcontinent ISO,US-MIDW-MISO,506.39,581.68,24.18,10.39,eia.gov,false,""
2023-08-07T18:00:00.000000,USA,Midcontinent ISO,US-MIDW-MISO,505.85,581.69,23.84,10.41,eia.gov,false,""
2023-08-07T19:00:00.000000,USA,Midcontinent ISO,US-MIDW-MISO,498.68,574.02,24.7,11.5,eia.gov,false,""
2023-08-07T20:00:00.000000,USA,Midcontinent ISO,US-MIDW-MISO,491.02,565.99,25.49,12.55,eia.gov,false,""
2023-08-07T21:00:00.000000,USA,Midcontinent ISO,US-MIDW-MISO,488.57,563.31,25.8,12.85,eia.gov,false,""
2023-08-07T22:00:00.000000,USA,Midcontinent ISO,US-MIDW-MISO,493.29,568.45,25.2,12.12,eia.gov,false,""
2023-08-07T23:00:00.000000,USA,Midcontinent ISO,US-MIDW-MISO,508.05,584.82,22.99,9.44,eia.gov,false,""
2023-08-08T00:00:00.000000,USA,Midcontinent ISO,US-MIDW-MISO,520.67,598.48,21.33,7.19,eia.gov,false,""
2023-08-08T01:00:00.000000,USA,Midcontinent ISO,US-MIDW-MISO,524.19,602.28,20.84,6.08,eia.gov,false,""
2023-08-08T02:00:00.000000,USA,Midcontinent ISO,US-MIDW-MISO,525.85,603.67,20.87,5.47,eia.gov,false,""
2023-08-08T03:00:00.000000,USA,Midcontinent ISO,US-MIDW-MISO,522.37,599.34,21.62,5.15,eia.gov,false,""
2023-08-08T04:00:00.000000,USA,Midcontinent ISO,US-MIDW-MISO,522.21,598.15,22.18,4.62,eia.gov,false,""
2023-08-08T05:00:00.000000,USA,Midcontinent ISO,US-MIDW-MISO,511.73,586.86,23.44,4.9,eia.gov,false,""
2023-08-08T06:00:00.000000,USA,Midcontinent ISO,US-MIDW-MISO,487.32,561.92,25.44,5.23,eia.gov,false,""
2023-08-08T07:00:00.000000,USA,Midcontinent ISO,US-MIDW-MISO,473.61,547.96,26.52,5.54,eia.gov,false,""
2023-08-08T08:00:00.000000,USA,Midcontinent ISO,US-MIDW-MISO,465.76,540.01,27.11,5.75,eia.gov,false,""
2023-08-08T09:00:00.000000,USA,Midcontinent ISO,US-MIDW-MISO,472.77,547.29,26.45,5.62,eia.gov,false,""
2023-08-08T10:00:00.000000,USA,Midcontinent ISO,US-MIDW-MISO,485.79,560.54,25.43,5.55,eia.gov,false,""
2023-08-08T11:00:00.000000,USA,Midcontinent ISO,US-MIDW-MISO,498.59,573.46,24.6,6.09,eia.gov,false,""
2023-08-08T12:00:00.000000,USA,Midcontinent ISO,US-MIDW-MISO,500.58,576.03,24.2,6.37,eia.gov,false,""
2023-08-08T13:00:00.000000,USA,Midcontinent ISO,US-MIDW-MISO,496.76,573.35,23.8,6.48,eia.gov,false,""
2023-08-08T14:00:00.000000,USA,Midcontinent ISO,US-MIDW-MISO,500.07,576.89,23.52,6.92,eia.gov,false,""
2023-08-08T15:00:00.000000,USA,Midcontinent ISO,US-MIDW-MISO,508.7,585.96,22.66,6.99,eia.gov,false,""
2023-08-08T16:00:00.000000,USA,Midcontinent ISO,US-MIDW-MISO,512.27,589.83,22.19,7.29,eia.gov,false,""
2023-08-08T17:00:00.000000,USA,Midcontinent ISO,US-MIDW-MISO,507.22,584.48,22.77,8.46,eia.gov,false,""
2023-08-08T18:00:00.000000,USA,Midcontinent ISO,US-MIDW-MISO,504.19,581.03,23.32,9.58,eia.gov,false,""
2023-08-08T19:00:00.000000,USA,Midcontinent ISO,US-MIDW-MISO,499.69,576.4,23.79,10.49,eia.gov,false,""
2023-08-08T20:00:00.000000,USA,Midcontinent ISO,US-MIDW-MISO,501.71,578.95,23.3,10.35,eia.gov,false,""
2023-08-08T21:00:00.000000,USA,Midcontinent ISO,US-MIDW-MISO,505.46,583.12,22.74,9.9,eia.gov,false,""
2023-08-08T22:00:00.000000,USA,Midcontinent ISO,US-MIDW-MISO,510.43,588.53,22.07,9.33,eia.gov,false,""
2023-08-08T23:00:00.000000,USA,Midcontinent ISO,US-MIDW-MISO,518.12,597.12,20.85,7.89,eia.gov,false,""
2023-08-09T00:00:00.000000,USA,Midcontinent ISO,US-MIDW-MISO,526.48,605.98,19.81,6.16,eia.gov,false,""
2023-08-09T01:00:00.000000,USA,Midcontinent ISO,US-MIDW-MISO,530.86,611.07,18.93,4.74,eia.gov,false,""
2023-08-09T02:00:00.000000,USA,Midcontinent ISO,US-MIDW-MISO,528.44,607.52,19.82,4.88,eia.gov,false,""
2023-08-09T03:00:00.000000,USA,Midcontinent ISO,US-MIDW-MISO,523.27,600.74,21.16,4.79,eia.gov,false,""
2023-08-09T04:00:00.000000,USA,Midcontinent ISO,US-MIDW-MISO,518.7,595.14,22.11,4.77,eia.gov,false,""
2023-08-09T05:00:00.000000,USA,Midcontinent ISO,US-MIDW-MISO,506.83,582.74,23.27,4.78,eia.gov,false,""
2023-08-09T06:00:00.000000,USA,Midcontinent ISO,US-MIDW-MISO,491.09,566.57,24.61,4.63,eia.gov,false,""
2023-08-09T07:00:00.000000,USA,Midcontinent ISO,US-MIDW-MISO,477.27,552.41,25.77,5.25,eia.gov,false,""
2023-08-09T08:00:00.000000,USA,Midcontinent ISO,US-MIDW-MISO,468.84,543.58,26.61,5.81,eia.gov,false,""
2023-08-09T09:00:00.000000,USA,Midcontinent ISO,US-MIDW-MISO,466.07,540.2,27.19,6.71,eia.gov,false,""
2023-08-09T10:00:00.000000,USA,Midcontinent ISO,US-MIDW-MISO,492.77,568.44,24.38,4.84,eia.gov,false,""
2023-08-09T11:00:00.000000,USA,Midcontinent ISO,US-MIDW-MISO,505.12,580.53,23.82,5.52,eia.gov,false,""
2023-08-09T12:00:00.000000,USA,Midcontinent ISO,US-MIDW-MISO,504.23,579.76,23.89,6.07,eia.gov,false,""
2023-08-09T13:00:00.000000,USA,Midcontinent ISO,US-MIDW-MISO,499.98,577.07,23.21,5.91,eia.gov,false,""
2023-08-09T14:00:00.000000,USA,Midcontinent ISO,US-MIDW-MISO,509.05,586.75,22.29,6.2,eia.gov,false,""
2023-08-09T15:00:00.000000,USA,Midcontinent ISO,US-MIDW-MISO,513.77,591.88,21.73,6.42,eia.gov,false,""
2023-08-09T16:00:00.000000,USA,Midcontinent ISO,US-MIDW-MISO,509.8,587.89,22.09,7.4,eia.gov,false,""
2023-08-09T17:00:00.000000,USA,Midcontinent ISO,US-MIDW-MISO,507.2,585.38,22.26,8.32,eia.gov,false,""
2023-08-09T18:00:00.000000,USA,Midcontinent ISO,US-MIDW-MISO,506.88,585.39,22.05,8.57,eia.gov,false,""
2023-08-09T19:00:00.000000,USA,Midcontinent ISO,US-MIDW-MISO,508.17,587.05,21.71,8.53,eia.gov,false,""
2023-08-09T20:00:00.000000,USA,Midcontinent ISO,US-MIDW-MISO,508.66,587.31,21.81,9.03,eia.gov,false,""
2023-08-09T21:00:00.000000,USA,Midcontinent ISO,US-MIDW-MISO,512.11,590.85,21.47,8.77,eia.gov,false,""
2023-08-09T22:00:00.000000,USA,Midcontinent ISO,US-MIDW-MISO,513.65,592.19,21.47,8.62,eia.gov,false,""
2023-08-09T23:00:00.000000,USA,Midcontinent ISO,US-MIDW-MISO,513.27,591.8,21.48,8.36,eia.gov,false,""
2023-08-10T00:00:00.000000,USA,Midcontinent ISO,US-MIDW-MISO,515.54,594.45,20.98,7.3,eia.gov,false,""
2023-08-10T01:00:00.000000,USA,Midcontinent ISO,US-MIDW-MISO,521.63,601.03,20.13,6.01,eia.gov,false,""
2023-08-10T02:00:00.000000,USA,Midcontinent ISO,US-MIDW-MISO,520.6,599.37,20.58,5.85,eia.gov,false,""
2023-08-10T03:00:00.000000,USA,Midcontinent ISO,US-MIDW-MISO,527.14,605.61,20.21,4.53,eia.gov,false,""
2023-08-10T04:00:00.000000,USA,Midcontinent ISO,US-MIDW-MISO,524.07,600.81,21.58,4.98,eia.gov,false,""
2023-08-10T05:00:00.000000,USA,Midcontinent ISO,US-MIDW-MISO,512.56,588.21,23.08,5.49,eia.gov,false,""
2023-08-10T06:00:00.000000,USA,Midcontinent ISO,US-MIDW-MISO,490.98,566.12,24.86,6.03,eia.gov,false,""
2023-08-10T07:00:00.000000,USA,Midcontinent ISO,US-MIDW-MISO,480.03,555.04,25.66,6.13,eia.gov,false,""
2023-08-10T08:00:00.000000,USA,Midcontinent ISO,US-MIDW-MISO,474.01,548.69,26.27,6.36,eia.gov,false,""
2023-08-10T09:00:00.000000,USA,Midcontinent ISO,US-MIDW-MISO,479.96,554.99,25.64,6.03,eia.gov,false,""
2023-08-10T10:00:00.000000,USA,Midcontinent ISO,US-MIDW-MISO,485.51,560.87,25.04,6.07,eia.gov,false,""
2023-08-10T11:00:00.000000,USA,Midcontinent ISO,US-MIDW-MISO,488.54,563.38,25.27,7.3,eia.gov,false,""
2023-08-10T12:00:00.000000,USA,Midcontinent ISO,US-MIDW-MISO,495.7,570.36,24.98,7.91,eia.gov,false,""
2023-08-10T13:00:00.000000,USA,Midcontinent ISO,US-MIDW-MISO,505.89,581.85,23.54,7.11,eia.gov,false,""
2023-08-10T14:00:00.000000,USA,Midcontinent ISO,US-MIDW-MISO,509.14,585.34,23.29,7.44,eia.gov,false,""
2023-08-10T15:00:00.000000,USA,Midcontinent ISO,US-MIDW-MISO,508.82,585.36,23.12,7.89,eia.gov,false,""
2023-08-10T16:00:00.000000,USA,Midcontinent ISO,US-MIDW-MISO,504.96,581.89,23.14,8.69,eia.gov,false,""
2023-08-10T17:00:00.000000,USA,Midcontinent ISO,US-MIDW-MISO,497.15,573.66,24.02,10.28,eia.gov,false,""
2023-08-10T18:00:00.000000,USA,Midcontinent ISO,US-MIDW-MISO,494.17,570.29,24.49,11.16,eia.gov,false,""
2023-08-10T19:00:00.000000,USA,Midcontinent ISO,US-MIDW-MISO,487.46,562.5,25.71,12.68,eia.gov,false,""
2023-08-10T20:00:00.000000,USA,Midcontinent ISO,US-MIDW-MISO,481.19,555.64,26.51,13.85,eia.gov,false,""
2023-08-10T21:00:00.000000,USA,Midcontinent ISO,US-MIDW-MISO,478.44,552.81,26.75,14.29,eia.gov,false,""
2023-08-10T22:00:00.000000,USA,Midcontinent ISO,US-MIDW-MISO,477.29,551.05,27.19,14.75,eia.gov,false,""
2023-08-10T23:00:00.000000,USA,Midcontinent ISO,US-MIDW-MISO,482.16,555.91,26.74,14.06,eia.gov,false,""
2023-08-11T00:00:00.000000,USA,Midcontinent ISO,US-MIDW-MISO,491.92,566.54,25.3,12.17,eia.gov,false,""
2023-08-11T01:00:00.000000,USA,Midcontinent ISO,US-MIDW-MISO,489.81,563.19,26.18,12.6,eia.gov,false,""
2023-08-11T02:00:00.000000,USA,Midcontinent ISO,US-MIDW-MISO,475.67,547.01,28.46,14.17,eia.gov,false,""
2023-08-11T03:00:00.000000,USA,Midcontinent ISO,US-MIDW-MISO,468.66,538.45,29.88,14.52,eia.gov,false,""
2023-08-11T04:00:00.000000,USA,Midcontinent ISO,US-MIDW-MISO,466.57,535.38,30.64,14.57,eia.gov,false,""
2023-08-11T05:00:00.000000,USA,Midcontinent ISO,US-MIDW-MISO,454.63,523.11,31.68,14.55,eia.gov,false,""
2023-08-11T06:00:00.000000,USA,Midcontinent ISO,US-MIDW-MISO,437.1,505.62,32.82,14.51,eia.gov,false,""
2023-08-11T07:00:00.000000,USA,Midcontinent ISO,US-MIDW-MISO,444.4,514.58,31.24,12.42,eia.gov,false,""
2023-08-11T08:00:00.000000,USA,Midcontinent ISO,US-MIDW-MISO,446.82,517.22,30.94,11.61,eia.gov,false,""
2023-08-11T09:00:00.000000,USA,Midcontinent ISO,US-MIDW-MISO,450.21,520.83,30.56,11.55,eia.gov,false,""
2023-08-11T10:00:00.000000,USA,Midcontinent ISO,US-MIDW-MISO,460.63,531.77,29.5,10.99,eia.gov,false,""
2023-08-11T11:00:00.000000,USA,Midcontinent ISO,US-MIDW-MISO,483.85,555.74,27.55,10.28,eia.gov,false,""
2023-08-11T12:00:00.000000,USA,Midcontinent ISO,US-MIDW-MISO,494.89,567.25,26.6,10.03,eia.gov,false,""
2023-08-11T13:00:00.000000,USA,Midcontinent ISO,US-MIDW-MISO,508.29,582.65,24.45,8.32,eia.gov,false,""
2023-08-11T14:00:00.000000,USA,Midcontinent ISO,US-MIDW-MISO,513.62,588.88,23.59,8.32,eia.gov,false,""
2023-08-11T15:00:00.000000,USA,Midcontinent ISO,US-MIDW-MISO,514.16,589.97,23.16,8.62,eia.gov,false,""
2023-08-11T16:00:00.000000,USA,Midcontinent ISO,US-MIDW-MISO,508.05,584.35,23.26,9.52,eia.gov,false,""
2023-08-11T17:00:00.000000,USA,Midcontinent ISO,US-MIDW-MISO,502.52,578.63,23.79,10.91,eia.gov,false,""
2023-08-11T18:00:00.000000,USA,Midcontinent ISO,US-MIDW-MISO,491.0,565.94,25.42,13.17,eia.gov,false,""
2023-08-11T19:00:00.000000,USA,Midcontinent ISO,US-MIDW-MISO,487.11,562.19,25.62,13.87,eia.gov,false,""
2023-08-11T20:00:00.000000,USA,Midcontinent ISO,US-MIDW-MISO,484.68,559.41,26.0,14.5,eia.gov,false,""
2023-08-11T21:00:00.000000,USA,Midcontinent ISO,US-MIDW-MISO,480.01,553.68,27.02,15.65,eia.gov,false,""
2023-08-11T22:00:00.000000,USA,Midcontinent ISO,US-MIDW-MISO,478.71,552.03,27.31,15.94,eia.gov,false,""
2023-08-11T23:00:00.000000,USA,Midcontinent ISO,US-MIDW-MISO,486.23,560.29,26.21,14.58,eia.gov,false,""
2023-08-12T00:00:00.000000,USA,Midcontinent ISO,US-MIDW-MISO,500.25,575.16,24.59,12.52,eia.gov,false,""
2023-08-12T01:00:00.000000,USA,Midcontinent ISO,US-MIDW-MISO,509.43,584.73,23.59,10.8,eia.gov,false,""
2023-08-12T02:00:00.000000,USA,Midcontinent ISO,US-MIDW-MISO,510.89,585.47,23.92,10.25,eia.gov,false,""
2023-08-12T03:00:00.000000,USA,Midcontinent ISO,US-MIDW-MISO,511.95,585.46,24.48,9.86,eia.gov,false,""
2023-08-12T04:00:00.000000,USA,Midcontinent ISO,US-MIDW-MISO,501.82,573.34,26.47,11.02,eia.gov,false,""
2023-08-12T05:00:00.000000,USA,Midcontinent ISO,US-MIDW-MISO,483.11,552.75,28.98,12.54,eia.gov,false,""
2023-08-12T06:00:00.000000,USA,Midcontinent ISO,US-MIDW-MISO,469.16,538.64,30.02,12.22,eia.gov,false,""
2023-08-12T07:00:00.000000,USA,Midcontinent ISO,US-MIDW-MISO,460.55,530.38,30.38,11.75,eia.gov,false,""
2023-08-12T08:00:00.000000,USA,Midcontinent ISO,US-MIDW-MISO,460.31,530.82,29.96,10.84,eia.gov,false,""
2023-08-12T09:00:00.000000,USA,Midcontinent ISO,US-MIDW-MISO,451.86,522.04,30.76,11.46,eia.gov,false,""
2023-08-12T10:00:00.000000,USA,Midcontinent ISO,US-MIDW-MISO,451.68,521.91,30.74,11.33,eia.gov,false,""
2023-08-12T11:00:00.000000,USA,Midcontinent ISO,US-MIDW-MISO,446.68,516.45,31.43,12.09,eia.gov,false,""
2023-08-12T12:00:00.000000,USA,Midcontinent ISO,US-MIDW-MISO,460.34,530.98,30.03,11.55,eia.gov,false,""
2023-08-12T13:00:00.000000,USA,Midcontinent ISO,US-MIDW-MISO,483.1,555.28,27.63,10.25,eia.gov,false,""
2023-08-12T14:00:00.000000,USA,Midcontinent ISO,US-MIDW-MISO,489.09,562.44,26.59,10.38,eia.gov,false,""
2023-08-12T15:00:00.000000,USA,Midcontinent ISO,US-MIDW-MISO,486.7,560.26,26.63,11.35,eia.gov,false,""
2023-08-12T16:00:00.000000,USA,Midcontinent ISO,US-MIDW-MISO,482.77,556.18,26.97,12.44,eia.gov,false,""
2023-08-12T17:00:00.000000,USA,Midcontinent ISO,US-MIDW-MISO,490.09,564.08,26.08,12.33,eia.gov,false,""
2023-08-12T18:00:00.000000,USA,Midcontinent ISO,US-MIDW-MISO,485.0,559.33,26.26,13.2,eia.gov,false,""
2023-08-12T19:00:00.000000,USA,Midcontinent ISO,US-MIDW-MISO,481.19,555.49,26.57,13.91,eia.gov,false,""
2023-08-12T20:00:00.000000,USA,Midcontinent ISO,US-MIDW-MISO,478.26,552.61,26.77,14.57,eia.gov,false,""
2023-08-12T21:00:00.000000,USA,Midcontinent ISO,US-MIDW-MISO,478.04,553.11,26.31,14.28,eia.gov,false,""
2023-08-12T22:00:00.000000,USA,Midcontinent ISO,US-MIDW-MISO,483.62,559.53,25.33,13.02,eia.gov,false,""
2023-08-12T23:00:00.000000,USA,Midcontinent ISO,US-MIDW-MISO,497.41,575.28,23.03,10.42,eia.gov,false,""
2023-08-13T00:00:00.000000,USA,Midcontinent ISO,US-MIDW-MISO,513.0,592.23,20.95,7.72,eia.gov,false,""
2023-08-13T01:00:00.000000,USA,Midcontinent ISO,US-MIDW-MISO,518.13,597.62,20.36,6.43,eia.gov,false,""
2023-08-13T02:00:00.000000,USA,Midcontinent ISO,US-MIDW-MISO,523.54,602.95,19.96,5.23,eia.gov,false,""
2023-08-13T03:00:00.000000,USA,Midcontinent ISO,US-MIDW-MISO,524.36,602.59,20.64,4.98,eia.gov,false,""
2023-08-13T04:00:00.000000,USA,Midcontinent ISO,US-MIDW-MISO,523.81,600.89,21.39,4.64,eia.gov,false,""
2023-08-13T05:00:00.000000,USA,Midcontinent ISO,US-MIDW-MISO,518.97,595.64,21.96,4.16,eia.gov,false,""
2023-08-13T06:00:00.000000,USA,Midcontinent ISO,US-MIDW-MISO,504.44,580.19,23.56,4.74,eia.gov,false,""
2023-08-13T07:00:00.000000,USA,Midcontinent ISO,US-MIDW-MISO,489.75,564.74,25.06,5.48,eia.gov,false,""
2023-08-13T08:00:00.000000,USA,Midcontinent ISO,US-MIDW-MISO,476.14,550.5,26.39,6.16,eia.gov,false,""
2023-08-13T09:00:00.000000,USA,Midcontinent ISO,US-MIDW-MISO,469.68,543.94,26.9,6.16,eia.gov,false,""
2023-08-13T10:00:00.000000,USA,Midcontinent ISO,US-MIDW-MISO,471.47,545.69,26.8,6.01,eia.gov,false,""
2023-08-13T11:00:00.000000,USA,Midcontinent ISO,US-MIDW-MISO,464.34,537.5,28.03,7.66,eia.gov,false,""
2023-08-13T12:00:00.000000,USA,Midcontinent ISO,US-MIDW-MISO,449.34,521.0,30.17,10.69,eia.gov,false,""
2023-08-13T13:00:00.000000,USA,Midcontinent ISO,US-MIDW-MISO,467.51,540.41,28.24,10.01,eia.gov,false,""
2023-08-13T14:00:00.000000,USA,Midcontinent ISO,US-MIDW-MISO,495.97,570.61,25.19,8.23,eia.gov,false,""
2023-08-13T15:00:00.000000,USA,Midcontinent ISO,US-MIDW-MISO,504.66,579.38,24.58,8.93,eia.gov,false,""
2023-08-13T16:00:00.000000,USA,Midcontinent ISO,US-MIDW-MISO,499.29,574.29,24.74,9.83,eia.gov,false,""
2023-08-13T17:00:00.000000,USA,Midcontinent ISO,US-MIDW-MISO,499.95,575.18,24.56,10.4,eia.gov,false,""
2023-08-13T18:00:00.000000,USA,Midcontinent ISO,US-MIDW-MISO,499.22,574.62,24.57,10.96,eia.gov,false,""
2023-08-13T19:00:00.000000,USA,Midcontinent ISO,US-MIDW-MISO,504.35,580.96,23.46,10.33,eia.gov,false,""
2023-08-13T20:00:00.000000,USA,Midcontinent ISO,US-MIDW-MISO,504.27,581.11,23.33,10.42,eia.gov,false,""
2023-08-13T21:00:00.000000,USA,Midcontinent ISO,US-MIDW-MISO,504.97,582.36,22.88,10.14,eia.gov,false,""
2023-08-13T22:00:00.000000,USA,Midcontinent ISO,US-MIDW-MISO,507.41,584.89,22.59,9.82,eia.gov,false,""
2023-08-13T23:00:00.000000,USA,Midcontinent ISO,US-MIDW-MISO,511.04,588.13,22.56,9.47,eia.gov,false,""
2023-08-14T00:00:00.000000,USA,Midcontinent ISO,US-MIDW-MISO,514.38,590.83,22.65,9.19,eia.gov,false,""
2023-08-14T01:00:00.000000,USA,Midcontinent ISO,US-MIDW-MISO,511.2,586.96,23.26,9.52,eia.gov,false,""
2023-08-14T02:00:00.000000,USA,Midcontinent ISO,US-MIDW-MISO,498.26,571.95,25.41,11.08,eia.gov,false,""
2023-08-14T03:00:00.000000,USA,Midcontinent ISO,US-MIDW-MISO,486.54,558.26,27.45,12.18,eia.gov,false,""
2023-08-14T04:00:00.000000,USA,Midcontinent ISO,US-MIDW-MISO,468.9,539.23,29.54,13.09,eia.gov,false,""
2023-08-14T05:00:00.000000,USA,Midcontinent ISO,US-MIDW-MISO,448.81,517.76,31.81,14.48,eia.gov,false,""
2023-08-14T06:00:00.000000,USA,Midcontinent ISO,US-MIDW-MISO,430.05,497.29,34.21,16.13,eia.gov,false,""
2023-08-14T07:00:00.000000,USA,Midcontinent ISO,US-MIDW-MISO,419.09,486.16,35.06,16.26,eia.gov,false,""
2023-08-14T08:00:00.000000,USA,Midcontinent ISO,US-MIDW-MISO,417.41,485.04,34.78,15.72,eia.gov,false,""
2023-08-14T09:00:00.000000,USA,Midcontinent ISO,US-MIDW-MISO,433.35,502.1,32.96,14.38,eia.gov,false,""
2023-08-14T10:00:00.000000,USA,Midcontinent ISO,US-MIDW-MISO,446.73,515.76,31.87,14.11,eia.gov,false,""
2023-08-14T11:00:00.000000,USA,Midcontinent ISO,US-MIDW-MISO,446.91,515.61,32.18,15.12,eia.gov,false,""
2023-08-14T12:00:00.000000,USA,Midcontinent ISO,US-MIDW-MISO,457.37,526.59,31.17,14.82,eia.gov,false,""
2023-08-14T13:00:00.000000,USA,Midcontinent ISO,US-MIDW-MISO,464.78,534.17,30.64,14.96,eia.gov,false,""
2023-08-14T14:00:00.000000,USA,Midcontinent ISO,US-MIDW-MISO,470.08,540.05,29.92,15.12,eia.gov,false,""
2023-08-14T15:00:00.000000,USA,Midcontinent ISO,US-MIDW-MISO,477.49,548.04,29.06,14.82,eia.gov,false,""
2023-08-14T16:00:00.000000,USA,Midcontinent ISO,US-MIDW-MISO,477.74,548.78,28.74,15.1,eia.gov,false,""
2023-08-14T17:00:00.000000,USA,Midcontinent ISO,US-MIDW-MISO,473.25,543.97,29.31,16.12,eia.gov,false,""
2023-08-14T18:00:00.000000,USA,Midcontinent ISO,US-MIDW-MISO,469.31,539.51,29.96,17.11,eia.gov,false,""
2023-08-14T19:00:00.000000,USA,Midcontinent ISO,US-MIDW-MISO,464.63,533.95,30.87,18.24,eia.gov,false,""
2023-08-14T20:00:00.000000,USA,Midcontinent ISO,US-MIDW-MISO,460.73,529.74,31.34,18.86,eia.gov,false,""
2023-08-14T21:00:00.000000,USA,Midcontinent ISO,US-MIDW-MISO,456.02,524.6,31.95,19.62,eia.gov,false,""
2023-08-14T22:00:00.000000,USA,Midcontinent ISO,US-MIDW-MISO,455.21,523.77,31.95,19.51,eia.gov,false,""
2023-08-14T23:00:00.000000,USA,Midcontinent ISO,US-MIDW-MISO,456.54,525.68,31.42,18.66,eia.gov,false,""
2023-08-15T00:00:00.000000,USA,Midcontinent ISO,US-MIDW-MISO,469.62,540.32,29.46,16.31,eia.gov,false,""
2023-08-15T01:00:00.000000,USA,Midcontinent ISO,US-MIDW-MISO,483.02,554.71,27.85,14.23,eia.gov,false,""
2023-08-15T02:00:00.000000,USA,Midcontinent ISO,US-MIDW-MISO,485.8,557.73,27.47,13.19,eia.gov,false,""
2023-08-15T03:00:00.000000,USA,Midcontinent ISO,US-MIDW-MISO,490.63,562.6,27.03,11.38,eia.gov,false,""
2023-08-15T04:00:00.000000,USA,Midcontinent ISO,US-MIDW-MISO,486.09,557.6,27.6,10.87,eia.gov,false,""
2023-08-15T05:00:00.000000,USA,Midcontinent ISO,US-MIDW-MISO,474.26,545.34,28.7,11.01,eia.gov,false,""
2023-08-15T06:00:00.000000,USA,Midcontinent ISO,US-MIDW-MISO,458.63,529.26,30.05,11.37,eia.gov,false,""
2023-08-15T07:00:00.000000,USA,Midcontinent ISO,US-MIDW-MISO,442.98,512.94,31.55,12.17,eia.gov,false,""
2023-08-15T08:00:00.000000,USA,Midcontinent ISO,US-MIDW-MISO,436.6,505.97,32.38,12.66,eia.gov,false,""
2023-08-15T09:00:00.000000,USA,Midcontinent ISO,US-MIDW-MISO,436.61,506.15,32.25,12.8,eia.gov,false,""
2023-08-15T10:00:00.000000,USA,Midcontinent ISO,US-MIDW-MISO,448.93,519.81,30.51,11.97,eia.gov,false,""
2023-08-15T11:00:00.000000,USA,Midcontinent ISO,US-MIDW-MISO,453.85,524.27,30.57,13.21,eia.gov,false,""
2023-08-15T12:00:00.000000,USA,Midcontinent ISO,US-MIDW-MISO,451.82,522.02,30.93,14.11,eia.gov,false,""
2023-08-15T13:00:00.000000,USA,Midcontinent ISO,US-MIDW-MISO,465.37,537.28,29.03,12.73,eia.gov,false,""
2023-08-15T14:00:00.000000,USA,Midcontinent ISO,US-MIDW-MISO,486.26,559.72,26.67,10.76,eia.gov,false,""
2023-08-15T15:00:00.000000,USA,Midcontinent ISO,US-MIDW-MISO,497.69,571.71,25.55,10.38,eia.gov,false,""
2023-08-15T16:00:00.000000,USA,Midcontinent ISO,US-MIDW-MISO,498.16,572.47,25.37,10.67,eia.gov,false,""
2023-08-15T17:00:00.000000,USA,Midcontinent ISO,US-MIDW-MISO,496.26,571.0,25.28,11.13,eia.gov,false,""
2023-08-15T18:00:00.000000,USA,Midcontinent ISO,US-MIDW-MISO,496.7,571.75,25.08,11.3,eia.gov,false,""
2023-08-15T19:00:00.000000,USA,Midcontinent ISO,US-MIDW-MISO,497.45,572.8,24.87,11.37,eia.gov,false,""
2023-08-15T20:00:00.000000,USA,Midcontinent ISO,US-MIDW-MISO,499.07,574.88,24.45,11.13,eia.gov,false,""
2023-08-15T21:00:00.000000,USA,Midcontinent ISO,US-MIDW-MISO,501.96,578.02,24.09,10.79,eia.gov,false,""
2023-08-15T22:00:00.000000,USA,Midcontinent ISO,US-MIDW-MISO,505.96,582.3,23.62,10.17,eia.gov,false,""
2023-08-15T23:00:00.000000,USA,Midcontinent ISO,US-MIDW-MISO,513.76,590.48,22.76,9.12,eia.gov,false,""
2023-08-16T00:00:00.000000,USA,Midcontinent ISO,US-MIDW-MISO,524.79,602.01,21.55,7.41,eia.gov,false,""
2023-08-16T01:00:00.000000,USA,Midcontinent ISO,US-MIDW-MISO,519.29,596.08,22.14,7.54,eia.gov,false,""
2023-08-16T02:00:00.000000,USA,Midcontinent ISO,US-MIDW-MISO,511.87,586.87,23.73,8.3,eia.gov,false,""
2023-08-16T03:00:00.000000,USA,Midcontinent ISO,US-MIDW-MISO,498.75,571.02,26.31,9.78,eia.gov,false,""
2023-08-16T04:00:00.000000,USA,Midcontinent ISO,US-MIDW-MISO,474.92,544.6,29.59,12.06,eia.gov,false,""
2023-08-16T05:00:00.000000,USA,Midcontinent ISO,US-MIDW-MISO,446.83,514.47,32.84,14.11,eia.gov,false,""
2023-08-16T06:00:00.000000,USA,Midcontinent ISO,US-MIDW-MISO,425.32,491.41,35.31,16.02,eia.gov,false,""
2023-08-16T07:00:00.000000,USA,Midcontinent ISO,US-MIDW-MISO,407.08,471.69,37.52,17.79,eia.gov,false,""
2023-08-16T08:00:00.000000,USA,Midcontinent ISO,US-MIDW-MISO,400.59,464.32,38.55,18.46,eia.gov,false,""
2023-08-16T09:00:00.000000,USA,Midcontinent ISO,US-MIDW-MISO,394.27,457.25,39.46,19.41,eia.gov,false,""
2023-08-16T10:00:00.000000,USA,Midcontinent ISO,US-MIDW-MISO,407.68,471.18,38.21,19.2,eia.gov,false,""
2023-08-16T11:00:00.000000,USA,Midcontinent ISO,US-MIDW-MISO,409.67,472.79,38.38,20.43,eia.gov,false,""
2023-08-16T12:00:00.000000,USA,Midcontinent ISO,US-MIDW-MISO,404.82,467.48,39.15,21.85,eia.gov,false,""
2023-08-16T13:00:00.000000,USA,Midcontinent ISO,US-MIDW-MISO,403.69,466.56,39.27,22.26,eia.gov,false,""
2023-08-16T14:00:00.000000,USA,Midcontinent ISO,US-MIDW-MISO,415.96,479.65,37.97,21.76,eia.gov,false,""
2023-08-16T15:00:00.000000,USA,Midcontinent ISO,US-MIDW-MISO,421.85,485.89,37.33,22.05,eia.gov,false,""
2023-08-16T16:00:00.000000,USA,Midcontinent ISO,US-MIDW-MISO,427.19,491.81,36.57,22.01,eia.gov,false,""
2023-08-16T17:00:00.000000,USA,Midcontinent ISO,US-MIDW-MISO,439.66,505.57,34.85,20.95,eia.gov,false,""
2023-08-16T18:00:00.000000,USA,Midcontinent ISO,US-MIDW-MISO,438.49,504.07,35.18,21.9,eia.gov,false,""
2023-08-16T19:00:00.000000,USA,Midcontinent ISO,US-MIDW-MISO,435.74,501.09,35.54,22.69,eia.gov,false,""
2023-08-16T20:00:00.000000,USA,Midcontinent ISO,US-MIDW-MISO,431.77,496.67,36.15,23.72,eia.gov,false,""
2023-08-16T21:00:00.000000,USA,Midcontinent ISO,US-MIDW-MISO,428.24,492.62,36.79,24.71,eia.gov,false,""
2023-08-16T22:00:00.000000,USA,Midcontinent ISO,US-MIDW-MISO,428.99,493.32,36.7,24.72,eia.gov,false,""
2023-08-16T23:00:00.000000,USA,Midcontinent ISO,US-MIDW-MISO,436.73,501.86,35.51,23.23,eia.gov,false,""
2023-08-17T00:00:00.000000,USA,Midcontinent ISO,US-MIDW-MISO,444.02,509.85,34.37,21.52,eia.gov,false,""
2023-08-17T01:00:00.000000,USA,Midcontinent ISO,US-MIDW-MISO,439.38,504.91,34.79,21.24,eia.gov,false,""
2023-08-17T02:00:00.000000,USA,Midcontinent ISO,US-MIDW-MISO,417.54,481.36,37.34,23.08,eia.gov,false,""
2023-08-17T03:00:00.000000,USA,Midcontinent ISO,US-MIDW-MISO,395.64,457.31,40.18,24.46,eia.gov,false,""
2023-08-17T04:00:00.000000,USA,Midcontinent ISO,US-MIDW-MISO,381.31,442.01,41.8,25.08,eia.gov,false,""
2023-08-17T05:00:00.000000,USA,Midcontinent ISO,US-MIDW-MISO,381.11,441.02,42.36,24.33,eia.gov,false,""
2023-08-17T06:00:00.000000,USA,Midcontinent ISO,US-MIDW-MISO,373.71,432.61,43.55,24.07,eia.gov,false,""
2023-08-17T07:00:00.000000,USA,Midcontinent ISO,US-MIDW-MISO,358.17,414.55,46.29,25.98,eia.gov,false,""
2023-08-17T08:00:00.000000,USA,Midcontinent ISO,US-MIDW-MISO,350.38,405.52,47.62,27.12,eia.gov,false,""
2023-08-17T09:00:00.000000,USA,Midcontinent ISO,US-MIDW-MISO,347.9,402.56,48.1,27.66,eia.gov,false,""
2023-08-17T10:00:00.000000,USA,Midcontinent ISO,US-MIDW-MISO,349.14,404.76,47.39,27.7,eia.gov,false,""
2023-08-17T11:00:00.000000,USA,Midcontinent ISO,US-MIDW-MISO,346.01,401.93,47.51,28.73,eia.gov,false,""
2023-08-17T12:00:00.000000,USA,Midcontinent ISO,US-MIDW-MISO,344.61,400.62,47.71,29.5,eia.gov,false,""
2023-08-17T13:00:00.000000,USA,Midcontinent ISO,US-MIDW-MISO,354.57,412.75,45.76,28.38,eia.gov,false,""
2023-08-17T14:00:00.000000,USA,Midcontinent ISO,US-MIDW-MISO,366.95,427.31,43.46,27.13,eia.gov,false,""
2023-08-17T15:00:00.000000,USA,Midcontinent ISO,US-MIDW-MISO,382.93,444.73,41.4,26.04,eia.gov,false,""
2023-08-17T16:00:00.000000,USA,Midcontinent ISO,US-MIDW-MISO,395.94,458.55,39.99,25.47,eia.gov,false,""
2023-08-17T17:00:00.000000,USA,Midcontinent ISO,US-MIDW-MISO,399.64,463.66,38.8,24.81,eia.gov,false,""
2023-08-17T18:00:00.000000,USA,Midcontinent ISO,US-MIDW-MISO,412.15,477.35,37.17,23.62,eia.gov,false,""
2023-08-17T19:00:00.000000,USA,Midcontinent ISO,US-MIDW-MISO,424.84,491.09,35.66,22.39,eia.gov,false,""
2023-08-17T20:00:00.000000,USA,Midcontinent ISO,US-MIDW-MISO,436.29,503.48,34.3,21.27,eia.gov,false,""
2023-08-17T21:00:00.000000,USA,Midcontinent ISO,US-MIDW-MISO,448.41,516.66,32.82,19.92,eia.gov,false,""
2023-08-17T22:00:00.000000,USA,Midcontinent ISO,US-MIDW-MISO,463.04,532.89,30.78,17.73,eia.gov,false,""
2023-08-17T23:00:00.000000,USA,Midcontinent ISO,US-MIDW-MISO,478.85,550.34,28.56,15.04,eia.gov,false,""
2023-08-18T00:00:00.000000,USA,Midcontinent ISO,US-MIDW-MISO,490.48,563.19,26.88,12.62,eia.gov,false,""
2023-08-18T01:00:00.000000,USA,Midcontinent ISO,US-MIDW-MISO,497.14,570.46,25.91,10.94,eia.gov,false,""
2023-08-18T02:00:00.000000,USA,Midcontinent ISO,US-MIDW-MISO,493.1,566.28,26.21,10.56,eia.gov,false,""
2023-08-18T03:00:00.000000,USA,Midcontinent ISO,US-MIDW-MISO,490.36,563.73,26.11,9.39,eia.gov,false,""
2023-08-18T04:00:00.000000,USA,Midcontinent ISO,US-MIDW-MISO,485.64,558.98,26.42,8.81,eia.gov,false,""
2023-08-18T05:00:00.000000,USA,Midcontinent ISO,US-MIDW-MISO,478.95,551.16,27.64,8.87,eia.gov,false,""
2023-08-18T06:00:00.000000,USA,Midcontinent ISO,US-MIDW-MISO,457.91,529.37,29.55,9.42,eia.gov,false,""
2023-08-18T07:00:00.000000,USA,Midcontinent ISO,US-MIDW-MISO,440.77,511.59,31.12,10.32,eia.gov,false,""
2023-08-18T08:00:00.000000,USA,Midcontinent ISO,US-MIDW-MISO,429.17,498.76,32.72,11.44,eia.gov,false,""
2023-08-18T09:00:00.000000,USA,Midcontinent ISO,US-MIDW-MISO,424.49,494.01,33.07,12.22,eia.gov,false,""
2023-08-18T10:00:00.000000,USA,Midcontinent ISO,US-MIDW-MISO,422.3,490.86,33.85,13.81,eia.gov,false,""
2023-08-18T11:00:00.000000,USA,Midcontinent ISO,US-MIDW-MISO,412.39,478.88,35.97,16.62,eia.gov,false,""
2023-08-18T12:00:00.000000,USA,Midcontinent ISO,US-MIDW-MISO,395.98,460.82,38.33,19.6,eia.gov,false,""
2023-08-18T13:00:00.000000,USA,Midcontinent ISO,US-MIDW-MISO,391.6,456.72,38.58,20.87,eia.gov,false,""
2023-08-18T14:00:00.000000,USA,Midcontinent ISO,US-MIDW-MISO,404.29,470.68,36.92,20.07,eia.gov,false,""
2023-08-18T15:00:00.000000,USA,Midcontinent ISO,US-MIDW-MISO,402.07,467.61,37.65,21.62,eia.gov,false,""
2023-08-18T16:00:00.000000,USA,Midcontinent ISO,US-MIDW-MISO,401.86,467.09,37.9,22.67,eia.gov,false,""
2023-08-18T17:00:00.000000,USA,Midcontinent ISO,US-MIDW-MISO,410.96,476.85,36.84,22.22,eia.gov,false,""
2023-08-18T18:00:00.000000,USA,Midcontinent ISO,US-MIDW-MISO,417.65,483.51,36.48,22.64,eia.gov,false,""
2023-08-18T19:00:00.000000,USA,Midcontinent ISO,US-MIDW-MISO,420.21,485.98,36.41,22.93,eia.gov,false,""
2023-08-18T20:00:00.000000,USA,Midcontinent ISO,US-MIDW-MISO,424.3,490.5,35.87,22.72,eia.gov,false,""
2023-08-18T21:00:00.000000,USA,Midcontinent ISO,US-MIDW-MISO,427.0,493.42,35.51,22.39,eia.gov,false,""
2023-08-18T22:00:00.000000,USA,Midcontinent ISO,US-MIDW-MISO,428.01,494.2,35.58,22.48,eia.gov,false,""
2023-08-18T23:00:00.000000,USA,Midcontinent ISO,US-MIDW-MISO,439.0,506.02,34.15,20.69,eia.gov,false,""
2023-08-19T00:00:00.000000,USA,Midcontinent ISO,US-MIDW-MISO,443.64,511.04,33.43,19.13,eia.gov,false,""
2023-08-19T01:00:00.000000,USA,Midcontinent ISO,US-MIDW-MISO,430.46,496.7,34.98,20.04,eia.gov,false,""
2023-08-19T02:00:00.000000,USA,Midcontinent ISO,US-MIDW-MISO,417.28,481.92,36.89,21.5,eia.gov,false,""
2023-08-19T03:00:00.000000,USA,Midcontinent ISO,US-MIDW-MISO,406.61,469.82,38.47,22.27,eia.gov,false,""
2023-08-19T04:00:00.000000,USA,Midcontinent ISO,US-MIDW-MISO,389.85,451.12,40.88,23.56,eia.gov,false,""
2023-08-19T05:00:00.000000,USA,Midcontinent ISO,US-MIDW-MISO,375.01,433.31,43.85,24.79,eia.gov,false,""
2023-08-19T06:00:00.000000,USA,Midcontinent ISO,US-MIDW-MISO,360.15,416.64,46.05,25.3,eia.gov,false,""
2023-08-19T07:00:00.000000,USA,Midcontinent ISO,US-MIDW-MISO,354.2,409.59,47.19,25.75,eia.gov,false,""
2023-08-19T08:00:00.000000,USA,Midcontinent ISO,US-MIDW-MISO,353.16,407.67,47.85,26.03,eia.gov,false,""
2023-08-19T09:00:00.000000,USA,Midcontinent ISO,US-MIDW-MISO,349.06,402.98,48.52,26.89,eia.gov,false,""
2023-08-19T10:00:00.000000,USA,Midcontinent ISO,US-MIDW-MISO,355.41,409.98,47.66,26.47,eia.gov,false,""
2023-08-19T11:00:00.000000,USA,Midcontinent ISO,US-MIDW-MISO,355.52,409.61,47.99,27.15,eia.gov,false,""
2023-08-19T12:00:00.000000,USA,Midcontinent ISO,US-MIDW-MISO,349.74,403.77,48.58,28.43,eia.gov,false,""
2023-08-19T13:00:00.000000,USA,Midcontinent ISO,US-MIDW-MISO,361.79,419.87,45.24,26.17,eia.gov,false,""
2023-08-19T14:00:00.000000,USA,Midcontinent ISO,US-MIDW-MISO,388.95,453.44,39.21,21.35,eia.gov,false,""
2023-08-19T15:00:00.000000,USA,Midcontinent ISO,US-MIDW-MISO,413.65,480.81,35.79,18.86,eia.gov,false,""
2023-08-19T16:00:00.000000,USA,Midcontinent ISO,US-MIDW-MISO,433.49,503.17,32.77,16.87,eia.gov,false,""
2023-08-19T17:00:00.000000,USA,Midcontinent ISO,US-MIDW-MISO,452.35,524.05,30.16,15.11,eia.gov,false,""
2023-08-19T18:00:00.000000,USA,Midcontinent ISO,US-MIDW-MISO,468.26,540.51,28.79,14.63,eia.gov,false,""
2023-08-19T19:00:00.000000,USA,Midcontinent ISO,US-MIDW-MISO,472.76,544.81,28.68,15.31,eia.gov,false,""
2023-08-19T20:00:00.000000,USA,Midcontinent ISO,US-MIDW-MISO,472.84,544.9,28.7,15.98,eia.gov,false,""
2023-08-19T21:00:00.000000,USA,Midcontinent ISO,US-MIDW-MISO,476.32,548.45,28.44,16.01,eia.gov,false,""
2023-08-19T22:00:00.000000,USA,Midcontinent ISO,US-MIDW-MISO,484.19,556.68,27.62,15.23,eia.gov,false,""
2023-08-19T23:00:00.000000,USA,Midcontinent ISO,US-MIDW-MISO,490.29,563.48,26.63,13.81,eia.gov,false,""
2023-08-20T00:00:00.000000,USA,Midcontinent ISO,US-MIDW-MISO,499.47,573.39,25.36,12.08,eia.gov,false,""
2023-08-20T01:00:00.000000,USA,Midcontinent ISO,US-MIDW-MISO,494.39,567.79,25.92,12.08,eia.gov,false,""
2023-08-20T02:00:00.000000,USA,Midcontinent ISO,US-MIDW-MISO,477.04,548.37,28.39,13.99,eia.gov,false,""
2023-08-20T03:00:00.000000,USA,Midcontinent ISO,US-MIDW-MISO,461.38,531.08,30.48,15.14,eia.gov,false,""
2023-08-20T04:00:00.000000,USA,Midcontinent ISO,US-MIDW-MISO,454.61,523.06,31.74,15.52,eia.gov,false,""
2023-08-20T05:00:00.000000,USA,Midcontinent ISO,US-MIDW-MISO,444.06,510.43,33.85,16.59,eia.gov,false,""
2023-08-20T06:00:00.000000,USA,Midcontinent ISO,US-MIDW-MISO,420.47,484.13,37.27,18.21,eia.gov,false,""
2023-08-20T07:00:00.000000,USA,Midcontinent ISO,US-MIDW-MISO,407.48,470.11,38.85,18.89,eia.gov,false,""
2023-08-20T08:00:00.000000,USA,Midcontinent ISO,US-MIDW-MISO,398.94,460.01,40.47,19.93,eia.gov,false,""
2023-08-20T09:00:00.000000,USA,Midcontinent ISO,US-MIDW-MISO,400.28,461.4,40.35,19.33,eia.gov,false,""
2023-08-20T10:00:00.000000,USA,Midcontinent ISO,US-MIDW-MISO,402.26,463.42,40.21,19.04,eia.gov,false,""
2023-08-20T11:00:00.000000,USA,Midcontinent ISO,US-MIDW-MISO,401.67,462.45,40.55,19.37,eia.gov,false,""
2023-08-20T12:00:00.000000,USA,Midcontinent ISO,US-MIDW-MISO,403.19,466.24,39.03,18.67,eia.gov,false,""
2023-08-20T13:00:00.000000,USA,Midcontinent ISO,US-MIDW-MISO,413.82,481.77,35.22,16.28,eia.gov,false,""
2023-08-20T14:00:00.000000,USA,Midcontinent ISO,US-MIDW-MISO,438.68,510.32,31.16,13.9,eia.gov,false,""
2023-08-20T15:00:00.000000,USA,Midcontinent ISO,US-MIDW-MISO,470.74,545.03,27.22,11.69,eia.gov,false,""
2023-08-20T16:00:00.000000,USA,Midcontinent ISO,US-MIDW-MISO,491.53,567.99,24.37,10.46,eia.gov,false,""
2023-08-20T17:00:00.000000,USA,Midcontinent ISO,US-MIDW-MISO,500.49,578.22,22.93,10.05,eia.gov,false,""
2023-08-20T18:00:00.000000,USA,Midcontinent ISO,US-MIDW-MISO,501.86,580.54,22.24,10.28,eia.gov,false,""
2023-08-20T19:00:00.000000,USA,Midcontinent ISO,US-MIDW-MISO,500.69,579.51,22.26,10.81,eia.gov,false,""
2023-08-20T20:00:00.000000,USA,Midcontinent ISO,US-MIDW-MISO,498.61,577.39,22.42,11.25,eia.gov,false,""
2023-08-20T21:00:00.000000,USA,Midcontinent ISO,US-MIDW-MISO,498.36,577.16,22.41,11.59,eia.gov,false,""
2023-08-20T22:00:00.000000,USA,Midcontinent ISO,US-MIDW-MISO,499.69,578.63,22.18,11.56,eia.gov,false,""
2023-08-20T23:00:00.000000,USA,Midcontinent ISO,US-MIDW-MISO,503.73,582.96,21.63,10.78,eia.gov,false,""
2023-08-21T00:00:00.000000,USA,Midcontinent ISO,US-MIDW-MISO,507.07,585.21,22.0,10.49,eia.gov,false,""
2023-08-21T01:00:00.000000,USA,Midcontinent ISO,US-MIDW-MISO,503.25,580.17,22.93,10.96,eia.gov,false,""
2023-08-21T02:00:00.000000,USA,Midcontinent ISO,US-MIDW-MISO,497.99,573.2,24.32,11.6,eia.gov,false,""
2023-08-21T03:00:00.000000,USA,Midcontinent ISO,US-MIDW-MISO,492.08,565.69,25.74,12.12,eia.gov,false,""
2023-08-21T04:00:00.000000,USA,Midcontinent ISO,US-MIDW-MISO,486.59,559.66,26.46,12.09,eia.gov,false,""
2023-08-21T05:00:00.000000,USA,Midcontinent ISO,US-MIDW-MISO,484.84,557.7,26.73,11.5,eia.gov,false,""
2023-08-21T06:00:00.000000,USA,Midcontinent ISO,US-MIDW-MISO,473.23,546.27,27.4,10.72,eia.gov,false,""
2023-08-21T07:00:00.000000,USA,Midcontinent ISO,US-MIDW-MISO,465.19,538.5,27.77,10.25,eia.gov,false,""
2023-08-21T08:00:00.000000,USA,Midcontinent ISO,US-MIDW-MISO,460.1,533.81,27.85,9.81,eia.gov,false,""
2023-08-21T09:00:00.000000,USA,Midcontinent ISO,US-MIDW-MISO,463.74,537.33,27.68,9.94,eia.gov,false,""
2023-08-21T10:00:00.000000,USA,Midcontinent ISO,US-MIDW-MISO,483.52,558.28,25.56,8.71,eia.gov,false,""
2023-08-21T11:00:00.000000,USA,Midcontinent ISO,US-MIDW-MISO,491.61,565.81,25.48,9.66,eia.gov,false,""
2023-08-21T12:00:00.000000,USA,Midcontinent ISO,US-MIDW-MISO,496.87,571.39,24.99,9.72,eia.gov,false,""
2023-08-21T13:00:00.000000,USA,Midcontinent ISO,US-MIDW-MISO,508.9,585.23,23.07,8.46,eia.gov,false,""
2023-08-21T14:00:00.000000,USA,Midcontinent ISO,US-MIDW-MISO,515.9,593.78,21.68,7.91,eia.gov,false,""
2023-08-21T15:00:00.000000,USA,Midcontinent ISO,US-MIDW-MISO,520.38,599.62,20.52,7.66,eia.gov,false,""
2023-08-21T16:00:00.000000,USA,Midcontinent ISO,US-MIDW-MISO,524.21,604.71,19.41,7.47,eia.gov,false,""
2023-08-21T17:00:00.000000,USA,Midcontinent ISO,US-MIDW-MISO,518.5,598.86,19.94,8.53,eia.gov,false,""
2023-08-21T18:00:00.000000,USA,Midcontinent ISO,US-MIDW-MISO,512.68,592.42,20.82,9.87,eia.gov,false,""
2023-08-21T19:00:00.000000,USA,Midcontinent ISO,US-MIDW-MISO,511.14,590.74,21.03,10.38,eia.gov,false,""
2023-08-21T20:00:00.000000,USA,Midcontinent ISO,US-MIDW-MISO,507.11,585.92,21.82,11.36,eia.gov,false,""
2023-08-21T21:00:00.000000,USA,Midcontinent ISO,US-MIDW-MISO,503.02,581.18,22.52,12.09,eia.gov,false,""
2023-08-21T22:00:00.000000,USA,Midcontinent ISO,US-MIDW-MISO,502.49,580.77,22.42,11.9,eia.gov,false,""
2023-08-21T23:00:00.000000,USA,Midcontinent ISO,US-MIDW-MISO,509.61,588.29,21.57,10.85,eia.gov,false,""
2023-08-22T00:00:00.000000,USA,Midcontinent ISO,US-MIDW-MISO,516.17,594.39,21.3,10.11,eia.gov,false,""
2023-08-22T01:00:00.000000,USA,Midcontinent ISO,US-MIDW-MISO,506.21,582.53,23.13,11.45,eia.gov,false,""
2023-08-22T02:00:00.000000,USA,Midcontinent ISO,US-MIDW-MISO,494.27,568.56,25.18,12.89,eia.gov,false,""
2023-08-22T03:00:00.000000,USA,Midcontinent ISO,US-MIDW-MISO,487.51,559.82,26.89,13.9,eia.gov,false,""
2023-08-22T04:00:00.000000,USA,Midcontinent ISO,US-MIDW-MISO,480.47,551.25,28.38,14.96,eia.gov,false,""
2023-08-22T05:00:00.000000,USA,Midcontinent ISO,US-MIDW-MISO,470.32,540.14,29.7,15.72,eia.gov,false,""
2023-08-22T06:00:00.000000,USA,Midcontinent ISO,US-MIDW-MISO,449.12,517.87,31.84,16.52,eia.gov,false,""
2023-08-22T07:00:00.000000,USA,Midcontinent ISO,US-MIDW-MISO,430.61,499.32,33.11,16.6,eia.gov,false,""
2023-08-22T08:00:00.000000,USA,Midcontinent ISO,US-MIDW-MISO,427.27,496.48,33.0,16.08,eia.gov,false,""
2023-08-22T09:00:00.000000,USA,Midcontinent ISO,US-MIDW-MISO,431.4,500.91,32.53,15.62,eia.gov,false,""
2023-08-22T10:00:00.000000,USA,Midcontinent ISO,US-MIDW-MISO,448.14,518.83,30.61,14.46,eia.gov,false,""
2023-08-22T11:00:00.000000,USA,Midcontinent ISO,US-MIDW-MISO,459.13,529.74,30.01,14.36,eia.gov,false,""
2023-08-22T12:00:00.000000,USA,Midcontinent ISO,US-MIDW-MISO,464.63,535.5,29.55,14.24,eia.gov,false,""
2023-08-22T13:00:00.000000,USA,Midcontinent ISO,US-MIDW-MISO,475.57,547.19,28.44,13.72,eia.gov,false,""
2023-08-22T14:00:00.000000,USA,Midcontinent ISO,US-MIDW-MISO,490.09,563.27,26.51,12.65,eia.gov,false,""
2023-08-22T15:00:00.000000,USA,Midcontinent ISO,US-MIDW-MISO,502.56,577.42,24.57,11.58,eia.gov,false,""
2023-08-22T16:00:00.000000,USA,Midcontinent ISO,US-MIDW-MISO,507.29,583.75,23.19,11.0,eia.gov,false,""
2023-08-22T17:00:00.000000,USA,Midcontinent ISO,US-MIDW-MISO,503.21,580.04,23.29,11.74,eia.gov,false,""
2023-08-22T18:00:00.000000,USA,Midcontinent ISO,US-MIDW-MISO,500.7,578.07,23.15,12.15,eia.gov,false,""
2023-08-22T19:00:00.000000,USA,Midcontinent ISO,US-MIDW-MISO,497.69,575.0,23.42,12.79,eia.gov,false,""
2023-08-22T20:00:00.000000,USA,Midcontinent ISO,US-MIDW-MISO,494.9,571.87,23.87,13.5,eia.gov,false,""
2023-08-22T21:00:00.000000,USA,Midcontinent ISO,US-MIDW-MISO,494.14,571.41,23.71,13.54,eia.gov,false,""
2023-08-22T22:00:00.000000,USA,Midcontinent ISO,US-MIDW-MISO,496.59,574.18,23.27,13.2,eia.gov,false,""
2023-08-22T23:00:00.000000,USA,Midcontinent ISO,US-MIDW-MISO,505.13,583.61,21.96,11.68,eia.gov,false,""
2023-08-23T00:00:00.000000,USA,Midcontinent ISO,US-MIDW-MISO,510.09,587.94,21.93,11.1,eia.gov,false,""
2023-08-23T01:00:00.000000,USA,Midcontinent ISO,US-MIDW-MISO,506.49,582.42,23.34,12.09,eia.gov,false,""
2023-08-23T02:00:00.000000,USA,Midcontinent ISO,US-MIDW-MISO,495.28,568.95,25.55,13.55,eia.gov,false,""
2023-08-23T03:00:00.000000,USA,Midcontinent ISO,US-MIDW-MISO,494.45,566.78,26.43,13.64,eia.gov,false,""
2023-08-23T04:00:00.000000,USA,Midcontinent ISO,US-MIDW-MISO,491.75,563.01,27.3,14.12,eia.gov,false,""
2023-08-23T05:00:00.000000,USA,Midcontinent ISO,US-MIDW-MISO,477.06,546.37,29.59,15.54,eia.gov,false,""
2023-08-23T06:00:00.000000,USA,Midcontinent ISO,US-MIDW-MISO,453.5,521.5,32.05,16.6,eia.gov,false,""
2023-08-23T07:00:00.000000,USA,Midcontinent ISO,US-MIDW-MISO,436.17,503.37,33.75,17.52,eia.gov,false,""
2023-08-23T08:00:00.000000,USA,Midcontinent ISO,US-MIDW-MISO,430.63,497.68,34.23,17.7,eia.gov,false,""
2023-08-23T09:00:00.000000,USA,Midcontinent ISO,US-MIDW-MISO,433.76,500.9,33.95,17.54,eia.gov,false,""
2023-08-23T10:00:00.000000,USA,Midcontinent ISO,US-MIDW-MISO,445.1,513.65,32.24,16.48,eia.gov,false,""
2023-08-23T11:00:00.000000,USA,Midcontinent ISO,US-MIDW-MISO,447.91,516.26,32.25,17.12,eia.gov,false,""
2023-08-23T12:00:00.000000,USA,Midcontinent ISO,US-MIDW-MISO,452.74,521.51,31.73,16.97,eia.gov,false,""
2023-08-23T13:00:00.000000,USA,Midcontinent ISO,US-MIDW-MISO,470.18,540.41,29.73,15.65,eia.gov,false,""
2023-08-23T14:00:00.000000,USA,Midcontinent ISO,US-MIDW-MISO,490.6,563.4,26.69,13.55,eia.gov,false,""
2023-08-23T15:00:00.000000,USA,Midcontinent ISO,US-MIDW-MISO,500.85,575.74,24.62,12.44,eia.gov,false,""
2023-08-23T16:00:00.000000,USA,Midcontinent ISO,US-MIDW-MISO,501.63,578.3,23.38,11.92,eia.gov,false,""
2023-08-23T17:00:00.000000,USA,Midcontinent ISO,US-MIDW-MISO,500.6,578.64,22.55,11.85,eia.gov,false,""
2023-08-23T18:00:00.000000,USA,Midcontinent ISO,US-MIDW-MISO,495.83,573.25,23.39,13.14,eia.gov,false,""
2023-08-23T19:00:00.000000,USA,Midcontinent ISO,US-MIDW-MISO,494.58,571.79,23.64,13.76,eia.gov,false,""
2023-08-23T20:00:00.000000,USA,Midcontinent ISO,US-MIDW-MISO,494.37,571.32,23.85,14.14,eia.gov,false,""
2023-08-23T21:00:00.000000,USA,Midcontinent ISO,US-MIDW-MISO,494.09,571.05,23.86,14.1,eia.gov,false,""
2023-08-23T22:00:00.000000,USA,Midcontinent ISO,US-MIDW-MISO,498.84,576.46,23.06,13.2,eia.gov,false,""
2023-08-23T23:00:00.000000,USA,Midcontinent ISO,US-MIDW-MISO,506.62,585.02,21.92,11.87,eia.gov,false,""
2023-08-24T00:00:00.000000,USA,Midcontinent ISO,US-MIDW-MISO,511.07,589.18,21.7,11.38,eia.gov,false,""
2023-08-24T01:00:00.000000,USA,Midcontinent ISO,US-MIDW-MISO,505.86,582.79,22.75,11.97,eia.gov,false,""
2023-08-24T02:00:00.000000,USA,Midcontinent ISO,US-MIDW-MISO,500.79,576.66,23.7,12.39,eia.gov,false,""
2023-08-24T03:00:00.000000,USA,Midcontinent ISO,US-MIDW-MISO,508.22,582.65,24.07,11.94,eia.gov,false,""
2023-08-24T04:00:00.000000,USA,Midcontinent ISO,US-MIDW-MISO,508.89,581.52,25.24,12.59,eia.gov,false,""
2023-08-24T05:00:00.000000,USA,Midcontinent ISO,US-MIDW-MISO,501.43,573.26,26.3,12.94,eia.gov,false,""
2023-08-24T06:00:00.000000,USA,Midcontinent ISO,US-MIDW-MISO,484.62,556.01,27.71,13.14,eia.gov,false,""
2023-08-24T07:00:00.000000,USA,Midcontinent ISO,US-MIDW-MISO,470.04,540.74,29.16,13.98,eia.gov,false,""
2023-08-24T08:00:00.000000,USA,Midcontinent ISO,US-MIDW-MISO,467.26,538.33,29.09,13.71,eia.gov,false,""
2023-08-24T09:00:00.000000,USA,Midcontinent ISO,US-MIDW-MISO,482.11,554.7,27.06,11.96,eia.gov,false,""
2023-08-24T10:00:00.000000,USA,Midcontinent ISO,US-MIDW-MISO,497.56,570.62,25.74,11.05,eia.gov,false,""
2023-08-24T11:00:00.000000,USA,Midcontinent ISO,US-MIDW-MISO,511.92,585.09,24.79,10.66,eia.gov,false,""
2023-08-24T12:00:00.000000,USA,Midcontinent ISO,US-MIDW-MISO,509.46,582.86,24.82,10.71,eia.gov,false,""
2023-08-24T13:00:00.000000,USA,Midcontinent ISO,US-MIDW-MISO,509.12,585.05,23.27,9.65,eia.gov,false,""
2023-08-24T14:00:00.000000,USA,Midcontinent ISO,US-MIDW-MISO,515.6,593.58,21.54,8.49,eia.gov,false,""
2023-08-24T15:00:00.000000,USA,Midcontinent ISO,US-MIDW-MISO,513.78,592.8,21.01,8.65,eia.gov,false,""
2023-08-24T16:00:00.000000,USA,Midcontinent ISO,US-MIDW-MISO,516.7,597.31,19.76,8.03,eia.gov,false,""
2023-08-24T17:00:00.000000,USA,Midcontinent ISO,US-MIDW-MISO,511.51,592.22,20.17,9.07,eia.gov,false,""
2023-08-24T18:00:00.000000,USA,Midcontinent ISO,US-MIDW-MISO,512.92,593.92,19.93,9.28,eia.gov,false,""
2023-08-24T19:00:00.000000,USA,Midcontinent ISO,US-MIDW-MISO,514.06,595.05,19.88,9.48,eia.gov,false,""
2023-08-24T20:00:00.000000,USA,Midcontinent ISO,US-MIDW-MISO,512.05,592.84,20.17,9.87,eia.gov,false,""
2023-08-24T21:00:00.000000,USA,Midcontinent ISO,US-MIDW-MISO,512.16,592.84,20.23,9.89,eia.gov,false,""
2023-08-24T22:00:00.000000,USA,Midcontinent ISO,US-MIDW-MISO,513.49,594.3,20.0,9.61,eia.gov,false,""
2023-08-24T23:00:00.000000,USA,Midcontinent ISO,US-MIDW-MISO,518.3,599.1,19.58,9.01,eia.gov,false,""
2023-08-25T00:00:00.000000,USA,Midcontinent ISO,US-MIDW-MISO,522.56,603.23,19.26,8.5,eia.gov,false,""
2023-08-25T01:00:00.000000,USA,Midcontinent ISO,US-MIDW-MISO,523.94,604.06,19.46,8.24,eia.gov,false,""
2023-08-25T02:00:00.000000,USA,Midcontinent ISO,US-MIDW-MISO,525.53,604.96,19.72,7.94,eia.gov,false,""
2023-08-25T03:00:00.000000,USA,Midcontinent ISO,US-MIDW-MISO,536.49,615.92,18.85,6.33,eia.gov,false,""
2023-08-25T04:00:00.000000,USA,Midcontinent ISO,US-MIDW-MISO,542.04,620.27,19.3,6.26,eia.gov,false,""
2023-08-25T05:00:00.000000,USA,Midcontinent ISO,US-MIDW-MISO,537.34,614.42,20.39,6.45,eia.gov,false,""
2023-08-25T06:00:00.000000,USA,Midcontinent ISO,US-MIDW-MISO,517.16,593.67,22.12,6.9,eia.gov,false,""
2023-08-25T07:00:00.000000,USA,Midcontinent ISO,US-MIDW-MISO,501.86,578.41,23.12,7.15,eia.gov,false,""
2023-08-25T08:00:00.000000,USA,Midcontinent ISO,US-MIDW-MISO,494.79,571.26,23.64,7.4,eia.gov,false,""
2023-08-25T09:00:00.000000,USA,Midcontinent ISO,US-MIDW-MISO,498.41,574.99,23.33,7.22,eia.gov,false,""
2023-08-25T10:00:00.000000,USA,Midcontinent ISO,US-MIDW-MISO,509.95,586.43,22.62,6.93,eia.gov,false,""
2023-08-25T11:00:00.000000,USA,Midcontinent ISO,US-MIDW-MISO,515.6,591.89,22.41,7.37,eia.gov,false,""
2023-08-25T12:00:00.000000,USA,Midcontinent ISO,US-MIDW-MISO,518.38,594.57,22.36,7.85,eia.gov,false,""
2023-08-25T13:00:00.000000,USA,Midcontinent ISO,US-MIDW-MISO,521.5,598.46,21.73,7.79,eia.gov,false,""
2023-08-25T14:00:00.000000,USA,Midcontinent ISO,US-MIDW-MISO,529.74,609.3,19.51,6.38,eia.gov,false,""
2023-08-25T15:00:00.000000,USA,Midcontinent ISO,US-MIDW-MISO,532.03,612.56,18.76,6.45,eia.gov,false,""
2023-08-25T16:00:00.000000,USA,Midcontinent ISO,US-MIDW-MISO,528.21,608.46,19.3,7.66,eia.gov,false,""
2023-08-25T17:00:00.000000,USA,Midcontinent ISO,US-MIDW-MISO,525.62,606.04,19.39,8.23,eia.gov,false,""
2023-08-25T18:00:00.000000,USA,Midcontinent ISO,US-MIDW-MISO,520.58,600.6,20.08,9.4,eia.gov,false,""
2023-08-25T19:00:00.000000,USA,Midcontinent ISO,US-MIDW-MISO,516.87,596.64,20.51,9.99,eia.gov,false,""
2023-08-25T20:00:00.000000,USA,Midcontinent ISO,US-MIDW-MISO,515.14,595.03,20.53,10.12,eia.gov,false,""
2023-08-25T21:00:00.000000,USA,Midcontinent ISO,US-MIDW-MISO,513.79,593.3,20.86,10.47,eia.gov,false,""
2023-08-25T22:00:00.000000,USA,Midcontinent ISO,US-MIDW-MISO,514.33,593.15,21.25,10.74,eia.gov,false,""
2023-08-25T23:00:00.000000,USA,Midcontinent ISO,US-MIDW-MISO,518.13,596.93,20.87,9.92,eia.gov,false,""
2023-08-26T00:00:00.000000,USA,Midcontinent ISO,US-MIDW-MISO,522.97,601.38,20.64,9.19,eia.gov,false,""
2023-08-26T01:00:00.000000,USA,Midcontinent ISO,US-MIDW-MISO,519.39,596.41,21.71,9.77,eia.gov,false,""
2023-08-26T02:00:00.000000,USA,Midcontinent ISO,US-MIDW-MISO,506.56,581.57,23.89,11.35,eia.gov,false,""
2023-08-26T03:00:00.000000,USA,Midcontinent ISO,US-MIDW-MISO,492.93,565.2,26.57,13.21,eia.gov,false,""
2023-08-26T04:00:00.000000,USA,Midcontinent ISO,US-MIDW-MISO,475.81,546.56,28.72,14.7,eia.gov,false,""
2023-08-26T05:00:00.000000,USA,Midcontinent ISO,US-MIDW-MISO,470.89,541.41,29.2,14.54,eia.gov,false,""
2023-08-26T06:00:00.000000,USA,Midcontinent ISO,US-MIDW-MISO,456.89,527.03,30.39,14.77,eia.gov,false,""
2023-08-26T07:00:00.000000,USA,Midcontinent ISO,US-MIDW-MISO,444.55,514.52,31.33,15.18,eia.gov,false,""
2023-08-26T08:00:00.000000,USA,Midcontinent ISO,US-MIDW-MISO,431.03,501.06,32.19,15.49,eia.gov,false,""
2023-08-26T09:00:00.000000,USA,Midcontinent ISO,US-MIDW-MISO,429.35,499.81,32.03,15.12,eia.gov,false,""
2023-08-26T10:00:00.000000,USA,Midcontinent ISO,US-MIDW-MISO,442.26,514.06,30.27,13.37,eia.gov,false,""
2023-08-26T11:00:00.000000,USA,Midcontinent ISO,US-MIDW-MISO,453.31,525.02,29.61,12.78,eia.gov,false,""
2023-08-26T12:00:00.000000,USA,Midcontinent ISO,US-MIDW-MISO,462.65,535.08,28.56,12.22,eia.gov,false,""
2023-08-26T13:00:00.000000,USA,Midcontinent ISO,US-MIDW-MISO,477.23,550.34,27.24,11.69,eia.gov,false,""
2023-08-26T14:00:00.000000,USA,Midcontinent ISO,US-MIDW-MISO,491.58,565.44,25.86,11.24,eia.gov,false,""
2023-08-26T15:00:00.000000,USA,Midcontinent ISO,US-MIDW-MISO,507.53,582.6,24.03,10.37,eia.gov,false,""
2023-08-26T16:00:00.000000,USA,Midcontinent ISO,US-MIDW-MISO,506.45,581.42,24.25,11.29,eia.gov,false,""
2023-08-26T17:00:00.000000,USA,Midcontinent ISO,US-MIDW-MISO,502.55,577.48,24.55,12.11,eia.gov,false,""
2023-08-26T18:00:00.000000,USA,Midcontinent ISO,US-MIDW-MISO,503.63,578.75,24.35,12.16,eia.gov,false,""
2023-08-26T19:00:00.000000,USA,Midcontinent ISO,US-MIDW-MISO,506.43,581.9,23.92,11.86,eia.gov,false,""
2023-08-26T20:00:00.000000,USA,Midcontinent ISO,US-MIDW-MISO,499.45,574.09,25.02,13.13,eia.gov,false,""
2023-08-26T21:00:00.000000,USA,Midcontinent ISO,US-MIDW-MISO,493.09,567.3,25.74,13.81,eia.gov,false,""
2023-08-26T22:00:00.000000,USA,Midcontinent ISO,US-MIDW-MISO,491.41,565.62,25.83,13.68,eia.gov,false,""
2023-08-26T23:00:00.000000,USA,Midcontinent ISO,US-MIDW-MISO,502.74,577.73,24.39,11.76,eia.gov,false,""
2023-08-27T00:00:00.000000,USA,Midcontinent ISO,US-MIDW-MISO,519.05,595.09,22.41,9.3,eia.gov,false,""
2023-08-27T01:00:00.000000,USA,Midcontinent ISO,US-MIDW-MISO,511.27,586.07,23.69,10.22,eia.gov,false,""
2023-08-27T02:00:00.000000,USA,Midcontinent ISO,US-MIDW-MISO,488.55,561.18,26.66,12.42,eia.gov,false,""
2023-08-27T03:00:00.000000,USA,Midcontinent ISO,US-MIDW-MISO,469.92,541.21,28.79,13.56,eia.gov,false,""
2023-08-27T04:00:00.000000,USA,Midcontinent ISO,US-MIDW-MISO,457.46,528.59,29.74,13.53,eia.gov,false,""
2023-08-27T05:00:00.000000,USA,Midcontinent ISO,US-MIDW-MISO,451.87,522.52,30.43,13.18,eia.gov,false,""
2023-08-27T06:00:00.000000,USA,Midcontinent ISO,US-MIDW-MISO,448.41,518.83,30.83,12.67,eia.gov,false,""
2023-08-27T07:00:00.000000,USA,Midcontinent ISO,US-MIDW-MISO,449.47,520.78,30.18,11.32,eia.gov,false,""
2023-08-27T08:00:00.000000,USA,Midcontinent ISO,US-MIDW-MISO,447.49,519.35,29.95,10.47,eia.gov,false,""
2023-08-27T09:00:00.000000,USA,Midcontinent ISO,US-MIDW-MISO,449.01,521.14,29.67,9.79,eia.gov,false,""
2023-08-27T10:00:00.000000,USA,Midcontinent ISO,US-MIDW-MISO,459.77,532.88,28.3,8.39,eia.gov,false,""
2023-08-27T11:00:00.000000,USA,Midcontinent ISO,US-MIDW-MISO,462.41,535.45,28.18,8.16,eia.gov,false,""
2023-08-27T12:00:00.000000,USA,Midcontinent ISO,US-MIDW-MISO,468.67,542.63,27.23,8.06,eia.gov,false,""
2023-08-27T13:00:00.000000,USA,Midcontinent ISO,US-MIDW-MISO,481.99,556.91,25.83,7.67,eia.gov,false,""
2023-08-27T14:00:00.000000,USA,Midcontinent ISO,US-MIDW-MISO,501.23,576.89,24.12,7.29,eia.gov,false,""
2023-08-27T15:00:00.000000,USA,Midcontinent ISO,US-MIDW-MISO,505.26,581.34,23.64,7.73,eia.gov,false,""
2023-08-27T16:00:00.000000,USA,Midcontinent ISO,US-MIDW-MISO,510.19,586.67,23.08,8.16,eia.gov,false,""
2023-08-27T17:00:00.000000,USA,Midcontinent ISO,US-MIDW-MISO,520.44,597.16,22.24,8.18,eia.gov,false,""
2023-08-27T18:00:00.000000,USA,Midcontinent ISO,US-MIDW-MISO,524.3,600.83,22.16,8.64,eia.gov,false,""
2023-08-27T19:00:00.000000,USA,Midcontinent ISO,US-MIDW-MISO,530.01,606.51,21.8,8.71,eia.gov,false,""
2023-08-27T20:00:00.000000,USA,Midcontinent ISO,US-MIDW-MISO,528.14,604.79,21.82,8.73,eia.gov,false,""
2023-08-27T21:00:00.000000,USA,Midcontinent ISO,US-MIDW-MISO,529.27,605.76,21.85,8.91,eia.gov,false,""
2023-08-27T22:00:00.000000,USA,Midcontinent ISO,US-MIDW-MISO,532.78,609.59,21.37,8.46,eia.gov,false,""
2023-08-27T23:00:00.000000,USA,Midcontinent ISO,US-MIDW-MISO,543.02,620.59,20.03,6.66,eia.gov,false,""
2023-08-28T00:00:00.000000,USA,Midcontinent ISO,US-MIDW-MISO,546.75,625.23,19.01,5.18,eia.gov,false,""
2023-08-28T01:00:00.000000,USA,Midcontinent ISO,US-MIDW-MISO,537.51,615.48,19.89,5.65,eia.gov,false,""
2023-08-28T02:00:00.000000,USA,Midcontinent ISO,US-MIDW-MISO,513.78,590.3,22.44,7.41,eia.gov,false,""
2023-08-28T03:00:00.000000,USA,Midcontinent ISO,US-MIDW-MISO,491.94,566.66,25.07,9.03,eia.gov,false,""
2023-08-28T04:00:00.000000,USA,Midcontinent ISO,US-MIDW-MISO,475.77,548.63,27.39,10.3,eia.gov,false,""
2023-08-28T05:00:00.000000,USA,Midcontinent ISO,US-MIDW-MISO,463.99,535.65,28.97,10.93,eia.gov,false,""
2023-08-28T06:00:00.000000,USA,Midcontinent ISO,US-MIDW-MISO,452.45,524.43,29.51,10.43,eia.gov,false,""
2023-08-28T07:00:00.000000,USA,Midcontinent ISO,US-MIDW-MISO,448.45,520.83,29.52,9.88,eia.gov,false,""
2023-08-28T08:00:00.000000,USA,Midcontinent ISO,US-MIDW-MISO,446.07,518.19,29.85,9.94,eia.gov,false,""
2023-08-28T09:00:00.000000,USA,Midcontinent ISO,US-MIDW-MISO,454.8,528.2,28.41,9.31,eia.gov,false,""
2023-08-28T10:00:00.000000,USA,Midcontinent ISO,US-MIDW-MISO,475.84,550.11,26.43,8.57,eia.gov,false,""
2023-08-28T11:00:00.000000,USA,Midcontinent ISO,US-MIDW-MISO,487.42,561.19,26.07,9.15,eia.gov,false,""
2023-08-28T12:00:00.000000,USA,Midcontinent ISO,US-MIDW-MISO,483.69,557.38,26.49,10.27,eia.gov,false,""
2023-08-28T13:00:00.000000,USA,Midcontinent ISO,US-MIDW-MISO,488.68,563.61,25.49,9.74,eia.gov,false,""
2023-08-28T14:00:00.000000,USA,Midcontinent ISO,US-MIDW-MISO,502.98,579.99,23.22,8.07,eia.gov,false,""
2023-08-28T15:00:00.000000,USA,Midcontinent ISO,US-MIDW-MISO,504.4,582.04,22.73,8.13,eia.gov,false,""
2023-08-28T16:00:00.000000,USA,Midcontinent ISO,US-MIDW-MISO,509.12,586.73,22.45,8.49,eia.gov,false,""
2023-08-28T17:00:00.000000,USA,Midcontinent ISO,US-MIDW-MISO,507.62,585.14,22.69,9.27,eia.gov,false,""
2023-08-28T18:00:00.000000,USA,Midcontinent ISO,US-MIDW-MISO,509.65,586.97,22.73,9.91,eia.gov,false,""
2023-08-28T19:00:00.000000,USA,Midcontinent ISO,US-MIDW-MISO,507.23,584.0,23.29,10.67,eia.gov,false,""
2023-08-28T20:00:00.000000,USA,Midcontinent ISO,US-MIDW-MISO,504.06,580.28,23.9,11.51,eia.gov,false,""
2023-08-28T21:00:00.000000,USA,Midcontinent ISO,US-MIDW-MISO,504.97,581.29,23.78,11.62,eia.gov,false,""
2023-08-28T22:00:00.000000,USA,Midcontinent ISO,US-MIDW-MISO,508.99,585.2,23.52,11.2,eia.gov,false,""
2023-08-28T23:00:00.000000,USA,Midcontinent ISO,US-MIDW-MISO,521.26,598.46,21.9,9.21,eia.gov,false,""
2023-08-29T00:00:00.000000,USA,Midcontinent ISO,US-MIDW-MISO,531.04,609.03,20.58,7.23,eia.gov,false,""
2023-08-29T01:00:00.000000,USA,Midcontinent ISO,US-MIDW-MISO,534.42,612.21,20.35,6.56,eia.gov,false,""
2023-08-29T02:00:00.000000,USA,Midcontinent ISO,US-MIDW-MISO,523.78,600.94,21.39,6.79,eia.gov,false,""
2023-08-29T03:00:00.000000,USA,Midcontinent ISO,US-MIDW-MISO,510.66,586.81,22.84,7.04,eia.gov,false,""
2023-08-29T04:00:00.000000,USA,Midcontinent ISO,US-MIDW-MISO,499.72,574.87,24.23,7.52,eia.gov,false,""
2023-08-29T05:00:00.000000,USA,Midcontinent ISO,US-MIDW-MISO,485.84,559.6,26.1,8.64,eia.gov,false,""
2023-08-29T06:00:00.000000,USA,Midcontinent ISO,US-MIDW-MISO,462.91,534.81,28.9,10.36,eia.gov,false,""
2023-08-29T07:00:00.000000,USA,Midcontinent ISO,US-MIDW-MISO,446.36,517.94,30.2,11.34,eia.gov,false,""
2023-08-29T08:00:00.000000,USA,Midcontinent ISO,US-MIDW-MISO,441.75,513.33,30.49,11.48,eia.gov,false,""
2023-08-29T09:00:00.000000,USA,Midcontinent ISO,US-MIDW-MISO,455.38,527.52,29.21,10.76,eia.gov,false,""
2023-08-29T10:00:00.000000,USA,Midcontinent ISO,US-MIDW-MISO,472.51,544.94,27.87,10.4,eia.gov,false,""
2023-08-29T11:00:00.000000,USA,Midcontinent ISO,US-MIDW-MISO,481.97,554.11,27.51,11.08,eia.gov,false,""
2023-08-29T12:00:00.000000,USA,Midcontinent ISO,US-MIDW-MISO,475.24,546.63,28.58,12.81,eia.gov,false,""
2023-08-29T13:00:00.000000,USA,Midcontinent ISO,US-MIDW-MISO,464.12,536.74,28.75,12.96,eia.gov,false,""
2023-08-29T14:00:00.000000,USA,Midcontinent ISO,US-MIDW-MISO,480.54,555.24,26.35,10.94,eia.gov,false,""
2023-08-29T15:00:00.000000,USA,Midcontinent ISO,US-MIDW-MISO,487.84,562.25,26.03,11.29,eia.gov,false,""
2023-08-29T16:00:00.000000,USA,Midcontinent ISO,US-MIDW-MISO,486.01,559.33,26.85,12.95,eia.gov,false,""
2023-08-29T17:00:00.000000,USA,Midcontinent ISO,US-MIDW-MISO,482.25,555.43,27.17,13.95,eia.gov,false,""
2023-08-29T18:00:00.000000,USA,Midcontinent ISO,US-MIDW-MISO,483.87,557.0,27.07,14.39,eia.gov,false,""
2023-08-29T19:00:00.000000,USA,Midcontinent ISO,US-MIDW-MISO,477.77,549.9,28.25,15.97,eia.gov,false,""
2023-08-29T20:00:00.000000,USA,Midcontinent ISO,US-MIDW-MISO,476.17,548.31,28.39,16.38,eia.gov,false,""
2023-08-29T21:00:00.000000,USA,Midcontinent ISO,US-MIDW-MISO,482.98,555.59,27.63,15.78,eia.gov,false,""
2023-08-29T22:00:00.000000,USA,Midcontinent ISO,US-MIDW-MISO,495.69,569.46,25.94,13.9,eia.gov,false,""
2023-08-29T23:00:00.000000,USA,Midcontinent ISO,US-MIDW-MISO,509.6,584.59,24.09,11.73,eia.gov,false,""
2023-08-30T00:00:00.000000,USA,Midcontinent ISO,US-MIDW-MISO,526.35,602.7,21.93,9.14,eia.gov,false,""
2023-08-30T01:00:00.000000,USA,Midcontinent ISO,US-MIDW-MISO,523.85,599.79,22.22,9.0,eia.gov,false,""
2023-08-30T02:00:00.000000,USA,Midcontinent ISO,US-MIDW-MISO,513.81,588.78,23.46,9.55,eia.gov,false,""
2023-08-30T03:00:00.000000,USA,Midcontinent ISO,US-MIDW-MISO,501.42,575.03,25.14,10.01,eia.gov,false,""
2023-08-30T04:00:00.000000,USA,Midcontinent ISO,US-MIDW-MISO,486.12,558.06,27.29,11.03,eia.gov,false,""
2023-08-30T05:00:00.000000,USA,Midcontinent ISO,US-MIDW-MISO,467.32,537.78,29.54,12.06,eia.gov,false,""
2023-08-30T06:00:00.000000,USA,Midcontinent ISO,US-MIDW-MISO,447.16,517.35,31.08,12.59,eia.gov,false,""
2023-08-30T07:00:00.000000,USA,Midcontinent ISO,US-MIDW-MISO,435.8,506.36,31.59,12.39,eia.gov,false,""
2023-08-30T08:00:00.000000,USA,Midcontinent ISO,US-MIDW-MISO,437.32,509.14,30.65,11.11,eia.gov,false,""
2023-08-30T09:00:00.000000,USA,Midcontinent ISO,US-MIDW-MISO,450.08,521.99,29.73,10.61,eia.gov,false,""
2023-08-30T10:00:00.000000,USA,Midcontinent ISO,US-MIDW-MISO,468.28,540.38,28.38,10.41,eia.gov,false,""
2023-08-30T11:00:00.000000,USA,Midcontinent ISO,US-MIDW-MISO,483.84,556.58,26.93,9.83,eia.gov,false,""
2023-08-30T12:00:00.000000,USA,Midcontinent ISO,US-MIDW-MISO,481.53,553.93,27.39,10.75,eia.gov,false,""
2023-08-30T13:00:00.000000,USA,Midcontinent ISO,US-MIDW-MISO,480.57,553.47,27.31,11.07,eia.gov,false,""
2023-08-30T14:00:00.000000,USA,Midcontinent ISO,US-MIDW-MISO,482.87,557.26,26.22,10.2,eia.gov,false,""
2023-08-30T15:00:00.000000,USA,Midcontinent ISO,US-MIDW-MISO,483.63,558.44,25.93,10.3,eia.gov,false,""
2023-08-30T16:00:00.000000,USA,Midcontinent ISO,US-MIDW-MISO,491.32,566.53,25.15,10.19,eia.gov,false,""
2023-08-30T17:00:00.000000,USA,Midcontinent ISO,US-MIDW-MISO,495.35,570.55,24.93,10.46,eia.gov,false,""
2023-08-30T18:00:00.000000,USA,Midcontinent ISO,US-MIDW-MISO,494.29,569.14,25.3,11.38,eia.gov,false,""
2023-08-30T19:00:00.000000,USA,Midcontinent ISO,US-MIDW-MISO,487.88,562.32,26.03,12.21,eia.gov,false,""
2023-08-30T20:00:00.000000,USA,Midcontinent ISO,US-MIDW-MISO,481.28,555.06,26.98,13.5,eia.gov,false,""
2023-08-30T21:00:00.000000,USA,Midcontinent ISO,US-MIDW-MISO,479.19,552.73,27.28,13.87,eia.gov,false,""
2023-08-30T22:00:00.000000,USA,Midcontinent ISO,US-MIDW-MISO,479.09,552.56,27.24,13.61,eia.gov,false,""
2023-08-30T23:00:00.000000,USA,Midcontinent ISO,US-MIDW-MISO,488.39,562.61,25.95,12.13,eia.gov,false,""
2023-08-31T00:00:00.000000,USA,Midcontinent ISO,US-MIDW-MISO,497.35,571.84,24.91,10.51,eia.gov,false,""
2023-08-31T01:00:00.000000,USA,Midcontinent ISO,US-MIDW-MISO,480.78,553.11,27.37,12.83,eia.gov,false,""
2023-08-31T02:00:00.000000,USA,Midcontinent ISO,US-MIDW-MISO,440.27,509.11,32.4,16.78,eia.gov,false,""
2023-08-31T03:00:00.000000,USA,Midcontinent ISO,US-MIDW-MISO,407.61,473.41,36.6,19.93,eia.gov,false,""
2023-08-31T04:00:00.000000,USA,Midcontinent ISO,US-MIDW-MISO,388.1,451.57,39.48,21.76,eia.gov,false,""
2023-08-31T05:00:00.000000,USA,Midcontinent ISO,US-MIDW-MISO,378.62,440.02,41.5,22.69,eia.gov,false,""
2023-08-31T06:00:00.000000,USA,Midcontinent ISO,US-MIDW-MISO,370.88,430.68,43.1,22.79,eia.gov,false,""
2023-08-31T07:00:00.000000,USA,Midcontinent ISO,US-MIDW-MISO,369.22,428.76,43.39,22.62,eia.gov,false,""
2023-08-31T08:00:00.000000,USA,Midcontinent ISO,US-MIDW-MISO,369.11,428.24,43.67,22.5,eia.gov,false,""
2023-08-31T09:00:00.000000,USA,Midcontinent ISO,US-MIDW-MISO,375.06,436.51,41.72,21.03,eia.gov,false,""
2023-08-31T10:00:00.000000,USA,Midcontinent ISO,US-MIDW-MISO,384.86,447.74,40.12,20.48,eia.gov,false,""
2023-08-31T11:00:00.000000,USA,Midcontinent ISO,US-MIDW-MISO,384.22,446.55,40.62,21.69,eia.gov,false,""
2023-08-31T12:00:00.000000,USA,Midcontinent ISO,US-MIDW-MISO,387.69,450.65,40.08,21.87,eia.gov,false,""
2023-08-31T13:00:00.000000,USA,Midcontinent ISO,US-MIDW-MISO,391.25,455.55,39.19,21.04,eia.gov,false,""
2023-08-31T14:00:00.000000,USA,Midcontinent ISO,US-MIDW-MISO,405.95,472.21,36.93,19.45,eia.gov,false,""
2023-08-31T15:00:00.000000,USA,Midcontinent ISO,US-MIDW-MISO,408.32,474.95,36.51,19.52,eia.gov,false,""
2023-08-31T16:00:00.000000,USA,Midcontinent ISO,US-MIDW-MISO,412.16,479.02,36.08,19.79,eia.gov,false,""
2023-08-31T17:00:00.000000,USA,Midcontinent ISO,US-MIDW-MISO,423.64,491.18,34.87,19.2,eia.gov,false,""
2023-08-31T18:00:00.000000,USA,Midcontinent ISO,US-MIDW-MISO,427.33,494.82,34.74,19.7,eia.gov,false,""
2023-08-31T19:00:00.000000,USA,Midcontinent ISO,US-MIDW-MISO,435.9,503.64,34.03,19.5,eia.gov,false,""
2023-08-31T20:00:00.000000,USA,Midcontinent ISO,US-MIDW-MISO,431.85,498.91,34.84,20.53,eia.gov,false,""
2023-08-31T21:00:00.000000,USA,Midcontinent ISO,US-MIDW-MISO,431.87,498.86,34.85,21.04,eia.gov,false,""
2023-08-31T22:00:00.000000,USA,Midcontinent ISO,US-MIDW-MISO,434.02,501.3,34.4,20.59,eia.gov,false,""
2023-08-31T23:00:00.000000,USA,Midcontinent ISO,US-MIDW-MISO,438.36,506.12,33.67,19.54,eia.gov,false,""
2023-09-01T00:00:00.000000,USA,Midcontinent ISO,US-MIDW-MISO,443.97,512.26,32.77,18.1,eia.gov,false,""
2023-09-01T01:00:00.000000,USA,Midcontinent ISO,US-MIDW-MISO,432.61,499.49,34.36,19.18,eia.gov,false,""
2023-09-01T02:00:00.000000,USA,Midcontinent ISO,US-MIDW-MISO,409.5,473.84,37.56,21.54,eia.gov,false,""
2023-09-01T03:00:00.000000,USA,Midcontinent ISO,US-MIDW-MISO,392.14,453.64,40.52,23.48,eia.gov,false,""
2023-09-01T04:00:00.000000,USA,Midcontinent ISO,US-MIDW-MISO,379.71,438.91,42.91,24.9,eia.gov,false,""
2023-09-01T05:00:00.000000,USA,Midcontinent ISO,US-MIDW-MISO,368.97,426.09,45.05,25.78,eia.gov,false,""
2023-09-01T06:00:00.000000,USA,Midcontinent ISO,US-MIDW-MISO,345.66,400.21,48.33,27.35,eia.gov,false,""
2023-09-01T07:00:00.000000,USA,Midcontinent ISO,US-MIDW-MISO,345.72,400.34,48.27,27.22,eia.gov,false,""
2023-09-01T08:00:00.000000,USA,Midcontinent ISO,US-MIDW-MISO,349.66,404.62,47.79,26.71,eia.gov,false,""
2023-09-01T09:00:00.000000,USA,Midcontinent ISO,US-MIDW-MISO,351.33,406.89,47.28,26.18,eia.gov,false,""
2023-09-01T10:00:00.000000,USA,Midcontinent ISO,US-MIDW-MISO,358.89,417.42,44.77,24.79,eia.gov,false,""
2023-09-01T11:00:00.000000,USA,Midcontinent ISO,US-MIDW-MISO,366.3,426.21,43.4,24.28,eia.gov,false,""
2023-09-01T12:00:00.000000,USA,Midcontinent ISO,US-MIDW-MISO,363.99,423.98,43.67,24.95,eia.gov,false,""
2023-09-01T13:00:00.000000,USA,Midcontinent ISO,US-MIDW-MISO,369.63,431.75,42.07,23.38,eia.gov,false,""
2023-09-01T14:00:00.000000,USA,Midcontinent ISO,US-MIDW-MISO,393.78,458.93,38.5,20.5,eia.gov,false,""
2023-09-01T15:00:00.000000,USA,Midcontinent ISO,US-MIDW-MISO,411.37,477.51,36.65,19.53,eia.gov,false,""
2023-09-01T16:00:00.000000,USA,Midcontinent ISO,US-MIDW-MISO,424.71,491.95,35.01,19.09,eia.gov,false,""
2023-09-01T17:00:00.000000,USA,Midcontinent ISO,US-MIDW-MISO,440.93,509.37,33.08,18.15,eia.gov,false,""
2023-09-01T18:00:00.000000,USA,Midcontinent ISO,US-MIDW-MISO,435.36,503.72,33.65,19.62,eia.gov,false,""
2023-09-01T19:00:00.000000,USA,Midcontinent ISO,US-MIDW-MISO,439.98,508.6,33.24,19.75,eia.gov,false,""
2023-09-01T20:00:00.000000,USA,Midcontinent ISO,US-MIDW-MISO,440.66,508.97,33.43,20.21,eia.gov,false,""
2023-09-01T21:00:00.000000,USA,Midcontinent ISO,US-MIDW-MISO,440.77,508.85,33.59,20.91,eia.gov,false,""
2023-09-01T22:00:00.000000,USA,Midcontinent ISO,US-MIDW-MISO,449.82,518.8,32.32,19.73,eia.gov,false,""
2023-09-01T23:00:00.000000,USA,Midcontinent ISO,US-MIDW-MISO,466.68,537.35,29.89,16.72,eia.gov,false,""
2023-09-02T00:00:00.000000,USA,Midcontinent ISO,US-MIDW-MISO,472.26,542.99,29.29,15.66,eia.gov,false,""
2023-09-02T01:00:00.000000,USA,Midcontinent ISO,US-MIDW-MISO,453.08,522.27,31.47,17.05,eia.gov,false,""
2023-09-02T02:00:00.000000,USA,Midcontinent ISO,US-MIDW-MISO,433.66,500.09,34.54,19.05,eia.gov,false,""
2023-09-02T03:00:00.000000,USA,Midcontinent ISO,US-MIDW-MISO,405.54,468.93,38.4,21.86,eia.gov,false,""
2023-09-02T04:00:00.000000,USA,Midcontinent ISO,US-MIDW-MISO,384.08,445.05,41.42,24.21,eia.gov,false,""
2023-09-02T05:00:00.000000,USA,Midcontinent ISO,US-MIDW-MISO,377.84,437.31,42.85,24.72,eia.gov,false,""
2023-09-02T06:00:00.000000,USA,Midcontinent ISO,US-MIDW-MISO,366.64,422.14,46.27,25.94,eia.gov,false,""
2023-09-02T07:00:00.000000,USA,Midcontinent ISO,US-MIDW-MISO,359.26,413.66,47.51,26.2,eia.gov,false,""
2023-09-02T08:00:00.000000,USA,Midcontinent ISO,US-MIDW-MISO,350.89,404.01,48.92,27.24,eia.gov,false,""
2023-09-02T09:00:00.000000,USA,Midcontinent ISO,US-MIDW-MISO,351.57,404.85,48.78,27.22,eia.gov,false,""
2023-09-02T10:00:00.000000,USA,Midcontinent ISO,US-MIDW-MISO,355.79,409.96,47.89,26.59,eia.gov,false,""
2023-09-02T11:00:00.000000,USA,Midcontinent ISO,US-MIDW-MISO,356.93,411.09,47.84,26.89,eia.gov,false,""
2023-09-02T12:00:00.000000,USA,Midcontinent ISO,US-MIDW-MISO,358.42,413.51,47.24,26.59,eia.gov,false,""
2023-09-02T13:00:00.000000,USA,Midcontinent ISO,US-MIDW-MISO,366.7,426.53,43.69,23.94,eia.gov,false,""
2023-09-02T14:00:00.000000,USA,Midcontinent ISO,US-MIDW-MISO,386.76,451.64,39.07,20.54,eia.gov,false,""
2023-09-02T15:00:00.000000,USA,Midcontinent ISO,US-MIDW-MISO,423.64,492.01,34.25,16.87,eia.gov,false,""
2023-09-02T16:00:00.000000,USA,Midcontinent ISO,US-MIDW-MISO,441.88,512.02,31.8,15.72,eia.gov,false,""
2023-09-02T17:00:00.000000,USA,Midcontinent ISO,US-MIDW-MISO,457.01,528.03,30.17,14.95,eia.gov,false,""
2023-09-02T18:00:00.000000,USA,Midcontinent ISO,US-MIDW-MISO,452.79,522.88,31.14,16.74,eia.gov,false,""
2023-09-02T19:00:00.000000,USA,Midcontinent ISO,US-MIDW-MISO,442.62,511.18,32.82,19.11,eia.gov,false,""
2023-09-02T20:00:00.000000,USA,Midcontinent ISO,US-MIDW-MISO,432.71,499.9,34.37,21.2,eia.gov,false,""
2023-09-02T21:00:00.000000,USA,Midcontinent ISO,US-MIDW-MISO,425.76,492.06,35.47,22.56,eia.gov,false,""
2023-09-02T22:00:00.000000,USA,Midcontinent ISO,US-MIDW-MISO,430.96,497.96,34.6,21.92,eia.gov,false,""
2023-09-02T23:00:00.000000,USA,Midcontinent ISO,US-MIDW-MISO,442.6,510.57,33.07,20.03,eia.gov,false,""
2023-09-03T00:00:00.000000,USA,Midcontinent ISO,US-MIDW-MISO,448.91,516.96,32.46,18.96,eia.gov,false,""
2023-09-03T01:00:00.000000,USA,Midcontinent ISO,US-MIDW-MISO,448.54,515.26,33.29,19.43,eia.gov,false,""
2023-09-03T02:00:00.000000,USA,Midcontinent ISO,US-MIDW-MISO,430.74,494.54,36.39,21.46,eia.gov,false,""
2023-09-03T03:00:00.000000,USA,Midcontinent ISO,US-MIDW-MISO,412.14,473.26,39.43,23.34,eia.gov,false,""
2023-09-03T04:00:00.000000,USA,Midcontinent ISO,US-MIDW-MISO,390.92,449.6,42.48,25.51,eia.gov,false,""
2023-09-03T05:00:00.000000,USA,Midcontinent ISO,US-MIDW-MISO,374.15,430.54,45.13,27.19,eia.gov,false,""
2023-09-03T06:00:00.000000,USA,Midcontinent ISO,US-MIDW-MISO,362.53,416.63,47.44,28.51,eia.gov,false,""
2023-09-03T07:00:00.000000,USA,Midcontinent ISO,US-MIDW-MISO,355.6,408.18,48.94,29.31,eia.gov,false,""
2023-09-03T08:00:00.000000,USA,Midcontinent ISO,US-MIDW-MISO,355.01,407.18,49.26,28.9,eia.gov,false,""
2023-09-03T09:00:00.000000,USA,Midcontinent ISO,US-MIDW-MISO,355.54,407.8,49.16,28.64,eia.gov,false,""
2023-09-03T10:00:00.000000,USA,Midcontinent ISO,US-MIDW-MISO,360.23,413.22,48.36,28.1,eia.gov,false,""
2023-09-03T11:00:00.000000,USA,Midcontinent ISO,US-MIDW-MISO,363.82,417.57,47.61,27.5,eia.gov,false,""
2023-09-03T12:00:00.000000,USA,Midcontinent ISO,US-MIDW-MISO,365.81,421.25,46.49,27.12,eia.gov,false,""
2023-09-03T13:00:00.000000,USA,Midcontinent ISO,US-MIDW-MISO,375.83,436.31,42.62,24.41,eia.gov,false,""
2023-09-03T14:00:00.000000,USA,Midcontinent ISO,US-MIDW-MISO,408.65,475.6,36.18,19.38,eia.gov,false,""
2023-09-03T15:00:00.000000,USA,Midcontinent ISO,US-MIDW-MISO,440.4,509.97,32.32,17.07,eia.gov,false,""
2023-09-03T16:00:00.000000,USA,Midcontinent ISO,US-MIDW-MISO,464.07,535.58,29.39,15.46,eia.gov,false,""
2023-09-03T17:00:00.000000,USA,Midcontinent ISO,US-MIDW-MISO,475.36,547.99,27.88,14.89,eia.gov,false,""
2023-09-03T18:00:00.000000,USA,Midcontinent ISO,US-MIDW-MISO,470.82,543.31,28.33,16.07,eia.gov,false,""
2023-09-03T19:00:00.000000,USA,Midcontinent ISO,US-MIDW-MISO,464.14,536.87,28.6,16.85,eia.gov,false,""
2023-09-03T20:00:00.000000,USA,Midcontinent ISO,US-MIDW-MISO,454.65,526.77,29.72,18.49,eia.gov,false,""
2023-09-03T21:00:00.000000,USA,Midcontinent ISO,US-MIDW-MISO,452.13,523.93,30.16,19.31,eia.gov,false,""
2023-09-03T22:00:00.000000,USA,Midcontinent ISO,US-MIDW-MISO,458.81,531.53,29.06,18.28,eia.gov,false,""
2023-09-03T23:00:00.000000,USA,Midcontinent ISO,US-MIDW-MISO,472.2,546.27,27.09,15.87,eia.gov,false,""
2023-09-04T00:00:00.000000,USA,Midcontinent ISO,US-MIDW-MISO,468.7,541.06,28.3,16.56,eia.gov,false,""
2023-09-04T01:00:00.000000,USA,Midcontinent ISO,US-MIDW-MISO,446.05,514.87,32.12,19.94,eia.gov,false,""
2023-09-04T02:00:00.000000,USA,Midcontinent ISO,US-MIDW-MISO,427.08,493.2,35.09,21.97,eia.gov,false,""
2023-09-04T03:00:00.000000,USA,Midcontinent ISO,US-MIDW-MISO,415.48,478.84,37.67,23.68,eia.gov,false,""
2023-09-04T04:00:00.000000,USA,Midcontinent ISO,US-MIDW-MISO,399.1,459.61,40.68,25.57,eia.gov,false,""
2023-09-04T05:00:00.000000,USA,Midcontinent ISO,US-MIDW-MISO,387.6,446.03,42.85,26.76,eia.gov,false,""
2023-09-04T06:00:00.000000,USA,Midcontinent ISO,US-MIDW-MISO,374.29,431.15,44.8,27.56,eia.gov,false,""
2023-09-04T07:00:00.000000,USA,Midcontinent ISO,US-MIDW-MISO,368.98,425.53,45.37,27.59,eia.gov,false,""
2023-09-04T08:00:00.000000,USA,Midcontinent ISO,US-MIDW-MISO,369.86,426.57,45.22,26.97,eia.gov,false,""
2023-09-04T09:00:00.000000,USA,Midcontinent ISO,US-MIDW-MISO,373.78,430.6,44.89,26.51,eia.gov,false,""
2023-09-04T10:00:00.000000,USA,Midcontinent ISO,US-MIDW-MISO,377.81,435.58,43.98,25.7,eia.gov,false,""
2023-09-04T11:00:00.000000,USA,Midcontinent ISO,US-MIDW-MISO,381.39,439.47,43.56,25.28,eia.gov,false,""
2023-09-04T12:00:00.000000,USA,Midcontinent ISO,US-MIDW-MISO,379.22,438.07,43.33,25.45,eia.gov,false,""
2023-09-04T13:00:00.000000,USA,Midcontinent ISO,US-MIDW-MISO,394.06,457.63,39.41,22.83,eia.gov,false,""
2023-09-04T14:00:00.000000,USA,Midcontinent ISO,US-MIDW-MISO,419.87,487.27,35.18,19.63,eia.gov,false,""
2023-09-04T15:00:00.000000,USA,Midcontinent ISO,US-MIDW-MISO,456.73,526.86,30.86,17.05,eia.gov,false,""
2023-09-04T16:00:00.000000,USA,Midcontinent ISO,US-MIDW-MISO,467.31,538.67,29.32,16.63,eia.gov,false,""
2023-09-04T17:00:00.000000,USA,Midcontinent ISO,US-MIDW-MISO,467.87,538.71,29.63,17.82,eia.gov,false,""
2023-09-04T18:00:00.000000,USA,Midcontinent ISO,US-MIDW-MISO,460.01,530.53,30.39,19.12,eia.gov,false,""
2023-09-04T19:00:00.000000,USA,Midcontinent ISO,US-MIDW-MISO,450.92,520.65,31.59,20.71,eia.gov,false,""
2023-09-04T20:00:00.000000,USA,Midcontinent ISO,US-MIDW-MISO,449.35,519.33,31.53,20.94,eia.gov,false,""
2023-09-04T21:00:00.000000,USA,Midcontinent ISO,US-MIDW-MISO,453.37,523.57,31.13,20.77,eia.gov,false,""
2023-09-04T22:00:00.000000,USA,Midcontinent ISO,US-MIDW-MISO,462.21,533.66,29.67,19.37,eia.gov,false,""
2023-09-04T23:00:00.000000,USA,Midcontinent ISO,US-MIDW-MISO,477.96,550.93,27.47,16.79,eia.gov,false,""
2023-09-05T00:00:00.000000,USA,Midcontinent ISO,US-MIDW-MISO,487.4,560.21,26.81,15.78,eia.gov,false,""
2023-09-05T01:00:00.000000,USA,Midcontinent ISO,US-MIDW-MISO,475.58,546.23,28.9,17.35,eia.gov,false,""
2023-09-05T02:00:00.000000,USA,Midcontinent ISO,US-MIDW-MISO,459.51,527.04,32.01,19.55,eia.gov,false,""
2023-09-05T03:00:00.000000,USA,Midcontinent ISO,US-MIDW-MISO,447.02,512.13,34.4,21.13,eia.gov,false,""
2023-09-05T04:00:00.000000,USA,Midcontinent ISO,US-MIDW-MISO,425.57,488.73,37.13,23.07,eia.gov,false,""
2023-09-05T05:00:00.000000,USA,Midcontinent ISO,US-MIDW-MISO,411.31,472.99,39.07,24.0,eia.gov,false,""
2023-09-05T06:00:00.000000,USA,Midcontinent ISO,US-MIDW-MISO,394.97,455.58,40.89,24.89,eia.gov,false,""
2023-09-05T07:00:00.000000,USA,Midcontinent ISO,US-MIDW-MISO,388.28,448.58,41.55,25.18,eia.gov,false,""
2023-09-05T08:00:00.000000,USA,Midcontinent ISO,US-MIDW-MISO,395.75,457.3,40.22,23.55,eia.gov,false,""
2023-09-05T09:00:00.000000,USA,Midcontinent ISO,US-MIDW-MISO,418.44,483.47,36.38,20.04,eia.gov,false,""
2023-09-05T10:00:00.000000,USA,Midcontinent ISO,US-MIDW-MISO,452.04,519.45,32.55,16.97,eia.gov,false,""
2023-09-05T11:00:00.000000,USA,Midcontinent ISO,US-MIDW-MISO,460.0,527.02,32.33,17.7,eia.gov,false,""
2023-09-05T12:00:00.000000,USA,Midcontinent ISO,US-MIDW-MISO,454.22,520.77,33.09,18.99,eia.gov,false,""
2023-09-05T13:00:00.000000,USA,Midcontinent ISO,US-MIDW-MISO,456.42,523.71,32.55,19.03,eia.gov,false,""
2023-09-05T14:00:00.000000,USA,Midcontinent ISO,US-MIDW-MISO,457.44,525.89,31.76,19.05,eia.gov,false,""
2023-09-05T15:00:00.000000,USA,Midcontinent ISO,US-MIDW-MISO,454.5,523.94,31.31,19.63,eia.gov,false,""
2023-09-05T16:00:00.000000,USA,Midcontinent ISO,US-MIDW-MISO,460.85,531.73,29.93,19.04,eia.gov,false,""
2023-09-05T17:00:00.000000,USA,Midcontinent ISO,US-MIDW-MISO,464.74,537.46,28.52,18.16,eia.gov,false,""
2023-09-05T18:00:00.000000,USA,Midcontinent ISO,US-MIDW-MISO,477.13,551.8,26.42,16.47,eia.gov,false,""
2023-09-05T19:00:00.000000,USA,Midcontinent ISO,US-MIDW-MISO,483.86,559.11,25.61,15.82,eia.gov,false,""
2023-09-05T20:00:00.000000,USA,Midcontinent ISO,US-MIDW-MISO,480.11,555.37,25.91,16.22,eia.gov,false,""
2023-09-05T21:00:00.000000,USA,Midcontinent ISO,US-MIDW-MISO,479.68,554.72,26.08,16.4,eia.gov,false,""
2023-09-05T22:00:00.000000,USA,Midcontinent ISO,US-MIDW-MISO,480.22,555.2,25.99,16.18,eia.gov,false,""
2023-09-05T23:00:00.000000,USA,Midcontinent ISO,US-MIDW-MISO,477.67,551.78,26.65,16.5,eia.gov,false,""
2023-09-06T00:00:00.000000,USA,Midcontinent ISO,US-MIDW-MISO,481.18,555.37,26.28,15.83,eia.gov,false,""
2023-09-06T01:00:00.000000,USA,Midcontinent ISO,US-MIDW-MISO,480.97,553.59,27.26,16.31,eia.gov,false,""
2023-09-06T02:00:00.000000,USA,Midcontinent ISO,US-MIDW-MISO,479.21,549.77,28.71,16.95,eia.gov,false,""
2023-09-06T03:00:00.000000,USA,Midcontinent ISO,US-MIDW-MISO,472.56,541.03,30.5,17.95,eia.gov,false,""
2023-09-06T04:00:00.000000,USA,Midcontinent ISO,US-MIDW-MISO,462.14,529.26,32.1,18.84,eia.gov,false,""
2023-09-06T05:00:00.000000,USA,Midcontinent ISO,US-MIDW-MISO,444.64,509.93,34.5,20.07,eia.gov,false,""
2023-09-06T06:00:00.000000,USA,Midcontinent ISO,US-MIDW-MISO,436.73,501.95,35.05,19.74,eia.gov,false,""
2023-09-06T07:00:00.000000,USA,Midcontinent ISO,US-MIDW-MISO,423.27,488.05,36.24,20.2,eia.gov,false,""
2023-09-06T08:00:00.000000,USA,Midcontinent ISO,US-MIDW-MISO,418.78,483.45,36.62,20.33,eia.gov,false,""
2023-09-06T09:00:00.000000,USA,Midcontinent ISO,US-MIDW-MISO,419.12,483.68,36.66,20.5,eia.gov,false,""
2023-09-06T10:00:00.000000,USA,Midcontinent ISO,US-MIDW-MISO,433.11,498.68,35.05,19.47,eia.gov,false,""
2023-09-06T11:00:00.000000,USA,Midcontinent ISO,US-MIDW-MISO,446.1,512.05,33.99,19.21,eia.gov,false,""
2023-09-06T12:00:00.000000,USA,Midcontinent ISO,US-MIDW-MISO,467.59,534.37,32.06,17.74,eia.gov,false,""
2023-09-06T13:00:00.000000,USA,Midcontinent ISO,US-MIDW-MISO,468.2,535.47,31.74,17.6,eia.gov,false,""
2023-09-06T14:00:00.000000,USA,Midcontinent ISO,US-MIDW-MISO,461.45,529.19,31.92,18.4,eia.gov,false,""
2023-09-06T15:00:00.000000,USA,Midcontinent ISO,US-MIDW-MISO,462.14,530.66,31.37,18.58,eia.gov,false,""
2023-09-06T16:00:00.000000,USA,Midcontinent ISO,US-MIDW-MISO,460.2,529.89,30.76,18.61,eia.gov,false,""
2023-09-06T17:00:00.000000,USA,Midcontinent ISO,US-MIDW-MISO,456.1,525.99,30.98,19.34,eia.gov,false,""
2023-09-06T18:00:00.000000,USA,Midcontinent ISO,US-MIDW-MISO,452.06,523.17,30.48,19.23,eia.gov,false,""
2023-09-06T19:00:00.000000,USA,Midcontinent ISO,US-MIDW-MISO,455.29,526.52,30.22,19.28,eia.gov,false,""
2023-09-06T20:00:00.000000,USA,Midcontinent ISO,US-MIDW-MISO,458.49,530.07,29.84,19.07,eia.gov,false,""
2023-09-06T21:00:00.000000,USA,Midcontinent ISO,US-MIDW-MISO,468.75,541.55,28.32,17.54,eia.gov,false,""
2023-09-06T22:00:00.000000,USA,Midcontinent ISO,US-MIDW-MISO,483.73,557.88,26.37,15.34,eia.gov,false,""
2023-09-06T23:00:00.000000,USA,Midcontinent ISO,US-MIDW-MISO,502.44,578.3,23.93,12.41,eia.gov,false,""
2023-09-07T00:00:00.000000,USA,Midcontinent ISO,US-MIDW-MISO,523.34,600.55,21.5,9.59,eia.gov,false,""
2023-09-07T01:00:00.000000,USA,Midcontinent ISO,US-MIDW-MISO,533.03,610.11,20.81,8.45,eia.gov,false,""
2023-09-07T02:00:00.000000,USA,Midcontinent ISO,US-MIDW-MISO,528.57,604.47,21.85,8.76,eia.gov,false,""
2023-09-07T03:00:00.000000,USA,Midcontinent ISO,US-MIDW-MISO,522.15,597.26,22.77,8.76,eia.gov,false,""
2023-09-07T04:00:00.000000,USA,Midcontinent ISO,US-MIDW-MISO,517.48,592.01,23.49,8.55,eia.gov,false,""
2023-09-07T05:00:00.000000,USA,Midcontinent ISO,US-MIDW-MISO,509.17,583.01,24.5,8.54,eia.gov,false,""
2023-09-07T06:00:00.000000,USA,Midcontinent ISO,US-MIDW-MISO,499.07,573.31,24.92,8.18,eia.gov,false,""
2023-09-07T07:00:00.000000,USA,Midcontinent ISO,US-MIDW-MISO,489.05,563.06,25.74,8.23,eia.gov,false,""
2023-09-07T08:00:00.000000,USA,Midcontinent ISO,US-MIDW-MISO,485.12,559.09,26.03,8.35,eia.gov,false,""
2023-09-07T09:00:00.000000,USA,Midcontinent ISO,US-MIDW-MISO,495.49,569.53,25.3,7.81,eia.gov,false,""
2023-09-07T10:00:00.000000,USA,Midcontinent ISO,US-MIDW-MISO,509.47,584.01,24.02,7.27,eia.gov,false,""
2023-09-07T11:00:00.000000,USA,Midcontinent ISO,US-MIDW-MISO,518.29,593.12,23.28,7.4,eia.gov,false,""
2023-09-07T12:00:00.000000,USA,Midcontinent ISO,US-MIDW-MISO,526.99,601.9,22.69,7.41,eia.gov,false,""
2023-09-07T13:00:00.000000,USA,Midcontinent ISO,US-MIDW-MISO,530.14,605.62,22.17,7.3,eia.gov,false,""
2023-09-07T14:00:00.000000,USA,Midcontinent ISO,US-MIDW-MISO,529.64,605.94,21.75,7.44,eia.gov,false,""
2023-09-07T15:00:00.000000,USA,Midcontinent ISO,US-MIDW-MISO,531.7,608.58,21.23,7.54,eia.gov,false,""
2023-09-07T16:00:00.000000,USA,Midcontinent ISO,US-MIDW-MISO,535.35,612.72,20.7,7.71,eia.gov,false,""
2023-09-07T17:00:00.000000,USA,Midcontinent ISO,US-MIDW-MISO,536.04,613.58,20.6,8.13,eia.gov,false,""
2023-09-07T18:00:00.000000,USA,Midcontinent ISO,US-MIDW-MISO,534.4,611.59,21.06,9.03,eia.gov,false,""
2023-09-07T19:00:00.000000,USA,Midcontinent ISO,US-MIDW-MISO,536.16,613.4,20.94,9.02,eia.gov,false,""
2023-09-07T20:00:00.000000,USA,Midcontinent ISO,US-MIDW-MISO,534.79,611.93,21.13,9.26,eia.gov,false,""
2023-09-07T21:00:00.000000,USA,Midcontinent ISO,US-MIDW-MISO,536.14,613.37,20.98,9.08,eia.gov,false,""
2023-09-07T22:00:00.000000,USA,Midcontinent ISO,US-MIDW-MISO,539.73,617.36,20.4,8.23,eia.gov,false,""
2023-09-07T23:00:00.000000,USA,Midcontinent ISO,US-MIDW-MISO,542.19,620.26,19.84,7.28,eia.gov,false,""
2023-09-08T00:00:00.000000,USA,Midcontinent ISO,US-MIDW-MISO,549.12,628.0,18.66,5.72,eia.gov,false,""
2023-09-08T01:00:00.000000,USA,Midcontinent ISO,US-MIDW-MISO,552.36,631.43,18.21,4.73,eia.gov,false,""
2023-09-08T02:00:00.000000,USA,Midcontinent ISO,US-MIDW-MISO,541.35,619.31,19.65,5.17,eia.gov,false,""
2023-09-08T03:00:00.000000,USA,Midcontinent ISO,US-MIDW-MISO,531.87,608.48,21.14,5.72,eia.gov,false,""
2023-09-08T04:00:00.000000,USA,Midcontinent ISO,US-MIDW-MISO,518.08,593.69,22.73,6.54,eia.gov,false,""
2023-09-08T05:00:00.000000,USA,Midcontinent ISO,US-MIDW-MISO,509.45,584.72,23.54,6.51,eia.gov,false,""
2023-09-08T06:00:00.000000,USA,Midcontinent ISO,US-MIDW-MISO,491.5,566.3,25.07,6.98,eia.gov,false,""
2023-09-08T07:00:00.000000,USA,Midcontinent ISO,US-MIDW-MISO,485.53,560.4,25.41,6.79,eia.gov,false,""
2023-09-08T08:00:00.000000,USA,Midcontinent ISO,US-MIDW-MISO,482.04,556.48,25.93,7.11,eia.gov,false,""
2023-09-08T09:00:00.000000,USA,Midcontinent ISO,US-MIDW-MISO,485.5,560.22,25.51,6.91,eia.gov,false,""
2023-09-08T10:00:00.000000,USA,Midcontinent ISO,US-MIDW-MISO,501.72,577.27,23.86,6.18,eia.gov,false,""
2023-09-08T11:00:00.000000,USA,Midcontinent ISO,US-MIDW-MISO,506.28,581.37,23.93,7.42,eia.gov,false,""
2023-09-08T12:00:00.000000,USA,Midcontinent ISO,US-MIDW-MISO,505.93,580.57,24.3,8.16,eia.gov,false,""
2023-09-08T13:00:00.000000,USA,Midcontinent ISO,US-MIDW-MISO,505.16,580.49,23.99,8.16,eia.gov,false,""
2023-09-08T14:00:00.000000,USA,Midcontinent ISO,US-MIDW-MISO,521.93,598.85,21.88,6.23,eia.gov,false,""
2023-09-08T15:00:00.000000,USA,Midcontinent ISO,US-MIDW-MISO,533.82,611.5,20.61,5.56,eia.gov,false,""
2023-09-08T16:00:00.000000,USA,Midcontinent ISO,US-MIDW-MISO,532.27,610.01,20.71,6.04,eia.gov,false,""
2023-09-08T17:00:00.000000,USA,Midcontinent ISO,US-MIDW-MISO,531.81,609.35,20.96,6.91,eia.gov,false,""
2023-09-08T18:00:00.000000,USA,Midcontinent ISO,US-MIDW-MISO,530.08,607.26,21.4,7.72,eia.gov,false,""
2023-09-08T19:00:00.000000,USA,Midcontinent ISO,US-MIDW-MISO,525.24,602.03,22.03,8.46,eia.gov,false,""
2023-09-08T20:00:00.000000,USA,Midcontinent ISO,US-MIDW-MISO,515.66,591.47,23.4,9.6,eia.gov,false,""
2023-09-08T21:00:00.000000,USA,Midcontinent ISO,US-MIDW-MISO,515.3,590.99,23.48,9.63,eia.gov,false,""
2023-09-08T22:00:00.000000,USA,Midcontinent ISO,US-MIDW-MISO,514.46,590.45,23.3,9.18,eia.gov,false,""
2023-09-08T23:00:00.000000,USA,Midcontinent ISO,US-MIDW-MISO,526.46,603.52,21.6,7.2,eia.gov,false,""
2023-09-09T00:00:00.000000,USA,Midcontinent ISO,US-MIDW-MISO,531.62,609.3,20.71,5.82,eia.gov,false,""
2023-09-09T01:00:00.000000,USA,Midcontinent ISO,US-MIDW-MISO,528.35,605.89,20.91,5.48,eia.gov,false,""
2023-09-09T02:00:00.000000,USA,Midcontinent ISO,US-MIDW-MISO,515.16,591.35,22.65,6.4,eia.gov,false,""
2023-09-09T03:00:00.000000,USA,Midcontinent ISO,US-MIDW-MISO,498.79,573.95,24.31,7.06,eia.gov,false,""
2023-09-09T04:00:00.000000,USA,Midcontinent ISO,US-MIDW-MISO,473.84,547.18,27.2,9.1,eia.gov,false,""
2023-09-09T05:00:00.000000,USA,Midcontinent ISO,US-MIDW-MISO,459.3,530.98,29.29,10.0,eia.gov,false,""
2023-09-09T06:00:00.000000,USA,Midcontinent ISO,US-MIDW-MISO,448.4,519.26,30.58,10.06,eia.gov,false,""
2023-09-09T07:00:00.000000,USA,Midcontinent ISO,US-MIDW-MISO,441.8,512.98,30.82,9.45,eia.gov,false,""
2023-09-09T08:00:00.000000,USA,Midcontinent ISO,US-MIDW-MISO,439.94,511.35,30.8,9.13,eia.gov,false,""
2023-09-09T09:00:00.000000,USA,Midcontinent ISO,US-MIDW-MISO,442.37,514.22,30.34,8.41,eia.gov,false,""
2023-09-09T10:00:00.000000,USA,Midcontinent ISO,US-MIDW-MISO,446.81,518.49,30.16,8.3,eia.gov,false,""
2023-09-09T11:00:00.000000,USA,Midcontinent ISO,US-MIDW-MISO,456.17,528.03,29.45,8.06,eia.gov,false,""
2023-09-09T12:00:00.000000,USA,Midcontinent ISO,US-MIDW-MISO,460.34,531.71,29.57,9.04,eia.gov,false,""
2023-09-09T13:00:00.000000,USA,Midcontinent ISO,US-MIDW-MISO,459.58,530.97,29.81,9.89,eia.gov,false,""
2023-09-09T14:00:00.000000,USA,Midcontinent ISO,US-MIDW-MISO,470.08,542.67,28.44,9.35,eia.gov,false,""
2023-09-09T15:00:00.000000,USA,Midcontinent ISO,US-MIDW-MISO,484.02,557.6,26.86,8.73,eia.gov,false,""
2023-09-09T16:00:00.000000,USA,Midcontinent ISO,US-MIDW-MISO,496.75,571.03,25.53,8.27,eia.gov,false,""
2023-09-09T17:00:00.000000,USA,Midcontinent ISO,US-MIDW-MISO,506.05,580.82,24.57,8.05,eia.gov,false,""
2023-09-09T18:00:00.000000,USA,Midcontinent ISO,US-MIDW-MISO,514.83,589.69,23.97,8.18,eia.gov,false,""
2023-09-09T19:00:00.000000,USA,Midcontinent ISO,US-MIDW-MISO,511.25,585.31,24.84,9.44,eia.gov,false,""
2023-09-09T20:00:00.000000,USA,Midcontinent ISO,US-MIDW-MISO,507.33,580.85,25.47,10.01,eia.gov,false,""
2023-09-09T21:00:00.000000,USA,Midcontinent ISO,US-MIDW-MISO,500.13,573.12,26.32,10.91,eia.gov,false,""
2023-09-09T22:00:00.000000,USA,Midcontinent ISO,US-MIDW-MISO,502.96,576.61,25.59,9.79,eia.gov,false,""
2023-09-09T23:00:00.000000,USA,Midcontinent ISO,US-MIDW-MISO,517.46,592.8,23.22,6.61,eia.gov,false,""
2023-09-10T00:00:00.000000,USA,Midcontinent ISO,US-MIDW-MISO,521.44,597.49,22.4,5.45,eia.gov,false,""
2023-09-10T01:00:00.000000,USA,Midcontinent ISO,US-MIDW-MISO,521.73,597.54,22.45,5.08,eia.gov,false,""
2023-09-10T02:00:00.000000,USA,Midcontinent ISO,US-MIDW-MISO,509.39,583.72,24.24,5.95,eia.gov,false,""
2023-09-10T03:00:00.000000,USA,Midcontinent ISO,US-MIDW-MISO,496.24,568.63,26.37,6.84,eia.gov,false,""
2023-09-10T04:00:00.000000,USA,Midcontinent ISO,US-MIDW-MISO,482.81,553.84,28.17,7.91,eia.gov,false,""
2023-09-10T05:00:00.000000,USA,Midcontinent ISO,US-MIDW-MISO,468.52,538.47,29.86,8.86,eia.gov,false,""
2023-09-10T06:00:00.000000,USA,Midcontinent ISO,US-MIDW-MISO,457.83,527.38,30.86,8.85,eia.gov,false,""
2023-09-10T07:00:00.000000,USA,Midcontinent ISO,US-MIDW-MISO,462.89,533.87,29.57,6.9,eia.gov,false,""
2023-09-10T08:00:00.000000,USA,Midcontinent ISO,US-MIDW-MISO,458.24,529.5,29.7,6.65,eia.gov,false,""
2023-09-10T09:00:00.000000,USA,Midcontinent ISO,US-MIDW-MISO,450.97,521.86,30.44,7.22,eia.gov,false,""
2023-09-10T10:00:00.000000,USA,Midcontinent ISO,US-MIDW-MISO,449.72,520.15,30.82,7.98,eia.gov,false,""
2023-09-10T11:00:00.000000,USA,Midcontinent ISO,US-MIDW-MISO,461.31,532.36,29.67,7.36,eia.gov,false,""
2023-09-10T12:00:00.000000,USA,Midcontinent ISO,US-MIDW-MISO,469.74,541.12,28.97,7.38,eia.gov,false,""
2023-09-10T13:00:00.000000,USA,Midcontinent ISO,US-MIDW-MISO,481.95,553.58,28.22,7.82,eia.gov,false,""
2023-09-10T14:00:00.000000,USA,Midcontinent ISO,US-MIDW-MISO,493.67,565.98,27.06,7.51,eia.gov,false,""
2023-09-10T15:00:00.000000,USA,Midcontinent ISO,US-MIDW-MISO,502.18,576.16,25.36,6.52,eia.gov,false,""
2023-09-10T16:00:00.000000,USA,Midcontinent ISO,US-MIDW-MISO,505.28,579.67,24.88,6.7,eia.gov,false,""
2023-09-10T17:00:00.000000,USA,Midcontinent ISO,US-MIDW-MISO,509.85,584.62,24.3,7.29,eia.gov,false,""
2023-09-10T18:00:00.000000,USA,Midcontinent ISO,US-MIDW-MISO,507.08,580.95,25.1,9.05,eia.gov,false,""
2023-09-10T19:00:00.000000,USA,Midcontinent ISO,US-MIDW-MISO,510.71,584.7,24.78,9.54,eia.gov,false,""
2023-09-10T20:00:00.000000,USA,Midcontinent ISO,US-MIDW-MISO,506.27,579.98,25.37,10.6,eia.gov,false,""
2023-09-10T21:00:00.000000,USA,Midcontinent ISO,US-MIDW-MISO,505.39,578.96,25.63,11.4,eia.gov,false,""
2023-09-10T22:00:00.000000,USA,Midcontinent ISO,US-MIDW-MISO,517.65,591.85,24.28,10.11,eia.gov,false,""
2023-09-10T23:00:00.000000,USA,Midcontinent ISO,US-MIDW-MISO,528.74,603.19,23.2,8.86,eia.gov,false,""
2023-09-11T00:00:00.000000,USA,Midcontinent ISO,US-MIDW-MISO,538.57,613.76,21.89,7.47,eia.gov,false,""
2023-09-11T01:00:00.000000,USA,Midcontinent ISO,US-MIDW-MISO,538.07,613.19,21.91,7.0,eia.gov,false,""
2023-09-11T02:00:00.000000,USA,Midcontinent ISO,US-MIDW-MISO,535.88,611.43,21.63,5.6,eia.gov,false,""
2023-09-11T03:00:00.000000,USA,Midcontinent ISO,US-MIDW-MISO,532.64,608.02,21.94,4.76,eia.gov,false,""
2023-09-11T04:00:00.000000,USA,Midcontinent ISO,US-MIDW-MISO,529.36,603.86,22.74,4.53,eia.gov,false,""
2023-09-11T05:00:00.000000,USA,Midcontinent ISO,US-MIDW-MISO,520.31,594.49,23.56,4.76,eia.gov,false,""
2023-09-11T06:00:00.000000,USA,Midcontinent ISO,US-MIDW-MISO,505.14,579.35,24.57,4.86,eia.gov,false,""
2023-09-11T07:00:00.000000,USA,Midcontinent ISO,US-MIDW-MISO,494.98,569.25,25.21,5.0,eia.gov,false,""
2023-09-11T08:00:00.000000,USA,Midcontinent ISO,US-MIDW-MISO,489.7,563.84,25.65,5.35,eia.gov,false,""
2023-09-11T09:00:00.000000,USA,Midcontinent ISO,US-MIDW-MISO,497.36,571.8,24.93,5.3,eia.gov,false,""
2023-09-11T10:00:00.000000,USA,Midcontinent ISO,US-MIDW-MISO,510.37,585.53,23.57,5.02,eia.gov,false,""
2023-09-11T11:00:00.000000,USA,Midcontinent ISO,US-MIDW-MISO,514.22,589.36,23.39,6.03,eia.gov,false,""
2023-09-11T12:00:00.000000,USA,Midcontinent ISO,US-MIDW-MISO,518.46,593.03,23.53,6.99,eia.gov,false,""
2023-09-11T13:00:00.000000,USA,Midcontinent ISO,US-MIDW-MISO,527.19,602.29,22.68,6.78,eia.gov,false,""
2023-09-11T14:00:00.000000,USA,Midcontinent ISO,US-MIDW-MISO,536.85,612.97,21.44,5.94,eia.gov,false,""
2023-09-11T15:00:00.000000,USA,Midcontinent ISO,US-MIDW-MISO,535.07,611.11,21.63,6.6,eia.gov,false,""
2023-09-11T16:00:00.000000,USA,Midcontinent ISO,US-MIDW-MISO,523.51,598.9,22.87,8.43,eia.gov,false,""
2023-09-11T17:00:00.000000,USA,Midcontinent ISO,US-MIDW-MISO,517.13,592.47,23.37,9.61,eia.gov,false,""
2023-09-11T18:00:00.000000,USA,Midcontinent ISO,US-MIDW-MISO,513.9,589.07,23.78,10.66,eia.gov,false,""
2023-09-11T19:00:00.000000,USA,Midcontinent ISO,US-MIDW-MISO,516.31,591.38,23.72,10.87,eia.gov,false,""
2023-09-11T20:00:00.000000,USA,Midcontinent ISO,US-MIDW-MISO,514.9,589.68,24.05,11.28,eia.gov,false,""
2023-09-11T21:00:00.000000,USA,Midcontinent ISO,US-MIDW-MISO,513.96,588.5,24.27,11.59,eia.gov,false,""
2023-09-11T22:00:00.000000,USA,Midcontinent ISO,US-MIDW-MISO,520.04,595.11,23.45,10.86,eia.gov,false,""
2023-09-11T23:00:00.000000,USA,Midcontinent ISO,US-MIDW-MISO,528.69,604.63,22.2,9.41,eia.gov,false,""
2023-09-12T00:00:00.000000,USA,Midcontinent ISO,US-MIDW-MISO,540.59,617.57,20.55,7.44,eia.gov,false,""
2023-09-12T01:00:00.000000,USA,Midcontinent ISO,US-MIDW-MISO,537.46,614.09,20.81,7.12,eia.gov,false,""
2023-09-12T02:00:00.000000,USA,Midcontinent ISO,US-MIDW-MISO,524.69,600.44,22.22,7.6,eia.gov,false,""
2023-09-12T03:00:00.000000,USA,Midcontinent ISO,US-MIDW-MISO,518.53,594.53,22.43,6.7,eia.gov,false,""
2023-09-12T04:00:00.000000,USA,Midcontinent ISO,US-MIDW-MISO,513.49,589.41,22.84,6.09,eia.gov,false,""
2023-09-12T05:00:00.000000,USA,Midcontinent ISO,US-MIDW-MISO,506.8,583.07,23.07,5.32,eia.gov,false,""
2023-09-12T06:00:00.000000,USA,Midcontinent ISO,US-MIDW-MISO,487.7,563.43,24.71,6.24,eia.gov,false,""
2023-09-12T07:00:00.000000,USA,Midcontinent ISO,US-MIDW-MISO,471.08,546.0,26.36,6.92,eia.gov,false,""
2023-09-12T08:00:00.000000,USA,Midcontinent ISO,US-MIDW-MISO,469.25,544.32,26.39,6.61,eia.gov,false,""
2023-09-12T09:00:00.000000,USA,Midcontinent ISO,US-MIDW-MISO,496.97,573.37,23.65,4.77,eia.gov,false,""
2023-09-12T10:00:00.000000,USA,Midcontinent ISO,US-MIDW-MISO,509.34,585.56,22.92,4.61,eia.gov,false,""
2023-09-12T11:00:00.000000,USA,Midcontinent ISO,US-MIDW-MISO,513.56,589.88,22.61,5.51,eia.gov,false,""
2023-09-12T12:00:00.000000,USA,Midcontinent ISO,US-MIDW-MISO,516.54,592.22,22.87,6.32,eia.gov,false,""
2023-09-12T13:00:00.000000,USA,Midcontinent ISO,US-MIDW-MISO,516.64,591.97,23.22,7.01,eia.gov,false,""
2023-09-12T14:00:00.000000,USA,Midcontinent ISO,US-MIDW-MISO,524.0,599.96,22.4,6.59,eia.gov,false,""
2023-09-12T15:00:00.000000,USA,Midcontinent ISO,US-MIDW-MISO,528.01,604.32,21.94,6.73,eia.gov,false,""
2023-09-12T16:00:00.000000,USA,Midcontinent ISO,US-MIDW-MISO,526.35,602.49,22.23,7.78,eia.gov,false,""
2023-09-12T17:00:00.000000,USA,Midcontinent ISO,US-MIDW-MISO,518.42,593.38,23.68,9.85,eia.gov,false,""
2023-09-12T18:00:00.000000,USA,Midcontinent ISO,US-MIDW-MISO,521.43,596.6,23.28,9.81,eia.gov,false,""
2023-09-12T19:00:00.000000,USA,Midcontinent ISO,US-MIDW-MISO,513.75,588.18,24.3,10.97,eia.gov,false,""
2023-09-12T20:00:00.000000,USA,Midcontinent ISO,US-MIDW-MISO,504.7,578.08,25.66,12.62,eia.gov,false,""
2023-09-12T21:00:00.000000,USA,Midcontinent ISO,US-MIDW-MISO,503.89,577.08,25.85,13.01,eia.gov,false,""
2023-09-12T22:00:00.000000,USA,Midcontinent ISO,US-MIDW-MISO,510.74,584.35,25.02,11.99,eia.gov,false,""
2023-09-12T23:00:00.000000,USA,Midcontinent ISO,US-MIDW-MISO,523.48,598.19,23.31,10.16,eia.gov,false,""
2023-09-13T00:00:00.000000,USA,Midcontinent ISO,US-MIDW-MISO,531.26,606.76,22.13,8.65,eia.gov,false,""
2023-09-13T01:00:00.000000,USA,Midcontinent ISO,US-MIDW-MISO,526.72,602.11,22.33,8.17,eia.gov,false,""
2023-09-13T02:00:00.000000,USA,Midcontinent ISO,US-MIDW-MISO,511.26,585.71,23.93,9.15,eia.gov,false,""
2023-09-13T03:00:00.000000,USA,Midcontinent ISO,US-MIDW-MISO,494.38,567.48,25.96,10.33,eia.gov,false,""
2023-09-13T04:00:00.000000,USA,Midcontinent ISO,US-MIDW-MISO,477.18,549.44,27.69,11.02,eia.gov,false,""
2023-09-13T05:00:00.000000,USA,Midcontinent ISO,US-MIDW-MISO,462.06,533.29,29.4,11.48,eia.gov,false,""
2023-09-13T06:00:00.000000,USA,Midcontinent ISO,US-MIDW-MISO,442.31,512.78,31.24,11.91,eia.gov,false,""
2023-09-13T07:00:00.000000,USA,Midcontinent ISO,US-MIDW-MISO,438.59,508.99,31.54,11.92,eia.gov,false,""
2023-09-13T08:00:00.000000,USA,Midcontinent ISO,US-MIDW-MISO,437.74,508.27,31.53,11.44,eia.gov,false,""
2023-09-13T09:00:00.000000,USA,Midcontinent ISO,US-MIDW-MISO,442.22,513.78,30.55,10.79,eia.gov,false,""
2023-09-13T10:00:00.000000,USA,Midcontinent ISO,US-MIDW-MISO,457.29,529.92,28.83,10.03,eia.gov,false,""
2023-09-13T11:00:00.000000,USA,Midcontinent ISO,US-MIDW-MISO,470.66,543.41,27.9,10.45,eia.gov,false,""
2023-09-13T12:00:00.000000,USA,Midcontinent ISO,US-MIDW-MISO,469.31,540.98,28.78,11.69,eia.gov,false,""
2023-09-13T13:00:00.000000,USA,Midcontinent ISO,US-MIDW-MISO,471.19,542.99,28.76,12.08,eia.gov,false,""
2023-09-13T14:00:00.000000,USA,Midcontinent ISO,US-MIDW-MISO,491.02,564.53,26.37,9.99,eia.gov,false,""
2023-09-13T15:00:00.000000,USA,Midcontinent ISO,US-MIDW-MISO,496.49,569.84,26.11,10.11,eia.gov,false,""
2023-09-13T16:00:00.000000,USA,Midcontinent ISO,US-MIDW-MISO,505.06,578.67,25.37,9.94,eia.gov,false,""
2023-09-13T17:00:00.000000,USA,Midcontinent ISO,US-MIDW-MISO,508.55,582.6,24.85,9.93,eia.gov,false,""
2023-09-13T18:00:00.000000,USA,Midcontinent ISO,US-MIDW-MISO,513.26,587.76,24.2,9.54,eia.gov,false,""
2023-09-13T19:00:00.000000,USA,Midcontinent ISO,US-MIDW-MISO,519.71,594.38,23.64,9.54,eia.gov,false,""
2023-09-13T20:00:00.000000,USA,Midcontinent ISO,US-MIDW-MISO,515.1,589.0,24.54,10.68,eia.gov,false,""
2023-09-13T21:00:00.000000,USA,Midcontinent ISO,US-MIDW-MISO,515.44,589.46,24.46,10.79,eia.gov,false,""
2023-09-13T22:00:00.000000,USA,Midcontinent ISO,US-MIDW-MISO,517.04,591.17,24.27,10.34,eia.gov,false,""
2023-09-13T23:00:00.000000,USA,Midcontinent ISO,US-MIDW-MISO,522.37,597.04,23.44,9.3,eia.gov,false,""
2023-09-14T00:00:00.000000,USA,Midcontinent ISO,US-MIDW-MISO,525.22,599.89,23.07,8.66,eia.gov,false,""
2023-09-14T01:00:00.000000,USA,Midcontinent ISO,US-MIDW-MISO,502.0,574.15,26.19,11.38,eia.gov,false,""
2023-09-14T02:00:00.000000,USA,Midcontinent ISO,US-MIDW-MISO,463.78,532.87,30.76,15.08,eia.gov,false,""
2023-09-14T03:00:00.000000,USA,Midcontinent ISO,US-MIDW-MISO,433.66,500.85,33.98,17.24,eia.gov,false,""
2023-09-14T04:00:00.000000,USA,Midcontinent ISO,US-MIDW-MISO,422.02,488.3,35.37,17.66,eia.gov,false,""
2023-09-14T05:00:00.000000,USA,Midcontinent ISO,US-MIDW-MISO,410.36,475.54,36.87,18.41,eia.gov,false,""
2023-09-14T06:00:00.000000,USA,Midcontinent ISO,US-MIDW-MISO,399.09,463.58,38.11,19.06,eia.gov,false,""
2023-09-14T07:00:00.000000,USA,Midcontinent ISO,US-MIDW-MISO,395.35,459.74,38.43,19.02,eia.gov,false,""
2023-09-14T08:00:00.000000,USA,Midcontinent ISO,US-MIDW-MISO,396.16,460.68,38.29,18.87,eia.gov,false,""
2023-09-14T09:00:00.000000,USA,Midcontinent ISO,US-MIDW-MISO,401.37,467.1,37.13,18.05,eia.gov,false,""
2023-09-14T10:00:00.000000,USA,Midcontinent ISO,US-MIDW-MISO,416.16,482.86,35.5,17.47,eia.gov,false,""
2023-09-14T11:00:00.000000,USA,Midcontinent ISO,US-MIDW-MISO,443.08,510.37,33.37,16.52,eia.gov,false,""
2023-09-14T12:00:00.000000,USA,Midcontinent ISO,US-MIDW-MISO,442.78,509.42,33.91,17.37,eia.gov,false,""
2023-09-14T13:00:00.000000,USA,Midcontinent ISO,US-MIDW-MISO,437.98,505.18,34.05,17.2,eia.gov,false,""
2023-09-14T14:00:00.000000,USA,Midcontinent ISO,US-MIDW-MISO,463.61,533.51,30.63,13.91,eia.gov,false,""
2023-09-14T15:00:00.000000,USA,Midcontinent ISO,US-MIDW-MISO,481.57,552.67,28.62,12.39,eia.gov,false,""
2023-09-14T16:00:00.000000,USA,Midcontinent ISO,US-MIDW-MISO,474.94,544.97,29.77,14.24,eia.gov,false,""
2023-09-14T17:00:00.000000,USA,Midcontinent ISO,US-MIDW-MISO,461.3,530.35,31.33,16.41,eia.gov,false,""
2023-09-14T18:00:00.000000,USA,Midcontinent ISO,US-MIDW-MISO,454.98,523.91,31.82,17.27,eia.gov,false,""
2023-09-14T19:00:00.000000,USA,Midcontinent ISO,US-MIDW-MISO,450.15,518.9,32.38,18.32,eia.gov,false,""
2023-09-14T20:00:00.000000,USA,Midcontinent ISO,US-MIDW-MISO,458.94,527.88,31.69,18.02,eia.gov,false,""
2023-09-14T21:00:00.000000,USA,Midcontinent ISO,US-MIDW-MISO,465.29,534.16,31.34,17.8,eia.gov,false,""
2023-09-14T22:00:00.000000,USA,Midcontinent ISO,US-MIDW-MISO,474.86,544.6,30.03,16.33,eia.gov,false,""
2023-09-14T23:00:00.000000,USA,Midcontinent ISO,US-MIDW-MISO,492.75,564.51,27.31,13.16,eia.gov,false,""
2023-09-15T00:00:00.000000,USA,Midcontinent ISO,US-MIDW-MISO,499.46,571.91,26.33,11.99,eia.gov,false,""
2023-09-15T01:00:00.000000,USA,Midcontinent ISO,US-MIDW-MISO,488.37,559.24,28.0,13.07,eia.gov,false,""
2023-09-15T02:00:00.000000,USA,Midcontinent ISO,US-MIDW-MISO,473.6,542.54,30.19,14.41,eia.gov,false,""
2023-09-15T03:00:00.000000,USA,Midcontinent ISO,US-MIDW-MISO,459.1,525.94,32.5,15.6,eia.gov,false,""
2023-09-15T04:00:00.000000,USA,Midcontinent ISO,US-MIDW-MISO,438.43,502.92,35.46,17.63,eia.gov,false,""
2023-09-15T05:00:00.000000,USA,Midcontinent ISO,US-MIDW-MISO,411.33,473.49,38.84,19.54,eia.gov,false,""
2023-09-15T06:00:00.000000,USA,Midcontinent ISO,US-MIDW-MISO,390.51,452.47,40.37,19.89,eia.gov,false,""
2023-09-15T07:00:00.000000,USA,Midcontinent ISO,US-MIDW-MISO,374.08,435.31,41.95,20.71,eia.gov,false,""
2023-09-15T08:00:00.000000,USA,Midcontinent ISO,US-MIDW-MISO,370.81,432.31,41.99,20.76,eia.gov,false,""
2023-09-15T09:00:00.000000,USA,Midcontinent ISO,US-MIDW-MISO,373.91,437.12,40.63,19.86,eia.gov,false,""
2023-09-15T10:00:00.000000,USA,Midcontinent ISO,US-MIDW-MISO,392.99,458.38,37.89,18.11,eia.gov,false,""
2023-09-15T11:00:00.000000,USA,Midcontinent ISO,US-MIDW-MISO,407.11,474.13,35.93,17.07,eia.gov,false,""
2023-09-15T12:00:00.000000,USA,Midcontinent ISO,US-MIDW-MISO,421.2,489.68,34.09,16.13,eia.gov,false,""
2023-09-15T13:00:00.000000,USA,Midcontinent ISO,US-MIDW-MISO,430.01,500.07,32.65,14.96,eia.gov,false,""
2023-09-15T14:00:00.000000,USA,Midcontinent ISO,US-MIDW-MISO,453.31,525.83,29.58,11.93,eia.gov,false,""
2023-09-15T15:00:00.000000,USA,Midcontinent ISO,US-MIDW-MISO,465.85,538.95,28.4,11.31,eia.gov,false,""
2023-09-15T16:00:00.000000,USA,Midcontinent ISO,US-MIDW-MISO,472.38,545.69,27.81,11.49,eia.gov,false,""
2023-09-15T17:00:00.000000,USA,Midcontinent ISO,US-MIDW-MISO,481.72,555.78,26.67,10.74,eia.gov,false,""
2023-09-15T18:00:00.000000,USA,Midcontinent ISO,US-MIDW-MISO,480.91,554.69,27.0,11.65,eia.gov,false,""
2023-09-15T19:00:00.000000,USA,Midcontinent ISO,US-MIDW-MISO,480.82,554.5,27.07,11.91,eia.gov,false,""
2023-09-15T20:00:00.000000,USA,Midcontinent ISO,US-MIDW-MISO,471.83,544.2,28.64,13.69,eia.gov,false,""
2023-09-15T21:00:00.000000,USA,Midcontinent ISO,US-MIDW-MISO,476.9,549.65,28.04,13.25,eia.gov,false,""
2023-09-15T22:00:00.000000,USA,Midcontinent ISO,US-MIDW-MISO,492.67,566.88,25.9,11.11,eia.gov,false,""
2023-09-15T23:00:00.000000,USA,Midcontinent ISO,US-MIDW-MISO,505.38,580.75,24.11,8.92,eia.gov,false,""
2023-09-16T00:00:00.000000,USA,Midcontinent ISO,US-MIDW-MISO,512.17,588.42,23.0,7.32,eia.gov,false,""
2023-09-16T01:00:00.000000,USA,Midcontinent ISO,US-MIDW-MISO,514.5,591.02,22.52,6.32,eia.gov,false,""
2023-09-16T02:00:00.000000,USA,Midcontinent ISO,US-MIDW-MISO,505.27,580.56,23.9,6.84,eia.gov,false,""
2023-09-16T03:00:00.000000,USA,Midcontinent ISO,US-MIDW-MISO,501.57,576.43,24.34,6.19,eia.gov,false,""
2023-09-16T04:00:00.000000,USA,Midcontinent ISO,US-MIDW-MISO,495.07,568.81,25.55,6.78,eia.gov,false,""
2023-09-16T05:00:00.000000,USA,Midcontinent ISO,US-MIDW-MISO,490.06,562.81,26.56,6.72,eia.gov,false,""
2023-09-16T06:00:00.000000,USA,Midcontinent ISO,US-MIDW-MISO,474.64,547.36,27.62,6.63,eia.gov,false,""
2023-09-16T07:00:00.000000,USA,Midcontinent ISO,US-MIDW-MISO,463.92,536.46,28.45,6.98,eia.gov,false,""
2023-09-16T08:00:00.000000,USA,Midcontinent ISO,US-MIDW-MISO,455.4,528.04,28.96,7.03,eia.gov,false,""
2023-09-16T09:00:00.000000,USA,Midcontinent ISO,US-MIDW-MISO,459.23,532.28,28.42,6.84,eia.gov,false,""
2023-09-16T10:00:00.000000,USA,Midcontinent ISO,US-MIDW-MISO,471.58,545.2,27.21,6.26,eia.gov,false,""
2023-09-16T11:00:00.000000,USA,Midcontinent ISO,US-MIDW-MISO,476.75,549.81,27.26,6.54,eia.gov,false,""
2023-09-16T12:00:00.000000,USA,Midcontinent ISO,US-MIDW-MISO,475.43,548.27,27.55,7.37,eia.gov,false,""
2023-09-16T13:00:00.000000,USA,Midcontinent ISO,US-MIDW-MISO,479.25,552.42,27.22,7.72,eia.gov,false,""
2023-09-16T14:00:00.000000,USA,Midcontinent ISO,US-MIDW-MISO,488.91,563.54,25.73,6.98,eia.gov,false,""
2023-09-16T15:00:00.000000,USA,Midcontinent ISO,US-MIDW-MISO,495.15,569.93,25.31,7.32,eia.gov,false,""
2023-09-16T16:00:00.000000,USA,Midcontinent ISO,US-MIDW-MISO,490.62,564.83,26.03,8.79,eia.gov,false,""
2023-09-16T17:00:00.000000,USA,Midcontinent ISO,US-MIDW-MISO,479.67,553.9,26.72,10.12,eia.gov,false,""
2023-09-16T18:00:00.000000,USA,Midcontinent ISO,US-MIDW-MISO,483.45,557.63,26.5,10.28,eia.gov,false,""
2023-09-16T19:00:00.000000,USA,Midcontinent ISO,US-MIDW-MISO,480.11,553.38,27.4,11.64,eia.gov,false,""
2023-09-16T20:00:00.000000,USA,Midcontinent ISO,US-MIDW-MISO,472.74,545.07,28.51,13.03,eia.gov,false,""
2023-09-16T21:00:00.000000,USA,Midcontinent ISO,US-MIDW-MISO,469.76,541.47,29.12,14.13,eia.gov,false,""
2023-09-16T22:00:00.000000,USA,Midcontinent ISO,US-MIDW-MISO,473.55,545.27,28.76,13.79,eia.gov,false,""
2023-09-16T23:00:00.000000,USA,Midcontinent ISO,US-MIDW-MISO,481.93,554.04,27.82,12.42,eia.gov,false,""
2023-09-17T00:00:00.000000,USA,Midcontinent ISO,US-MIDW-MISO,489.9,562.44,26.88,11.32,eia.gov,false,""
2023-09-17T01:00:00.000000,USA,Midcontinent ISO,US-MIDW-MISO,487.91,560.23,27.0,10.84,eia.gov,false,""
2023-09-17T02:00:00.000000,USA,Midcontinent ISO,US-MIDW-MISO,476.11,546.37,29.1,12.0,eia.gov,false,""
2023-09-17T03:00:00.000000,USA,Midcontinent ISO,US-MIDW-MISO,457.94,527.41,30.83,12.68,eia.gov,false,""
2023-09-17T04:00:00.000000,USA,Midcontinent ISO,US-MIDW-MISO,452.52,522.24,31.02,12.19,eia.gov,false,""
2023-09-17T05:00:00.000000,USA,Midcontinent ISO,US-MIDW-MISO,443.23,512.0,32.31,11.82,eia.gov,false,""
2023-09-17T06:00:00.000000,USA,Midcontinent ISO,US-MIDW-MISO,430.29,497.91,33.95,11.75,eia.gov,false,""
2023-09-17T07:00:00.000000,USA,Midcontinent ISO,US-MIDW-MISO,430.91,498.83,33.71,10.96,eia.gov,false,""
2023-09-17T08:00:00.000000,USA,Midcontinent ISO,US-MIDW-MISO,429.38,497.13,33.94,10.96,eia.gov,false,""
2023-09-17T09:00:00.000000,USA,Midcontinent ISO,US-MIDW-MISO,430.88,499.27,33.41,10.5,eia.gov,false,""
2023-09-17T10:00:00.000000,USA,Midcontinent ISO,US-MIDW-MISO,437.83,507.66,31.98,9.69,eia.gov,false,""
2023-09-17T11:00:00.000000,USA,Midcontinent ISO,US-MIDW-MISO,441.58,511.66,31.57,9.53,eia.gov,false,""
2023-09-17T12:00:00.000000,USA,Midcontinent ISO,US-MIDW-MISO,441.74,511.89,31.61,10.1,eia.gov,false,""
2023-09-17T13:00:00.000000,USA,Midcontinent ISO,US-MIDW-MISO,446.28,517.54,30.74,9.8,eia.gov,false,""
2023-09-17T14:00:00.000000,USA,Midcontinent ISO,US-MIDW-MISO,466.69,539.81,28.27,8.21,eia.gov,false,""
2023-09-17T15:00:00.000000,USA,Midcontinent ISO,US-MIDW-MISO,475.44,549.11,27.37,8.35,eia.gov,false,""
2023-09-17T16:00:00.000000,USA,Midcontinent ISO,US-MIDW-MISO,473.07,546.58,27.62,9.36,eia.gov,false,""
2023-09-17T17:00:00.000000,USA,Midcontinent ISO,US-MIDW-MISO,488.36,562.37,26.2,8.77,eia.gov,false,""
2023-09-17T18:00:00.000000,USA,Midcontinent ISO,US-MIDW-MISO,506.17,580.58,24.72,8.31,eia.gov,false,""
2023-09-17T19:00:00.000000,USA,Midcontinent ISO,US-MIDW-MISO,515.09,589.58,24.05,8.14,eia.gov,false,""
2023-09-17T20:00:00.000000,USA,Midcontinent ISO,US-MIDW-MISO,513.03,587.47,24.28,8.93,eia.gov,false,""
2023-09-17T21:00:00.000000,USA,Midcontinent ISO,US-MIDW-MISO,511.54,585.57,24.72,9.85,eia.gov,false,""
2023-09-17T22:00:00.000000,USA,Midcontinent ISO,US-MIDW-MISO,511.18,584.95,24.91,9.99,eia.gov,false,""
2023-09-17T23:00:00.000000,USA,Midcontinent ISO,US-MIDW-MISO,519.51,593.82,23.87,8.69,eia.gov,false,""
2023-09-18T00:00:00.000000,USA,Midcontinent ISO,US-MIDW-MISO,525.19,599.86,23.09,7.57,eia.gov,false,""
2023-09-18T01:00:00.000000,USA,Midcontinent ISO,US-MIDW-MISO,523.42,597.76,23.28,7.24,eia.gov,false,""
2023-09-18T02:00:00.000000,USA,Midcontinent ISO,US-MIDW-MISO,508.81,581.71,25.17,8.04,eia.gov,false,""
2023-09-18T03:00:00.000000,USA,Midcontinent ISO,US-MIDW-MISO,489.38,560.76,27.48,9.27,eia.gov,false,""
2023-09-18T04:00:00.000000,USA,Midcontinent ISO,US-MIDW-MISO,468.44,538.02,30.08,10.88,eia.gov,false,""
2023-09-18T05:00:00.000000,USA,Midcontinent ISO,US-MIDW-MISO,445.67,513.05,33.07,12.98,eia.gov,false,""
2023-09-18T06:00:00.000000,USA,Midcontinent ISO,US-MIDW-MISO,419.49,484.66,36.3,14.95,eia.gov,false,""
2023-09-18T07:00:00.000000,USA,Midcontinent ISO,US-MIDW-MISO,402.34,465.78,38.58,16.81,eia.gov,false,""
2023-09-18T08:00:00.000000,USA,Midcontinent ISO,US-MIDW-MISO,395.53,457.73,39.87,18.1,eia.gov,false,""
2023-09-18T09:00:00.000000,USA,Midcontinent ISO,US-MIDW-MISO,399.51,461.97,39.42,18.35,eia.gov,false,""
2023-09-18T10:00:00.000000,USA,Midcontinent ISO,US-MIDW-MISO,410.61,473.9,38.13,18.09,eia.gov,false,""
2023-09-18T11:00:00.000000,USA,Midcontinent ISO,US-MIDW-MISO,419.26,484.65,36.2,17.66,eia.gov,false,""
2023-09-18T12:00:00.000000,USA,Midcontinent ISO,US-MIDW-MISO,422.24,486.66,36.71,19.09,eia.gov,false,""
2023-09-18T13:00:00.000000,USA,Midcontinent ISO,US-MIDW-MISO,416.61,480.56,37.57,20.39,eia.gov,false,""
2023-09-18T14:00:00.000000,USA,Midcontinent ISO,US-MIDW-MISO,428.13,493.56,35.92,19.11,eia.gov,false,""
2023-09-18T15:00:00.000000,USA,Midcontinent ISO,US-MIDW-MISO,425.22,490.95,35.93,19.51,eia.gov,false,""
2023-09-18T16:00:00.000000,USA,Midcontinent ISO,US-MIDW-MISO,424.8,490.04,36.29,20.64,eia.gov,false,""
2023-09-18T17:00:00.000000,USA,Midcontinent ISO,US-MIDW-MISO,430.12,496.05,35.42,20.15,eia.gov,false,""
2023-09-18T18:00:00.000000,USA,Midcontinent ISO,US-MIDW-MISO,431.92,498.29,35.0,20.12,eia.gov,false,""
2023-09-18T19:00:00.000000,USA,Midcontinent ISO,US-MIDW-MISO,429.77,495.93,35.35,20.97,eia.gov,false,""
2023-09-18T20:00:00.000000,USA,Midcontinent ISO,US-MIDW-MISO,423.34,488.87,36.33,22.26,eia.gov,false,""
2023-09-18T21:00:00.000000,USA,Midcontinent ISO,US-MIDW-MISO,426.0,491.5,36.2,22.24,eia.gov,false,""
2023-09-18T22:00:00.000000,USA,Midcontinent ISO,US-MIDW-MISO,436.65,503.08,34.81,20.91,eia.gov,false,""
2023-09-18T23:00:00.000000,USA,Midcontinent ISO,US-MIDW-MISO,462.95,531.71,31.35,17.17,eia.gov,false,""
2023-09-19T00:00:00.000000,USA,Midcontinent ISO,US-MIDW-MISO,472.7,541.89,30.3,15.7,eia.gov,false,""
2023-09-19T01:00:00.000000,USA,Midcontinent ISO,US-MIDW-MISO,459.67,526.84,32.4,17.1,eia.gov,false,""
2023-09-19T02:00:00.000000,USA,Midcontinent ISO,US-MIDW-MISO,438.17,502.64,35.59,19.27,eia.gov,false,""
2023-09-19T03:00:00.000000,USA,Midcontinent ISO,US-MIDW-MISO,418.4,481.06,38.04,20.35,eia.gov,false,""
2023-09-19T04:00:00.000000,USA,Midcontinent ISO,US-MIDW-MISO,398.56,459.49,40.52,21.86,eia.gov,false,""
2023-09-19T05:00:00.000000,USA,Midcontinent ISO,US-MIDW-MISO,381.47,440.36,43.05,23.0,eia.gov,false,""
2023-09-19T06:00:00.000000,USA,Midcontinent ISO,US-MIDW-MISO,368.21,425.36,45.1,23.85,eia.gov,false,""
2023-09-19T07:00:00.000000,USA,Midcontinent ISO,US-MIDW-MISO,370.67,428.94,44.2,22.57,eia.gov,false,""
2023-09-19T08:00:00.000000,USA,Midcontinent ISO,US-MIDW-MISO,380.64,440.89,42.22,20.9,eia.gov,false,""
2023-09-19T09:00:00.000000,USA,Midcontinent ISO,US-MIDW-MISO,385.58,446.58,41.39,20.62,eia.gov,false,""
2023-09-19T10:00:00.000000,USA,Midcontinent ISO,US-MIDW-MISO,395.01,457.69,39.63,20.09,eia.gov,false,""
2023-09-19T11:00:00.000000,USA,Midcontinent ISO,US-MIDW-MISO,398.93,462.32,38.97,20.42,eia.gov,false,""
2023-09-19T12:00:00.000000,USA,Midcontinent ISO,US-MIDW-MISO,404.73,468.6,38.34,20.44,eia.gov,false,""
2023-09-19T13:00:00.000000,USA,Midcontinent ISO,US-MIDW-MISO,400.1,463.89,38.9,20.68,eia.gov,false,""
2023-09-19T14:00:00.000000,USA,Midcontinent ISO,US-MIDW-MISO,411.26,477.63,36.52,18.4,eia.gov,false,""
2023-09-19T15:00:00.000000,USA,Midcontinent ISO,US-MIDW-MISO,430.68,498.74,34.09,16.45,eia.gov,false,""
2023-09-19T16:00:00.000000,USA,Midcontinent ISO,US-MIDW-MISO,443.25,512.74,32.28,15.36,eia.gov,false,""
2023-09-19T17:00:00.000000,USA,Midcontinent ISO,US-MIDW-MISO,457.67,528.72,30.25,14.23,eia.gov,false,""
2023-09-19T18:00:00.000000,USA,Midcontinent ISO,US-MIDW-MISO,468.92,540.29,29.26,13.76,eia.gov,false,""
2023-09-19T19:00:00.000000,USA,Midcontinent ISO,US-MIDW-MISO,462.22,531.92,30.9,15.9,eia.gov,false,""
2023-09-19T20:00:00.000000,USA,Midcontinent ISO,US-MIDW-MISO,453.52,522.33,32.1,17.28,eia.gov,false,""
2023-09-19T21:00:00.000000,USA,Midcontinent ISO,US-MIDW-MISO,452.61,521.45,32.13,17.43,eia.gov,false,""
2023-09-19T22:00:00.000000,USA,Midcontinent ISO,US-MIDW-MISO,460.87,531.29,30.45,15.85,eia.gov,false,""
2023-09-19T23:00:00.000000,USA,Midcontinent ISO,US-MIDW-MISO,468.48,539.39,29.48,14.6,eia.gov,false,""
2023-09-20T00:00:00.000000,USA,Midcontinent ISO,US-MIDW-MISO,469.39,540.64,29.03,14.04,eia.gov,false,""
2023-09-20T01:00:00.000000,USA,Midcontinent ISO,US-MIDW-MISO,457.59,526.92,31.01,15.41,eia.gov,false,""
2023-09-20T02:00:00.000000,USA,Midcontinent ISO,US-MIDW-MISO,443.19,510.26,33.45,17.02,eia.gov,false,""
2023-09-20T03:00:00.000000,USA,Midcontinent ISO,US-MIDW-MISO,433.46,498.92,35.14,17.42,eia.gov,false,""
2023-09-20T04:00:00.000000,USA,Midcontinent ISO,US-MIDW-MISO,422.07,486.13,36.84,18.18,eia.gov,false,""
2023-09-20T05:00:00.000000,USA,Midcontinent ISO,US-MIDW-MISO,409.66,471.23,39.34,19.42,eia.gov,false,""
2023-09-20T06:00:00.000000,USA,Midcontinent ISO,US-MIDW-MISO,389.08,448.6,42.1,20.59,eia.gov,false,""
2023-09-20T07:00:00.000000,USA,Midcontinent ISO,US-MIDW-MISO,383.36,442.96,42.43,20.1,eia.gov,false,""
2023-09-20T08:00:00.000000,USA,Midcontinent ISO,US-MIDW-MISO,385.1,445.72,41.63,19.14,eia.gov,false,""
2023-09-20T09:00:00.000000,USA,Midcontinent ISO,US-MIDW-MISO,400.44,463.57,38.93,17.74,eia.gov,false,""
2023-09-20T10:00:00.000000,USA,Midcontinent ISO,US-MIDW-MISO,423.97,489.67,35.64,15.53,eia.gov,false,""
2023-09-20T11:00:00.000000,USA,Midcontinent ISO,US-MIDW-MISO,436.87,503.36,34.36,15.6,eia.gov,false,""
2023-09-20T12:00:00.000000,USA,Midcontinent ISO,US-MIDW-MISO,443.89,511.88,32.97,14.84,eia.gov,false,""
2023-09-20T13:00:00.000000,USA,Midcontinent ISO,US-MIDW-MISO,452.93,522.87,31.17,13.41,eia.gov,false,""
2023-09-20T14:00:00.000000,USA,Midcontinent ISO,US-MIDW-MISO,481.81,554.91,27.22,9.93,eia.gov,false,""
2023-09-20T15:00:00.000000,USA,Midcontinent ISO,US-MIDW-MISO,487.83,561.07,26.79,9.61,eia.gov,false,""
2023-09-20T16:00:00.000000,USA,Midcontinent ISO,US-MIDW-MISO,491.11,565.21,26.03,9.7,eia.gov,false,""
2023-09-20T17:00:00.000000,USA,Midcontinent ISO,US-MIDW-MISO,487.81,561.73,26.39,10.6,eia.gov,false,""
2023-09-20T18:00:00.000000,USA,Midcontinent ISO,US-MIDW-MISO,485.65,559.26,26.76,11.75,eia.gov,false,""
2023-09-20T19:00:00.000000,USA,Midcontinent ISO,US-MIDW-MISO,482.37,554.94,27.69,13.3,eia.gov,false,""
2023-09-20T20:00:00.000000,USA,Midcontinent ISO,US-MIDW-MISO,479.33,551.31,28.33,14.43,eia.gov,false,""
2023-09-20T21:00:00.000000,USA,Midcontinent ISO,US-MIDW-MISO,479.86,551.61,28.4,14.68,eia.gov,false,""
2023-09-20T22:00:00.000000,USA,Midcontinent ISO,US-MIDW-MISO,483.55,555.49,27.92,14.23,eia.gov,false,""
2023-09-20T23:00:00.000000,USA,Midcontinent ISO,US-MIDW-MISO,489.19,561.2,27.33,13.39,eia.gov,false,""
2023-09-21T00:00:00.000000,USA,Midcontinent ISO,US-MIDW-MISO,491.74,563.56,27.15,12.96,eia.gov,false,""
2023-09-21T01:00:00.000000,USA,Midcontinent ISO,US-MIDW-MISO,472.91,541.74,30.34,15.61,eia.gov,false,""
2023-09-21T02:00:00.000000,USA,Midcontinent ISO,US-MIDW-MISO,456.73,523.25,32.94,17.19,eia.gov,false,""
2023-09-21T03:00:00.000000,USA,Midcontinent ISO,US-MIDW-MISO,443.43,508.62,34.62,17.92,eia.gov,false,""
2023-09-21T04:00:00.000000,USA,Midcontinent ISO,US-MIDW-MISO,422.6,486.55,36.85,19.17,eia.gov,false,""
2023-09-21T05:00:00.000000,USA,Midcontinent ISO,US-MIDW-MISO,411.63,474.51,38.31,19.72,eia.gov,false,""
2023-09-21T06:00:00.000000,USA,Midcontinent ISO,US-MIDW-MISO,403.18,465.72,39.13,19.52,eia.gov,false,""
2023-09-21T07:00:00.000000,USA,Midcontinent ISO,US-MIDW-MISO,396.84,460.05,39.12,18.96,eia.gov,false,""
2023-09-21T08:00:00.000000,USA,Midcontinent ISO,US-MIDW-MISO,403.41,468.33,37.54,17.22,eia.gov,false,""
2023-09-21T09:00:00.000000,USA,Midcontinent ISO,US-MIDW-MISO,431.33,498.79,33.98,14.41,eia.gov,false,""
2023-09-21T10:00:00.000000,USA,Midcontinent ISO,US-MIDW-MISO,459.08,528.47,30.84,12.56,eia.gov,false,""
2023-09-21T11:00:00.000000,USA,Midcontinent ISO,US-MIDW-MISO,480.04,549.97,29.15,12.05,eia.gov,false,""
2023-09-21T12:00:00.000000,USA,Midcontinent ISO,US-MIDW-MISO,492.4,562.31,28.35,11.57,eia.gov,false,""
2023-09-21T13:00:00.000000,USA,Midcontinent ISO,US-MIDW-MISO,488.97,559.67,28.19,11.42,eia.gov,false,""
2023-09-21T14:00:00.000000,USA,Midcontinent ISO,US-MIDW-MISO,497.33,569.3,26.87,10.38,eia.gov,false,""
2023-09-21T15:00:00.000000,USA,Midcontinent ISO,US-MIDW-MISO,497.66,569.79,26.77,11.22,eia.gov,false,""
2023-09-21T16:00:00.000000,USA,Midcontinent ISO,US-MIDW-MISO,495.16,567.82,26.59,11.81,eia.gov,false,""
2023-09-21T17:00:00.000000,USA,Midcontinent ISO,US-MIDW-MISO,487.08,559.53,27.31,13.2,eia.gov,false,""
2023-09-21T18:00:00.000000,USA,Midcontinent ISO,US-MIDW-MISO,484.8,557.5,27.31,13.81,eia.gov,false,""
2023-09-21T19:00:00.000000,USA,Midcontinent ISO,US-MIDW-MISO,483.37,556.87,26.89,13.66,eia.gov,false,""
2023-09-21T20:00:00.000000,USA,Midcontinent ISO,US-MIDW-MISO,470.42,543.5,28.08,14.79,eia.gov,false,""
2023-09-21T21:00:00.000000,USA,Midcontinent ISO,US-MIDW-MISO,468.38,541.55,28.13,14.99,eia.gov,false,""
2023-09-21T22:00:00.000000,USA,Midcontinent ISO,US-MIDW-MISO,464.44,536.84,28.84,15.71,eia.gov,false,""
2023-09-21T23:00:00.000000,USA,Midcontinent ISO,US-MIDW-MISO,478.99,551.75,27.49,13.88,eia.gov,false,""
2023-09-22T00:00:00.000000,USA,Midcontinent ISO,US-MIDW-MISO,492.94,566.36,26.04,12.0,eia.gov,false,""
2023-09-22T01:00:00.000000,USA,Midcontinent ISO,US-MIDW-MISO,484.06,556.04,27.54,12.85,eia.gov,false,""
2023-09-22T02:00:00.000000,USA,Midcontinent ISO,US-MIDW-MISO,476.72,546.66,29.31,13.81,eia.gov,false,""
2023-09-22T03:00:00.000000,USA,Midcontinent ISO,US-MIDW-MISO,467.9,537.11,30.32,13.8,eia.gov,false,""
2023-09-22T04:00:00.000000,USA,Midcontinent ISO,US-MIDW-MISO,460.33,529.0,31.19,13.99,eia.gov,false,""
2023-09-22T05:00:00.000000,USA,Midcontinent ISO,US-MIDW-MISO,443.05,510.26,33.33,15.05,eia.gov,false,""
2023-09-22T06:00:00.000000,USA,Midcontinent ISO,US-MIDW-MISO,425.04,491.83,34.82,14.82,eia.gov,false,""
2023-09-22T07:00:00.000000,USA,Midcontinent ISO,US-MIDW-MISO,428.57,496.6,33.77,13.2,eia.gov,false,""
2023-09-22T08:00:00.000000,USA,Midcontinent ISO,US-MIDW-MISO,433.84,502.91,32.73,11.78,eia.gov,false,""
2023-09-22T09:00:00.000000,USA,Midcontinent ISO,US-MIDW-MISO,451.11,521.18,30.9,10.52,eia.gov,false,""
2023-09-22T10:00:00.000000,USA,Midcontinent ISO,US-MIDW-MISO,475.83,547.44,28.21,8.78,eia.gov,false,""
2023-09-22T11:00:00.000000,USA,Midcontinent ISO,US-MIDW-MISO,488.72,560.53,27.31,9.03,eia.gov,false,""
2023-09-22T12:00:00.000000,USA,Midcontinent ISO,US-MIDW-MISO,491.61,562.9,27.52,10.01,eia.gov,false,""
2023-09-22T13:00:00.000000,USA,Midcontinent ISO,US-MIDW-MISO,476.47,547.04,29.14,12.01,eia.gov,false,""
2023-09-22T14:00:00.000000,USA,Midcontinent ISO,US-MIDW-MISO,478.98,550.16,28.67,11.99,eia.gov,false,""
2023-09-22T15:00:00.000000,USA,Midcontinent ISO,US-MIDW-MISO,494.03,565.8,27.28,11.16,eia.gov,false,""
2023-09-22T16:00:00.000000,USA,Midcontinent ISO,US-MIDW-MISO,496.81,568.92,26.91,11.42,eia.gov,false,""
2023-09-22T17:00:00.000000,USA,Midcontinent ISO,US-MIDW-MISO,492.11,564.6,26.94,11.84,eia.gov,false,""
2023-09-22T18:00:00.000000,USA,Midcontinent ISO,US-MIDW-MISO,493.51,566.49,26.51,11.93,eia.gov,false,""
2023-09-22T19:00:00.000000,USA,Midcontinent ISO,US-MIDW-MISO,496.97,570.66,25.83,11.65,eia.gov,false,""
2023-09-22T20:00:00.000000,USA,Midcontinent ISO,US-MIDW-MISO,498.69,572.77,25.47,11.48,eia.gov,false,""
2023-09-22T21:00:00.000000,USA,Midcontinent ISO,US-MIDW-MISO,501.3,575.66,25.09,11.13,eia.gov,false,""
2023-09-22T22:00:00.000000,USA,Midcontinent ISO,US-MIDW-MISO,507.82,582.03,24.67,10.3,eia.gov,false,""
2023-09-22T23:00:00.000000,USA,Midcontinent ISO,US-MIDW-MISO,510.13,584.43,24.32,9.24,eia.gov,false,""
2023-09-23T00:00:00.000000,USA,Midcontinent ISO,US-MIDW-MISO,511.32,585.47,24.29,9.0,eia.gov,false,""
2023-09-23T01:00:00.000000,USA,Midcontinent ISO,US-MIDW-MISO,507.0,580.32,25.05,9.26,eia.gov,false,""
2023-09-23T02:00:00.000000,USA,Midcontinent ISO,US-MIDW-MISO,499.22,571.09,26.47,9.77,eia.gov,false,""
2023-09-23T03:00:00.000000,USA,Midcontinent ISO,US-MIDW-MISO,486.19,556.58,28.31,10.76,eia.gov,false,""
2023-09-23T04:00:00.000000,USA,Midcontinent ISO,US-MIDW-MISO,482.97,553.0,28.77,10.46,eia.gov,false,""
2023-09-23T05:00:00.000000,USA,Midcontinent ISO,US-MIDW-MISO,472.3,540.9,30.45,10.98,eia.gov,false,""
2023-09-23T06:00:00.000000,USA,Midcontinent ISO,US-MIDW-MISO,464.06,531.64,31.69,11.42,eia.gov,false,""
2023-09-23T07:00:00.000000,USA,Midcontinent ISO,US-MIDW-MISO,455.11,522.75,32.26,10.74,eia.gov,false,""
2023-09-23T08:00:00.000000,USA,Midcontinent ISO,US-MIDW-MISO,456.69,524.86,31.81,9.99,eia.gov,false,""
2023-09-23T09:00:00.000000,USA,Midcontinent ISO,US-MIDW-MISO,456.77,524.95,31.79,10.07,eia.gov,false,""
2023-09-23T10:00:00.000000,USA,Midcontinent ISO,US-MIDW-MISO,472.66,541.47,30.32,8.84,eia.gov,false,""
2023-09-23T11:00:00.000000,USA,Midcontinent ISO,US-MIDW-MISO,469.78,537.83,31.04,9.85,eia.gov,false,""
2023-09-23T12:00:00.000000,USA,Midcontinent ISO,US-MIDW-MISO,476.38,544.32,30.74,10.42,eia.gov,false,""
2023-09-23T13:00:00.000000,USA,Midcontinent ISO,US-MIDW-MISO,469.92,538.11,31.2,11.7,eia.gov,false,""
2023-09-23T14:00:00.000000,USA,Midcontinent ISO,US-MIDW-MISO,479.69,549.55,29.55,10.95,eia.gov,false,""
2023-09-23T15:00:00.000000,USA,Midcontinent ISO,US-MIDW-MISO,483.24,553.39,29.11,11.38,eia.gov,false,""
2023-09-23T16:00:00.000000,USA,Midcontinent ISO,US-MIDW-MISO,470.86,540.2,30.43,13.61,eia.gov,false,""
2023-09-23T17:00:00.000000,USA,Midcontinent ISO,US-MIDW-MISO,445.98,512.82,33.76,17.83,eia.gov,false,""
2023-09-23T18:00:00.000000,USA,Midcontinent ISO,US-MIDW-MISO,442.65,509.23,34.13,18.8,eia.gov,false,""
2023-09-23T19:00:00.000000,USA,Midcontinent ISO,US-MIDW-MISO,441.28,507.75,34.31,19.52,eia.gov,false,""
2023-09-23T20:00:00.000000,USA,Midcontinent ISO,US-MIDW-MISO,440.62,507.13,34.4,20.08,eia.gov,false,""
2023-09-23T21:00:00.000000,USA,Midcontinent ISO,US-MIDW-MISO,444.84,511.8,33.79,19.28,eia.gov,false,""
2023-09-23T22:00:00.000000,USA,Midcontinent ISO,US-MIDW-MISO,452.61,520.4,32.61,17.98,eia.gov,false,""
2023-09-23T23:00:00.000000,USA,Midcontinent ISO,US-MIDW-MISO,461.83,530.37,31.32,15.98,eia.gov,false,""
2023-09-24T00:00:00.000000,USA,Midcontinent ISO,US-MIDW-MISO,461.48,529.76,31.41,15.5,eia.gov,false,""
2023-09-24T01:00:00.000000,USA,Midcontinent ISO,US-MIDW-MISO,440.53,506.36,34.41,17.65,eia.gov,false,""
2023-09-24T02:00:00.000000,USA,Midcontinent ISO,US-MIDW-MISO,413.13,476.78,37.69,19.89,eia.gov,false,""
2023-09-24T03:00:00.000000,USA,Midcontinent ISO,US-MIDW-MISO,408.71,472.55,37.86,19.17,eia.gov,false,""
2023-09-24T04:00:00.000000,USA,Midcontinent ISO,US-MIDW-MISO,416.66,480.58,37.28,17.85,eia.gov,false,""
2023-09-24T05:00:00.000000,USA,Midcontinent ISO,US-MIDW-MISO,422.56,485.11,37.83,17.08,eia.gov,false,""
2023-09-24T06:00:00.000000,USA,Midcontinent ISO,US-MIDW-MISO,400.35,461.02,40.6,18.01,eia.gov,false,""
2023-09-24T07:00:00.000000,USA,Midcontinent ISO,US-MIDW-MISO,385.59,445.07,42.38,18.69,eia.gov,false,""
2023-09-24T08:00:00.000000,USA,Midcontinent ISO,US-MIDW-MISO,378.05,437.63,42.82,18.7,eia.gov,false,""
2023-09-24T09:00:00.000000,USA,Midcontinent ISO,US-MIDW-MISO,384.03,444.69,41.69,17.59,eia.gov,false,""
2023-09-24T10:00:00.000000,USA,Midcontinent ISO,US-MIDW-MISO,391.74,454.19,39.98,16.28,eia.gov,false,""
2023-09-24T11:00:00.000000,USA,Midcontinent ISO,US-MIDW-MISO,401.7,465.55,38.42,14.97,eia.gov,false,""
2023-09-24T12:00:00.000000,USA,Midcontinent ISO,US-MIDW-MISO,409.18,474.39,37.11,14.57,eia.gov,false,""
2023-09-24T13:00:00.000000,USA,Midcontinent ISO,US-MIDW-MISO,420.98,487.97,35.28,13.49,eia.gov,false,""
2023-09-24T14:00:00.000000,USA,Midcontinent ISO,US-MIDW-MISO,440.62,510.01,32.42,11.92,eia.gov,false,""
2023-09-24T15:00:00.000000,USA,Midcontinent ISO,US-MIDW-MISO,455.0,525.04,31.03,11.65,eia.gov,false,""
2023-09-24T16:00:00.000000,USA,Midcontinent ISO,US-MIDW-MISO,465.74,536.0,30.16,11.69,eia.gov,false,""
2023-09-24T17:00:00.000000,USA,Midcontinent ISO,US-MIDW-MISO,472.33,542.8,29.55,12.01,eia.gov,false,""
2023-09-24T18:00:00.000000,USA,Midcontinent ISO,US-MIDW-MISO,482.75,553.86,28.39,11.68,eia.gov,false,""
2023-09-24T19:00:00.000000,USA,Midcontinent ISO,US-MIDW-MISO,486.32,557.95,27.79,11.67,eia.gov,false,""
2023-09-24T20:00:00.000000,USA,Midcontinent ISO,US-MIDW-MISO,487.93,559.8,27.53,11.86,eia.gov,false,""
2023-09-24T21:00:00.000000,USA,Midcontinent ISO,US-MIDW-MISO,488.22,559.67,27.87,12.59,eia.gov,false,""
2023-09-24T22:00:00.000000,USA,Midcontinent ISO,US-MIDW-MISO,501.29,574.0,26.1,10.93,eia.gov,false,""
2023-09-24T23:00:00.000000,USA,Midcontinent ISO,US-MIDW-MISO,512.87,586.62,24.55,9.12,eia.gov,false,""
2023-09-25T00:00:00.000000,USA,Midcontinent ISO,US-MIDW-MISO,516.39,590.65,23.89,8.25,eia.gov,false,""
2023-09-25T01:00:00.000000,USA,Midcontinent ISO,US-MIDW-MISO,512.42,586.08,24.45,8.04,eia.gov,false,""
2023-09-25T02:00:00.000000,USA,Midcontinent ISO,US-MIDW-MISO,504.1,576.83,25.6,8.14,eia.gov,false,""
2023-09-25T03:00:00.000000,USA,Midcontinent ISO,US-MIDW-MISO,500.41,572.34,26.35,7.75,eia.gov,false,""
2023-09-25T04:00:00.000000,USA,Midcontinent ISO,US-MIDW-MISO,495.65,567.06,27.02,7.83,eia.gov,false,""
2023-09-25T05:00:00.000000,USA,Midcontinent ISO,US-MIDW-MISO,481.89,552.87,28.24,7.72,eia.gov,false,""
2023-09-25T06:00:00.000000,USA,Midcontinent ISO,US-MIDW-MISO,463.46,533.98,29.79,8.12,eia.gov,false,""
2023-09-25T07:00:00.000000,USA,Midcontinent ISO,US-MIDW-MISO,457.54,528.03,30.2,8.22,eia.gov,false,""
2023-09-25T08:00:00.000000,USA,Midcontinent ISO,US-MIDW-MISO,459.88,530.81,29.74,7.83,eia.gov,false,""
2023-09-25T09:00:00.000000,USA,Midcontinent ISO,US-MIDW-MISO,473.14,544.39,28.65,7.06,eia.gov,false,""
2023-09-25T10:00:00.000000,USA,Midcontinent ISO,US-MIDW-MISO,483.68,556.7,26.77,6.55,eia.gov,false,""
2023-09-25T11:00:00.000000,USA,Midcontinent ISO,US-MIDW-MISO,495.58,569.17,25.64,6.98,eia.gov,false,""
2023-09-25T12:00:00.000000,USA,Midcontinent ISO,US-MIDW-MISO,503.15,576.35,25.46,7.89,eia.gov,false,""
2023-09-25T13:00:00.000000,USA,Midcontinent ISO,US-MIDW-MISO,510.65,584.37,24.7,7.67,eia.gov,false,""
2023-09-25T14:00:00.000000,USA,Midcontinent ISO,US-MIDW-MISO,511.97,586.01,24.53,7.85,eia.gov,false,""
2023-09-25T15:00:00.000000,USA,Midcontinent ISO,US-MIDW-MISO,510.78,585.38,24.23,8.11,eia.gov,false,""
2023-09-25T16:00:00.000000,USA,Midcontinent ISO,US-MIDW-MISO,508.98,583.62,24.29,8.73,eia.gov,false,""
2023-09-25T17:00:00.000000,USA,Midcontinent ISO,US-MIDW-MISO,501.96,576.7,24.74,9.82,eia.gov,false,""
2023-09-25T18:00:00.000000,USA,Midcontinent ISO,US-MIDW-MISO,498.2,573.18,24.86,10.41,eia.gov,false,""
2023-09-25T19:00:00.000000,USA,Midcontinent ISO,US-MIDW-MISO,493.22,567.95,25.38,11.11,eia.gov,false,""
2023-09-25T20:00:00.000000,USA,Midcontinent ISO,US-MIDW-MISO,486.0,560.24,26.25,12.21,eia.gov,false,""
2023-09-25T21:00:00.000000,USA,Midcontinent ISO,US-MIDW-MISO,488.05,562.52,25.91,11.95,eia.gov,false,""
2023-09-25T22:00:00.000000,USA,Midcontinent ISO,US-MIDW-MISO,492.3,567.08,25.36,11.2,eia.gov,false,""
2023-09-25T23:00:00.000000,USA,Midcontinent ISO,US-MIDW-MISO,501.23,577.09,23.96,9.47,eia.gov,false,""
2023-09-26T00:00:00.000000,USA,Midcontinent ISO,US-MIDW-MISO,509.96,586.48,22.83,8.13,eia.gov,false,""
2023-09-26T01:00:00.000000,USA,Midcontinent ISO,US-MIDW-MISO,515.02,591.23,22.57,7.18,eia.gov,false,""
2023-09-26T02:00:00.000000,USA,Midcontinent ISO,US-MIDW-MISO,514.62,589.64,23.38,7.18,eia.gov,false,""
2023-09-26T03:00:00.000000,USA,Midcontinent ISO,US-MIDW-MISO,509.34,583.45,24.31,6.99,eia.gov,false,""
2023-09-26T04:00:00.000000,USA,Midcontinent ISO,US-MIDW-MISO,504.3,577.41,25.32,7.2,eia.gov,false,""
2023-09-26T05:00:00.000000,USA,Midcontinent ISO,US-MIDW-MISO,489.22,561.21,27.09,7.87,eia.gov,false,""
2023-09-26T06:00:00.000000,USA,Midcontinent ISO,US-MIDW-MISO,471.91,544.38,27.92,7.26,eia.gov,false,""
2023-09-26T07:00:00.000000,USA,Midcontinent ISO,US-MIDW-MISO,464.93,537.25,28.49,7.15,eia.gov,false,""
2023-09-26T08:00:00.000000,USA,Midcontinent ISO,US-MIDW-MISO,468.2,540.5,28.29,7.11,eia.gov,false,""
2023-09-26T09:00:00.000000,USA,Midcontinent ISO,US-MIDW-MISO,484.25,556.64,27.15,6.89,eia.gov,false,""
2023-09-26T10:00:00.000000,USA,Midcontinent ISO,US-MIDW-MISO,496.92,570.61,25.43,6.73,eia.gov,false,""
2023-09-26T11:00:00.000000,USA,Midcontinent ISO,US-MIDW-MISO,498.36,573.11,24.67,7.07,eia.gov,false,""
2023-09-26T12:00:00.000000,USA,Midcontinent ISO,US-MIDW-MISO,504.57,579.43,24.19,7.1,eia.gov,false,""
2023-09-26T13:00:00.000000,USA,Midcontinent ISO,US-MIDW-MISO,500.54,575.42,24.56,7.87,eia.gov,false,""
2023-09-26T14:00:00.000000,USA,Midcontinent ISO,US-MIDW-MISO,504.37,580.23,23.72,7.31,eia.gov,false,""
2023-09-26T15:00:00.000000,USA,Midcontinent ISO,US-MIDW-MISO,508.79,584.98,23.24,7.54,eia.gov,false,""
2023-09-26T16:00:00.000000,USA,Midcontinent ISO,US-MIDW-MISO,504.6,581.28,23.18,7.87,eia.gov,false,""
2023-09-26T17:00:00.000000,USA,Midcontinent ISO,US-MIDW-MISO,501.57,579.18,22.74,8.04,eia.gov,false,""
2023-09-26T18:00:00.000000,USA,Midcontinent ISO,US-MIDW-MISO,498.0,575.75,22.93,8.7,eia.gov,false,""
2023-09-26T19:00:00.000000,USA,Midcontinent ISO,US-MIDW-MISO,494.56,572.62,22.94,8.87,eia.gov,false,""
2023-09-26T20:00:00.000000,USA,Midcontinent ISO,US-MIDW-MISO,492.75,570.96,22.96,8.86,eia.gov,false,""
2023-09-26T21:00:00.000000,USA,Midcontinent ISO,US-MIDW-MISO,489.48,567.35,23.38,9.34,eia.gov,false,""
2023-09-26T22:00:00.000000,USA,Midcontinent ISO,US-MIDW-MISO,487.25,564.83,23.67,9.38,eia.gov,false,""
2023-09-26T23:00:00.000000,USA,Midcontinent ISO,US-MIDW-MISO,492.49,570.45,22.97,8.42,eia.gov,false,""
2023-09-27T00:00:00.000000,USA,Midcontinent ISO,US-MIDW-MISO,498.87,576.37,22.82,8.19,eia.gov,false,""
2023-09-27T01:00:00.000000,USA,Midcontinent ISO,US-MIDW-MISO,496.35,571.75,24.33,9.05,eia.gov,false,""
2023-09-27T02:00:00.000000,USA,Midcontinent ISO,US-MIDW-MISO,490.35,563.67,26.09,10.06,eia.gov,false,""
2023-09-27T03:00:00.000000,USA,Midcontinent ISO,US-MIDW-MISO,477.59,549.51,27.89,10.77,eia.gov,false,""
2023-09-27T04:00:00.000000,USA,Midcontinent ISO,US-MIDW-MISO,467.33,538.74,28.94,11.03,eia.gov,false,""
2023-09-27T05:00:00.000000,USA,Midcontinent ISO,US-MIDW-MISO,453.08,522.97,30.91,11.45,eia.gov,false,""
2023-09-27T06:00:00.000000,USA,Midcontinent ISO,US-MIDW-MISO,438.15,507.93,31.99,11.16,eia.gov,false,""
2023-09-27T07:00:00.000000,USA,Midcontinent ISO,US-MIDW-MISO,433.95,504.42,31.81,10.43,eia.gov,false,""
2023-09-27T08:00:00.000000,USA,Midcontinent ISO,US-MIDW-MISO,438.39,509.71,30.94,9.51,eia.gov,false,""
2023-09-27T09:00:00.000000,USA,Midcontinent ISO,US-MIDW-MISO,460.9,533.6,28.5,8.18,eia.gov,false,""
2023-09-27T10:00:00.000000,USA,Midcontinent ISO,US-MIDW-MISO,485.36,558.91,26.29,7.29,eia.gov,false,""
2023-09-27T11:00:00.000000,USA,Midcontinent ISO,US-MIDW-MISO,499.33,573.68,24.82,6.81,eia.gov,false,""
2023-09-27T12:00:00.000000,USA,Midcontinent ISO,US-MIDW-MISO,506.63,580.85,24.43,6.89,eia.gov,false,""
2023-09-27T13:00:00.000000,USA,Midcontinent ISO,US-MIDW-MISO,506.27,580.44,24.58,7.34,eia.gov,false,""
2023-09-27T14:00:00.000000,USA,Midcontinent ISO,US-MIDW-MISO,505.07,579.91,24.29,7.46,eia.gov,false,""
2023-09-27T15:00:00.000000,USA,Midcontinent ISO,US-MIDW-MISO,509.57,584.88,23.71,7.51,eia.gov,false,""
2023-09-27T16:00:00.000000,USA,Midcontinent ISO,US-MIDW-MISO,509.69,585.83,23.17,7.95,eia.gov,false,""
2023-09-27T17:00:00.000000,USA,Midcontinent ISO,US-MIDW-MISO,503.11,579.72,23.3,8.43,eia.gov,false,""
2023-09-27T18:00:00.000000,USA,Midcontinent ISO,US-MIDW-MISO,501.24,578.9,22.73,8.42,eia.gov,false,""
2023-09-27T19:00:00.000000,USA,Midcontinent ISO,US-MIDW-MISO,501.12,579.47,22.28,8.31,eia.gov,false,""
2023-09-27T20:00:00.000000,USA,Midcontinent ISO,US-MIDW-MISO,498.52,576.85,22.51,8.87,eia.gov,false,""
2023-09-27T21:00:00.000000,USA,Midcontinent ISO,US-MIDW-MISO,498.19,576.41,22.58,9.09,eia.gov,false,""
2023-09-27T22:00:00.000000,USA,Midcontinent ISO,US-MIDW-MISO,499.43,577.6,22.47,8.85,eia.gov,false,""
2023-09-27T23:00:00.000000,USA,Midcontinent ISO,US-MIDW-MISO,506.94,585.02,21.94,7.94,eia.gov,false,""
2023-09-28T00:00:00.000000,USA,Midcontinent ISO,US-MIDW-MISO,511.33,588.66,22.1,7.74,eia.gov,false,""
2023-09-28T01:00:00.000000,USA,Midcontinent ISO,US-MIDW-MISO,505.12,580.16,24.02,9.32,eia.gov,false,""
2023-09-28T02:00:00.000000,USA,Midcontinent ISO,US-MIDW-MISO,491.54,563.88,26.68,10.84,eia.gov,false,""
2023-09-28T03:00:00.000000,USA,Midcontinent ISO,US-MIDW-MISO,473.34,543.66,29.26,12.44,eia.gov,false,""
2023-09-28T04:00:00.000000,USA,Midcontinent ISO,US-MIDW-MISO,453.16,522.39,31.35,13.74,eia.gov,false,""
2023-09-28T05:00:00.000000,USA,Midcontinent ISO,US-MIDW-MISO,443.82,511.9,32.73,14.21,eia.gov,false,""
2023-09-28T06:00:00.000000,USA,Midcontinent ISO,US-MIDW-MISO,420.52,487.22,35.22,14.95,eia.gov,false,""
2023-09-28T07:00:00.000000,USA,Midcontinent ISO,US-MIDW-MISO,411.27,478.42,35.55,15.02,eia.gov,false,""
2023-09-28T08:00:00.000000,USA,Midcontinent ISO,US-MIDW-MISO,409.2,475.95,35.96,15.06,eia.gov,false,""
2023-09-28T09:00:00.000000,USA,Midcontinent ISO,US-MIDW-MISO,419.8,488.2,34.14,13.72,eia.gov,false,""
2023-09-28T10:00:00.000000,USA,Midcontinent ISO,US-MIDW-MISO,444.67,514.45,31.54,12.62,eia.gov,false,""
2023-09-28T11:00:00.000000,USA,Midcontinent ISO,US-MIDW-MISO,456.92,527.01,30.56,12.81,eia.gov,false,""
2023-09-28T12:00:00.000000,USA,Midcontinent ISO,US-MIDW-MISO,466.15,536.1,30.04,13.02,eia.gov,false,""
2023-09-28T13:00:00.000000,USA,Midcontinent ISO,US-MIDW-MISO,462.93,533.23,30.09,13.62,eia.gov,false,""
2023-09-28T14:00:00.000000,USA,Midcontinent ISO,US-MIDW-MISO,472.28,543.41,28.98,12.69,eia.gov,false,""
2023-09-28T15:00:00.000000,USA,Midcontinent ISO,US-MIDW-MISO,470.22,540.9,29.45,13.78,eia.gov,false,""
2023-09-28T16:00:00.000000,USA,Midcontinent ISO,US-MIDW-MISO,457.59,527.23,31.0,15.71,eia.gov,false,""
2023-09-28T17:00:00.000000,USA,Midcontinent ISO,US-MIDW-MISO,449.69,519.14,31.64,16.83,eia.gov,false,""
2023-09-28T18:00:00.000000,USA,Midcontinent ISO,US-MIDW-MISO,448.04,517.46,31.74,17.27,eia.gov,false,""
2023-09-28T19:00:00.000000,USA,Midcontinent ISO,US-MIDW-MISO,443.25,512.86,31.94,17.74,eia.gov,false,""
2023-09-28T20:00:00.000000,USA,Midcontinent ISO,US-MIDW-MISO,439.13,508.54,32.38,18.26,eia.gov,false,""
2023-09-28T21:00:00.000000,USA,Midcontinent ISO,US-MIDW-MISO,439.19,508.65,32.35,18.57,eia.gov,false,""
2023-09-28T22:00:00.000000,USA,Midcontinent ISO,US-MIDW-MISO,442.67,512.3,31.95,18.05,eia.gov,false,""
2023-09-28T23:00:00.000000,USA,Midcontinent ISO,US-MIDW-MISO,449.06,519.56,30.87,16.65,eia.gov,false,""
2023-09-29T00:00:00.000000,USA,Midcontinent ISO,US-MIDW-MISO,450.46,520.67,30.9,16.54,eia.gov,false,""
2023-09-29T01:00:00.000000,USA,Midcontinent ISO,US-MIDW-MISO,442.74,510.69,32.92,18.03,eia.gov,false,""
2023-09-29T02:00:00.000000,USA,Midcontinent ISO,US-MIDW-MISO,427.07,492.57,35.54,19.71,eia.gov,false,""
2023-09-29T03:00:00.000000,USA,Midcontinent ISO,US-MIDW-MISO,413.53,477.94,37.16,20.26,eia.gov,false,""
2023-09-29T04:00:00.000000,USA,Midcontinent ISO,US-MIDW-MISO,398.04,461.57,38.8,21.08,eia.gov,false,""
2023-09-29T05:00:00.000000,USA,Midcontinent ISO,US-MIDW-MISO,384.48,446.38,40.8,22.0,eia.gov,false,""
2023-09-29T06:00:00.000000,USA,Midcontinent ISO,US-MIDW-MISO,371.63,431.7,42.89,23.17,eia.gov,false,""
2023-09-29T07:00:00.000000,USA,Midcontinent ISO,US-MIDW-MISO,362.48,422.0,43.86,23.61,eia.gov,false,""
2023-09-29T08:00:00.000000,USA,Midcontinent ISO,US-MIDW-MISO,362.03,422.39,43.32,22.99,eia.gov,false,""
2023-09-29T09:00:00.000000,USA,Midcontinent ISO,US-MIDW-MISO,363.51,425.0,42.47,22.37,eia.gov,false,""
2023-09-29T10:00:00.000000,USA,Midcontinent ISO,US-MIDW-MISO,370.74,434.06,40.76,21.58,eia.gov,false,""
2023-09-29T11:00:00.000000,USA,Midcontinent ISO,US-MIDW-MISO,382.03,447.29,38.75,21.31,eia.gov,false,""
2023-09-29T12:00:00.000000,USA,Midcontinent ISO,US-MIDW-MISO,394.59,460.01,37.83,20.96,eia.gov,false,""
2023-09-29T13:00:00.000000,USA,Midcontinent ISO,US-MIDW-MISO,402.37,467.93,37.34,20.86,eia.gov,false,""
2023-09-29T14:00:00.000000,USA,Midcontinent ISO,US-MIDW-MISO,409.11,476.49,35.8,19.64,eia.gov,false,""
2023-09-29T15:00:00.000000,USA,Midcontinent ISO,US-MIDW-MISO,440.55,511.05,31.68,15.91,eia.gov,false,""
2023-09-29T16:00:00.000000,USA,Midcontinent ISO,US-MIDW-MISO,464.6,537.48,28.5,13.09,eia.gov,false,""
2023-09-29T17:00:00.000000,USA,Midcontinent ISO,US-MIDW-MISO,470.03,544.22,27.24,12.08,eia.gov,false,""
2023-09-29T18:00:00.000000,USA,Midcontinent ISO,US-MIDW-MISO,460.21,534.1,28.1,13.42,eia.gov,false,""
2023-09-29T19:00:00.000000,USA,Midcontinent ISO,US-MIDW-MISO,447.3,520.07,29.76,15.6,eia.gov,false,""
2023-09-29T20:00:00.000000,USA,Midcontinent ISO,US-MIDW-MISO,443.68,515.74,30.52,16.82,eia.gov,false,""
2023-09-29T21:00:00.000000,USA,Midcontinent ISO,US-MIDW-MISO,443.13,514.91,30.71,17.4,eia.gov,false,""
2023-09-29T22:00:00.000000,USA,Midcontinent ISO,US-MIDW-MISO,448.48,520.2,30.28,16.92,eia.gov,false,""
2023-09-29T23:00:00.000000,USA,Midcontinent ISO,US-MIDW-MISO,448.59,520.02,30.33,16.5,eia.gov,false,""
2023-09-30T00:00:00.000000,USA,Midcontinent ISO,US-MIDW-MISO,440.53,510.38,31.82,17.69,eia.gov,false,""
2023-09-30T01:00:00.000000,USA,Midcontinent ISO,US-MIDW-MISO,426.23,493.34,34.56,19.83,eia.gov,false,""
2023-09-30T02:00:00.000000,USA,Midcontinent ISO,US-MIDW-MISO,415.12,480.64,36.33,21.25,eia.gov,false,""
2023-09-30T03:00:00.000000,USA,Midcontinent ISO,US-MIDW-MISO,401.78,466.05,38.02,22.69,eia.gov,false,""
2023-09-30T04:00:00.000000,USA,Midcontinent ISO,US-MIDW-MISO,399.9,463.45,38.62,23.21,eia.gov,false,""
2023-09-30T05:00:00.000000,USA,Midcontinent ISO,US-MIDW-MISO,392.41,454.32,40.23,23.99,eia.gov,false,""
2023-09-30T06:00:00.000000,USA,Midcontinent ISO,US-MIDW-MISO,385.82,447.54,40.83,23.42,eia.gov,false,""
2023-09-30T07:00:00.000000,USA,Midcontinent ISO,US-MIDW-MISO,384.42,446.02,41.01,23.0,eia.gov,false,""
2023-09-30T08:00:00.000000,USA,Midcontinent ISO,US-MIDW-MISO,383.04,444.57,41.16,22.96,eia.gov,false,""
2023-09-30T09:00:00.000000,USA,Midcontinent ISO,US-MIDW-MISO,388.83,450.63,40.58,22.93,eia.gov,false,""
2023-09-30T10:00:00.000000,USA,Midcontinent ISO,US-MIDW-MISO,394.21,457.07,39.52,22.23,eia.gov,false,""
2023-09-30T11:00:00.000000,USA,Midcontinent ISO,US-MIDW-MISO,396.1,460.3,38.54,21.53,eia.gov,false,""
2023-09-30T12:00:00.000000,USA,Midcontinent ISO,US-MIDW-MISO,404.66,469.5,37.6,20.89,eia.gov,false,""
2023-09-30T13:00:00.000000,USA,Midcontinent ISO,US-MIDW-MISO,412.5,479.2,36.06,19.76,eia.gov,false,""
2023-09-30T14:00:00.000000,USA,Midcontinent ISO,US-MIDW-MISO,438.22,507.56,32.68,16.72,eia.gov,false,""
2023-09-30T15:00:00.000000,USA,Midcontinent ISO,US-MIDW-MISO,454.34,525.18,30.61,15.28,eia.gov,false,""
2023-09-30T16:00:00.000000,USA,Midcontinent ISO,US-MIDW-MISO,466.68,538.73,28.93,14.23,eia.gov,false,""
2023-09-30T17:00:00.000000,USA,Midcontinent ISO,US-MIDW-MISO,474.21,547.66,27.45,13.4,eia.gov,false,""
2023-09-30T18:00:00.000000,USA,Midcontinent ISO,US-MIDW-MISO,470.41,543.2,28.11,14.67,eia.gov,false,""
2023-09-30T19:00:00.000000,USA,Midcontinent ISO,US-MIDW-MISO,451.92,522.99,30.5,17.64,eia.gov,false,""
2023-09-30T20:00:00.000000,USA,Midcontinent ISO,US-MIDW-MISO,444.82,515.05,31.5,19.18,eia.gov,false,""
2023-09-30T21:00:00.000000,USA,Midcontinent ISO,US-MIDW-MISO,442.43,512.12,31.99,19.94,eia.gov,false,""
2023-09-30T22:00:00.000000,USA,Midcontinent ISO,US-MIDW-MISO,450.16,520.34,31.03,18.99,eia.gov,false,""
2023-09-30T23:00:00.000000,USA,Midcontinent ISO,US-MIDW-MISO,461.59,532.78,29.48,16.89,eia.gov,false,""
2023-10-01T00:00:00.000000,USA,Midcontinent ISO,US-MIDW-MISO,461.13,530.86,30.42,17.56,eia.gov,false,""
2023-10-01T01:00:00.000000,USA,Midcontinent ISO,US-MIDW-MISO,443.43,509.64,33.93,20.49,eia.gov,false,""
2023-10-01T02:00:00.000000,USA,Midcontinent ISO,US-MIDW-MISO,420.12,483.88,37.11,22.83,eia.gov,false,""
2023-10-01T03:00:00.000000,USA,Midcontinent ISO,US-MIDW-MISO,403.04,464.72,39.64,24.48,eia.gov,false,""
2023-10-01T04:00:00.000000,USA,Midcontinent ISO,US-MIDW-MISO,378.09,438.48,42.17,26.27,eia.gov,false,""
2023-10-01T05:00:00.000000,USA,Midcontinent ISO,US-MIDW-MISO,363.78,422.25,44.42,27.4,eia.gov,false,""
2023-10-01T06:00:00.000000,USA,Midcontinent ISO,US-MIDW-MISO,357.67,415.14,45.51,27.35,eia.gov,false,""
2023-10-01T07:00:00.000000,USA,Midcontinent ISO,US-MIDW-MISO,357.88,414.99,45.75,27.1,eia.gov,false,""
2023-10-01T08:00:00.000000,USA,Midcontinent ISO,US-MIDW-MISO,363.15,420.42,45.31,26.24,eia.gov,false,""
2023-10-01T09:00:00.000000,USA,Midcontinent ISO,US-MIDW-MISO,365.91,423.09,45.19,25.61,eia.gov,false,""
2023-10-01T10:00:00.000000,USA,Midcontinent ISO,US-MIDW-MISO,370.55,428.24,44.55,24.92,eia.gov,false,""
2023-10-01T11:00:00.000000,USA,Midcontinent ISO,US-MIDW-MISO,373.01,430.98,44.21,24.66,eia.gov,false,""
2023-10-01T12:00:00.000000,USA,Midcontinent ISO,US-MIDW-MISO,370.54,428.46,44.47,25.63,eia.gov,false,""
2023-10-01T13:00:00.000000,USA,Midcontinent ISO,US-MIDW-MISO,370.15,429.84,43.55,25.53,eia.gov,false,""
2023-10-01T14:00:00.000000,USA,Midcontinent ISO,US-MIDW-MISO,398.79,462.93,38.77,21.8,eia.gov,false,""
2023-10-01T15:00:00.000000,USA,Midcontinent ISO,US-MIDW-MISO,412.21,478.08,36.72,20.97,eia.gov,false,""
2023-10-01T16:00:00.000000,USA,Midcontinent ISO,US-MIDW-MISO,425.24,493.04,34.53,19.97,eia.gov,false,""
2023-10-01T17:00:00.000000,USA,Midcontinent ISO,US-MIDW-MISO,440.28,509.72,32.39,18.74,eia.gov,false,""
2023-10-01T18:00:00.000000,USA,Midcontinent ISO,US-MIDW-MISO,439.68,508.75,32.65,19.69,eia.gov,false,""
2023-10-01T19:00:00.000000,USA,Midcontinent ISO,US-MIDW-MISO,441.34,510.48,32.5,20.14,eia.gov,false,""
2023-10-01T20:00:00.000000,USA,Midcontinent ISO,US-MIDW-MISO,440.44,509.92,32.35,20.47,eia.gov,false,""
2023-10-01T21:00:00.000000,USA,Midcontinent ISO,US-MIDW-MISO,442.2,511.7,32.19,20.57,eia.gov,false,""
2023-10-01T22:00:00.000000,USA,Midcontinent ISO,US-MIDW-MISO,453.42,524.15,30.48,18.87,eia.gov,false,""
2023-10-01T23:00:00.000000,USA,Midcontinent ISO,US-MIDW-MISO,467.63,539.71,28.51,16.31,eia.gov,false,""
2023-10-02T00:00:00.000000,USA,Midcontinent ISO,US-MIDW-MISO,462.26,532.95,29.74,17.16,eia.gov,false,""
2023-10-02T01:00:00.000000,USA,Midcontinent ISO,US-MIDW-MISO,452.98,520.63,32.34,19.4,eia.gov,false,""
2023-10-02T02:00:00.000000,USA,Midcontinent ISO,US-MIDW-MISO,431.79,496.76,35.53,21.6,eia.gov,false,""
2023-10-02T03:00:00.000000,USA,Midcontinent ISO,US-MIDW-MISO,411.54,474.85,38.0,23.4,eia.gov,false,""
2023-10-02T04:00:00.000000,USA,Midcontinent ISO,US-MIDW-MISO,395.81,457.56,40.1,24.48,eia.gov,false,""
2023-10-02T05:00:00.000000,USA,Midcontinent ISO,US-MIDW-MISO,387.55,448.54,41.17,24.82,eia.gov,false,""
2023-10-02T06:00:00.000000,USA,Midcontinent ISO,US-MIDW-MISO,378.81,438.63,42.54,25.44,eia.gov,false,""
2023-10-02T07:00:00.000000,USA,Midcontinent ISO,US-MIDW-MISO,376.33,436.09,42.75,25.15,eia.gov,false,""
2023-10-02T08:00:00.000000,USA,Midcontinent ISO,US-MIDW-MISO,377.77,438.27,42.17,24.35,eia.gov,false,""
2023-10-02T09:00:00.000000,USA,Midcontinent ISO,US-MIDW-MISO,381.2,442.85,41.18,23.31,eia.gov,false,""
2023-10-02T10:00:00.000000,USA,Midcontinent ISO,US-MIDW-MISO,404.82,469.1,37.84,20.8,eia.gov,false,""
2023-10-02T11:00:00.000000,USA,Midcontinent ISO,US-MIDW-MISO,422.88,489.76,34.96,19.1,eia.gov,false,""
2023-10-02T12:00:00.000000,USA,Midcontinent ISO,US-MIDW-MISO,435.07,502.93,33.54,18.3,eia.gov,false,""
2023-10-02T13:00:00.000000,USA,Midcontinent ISO,US-MIDW-MISO,430.74,499.05,33.75,18.65,eia.gov,false,""
2023-10-02T14:00:00.000000,USA,Midcontinent ISO,US-MIDW-MISO,448.76,519.84,30.86,16.32,eia.gov,false,""
2023-10-02T15:00:00.000000,USA,Midcontinent ISO,US-MIDW-MISO,460.96,533.5,29.08,15.41,eia.gov,false,""
2023-10-02T16:00:00.000000,USA,Midcontinent ISO,US-MIDW-MISO,461.84,534.73,28.73,16.03,eia.gov,false,""
2023-10-02T17:00:00.000000,USA,Midcontinent ISO,US-MIDW-MISO,462.86,536.71,27.98,16.02,eia.gov,false,""
2023-10-02T18:00:00.000000,USA,Midcontinent ISO,US-MIDW-MISO,459.3,533.13,28.24,16.66,eia.gov,false,""
2023-10-02T19:00:00.000000,USA,Midcontinent ISO,US-MIDW-MISO,460.29,534.75,27.75,16.8,eia.gov,false,""
2023-10-02T20:00:00.000000,USA,Midcontinent ISO,US-MIDW-MISO,459.38,534.25,27.54,16.99,eia.gov,false,""
2023-10-02T21:00:00.000000,USA,Midcontinent ISO,US-MIDW-MISO,459.22,533.77,27.74,17.45,eia.gov,false,""
2023-10-02T22:00:00.000000,USA,Midcontinent ISO,US-MIDW-MISO,466.79,542.02,26.67,16.12,eia.gov,false,""
2023-10-02T23:00:00.000000,USA,Midcontinent ISO,US-MIDW-MISO,481.56,558.43,24.45,13.74,eia.gov,false,""
2023-10-03T00:00:00.000000,USA,Midcontinent ISO,US-MIDW-MISO,480.23,555.0,25.86,14.53,eia.gov,false,""
2023-10-03T01:00:00.000000,USA,Midcontinent ISO,US-MIDW-MISO,460.97,531.22,30.15,18.16,eia.gov,false,""
2023-10-03T02:00:00.000000,USA,Midcontinent ISO,US-MIDW-MISO,436.62,503.09,34.29,21.61,eia.gov,false,""
2023-10-03T03:00:00.000000,USA,Midcontinent ISO,US-MIDW-MISO,426.67,490.63,36.55,22.91,eia.gov,false,""
2023-10-03T04:00:00.000000,USA,Midcontinent ISO,US-MIDW-MISO,417.63,479.17,38.79,24.15,eia.gov,false,""
2023-10-03T05:00:00.000000,USA,Midcontinent ISO,US-MIDW-MISO,398.2,457.49,41.6,25.64,eia.gov,false,""
2023-10-03T06:00:00.000000,USA,Midcontinent ISO,US-MIDW-MISO,382.06,440.45,43.28,26.26,eia.gov,false,""
2023-10-03T07:00:00.000000,USA,Midcontinent ISO,US-MIDW-MISO,378.09,436.87,43.3,25.76,eia.gov,false,""
2023-10-03T08:00:00.000000,USA,Midcontinent ISO,US-MIDW-MISO,382.8,442.0,42.72,25.0,eia.gov,false,""
2023-10-03T09:00:00.000000,USA,Midcontinent ISO,US-MIDW-MISO,385.38,446.3,41.39,24.05,eia.gov,false,""
2023-10-03T10:00:00.000000,USA,Midcontinent ISO,US-MIDW-MISO,398.3,461.69,38.86,22.2,eia.gov,false,""
2023-10-03T11:00:00.000000,USA,Midcontinent ISO,US-MIDW-MISO,414.68,479.19,37.08,21.84,eia.gov,false,""
2023-10-03T12:00:00.000000,USA,Midcontinent ISO,US-MIDW-MISO,415.75,479.93,37.27,22.2,eia.gov,false,""
2023-10-03T13:00:00.000000,USA,Midcontinent ISO,US-MIDW-MISO,412.43,476.16,37.98,23.38,eia.gov,false,""
2023-10-03T14:00:00.000000,USA,Midcontinent ISO,US-MIDW-MISO,422.66,488.16,36.22,22.21,eia.gov,false,""
2023-10-03T15:00:00.000000,USA,Midcontinent ISO,US-MIDW-MISO,425.35,492.4,34.98,21.79,eia.gov,false,""
2023-10-03T16:00:00.000000,USA,Midcontinent ISO,US-MIDW-MISO,425.6,493.54,34.33,21.98,eia.gov,false,""
2023-10-03T17:00:00.000000,USA,Midcontinent ISO,US-MIDW-MISO,426.63,495.14,33.85,22.22,eia.gov,false,""
2023-10-03T18:00:00.000000,USA,Midcontinent ISO,US-MIDW-MISO,423.64,492.4,33.88,22.86,eia.gov,false,""
2023-10-03T19:00:00.000000,USA,Midcontinent ISO,US-MIDW-MISO,430.12,499.05,33.32,22.79,eia.gov,false,""
2023-10-03T20:00:00.000000,USA,Midcontinent ISO,US-MIDW-MISO,438.4,508.08,32.24,22.19,eia.gov,false,""
2023-10-03T21:00:00.000000,USA,Midcontinent ISO,US-MIDW-MISO,439.67,510.38,31.49,21.57,eia.gov,false,""
2023-10-03T22:00:00.000000,USA,Midcontinent ISO,US-MIDW-MISO,446.95,518.62,30.25,20.14,eia.gov,false,""
2023-10-03T23:00:00.000000,USA,Midcontinent ISO,US-MIDW-MISO,462.32,535.08,28.34,17.85,eia.gov,false,""
2023-10-04T00:00:00.000000,USA,Midcontinent ISO,US-MIDW-MISO,459.34,530.42,29.66,18.82,eia.gov,false,""
2023-10-04T01:00:00.000000,USA,Midcontinent ISO,US-MIDW-MISO,442.14,509.46,33.28,21.67,eia.gov,false,""
2023-10-04T02:00:00.000000,USA,Midcontinent ISO,US-MIDW-MISO,421.19,485.17,36.91,24.42,eia.gov,false,""
2023-10-04T03:00:00.000000,USA,Midcontinent ISO,US-MIDW-MISO,424.32,487.42,37.27,23.77,eia.gov,false,""
2023-10-04T04:00:00.000000,USA,Midcontinent ISO,US-MIDW-MISO,420.32,483.06,37.8,23.39,eia.gov,false,""
2023-10-04T05:00:00.000000,USA,Midcontinent ISO,US-MIDW-MISO,392.4,452.44,41.48,26.07,eia.gov,false,""
2023-10-04T06:00:00.000000,USA,Midcontinent ISO,US-MIDW-MISO,359.28,416.54,45.55,29.18,eia.gov,false,""
2023-10-04T07:00:00.000000,USA,Midcontinent ISO,US-MIDW-MISO,347.93,404.0,47.11,30.17,eia.gov,false,""
2023-10-04T08:00:00.000000,USA,Midcontinent ISO,US-MIDW-MISO,349.28,405.4,46.99,30.08,eia.gov,false,""
2023-10-04T09:00:00.000000,USA,Midcontinent ISO,US-MIDW-MISO,356.52,414.19,45.46,28.86,eia.gov,false,""
2023-10-04T10:00:00.000000,USA,Midcontinent ISO,US-MIDW-MISO,380.67,442.79,40.87,24.68,eia.gov,false,""
2023-10-04T11:00:00.000000,USA,Midcontinent ISO,US-MIDW-MISO,416.72,482.74,35.91,20.67,eia.gov,false,""
2023-10-04T12:00:00.000000,USA,Midcontinent ISO,US-MIDW-MISO,443.0,510.69,33.06,18.45,eia.gov,false,""
2023-10-04T13:00:00.000000,USA,Midcontinent ISO,US-MIDW-MISO,456.94,525.79,31.47,17.0,eia.gov,false,""
2023-10-04T14:00:00.000000,USA,Midcontinent ISO,US-MIDW-MISO,460.63,529.99,30.98,17.11,eia.gov,false,""
2023-10-04T15:00:00.000000,USA,Midcontinent ISO,US-MIDW-MISO,454.29,523.72,31.42,18.19,eia.gov,false,""
2023-10-04T16:00:00.000000,USA,Midcontinent ISO,US-MIDW-MISO,455.35,525.7,30.72,18.2,eia.gov,false,""
2023-10-04T17:00:00.000000,USA,Midcontinent ISO,US-MIDW-MISO,458.5,529.75,29.87,17.78,eia.gov,false,""
2023-10-04T18:00:00.000000,USA,Midcontinent ISO,US-MIDW-MISO,462.24,534.12,29.17,17.44,eia.gov,false,""
2023-10-04T19:00:00.000000,USA,Midcontinent ISO,US-MIDW-MISO,462.03,533.98,29.11,17.84,eia.gov,false,""
2023-10-04T20:00:00.000000,USA,Midcontinent ISO,US-MIDW-MISO,464.16,537.04,28.37,17.5,eia.gov,false,""
2023-10-04T21:00:00.000000,USA,Midcontinent ISO,US-MIDW-MISO,471.78,545.68,27.16,16.3,eia.gov,false,""
2023-10-04T22:00:00.000000,USA,Midcontinent ISO,US-MIDW-MISO,493.93,570.25,24.03,12.82,eia.gov,false,""
2023-10-04T23:00:00.000000,USA,Midcontinent ISO,US-MIDW-MISO,513.49,591.08,21.83,10.19,eia.gov,false,""
2023-10-05T00:00:00.000000,USA,Midcontinent ISO,US-MIDW-MISO,513.31,589.87,22.48,10.49,eia.gov,false,""
2023-10-05T01:00:00.000000,USA,Midcontinent ISO,US-MIDW-MISO,500.49,575.6,24.25,11.59,eia.gov,false,""
2023-10-05T02:00:00.000000,USA,Midcontinent ISO,US-MIDW-MISO,495.54,569.28,25.45,12.11,eia.gov,false,""
2023-10-05T03:00:00.000000,USA,Midcontinent ISO,US-MIDW-MISO,484.68,555.64,28.03,13.68,eia.gov,false,""
2023-10-05T04:00:00.000000,USA,Midcontinent ISO,US-MIDW-MISO,473.94,543.36,29.79,14.45,eia.gov,false,""
2023-10-05T05:00:00.000000,USA,Midcontinent ISO,US-MIDW-MISO,458.88,527.01,31.67,15.08,eia.gov,false,""
2023-10-05T06:00:00.000000,USA,Midcontinent ISO,US-MIDW-MISO,444.78,512.37,32.97,15.39,eia.gov,false,""
2023-10-05T07:00:00.000000,USA,Midcontinent ISO,US-MIDW-MISO,432.38,498.92,34.5,16.68,eia.gov,false,""
2023-10-05T08:00:00.000000,USA,Midcontinent ISO,US-MIDW-MISO,421.89,488.03,35.47,17.52,eia.gov,false,""
2023-10-05T09:00:00.000000,USA,Midcontinent ISO,US-MIDW-MISO,416.73,482.23,36.23,18.69,eia.gov,false,""
2023-10-05T10:00:00.000000,USA,Midcontinent ISO,US-MIDW-MISO,433.74,500.6,34.17,17.63,eia.gov,false,""
2023-10-05T11:00:00.000000,USA,Midcontinent ISO,US-MIDW-MISO,454.7,521.82,32.6,17.25,eia.gov,false,""
2023-10-05T12:00:00.000000,USA,Midcontinent ISO,US-MIDW-MISO,462.09,528.84,32.36,17.75,eia.gov,false,""
2023-10-05T13:00:00.000000,USA,Midcontinent ISO,US-MIDW-MISO,453.44,519.34,33.59,19.48,eia.gov,false,""
2023-10-05T14:00:00.000000,USA,Midcontinent ISO,US-MIDW-MISO,441.47,506.64,34.96,21.0,eia.gov,false,""
2023-10-05T15:00:00.000000,USA,Midcontinent ISO,US-MIDW-MISO,436.99,501.59,35.66,22.39,eia.gov,false,""
2023-10-05T16:00:00.000000,USA,Midcontinent ISO,US-MIDW-MISO,432.62,496.96,36.12,23.18,eia.gov,false,""
2023-10-05T17:00:00.000000,USA,Midcontinent ISO,US-MIDW-MISO,429.13,493.44,36.37,23.84,eia.gov,false,""
2023-10-05T18:00:00.000000,USA,Midcontinent ISO,US-MIDW-MISO,427.06,491.42,36.46,23.93,eia.gov,false,""
2023-10-05T19:00:00.000000,USA,Midcontinent ISO,US-MIDW-MISO,424.35,488.34,36.89,24.49,eia.gov,false,""
2023-10-05T20:00:00.000000,USA,Midcontinent ISO,US-MIDW-MISO,419.6,483.6,37.21,24.91,eia.gov,false,""
2023-10-05T21:00:00.000000,USA,Midcontinent ISO,US-MIDW-MISO,421.59,485.33,37.25,25.22,eia.gov,false,""
2023-10-05T22:00:00.000000,USA,Midcontinent ISO,US-MIDW-MISO,422.91,486.84,36.98,24.68,eia.gov,false,""
2023-10-05T23:00:00.000000,USA,Midcontinent ISO,US-MIDW-MISO,434.54,499.72,35.26,22.76,eia.gov,false,""
2023-10-06T00:00:00.000000,USA,Midcontinent ISO,US-MIDW-MISO,439.95,504.95,34.99,22.26,eia.gov,false,""
2023-10-06T01:00:00.000000,USA,Midcontinent ISO,US-MIDW-MISO,432.83,496.46,36.37,23.24,eia.gov,false,""
2023-10-06T02:00:00.000000,USA,Midcontinent ISO,US-MIDW-MISO,416.08,478.25,38.45,24.58,eia.gov,false,""
2023-10-06T03:00:00.000000,USA,Midcontinent ISO,US-MIDW-MISO,405.62,466.64,39.93,24.97,eia.gov,false,""
2023-10-06T04:00:00.000000,USA,Midcontinent ISO,US-MIDW-MISO,409.92,470.99,39.62,23.78,eia.gov,false,""
2023-10-06T05:00:00.000000,USA,Midcontinent ISO,US-MIDW-MISO,396.77,456.84,41.17,24.55,eia.gov,false,""
2023-10-06T06:00:00.000000,USA,Midcontinent ISO,US-MIDW-MISO,379.22,438.22,43.06,26.04,eia.gov,false,""
2023-10-06T07:00:00.000000,USA,Midcontinent ISO,US-MIDW-MISO,372.34,432.0,43.07,25.65,eia.gov,false,""
2023-10-06T08:00:00.000000,USA,Midcontinent ISO,US-MIDW-MISO,367.31,426.6,43.65,25.92,eia.gov,false,""
2023-10-06T09:00:00.000000,USA,Midcontinent ISO,US-MIDW-MISO,375.95,434.91,43.3,25.94,eia.gov,false,""
2023-10-06T10:00:00.000000,USA,Midcontinent ISO,US-MIDW-MISO,382.94,442.12,42.68,26.29,eia.gov,false,""
2023-10-06T11:00:00.000000,USA,Midcontinent ISO,US-MIDW-MISO,393.97,452.81,42.2,26.47,eia.gov,false,""
2023-10-06T12:00:00.000000,USA,Midcontinent ISO,US-MIDW-MISO,408.26,467.67,40.93,26.47,eia.gov,false,""
2023-10-06T13:00:00.000000,USA,Midcontinent ISO,US-MIDW-MISO,409.5,468.26,41.5,27.69,eia.gov,false,""
2023-10-06T14:00:00.000000,USA,Midcontinent ISO,US-MIDW-MISO,408.68,467.47,41.63,28.46,eia.gov,false,""
2023-10-06T15:00:00.000000,USA,Midcontinent ISO,US-MIDW-MISO,404.01,462.63,42.05,29.25,eia.gov,false,""
2023-10-06T16:00:00.000000,USA,Midcontinent ISO,US-MIDW-MISO,396.12,454.17,42.98,30.46,eia.gov,false,""
2023-10-06T17:00:00.000000,USA,Midcontinent ISO,US-MIDW-MISO,386.92,444.41,43.98,31.72,eia.gov,false,""
2023-10-06T18:00:00.000000,USA,Midcontinent ISO,US-MIDW-MISO,375.77,433.39,44.59,32.1,eia.gov,false,""
2023-10-06T19:00:00.000000,USA,Midcontinent ISO,US-MIDW-MISO,372.17,429.55,44.97,32.44,eia.gov,false,""
2023-10-06T20:00:00.000000,USA,Midcontinent ISO,US-MIDW-MISO,374.12,431.72,44.66,32.26,eia.gov,false,""
2023-10-06T21:00:00.000000,USA,Midcontinent ISO,US-MIDW-MISO,380.22,438.51,43.74,31.42,eia.gov,false,""
2023-10-06T22:00:00.000000,USA,Midcontinent ISO,US-MIDW-MISO,381.12,439.62,43.48,30.86,eia.gov,false,""
2023-10-06T23:00:00.000000,USA,Midcontinent ISO,US-MIDW-MISO,394.62,454.51,41.59,28.73,eia.gov,false,""
2023-10-07T00:00:00.000000,USA,Midcontinent ISO,US-MIDW-MISO,409.02,469.39,40.3,27.3,eia.gov,false,""
2023-10-07T01:00:00.000000,USA,Midcontinent ISO,US-MIDW-MISO,407.82,467.85,40.6,27.09,eia.gov,false,""
2023-10-07T02:00:00.000000,USA,Midcontinent ISO,US-MIDW-MISO,399.93,459.05,41.73,27.8,eia.gov,false,""
2023-10-07T03:00:00.000000,USA,Midcontinent ISO,US-MIDW-MISO,399.59,459.05,41.47,26.64,eia.gov,false,""
2023-10-07T04:00:00.000000,USA,Midcontinent ISO,US-MIDW-MISO,402.91,463.18,40.65,25.25,eia.gov,false,""
2023-10-07T05:00:00.000000,USA,Midcontinent ISO,US-MIDW-MISO,400.02,459.77,41.2,24.47,eia.gov,false,""
2023-10-07T06:00:00.000000,USA,Midcontinent ISO,US-MIDW-MISO,395.36,454.99,41.6,24.15,eia.gov,false,""
2023-10-07T07:00:00.000000,USA,Midcontinent ISO,US-MIDW-MISO,389.89,450.07,41.61,23.74,eia.gov,false,""
2023-10-07T08:00:00.000000,USA,Midcontinent ISO,US-MIDW-MISO,390.49,450.87,41.42,22.81,eia.gov,false,""
2023-10-07T09:00:00.000000,USA,Midcontinent ISO,US-MIDW-MISO,393.38,454.47,40.77,21.93,eia.gov,false,""
2023-10-07T10:00:00.000000,USA,Midcontinent ISO,US-MIDW-MISO,408.53,471.0,38.82,20.41,eia.gov,false,""
2023-10-07T11:00:00.000000,USA,Midcontinent ISO,US-MIDW-MISO,438.32,502.93,35.4,17.75,eia.gov,false,""
2023-10-07T12:00:00.000000,USA,Midcontinent ISO,US-MIDW-MISO,447.54,512.78,34.43,17.18,eia.gov,false,""
2023-10-07T13:00:00.000000,USA,Midcontinent ISO,US-MIDW-MISO,449.83,514.81,34.72,18.11,eia.gov,false,""
2023-10-07T14:00:00.000000,USA,Midcontinent ISO,US-MIDW-MISO,457.67,522.89,34.2,17.79,eia.gov,false,""
2023-10-07T15:00:00.000000,USA,Midcontinent ISO,US-MIDW-MISO,464.42,528.86,34.29,18.04,eia.gov,false,""
2023-10-07T16:00:00.000000,USA,Midcontinent ISO,US-MIDW-MISO,456.05,519.86,35.24,18.86,eia.gov,false,""
2023-10-07T17:00:00.000000,USA,Midcontinent ISO,US-MIDW-MISO,435.19,498.0,37.3,20.47,eia.gov,false,""
2023-10-07T18:00:00.000000,USA,Midcontinent ISO,US-MIDW-MISO,428.97,491.29,38.07,21.43,eia.gov,false,""
2023-10-07T19:00:00.000000,USA,Midcontinent ISO,US-MIDW-MISO,422.08,483.82,38.92,22.15,eia.gov,false,""
2023-10-07T20:00:00.000000,USA,Midcontinent ISO,US-MIDW-MISO,419.07,480.5,39.33,22.49,eia.gov,false,""
2023-10-07T21:00:00.000000,USA,Midcontinent ISO,US-MIDW-MISO,431.39,493.78,37.76,20.96,eia.gov,false,""
2023-10-07T22:00:00.000000,USA,Midcontinent ISO,US-MIDW-MISO,462.66,527.22,34.03,17.27,eia.gov,false,""
2023-10-07T23:00:00.000000,USA,Midcontinent ISO,US-MIDW-MISO,500.32,568.33,29.1,12.33,eia.gov,false,""
2023-10-08T00:00:00.000000,USA,Midcontinent ISO,US-MIDW-MISO,506.02,574.78,28.25,11.53,eia.gov,false,""
2023-10-08T01:00:00.000000,USA,Midcontinent ISO,US-MIDW-MISO,504.35,573.23,28.21,11.23,eia.gov,false,""
2023-10-08T02:00:00.000000,USA,Midcontinent ISO,US-MIDW-MISO,497.26,564.64,29.64,12.32,eia.gov,false,""
2023-10-08T03:00:00.000000,USA,Midcontinent ISO,US-MIDW-MISO,476.11,541.32,32.49,14.3,eia.gov,false,""
2023-10-08T04:00:00.000000,USA,Midcontinent ISO,US-MIDW-MISO,453.67,517.08,35.11,16.26,eia.gov,false,""
2023-10-08T05:00:00.000000,USA,Midcontinent ISO,US-MIDW-MISO,431.95,494.28,37.25,17.45,eia.gov,false,""
2023-10-08T06:00:00.000000,USA,Midcontinent ISO,US-MIDW-MISO,409.85,470.95,39.56,19.11,eia.gov,false,""
2023-10-08T07:00:00.000000,USA,Midcontinent ISO,US-MIDW-MISO,403.87,464.04,40.58,19.98,eia.gov,false,""
2023-10-08T08:00:00.000000,USA,Midcontinent ISO,US-MIDW-MISO,400.13,459.81,41.16,20.35,eia.gov,false,""
2023-10-08T09:00:00.000000,USA,Midcontinent ISO,US-MIDW-MISO,406.01,467.09,39.83,18.96,eia.gov,false,""
2023-10-08T10:00:00.000000,USA,Midcontinent ISO,US-MIDW-MISO,415.94,479.36,37.61,17.46,eia.gov,false,""
2023-10-08T11:00:00.000000,USA,Midcontinent ISO,US-MIDW-MISO,430.74,496.59,35.04,15.46,eia.gov,false,""
2023-10-08T12:00:00.000000,USA,Midcontinent ISO,US-MIDW-MISO,453.97,520.84,32.8,13.78,eia.gov,false,""
2023-10-08T13:00:00.000000,USA,Midcontinent ISO,US-MIDW-MISO,452.96,518.7,33.82,15.23,eia.gov,false,""
2023-10-08T14:00:00.000000,USA,Midcontinent ISO,US-MIDW-MISO,463.59,529.76,32.99,14.64,eia.gov,false,""
2023-10-08T15:00:00.000000,USA,Midcontinent ISO,US-MIDW-MISO,461.78,528.35,32.94,14.31,eia.gov,false,""
2023-10-08T16:00:00.000000,USA,Midcontinent ISO,US-MIDW-MISO,466.5,533.13,32.61,14.34,eia.gov,false,""
2023-10-08T17:00:00.000000,USA,Midcontinent ISO,US-MIDW-MISO,470.73,537.34,32.32,14.33,eia.gov,false,""
2023-10-08T18:00:00.000000,USA,Midcontinent ISO,US-MIDW-MISO,468.82,535.01,32.69,14.82,eia.gov,false,""
2023-10-08T19:00:00.000000,USA,Midcontinent ISO,US-MIDW-MISO,456.05,521.19,34.2,16.77,eia.gov,false,""
2023-10-08T20:00:00.000000,USA,Midcontinent ISO,US-MIDW-MISO,452.35,517.08,34.64,17.81,eia.gov,false,""
2023-10-08T21:00:00.000000,USA,Midcontinent ISO,US-MIDW-MISO,462.55,527.32,33.87,17.61,eia.gov,false,""
2023-10-08T22:00:00.000000,USA,Midcontinent ISO,US-MIDW-MISO,478.46,543.76,32.29,16.49,eia.gov,false,""
2023-10-08T23:00:00.000000,USA,Midcontinent ISO,US-MIDW-MISO,494.41,561.04,30.21,14.81,eia.gov,false,""
2023-10-09T00:00:00.000000,USA,Midcontinent ISO,US-MIDW-MISO,492.13,558.06,30.81,15.88,eia.gov,false,""
2023-10-09T01:00:00.000000,USA,Midcontinent ISO,US-MIDW-MISO,474.36,538.91,32.91,18.08,eia.gov,false,""
2023-10-09T02:00:00.000000,USA,Midcontinent ISO,US-MIDW-MISO,456.95,520.18,34.92,19.34,eia.gov,false,""
2023-10-09T03:00:00.000000,USA,Midcontinent ISO,US-MIDW-MISO,447.93,511.48,35.32,18.83,eia.gov,false,""
2023-10-09T04:00:00.000000,USA,Midcontinent ISO,US-MIDW-MISO,440.85,504.5,35.74,18.27,eia.gov,false,""
2023-10-09T05:00:00.000000,USA,Midcontinent ISO,US-MIDW-MISO,444.87,510.11,34.42,15.94,eia.gov,false,""
2023-10-09T06:00:00.000000,USA,Midcontinent ISO,US-MIDW-MISO,462.1,529.73,31.69,13.01,eia.gov,false,""
2023-10-09T07:00:00.000000,USA,Midcontinent ISO,US-MIDW-MISO,486.29,555.51,29.01,10.2,eia.gov,false,""
2023-10-09T08:00:00.000000,USA,Midcontinent ISO,US-MIDW-MISO,500.55,570.67,27.46,9.12,eia.gov,false,""
2023-10-09T09:00:00.000000,USA,Midcontinent ISO,US-MIDW-MISO,507.66,578.99,26.16,8.67,eia.gov,false,""
2023-10-09T10:00:00.000000,USA,Midcontinent ISO,US-MIDW-MISO,508.93,581.63,25.15,8.94,eia.gov,false,""
2023-10-09T11:00:00.000000,USA,Midcontinent ISO,US-MIDW-MISO,507.69,579.98,25.57,10.42,eia.gov,false,""
2023-10-09T12:00:00.000000,USA,Midcontinent ISO,US-MIDW-MISO,511.79,583.89,25.46,11.0,eia.gov,false,""
2023-10-09T13:00:00.000000,USA,Midcontinent ISO,US-MIDW-MISO,503.08,573.92,27.1,12.69,eia.gov,false,""
2023-10-09T14:00:00.000000,USA,Midcontinent ISO,US-MIDW-MISO,504.34,575.76,26.83,12.26,eia.gov,false,""
2023-10-09T15:00:00.000000,USA,Midcontinent ISO,US-MIDW-MISO,494.84,564.82,28.39,13.93,eia.gov,false,""
2023-10-09T16:00:00.000000,USA,Midcontinent ISO,US-MIDW-MISO,475.21,543.13,31.06,16.78,eia.gov,false,""
2023-10-09T17:00:00.000000,USA,Midcontinent ISO,US-MIDW-MISO,470.0,537.01,32.0,17.78,eia.gov,false,""
2023-10-09T18:00:00.000000,USA,Midcontinent ISO,US-MIDW-MISO,463.77,530.54,32.58,18.46,eia.gov,false,""
2023-10-09T19:00:00.000000,USA,Midcontinent ISO,US-MIDW-MISO,461.31,528.07,32.75,18.82,eia.gov,false,""
2023-10-09T20:00:00.000000,USA,Midcontinent ISO,US-MIDW-MISO,457.26,524.27,32.84,19.04,eia.gov,false,""
2023-10-09T21:00:00.000000,USA,Midcontinent ISO,US-MIDW-MISO,462.34,530.66,31.55,17.95,eia.gov,false,""
2023-10-09T22:00:00.000000,USA,Midcontinent ISO,US-MIDW-MISO,475.19,546.07,28.83,15.26,eia.gov,false,""
2023-10-09T23:00:00.000000,USA,Midcontinent ISO,US-MIDW-MISO,495.37,569.49,25.26,11.81,eia.gov,false,""
2023-10-10T00:00:00.000000,USA,Midcontinent ISO,US-MIDW-MISO,503.93,578.55,24.35,10.99,eia.gov,false,""
2023-10-10T01:00:00.000000,USA,Midcontinent ISO,US-MIDW-MISO,503.17,576.71,25.06,11.08,eia.gov,false,""
2023-10-10T02:00:00.000000,USA,Midcontinent ISO,US-MIDW-MISO,502.89,574.75,26.15,11.36,eia.gov,false,""
2023-10-10T03:00:00.000000,USA,Midcontinent ISO,US-MIDW-MISO,504.44,575.29,26.7,11.07,eia.gov,false,""
2023-10-10T04:00:00.000000,USA,Midcontinent ISO,US-MIDW-MISO,500.7,571.21,27.18,10.82,eia.gov,false,""
2023-10-10T05:00:00.000000,USA,Midcontinent ISO,US-MIDW-MISO,492.68,562.96,27.87,10.58,eia.gov,false,""
2023-10-10T06:00:00.000000,USA,Midcontinent ISO,US-MIDW-MISO,487.16,557.8,28.01,10.27,eia.gov,false,""
2023-10-10T07:00:00.000000,USA,Midcontinent ISO,US-MIDW-MISO,481.27,552.48,28.02,9.73,eia.gov,false,""
2023-10-10T08:00:00.000000,USA,Midcontinent ISO,US-MIDW-MISO,488.17,559.67,27.37,9.18,eia.gov,false,""
2023-10-10T09:00:00.000000,USA,Midcontinent ISO,US-MIDW-MISO,500.17,573.34,25.45,8.36,eia.gov,false,""
2023-10-10T10:00:00.000000,USA,Midcontinent ISO,US-MIDW-MISO,507.65,581.21,24.72,8.62,eia.gov,false,""
2023-10-10T11:00:00.000000,USA,Midcontinent ISO,US-MIDW-MISO,513.79,588.46,23.66,9.33,eia.gov,false,""
2023-10-10T12:00:00.000000,USA,Midcontinent ISO,US-MIDW-MISO,513.33,588.36,23.5,9.67,eia.gov,false,""
2023-10-10T13:00:00.000000,USA,Midcontinent ISO,US-MIDW-MISO,510.27,585.04,24.02,10.18,eia.gov,false,""
2023-10-10T14:00:00.000000,USA,Midcontinent ISO,US-MIDW-MISO,517.36,592.62,23.32,9.09,eia.gov,false,""
2023-10-10T15:00:00.000000,USA,Midcontinent ISO,US-MIDW-MISO,519.51,593.37,24.14,9.84,eia.gov,false,""
2023-10-10T16:00:00.000000,USA,Midcontinent ISO,US-MIDW-MISO,500.35,572.1,26.83,12.34,eia.gov,false,""
2023-10-10T17:00:00.000000,USA,Midcontinent ISO,US-MIDW-MISO,502.95,575.52,26.08,11.66,eia.gov,false,""
2023-10-10T18:00:00.000000,USA,Midcontinent ISO,US-MIDW-MISO,511.02,584.58,24.87,10.79,eia.gov,false,""
2023-10-10T19:00:00.000000,USA,Midcontinent ISO,US-MIDW-MISO,514.86,589.08,24.17,10.08,eia.gov,false,""
2023-10-10T20:00:00.000000,USA,Midcontinent ISO,US-MIDW-MISO,521.11,596.09,23.22,9.33,eia.gov,false,""
2023-10-10T21:00:00.000000,USA,Midcontinent ISO,US-MIDW-MISO,521.92,597.33,22.87,9.06,eia.gov,false,""
2023-10-10T22:00:00.000000,USA,Midcontinent ISO,US-MIDW-MISO,531.68,608.74,21.02,7.71,eia.gov,false,""
2023-10-10T23:00:00.000000,USA,Midcontinent ISO,US-MIDW-MISO,544.8,623.27,19.1,6.18,eia.gov,false,""
2023-10-11T00:00:00.000000,USA,Midcontinent ISO,US-MIDW-MISO,546.25,624.37,19.16,6.28,eia.gov,false,""
2023-10-11T01:00:00.000000,USA,Midcontinent ISO,US-MIDW-MISO,545.5,622.61,19.82,6.51,eia.gov,false,""
2023-10-11T02:00:00.000000,USA,Midcontinent ISO,US-MIDW-MISO,540.02,615.1,21.53,7.17,eia.gov,false,""
2023-10-11T03:00:00.000000,USA,Midcontinent ISO,US-MIDW-MISO,533.77,606.74,23.35,8.04,eia.gov,false,""
2023-10-11T04:00:00.000000,USA,Midcontinent ISO,US-MIDW-MISO,520.42,591.8,25.29,9.24,eia.gov,false,""
2023-10-11T05:00:00.000000,USA,Midcontinent ISO,US-MIDW-MISO,500.7,571.07,27.29,10.69,eia.gov,false,""
2023-10-11T06:00:00.000000,USA,Midcontinent ISO,US-MIDW-MISO,483.34,552.49,29.27,12.48,eia.gov,false,""
2023-10-11T07:00:00.000000,USA,Midcontinent ISO,US-MIDW-MISO,466.03,534.59,30.81,13.73,eia.gov,false,""
2023-10-11T08:00:00.000000,USA,Midcontinent ISO,US-MIDW-MISO,451.57,518.82,32.64,15.36,eia.gov,false,""
2023-10-11T09:00:00.000000,USA,Midcontinent ISO,US-MIDW-MISO,451.68,518.48,32.94,16.61,eia.gov,false,""
2023-10-11T10:00:00.000000,USA,Midcontinent ISO,US-MIDW-MISO,458.37,526.17,31.81,16.72,eia.gov,false,""
2023-10-11T11:00:00.000000,USA,Midcontinent ISO,US-MIDW-MISO,464.37,532.95,30.97,17.09,eia.gov,false,""
2023-10-11T12:00:00.000000,USA,Midcontinent ISO,US-MIDW-MISO,475.13,543.57,30.32,16.72,eia.gov,false,""
2023-10-11T13:00:00.000000,USA,Midcontinent ISO,US-MIDW-MISO,472.14,540.06,30.93,16.85,eia.gov,false,""
2023-10-11T14:00:00.000000,USA,Midcontinent ISO,US-MIDW-MISO,489.23,559.01,28.65,14.61,eia.gov,false,""
2023-10-11T15:00:00.000000,USA,Midcontinent ISO,US-MIDW-MISO,500.08,569.91,27.94,13.75,eia.gov,false,""
2023-10-11T16:00:00.000000,USA,Midcontinent ISO,US-MIDW-MISO,494.06,563.36,28.7,14.67,eia.gov,false,""
2023-10-11T17:00:00.000000,USA,Midcontinent ISO,US-MIDW-MISO,489.78,558.5,29.37,15.65,eia.gov,false,""
2023-10-11T18:00:00.000000,USA,Midcontinent ISO,US-MIDW-MISO,479.67,547.62,30.56,16.96,eia.gov,false,""
2023-10-11T19:00:00.000000,USA,Midcontinent ISO,US-MIDW-MISO,468.4,535.66,31.76,18.32,eia.gov,false,""
2023-10-11T20:00:00.000000,USA,Midcontinent ISO,US-MIDW-MISO,458.57,525.54,32.58,19.37,eia.gov,false,""
2023-10-11T21:00:00.000000,USA,Midcontinent ISO,US-MIDW-MISO,455.52,522.11,33.01,19.75,eia.gov,false,""
2023-10-11T22:00:00.000000,USA,Midcontinent ISO,US-MIDW-MISO,466.6,534.13,31.55,18.44,eia.gov,false,""
2023-10-11T23:00:00.000000,USA,Midcontinent ISO,US-MIDW-MISO,476.86,544.99,30.4,17.44,eia.gov,false,""
2023-10-12T00:00:00.000000,USA,Midcontinent ISO,US-MIDW-MISO,466.53,532.16,32.72,19.65,eia.gov,false,""
2023-10-12T01:00:00.000000,USA,Midcontinent ISO,US-MIDW-MISO,458.83,522.92,34.25,20.69,eia.gov,false,""
2023-10-12T02:00:00.000000,USA,Midcontinent ISO,US-MIDW-MISO,442.86,505.04,36.57,22.32,eia.gov,false,""
2023-10-12T03:00:00.000000,USA,Midcontinent ISO,US-MIDW-MISO,429.15,491.15,37.62,22.38,eia.gov,false,""
2023-10-12T04:00:00.000000,USA,Midcontinent ISO,US-MIDW-MISO,413.69,475.72,38.64,22.46,eia.gov,false,""
2023-10-12T05:00:00.000000,USA,Midcontinent ISO,US-MIDW-MISO,392.85,453.27,41.1,24.24,eia.gov,false,""
2023-10-12T06:00:00.000000,USA,Midcontinent ISO,US-MIDW-MISO,382.68,442.9,41.91,24.84,eia.gov,false,""
2023-10-12T07:00:00.000000,USA,Midcontinent ISO,US-MIDW-MISO,369.23,428.61,43.38,25.73,eia.gov,false,""
2023-10-12T08:00:00.000000,USA,Midcontinent ISO,US-MIDW-MISO,375.26,435.28,42.54,24.97,eia.gov,false,""
2023-10-12T09:00:00.000000,USA,Midcontinent ISO,US-MIDW-MISO,383.76,443.72,42.01,25.16,eia.gov,false,""
2023-10-12T10:00:00.000000,USA,Midcontinent ISO,US-MIDW-MISO,392.56,453.85,40.53,25.0,eia.gov,false,""
2023-10-12T11:00:00.000000,USA,Midcontinent ISO,US-MIDW-MISO,407.21,470.41,38.33,24.04,eia.gov,false,""
2023-10-12T12:00:00.000000,USA,Midcontinent ISO,US-MIDW-MISO,432.65,497.03,35.88,22.06,eia.gov,false,""
2023-10-12T13:00:00.000000,USA,Midcontinent ISO,US-MIDW-MISO,437.49,501.11,36.13,22.7,eia.gov,false,""
2023-10-12T14:00:00.000000,USA,Midcontinent ISO,US-MIDW-MISO,431.9,495.11,36.85,23.43,eia.gov,false,""
2023-10-12T15:00:00.000000,USA,Midcontinent ISO,US-MIDW-MISO,434.39,497.94,36.45,23.11,eia.gov,false,""
2023-10-12T16:00:00.000000,USA,Midcontinent ISO,US-MIDW-MISO,427.15,489.59,37.71,24.53,eia.gov,false,""
2023-10-12T17:00:00.000000,USA,Midcontinent ISO,US-MIDW-MISO,412.89,474.83,39.01,25.91,eia.gov,false,""
2023-10-12T18:00:00.000000,USA,Midcontinent ISO,US-MIDW-MISO,402.68,464.03,40.08,27.2,eia.gov,false,""
2023-10-12T19:00:00.000000,USA,Midcontinent ISO,US-MIDW-MISO,395.36,455.85,41.15,28.18,eia.gov,false,""
2023-10-12T20:00:00.000000,USA,Midcontinent ISO,US-MIDW-MISO,393.35,454.04,41.13,28.18,eia.gov,false,""
2023-10-12T21:00:00.000000,USA,Midcontinent ISO,US-MIDW-MISO,398.45,459.93,40.22,27.36,eia.gov,false,""
2023-10-12T22:00:00.000000,USA,Midcontinent ISO,US-MIDW-MISO,406.48,468.64,39.12,26.27,eia.gov,false,""
2023-10-12T23:00:00.000000,USA,Midcontinent ISO,US-MIDW-MISO,407.82,469.91,39.02,26.18,eia.gov,false,""
2023-10-13T00:00:00.000000,USA,Midcontinent ISO,US-MIDW-MISO,405.47,466.28,40.01,26.99,eia.gov,false,""
2023-10-13T01:00:00.000000,USA,Midcontinent ISO,US-MIDW-MISO,394.45,454.4,41.31,27.76,eia.gov,false,""
2023-10-13T02:00:00.000000,USA,Midcontinent ISO,US-MIDW-MISO,390.94,449.59,42.41,28.17,eia.gov,false,""
2023-10-13T03:00:00.000000,USA,Midcontinent ISO,US-MIDW-MISO,388.45,446.05,43.27,28.33,eia.gov,false,""
2023-10-13T04:00:00.000000,USA,Midcontinent ISO,US-MIDW-MISO,374.83,431.02,45.12,29.77,eia.gov,false,""
2023-10-13T05:00:00.000000,USA,Midcontinent ISO,US-MIDW-MISO,372.94,427.49,46.35,30.16,eia.gov,false,""
2023-10-13T06:00:00.000000,USA,Midcontinent ISO,US-MIDW-MISO,357.74,411.76,47.72,30.95,eia.gov,false,""
2023-10-13T07:00:00.000000,USA,Midcontinent ISO,US-MIDW-MISO,352.01,405.86,48.22,31.19,eia.gov,false,""
2023-10-13T08:00:00.000000,USA,Midcontinent ISO,US-MIDW-MISO,352.52,406.72,47.94,31.03,eia.gov,false,""
2023-10-13T09:00:00.000000,USA,Midcontinent ISO,US-MIDW-MISO,360.99,416.01,46.82,30.62,eia.gov,false,""
2023-10-13T10:00:00.000000,USA,Midcontinent ISO,US-MIDW-MISO,372.07,428.94,44.86,29.59,eia.gov,false,""
2023-10-13T11:00:00.000000,USA,Midcontinent ISO,US-MIDW-MISO,380.9,439.48,43.14,28.55,eia.gov,false,""
2023-10-13T12:00:00.000000,USA,Midcontinent ISO,US-MIDW-MISO,393.82,452.82,41.98,27.98,eia.gov,false,""
2023-10-13T13:00:00.000000,USA,Midcontinent ISO,US-MIDW-MISO,405.26,464.5,41.11,27.35,eia.gov,false,""
2023-10-13T14:00:00.000000,USA,Midcontinent ISO,US-MIDW-MISO,418.03,478.56,39.45,25.71,eia.gov,false,""
2023-10-13T15:00:00.000000,USA,Midcontinent ISO,US-MIDW-MISO,427.6,489.29,38.05,24.4,eia.gov,false,""
2023-10-13T16:00:00.000000,USA,Midcontinent ISO,US-MIDW-MISO,424.02,486.01,38.15,24.44,eia.gov,false,""
2023-10-13T17:00:00.000000,USA,Midcontinent ISO,US-MIDW-MISO,428.59,491.5,37.25,24.03,eia.gov,false,""
2023-10-13T18:00:00.000000,USA,Midcontinent ISO,US-MIDW-MISO,429.6,493.41,36.57,23.69,eia.gov,false,""
2023-10-13T19:00:00.000000,USA,Midcontinent ISO,US-MIDW-MISO,427.07,490.73,36.82,24.12,eia.gov,false,""
2023-10-13T20:00:00.000000,USA,Midcontinent ISO,US-MIDW-MISO,434.68,498.74,36.02,23.42,eia.gov,false,""
2023-10-13T21:00:00.000000,USA,Midcontinent ISO,US-MIDW-MISO,436.32,500.2,36.02,23.41,eia.gov,false,""
2023-10-13T22:00:00.000000,USA,Midcontinent ISO,US-MIDW-MISO,438.59,502.72,35.66,23.03,eia.gov,false,""
2023-10-13T23:00:00.000000,USA,Midcontinent ISO,US-MIDW-MISO,444.76,509.21,35.0,22.14,eia.gov,false,""
2023-10-14T00:00:00.000000,USA,Midcontinent ISO,US-MIDW-MISO,433.71,496.31,36.98,23.72,eia.gov,false,""
2023-10-14T01:00:00.000000,USA,Midcontinent ISO,US-MIDW-MISO,412.56,472.78,39.93,25.93,eia.gov,false,""
2023-10-14T02:00:00.000000,USA,Midcontinent ISO,US-MIDW-MISO,399.33,458.01,41.82,27.11,eia.gov,false,""
2023-10-14T03:00:00.000000,USA,Midcontinent ISO,US-MIDW-MISO,389.91,447.79,42.99,27.89,eia.gov,false,""
2023-10-14T04:00:00.000000,USA,Midcontinent ISO,US-MIDW-MISO,383.58,441.26,43.55,28.57,eia.gov,false,""
2023-10-14T05:00:00.000000,USA,Midcontinent ISO,US-MIDW-MISO,384.73,441.09,44.36,29.9,eia.gov,false,""
2023-10-14T06:00:00.000000,USA,Midcontinent ISO,US-MIDW-MISO,386.87,442.26,44.85,29.87,eia.gov,false,""
2023-10-14T07:00:00.000000,USA,Midcontinent ISO,US-MIDW-MISO,382.88,439.3,44.41,28.93,eia.gov,false,""
2023-10-14T08:00:00.000000,USA,Midcontinent ISO,US-MIDW-MISO,377.47,432.9,45.44,29.66,eia.gov,false,""
2023-10-14T09:00:00.000000,USA,Midcontinent ISO,US-MIDW-MISO,374.63,429.69,45.88,30.18,eia.gov,false,""
2023-10-14T10:00:00.000000,USA,Midcontinent ISO,US-MIDW-MISO,376.91,433.05,45.01,29.9,eia.gov,false,""
2023-10-14T11:00:00.000000,USA,Midcontinent ISO,US-MIDW-MISO,381.61,439.31,43.65,29.16,eia.gov,false,""
2023-10-14T12:00:00.000000,USA,Midcontinent ISO,US-MIDW-MISO,391.63,450.61,42.13,28.07,eia.gov,false,""
2023-10-14T13:00:00.000000,USA,Midcontinent ISO,US-MIDW-MISO,400.64,460.36,41.14,27.66,eia.gov,false,""
2023-10-14T14:00:00.000000,USA,Midcontinent ISO,US-MIDW-MISO,412.28,473.06,39.72,26.75,eia.gov,false,""
2023-10-14T15:00:00.000000,USA,Midcontinent ISO,US-MIDW-MISO,409.95,470.53,40.05,27.27,eia.gov,false,""
2023-10-14T16:00:00.000000,USA,Midcontinent ISO,US-MIDW-MISO,420.57,482.28,38.56,25.68,eia.gov,false,""
2023-10-14T17:00:00.000000,USA,Midcontinent ISO,US-MIDW-MISO,418.57,480.62,38.45,25.13,eia.gov,false,""
2023-10-14T18:00:00.000000,USA,Midcontinent ISO,US-MIDW-MISO,396.69,457.96,40.49,27.0,eia.gov,false,""
2023-10-14T19:00:00.000000,USA,Midcontinent ISO,US-MIDW-MISO,398.68,460.73,39.82,26.49,eia.gov,false,""
2023-10-14T20:00:00.000000,USA,Midcontinent ISO,US-MIDW-MISO,408.51,471.59,38.45,25.09,eia.gov,false,""
2023-10-14T21:00:00.000000,USA,Midcontinent ISO,US-MIDW-MISO,427.48,492.07,36.19,22.93,eia.gov,false,""
2023-10-14T22:00:00.000000,USA,Midcontinent ISO,US-MIDW-MISO,440.32,506.04,34.52,20.9,eia.gov,false,""
2023-10-14T23:00:00.000000,USA,Midcontinent ISO,US-MIDW-MISO,460.9,528.0,32.17,18.29,eia.gov,false,""
2023-10-15T00:00:00.000000,USA,Midcontinent ISO,US-MIDW-MISO,469.15,536.61,31.36,17.62,eia.gov,false,""
2023-10-15T01:00:00.000000,USA,Midcontinent ISO,US-MIDW-MISO,463.7,530.95,31.86,17.83,eia.gov,false,""
2023-10-15T02:00:00.000000,USA,Midcontinent ISO,US-MIDW-MISO,451.5,518.33,32.95,18.32,eia.gov,false,""
2023-10-15T03:00:00.000000,USA,Midcontinent ISO,US-MIDW-MISO,456.55,523.41,32.57,17.56,eia.gov,false,""
2023-10-15T04:00:00.000000,USA,Midcontinent ISO,US-MIDW-MISO,444.03,510.54,33.63,17.38,eia.gov,false,""
2023-10-15T05:00:00.000000,USA,Midcontinent ISO,US-MIDW-MISO,431.29,497.14,34.93,17.73,eia.gov,false,""
2023-10-15T06:00:00.000000,USA,Midcontinent ISO,US-MIDW-MISO,430.25,495.6,35.33,17.7,eia.gov,false,""
2023-10-15T07:00:00.000000,USA,Midcontinent ISO,US-MIDW-MISO,414.44,479.23,36.76,18.7,eia.gov,false,""
2023-10-15T08:00:00.000000,USA,Midcontinent ISO,US-MIDW-MISO,415.83,480.51,36.75,18.59,eia.gov,false,""
2023-10-15T09:00:00.000000,USA,Midcontinent ISO,US-MIDW-MISO,419.4,484.16,36.46,18.51,eia.gov,false,""
2023-10-15T10:00:00.000000,USA,Midcontinent ISO,US-MIDW-MISO,419.06,483.93,36.4,19.12,eia.gov,false,""
2023-10-15T11:00:00.000000,USA,Midcontinent ISO,US-MIDW-MISO,430.82,496.47,35.09,18.74,eia.gov,false,""
2023-10-15T12:00:00.000000,USA,Midcontinent ISO,US-MIDW-MISO,449.18,516.04,33.08,17.54,eia.gov,false,""
2023-10-15T13:00:00.000000,USA,Midcontinent ISO,US-MIDW-MISO,457.98,525.18,32.36,17.01,eia.gov,false,""
2023-10-15T14:00:00.000000,USA,Midcontinent ISO,US-MIDW-MISO,443.69,509.58,34.29,18.98,eia.gov,false,""
2023-10-15T15:00:00.000000,USA,Midcontinent ISO,US-MIDW-MISO,415.92,479.88,37.44,22.17,eia.gov,false,""
2023-10-15T16:00:00.000000,USA,Midcontinent ISO,US-MIDW-MISO,395.34,457.55,40.04,24.79,eia.gov,false,""
2023-10-15T17:00:00.000000,USA,Midcontinent ISO,US-MIDW-MISO,386.45,447.52,41.43,26.2,eia.gov,false,""
2023-10-15T18:00:00.000000,USA,Midcontinent ISO,US-MIDW-MISO,385.65,446.18,41.83,26.91,eia.gov,false,""
2023-10-15T19:00:00.000000,USA,Midcontinent ISO,US-MIDW-MISO,383.28,442.87,42.59,27.38,eia.gov,false,""
2023-10-15T20:00:00.000000,USA,Midcontinent ISO,US-MIDW-MISO,387.88,448.82,41.34,26.66,eia.gov,false,""
2023-10-15T21:00:00.000000,USA,Midcontinent ISO,US-MIDW-MISO,392.08,454.46,40.05,25.68,eia.gov,false,""
2023-10-15T22:00:00.000000,USA,Midcontinent ISO,US-MIDW-MISO,408.65,473.67,37.1,23.28,eia.gov,false,""
2023-10-15T23:00:00.000000,USA,Midcontinent ISO,US-MIDW-MISO,444.8,512.4,32.93,19.55,eia.gov,false,""
2023-10-16T00:00:00.000000,USA,Midcontinent ISO,US-MIDW-MISO,449.88,516.4,33.26,20.33,eia.gov,false,""
2023-10-16T01:00:00.000000,USA,Midcontinent ISO,US-MIDW-MISO,424.79,489.21,36.3,23.44,eia.gov,false,""
2023-10-16T02:00:00.000000,USA,Midcontinent ISO,US-MIDW-MISO,398.24,459.48,40.2,26.33,eia.gov,false,""
2023-10-16T03:00:00.000000,USA,Midcontinent ISO,US-MIDW-MISO,393.06,452.42,41.8,27.08,eia.gov,false,""
2023-10-16T04:00:00.000000,USA,Midcontinent ISO,US-MIDW-MISO,383.16,441.57,43.09,27.71,eia.gov,false,""
2023-10-16T05:00:00.000000,USA,Midcontinent ISO,US-MIDW-MISO,387.0,446.61,42.02,26.73,eia.gov,false,""
2023-10-16T06:00:00.000000,USA,Midcontinent ISO,US-MIDW-MISO,388.4,447.89,42.01,26.43,eia.gov,false,""
2023-10-16T07:00:00.000000,USA,Midcontinent ISO,US-MIDW-MISO,392.35,452.85,41.07,25.58,eia.gov,false,""
2023-10-16T08:00:00.000000,USA,Midcontinent ISO,US-MIDW-MISO,397.53,458.66,40.31,24.72,eia.gov,false,""
2023-10-16T09:00:00.000000,USA,Midcontinent ISO,US-MIDW-MISO,401.06,463.1,39.47,24.1,eia.gov,false,""
2023-10-16T10:00:00.000000,USA,Midcontinent ISO,US-MIDW-MISO,424.86,490.57,35.43,21.55,eia.gov,false,""
2023-10-16T11:00:00.000000,USA,Midcontinent ISO,US-MIDW-MISO,439.46,508.49,32.28,19.45,eia.gov,false,""
2023-10-16T12:00:00.000000,USA,Midcontinent ISO,US-MIDW-MISO,472.8,543.74,28.79,16.67,eia.gov,false,""
2023-10-16T13:00:00.000000,USA,Midcontinent ISO,US-MIDW-MISO,483.97,555.52,27.79,15.6,eia.gov,false,""
2023-10-16T14:00:00.000000,USA,Midcontinent ISO,US-MIDW-MISO,509.36,583.73,24.35,12.05,eia.gov,false,""
2023-10-16T15:00:00.000000,USA,Midcontinent ISO,US-MIDW-MISO,523.68,599.36,22.53,9.79,eia.gov,false,""
2023-10-16T16:00:00.000000,USA,Midcontinent ISO,US-MIDW-MISO,524.96,600.3,22.68,9.5,eia.gov,false,""
2023-10-16T17:00:00.000000,USA,Midcontinent ISO,US-MIDW-MISO,519.89,595.08,23.12,10.13,eia.gov,false,""
2023-10-16T18:00:00.000000,USA,Midcontinent ISO,US-MIDW-MISO,509.96,584.24,24.37,11.58,eia.gov,false,""
2023-10-16T19:00:00.000000,USA,Midcontinent ISO,US-MIDW-MISO,500.48,574.46,25.21,12.21,eia.gov,false,""
2023-10-16T20:00:00.000000,USA,Midcontinent ISO,US-MIDW-MISO,507.33,582.27,24.1,11.26,eia.gov,false,""
2023-10-16T21:00:00.000000,USA,Midcontinent ISO,US-MIDW-MISO,519.62,596.03,22.26,9.62,eia.gov,false,""
2023-10-16T22:00:00.000000,USA,Midcontinent ISO,US-MIDW-MISO,532.14,609.8,20.56,8.18,eia.gov,false,""
2023-10-16T23:00:00.000000,USA,Midcontinent ISO,US-MIDW-MISO,547.58,626.22,18.84,6.69,eia.gov,false,""
2023-10-17T00:00:00.000000,USA,Midcontinent ISO,US-MIDW-MISO,556.83,635.83,17.96,5.97,eia.gov,false,""
2023-10-17T01:00:00.000000,USA,Midcontinent ISO,US-MIDW-MISO,556.82,635.45,18.11,5.35,eia.gov,false,""
2023-10-17T02:00:00.000000,USA,Midcontinent ISO,US-MIDW-MISO,555.83,633.63,18.71,5.61,eia.gov,false,""
2023-10-17T03:00:00.000000,USA,Midcontinent ISO,US-MIDW-MISO,558.41,635.34,19.07,5.12,eia.gov,false,""
2023-10-17T04:00:00.000000,USA,Midcontinent ISO,US-MIDW-MISO,553.13,629.67,19.67,5.03,eia.gov,false,""
2023-10-17T05:00:00.000000,USA,Midcontinent ISO,US-MIDW-MISO,549.99,626.76,19.72,5.05,eia.gov,false,""
2023-10-17T06:00:00.000000,USA,Midcontinent ISO,US-MIDW-MISO,542.05,619.12,20.06,4.9,eia.gov,false,""
2023-10-17T07:00:00.000000,USA,Midcontinent ISO,US-MIDW-MISO,538.15,615.04,20.45,4.96,eia.gov,false,""
2023-10-17T08:00:00.000000,USA,Midcontinent ISO,US-MIDW-MISO,541.02,618.01,20.19,5.04,eia.gov,false,""
2023-10-17T09:00:00.000000,USA,Midcontinent ISO,US-MIDW-MISO,532.61,609.76,20.66,5.57,eia.gov,false,""
2023-10-17T10:00:00.000000,USA,Midcontinent ISO,US-MIDW-MISO,526.03,603.72,20.82,6.91,eia.gov,false,""
2023-10-17T11:00:00.000000,USA,Midcontinent ISO,US-MIDW-MISO,529.02,607.14,20.38,7.84,eia.gov,false,""
2023-10-17T12:00:00.000000,USA,Midcontinent ISO,US-MIDW-MISO,541.12,619.33,19.44,7.38,eia.gov,false,""
2023-10-17T13:00:00.000000,USA,Midcontinent ISO,US-MIDW-MISO,529.74,606.5,21.28,8.98,eia.gov,false,""
2023-10-17T14:00:00.000000,USA,Midcontinent ISO,US-MIDW-MISO,521.51,598.11,22.1,9.81,eia.gov,false,""
2023-10-17T15:00:00.000000,USA,Midcontinent ISO,US-MIDW-MISO,530.94,607.84,21.34,9.04,eia.gov,false,""
2023-10-17T16:00:00.000000,USA,Midcontinent ISO,US-MIDW-MISO,518.9,594.31,23.11,10.69,eia.gov,false,""
2023-10-17T17:00:00.000000,USA,Midcontinent ISO,US-MIDW-MISO,500.56,574.07,25.6,13.23,eia.gov,false,""
2023-10-17T18:00:00.000000,USA,Midcontinent ISO,US-MIDW-MISO,501.05,574.07,25.88,13.77,eia.gov,false,""
2023-10-17T19:00:00.000000,USA,Midcontinent ISO,US-MIDW-MISO,496.02,568.83,26.36,14.31,eia.gov,false,""
2023-10-17T20:00:00.000000,USA,Midcontinent ISO,US-MIDW-MISO,494.98,567.74,26.5,14.71,eia.gov,false,""
2023-10-17T21:00:00.000000,USA,Midcontinent ISO,US-MIDW-MISO,498.52,571.03,26.35,14.82,eia.gov,false,""
2023-10-17T22:00:00.000000,USA,Midcontinent ISO,US-MIDW-MISO,510.02,583.41,24.8,13.41,eia.gov,false,""
2023-10-17T23:00:00.000000,USA,Midcontinent ISO,US-MIDW-MISO,514.5,587.58,24.62,13.37,eia.gov,false,""
2023-10-18T00:00:00.000000,USA,Midcontinent ISO,US-MIDW-MISO,489.01,558.02,28.98,17.74,eia.gov,false,""
2023-10-18T01:00:00.000000,USA,Midcontinent ISO,US-MIDW-MISO,461.23,525.58,33.93,22.47,eia.gov,false,""
2023-10-18T02:00:00.000000,USA,Midcontinent ISO,US-MIDW-MISO,446.39,509.13,35.98,23.94,eia.gov,false,""
2023-10-18T03:00:00.000000,USA,Midcontinent ISO,US-MIDW-MISO,430.74,492.68,37.55,24.91,eia.gov,false,""
2023-10-18T04:00:00.000000,USA,Midcontinent ISO,US-MIDW-MISO,407.97,467.79,40.49,27.14,eia.gov,false,""
2023-10-18T05:00:00.000000,USA,Midcontinent ISO,US-MIDW-MISO,401.23,459.95,41.68,27.91,eia.gov,false,""
2023-10-18T06:00:00.000000,USA,Midcontinent ISO,US-MIDW-MISO,399.11,457.64,41.95,27.98,eia.gov,false,""
2023-10-18T07:00:00.000000,USA,Midcontinent ISO,US-MIDW-MISO,395.38,454.26,41.97,27.65,eia.gov,false,""
2023-10-18T08:00:00.000000,USA,Midcontinent ISO,US-MIDW-MISO,390.14,448.66,42.56,28.32,eia.gov,false,""
2023-10-18T09:00:00.000000,USA,Midcontinent ISO,US-MIDW-MISO,394.52,453.7,41.83,27.73,eia.gov,false,""
2023-10-18T10:00:00.000000,USA,Midcontinent ISO,US-MIDW-MISO,395.81,455.96,41.17,28.08,eia.gov,false,""
2023-10-18T11:00:00.000000,USA,Midcontinent ISO,US-MIDW-MISO,398.94,459.66,40.65,28.49,eia.gov,false,""
2023-10-18T12:00:00.000000,USA,Midcontinent ISO,US-MIDW-MISO,416.1,478.09,38.55,26.75,eia.gov,false,""
2023-10-18T13:00:00.000000,USA,Midcontinent ISO,US-MIDW-MISO,413.92,475.63,39.0,27.18,eia.gov,false,""
2023-10-18T14:00:00.000000,USA,Midcontinent ISO,US-MIDW-MISO,405.78,467.61,39.64,27.74,eia.gov,false,""
2023-10-18T15:00:00.000000,USA,Midcontinent ISO,US-MIDW-MISO,409.31,471.13,39.46,27.54,eia.gov,false,""
2023-10-18T16:00:00.000000,USA,Midcontinent ISO,US-MIDW-MISO,402.66,463.64,40.46,28.34,eia.gov,false,""
2023-10-18T17:00:00.000000,USA,Midcontinent ISO,US-MIDW-MISO,408.03,469.15,39.99,27.88,eia.gov,false,""
2023-10-18T18:00:00.000000,USA,Midcontinent ISO,US-MIDW-MISO,407.66,469.2,39.7,27.53,eia.gov,false,""
2023-10-18T19:00:00.000000,USA,Midcontinent ISO,US-MIDW-MISO,407.44,469.09,39.63,27.46,eia.gov,false,""
2023-10-18T20:00:00.000000,USA,Midcontinent ISO,US-MIDW-MISO,414.45,476.91,38.57,26.43,eia.gov,false,""
2023-10-18T21:00:00.000000,USA,Midcontinent ISO,US-MIDW-MISO,425.26,489.1,36.89,24.89,eia.gov,false,""
2023-10-18T22:00:00.000000,USA,Midcontinent ISO,US-MIDW-MISO,443.77,509.38,34.39,22.83,eia.gov,false,""
2023-10-18T23:00:00.000000,USA,Midcontinent ISO,US-MIDW-MISO,456.56,522.74,33.18,21.63,eia.gov,false,""
2023-10-19T00:00:00.000000,USA,Midcontinent ISO,US-MIDW-MISO,462.45,528.74,32.67,21.0,eia.gov,false,""
2023-10-19T01:00:00.000000,USA,Midcontinent ISO,US-MIDW-MISO,454.19,520.31,33.28,20.97,eia.gov,false,""
2023-10-19T02:00:00.000000,USA,Midcontinent ISO,US-MIDW-MISO,452.39,518.66,33.25,20.45,eia.gov,false,""
2023-10-19T03:00:00.000000,USA,Midcontinent ISO,US-MIDW-MISO,454.89,521.2,33.07,19.37,eia.gov,false,""
2023-10-19T04:00:00.000000,USA,Midcontinent ISO,US-MIDW-MISO,453.56,518.61,34.0,19.43,eia.gov,false,""
2023-10-19T05:00:00.000000,USA,Midcontinent ISO,US-MIDW-MISO,441.45,504.97,35.82,20.53,eia.gov,false,""
2023-10-19T06:00:00.000000,USA,Midcontinent ISO,US-MIDW-MISO,440.76,504.26,35.88,20.18,eia.gov,false,""
2023-10-19T07:00:00.000000,USA,Midcontinent ISO,US-MIDW-MISO,432.92,496.01,36.67,20.75,eia.gov,false,""
2023-10-19T08:00:00.000000,USA,Midcontinent ISO,US-MIDW-MISO,443.73,507.8,35.3,19.65,eia.gov,false,""
2023-10-19T09:00:00.000000,USA,Midcontinent ISO,US-MIDW-MISO,450.99,516.18,34.08,18.97,eia.gov,false,""
2023-10-19T10:00:00.000000,USA,Midcontinent ISO,US-MIDW-MISO,463.5,531.17,31.63,17.38,eia.gov,false,""
2023-10-19T11:00:00.000000,USA,Midcontinent ISO,US-MIDW-MISO,479.03,548.07,29.8,17.08,eia.gov,false,""
2023-10-19T12:00:00.000000,USA,Midcontinent ISO,US-MIDW-MISO,499.25,569.95,27.2,14.97,eia.gov,false,""
2023-10-19T13:00:00.000000,USA,Midcontinent ISO,US-MIDW-MISO,497.43,567.81,27.56,15.15,eia.gov,false,""
2023-10-19T14:00:00.000000,USA,Midcontinent ISO,US-MIDW-MISO,501.75,572.41,27.17,14.61,eia.gov,false,""
2023-10-19T15:00:00.000000,USA,Midcontinent ISO,US-MIDW-MISO,504.43,574.77,27.26,14.92,eia.gov,false,""
2023-10-19T16:00:00.000000,USA,Midcontinent ISO,US-MIDW-MISO,495.68,565.2,28.38,16.74,eia.gov,false,""
2023-10-19T17:00:00.000000,USA,Midcontinent ISO,US-MIDW-MISO,495.6,564.47,28.83,17.63,eia.gov,false,""
2023-10-19T18:00:00.000000,USA,Midcontinent ISO,US-MIDW-MISO,490.42,559.24,29.22,18.15,eia.gov,false,""
2023-10-19T19:00:00.000000,USA,Midcontinent ISO,US-MIDW-MISO,484.55,553.32,29.64,18.5,eia.gov,false,""
2023-10-19T20:00:00.000000,USA,Midcontinent ISO,US-MIDW-MISO,479.43,548.09,30.02,19.07,eia.gov,false,""
2023-10-19T21:00:00.000000,USA,Midcontinent ISO,US-MIDW-MISO,475.77,544.79,29.99,19.36,eia.gov,false,""
2023-10-19T22:00:00.000000,USA,Midcontinent ISO,US-MIDW-MISO,479.68,550.64,28.43,17.58,eia.gov,false,""
2023-10-19T23:00:00.000000,USA,Midcontinent ISO,US-MIDW-MISO,503.6,577.44,24.97,14.13,eia.gov,false,""
2023-10-20T00:00:00.000000,USA,Midcontinent ISO,US-MIDW-MISO,511.2,585.54,24.13,13.09,eia.gov,false,""
2023-10-20T01:00:00.000000,USA,Midcontinent ISO,US-MIDW-MISO,512.73,586.59,24.32,12.91,eia.gov,false,""
2023-10-20T02:00:00.000000,USA,Midcontinent ISO,US-MIDW-MISO,510.93,583.57,25.14,12.9,eia.gov,false,""
2023-10-20T03:00:00.000000,USA,Midcontinent ISO,US-MIDW-MISO,515.63,587.4,25.36,12.28,eia.gov,false,""
2023-10-20T04:00:00.000000,USA,Midcontinent ISO,US-MIDW-MISO,507.34,578.06,26.62,12.57,eia.gov,false,""
2023-10-20T05:00:00.000000,USA,Midcontinent ISO,US-MIDW-MISO,501.39,571.82,27.2,12.22,eia.gov,false,""
2023-10-20T06:00:00.000000,USA,Midcontinent ISO,US-MIDW-MISO,497.4,567.64,27.59,12.3,eia.gov,false,""
2023-10-20T07:00:00.000000,USA,Midcontinent ISO,US-MIDW-MISO,496.59,566.75,27.71,11.92,eia.gov,false,""
2023-10-20T08:00:00.000000,USA,Midcontinent ISO,US-MIDW-MISO,500.09,570.8,27.12,11.55,eia.gov,false,""
2023-10-20T09:00:00.000000,USA,Midcontinent ISO,US-MIDW-MISO,501.74,572.56,26.94,11.87,eia.gov,false,""
2023-10-20T10:00:00.000000,USA,Midcontinent ISO,US-MIDW-MISO,497.83,569.89,26.45,12.49,eia.gov,false,""
2023-10-20T11:00:00.000000,USA,Midcontinent ISO,US-MIDW-MISO,489.06,561.99,26.56,14.01,eia.gov,false,""
2023-10-20T12:00:00.000000,USA,Midcontinent ISO,US-MIDW-MISO,498.29,572.61,24.91,13.02,eia.gov,false,""
2023-10-20T13:00:00.000000,USA,Midcontinent ISO,US-MIDW-MISO,498.54,572.56,25.15,13.18,eia.gov,false,""
2023-10-20T14:00:00.000000,USA,Midcontinent ISO,US-MIDW-MISO,499.47,574.13,24.79,13.0,eia.gov,false,""
2023-10-20T15:00:00.000000,USA,Midcontinent ISO,US-MIDW-MISO,512.41,588.08,23.3,11.56,eia.gov,false,""
2023-10-20T16:00:00.000000,USA,Midcontinent ISO,US-MIDW-MISO,509.77,584.24,24.3,12.57,eia.gov,false,""
2023-10-20T17:00:00.000000,USA,Midcontinent ISO,US-MIDW-MISO,502.76,575.93,25.62,14.12,eia.gov,false,""
2023-10-20T18:00:00.000000,USA,Midcontinent ISO,US-MIDW-MISO,494.8,567.59,26.41,15.08,eia.gov,false,""
2023-10-20T19:00:00.000000,USA,Midcontinent ISO,US-MIDW-MISO,490.34,562.62,27.05,15.78,eia.gov,false,""
2023-10-20T20:00:00.000000,USA,Midcontinent ISO,US-MIDW-MISO,488.04,559.86,27.53,16.23,eia.gov,false,""
2023-10-20T21:00:00.000000,USA,Midcontinent ISO,US-MIDW-MISO,493.15,565.03,27.11,16.07,eia.gov,false,""
2023-10-20T22:00:00.000000,USA,Midcontinent ISO,US-MIDW-MISO,505.45,578.0,25.7,14.48,eia.gov,false,""
2023-10-20T23:00:00.000000,USA,Midcontinent ISO,US-MIDW-MISO,506.57,579.47,25.35,14.16,eia.gov,false,""
2023-10-21T00:00:00.000000,USA,Midcontinent ISO,US-MIDW-MISO,485.02,556.05,28.03,16.95,eia.gov,false,""
2023-10-21T01:00:00.000000,USA,Midcontinent ISO,US-MIDW-MISO,467.32,534.92,31.44,19.99,eia.gov,false,""
2023-10-21T02:00:00.000000,USA,Midcontinent ISO,US-MIDW-MISO,445.48,509.83,34.98,23.04,eia.gov,false,""
2023-10-21T03:00:00.000000,USA,Midcontinent ISO,US-MIDW-MISO,425.19,487.43,37.69,25.35,eia.gov,false,""
2023-10-21T04:00:00.000000,USA,Midcontinent ISO,US-MIDW-MISO,403.52,463.6,40.57,27.56,eia.gov,false,""
2023-10-21T05:00:00.000000,USA,Midcontinent ISO,US-MIDW-MISO,398.5,458.0,41.29,28.03,eia.gov,false,""
2023-10-21T06:00:00.000000,USA,Midcontinent ISO,US-MIDW-MISO,392.01,451.43,41.78,28.39,eia.gov,false,""
2023-10-21T07:00:00.000000,USA,Midcontinent ISO,US-MIDW-MISO,383.69,442.53,42.72,29.05,eia.gov,false,""
2023-10-21T08:00:00.000000,USA,Midcontinent ISO,US-MIDW-MISO,384.61,443.01,42.96,29.15,eia.gov,false,""
2023-10-21T09:00:00.000000,USA,Midcontinent ISO,US-MIDW-MISO,380.81,438.35,43.8,29.96,eia.gov,false,""
2023-10-21T10:00:00.000000,USA,Midcontinent ISO,US-MIDW-MISO,376.56,433.65,44.49,30.9,eia.gov,false,""
2023-10-21T11:00:00.000000,USA,Midcontinent ISO,US-MIDW-MISO,383.35,442.38,42.74,29.67,eia.gov,false,""
2023-10-21T12:00:00.000000,USA,Midcontinent ISO,US-MIDW-MISO,383.94,444.09,41.87,29.19,eia.gov,false,""
2023-10-21T13:00:00.000000,USA,Midcontinent ISO,US-MIDW-MISO,380.82,441.12,42.1,29.87,eia.gov,false,""
2023-10-21T14:00:00.000000,USA,Midcontinent ISO,US-MIDW-MISO,383.49,444.69,41.48,29.36,eia.gov,false,""
2023-10-21T15:00:00.000000,USA,Midcontinent ISO,US-MIDW-MISO,385.62,446.86,41.35,29.22,eia.gov,false,""
2023-10-21T16:00:00.000000,USA,Midcontinent ISO,US-MIDW-MISO,375.93,436.32,42.6,30.64,eia.gov,false,""
2023-10-21T17:00:00.000000,USA,Midcontinent ISO,US-MIDW-MISO,381.92,442.92,41.75,29.71,eia.gov,false,""
2023-10-21T18:00:00.000000,USA,Midcontinent ISO,US-MIDW-MISO,377.14,437.84,42.25,30.33,eia.gov,false,""
2023-10-21T19:00:00.000000,USA,Midcontinent ISO,US-MIDW-MISO,378.98,440.57,41.54,29.84,eia.gov,false,""
2023-10-21T20:00:00.000000,USA,Midcontinent ISO,US-MIDW-MISO,382.4,445.4,40.36,28.73,eia.gov,false,""
2023-10-21T21:00:00.000000,USA,Midcontinent ISO,US-MIDW-MISO,390.26,454.6,38.86,27.17,eia.gov,false,""
2023-10-21T22:00:00.000000,USA,Midcontinent ISO,US-MIDW-MISO,399.9,466.05,36.93,25.24,eia.gov,false,""
2023-10-21T23:00:00.000000,USA,Midcontinent ISO,US-MIDW-MISO,418.47,486.19,34.65,22.95,eia.gov,false,""
2023-10-22T00:00:00.000000,USA,Midcontinent ISO,US-MIDW-MISO,436.07,504.34,33.15,21.51,eia.gov,false,""
2023-10-22T01:00:00.000000,USA,Midcontinent ISO,US-MIDW-MISO,436.65,505.02,32.98,20.98,eia.gov,false,""
2023-10-22T02:00:00.000000,USA,Midcontinent ISO,US-MIDW-MISO,439.65,508.02,32.69,20.11,eia.gov,false,""
2023-10-22T03:00:00.000000,USA,Midcontinent ISO,US-MIDW-MISO,432.3,500.43,33.32,19.98,eia.gov,false,""
2023-10-22T04:00:00.000000,USA,Midcontinent ISO,US-MIDW-MISO,430.8,500.31,32.49,18.38,eia.gov,false,""
2023-10-22T05:00:00.000000,USA,Midcontinent ISO,US-MIDW-MISO,435.17,506.36,31.08,16.51,eia.gov,false,""
2023-10-22T06:00:00.000000,USA,Midcontinent ISO,US-MIDW-MISO,448.2,521.08,29.09,14.43,eia.gov,false,""
2023-10-22T07:00:00.000000,USA,Midcontinent ISO,US-MIDW-MISO,458.13,532.27,27.58,12.45,eia.gov,false,""
2023-10-22T08:00:00.000000,USA,Midcontinent ISO,US-MIDW-MISO,466.07,540.32,26.98,11.73,eia.gov,false,""
2023-10-22T09:00:00.000000,USA,Midcontinent ISO,US-MIDW-MISO,473.11,547.53,26.41,11.46,eia.gov,false,""
2023-10-22T10:00:00.000000,USA,Midcontinent ISO,US-MIDW-MISO,482.86,557.73,25.47,10.86,eia.gov,false,""
2023-10-22T11:00:00.000000,USA,Midcontinent ISO,US-MIDW-MISO,488.17,563.36,24.89,10.7,eia.gov,false,""
2023-10-22T12:00:00.000000,USA,Midcontinent ISO,US-MIDW-MISO,491.59,566.07,25.16,11.51,eia.gov,false,""
2023-10-22T13:00:00.000000,USA,Midcontinent ISO,US-MIDW-MISO,476.56,549.48,27.38,13.8,eia.gov,false,""
2023-10-22T14:00:00.000000,USA,Midcontinent ISO,US-MIDW-MISO,471.16,543.98,28.01,14.79,eia.gov,false,""
2023-10-22T15:00:00.000000,USA,Midcontinent ISO,US-MIDW-MISO,485.14,558.71,26.62,13.74,eia.gov,false,""
2023-10-22T16:00:00.000000,USA,Midcontinent ISO,US-MIDW-MISO,484.31,557.23,27.07,14.45,eia.gov,false,""
2023-10-22T17:00:00.000000,USA,Midcontinent ISO,US-MIDW-MISO,488.18,561.73,26.4,14.06,eia.gov,false,""
2023-10-22T18:00:00.000000,USA,Midcontinent ISO,US-MIDW-MISO,490.6,564.69,25.89,13.76,eia.gov,false,""
2023-10-22T19:00:00.000000,USA,Midcontinent ISO,US-MIDW-MISO,492.19,566.83,25.43,13.58,eia.gov,false,""
2023-10-22T20:00:00.000000,USA,Midcontinent ISO,US-MIDW-MISO,489.84,564.19,25.76,14.03,eia.gov,false,""
2023-10-22T21:00:00.000000,USA,Midcontinent ISO,US-MIDW-MISO,486.7,560.87,25.96,14.45,eia.gov,false,""
2023-10-22T22:00:00.000000,USA,Midcontinent ISO,US-MIDW-MISO,504.62,580.19,23.64,12.38,eia.gov,false,""
2023-10-22T23:00:00.000000,USA,Midcontinent ISO,US-MIDW-MISO,486.35,559.52,26.43,15.31,eia.gov,false,""
2023-10-23T00:00:00.000000,USA,Midcontinent ISO,US-MIDW-MISO,450.85,520.75,30.99,19.96,eia.gov,false,""
2023-10-23T01:00:00.000000,USA,Midcontinent ISO,US-MIDW-MISO,431.11,498.25,34.13,22.87,eia.gov,false,""
2023-10-23T02:00:00.000000,USA,Midcontinent ISO,US-MIDW-MISO,424.93,491.14,35.12,23.38,eia.gov,false,""
2023-10-23T03:00:00.000000,USA,Midcontinent ISO,US-MIDW-MISO,412.71,477.84,36.61,24.35,eia.gov,false,""
2023-10-23T04:00:00.000000,USA,Midcontinent ISO,US-MIDW-MISO,401.5,465.73,37.96,24.95,eia.gov,false,""
2023-10-23T05:00:00.000000,USA,Midcontinent ISO,US-MIDW-MISO,394.43,458.38,38.62,25.2,eia.gov,false,""
2023-10-23T06:00:00.000000,USA,Midcontinent ISO,US-MIDW-MISO,390.82,452.9,40.12,26.46,eia.gov,false,""
2023-10-23T07:00:00.000000,USA,Midcontinent ISO,US-MIDW-MISO,388.27,450.11,40.44,26.48,eia.gov,false,""
2023-10-23T08:00:00.000000,USA,Midcontinent ISO,US-MIDW-MISO,390.57,452.44,40.26,26.34,eia.gov,false,""
2023-10-23T09:00:00.000000,USA,Midcontinent ISO,US-MIDW-MISO,396.03,459.24,39.01,25.58,eia.gov,false,""
2023-10-23T10:00:00.000000,USA,Midcontinent ISO,US-MIDW-MISO,394.19,458.92,38.24,25.99,eia.gov,false,""
2023-10-23T11:00:00.000000,USA,Midcontinent ISO,US-MIDW-MISO,396.66,461.91,37.83,26.73,eia.gov,false,""
2023-10-23T12:00:00.000000,USA,Midcontinent ISO,US-MIDW-MISO,409.52,476.11,35.94,25.18,eia.gov,false,""
2023-10-23T13:00:00.000000,USA,Midcontinent ISO,US-MIDW-MISO,412.57,479.23,35.72,24.79,eia.gov,false,""
2023-10-23T14:00:00.000000,USA,Midcontinent ISO,US-MIDW-MISO,425.1,493.62,33.75,22.67,eia.gov,false,""
2023-10-23T15:00:00.000000,USA,Midcontinent ISO,US-MIDW-MISO,436.45,506.3,32.16,20.99,eia.gov,false,""
2023-10-23T16:00:00.000000,USA,Midcontinent ISO,US-MIDW-MISO,443.23,513.8,31.26,20.05,eia.gov,false,""
2023-10-23T17:00:00.000000,USA,Midcontinent ISO,US-MIDW-MISO,452.04,523.53,30.05,18.88,eia.gov,false,""
2023-10-23T18:00:00.000000,USA,Midcontinent ISO,US-MIDW-MISO,456.38,528.47,29.4,18.32,eia.gov,false,""
2023-10-23T19:00:00.000000,USA,Midcontinent ISO,US-MIDW-MISO,459.62,532.03,28.93,17.93,eia.gov,false,""
2023-10-23T20:00:00.000000,USA,Midcontinent ISO,US-MIDW-MISO,458.28,530.53,29.13,18.24,eia.gov,false,""
2023-10-23T21:00:00.000000,USA,Midcontinent ISO,US-MIDW-MISO,467.2,540.87,27.51,16.92,eia.gov,false,""
2023-10-23T22:00:00.000000,USA,Midcontinent ISO,US-MIDW-MISO,488.93,564.61,24.66,14.47,eia.gov,false,""
2023-10-23T23:00:00.000000,USA,Midcontinent ISO,US-MIDW-MISO,492.97,568.26,24.69,14.57,eia.gov,false,""
2023-10-24T00:00:00.000000,USA,Midcontinent ISO,US-MIDW-MISO,482.19,555.48,26.71,16.61,eia.gov,false,""
2023-10-24T01:00:00.000000,USA,Midcontinent ISO,US-MIDW-MISO,474.4,546.2,28.13,17.6,eia.gov,false,""
2023-10-24T02:00:00.000000,USA,Midcontinent ISO,US-MIDW-MISO,456.57,525.92,30.9,19.83,eia.gov,false,""
2023-10-24T03:00:00.000000,USA,Midcontinent ISO,US-MIDW-MISO,447.88,515.23,32.79,20.9,eia.gov,false,""
2023-10-24T04:00:00.000000,USA,Midcontinent ISO,US-MIDW-MISO,424.38,489.14,36.08,23.41,eia.gov,false,""
2023-10-24T05:00:00.000000,USA,Midcontinent ISO,US-MIDW-MISO,396.52,460.46,38.47,25.41,eia.gov,false,""
2023-10-24T06:00:00.000000,USA,Midcontinent ISO,US-MIDW-MISO,384.09,446.61,40.24,27.27,eia.gov,false,""
2023-10-24T07:00:00.000000,USA,Midcontinent ISO,US-MIDW-MISO,376.9,438.46,41.38,28.48,eia.gov,false,""
2023-10-24T08:00:00.000000,USA,Midcontinent ISO,US-MIDW-MISO,370.86,430.94,42.77,29.83,eia.gov,false,""
2023-10-24T09:00:00.000000,USA,Midcontinent ISO,US-MIDW-MISO,375.88,436.23,42.26,29.69,eia.gov,false,""
2023-10-24T10:00:00.000000,USA,Midcontinent ISO,US-MIDW-MISO,392.03,455.42,39.16,27.54,eia.gov,false,""
2023-10-24T11:00:00.000000,USA,Midcontinent ISO,US-MIDW-MISO,391.86,455.98,38.81,28.23,eia.gov,false,""
2023-10-24T12:00:00.000000,USA,Midcontinent ISO,US-MIDW-MISO,409.93,475.93,36.23,25.8,eia.gov,false,""
2023-10-24T13:00:00.000000,USA,Midcontinent ISO,US-MIDW-MISO,405.56,471.13,36.88,26.33,eia.gov,false,""
2023-10-24T14:00:00.000000,USA,Midcontinent ISO,US-MIDW-MISO,399.26,464.86,37.39,26.77,eia.gov,false,""
2023-10-24T15:00:00.000000,USA,Midcontinent ISO,US-MIDW-MISO,407.76,474.3,36.26,25.83,eia.gov,false,""
2023-10-24T16:00:00.000000,USA,Midcontinent ISO,US-MIDW-MISO,426.72,494.5,34.16,23.87,eia.gov,false,""
2023-10-24T17:00:00.000000,USA,Midcontinent ISO,US-MIDW-MISO,438.37,506.94,32.87,22.67,eia.gov,false,""
2023-10-24T18:00:00.000000,USA,Midcontinent ISO,US-MIDW-MISO,431.2,499.42,33.59,23.72,eia.gov,false,""
2023-10-24T19:00:00.000000,USA,Midcontinent ISO,US-MIDW-MISO,433.89,502.86,32.92,23.02,eia.gov,false,""
2023-10-24T20:00:00.000000,USA,Midcontinent ISO,US-MIDW-MISO,435.07,504.36,32.62,22.73,eia.gov,false,""
2023-10-24T21:00:00.000000,USA,Midcontinent ISO,US-MIDW-MISO,441.16,511.08,31.73,21.91,eia.gov,false,""
2023-10-24T22:00:00.000000,USA,Midcontinent ISO,US-MIDW-MISO,445.25,515.88,30.92,21.2,eia.gov,false,""
2023-10-24T23:00:00.000000,USA,Midcontinent ISO,US-MIDW-MISO,454.69,526.17,29.77,20.19,eia.gov,false,""
2023-10-25T00:00:00.000000,USA,Midcontinent ISO,US-MIDW-MISO,456.62,527.59,29.95,20.2,eia.gov,false,""
2023-10-25T01:00:00.000000,USA,Midcontinent ISO,US-MIDW-MISO,450.27,519.79,31.28,21.02,eia.gov,false,""
2023-10-25T02:00:00.000000,USA,Midcontinent ISO,US-MIDW-MISO,443.63,512.44,32.11,21.26,eia.gov,false,""
2023-10-25T03:00:00.000000,USA,Midcontinent ISO,US-MIDW-MISO,450.86,520.02,31.37,19.87,eia.gov,false,""
2023-10-25T04:00:00.000000,USA,Midcontinent ISO,US-MIDW-MISO,441.05,509.36,32.6,19.86,eia.gov,false,""
2023-10-25T05:00:00.000000,USA,Midcontinent ISO,US-MIDW-MISO,419.8,487.95,34.14,20.43,eia.gov,false,""
2023-10-25T06:00:00.000000,USA,Midcontinent ISO,US-MIDW-MISO,423.23,493.09,32.77,18.7,eia.gov,false,""
2023-10-25T07:00:00.000000,USA,Midcontinent ISO,US-MIDW-MISO,433.78,504.35,31.61,17.28,eia.gov,false,""
2023-10-25T08:00:00.000000,USA,Midcontinent ISO,US-MIDW-MISO,449.96,522.73,29.06,14.62,eia.gov,false,""
2023-10-25T09:00:00.000000,USA,Midcontinent ISO,US-MIDW-MISO,475.12,549.11,26.58,12.41,eia.gov,false,""
2023-10-25T10:00:00.000000,USA,Midcontinent ISO,US-MIDW-MISO,494.36,570.53,23.85,10.46,eia.gov,false,""
2023-10-25T11:00:00.000000,USA,Midcontinent ISO,US-MIDW-MISO,496.63,572.9,23.76,11.89,eia.gov,false,""
2023-10-25T12:00:00.000000,USA,Midcontinent ISO,US-MIDW-MISO,506.52,583.27,22.67,11.08,eia.gov,false,""
2023-10-25T13:00:00.000000,USA,Midcontinent ISO,US-MIDW-MISO,513.63,590.73,21.98,10.51,eia.gov,false,""
2023-10-25T14:00:00.000000,USA,Midcontinent ISO,US-MIDW-MISO,514.68,592.06,21.77,10.38,eia.gov,false,""
2023-10-25T15:00:00.000000,USA,Midcontinent ISO,US-MIDW-MISO,515.58,593.4,21.46,10.19,eia.gov,false,""
2023-10-25T16:00:00.000000,USA,Midcontinent ISO,US-MIDW-MISO,518.5,596.45,21.19,9.97,eia.gov,false,""
2023-10-25T17:00:00.000000,USA,Midcontinent ISO,US-MIDW-MISO,524.73,603.0,20.57,9.7,eia.gov,false,""
2023-10-25T18:00:00.000000,USA,Midcontinent ISO,US-MIDW-MISO,520.53,598.46,21.11,10.25,eia.gov,false,""
2023-10-25T19:00:00.000000,USA,Midcontinent ISO,US-MIDW-MISO,530.68,609.64,19.73,9.07,eia.gov,false,""
2023-10-25T20:00:00.000000,USA,Midcontinent ISO,US-MIDW-MISO,534.06,613.02,19.51,9.02,eia.gov,false,""
2023-10-25T21:00:00.000000,USA,Midcontinent ISO,US-MIDW-MISO,536.89,616.4,18.92,8.63,eia.gov,false,""
2023-10-25T22:00:00.000000,USA,Midcontinent ISO,US-MIDW-MISO,533.3,612.31,19.43,9.06,eia.gov,false,""
2023-10-25T23:00:00.000000,USA,Midcontinent ISO,US-MIDW-MISO,516.11,593.27,21.89,11.74,eia.gov,false,""
2023-10-26T00:00:00.000000,USA,Midcontinent ISO,US-MIDW-MISO,515.43,591.9,22.37,12.23,eia.gov,false,""
2023-10-26T01:00:00.000000,USA,Midcontinent ISO,US-MIDW-MISO,517.03,592.27,23.05,12.44,eia.gov,false,""
2023-10-26T02:00:00.000000,USA,Midcontinent ISO,US-MIDW-MISO,517.42,591.43,23.76,12.33,eia.gov,false,""
2023-10-26T03:00:00.000000,USA,Midcontinent ISO,US-MIDW-MISO,505.96,579.53,24.79,12.58,eia.gov,false,""
2023-10-26T04:00:00.000000,USA,Midcontinent ISO,US-MIDW-MISO,496.6,570.18,25.41,12.76,eia.gov,false,""
2023-10-26T05:00:00.000000,USA,Midcontinent ISO,US-MIDW-MISO,475.65,547.93,27.68,14.27,eia.gov,false,""
2023-10-26T06:00:00.000000,USA,Midcontinent ISO,US-MIDW-MISO,464.63,536.83,28.46,14.48,eia.gov,false,""
2023-10-26T07:00:00.000000,USA,Midcontinent ISO,US-MIDW-MISO,461.99,533.87,28.86,14.63,eia.gov,false,""
2023-10-26T08:00:00.000000,USA,Midcontinent ISO,US-MIDW-MISO,461.73,533.52,28.94,14.51,eia.gov,false,""
2023-10-26T09:00:00.000000,USA,Midcontinent ISO,US-MIDW-MISO,463.64,535.44,28.8,14.84,eia.gov,false,""
2023-10-26T10:00:00.000000,USA,Midcontinent ISO,US-MIDW-MISO,472.61,545.12,27.74,14.82,eia.gov,false,""
2023-10-26T11:00:00.000000,USA,Midcontinent ISO,US-MIDW-MISO,482.91,556.0,26.8,14.97,eia.gov,false,""
2023-10-26T12:00:00.000000,USA,Midcontinent ISO,US-MIDW-MISO,499.5,573.16,25.22,13.7,eia.gov,false,""
2023-10-26T13:00:00.000000,USA,Midcontinent ISO,US-MIDW-MISO,496.7,570.15,25.57,14.02,eia.gov,false,""
2023-10-26T14:00:00.000000,USA,Midcontinent ISO,US-MIDW-MISO,491.87,564.79,26.32,15.07,eia.gov,false,""
2023-10-26T15:00:00.000000,USA,Midcontinent ISO,US-MIDW-MISO,492.1,564.96,26.36,15.43,eia.gov,false,""
2023-10-26T16:00:00.000000,USA,Midcontinent ISO,US-MIDW-MISO,492.81,565.39,26.5,15.86,eia.gov,false,""
2023-10-26T17:00:00.000000,USA,Midcontinent ISO,US-MIDW-MISO,492.87,565.51,26.45,16.16,eia.gov,false,""
2023-10-26T18:00:00.000000,USA,Midcontinent ISO,US-MIDW-MISO,491.1,563.78,26.55,16.44,eia.gov,false,""
2023-10-26T19:00:00.000000,USA,Midcontinent ISO,US-MIDW-MISO,491.72,564.69,26.28,16.28,eia.gov,false,""
2023-10-26T20:00:00.000000,USA,Midcontinent ISO,US-MIDW-MISO,494.49,567.65,25.94,16.02,eia.gov,false,""
2023-10-26T21:00:00.000000,USA,Midcontinent ISO,US-MIDW-MISO,496.06,569.49,25.67,15.91,eia.gov,false,""
2023-10-26T22:00:00.000000,USA,Midcontinent ISO,US-MIDW-MISO,504.35,578.5,24.6,14.86,eia.gov,false,""
2023-10-26T23:00:00.000000,USA,Midcontinent ISO,US-MIDW-MISO,504.03,578.0,24.81,15.09,eia.gov,false,""
2023-10-27T00:00:00.000000,USA,Midcontinent ISO,US-MIDW-MISO,497.3,570.34,25.87,16.0,eia.gov,false,""
2023-10-27T01:00:00.000000,USA,Midcontinent ISO,US-MIDW-MISO,501.33,574.97,25.09,14.76,eia.gov,false,""
2023-10-27T02:00:00.000000,USA,Midcontinent ISO,US-MIDW-MISO,501.62,574.9,25.3,14.57,eia.gov,false,""
2023-10-27T03:00:00.000000,USA,Midcontinent ISO,US-MIDW-MISO,489.55,561.35,27.1,15.59,eia.gov,false,""
2023-10-27T04:00:00.000000,USA,Midcontinent ISO,US-MIDW-MISO,455.7,524.92,31.07,19.08,eia.gov,false,""
2023-10-27T05:00:00.000000,USA,Midcontinent ISO,US-MIDW-MISO,412.55,476.73,37.31,24.46,eia.gov,false,""
2023-10-27T06:00:00.000000,USA,Midcontinent ISO,US-MIDW-MISO,383.74,444.5,41.51,28.1,eia.gov,false,""
2023-10-27T07:00:00.000000,USA,Midcontinent ISO,US-MIDW-MISO,366.76,426.87,43.07,29.5,eia.gov,false,""
2023-10-27T08:00:00.000000,USA,Midcontinent ISO,US-MIDW-MISO,357.21,416.16,44.47,31.04,eia.gov,false,""
2023-10-27T09:00:00.000000,USA,Midcontinent ISO,US-MIDW-MISO,350.44,408.8,45.3,32.11,eia.gov,false,""
2023-10-27T10:00:00.000000,USA,Midcontinent ISO,US-MIDW-MISO,356.86,416.98,43.7,31.49,eia.gov,false,""
2023-10-27T11:00:00.000000,USA,Midcontinent ISO,US-MIDW-MISO,372.23,433.51,41.98,30.85,eia.gov,false,""
2023-10-27T12:00:00.000000,USA,Midcontinent ISO,US-MIDW-MISO,390.37,452.64,40.03,29.31,eia.gov,false,""
2023-10-27T13:00:00.000000,USA,Midcontinent ISO,US-MIDW-MISO,396.46,459.07,39.43,28.97,eia.gov,false,""
2023-10-27T14:00:00.000000,USA,Midcontinent ISO,US-MIDW-MISO,400.45,463.0,39.25,29.12,eia.gov,false,""
2023-10-27T15:00:00.000000,USA,Midcontinent ISO,US-MIDW-MISO,406.34,469.09,38.76,28.89,eia.gov,false,""
2023-10-27T16:00:00.000000,USA,Midcontinent ISO,US-MIDW-MISO,406.99,469.62,38.81,29.05,eia.gov,false,""
2023-10-27T17:00:00.000000,USA,Midcontinent ISO,US-MIDW-MISO,413.25,476.17,38.23,28.56,eia.gov,false,""
2023-10-27T18:00:00.000000,USA,Midcontinent ISO,US-MIDW-MISO,418.66,482.0,37.58,28.09,eia.gov,false,""
2023-10-27T19:00:00.000000,USA,Midcontinent ISO,US-MIDW-MISO,418.51,482.54,37.13,27.72,eia.gov,false,""
2023-10-27T20:00:00.000000,USA,Midcontinent ISO,US-MIDW-MISO,419.6,483.93,36.85,27.53,eia.gov,false,""
2023-10-27T21:00:00.000000,USA,Midcontinent ISO,US-MIDW-MISO,422.53,487.7,36.07,26.66,eia.gov,false,""
2023-10-27T22:00:00.000000,USA,Midcontinent ISO,US-MIDW-MISO,424.63,489.91,35.81,26.24,eia.gov,false,""
2023-10-27T23:00:00.000000,USA,Midcontinent ISO,US-MIDW-MISO,420.18,485.09,36.43,26.83,eia.gov,false,""
2023-10-28T00:00:00.000000,USA,Midcontinent ISO,US-MIDW-MISO,417.4,482.17,36.73,26.79,eia.gov,false,""
2023-10-28T01:00:00.000000,USA,Midcontinent ISO,US-MIDW-MISO,408.67,473.25,37.37,26.88,eia.gov,false,""
2023-10-28T02:00:00.000000,USA,Midcontinent ISO,US-MIDW-MISO,410.4,475.27,37.05,25.73,eia.gov,false,""
2023-10-28T03:00:00.000000,USA,Midcontinent ISO,US-MIDW-MISO,417.73,483.11,36.15,24.11,eia.gov,false,""
2023-10-28T04:00:00.000000,USA,Midcontinent ISO,US-MIDW-MISO,404.19,468.59,37.68,24.83,eia.gov,false,""
2023-10-28T05:00:00.000000,USA,Midcontinent ISO,US-MIDW-MISO,397.25,461.71,38.11,24.43,eia.gov,false,""
2023-10-28T06:00:00.000000,USA,Midcontinent ISO,US-MIDW-MISO,393.97,458.8,38.08,23.72,eia.gov,false,""
2023-10-28T07:00:00.000000,USA,Midcontinent ISO,US-MIDW-MISO,404.53,471.16,36.19,21.01,eia.gov,false,""
2023-10-28T08:00:00.000000,USA,Midcontinent ISO,US-MIDW-MISO,417.21,485.72,34.09,18.68,eia.gov,false,""
2023-10-28T09:00:00.000000,USA,Midcontinent ISO,US-MIDW-MISO,427.32,496.92,32.7,17.52,eia.gov,false,""
2023-10-28T10:00:00.000000,USA,Midcontinent ISO,US-MIDW-MISO,450.04,521.38,30.02,15.43,eia.gov,false,""
2023-10-28T11:00:00.000000,USA,Midcontinent ISO,US-MIDW-MISO,471.94,544.85,27.51,13.82,eia.gov,false,""
2023-10-28T12:00:00.000000,USA,Midcontinent ISO,US-MIDW-MISO,490.17,565.04,24.97,12.26,eia.gov,false,""
2023-10-28T13:00:00.000000,USA,Midcontinent ISO,US-MIDW-MISO,493.07,567.9,24.88,12.66,eia.gov,false,""
2023-10-28T14:00:00.000000,USA,Midcontinent ISO,US-MIDW-MISO,482.56,555.86,26.71,14.53,eia.gov,false,""
2023-10-28T15:00:00.000000,USA,Midcontinent ISO,US-MIDW-MISO,490.15,564.56,25.48,13.71,eia.gov,false,""
2023-10-28T16:00:00.000000,USA,Midcontinent ISO,US-MIDW-MISO,498.07,573.46,24.33,12.84,eia.gov,false,""
2023-10-28T17:00:00.000000,USA,Midcontinent ISO,US-MIDW-MISO,499.83,575.52,24.02,12.54,eia.gov,false,""
2023-10-28T18:00:00.000000,USA,Midcontinent ISO,US-MIDW-MISO,497.24,572.14,24.73,13.29,eia.gov,false,""
2023-10-28T19:00:00.000000,USA,Midcontinent ISO,US-MIDW-MISO,492.9,567.21,25.38,14.1,eia.gov,false,""
2023-10-28T20:00:00.000000,USA,Midcontinent ISO,US-MIDW-MISO,482.8,556.57,26.38,15.2,eia.gov,false,""
2023-10-28T21:00:00.000000,USA,Midcontinent ISO,US-MIDW-MISO,486.46,560.7,25.77,14.94,eia.gov,false,""
2023-10-28T22:00:00.000000,USA,Midcontinent ISO,US-MIDW-MISO,491.32,566.29,24.92,14.02,eia.gov,false,""
2023-10-28T23:00:00.000000,USA,Midcontinent ISO,US-MIDW-MISO,498.01,573.42,24.23,13.56,eia.gov,false,""
2023-10-29T00:00:00.000000,USA,Midcontinent ISO,US-MIDW-MISO,492.02,565.67,25.85,14.89,eia.gov,false,""
2023-10-29T01:00:00.000000,USA,Midcontinent ISO,US-MIDW-MISO,487.88,560.55,26.75,15.26,eia.gov,false,""
2023-10-29T02:00:00.000000,USA,Midcontinent ISO,US-MIDW-MISO,492.76,565.41,26.33,14.27,eia.gov,false,""
2023-10-29T03:00:00.000000,USA,Midcontinent ISO,US-MIDW-MISO,497.63,569.6,26.45,13.67,eia.gov,false,""
2023-10-29T04:00:00.000000,USA,Midcontinent ISO,US-MIDW-MISO,486.33,557.42,27.8,14.26,eia.gov,false,""
2023-10-29T05:00:00.000000,USA,Midcontinent ISO,US-MIDW-MISO,476.93,547.34,28.88,14.79,eia.gov,false,""
2023-10-29T06:00:00.000000,USA,Midcontinent ISO,US-MIDW-MISO,467.24,537.4,29.68,14.94,eia.gov,false,""
2023-10-29T07:00:00.000000,USA,Midcontinent ISO,US-MIDW-MISO,470.32,540.77,29.29,14.71,eia.gov,false,""
2023-10-29T08:00:00.000000,USA,Midcontinent ISO,US-MIDW-MISO,456.83,526.09,30.99,16.42,eia.gov,false,""
2023-10-29T09:00:00.000000,USA,Midcontinent ISO,US-MIDW-MISO,451.96,520.95,31.49,16.86,eia.gov,false,""
2023-10-29T10:00:00.000000,USA,Midcontinent ISO,US-MIDW-MISO,450.01,518.81,31.75,17.38,eia.gov,false,""
2023-10-29T11:00:00.000000,USA,Midcontinent ISO,US-MIDW-MISO,458.2,527.6,30.8,17.02,eia.gov,false,""
2023-10-29T12:00:00.000000,USA,Midcontinent ISO,US-MIDW-MISO,475.75,546.21,28.92,15.73,eia.gov,false,""
2023-10-29T13:00:00.000000,USA,Midcontinent ISO,US-MIDW-MISO,486.96,558.25,27.67,15.03,eia.gov,false,""
2023-10-29T14:00:00.000000,USA,Midcontinent ISO,US-MIDW-MISO,488.04,560.23,27.05,14.75,eia.gov,false,""
2023-10-29T15:00:00.000000,USA,Midcontinent ISO,US-MIDW-MISO,498.02,571.44,25.6,13.74,eia.gov,false,""
2023-10-29T16:00:00.000000,USA,Midcontinent ISO,US-MIDW-MISO,500.54,574.14,25.33,13.77,eia.gov,false,""
2023-10-29T17:00:00.000000,USA,Midcontinent ISO,US-MIDW-MISO,511.14,585.52,24.1,12.94,eia.gov,false,""
2023-10-29T18:00:00.000000,USA,Midcontinent ISO,US-MIDW-MISO,508.76,582.62,24.6,13.65,eia.gov,false,""
2023-10-29T19:00:00.000000,USA,Midcontinent ISO,US-MIDW-MISO,497.27,569.78,26.24,15.5,eia.gov,false,""
2023-10-29T20:00:00.000000,USA,Midcontinent ISO,US-MIDW-MISO,488.71,560.13,27.51,17.06,eia.gov,false,""
2023-10-29T21:00:00.000000,USA,Midcontinent ISO,US-MIDW-MISO,479.46,549.85,28.77,18.42,eia.gov,false,""
2023-10-29T22:00:00.000000,USA,Midcontinent ISO,US-MIDW-MISO,479.13,550.31,28.23,18.0,eia.gov,false,""
2023-10-29T23:00:00.000000,USA,Midcontinent ISO,US-MIDW-MISO,480.11,551.04,28.38,17.88,eia.gov,false,""
2023-10-30T00:00:00.000000,USA,Midcontinent ISO,US-MIDW-MISO,476.88,546.18,29.76,19.48,eia.gov,false,""
2023-10-30T01:00:00.000000,USA,Midcontinent ISO,US-MIDW-MISO,477.11,545.21,30.48,19.88,eia.gov,false,""
2023-10-30T02:00:00.000000,USA,Midcontinent ISO,US-MIDW-MISO,475.82,543.56,30.73,19.32,eia.gov,false,""
2023-10-30T03:00:00.000000,USA,Midcontinent ISO,US-MIDW-MISO,463.03,529.18,32.63,20.63,eia.gov,false,""
2023-10-30T04:00:00.000000,USA,Midcontinent ISO,US-MIDW-MISO,432.76,497.13,35.84,23.09,eia.gov,false,""
2023-10-30T05:00:00.000000,USA,Midcontinent ISO,US-MIDW-MISO,408.52,471.61,38.31,24.85,eia.gov,false,""
2023-10-30T06:00:00.000000,USA,Midcontinent ISO,US-MIDW-MISO,392.95,455.11,39.97,26.05,eia.gov,false,""
2023-10-30T07:00:00.000000,USA,Midcontinent ISO,US-MIDW-MISO,386.98,448.83,40.57,26.38,eia.gov,false,""
2023-10-30T08:00:00.000000,USA,Midcontinent ISO,US-MIDW-MISO,395.54,458.08,39.54,25.25,eia.gov,false,""
2023-10-30T09:00:00.000000,USA,Midcontinent ISO,US-MIDW-MISO,417.64,482.95,36.21,22.51,eia.gov,false,""
2023-10-30T10:00:00.000000,USA,Midcontinent ISO,US-MIDW-MISO,448.28,517.79,31.36,19.11,eia.gov,false,""
2023-10-30T11:00:00.000000,USA,Midcontinent ISO,US-MIDW-MISO,454.09,523.93,30.93,20.01,eia.gov,false,""
2023-10-30T12:00:00.000000,USA,Midcontinent ISO,US-MIDW-MISO,476.01,548.23,27.76,17.26,eia.gov,false,""
2023-10-30T13:00:00.000000,USA,Midcontinent ISO,US-MIDW-MISO,486.1,559.39,26.42,16.33,eia.gov,false,""
2023-10-30T14:00:00.000000,USA,Midcontinent ISO,US-MIDW-MISO,486.03,558.78,26.96,16.57,eia.gov,false,""
2023-10-30T15:00:00.000000,USA,Midcontinent ISO,US-MIDW-MISO,477.54,548.94,28.44,18.09,eia.gov,false,""
2023-10-30T16:00:00.000000,USA,Midcontinent ISO,US-MIDW-MISO,469.22,539.01,30.07,19.87,eia.gov,false,""
2023-10-30T17:00:00.000000,USA,Midcontinent ISO,US-MIDW-MISO,455.94,524.37,31.85,21.58,eia.gov,false,""
2023-10-30T18:00:00.000000,USA,Midcontinent ISO,US-MIDW-MISO,444.76,511.95,33.41,23.17,eia.gov,false,""
2023-10-30T19:00:00.000000,USA,Midcontinent ISO,US-MIDW-MISO,432.09,498.2,35.0,24.83,eia.gov,false,""
2023-10-30T20:00:00.000000,USA,Midcontinent ISO,US-MIDW-MISO,423.76,489.61,35.74,25.71,eia.gov,false,""
2023-10-30T21:00:00.000000,USA,Midcontinent ISO,US-MIDW-MISO,428.79,495.37,34.82,24.92,eia.gov,false,""
2023-10-30T22:00:00.000000,USA,Midcontinent ISO,US-MIDW-MISO,440.23,508.85,32.57,22.87,eia.gov,false,""
2023-10-30T23:00:00.000000,USA,Midcontinent ISO,US-MIDW-MISO,449.72,518.79,31.68,22.26,eia.gov,false,""
2023-10-31T00:00:00.000000,USA,Midcontinent ISO,US-MIDW-MISO,447.47,514.62,33.16,23.92,eia.gov,false,""
2023-10-31T01:00:00.000000,USA,Midcontinent ISO,US-MIDW-MISO,435.02,499.48,35.75,26.12,eia.gov,false,""
2023-10-31T02:00:00.000000,USA,Midcontinent ISO,US-MIDW-MISO,424.01,487.24,37.22,26.94,eia.gov,false,""
2023-10-31T03:00:00.000000,USA,Midcontinent ISO,US-MIDW-MISO,418.8,481.31,37.97,27.09,eia.gov,false,""
2023-10-31T04:00:00.000000,USA,Midcontinent ISO,US-MIDW-MISO,414.91,476.84,38.6,27.16,eia.gov,false,""
2023-10-31T05:00:00.000000,USA,Midcontinent ISO,US-MIDW-MISO,411.85,473.93,38.72,26.31,eia.gov,false,""
2023-10-31T06:00:00.000000,USA,Midcontinent ISO,US-MIDW-MISO,418.25,481.16,37.73,24.99,eia.gov,false,""
2023-10-31T07:00:00.000000,USA,Midcontinent ISO,US-MIDW-MISO,422.46,485.52,37.36,24.6,eia.gov,false,""
2023-10-31T08:00:00.000000,USA,Midcontinent ISO,US-MIDW-MISO,428.89,492.94,36.28,23.49,eia.gov,false,""
2023-10-31T09:00:00.000000,USA,Midcontinent ISO,US-MIDW-MISO,429.26,492.65,36.71,24.02,eia.gov,false,""
2023-10-31T10:00:00.000000,USA,Midcontinent ISO,US-MIDW-MISO,432.51,496.59,36.07,24.3,eia.gov,false,""
2023-10-31T11:00:00.000000,USA,Midcontinent ISO,US-MIDW-MISO,431.88,496.64,35.75,25.08,eia.gov,false,""
2023-10-31T12:00:00.000000,USA,Midcontinent ISO,US-MIDW-MISO,428.13,492.47,36.32,25.96,eia.gov,false,""
2023-10-31T13:00:00.000000,USA,Midcontinent ISO,US-MIDW-MISO,427.09,491.35,36.44,26.03,eia.gov,false,""
2023-10-31T14:00:00.000000,USA,Midcontinent ISO,US-MIDW-MISO,434.41,499.23,35.6,25.03,eia.gov,false,""
2023-10-31T15:00:00.000000,USA,Midcontinent ISO,US-MIDW-MISO,434.89,499.7,35.61,24.89,eia.gov,false,""
2023-10-31T16:00:00.000000,USA,Midcontinent ISO,US-MIDW-MISO,428.25,491.95,36.79,25.88,eia.gov,false,""
2023-10-31T17:00:00.000000,USA,Midcontinent ISO,US-MIDW-MISO,427.39,491.04,36.88,25.81,eia.gov,false,""
2023-10-31T18:00:00.000000,USA,Midcontinent ISO,US-MIDW-MISO,438.23,502.73,35.57,24.4,eia.gov,false,""
2023-10-31T19:00:00.000000,USA,Midcontinent ISO,US-MIDW-MISO,439.31,504.13,35.28,23.88,eia.gov,false,""
2023-10-31T20:00:00.000000,USA,Midcontinent ISO,US-MIDW-MISO,443.85,509.43,34.47,23.1,eia.gov,false,""
2023-10-31T21:00:00.000000,USA,Midcontinent ISO,US-MIDW-MISO,443.67,510.12,33.95,22.75,eia.gov,false,""
2023-10-31T22:00:00.000000,USA,Midcontinent ISO,US-MIDW-MISO,450.51,519.34,31.91,20.79,eia.gov,false,""
2023-10-31T23:00:00.000000,USA,Midcontinent ISO,US-MIDW-MISO,472.96,544.58,28.49,17.61,eia.gov,false,""
2023-11-01T00:00:00.000000,USA,Midcontinent ISO,US-MIDW-MISO,482.15,554.47,27.42,16.47,eia.gov,false,""
2023-11-01T01:00:00.000000,USA,Midcontinent ISO,US-MIDW-MISO,486.97,559.74,26.76,15.72,eia.gov,false,""
2023-11-01T02:00:00.000000,USA,Midcontinent ISO,US-MIDW-MISO,494.31,567.43,25.92,14.54,eia.gov,false,""
2023-11-01T03:00:00.000000,USA,Midcontinent ISO,US-MIDW-MISO,502.38,575.56,25.28,13.45,eia.gov,false,""
2023-11-01T04:00:00.000000,USA,Midcontinent ISO,US-MIDW-MISO,506.44,579.53,25.07,13.12,eia.gov,false,""
2023-11-01T05:00:00.000000,USA,Midcontinent ISO,US-MIDW-MISO,498.6,569.59,27.0,14.53,eia.gov,false,""
2023-11-01T06:00:00.000000,USA,Midcontinent ISO,US-MIDW-MISO,487.09,557.57,28.1,15.33,eia.gov,false,""
2023-11-01T07:00:00.000000,USA,Midcontinent ISO,US-MIDW-MISO,484.11,554.27,28.51,15.89,eia.gov,false,""
2023-11-01T08:00:00.000000,USA,Midcontinent ISO,US-MIDW-MISO,485.13,555.22,28.49,16.29,eia.gov,false,""
2023-11-01T09:00:00.000000,USA,Midcontinent ISO,US-MIDW-MISO,482.55,552.72,28.64,17.1,eia.gov,false,""
2023-11-01T10:00:00.000000,USA,Midcontinent ISO,US-MIDW-MISO,474.64,545.71,28.63,18.29,eia.gov,false,""
2023-11-01T11:00:00.000000,USA,Midcontinent ISO,US-MIDW-MISO,464.41,535.34,29.58,20.26,eia.gov,false,""
2023-11-01T12:00:00.000000,USA,Midcontinent ISO,US-MIDW-MISO,464.97,536.3,29.25,20.21,eia.gov,false,""
2023-11-01T13:00:00.000000,USA,Midcontinent ISO,US-MIDW-MISO,466.54,537.88,29.16,19.89,eia.gov,false,""
2023-11-01T14:00:00.000000,USA,Midcontinent ISO,US-MIDW-MISO,458.5,527.16,31.61,21.98,eia.gov,false,""
2023-11-01T15:00:00.000000,USA,Midcontinent ISO,US-MIDW-MISO,460.61,528.4,32.04,22.37,eia.gov,false,""
2023-11-01T16:00:00.000000,USA,Midcontinent ISO,US-MIDW-MISO,457.55,524.0,33.12,23.15,eia.gov,false,""
2023-11-01T17:00:00.000000,USA,Midcontinent ISO,US-MIDW-MISO,453.24,519.21,33.72,23.48,eia.gov,false,""
2023-11-01T18:00:00.000000,USA,Midcontinent ISO,US-MIDW-MISO,446.34,511.63,34.66,24.02,eia.gov,false,""
2023-11-01T19:00:00.000000,USA,Midcontinent ISO,US-MIDW-MISO,439.14,504.18,35.32,24.51,eia.gov,false,""
2023-11-01T20:00:00.000000,USA,Midcontinent ISO,US-MIDW-MISO,444.64,510.65,34.28,23.47,eia.gov,false,""
2023-11-01T21:00:00.000000,USA,Midcontinent ISO,US-MIDW-MISO,459.06,527.39,31.7,20.94,eia.gov,false,""
2023-11-01T22:00:00.000000,USA,Midcontinent ISO,US-MIDW-MISO,473.93,544.97,28.86,18.27,eia.gov,false,""
2023-11-01T23:00:00.000000,USA,Midcontinent ISO,US-MIDW-MISO,491.66,565.11,26.02,16.0,eia.gov,false,""
2023-11-02T00:00:00.000000,USA,Midcontinent ISO,US-MIDW-MISO,493.29,565.75,26.52,16.67,eia.gov,false,""
2023-11-02T01:00:00.000000,USA,Midcontinent ISO,US-MIDW-MISO,495.18,566.54,27.05,16.73,eia.gov,false,""
2023-11-02T02:00:00.000000,USA,Midcontinent ISO,US-MIDW-MISO,500.53,571.08,27.19,16.5,eia.gov,false,""
2023-11-02T03:00:00.000000,USA,Midcontinent ISO,US-MIDW-MISO,495.8,565.2,28.27,17.09,eia.gov,false,""
2023-11-02T04:00:00.000000,USA,Midcontinent ISO,US-MIDW-MISO,496.68,566.77,27.74,16.44,eia.gov,false,""
2023-11-02T05:00:00.000000,USA,Midcontinent ISO,US-MIDW-MISO,489.53,560.36,27.71,15.92,eia.gov,false,""
2023-11-02T06:00:00.000000,USA,Midcontinent ISO,US-MIDW-MISO,489.03,560.94,27.04,14.85,eia.gov,false,""
2023-11-02T07:00:00.000000,USA,Midcontinent ISO,US-MIDW-MISO,496.91,570.19,25.6,13.49,eia.gov,false,""
2023-11-02T08:00:00.000000,USA,Midcontinent ISO,US-MIDW-MISO,508.37,582.87,24.01,12.06,eia.gov,false,""
2023-11-02T09:00:00.000000,USA,Midcontinent ISO,US-MIDW-MISO,519.03,595.2,22.2,10.78,eia.gov,false,""
2023-11-02T10:00:00.000000,USA,Midcontinent ISO,US-MIDW-MISO,517.03,595.36,21.02,10.76,eia.gov,false,""
2023-11-02T11:00:00.000000,USA,Midcontinent ISO,US-MIDW-MISO,505.36,584.88,21.16,11.74,eia.gov,false,""
2023-11-02T12:00:00.000000,USA,Midcontinent ISO,US-MIDW-MISO,503.55,584.05,20.58,11.11,eia.gov,false,""
2023-11-02T13:00:00.000000,USA,Midcontinent ISO,US-MIDW-MISO,499.88,578.32,22.32,12.24,eia.gov,false,""
2023-11-02T14:00:00.000000,USA,Midcontinent ISO,US-MIDW-MISO,501.03,578.66,22.87,12.14,eia.gov,false,""
2023-11-02T15:00:00.000000,USA,Midcontinent ISO,US-MIDW-MISO,511.39,588.61,22.45,11.22,eia.gov,false,""
2023-11-02T16:00:00.000000,USA,Midcontinent ISO,US-MIDW-MISO,517.98,594.55,22.39,10.72,eia.gov,false,""
2023-11-02T17:00:00.000000,USA,Midcontinent ISO,US-MIDW-MISO,517.09,591.94,23.6,11.61,eia.gov,false,""
2023-11-02T18:00:00.000000,USA,Midcontinent ISO,US-MIDW-MISO,504.86,577.08,26.2,14.05,eia.gov,false,""
2023-11-02T19:00:00.000000,USA,Midcontinent ISO,US-MIDW-MISO,489.8,560.28,28.38,16.01,eia.gov,false,""
2023-11-02T20:00:00.000000,USA,Midcontinent ISO,US-MIDW-MISO,474.1,543.46,30.16,17.54,eia.gov,false,""
2023-11-02T21:00:00.000000,USA,Midcontinent ISO,US-MIDW-MISO,477.65,547.68,29.34,17.06,eia.gov,false,""
2023-11-02T22:00:00.000000,USA,Midcontinent ISO,US-MIDW-MISO,488.78,559.57,27.99,16.24,eia.gov,false,""
2023-11-02T23:00:00.000000,USA,Midcontinent ISO,US-MIDW-MISO,482.72,552.1,29.24,17.82,eia.gov,false,""
2023-11-03T00:00:00.000000,USA,Midcontinent ISO,US-MIDW-MISO,454.43,519.87,33.71,22.38,eia.gov,false,""
2023-11-03T01:00:00.000000,USA,Midcontinent ISO,US-MIDW-MISO,425.81,488.49,37.44,26.1,eia.gov,false,""
2023-11-03T02:00:00.000000,USA,Midcontinent ISO,US-MIDW-MISO,415.43,477.33,38.62,27.05,eia.gov,false,""
2023-11-03T03:00:00.000000,USA,Midcontinent ISO,US-MIDW-MISO,409.28,469.71,40.0,28.05,eia.gov,false,""
2023-11-03T04:00:00.000000,USA,Midcontinent ISO,US-MIDW-MISO,402.92,462.19,41.19,29.01,eia.gov,false,""
2023-11-03T05:00:00.000000,USA,Midcontinent ISO,US-MIDW-MISO,394.82,452.59,42.74,30.0,eia.gov,false,""
2023-11-03T06:00:00.000000,USA,Midcontinent ISO,US-MIDW-MISO,382.71,440.4,43.59,30.45,eia.gov,false,""
2023-11-03T07:00:00.000000,USA,Midcontinent ISO,US-MIDW-MISO,384.84,444.11,42.39,29.3,eia.gov,false,""
2023-11-03T08:00:00.000000,USA,Midcontinent ISO,US-MIDW-MISO,394.39,455.54,40.5,27.75,eia.gov,false,""
2023-11-03T09:00:00.000000,USA,Midcontinent ISO,US-MIDW-MISO,406.12,468.91,38.63,26.19,eia.gov,false,""
2023-11-03T10:00:00.000000,USA,Midcontinent ISO,US-MIDW-MISO,421.46,485.9,36.56,24.82,eia.gov,false,""
2023-11-03T11:00:00.000000,USA,Midcontinent ISO,US-MIDW-MISO,426.91,492.58,35.56,24.6,eia.gov,false,""
2023-11-03T12:00:00.000000,USA,Midcontinent ISO,US-MIDW-MISO,445.06,511.87,33.59,22.77,eia.gov,false,""
2023-11-03T13:00:00.000000,USA,Midcontinent ISO,US-MIDW-MISO,453.12,519.31,33.49,22.49,eia.gov,false,""
2023-11-03T14:00:00.000000,USA,Midcontinent ISO,US-MIDW-MISO,452.63,519.63,33.03,21.31,eia.gov,false,""
2023-11-03T15:00:00.000000,USA,Midcontinent ISO,US-MIDW-MISO,456.97,525.03,32.06,19.72,eia.gov,false,""
2023-11-03T16:00:00.000000,USA,Midcontinent ISO,US-MIDW-MISO,460.76,528.92,31.76,19.15,eia.gov,false,""
2023-11-03T17:00:00.000000,USA,Midcontinent ISO,US-MIDW-MISO,458.63,526.48,32.1,19.09,eia.gov,false,""
2023-11-03T18:00:00.000000,USA,Midcontinent ISO,US-MIDW-MISO,457.59,525.91,31.86,18.54,eia.gov,false,""
2023-11-03T19:00:00.000000,USA,Midcontinent ISO,US-MIDW-MISO,457.75,526.29,31.68,18.17,eia.gov,false,""
2023-11-03T20:00:00.000000,USA,Midcontinent ISO,US-MIDW-MISO,461.24,530.48,30.93,17.28,eia.gov,false,""
2023-11-03T21:00:00.000000,USA,Midcontinent ISO,US-MIDW-MISO,477.02,547.88,28.73,15.44,eia.gov,false,""
2023-11-03T22:00:00.000000,USA,Midcontinent ISO,US-MIDW-MISO,485.05,556.29,27.93,15.09,eia.gov,false,""
2023-11-03T23:00:00.000000,USA,Midcontinent ISO,US-MIDW-MISO,492.09,563.49,27.29,14.61,eia.gov,false,""
2023-11-04T00:00:00.000000,USA,Midcontinent ISO,US-MIDW-MISO,486.39,557.26,27.95,15.09,eia.gov,false,""
2023-11-04T01:00:00.000000,USA,Midcontinent ISO,US-MIDW-MISO,472.19,541.23,30.1,16.8,eia.gov,false,""
2023-11-04T02:00:00.000000,USA,Midcontinent ISO,US-MIDW-MISO,455.02,523.26,31.75,17.72,eia.gov,false,""
2023-11-04T03:00:00.000000,USA,Midcontinent ISO,US-MIDW-MISO,451.25,520.03,31.65,17.07,eia.gov,false,""
2023-11-04T04:00:00.000000,USA,Midcontinent ISO,US-MIDW-MISO,461.75,530.88,30.72,15.61,eia.gov,false,""
2023-11-04T05:00:00.000000,USA,Midcontinent ISO,US-MIDW-MISO,464.87,535.1,29.76,14.2,eia.gov,false,""
2023-11-04T06:00:00.000000,USA,Midcontinent ISO,US-MIDW-MISO,473.79,544.93,28.57,12.47,eia.gov,false,""
2023-11-04T07:00:00.000000,USA,Midcontinent ISO,US-MIDW-MISO,484.74,557.21,26.95,10.84,eia.gov,false,""
2023-11-04T08:00:00.000000,USA,Midcontinent ISO,US-MIDW-MISO,498.66,572.18,25.33,9.29,eia.gov,false,""
2023-11-04T09:00:00.000000,USA,Midcontinent ISO,US-MIDW-MISO,508.63,583.08,24.05,8.04,eia.gov,false,""
2023-11-04T10:00:00.000000,USA,Midcontinent ISO,US-MIDW-MISO,516.57,592.52,22.53,7.3,eia.gov,false,""
2023-11-04T11:00:00.000000,USA,Midcontinent ISO,US-MIDW-MISO,518.04,594.91,21.84,7.28,eia.gov,false,""
2023-11-04T12:00:00.000000,USA,Midcontinent ISO,US-MIDW-MISO,511.03,586.96,23.1,9.27,eia.gov,false,""
2023-11-04T13:00:00.000000,USA,Midcontinent ISO,US-MIDW-MISO,509.61,584.97,23.64,10.15,eia.gov,false,""
2023-11-04T14:00:00.000000,USA,Midcontinent ISO,US-MIDW-MISO,508.88,584.38,23.75,10.31,eia.gov,false,""
2023-11-04T15:00:00.000000,USA,Midcontinent ISO,US-MIDW-MISO,511.55,587.35,23.43,9.29,eia.gov,false,""
2023-11-04T16:00:00.000000,USA,Midcontinent ISO,US-MIDW-MISO,520.85,597.02,22.53,7.94,eia.gov,false,""
2023-11-04T17:00:00.000000,USA,Midcontinent ISO,US-MIDW-MISO,509.36,584.97,23.66,8.57,eia.gov,false,""
2023-11-04T18:00:00.000000,USA,Midcontinent ISO,US-MIDW-MISO,499.65,575.01,24.48,8.97,eia.gov,false,""
2023-11-04T19:00:00.000000,USA,Midcontinent ISO,US-MIDW-MISO,492.36,567.65,25.04,9.57,eia.gov,false,""
2023-11-04T20:00:00.000000,USA,Midcontinent ISO,US-MIDW-MISO,491.75,566.98,25.07,9.96,eia.gov,false,""
2023-11-04T21:00:00.000000,USA,Midcontinent ISO,US-MIDW-MISO,496.85,572.55,24.33,9.8,eia.gov,false,""
2023-11-04T22:00:00.000000,USA,Midcontinent ISO,US-MIDW-MISO,505.51,581.53,23.5,9.41,eia.gov,false,""
2023-11-04T23:00:00.000000,USA,Midcontinent ISO,US-MIDW-MISO,507.96,584.09,23.18,9.27,eia.gov,false,""
2023-11-05T00:00:00.000000,USA,Midcontinent ISO,US-MIDW-MISO,512.2,588.1,22.9,8.92,eia.gov,false,""
2023-11-05T01:00:00.000000,USA,Midcontinent ISO,US-MIDW-MISO,500.07,573.65,25.19,10.99,eia.gov,false,""
2023-11-05T02:00:00.000000,USA,Midcontinent ISO,US-MIDW-MISO,482.09,553.99,27.5,13.13,eia.gov,false,""
2023-11-05T03:00:00.000000,USA,Midcontinent ISO,US-MIDW-MISO,463.13,533.58,29.74,14.73,eia.gov,false,""
2023-11-05T04:00:00.000000,USA,Midcontinent ISO,US-MIDW-MISO,447.09,516.06,31.8,16.55,eia.gov,false,""
2023-11-05T05:00:00.000000,USA,Midcontinent ISO,US-MIDW-MISO,445.1,512.47,33.0,17.63,eia.gov,false,""
2023-11-05T06:00:00.000000,USA,Midcontinent ISO,US-MIDW-MISO,440.22,506.65,33.94,18.37,eia.gov,false,""
2023-11-05T07:00:00.000000,USA,Midcontinent ISO,US-MIDW-MISO,436.84,502.99,34.36,18.47,eia.gov,false,""
2023-11-05T08:00:00.000000,USA,Midcontinent ISO,US-MIDW-MISO,440.45,506.93,33.9,17.77,eia.gov,false,""
2023-11-05T09:00:00.000000,USA,Midcontinent ISO,US-MIDW-MISO,432.93,498.52,35.01,18.95,eia.gov,false,""
2023-11-05T10:00:00.000000,USA,Midcontinent ISO,US-MIDW-MISO,429.13,494.61,35.33,19.62,eia.gov,false,""
2023-11-05T11:00:00.000000,USA,Midcontinent ISO,US-MIDW-MISO,437.03,502.13,35.05,20.15,eia.gov,false,""
2023-11-05T12:00:00.000000,USA,Midcontinent ISO,US-MIDW-MISO,445.22,509.97,34.76,20.58,eia.gov,false,""
2023-11-05T13:00:00.000000,USA,Midcontinent ISO,US-MIDW-MISO,443.68,507.32,35.72,22.24,eia.gov,false,""
2023-11-05T14:00:00.000000,USA,Midcontinent ISO,US-MIDW-MISO,423.0,485.07,38.35,24.46,eia.gov,false,""
2023-11-05T15:00:00.000000,USA,Midcontinent ISO,US-MIDW-MISO,413.48,475.91,38.82,24.69,eia.gov,false,""
2023-11-05T16:00:00.000000,USA,Midcontinent ISO,US-MIDW-MISO,402.75,464.03,40.32,26.03,eia.gov,false,""
2023-11-05T17:00:00.000000,USA,Midcontinent ISO,US-MIDW-MISO,402.84,463.35,40.83,26.32,eia.gov,false,""
2023-11-05T18:00:00.000000,USA,Midcontinent ISO,US-MIDW-MISO,416.22,477.36,39.5,25.52,eia.gov,false,""
2023-11-05T19:00:00.000000,USA,Midcontinent ISO,US-MIDW-MISO,420.15,481.81,38.87,25.22,eia.gov,false,""
2023-11-05T20:00:00.000000,USA,Midcontinent ISO,US-MIDW-MISO,424.67,486.98,38.09,24.63,eia.gov,false,""
2023-11-05T21:00:00.000000,USA,Midcontinent ISO,US-MIDW-MISO,426.63,488.67,38.08,24.95,eia.gov,false,""
2023-11-05T22:00:00.000000,USA,Midcontinent ISO,US-MIDW-MISO,421.79,483.48,38.64,26.1,eia.gov,false,""
2023-11-05T23:00:00.000000,USA,Midcontinent ISO,US-MIDW-MISO,416.02,477.37,39.18,27.15,eia.gov,false,""
2023-11-06T00:00:00.000000,USA,Midcontinent ISO,US-MIDW-MISO,414.03,475.1,39.41,27.32,eia.gov,false,""
2023-11-06T01:00:00.000000,USA,Midcontinent ISO,US-MIDW-MISO,418.5,478.63,39.63,27.36,eia.gov,false,""
2023-11-06T02:00:00.000000,USA,Midcontinent ISO,US-MIDW-MISO,412.89,471.81,40.77,27.86,eia.gov,false,""
2023-11-06T03:00:00.000000,USA,Midcontinent ISO,US-MIDW-MISO,410.81,469.24,41.24,27.7,eia.gov,false,""
2023-11-06T04:00:00.000000,USA,Midcontinent ISO,US-MIDW-MISO,403.1,459.31,43.23,28.94,eia.gov,false,""
2023-11-06T05:00:00.000000,USA,Midcontinent ISO,US-MIDW-MISO,399.32,454.4,44.24,28.81,eia.gov,false,""
2023-11-06T06:00:00.000000,USA,Midcontinent ISO,US-MIDW-MISO,392.55,446.52,45.43,29.55,eia.gov,false,""
2023-11-06T07:00:00.000000,USA,Midcontinent ISO,US-MIDW-MISO,385.94,438.62,46.73,30.7,eia.gov,false,""
2023-11-06T08:00:00.000000,USA,Midcontinent ISO,US-MIDW-MISO,376.73,428.99,47.64,31.65,eia.gov,false,""
2023-11-06T09:00:00.000000,USA,Midcontinent ISO,US-MIDW-MISO,367.62,420.48,47.83,32.13,eia.gov,false,""
2023-11-06T10:00:00.000000,USA,Midcontinent ISO,US-MIDW-MISO,366.07,419.65,47.45,32.64,eia.gov,false,""
2023-11-06T11:00:00.000000,USA,Midcontinent ISO,US-MIDW-MISO,365.66,420.9,46.46,33.05,eia.gov,false,""
2023-11-06T12:00:00.000000,USA,Midcontinent ISO,US-MIDW-MISO,373.79,431.7,44.14,32.01,eia.gov,false,""
2023-11-06T13:00:00.000000,USA,Midcontinent ISO,US-MIDW-MISO,387.03,446.94,41.93,29.91,eia.gov,false,""
2023-11-06T14:00:00.000000,USA,Midcontinent ISO,US-MIDW-MISO,375.23,434.31,43.41,30.79,eia.gov,false,""
2023-11-06T15:00:00.000000,USA,Midcontinent ISO,US-MIDW-MISO,373.81,433.88,42.89,29.96,eia.gov,false,""
2023-11-06T16:00:00.000000,USA,Midcontinent ISO,US-MIDW-MISO,387.56,448.85,41.15,28.25,eia.gov,false,""
2023-11-06T17:00:00.000000,USA,Midcontinent ISO,US-MIDW-MISO,399.39,461.57,39.75,27.04,eia.gov,false,""
2023-11-06T18:00:00.000000,USA,Midcontinent ISO,US-MIDW-MISO,391.17,453.13,40.45,27.78,eia.gov,false,""
2023-11-06T19:00:00.000000,USA,Midcontinent ISO,US-MIDW-MISO,390.15,452.08,40.55,28.13,eia.gov,false,""
2023-11-06T20:00:00.000000,USA,Midcontinent ISO,US-MIDW-MISO,386.98,449.74,40.23,27.96,eia.gov,false,""
2023-11-06T21:00:00.000000,USA,Midcontinent ISO,US-MIDW-MISO,397.27,462.14,38.16,26.08,eia.gov,false,""
2023-11-06T22:00:00.000000,USA,Midcontinent ISO,US-MIDW-MISO,423.15,491.61,34.02,22.22,eia.gov,false,""
2023-11-06T23:00:00.000000,USA,Midcontinent ISO,US-MIDW-MISO,440.24,510.45,31.67,19.64,eia.gov,false,""
2023-11-07T00:00:00.000000,USA,Midcontinent ISO,US-MIDW-MISO,441.43,511.47,31.69,19.11,eia.gov,false,""
2023-11-07T01:00:00.000000,USA,Midcontinent ISO,US-MIDW-MISO,446.36,516.76,31.04,18.06,eia.gov,false,""
2023-11-07T02:00:00.000000,USA,Midcontinent ISO,US-MIDW-MISO,446.77,516.52,31.4,17.7,eia.gov,false,""
2023-11-07T03:00:00.000000,USA,Midcontinent ISO,US-MIDW-MISO,444.09,513.24,31.87,17.36,eia.gov,false,""
2023-11-07T04:00:00.000000,USA,Midcontinent ISO,US-MIDW-MISO,443.19,512.3,31.93,16.95,eia.gov,false,""
2023-11-07T05:00:00.000000,USA,Midcontinent ISO,US-MIDW-MISO,432.56,501.49,32.76,16.59,eia.gov,false,""
2023-11-07T06:00:00.000000,USA,Midcontinent ISO,US-MIDW-MISO,422.84,491.84,33.36,16.3,eia.gov,false,""
2023-11-07T07:00:00.000000,USA,Midcontinent ISO,US-MIDW-MISO,422.16,490.99,33.52,16.18,eia.gov,false,""
2023-11-07T08:00:00.000000,USA,Midcontinent ISO,US-MIDW-MISO,419.11,486.76,34.51,17.02,eia.gov,false,""
2023-11-07T09:00:00.000000,USA,Midcontinent ISO,US-MIDW-MISO,421.51,489.26,34.29,16.89,eia.gov,false,""
2023-11-07T10:00:00.000000,USA,Midcontinent ISO,US-MIDW-MISO,420.68,488.39,34.38,17.42,eia.gov,false,""
2023-11-07T11:00:00.000000,USA,Midcontinent ISO,US-MIDW-MISO,423.28,492.9,33.01,17.76,eia.gov,false,""
2023-11-07T12:00:00.000000,USA,Midcontinent ISO,US-MIDW-MISO,445.81,516.9,30.47,16.3,eia.gov,false,""
2023-11-07T13:00:00.000000,USA,Midcontinent ISO,US-MIDW-MISO,448.3,518.35,31.1,17.25,eia.gov,false,""
2023-11-07T14:00:00.000000,USA,Midcontinent ISO,US-MIDW-MISO,431.69,499.97,33.54,19.55,eia.gov,false,""
2023-11-07T15:00:00.000000,USA,Midcontinent ISO,US-MIDW-MISO,430.06,498.3,33.71,19.94,eia.gov,false,""
2023-11-07T16:00:00.000000,USA,Midcontinent ISO,US-MIDW-MISO,436.05,504.71,33.03,19.59,eia.gov,false,""
2023-11-07T17:00:00.000000,USA,Midcontinent ISO,US-MIDW-MISO,440.72,510.44,32.01,18.82,eia.gov,false,""
2023-11-07T18:00:00.000000,USA,Midcontinent ISO,US-MIDW-MISO,441.52,511.46,31.81,18.7,eia.gov,false,""
2023-11-07T19:00:00.000000,USA,Midcontinent ISO,US-MIDW-MISO,445.84,516.37,31.12,18.28,eia.gov,false,""
2023-11-07T20:00:00.000000,USA,Midcontinent ISO,US-MIDW-MISO,436.33,505.9,32.43,19.52,eia.gov,false,""
2023-11-07T21:00:00.000000,USA,Midcontinent ISO,US-MIDW-MISO,432.35,501.33,33.05,20.28,eia.gov,false,""
2023-11-07T22:00:00.000000,USA,Midcontinent ISO,US-MIDW-MISO,434.61,503.21,33.08,20.85,eia.gov,false,""
2023-11-07T23:00:00.000000,USA,Midcontinent ISO,US-MIDW-MISO,425.91,493.29,34.42,22.08,eia.gov,false,""
2023-11-08T00:00:00.000000,USA,Midcontinent ISO,US-MIDW-MISO,416.63,483.24,35.48,22.92,eia.gov,false,""
2023-11-08T01:00:00.000000,USA,Midcontinent ISO,US-MIDW-MISO,405.24,471.25,36.56,23.65,eia.gov,false,""
2023-11-08T02:00:00.000000,USA,Midcontinent ISO,US-MIDW-MISO,401.91,467.34,37.15,23.7,eia.gov,false,""
2023-11-08T03:00:00.000000,USA,Midcontinent ISO,US-MIDW-MISO,392.74,457.11,38.46,24.2,eia.gov,false,""
2023-11-08T04:00:00.000000,USA,Midcontinent ISO,US-MIDW-MISO,384.9,449.56,38.8,23.68,eia.gov,false,""
2023-11-08T05:00:00.000000,USA,Midcontinent ISO,US-MIDW-MISO,382.78,447.1,39.16,23.43,eia.gov,false,""
2023-11-08T06:00:00.000000,USA,Midcontinent ISO,US-MIDW-MISO,371.14,434.64,40.49,24.32,eia.gov,false,""
2023-11-08T07:00:00.000000,USA,Midcontinent ISO,US-MIDW-MISO,365.24,428.3,41.18,24.5,eia.gov,false,""
2023-11-08T08:00:00.000000,USA,Midcontinent ISO,US-MIDW-MISO,370.41,434.28,40.3,23.1,eia.gov,false,""
2023-11-08T09:00:00.000000,USA,Midcontinent ISO,US-MIDW-MISO,383.89,450.04,37.88,20.69,eia.gov,false,""
2023-11-08T10:00:00.000000,USA,Midcontinent ISO,US-MIDW-MISO,396.26,463.86,36.09,19.45,eia.gov,false,""
2023-11-08T11:00:00.000000,USA,Midcontinent ISO,US-MIDW-MISO,408.44,478.17,33.92,18.7,eia.gov,false,""
2023-11-08T12:00:00.000000,USA,Midcontinent ISO,US-MIDW-MISO,421.88,491.81,33.03,19.01,eia.gov,false,""
2023-11-08T13:00:00.000000,USA,Midcontinent ISO,US-MIDW-MISO,432.37,502.27,32.36,18.52,eia.gov,false,""
2023-11-08T14:00:00.000000,USA,Midcontinent ISO,US-MIDW-MISO,439.1,509.7,31.52,17.57,eia.gov,false,""
2023-11-08T15:00:00.000000,USA,Midcontinent ISO,US-MIDW-MISO,450.68,522.38,29.99,15.95,eia.gov,false,""
2023-11-08T16:00:00.000000,USA,Midcontinent ISO,US-MIDW-MISO,452.72,524.3,29.87,16.01,eia.gov,false,""
2023-11-08T17:00:00.000000,USA,Midcontinent ISO,US-MIDW-MISO,428.26,497.09,33.33,19.66,eia.gov,false,""
2023-11-08T18:00:00.000000,USA,Midcontinent ISO,US-MIDW-MISO,422.63,490.54,34.3,20.9,eia.gov,false,""
2023-11-08T19:00:00.000000,USA,Midcontinent ISO,US-MIDW-MISO,412.52,478.92,35.97,22.83,eia.gov,false,""
2023-11-08T20:00:00.000000,USA,Midcontinent ISO,US-MIDW-MISO,409.76,475.99,36.25,23.33,eia.gov,false,""
2023-11-08T21:00:00.000000,USA,Midcontinent ISO,US-MIDW-MISO,410.16,476.76,35.96,23.23,eia.gov,false,""
2023-11-08T22:00:00.000000,USA,Midcontinent ISO,US-MIDW-MISO,411.55,477.75,36.19,23.81,eia.gov,false,""
2023-11-08T23:00:00.000000,USA,Midcontinent ISO,US-MIDW-MISO,404.69,469.45,37.52,25.34,eia.gov,false,""
2023-11-09T00:00:00.000000,USA,Midcontinent ISO,US-MIDW-MISO,398.47,462.03,38.65,26.16,eia.gov,false,""
2023-11-09T01:00:00.000000,USA,Midcontinent ISO,US-MIDW-MISO,394.21,456.8,39.55,26.47,eia.gov,false,""
2023-11-09T02:00:00.000000,USA,Midcontinent ISO,US-MIDW-MISO,386.16,448.38,40.31,26.58,eia.gov,false,""
2023-11-09T03:00:00.000000,USA,Midcontinent ISO,US-MIDW-MISO,375.52,437.21,41.37,26.82,eia.gov,false,""
2023-11-09T04:00:00.000000,USA,Midcontinent ISO,US-MIDW-MISO,368.01,429.68,41.89,26.55,eia.gov,false,""
2023-11-09T05:00:00.000000,USA,Midcontinent ISO,US-MIDW-MISO,359.86,419.94,43.49,27.56,eia.gov,false,""
2023-11-09T06:00:00.000000,USA,Midcontinent ISO,US-MIDW-MISO,356.24,415.37,44.39,27.91,eia.gov,false,""
2023-11-09T07:00:00.000000,USA,Midcontinent ISO,US-MIDW-MISO,351.96,409.61,45.67,28.79,eia.gov,false,""
2023-11-09T08:00:00.000000,USA,Midcontinent ISO,US-MIDW-MISO,350.81,407.87,46.14,28.8,eia.gov,false,""
2023-11-09T09:00:00.000000,USA,Midcontinent ISO,US-MIDW-MISO,353.73,411.78,45.29,28.13,eia.gov,false,""
2023-11-09T10:00:00.000000,USA,Midcontinent ISO,US-MIDW-MISO,354.51,412.96,44.96,28.16,eia.gov,false,""
2023-11-09T11:00:00.000000,USA,Midcontinent ISO,US-MIDW-MISO,361.87,421.94,43.38,27.87,eia.gov,false,""
2023-11-09T12:00:00.000000,USA,Midcontinent ISO,US-MIDW-MISO,388.7,450.19,40.72,26.42,eia.gov,false,""
2023-11-09T13:00:00.000000,USA,Midcontinent ISO,US-MIDW-MISO,404.96,467.48,39.0,24.96,eia.gov,false,""
2023-11-09T14:00:00.000000,USA,Midcontinent ISO,US-MIDW-MISO,392.44,453.77,40.8,26.69,eia.gov,false,""
2023-11-09T15:00:00.000000,USA,Midcontinent ISO,US-MIDW-MISO,404.96,467.65,39.12,25.12,eia.gov,false,""
2023-11-09T16:00:00.000000,USA,Midcontinent ISO,US-MIDW-MISO,407.99,470.55,38.99,25.28,eia.gov,false,""
2023-11-09T17:00:00.000000,USA,Midcontinent ISO,US-MIDW-MISO,398.68,460.85,39.85,26.38,eia.gov,false,""
2023-11-09T18:00:00.000000,USA,Midcontinent ISO,US-MIDW-MISO,384.51,445.05,41.89,28.4,eia.gov,false,""
2023-11-09T19:00:00.000000,USA,Midcontinent ISO,US-MIDW-MISO,376.58,436.52,42.8,29.22,eia.gov,false,""
2023-11-09T20:00:00.000000,USA,Midcontinent ISO,US-MIDW-MISO,376.52,436.93,42.44,28.96,eia.gov,false,""
2023-11-09T21:00:00.000000,USA,Midcontinent ISO,US-MIDW-MISO,386.1,447.4,41.13,27.93,eia.gov,false,""
2023-11-09T22:00:00.000000,USA,Midcontinent ISO,US-MIDW-MISO,399.24,461.48,39.63,26.95,eia.gov,false,""
2023-11-09T23:00:00.000000,USA,Midcontinent ISO,US-MIDW-MISO,406.66,468.89,39.17,26.66,eia.gov,false,""
2023-11-10T00:00:00.000000,USA,Midcontinent ISO,US-MIDW-MISO,404.95,467.37,39.11,26.31,eia.gov,false,""
2023-11-10T01:00:00.000000,USA,Midcontinent ISO,US-MIDW-MISO,404.79,467.02,39.19,26.06,eia.gov,false,""
2023-11-10T02:00:00.000000,USA,Midcontinent ISO,US-MIDW-MISO,401.29,463.39,39.45,25.97,eia.gov,false,""
2023-11-10T03:00:00.000000,USA,Midcontinent ISO,US-MIDW-MISO,389.39,450.62,40.81,26.53,eia.gov,false,""
2023-11-10T04:00:00.000000,USA,Midcontinent ISO,US-MIDW-MISO,380.91,441.6,41.73,26.63,eia.gov,false,""
2023-11-10T05:00:00.000000,USA,Midcontinent ISO,US-MIDW-MISO,377.94,438.94,41.72,25.05,eia.gov,false,""
2023-11-10T06:00:00.000000,USA,Midcontinent ISO,US-MIDW-MISO,387.39,450.04,39.99,22.61,eia.gov,false,""
2023-11-10T07:00:00.000000,USA,Midcontinent ISO,US-MIDW-MISO,398.03,461.99,38.42,20.91,eia.gov,false,""
2023-11-10T08:00:00.000000,USA,Midcontinent ISO,US-MIDW-MISO,403.63,468.59,37.37,19.52,eia.gov,false,""
2023-11-10T09:00:00.000000,USA,Midcontinent ISO,US-MIDW-MISO,413.54,479.71,35.9,18.0,eia.gov,false,""
2023-11-10T10:00:00.000000,USA,Midcontinent ISO,US-MIDW-MISO,423.45,491.65,33.88,16.37,eia.gov,false,""
2023-11-10T11:00:00.000000,USA,Midcontinent ISO,US-MIDW-MISO,439.08,509.64,31.27,14.86,eia.gov,false,""
2023-11-10T12:00:00.000000,USA,Midcontinent ISO,US-MIDW-MISO,440.77,510.91,31.58,16.6,eia.gov,false,""
2023-11-10T13:00:00.000000,USA,Midcontinent ISO,US-MIDW-MISO,445.55,516.01,31.06,16.28,eia.gov,false,""
2023-11-10T14:00:00.000000,USA,Midcontinent ISO,US-MIDW-MISO,463.87,536.52,28.48,13.96,eia.gov,false,""
2023-11-10T15:00:00.000000,USA,Midcontinent ISO,US-MIDW-MISO,477.02,550.24,27.35,13.12,eia.gov,false,""
2023-11-10T16:00:00.000000,USA,Midcontinent ISO,US-MIDW-MISO,478.25,551.26,27.37,13.35,eia.gov,false,""
2023-11-10T17:00:00.000000,USA,Midcontinent ISO,US-MIDW-MISO,481.42,554.95,26.75,12.62,eia.gov,false,""
2023-11-10T18:00:00.000000,USA,Midcontinent ISO,US-MIDW-MISO,486.99,560.54,26.35,12.03,eia.gov,false,""
2023-11-10T19:00:00.000000,USA,Midcontinent ISO,US-MIDW-MISO,492.52,567.27,25.17,10.62,eia.gov,false,""
2023-11-10T20:00:00.000000,USA,Midcontinent ISO,US-MIDW-MISO,497.95,573.47,24.29,9.53,eia.gov,false,""
2023-11-10T21:00:00.000000,USA,Midcontinent ISO,US-MIDW-MISO,503.34,579.83,23.27,8.63,eia.gov,false,""
2023-11-10T22:00:00.000000,USA,Midcontinent ISO,US-MIDW-MISO,507.67,584.64,22.7,8.51,eia.gov,false,""
2023-11-10T23:00:00.000000,USA,Midcontinent ISO,US-MIDW-MISO,515.42,592.65,22.01,8.32,eia.gov,false,""
2023-11-11T00:00:00.000000,USA,Midcontinent ISO,US-MIDW-MISO,518.37,595.52,21.78,7.89,eia.gov,false,""
2023-11-11T01:00:00.000000,USA,Midcontinent ISO,US-MIDW-MISO,521.57,598.82,21.41,7.39,eia.gov,false,""
2023-11-11T02:00:00.000000,USA,Midcontinent ISO,US-MIDW-MISO,525.49,602.25,21.41,7.34,eia.gov,false,""
2023-11-11T03:00:00.000000,USA,Midcontinent ISO,US-MIDW-MISO,515.74,591.52,22.7,8.2,eia.gov,false,""
2023-11-11T04:00:00.000000,USA,Midcontinent ISO,US-MIDW-MISO,497.22,571.47,24.96,10.0,eia.gov,false,""
2023-11-11T05:00:00.000000,USA,Midcontinent ISO,US-MIDW-MISO,480.94,553.48,27.17,11.93,eia.gov,false,""
2023-11-11T06:00:00.000000,USA,Midcontinent ISO,US-MIDW-MISO,465.27,536.18,29.3,13.86,eia.gov,false,""
2023-11-11T07:00:00.000000,USA,Midcontinent ISO,US-MIDW-MISO,443.3,512.71,31.75,16.09,eia.gov,false,""
2023-11-11T08:00:00.000000,USA,Midcontinent ISO,US-MIDW-MISO,427.74,495.99,33.56,17.9,eia.gov,false,""
2023-11-11T09:00:00.000000,USA,Midcontinent ISO,US-MIDW-MISO,420.57,487.82,34.7,18.97,eia.gov,false,""
2023-11-11T10:00:00.000000,USA,Midcontinent ISO,US-MIDW-MISO,412.49,478.94,35.76,20.32,eia.gov,false,""
2023-11-11T11:00:00.000000,USA,Midcontinent ISO,US-MIDW-MISO,417.35,483.75,35.47,20.67,eia.gov,false,""
2023-11-11T12:00:00.000000,USA,Midcontinent ISO,US-MIDW-MISO,414.36,479.69,36.48,22.26,eia.gov,false,""
2023-11-11T13:00:00.000000,USA,Midcontinent ISO,US-MIDW-MISO,412.83,477.22,37.36,23.77,eia.gov,false,""
2023-11-11T14:00:00.000000,USA,Midcontinent ISO,US-MIDW-MISO,417.13,481.93,36.86,23.26,eia.gov,false,""
2023-11-11T15:00:00.000000,USA,Midcontinent ISO,US-MIDW-MISO,414.64,479.01,37.33,23.69,eia.gov,false,""
2023-11-11T16:00:00.000000,USA,Midcontinent ISO,US-MIDW-MISO,406.88,470.43,38.42,24.68,eia.gov,false,""
2023-11-11T17:00:00.000000,USA,Midcontinent ISO,US-MIDW-MISO,400.0,462.96,39.25,25.22,eia.gov,false,""
2023-11-11T18:00:00.000000,USA,Midcontinent ISO,US-MIDW-MISO,394.77,457.5,39.76,25.41,eia.gov,false,""
2023-11-11T19:00:00.000000,USA,Midcontinent ISO,US-MIDW-MISO,395.93,458.82,39.57,25.16,eia.gov,false,""
2023-11-11T20:00:00.000000,USA,Midcontinent ISO,US-MIDW-MISO,400.91,464.5,38.72,24.25,eia.gov,false,""
2023-11-11T21:00:00.000000,USA,Midcontinent ISO,US-MIDW-MISO,414.94,479.82,36.81,22.37,eia.gov,false,""
2023-11-11T22:00:00.000000,USA,Midcontinent ISO,US-MIDW-MISO,425.16,490.55,35.82,22.1,eia.gov,false,""
2023-11-11T23:00:00.000000,USA,Midcontinent ISO,US-MIDW-MISO,425.59,490.6,36.02,22.7,eia.gov,false,""
2023-11-12T00:00:00.000000,USA,Midcontinent ISO,US-MIDW-MISO,427.63,492.54,35.85,22.57,eia.gov,false,""
2023-11-12T01:00:00.000000,USA,Midcontinent ISO,US-MIDW-MISO,423.02,486.91,36.79,23.28,eia.gov,false,""
2023-11-12T02:00:00.000000,USA,Midcontinent ISO,US-MIDW-MISO,406.73,468.86,39.04,25.09,eia.gov,false,""
2023-11-12T03:00:00.000000,USA,Midcontinent ISO,US-MIDW-MISO,396.9,457.96,40.4,26.24,eia.gov,false,""
2023-11-12T04:00:00.000000,USA,Midcontinent ISO,US-MIDW-MISO,387.67,447.99,41.51,26.72,eia.gov,false,""
2023-11-12T05:00:00.000000,USA,Midcontinent ISO,US-MIDW-MISO,380.07,438.41,43.34,27.66,eia.gov,false,""
2023-11-12T06:00:00.000000,USA,Midcontinent ISO,US-MIDW-MISO,382.78,440.24,43.76,27.66,eia.gov,false,""
2023-11-12T07:00:00.000000,USA,Midcontinent ISO,US-MIDW-MISO,375.03,431.93,44.63,28.42,eia.gov,false,""
2023-11-12T08:00:00.000000,USA,Midcontinent ISO,US-MIDW-MISO,366.14,422.22,45.78,29.32,eia.gov,false,""
2023-11-12T09:00:00.000000,USA,Midcontinent ISO,US-MIDW-MISO,362.14,418.19,46.07,29.76,eia.gov,false,""
2023-11-12T10:00:00.000000,USA,Midcontinent ISO,US-MIDW-MISO,359.38,414.78,46.69,30.35,eia.gov,false,""
2023-11-12T11:00:00.000000,USA,Midcontinent ISO,US-MIDW-MISO,359.39,414.6,46.81,30.83,eia.gov,false,""
2023-11-12T12:00:00.000000,USA,Midcontinent ISO,US-MIDW-MISO,362.43,418.1,46.3,30.82,eia.gov,false,""
2023-11-12T13:00:00.000000,USA,Midcontinent ISO,US-MIDW-MISO,362.0,417.73,46.37,31.45,eia.gov,false,""
2023-11-12T14:00:00.000000,USA,Midcontinent ISO,US-MIDW-MISO,371.38,428.73,44.82,29.94,eia.gov,false,""
2023-11-12T15:00:00.000000,USA,Midcontinent ISO,US-MIDW-MISO,369.59,427.69,44.59,28.8,eia.gov,false,""
2023-11-12T16:00:00.000000,USA,Midcontinent ISO,US-MIDW-MISO,359.65,416.62,46.02,30.14,eia.gov,false,""
2023-11-12T17:00:00.000000,USA,Midcontinent ISO,US-MIDW-MISO,362.52,420.69,45.02,29.31,eia.gov,false,""
2023-11-12T18:00:00.000000,USA,Midcontinent ISO,US-MIDW-MISO,366.76,425.23,44.55,28.86,eia.gov,false,""
2023-11-12T19:00:00.000000,USA,Midcontinent ISO,US-MIDW-MISO,362.68,420.74,45.09,29.33,eia.gov,false,""
2023-11-12T20:00:00.000000,USA,Midcontinent ISO,US-MIDW-MISO,361.55,420.4,44.58,28.86,eia.gov,false,""
2023-11-12T21:00:00.000000,USA,Midcontinent ISO,US-MIDW-MISO,374.15,434.47,42.65,27.08,eia.gov,false,""
2023-11-12T22:00:00.000000,USA,Midcontinent ISO,US-MIDW-MISO,398.53,461.07,39.55,24.98,eia.gov,false,""
2023-11-12T23:00:00.000000,USA,Midcontinent ISO,US-MIDW-MISO,411.97,474.67,38.47,24.69,eia.gov,false,""
2023-11-13T00:00:00.000000,USA,Midcontinent ISO,US-MIDW-MISO,400.29,461.21,40.34,26.78,eia.gov,false,""
2023-11-13T01:00:00.000000,USA,Midcontinent ISO,US-MIDW-MISO,387.01,446.74,41.97,28.23,eia.gov,false,""
2023-11-13T02:00:00.000000,USA,Midcontinent ISO,US-MIDW-MISO,374.47,432.91,43.66,29.71,eia.gov,false,""
2023-11-13T03:00:00.000000,USA,Midcontinent ISO,US-MIDW-MISO,358.91,416.12,45.52,31.05,eia.gov,false,""
2023-11-13T04:00:00.000000,USA,Midcontinent ISO,US-MIDW-MISO,344.85,400.72,47.35,32.56,eia.gov,false,""
2023-11-13T05:00:00.000000,USA,Midcontinent ISO,US-MIDW-MISO,347.76,403.41,47.29,32.55,eia.gov,false,""
2023-11-13T06:00:00.000000,USA,Midcontinent ISO,US-MIDW-MISO,352.21,408.1,46.83,31.41,eia.gov,false,""
2023-11-13T07:00:00.000000,USA,Midcontinent ISO,US-MIDW-MISO,360.11,416.44,46.01,30.07,eia.gov,false,""
2023-11-13T08:00:00.000000,USA,Midcontinent ISO,US-MIDW-MISO,369.32,427.0,44.49,28.6,eia.gov,false,""
2023-11-13T09:00:00.000000,USA,Midcontinent ISO,US-MIDW-MISO,384.11,444.25,41.86,26.08,eia.gov,false,""
2023-11-13T10:00:00.000000,USA,Midcontinent ISO,US-MIDW-MISO,409.57,474.39,37.04,21.76,eia.gov,false,""
2023-11-13T11:00:00.000000,USA,Midcontinent ISO,US-MIDW-MISO,441.47,510.46,32.22,18.24,eia.gov,false,""
2023-11-13T12:00:00.000000,USA,Midcontinent ISO,US-MIDW-MISO,464.12,534.3,30.04,17.17,eia.gov,false,""
2023-11-13T13:00:00.000000,USA,Midcontinent ISO,US-MIDW-MISO,476.86,548.04,28.64,15.93,eia.gov,false,""
2023-11-13T14:00:00.000000,USA,Midcontinent ISO,US-MIDW-MISO,473.96,545.33,28.9,15.73,eia.gov,false,""
2023-11-13T15:00:00.000000,USA,Midcontinent ISO,US-MIDW-MISO,483.81,556.7,27.31,13.79,eia.gov,false,""
2023-11-13T16:00:00.000000,USA,Midcontinent ISO,US-MIDW-MISO,485.38,557.97,27.34,13.76,eia.gov,false,""
2023-11-13T17:00:00.000000,USA,Midcontinent ISO,US-MIDW-MISO,478.9,550.51,28.3,14.55,eia.gov,false,""
2023-11-13T18:00:00.000000,USA,Midcontinent ISO,US-MIDW-MISO,459.13,528.75,30.92,16.97,eia.gov,false,""
2023-11-13T19:00:00.000000,USA,Midcontinent ISO,US-MIDW-MISO,441.92,510.42,32.82,18.9,eia.gov,false,""
2023-11-13T20:00:00.000000,USA,Midcontinent ISO,US-MIDW-MISO,440.1,508.93,32.69,18.91,eia.gov,false,""
2023-11-13T21:00:00.000000,USA,Midcontinent ISO,US-MIDW-MISO,453.97,523.74,30.98,17.41,eia.gov,false,""
2023-11-13T22:00:00.000000,USA,Midcontinent ISO,US-MIDW-MISO,465.41,535.1,30.17,17.29,eia.gov,false,""
2023-11-13T23:00:00.000000,USA,Midcontinent ISO,US-MIDW-MISO,463.42,532.43,30.68,18.28,eia.gov,false,""
2023-11-14T00:00:00.000000,USA,Midcontinent ISO,US-MIDW-MISO,465.82,533.98,31.09,18.62,eia.gov,false,""
2023-11-14T01:00:00.000000,USA,Midcontinent ISO,US-MIDW-MISO,457.9,523.78,33.14,20.59,eia.gov,false,""
2023-11-14T02:00:00.000000,USA,Midcontinent ISO,US-MIDW-MISO,441.65,505.82,35.36,22.43,eia.gov,false,""
2023-11-14T03:00:00.000000,USA,Midcontinent ISO,US-MIDW-MISO,428.56,492.0,36.69,23.24,eia.gov,false,""
2023-11-14T04:00:00.000000,USA,Midcontinent ISO,US-MIDW-MISO,413.52,475.81,38.46,24.12,eia.gov,false,""
2023-11-14T05:00:00.000000,USA,Midcontinent ISO,US-MIDW-MISO,408.4,470.55,38.9,24.06,eia.gov,false,""
2023-11-14T06:00:00.000000,USA,Midcontinent ISO,US-MIDW-MISO,400.05,461.6,39.87,24.47,eia.gov,false,""
2023-11-14T07:00:00.000000,USA,Midcontinent ISO,US-MIDW-MISO,396.66,458.34,40.0,24.45,eia.gov,false,""
2023-11-14T08:00:00.000000,USA,Midcontinent ISO,US-MIDW-MISO,403.02,465.47,39.06,23.69,eia.gov,false,""
2023-11-14T09:00:00.000000,USA,Midcontinent ISO,US-MIDW-MISO,406.84,469.59,38.6,23.44,eia.gov,false,""
2023-11-14T10:00:00.000000,USA,Midcontinent ISO,US-MIDW-MISO,405.4,468.05,38.8,24.02,eia.gov,false,""
2023-11-14T11:00:00.000000,USA,Midcontinent ISO,US-MIDW-MISO,397.05,459.05,39.97,26.24,eia.gov,false,""
2023-11-14T12:00:00.000000,USA,Midcontinent ISO,US-MIDW-MISO,405.72,467.9,39.31,26.63,eia.gov,false,""
2023-11-14T13:00:00.000000,USA,Midcontinent ISO,US-MIDW-MISO,403.78,465.24,39.95,27.52,eia.gov,false,""
2023-11-14T14:00:00.000000,USA,Midcontinent ISO,US-MIDW-MISO,391.63,451.05,42.21,29.37,eia.gov,false,""
2023-11-14T15:00:00.000000,USA,Midcontinent ISO,US-MIDW-MISO,387.9,447.93,42.03,28.56,eia.gov,false,""
2023-11-14T16:00:00.000000,USA,Midcontinent ISO,US-MIDW-MISO,390.77,450.84,41.78,28.35,eia.gov,false,""
2023-11-14T17:00:00.000000,USA,Midcontinent ISO,US-MIDW-MISO,384.48,444.13,42.46,28.98,eia.gov,false,""
2023-11-14T18:00:00.000000,USA,Midcontinent ISO,US-MIDW-MISO,382.05,441.62,42.68,29.24,eia.gov,false,""
2023-11-14T19:00:00.000000,USA,Midcontinent ISO,US-MIDW-MISO,383.13,443.11,42.33,28.92,eia.gov,false,""
2023-11-14T20:00:00.000000,USA,Midcontinent ISO,US-MIDW-MISO,382.92,443.06,42.22,28.83,eia.gov,false,""
2023-11-14T21:00:00.000000,USA,Midcontinent ISO,US-MIDW-MISO,400.87,462.62,39.83,26.71,eia.gov,false,""
2023-11-14T22:00:00.000000,USA,Midcontinent ISO,US-MIDW-MISO,409.35,471.79,38.84,26.19,eia.gov,false,""
2023-11-14T23:00:00.000000,USA,Midcontinent ISO,US-MIDW-MISO,412.36,474.3,38.93,26.57,eia.gov,false,""
2023-11-15T00:00:00.000000,USA,Midcontinent ISO,US-MIDW-MISO,402.61,463.89,39.94,27.72,eia.gov,false,""
2023-11-15T01:00:00.000000,USA,Midcontinent ISO,US-MIDW-MISO,390.33,450.57,41.39,29.07,eia.gov,false,""
2023-11-15T02:00:00.000000,USA,Midcontinent ISO,US-MIDW-MISO,388.91,448.48,41.9,29.2,eia.gov,false,""
2023-11-15T03:00:00.000000,USA,Midcontinent ISO,US-MIDW-MISO,378.75,436.61,43.71,30.64,eia.gov,false,""
2023-11-15T04:00:00.000000,USA,Midcontinent ISO,US-MIDW-MISO,364.08,420.7,45.52,31.75,eia.gov,false,""
2023-11-15T05:00:00.000000,USA,Midcontinent ISO,US-MIDW-MISO,356.28,411.53,46.97,32.14,eia.gov,false,""
2023-11-15T06:00:00.000000,USA,Midcontinent ISO,US-MIDW-MISO,348.77,403.79,47.62,32.09,eia.gov,false,""
2023-11-15T07:00:00.000000,USA,Midcontinent ISO,US-MIDW-MISO,347.68,403.09,47.44,31.71,eia.gov,false,""
2023-11-15T08:00:00.000000,USA,Midcontinent ISO,US-MIDW-MISO,353.12,410.09,46.03,29.93,eia.gov,false,""
2023-11-15T09:00:00.000000,USA,Midcontinent ISO,US-MIDW-MISO,370.35,429.73,43.28,27.16,eia.gov,false,""
2023-11-15T10:00:00.000000,USA,Midcontinent ISO,US-MIDW-MISO,390.31,452.85,39.85,24.03,eia.gov,false,""
2023-11-15T11:00:00.000000,USA,Midcontinent ISO,US-MIDW-MISO,411.06,477.25,36.12,21.29,eia.gov,false,""
2023-11-15T12:00:00.000000,USA,Midcontinent ISO,US-MIDW-MISO,446.81,515.6,32.1,18.38,eia.gov,false,""
2023-11-15T13:00:00.000000,USA,Midcontinent ISO,US-MIDW-MISO,471.74,541.5,29.83,16.27,eia.gov,false,""
2023-11-15T14:00:00.000000,USA,Midcontinent ISO,US-MIDW-MISO,466.96,536.45,30.48,16.05,eia.gov,false,""
2023-11-15T15:00:00.000000,USA,Midcontinent ISO,US-MIDW-MISO,483.67,555.2,28.05,13.13,eia.gov,false,""
2023-11-15T16:00:00.000000,USA,Midcontinent ISO,US-MIDW-MISO,494.06,566.33,26.86,11.82,eia.gov,false,""
2023-11-15T17:00:00.000000,USA,Midcontinent ISO,US-MIDW-MISO,496.05,568.65,26.48,11.49,eia.gov,false,""
2023-11-15T18:00:00.000000,USA,Midcontinent ISO,US-MIDW-MISO,496.34,568.49,26.73,12.01,eia.gov,false,""
2023-11-15T19:00:00.000000,USA,Midcontinent ISO,US-MIDW-MISO,488.74,559.88,27.91,13.23,eia.gov,false,""
2023-11-15T20:00:00.000000,USA,Midcontinent ISO,US-MIDW-MISO,480.24,550.74,28.88,14.21,eia.gov,false,""
2023-11-15T21:00:00.000000,USA,Midcontinent ISO,US-MIDW-MISO,491.66,562.96,27.47,13.15,eia.gov,false,""
2023-11-15T22:00:00.000000,USA,Midcontinent ISO,US-MIDW-MISO,491.08,561.93,27.76,14.03,eia.gov,false,""
2023-11-15T23:00:00.000000,USA,Midcontinent ISO,US-MIDW-MISO,470.2,538.6,30.75,17.49,eia.gov,false,""
2023-11-16T00:00:00.000000,USA,Midcontinent ISO,US-MIDW-MISO,449.72,515.4,33.84,20.82,eia.gov,false,""
2023-11-16T01:00:00.000000,USA,Midcontinent ISO,US-MIDW-MISO,435.66,498.8,36.45,23.23,eia.gov,false,""
2023-11-16T02:00:00.000000,USA,Midcontinent ISO,US-MIDW-MISO,406.2,466.44,40.33,26.64,eia.gov,false,""
2023-11-16T03:00:00.000000,USA,Midcontinent ISO,US-MIDW-MISO,380.31,439.18,42.96,28.6,eia.gov,false,""
2023-11-16T04:00:00.000000,USA,Midcontinent ISO,US-MIDW-MISO,372.45,431.37,43.44,28.75,eia.gov,false,""
2023-11-16T05:00:00.000000,USA,Midcontinent ISO,US-MIDW-MISO,364.95,421.92,45.24,29.71,eia.gov,false,""
2023-11-16T06:00:00.000000,USA,Midcontinent ISO,US-MIDW-MISO,357.63,413.61,46.4,30.36,eia.gov,false,""
2023-11-16T07:00:00.000000,USA,Midcontinent ISO,US-MIDW-MISO,355.81,411.89,46.46,30.24,eia.gov,false,""
2023-11-16T08:00:00.000000,USA,Midcontinent ISO,US-MIDW-MISO,355.27,411.24,46.57,30.21,eia.gov,false,""
2023-11-16T09:00:00.000000,USA,Midcontinent ISO,US-MIDW-MISO,356.43,413.21,45.96,29.77,eia.gov,false,""
2023-11-16T10:00:00.000000,USA,Midcontinent ISO,US-MIDW-MISO,354.64,410.94,46.41,30.45,eia.gov,false,""
2023-11-16T11:00:00.000000,USA,Midcontinent ISO,US-MIDW-MISO,346.95,402.84,47.36,32.81,eia.gov,false,""
2023-11-16T12:00:00.000000,USA,Midcontinent ISO,US-MIDW-MISO,362.81,419.47,45.82,32.61,eia.gov,false,""
2023-11-16T13:00:00.000000,USA,Midcontinent ISO,US-MIDW-MISO,369.72,425.76,45.75,32.7,eia.gov,false,""
2023-11-16T14:00:00.000000,USA,Midcontinent ISO,US-MIDW-MISO,362.1,417.59,46.67,33.24,eia.gov,false,""
2023-11-16T15:00:00.000000,USA,Midcontinent ISO,US-MIDW-MISO,362.87,419.28,46.05,32.34,eia.gov,false,""
2023-11-16T16:00:00.000000,USA,Midcontinent ISO,US-MIDW-MISO,362.23,418.5,46.19,32.37,eia.gov,false,""
2023-11-16T17:00:00.000000,USA,Midcontinent ISO,US-MIDW-MISO,357.95,412.76,47.45,33.71,eia.gov,false,""
2023-11-16T18:00:00.000000,USA,Midcontinent ISO,US-MIDW-MISO,348.07,401.65,48.94,35.02,eia.gov,false,""
2023-11-16T19:00:00.000000,USA,Midcontinent ISO,US-MIDW-MISO,343.29,396.85,49.25,35.41,eia.gov,false,""
2023-11-16T20:00:00.000000,USA,Midcontinent ISO,US-MIDW-MISO,347.63,400.99,49.05,35.19,eia.gov,false,""
2023-11-16T21:00:00.000000,USA,Midcontinent ISO,US-MIDW-MISO,363.34,418.14,46.93,33.19,eia.gov,false,""
2023-11-16T22:00:00.000000,USA,Midcontinent ISO,US-MIDW-MISO,376.38,431.67,45.7,32.4,eia.gov,false,""
2023-11-16T23:00:00.000000,USA,Midcontinent ISO,US-MIDW-MISO,392.32,448.71,43.88,30.8,eia.gov,false,""
2023-11-17T00:00:00.000000,USA,Midcontinent ISO,US-MIDW-MISO,392.28,448.53,43.98,30.57,eia.gov,false,""
2023-11-17T01:00:00.000000,USA,Midcontinent ISO,US-MIDW-MISO,390.48,446.76,44.12,30.44,eia.gov,false,""
2023-11-17T02:00:00.000000,USA,Midcontinent ISO,US-MIDW-MISO,392.82,449.31,43.78,29.83,eia.gov,false,""
2023-11-17T03:00:00.000000,USA,Midcontinent ISO,US-MIDW-MISO,377.89,433.24,45.52,30.73,eia.gov,false,""
2023-11-17T04:00:00.000000,USA,Midcontinent ISO,US-MIDW-MISO,367.92,423.05,46.32,30.77,eia.gov,false,""
2023-11-17T05:00:00.000000,USA,Midcontinent ISO,US-MIDW-MISO,357.0,410.6,48.04,31.63,eia.gov,false,""
2023-11-17T06:00:00.000000,USA,Midcontinent ISO,US-MIDW-MISO,341.0,393.76,49.68,32.39,eia.gov,false,""
2023-11-17T07:00:00.000000,USA,Midcontinent ISO,US-MIDW-MISO,338.05,390.41,50.14,32.54,eia.gov,false,""
2023-11-17T08:00:00.000000,USA,Midcontinent ISO,US-MIDW-MISO,332.48,383.88,51.16,33.17,eia.gov,false,""
2023-11-17T09:00:00.000000,USA,Midcontinent ISO,US-MIDW-MISO,340.98,394.37,49.27,31.34,eia.gov,false,""
2023-11-17T10:00:00.000000,USA,Midcontinent ISO,US-MIDW-MISO,357.25,413.95,45.97,28.3,eia.gov,false,""
2023-11-17T11:00:00.000000,USA,Midcontinent ISO,US-MIDW-MISO,389.72,452.76,39.56,23.06,eia.gov,false,""
2023-11-17T12:00:00.000000,USA,Midcontinent ISO,US-MIDW-MISO,427.46,494.07,34.66,19.24,eia.gov,false,""
2023-11-17T13:00:00.000000,USA,Midcontinent ISO,US-MIDW-MISO,447.45,515.44,32.45,17.33,eia.gov,false,""
2023-11-17T14:00:00.000000,USA,Midcontinent ISO,US-MIDW-MISO,449.67,517.72,32.41,17.19,eia.gov,false,""
2023-11-17T15:00:00.000000,USA,Midcontinent ISO,US-MIDW-MISO,446.47,514.12,33.04,17.83,eia.gov,false,""
2023-11-17T16:00:00.000000,USA,Midcontinent ISO,US-MIDW-MISO,452.65,521.07,32.12,16.99,eia.gov,false,""
2023-11-17T17:00:00.000000,USA,Midcontinent ISO,US-MIDW-MISO,448.41,516.04,32.95,18.07,eia.gov,false,""
2023-11-17T18:00:00.000000,USA,Midcontinent ISO,US-MIDW-MISO,454.52,522.64,32.14,17.32,eia.gov,false,""
2023-11-17T19:00:00.000000,USA,Midcontinent ISO,US-MIDW-MISO,453.41,521.12,32.46,17.65,eia.gov,false,""
2023-11-17T20:00:00.000000,USA,Midcontinent ISO,US-MIDW-MISO,453.71,521.53,32.37,17.38,eia.gov,false,""
2023-11-17T21:00:00.000000,USA,Midcontinent ISO,US-MIDW-MISO,456.25,524.11,32.18,17.5,eia.gov,false,""
2023-11-17T22:00:00.000000,USA,Midcontinent ISO,US-MIDW-MISO,469.64,539.07,30.26,15.96,eia.gov,false,""
2023-11-17T23:00:00.000000,USA,Midcontinent ISO,US-MIDW-MISO,472.58,542.13,30.01,15.86,eia.gov,false,""
2023-11-18T00:00:00.000000,USA,Midcontinent ISO,US-MIDW-MISO,469.62,538.45,30.58,16.09,eia.gov,false,""
2023-11-18T01:00:00.000000,USA,Midcontinent ISO,US-MIDW-MISO,474.48,543.66,29.9,15.01,eia.gov,false,""
2023-11-18T02:00:00.000000,USA,Midcontinent ISO,US-MIDW-MISO,475.06,543.72,30.17,14.97,eia.gov,false,""
2023-11-18T03:00:00.000000,USA,Midcontinent ISO,US-MIDW-MISO,467.14,534.61,31.46,15.59,eia.gov,false,""
2023-11-18T04:00:00.000000,USA,Midcontinent ISO,US-MIDW-MISO,465.33,532.86,31.53,15.28,eia.gov,false,""
2023-11-18T05:00:00.000000,USA,Midcontinent ISO,US-MIDW-MISO,464.45,532.26,31.4,14.69,eia.gov,false,""
2023-11-18T06:00:00.000000,USA,Midcontinent ISO,US-MIDW-MISO,464.12,532.65,30.94,14.0,eia.gov,false,""
2023-11-18T07:00:00.000000,USA,Midcontinent ISO,US-MIDW-MISO,462.03,530.7,30.99,13.66,eia.gov,false,""
2023-11-18T08:00:00.000000,USA,Midcontinent ISO,US-MIDW-MISO,463.95,532.77,30.76,13.28,eia.gov,false,""
2023-11-18T09:00:00.000000,USA,Midcontinent ISO,US-MIDW-MISO,468.73,537.33,30.6,12.83,eia.gov,false,""
2023-11-18T10:00:00.000000,USA,Midcontinent ISO,US-MIDW-MISO,464.41,533.23,30.74,13.06,eia.gov,false,""
2023-11-18T11:00:00.000000,USA,Midcontinent ISO,US-MIDW-MISO,470.0,538.76,30.4,13.23,eia.gov,false,""
2023-11-18T12:00:00.000000,USA,Midcontinent ISO,US-MIDW-MISO,476.83,546.78,29.18,13.06,eia.gov,false,""
2023-11-18T13:00:00.000000,USA,Midcontinent ISO,US-MIDW-MISO,472.04,541.42,30.07,14.56,eia.gov,false,""
2023-11-18T14:00:00.000000,USA,Midcontinent ISO,US-MIDW-MISO,467.7,537.2,30.45,15.14,eia.gov,false,""
2023-11-18T15:00:00.000000,USA,Midcontinent ISO,US-MIDW-MISO,472.05,542.87,29.39,13.47,eia.gov,false,""
2023-11-18T16:00:00.000000,USA,Midcontinent ISO,US-MIDW-MISO,479.37,550.77,28.5,12.43,eia.gov,false,""
2023-11-18T17:00:00.000000,USA,Midcontinent ISO,US-MIDW-MISO,467.81,538.01,30.05,13.93,eia.gov,false,""
2023-11-18T18:00:00.000000,USA,Midcontinent ISO,US-MIDW-MISO,450.12,519.21,31.99,15.79,eia.gov,false,""
2023-11-18T19:00:00.000000,USA,Midcontinent ISO,US-MIDW-MISO,437.85,506.56,33.1,16.9,eia.gov,false,""
2023-11-18T20:00:00.000000,USA,Midcontinent ISO,US-MIDW-MISO,450.78,520.82,31.32,15.12,eia.gov,false,""
2023-11-18T21:00:00.000000,USA,Midcontinent ISO,US-MIDW-MISO,486.4,559.24,26.9,11.06,eia.gov,false,""
2023-11-18T22:00:00.000000,USA,Midcontinent ISO,US-MIDW-MISO,506.79,581.06,24.56,9.48,eia.gov,false,""
2023-11-18T23:00:00.000000,USA,Midcontinent ISO,US-MIDW-MISO,514.04,589.27,23.39,8.77,eia.gov,false,""
2023-11-19T00:00:00.000000,USA,Midcontinent ISO,US-MIDW-MISO,515.21,590.65,23.09,8.25,eia.gov,false,""
2023-11-19T01:00:00.000000,USA,Midcontinent ISO,US-MIDW-MISO,517.01,592.34,22.93,7.83,eia.gov,false,""
2023-11-19T02:00:00.000000,USA,Midcontinent ISO,US-MIDW-MISO,512.49,586.63,23.99,8.41,eia.gov,false,""
2023-11-19T03:00:00.000000,USA,Midcontinent ISO,US-MIDW-MISO,500.57,573.89,25.33,9.28,eia.gov,false,""
2023-11-19T04:00:00.000000,USA,Midcontinent ISO,US-MIDW-MISO,485.36,557.31,27.26,10.63,eia.gov,false,""
2023-11-19T05:00:00.000000,USA,Midcontinent ISO,US-MIDW-MISO,467.14,537.91,29.27,12.25,eia.gov,false,""
2023-11-19T06:00:00.000000,USA,Midcontinent ISO,US-MIDW-MISO,456.27,526.09,30.62,13.18,eia.gov,false,""
2023-11-19T07:00:00.000000,USA,Midcontinent ISO,US-MIDW-MISO,450.88,520.27,31.27,13.58,eia.gov,false,""
2023-11-19T08:00:00.000000,USA,Midcontinent ISO,US-MIDW-MISO,448.81,517.6,31.79,13.96,eia.gov,false,""
2023-11-19T09:00:00.000000,USA,Midcontinent ISO,US-MIDW-MISO,450.53,519.12,31.82,14.26,eia.gov,false,""
2023-11-19T10:00:00.000000,USA,Midcontinent ISO,US-MIDW-MISO,456.55,525.48,31.18,13.73,eia.gov,false,""
2023-11-19T11:00:00.000000,USA,Midcontinent ISO,US-MIDW-MISO,464.31,533.43,30.54,13.74,eia.gov,false,""
2023-11-19T12:00:00.000000,USA,Midcontinent ISO,US-MIDW-MISO,465.57,534.42,30.64,14.4,eia.gov,false,""
2023-11-19T13:00:00.000000,USA,Midcontinent ISO,US-MIDW-MISO,456.6,524.03,32.3,16.75,eia.gov,false,""
2023-11-19T14:00:00.000000,USA,Midcontinent ISO,US-MIDW-MISO,420.79,485.27,36.94,21.53,eia.gov,false,""
2023-11-19T15:00:00.000000,USA,Midcontinent ISO,US-MIDW-MISO,414.55,479.58,37.12,21.04,eia.gov,false,""
2023-11-19T16:00:00.000000,USA,Midcontinent ISO,US-MIDW-MISO,426.48,492.93,35.38,18.67,eia.gov,false,""
2023-11-19T17:00:00.000000,USA,Midcontinent ISO,US-MIDW-MISO,410.71,475.72,37.35,20.3,eia.gov,false,""
2023-11-19T18:00:00.000000,USA,Midcontinent ISO,US-MIDW-MISO,408.38,473.41,37.48,20.69,eia.gov,false,""
2023-11-19T19:00:00.000000,USA,Midcontinent ISO,US-MIDW-MISO,416.41,482.15,36.47,19.71,eia.gov,false,""
2023-11-19T20:00:00.000000,USA,Midcontinent ISO,US-MIDW-MISO,437.74,505.0,33.98,17.44,eia.gov,false,""
2023-11-19T21:00:00.000000,USA,Midcontinent ISO,US-MIDW-MISO,465.67,534.67,30.73,14.8,eia.gov,false,""
2023-11-19T22:00:00.000000,USA,Midcontinent ISO,US-MIDW-MISO,471.58,540.09,30.6,15.58,eia.gov,false,""
2023-11-19T23:00:00.000000,USA,Midcontinent ISO,US-MIDW-MISO,458.64,525.09,32.82,18.63,eia.gov,false,""
2023-11-20T00:00:00.000000,USA,Midcontinent ISO,US-MIDW-MISO,443.76,508.1,35.13,21.18,eia.gov,false,""
2023-11-20T01:00:00.000000,USA,Midcontinent ISO,US-MIDW-MISO,431.14,494.03,36.9,22.96,eia.gov,false,""
2023-11-20T02:00:00.000000,USA,Midcontinent ISO,US-MIDW-MISO,409.69,471.26,39.21,24.88,eia.gov,false,""
2023-11-20T03:00:00.000000,USA,Midcontinent ISO,US-MIDW-MISO,390.45,451.06,41.13,26.06,eia.gov,false,""
2023-11-20T04:00:00.000000,USA,Midcontinent ISO,US-MIDW-MISO,380.09,439.75,42.47,26.7,eia.gov,false,""
2023-11-20T05:00:00.000000,USA,Midcontinent ISO,US-MIDW-MISO,373.86,433.37,42.98,26.4,eia.gov,false,""
2023-11-20T06:00:00.000000,USA,Midcontinent ISO,US-MIDW-MISO,375.0,435.31,42.39,25.16,eia.gov,false,""
2023-11-20T07:00:00.000000,USA,Midcontinent ISO,US-MIDW-MISO,377.11,437.82,41.98,24.53,eia.gov,false,""
2023-11-20T08:00:00.000000,USA,Midcontinent ISO,US-MIDW-MISO,382.84,444.4,41.03,23.59,eia.gov,false,""
2023-11-20T09:00:00.000000,USA,Midcontinent ISO,US-MIDW-MISO,394.5,457.05,39.59,22.32,eia.gov,false,""
2023-11-20T10:00:00.000000,USA,Midcontinent ISO,US-MIDW-MISO,401.68,465.34,38.37,21.89,eia.gov,false,""
2023-11-20T11:00:00.000000,USA,Midcontinent ISO,US-MIDW-MISO,410.84,476.61,36.38,21.22,eia.gov,false,""
2023-11-20T12:00:00.000000,USA,Midcontinent ISO,US-MIDW-MISO,428.46,495.44,34.47,20.58,eia.gov,false,""
2023-11-20T13:00:00.000000,USA,Midcontinent ISO,US-MIDW-MISO,446.06,514.24,32.45,19.02,eia.gov,false,""
2023-11-20T14:00:00.000000,USA,Midcontinent ISO,US-MIDW-MISO,443.28,511.17,32.92,19.33,eia.gov,false,""
2023-11-20T15:00:00.000000,USA,Midcontinent ISO,US-MIDW-MISO,440.92,508.95,33.03,18.91,eia.gov,false,""
2023-11-20T16:00:00.000000,USA,Midcontinent ISO,US-MIDW-MISO,444.14,512.44,32.64,18.59,eia.gov,false,""
2023-11-20T17:00:00.000000,USA,Midcontinent ISO,US-MIDW-MISO,439.64,507.35,33.34,19.13,eia.gov,false,""
2023-11-20T18:00:00.000000,USA,Midcontinent ISO,US-MIDW-MISO,432.08,499.47,34.05,19.87,eia.gov,false,""
2023-11-20T19:00:00.000000,USA,Midcontinent ISO,US-MIDW-MISO,430.02,496.99,34.41,20.56,eia.gov,false,""
2023-11-20T20:00:00.000000,USA,Midcontinent ISO,US-MIDW-MISO,428.49,494.93,34.81,21.34,eia.gov,false,""
2023-11-20T21:00:00.000000,USA,Midcontinent ISO,US-MIDW-MISO,428.76,495.33,34.68,21.38,eia.gov,false,""
2023-11-20T22:00:00.000000,USA,Midcontinent ISO,US-MIDW-MISO,430.98,497.66,34.62,21.94,eia.gov,false,""
2023-11-20T23:00:00.000000,USA,Midcontinent ISO,US-MIDW-MISO,446.36,513.93,32.95,20.45,eia.gov,false,""
2023-11-21T00:00:00.000000,USA,Midcontinent ISO,US-MIDW-MISO,438.86,506.01,33.72,20.77,eia.gov,false,""
2023-11-21T01:00:00.000000,USA,Midcontinent ISO,US-MIDW-MISO,449.62,517.56,32.41,19.3,eia.gov,false,""
2023-11-21T02:00:00.000000,USA,Midcontinent ISO,US-MIDW-MISO,459.77,528.36,31.22,17.56,eia.gov,false,""
2023-11-21T03:00:00.000000,USA,Midcontinent ISO,US-MIDW-MISO,462.07,530.41,31.23,16.92,eia.gov,false,""
2023-11-21T04:00:00.000000,USA,Midcontinent ISO,US-MIDW-MISO,446.98,514.37,32.87,17.66,eia.gov,false,""
2023-11-21T05:00:00.000000,USA,Midcontinent ISO,US-MIDW-MISO,422.42,488.31,35.52,18.9,eia.gov,false,""
2023-11-21T06:00:00.000000,USA,Midcontinent ISO,US-MIDW-MISO,406.44,471.43,37.18,19.78,eia.gov,false,""
2023-11-21T07:00:00.000000,USA,Midcontinent ISO,US-MIDW-MISO,394.2,457.7,39.0,21.39,eia.gov,false,""
2023-11-21T08:00:00.000000,USA,Midcontinent ISO,US-MIDW-MISO,384.86,446.96,40.56,22.99,eia.gov,false,""
2023-11-21T09:00:00.000000,USA,Midcontinent ISO,US-MIDW-MISO,365.03,424.0,43.97,26.18,eia.gov,false,""
2023-11-21T10:00:00.000000,USA,Midcontinent ISO,US-MIDW-MISO,357.69,416.58,44.49,27.17,eia.gov,false,""
2023-11-21T11:00:00.000000,USA,Midcontinent ISO,US-MIDW-MISO,365.29,425.5,43.11,26.92,eia.gov,false,""
2023-11-21T12:00:00.000000,USA,Midcontinent ISO,US-MIDW-MISO,382.87,443.43,41.78,26.84,eia.gov,false,""
2023-11-21T13:00:00.000000,USA,Midcontinent ISO,US-MIDW-MISO,395.76,456.29,40.89,26.37,eia.gov,false,""
2023-11-21T14:00:00.000000,USA,Midcontinent ISO,US-MIDW-MISO,396.24,456.19,41.27,27.23,eia.gov,false,""
2023-11-21T15:00:00.000000,USA,Midcontinent ISO,US-MIDW-MISO,394.7,454.24,41.66,27.71,eia.gov,false,""
2023-11-21T16:00:00.000000,USA,Midcontinent ISO,US-MIDW-MISO,382.57,441.45,42.94,28.98,eia.gov,false,""
2023-11-21T17:00:00.000000,USA,Midcontinent ISO,US-MIDW-MISO,377.34,436.2,43.3,29.48,eia.gov,false,""
2023-11-21T18:00:00.000000,USA,Midcontinent ISO,US-MIDW-MISO,374.31,433.29,43.41,29.34,eia.gov,false,""
2023-11-21T19:00:00.000000,USA,Midcontinent ISO,US-MIDW-MISO,377.27,436.42,43.1,28.89,eia.gov,false,""
2023-11-21T20:00:00.000000,USA,Midcontinent ISO,US-MIDW-MISO,378.95,438.46,42.75,28.28,eia.gov,false,""
2023-11-21T21:00:00.000000,USA,Midcontinent ISO,US-MIDW-MISO,386.4,446.71,41.7,27.27,eia.gov,false,""
2023-11-21T22:00:00.000000,USA,Midcontinent ISO,US-MIDW-MISO,384.73,445.44,41.64,27.22,eia.gov,false,""
2023-11-21T23:00:00.000000,USA,Midcontinent ISO,US-MIDW-MISO,408.11,470.2,39.15,24.93,eia.gov,false,""
2023-11-22T00:00:00.000000,USA,Midcontinent ISO,US-MIDW-MISO,419.4,482.03,37.98,23.73,eia.gov,false,""
2023-11-22T01:00:00.000000,USA,Midcontinent ISO,US-MIDW-MISO,420.38,483.31,37.67,23.16,eia.gov,false,""
2023-11-22T02:00:00.000000,USA,Midcontinent ISO,US-MIDW-MISO,418.83,482.14,37.48,22.56,eia.gov,false,""
2023-11-22T03:00:00.000000,USA,Midcontinent ISO,US-MIDW-MISO,418.93,482.92,37.0,21.55,eia.gov,false,""
2023-11-22T04:00:00.000000,USA,Midcontinent ISO,US-MIDW-MISO,422.54,487.37,36.2,20.27,eia.gov,false,""
2023-11-22T05:00:00.000000,USA,Midcontinent ISO,US-MIDW-MISO,410.53,474.82,37.36,20.5,eia.gov,false,""
2023-11-22T06:00:00.000000,USA,Midcontinent ISO,US-MIDW-MISO,395.52,459.98,38.26,20.39,eia.gov,false,""
2023-11-22T07:00:00.000000,USA,Midcontinent ISO,US-MIDW-MISO,397.23,462.86,37.37,18.88,eia.gov,false,""
2023-11-22T08:00:00.000000,USA,Midcontinent ISO,US-MIDW-MISO,411.49,478.6,35.43,16.56,eia.gov,false,""
2023-11-22T09:00:00.000000,USA,Midcontinent ISO,US-MIDW-MISO,422.49,490.74,33.93,15.17,eia.gov,false,""
2023-11-22T10:00:00.000000,USA,Midcontinent ISO,US-MIDW-MISO,443.67,513.04,31.77,13.35,eia.gov,false,""
2023-11-22T11:00:00.000000,USA,Midcontinent ISO,US-MIDW-MISO,445.24,514.51,31.89,14.67,eia.gov,false,""
2023-11-22T12:00:00.000000,USA,Midcontinent ISO,US-MIDW-MISO,450.91,520.05,31.71,15.74,eia.gov,false,""
2023-11-22T13:00:00.000000,USA,Midcontinent ISO,US-MIDW-MISO,448.76,516.77,32.65,17.37,eia.gov,false,""
2023-11-22T14:00:00.000000,USA,Midcontinent ISO,US-MIDW-MISO,431.43,497.51,35.18,20.32,eia.gov,false,""
2023-11-22T15:00:00.000000,USA,Midcontinent ISO,US-MIDW-MISO,432.14,498.83,34.65,19.86,eia.gov,false,""
2023-11-22T16:00:00.000000,USA,Midcontinent ISO,US-MIDW-MISO,423.11,488.44,36.09,21.1,eia.gov,false,""
2023-11-22T17:00:00.000000,USA,Midcontinent ISO,US-MIDW-MISO,416.94,480.87,37.43,22.46,eia.gov,false,""
2023-11-22T18:00:00.000000,USA,Midcontinent ISO,US-MIDW-MISO,414.68,477.54,38.26,23.22,eia.gov,false,""
2023-11-22T19:00:00.000000,USA,Midcontinent ISO,US-MIDW-MISO,405.33,467.15,39.55,24.37,eia.gov,false,""
2023-11-22T20:00:00.000000,USA,Midcontinent ISO,US-MIDW-MISO,394.58,455.5,40.84,25.54,eia.gov,false,""
2023-11-22T21:00:00.000000,USA,Midcontinent ISO,US-MIDW-MISO,392.57,453.26,41.07,26.01,eia.gov,false,""
2023-11-22T22:00:00.000000,USA,Midcontinent ISO,US-MIDW-MISO,385.3,445.57,41.93,27.15,eia.gov,false,""
2023-11-22T23:00:00.000000,USA,Midcontinent ISO,US-MIDW-MISO,389.72,450.04,41.51,27.16,eia.gov,false,""
2023-11-23T00:00:00.000000,USA,Midcontinent ISO,US-MIDW-MISO,381.83,442.11,41.99,27.38,eia.gov,false,""
2023-11-23T01:00:00.000000,USA,Midcontinent ISO,US-MIDW-MISO,372.74,432.45,42.95,28.04,eia.gov,false,""
2023-11-23T02:00:00.000000,USA,Midcontinent ISO,US-MIDW-MISO,370.31,429.74,43.29,28.05,eia.gov,false,""
2023-11-23T03:00:00.000000,USA,Midcontinent ISO,US-MIDW-MISO,359.82,417.88,44.88,29.11,eia.gov,false,""
2023-11-23T04:00:00.000000,USA,Midcontinent ISO,US-MIDW-MISO,346.79,403.66,46.55,30.35,eia.gov,false,""
2023-11-23T05:00:00.000000,USA,Midcontinent ISO,US-MIDW-MISO,337.06,392.46,48.19,31.33,eia.gov,false,""
2023-11-23T06:00:00.000000,USA,Midcontinent ISO,US-MIDW-MISO,332.88,387.94,48.7,31.4,eia.gov,false,""
2023-11-23T07:00:00.000000,USA,Midcontinent ISO,US-MIDW-MISO,329.48,383.76,49.45,31.92,eia.gov,false,""
2023-11-23T08:00:00.000000,USA,Midcontinent ISO,US-MIDW-MISO,323.44,377.21,50.19,32.55,eia.gov,false,""
2023-11-23T09:00:00.000000,USA,Midcontinent ISO,US-MIDW-MISO,320.51,374.38,50.32,32.56,eia.gov,false,""
2023-11-23T10:00:00.000000,USA,Midcontinent ISO,US-MIDW-MISO,317.67,370.77,51.02,33.32,eia.gov,false,""
2023-11-23T11:00:00.000000,USA,Midcontinent ISO,US-MIDW-MISO,324.55,378.91,49.72,32.6,eia.gov,false,""
2023-11-23T12:00:00.000000,USA,Midcontinent ISO,US-MIDW-MISO,341.1,396.79,47.74,31.11,eia.gov,false,""
2023-11-23T13:00:00.000000,USA,Midcontinent ISO,US-MIDW-MISO,349.79,406.22,46.77,30.46,eia.gov,false,""
2023-11-23T14:00:00.000000,USA,Midcontinent ISO,US-MIDW-MISO,358.83,415.51,46.2,30.26,eia.gov,false,""
2023-11-23T15:00:00.000000,USA,Midcontinent ISO,US-MIDW-MISO,350.42,406.22,47.46,31.2,eia.gov,false,""
2023-11-23T16:00:00.000000,USA,Midcontinent ISO,US-MIDW-MISO,347.79,404.08,47.3,30.7,eia.gov,false,""
2023-11-23T17:00:00.000000,USA,Midcontinent ISO,US-MIDW-MISO,353.57,410.01,46.78,29.87,eia.gov,false,""
2023-11-23T18:00:00.000000,USA,Midcontinent ISO,US-MIDW-MISO,349.08,403.63,48.38,31.02,eia.gov,false,""
2023-11-23T19:00:00.000000,USA,Midcontinent ISO,US-MIDW-MISO,340.18,392.7,50.36,32.53,eia.gov,false,""
2023-11-23T20:00:00.000000,USA,Midcontinent ISO,US-MIDW-MISO,337.24,389.49,50.67,32.53,eia.gov,false,""
2023-11-23T21:00:00.000000,USA,Midcontinent ISO,US-MIDW-MISO,342.26,395.82,49.29,31.04,eia.gov,false,""
2023-11-23T22:00:00.000000,USA,Midcontinent ISO,US-MIDW-MISO,354.11,409.75,46.96,29.26,eia.gov,false,""
2023-11-23T23:00:00.000000,USA,Midcontinent ISO,US-MIDW-MISO,360.39,416.44,46.25,28.98,eia.gov,false,""
2023-11-24T00:00:00.000000,USA,Midcontinent ISO,US-MIDW-MISO,357.05,412.79,46.69,29.78,eia.gov,false,""
2023-11-24T01:00:00.000000,USA,Midcontinent ISO,US-MIDW-MISO,353.87,408.7,47.52,30.57,eia.gov,false,""
2023-11-24T02:00:00.000000,USA,Midcontinent ISO,US-MIDW-MISO,349.95,404.63,47.88,30.56,eia.gov,false,""
2023-11-24T03:00:00.000000,USA,Midcontinent ISO,US-MIDW-MISO,346.84,400.41,48.81,31.3,eia.gov,false,""
2023-11-24T04:00:00.000000,USA,Midcontinent ISO,US-MIDW-MISO,344.07,397.94,48.79,31.1,eia.gov,false,""
2023-11-24T05:00:00.000000,USA,Midcontinent ISO,US-MIDW-MISO,346.62,400.36,48.7,30.66,eia.gov,false,""
2023-11-24T06:00:00.000000,USA,Midcontinent ISO,US-MIDW-MISO,353.53,407.66,47.97,29.85,eia.gov,false,""
2023-11-24T07:00:00.000000,USA,Midcontinent ISO,US-MIDW-MISO,350.88,404.85,48.26,29.91,eia.gov,false,""
2023-11-24T08:00:00.000000,USA,Midcontinent ISO,US-MIDW-MISO,359.25,414.71,46.7,28.57,eia.gov,false,""
2023-11-24T09:00:00.000000,USA,Midcontinent ISO,US-MIDW-MISO,367.54,423.92,45.54,27.33,eia.gov,false,""
2023-11-24T10:00:00.000000,USA,Midcontinent ISO,US-MIDW-MISO,379.08,437.48,43.42,25.37,eia.gov,false,""
2023-11-24T11:00:00.000000,USA,Midcontinent ISO,US-MIDW-MISO,391.82,453.39,40.46,23.12,eia.gov,false,""
2023-11-24T12:00:00.000000,USA,Midcontinent ISO,US-MIDW-MISO,414.28,479.23,36.7,20.13,eia.gov,false,""
2023-11-24T13:00:00.000000,USA,Midcontinent ISO,US-MIDW-MISO,427.72,494.08,34.92,18.65,eia.gov,false,""
2023-11-24T14:00:00.000000,USA,Midcontinent ISO,US-MIDW-MISO,419.87,485.84,35.92,19.46,eia.gov,false,""
2023-11-24T15:00:00.000000,USA,Midcontinent ISO,US-MIDW-MISO,408.92,474.78,36.83,20.09,eia.gov,false,""
2023-11-24T16:00:00.000000,USA,Midcontinent ISO,US-MIDW-MISO,419.6,486.93,35.13,17.93,eia.gov,false,""
2023-11-24T17:00:00.000000,USA,Midcontinent ISO,US-MIDW-MISO,438.98,508.3,32.5,14.83,eia.gov,false,""
2023-11-24T18:00:00.000000,USA,Midcontinent ISO,US-MIDW-MISO,448.63,518.99,31.18,13.01,eia.gov,false,""
2023-11-24T19:00:00.000000,USA,Midcontinent ISO,US-MIDW-MISO,455.2,525.68,30.67,12.36,eia.gov,false,""
2023-11-24T20:00:00.000000,USA,Midcontinent ISO,US-MIDW-MISO,465.92,537.46,29.19,11.05,eia.gov,false,""
2023-11-24T21:00:00.000000,USA,Midcontinent ISO,US-MIDW-MISO,486.15,559.78,26.28,8.8,eia.gov,false,""
2023-11-24T22:00:00.000000,USA,Midcontinent ISO,US-MIDW-MISO,480.61,553.53,27.22,10.41,eia.gov,false,""
2023-11-24T23:00:00.000000,USA,Midcontinent ISO,US-MIDW-MISO,486.23,558.71,27.11,11.1,eia.gov,false,""
2023-11-25T00:00:00.000000,USA,Midcontinent ISO,US-MIDW-MISO,491.27,563.49,26.83,10.94,eia.gov,false,""
2023-11-25T01:00:00.000000,USA,Midcontinent ISO,US-MIDW-MISO,489.82,561.77,27.08,11.33,eia.gov,false,""
2023-11-25T02:00:00.000000,USA,Midcontinent ISO,US-MIDW-MISO,495.82,568.44,26.19,10.55,eia.gov,false,""
2023-11-25T03:00:00.000000,USA,Midcontinent ISO,US-MIDW-MISO,500.99,574.41,25.25,9.02,eia.gov,false,""
2023-11-25T04:00:00.000000,USA,Midcontinent ISO,US-MIDW-MISO,503.47,577.32,24.8,8.07,eia.gov,false,""
2023-11-25T05:00:00.000000,USA,Midcontinent ISO,US-MIDW-MISO,495.43,569.33,25.3,7.85,eia.gov,false,""
2023-11-25T06:00:00.000000,USA,Midcontinent ISO,US-MIDW-MISO,488.28,562.56,25.52,7.58,eia.gov,false,""
2023-11-25T07:00:00.000000,USA,Midcontinent ISO,US-MIDW-MISO,490.62,565.59,24.91,6.93,eia.gov,false,""
2023-11-25T08:00:00.000000,USA,Midcontinent ISO,US-MIDW-MISO,492.58,567.54,24.79,6.62,eia.gov,false,""
2023-11-25T09:00:00.000000,USA,Midcontinent ISO,US-MIDW-MISO,493.26,568.34,24.67,6.47,eia.gov,false,""
2023-11-25T10:00:00.000000,USA,Midcontinent ISO,US-MIDW-MISO,497.03,572.2,24.36,6.27,eia.gov,false,""
2023-11-25T11:00:00.000000,USA,Midcontinent ISO,US-MIDW-MISO,503.21,578.17,24.08,6.46,eia.gov,false,""
2023-11-25T12:00:00.000000,USA,Midcontinent ISO,US-MIDW-MISO,511.93,586.89,23.52,6.89,eia.gov,false,""
2023-11-25T13:00:00.000000,USA,Midcontinent ISO,US-MIDW-MISO,510.6,584.57,24.34,8.14,eia.gov,false,""
2023-11-25T14:00:00.000000,USA,Midcontinent ISO,US-MIDW-MISO,508.72,582.41,24.77,8.76,eia.gov,false,""
2023-11-25T15:00:00.000000,USA,Midcontinent ISO,US-MIDW-MISO,499.8,572.51,26.11,9.58,eia.gov,false,""
2023-11-25T16:00:00.000000,USA,Midcontinent ISO,US-MIDW-MISO,497.5,569.63,26.66,9.83,eia.gov,false,""
2023-11-25T17:00:00.000000,USA,Midcontinent ISO,US-MIDW-MISO,496.13,568.16,26.84,9.84,eia.gov,false,""
2023-11-25T18:00:00.000000,USA,Midcontinent ISO,US-MIDW-MISO,499.82,572.14,26.38,9.24,eia.gov,false,""
2023-11-25T19:00:00.000000,USA,Midcontinent ISO,US-MIDW-MISO,498.44,571.01,26.3,8.98,eia.gov,false,""
2023-11-25T20:00:00.000000,USA,Midcontinent ISO,US-MIDW-MISO,502.36,575.3,25.74,8.49,eia.gov,false,""
2023-11-25T21:00:00.000000,USA,Midcontinent ISO,US-MIDW-MISO,509.33,583.15,24.59,7.76,eia.gov,false,""
2023-11-25T22:00:00.000000,USA,Midcontinent ISO,US-MIDW-MISO,497.5,570.27,26.19,9.77,eia.gov,false,""
2023-11-25T23:00:00.000000,USA,Midcontinent ISO,US-MIDW-MISO,505.49,578.1,25.72,10.03,eia.gov,false,""
2023-11-26T00:00:00.000000,USA,Midcontinent ISO,US-MIDW-MISO,512.19,585.27,24.82,8.82,eia.gov,false,""
2023-11-26T01:00:00.000000,USA,Midcontinent ISO,US-MIDW-MISO,513.57,586.51,24.75,8.61,eia.gov,false,""
2023-11-26T02:00:00.000000,USA,Midcontinent ISO,US-MIDW-MISO,509.47,582.19,25.15,9.07,eia.gov,false,""
2023-11-26T03:00:00.000000,USA,Midcontinent ISO,US-MIDW-MISO,507.1,579.72,25.37,9.23,eia.gov,false,""
2023-11-26T04:00:00.000000,USA,Midcontinent ISO,US-MIDW-MISO,498.05,569.84,26.54,9.94,eia.gov,false,""
2023-11-26T05:00:00.000000,USA,Midcontinent ISO,US-MIDW-MISO,485.02,555.95,27.98,11.19,eia.gov,false,""
2023-11-26T06:00:00.000000,USA,Midcontinent ISO,US-MIDW-MISO,479.7,549.53,29.07,12.03,eia.gov,false,""
2023-11-26T07:00:00.000000,USA,Midcontinent ISO,US-MIDW-MISO,472.45,541.54,30.05,12.55,eia.gov,false,""
2023-11-26T08:00:00.000000,USA,Midcontinent ISO,US-MIDW-MISO,462.13,530.51,31.21,13.45,eia.gov,false,""
2023-11-26T09:00:00.000000,USA,Midcontinent ISO,US-MIDW-MISO,455.35,523.09,32.09,14.29,eia.gov,false,""
2023-11-26T10:00:00.000000,USA,Midcontinent ISO,US-MIDW-MISO,447.61,514.35,33.27,15.7,eia.gov,false,""
2023-11-26T11:00:00.000000,USA,Midcontinent ISO,US-MIDW-MISO,447.13,512.96,33.9,16.78,eia.gov,false,""
2023-11-26T12:00:00.000000,USA,Midcontinent ISO,US-MIDW-MISO,442.77,507.55,34.88,18.08,eia.gov,false,""
2023-11-26T13:00:00.000000,USA,Midcontinent ISO,US-MIDW-MISO,429.4,492.61,36.82,20.5,eia.gov,false,""
2023-11-26T14:00:00.000000,USA,Midcontinent ISO,US-MIDW-MISO,425.01,487.77,37.44,21.41,eia.gov,false,""
2023-11-26T15:00:00.000000,USA,Midcontinent ISO,US-MIDW-MISO,421.28,483.01,38.42,22.48,eia.gov,false,""
2023-11-26T16:00:00.000000,USA,Midcontinent ISO,US-MIDW-MISO,408.98,469.42,40.12,24.44,eia.gov,false,""
2023-11-26T17:00:00.000000,USA,Midcontinent ISO,US-MIDW-MISO,402.64,462.83,40.7,25.28,eia.gov,false,""
2023-11-26T18:00:00.000000,USA,Midcontinent ISO,US-MIDW-MISO,391.5,450.48,42.27,26.9,eia.gov,false,""
2023-11-26T19:00:00.000000,USA,Midcontinent ISO,US-MIDW-MISO,382.12,439.89,43.7,28.29,eia.gov,false,""
2023-11-26T20:00:00.000000,USA,Midcontinent ISO,US-MIDW-MISO,376.91,434.63,44.07,28.84,eia.gov,false,""
2023-11-26T21:00:00.000000,USA,Midcontinent ISO,US-MIDW-MISO,377.52,435.24,44.0,28.99,eia.gov,false,""
2023-11-26T22:00:00.000000,USA,Midcontinent ISO,US-MIDW-MISO,378.74,436.66,43.74,28.63,eia.gov,false,""
2023-11-26T23:00:00.000000,USA,Midcontinent ISO,US-MIDW-MISO,389.19,447.28,42.92,28.52,eia.gov,false,""
2023-11-27T00:00:00.000000,USA,Midcontinent ISO,US-MIDW-MISO,384.02,441.6,43.6,29.29,eia.gov,false,""
2023-11-27T01:00:00.000000,USA,Midcontinent ISO,US-MIDW-MISO,387.19,445.28,43.06,28.66,eia.gov,false,""
2023-11-27T02:00:00.000000,USA,Midcontinent ISO,US-MIDW-MISO,392.15,450.78,42.34,27.67,eia.gov,false,""
2023-11-27T03:00:00.000000,USA,Midcontinent ISO,US-MIDW-MISO,388.9,447.86,42.35,26.98,eia.gov,false,""
2023-11-27T04:00:00.000000,USA,Midcontinent ISO,US-MIDW-MISO,376.7,435.08,43.55,27.58,eia.gov,false,""
2023-11-27T05:00:00.000000,USA,Midcontinent ISO,US-MIDW-MISO,366.74,423.91,45.01,28.01,eia.gov,false,""
2023-11-27T06:00:00.000000,USA,Midcontinent ISO,US-MIDW-MISO,364.28,421.3,45.28,27.54,eia.gov,false,""
2023-11-27T07:00:00.000000,USA,Midcontinent ISO,US-MIDW-MISO,359.37,416.13,45.78,27.7,eia.gov,false,""
2023-11-27T08:00:00.000000,USA,Midcontinent ISO,US-MIDW-MISO,356.88,413.97,45.73,27.65,eia.gov,false,""
2023-11-27T09:00:00.000000,USA,Midcontinent ISO,US-MIDW-MISO,359.69,416.97,45.42,27.78,eia.gov,false,""
2023-11-27T10:00:00.000000,USA,Midcontinent ISO,US-MIDW-MISO,369.07,428.53,43.32,26.55,eia.gov,false,""
2023-11-27T11:00:00.000000,USA,Midcontinent ISO,US-MIDW-MISO,385.54,447.8,40.37,25.36,eia.gov,false,""
2023-11-27T12:00:00.000000,USA,Midcontinent ISO,US-MIDW-MISO,403.23,466.33,38.79,25.12,eia.gov,false,""
2023-11-27T13:00:00.000000,USA,Midcontinent ISO,US-MIDW-MISO,424.1,488.66,36.42,23.19,eia.gov,false,""
2023-11-27T14:00:00.000000,USA,Midcontinent ISO,US-MIDW-MISO,430.11,495.15,35.73,22.03,eia.gov,false,""
2023-11-27T15:00:00.000000,USA,Midcontinent ISO,US-MIDW-MISO,425.89,489.78,36.84,22.91,eia.gov,false,""
2023-11-27T16:00:00.000000,USA,Midcontinent ISO,US-MIDW-MISO,406.41,468.55,39.31,25.45,eia.gov,false,""
2023-11-27T17:00:00.000000,USA,Midcontinent ISO,US-MIDW-MISO,394.38,455.01,41.11,27.52,eia.gov,false,""
2023-11-27T18:00:00.000000,USA,Midcontinent ISO,US-MIDW-MISO,386.89,446.94,41.99,28.45,eia.gov,false,""
2023-11-27T19:00:00.000000,USA,Midcontinent ISO,US-MIDW-MISO,379.99,439.6,42.75,29.08,eia.gov,false,""
2023-11-27T20:00:00.000000,USA,Midcontinent ISO,US-MIDW-MISO,377.76,437.31,42.92,29.08,eia.gov,false,""
2023-11-27T21:00:00.000000,USA,Midcontinent ISO,US-MIDW-MISO,386.5,447.58,41.19,27.45,eia.gov,false,""
2023-11-27T22:00:00.000000,USA,Midcontinent ISO,US-MIDW-MISO,412.65,476.85,37.3,23.89,eia.gov,false,""
2023-11-27T23:00:00.000000,USA,Midcontinent ISO,US-MIDW-MISO,421.69,486.59,36.34,23.39,eia.gov,false,""
2023-11-28T00:00:00.000000,USA,Midcontinent ISO,US-MIDW-MISO,426.56,492.04,35.59,22.78,eia.gov,false,""
2023-11-28T01:00:00.000000,USA,Midcontinent ISO,US-MIDW-MISO,429.92,496.15,34.79,21.8,eia.gov,false,""
2023-11-28T02:00:00.000000,USA,Midcontinent ISO,US-MIDW-MISO,439.49,507.02,33.26,19.98,eia.gov,false,""
2023-11-28T03:00:00.000000,USA,Midcontinent ISO,US-MIDW-MISO,440.7,508.28,33.13,19.21,eia.gov,false,""
2023-11-28T04:00:00.000000,USA,Midcontinent ISO,US-MIDW-MISO,443.69,512.16,32.33,17.85,eia.gov,false,""
2023-11-28T05:00:00.000000,USA,Midcontinent ISO,US-MIDW-MISO,452.14,522.11,30.76,16.14,eia.gov,false,""
2023-11-28T06:00:00.000000,USA,Midcontinent ISO,US-MIDW-MISO,456.98,527.91,29.79,14.75,eia.gov,false,""
2023-11-28T07:00:00.000000,USA,Midcontinent ISO,US-MIDW-MISO,464.6,536.68,28.51,13.48,eia.gov,false,""
2023-11-28T08:00:00.000000,USA,Midcontinent ISO,US-MIDW-MISO,466.18,538.37,28.34,13.33,eia.gov,false,""
2023-11-28T09:00:00.000000,USA,Midcontinent ISO,US-MIDW-MISO,469.46,542.37,27.64,12.88,eia.gov,false,""
2023-11-28T10:00:00.000000,USA,Midcontinent ISO,US-MIDW-MISO,464.86,537.96,27.87,13.59,eia.gov,false,""
2023-11-28T11:00:00.000000,USA,Midcontinent ISO,US-MIDW-MISO,455.11,528.34,28.6,15.53,eia.gov,false,""
2023-11-28T12:00:00.000000,USA,Midcontinent ISO,US-MIDW-MISO,453.65,527.84,28.06,15.86,eia.gov,false,""
2023-11-28T13:00:00.000000,USA,Midcontinent ISO,US-MIDW-MISO,450.42,523.39,29.13,17.09,eia.gov,false,""
2023-11-28T14:00:00.000000,USA,Midcontinent ISO,US-MIDW-MISO,437.95,508.13,31.93,19.74,eia.gov,false,""
2023-11-28T15:00:00.000000,USA,Midcontinent ISO,US-MIDW-MISO,438.18,507.71,32.35,19.91,eia.gov,false,""
2023-11-28T16:00:00.000000,USA,Midcontinent ISO,US-MIDW-MISO,437.12,505.56,33.1,20.18,eia.gov,false,""
2023-11-28T17:00:00.000000,USA,Midcontinent ISO,US-MIDW-MISO,422.88,489.32,35.37,22.03,eia.gov,false,""
2023-11-28T18:00:00.000000,USA,Midcontinent ISO,US-MIDW-MISO,416.43,481.92,36.43,22.88,eia.gov,false,""
2023-11-28T19:00:00.000000,USA,Midcontinent ISO,US-MIDW-MISO,414.44,479.23,37.02,23.75,eia.gov,false,""
2023-11-28T20:00:00.000000,USA,Midcontinent ISO,US-MIDW-MISO,405.14,468.92,38.28,25.02,eia.gov,false,""
2023-11-28T21:00:00.000000,USA,Midcontinent ISO,US-MIDW-MISO,409.08,473.83,37.28,24.18,eia.gov,false,""
2023-11-28T22:00:00.000000,USA,Midcontinent ISO,US-MIDW-MISO,410.78,475.73,37.0,24.6,eia.gov,false,""
2023-11-28T23:00:00.000000,USA,Midcontinent ISO,US-MIDW-MISO,411.92,476.82,36.97,25.21,eia.gov,false,""
2023-11-29T00:00:00.000000,USA,Midcontinent ISO,US-MIDW-MISO,408.32,473.52,37.01,25.32,eia.gov,false,""
2023-11-29T01:00:00.000000,USA,Midcontinent ISO,US-MIDW-MISO,406.94,471.64,37.34,25.58,eia.gov,false,""
2023-11-29T02:00:00.000000,USA,Midcontinent ISO,US-MIDW-MISO,409.03,473.17,37.52,25.54,eia.gov,false,""
2023-11-29T03:00:00.000000,USA,Midcontinent ISO,US-MIDW-MISO,399.16,462.11,38.95,26.37,eia.gov,false,""
2023-11-29T04:00:00.000000,USA,Midcontinent ISO,US-MIDW-MISO,388.8,450.36,40.56,27.5,eia.gov,false,""
2023-11-29T05:00:00.000000,USA,Midcontinent ISO,US-MIDW-MISO,380.62,441.49,41.56,28.3,eia.gov,false,""
2023-11-29T06:00:00.000000,USA,Midcontinent ISO,US-MIDW-MISO,376.13,437.02,41.85,28.45,eia.gov,false,""
2023-11-29T07:00:00.000000,USA,Midcontinent ISO,US-MIDW-MISO,375.06,436.07,41.83,28.31,eia.gov,false,""
2023-11-29T08:00:00.000000,USA,Midcontinent ISO,US-MIDW-MISO,372.39,433.23,42.12,28.31,eia.gov,false,""
2023-11-29T09:00:00.000000,USA,Midcontinent ISO,US-MIDW-MISO,378.13,439.66,41.29,27.57,eia.gov,false,""
2023-11-29T10:00:00.000000,USA,Midcontinent ISO,US-MIDW-MISO,380.93,443.44,40.5,27.0,eia.gov,false,""
2023-11-29T11:00:00.000000,USA,Midcontinent ISO,US-MIDW-MISO,384.11,449.4,38.55,25.98,eia.gov,false,""
2023-11-29T12:00:00.000000,USA,Midcontinent ISO,US-MIDW-MISO,402.69,470.68,35.6,23.87,eia.gov,false,""
2023-11-29T13:00:00.000000,USA,Midcontinent ISO,US-MIDW-MISO,421.04,490.18,33.6,21.9,eia.gov,false,""
2023-11-29T14:00:00.000000,USA,Midcontinent ISO,US-MIDW-MISO,428.74,498.35,32.85,20.28,eia.gov,false,""
2023-11-29T15:00:00.000000,USA,Midcontinent ISO,US-MIDW-MISO,448.36,520.44,29.98,16.74,eia.gov,false,""
2023-11-29T16:00:00.000000,USA,Midcontinent ISO,US-MIDW-MISO,464.37,537.64,28.19,14.3,eia.gov,false,""
2023-11-29T17:00:00.000000,USA,Midcontinent ISO,US-MIDW-MISO,470.52,543.81,27.7,13.25,eia.gov,false,""
2023-11-29T18:00:00.000000,USA,Midcontinent ISO,US-MIDW-MISO,459.87,531.84,29.27,14.41,eia.gov,false,""
2023-11-29T19:00:00.000000,USA,Midcontinent ISO,US-MIDW-MISO,450.32,521.22,30.64,15.73,eia.gov,false,""
2023-11-29T20:00:00.000000,USA,Midcontinent ISO,US-MIDW-MISO,453.78,524.87,30.24,15.59,eia.gov,false,""
2023-11-29T21:00:00.000000,USA,Midcontinent ISO,US-MIDW-MISO,467.95,540.5,28.17,13.65,eia.gov,false,""
2023-11-29T22:00:00.000000,USA,Midcontinent ISO,US-MIDW-MISO,462.56,534.33,29.0,15.16,eia.gov,false,""
2023-11-29T23:00:00.000000,USA,Midcontinent ISO,US-MIDW-MISO,438.46,507.44,32.4,19.31,eia.gov,false,""
2023-11-30T00:00:00.000000,USA,Midcontinent ISO,US-MIDW-MISO,413.6,478.26,36.9,24.02,eia.gov,false,""
2023-11-30T01:00:00.000000,USA,Midcontinent ISO,US-MIDW-MISO,393.83,456.15,39.78,26.77,eia.gov,false,""
2023-11-30T02:00:00.000000,USA,Midcontinent ISO,US-MIDW-MISO,386.4,447.97,40.76,27.7,eia.gov,false,""
2023-11-30T03:00:00.000000,USA,Midcontinent ISO,US-MIDW-MISO,378.65,438.85,42.17,28.76,eia.gov,false,""
2023-11-30T04:00:00.000000,USA,Midcontinent ISO,US-MIDW-MISO,365.69,425.02,43.61,29.61,eia.gov,false,""
2023-11-30T05:00:00.000000,USA,Midcontinent ISO,US-MIDW-MISO,358.26,416.68,44.71,30.26,eia.gov,false,""
2023-11-30T06:00:00.000000,USA,Midcontinent ISO,US-MIDW-MISO,352.16,410.29,45.31,30.78,eia.gov,false,""
2023-11-30T07:00:00.000000,USA,Midcontinent ISO,US-MIDW-MISO,349.12,406.34,46.12,31.25,eia.gov,false,""
2023-11-30T08:00:00.000000,USA,Midcontinent ISO,US-MIDW-MISO,348.01,405.51,46.01,30.8,eia.gov,false,""
2023-11-30T09:00:00.000000,USA,Midcontinent ISO,US-MIDW-MISO,347.78,405.44,45.92,30.69,eia.gov,false,""
2023-11-30T10:00:00.000000,USA,Midcontinent ISO,US-MIDW-MISO,344.44,402.62,45.8,30.68,eia.gov,false,""
2023-11-30T11:00:00.000000,USA,Midcontinent ISO,US-MIDW-MISO,351.52,411.56,44.2,30.25,eia.gov,false,""
2023-11-30T12:00:00.000000,USA,Midcontinent ISO,US-MIDW-MISO,369.59,431.18,42.06,29.0,eia.gov,false,""
2023-11-30T13:00:00.000000,USA,Midcontinent ISO,US-MIDW-MISO,387.82,450.18,40.29,27.15,eia.gov,false,""
2023-11-30T14:00:00.000000,USA,Midcontinent ISO,US-MIDW-MISO,399.07,462.38,38.95,25.61,eia.gov,false,""
2023-11-30T15:00:00.000000,USA,Midcontinent ISO,US-MIDW-MISO,414.86,479.9,36.81,22.83,eia.gov,false,""
2023-11-30T16:00:00.000000,USA,Midcontinent ISO,US-MIDW-MISO,418.15,483.76,36.23,21.44,eia.gov,false,""
2023-11-30T17:00:00.000000,USA,Midcontinent ISO,US-MIDW-MISO,407.54,472.73,37.19,22.18,eia.gov,false,""
2023-11-30T18:00:00.000000,USA,Midcontinent ISO,US-MIDW-MISO,390.19,454.38,39.01,23.91,eia.gov,false,""
2023-11-30T19:00:00.000000,USA,Midcontinent ISO,US-MIDW-MISO,388.59,452.77,39.11,23.97,eia.gov,false,""
2023-11-30T20:00:00.000000,USA,Midcontinent ISO,US-MIDW-MISO,397.12,461.98,38.03,22.89,eia.gov,false,""
2023-11-30T21:00:00.000000,USA,Midcontinent ISO,US-MIDW-MISO,412.45,478.18,36.35,21.36,eia.gov,false,""
2023-11-30T22:00:00.000000,USA,Midcontinent ISO,US-MIDW-MISO,423.51,490.0,35.21,20.77,eia.gov,false,""
2023-11-30T23:00:00.000000,USA,Midcontinent ISO,US-MIDW-MISO,432.19,498.37,34.82,20.93,eia.gov,false,""
2023-12-01T00:00:00.000000,USA,Midcontinent ISO,US-MIDW-MISO,427.86,493.64,35.29,21.39,eia.gov,false,""
2023-12-01T01:00:00.000000,USA,Midcontinent ISO,US-MIDW-MISO,422.94,488.67,35.62,21.48,eia.gov,false,""
2023-12-01T02:00:00.000000,USA,Midcontinent ISO,US-MIDW-MISO,427.44,493.62,34.98,20.65,eia.gov,false,""
2023-12-01T03:00:00.000000,USA,Midcontinent ISO,US-MIDW-MISO,430.7,496.93,34.71,19.87,eia.gov,false,""
2023-12-01T04:00:00.000000,USA,Midcontinent ISO,US-MIDW-MISO,424.41,490.01,35.55,20.25,eia.gov,false,""
2023-12-01T05:00:00.000000,USA,Midcontinent ISO,US-MIDW-MISO,411.94,476.12,37.33,21.08,eia.gov,false,""
2023-12-01T06:00:00.000000,USA,Midcontinent ISO,US-MIDW-MISO,390.68,454.68,38.87,21.27,eia.gov,false,""
2023-12-01T07:00:00.000000,USA,Midcontinent ISO,US-MIDW-MISO,382.25,446.24,39.45,21.52,eia.gov,false,""
2023-12-01T08:00:00.000000,USA,Midcontinent ISO,US-MIDW-MISO,374.04,436.77,40.84,22.86,eia.gov,false,""
2023-12-01T09:00:00.000000,USA,Midcontinent ISO,US-MIDW-MISO,375.73,438.94,40.4,22.99,eia.gov,false,""
2023-12-01T10:00:00.000000,USA,Midcontinent ISO,US-MIDW-MISO,383.66,447.5,39.47,22.24,eia.gov,false,""
2023-12-01T11:00:00.000000,USA,Midcontinent ISO,US-MIDW-MISO,395.47,462.05,36.86,20.38,eia.gov,false,""
2023-12-01T12:00:00.000000,USA,Midcontinent ISO,US-MIDW-MISO,420.95,489.55,33.86,18.28,eia.gov,false,""
2023-12-01T13:00:00.000000,USA,Midcontinent ISO,US-MIDW-MISO,439.72,508.78,32.3,17.1,eia.gov,false,""
2023-12-01T14:00:00.000000,USA,Midcontinent ISO,US-MIDW-MISO,446.67,515.87,31.77,16.85,eia.gov,false,""
2023-12-01T15:00:00.000000,USA,Midcontinent ISO,US-MIDW-MISO,456.47,526.73,30.52,15.75,eia.gov,false,""
2023-12-01T16:00:00.000000,USA,Midcontinent ISO,US-MIDW-MISO,467.64,538.84,29.16,14.53,eia.gov,false,""
2023-12-01T17:00:00.000000,USA,Midcontinent ISO,US-MIDW-MISO,472.16,543.75,28.65,13.98,eia.gov,false,""
2023-12-01T18:00:00.000000,USA,Midcontinent ISO,US-MIDW-MISO,482.1,554.61,27.25,12.61,eia.gov,false,""
2023-12-01T19:00:00.000000,USA,Midcontinent ISO,US-MIDW-MISO,485.11,557.87,26.87,12.0,eia.gov,false,""
2023-12-01T20:00:00.000000,USA,Midcontinent ISO,US-MIDW-MISO,491.88,565.25,25.99,11.27,eia.gov,false,""
2023-12-01T21:00:00.000000,USA,Midcontinent ISO,US-MIDW-MISO,484.56,557.46,26.91,12.19,eia.gov,false,""
2023-12-01T22:00:00.000000,USA,Midcontinent ISO,US-MIDW-MISO,493.48,567.32,25.68,11.32,eia.gov,false,""
2023-12-01T23:00:00.000000,USA,Midcontinent ISO,US-MIDW-MISO,490.72,564.09,26.16,11.93,eia.gov,false,""
2023-12-02T00:00:00.000000,USA,Midcontinent ISO,US-MIDW-MISO,487.51,560.06,26.83,12.19,eia.gov,false,""
2023-12-02T01:00:00.000000,USA,Midcontinent ISO,US-MIDW-MISO,482.07,553.83,27.63,12.9,eia.gov,false,""
2023-12-02T02:00:00.000000,USA,Midcontinent ISO,US-MIDW-MISO,475.93,547.26,28.3,13.34,eia.gov,false,""
2023-12-02T03:00:00.000000,USA,Midcontinent ISO,US-MIDW-MISO,474.39,545.43,28.59,12.82,eia.gov,false,""
2023-12-02T04:00:00.000000,USA,Midcontinent ISO,US-MIDW-MISO,467.82,539.11,28.88,12.5,eia.gov,false,""
2023-12-02T05:00:00.000000,USA,Midcontinent ISO,US-MIDW-MISO,463.11,534.5,29.13,12.22,eia.gov,false,""
2023-12-02T06:00:00.000000,USA,Midcontinent ISO,US-MIDW-MISO,446.08,516.84,30.7,12.78,eia.gov,false,""
2023-12-02T07:00:00.000000,USA,Midcontinent ISO,US-MIDW-MISO,436.28,506.69,31.59,12.91,eia.gov,false,""
2023-12-02T08:00:00.000000,USA,Midcontinent ISO,US-MIDW-MISO,438.71,509.18,31.38,12.72,eia.gov,false,""
2023-12-02T09:00:00.000000,USA,Midcontinent ISO,US-MIDW-MISO,434.97,504.89,31.99,13.23,eia.gov,false,""
2023-12-02T10:00:00.000000,USA,Midcontinent ISO,US-MIDW-MISO,433.6,503.4,32.17,13.72,eia.gov,false,""
2023-12-02T11:00:00.000000,USA,Midcontinent ISO,US-MIDW-MISO,432.87,502.1,32.59,14.4,eia.gov,false,""
2023-12-02T12:00:00.000000,USA,Midcontinent ISO,US-MIDW-MISO,433.51,502.77,32.54,14.86,eia.gov,false,""
2023-12-02T13:00:00.000000,USA,Midcontinent ISO,US-MIDW-MISO,440.34,509.51,32.15,15.02,eia.gov,false,""
2023-12-02T14:00:00.000000,USA,Midcontinent ISO,US-MIDW-MISO,449.21,518.44,31.58,14.77,eia.gov,false,""
2023-12-02T15:00:00.000000,USA,Midcontinent ISO,US-MIDW-MISO,467.52,538.16,29.45,12.74,eia.gov,false,""
2023-12-02T16:00:00.000000,USA,Midcontinent ISO,US-MIDW-MISO,473.38,544.33,28.87,12.06,eia.gov,false,""
2023-12-02T17:00:00.000000,USA,Midcontinent ISO,US-MIDW-MISO,462.36,532.36,30.26,13.52,eia.gov,false,""
2023-12-02T18:00:00.000000,USA,Midcontinent ISO,US-MIDW-MISO,463.44,533.7,30.01,13.29,eia.gov,false,""
2023-12-02T19:00:00.000000,USA,Midcontinent ISO,US-MIDW-MISO,474.99,546.12,28.63,11.97,eia.gov,false,""
2023-12-02T20:00:00.000000,USA,Midcontinent ISO,US-MIDW-MISO,477.88,549.19,28.27,11.62,eia.gov,false,""
2023-12-02T21:00:00.000000,USA,Midcontinent ISO,US-MIDW-MISO,482.4,554.33,27.53,10.99,eia.gov,false,""
2023-12-02T22:00:00.000000,USA,Midcontinent ISO,US-MIDW-MISO,487.04,559.09,27.23,11.16,eia.gov,false,""
2023-12-02T23:00:00.000000,USA,Midcontinent ISO,US-MIDW-MISO,486.01,557.73,27.51,11.59,eia.gov,false,""
2023-12-03T00:00:00.000000,USA,Midcontinent ISO,US-MIDW-MISO,480.64,552.03,27.99,11.99,eia.gov,false,""
2023-12-03T01:00:00.000000,USA,Midcontinent ISO,US-MIDW-MISO,477.81,549.0,28.29,12.05,eia.gov,false,""
2023-12-03T02:00:00.000000,USA,Midcontinent ISO,US-MIDW-MISO,476.35,547.26,28.57,12.11,eia.gov,false,""
2023-12-03T03:00:00.000000,USA,Midcontinent ISO,US-MIDW-MISO,469.27,540.08,29.12,12.08,eia.gov,false,""
2023-12-03T04:00:00.000000,USA,Midcontinent ISO,US-MIDW-MISO,472.91,544.11,28.61,11.4,eia.gov,false,""
2023-12-03T05:00:00.000000,USA,Midcontinent ISO,US-MIDW-MISO,468.47,540.07,28.64,10.68,eia.gov,false,""
2023-12-03T06:00:00.000000,USA,Midcontinent ISO,US-MIDW-MISO,465.03,537.19,28.5,9.79,eia.gov,false,""
2023-12-03T07:00:00.000000,USA,Midcontinent ISO,US-MIDW-MISO,460.42,532.95,28.56,9.21,eia.gov,false,""
2023-12-03T08:00:00.000000,USA,Midcontinent ISO,US-MIDW-MISO,464.35,537.45,27.92,8.13,eia.gov,false,""
2023-12-03T09:00:00.000000,USA,Midcontinent ISO,US-MIDW-MISO,469.54,542.9,27.4,7.31,eia.gov,false,""
2023-12-03T10:00:00.000000,USA,Midcontinent ISO,US-MIDW-MISO,475.18,548.44,27.1,7.1,eia.gov,false,""
2023-12-03T11:00:00.000000,USA,Midcontinent ISO,US-MIDW-MISO,474.83,548.43,26.89,7.25,eia.gov,false,""
2023-12-03T12:00:00.000000,USA,Midcontinent ISO,US-MIDW-MISO,478.51,552.25,26.56,7.4,eia.gov,false,""
2023-12-03T13:00:00.000000,USA,Midcontinent ISO,US-MIDW-MISO,485.45,559.41,25.96,7.59,eia.gov,false,""
2023-12-03T14:00:00.000000,USA,Midcontinent ISO,US-MIDW-MISO,494.62,568.32,25.57,7.87,eia.gov,false,""
2023-12-03T15:00:00.000000,USA,Midcontinent ISO,US-MIDW-MISO,496.84,570.4,25.56,8.01,eia.gov,false,""
2023-12-03T16:00:00.000000,USA,Midcontinent ISO,US-MIDW-MISO,484.55,557.48,26.85,9.3,eia.gov,false,""
2023-12-03T17:00:00.000000,USA,Midcontinent ISO,US-MIDW-MISO,483.34,556.25,26.96,9.5,eia.gov,false,""
2023-12-03T18:00:00.000000,USA,Midcontinent ISO,US-MIDW-MISO,481.34,554.45,26.96,9.45,eia.gov,false,""
2023-12-03T19:00:00.000000,USA,Midcontinent ISO,US-MIDW-MISO,485.25,558.84,26.37,8.87,eia.gov,false,""
2023-12-03T20:00:00.000000,USA,Midcontinent ISO,US-MIDW-MISO,494.09,568.52,25.21,7.72,eia.gov,false,""
2023-12-03T21:00:00.000000,USA,Midcontinent ISO,US-MIDW-MISO,498.77,574.62,23.91,6.65,eia.gov,false,""
2023-12-03T22:00:00.000000,USA,Midcontinent ISO,US-MIDW-MISO,496.89,572.76,24.1,7.47,eia.gov,false,""
2023-12-03T23:00:00.000000,USA,Midcontinent ISO,US-MIDW-MISO,506.81,583.46,22.91,7.18,eia.gov,false,""
2023-12-04T00:00:00.000000,USA,Midcontinent ISO,US-MIDW-MISO,513.62,590.37,22.31,6.49,eia.gov,false,""
2023-12-04T01:00:00.000000,USA,Midcontinent ISO,US-MIDW-MISO,514.42,591.18,22.22,6.39,eia.gov,false,""
2023-12-04T02:00:00.000000,USA,Midcontinent ISO,US-MIDW-MISO,519.69,596.89,21.51,5.48,eia.gov,false,""
2023-12-04T03:00:00.000000,USA,Midcontinent ISO,US-MIDW-MISO,522.81,600.28,21.11,4.37,eia.gov,false,""
2023-12-04T04:00:00.000000,USA,Midcontinent ISO,US-MIDW-MISO,524.53,601.75,21.16,4.25,eia.gov,false,""
2023-12-04T05:00:00.000000,USA,Midcontinent ISO,US-MIDW-MISO,515.65,592.51,21.99,4.65,eia.gov,false,""
2023-12-04T06:00:00.000000,USA,Midcontinent ISO,US-MIDW-MISO,510.55,587.02,22.59,4.86,eia.gov,false,""
2023-12-04T07:00:00.000000,USA,Midcontinent ISO,US-MIDW-MISO,508.78,585.71,22.39,4.53,eia.gov,false,""
2023-12-04T08:00:00.000000,USA,Midcontinent ISO,US-MIDW-MISO,499.42,575.8,23.4,5.31,eia.gov,false,""
2023-12-04T09:00:00.000000,USA,Midcontinent ISO,US-MIDW-MISO,493.67,569.84,23.91,5.8,eia.gov,false,""
2023-12-04T10:00:00.000000,USA,Midcontinent ISO,US-MIDW-MISO,497.08,573.6,23.44,5.97,eia.gov,false,""
2023-12-04T11:00:00.000000,USA,Midcontinent ISO,US-MIDW-MISO,501.83,579.26,22.57,6.77,eia.gov,false,""
2023-12-04T12:00:00.000000,USA,Midcontinent ISO,US-MIDW-MISO,501.45,578.66,22.96,8.67,eia.gov,false,""
2023-12-04T13:00:00.000000,USA,Midcontinent ISO,US-MIDW-MISO,510.36,588.44,21.76,8.13,eia.gov,false,""
2023-12-04T14:00:00.000000,USA,Midcontinent ISO,US-MIDW-MISO,509.7,587.24,22.21,8.44,eia.gov,false,""
2023-12-04T15:00:00.000000,USA,Midcontinent ISO,US-MIDW-MISO,514.66,591.87,22.06,8.09,eia.gov,false,""
2023-12-04T16:00:00.000000,USA,Midcontinent ISO,US-MIDW-MISO,512.43,588.47,22.97,8.99,eia.gov,false,""
2023-12-04T17:00:00.000000,USA,Midcontinent ISO,US-MIDW-MISO,503.99,578.58,24.49,10.63,eia.gov,false,""
2023-12-04T18:00:00.000000,USA,Midcontinent ISO,US-MIDW-MISO,495.06,568.43,25.89,12.02,eia.gov,false,""
2023-12-04T19:00:00.000000,USA,Midcontinent ISO,US-MIDW-MISO,485.57,558.11,27.04,13.11,eia.gov,false,""
2023-12-04T20:00:00.000000,USA,Midcontinent ISO,US-MIDW-MISO,485.57,558.41,26.81,12.75,eia.gov,false,""
2023-12-04T21:00:00.000000,USA,Midcontinent ISO,US-MIDW-MISO,489.48,562.49,26.41,12.47,eia.gov,false,""
2023-12-04T22:00:00.000000,USA,Midcontinent ISO,US-MIDW-MISO,482.53,554.63,27.56,14.27,eia.gov,false,""
2023-12-04T23:00:00.000000,USA,Midcontinent ISO,US-MIDW-MISO,489.16,561.13,27.17,14.48,eia.gov,false,""
2023-12-05T00:00:00.000000,USA,Midcontinent ISO,US-MIDW-MISO,493.57,565.53,26.76,14.06,eia.gov,false,""
2023-12-05T01:00:00.000000,USA,Midcontinent ISO,US-MIDW-MISO,499.25,571.35,26.24,13.38,eia.gov,false,""
2023-12-05T02:00:00.000000,USA,Midcontinent ISO,US-MIDW-MISO,491.89,563.53,27.03,13.78,eia.gov,false,""
2023-12-05T03:00:00.000000,USA,Midcontinent ISO,US-MIDW-MISO,479.76,549.96,28.81,15.2,eia.gov,false,""
2023-12-05T04:00:00.000000,USA,Midcontinent ISO,US-MIDW-MISO,462.57,531.78,30.62,16.15,eia.gov,false,""
2023-12-05T05:00:00.000000,USA,Midcontinent ISO,US-MIDW-MISO,460.53,529.45,30.93,16.25,eia.gov,false,""
2023-12-05T06:00:00.000000,USA,Midcontinent ISO,US-MIDW-MISO,444.32,512.35,32.61,17.57,eia.gov,false,""
2023-12-05T07:00:00.000000,USA,Midcontinent ISO,US-MIDW-MISO,427.93,495.11,34.26,19.11,eia.gov,false,""
2023-12-05T08:00:00.000000,USA,Midcontinent ISO,US-MIDW-MISO,421.56,488.42,34.9,19.82,eia.gov,false,""
2023-12-05T09:00:00.000000,USA,Midcontinent ISO,US-MIDW-MISO,417.53,483.91,35.47,20.61,eia.gov,false,""
2023-12-05T10:00:00.000000,USA,Midcontinent ISO,US-MIDW-MISO,426.31,493.5,34.34,20.13,eia.gov,false,""
2023-12-05T11:00:00.000000,USA,Midcontinent ISO,US-MIDW-MISO,432.45,501.64,32.65,19.3,eia.gov,false,""
2023-12-05T12:00:00.000000,USA,Midcontinent ISO,US-MIDW-MISO,440.88,510.73,31.82,19.5,eia.gov,false,""
2023-12-05T13:00:00.000000,USA,Midcontinent ISO,US-MIDW-MISO,463.65,534.44,29.61,17.67,eia.gov,false,""
2023-12-05T14:00:00.000000,USA,Midcontinent ISO,US-MIDW-MISO,471.58,542.55,28.96,16.81,eia.gov,false,""
2023-12-05T15:00:00.000000,USA,Midcontinent ISO,US-MIDW-MISO,473.83,544.7,28.9,16.38,eia.gov,false,""
2023-12-05T16:00:00.000000,USA,Midcontinent ISO,US-MIDW-MISO,477.06,548.19,28.53,15.7,eia.gov,false,""
2023-12-05T17:00:00.000000,USA,Midcontinent ISO,US-MIDW-MISO,477.29,548.99,28.12,15.3,eia.gov,false,""
2023-12-05T18:00:00.000000,USA,Midcontinent ISO,US-MIDW-MISO,478.28,550.65,27.61,14.59,eia.gov,false,""
2023-12-05T19:00:00.000000,USA,Midcontinent ISO,US-MIDW-MISO,481.84,554.96,26.85,13.49,eia.gov,false,""
2023-12-05T20:00:00.000000,USA,Midcontinent ISO,US-MIDW-MISO,490.97,564.57,25.9,12.51,eia.gov,false,""
2023-12-05T21:00:00.000000,USA,Midcontinent ISO,US-MIDW-MISO,498.41,572.9,24.86,11.65,eia.gov,false,""
2023-12-05T22:00:00.000000,USA,Midcontinent ISO,US-MIDW-MISO,505.1,580.49,23.93,11.2,eia.gov,false,""
2023-12-05T23:00:00.000000,USA,Midcontinent ISO,US-MIDW-MISO,512.77,588.31,23.3,10.74,eia.gov,false,""
2023-12-06T00:00:00.000000,USA,Midcontinent ISO,US-MIDW-MISO,513.37,588.85,23.19,10.47,eia.gov,false,""
2023-12-06T01:00:00.000000,USA,Midcontinent ISO,US-MIDW-MISO,517.77,593.15,22.87,9.99,eia.gov,false,""
2023-12-06T02:00:00.000000,USA,Midcontinent ISO,US-MIDW-MISO,518.06,593.16,22.99,9.86,eia.gov,false,""
2023-12-06T03:00:00.000000,USA,Midcontinent ISO,US-MIDW-MISO,512.17,586.79,23.68,10.14,eia.gov,false,""
2023-12-06T04:00:00.000000,USA,Midcontinent ISO,US-MIDW-MISO,508.9,582.98,24.26,10.31,eia.gov,false,""
2023-12-06T05:00:00.000000,USA,Midcontinent ISO,US-MIDW-MISO,493.29,565.68,26.41,12.48,eia.gov,false,""
2023-12-06T06:00:00.000000,USA,Midcontinent ISO,US-MIDW-MISO,463.66,534.14,29.66,15.42,eia.gov,false,""
2023-12-06T07:00:00.000000,USA,Midcontinent ISO,US-MIDW-MISO,446.7,516.3,31.38,16.9,eia.gov,false,""
2023-12-06T08:00:00.000000,USA,Midcontinent ISO,US-MIDW-MISO,431.41,499.47,33.42,18.94,eia.gov,false,""
2023-12-06T09:00:00.000000,USA,Midcontinent ISO,US-MIDW-MISO,422.9,490.22,34.48,19.79,eia.gov,false,""
2023-12-06T10:00:00.000000,USA,Midcontinent ISO,US-MIDW-MISO,420.56,487.08,35.19,20.84,eia.gov,false,""
2023-12-06T11:00:00.000000,USA,Midcontinent ISO,US-MIDW-MISO,415.35,480.93,36.28,22.95,eia.gov,false,""
2023-12-06T12:00:00.000000,USA,Midcontinent ISO,US-MIDW-MISO,410.36,475.56,37.0,24.38,eia.gov,false,""
2023-12-06T13:00:00.000000,USA,Midcontinent ISO,US-MIDW-MISO,417.82,482.86,36.55,24.18,eia.gov,false,""
2023-12-06T14:00:00.000000,USA,Midcontinent ISO,US-MIDW-MISO,423.83,488.51,36.41,24.04,eia.gov,false,""
2023-12-06T15:00:00.000000,USA,Midcontinent ISO,US-MIDW-MISO,410.38,473.66,38.29,25.58,eia.gov,false,""
2023-12-06T16:00:00.000000,USA,Midcontinent ISO,US-MIDW-MISO,407.63,470.66,38.63,25.66,eia.gov,false,""
2023-12-06T17:00:00.000000,USA,Midcontinent ISO,US-MIDW-MISO,405.06,467.92,38.91,25.6,eia.gov,false,""
2023-12-06T18:00:00.000000,USA,Midcontinent ISO,US-MIDW-MISO,401.79,464.56,39.19,25.6,eia.gov,false,""
2023-12-06T19:00:00.000000,USA,Midcontinent ISO,US-MIDW-MISO,401.78,464.73,39.06,25.35,eia.gov,false,""
2023-12-06T20:00:00.000000,USA,Midcontinent ISO,US-MIDW-MISO,402.38,465.98,38.56,24.64,eia.gov,false,""
2023-12-06T21:00:00.000000,USA,Midcontinent ISO,US-MIDW-MISO,408.28,472.85,37.48,23.73,eia.gov,false,""
2023-12-06T22:00:00.000000,USA,Midcontinent ISO,US-MIDW-MISO,413.96,478.6,37.09,23.92,eia.gov,false,""
2023-12-06T23:00:00.000000,USA,Midcontinent ISO,US-MIDW-MISO,410.55,474.15,37.98,25.15,eia.gov,false,""
2023-12-07T00:00:00.000000,USA,Midcontinent ISO,US-MIDW-MISO,409.18,472.54,38.14,25.5,eia.gov,false,""
2023-12-07T01:00:00.000000,USA,Midcontinent ISO,US-MIDW-MISO,403.68,466.74,38.67,25.94,eia.gov,false,""
2023-12-07T02:00:00.000000,USA,Midcontinent ISO,US-MIDW-MISO,399.07,462.02,39.0,26.12,eia.gov,false,""
2023-12-07T03:00:00.000000,USA,Midcontinent ISO,US-MIDW-MISO,389.88,451.71,40.36,26.86,eia.gov,false,""
2023-12-07T04:00:00.000000,USA,Midcontinent ISO,US-MIDW-MISO,388.27,450.18,40.41,26.57,eia.gov,false,""
2023-12-07T05:00:00.000000,USA,Midcontinent ISO,US-MIDW-MISO,392.84,455.07,39.89,25.33,eia.gov,false,""
2023-12-07T06:00:00.000000,USA,Midcontinent ISO,US-MIDW-MISO,386.18,449.36,39.71,24.47,eia.gov,false,""
2023-12-07T07:00:00.000000,USA,Midcontinent ISO,US-MIDW-MISO,383.77,448.19,39.05,23.45,eia.gov,false,""
2023-12-07T08:00:00.000000,USA,Midcontinent ISO,US-MIDW-MISO,396.46,462.2,37.32,21.55,eia.gov,false,""
2023-12-07T09:00:00.000000,USA,Midcontinent ISO,US-MIDW-MISO,417.19,483.87,35.31,19.99,eia.gov,false,""
2023-12-07T10:00:00.000000,USA,Midcontinent ISO,US-MIDW-MISO,423.27,490.94,34.29,19.21,eia.gov,false,""
2023-12-07T11:00:00.000000,USA,Midcontinent ISO,US-MIDW-MISO,431.16,499.49,33.49,19.52,eia.gov,false,""
2023-12-07T12:00:00.000000,USA,Midcontinent ISO,US-MIDW-MISO,443.35,511.68,32.76,19.78,eia.gov,false,""
2023-12-07T13:00:00.000000,USA,Midcontinent ISO,US-MIDW-MISO,449.94,517.62,32.73,20.04,eia.gov,false,""
2023-12-07T14:00:00.000000,USA,Midcontinent ISO,US-MIDW-MISO,437.19,503.41,34.63,21.75,eia.gov,false,""
2023-12-07T15:00:00.000000,USA,Midcontinent ISO,US-MIDW-MISO,427.74,494.44,35.03,21.67,eia.gov,false,""
2023-12-07T16:00:00.000000,USA,Midcontinent ISO,US-MIDW-MISO,436.13,503.92,33.75,19.81,eia.gov,false,""
2023-12-07T17:00:00.000000,USA,Midcontinent ISO,US-MIDW-MISO,445.73,513.88,32.85,18.48,eia.gov,false,""
2023-12-07T18:00:00.000000,USA,Midcontinent ISO,US-MIDW-MISO,443.63,511.45,33.22,18.39,eia.gov,false,""
2023-12-07T19:00:00.000000,USA,Midcontinent ISO,US-MIDW-MISO,427.41,494.07,35.08,20.05,eia.gov,false,""
2023-12-07T20:00:00.000000,USA,Midcontinent ISO,US-MIDW-MISO,410.16,474.42,37.81,22.84,eia.gov,false,""
2023-12-07T21:00:00.000000,USA,Midcontinent ISO,US-MIDW-MISO,407.38,470.57,38.55,23.73,eia.gov,false,""
2023-12-07T22:00:00.000000,USA,Midcontinent ISO,US-MIDW-MISO,395.45,456.98,40.43,26.59,eia.gov,false,""
2023-12-07T23:00:00.000000,USA,Midcontinent ISO,US-MIDW-MISO,387.43,448.51,41.22,28.0,eia.gov,false,""
2023-12-08T00:00:00.000000,USA,Midcontinent ISO,US-MIDW-MISO,385.35,445.48,41.93,28.78,eia.gov,false,""
2023-12-08T01:00:00.000000,USA,Midcontinent ISO,US-MIDW-MISO,380.07,439.68,42.58,29.13,eia.gov,false,""
2023-12-08T02:00:00.000000,USA,Midcontinent ISO,US-MIDW-MISO,374.51,433.75,43.14,29.26,eia.gov,false,""
2023-12-08T03:00:00.000000,USA,Midcontinent ISO,US-MIDW-MISO,364.54,422.62,44.54,30.13,eia.gov,false,""
2023-12-08T04:00:00.000000,USA,Midcontinent ISO,US-MIDW-MISO,351.71,409.21,45.78,30.74,eia.gov,false,""
2023-12-08T05:00:00.000000,USA,Midcontinent ISO,US-MIDW-MISO,345.23,401.59,47.02,31.18,eia.gov,false,""
2023-12-08T06:00:00.000000,USA,Midcontinent ISO,US-MIDW-MISO,345.77,401.51,47.42,31.21,eia.gov,false,""
2023-12-08T07:00:00.000000,USA,Midcontinent ISO,US-MIDW-MISO,336.11,390.52,48.96,32.35,eia.gov,false,""
2023-12-08T08:00:00.000000,USA,Midcontinent ISO,US-MIDW-MISO,332.89,387.0,49.37,32.7,eia.gov,false,""
2023-12-08T09:00:00.000000,USA,Midcontinent ISO,US-MIDW-MISO,332.79,387.48,48.97,32.47,eia.gov,false,""
2023-12-08T10:00:00.000000,USA,Midcontinent ISO,US-MIDW-MISO,336.41,391.93,48.16,31.66,eia.gov,false,""
2023-12-08T11:00:00.000000,USA,Midcontinent ISO,US-MIDW-MISO,341.63,398.48,47.01,31.75,eia.gov,false,""
2023-12-08T12:00:00.000000,USA,Midcontinent ISO,US-MIDW-MISO,350.39,407.54,46.36,32.38,eia.gov,false,""
2023-12-08T13:00:00.000000,USA,Midcontinent ISO,US-MIDW-MISO,365.12,422.9,44.89,31.18,eia.gov,false,""
2023-12-08T14:00:00.000000,USA,Midcontinent ISO,US-MIDW-MISO,378.48,437.19,43.4,29.4,eia.gov,false,""
2023-12-08T15:00:00.000000,USA,Midcontinent ISO,US-MIDW-MISO,382.77,442.8,42.29,27.68,eia.gov,false,""
2023-12-08T16:00:00.000000,USA,Midcontinent ISO,US-MIDW-MISO,383.25,443.48,42.15,27.25,eia.gov,false,""
2023-12-08T17:00:00.000000,USA,Midcontinent ISO,US-MIDW-MISO,374.55,434.62,42.82,27.69,eia.gov,false,""
2023-12-08T18:00:00.000000,USA,Midcontinent ISO,US-MIDW-MISO,377.19,438.08,42.09,26.59,eia.gov,false,""
2023-12-08T19:00:00.000000,USA,Midcontinent ISO,US-MIDW-MISO,377.35,438.4,41.96,26.37,eia.gov,false,""
2023-12-08T20:00:00.000000,USA,Midcontinent ISO,US-MIDW-MISO,373.01,433.7,42.48,26.76,eia.gov,false,""
2023-12-08T21:00:00.000000,USA,Midcontinent ISO,US-MIDW-MISO,388.07,449.77,40.75,25.18,eia.gov,false,""
2023-12-08T22:00:00.000000,USA,Midcontinent ISO,US-MIDW-MISO,400.02,461.92,39.89,24.89,eia.gov,false,""
2023-12-08T23:00:00.000000,USA,Midcontinent ISO,US-MIDW-MISO,406.37,468.03,39.58,25.0,eia.gov,false,""
2023-12-09T00:00:00.000000,USA,Midcontinent ISO,US-MIDW-MISO,397.2,458.22,40.55,25.87,eia.gov,false,""
2023-12-09T01:00:00.000000,USA,Midcontinent ISO,US-MIDW-MISO,386.7,446.93,41.75,27.06,eia.gov,false,""
2023-12-09T02:00:00.000000,USA,Midcontinent ISO,US-MIDW-MISO,376.53,436.46,42.57,27.19,eia.gov,false,""
2023-12-09T03:00:00.000000,USA,Midcontinent ISO,US-MIDW-MISO,372.53,432.11,43.06,27.31,eia.gov,false,""
2023-12-09T04:00:00.000000,USA,Midcontinent ISO,US-MIDW-MISO,374.42,432.85,43.69,27.49,eia.gov,false,""
2023-12-09T05:00:00.000000,USA,Midcontinent ISO,US-MIDW-MISO,357.93,413.29,46.85,29.51,eia.gov,false,""
2023-12-09T06:00:00.000000,USA,Midcontinent ISO,US-MIDW-MISO,328.1,379.85,51.26,32.68,eia.gov,false,""
2023-12-09T07:00:00.000000,USA,Midcontinent ISO,US-MIDW-MISO,317.35,367.65,52.95,33.78,eia.gov,false,""
2023-12-09T08:00:00.000000,USA,Midcontinent ISO,US-MIDW-MISO,318.27,368.57,52.89,33.73,eia.gov,false,""
2023-12-09T09:00:00.000000,USA,Midcontinent ISO,US-MIDW-MISO,315.49,365.37,53.35,34.29,eia.gov,false,""
2023-12-09T10:00:00.000000,USA,Midcontinent ISO,US-MIDW-MISO,315.39,365.75,53.02,34.21,eia.gov,false,""
2023-12-09T11:00:00.000000,USA,Midcontinent ISO,US-MIDW-MISO,311.43,361.53,53.46,35.26,eia.gov,false,""
2023-12-09T12:00:00.000000,USA,Midcontinent ISO,US-MIDW-MISO,312.13,362.5,53.23,35.52,eia.gov,false,""
2023-12-09T13:00:00.000000,USA,Midcontinent ISO,US-MIDW-MISO,310.63,361.1,53.28,36.23,eia.gov,false,""
2023-12-09T14:00:00.000000,USA,Midcontinent ISO,US-MIDW-MISO,315.12,365.92,52.8,36.36,eia.gov,false,""
2023-12-09T15:00:00.000000,USA,Midcontinent ISO,US-MIDW-MISO,318.78,369.72,52.55,36.47,eia.gov,false,""
2023-12-09T16:00:00.000000,USA,Midcontinent ISO,US-MIDW-MISO,319.53,369.74,53.06,36.97,eia.gov,false,""
2023-12-09T17:00:00.000000,USA,Midcontinent ISO,US-MIDW-MISO,319.2,370.03,52.62,36.6,eia.gov,false,""
2023-12-09T18:00:00.000000,USA,Midcontinent ISO,US-MIDW-MISO,315.63,366.07,53.12,37.03,eia.gov,false,""
2023-12-09T19:00:00.000000,USA,Midcontinent ISO,US-MIDW-MISO,315.02,365.54,53.1,37.07,eia.gov,false,""
2023-12-09T20:00:00.000000,USA,Midcontinent ISO,US-MIDW-MISO,319.41,370.57,52.34,36.58,eia.gov,false,""
2023-12-09T21:00:00.000000,USA,Midcontinent ISO,US-MIDW-MISO,327.13,379.55,50.94,35.28,eia.gov,false,""
2023-12-09T22:00:00.000000,USA,Midcontinent ISO,US-MIDW-MISO,333.66,386.64,50.15,34.92,eia.gov,false,""
2023-12-09T23:00:00.000000,USA,Midcontinent ISO,US-MIDW-MISO,337.69,390.45,50.04,35.14,eia.gov,false,""
2023-12-10T00:00:00.000000,USA,Midcontinent ISO,US-MIDW-MISO,332.73,384.93,50.74,35.59,eia.gov,false,""
2023-12-10T01:00:00.000000,USA,Midcontinent ISO,US-MIDW-MISO,332.21,384.59,50.62,35.28,eia.gov,false,""
2023-12-10T02:00:00.000000,USA,Midcontinent ISO,US-MIDW-MISO,327.79,379.63,51.22,35.54,eia.gov,false,""
2023-12-10T03:00:00.000000,USA,Midcontinent ISO,US-MIDW-MISO,325.56,376.97,51.64,35.49,eia.gov,false,""
2023-12-10T04:00:00.000000,USA,Midcontinent ISO,US-MIDW-MISO,318.89,368.97,52.97,36.18,eia.gov,false,""
2023-12-10T05:00:00.000000,USA,Midcontinent ISO,US-MIDW-MISO,311.97,360.11,54.72,36.68,eia.gov,false,""
2023-12-10T06:00:00.000000,USA,Midcontinent ISO,US-MIDW-MISO,310.01,358.09,54.89,36.41,eia.gov,false,""
2023-12-10T07:00:00.000000,USA,Midcontinent ISO,US-MIDW-MISO,310.77,359.58,54.35,35.56,eia.gov,false,""
2023-12-10T08:00:00.000000,USA,Midcontinent ISO,US-MIDW-MISO,318.04,368.05,53.07,33.87,eia.gov,false,""
2023-12-10T09:00:00.000000,USA,Midcontinent ISO,US-MIDW-MISO,335.64,388.76,49.84,30.55,eia.gov,false,""
2023-12-10T10:00:00.000000,USA,Midcontinent ISO,US-MIDW-MISO,361.02,419.39,44.65,25.58,eia.gov,false,""
2023-12-10T11:00:00.000000,USA,Midcontinent ISO,US-MIDW-MISO,386.33,449.26,39.91,20.84,eia.gov,false,""
2023-12-10T12:00:00.000000,USA,Midcontinent ISO,US-MIDW-MISO,406.69,473.72,35.82,17.51,eia.gov,false,""
2023-12-10T13:00:00.000000,USA,Midcontinent ISO,US-MIDW-MISO,422.14,491.89,32.97,15.27,eia.gov,false,""
2023-12-10T14:00:00.000000,USA,Midcontinent ISO,US-MIDW-MISO,449.78,520.81,30.36,13.53,eia.gov,false,""
2023-12-10T15:00:00.000000,USA,Midcontinent ISO,US-MIDW-MISO,471.3,543.43,28.25,11.91,eia.gov,false,""
2023-12-10T16:00:00.000000,USA,Midcontinent ISO,US-MIDW-MISO,485.65,558.73,26.69,10.39,eia.gov,false,""
2023-12-10T17:00:00.000000,USA,Midcontinent ISO,US-MIDW-MISO,487.28,560.52,26.48,10.28,eia.gov,false,""
2023-12-10T18:00:00.000000,USA,Midcontinent ISO,US-MIDW-MISO,488.69,562.18,26.23,9.91,eia.gov,false,""
2023-12-10T19:00:00.000000,USA,Midcontinent ISO,US-MIDW-MISO,493.01,566.8,25.75,9.21,eia.gov,false,""
2023-12-10T20:00:00.000000,USA,Midcontinent ISO,US-MIDW-MISO,500.91,575.94,24.39,8.06,eia.gov,false,""
2023-12-10T21:00:00.000000,USA,Midcontinent ISO,US-MIDW-MISO,507.59,584.63,22.57,6.56,eia.gov,false,""
2023-12-10T22:00:00.000000,USA,Midcontinent ISO,US-MIDW-MISO,506.34,584.33,22.07,6.86,eia.gov,false,""
2023-12-10T23:00:00.000000,USA,Midcontinent ISO,US-MIDW-MISO,513.33,591.78,21.25,6.55,eia.gov,false,""
2023-12-11T00:00:00.000000,USA,Midcontinent ISO,US-MIDW-MISO,510.24,588.27,21.73,7.13,eia.gov,false,""
2023-12-11T01:00:00.000000,USA,Midcontinent ISO,US-MIDW-MISO,512.39,590.36,21.55,6.97,eia.gov,false,""
2023-12-11T02:00:00.000000,USA,Midcontinent ISO,US-MIDW-MISO,514.91,592.94,21.26,6.5,eia.gov,false,""
2023-12-11T03:00:00.000000,USA,Midcontinent ISO,US-MIDW-MISO,508.12,585.35,22.23,7.03,eia.gov,false,""
2023-12-11T04:00:00.000000,USA,Midcontinent ISO,US-MIDW-MISO,490.35,566.52,24.11,8.57,eia.gov,false,""
2023-12-11T05:00:00.000000,USA,Midcontinent ISO,US-MIDW-MISO,472.12,548.04,25.47,9.42,eia.gov,false,""
2023-12-11T06:00:00.000000,USA,Midcontinent ISO,US-MIDW-MISO,464.12,540.14,25.95,9.51,eia.gov,false,""
2023-12-11T07:00:00.000000,USA,Midcontinent ISO,US-MIDW-MISO,464.04,540.2,25.85,9.31,eia.gov,false,""
2023-12-11T08:00:00.000000,USA,Midcontinent ISO,US-MIDW-MISO,463.9,540.14,25.81,9.1,eia.gov,false,""
2023-12-11T09:00:00.000000,USA,Midcontinent ISO,US-MIDW-MISO,467.86,544.56,25.24,8.87,eia.gov,false,""
2023-12-11T10:00:00.000000,USA,Midcontinent ISO,US-MIDW-MISO,473.48,550.5,24.67,9.16,eia.gov,false,""
2023-12-11T11:00:00.000000,USA,Midcontinent ISO,US-MIDW-MISO,469.46,545.7,25.61,11.44,eia.gov,false,""
2023-12-11T12:00:00.000000,USA,Midcontinent ISO,US-MIDW-MISO,471.73,547.31,25.99,12.93,eia.gov,false,""
2023-12-11T13:00:00.000000,USA,Midcontinent ISO,US-MIDW-MISO,473.06,547.68,26.57,14.15,eia.gov,false,""
2023-12-11T14:00:00.000000,USA,Midcontinent ISO,US-MIDW-MISO,472.28,545.88,27.31,14.82,eia.gov,false,""
2023-12-11T15:00:00.000000,USA,Midcontinent ISO,US-MIDW-MISO,478.63,552.62,26.64,13.95,eia.gov,false,""
2023-12-11T16:00:00.000000,USA,Midcontinent ISO,US-MIDW-MISO,492.25,566.71,25.42,12.65,eia.gov,false,""
2023-12-11T17:00:00.000000,USA,Midcontinent ISO,US-MIDW-MISO,492.39,566.15,25.87,12.76,eia.gov,false,""
2023-12-11T18:00:00.000000,USA,Midcontinent ISO,US-MIDW-MISO,485.76,558.44,27.0,13.67,eia.gov,false,""
2023-12-11T19:00:00.000000,USA,Midcontinent ISO,US-MIDW-MISO,469.36,541.1,28.73,15.1,eia.gov,false,""
2023-12-11T20:00:00.000000,USA,Midcontinent ISO,US-MIDW-MISO,454.13,525.25,30.16,16.45,eia.gov,false,""
2023-12-11T21:00:00.000000,USA,Midcontinent ISO,US-MIDW-MISO,453.22,524.36,30.11,16.52,eia.gov,false,""
2023-12-11T22:00:00.000000,USA,Midcontinent ISO,US-MIDW-MISO,462.35,533.32,29.55,16.61,eia.gov,false,""
2023-12-11T23:00:00.000000,USA,Midcontinent ISO,US-MIDW-MISO,458.89,528.35,30.73,18.17,eia.gov,false,""
2023-12-12T00:00:00.000000,USA,Midcontinent ISO,US-MIDW-MISO,446.28,513.6,32.98,20.73,eia.gov,false,""
2023-12-12T01:00:00.000000,USA,Midcontinent ISO,US-MIDW-MISO,424.98,489.51,36.25,23.8,eia.gov,false,""
2023-12-12T02:00:00.000000,USA,Midcontinent ISO,US-MIDW-MISO,413.68,477.1,37.73,25.1,eia.gov,false,""
2023-12-12T03:00:00.000000,USA,Midcontinent ISO,US-MIDW-MISO,402.94,464.71,39.53,26.57,eia.gov,false,""
2023-12-12T04:00:00.000000,USA,Midcontinent ISO,US-MIDW-MISO,389.89,450.65,41.06,27.78,eia.gov,false,""
2023-12-12T05:00:00.000000,USA,Midcontinent ISO,US-MIDW-MISO,378.83,439.16,42.08,28.58,eia.gov,false,""
2023-12-12T06:00:00.000000,USA,Midcontinent ISO,US-MIDW-MISO,363.85,423.19,43.74,29.93,eia.gov,false,""
2023-12-12T07:00:00.000000,USA,Midcontinent ISO,US-MIDW-MISO,356.8,416.12,44.22,30.32,eia.gov,false,""
2023-12-12T08:00:00.000000,USA,Midcontinent ISO,US-MIDW-MISO,358.13,417.67,43.98,30.12,eia.gov,false,""
2023-12-12T09:00:00.000000,USA,Midcontinent ISO,US-MIDW-MISO,361.95,422.12,43.31,29.57,eia.gov,false,""
2023-12-12T10:00:00.000000,USA,Midcontinent ISO,US-MIDW-MISO,371.12,432.36,41.99,28.46,eia.gov,false,""
2023-12-12T11:00:00.000000,USA,Midcontinent ISO,US-MIDW-MISO,383.06,446.95,39.47,26.79,eia.gov,false,""
2023-12-12T12:00:00.000000,USA,Midcontinent ISO,US-MIDW-MISO,401.48,467.93,36.7,24.9,eia.gov,false,""
2023-12-12T13:00:00.000000,USA,Midcontinent ISO,US-MIDW-MISO,429.49,498.06,33.35,21.82,eia.gov,false,""
2023-12-12T14:00:00.000000,USA,Midcontinent ISO,US-MIDW-MISO,434.1,502.87,33.03,21.01,eia.gov,false,""
2023-12-12T15:00:00.000000,USA,Midcontinent ISO,US-MIDW-MISO,438.05,507.85,32.2,19.37,eia.gov,false,""
2023-12-12T16:00:00.000000,USA,Midcontinent ISO,US-MIDW-MISO,440.86,511.91,31.19,17.47,eia.gov,false,""
2023-12-12T17:00:00.000000,USA,Midcontinent ISO,US-MIDW-MISO,442.51,514.69,30.31,15.87,eia.gov,false,""
2023-12-12T18:00:00.000000,USA,Midcontinent ISO,US-MIDW-MISO,442.16,514.29,30.4,15.43,eia.gov,false,""
2023-12-12T19:00:00.000000,USA,Midcontinent ISO,US-MIDW-MISO,440.74,512.72,30.61,15.46,eia.gov,false,""
2023-12-12T20:00:00.000000,USA,Midcontinent ISO,US-MIDW-MISO,445.79,518.59,29.71,14.51,eia.gov,false,""
2023-12-12T21:00:00.000000,USA,Midcontinent ISO,US-MIDW-MISO,464.06,538.61,27.2,12.41,eia.gov,false,""
2023-12-12T22:00:00.000000,USA,Midcontinent ISO,US-MIDW-MISO,475.58,551.1,25.77,12.02,eia.gov,false,""
2023-12-12T23:00:00.000000,USA,Midcontinent ISO,US-MIDW-MISO,483.47,558.47,25.58,12.68,eia.gov,false,""
2023-12-13T00:00:00.000000,USA,Midcontinent ISO,US-MIDW-MISO,481.75,555.34,26.61,13.87,eia.gov,false,""
2023-12-13T01:00:00.000000,USA,Midcontinent ISO,US-MIDW-MISO,481.77,555.38,26.51,13.75,eia.gov,false,""
2023-12-13T02:00:00.000000,USA,Midcontinent ISO,US-MIDW-MISO,487.76,561.78,25.73,12.85,eia.gov,false,""
2023-12-13T03:00:00.000000,USA,Midcontinent ISO,US-MIDW-MISO,485.6,559.16,26.16,12.89,eia.gov,false,""
2023-12-13T04:00:00.000000,USA,Midcontinent ISO,US-MIDW-MISO,475.62,548.24,27.45,13.61,eia.gov,false,""
2023-12-13T05:00:00.000000,USA,Midcontinent ISO,US-MIDW-MISO,455.89,527.86,29.21,14.27,eia.gov,false,""
2023-12-13T06:00:00.000000,USA,Midcontinent ISO,US-MIDW-MISO,443.48,515.29,30.14,14.53,eia.gov,false,""
2023-12-13T07:00:00.000000,USA,Midcontinent ISO,US-MIDW-MISO,443.21,515.82,29.62,15.19,eia.gov,false,""
2023-12-13T08:00:00.000000,USA,Midcontinent ISO,US-MIDW-MISO,439.43,511.95,29.93,15.68,eia.gov,false,""
2023-12-13T09:00:00.000000,USA,Midcontinent ISO,US-MIDW-MISO,444.36,516.58,29.8,15.85,eia.gov,false,""
2023-12-13T10:00:00.000000,USA,Midcontinent ISO,US-MIDW-MISO,446.89,519.43,29.46,15.77,eia.gov,false,""
2023-12-13T11:00:00.000000,USA,Midcontinent ISO,US-MIDW-MISO,456.73,529.88,28.55,16.11,eia.gov,false,""
2023-12-13T12:00:00.000000,USA,Midcontinent ISO,US-MIDW-MISO,467.17,541.15,27.37,15.84,eia.gov,false,""
2023-12-13T13:00:00.000000,USA,Midcontinent ISO,US-MIDW-MISO,477.37,552.01,26.24,14.94,eia.gov,false,""
2023-12-13T14:00:00.000000,USA,Midcontinent ISO,US-MIDW-MISO,477.33,551.75,26.44,14.78,eia.gov,false,""
2023-12-13T15:00:00.000000,USA,Midcontinent ISO,US-MIDW-MISO,475.9,550.75,26.29,13.99,eia.gov,false,""
2023-12-13T16:00:00.000000,USA,Midcontinent ISO,US-MIDW-MISO,476.68,552.38,25.65,12.62,eia.gov,false,""
2023-12-13T17:00:00.000000,USA,Midcontinent ISO,US-MIDW-MISO,471.24,546.99,25.97,12.65,eia.gov,false,""
2023-12-13T18:00:00.000000,USA,Midcontinent ISO,US-MIDW-MISO,469.96,545.58,26.15,12.61,eia.gov,false,""
2023-12-13T19:00:00.000000,USA,Midcontinent ISO,US-MIDW-MISO,466.46,541.77,26.6,13.0,eia.gov,false,""
2023-12-13T20:00:00.000000,USA,Midcontinent ISO,US-MIDW-MISO,464.06,539.52,26.61,12.86,eia.gov,false,""
2023-12-13T21:00:00.000000,USA,Midcontinent ISO,US-MIDW-MISO,474.12,550.21,25.46,12.23,eia.gov,false,""
2023-12-13T22:00:00.000000,USA,Midcontinent ISO,US-MIDW-MISO,478.05,553.56,25.54,13.17,eia.gov,false,""
2023-12-13T23:00:00.000000,USA,Midcontinent ISO,US-MIDW-MISO,486.01,561.04,25.26,13.63,eia.gov,false,""
2023-12-14T00:00:00.000000,USA,Midcontinent ISO,US-MIDW-MISO,488.61,563.6,25.07,13.32,eia.gov,false,""
2023-12-14T01:00:00.000000,USA,Midcontinent ISO,US-MIDW-MISO,473.96,546.99,27.31,15.65,eia.gov,false,""
2023-12-14T02:00:00.000000,USA,Midcontinent ISO,US-MIDW-MISO,467.35,539.06,28.61,16.84,eia.gov,false,""
2023-12-14T03:00:00.000000,USA,Midcontinent ISO,US-MIDW-MISO,449.57,519.23,31.15,18.8,eia.gov,false,""
2023-12-14T04:00:00.000000,USA,Midcontinent ISO,US-MIDW-MISO,431.32,500.96,32.37,19.45,eia.gov,false,""
2023-12-14T05:00:00.000000,USA,Midcontinent ISO,US-MIDW-MISO,424.34,492.78,33.63,20.8,eia.gov,false,""
2023-12-14T06:00:00.000000,USA,Midcontinent ISO,US-MIDW-MISO,408.59,474.95,36.07,23.01,eia.gov,false,""
2023-12-14T07:00:00.000000,USA,Midcontinent ISO,US-MIDW-MISO,400.12,466.7,36.49,23.31,eia.gov,false,""
2023-12-14T08:00:00.000000,USA,Midcontinent ISO,US-MIDW-MISO,396.19,462.68,36.82,23.36,eia.gov,false,""
2023-12-14T09:00:00.000000,USA,Midcontinent ISO,US-MIDW-MISO,399.93,466.4,36.58,23.27,eia.gov,false,""
2023-12-14T10:00:00.000000,USA,Midcontinent ISO,US-MIDW-MISO,404.09,470.6,36.27,23.2,eia.gov,false,""
2023-12-14T11:00:00.000000,USA,Midcontinent ISO,US-MIDW-MISO,407.87,474.61,35.99,23.86,eia.gov,false,""
2023-12-14T12:00:00.000000,USA,Midcontinent ISO,US-MIDW-MISO,424.36,491.77,34.57,23.28,eia.gov,false,""
2023-12-14T13:00:00.000000,USA,Midcontinent ISO,US-MIDW-MISO,440.27,507.96,33.3,22.14,eia.gov,false,""
2023-12-14T14:00:00.000000,USA,Midcontinent ISO,US-MIDW-MISO,434.59,501.51,34.22,22.54,eia.gov,false,""
2023-12-14T15:00:00.000000,USA,Midcontinent ISO,US-MIDW-MISO,424.32,492.06,34.47,21.98,eia.gov,false,""
2023-12-14T16:00:00.000000,USA,Midcontinent ISO,US-MIDW-MISO,441.98,511.93,31.83,18.71,eia.gov,false,""
2023-12-14T17:00:00.000000,USA,Midcontinent ISO,US-MIDW-MISO,444.27,514.13,31.75,18.12,eia.gov,false,""
2023-12-14T18:00:00.000000,USA,Midcontinent ISO,US-MIDW-MISO,418.67,485.44,35.52,21.84,eia.gov,false,""
2023-12-14T19:00:00.000000,USA,Midcontinent ISO,US-MIDW-MISO,387.5,451.57,39.42,25.87,eia.gov,false,""
2023-12-14T20:00:00.000000,USA,Midcontinent ISO,US-MIDW-MISO,380.52,444.61,39.85,26.37,eia.gov,false,""
2023-12-14T21:00:00.000000,USA,Midcontinent ISO,US-MIDW-MISO,408.66,475.33,36.14,22.87,eia.gov,false,""
2023-12-14T22:00:00.000000,USA,Midcontinent ISO,US-MIDW-MISO,430.98,498.79,33.79,21.4,eia.gov,false,""
2023-12-14T23:00:00.000000,USA,Midcontinent ISO,US-MIDW-MISO,431.03,497.86,34.35,22.59,eia.gov,false,""
2023-12-15T00:00:00.000000,USA,Midcontinent ISO,US-MIDW-MISO,421.06,485.66,36.47,24.85,eia.gov,false,""
2023-12-15T01:00:00.000000,USA,Midcontinent ISO,US-MIDW-MISO,410.35,473.68,38.01,26.39,eia.gov,false,""
2023-12-15T02:00:00.000000,USA,Midcontinent ISO,US-MIDW-MISO,403.37,466.34,38.68,26.81,eia.gov,false,""
2023-12-15T03:00:00.000000,USA,Midcontinent ISO,US-MIDW-MISO,390.83,453.5,39.71,27.33,eia.gov,false,""
2023-12-15T04:00:00.000000,USA,Midcontinent ISO,US-MIDW-MISO,380.11,441.87,41.03,28.02,eia.gov,false,""
2023-12-15T05:00:00.000000,USA,Midcontinent ISO,US-MIDW-MISO,370.7,431.36,42.39,28.81,eia.gov,false,""
2023-12-15T06:00:00.000000,USA,Midcontinent ISO,US-MIDW-MISO,369.05,429.84,42.42,28.46,eia.gov,false,""
2023-12-15T07:00:00.000000,USA,Midcontinent ISO,US-MIDW-MISO,376.75,438.91,41.0,26.82,eia.gov,false,""
2023-12-15T08:00:00.000000,USA,Midcontinent ISO,US-MIDW-MISO,389.44,453.11,39.15,24.94,eia.gov,false,""
2023-12-15T09:00:00.000000,USA,Midcontinent ISO,US-MIDW-MISO,403.72,468.95,37.17,22.96,eia.gov,false,""
2023-12-15T10:00:00.000000,USA,Midcontinent ISO,US-MIDW-MISO,412.35,479.34,35.42,21.36,eia.gov,false,""
2023-12-15T11:00:00.000000,USA,Midcontinent ISO,US-MIDW-MISO,423.12,491.9,33.54,20.57,eia.gov,false,""
2023-12-15T12:00:00.000000,USA,Midcontinent ISO,US-MIDW-MISO,429.58,498.71,33.05,21.04,eia.gov,false,""
2023-12-15T13:00:00.000000,USA,Midcontinent ISO,US-MIDW-MISO,447.65,517.95,31.04,19.0,eia.gov,false,""
2023-12-15T14:00:00.000000,USA,Midcontinent ISO,US-MIDW-MISO,446.69,517.16,31.04,18.48,eia.gov,false,""
2023-12-15T15:00:00.000000,USA,Midcontinent ISO,US-MIDW-MISO,444.35,515.58,30.81,17.5,eia.gov,false,""
2023-12-15T16:00:00.000000,USA,Midcontinent ISO,US-MIDW-MISO,463.67,536.89,28.21,14.08,eia.gov,false,""
2023-12-15T17:00:00.000000,USA,Midcontinent ISO,US-MIDW-MISO,479.16,553.22,26.62,12.03,eia.gov,false,""
2023-12-15T18:00:00.000000,USA,Midcontinent ISO,US-MIDW-MISO,486.01,561.13,25.5,10.49,eia.gov,false,""
2023-12-15T19:00:00.000000,USA,Midcontinent ISO,US-MIDW-MISO,496.35,572.55,24.04,9.03,eia.gov,false,""
2023-12-15T20:00:00.000000,USA,Midcontinent ISO,US-MIDW-MISO,502.75,579.65,23.1,8.11,eia.gov,false,""
2023-12-15T21:00:00.000000,USA,Midcontinent ISO,US-MIDW-MISO,497.43,573.91,23.76,8.91,eia.gov,false,""
2023-12-15T22:00:00.000000,USA,Midcontinent ISO,US-MIDW-MISO,502.76,578.6,23.81,9.72,eia.gov,false,""
2023-12-15T23:00:00.000000,USA,Midcontinent ISO,US-MIDW-MISO,504.31,579.72,23.96,10.31,eia.gov,false,""
2023-12-16T00:00:00.000000,USA,Midcontinent ISO,US-MIDW-MISO,502.42,577.65,24.1,10.36,eia.gov,false,""
2023-12-16T01:00:00.000000,USA,Midcontinent ISO,US-MIDW-MISO,490.88,565.85,25.0,10.88,eia.gov,false,""
2023-12-16T02:00:00.000000,USA,Midcontinent ISO,US-MIDW-MISO,488.49,563.37,25.15,10.75,eia.gov,false,""
2023-12-16T03:00:00.000000,USA,Midcontinent ISO,US-MIDW-MISO,485.93,561.13,25.07,10.26,eia.gov,false,""
2023-12-16T04:00:00.000000,USA,Midcontinent ISO,US-MIDW-MISO,483.41,559.04,24.95,10.03,eia.gov,false,""
2023-12-16T05:00:00.000000,USA,Midcontinent ISO,US-MIDW-MISO,479.91,555.68,25.1,9.51,eia.gov,false,""
2023-12-16T06:00:00.000000,USA,Midcontinent ISO,US-MIDW-MISO,474.28,549.79,25.65,9.53,eia.gov,false,""
2023-12-16T07:00:00.000000,USA,Midcontinent ISO,US-MIDW-MISO,465.36,540.88,26.25,9.7,eia.gov,false,""
2023-12-16T08:00:00.000000,USA,Midcontinent ISO,US-MIDW-MISO,464.55,540.07,26.31,9.79,eia.gov,false,""
2023-12-16T09:00:00.000000,USA,Midcontinent ISO,US-MIDW-MISO,471.92,547.59,25.72,9.6,eia.gov,false,""
2023-12-16T10:00:00.000000,USA,Midcontinent ISO,US-MIDW-MISO,481.26,557.55,24.68,10.54,eia.gov,false,""
2023-12-16T11:00:00.000000,USA,Midcontinent ISO,US-MIDW-MISO,484.82,560.91,24.57,10.91,eia.gov,false,""
2023-12-16T12:00:00.000000,USA,Midcontinent ISO,US-MIDW-MISO,490.56,565.66,24.84,11.83,eia.gov,false,""
2023-12-16T13:00:00.000000,USA,Midcontinent ISO,US-MIDW-MISO,501.16,576.22,24.17,11.46,eia.gov,false,""
2023-12-16T14:00:00.000000,USA,Midcontinent ISO,US-MIDW-MISO,502.29,576.65,24.69,12.31,eia.gov,false,""
2023-12-16T15:00:00.000000,USA,Midcontinent ISO,US-MIDW-MISO,498.79,572.62,25.27,12.72,eia.gov,false,""
2023-12-16T16:00:00.000000,USA,Midcontinent ISO,US-MIDW-MISO,488.95,562.14,26.33,13.37,eia.gov,false,""
2023-12-16T17:00:00.000000,USA,Midcontinent ISO,US-MIDW-MISO,478.0,550.11,27.79,14.58,eia.gov,false,""
2023-12-16T18:00:00.000000,USA,Midcontinent ISO,US-MIDW-MISO,465.06,535.94,29.44,16.21,eia.gov,false,""
2023-12-16T19:00:00.000000,USA,Midcontinent ISO,US-MIDW-MISO,451.14,521.71,30.55,17.07,eia.gov,false,""
2023-12-16T20:00:00.000000,USA,Midcontinent ISO,US-MIDW-MISO,452.42,523.02,30.41,17.02,eia.gov,false,""
2023-12-16T21:00:00.000000,USA,Midcontinent ISO,US-MIDW-MISO,461.74,532.57,29.62,16.65,eia.gov,false,""
2023-12-16T22:00:00.000000,USA,Midcontinent ISO,US-MIDW-MISO,474.65,545.33,28.88,16.58,eia.gov,false,""
2023-12-16T23:00:00.000000,USA,Midcontinent ISO,US-MIDW-MISO,484.8,555.5,28.18,16.24,eia.gov,false,""
2023-12-17T00:00:00.000000,USA,Midcontinent ISO,US-MIDW-MISO,487.89,558.91,27.74,15.8,eia.gov,false,""
2023-12-17T01:00:00.000000,USA,Midcontinent ISO,US-MIDW-MISO,484.79,556.18,27.69,15.46,eia.gov,false,""
2023-12-17T02:00:00.000000,USA,Midcontinent ISO,US-MIDW-MISO,482.1,553.83,27.63,15.08,eia.gov,false,""
2023-12-17T03:00:00.000000,USA,Midcontinent ISO,US-MIDW-MISO,468.44,539.97,28.67,15.63,eia.gov,false,""
2023-12-17T04:00:00.000000,USA,Midcontinent ISO,US-MIDW-MISO,466.15,537.87,28.68,14.97,eia.gov,false,""
2023-12-17T05:00:00.000000,USA,Midcontinent ISO,US-MIDW-MISO,454.74,525.42,30.14,15.98,eia.gov,false,""
2023-12-17T06:00:00.000000,USA,Midcontinent ISO,US-MIDW-MISO,440.52,509.92,31.95,17.05,eia.gov,false,""
2023-12-17T07:00:00.000000,USA,Midcontinent ISO,US-MIDW-MISO,437.53,507.21,31.96,16.71,eia.gov,false,""
2023-12-17T08:00:00.000000,USA,Midcontinent ISO,US-MIDW-MISO,434.68,503.63,32.64,17.17,eia.gov,false,""
2023-12-17T09:00:00.000000,USA,Midcontinent ISO,US-MIDW-MISO,434.91,503.68,32.75,17.16,eia.gov,false,""
2023-12-17T10:00:00.000000,USA,Midcontinent ISO,US-MIDW-MISO,435.89,504.74,32.64,17.08,eia.gov,false,""
2023-12-17T11:00:00.000000,USA,Midcontinent ISO,US-MIDW-MISO,445.88,515.87,31.22,15.99,eia.gov,false,""
2023-12-17T12:00:00.000000,USA,Midcontinent ISO,US-MIDW-MISO,458.78,529.62,29.79,15.08,eia.gov,false,""
2023-12-17T13:00:00.000000,USA,Midcontinent ISO,US-MIDW-MISO,469.65,540.41,29.13,14.79,eia.gov,false,""
2023-12-17T14:00:00.000000,USA,Midcontinent ISO,US-MIDW-MISO,471.39,541.62,29.43,15.51,eia.gov,false,""
2023-12-17T15:00:00.000000,USA,Midcontinent ISO,US-MIDW-MISO,475.45,545.43,29.37,15.63,eia.gov,false,""
2023-12-17T16:00:00.000000,USA,Midcontinent ISO,US-MIDW-MISO,470.69,540.09,30.1,16.36,eia.gov,false,""
2023-12-17T17:00:00.000000,USA,Midcontinent ISO,US-MIDW-MISO,452.77,520.83,32.2,18.49,eia.gov,false,""
2023-12-17T18:00:00.000000,USA,Midcontinent ISO,US-MIDW-MISO,423.22,489.22,35.53,21.88,eia.gov,false,""
2023-12-17T19:00:00.000000,USA,Midcontinent ISO,US-MIDW-MISO,405.25,469.08,38.17,24.34,eia.gov,false,""
2023-12-17T20:00:00.000000,USA,Midcontinent ISO,US-MIDW-MISO,392.22,454.21,40.24,26.31,eia.gov,false,""
2023-12-17T21:00:00.000000,USA,Midcontinent ISO,US-MIDW-MISO,393.04,455.05,40.15,26.44,eia.gov,false,""
2023-12-17T22:00:00.000000,USA,Midcontinent ISO,US-MIDW-MISO,417.97,481.03,37.74,24.86,eia.gov,false,""
2023-12-17T23:00:00.000000,USA,Midcontinent ISO,US-MIDW-MISO,435.77,498.65,36.65,24.5,eia.gov,false,""
2023-12-18T00:00:00.000000,USA,Midcontinent ISO,US-MIDW-MISO,423.63,485.03,38.42,26.47,eia.gov,false,""
2023-12-18T01:00:00.000000,USA,Midcontinent ISO,US-MIDW-MISO,411.41,472.34,39.54,27.51,eia.gov,false,""
2023-12-18T02:00:00.000000,USA,Midcontinent ISO,US-MIDW-MISO,397.11,457.64,40.76,28.29,eia.gov,false,""
2023-12-18T03:00:00.000000,USA,Midcontinent ISO,US-MIDW-MISO,387.9,448.29,41.45,28.4,eia.gov,false,""
2023-12-18T04:00:00.000000,USA,Midcontinent ISO,US-MIDW-MISO,368.81,427.96,43.54,30.16,eia.gov,false,""
2023-12-18T05:00:00.000000,USA,Midcontinent ISO,US-MIDW-MISO,357.88,415.89,45.03,30.96,eia.gov,false,""
2023-12-18T06:00:00.000000,USA,Midcontinent ISO,US-MIDW-MISO,355.01,412.48,45.58,31.03,eia.gov,false,""
2023-12-18T07:00:00.000000,USA,Midcontinent ISO,US-MIDW-MISO,354.52,410.87,46.38,31.39,eia.gov,false,""
2023-12-18T08:00:00.000000,USA,Midcontinent ISO,US-MIDW-MISO,358.02,415.66,45.28,30.44,eia.gov,false,""
2023-12-18T09:00:00.000000,USA,Midcontinent ISO,US-MIDW-MISO,362.7,420.92,44.58,29.74,eia.gov,false,""
2023-12-18T10:00:00.000000,USA,Midcontinent ISO,US-MIDW-MISO,370.33,430.27,42.92,28.81,eia.gov,false,""
2023-12-18T11:00:00.000000,USA,Midcontinent ISO,US-MIDW-MISO,383.71,445.14,41.03,28.02,eia.gov,false,""
2023-12-18T12:00:00.000000,USA,Midcontinent ISO,US-MIDW-MISO,396.19,458.69,39.52,27.67,eia.gov,false,""
2023-12-18T13:00:00.000000,USA,Midcontinent ISO,US-MIDW-MISO,403.12,465.27,39.32,27.85,eia.gov,false,""
2023-12-18T14:00:00.000000,USA,Midcontinent ISO,US-MIDW-MISO,393.12,454.58,40.52,29.1,eia.gov,false,""
2023-12-18T15:00:00.000000,USA,Midcontinent ISO,US-MIDW-MISO,379.68,440.63,41.84,30.02,eia.gov,false,""
2023-12-18T16:00:00.000000,USA,Midcontinent ISO,US-MIDW-MISO,374.37,435.31,42.23,30.09,eia.gov,false,""
2023-12-18T17:00:00.000000,USA,Midcontinent ISO,US-MIDW-MISO,378.62,440.16,41.55,29.3,eia.gov,false,""
2023-12-18T18:00:00.000000,USA,Midcontinent ISO,US-MIDW-MISO,380.19,441.89,41.35,28.94,eia.gov,false,""
2023-12-18T19:00:00.000000,USA,Midcontinent ISO,US-MIDW-MISO,384.25,446.6,40.63,28.11,eia.gov,false,""
2023-12-18T20:00:00.000000,USA,Midcontinent ISO,US-MIDW-MISO,391.29,455.48,38.93,26.41,eia.gov,false,""
2023-12-18T21:00:00.000000,USA,Midcontinent ISO,US-MIDW-MISO,414.71,481.36,35.67,23.33,eia.gov,false,""
2023-12-18T22:00:00.000000,USA,Midcontinent ISO,US-MIDW-MISO,444.23,513.5,32.01,20.55,eia.gov,false,""
2023-12-18T23:00:00.000000,USA,Midcontinent ISO,US-MIDW-MISO,467.35,537.9,29.59,18.53,eia.gov,false,""
2023-12-19T00:00:00.000000,USA,Midcontinent ISO,US-MIDW-MISO,472.59,543.55,28.94,17.79,eia.gov,false,""
2023-12-19T01:00:00.000000,USA,Midcontinent ISO,US-MIDW-MISO,480.38,552.15,27.82,16.59,eia.gov,false,""
2023-12-19T02:00:00.000000,USA,Midcontinent ISO,US-MIDW-MISO,485.48,557.44,27.27,15.98,eia.gov,false,""
2023-12-19T03:00:00.000000,USA,Midcontinent ISO,US-MIDW-MISO,487.8,559.32,27.37,16.09,eia.gov,false,""
2023-12-19T04:00:00.000000,USA,Midcontinent ISO,US-MIDW-MISO,474.06,544.51,29.0,17.3,eia.gov,false,""
2023-12-19T05:00:00.000000,USA,Midcontinent ISO,US-MIDW-MISO,467.97,537.74,29.83,18.14,eia.gov,false,""
2023-12-19T06:00:00.000000,USA,Midcontinent ISO,US-MIDW-MISO,451.63,520.2,31.71,19.66,eia.gov,false,""
2023-12-19T07:00:00.000000,USA,Midcontinent ISO,US-MIDW-MISO,435.79,503.21,33.53,21.43,eia.gov,false,""
2023-12-19T08:00:00.000000,USA,Midcontinent ISO,US-MIDW-MISO,430.21,496.75,34.48,22.5,eia.gov,false,""
2023-12-19T09:00:00.000000,USA,Midcontinent ISO,US-MIDW-MISO,437.43,503.62,34.24,22.53,eia.gov,false,""
2023-12-19T10:00:00.000000,USA,Midcontinent ISO,US-MIDW-MISO,434.72,500.61,34.65,23.43,eia.gov,false,""
2023-12-19T11:00:00.000000,USA,Midcontinent ISO,US-MIDW-MISO,432.62,499.37,34.38,24.06,eia.gov,false,""
2023-12-19T12:00:00.000000,USA,Midcontinent ISO,US-MIDW-MISO,443.04,511.52,32.55,22.86,eia.gov,false,""
2023-12-19T13:00:00.000000,USA,Midcontinent ISO,US-MIDW-MISO,449.84,518.47,32.0,22.66,eia.gov,false,""
2023-12-19T14:00:00.000000,USA,Midcontinent ISO,US-MIDW-MISO,445.9,513.86,32.75,23.06,eia.gov,false,""
2023-12-19T15:00:00.000000,USA,Midcontinent ISO,US-MIDW-MISO,440.28,507.33,33.75,23.75,eia.gov,false,""
2023-12-19T16:00:00.000000,USA,Midcontinent ISO,US-MIDW-MISO,437.43,503.04,34.9,24.82,eia.gov,false,""
2023-12-19T17:00:00.000000,USA,Midcontinent ISO,US-MIDW-MISO,437.84,502.82,35.32,24.95,eia.gov,false,""
2023-12-19T18:00:00.000000,USA,Midcontinent ISO,US-MIDW-MISO,445.47,510.14,35.01,24.54,eia.gov,false,""
2023-12-19T19:00:00.000000,USA,Midcontinent ISO,US-MIDW-MISO,446.3,511.18,34.81,24.29,eia.gov,false,""
2023-12-19T20:00:00.000000,USA,Midcontinent ISO,US-MIDW-MISO,455.07,521.33,33.25,22.61,eia.gov,false,""
2023-12-19T21:00:00.000000,USA,Midcontinent ISO,US-MIDW-MISO,473.78,541.69,30.84,20.22,eia.gov,false,""
2023-12-19T22:00:00.000000,USA,Midcontinent ISO,US-MIDW-MISO,484.91,553.46,29.72,19.48,eia.gov,false,""
2023-12-19T23:00:00.000000,USA,Midcontinent ISO,US-MIDW-MISO,490.9,559.68,29.13,19.07,eia.gov,false,""
2023-12-20T00:00:00.000000,USA,Midcontinent ISO,US-MIDW-MISO,487.18,555.45,29.63,19.53,eia.gov,false,""
2023-12-20T01:00:00.000000,USA,Midcontinent ISO,US-MIDW-MISO,484.25,552.06,30.08,19.89,eia.gov,false,""
2023-12-20T02:00:00.000000,USA,Midcontinent ISO,US-MIDW-MISO,477.55,544.85,30.84,20.61,eia.gov,false,""
2023-12-20T03:00:00.000000,USA,Midcontinent ISO,US-MIDW-MISO,471.56,538.85,31.24,20.71,eia.gov,false,""
2023-12-20T04:00:00.000000,USA,Midcontinent ISO,US-MIDW-MISO,463.67,530.83,31.84,20.88,eia.gov,false,""
2023-12-20T05:00:00.000000,USA,Midcontinent ISO,US-MIDW-MISO,449.56,517.34,32.37,21.01,eia.gov,false,""
2023-12-20T06:00:00.000000,USA,Midcontinent ISO,US-MIDW-MISO,445.02,513.9,31.94,20.36,eia.gov,false,""
2023-12-20T07:00:00.000000,USA,Midcontinent ISO,US-MIDW-MISO,446.01,515.9,31.2,19.36,eia.gov,false,""
2023-12-20T08:00:00.000000,USA,Midcontinent ISO,US-MIDW-MISO,460.6,532.04,29.19,17.38,eia.gov,false,""
2023-12-20T09:00:00.000000,USA,Midcontinent ISO,US-MIDW-MISO,473.78,546.07,27.76,15.93,eia.gov,false,""
2023-12-20T10:00:00.000000,USA,Midcontinent ISO,US-MIDW-MISO,477.41,550.66,26.9,15.32,eia.gov,false,""
2023-12-20T11:00:00.000000,USA,Midcontinent ISO,US-MIDW-MISO,472.43,545.89,27.24,16.35,eia.gov,false,""
2023-12-20T12:00:00.000000,USA,Midcontinent ISO,US-MIDW-MISO,483.14,557.83,25.76,15.5,eia.gov,false,""
2023-12-20T13:00:00.000000,USA,Midcontinent ISO,US-MIDW-MISO,497.26,572.41,24.51,14.56,eia.gov,false,""
2023-12-20T14:00:00.000000,USA,Midcontinent ISO,US-MIDW-MISO,501.76,576.94,24.21,14.13,eia.gov,false,""
2023-12-20T15:00:00.000000,USA,Midcontinent ISO,US-MIDW-MISO,502.55,578.64,23.63,13.04,eia.gov,false,""
2023-12-20T16:00:00.000000,USA,Midcontinent ISO,US-MIDW-MISO,514.17,591.52,22.05,11.07,eia.gov,false,""
2023-12-20T17:00:00.000000,USA,Midcontinent ISO,US-MIDW-MISO,520.12,598.01,21.27,9.82,eia.gov,false,""
2023-12-20T18:00:00.000000,USA,Midcontinent ISO,US-MIDW-MISO,519.42,597.41,21.25,9.65,eia.gov,false,""
2023-12-20T19:00:00.000000,USA,Midcontinent ISO,US-MIDW-MISO,515.53,593.2,21.72,10.14,eia.gov,false,""
2023-12-20T20:00:00.000000,USA,Midcontinent ISO,US-MIDW-MISO,514.11,591.58,21.91,10.28,eia.gov,false,""
2023-12-20T21:00:00.000000,USA,Midcontinent ISO,US-MIDW-MISO,516.04,593.48,21.67,10.09,eia.gov,false,""
2023-12-20T22:00:00.000000,USA,Midcontinent ISO,US-MIDW-MISO,517.68,594.14,22.13,11.27,eia.gov,false,""
2023-12-20T23:00:00.000000,USA,Midcontinent ISO,US-MIDW-MISO,502.68,576.5,24.86,14.65,eia.gov,false,""
2023-12-21T00:00:00.000000,USA,Midcontinent ISO,US-MIDW-MISO,489.62,561.72,26.85,16.83,eia.gov,false,""
2023-12-21T01:00:00.000000,USA,Midcontinent ISO,US-MIDW-MISO,478.36,549.57,28.18,17.96,eia.gov,false,""
2023-12-21T02:00:00.000000,USA,Midcontinent ISO,US-MIDW-MISO,473.3,543.67,29.06,18.78,eia.gov,false,""
2023-12-21T03:00:00.000000,USA,Midcontinent ISO,US-MIDW-MISO,463.04,533.19,29.89,19.0,eia.gov,false,""
2023-12-21T04:00:00.000000,USA,Midcontinent ISO,US-MIDW-MISO,448.91,519.25,30.71,19.16,eia.gov,false,""
2023-12-21T05:00:00.000000,USA,Midcontinent ISO,US-MIDW-MISO,444.83,515.44,30.8,18.65,eia.gov,false,""
2023-12-21T06:00:00.000000,USA,Midcontinent ISO,US-MIDW-MISO,449.05,520.12,30.21,17.99,eia.gov,false,""
2023-12-21T07:00:00.000000,USA,Midcontinent ISO,US-MIDW-MISO,446.93,518.3,30.16,17.7,eia.gov,false,""
2023-12-21T08:00:00.000000,USA,Midcontinent ISO,US-MIDW-MISO,443.25,514.75,30.33,17.64,eia.gov,false,""
2023-12-21T09:00:00.000000,USA,Midcontinent ISO,US-MIDW-MISO,448.87,520.64,29.78,16.98,eia.gov,false,""
2023-12-21T10:00:00.000000,USA,Midcontinent ISO,US-MIDW-MISO,457.22,529.39,28.97,16.57,eia.gov,false,""
2023-12-21T11:00:00.000000,USA,Midcontinent ISO,US-MIDW-MISO,474.33,546.96,27.6,15.98,eia.gov,false,""
2023-12-21T12:00:00.000000,USA,Midcontinent ISO,US-MIDW-MISO,480.9,553.37,27.39,16.21,eia.gov,false,""
2023-12-21T13:00:00.000000,USA,Midcontinent ISO,US-MIDW-MISO,492.24,565.17,26.31,15.34,eia.gov,false,""
2023-12-21T14:00:00.000000,USA,Midcontinent ISO,US-MIDW-MISO,493.13,566.05,26.26,14.99,eia.gov,false,""
2023-12-21T15:00:00.000000,USA,Midcontinent ISO,US-MIDW-MISO,504.76,578.84,24.69,13.2,eia.gov,false,""
2023-12-21T16:00:00.000000,USA,Midcontinent ISO,US-MIDW-MISO,513.3,588.32,23.52,11.75,eia.gov,false,""
2023-12-21T17:00:00.000000,USA,Midcontinent ISO,US-MIDW-MISO,520.83,597.05,22.22,10.1,eia.gov,false,""
2023-12-21T18:00:00.000000,USA,Midcontinent ISO,US-MIDW-MISO,523.84,600.33,21.86,9.44,eia.gov,false,""
2023-12-21T19:00:00.000000,USA,Midcontinent ISO,US-MIDW-MISO,528.86,605.6,21.32,8.84,eia.gov,false,""
2023-12-21T20:00:00.000000,USA,Midcontinent ISO,US-MIDW-MISO,534.93,612.24,20.49,8.07,eia.gov,false,""
2023-12-21T21:00:00.000000,USA,Midcontinent ISO,US-MIDW-MISO,534.09,611.31,20.65,8.59,eia.gov,false,""
2023-12-21T22:00:00.000000,USA,Midcontinent ISO,US-MIDW-MISO,528.21,604.8,21.49,9.82,eia.gov,false,""
2023-12-21T23:00:00.000000,USA,Midcontinent ISO,US-MIDW-MISO,525.0,600.59,22.32,10.98,eia.gov,false,""
2023-12-22T00:00:00.000000,USA,Midcontinent ISO,US-MIDW-MISO,519.31,594.17,23.1,11.65,eia.gov,false,""
2023-12-22T01:00:00.000000,USA,Midcontinent ISO,US-MIDW-MISO,499.87,574.33,24.64,12.75,eia.gov,false,""
2023-12-22T02:00:00.000000,USA,Midcontinent ISO,US-MIDW-MISO,495.92,570.3,24.93,12.89,eia.gov,false,""
2023-12-22T03:00:00.000000,USA,Midcontinent ISO,US-MIDW-MISO,490.49,564.96,25.21,12.95,eia.gov,false,""
2023-12-22T04:00:00.000000,USA,Midcontinent ISO,US-MIDW-MISO,480.03,554.54,25.88,13.05,eia.gov,false,""
2023-12-22T05:00:00.000000,USA,Midcontinent ISO,US-MIDW-MISO,474.87,550.11,25.75,12.51,eia.gov,false,""
2023-12-22T06:00:00.000000,USA,Midcontinent ISO,US-MIDW-MISO,477.84,554.0,24.94,11.26,eia.gov,false,""
2023-12-22T07:00:00.000000,USA,Midcontinent ISO,US-MIDW-MISO,484.83,562.12,23.72,9.78,eia.gov,false,""
2023-12-22T08:00:00.000000,USA,Midcontinent ISO,US-MIDW-MISO,496.47,574.62,22.37,8.47,eia.gov,false,""
2023-12-22T09:00:00.000000,USA,Midcontinent ISO,US-MIDW-MISO,507.13,585.78,21.34,7.4,eia.gov,false,""
2023-12-22T10:00:00.000000,USA,Midcontinent ISO,US-MIDW-MISO,520.1,599.19,20.19,6.47,eia.gov,false,""
2023-12-22T11:00:00.000000,USA,Midcontinent ISO,US-MIDW-MISO,529.35,609.11,19.15,6.24,eia.gov,false,""
2023-12-22T12:00:00.000000,USA,Midcontinent ISO,US-MIDW-MISO,518.14,596.73,20.88,8.52,eia.gov,false,""
2023-12-22T13:00:00.000000,USA,Midcontinent ISO,US-MIDW-MISO,523.01,601.79,20.45,8.51,eia.gov,false,""
2023-12-22T14:00:00.000000,USA,Midcontinent ISO,US-MIDW-MISO,517.01,595.54,21.07,8.89,eia.gov,false,""
2023-12-22T15:00:00.000000,USA,Midcontinent ISO,US-MIDW-MISO,522.3,601.43,20.29,7.91,eia.gov,false,""
2023-12-22T16:00:00.000000,USA,Midcontinent ISO,US-MIDW-MISO,527.94,607.6,19.53,6.8,eia.gov,false,""
2023-12-22T17:00:00.000000,USA,Midcontinent ISO,US-MIDW-MISO,528.23,608.18,19.32,6.42,eia.gov,false,""
2023-12-22T18:00:00.000000,USA,Midcontinent ISO,US-MIDW-MISO,528.06,608.18,19.2,6.06,eia.gov,false,""
2023-12-22T19:00:00.000000,USA,Midcontinent ISO,US-MIDW-MISO,530.68,610.94,18.91,5.89,eia.gov,false,""
2023-12-22T20:00:00.000000,USA,Midcontinent ISO,US-MIDW-MISO,533.47,614.08,18.45,5.45,eia.gov,false,""
2023-12-22T21:00:00.000000,USA,Midcontinent ISO,US-MIDW-MISO,532.77,613.22,18.6,5.9,eia.gov,false,""
2023-12-22T22:00:00.000000,USA,Midcontinent ISO,US-MIDW-MISO,521.45,600.9,20.13,7.83,eia.gov,false,""
2023-12-22T23:00:00.000000,USA,Midcontinent ISO,US-MIDW-MISO,521.45,600.2,20.57,8.47,eia.gov,false,""
2023-12-23T00:00:00.000000,USA,Midcontinent ISO,US-MIDW-MISO,520.78,599.3,20.65,8.36,eia.gov,false,""
2023-12-23T01:00:00.000000,USA,Midcontinent ISO,US-MIDW-MISO,512.38,590.82,21.21,8.59,eia.gov,false,""
2023-12-23T02:00:00.000000,USA,Midcontinent ISO,US-MIDW-MISO,508.56,587.37,21.16,8.3,eia.gov,false,""
2023-12-23T03:00:00.000000,USA,Midcontinent ISO,US-MIDW-MISO,507.83,585.96,21.63,8.23,eia.gov,false,""
2023-12-23T04:00:00.000000,USA,Midcontinent ISO,US-MIDW-MISO,500.27,577.56,22.71,8.82,eia.gov,false,""
2023-12-23T05:00:00.000000,USA,Midcontinent ISO,US-MIDW-MISO,489.01,565.74,23.84,9.35,eia.gov,false,""
2023-12-23T06:00:00.000000,USA,Midcontinent ISO,US-MIDW-MISO,480.02,555.95,24.97,9.85,eia.gov,false,""
2023-12-23T07:00:00.000000,USA,Midcontinent ISO,US-MIDW-MISO,478.82,554.48,25.23,9.96,eia.gov,false,""
2023-12-23T08:00:00.000000,USA,Midcontinent ISO,US-MIDW-MISO,478.43,554.03,25.3,9.83,eia.gov,false,""
2023-12-23T09:00:00.000000,USA,Midcontinent ISO,US-MIDW-MISO,479.32,555.06,25.15,9.56,eia.gov,false,""
2023-12-23T10:00:00.000000,USA,Midcontinent ISO,US-MIDW-MISO,478.65,554.11,25.38,9.83,eia.gov,false,""
2023-12-23T11:00:00.000000,USA,Midcontinent ISO,US-MIDW-MISO,478.39,553.47,25.65,10.51,eia.gov,false,""
2023-12-23T12:00:00.000000,USA,Midcontinent ISO,US-MIDW-MISO,482.78,557.56,25.56,11.0,eia.gov,false,""
2023-12-23T13:00:00.000000,USA,Midcontinent ISO,US-MIDW-MISO,477.59,551.22,26.68,12.47,eia.gov,false,""
2023-12-23T14:00:00.000000,USA,Midcontinent ISO,US-MIDW-MISO,474.53,547.14,27.6,13.73,eia.gov,false,""
2023-12-23T15:00:00.000000,USA,Midcontinent ISO,US-MIDW-MISO,474.87,547.05,27.91,14.2,eia.gov,false,""
2023-12-23T16:00:00.000000,USA,Midcontinent ISO,US-MIDW-MISO,473.23,545.15,28.24,14.42,eia.gov,false,""
2023-12-23T17:00:00.000000,USA,Midcontinent ISO,US-MIDW-MISO,474.87,546.79,28.14,14.17,eia.gov,false,""
2023-12-23T18:00:00.000000,USA,Midcontinent ISO,US-MIDW-MISO,464.57,535.93,29.21,15.11,eia.gov,false,""
2023-12-23T19:00:00.000000,USA,Midcontinent ISO,US-MIDW-MISO,455.83,526.44,30.26,16.18,eia.gov,false,""
2023-12-23T20:00:00.000000,USA,Midcontinent ISO,US-MIDW-MISO,444.79,514.85,31.32,17.16,eia.gov,false,""
2023-12-23T21:00:00.000000,USA,Midcontinent ISO,US-MIDW-MISO,432.72,501.46,32.98,18.91,eia.gov,false,""
2023-12-23T22:00:00.000000,USA,Midcontinent ISO,US-MIDW-MISO,423.65,490.35,35.01,21.68,eia.gov,false,""
2023-12-23T23:00:00.000000,USA,Midcontinent ISO,US-MIDW-MISO,426.7,492.48,35.35,22.35,eia.gov,false,""
2023-12-24T00:00:00.000000,USA,Midcontinent ISO,US-MIDW-MISO,421.69,486.48,36.28,23.27,eia.gov,false,""
2023-12-24T01:00:00.000000,USA,Midcontinent ISO,US-MIDW-MISO,405.18,468.83,38.13,24.89,eia.gov,false,""
2023-12-24T02:00:00.000000,USA,Midcontinent ISO,US-MIDW-MISO,398.28,461.21,39.06,25.74,eia.gov,false,""
2023-12-24T03:00:00.000000,USA,Midcontinent ISO,US-MIDW-MISO,387.15,449.08,40.47,26.69,eia.gov,false,""
2023-12-24T04:00:00.000000,USA,Midcontinent ISO,US-MIDW-MISO,379.31,441.79,40.62,26.53,eia.gov,false,""
2023-12-24T05:00:00.000000,USA,Midcontinent ISO,US-MIDW-MISO,370.3,431.28,42.24,27.66,eia.gov,false,""
2023-12-24T06:00:00.000000,USA,Midcontinent ISO,US-MIDW-MISO,368.52,427.93,43.41,28.08,eia.gov,false,""
2023-12-24T07:00:00.000000,USA,Midcontinent ISO,US-MIDW-MISO,365.21,424.11,43.98,28.11,eia.gov,false,""
2023-12-24T08:00:00.000000,USA,Midcontinent ISO,US-MIDW-MISO,365.64,424.33,44.1,28.07,eia.gov,false,""
2023-12-24T09:00:00.000000,USA,Midcontinent ISO,US-MIDW-MISO,365.9,424.22,44.33,28.5,eia.gov,false,""
2023-12-24T10:00:00.000000,USA,Midcontinent ISO,US-MIDW-MISO,358.21,415.78,45.34,29.44,eia.gov,false,""
2023-12-24T11:00:00.000000,USA,Midcontinent ISO,US-MIDW-MISO,358.43,416.3,45.12,29.38,eia.gov,false,""
2023-12-24T12:00:00.000000,USA,Midcontinent ISO,US-MIDW-MISO,361.46,419.42,44.86,29.52,eia.gov,false,""
2023-12-24T13:00:00.000000,USA,Midcontinent ISO,US-MIDW-MISO,364.66,422.72,44.58,29.82,eia.gov,false,""
2023-12-24T14:00:00.000000,USA,Midcontinent ISO,US-MIDW-MISO,372.25,430.83,43.77,29.45,eia.gov,false,""
2023-12-24T15:00:00.000000,USA,Midcontinent ISO,US-MIDW-MISO,369.81,427.73,44.43,30.2,eia.gov,false,""
2023-12-24T16:00:00.000000,USA,Midcontinent ISO,US-MIDW-MISO,366.54,424.23,44.85,30.49,eia.gov,false,""
2023-12-24T17:00:00.000000,USA,Midcontinent ISO,US-MIDW-MISO,360.76,418.41,45.29,30.92,eia.gov,false,""
2023-12-24T18:00:00.000000,USA,Midcontinent ISO,US-MIDW-MISO,355.32,412.42,46.05,31.69,eia.gov,false,""
2023-12-24T19:00:00.000000,USA,Midcontinent ISO,US-MIDW-MISO,358.97,416.42,45.58,31.36,eia.gov,false,""
2023-12-24T20:00:00.000000,USA,Midcontinent ISO,US-MIDW-MISO,356.08,413.6,45.7,31.18,eia.gov,false,""
2023-12-24T21:00:00.000000,USA,Midcontinent ISO,US-MIDW-MISO,361.16,418.91,45.17,30.64,eia.gov,false,""
2023-12-24T22:00:00.000000,USA,Midcontinent ISO,US-MIDW-MISO,363.08,420.07,45.56,31.44,eia.gov,false,""
2023-12-24T23:00:00.000000,USA,Midcontinent ISO,US-MIDW-MISO,359.48,415.85,46.18,32.21,eia.gov,false,""
2023-12-25T00:00:00.000000,USA,Midcontinent ISO,US-MIDW-MISO,344.48,399.39,48.16,33.71,eia.gov,false,""
2023-12-25T01:00:00.000000,USA,Midcontinent ISO,US-MIDW-MISO,336.08,390.7,48.91,33.95,eia.gov,false,""
2023-12-25T02:00:00.000000,USA,Midcontinent ISO,US-MIDW-MISO,334.84,389.94,48.63,33.43,eia.gov,false,""
2023-12-25T03:00:00.000000,USA,Midcontinent ISO,US-MIDW-MISO,331.53,386.13,49.18,33.58,eia.gov,false,""
2023-12-25T04:00:00.000000,USA,Midcontinent ISO,US-MIDW-MISO,332.41,386.82,49.21,33.13,eia.gov,false,""
2023-12-25T05:00:00.000000,USA,Midcontinent ISO,US-MIDW-MISO,331.84,385.0,50.07,33.26,eia.gov,false,""
2023-12-25T06:00:00.000000,USA,Midcontinent ISO,US-MIDW-MISO,335.25,387.96,50.15,32.6,eia.gov,false,""
2023-12-25T07:00:00.000000,USA,Midcontinent ISO,US-MIDW-MISO,339.96,393.25,49.46,31.68,eia.gov,false,""
2023-12-25T08:00:00.000000,USA,Midcontinent ISO,US-MIDW-MISO,341.08,394.49,49.32,31.19,eia.gov,false,""
2023-12-25T09:00:00.000000,USA,Midcontinent ISO,US-MIDW-MISO,342.07,395.65,49.14,31.0,eia.gov,false,""
2023-12-25T10:00:00.000000,USA,Midcontinent ISO,US-MIDW-MISO,345.49,400.12,48.22,30.45,eia.gov,false,""
2023-12-25T11:00:00.000000,USA,Midcontinent ISO,US-MIDW-MISO,347.78,403.43,47.4,29.83,eia.gov,false,""
2023-12-25T12:00:00.000000,USA,Midcontinent ISO,US-MIDW-MISO,350.5,407.55,46.36,29.29,eia.gov,false,""
2023-12-25T13:00:00.000000,USA,Midcontinent ISO,US-MIDW-MISO,354.97,413.53,45.07,28.56,eia.gov,false,""
2023-12-25T14:00:00.000000,USA,Midcontinent ISO,US-MIDW-MISO,355.91,414.57,45.02,28.82,eia.gov,false,""
2023-12-25T15:00:00.000000,USA,Midcontinent ISO,US-MIDW-MISO,356.6,415.05,45.18,28.68,eia.gov,false,""
2023-12-25T16:00:00.000000,USA,Midcontinent ISO,US-MIDW-MISO,348.61,405.94,46.49,29.82,eia.gov,false,""
2023-12-25T17:00:00.000000,USA,Midcontinent ISO,US-MIDW-MISO,346.85,403.63,46.94,30.42,eia.gov,false,""
2023-12-25T18:00:00.000000,USA,Midcontinent ISO,US-MIDW-MISO,343.45,399.34,47.76,31.01,eia.gov,false,""
2023-12-25T19:00:00.000000,USA,Midcontinent ISO,US-MIDW-MISO,339.37,395.01,48.17,31.41,eia.gov,false,""
2023-12-25T20:00:00.000000,USA,Midcontinent ISO,US-MIDW-MISO,336.21,391.37,48.65,32.05,eia.gov,false,""
2023-12-25T21:00:00.000000,USA,Midcontinent ISO,US-MIDW-MISO,332.97,387.97,48.93,32.53,eia.gov,false,""
2023-12-25T22:00:00.000000,USA,Midcontinent ISO,US-MIDW-MISO,331.67,387.9,48.17,32.49,eia.gov,false,""
2023-12-25T23:00:00.000000,USA,Midcontinent ISO,US-MIDW-MISO,343.36,400.32,46.9,31.58,eia.gov,false,""
2023-12-26T00:00:00.000000,USA,Midcontinent ISO,US-MIDW-MISO,340.96,397.69,47.22,31.73,eia.gov,false,""
2023-12-26T01:00:00.000000,USA,Midcontinent ISO,US-MIDW-MISO,338.31,395.19,47.27,31.57,eia.gov,false,""
2023-12-26T02:00:00.000000,USA,Midcontinent ISO,US-MIDW-MISO,342.21,399.84,46.46,30.39,eia.gov,false,""
2023-12-26T03:00:00.000000,USA,Midcontinent ISO,US-MIDW-MISO,344.37,402.46,46.01,29.11,eia.gov,false,""
2023-12-26T04:00:00.000000,USA,Midcontinent ISO,US-MIDW-MISO,355.06,415.49,43.72,26.36,eia.gov,false,""
2023-12-26T05:00:00.000000,USA,Midcontinent ISO,US-MIDW-MISO,366.39,428.61,41.77,24.11,eia.gov,false,""
2023-12-26T06:00:00.000000,USA,Midcontinent ISO,US-MIDW-MISO,371.39,434.33,40.97,22.7,eia.gov,false,""
2023-12-26T07:00:00.000000,USA,Midcontinent ISO,US-MIDW-MISO,373.01,436.16,40.72,22.05,eia.gov,false,""
2023-12-26T08:00:00.000000,USA,Midcontinent ISO,US-MIDW-MISO,379.58,444.14,39.34,20.47,eia.gov,false,""
2023-12-26T09:00:00.000000,USA,Midcontinent ISO,US-MIDW-MISO,386.1,452.52,37.66,18.94,eia.gov,false,""
2023-12-26T10:00:00.000000,USA,Midcontinent ISO,US-MIDW-MISO,392.56,461.31,35.64,17.41,eia.gov,false,""
2023-12-26T11:00:00.000000,USA,Midcontinent ISO,US-MIDW-MISO,407.51,478.72,32.99,16.03,eia.gov,false,""
2023-12-26T12:00:00.000000,USA,Midcontinent ISO,US-MIDW-MISO,420.25,492.55,31.44,15.43,eia.gov,false,""
2023-12-26T13:00:00.000000,USA,Midcontinent ISO,US-MIDW-MISO,434.26,506.57,30.51,15.21,eia.gov,false,""
2023-12-26T14:00:00.000000,USA,Midcontinent ISO,US-MIDW-MISO,443.15,515.84,29.73,15.08,eia.gov,false,""
2023-12-26T15:00:00.000000,USA,Midcontinent ISO,US-MIDW-MISO,457.31,530.05,28.83,14.68,eia.gov,false,""
2023-12-26T16:00:00.000000,USA,Midcontinent ISO,US-MIDW-MISO,459.09,531.89,28.7,14.64,eia.gov,false,""
2023-12-26T17:00:00.000000,USA,Midcontinent ISO,US-MIDW-MISO,464.86,538.52,27.75,13.47,eia.gov,false,""
2023-12-26T18:00:00.000000,USA,Midcontinent ISO,US-MIDW-MISO,475.58,549.58,26.83,12.24,eia.gov,false,""
2023-12-26T19:00:00.000000,USA,Midcontinent ISO,US-MIDW-MISO,474.84,549.35,26.54,11.47,eia.gov,false,""
2023-12-26T20:00:00.000000,USA,Midcontinent ISO,US-MIDW-MISO,481.94,557.29,25.53,10.54,eia.gov,false,""
2023-12-26T21:00:00.000000,USA,Midcontinent ISO,US-MIDW-MISO,480.45,556.77,25.0,10.08,eia.gov,false,""
2023-12-26T22:00:00.000000,USA,Midcontinent ISO,US-MIDW-MISO,489.68,566.49,24.08,9.88,eia.gov,false,""
2023-12-26T23:00:00.000000,USA,Midcontinent ISO,US-MIDW-MISO,505.21,581.81,23.18,9.65,eia.gov,false,""
2023-12-27T00:00:00.000000,USA,Midcontinent ISO,US-MIDW-MISO,504.82,581.04,23.45,9.87,eia.gov,false,""
2023-12-27T01:00:00.000000,USA,Midcontinent ISO,US-MIDW-MISO,505.3,581.87,23.14,9.43,eia.gov,false,""
2023-12-27T02:00:00.000000,USA,Midcontinent ISO,US-MIDW-MISO,496.47,573.37,23.46,9.24,eia.gov,false,""
2023-12-27T03:00:00.000000,USA,Midcontinent ISO,US-MIDW-MISO,498.79,575.74,23.13,8.3,eia.gov,false,""
2023-12-27T04:00:00.000000,USA,Midcontinent ISO,US-MIDW-MISO,489.42,566.58,23.57,8.0,eia.gov,false,""
2023-12-27T05:00:00.000000,USA,Midcontinent ISO,US-MIDW-MISO,477.36,554.78,24.2,7.8,eia.gov,false,""
2023-12-27T06:00:00.000000,USA,Midcontinent ISO,US-MIDW-MISO,465.53,543.09,24.9,7.8,eia.gov,false,""
2023-12-27T07:00:00.000000,USA,Midcontinent ISO,US-MIDW-MISO,453.93,531.38,25.77,8.42,eia.gov,false,""
2023-12-27T08:00:00.000000,USA,Midcontinent ISO,US-MIDW-MISO,445.63,522.53,26.68,9.32,eia.gov,false,""
2023-12-27T09:00:00.000000,USA,Midcontinent ISO,US-MIDW-MISO,442.57,519.21,27.07,9.91,eia.gov,false,""
2023-12-27T10:00:00.000000,USA,Midcontinent ISO,US-MIDW-MISO,440.23,515.92,27.86,11.06,eia.gov,false,""
2023-12-27T11:00:00.000000,USA,Midcontinent ISO,US-MIDW-MISO,439.54,514.69,28.28,12.58,eia.gov,false,""
2023-12-27T12:00:00.000000,USA,Midcontinent ISO,US-MIDW-MISO,429.25,503.0,30.07,15.45,eia.gov,false,""
2023-12-27T13:00:00.000000,USA,Midcontinent ISO,US-MIDW-MISO,436.65,510.15,29.74,15.89,eia.gov,false,""
2023-12-27T14:00:00.000000,USA,Midcontinent ISO,US-MIDW-MISO,452.02,525.65,28.57,15.21,eia.gov,false,""
2023-12-27T15:00:00.000000,USA,Midcontinent ISO,US-MIDW-MISO,450.07,523.47,28.91,15.68,eia.gov,false,""
2023-12-27T16:00:00.000000,USA,Midcontinent ISO,US-MIDW-MISO,442.21,515.21,29.76,16.5,eia.gov,false,""
2023-12-27T17:00:00.000000,USA,Midcontinent ISO,US-MIDW-MISO,447.88,521.16,29.15,15.67,eia.gov,false,""
2023-12-27T18:00:00.000000,USA,Midcontinent ISO,US-MIDW-MISO,446.73,519.81,29.33,15.92,eia.gov,false,""
2023-12-27T19:00:00.000000,USA,Midcontinent ISO,US-MIDW-MISO,446.57,519.65,29.3,15.79,eia.gov,false,""
2023-12-27T20:00:00.000000,USA,Midcontinent ISO,US-MIDW-MISO,444.33,517.35,29.47,15.81,eia.gov,false,""
2023-12-27T21:00:00.000000,USA,Midcontinent ISO,US-MIDW-MISO,444.06,517.1,29.43,15.67,eia.gov,false,""
2023-12-27T22:00:00.000000,USA,Midcontinent ISO,US-MIDW-MISO,442.36,514.8,30.06,16.98,eia.gov,false,""
2023-12-27T23:00:00.000000,USA,Midcontinent ISO,US-MIDW-MISO,444.26,516.33,30.14,17.32,eia.gov,false,""
2023-12-28T00:00:00.000000,USA,Midcontinent ISO,US-MIDW-MISO,454.02,526.3,29.23,16.45,eia.gov,false,""
2023-12-28T01:00:00.000000,USA,Midcontinent ISO,US-MIDW-MISO,461.83,534.91,28.14,15.34,eia.gov,false,""
2023-12-28T02:00:00.000000,USA,Midcontinent ISO,US-MIDW-MISO,462.73,536.34,27.72,14.51,eia.gov,false,""
2023-12-28T03:00:00.000000,USA,Midcontinent ISO,US-MIDW-MISO,459.47,533.25,27.83,13.9,eia.gov,false,""
2023-12-28T04:00:00.000000,USA,Midcontinent ISO,US-MIDW-MISO,458.46,532.22,27.91,13.22,eia.gov,false,""
2023-12-28T05:00:00.000000,USA,Midcontinent ISO,US-MIDW-MISO,452.29,525.95,28.4,13.01,eia.gov,false,""
2023-12-28T06:00:00.000000,USA,Midcontinent ISO,US-MIDW-MISO,442.43,516.26,28.94,12.41,eia.gov,false,""
2023-12-28T07:00:00.000000,USA,Midcontinent ISO,US-MIDW-MISO,432.67,506.32,29.71,12.81,eia.gov,false,""
2023-12-28T08:00:00.000000,USA,Midcontinent ISO,US-MIDW-MISO,424.87,498.2,30.44,13.43,eia.gov,false,""
2023-12-28T09:00:00.000000,USA,Midcontinent ISO,US-MIDW-MISO,427.01,500.42,30.25,13.33,eia.gov,false,""
2023-12-28T10:00:00.000000,USA,Midcontinent ISO,US-MIDW-MISO,429.7,502.89,30.22,13.9,eia.gov,false,""
2023-12-28T11:00:00.000000,USA,Midcontinent ISO,US-MIDW-MISO,432.55,504.81,30.65,15.48,eia.gov,false,""
2023-12-28T12:00:00.000000,USA,Midcontinent ISO,US-MIDW-MISO,440.24,511.99,30.52,16.54,eia.gov,false,""
2023-12-28T13:00:00.000000,USA,Midcontinent ISO,US-MIDW-MISO,445.9,517.2,30.49,17.42,eia.gov,false,""
2023-12-28T14:00:00.000000,USA,Midcontinent ISO,US-MIDW-MISO,450.76,521.95,30.23,17.44,eia.gov,false,""
2023-12-28T15:00:00.000000,USA,Midcontinent ISO,US-MIDW-MISO,452.46,523.26,30.4,17.52,eia.gov,false,""
2023-12-28T16:00:00.000000,USA,Midcontinent ISO,US-MIDW-MISO,450.86,520.7,31.15,18.55,eia.gov,false,""
2023-12-28T17:00:00.000000,USA,Midcontinent ISO,US-MIDW-MISO,434.65,502.66,33.46,20.96,eia.gov,false,""
2023-12-28T18:00:00.000000,USA,Midcontinent ISO,US-MIDW-MISO,422.63,489.63,34.92,22.24,eia.gov,false,""
2023-12-28T19:00:00.000000,USA,Midcontinent ISO,US-MIDW-MISO,414.05,479.51,36.49,23.73,eia.gov,false,""
2023-12-28T20:00:00.000000,USA,Midcontinent ISO,US-MIDW-MISO,404.56,469.13,37.69,24.74,eia.gov,false,""
2023-12-28T21:00:00.000000,USA,Midcontinent ISO,US-MIDW-MISO,403.66,468.17,37.76,24.89,eia.gov,false,""
2023-12-28T22:00:00.000000,USA,Midcontinent ISO,US-MIDW-MISO,412.48,477.48,36.82,24.18,eia.gov,false,""
2023-12-28T23:00:00.000000,USA,Midcontinent ISO,US-MIDW-MISO,426.53,491.57,35.85,23.8,eia.gov,false,""
2023-12-29T00:00:00.000000,USA,Midcontinent ISO,US-MIDW-MISO,424.13,489.21,35.98,23.87,eia.gov,false,""
2023-12-29T01:00:00.000000,USA,Midcontinent ISO,US-MIDW-MISO,419.87,485.17,36.1,23.86,eia.gov,false,""
2023-12-29T02:00:00.000000,USA,Midcontinent ISO,US-MIDW-MISO,417.8,482.92,36.36,23.95,eia.gov,false,""
2023-12-29T03:00:00.000000,USA,Midcontinent ISO,US-MIDW-MISO,408.41,473.63,36.91,24.04,eia.gov,false,""
2023-12-29T04:00:00.000000,USA,Midcontinent ISO,US-MIDW-MISO,402.63,468.05,37.16,23.78,eia.gov,false,""
2023-12-29T05:00:00.000000,USA,Midcontinent ISO,US-MIDW-MISO,397.83,463.33,37.43,23.62,eia.gov,false,""
2023-12-29T06:00:00.000000,USA,Midcontinent ISO,US-MIDW-MISO,394.18,460.44,37.17,22.92,eia.gov,false,""
2023-12-29T07:00:00.000000,USA,Midcontinent ISO,US-MIDW-MISO,389.06,454.96,37.76,23.25,eia.gov,false,""
2023-12-29T08:00:00.000000,USA,Midcontinent ISO,US-MIDW-MISO,387.17,452.93,37.98,23.44,eia.gov,false,""
2023-12-29T09:00:00.000000,USA,Midcontinent ISO,US-MIDW-MISO,390.17,456.48,37.42,23.21,eia.gov,false,""
2023-12-29T10:00:00.000000,USA,Midcontinent ISO,US-MIDW-MISO,400.95,467.62,36.45,22.85,eia.gov,false,""
2023-12-29T11:00:00.000000,USA,Midcontinent ISO,US-MIDW-MISO,414.52,481.88,35.11,21.99,eia.gov,false,""
2023-12-29T12:00:00.000000,USA,Midcontinent ISO,US-MIDW-MISO,417.64,485.44,34.75,22.25,eia.gov,false,""
2023-12-29T13:00:00.000000,USA,Midcontinent ISO,US-MIDW-MISO,429.41,498.56,33.07,20.76,eia.gov,false,""
2023-12-29T14:00:00.000000,USA,Midcontinent ISO,US-MIDW-MISO,448.95,519.15,31.07,18.73,eia.gov,false,""
2023-12-29T15:00:00.000000,USA,Midcontinent ISO,US-MIDW-MISO,475.4,546.69,28.59,16.33,eia.gov,false,""
2023-12-29T16:00:00.000000,USA,Midcontinent ISO,US-MIDW-MISO,485.99,557.99,27.47,14.81,eia.gov,false,""
2023-12-29T17:00:00.000000,USA,Midcontinent ISO,US-MIDW-MISO,486.36,558.49,27.37,14.22,eia.gov,false,""
2023-12-29T18:00:00.000000,USA,Midcontinent ISO,US-MIDW-MISO,478.34,550.52,27.87,14.42,eia.gov,false,""
2023-12-29T19:00:00.000000,USA,Midcontinent ISO,US-MIDW-MISO,482.12,554.68,27.37,13.91,eia.gov,false,""
2023-12-29T20:00:00.000000,USA,Midcontinent ISO,US-MIDW-MISO,492.36,565.29,26.42,13.24,eia.gov,false,""
2023-12-29T21:00:00.000000,USA,Midcontinent ISO,US-MIDW-MISO,506.87,580.39,24.99,12.19,eia.gov,false,""
2023-12-29T22:00:00.000000,USA,Midcontinent ISO,US-MIDW-MISO,514.79,588.04,24.56,12.13,eia.gov,false,""
2023-12-29T23:00:00.000000,USA,Midcontinent ISO,US-MIDW-MISO,492.64,563.71,27.48,15.29,eia.gov,false,""
2023-12-30T00:00:00.000000,USA,Midcontinent ISO,US-MIDW-MISO,472.02,541.63,29.79,17.85,eia.gov,false,""
2023-12-30T01:00:00.000000,USA,Midcontinent ISO,US-MIDW-MISO,468.03,536.9,30.54,18.64,eia.gov,false,""
2023-12-30T02:00:00.000000,USA,Midcontinent ISO,US-MIDW-MISO,454.67,522.58,32.04,20.01,eia.gov,false,""
2023-12-30T03:00:00.000000,USA,Midcontinent ISO,US-MIDW-MISO,448.56,516.71,32.29,19.87,eia.gov,false,""
2023-12-30T04:00:00.000000,USA,Midcontinent ISO,US-MIDW-MISO,447.25,515.96,32.0,19.09,eia.gov,false,""
2023-12-30T05:00:00.000000,USA,Midcontinent ISO,US-MIDW-MISO,438.84,507.76,32.42,19.02,eia.gov,false,""
2023-12-30T06:00:00.000000,USA,Midcontinent ISO,US-MIDW-MISO,431.03,499.58,33.19,19.36,eia.gov,false,""
2023-12-30T07:00:00.000000,USA,Midcontinent ISO,US-MIDW-MISO,426.99,495.26,33.65,19.74,eia.gov,false,""
2023-12-30T08:00:00.000000,USA,Midcontinent ISO,US-MIDW-MISO,426.84,494.81,33.85,20.04,eia.gov,false,""
2023-12-30T09:00:00.000000,USA,Midcontinent ISO,US-MIDW-MISO,425.86,493.66,34.03,20.24,eia.gov,false,""
2023-12-30T10:00:00.000000,USA,Midcontinent ISO,US-MIDW-MISO,431.15,498.87,33.74,20.24,eia.gov,false,""
2023-12-30T11:00:00.000000,USA,Midcontinent ISO,US-MIDW-MISO,439.26,507.12,33.1,20.04,eia.gov,false,""
2023-12-30T12:00:00.000000,USA,Midcontinent ISO,US-MIDW-MISO,454.56,522.94,31.76,19.2,eia.gov,false,""
2023-12-30T13:00:00.000000,USA,Midcontinent ISO,US-MIDW-MISO,462.51,531.45,30.86,18.66,eia.gov,false,""
2023-12-30T14:00:00.000000,USA,Midcontinent ISO,US-MIDW-MISO,457.65,526.01,31.71,19.43,eia.gov,false,""
2023-12-30T15:00:00.000000,USA,Midcontinent ISO,US-MIDW-MISO,453.77,521.86,32.24,19.61,eia.gov,false,""
2023-12-30T16:00:00.000000,USA,Midcontinent ISO,US-MIDW-MISO,446.19,513.89,33.02,20.13,eia.gov,false,""
2023-12-30T17:00:00.000000,USA,Midcontinent ISO,US-MIDW-MISO,421.73,487.49,35.94,22.72,eia.gov,false,""
2023-12-30T18:00:00.000000,USA,Midcontinent ISO,US-MIDW-MISO,399.31,463.15,38.74,25.25,eia.gov,false,""
2023-12-30T19:00:00.000000,USA,Midcontinent ISO,US-MIDW-MISO,387.03,448.74,40.99,27.37,eia.gov,false,""
2023-12-30T20:00:00.000000,USA,Midcontinent ISO,US-MIDW-MISO,385.56,446.62,41.5,27.89,eia.gov,false,""
2023-12-30T21:00:00.000000,USA,Midcontinent ISO,US-MIDW-MISO,390.07,451.92,40.56,27.24,eia.gov,false,""
2023-12-30T22:00:00.000000,USA,Midcontinent ISO,US-MIDW-MISO,411.83,474.92,38.15,25.38,eia.gov,false,""
2023-12-30T23:00:00.000000,USA,Midcontinent ISO,US-MIDW-MISO,426.35,488.98,37.45,25.29,eia.gov,false,""
2023-12-31T00:00:00.000000,USA,Midcontinent ISO,US-MIDW-MISO,428.24,490.86,37.32,25.33,eia.gov,false,""
2023-12-31T01:00:00.000000,USA,Midcontinent ISO,US-MIDW-MISO,425.28,487.98,37.47,25.43,eia.gov,false,""
2023-12-31T02:00:00.000000,USA,Midcontinent ISO,US-MIDW-MISO,423.42,486.7,37.21,24.96,eia.gov,false,""
2023-12-31T03:00:00.000000,USA,Midcontinent ISO,US-MIDW-MISO,423.15,486.73,37.03,24.62,eia.gov,false,""
2023-12-31T04:00:00.000000,USA,Midcontinent ISO,US-MIDW-MISO,419.16,482.74,37.28,24.65,eia.gov,false,""
2023-12-31T05:00:00.000000,USA,Midcontinent ISO,US-MIDW-MISO,408.46,472.39,37.77,24.54,eia.gov,false,""
2023-12-31T06:00:00.000000,USA,Midcontinent ISO,US-MIDW-MISO,406.81,471.23,37.55,24.03,eia.gov,false,""
2023-12-31T07:00:00.000000,USA,Midcontinent ISO,US-MIDW-MISO,401.73,466.54,37.64,23.76,eia.gov,false,""
2023-12-31T08:00:00.000000,USA,Midcontinent ISO,US-MIDW-MISO,400.97,465.89,37.62,23.49,eia.gov,false,""
2023-12-31T09:00:00.000000,USA,Midcontinent ISO,US-MIDW-MISO,400.79,465.73,37.61,23.57,eia.gov,false,""
2023-12-31T10:00:00.000000,USA,Midcontinent ISO,US-MIDW-MISO,401.25,466.34,37.47,23.79,eia.gov,false,""
2023-12-31T11:00:00.000000,USA,Midcontinent ISO,US-MIDW-MISO,403.44,468.56,37.31,23.92,eia.gov,false,""
2023-12-31T12:00:00.000000,USA,Midcontinent ISO,US-MIDW-MISO,403.76,469.02,37.19,23.99,eia.gov,false,""
2023-12-31T13:00:00.000000,USA,Midcontinent ISO,US-MIDW-MISO,418.95,484.81,35.8,23.0,eia.gov,false,""
2023-12-31T14:00:00.000000,USA,Midcontinent ISO,US-MIDW-MISO,429.61,495.84,34.9,22.24,eia.gov,false,""
2023-12-31T15:00:00.000000,USA,Midcontinent ISO,US-MIDW-MISO,436.43,502.98,34.28,21.34,eia.gov,false,""
2023-12-31T16:00:00.000000,USA,Midcontinent ISO,US-MIDW-MISO,432.64,499.13,34.6,21.2,eia.gov,false,""
2023-12-31T17:00:00.000000,USA,Midcontinent ISO,US-MIDW-MISO,434.76,502.07,33.93,20.32,eia.gov,false,""
2023-12-31T18:00:00.000000,USA,Midcontinent ISO,US-MIDW-MISO,441.25,509.34,32.96,19.28,eia.gov,false,""
2023-12-31T19:00:00.000000,USA,Midcontinent ISO,US-MIDW-MISO,446.17,514.97,32.16,18.36,eia.gov,false,""
2023-12-31T20:00:00.000000,USA,Midcontinent ISO,US-MIDW-MISO,453.05,522.19,31.45,17.67,eia.gov,false,""
2023-12-31T21:00:00.000000,USA,Midcontinent ISO,US-MIDW-MISO,468.32,538.33,29.81,16.33,eia.gov,false,""
2023-12-31T22:00:00.000000,USA,Midcontinent ISO,US-MIDW-MISO,482.85,553.8,28.25,15.26,eia.gov,false,""
2023-12-31T23:00:00.000000,USA,Midcontinent ISO,US-MIDW-MISO,498.78,570.9,26.39,13.52,eia.gov,false,""
