Datetime (UTC),Country,Zone name,Zone id,Carbon intensity gCO₂eq/kWh (direct),Carbon intensity gCO₂eq/kWh (Life cycle),Carbon-free energy percentage (CFE%),Renewable energy percentage (RE%),Data source,Data estimated,Data estimation method
2022-01-01T00:00:00.000000,Canada,Québec,CA-QC,0.0,27.4,100.0,100.0,hydroquebec.com,false,""
2022-01-01T01:00:00.000000,Canada,Québec,CA-QC,0.22,27.74,99.94,99.49,Electricity Maps Estimation; hydroquebec.com,true,ESTIMATED_TIME_SLICER_AVERAGE
2022-01-01T02:00:00.000000,Canada,Québec,CA-QC,0.2,27.75,99.95,99.48,hydroquebec.com,false,""
2022-01-01T03:00:00.000000,Canada,Québec,CA-QC,0.17,27.81,99.95,99.46,hydroquebec.com,false,""
2022-01-01T04:00:00.000000,Canada,Québec,CA-QC,0.06,27.83,99.98,99.47,hydroquebec.com,false,""
2022-01-01T05:00:00.000000,Canada,Québec,CA-QC,0.05,27.97,99.99,99.47,hydroquebec.com,false,""
2022-01-01T06:00:00.000000,Canada,Québec,CA-QC,0.03,28.04,99.99,99.45,hydroquebec.com,false,""
2022-01-01T07:00:00.000000,Canada,Québec,CA-QC,0.04,28.23,99.99,99.43,hydroquebec.com,false,""
2022-01-01T08:00:00.000000,Canada,Québec,CA-QC,0.03,28.37,99.99,99.46,hydroquebec.com,false,""
2022-01-01T09:00:00.000000,Canada,Québec,CA-QC,0.02,28.3,99.99,99.51,hydroquebec.com,false,""
2022-01-01T10:00:00.000000,Canada,Québec,CA-QC,0.02,28.21,99.99,99.54,hydroquebec.com,false,""
2022-01-01T11:00:00.000000,Canada,Québec,CA-QC,0.02,28.05,99.99,99.5,hydroquebec.com,false,""
2022-01-01T12:00:00.000000,Canada,Québec,CA-QC,0.05,27.76,99.99,98.96,hydroquebec.com,false,""
2022-01-01T13:00:00.000000,Canada,Québec,CA-QC,0.02,27.68,99.99,99.46,hydroquebec.com,false,""
2022-01-01T14:00:00.000000,Canada,Québec,CA-QC,0.02,27.52,99.99,99.49,hydroquebec.com,false,""
2022-01-01T15:00:00.000000,Canada,Québec,CA-QC,0.02,27.37,99.99,99.55,hydroquebec.com,false,""
2022-01-01T16:00:00.000000,Canada,Québec,CA-QC,0.01,27.36,100.0,99.7,hydroquebec.com,false,""
2022-01-01T17:00:00.000000,Canada,Québec,CA-QC,0.02,27.39,99.99,99.65,hydroquebec.com,false,""
2022-01-01T18:00:00.000000,Canada,Québec,CA-QC,0.03,27.4,99.99,99.61,hydroquebec.com,false,""
2022-01-01T19:00:00.000000,Canada,Québec,CA-QC,0.07,27.42,99.98,99.38,hydroquebec.com,false,""
2022-01-01T20:00:00.000000,Canada,Québec,CA-QC,0.04,27.56,99.99,99.7,hydroquebec.com,false,""
2022-01-01T21:00:00.000000,Canada,Québec,CA-QC,0.0,27.6,100.0,100.0,hydroquebec.com,false,""
2022-01-01T22:00:00.000000,Canada,Québec,CA-QC,0.0,27.5,100.0,100.0,hydroquebec.com,false,""
2022-01-01T23:00:00.000000,Canada,Québec,CA-QC,0.0,27.56,100.0,100.0,hydroquebec.com,false,""
2022-01-02T00:00:00.000000,Canada,Québec,CA-QC,0.07,27.76,99.98,99.63,hydroquebec.com,false,""
2022-01-02T01:00:00.000000,Canada,Québec,CA-QC,0.08,27.94,99.98,99.61,hydroquebec.com,false,""
2022-01-02T02:00:00.000000,Canada,Québec,CA-QC,0.08,28.07,99.98,99.6,hydroquebec.com,false,""
2022-01-02T03:00:00.000000,Canada,Québec,CA-QC,0.03,28.07,99.99,99.58,hydroquebec.com,false,""
2022-01-02T04:00:00.000000,Canada,Québec,CA-QC,0.04,28.0,99.99,99.01,hydroquebec.com,false,""
2022-01-02T05:00:00.000000,Canada,Québec,CA-QC,0.07,27.93,99.98,98.41,hydroquebec.com,false,""
2022-01-02T06:00:00.000000,Canada,Québec,CA-QC,0.1,27.86,99.97,97.82,hydroquebec.com,false,""
2022-01-02T07:00:00.000000,Canada,Québec,CA-QC,0.11,27.85,99.97,97.53,hydroquebec.com,false,""
2022-01-02T08:00:00.000000,Canada,Québec,CA-QC,0.1,27.86,99.97,97.61,hydroquebec.com,false,""
2022-01-02T09:00:00.000000,Canada,Québec,CA-QC,0.08,27.89,99.98,98.24,hydroquebec.com,false,""
2022-01-02T10:00:00.000000,Canada,Québec,CA-QC,0.12,27.78,99.97,98.05,hydroquebec.com,false,""
2022-01-02T11:00:00.000000,Canada,Québec,CA-QC,0.18,27.82,99.95,98.43,hydroquebec.com,false,""
2022-01-02T12:00:00.000000,Canada,Québec,CA-QC,0.18,27.83,99.95,99.11,hydroquebec.com,false,""
2022-01-02T13:00:00.000000,Canada,Québec,CA-QC,0.3,27.84,99.92,99.1,hydroquebec.com,false,""
2022-01-02T14:00:00.000000,Canada,Québec,CA-QC,0.04,27.51,99.99,99.9,hydroquebec.com,false,""
2022-01-02T15:00:00.000000,Canada,Québec,CA-QC,0.0,27.31,100.0,100.0,hydroquebec.com,false,""
2022-01-02T16:00:00.000000,Canada,Québec,CA-QC,0.0,27.26,100.0,100.0,hydroquebec.com,false,""
2022-01-02T17:00:00.000000,Canada,Québec,CA-QC,0.0,27.26,100.0,100.0,hydroquebec.com,false,""
2022-01-02T18:00:00.000000,Canada,Québec,CA-QC,0.0,27.26,100.0,100.0,hydroquebec.com,false,""
2022-01-02T19:00:00.000000,Canada,Québec,CA-QC,0.0,27.26,100.0,100.0,hydroquebec.com,false,""
2022-01-02T20:00:00.000000,Canada,Québec,CA-QC,0.0,27.21,100.0,100.0,hydroquebec.com,false,""
2022-01-02T21:00:00.000000,Canada,Québec,CA-QC,0.0,27.07,100.0,100.0,hydroquebec.com,false,""
2022-01-02T22:00:00.000000,Canada,Québec,CA-QC,0.0,26.93,100.0,100.0,hydroquebec.com,false,""
2022-01-02T23:00:00.000000,Canada,Québec,CA-QC,0.0,26.89,100.0,100.0,hydroquebec.com,false,""
2022-01-03T00:00:00.000000,Canada,Québec,CA-QC,0.0,26.89,100.0,100.0,hydroquebec.com,false,""
2022-01-03T01:00:00.000000,Canada,Québec,CA-QC,0.0,26.89,100.0,100.0,hydroquebec.com,false,""
2022-01-03T02:00:00.000000,Canada,Québec,CA-QC,0.0,26.88,100.0,100.0,hydroquebec.com,false,""
2022-01-03T03:00:00.000000,Canada,Québec,CA-QC,0.0,26.86,100.0,100.0,hydroquebec.com,false,""
2022-01-03T04:00:00.000000,Canada,Québec,CA-QC,0.0,26.87,100.0,100.0,hydroquebec.com,false,""
2022-01-03T05:00:00.000000,Canada,Québec,CA-QC,0.0,26.89,100.0,100.0,hydroquebec.com,false,""
2022-01-03T06:00:00.000000,Canada,Québec,CA-QC,0.0,26.88,100.0,100.0,hydroquebec.com,false,""
2022-01-03T07:00:00.000000,Canada,Québec,CA-QC,0.0,26.87,100.0,100.0,hydroquebec.com,false,""
2022-01-03T08:00:00.000000,Canada,Québec,CA-QC,0.05,26.95,99.99,99.91,hydroquebec.com,false,""
2022-01-03T09:00:00.000000,Canada,Québec,CA-QC,0.0,26.89,100.0,100.0,hydroquebec.com,false,""
2022-01-03T10:00:00.000000,Canada,Québec,CA-QC,0.0,26.79,100.0,100.0,hydroquebec.com,false,""
2022-01-03T11:00:00.000000,Canada,Québec,CA-QC,0.0,26.68,100.0,100.0,hydroquebec.com,false,""
2022-01-03T12:00:00.000000,Canada,Québec,CA-QC,0.0,26.59,100.0,100.0,hydroquebec.com,false,""
2022-01-03T13:00:00.000000,Canada,Québec,CA-QC,0.0,26.59,100.0,100.0,hydroquebec.com,false,""
2022-01-03T14:00:00.000000,Canada,Québec,CA-QC,0.0,26.66,100.0,100.0,hydroquebec.com,false,""
2022-01-03T15:00:00.000000,Canada,Québec,CA-QC,0.0,26.76,100.0,100.0,hydroquebec.com,false,""
2022-01-03T16:00:00.000000,Canada,Québec,CA-QC,0.0,26.86,100.0,100.0,hydroquebec.com,false,""
2022-01-03T17:00:00.000000,Canada,Québec,CA-QC,0.0,26.92,100.0,100.0,hydroquebec.com,false,""
2022-01-03T18:00:00.000000,Canada,Québec,CA-QC,0.0,26.98,100.0,100.0,hydroquebec.com,false,""
2022-01-03T19:00:00.000000,Canada,Québec,CA-QC,0.0,27.04,100.0,100.0,hydroquebec.com,false,""
2022-01-03T20:00:00.000000,Canada,Québec,CA-QC,0.0,27.01,100.0,100.0,hydroquebec.com,false,""
2022-01-03T21:00:00.000000,Canada,Québec,CA-QC,0.54,27.53,99.85,99.45,hydroquebec.com,false,""
2022-01-03T22:00:00.000000,Canada,Québec,CA-QC,0.8,27.74,99.78,99.26,hydroquebec.com,false,""
2022-01-03T23:00:00.000000,Canada,Québec,CA-QC,0.65,27.51,99.83,99.48,hydroquebec.com,false,""
2022-01-04T00:00:00.000000,Canada,Québec,CA-QC,0.79,27.67,99.79,99.31,hydroquebec.com,false,""
2022-01-04T01:00:00.000000,Canada,Québec,CA-QC,0.91,27.78,99.75,99.03,hydroquebec.com,false,""
2022-01-04T02:00:00.000000,Canada,Québec,CA-QC,0.27,27.11,99.93,99.68,hydroquebec.com,false,""
2022-01-04T03:00:00.000000,Canada,Québec,CA-QC,0.0,26.89,100.0,100.0,hydroquebec.com,false,""
2022-01-04T04:00:00.000000,Canada,Québec,CA-QC,0.0,26.97,100.0,100.0,hydroquebec.com,false,""
2022-01-04T05:00:00.000000,Canada,Québec,CA-QC,0.0,27.04,100.0,100.0,hydroquebec.com,false,""
2022-01-04T06:00:00.000000,Canada,Québec,CA-QC,0.08,27.09,99.98,99.55,hydroquebec.com,false,""
2022-01-04T07:00:00.000000,Canada,Québec,CA-QC,0.06,27.09,99.98,99.64,hydroquebec.com,false,""
2022-01-04T08:00:00.000000,Canada,Québec,CA-QC,0.17,27.11,99.95,99.28,hydroquebec.com,false,""
2022-01-04T09:00:00.000000,Canada,Québec,CA-QC,0.3,27.34,99.92,99.15,hydroquebec.com,false,""
2022-01-04T10:00:00.000000,Canada,Québec,CA-QC,0.82,27.84,99.78,98.49,hydroquebec.com,false,""
2022-01-04T11:00:00.000000,Canada,Québec,CA-QC,1.47,28.52,99.6,98.08,hydroquebec.com,false,""
2022-01-04T12:00:00.000000,Canada,Québec,CA-QC,2.5,29.66,99.32,97.5,hydroquebec.com,false,""
2022-01-04T13:00:00.000000,Canada,Québec,CA-QC,2.63,29.65,99.29,97.5,hydroquebec.com,false,""
2022-01-04T14:00:00.000000,Canada,Québec,CA-QC,1.98,28.84,99.47,98.16,hydroquebec.com,false,""
2022-01-04T15:00:00.000000,Canada,Québec,CA-QC,1.01,27.74,99.73,98.99,hydroquebec.com,false,""
2022-01-04T16:00:00.000000,Canada,Québec,CA-QC,0.47,27.18,99.87,99.41,hydroquebec.com,false,""
2022-01-04T17:00:00.000000,Canada,Québec,CA-QC,0.51,27.27,99.86,99.31,hydroquebec.com,false,""
2022-01-04T18:00:00.000000,Canada,Québec,CA-QC,0.53,27.33,99.86,99.33,hydroquebec.com,false,""
2022-01-04T19:00:00.000000,Canada,Québec,CA-QC,0.36,27.15,99.9,99.46,hydroquebec.com,false,""
2022-01-04T20:00:00.000000,Canada,Québec,CA-QC,0.28,27.05,99.93,99.54,hydroquebec.com,false,""
2022-01-04T21:00:00.000000,Canada,Québec,CA-QC,0.29,27.0,99.92,99.53,hydroquebec.com,false,""
2022-01-04T22:00:00.000000,Canada,Québec,CA-QC,0.39,27.04,99.89,99.4,hydroquebec.com,false,""
2022-01-04T23:00:00.000000,Canada,Québec,CA-QC,0.01,26.69,100.0,99.99,hydroquebec.com,false,""
2022-01-05T00:00:00.000000,Canada,Québec,CA-QC,0.67,27.38,99.82,99.05,hydroquebec.com,false,""
2022-01-05T01:00:00.000000,Canada,Québec,CA-QC,0.74,27.52,99.8,98.95,hydroquebec.com,false,""
2022-01-05T02:00:00.000000,Canada,Québec,CA-QC,0.0,26.85,100.0,100.0,hydroquebec.com,false,""
2022-01-05T03:00:00.000000,Canada,Québec,CA-QC,0.24,27.08,99.94,99.37,hydroquebec.com,false,""
2022-01-05T04:00:00.000000,Canada,Québec,CA-QC,0.27,27.27,99.93,99.16,hydroquebec.com,false,""
2022-01-05T05:00:00.000000,Canada,Québec,CA-QC,0.21,27.31,99.94,98.96,hydroquebec.com,false,""
2022-01-05T06:00:00.000000,Canada,Québec,CA-QC,0.1,27.16,99.97,98.75,hydroquebec.com,false,""
2022-01-05T07:00:00.000000,Canada,Québec,CA-QC,0.05,27.2,99.99,98.92,hydroquebec.com,false,""
2022-01-05T08:00:00.000000,Canada,Québec,CA-QC,0.05,27.26,99.99,99.02,hydroquebec.com,false,""
2022-01-05T09:00:00.000000,Canada,Québec,CA-QC,0.04,27.29,99.99,99.14,hydroquebec.com,false,""
2022-01-05T10:00:00.000000,Canada,Québec,CA-QC,0.05,27.21,99.99,98.97,hydroquebec.com,false,""
2022-01-05T11:00:00.000000,Canada,Québec,CA-QC,0.0,27.27,100.0,100.0,hydroquebec.com,false,""
2022-01-05T12:00:00.000000,Canada,Québec,CA-QC,0.0,27.12,100.0,100.0,hydroquebec.com,false,""
2022-01-05T13:00:00.000000,Canada,Québec,CA-QC,0.0,27.05,100.0,100.0,hydroquebec.com,false,""
2022-01-05T14:00:00.000000,Canada,Québec,CA-QC,0.06,27.06,99.98,99.74,hydroquebec.com,false,""
2022-01-05T15:00:00.000000,Canada,Québec,CA-QC,0.06,27.1,99.98,99.74,hydroquebec.com,false,""
2022-01-05T16:00:00.000000,Canada,Québec,CA-QC,0.09,27.15,99.97,99.66,hydroquebec.com,false,""
2022-01-05T17:00:00.000000,Canada,Québec,CA-QC,0.15,27.31,99.96,99.68,hydroquebec.com,false,""
2022-01-05T18:00:00.000000,Canada,Québec,CA-QC,0.16,27.39,99.96,99.71,hydroquebec.com,false,""
2022-01-05T19:00:00.000000,Canada,Québec,CA-QC,0.03,27.31,99.99,99.94,hydroquebec.com,false,""
2022-01-05T20:00:00.000000,Canada,Québec,CA-QC,0.0,27.25,100.0,100.0,hydroquebec.com,false,""
2022-01-05T21:00:00.000000,Canada,Québec,CA-QC,0.0,27.17,100.0,100.0,hydroquebec.com,false,""
2022-01-05T22:00:00.000000,Canada,Québec,CA-QC,0.0,27.06,100.0,100.0,hydroquebec.com,false,""
2022-01-05T23:00:00.000000,Canada,Québec,CA-QC,0.0,27.06,100.0,100.0,hydroquebec.com,false,""
2022-01-06T00:00:00.000000,Canada,Québec,CA-QC,0.0,27.17,100.0,100.0,hydroquebec.com,false,""
2022-01-06T01:00:00.000000,Canada,Québec,CA-QC,0.07,27.32,99.98,99.8,hydroquebec.com,false,""
2022-01-06T02:00:00.000000,Canada,Québec,CA-QC,0.0,27.42,100.0,100.0,hydroquebec.com,false,""
2022-01-06T03:00:00.000000,Canada,Québec,CA-QC,0.05,27.56,99.99,99.76,hydroquebec.com,false,""
2022-01-06T04:00:00.000000,Canada,Québec,CA-QC,0.09,27.68,99.98,99.52,hydroquebec.com,false,""
2022-01-06T05:00:00.000000,Canada,Québec,CA-QC,0.09,27.68,99.98,99.27,hydroquebec.com,false,""
2022-01-06T06:00:00.000000,Canada,Québec,CA-QC,0.05,27.54,99.99,99.0,hydroquebec.com,false,""
2022-01-06T07:00:00.000000,Canada,Québec,CA-QC,0.08,27.38,99.98,98.45,hydroquebec.com,false,""
2022-01-06T08:00:00.000000,Canada,Québec,CA-QC,0.06,27.38,99.98,98.76,hydroquebec.com,false,""
2022-01-06T09:00:00.000000,Canada,Québec,CA-QC,0.1,27.41,99.97,99.02,hydroquebec.com,false,""
2022-01-06T10:00:00.000000,Canada,Québec,CA-QC,0.19,27.48,99.95,99.15,hydroquebec.com,false,""
2022-01-06T11:00:00.000000,Canada,Québec,CA-QC,0.0,27.29,100.0,100.0,hydroquebec.com,false,""
2022-01-06T12:00:00.000000,Canada,Québec,CA-QC,0.0,27.08,100.0,100.0,hydroquebec.com,false,""
2022-01-06T13:00:00.000000,Canada,Québec,CA-QC,0.0,27.03,100.0,100.0,hydroquebec.com,false,""
2022-01-06T14:00:00.000000,Canada,Québec,CA-QC,0.0,27.06,100.0,100.0,hydroquebec.com,false,""
2022-01-06T15:00:00.000000,Canada,Québec,CA-QC,0.0,27.1,100.0,100.0,hydroquebec.com,false,""
2022-01-06T16:00:00.000000,Canada,Québec,CA-QC,0.0,27.14,100.0,100.0,hydroquebec.com,false,""
2022-01-06T17:00:00.000000,Canada,Québec,CA-QC,0.0,27.18,100.0,100.0,hydroquebec.com,false,""
2022-01-06T18:00:00.000000,Canada,Québec,CA-QC,0.0,27.06,100.0,100.0,hydroquebec.com,false,""
2022-01-06T19:00:00.000000,Canada,Québec,CA-QC,0.0,26.94,100.0,100.0,hydroquebec.com,false,""
2022-01-06T20:00:00.000000,Canada,Québec,CA-QC,0.0,26.94,100.0,100.0,hydroquebec.com,false,""
2022-01-06T21:00:00.000000,Canada,Québec,CA-QC,0.0,26.88,100.0,100.0,hydroquebec.com,false,""
2022-01-06T22:00:00.000000,Canada,Québec,CA-QC,0.0,26.82,100.0,100.0,hydroquebec.com,false,""
2022-01-06T23:00:00.000000,Canada,Québec,CA-QC,0.0,26.83,100.0,100.0,hydroquebec.com,false,""
2022-01-07T00:00:00.000000,Canada,Québec,CA-QC,0.0,26.89,100.0,100.0,hydroquebec.com,false,""
2022-01-07T01:00:00.000000,Canada,Québec,CA-QC,0.0,26.95,100.0,100.0,hydroquebec.com,false,""
2022-01-07T02:00:00.000000,Canada,Québec,CA-QC,0.0,27.02,100.0,100.0,hydroquebec.com,false,""
2022-01-07T03:00:00.000000,Canada,Québec,CA-QC,0.0,27.1,100.0,100.0,hydroquebec.com,false,""
2022-01-07T04:00:00.000000,Canada,Québec,CA-QC,0.0,27.18,100.0,100.0,hydroquebec.com,false,""
2022-01-07T05:00:00.000000,Canada,Québec,CA-QC,0.0,27.29,100.0,100.0,hydroquebec.com,false,""
2022-01-07T06:00:00.000000,Canada,Québec,CA-QC,0.0,27.38,100.0,100.0,hydroquebec.com,false,""
2022-01-07T07:00:00.000000,Canada,Québec,CA-QC,0.0,27.39,100.0,100.0,hydroquebec.com,false,""
2022-01-07T08:00:00.000000,Canada,Québec,CA-QC,0.0,27.39,100.0,100.0,hydroquebec.com,false,""
2022-01-07T09:00:00.000000,Canada,Québec,CA-QC,0.0,27.33,100.0,100.0,hydroquebec.com,false,""
2022-01-07T10:00:00.000000,Canada,Québec,CA-QC,0.0,27.21,100.0,100.0,hydroquebec.com,false,""
2022-01-07T11:00:00.000000,Canada,Québec,CA-QC,0.0,27.08,100.0,100.0,hydroquebec.com,false,""
2022-01-07T12:00:00.000000,Canada,Québec,CA-QC,0.0,26.93,100.0,100.0,hydroquebec.com,false,""
2022-01-07T13:00:00.000000,Canada,Québec,CA-QC,0.0,26.82,100.0,100.0,hydroquebec.com,false,""
2022-01-07T14:00:00.000000,Canada,Québec,CA-QC,0.0,26.82,100.0,100.0,hydroquebec.com,false,""
2022-01-07T15:00:00.000000,Canada,Québec,CA-QC,0.0,26.89,100.0,100.0,hydroquebec.com,false,""
2022-01-07T16:00:00.000000,Canada,Québec,CA-QC,0.0,26.94,100.0,100.0,hydroquebec.com,false,""
2022-01-07T17:00:00.000000,Canada,Québec,CA-QC,0.0,27.02,100.0,100.0,hydroquebec.com,false,""
2022-01-07T18:00:00.000000,Canada,Québec,CA-QC,0.0,27.08,100.0,100.0,hydroquebec.com,false,""
2022-01-07T19:00:00.000000,Canada,Québec,CA-QC,0.0,27.07,100.0,100.0,hydroquebec.com,false,""
2022-01-07T20:00:00.000000,Canada,Québec,CA-QC,0.0,27.03,100.0,100.0,hydroquebec.com,false,""
2022-01-07T21:00:00.000000,Canada,Québec,CA-QC,0.0,26.89,100.0,100.0,hydroquebec.com,false,""
2022-01-07T22:00:00.000000,Canada,Québec,CA-QC,0.0,26.71,100.0,100.0,hydroquebec.com,false,""
2022-01-07T23:00:00.000000,Canada,Québec,CA-QC,0.0,26.65,100.0,100.0,hydroquebec.com,false,""
2022-01-08T00:00:00.000000,Canada,Québec,CA-QC,0.0,26.64,100.0,100.0,hydroquebec.com,false,""
2022-01-08T01:00:00.000000,Canada,Québec,CA-QC,0.0,26.61,100.0,100.0,hydroquebec.com,false,""
2022-01-08T02:00:00.000000,Canada,Québec,CA-QC,0.0,26.6,100.0,100.0,hydroquebec.com,false,""
2022-01-08T03:00:00.000000,Canada,Québec,CA-QC,0.0,26.61,100.0,100.0,hydroquebec.com,false,""
2022-01-08T04:00:00.000000,Canada,Québec,CA-QC,0.0,26.73,100.0,100.0,hydroquebec.com,false,""
2022-01-08T05:00:00.000000,Canada,Québec,CA-QC,0.0,26.76,100.0,100.0,hydroquebec.com,false,""
2022-01-08T06:00:00.000000,Canada,Québec,CA-QC,0.0,26.63,100.0,100.0,hydroquebec.com,false,""
2022-01-08T07:00:00.000000,Canada,Québec,CA-QC,0.0,26.53,100.0,100.0,hydroquebec.com,false,""
2022-01-08T08:00:00.000000,Canada,Québec,CA-QC,0.0,26.51,100.0,100.0,hydroquebec.com,false,""
2022-01-08T09:00:00.000000,Canada,Québec,CA-QC,0.0,26.53,100.0,100.0,hydroquebec.com,false,""
2022-01-08T10:00:00.000000,Canada,Québec,CA-QC,0.0,26.41,100.0,100.0,hydroquebec.com,false,""
2022-01-08T11:00:00.000000,Canada,Québec,CA-QC,0.0,26.37,100.0,100.0,hydroquebec.com,false,""
2022-01-08T12:00:00.000000,Canada,Québec,CA-QC,0.0,26.31,100.0,100.0,hydroquebec.com,false,""
2022-01-08T13:00:00.000000,Canada,Québec,CA-QC,0.0,26.2,100.0,100.0,hydroquebec.com,false,""
2022-01-08T14:00:00.000000,Canada,Québec,CA-QC,0.0,26.28,100.0,100.0,hydroquebec.com,false,""
2022-01-08T15:00:00.000000,Canada,Québec,CA-QC,0.0,26.43,100.0,100.0,hydroquebec.com,false,""
2022-01-08T16:00:00.000000,Canada,Québec,CA-QC,0.0,26.53,100.0,100.0,hydroquebec.com,false,""
2022-01-08T17:00:00.000000,Canada,Québec,CA-QC,0.0,26.55,100.0,100.0,hydroquebec.com,false,""
2022-01-08T18:00:00.000000,Canada,Québec,CA-QC,0.0,26.52,100.0,100.0,hydroquebec.com,false,""
2022-01-08T19:00:00.000000,Canada,Québec,CA-QC,0.0,26.52,100.0,100.0,hydroquebec.com,false,""
2022-01-08T20:00:00.000000,Canada,Québec,CA-QC,0.0,26.48,100.0,100.0,hydroquebec.com,false,""
2022-01-08T21:00:00.000000,Canada,Québec,CA-QC,0.0,26.29,100.0,100.0,hydroquebec.com,false,""
2022-01-08T22:00:00.000000,Canada,Québec,CA-QC,0.21,26.3,99.94,99.67,hydroquebec.com,false,""
2022-01-08T23:00:00.000000,Canada,Québec,CA-QC,0.27,26.33,99.93,99.68,hydroquebec.com,false,""
2022-01-09T00:00:00.000000,Canada,Québec,CA-QC,0.35,26.48,99.9,99.57,hydroquebec.com,false,""
2022-01-09T01:00:00.000000,Canada,Québec,CA-QC,0.0,26.23,100.0,100.0,hydroquebec.com,false,""
2022-01-09T02:00:00.000000,Canada,Québec,CA-QC,0.0,26.29,100.0,100.0,hydroquebec.com,false,""
2022-01-09T03:00:00.000000,Canada,Québec,CA-QC,0.07,26.4,99.98,99.78,hydroquebec.com,false,""
2022-01-09T04:00:00.000000,Canada,Québec,CA-QC,0.06,26.42,99.98,99.61,hydroquebec.com,false,""
2022-01-09T05:00:00.000000,Canada,Québec,CA-QC,0.06,26.38,99.98,99.42,hydroquebec.com,false,""
2022-01-09T06:00:00.000000,Canada,Québec,CA-QC,0.05,26.24,99.99,99.05,hydroquebec.com,false,""
2022-01-09T07:00:00.000000,Canada,Québec,CA-QC,0.08,26.11,99.98,98.59,hydroquebec.com,false,""
2022-01-09T08:00:00.000000,Canada,Québec,CA-QC,0.06,26.08,99.98,98.83,hydroquebec.com,false,""
2022-01-09T09:00:00.000000,Canada,Québec,CA-QC,0.07,26.01,99.98,98.56,hydroquebec.com,false,""
2022-01-09T10:00:00.000000,Canada,Québec,CA-QC,0.06,26.05,99.98,98.71,hydroquebec.com,false,""
2022-01-09T11:00:00.000000,Canada,Québec,CA-QC,0.05,26.05,99.99,98.83,hydroquebec.com,false,""
2022-01-09T12:00:00.000000,Canada,Québec,CA-QC,0.05,26.04,99.99,98.96,hydroquebec.com,false,""
2022-01-09T13:00:00.000000,Canada,Québec,CA-QC,0.04,26.04,99.99,99.22,hydroquebec.com,false,""
2022-01-09T14:00:00.000000,Canada,Québec,CA-QC,0.03,26.02,99.99,99.35,hydroquebec.com,false,""
2022-01-09T15:00:00.000000,Canada,Québec,CA-QC,0.02,26.07,100.0,99.77,hydroquebec.com,false,""
2022-01-09T16:00:00.000000,Canada,Québec,CA-QC,0.06,25.97,99.98,99.22,hydroquebec.com,false,""
2022-01-09T17:00:00.000000,Canada,Québec,CA-QC,0.14,26.01,99.96,99.23,hydroquebec.com,false,""
2022-01-09T18:00:00.000000,Canada,Québec,CA-QC,0.14,26.15,99.96,99.52,hydroquebec.com,false,""
2022-01-09T19:00:00.000000,Canada,Québec,CA-QC,0.0,26.22,100.0,99.99,hydroquebec.com,false,""
2022-01-09T20:00:00.000000,Canada,Québec,CA-QC,0.0,26.22,100.0,100.0,hydroquebec.com,false,""
2022-01-09T21:00:00.000000,Canada,Québec,CA-QC,0.0,26.26,100.0,100.0,hydroquebec.com,false,""
2022-01-09T22:00:00.000000,Canada,Québec,CA-QC,0.0,26.27,100.0,100.0,hydroquebec.com,false,""
2022-01-09T23:00:00.000000,Canada,Québec,CA-QC,0.0,26.3,100.0,100.0,hydroquebec.com,false,""
2022-01-10T00:00:00.000000,Canada,Québec,CA-QC,0.0,26.39,100.0,100.0,hydroquebec.com,false,""
2022-01-10T01:00:00.000000,Canada,Québec,CA-QC,0.0,26.44,100.0,100.0,hydroquebec.com,false,""
2022-01-10T02:00:00.000000,Canada,Québec,CA-QC,0.0,26.51,100.0,99.99,hydroquebec.com,false,""
2022-01-10T03:00:00.000000,Canada,Québec,CA-QC,0.11,26.65,99.97,99.56,hydroquebec.com,false,""
2022-01-10T04:00:00.000000,Canada,Québec,CA-QC,0.06,26.57,99.98,99.26,hydroquebec.com,false,""
2022-01-10T05:00:00.000000,Canada,Québec,CA-QC,0.08,26.44,99.98,98.93,hydroquebec.com,false,""
2022-01-10T06:00:00.000000,Canada,Québec,CA-QC,0.09,26.33,99.97,98.29,hydroquebec.com,false,""
2022-01-10T07:00:00.000000,Canada,Québec,CA-QC,0.13,26.38,99.97,98.24,hydroquebec.com,false,""
2022-01-10T08:00:00.000000,Canada,Québec,CA-QC,0.14,26.32,99.96,98.27,hydroquebec.com,false,""
2022-01-10T09:00:00.000000,Canada,Québec,CA-QC,0.18,26.33,99.95,98.16,hydroquebec.com,false,""
2022-01-10T10:00:00.000000,Canada,Québec,CA-QC,0.17,26.53,99.95,99.26,hydroquebec.com,false,""
2022-01-10T11:00:00.000000,Canada,Québec,CA-QC,0.0,26.31,100.0,100.0,hydroquebec.com,false,""
2022-01-10T12:00:00.000000,Canada,Québec,CA-QC,0.0,26.15,100.0,100.0,hydroquebec.com,false,""
2022-01-10T13:00:00.000000,Canada,Québec,CA-QC,0.0,26.04,100.0,100.0,hydroquebec.com,false,""
2022-01-10T14:00:00.000000,Canada,Québec,CA-QC,0.0,26.02,100.0,100.0,hydroquebec.com,false,""
2022-01-10T15:00:00.000000,Canada,Québec,CA-QC,0.0,26.07,100.0,100.0,hydroquebec.com,false,""
2022-01-10T16:00:00.000000,Canada,Québec,CA-QC,0.24,26.35,99.94,99.63,hydroquebec.com,false,""
2022-01-10T17:00:00.000000,Canada,Québec,CA-QC,0.05,26.34,99.99,99.92,hydroquebec.com,false,""
2022-01-10T18:00:00.000000,Canada,Québec,CA-QC,0.0,26.35,100.0,99.99,hydroquebec.com,false,""
2022-01-10T19:00:00.000000,Canada,Québec,CA-QC,0.43,26.78,99.88,99.39,hydroquebec.com,false,""
2022-01-10T20:00:00.000000,Canada,Québec,CA-QC,0.51,26.93,99.86,99.31,hydroquebec.com,false,""
2022-01-10T21:00:00.000000,Canada,Québec,CA-QC,0.0,26.33,100.0,100.0,hydroquebec.com,false,""
2022-01-10T22:00:00.000000,Canada,Québec,CA-QC,0.38,26.61,99.9,99.53,hydroquebec.com,false,""
2022-01-10T23:00:00.000000,Canada,Québec,CA-QC,0.46,26.68,99.88,99.44,hydroquebec.com,false,""
2022-01-11T00:00:00.000000,Canada,Québec,CA-QC,0.46,26.69,99.87,99.44,hydroquebec.com,false,""
2022-01-11T01:00:00.000000,Canada,Québec,CA-QC,0.34,26.57,99.91,99.58,hydroquebec.com,false,""
2022-01-11T02:00:00.000000,Canada,Québec,CA-QC,0.1,26.29,99.97,99.86,hydroquebec.com,false,""
2022-01-11T03:00:00.000000,Canada,Québec,CA-QC,0.0,26.18,100.0,100.0,hydroquebec.com,false,""
2022-01-11T04:00:00.000000,Canada,Québec,CA-QC,0.0,26.26,100.0,100.0,hydroquebec.com,false,""
2022-01-11T05:00:00.000000,Canada,Québec,CA-QC,0.0,26.28,100.0,100.0,hydroquebec.com,false,""
2022-01-11T06:00:00.000000,Canada,Québec,CA-QC,0.0,26.22,100.0,100.0,hydroquebec.com,false,""
2022-01-11T07:00:00.000000,Canada,Québec,CA-QC,0.01,26.19,100.0,99.98,hydroquebec.com,false,""
2022-01-11T08:00:00.000000,Canada,Québec,CA-QC,0.81,26.99,99.78,98.78,hydroquebec.com,false,""
2022-01-11T09:00:00.000000,Canada,Québec,CA-QC,0.62,26.89,99.83,99.1,hydroquebec.com,false,""
2022-01-11T10:00:00.000000,Canada,Québec,CA-QC,0.92,27.35,99.75,98.93,hydroquebec.com,false,""
2022-01-11T11:00:00.000000,Canada,Québec,CA-QC,1.77,28.21,99.52,98.06,hydroquebec.com,false,""
2022-01-11T12:00:00.000000,Canada,Québec,CA-QC,2.59,29.2,99.33,98.05,hydroquebec.com,false,""
2022-01-11T13:00:00.000000,Canada,Québec,CA-QC,2.11,28.56,99.43,98.27,hydroquebec.com,false,""
2022-01-11T14:00:00.000000,Canada,Québec,CA-QC,2.48,28.93,99.33,98.06,hydroquebec.com,false,""
2022-01-11T15:00:00.000000,Canada,Québec,CA-QC,2.67,29.24,99.28,98.07,hydroquebec.com,false,""
2022-01-11T16:00:00.000000,Canada,Québec,CA-QC,1.72,28.15,99.54,98.75,hydroquebec.com,false,""
2022-01-11T17:00:00.000000,Canada,Québec,CA-QC,1.16,27.48,99.69,99.09,hydroquebec.com,false,""
2022-01-11T18:00:00.000000,Canada,Québec,CA-QC,0.92,27.25,99.75,99.25,hydroquebec.com,false,""
2022-01-11T19:00:00.000000,Canada,Québec,CA-QC,1.7,28.14,99.54,98.56,hydroquebec.com,false,""
2022-01-11T20:00:00.000000,Canada,Québec,CA-QC,2.36,28.84,99.36,97.89,hydroquebec.com,false,""
2022-01-11T21:00:00.000000,Canada,Québec,CA-QC,2.77,29.23,99.25,97.5,hydroquebec.com,false,""
2022-01-11T22:00:00.000000,Canada,Québec,CA-QC,2.69,29.06,99.28,97.61,hydroquebec.com,false,""
2022-01-11T23:00:00.000000,Canada,Québec,CA-QC,2.94,29.4,99.21,97.51,hydroquebec.com,false,""
2022-01-12T00:00:00.000000,Canada,Québec,CA-QC,2.62,29.08,99.29,97.68,hydroquebec.com,false,""
2022-01-12T01:00:00.000000,Canada,Québec,CA-QC,7.11,34.35,98.29,96.26,hydroquebec.com,false,""
2022-01-12T02:00:00.000000,Canada,Québec,CA-QC,8.51,35.99,98.0,95.94,hydroquebec.com,false,""
2022-01-12T03:00:00.000000,Canada,Québec,CA-QC,2.96,29.44,99.26,97.57,hydroquebec.com,false,""
2022-01-12T04:00:00.000000,Canada,Québec,CA-QC,1.59,27.86,99.57,98.02,hydroquebec.com,false,""
2022-01-12T05:00:00.000000,Canada,Québec,CA-QC,1.06,27.24,99.72,98.34,hydroquebec.com,false,""
2022-01-12T06:00:00.000000,Canada,Québec,CA-QC,0.62,26.69,99.84,98.61,hydroquebec.com,false,""
2022-01-12T07:00:00.000000,Canada,Québec,CA-QC,0.49,26.53,99.87,98.58,hydroquebec.com,false,""
2022-01-12T08:00:00.000000,Canada,Québec,CA-QC,0.49,26.51,99.87,98.51,hydroquebec.com,false,""
2022-01-12T09:00:00.000000,Canada,Québec,CA-QC,0.19,26.22,99.95,99.19,hydroquebec.com,false,""
2022-01-12T10:00:00.000000,Canada,Québec,CA-QC,0.0,26.09,100.0,100.0,hydroquebec.com,false,""
2022-01-12T11:00:00.000000,Canada,Québec,CA-QC,0.16,26.11,99.96,99.4,hydroquebec.com,false,""
2022-01-12T12:00:00.000000,Canada,Québec,CA-QC,0.09,26.11,99.98,99.77,hydroquebec.com,false,""
2022-01-12T13:00:00.000000,Canada,Québec,CA-QC,0.0,26.0,100.0,100.0,hydroquebec.com,false,""
2022-01-12T14:00:00.000000,Canada,Québec,CA-QC,0.0,25.97,100.0,100.0,hydroquebec.com,false,""
2022-01-12T15:00:00.000000,Canada,Québec,CA-QC,0.18,26.19,99.95,99.78,hydroquebec.com,false,""
2022-01-12T16:00:00.000000,Canada,Québec,CA-QC,0.38,26.43,99.9,99.61,hydroquebec.com,false,""
2022-01-12T17:00:00.000000,Canada,Québec,CA-QC,0.03,26.04,99.99,99.97,hydroquebec.com,false,""
2022-01-12T18:00:00.000000,Canada,Québec,CA-QC,0.0,26.11,100.0,100.0,hydroquebec.com,false,""
2022-01-12T19:00:00.000000,Canada,Québec,CA-QC,0.27,26.55,99.93,99.76,hydroquebec.com,false,""
2022-01-12T20:00:00.000000,Canada,Québec,CA-QC,0.69,27.21,99.81,99.42,hydroquebec.com,false,""
2022-01-12T21:00:00.000000,Canada,Québec,CA-QC,1.25,27.97,99.66,98.99,hydroquebec.com,false,""
2022-01-12T22:00:00.000000,Canada,Québec,CA-QC,2.04,28.93,99.45,98.24,hydroquebec.com,false,""
2022-01-12T23:00:00.000000,Canada,Québec,CA-QC,2.3,29.34,99.38,98.12,hydroquebec.com,false,""
2022-01-13T00:00:00.000000,Canada,Québec,CA-QC,2.92,30.14,99.21,97.68,hydroquebec.com,false,""
2022-01-13T01:00:00.000000,Canada,Québec,CA-QC,2.76,30.02,99.25,97.84,hydroquebec.com,false,""
2022-01-13T02:00:00.000000,Canada,Québec,CA-QC,1.97,29.16,99.47,98.52,hydroquebec.com,false,""
2022-01-13T03:00:00.000000,Canada,Québec,CA-QC,0.04,26.99,99.99,99.97,hydroquebec.com,false,""
2022-01-13T04:00:00.000000,Canada,Québec,CA-QC,0.26,27.41,99.93,99.78,hydroquebec.com,false,""
2022-01-13T05:00:00.000000,Canada,Québec,CA-QC,0.63,27.93,99.83,99.38,hydroquebec.com,false,""
2022-01-13T06:00:00.000000,Canada,Québec,CA-QC,0.49,27.78,99.87,99.42,hydroquebec.com,false,""
2022-01-13T07:00:00.000000,Canada,Québec,CA-QC,0.34,27.65,99.91,99.55,hydroquebec.com,false,""
2022-01-13T08:00:00.000000,Canada,Québec,CA-QC,0.23,27.54,99.94,99.68,hydroquebec.com,false,""
2022-01-13T09:00:00.000000,Canada,Québec,CA-QC,0.18,27.51,99.95,99.75,hydroquebec.com,false,""
2022-01-13T10:00:00.000000,Canada,Québec,CA-QC,0.12,27.37,99.97,99.85,hydroquebec.com,false,""
2022-01-13T11:00:00.000000,Canada,Québec,CA-QC,0.38,27.5,99.9,99.59,hydroquebec.com,false,""
2022-01-13T12:00:00.000000,Canada,Québec,CA-QC,0.59,27.6,99.84,99.39,hydroquebec.com,false,""
2022-01-13T13:00:00.000000,Canada,Québec,CA-QC,0.03,26.9,99.99,99.97,hydroquebec.com,false,""
2022-01-13T14:00:00.000000,Canada,Québec,CA-QC,0.0,26.87,100.0,100.0,hydroquebec.com,false,""
2022-01-13T15:00:00.000000,Canada,Québec,CA-QC,0.54,27.58,99.85,99.54,hydroquebec.com,false,""
2022-01-13T16:00:00.000000,Canada,Québec,CA-QC,1.51,28.75,99.59,98.78,hydroquebec.com,false,""
2022-01-13T17:00:00.000000,Canada,Québec,CA-QC,0.51,27.58,99.86,99.61,hydroquebec.com,false,""
2022-01-13T18:00:00.000000,Canada,Québec,CA-QC,0.0,26.98,100.0,100.0,hydroquebec.com,false,""
2022-01-13T19:00:00.000000,Canada,Québec,CA-QC,1.04,28.17,99.72,99.12,hydroquebec.com,false,""
2022-01-13T20:00:00.000000,Canada,Québec,CA-QC,1.68,28.89,99.55,98.57,hydroquebec.com,false,""
2022-01-13T21:00:00.000000,Canada,Québec,CA-QC,1.45,28.56,99.61,98.69,hydroquebec.com,false,""
2022-01-13T22:00:00.000000,Canada,Québec,CA-QC,0.97,27.86,99.74,99.11,hydroquebec.com,false,""
2022-01-13T23:00:00.000000,Canada,Québec,CA-QC,0.38,27.09,99.9,99.67,hydroquebec.com,false,""
2022-01-14T00:00:00.000000,Canada,Québec,CA-QC,0.0,26.67,100.0,100.0,hydroquebec.com,false,""
2022-01-14T01:00:00.000000,Canada,Québec,CA-QC,0.0,26.73,100.0,100.0,hydroquebec.com,false,""
2022-01-14T02:00:00.000000,Canada,Québec,CA-QC,0.0,26.76,100.0,100.0,hydroquebec.com,false,""
2022-01-14T03:00:00.000000,Canada,Québec,CA-QC,0.0,26.82,100.0,100.0,hydroquebec.com,false,""
2022-01-14T04:00:00.000000,Canada,Québec,CA-QC,0.0,26.95,100.0,100.0,hydroquebec.com,false,""
2022-01-14T05:00:00.000000,Canada,Québec,CA-QC,0.0,27.09,100.0,100.0,hydroquebec.com,false,""
2022-01-14T06:00:00.000000,Canada,Québec,CA-QC,0.0,27.2,100.0,100.0,hydroquebec.com,false,""
2022-01-14T07:00:00.000000,Canada,Québec,CA-QC,0.0,27.25,100.0,100.0,hydroquebec.com,false,""
2022-01-14T08:00:00.000000,Canada,Québec,CA-QC,0.0,27.3,100.0,100.0,hydroquebec.com,false,""
2022-01-14T09:00:00.000000,Canada,Québec,CA-QC,0.0,27.3,100.0,100.0,hydroquebec.com,false,""
2022-01-14T10:00:00.000000,Canada,Québec,CA-QC,0.02,27.27,99.99,99.97,hydroquebec.com,false,""
2022-01-14T11:00:00.000000,Canada,Québec,CA-QC,0.19,27.32,99.95,99.73,hydroquebec.com,false,""
2022-01-14T12:00:00.000000,Canada,Québec,CA-QC,0.38,27.38,99.9,99.47,hydroquebec.com,false,""
2022-01-14T13:00:00.000000,Canada,Québec,CA-QC,0.65,27.6,99.83,99.2,hydroquebec.com,false,""
2022-01-14T14:00:00.000000,Canada,Québec,CA-QC,0.0,26.91,100.0,100.0,hydroquebec.com,false,""
2022-01-14T15:00:00.000000,Canada,Québec,CA-QC,0.0,26.9,100.0,100.0,hydroquebec.com,false,""
2022-01-14T16:00:00.000000,Canada,Québec,CA-QC,0.0,26.92,100.0,100.0,hydroquebec.com,false,""
2022-01-14T17:00:00.000000,Canada,Québec,CA-QC,0.0,26.9,100.0,100.0,hydroquebec.com,false,""
2022-01-14T18:00:00.000000,Canada,Québec,CA-QC,0.0,26.86,100.0,100.0,hydroquebec.com,false,""
2022-01-14T19:00:00.000000,Canada,Québec,CA-QC,0.0,26.82,100.0,100.0,hydroquebec.com,false,""
2022-01-14T20:00:00.000000,Canada,Québec,CA-QC,0.0,26.66,100.0,100.0,hydroquebec.com,false,""
2022-01-14T21:00:00.000000,Canada,Québec,CA-QC,0.0,26.51,100.0,100.0,hydroquebec.com,false,""
2022-01-14T22:00:00.000000,Canada,Québec,CA-QC,0.45,26.87,99.88,99.5,hydroquebec.com,false,""
2022-01-14T23:00:00.000000,Canada,Québec,CA-QC,0.38,26.67,99.9,99.66,hydroquebec.com,false,""
2022-01-15T00:00:00.000000,Canada,Québec,CA-QC,0.08,26.31,99.98,99.93,hydroquebec.com,false,""
2022-01-15T01:00:00.000000,Canada,Québec,CA-QC,0.14,26.4,99.96,99.87,hydroquebec.com,false,""
2022-01-15T02:00:00.000000,Canada,Québec,CA-QC,0.44,26.73,99.88,99.57,hydroquebec.com,false,""
2022-01-15T03:00:00.000000,Canada,Québec,CA-QC,0.0,26.26,100.0,100.0,hydroquebec.com,false,""
2022-01-15T04:00:00.000000,Canada,Québec,CA-QC,0.0,26.27,100.0,100.0,hydroquebec.com,false,""
2022-01-15T05:00:00.000000,Canada,Québec,CA-QC,0.0,26.33,100.0,100.0,hydroquebec.com,false,""
2022-01-15T06:00:00.000000,Canada,Québec,CA-QC,0.16,26.53,99.96,99.79,hydroquebec.com,false,""
2022-01-15T07:00:00.000000,Canada,Québec,CA-QC,0.72,27.13,99.81,99.14,hydroquebec.com,false,""
2022-01-15T08:00:00.000000,Canada,Québec,CA-QC,1.3,27.74,99.65,98.54,hydroquebec.com,false,""
2022-01-15T09:00:00.000000,Canada,Québec,CA-QC,1.13,27.56,99.69,98.83,hydroquebec.com,false,""
2022-01-15T10:00:00.000000,Canada,Québec,CA-QC,2.15,28.62,99.42,97.88,hydroquebec.com,false,""
2022-01-15T11:00:00.000000,Canada,Québec,CA-QC,2.3,28.76,99.38,97.88,hydroquebec.com,false,""
2022-01-15T12:00:00.000000,Canada,Québec,CA-QC,2.29,28.73,99.38,97.97,hydroquebec.com,false,""
2022-01-15T13:00:00.000000,Canada,Québec,CA-QC,2.59,29.06,99.3,97.77,hydroquebec.com,false,""
2022-01-15T14:00:00.000000,Canada,Québec,CA-QC,2.61,29.12,99.29,97.88,hydroquebec.com,false,""
2022-01-15T15:00:00.000000,Canada,Québec,CA-QC,2.5,29.02,99.33,97.91,hydroquebec.com,false,""
2022-01-15T16:00:00.000000,Canada,Québec,CA-QC,1.93,28.4,99.48,98.44,hydroquebec.com,false,""
2022-01-15T17:00:00.000000,Canada,Québec,CA-QC,0.17,26.33,99.95,99.86,hydroquebec.com,false,""
2022-01-15T18:00:00.000000,Canada,Québec,CA-QC,0.0,26.08,100.0,100.0,hydroquebec.com,false,""
2022-01-15T19:00:00.000000,Canada,Québec,CA-QC,0.0,26.07,100.0,100.0,hydroquebec.com,false,""
2022-01-15T20:00:00.000000,Canada,Québec,CA-QC,1.13,27.35,99.69,98.97,hydroquebec.com,false,""
2022-01-15T21:00:00.000000,Canada,Québec,CA-QC,2.31,28.66,99.38,98.0,hydroquebec.com,false,""
2022-01-15T22:00:00.000000,Canada,Québec,CA-QC,2.22,28.56,99.4,98.36,hydroquebec.com,false,""
2022-01-15T23:00:00.000000,Canada,Québec,CA-QC,3.36,29.97,99.1,97.67,Electricity Maps Estimation,true,ESTIMATED_TIME_SLICER_AVERAGE
2022-01-16T00:00:00.000000,Canada,Québec,CA-QC,3.46,30.12,99.07,97.53,hydroquebec.com; Electricity Maps Estimation,false,""
2022-01-16T01:00:00.000000,Canada,Québec,CA-QC,3.33,29.99,99.1,97.6,hydroquebec.com,false,""
2022-01-16T02:00:00.000000,Canada,Québec,CA-QC,2.4,28.88,99.35,98.23,hydroquebec.com,false,""
2022-01-16T03:00:00.000000,Canada,Québec,CA-QC,2.98,29.58,99.2,97.77,hydroquebec.com,false,""
2022-01-16T04:00:00.000000,Canada,Québec,CA-QC,3.53,30.33,99.06,97.47,hydroquebec.com,false,""
2022-01-16T05:00:00.000000,Canada,Québec,CA-QC,3.28,29.96,99.12,97.41,hydroquebec.com,false,""
2022-01-16T06:00:00.000000,Canada,Québec,CA-QC,3.1,29.59,99.16,97.45,hydroquebec.com,false,""
2022-01-16T07:00:00.000000,Canada,Québec,CA-QC,2.96,29.37,99.2,97.49,hydroquebec.com,false,""
2022-01-16T08:00:00.000000,Canada,Québec,CA-QC,2.8,29.23,99.24,97.6,hydroquebec.com,false,""
2022-01-16T09:00:00.000000,Canada,Québec,CA-QC,3.07,29.63,99.17,97.48,hydroquebec.com,false,""
2022-01-16T10:00:00.000000,Canada,Québec,CA-QC,4.1,30.88,98.93,97.14,hydroquebec.com,false,""
2022-01-16T11:00:00.000000,Canada,Québec,CA-QC,3.94,30.71,98.97,97.23,hydroquebec.com,false,""
2022-01-16T12:00:00.000000,Canada,Québec,CA-QC,3.66,30.34,99.05,97.32,hydroquebec.com,false,""
2022-01-16T13:00:00.000000,Canada,Québec,CA-QC,3.39,29.96,99.11,97.42,hydroquebec.com,false,""
2022-01-16T14:00:00.000000,Canada,Québec,CA-QC,3.49,30.07,99.1,97.46,hydroquebec.com,false,""
2022-01-16T15:00:00.000000,Canada,Québec,CA-QC,2.84,29.45,99.24,97.59,hydroquebec.com,false,""
2022-01-16T16:00:00.000000,Canada,Québec,CA-QC,2.91,29.68,99.21,97.54,hydroquebec.com,false,""
2022-01-16T17:00:00.000000,Canada,Québec,CA-QC,2.32,29.1,99.37,98.12,hydroquebec.com,false,""
2022-01-16T18:00:00.000000,Canada,Québec,CA-QC,2.67,29.53,99.28,97.79,hydroquebec.com,false,""
2022-01-16T19:00:00.000000,Canada,Québec,CA-QC,0.24,26.73,99.93,99.8,hydroquebec.com,false,""
2022-01-16T20:00:00.000000,Canada,Québec,CA-QC,0.29,26.75,99.92,99.72,hydroquebec.com,false,""
2022-01-16T21:00:00.000000,Canada,Québec,CA-QC,2.06,28.66,99.44,98.07,hydroquebec.com,false,""
2022-01-16T22:00:00.000000,Canada,Québec,CA-QC,2.71,29.26,99.27,97.6,hydroquebec.com,false,""
2022-01-16T23:00:00.000000,Canada,Québec,CA-QC,2.66,29.22,99.28,98.03,hydroquebec.com,false,""
2022-01-17T00:00:00.000000,Canada,Québec,CA-QC,1.81,28.2,99.51,98.67,hydroquebec.com,false,""
2022-01-17T01:00:00.000000,Canada,Québec,CA-QC,0.93,27.17,99.75,99.28,hydroquebec.com,false,""
2022-01-17T02:00:00.000000,Canada,Québec,CA-QC,1.34,27.72,99.64,98.89,hydroquebec.com,false,""
2022-01-17T03:00:00.000000,Canada,Québec,CA-QC,1.2,27.62,99.68,99.03,hydroquebec.com,false,""
2022-01-17T04:00:00.000000,Canada,Québec,CA-QC,1.86,28.39,99.5,98.51,hydroquebec.com,false,""
2022-01-17T05:00:00.000000,Canada,Québec,CA-QC,2.28,28.97,99.39,98.02,hydroquebec.com,false,""
2022-01-17T06:00:00.000000,Canada,Québec,CA-QC,2.31,28.94,99.38,97.78,hydroquebec.com,false,""
2022-01-17T07:00:00.000000,Canada,Québec,CA-QC,1.92,28.37,99.48,97.84,hydroquebec.com,false,""
2022-01-17T08:00:00.000000,Canada,Québec,CA-QC,1.57,27.97,99.58,97.95,hydroquebec.com,false,""
2022-01-17T09:00:00.000000,Canada,Québec,CA-QC,0.67,27.01,99.82,99.08,hydroquebec.com,false,""
2022-01-17T10:00:00.000000,Canada,Québec,CA-QC,0.26,26.52,99.93,99.65,hydroquebec.com,false,""
2022-01-17T11:00:00.000000,Canada,Québec,CA-QC,1.12,27.38,99.7,98.52,hydroquebec.com,false,""
2022-01-17T12:00:00.000000,Canada,Québec,CA-QC,1.06,27.32,99.71,98.6,hydroquebec.com,false,""
2022-01-17T13:00:00.000000,Canada,Québec,CA-QC,1.07,27.24,99.71,98.6,hydroquebec.com,false,""
2022-01-17T14:00:00.000000,Canada,Québec,CA-QC,0.44,26.46,99.88,99.43,hydroquebec.com,false,""
2022-01-17T15:00:00.000000,Canada,Québec,CA-QC,0.22,26.15,99.94,99.71,hydroquebec.com,false,""
2022-01-17T16:00:00.000000,Canada,Québec,CA-QC,0.42,26.39,99.89,99.43,hydroquebec.com,false,""
2022-01-17T17:00:00.000000,Canada,Québec,CA-QC,0.0,25.98,100.0,100.0,hydroquebec.com,false,""
2022-01-17T18:00:00.000000,Canada,Québec,CA-QC,0.0,25.96,100.0,100.0,hydroquebec.com,false,""
2022-01-17T19:00:00.000000,Canada,Québec,CA-QC,0.0,26.05,100.0,100.0,hydroquebec.com,false,""
2022-01-17T20:00:00.000000,Canada,Québec,CA-QC,0.0,26.05,100.0,100.0,hydroquebec.com,false,""
2022-01-17T21:00:00.000000,Canada,Québec,CA-QC,0.0,26.01,100.0,100.0,hydroquebec.com,false,""
2022-01-17T22:00:00.000000,Canada,Québec,CA-QC,0.0,26.05,100.0,100.0,hydroquebec.com,false,""
2022-01-17T23:00:00.000000,Canada,Québec,CA-QC,0.0,26.17,100.0,100.0,hydroquebec.com,false,""
2022-01-18T00:00:00.000000,Canada,Québec,CA-QC,0.0,26.25,100.0,100.0,hydroquebec.com,false,""
2022-01-18T01:00:00.000000,Canada,Québec,CA-QC,0.0,26.31,100.0,100.0,hydroquebec.com,false,""
2022-01-18T02:00:00.000000,Canada,Québec,CA-QC,0.0,26.41,100.0,100.0,hydroquebec.com,false,""
2022-01-18T03:00:00.000000,Canada,Québec,CA-QC,0.0,26.41,100.0,100.0,hydroquebec.com,false,""
2022-01-18T04:00:00.000000,Canada,Québec,CA-QC,0.0,26.44,100.0,100.0,hydroquebec.com,false,""
2022-01-18T05:00:00.000000,Canada,Québec,CA-QC,0.0,26.55,100.0,100.0,hydroquebec.com,false,""
2022-01-18T06:00:00.000000,Canada,Québec,CA-QC,0.0,26.56,100.0,100.0,hydroquebec.com,false,""
2022-01-18T07:00:00.000000,Canada,Québec,CA-QC,0.35,26.73,99.91,99.09,hydroquebec.com,false,""
2022-01-18T08:00:00.000000,Canada,Québec,CA-QC,0.35,26.64,99.9,99.09,hydroquebec.com,false,""
2022-01-18T09:00:00.000000,Canada,Québec,CA-QC,0.4,26.59,99.89,99.09,hydroquebec.com,false,""
2022-01-18T10:00:00.000000,Canada,Québec,CA-QC,0.04,26.29,99.99,99.93,hydroquebec.com,false,""
2022-01-18T11:00:00.000000,Canada,Québec,CA-QC,0.0,26.18,100.0,100.0,hydroquebec.com,false,""
2022-01-18T12:00:00.000000,Canada,Québec,CA-QC,0.0,26.04,100.0,100.0,hydroquebec.com,false,""
2022-01-18T13:00:00.000000,Canada,Québec,CA-QC,0.0,25.98,100.0,100.0,hydroquebec.com,false,""
2022-01-18T14:00:00.000000,Canada,Québec,CA-QC,0.0,25.96,100.0,100.0,hydroquebec.com,false,""
2022-01-18T15:00:00.000000,Canada,Québec,CA-QC,0.0,26.01,100.0,100.0,hydroquebec.com,false,""
2022-01-18T16:00:00.000000,Canada,Québec,CA-QC,0.0,26.06,100.0,100.0,hydroquebec.com,false,""
2022-01-18T17:00:00.000000,Canada,Québec,CA-QC,0.0,26.06,100.0,100.0,hydroquebec.com,false,""
2022-01-18T18:00:00.000000,Canada,Québec,CA-QC,0.0,26.06,100.0,100.0,hydroquebec.com,false,""
2022-01-18T19:00:00.000000,Canada,Québec,CA-QC,0.0,26.04,100.0,100.0,hydroquebec.com,false,""
2022-01-18T20:00:00.000000,Canada,Québec,CA-QC,0.0,25.96,100.0,100.0,hydroquebec.com,false,""
2022-01-18T21:00:00.000000,Canada,Québec,CA-QC,0.03,25.91,99.99,99.97,hydroquebec.com,false,""
2022-01-18T22:00:00.000000,Canada,Québec,CA-QC,0.04,25.9,99.99,99.95,hydroquebec.com,false,""
2022-01-18T23:00:00.000000,Canada,Québec,CA-QC,0.03,25.88,99.99,99.97,hydroquebec.com,false,""
2022-01-19T00:00:00.000000,Canada,Québec,CA-QC,0.24,26.13,99.94,99.76,hydroquebec.com,false,""
2022-01-19T01:00:00.000000,Canada,Québec,CA-QC,0.42,26.38,99.89,99.55,hydroquebec.com,false,""
2022-01-19T02:00:00.000000,Canada,Québec,CA-QC,0.15,26.15,99.96,99.84,hydroquebec.com,false,""
2022-01-19T03:00:00.000000,Canada,Québec,CA-QC,0.05,26.11,99.99,99.94,hydroquebec.com,false,""
2022-01-19T04:00:00.000000,Canada,Québec,CA-QC,0.47,26.56,99.87,99.02,hydroquebec.com,false,""
2022-01-19T05:00:00.000000,Canada,Québec,CA-QC,0.63,26.66,99.84,98.13,hydroquebec.com,false,""
2022-01-19T06:00:00.000000,Canada,Québec,CA-QC,0.33,26.25,99.93,97.96,hydroquebec.com,false,""
2022-01-19T07:00:00.000000,Canada,Québec,CA-QC,0.31,26.2,99.94,97.83,hydroquebec.com,false,""
2022-01-19T08:00:00.000000,Canada,Québec,CA-QC,0.19,26.15,99.96,97.97,hydroquebec.com,false,""
2022-01-19T09:00:00.000000,Canada,Québec,CA-QC,0.24,26.26,99.94,97.92,hydroquebec.com,false,""
2022-01-19T10:00:00.000000,Canada,Québec,CA-QC,0.25,26.61,99.93,99.01,hydroquebec.com,false,""
2022-01-19T11:00:00.000000,Canada,Québec,CA-QC,0.76,27.02,99.79,98.31,hydroquebec.com,false,""
2022-01-19T12:00:00.000000,Canada,Québec,CA-QC,1.48,27.84,99.6,98.03,hydroquebec.com,false,""
2022-01-19T13:00:00.000000,Canada,Québec,CA-QC,1.15,27.49,99.69,98.48,hydroquebec.com,false,""
2022-01-19T14:00:00.000000,Canada,Québec,CA-QC,1.74,28.25,99.59,98.75,hydroquebec.com,false,""
2022-01-19T15:00:00.000000,Canada,Québec,CA-QC,3.18,29.93,99.27,98.18,hydroquebec.com,false,""
2022-01-19T16:00:00.000000,Canada,Québec,CA-QC,2.21,28.84,99.47,98.36,hydroquebec.com,false,""
2022-01-19T17:00:00.000000,Canada,Québec,CA-QC,1.75,28.38,99.58,98.66,hydroquebec.com,false,""
2022-01-19T18:00:00.000000,Canada,Québec,CA-QC,1.94,28.73,99.56,99.03,hydroquebec.com,false,""
2022-01-19T19:00:00.000000,Canada,Québec,CA-QC,2.99,29.82,99.28,97.73,hydroquebec.com,false,""
2022-01-19T20:00:00.000000,Canada,Québec,CA-QC,4.74,31.95,98.91,97.42,hydroquebec.com,false,""
2022-01-19T21:00:00.000000,Canada,Québec,CA-QC,4.66,31.75,98.89,97.1,hydroquebec.com,false,""
2022-01-19T22:00:00.000000,Canada,Québec,CA-QC,3.59,30.39,99.1,97.32,hydroquebec.com,false,""
2022-01-19T23:00:00.000000,Canada,Québec,CA-QC,2.52,29.16,99.32,97.92,hydroquebec.com,false,""
2022-01-20T00:00:00.000000,Canada,Québec,CA-QC,2.45,29.07,99.34,98.08,hydroquebec.com,false,""
2022-01-20T01:00:00.000000,Canada,Québec,CA-QC,2.62,29.23,99.29,97.81,hydroquebec.com,false,""
2022-01-20T02:00:00.000000,Canada,Québec,CA-QC,1.48,28.06,99.6,98.73,hydroquebec.com,false,""
2022-01-20T03:00:00.000000,Canada,Québec,CA-QC,0.81,27.34,99.78,99.09,hydroquebec.com,false,""
2022-01-20T04:00:00.000000,Canada,Québec,CA-QC,1.01,27.6,99.73,98.76,hydroquebec.com,false,""
2022-01-20T05:00:00.000000,Canada,Québec,CA-QC,1.29,27.94,99.65,98.43,hydroquebec.com,false,""
2022-01-20T06:00:00.000000,Canada,Québec,CA-QC,1.31,27.96,99.65,98.44,hydroquebec.com,false,""
2022-01-20T07:00:00.000000,Canada,Québec,CA-QC,1.39,28.1,99.62,98.46,hydroquebec.com,false,""
2022-01-20T08:00:00.000000,Canada,Québec,CA-QC,1.6,28.37,99.57,98.3,hydroquebec.com,false,""
2022-01-20T09:00:00.000000,Canada,Québec,CA-QC,1.64,28.29,99.56,98.22,hydroquebec.com,false,""
2022-01-20T10:00:00.000000,Canada,Québec,CA-QC,0.61,27.03,99.83,99.37,hydroquebec.com,false,""
2022-01-20T11:00:00.000000,Canada,Québec,CA-QC,1.28,27.63,99.65,98.73,hydroquebec.com,false,""
2022-01-20T12:00:00.000000,Canada,Québec,CA-QC,2.55,29.02,99.31,97.97,hydroquebec.com,false,""
2022-01-20T13:00:00.000000,Canada,Québec,CA-QC,2.61,29.12,99.3,98.17,hydroquebec.com,false,""
2022-01-20T14:00:00.000000,Canada,Québec,CA-QC,0.67,26.99,99.82,99.52,hydroquebec.com,false,""
2022-01-20T15:00:00.000000,Canada,Québec,CA-QC,0.69,27.08,99.81,99.48,hydroquebec.com,false,""
2022-01-20T16:00:00.000000,Canada,Québec,CA-QC,0.0,26.26,100.0,100.0,hydroquebec.com,false,""
2022-01-20T17:00:00.000000,Canada,Québec,CA-QC,0.0,26.25,100.0,100.0,hydroquebec.com,false,""
2022-01-20T18:00:00.000000,Canada,Québec,CA-QC,0.0,26.3,100.0,100.0,hydroquebec.com,false,""
2022-01-20T19:00:00.000000,Canada,Québec,CA-QC,0.0,26.34,100.0,100.0,hydroquebec.com,false,""
2022-01-20T20:00:00.000000,Canada,Québec,CA-QC,0.13,26.49,99.97,99.89,hydroquebec.com,false,""
2022-01-20T21:00:00.000000,Canada,Québec,CA-QC,2.09,28.7,99.44,98.31,hydroquebec.com,false,""
2022-01-20T22:00:00.000000,Canada,Québec,CA-QC,3.08,29.75,99.19,97.88,hydroquebec.com,false,""
2022-01-20T23:00:00.000000,Canada,Québec,CA-QC,4.29,31.13,98.9,97.51,hydroquebec.com,false,""
2022-01-21T00:00:00.000000,Canada,Québec,CA-QC,4.3,31.17,98.91,97.57,hydroquebec.com,false,""
2022-01-21T01:00:00.000000,Canada,Québec,CA-QC,4.65,31.56,98.82,97.27,hydroquebec.com,false,""
2022-01-21T02:00:00.000000,Canada,Québec,CA-QC,3.71,30.54,99.02,97.7,hydroquebec.com,false,""
2022-01-21T03:00:00.000000,Canada,Québec,CA-QC,3.9,30.87,98.95,97.53,hydroquebec.com,false,""
2022-01-21T04:00:00.000000,Canada,Québec,CA-QC,4.44,31.6,98.8,97.13,hydroquebec.com,false,""
2022-01-21T05:00:00.000000,Canada,Québec,CA-QC,9.81,37.97,97.65,95.31,hydroquebec.com,false,""
2022-01-21T06:00:00.000000,Canada,Québec,CA-QC,9.57,37.69,97.71,95.24,hydroquebec.com,false,""
2022-01-21T07:00:00.000000,Canada,Québec,CA-QC,9.31,37.33,97.76,95.21,hydroquebec.com,false,""
2022-01-21T08:00:00.000000,Canada,Québec,CA-QC,8.95,36.84,97.86,95.28,hydroquebec.com,false,""
2022-01-21T09:00:00.000000,Canada,Québec,CA-QC,8.64,36.46,97.94,95.38,hydroquebec.com,false,""
2022-01-21T10:00:00.000000,Canada,Québec,CA-QC,7.49,35.11,98.18,95.78,hydroquebec.com,false,""
2022-01-21T11:00:00.000000,Canada,Québec,CA-QC,7.46,35.09,98.17,95.89,hydroquebec.com,false,""
2022-01-21T12:00:00.000000,Canada,Québec,CA-QC,8.82,36.66,97.91,95.78,hydroquebec.com,false,""
2022-01-21T13:00:00.000000,Canada,Québec,CA-QC,4.78,31.96,98.75,97.04,hydroquebec.com,false,""
2022-01-21T14:00:00.000000,Canada,Québec,CA-QC,6.95,34.62,98.29,96.41,hydroquebec.com,false,""
2022-01-21T15:00:00.000000,Canada,Québec,CA-QC,8.96,37.15,97.84,95.68,hydroquebec.com,false,""
2022-01-21T16:00:00.000000,Canada,Québec,CA-QC,9.2,37.56,97.78,95.5,hydroquebec.com,false,""
2022-01-21T17:00:00.000000,Canada,Québec,CA-QC,4.11,31.62,98.89,97.16,hydroquebec.com,false,""
2022-01-21T18:00:00.000000,Canada,Québec,CA-QC,3.55,30.99,99.04,97.63,hydroquebec.com,false,""
2022-01-21T19:00:00.000000,Canada,Québec,CA-QC,2.38,29.61,99.36,98.38,hydroquebec.com,false,""
2022-01-21T20:00:00.000000,Canada,Québec,CA-QC,4.53,32.13,98.78,96.8,hydroquebec.com,false,""
2022-01-21T21:00:00.000000,Canada,Québec,CA-QC,4.74,32.29,98.75,96.79,hydroquebec.com,false,""
2022-01-21T22:00:00.000000,Canada,Québec,CA-QC,6.13,33.73,98.49,96.62,hydroquebec.com,false,""
2022-01-21T23:00:00.000000,Canada,Québec,CA-QC,7.23,34.97,98.23,96.37,hydroquebec.com,false,""
2022-01-22T00:00:00.000000,Canada,Québec,CA-QC,6.14,33.71,98.45,96.64,hydroquebec.com,false,""
2022-01-22T01:00:00.000000,Canada,Québec,CA-QC,6.91,34.63,98.27,96.36,hydroquebec.com,false,""
2022-01-22T02:00:00.000000,Canada,Québec,CA-QC,4.54,31.82,98.78,96.99,hydroquebec.com,false,""
2022-01-22T03:00:00.000000,Canada,Québec,CA-QC,4.49,31.73,98.79,96.91,hydroquebec.com,false,""
2022-01-22T04:00:00.000000,Canada,Québec,CA-QC,4.26,31.47,98.85,96.9,hydroquebec.com,false,""
2022-01-22T05:00:00.000000,Canada,Québec,CA-QC,4.76,32.07,98.77,96.62,hydroquebec.com,false,""
2022-01-22T06:00:00.000000,Canada,Québec,CA-QC,3.24,30.22,99.12,96.93,hydroquebec.com,false,""
2022-01-22T07:00:00.000000,Canada,Québec,CA-QC,3.65,30.66,99.06,96.81,hydroquebec.com,false,""
2022-01-22T08:00:00.000000,Canada,Québec,CA-QC,3.72,30.73,99.05,96.7,hydroquebec.com,false,""
2022-01-22T09:00:00.000000,Canada,Québec,CA-QC,4.2,31.32,98.94,96.52,hydroquebec.com,false,""
2022-01-22T10:00:00.000000,Canada,Québec,CA-QC,6.42,34.01,98.43,95.87,hydroquebec.com,false,""
2022-01-22T11:00:00.000000,Canada,Québec,CA-QC,5.68,33.14,98.62,96.26,hydroquebec.com,false,""
2022-01-22T12:00:00.000000,Canada,Québec,CA-QC,5.14,32.47,98.75,96.7,hydroquebec.com,false,""
2022-01-22T13:00:00.000000,Canada,Québec,CA-QC,5.68,33.05,98.65,96.57,hydroquebec.com,false,""
2022-01-22T14:00:00.000000,Canada,Québec,CA-QC,4.96,32.24,98.8,96.71,hydroquebec.com,false,""
2022-01-22T15:00:00.000000,Canada,Québec,CA-QC,3.57,30.65,99.11,97.21,hydroquebec.com,false,""
2022-01-22T16:00:00.000000,Canada,Québec,CA-QC,5.14,32.55,98.78,96.7,hydroquebec.com,false,""
2022-01-22T17:00:00.000000,Canada,Québec,CA-QC,1.9,28.72,99.49,97.65,hydroquebec.com,false,""
2022-01-22T18:00:00.000000,Canada,Québec,CA-QC,1.62,28.43,99.56,97.95,hydroquebec.com,false,""
2022-01-22T19:00:00.000000,Canada,Québec,CA-QC,1.37,28.11,99.63,98.19,hydroquebec.com,false,""
2022-01-22T20:00:00.000000,Canada,Québec,CA-QC,1.81,28.54,99.51,97.86,hydroquebec.com,false,""
2022-01-22T21:00:00.000000,Canada,Québec,CA-QC,3.75,30.77,99.07,97.23,hydroquebec.com,false,""
2022-01-22T22:00:00.000000,Canada,Québec,CA-QC,4.63,31.66,98.89,97.13,hydroquebec.com,false,""
2022-01-22T23:00:00.000000,Canada,Québec,CA-QC,3.91,30.63,99.06,97.42,hydroquebec.com,false,""
2022-01-23T00:00:00.000000,Canada,Québec,CA-QC,2.77,29.14,99.31,97.64,hydroquebec.com,false,""
2022-01-23T01:00:00.000000,Canada,Québec,CA-QC,1.68,27.8,99.55,97.9,hydroquebec.com,false,""
2022-01-23T02:00:00.000000,Canada,Québec,CA-QC,1.43,27.53,99.61,98.12,hydroquebec.com,false,""
2022-01-23T03:00:00.000000,Canada,Québec,CA-QC,1.68,27.82,99.55,97.67,hydroquebec.com,false,""
2022-01-23T04:00:00.000000,Canada,Québec,CA-QC,1.38,27.6,99.63,98.06,hydroquebec.com,false,""
2022-01-23T05:00:00.000000,Canada,Québec,CA-QC,0.88,27.05,99.76,98.52,hydroquebec.com,false,""
2022-01-23T06:00:00.000000,Canada,Québec,CA-QC,0.7,26.79,99.81,98.5,hydroquebec.com,false,""
2022-01-23T07:00:00.000000,Canada,Québec,CA-QC,1.04,27.01,99.72,97.47,hydroquebec.com,false,""
2022-01-23T08:00:00.000000,Canada,Québec,CA-QC,0.92,26.84,99.76,97.52,hydroquebec.com,false,""
2022-01-23T09:00:00.000000,Canada,Québec,CA-QC,0.79,26.75,99.79,98.03,hydroquebec.com,false,""
2022-01-23T10:00:00.000000,Canada,Québec,CA-QC,0.82,26.86,99.78,98.47,hydroquebec.com,false,""
2022-01-23T11:00:00.000000,Canada,Québec,CA-QC,0.67,26.64,99.82,98.54,hydroquebec.com,false,""
2022-01-23T12:00:00.000000,Canada,Québec,CA-QC,0.46,26.47,99.87,99.09,hydroquebec.com,false,""
2022-01-23T13:00:00.000000,Canada,Québec,CA-QC,0.69,26.68,99.81,98.73,hydroquebec.com,false,""
2022-01-23T14:00:00.000000,Canada,Québec,CA-QC,0.68,26.77,99.82,98.97,hydroquebec.com,false,""
2022-01-23T15:00:00.000000,Canada,Québec,CA-QC,0.44,26.69,99.88,99.47,hydroquebec.com,false,""
2022-01-23T16:00:00.000000,Canada,Québec,CA-QC,0.67,27.05,99.82,99.25,hydroquebec.com,false,""
2022-01-23T17:00:00.000000,Canada,Québec,CA-QC,0.47,26.91,99.87,99.47,hydroquebec.com,false,""
2022-01-23T18:00:00.000000,Canada,Québec,CA-QC,0.24,26.72,99.93,99.73,hydroquebec.com,false,""
2022-01-23T19:00:00.000000,Canada,Québec,CA-QC,0.64,27.24,99.83,99.29,hydroquebec.com,false,""
2022-01-23T20:00:00.000000,Canada,Québec,CA-QC,0.85,27.5,99.77,99.05,hydroquebec.com,false,""
2022-01-23T21:00:00.000000,Canada,Québec,CA-QC,1.16,27.73,99.69,98.7,hydroquebec.com,false,""
2022-01-23T22:00:00.000000,Canada,Québec,CA-QC,0.81,27.22,99.78,99.21,hydroquebec.com,false,""
2022-01-23T23:00:00.000000,Canada,Québec,CA-QC,0.85,27.19,99.77,99.33,hydroquebec.com,false,""
2022-01-24T00:00:00.000000,Canada,Québec,CA-QC,1.18,27.6,99.68,99.1,hydroquebec.com,false,""
2022-01-24T01:00:00.000000,Canada,Québec,CA-QC,1.52,28.06,99.59,98.81,hydroquebec.com,false,""
2022-01-24T02:00:00.000000,Canada,Québec,CA-QC,0.63,27.1,99.83,99.49,hydroquebec.com,false,""
2022-01-24T03:00:00.000000,Canada,Québec,CA-QC,1.57,28.27,99.57,98.66,hydroquebec.com,false,""
2022-01-24T04:00:00.000000,Canada,Québec,CA-QC,2.52,29.44,99.32,97.76,hydroquebec.com,false,""
2022-01-24T05:00:00.000000,Canada,Québec,CA-QC,3.22,30.29,99.13,96.89,hydroquebec.com,false,""
2022-01-24T06:00:00.000000,Canada,Québec,CA-QC,2.93,29.95,99.21,96.87,hydroquebec.com,false,""
2022-01-24T07:00:00.000000,Canada,Québec,CA-QC,2.75,29.72,99.26,96.98,hydroquebec.com,false,""
2022-01-24T08:00:00.000000,Canada,Québec,CA-QC,2.47,29.37,99.33,97.19,hydroquebec.com,false,""
2022-01-24T09:00:00.000000,Canada,Québec,CA-QC,2.51,29.36,99.32,97.08,hydroquebec.com,false,""
2022-01-24T10:00:00.000000,Canada,Québec,CA-QC,5.9,33.39,98.59,96.2,hydroquebec.com,false,""
2022-01-24T11:00:00.000000,Canada,Québec,CA-QC,7.88,35.81,98.15,95.74,hydroquebec.com,false,""
2022-01-24T12:00:00.000000,Canada,Québec,CA-QC,6.98,34.71,98.35,96.24,hydroquebec.com,false,""
2022-01-24T13:00:00.000000,Canada,Québec,CA-QC,7.9,35.8,98.16,96.15,hydroquebec.com,false,""
2022-01-24T14:00:00.000000,Canada,Québec,CA-QC,7.58,35.5,98.21,96.2,hydroquebec.com,false,""
2022-01-24T15:00:00.000000,Canada,Québec,CA-QC,8.53,36.73,97.99,95.91,hydroquebec.com,false,""
2022-01-24T16:00:00.000000,Canada,Québec,CA-QC,4.61,32.18,98.85,97.16,hydroquebec.com,false,""
2022-01-24T17:00:00.000000,Canada,Québec,CA-QC,2.42,29.61,99.35,97.98,hydroquebec.com,false,""
2022-01-24T18:00:00.000000,Canada,Québec,CA-QC,2.09,29.23,99.43,98.18,hydroquebec.com,false,""
2022-01-24T19:00:00.000000,Canada,Québec,CA-QC,2.91,30.15,99.21,97.45,hydroquebec.com,false,""
2022-01-24T20:00:00.000000,Canada,Québec,CA-QC,3.06,30.39,99.17,97.49,hydroquebec.com,false,""
2022-01-24T21:00:00.000000,Canada,Québec,CA-QC,3.41,30.83,99.09,97.39,hydroquebec.com,false,""
2022-01-24T22:00:00.000000,Canada,Québec,CA-QC,6.89,34.86,98.34,96.52,hydroquebec.com,false,""
2022-01-24T23:00:00.000000,Canada,Québec,CA-QC,8.58,36.82,97.99,96.21,hydroquebec.com,false,""
2022-01-25T00:00:00.000000,Canada,Québec,CA-QC,5.4,33.04,98.66,96.93,hydroquebec.com,false,""
2022-01-25T01:00:00.000000,Canada,Québec,CA-QC,5.3,32.91,98.67,96.85,hydroquebec.com,false,""
2022-01-25T02:00:00.000000,Canada,Québec,CA-QC,3.72,31.07,98.99,97.2,hydroquebec.com,false,""
2022-01-25T03:00:00.000000,Canada,Québec,CA-QC,2.93,30.13,99.21,97.71,hydroquebec.com,false,""
2022-01-25T04:00:00.000000,Canada,Québec,CA-QC,2.55,29.62,99.31,97.68,hydroquebec.com,false,""
2022-01-25T05:00:00.000000,Canada,Québec,CA-QC,2.1,29.05,99.43,97.67,hydroquebec.com,false,""
2022-01-25T06:00:00.000000,Canada,Québec,CA-QC,1.79,28.55,99.52,97.33,hydroquebec.com,false,""
2022-01-25T07:00:00.000000,Canada,Québec,CA-QC,1.95,28.73,99.47,96.91,hydroquebec.com,false,""
2022-01-25T08:00:00.000000,Canada,Québec,CA-QC,2.0,28.82,99.46,96.85,hydroquebec.com,false,""
2022-01-25T09:00:00.000000,Canada,Québec,CA-QC,2.03,28.88,99.45,96.94,hydroquebec.com,false,""
2022-01-25T10:00:00.000000,Canada,Québec,CA-QC,1.92,28.78,99.48,97.23,hydroquebec.com,false,""
2022-01-25T11:00:00.000000,Canada,Québec,CA-QC,2.32,29.25,99.4,97.25,hydroquebec.com,false,""
2022-01-25T12:00:00.000000,Canada,Québec,CA-QC,2.81,29.71,99.29,97.31,hydroquebec.com,false,""
2022-01-25T13:00:00.000000,Canada,Québec,CA-QC,2.29,29.04,99.38,97.65,hydroquebec.com,false,""
2022-01-25T14:00:00.000000,Canada,Québec,CA-QC,1.69,28.43,99.54,98.55,hydroquebec.com,false,""
2022-01-25T15:00:00.000000,Canada,Québec,CA-QC,1.49,28.24,99.6,98.65,hydroquebec.com,false,""
2022-01-25T16:00:00.000000,Canada,Québec,CA-QC,2.09,29.01,99.43,98.16,hydroquebec.com,false,""
2022-01-25T17:00:00.000000,Canada,Québec,CA-QC,1.62,28.61,99.56,98.64,hydroquebec.com,false,""
2022-01-25T18:00:00.000000,Canada,Québec,CA-QC,2.37,29.57,99.36,97.99,hydroquebec.com,false,""
2022-01-25T19:00:00.000000,Canada,Québec,CA-QC,1.27,28.37,99.66,98.84,hydroquebec.com,false,""
2022-01-25T20:00:00.000000,Canada,Québec,CA-QC,1.99,29.19,99.46,98.18,hydroquebec.com,false,""
2022-01-25T21:00:00.000000,Canada,Québec,CA-QC,2.79,30.01,99.25,97.49,hydroquebec.com,false,""
2022-01-25T22:00:00.000000,Canada,Québec,CA-QC,2.78,29.89,99.25,97.68,hydroquebec.com,false,""
2022-01-25T23:00:00.000000,Canada,Québec,CA-QC,3.05,30.17,99.18,97.7,hydroquebec.com,false,""
2022-01-26T00:00:00.000000,Canada,Québec,CA-QC,2.32,29.3,99.37,98.29,hydroquebec.com,false,""
2022-01-26T01:00:00.000000,Canada,Québec,CA-QC,2.91,29.92,99.21,97.77,hydroquebec.com,false,""
2022-01-26T02:00:00.000000,Canada,Québec,CA-QC,2.3,29.18,99.38,98.2,hydroquebec.com,false,""
2022-01-26T03:00:00.000000,Canada,Québec,CA-QC,1.12,27.83,99.7,99.1,hydroquebec.com,false,""
2022-01-26T04:00:00.000000,Canada,Québec,CA-QC,1.87,28.63,99.5,98.18,hydroquebec.com,false,""
2022-01-26T05:00:00.000000,Canada,Québec,CA-QC,2.69,29.52,99.28,97.22,hydroquebec.com,false,""
2022-01-26T06:00:00.000000,Canada,Québec,CA-QC,2.9,29.72,99.22,96.78,hydroquebec.com,false,""
2022-01-26T07:00:00.000000,Canada,Québec,CA-QC,3.1,29.99,99.17,96.75,hydroquebec.com,false,""
2022-01-26T08:00:00.000000,Canada,Québec,CA-QC,2.99,29.82,99.2,96.67,hydroquebec.com,false,""
2022-01-26T09:00:00.000000,Canada,Québec,CA-QC,2.85,29.63,99.23,96.82,hydroquebec.com,false,""
2022-01-26T10:00:00.000000,Canada,Québec,CA-QC,2.67,29.36,99.28,97.05,hydroquebec.com,false,""
2022-01-26T11:00:00.000000,Canada,Québec,CA-QC,2.49,29.11,99.33,97.29,hydroquebec.com,false,""
2022-01-26T12:00:00.000000,Canada,Québec,CA-QC,4.47,31.46,98.88,96.98,hydroquebec.com,false,""
2022-01-26T13:00:00.000000,Canada,Québec,CA-QC,2.84,29.52,99.23,97.56,hydroquebec.com,false,""
2022-01-26T14:00:00.000000,Canada,Québec,CA-QC,3.12,29.96,99.16,97.52,hydroquebec.com,false,""
2022-01-26T15:00:00.000000,Canada,Québec,CA-QC,3.33,30.32,99.1,97.35,hydroquebec.com,false,""
2022-01-26T16:00:00.000000,Canada,Québec,CA-QC,3.43,30.52,99.07,97.29,hydroquebec.com,false,""
2022-01-26T17:00:00.000000,Canada,Québec,CA-QC,2.27,29.2,99.39,98.2,hydroquebec.com,false,""
2022-01-26T18:00:00.000000,Canada,Québec,CA-QC,0.68,27.37,99.81,99.44,hydroquebec.com,false,""
2022-01-26T19:00:00.000000,Canada,Québec,CA-QC,1.24,27.99,99.66,98.86,hydroquebec.com,false,""
2022-01-26T20:00:00.000000,Canada,Québec,CA-QC,2.82,29.8,99.24,97.43,hydroquebec.com,false,""
2022-01-26T21:00:00.000000,Canada,Québec,CA-QC,3.32,30.35,99.1,97.13,hydroquebec.com,false,""
2022-01-26T22:00:00.000000,Canada,Québec,CA-QC,3.49,30.39,99.11,97.25,hydroquebec.com,false,""
2022-01-26T23:00:00.000000,Canada,Québec,CA-QC,2.69,29.4,99.28,97.67,hydroquebec.com,false,""
2022-01-27T00:00:00.000000,Canada,Québec,CA-QC,2.59,29.29,99.3,97.68,hydroquebec.com,false,""
2022-01-27T01:00:00.000000,Canada,Québec,CA-QC,3.01,29.8,99.23,97.66,hydroquebec.com,false,""
2022-01-27T02:00:00.000000,Canada,Québec,CA-QC,6.78,34.23,98.42,96.24,hydroquebec.com,false,""
2022-01-27T03:00:00.000000,Canada,Québec,CA-QC,2.76,29.57,99.27,97.33,hydroquebec.com,false,""
2022-01-27T04:00:00.000000,Canada,Québec,CA-QC,3.63,30.54,99.11,96.86,hydroquebec.com,false,""
2022-01-27T05:00:00.000000,Canada,Québec,CA-QC,4.41,31.36,98.98,96.46,hydroquebec.com,false,""
2022-01-27T06:00:00.000000,Canada,Québec,CA-QC,3.48,30.13,99.23,96.64,hydroquebec.com,false,""
2022-01-27T07:00:00.000000,Canada,Québec,CA-QC,3.25,29.8,99.28,96.65,hydroquebec.com,false,""
2022-01-27T08:00:00.000000,Canada,Québec,CA-QC,3.11,29.59,99.32,96.69,hydroquebec.com,false,""
2022-01-27T09:00:00.000000,Canada,Québec,CA-QC,1.18,27.27,99.71,97.26,hydroquebec.com,false,""
2022-01-27T10:00:00.000000,Canada,Québec,CA-QC,2.25,28.51,99.47,97.11,hydroquebec.com,false,""
2022-01-27T11:00:00.000000,Canada,Québec,CA-QC,4.52,31.18,98.95,96.46,hydroquebec.com,false,""
2022-01-27T12:00:00.000000,Canada,Québec,CA-QC,4.7,31.36,98.9,96.62,hydroquebec.com,false,""
2022-01-27T13:00:00.000000,Canada,Québec,CA-QC,1.45,27.42,99.61,97.75,hydroquebec.com,false,""
2022-01-27T14:00:00.000000,Canada,Québec,CA-QC,1.31,27.24,99.64,97.83,hydroquebec.com,false,""
2022-01-27T15:00:00.000000,Canada,Québec,CA-QC,1.14,27.17,99.69,98.1,hydroquebec.com,false,""
2022-01-27T16:00:00.000000,Canada,Québec,CA-QC,1.23,27.27,99.67,97.94,hydroquebec.com,false,""
2022-01-27T17:00:00.000000,Canada,Québec,CA-QC,0.49,26.52,99.87,99.19,hydroquebec.com,false,""
2022-01-27T18:00:00.000000,Canada,Québec,CA-QC,0.49,26.44,99.87,99.08,hydroquebec.com,false,""
2022-01-27T19:00:00.000000,Canada,Québec,CA-QC,0.6,26.53,99.84,98.94,hydroquebec.com,false,""
2022-01-27T20:00:00.000000,Canada,Québec,CA-QC,1.19,27.02,99.68,98.13,hydroquebec.com,false,""
2022-01-27T21:00:00.000000,Canada,Québec,CA-QC,1.31,27.09,99.64,98.11,hydroquebec.com,false,""
2022-01-27T22:00:00.000000,Canada,Québec,CA-QC,1.58,27.39,99.57,97.99,hydroquebec.com,false,""
2022-01-27T23:00:00.000000,Canada,Québec,CA-QC,1.72,27.68,99.53,98.1,hydroquebec.com,false,""
2022-01-28T00:00:00.000000,Canada,Québec,CA-QC,1.71,27.76,99.54,98.28,hydroquebec.com,false,""
2022-01-28T01:00:00.000000,Canada,Québec,CA-QC,0.74,26.69,99.8,99.17,hydroquebec.com,false,""
2022-01-28T02:00:00.000000,Canada,Québec,CA-QC,0.0,25.91,100.0,100.0,hydroquebec.com,false,""
2022-01-28T03:00:00.000000,Canada,Québec,CA-QC,0.03,25.94,99.99,99.95,hydroquebec.com,false,""
2022-01-28T04:00:00.000000,Canada,Québec,CA-QC,0.22,26.18,99.94,99.56,hydroquebec.com,false,""
2022-01-28T05:00:00.000000,Canada,Québec,CA-QC,0.58,26.57,99.85,98.59,hydroquebec.com,false,""
2022-01-28T06:00:00.000000,Canada,Québec,CA-QC,0.57,26.6,99.87,98.43,hydroquebec.com,false,""
2022-01-28T07:00:00.000000,Canada,Québec,CA-QC,0.27,26.49,99.93,99.07,hydroquebec.com,false,""
2022-01-28T08:00:00.000000,Canada,Québec,CA-QC,0.27,26.56,99.93,98.98,hydroquebec.com,false,""
2022-01-28T09:00:00.000000,Canada,Québec,CA-QC,0.79,27.02,99.79,97.66,hydroquebec.com,false,""
2022-01-28T10:00:00.000000,Canada,Québec,CA-QC,0.84,27.26,99.78,98.23,hydroquebec.com,false,""
2022-01-28T11:00:00.000000,Canada,Québec,CA-QC,0.35,26.82,99.9,99.31,hydroquebec.com,false,""
2022-01-28T12:00:00.000000,Canada,Québec,CA-QC,0.25,26.65,99.93,99.58,hydroquebec.com,false,""
2022-01-28T13:00:00.000000,Canada,Québec,CA-QC,0.53,26.91,99.86,99.21,hydroquebec.com,false,""
2022-01-28T14:00:00.000000,Canada,Québec,CA-QC,0.11,26.58,99.97,99.87,hydroquebec.com,false,""
2022-01-28T15:00:00.000000,Canada,Québec,CA-QC,0.53,27.12,99.86,99.34,hydroquebec.com,false,""
2022-01-28T16:00:00.000000,Canada,Québec,CA-QC,0.0,26.65,100.0,100.0,hydroquebec.com,false,""
2022-01-28T17:00:00.000000,Canada,Québec,CA-QC,0.0,26.65,100.0,100.0,hydroquebec.com,false,""
2022-01-28T18:00:00.000000,Canada,Québec,CA-QC,0.06,26.72,99.98,99.92,hydroquebec.com,false,""
2022-01-28T19:00:00.000000,Canada,Québec,CA-QC,0.4,27.14,99.89,99.51,hydroquebec.com,false,""
2022-01-28T20:00:00.000000,Canada,Québec,CA-QC,1.15,27.97,99.69,98.65,hydroquebec.com,false,""
2022-01-28T21:00:00.000000,Canada,Québec,CA-QC,1.82,28.63,99.51,98.02,hydroquebec.com,false,""
2022-01-28T22:00:00.000000,Canada,Québec,CA-QC,2.18,28.88,99.41,97.81,hydroquebec.com,false,""
2022-01-28T23:00:00.000000,Canada,Québec,CA-QC,2.91,29.72,99.21,97.64,hydroquebec.com,false,""
2022-01-29T00:00:00.000000,Canada,Québec,CA-QC,3.05,29.91,99.18,97.65,hydroquebec.com,false,""
2022-01-29T01:00:00.000000,Canada,Québec,CA-QC,2.85,29.66,99.23,97.7,hydroquebec.com,false,""
2022-01-29T02:00:00.000000,Canada,Québec,CA-QC,2.82,29.66,99.24,97.76,hydroquebec.com,false,""
2022-01-29T03:00:00.000000,Canada,Québec,CA-QC,3.18,30.11,99.14,97.42,hydroquebec.com,false,""
2022-01-29T04:00:00.000000,Canada,Québec,CA-QC,3.1,30.05,99.16,97.34,hydroquebec.com,false,""
2022-01-29T05:00:00.000000,Canada,Québec,CA-QC,2.86,29.79,99.23,97.29,hydroquebec.com,false,""
2022-01-29T06:00:00.000000,Canada,Québec,CA-QC,2.5,29.35,99.33,97.3,hydroquebec.com,false,""
2022-01-29T07:00:00.000000,Canada,Québec,CA-QC,2.26,28.99,99.39,97.35,hydroquebec.com,false,""
2022-01-29T08:00:00.000000,Canada,Québec,CA-QC,2.09,28.65,99.44,97.43,hydroquebec.com,false,""
2022-01-29T09:00:00.000000,Canada,Québec,CA-QC,2.15,28.61,99.42,97.38,hydroquebec.com,false,""
2022-01-29T10:00:00.000000,Canada,Québec,CA-QC,2.15,28.65,99.42,97.41,hydroquebec.com,false,""
2022-01-29T11:00:00.000000,Canada,Québec,CA-QC,2.27,28.76,99.39,97.38,hydroquebec.com,false,""
2022-01-29T12:00:00.000000,Canada,Québec,CA-QC,2.52,28.95,99.32,97.44,hydroquebec.com,false,""
2022-01-29T13:00:00.000000,Canada,Québec,CA-QC,2.67,29.07,99.28,97.54,hydroquebec.com,false,""
2022-01-29T14:00:00.000000,Canada,Québec,CA-QC,2.89,29.39,99.22,97.54,hydroquebec.com,false,""
2022-01-29T15:00:00.000000,Canada,Québec,CA-QC,3.02,29.62,99.18,97.51,hydroquebec.com,false,""
2022-01-29T16:00:00.000000,Canada,Québec,CA-QC,2.86,29.46,99.23,97.64,hydroquebec.com,false,""
2022-01-29T17:00:00.000000,Canada,Québec,CA-QC,3.01,29.52,99.19,97.48,hydroquebec.com,false,""
2022-01-29T18:00:00.000000,Canada,Québec,CA-QC,2.83,29.14,99.24,97.63,hydroquebec.com,false,""
2022-01-29T19:00:00.000000,Canada,Québec,CA-QC,3.09,29.33,99.17,97.39,hydroquebec.com,false,""
2022-01-29T20:00:00.000000,Canada,Québec,CA-QC,2.95,29.2,99.2,97.46,hydroquebec.com,false,""
2022-01-29T21:00:00.000000,Canada,Québec,CA-QC,3.1,29.44,99.16,97.38,hydroquebec.com,false,""
2022-01-29T22:00:00.000000,Canada,Québec,CA-QC,2.79,28.94,99.25,97.47,hydroquebec.com,false,""
2022-01-29T23:00:00.000000,Canada,Québec,CA-QC,3.09,29.32,99.17,97.5,hydroquebec.com,false,""
2022-01-30T00:00:00.000000,Canada,Québec,CA-QC,3.19,29.54,99.14,97.51,hydroquebec.com,false,""
2022-01-30T01:00:00.000000,Canada,Québec,CA-QC,2.91,29.23,99.21,97.6,hydroquebec.com,false,""
2022-01-30T02:00:00.000000,Canada,Québec,CA-QC,1.83,27.99,99.51,98.31,hydroquebec.com,false,""
2022-01-30T03:00:00.000000,Canada,Québec,CA-QC,1.59,27.69,99.57,98.35,hydroquebec.com,false,""
2022-01-30T04:00:00.000000,Canada,Québec,CA-QC,1.98,28.14,99.47,97.68,hydroquebec.com,false,""
2022-01-30T05:00:00.000000,Canada,Québec,CA-QC,2.57,28.84,99.31,96.94,hydroquebec.com,false,""
2022-01-30T06:00:00.000000,Canada,Québec,CA-QC,2.55,28.84,99.31,96.9,hydroquebec.com,false,""
2022-01-30T07:00:00.000000,Canada,Québec,CA-QC,2.98,29.36,99.2,96.61,hydroquebec.com,false,""
2022-01-30T08:00:00.000000,Canada,Québec,CA-QC,2.88,29.22,99.22,96.61,hydroquebec.com,false,""
2022-01-30T09:00:00.000000,Canada,Québec,CA-QC,2.88,29.21,99.23,96.68,hydroquebec.com,false,""
2022-01-30T10:00:00.000000,Canada,Québec,CA-QC,1.98,28.16,99.47,97.81,hydroquebec.com,false,""
2022-01-30T11:00:00.000000,Canada,Québec,CA-QC,1.67,27.72,99.55,98.11,hydroquebec.com,false,""
2022-01-30T12:00:00.000000,Canada,Québec,CA-QC,1.81,27.87,99.51,98.1,hydroquebec.com,false,""
2022-01-30T13:00:00.000000,Canada,Québec,CA-QC,1.68,27.71,99.55,98.11,hydroquebec.com,false,""
2022-01-30T14:00:00.000000,Canada,Québec,CA-QC,1.07,27.06,99.71,98.78,hydroquebec.com,false,""
2022-01-30T15:00:00.000000,Canada,Québec,CA-QC,1.0,27.0,99.73,98.87,hydroquebec.com,false,""
2022-01-30T16:00:00.000000,Canada,Québec,CA-QC,0.97,26.98,99.74,98.88,hydroquebec.com,false,""
2022-01-30T17:00:00.000000,Canada,Québec,CA-QC,1.14,27.21,99.69,98.74,hydroquebec.com,false,""
2022-01-30T18:00:00.000000,Canada,Québec,CA-QC,1.2,27.35,99.68,98.68,hydroquebec.com,false,""
2022-01-30T19:00:00.000000,Canada,Québec,CA-QC,1.27,27.46,99.66,98.58,hydroquebec.com,false,""
2022-01-30T20:00:00.000000,Canada,Québec,CA-QC,1.39,27.64,99.62,98.56,hydroquebec.com,false,""
2022-01-30T21:00:00.000000,Canada,Québec,CA-QC,2.23,28.57,99.4,97.83,hydroquebec.com,false,""
2022-01-30T22:00:00.000000,Canada,Québec,CA-QC,2.16,28.41,99.42,98.05,hydroquebec.com,false,""
2022-01-30T23:00:00.000000,Canada,Québec,CA-QC,2.09,28.27,99.44,98.21,hydroquebec.com,false,""
2022-01-31T00:00:00.000000,Canada,Québec,CA-QC,0.95,26.96,99.74,99.15,hydroquebec.com,false,""
2022-01-31T01:00:00.000000,Canada,Québec,CA-QC,0.78,26.77,99.79,99.22,hydroquebec.com,false,""
2022-01-31T02:00:00.000000,Canada,Québec,CA-QC,0.74,26.69,99.8,99.16,hydroquebec.com,false,""
2022-01-31T03:00:00.000000,Canada,Québec,CA-QC,0.84,26.92,99.77,99.02,hydroquebec.com,false,""
2022-01-31T04:00:00.000000,Canada,Québec,CA-QC,1.14,27.44,99.69,98.71,hydroquebec.com,false,""
2022-01-31T05:00:00.000000,Canada,Québec,CA-QC,1.34,27.73,99.64,98.42,hydroquebec.com,false,""
2022-01-31T06:00:00.000000,Canada,Québec,CA-QC,2.14,28.66,99.43,97.4,hydroquebec.com,false,""
2022-01-31T07:00:00.000000,Canada,Québec,CA-QC,2.42,29.01,99.35,96.98,hydroquebec.com,false,""
2022-01-31T08:00:00.000000,Canada,Québec,CA-QC,2.39,28.92,99.36,97.04,hydroquebec.com,false,""
2022-01-31T09:00:00.000000,Canada,Québec,CA-QC,2.03,28.46,99.46,97.5,hydroquebec.com,false,""
2022-01-31T10:00:00.000000,Canada,Québec,CA-QC,1.75,28.1,99.55,98.02,hydroquebec.com,false,""
2022-01-31T11:00:00.000000,Canada,Québec,CA-QC,2.18,28.51,99.42,97.49,hydroquebec.com,false,""
2022-01-31T12:00:00.000000,Canada,Québec,CA-QC,2.68,29.19,99.28,97.48,hydroquebec.com,false,""
2022-01-31T13:00:00.000000,Canada,Québec,CA-QC,2.93,29.61,99.21,97.61,hydroquebec.com,false,""
2022-01-31T14:00:00.000000,Canada,Québec,CA-QC,3.29,30.18,99.11,97.42,hydroquebec.com,false,""
2022-01-31T15:00:00.000000,Canada,Québec,CA-QC,3.46,30.47,99.07,97.31,hydroquebec.com,false,""
2022-01-31T16:00:00.000000,Canada,Québec,CA-QC,3.27,30.28,99.12,97.39,hydroquebec.com,false,""
2022-01-31T17:00:00.000000,Canada,Québec,CA-QC,0.85,27.49,99.77,99.28,hydroquebec.com,false,""
2022-01-31T18:00:00.000000,Canada,Québec,CA-QC,0.41,26.99,99.89,99.57,hydroquebec.com,false,""
2022-01-31T19:00:00.000000,Canada,Québec,CA-QC,0.67,27.31,99.82,99.27,hydroquebec.com,false,""
2022-01-31T20:00:00.000000,Canada,Québec,CA-QC,0.16,26.76,99.96,99.82,hydroquebec.com,false,""
2022-01-31T21:00:00.000000,Canada,Québec,CA-QC,0.97,27.53,99.74,98.94,hydroquebec.com,false,""
2022-01-31T22:00:00.000000,Canada,Québec,CA-QC,1.64,28.1,99.56,98.4,hydroquebec.com,false,""
2022-01-31T23:00:00.000000,Canada,Québec,CA-QC,2.38,28.87,99.36,97.94,hydroquebec.com,false,""
2022-02-01T00:00:00.000000,Canada,Québec,CA-QC,3.02,29.58,99.19,97.44,hydroquebec.com,false,""
2022-02-01T01:00:00.000000,Canada,Québec,CA-QC,2.53,28.97,99.33,97.52,hydroquebec.com,false,""
2022-02-01T02:00:00.000000,Canada,Québec,CA-QC,2.05,28.5,99.46,97.88,hydroquebec.com,false,""
2022-02-01T03:00:00.000000,Canada,Québec,CA-QC,0.91,27.33,99.76,98.82,hydroquebec.com,false,""
2022-02-01T04:00:00.000000,Canada,Québec,CA-QC,1.05,27.48,99.73,98.18,hydroquebec.com,false,""
2022-02-01T05:00:00.000000,Canada,Québec,CA-QC,1.11,27.48,99.73,97.58,hydroquebec.com,false,""
2022-02-01T06:00:00.000000,Canada,Québec,CA-QC,0.82,27.1,99.82,97.6,hydroquebec.com,false,""
2022-02-01T07:00:00.000000,Canada,Québec,CA-QC,0.5,26.67,99.91,97.61,hydroquebec.com,false,""
2022-02-01T08:00:00.000000,Canada,Québec,CA-QC,0.27,26.39,99.95,97.72,hydroquebec.com,false,""
2022-02-01T09:00:00.000000,Canada,Québec,CA-QC,0.46,26.58,99.91,97.62,hydroquebec.com,false,""
2022-02-01T10:00:00.000000,Canada,Québec,CA-QC,0.79,26.93,99.84,97.59,hydroquebec.com,false,""
2022-02-01T11:00:00.000000,Canada,Québec,CA-QC,0.65,26.8,99.83,97.67,hydroquebec.com,false,""
2022-02-01T12:00:00.000000,Canada,Québec,CA-QC,1.05,27.37,99.74,98.12,hydroquebec.com,false,""
2022-02-01T13:00:00.000000,Canada,Québec,CA-QC,0.52,26.77,99.86,98.29,hydroquebec.com,false,""
2022-02-01T14:00:00.000000,Canada,Québec,CA-QC,0.56,26.88,99.85,98.14,hydroquebec.com,false,""
2022-02-01T15:00:00.000000,Canada,Québec,CA-QC,0.5,26.97,99.86,98.33,hydroquebec.com,false,""
2022-02-01T16:00:00.000000,Canada,Québec,CA-QC,0.55,27.07,99.85,98.19,hydroquebec.com,false,""
2022-02-01T17:00:00.000000,Canada,Québec,CA-QC,0.15,26.94,99.96,99.44,hydroquebec.com,false,""
2022-02-01T18:00:00.000000,Canada,Québec,CA-QC,0.14,26.9,99.96,99.03,hydroquebec.com,false,""
2022-02-01T19:00:00.000000,Canada,Québec,CA-QC,0.13,26.77,99.97,98.47,hydroquebec.com,false,""
2022-02-01T20:00:00.000000,Canada,Québec,CA-QC,0.08,26.93,99.98,99.56,hydroquebec.com,false,""
2022-02-01T21:00:00.000000,Canada,Québec,CA-QC,0.36,26.83,99.9,98.56,hydroquebec.com,false,""
2022-02-01T22:00:00.000000,Canada,Québec,CA-QC,0.34,26.52,99.91,98.79,hydroquebec.com,false,""
2022-02-01T23:00:00.000000,Canada,Québec,CA-QC,0.21,26.26,99.94,99.29,hydroquebec.com,false,""
2022-02-02T00:00:00.000000,Canada,Québec,CA-QC,0.15,26.13,99.96,99.51,hydroquebec.com,false,""
2022-02-02T01:00:00.000000,Canada,Québec,CA-QC,0.28,26.08,99.92,99.03,hydroquebec.com,false,""
2022-02-02T02:00:00.000000,Canada,Québec,CA-QC,0.4,26.14,99.89,98.53,hydroquebec.com,false,""
2022-02-02T03:00:00.000000,Canada,Québec,CA-QC,0.24,25.95,99.93,98.23,hydroquebec.com,false,""
2022-02-02T04:00:00.000000,Canada,Québec,CA-QC,0.16,26.0,99.96,98.39,hydroquebec.com,false,""
2022-02-02T05:00:00.000000,Canada,Québec,CA-QC,0.1,26.07,99.97,98.56,hydroquebec.com,false,""
2022-02-02T06:00:00.000000,Canada,Québec,CA-QC,0.09,25.98,99.98,98.07,hydroquebec.com,false,""
2022-02-02T07:00:00.000000,Canada,Québec,CA-QC,0.1,25.95,99.97,97.76,hydroquebec.com,false,""
2022-02-02T08:00:00.000000,Canada,Québec,CA-QC,0.13,26.0,99.96,97.73,hydroquebec.com,false,""
2022-02-02T09:00:00.000000,Canada,Québec,CA-QC,0.16,26.11,99.96,98.04,hydroquebec.com,false,""
2022-02-02T10:00:00.000000,Canada,Québec,CA-QC,0.06,26.32,99.98,99.55,hydroquebec.com,false,""
2022-02-02T11:00:00.000000,Canada,Québec,CA-QC,0.0,26.23,100.0,100.0,hydroquebec.com,false,""
2022-02-02T12:00:00.000000,Canada,Québec,CA-QC,0.0,26.08,100.0,100.0,hydroquebec.com,false,""
2022-02-02T13:00:00.000000,Canada,Québec,CA-QC,0.0,26.01,100.0,100.0,hydroquebec.com,false,""
2022-02-02T14:00:00.000000,Canada,Québec,CA-QC,0.0,26.06,100.0,100.0,hydroquebec.com,false,""
2022-02-02T15:00:00.000000,Canada,Québec,CA-QC,0.0,26.15,100.0,100.0,hydroquebec.com,false,""
2022-02-02T16:00:00.000000,Canada,Québec,CA-QC,0.0,26.26,100.0,100.0,hydroquebec.com,false,""
2022-02-02T17:00:00.000000,Canada,Québec,CA-QC,0.0,26.38,100.0,100.0,hydroquebec.com,false,""
2022-02-02T18:00:00.000000,Canada,Québec,CA-QC,0.0,26.41,100.0,100.0,hydroquebec.com,false,""
2022-02-02T19:00:00.000000,Canada,Québec,CA-QC,0.0,26.42,100.0,100.0,hydroquebec.com,false,""
2022-02-02T20:00:00.000000,Canada,Québec,CA-QC,0.0,26.41,100.0,100.0,hydroquebec.com,false,""
2022-02-02T21:00:00.000000,Canada,Québec,CA-QC,0.0,26.4,100.0,100.0,hydroquebec.com,false,""
2022-02-02T22:00:00.000000,Canada,Québec,CA-QC,0.0,26.35,100.0,100.0,hydroquebec.com,false,""
2022-02-02T23:00:00.000000,Canada,Québec,CA-QC,0.0,26.25,100.0,100.0,hydroquebec.com,false,""
2022-02-03T00:00:00.000000,Canada,Québec,CA-QC,0.0,26.25,100.0,100.0,hydroquebec.com,false,""
2022-02-03T01:00:00.000000,Canada,Québec,CA-QC,0.0,26.32,100.0,100.0,hydroquebec.com,false,""
2022-02-03T02:00:00.000000,Canada,Québec,CA-QC,0.0,26.32,100.0,100.0,hydroquebec.com,false,""
2022-02-03T03:00:00.000000,Canada,Québec,CA-QC,0.0,26.44,100.0,100.0,hydroquebec.com,false,""
2022-02-03T04:00:00.000000,Canada,Québec,CA-QC,0.07,26.57,99.98,99.42,hydroquebec.com,false,""
2022-02-03T05:00:00.000000,Canada,Québec,CA-QC,0.14,26.41,99.96,98.42,hydroquebec.com,false,""
2022-02-03T06:00:00.000000,Canada,Québec,CA-QC,0.1,26.33,99.97,97.93,hydroquebec.com,false,""
2022-02-03T07:00:00.000000,Canada,Québec,CA-QC,0.09,26.41,99.97,97.9,hydroquebec.com,false,""
2022-02-03T08:00:00.000000,Canada,Québec,CA-QC,0.09,26.53,99.98,97.99,hydroquebec.com,false,""
2022-02-03T09:00:00.000000,Canada,Québec,CA-QC,0.11,26.64,99.97,97.98,hydroquebec.com,false,""
2022-02-03T10:00:00.000000,Canada,Québec,CA-QC,0.06,26.92,99.99,99.41,hydroquebec.com,false,""
2022-02-03T11:00:00.000000,Canada,Québec,CA-QC,0.0,26.82,100.0,100.0,hydroquebec.com,false,""
2022-02-03T12:00:00.000000,Canada,Québec,CA-QC,0.0,26.65,100.0,100.0,hydroquebec.com,false,""
2022-02-03T13:00:00.000000,Canada,Québec,CA-QC,0.0,26.57,100.0,100.0,hydroquebec.com,false,""
2022-02-03T14:00:00.000000,Canada,Québec,CA-QC,0.0,26.53,100.0,100.0,hydroquebec.com,false,""
2022-02-03T15:00:00.000000,Canada,Québec,CA-QC,0.0,26.47,100.0,100.0,hydroquebec.com,false,""
2022-02-03T16:00:00.000000,Canada,Québec,CA-QC,0.0,26.48,100.0,100.0,hydroquebec.com,false,""
2022-02-03T17:00:00.000000,Canada,Québec,CA-QC,0.0,26.57,100.0,100.0,hydroquebec.com,false,""
2022-02-03T18:00:00.000000,Canada,Québec,CA-QC,0.0,26.57,100.0,100.0,hydroquebec.com,false,""
2022-02-03T19:00:00.000000,Canada,Québec,CA-QC,0.0,26.57,100.0,100.0,hydroquebec.com,false,""
2022-02-03T20:00:00.000000,Canada,Québec,CA-QC,0.0,26.59,100.0,100.0,hydroquebec.com,false,""
2022-02-03T21:00:00.000000,Canada,Québec,CA-QC,0.0,26.54,100.0,100.0,hydroquebec.com,false,""
2022-02-03T22:00:00.000000,Canada,Québec,CA-QC,0.0,26.41,100.0,100.0,hydroquebec.com,false,""
2022-02-03T23:00:00.000000,Canada,Québec,CA-QC,0.0,26.4,100.0,100.0,hydroquebec.com,false,""
2022-02-04T00:00:00.000000,Canada,Québec,CA-QC,0.0,26.49,100.0,100.0,hydroquebec.com,false,""
2022-02-04T01:00:00.000000,Canada,Québec,CA-QC,0.0,26.55,100.0,100.0,hydroquebec.com,false,""
2022-02-04T02:00:00.000000,Canada,Québec,CA-QC,0.0,26.63,100.0,100.0,hydroquebec.com,false,""
2022-02-04T03:00:00.000000,Canada,Québec,CA-QC,0.0,26.67,100.0,100.0,hydroquebec.com,false,""
2022-02-04T04:00:00.000000,Canada,Québec,CA-QC,0.0,26.76,100.0,100.0,hydroquebec.com,false,""
2022-02-04T05:00:00.000000,Canada,Québec,CA-QC,0.1,26.87,99.97,99.55,hydroquebec.com,false,""
2022-02-04T06:00:00.000000,Canada,Québec,CA-QC,0.4,26.85,99.89,97.9,hydroquebec.com,false,""
2022-02-04T07:00:00.000000,Canada,Québec,CA-QC,0.52,26.98,99.86,97.72,hydroquebec.com,false,""
2022-02-04T08:00:00.000000,Canada,Québec,CA-QC,0.78,27.28,99.79,97.61,hydroquebec.com,false,""
2022-02-04T09:00:00.000000,Canada,Québec,CA-QC,0.8,27.42,99.78,98.19,hydroquebec.com,false,""
2022-02-04T10:00:00.000000,Canada,Québec,CA-QC,0.29,26.93,99.92,99.46,hydroquebec.com,false,""
2022-02-04T11:00:00.000000,Canada,Québec,CA-QC,1.31,27.76,99.65,97.88,hydroquebec.com,false,""
2022-02-04T12:00:00.000000,Canada,Québec,CA-QC,1.61,28.09,99.57,98.1,hydroquebec.com,false,""
2022-02-04T13:00:00.000000,Canada,Québec,CA-QC,2.09,28.66,99.44,98.1,hydroquebec.com,false,""
2022-02-04T14:00:00.000000,Canada,Québec,CA-QC,2.49,29.19,99.33,97.93,hydroquebec.com,false,""
2022-02-04T15:00:00.000000,Canada,Québec,CA-QC,2.77,29.58,99.25,97.8,hydroquebec.com,false,""
2022-02-04T16:00:00.000000,Canada,Québec,CA-QC,2.83,29.73,99.24,97.77,hydroquebec.com,false,""
2022-02-04T17:00:00.000000,Canada,Québec,CA-QC,3.0,29.97,99.19,97.6,hydroquebec.com,false,""
2022-02-04T18:00:00.000000,Canada,Québec,CA-QC,2.41,29.3,99.35,98.1,hydroquebec.com,false,""
2022-02-04T19:00:00.000000,Canada,Québec,CA-QC,2.93,29.89,99.21,97.73,hydroquebec.com,false,""
2022-02-04T20:00:00.000000,Canada,Québec,CA-QC,2.79,29.73,99.25,97.8,hydroquebec.com,false,""
2022-02-04T21:00:00.000000,Canada,Québec,CA-QC,2.51,29.35,99.32,97.92,hydroquebec.com,false,""
2022-02-04T22:00:00.000000,Canada,Québec,CA-QC,2.82,29.64,99.24,97.63,hydroquebec.com,false,""
2022-02-04T23:00:00.000000,Canada,Québec,CA-QC,2.66,29.43,99.28,97.82,hydroquebec.com,false,""
2022-02-05T00:00:00.000000,Canada,Québec,CA-QC,2.7,29.52,99.27,97.93,hydroquebec.com,false,""
2022-02-05T01:00:00.000000,Canada,Québec,CA-QC,2.41,29.21,99.35,98.11,hydroquebec.com,false,""
2022-02-05T02:00:00.000000,Canada,Québec,CA-QC,3.17,30.19,99.14,97.7,hydroquebec.com,false,""
2022-02-05T03:00:00.000000,Canada,Québec,CA-QC,3.33,30.5,99.1,97.58,hydroquebec.com,false,""
2022-02-05T04:00:00.000000,Canada,Québec,CA-QC,2.96,30.19,99.2,97.75,hydroquebec.com,false,""
2022-02-05T05:00:00.000000,Canada,Québec,CA-QC,2.5,29.71,99.33,97.99,hydroquebec.com,false,""
2022-02-05T06:00:00.000000,Canada,Québec,CA-QC,2.17,29.3,99.41,98.13,hydroquebec.com,false,""
2022-02-05T07:00:00.000000,Canada,Québec,CA-QC,1.59,28.62,99.57,98.49,hydroquebec.com,false,""
2022-02-05T08:00:00.000000,Canada,Québec,CA-QC,1.66,28.64,99.55,98.15,hydroquebec.com,false,""
2022-02-05T09:00:00.000000,Canada,Québec,CA-QC,1.92,28.98,99.48,98.06,hydroquebec.com,false,""
2022-02-05T10:00:00.000000,Canada,Québec,CA-QC,1.01,27.96,99.73,99.0,hydroquebec.com,false,""
2022-02-05T11:00:00.000000,Canada,Québec,CA-QC,0.82,27.64,99.78,99.12,hydroquebec.com,false,""
2022-02-05T12:00:00.000000,Canada,Québec,CA-QC,0.76,27.5,99.79,99.26,hydroquebec.com,false,""
2022-02-05T13:00:00.000000,Canada,Québec,CA-QC,0.91,27.61,99.75,99.18,hydroquebec.com,false,""
2022-02-05T14:00:00.000000,Canada,Québec,CA-QC,0.95,27.67,99.74,99.23,hydroquebec.com,false,""
2022-02-05T15:00:00.000000,Canada,Québec,CA-QC,1.42,28.27,99.62,98.9,hydroquebec.com,false,""
2022-02-05T16:00:00.000000,Canada,Québec,CA-QC,1.06,27.87,99.71,99.21,hydroquebec.com,false,""
2022-02-05T17:00:00.000000,Canada,Québec,CA-QC,1.04,27.77,99.72,99.22,hydroquebec.com,false,""
2022-02-05T18:00:00.000000,Canada,Québec,CA-QC,0.0,26.41,100.0,100.0,hydroquebec.com,false,""
2022-02-05T19:00:00.000000,Canada,Québec,CA-QC,0.0,26.25,100.0,100.0,hydroquebec.com,false,""
2022-02-05T20:00:00.000000,Canada,Québec,CA-QC,0.0,26.11,100.0,100.0,hydroquebec.com,false,""
2022-02-05T21:00:00.000000,Canada,Québec,CA-QC,0.54,26.56,99.85,99.48,hydroquebec.com,false,""
2022-02-05T22:00:00.000000,Canada,Québec,CA-QC,0.04,25.81,99.99,99.96,hydroquebec.com,false,""
2022-02-05T23:00:00.000000,Canada,Québec,CA-QC,0.3,26.06,99.92,99.74,hydroquebec.com,false,""
2022-02-06T00:00:00.000000,Canada,Québec,CA-QC,0.4,26.18,99.89,99.68,hydroquebec.com,false,""
2022-02-06T01:00:00.000000,Canada,Québec,CA-QC,0.33,26.11,99.91,99.7,hydroquebec.com,false,""
2022-02-06T02:00:00.000000,Canada,Québec,CA-QC,0.0,25.86,100.0,100.0,hydroquebec.com,false,""
2022-02-06T03:00:00.000000,Canada,Québec,CA-QC,0.0,25.91,100.0,100.0,hydroquebec.com,false,""
2022-02-06T04:00:00.000000,Canada,Québec,CA-QC,0.48,26.45,99.87,99.23,hydroquebec.com,false,""
2022-02-06T05:00:00.000000,Canada,Québec,CA-QC,1.12,26.99,99.71,97.82,hydroquebec.com,false,""
2022-02-06T06:00:00.000000,Canada,Québec,CA-QC,0.76,26.55,99.8,97.75,hydroquebec.com,false,""
2022-02-06T07:00:00.000000,Canada,Québec,CA-QC,0.6,26.44,99.84,97.83,hydroquebec.com,false,""
2022-02-06T08:00:00.000000,Canada,Québec,CA-QC,0.58,26.49,99.84,97.79,hydroquebec.com,false,""
2022-02-06T09:00:00.000000,Canada,Québec,CA-QC,0.56,26.49,99.85,97.83,hydroquebec.com,false,""
2022-02-06T10:00:00.000000,Canada,Québec,CA-QC,0.6,26.5,99.84,97.9,hydroquebec.com,false,""
2022-02-06T11:00:00.000000,Canada,Québec,CA-QC,0.75,26.68,99.8,97.86,hydroquebec.com,false,""
2022-02-06T12:00:00.000000,Canada,Québec,CA-QC,0.95,26.98,99.74,97.87,hydroquebec.com,false,""
2022-02-06T13:00:00.000000,Canada,Québec,CA-QC,0.96,27.1,99.74,98.03,hydroquebec.com,false,""
2022-02-06T14:00:00.000000,Canada,Québec,CA-QC,1.39,27.69,99.65,97.91,hydroquebec.com,false,""
2022-02-06T15:00:00.000000,Canada,Québec,CA-QC,0.89,27.24,99.76,98.24,hydroquebec.com,false,""
2022-02-06T16:00:00.000000,Canada,Québec,CA-QC,0.78,27.3,99.79,98.6,hydroquebec.com,false,""
2022-02-06T17:00:00.000000,Canada,Québec,CA-QC,0.5,27.13,99.86,99.15,hydroquebec.com,false,""
2022-02-06T18:00:00.000000,Canada,Québec,CA-QC,0.24,26.9,99.94,99.6,hydroquebec.com,false,""
2022-02-06T19:00:00.000000,Canada,Québec,CA-QC,0.25,26.86,99.93,99.5,hydroquebec.com,false,""
2022-02-06T20:00:00.000000,Canada,Québec,CA-QC,0.23,26.77,99.94,99.59,hydroquebec.com,false,""
2022-02-06T21:00:00.000000,Canada,Québec,CA-QC,0.33,26.71,99.91,99.45,hydroquebec.com,false,""
2022-02-06T22:00:00.000000,Canada,Québec,CA-QC,0.56,26.75,99.85,99.19,hydroquebec.com,false,""
2022-02-06T23:00:00.000000,Canada,Québec,CA-QC,0.29,26.38,99.92,99.61,hydroquebec.com,false,""
2022-02-07T00:00:00.000000,Canada,Québec,CA-QC,0.29,26.29,99.92,99.63,hydroquebec.com,false,""
2022-02-07T01:00:00.000000,Canada,Québec,CA-QC,0.27,26.2,99.93,99.63,hydroquebec.com,false,""
2022-02-07T02:00:00.000000,Canada,Québec,CA-QC,0.27,26.21,99.93,99.6,hydroquebec.com,false,""
2022-02-07T03:00:00.000000,Canada,Québec,CA-QC,0.24,26.22,99.94,99.59,hydroquebec.com,false,""
2022-02-07T04:00:00.000000,Canada,Québec,CA-QC,0.26,26.32,99.93,99.51,hydroquebec.com,false,""
2022-02-07T05:00:00.000000,Canada,Québec,CA-QC,0.19,26.32,99.95,99.45,hydroquebec.com,false,""
2022-02-07T06:00:00.000000,Canada,Québec,CA-QC,0.06,26.28,99.98,99.59,hydroquebec.com,false,""
2022-02-07T07:00:00.000000,Canada,Québec,CA-QC,0.06,26.37,99.98,99.62,hydroquebec.com,false,""
2022-02-07T08:00:00.000000,Canada,Québec,CA-QC,0.1,26.43,99.97,99.59,hydroquebec.com,false,""
2022-02-07T09:00:00.000000,Canada,Québec,CA-QC,0.08,26.45,99.98,99.75,hydroquebec.com,false,""
2022-02-07T10:00:00.000000,Canada,Québec,CA-QC,0.0,26.42,100.0,100.0,hydroquebec.com,false,""
2022-02-07T11:00:00.000000,Canada,Québec,CA-QC,0.29,26.67,99.92,99.54,hydroquebec.com,false,""
2022-02-07T12:00:00.000000,Canada,Québec,CA-QC,0.34,26.73,99.91,99.58,hydroquebec.com,false,""
2022-02-07T13:00:00.000000,Canada,Québec,CA-QC,0.38,26.81,99.9,99.57,hydroquebec.com,false,""
2022-02-07T14:00:00.000000,Canada,Québec,CA-QC,0.43,27.12,99.88,99.55,Electricity Maps Estimation,true,ESTIMATED_TIME_SLICER_AVERAGE
2022-02-07T15:00:00.000000,Canada,Québec,CA-QC,0.41,27.2,99.89,99.59,Electricity Maps Estimation; hydroquebec.com,true,ESTIMATED_TIME_SLICER_AVERAGE
2022-02-07T16:00:00.000000,Canada,Québec,CA-QC,0.0,26.91,100.0,100.0,hydroquebec.com,false,""
2022-02-07T17:00:00.000000,Canada,Québec,CA-QC,0.0,26.99,100.0,100.0,hydroquebec.com,false,""
2022-02-07T18:00:00.000000,Canada,Québec,CA-QC,0.0,27.01,100.0,100.0,hydroquebec.com,false,""
2022-02-07T19:00:00.000000,Canada,Québec,CA-QC,0.0,27.02,100.0,100.0,hydroquebec.com,false,""
2022-02-07T20:00:00.000000,Canada,Québec,CA-QC,0.0,27.04,100.0,100.0,hydroquebec.com,false,""
2022-02-07T21:00:00.000000,Canada,Québec,CA-QC,0.0,26.97,100.0,100.0,hydroquebec.com,false,""
2022-02-07T22:00:00.000000,Canada,Québec,CA-QC,0.8,27.72,99.78,99.19,hydroquebec.com,false,""
2022-02-07T23:00:00.000000,Canada,Québec,CA-QC,0.91,27.81,99.75,99.22,hydroquebec.com,false,""
2022-02-08T00:00:00.000000,Canada,Québec,CA-QC,0.01,26.77,100.0,99.99,hydroquebec.com,false,""
2022-02-08T01:00:00.000000,Canada,Québec,CA-QC,0.0,26.73,100.0,100.0,hydroquebec.com,false,""
2022-02-08T02:00:00.000000,Canada,Québec,CA-QC,0.0,26.73,100.0,100.0,hydroquebec.com,false,""
2022-02-08T03:00:00.000000,Canada,Québec,CA-QC,0.0,26.82,100.0,100.0,hydroquebec.com,false,""
2022-02-08T04:00:00.000000,Canada,Québec,CA-QC,0.0,26.98,100.0,100.0,hydroquebec.com,false,""
2022-02-08T05:00:00.000000,Canada,Québec,CA-QC,0.0,27.11,100.0,100.0,hydroquebec.com,false,""
2022-02-08T06:00:00.000000,Canada,Québec,CA-QC,0.43,27.58,99.88,99.33,hydroquebec.com,false,""
2022-02-08T07:00:00.000000,Canada,Québec,CA-QC,0.54,27.67,99.86,99.19,hydroquebec.com,false,""
2022-02-08T08:00:00.000000,Canada,Québec,CA-QC,0.43,27.49,99.89,99.36,hydroquebec.com,false,""
2022-02-08T09:00:00.000000,Canada,Québec,CA-QC,0.44,27.43,99.88,99.33,hydroquebec.com,false,""
2022-02-08T10:00:00.000000,Canada,Québec,CA-QC,0.63,27.54,99.83,99.06,hydroquebec.com,false,""
2022-02-08T11:00:00.000000,Canada,Québec,CA-QC,0.0,26.79,100.0,100.0,hydroquebec.com,false,""
2022-02-08T12:00:00.000000,Canada,Québec,CA-QC,0.0,26.6,100.0,100.0,hydroquebec.com,false,""
2022-02-08T13:00:00.000000,Canada,Québec,CA-QC,0.0,26.54,100.0,100.0,hydroquebec.com,false,""
2022-02-08T14:00:00.000000,Canada,Québec,CA-QC,0.0,26.64,100.0,100.0,hydroquebec.com,false,""
2022-02-08T15:00:00.000000,Canada,Québec,CA-QC,0.0,26.78,100.0,100.0,hydroquebec.com,false,""
2022-02-08T16:00:00.000000,Canada,Québec,CA-QC,0.0,26.85,100.0,100.0,hydroquebec.com,false,""
2022-02-08T17:00:00.000000,Canada,Québec,CA-QC,0.0,26.83,100.0,100.0,hydroquebec.com,false,""
2022-02-08T18:00:00.000000,Canada,Québec,CA-QC,0.0,26.83,100.0,100.0,hydroquebec.com,false,""
2022-02-08T19:00:00.000000,Canada,Québec,CA-QC,0.0,26.87,100.0,100.0,hydroquebec.com,false,""
2022-02-08T20:00:00.000000,Canada,Québec,CA-QC,0.0,26.87,100.0,100.0,hydroquebec.com,false,""
2022-02-08T21:00:00.000000,Canada,Québec,CA-QC,0.0,26.76,100.0,100.0,hydroquebec.com,false,""
2022-02-08T22:00:00.000000,Canada,Québec,CA-QC,0.0,26.55,100.0,100.0,hydroquebec.com,false,""
2022-02-08T23:00:00.000000,Canada,Québec,CA-QC,0.0,26.42,100.0,100.0,hydroquebec.com,false,""
2022-02-09T00:00:00.000000,Canada,Québec,CA-QC,0.0,26.45,100.0,100.0,hydroquebec.com,false,""
2022-02-09T01:00:00.000000,Canada,Québec,CA-QC,0.0,26.54,100.0,100.0,hydroquebec.com,false,""
2022-02-09T02:00:00.000000,Canada,Québec,CA-QC,0.0,26.62,100.0,100.0,hydroquebec.com,false,""
2022-02-09T03:00:00.000000,Canada,Québec,CA-QC,0.2,26.97,99.95,99.69,hydroquebec.com,false,""
2022-02-09T04:00:00.000000,Canada,Québec,CA-QC,0.22,27.16,99.94,99.6,hydroquebec.com,false,""
2022-02-09T05:00:00.000000,Canada,Québec,CA-QC,0.17,27.2,99.96,99.51,hydroquebec.com,false,""
2022-02-09T06:00:00.000000,Canada,Québec,CA-QC,0.06,27.09,99.98,99.33,hydroquebec.com,false,""
2022-02-09T07:00:00.000000,Canada,Québec,CA-QC,0.04,27.08,99.99,99.3,hydroquebec.com,false,""
2022-02-09T08:00:00.000000,Canada,Québec,CA-QC,0.05,27.04,99.99,99.02,hydroquebec.com,false,""
2022-02-09T09:00:00.000000,Canada,Québec,CA-QC,0.05,27.1,99.99,99.34,hydroquebec.com,false,""
2022-02-09T10:00:00.000000,Canada,Québec,CA-QC,0.05,27.2,99.99,99.71,Electricity Maps Estimation,true,ESTIMATED_TIME_SLICER_AVERAGE
2022-02-09T11:00:00.000000,Canada,Québec,CA-QC,0.0,27.09,100.0,100.0,Electricity Maps Estimation,true,ESTIMATED_TIME_SLICER_AVERAGE
2022-02-09T12:00:00.000000,Canada,Québec,CA-QC,0.0,27.08,100.0,100.0,Electricity Maps Estimation,true,ESTIMATED_TIME_SLICER_AVERAGE
2022-02-09T13:00:00.000000,Canada,Québec,CA-QC,0.0,27.11,100.0,100.0,Electricity Maps Estimation,true,ESTIMATED_TIME_SLICER_AVERAGE
2022-02-09T14:00:00.000000,Canada,Québec,CA-QC,0.0,27.21,100.0,100.0,Electricity Maps Estimation,true,ESTIMATED_TIME_SLICER_AVERAGE
2022-02-09T15:00:00.000000,Canada,Québec,CA-QC,0.0,27.35,100.0,100.0,Electricity Maps Estimation,true,ESTIMATED_TIME_SLICER_AVERAGE
2022-02-09T16:00:00.000000,Canada,Québec,CA-QC,0.0,27.36,100.0,100.0,hydroquebec.com; Electricity Maps Estimation,true,ESTIMATED_TIME_SLICER_AVERAGE
2022-02-09T17:00:00.000000,Canada,Québec,CA-QC,0.0,27.43,100.0,100.0,hydroquebec.com,false,""
2022-02-09T18:00:00.000000,Canada,Québec,CA-QC,0.0,27.51,100.0,100.0,hydroquebec.com,false,""
2022-02-09T19:00:00.000000,Canada,Québec,CA-QC,0.0,27.6,100.0,100.0,hydroquebec.com,false,""
2022-02-09T20:00:00.000000,Canada,Québec,CA-QC,0.0,27.58,100.0,100.0,hydroquebec.com,false,""
2022-02-09T21:00:00.000000,Canada,Québec,CA-QC,0.0,27.34,100.0,100.0,hydroquebec.com,false,""
2022-02-09T22:00:00.000000,Canada,Québec,CA-QC,0.0,27.01,100.0,100.0,hydroquebec.com,false,""
2022-02-09T23:00:00.000000,Canada,Québec,CA-QC,0.0,26.81,100.0,100.0,hydroquebec.com,false,""
2022-02-10T00:00:00.000000,Canada,Québec,CA-QC,0.0,26.76,100.0,100.0,hydroquebec.com,false,""
2022-02-10T01:00:00.000000,Canada,Québec,CA-QC,0.0,26.74,100.0,100.0,hydroquebec.com,false,""
2022-02-10T02:00:00.000000,Canada,Québec,CA-QC,0.0,26.75,100.0,100.0,hydroquebec.com,false,""
2022-02-10T03:00:00.000000,Canada,Québec,CA-QC,0.0,26.84,100.0,100.0,hydroquebec.com,false,""
2022-02-10T04:00:00.000000,Canada,Québec,CA-QC,0.0,27.01,100.0,100.0,hydroquebec.com,false,""
2022-02-10T05:00:00.000000,Canada,Québec,CA-QC,0.09,26.99,99.98,99.02,hydroquebec.com,false,""
2022-02-10T06:00:00.000000,Canada,Québec,CA-QC,0.07,26.94,99.98,98.51,hydroquebec.com,false,""
2022-02-10T07:00:00.000000,Canada,Québec,CA-QC,0.09,26.97,99.98,98.18,hydroquebec.com,false,""
2022-02-10T08:00:00.000000,Canada,Québec,CA-QC,0.12,26.97,99.97,97.72,hydroquebec.com,false,""
2022-02-10T09:00:00.000000,Canada,Québec,CA-QC,0.15,27.2,99.96,98.28,hydroquebec.com,false,""
2022-02-10T10:00:00.000000,Canada,Québec,CA-QC,0.16,27.36,99.96,99.06,hydroquebec.com,false,""
2022-02-10T11:00:00.000000,Canada,Québec,CA-QC,0.02,27.23,100.0,99.94,hydroquebec.com,false,""
2022-02-10T12:00:00.000000,Canada,Québec,CA-QC,0.0,27.0,100.0,100.0,hydroquebec.com,false,""
2022-02-10T13:00:00.000000,Canada,Québec,CA-QC,0.0,26.88,100.0,100.0,hydroquebec.com,false,""
2022-02-10T14:00:00.000000,Canada,Québec,CA-QC,0.0,26.89,100.0,100.0,hydroquebec.com,false,""
2022-02-10T15:00:00.000000,Canada,Québec,CA-QC,0.0,26.88,100.0,100.0,hydroquebec.com,false,""
2022-02-10T16:00:00.000000,Canada,Québec,CA-QC,0.0,26.89,100.0,100.0,hydroquebec.com,false,""
2022-02-10T17:00:00.000000,Canada,Québec,CA-QC,0.0,26.98,100.0,100.0,hydroquebec.com,false,""
2022-02-10T18:00:00.000000,Canada,Québec,CA-QC,0.0,26.98,100.0,100.0,hydroquebec.com,false,""
2022-02-10T19:00:00.000000,Canada,Québec,CA-QC,0.0,26.89,100.0,100.0,hydroquebec.com,false,""
2022-02-10T20:00:00.000000,Canada,Québec,CA-QC,0.0,26.81,100.0,100.0,hydroquebec.com,false,""
2022-02-10T21:00:00.000000,Canada,Québec,CA-QC,0.0,26.64,100.0,100.0,hydroquebec.com,false,""
2022-02-10T22:00:00.000000,Canada,Québec,CA-QC,0.0,26.44,100.0,100.0,hydroquebec.com,false,""
2022-02-10T23:00:00.000000,Canada,Québec,CA-QC,0.0,26.35,100.0,100.0,hydroquebec.com,false,""
2022-02-11T00:00:00.000000,Canada,Québec,CA-QC,0.0,26.33,100.0,100.0,hydroquebec.com,false,""
2022-02-11T01:00:00.000000,Canada,Québec,CA-QC,0.0,26.3,100.0,100.0,hydroquebec.com,false,""
2022-02-11T02:00:00.000000,Canada,Québec,CA-QC,0.0,26.35,100.0,100.0,hydroquebec.com,false,""
2022-02-11T03:00:00.000000,Canada,Québec,CA-QC,0.09,26.57,99.97,99.8,hydroquebec.com,false,""
2022-02-11T04:00:00.000000,Canada,Québec,CA-QC,0.14,26.76,99.96,99.67,hydroquebec.com,false,""
2022-02-11T05:00:00.000000,Canada,Québec,CA-QC,0.13,26.82,99.97,99.51,hydroquebec.com,false,""
2022-02-11T06:00:00.000000,Canada,Québec,CA-QC,0.1,26.63,99.97,98.72,hydroquebec.com,false,""
2022-02-11T07:00:00.000000,Canada,Québec,CA-QC,0.09,26.52,99.98,98.13,hydroquebec.com,false,""
2022-02-11T08:00:00.000000,Canada,Québec,CA-QC,0.11,26.48,99.97,97.82,hydroquebec.com,false,""
2022-02-11T09:00:00.000000,Canada,Québec,CA-QC,0.11,26.46,99.97,97.74,hydroquebec.com,false,""
2022-02-11T10:00:00.000000,Canada,Québec,CA-QC,0.05,26.65,99.99,99.03,hydroquebec.com,false,""
2022-02-11T11:00:00.000000,Canada,Québec,CA-QC,0.02,26.64,99.99,99.57,hydroquebec.com,false,""
2022-02-11T12:00:00.000000,Canada,Québec,CA-QC,0.0,26.71,100.0,100.0,hydroquebec.com,false,""
2022-02-11T13:00:00.000000,Canada,Québec,CA-QC,0.0,26.7,100.0,100.0,hydroquebec.com,false,""
2022-02-11T14:00:00.000000,Canada,Québec,CA-QC,0.0,26.76,100.0,100.0,hydroquebec.com,false,""
2022-02-11T15:00:00.000000,Canada,Québec,CA-QC,0.0,26.88,100.0,100.0,hydroquebec.com,false,""
2022-02-11T16:00:00.000000,Canada,Québec,CA-QC,0.04,26.94,99.99,99.66,hydroquebec.com,false,""
2022-02-11T17:00:00.000000,Canada,Québec,CA-QC,0.0,27.02,100.0,99.99,hydroquebec.com,false,""
2022-02-11T18:00:00.000000,Canada,Québec,CA-QC,0.07,27.04,99.98,99.73,hydroquebec.com,false,""
2022-02-11T19:00:00.000000,Canada,Québec,CA-QC,0.09,27.1,99.98,99.7,hydroquebec.com,false,""
2022-02-11T20:00:00.000000,Canada,Québec,CA-QC,0.1,27.07,99.97,99.7,hydroquebec.com,false,""
2022-02-11T21:00:00.000000,Canada,Québec,CA-QC,0.1,26.91,99.97,99.73,hydroquebec.com,false,""
2022-02-11T22:00:00.000000,Canada,Québec,CA-QC,0.0,26.55,100.0,100.0,hydroquebec.com,false,""
2022-02-11T23:00:00.000000,Canada,Québec,CA-QC,0.0,26.27,100.0,100.0,hydroquebec.com,false,""
2022-02-12T00:00:00.000000,Canada,Québec,CA-QC,0.0,26.15,100.0,100.0,hydroquebec.com,false,""
2022-02-12T01:00:00.000000,Canada,Québec,CA-QC,0.06,26.16,99.98,99.8,hydroquebec.com,false,""
2022-02-12T02:00:00.000000,Canada,Québec,CA-QC,0.09,26.18,99.98,99.72,hydroquebec.com,false,""
2022-02-12T03:00:00.000000,Canada,Québec,CA-QC,0.09,26.16,99.98,99.48,hydroquebec.com,false,""
2022-02-12T04:00:00.000000,Canada,Québec,CA-QC,0.06,26.13,99.98,99.1,hydroquebec.com,false,""
2022-02-12T05:00:00.000000,Canada,Québec,CA-QC,0.08,26.18,99.98,98.67,hydroquebec.com,false,""
2022-02-12T06:00:00.000000,Canada,Québec,CA-QC,0.07,26.26,99.98,98.6,hydroquebec.com,false,""
2022-02-12T07:00:00.000000,Canada,Québec,CA-QC,0.07,26.29,99.98,98.56,hydroquebec.com,false,""
2022-02-12T08:00:00.000000,Canada,Québec,CA-QC,0.07,26.38,99.98,98.56,hydroquebec.com,false,""
2022-02-12T09:00:00.000000,Canada,Québec,CA-QC,0.07,26.45,99.98,98.52,hydroquebec.com,false,""
2022-02-12T10:00:00.000000,Canada,Québec,CA-QC,0.08,26.4,99.98,98.21,hydroquebec.com,false,""
2022-02-12T11:00:00.000000,Canada,Québec,CA-QC,0.12,26.29,99.97,97.67,hydroquebec.com,false,""
2022-02-12T12:00:00.000000,Canada,Québec,CA-QC,0.04,26.46,99.99,99.31,hydroquebec.com,false,""
2022-02-12T13:00:00.000000,Canada,Québec,CA-QC,0.0,26.43,100.0,100.0,hydroquebec.com,false,""
2022-02-12T14:00:00.000000,Canada,Québec,CA-QC,0.0,26.46,100.0,100.0,hydroquebec.com,false,""
2022-02-12T15:00:00.000000,Canada,Québec,CA-QC,0.0,26.5,100.0,100.0,hydroquebec.com,false,""
2022-02-12T16:00:00.000000,Canada,Québec,CA-QC,0.0,26.52,100.0,100.0,hydroquebec.com,false,""
2022-02-12T17:00:00.000000,Canada,Québec,CA-QC,0.0,26.48,100.0,100.0,hydroquebec.com,false,""
2022-02-12T18:00:00.000000,Canada,Québec,CA-QC,0.0,26.45,100.0,100.0,hydroquebec.com,false,""
2022-02-12T19:00:00.000000,Canada,Québec,CA-QC,0.0,26.46,100.0,100.0,hydroquebec.com,false,""
2022-02-12T20:00:00.000000,Canada,Québec,CA-QC,0.0,26.42,100.0,100.0,hydroquebec.com,false,""
2022-02-12T21:00:00.000000,Canada,Québec,CA-QC,0.0,26.36,100.0,100.0,hydroquebec.com,false,""
2022-02-12T22:00:00.000000,Canada,Québec,CA-QC,0.0,26.12,100.0,100.0,hydroquebec.com,false,""
2022-02-12T23:00:00.000000,Canada,Québec,CA-QC,0.0,25.9,100.0,100.0,hydroquebec.com,false,""
2022-02-13T00:00:00.000000,Canada,Québec,CA-QC,0.0,25.82,100.0,100.0,hydroquebec.com,false,""
2022-02-13T01:00:00.000000,Canada,Québec,CA-QC,0.0,25.84,100.0,100.0,hydroquebec.com,false,""
2022-02-13T02:00:00.000000,Canada,Québec,CA-QC,0.0,25.95,100.0,100.0,hydroquebec.com,false,""
2022-02-13T03:00:00.000000,Canada,Québec,CA-QC,0.0,26.01,100.0,100.0,hydroquebec.com,false,""
2022-02-13T04:00:00.000000,Canada,Québec,CA-QC,0.0,26.09,100.0,100.0,hydroquebec.com,false,""
2022-02-13T05:00:00.000000,Canada,Québec,CA-QC,0.0,26.19,100.0,100.0,hydroquebec.com,false,""
2022-02-13T06:00:00.000000,Canada,Québec,CA-QC,0.0,26.27,100.0,100.0,hydroquebec.com,false,""
2022-02-13T07:00:00.000000,Canada,Québec,CA-QC,0.0,26.34,100.0,100.0,hydroquebec.com,false,""
2022-02-13T08:00:00.000000,Canada,Québec,CA-QC,0.02,26.33,99.99,99.96,hydroquebec.com,false,""
2022-02-13T09:00:00.000000,Canada,Québec,CA-QC,0.0,26.28,100.0,100.0,hydroquebec.com,false,""
2022-02-13T10:00:00.000000,Canada,Québec,CA-QC,0.01,26.32,100.0,99.99,hydroquebec.com,false,""
2022-02-13T11:00:00.000000,Canada,Québec,CA-QC,0.55,26.8,99.85,99.27,hydroquebec.com,false,""
2022-02-13T12:00:00.000000,Canada,Québec,CA-QC,1.01,27.28,99.73,98.89,hydroquebec.com,false,""
2022-02-13T13:00:00.000000,Canada,Québec,CA-QC,1.03,27.41,99.72,98.96,hydroquebec.com,false,""
2022-02-13T14:00:00.000000,Canada,Québec,CA-QC,0.99,27.5,99.73,99.01,hydroquebec.com,false,""
2022-02-13T15:00:00.000000,Canada,Québec,CA-QC,1.12,27.78,99.7,98.94,hydroquebec.com,false,""
2022-02-13T16:00:00.000000,Canada,Québec,CA-QC,1.12,27.85,99.7,98.96,hydroquebec.com,false,""
2022-02-13T17:00:00.000000,Canada,Québec,CA-QC,1.26,28.06,99.66,98.89,hydroquebec.com,false,""
2022-02-13T18:00:00.000000,Canada,Québec,CA-QC,1.43,28.35,99.61,98.79,hydroquebec.com,false,""
2022-02-13T19:00:00.000000,Canada,Québec,CA-QC,1.48,28.51,99.6,98.79,hydroquebec.com,false,""
2022-02-13T20:00:00.000000,Canada,Québec,CA-QC,1.55,28.61,99.58,98.72,hydroquebec.com,false,""
2022-02-13T21:00:00.000000,Canada,Québec,CA-QC,2.69,29.85,99.27,97.69,hydroquebec.com,false,""
2022-02-13T22:00:00.000000,Canada,Québec,CA-QC,3.42,30.6,99.08,97.3,hydroquebec.com,false,""
2022-02-13T23:00:00.000000,Canada,Québec,CA-QC,3.66,30.8,99.01,97.31,hydroquebec.com,false,""
2022-02-14T00:00:00.000000,Canada,Québec,CA-QC,3.8,30.96,98.97,97.28,hydroquebec.com,false,""
2022-02-14T01:00:00.000000,Canada,Québec,CA-QC,3.28,30.33,99.11,97.57,hydroquebec.com,false,""
2022-02-14T02:00:00.000000,Canada,Québec,CA-QC,3.67,30.74,99.01,97.18,hydroquebec.com,false,""
2022-02-14T03:00:00.000000,Canada,Québec,CA-QC,3.3,30.34,99.11,97.52,hydroquebec.com,false,""
2022-02-14T04:00:00.000000,Canada,Québec,CA-QC,2.84,29.83,99.23,97.66,hydroquebec.com,false,""
2022-02-14T05:00:00.000000,Canada,Québec,CA-QC,2.49,29.47,99.33,97.82,hydroquebec.com,false,""
2022-02-14T06:00:00.000000,Canada,Québec,CA-QC,2.98,30.0,99.19,97.19,hydroquebec.com,false,""
2022-02-14T07:00:00.000000,Canada,Québec,CA-QC,3.51,30.64,99.05,96.82,hydroquebec.com,false,""
2022-02-14T08:00:00.000000,Canada,Québec,CA-QC,3.96,31.19,98.93,96.57,hydroquebec.com,false,""
2022-02-14T09:00:00.000000,Canada,Québec,CA-QC,4.16,31.45,98.88,96.54,hydroquebec.com,false,""
2022-02-14T10:00:00.000000,Canada,Québec,CA-QC,7.53,35.45,98.16,95.59,hydroquebec.com,false,""
2022-02-14T11:00:00.000000,Canada,Québec,CA-QC,4.98,32.46,98.71,96.48,hydroquebec.com,false,""
2022-02-14T12:00:00.000000,Canada,Québec,CA-QC,4.07,31.31,98.93,96.98,hydroquebec.com,false,""
2022-02-14T13:00:00.000000,Canada,Québec,CA-QC,5.2,32.66,98.68,96.71,hydroquebec.com,false,""
2022-02-14T14:00:00.000000,Canada,Québec,CA-QC,3.98,31.3,98.92,97.02,hydroquebec.com,false,""
2022-02-14T15:00:00.000000,Canada,Québec,CA-QC,4.34,31.82,98.83,96.85,hydroquebec.com,false,""
2022-02-14T16:00:00.000000,Canada,Québec,CA-QC,4.63,32.25,98.75,96.67,hydroquebec.com,false,""
2022-02-14T17:00:00.000000,Canada,Québec,CA-QC,4.47,32.03,98.79,96.67,hydroquebec.com,false,""
2022-02-14T18:00:00.000000,Canada,Québec,CA-QC,2.61,29.82,99.29,98.05,hydroquebec.com,false,""
2022-02-14T19:00:00.000000,Canada,Québec,CA-QC,0.84,27.66,99.77,99.34,hydroquebec.com,false,""
2022-02-14T20:00:00.000000,Canada,Québec,CA-QC,2.56,29.52,99.31,97.72,hydroquebec.com,false,""
2022-02-14T21:00:00.000000,Canada,Québec,CA-QC,3.96,31.17,98.93,96.87,hydroquebec.com,false,""
2022-02-14T22:00:00.000000,Canada,Québec,CA-QC,3.96,31.05,98.94,97.09,hydroquebec.com,false,""
2022-02-14T23:00:00.000000,Canada,Québec,CA-QC,4.0,30.94,98.94,97.3,hydroquebec.com,false,""
2022-02-15T00:00:00.000000,Canada,Québec,CA-QC,3.89,30.68,98.95,97.3,hydroquebec.com,false,""
2022-02-15T01:00:00.000000,Canada,Québec,CA-QC,4.17,30.94,98.87,97.19,hydroquebec.com,false,""
2022-02-15T02:00:00.000000,Canada,Québec,CA-QC,3.55,30.17,99.04,97.57,hydroquebec.com,false,""
2022-02-15T03:00:00.000000,Canada,Québec,CA-QC,2.55,28.96,99.31,98.21,hydroquebec.com,false,""
2022-02-15T04:00:00.000000,Canada,Québec,CA-QC,1.9,28.21,99.49,98.61,hydroquebec.com,false,""
2022-02-15T05:00:00.000000,Canada,Québec,CA-QC,1.17,27.44,99.68,99.05,hydroquebec.com,false,""
2022-02-15T06:00:00.000000,Canada,Québec,CA-QC,1.39,27.6,99.63,98.73,hydroquebec.com,false,""
2022-02-15T07:00:00.000000,Canada,Québec,CA-QC,2.16,28.35,99.42,97.89,hydroquebec.com,false,""
2022-02-15T08:00:00.000000,Canada,Québec,CA-QC,2.57,28.87,99.31,97.72,hydroquebec.com,false,""
2022-02-15T09:00:00.000000,Canada,Québec,CA-QC,2.02,28.21,99.45,98.14,hydroquebec.com,false,""
2022-02-15T10:00:00.000000,Canada,Québec,CA-QC,1.37,27.45,99.63,98.78,hydroquebec.com,false,""
2022-02-15T11:00:00.000000,Canada,Québec,CA-QC,2.08,28.27,99.44,98.23,hydroquebec.com,false,""
2022-02-15T12:00:00.000000,Canada,Québec,CA-QC,3.18,29.63,99.14,97.7,Electricity Maps Estimation,true,ESTIMATED_TIME_SLICER_AVERAGE
2022-02-15T13:00:00.000000,Canada,Québec,CA-QC,2.72,29.13,99.27,98.17,Electricity Maps Estimation; hydroquebec.com,false,""
2022-02-15T14:00:00.000000,Canada,Québec,CA-QC,3.49,30.1,99.06,97.75,hydroquebec.com,false,""
2022-02-15T15:00:00.000000,Canada,Québec,CA-QC,2.62,29.06,99.29,98.28,hydroquebec.com,false,""
2022-02-15T16:00:00.000000,Canada,Québec,CA-QC,1.17,27.31,99.68,99.23,hydroquebec.com,false,""
2022-02-15T17:00:00.000000,Canada,Québec,CA-QC,0.0,25.91,100.0,100.0,hydroquebec.com,false,""
2022-02-15T18:00:00.000000,Canada,Québec,CA-QC,0.0,25.88,100.0,100.0,hydroquebec.com,false,""
2022-02-15T19:00:00.000000,Canada,Québec,CA-QC,0.0,25.9,100.0,100.0,hydroquebec.com,false,""
2022-02-15T20:00:00.000000,Canada,Québec,CA-QC,0.0,25.93,100.0,100.0,hydroquebec.com,false,""
2022-02-15T21:00:00.000000,Canada,Québec,CA-QC,0.0,25.93,100.0,100.0,hydroquebec.com,false,""
2022-02-15T22:00:00.000000,Canada,Québec,CA-QC,1.1,27.16,99.7,99.15,hydroquebec.com,false,""
2022-02-15T23:00:00.000000,Canada,Québec,CA-QC,1.85,27.99,99.5,98.78,hydroquebec.com,false,""
2022-02-16T00:00:00.000000,Canada,Québec,CA-QC,1.73,27.81,99.53,98.85,hydroquebec.com,false,""
2022-02-16T01:00:00.000000,Canada,Québec,CA-QC,1.59,27.66,99.57,98.86,hydroquebec.com,false,""
2022-02-16T02:00:00.000000,Canada,Québec,CA-QC,0.96,26.94,99.74,99.24,hydroquebec.com,false,""
2022-02-16T03:00:00.000000,Canada,Québec,CA-QC,0.01,25.93,100.0,99.99,hydroquebec.com,false,""
2022-02-16T04:00:00.000000,Canada,Québec,CA-QC,0.19,26.2,99.95,99.75,hydroquebec.com,false,""
2022-02-16T05:00:00.000000,Canada,Québec,CA-QC,0.35,26.34,99.91,99.39,hydroquebec.com,false,""
2022-02-16T06:00:00.000000,Canada,Québec,CA-QC,0.01,26.13,100.0,99.98,hydroquebec.com,false,""
2022-02-16T07:00:00.000000,Canada,Québec,CA-QC,0.12,26.32,99.97,99.46,hydroquebec.com,false,""
2022-02-16T08:00:00.000000,Canada,Québec,CA-QC,0.22,26.36,99.94,98.93,hydroquebec.com,false,""
2022-02-16T09:00:00.000000,Canada,Québec,CA-QC,0.33,26.4,99.91,98.4,hydroquebec.com,false,""
2022-02-16T10:00:00.000000,Canada,Québec,CA-QC,0.68,26.69,99.82,97.69,hydroquebec.com,false,""
2022-02-16T11:00:00.000000,Canada,Québec,CA-QC,0.99,27.11,99.73,97.72,hydroquebec.com,false,""
2022-02-16T12:00:00.000000,Canada,Québec,CA-QC,1.31,27.51,99.65,97.76,hydroquebec.com,false,""
2022-02-16T13:00:00.000000,Canada,Québec,CA-QC,1.74,28.09,99.53,97.86,hydroquebec.com,false,""
2022-02-16T14:00:00.000000,Canada,Québec,CA-QC,1.78,28.21,99.52,98.1,hydroquebec.com,false,""
2022-02-16T15:00:00.000000,Canada,Québec,CA-QC,0.92,27.26,99.75,98.89,hydroquebec.com,false,""
2022-02-16T16:00:00.000000,Canada,Québec,CA-QC,0.22,26.56,99.94,99.69,hydroquebec.com,false,""
2022-02-16T17:00:00.000000,Canada,Québec,CA-QC,0.18,26.51,99.95,99.69,hydroquebec.com,false,""
2022-02-16T18:00:00.000000,Canada,Québec,CA-QC,0.24,26.47,99.94,99.49,hydroquebec.com,false,""
2022-02-16T19:00:00.000000,Canada,Québec,CA-QC,0.18,26.42,99.95,99.57,hydroquebec.com,false,""
2022-02-16T20:00:00.000000,Canada,Québec,CA-QC,0.0,26.25,100.0,100.0,hydroquebec.com,false,""
2022-02-16T21:00:00.000000,Canada,Québec,CA-QC,0.0,26.1,100.0,100.0,hydroquebec.com,false,""
2022-02-16T22:00:00.000000,Canada,Québec,CA-QC,0.0,26.03,100.0,100.0,hydroquebec.com,false,""
2022-02-16T23:00:00.000000,Canada,Québec,CA-QC,0.0,26.05,100.0,100.0,hydroquebec.com,false,""
2022-02-17T00:00:00.000000,Canada,Québec,CA-QC,0.0,26.14,100.0,100.0,hydroquebec.com,false,""
2022-02-17T01:00:00.000000,Canada,Québec,CA-QC,0.03,26.28,99.99,99.92,hydroquebec.com,false,""
2022-02-17T02:00:00.000000,Canada,Québec,CA-QC,0.0,26.33,100.0,100.0,hydroquebec.com,false,""
2022-02-17T03:00:00.000000,Canada,Québec,CA-QC,0.08,26.38,99.98,99.64,hydroquebec.com,false,""
2022-02-17T04:00:00.000000,Canada,Québec,CA-QC,0.12,26.44,99.97,99.15,hydroquebec.com,false,""
2022-02-17T05:00:00.000000,Canada,Québec,CA-QC,0.14,26.45,99.96,98.6,hydroquebec.com,false,""
2022-02-17T06:00:00.000000,Canada,Québec,CA-QC,0.11,26.31,99.97,97.94,hydroquebec.com,false,""
2022-02-17T07:00:00.000000,Canada,Québec,CA-QC,0.14,26.21,99.96,97.5,Electricity Maps Estimation,true,ESTIMATED_TIME_SLICER_AVERAGE
2022-02-17T08:00:00.000000,Canada,Québec,CA-QC,0.13,26.19,99.96,97.56,Electricity Maps Estimation,true,ESTIMATED_TIME_SLICER_AVERAGE
2022-02-17T09:00:00.000000,Canada,Québec,CA-QC,0.15,26.2,99.96,97.57,Electricity Maps Estimation,true,ESTIMATED_TIME_SLICER_AVERAGE
2022-02-17T10:00:00.000000,Canada,Québec,CA-QC,0.14,26.57,99.96,98.95,Electricity Maps Estimation; hydroquebec.com,false,""
2022-02-17T11:00:00.000000,Canada,Québec,CA-QC,0.0,26.57,100.0,100.0,hydroquebec.com,false,""
2022-02-17T12:00:00.000000,Canada,Québec,CA-QC,0.0,26.3,100.0,100.0,hydroquebec.com,false,""
2022-02-17T13:00:00.000000,Canada,Québec,CA-QC,0.0,26.21,100.0,100.0,hydroquebec.com,false,""
2022-02-17T14:00:00.000000,Canada,Québec,CA-QC,0.0,26.21,100.0,100.0,hydroquebec.com,false,""
2022-02-17T15:00:00.000000,Canada,Québec,CA-QC,0.0,26.17,100.0,100.0,hydroquebec.com,false,""
2022-02-17T16:00:00.000000,Canada,Québec,CA-QC,0.0,26.3,100.0,100.0,hydroquebec.com,false,""
2022-02-17T17:00:00.000000,Canada,Québec,CA-QC,0.0,26.44,100.0,100.0,hydroquebec.com,false,""
2022-02-17T18:00:00.000000,Canada,Québec,CA-QC,0.0,26.53,100.0,100.0,hydroquebec.com,false,""
2022-02-17T19:00:00.000000,Canada,Québec,CA-QC,0.0,26.58,100.0,100.0,hydroquebec.com,false,""
2022-02-17T20:00:00.000000,Canada,Québec,CA-QC,0.0,26.67,100.0,100.0,hydroquebec.com,false,""
2022-02-17T21:00:00.000000,Canada,Québec,CA-QC,0.0,26.86,100.0,100.0,hydroquebec.com,false,""
2022-02-17T22:00:00.000000,Canada,Québec,CA-QC,0.0,26.93,100.0,100.0,hydroquebec.com,false,""
2022-02-17T23:00:00.000000,Canada,Québec,CA-QC,0.0,26.95,100.0,100.0,hydroquebec.com,false,""
2022-02-18T00:00:00.000000,Canada,Québec,CA-QC,0.0,27.02,100.0,100.0,hydroquebec.com,false,""
2022-02-18T01:00:00.000000,Canada,Québec,CA-QC,0.0,27.05,100.0,100.0,hydroquebec.com,false,""
2022-02-18T02:00:00.000000,Canada,Québec,CA-QC,0.0,27.11,100.0,100.0,hydroquebec.com,false,""
2022-02-18T03:00:00.000000,Canada,Québec,CA-QC,0.0,27.22,100.0,100.0,hydroquebec.com,false,""
2022-02-18T04:00:00.000000,Canada,Québec,CA-QC,0.0,27.36,100.0,100.0,hydroquebec.com,false,""
2022-02-18T05:00:00.000000,Canada,Québec,CA-QC,0.0,27.41,100.0,100.0,hydroquebec.com,false,""
2022-02-18T06:00:00.000000,Canada,Québec,CA-QC,0.0,27.4,100.0,100.0,hydroquebec.com,false,""
2022-02-18T07:00:00.000000,Canada,Québec,CA-QC,0.15,27.47,99.96,99.51,hydroquebec.com,false,""
2022-02-18T08:00:00.000000,Canada,Québec,CA-QC,0.18,27.37,99.95,99.53,hydroquebec.com,false,""
2022-02-18T09:00:00.000000,Canada,Québec,CA-QC,0.0,26.95,100.0,100.0,hydroquebec.com,false,""
2022-02-18T10:00:00.000000,Canada,Québec,CA-QC,0.0,26.66,100.0,100.0,hydroquebec.com,false,""
2022-02-18T11:00:00.000000,Canada,Québec,CA-QC,0.0,26.42,100.0,100.0,hydroquebec.com,false,""
2022-02-18T12:00:00.000000,Canada,Québec,CA-QC,0.0,26.34,100.0,100.0,hydroquebec.com,false,""
2022-02-18T13:00:00.000000,Canada,Québec,CA-QC,0.0,26.38,100.0,100.0,hydroquebec.com,false,""
2022-02-18T14:00:00.000000,Canada,Québec,CA-QC,0.0,26.4,100.0,100.0,hydroquebec.com,false,""
2022-02-18T15:00:00.000000,Canada,Québec,CA-QC,0.0,26.44,100.0,100.0,hydroquebec.com,false,""
2022-02-18T16:00:00.000000,Canada,Québec,CA-QC,0.0,26.56,100.0,100.0,hydroquebec.com,false,""
2022-02-18T17:00:00.000000,Canada,Québec,CA-QC,0.0,26.69,100.0,100.0,hydroquebec.com,false,""
2022-02-18T18:00:00.000000,Canada,Québec,CA-QC,0.0,26.68,100.0,100.0,hydroquebec.com,false,""
2022-02-18T19:00:00.000000,Canada,Québec,CA-QC,0.0,26.69,100.0,100.0,hydroquebec.com,false,""
2022-02-18T20:00:00.000000,Canada,Québec,CA-QC,0.0,26.65,100.0,100.0,hydroquebec.com,false,""
2022-02-18T21:00:00.000000,Canada,Québec,CA-QC,0.0,26.41,100.0,100.0,hydroquebec.com,false,""
2022-02-18T22:00:00.000000,Canada,Québec,CA-QC,0.0,26.19,100.0,100.0,hydroquebec.com,false,""
2022-02-18T23:00:00.000000,Canada,Québec,CA-QC,0.0,26.11,100.0,100.0,hydroquebec.com,false,""
2022-02-19T00:00:00.000000,Canada,Québec,CA-QC,0.0,26.15,100.0,100.0,hydroquebec.com,false,""
2022-02-19T01:00:00.000000,Canada,Québec,CA-QC,0.0,26.25,100.0,100.0,hydroquebec.com,false,""
2022-02-19T02:00:00.000000,Canada,Québec,CA-QC,0.2,26.6,99.94,99.79,hydroquebec.com,false,""
2022-02-19T03:00:00.000000,Canada,Québec,CA-QC,0.71,27.36,99.81,99.22,hydroquebec.com,false,""
2022-02-19T04:00:00.000000,Canada,Québec,CA-QC,0.97,27.84,99.74,98.87,hydroquebec.com,false,""
2022-02-19T05:00:00.000000,Canada,Québec,CA-QC,0.97,27.86,99.74,98.58,hydroquebec.com,false,""
2022-02-19T06:00:00.000000,Canada,Québec,CA-QC,0.89,27.65,99.76,98.13,hydroquebec.com,false,""
2022-02-19T07:00:00.000000,Canada,Québec,CA-QC,0.69,27.32,99.81,97.83,hydroquebec.com,false,""
2022-02-19T08:00:00.000000,Canada,Québec,CA-QC,0.61,27.27,99.83,97.88,hydroquebec.com,false,""
2022-02-19T09:00:00.000000,Canada,Québec,CA-QC,0.51,27.3,99.86,98.26,hydroquebec.com,false,""
2022-02-19T10:00:00.000000,Canada,Québec,CA-QC,0.42,27.17,99.89,98.41,hydroquebec.com,false,""
2022-02-19T11:00:00.000000,Canada,Québec,CA-QC,0.32,27.03,99.91,98.73,hydroquebec.com,false,""
2022-02-19T12:00:00.000000,Canada,Québec,CA-QC,0.32,26.99,99.91,98.99,hydroquebec.com,false,""
2022-02-19T13:00:00.000000,Canada,Québec,CA-QC,0.3,26.92,99.92,99.23,hydroquebec.com,false,""
2022-02-19T14:00:00.000000,Canada,Québec,CA-QC,0.28,26.85,99.92,99.26,hydroquebec.com,false,""
2022-02-19T15:00:00.000000,Canada,Québec,CA-QC,0.26,26.82,99.93,99.27,hydroquebec.com,false,""
2022-02-19T16:00:00.000000,Canada,Québec,CA-QC,0.32,26.88,99.91,99.12,hydroquebec.com,false,""
2022-02-19T17:00:00.000000,Canada,Québec,CA-QC,0.14,26.83,99.96,99.67,hydroquebec.com,false,""
2022-02-19T18:00:00.000000,Canada,Québec,CA-QC,0.16,26.89,99.96,99.64,hydroquebec.com,false,""
2022-02-19T19:00:00.000000,Canada,Québec,CA-QC,0.43,27.18,99.88,99.06,hydroquebec.com,false,""
2022-02-19T20:00:00.000000,Canada,Québec,CA-QC,0.02,26.96,99.99,99.96,hydroquebec.com,false,""
2022-02-19T21:00:00.000000,Canada,Québec,CA-QC,0.0,26.84,100.0,100.0,hydroquebec.com,false,""
2022-02-19T22:00:00.000000,Canada,Québec,CA-QC,0.38,27.11,99.9,99.45,hydroquebec.com,false,""
2022-02-19T23:00:00.000000,Canada,Québec,CA-QC,0.44,27.13,99.88,99.48,hydroquebec.com,false,""
2022-02-20T00:00:00.000000,Canada,Québec,CA-QC,0.73,27.48,99.8,99.3,hydroquebec.com,false,""
2022-02-20T01:00:00.000000,Canada,Québec,CA-QC,0.87,27.69,99.76,99.22,hydroquebec.com,false,""
2022-02-20T02:00:00.000000,Canada,Québec,CA-QC,0.0,26.71,100.0,100.0,hydroquebec.com,false,""
2022-02-20T03:00:00.000000,Canada,Québec,CA-QC,0.0,26.66,100.0,100.0,hydroquebec.com,false,""
2022-02-20T04:00:00.000000,Canada,Québec,CA-QC,0.0,26.69,100.0,100.0,hydroquebec.com,false,""
2022-02-20T05:00:00.000000,Canada,Québec,CA-QC,0.71,27.39,99.81,99.0,hydroquebec.com,false,""
2022-02-20T06:00:00.000000,Canada,Québec,CA-QC,0.62,27.18,99.83,98.99,hydroquebec.com,false,""
2022-02-20T07:00:00.000000,Canada,Québec,CA-QC,0.72,27.08,99.81,98.46,hydroquebec.com,false,""
2022-02-20T08:00:00.000000,Canada,Québec,CA-QC,0.48,26.81,99.87,98.9,hydroquebec.com,false,""
2022-02-20T09:00:00.000000,Canada,Québec,CA-QC,0.4,26.79,99.89,99.04,hydroquebec.com,false,""
2022-02-20T10:00:00.000000,Canada,Québec,CA-QC,0.12,26.6,99.97,99.62,hydroquebec.com,false,""
2022-02-20T11:00:00.000000,Canada,Québec,CA-QC,0.09,26.32,99.98,99.36,hydroquebec.com,false,""
2022-02-20T12:00:00.000000,Canada,Québec,CA-QC,0.09,26.18,99.98,99.17,hydroquebec.com,false,""
2022-02-20T13:00:00.000000,Canada,Québec,CA-QC,0.06,26.31,99.98,99.39,hydroquebec.com,false,""
2022-02-20T14:00:00.000000,Canada,Québec,CA-QC,0.06,26.5,99.98,99.41,hydroquebec.com,false,""
2022-02-20T15:00:00.000000,Canada,Québec,CA-QC,0.07,26.66,99.98,99.33,hydroquebec.com,false,""
2022-02-20T16:00:00.000000,Canada,Québec,CA-QC,0.08,26.71,99.98,99.29,hydroquebec.com,false,""
2022-02-20T17:00:00.000000,Canada,Québec,CA-QC,0.0,26.78,100.0,99.99,hydroquebec.com,false,""
2022-02-20T18:00:00.000000,Canada,Québec,CA-QC,0.1,26.72,99.97,99.22,hydroquebec.com,false,""
2022-02-20T19:00:00.000000,Canada,Québec,CA-QC,0.16,26.84,99.96,99.17,hydroquebec.com,false,""
2022-02-20T20:00:00.000000,Canada,Québec,CA-QC,0.31,26.94,99.92,99.07,hydroquebec.com,false,""
2022-02-20T21:00:00.000000,Canada,Québec,CA-QC,0.27,26.76,99.93,99.19,hydroquebec.com,false,""
2022-02-20T22:00:00.000000,Canada,Québec,CA-QC,0.1,26.47,99.97,99.72,hydroquebec.com,false,""
2022-02-20T23:00:00.000000,Canada,Québec,CA-QC,0.0,26.29,100.0,99.99,hydroquebec.com,false,""
2022-02-21T00:00:00.000000,Canada,Québec,CA-QC,0.0,26.22,100.0,100.0,hydroquebec.com,false,""
2022-02-21T01:00:00.000000,Canada,Québec,CA-QC,0.08,26.34,99.98,99.75,hydroquebec.com,false,""
2022-02-21T02:00:00.000000,Canada,Québec,CA-QC,0.09,26.49,99.98,99.75,hydroquebec.com,false,""
2022-02-21T03:00:00.000000,Canada,Québec,CA-QC,0.08,26.44,99.98,99.44,hydroquebec.com,false,""
2022-02-21T04:00:00.000000,Canada,Québec,CA-QC,0.05,26.51,99.99,99.5,hydroquebec.com,false,""
2022-02-21T05:00:00.000000,Canada,Québec,CA-QC,0.04,26.57,99.99,99.59,hydroquebec.com,false,""
2022-02-21T06:00:00.000000,Canada,Québec,CA-QC,0.08,26.56,99.98,99.21,hydroquebec.com,false,""
2022-02-21T07:00:00.000000,Canada,Québec,CA-QC,0.0,26.74,100.0,100.0,hydroquebec.com,false,""
2022-02-21T08:00:00.000000,Canada,Québec,CA-QC,0.0,26.69,100.0,100.0,hydroquebec.com,false,""
2022-02-21T09:00:00.000000,Canada,Québec,CA-QC,0.0,26.61,100.0,100.0,hydroquebec.com,false,""
2022-02-21T10:00:00.000000,Canada,Québec,CA-QC,0.0,26.56,100.0,100.0,hydroquebec.com,false,""
2022-02-21T11:00:00.000000,Canada,Québec,CA-QC,0.0,26.5,100.0,100.0,hydroquebec.com,false,""
2022-02-21T12:00:00.000000,Canada,Québec,CA-QC,0.0,26.42,100.0,100.0,hydroquebec.com,false,""
2022-02-21T13:00:00.000000,Canada,Québec,CA-QC,0.0,26.41,100.0,100.0,hydroquebec.com,false,""
2022-02-21T14:00:00.000000,Canada,Québec,CA-QC,0.0,26.44,100.0,100.0,hydroquebec.com,false,""
2022-02-21T15:00:00.000000,Canada,Québec,CA-QC,0.0,26.51,100.0,100.0,hydroquebec.com,false,""
2022-02-21T16:00:00.000000,Canada,Québec,CA-QC,0.0,26.57,100.0,100.0,hydroquebec.com,false,""
2022-02-21T17:00:00.000000,Canada,Québec,CA-QC,0.0,26.54,100.0,100.0,hydroquebec.com,false,""
2022-02-21T18:00:00.000000,Canada,Québec,CA-QC,0.0,26.63,100.0,100.0,hydroquebec.com,false,""
2022-02-21T19:00:00.000000,Canada,Québec,CA-QC,0.0,26.72,100.0,100.0,hydroquebec.com,false,""
2022-02-21T20:00:00.000000,Canada,Québec,CA-QC,0.0,26.72,100.0,100.0,hydroquebec.com,false,""
2022-02-21T21:00:00.000000,Canada,Québec,CA-QC,0.0,26.7,100.0,100.0,hydroquebec.com,false,""
2022-02-21T22:00:00.000000,Canada,Québec,CA-QC,0.0,26.64,100.0,100.0,hydroquebec.com,false,""
2022-02-21T23:00:00.000000,Canada,Québec,CA-QC,0.0,26.56,100.0,100.0,hydroquebec.com,false,""
2022-02-22T00:00:00.000000,Canada,Québec,CA-QC,0.0,26.53,100.0,100.0,hydroquebec.com,false,""
2022-02-22T01:00:00.000000,Canada,Québec,CA-QC,0.0,26.56,100.0,100.0,hydroquebec.com,false,""
2022-02-22T02:00:00.000000,Canada,Québec,CA-QC,0.0,26.65,100.0,100.0,hydroquebec.com,false,""
2022-02-22T03:00:00.000000,Canada,Québec,CA-QC,0.13,26.85,99.97,99.65,hydroquebec.com,false,""
2022-02-22T04:00:00.000000,Canada,Québec,CA-QC,0.12,26.93,99.97,99.54,hydroquebec.com,false,""
2022-02-22T05:00:00.000000,Canada,Québec,CA-QC,0.1,26.92,99.97,99.44,hydroquebec.com,false,""
2022-02-22T06:00:00.000000,Canada,Québec,CA-QC,0.05,26.82,99.99,99.21,hydroquebec.com,false,""
2022-02-22T07:00:00.000000,Canada,Québec,CA-QC,0.05,26.78,99.99,99.12,hydroquebec.com,false,""
2022-02-22T08:00:00.000000,Canada,Québec,CA-QC,0.05,26.71,99.99,98.98,hydroquebec.com,false,""
2022-02-22T09:00:00.000000,Canada,Québec,CA-QC,0.08,26.59,99.98,98.54,hydroquebec.com,false,""
2022-02-22T10:00:00.000000,Canada,Québec,CA-QC,0.01,26.76,100.0,99.88,hydroquebec.com,false,""
2022-02-22T11:00:00.000000,Canada,Québec,CA-QC,0.08,26.57,99.98,99.56,hydroquebec.com,false,""
2022-02-22T12:00:00.000000,Canada,Québec,CA-QC,0.01,26.4,100.0,99.98,Electricity Maps Estimation,true,ESTIMATED_TIME_SLICER_AVERAGE
2022-02-22T13:00:00.000000,Canada,Québec,CA-QC,0.0,26.35,100.0,100.0,Electricity Maps Estimation; hydroquebec.com,false,""
2022-02-22T14:00:00.000000,Canada,Québec,CA-QC,0.0,26.29,100.0,100.0,hydroquebec.com,false,""
2022-02-22T15:00:00.000000,Canada,Québec,CA-QC,0.0,26.28,100.0,100.0,hydroquebec.com,false,""
2022-02-22T16:00:00.000000,Canada,Québec,CA-QC,0.0,26.28,100.0,100.0,hydroquebec.com,false,""
2022-02-22T17:00:00.000000,Canada,Québec,CA-QC,0.0,26.37,100.0,100.0,hydroquebec.com,false,""
2022-02-22T18:00:00.000000,Canada,Québec,CA-QC,0.0,26.46,100.0,100.0,hydroquebec.com,false,""
2022-02-22T19:00:00.000000,Canada,Québec,CA-QC,0.0,26.45,100.0,100.0,hydroquebec.com,false,""
2022-02-22T20:00:00.000000,Canada,Québec,CA-QC,0.0,26.4,100.0,100.0,hydroquebec.com,false,""
2022-02-22T21:00:00.000000,Canada,Québec,CA-QC,0.0,26.34,100.0,100.0,hydroquebec.com,false,""
2022-02-22T22:00:00.000000,Canada,Québec,CA-QC,0.0,26.27,100.0,100.0,hydroquebec.com,false,""
2022-02-22T23:00:00.000000,Canada,Québec,CA-QC,0.0,26.27,100.0,100.0,hydroquebec.com,false,""
2022-02-23T00:00:00.000000,Canada,Québec,CA-QC,0.0,26.36,100.0,100.0,Electricity Maps Estimation,true,ESTIMATED_TIME_SLICER_AVERAGE
2022-02-23T01:00:00.000000,Canada,Québec,CA-QC,0.0,26.38,100.0,100.0,hydroquebec.com; Electricity Maps Estimation,true,ESTIMATED_TIME_SLICER_AVERAGE
2022-02-23T02:00:00.000000,Canada,Québec,CA-QC,0.0,26.47,100.0,100.0,hydroquebec.com,false,""
2022-02-23T03:00:00.000000,Canada,Québec,CA-QC,0.0,26.61,100.0,100.0,hydroquebec.com,false,""
2022-02-23T04:00:00.000000,Canada,Québec,CA-QC,0.13,26.87,99.97,99.62,hydroquebec.com,false,""
2022-02-23T05:00:00.000000,Canada,Québec,CA-QC,0.21,26.95,99.94,99.04,hydroquebec.com,false,""
2022-02-23T06:00:00.000000,Canada,Québec,CA-QC,0.15,26.68,99.96,98.34,hydroquebec.com,false,""
2022-02-23T07:00:00.000000,Canada,Québec,CA-QC,0.14,26.44,99.96,97.49,hydroquebec.com,false,""
2022-02-23T08:00:00.000000,Canada,Québec,CA-QC,0.18,26.61,99.95,98.2,hydroquebec.com,false,""
2022-02-23T09:00:00.000000,Canada,Québec,CA-QC,0.04,26.79,99.99,99.46,hydroquebec.com,false,""
2022-02-23T10:00:00.000000,Canada,Québec,CA-QC,0.0,27.04,100.0,100.0,hydroquebec.com,false,""
2022-02-23T11:00:00.000000,Canada,Québec,CA-QC,0.0,26.99,100.0,100.0,hydroquebec.com,false,""
2022-02-23T12:00:00.000000,Canada,Québec,CA-QC,0.0,26.85,100.0,100.0,hydroquebec.com,false,""
2022-02-23T13:00:00.000000,Canada,Québec,CA-QC,0.0,26.81,100.0,100.0,hydroquebec.com,false,""
2022-02-23T14:00:00.000000,Canada,Québec,CA-QC,0.0,26.8,100.0,100.0,hydroquebec.com,false,""
2022-02-23T15:00:00.000000,Canada,Québec,CA-QC,0.0,26.77,100.0,100.0,hydroquebec.com,false,""
2022-02-23T16:00:00.000000,Canada,Québec,CA-QC,0.0,26.77,100.0,100.0,hydroquebec.com,false,""
2022-02-23T17:00:00.000000,Canada,Québec,CA-QC,0.0,26.83,100.0,100.0,hydroquebec.com,false,""
2022-02-23T18:00:00.000000,Canada,Québec,CA-QC,0.0,26.93,100.0,100.0,hydroquebec.com,false,""
2022-02-23T19:00:00.000000,Canada,Québec,CA-QC,0.0,26.98,100.0,100.0,hydroquebec.com,false,""
2022-02-23T20:00:00.000000,Canada,Québec,CA-QC,0.0,26.88,100.0,100.0,hydroquebec.com,false,""
2022-02-23T21:00:00.000000,Canada,Québec,CA-QC,0.0,26.66,100.0,100.0,hydroquebec.com,false,""
2022-02-23T22:00:00.000000,Canada,Québec,CA-QC,0.03,26.46,99.99,99.97,hydroquebec.com,false,""
2022-02-23T23:00:00.000000,Canada,Québec,CA-QC,0.05,26.33,99.99,99.96,hydroquebec.com,false,""
2022-02-24T00:00:00.000000,Canada,Québec,CA-QC,0.08,26.3,99.98,99.94,hydroquebec.com,false,""
2022-02-24T01:00:00.000000,Canada,Québec,CA-QC,0.04,26.22,99.99,99.97,hydroquebec.com,false,""
2022-02-24T02:00:00.000000,Canada,Québec,CA-QC,0.01,26.18,100.0,99.99,hydroquebec.com,false,""
2022-02-24T03:00:00.000000,Canada,Québec,CA-QC,0.08,26.29,99.98,99.94,hydroquebec.com,false,""
2022-02-24T04:00:00.000000,Canada,Québec,CA-QC,0.06,26.3,99.98,99.95,hydroquebec.com,false,""
2022-02-24T05:00:00.000000,Canada,Québec,CA-QC,0.04,26.29,99.99,99.96,hydroquebec.com,false,""
2022-02-24T06:00:00.000000,Canada,Québec,CA-QC,0.04,26.3,99.99,99.96,hydroquebec.com,false,""
2022-02-24T07:00:00.000000,Canada,Québec,CA-QC,0.0,26.29,100.0,100.0,hydroquebec.com,false,""
2022-02-24T08:00:00.000000,Canada,Québec,CA-QC,0.02,26.33,99.99,99.98,hydroquebec.com,false,""
2022-02-24T09:00:00.000000,Canada,Québec,CA-QC,0.05,26.36,99.99,99.94,hydroquebec.com,false,""
2022-02-24T10:00:00.000000,Canada,Québec,CA-QC,0.37,26.64,99.9,99.56,hydroquebec.com,false,""
2022-02-24T11:00:00.000000,Canada,Québec,CA-QC,0.45,26.65,99.88,99.56,hydroquebec.com,false,""
2022-02-24T12:00:00.000000,Canada,Québec,CA-QC,0.56,26.79,99.85,99.55,hydroquebec.com,false,""
2022-02-24T13:00:00.000000,Canada,Québec,CA-QC,0.63,26.93,99.83,99.55,hydroquebec.com,false,""
2022-02-24T14:00:00.000000,Canada,Québec,CA-QC,1.38,27.91,99.63,99.0,hydroquebec.com,false,""
2022-02-24T15:00:00.000000,Canada,Québec,CA-QC,2.0,28.79,99.46,98.41,hydroquebec.com,false,""
2022-02-24T16:00:00.000000,Canada,Québec,CA-QC,0.85,27.55,99.77,99.31,hydroquebec.com,false,""
2022-02-24T17:00:00.000000,Canada,Québec,CA-QC,0.0,26.6,100.0,100.0,hydroquebec.com,false,""
2022-02-24T18:00:00.000000,Canada,Québec,CA-QC,0.0,26.64,100.0,100.0,hydroquebec.com,false,""
2022-02-24T19:00:00.000000,Canada,Québec,CA-QC,0.0,26.67,100.0,100.0,hydroquebec.com,false,""
2022-02-24T20:00:00.000000,Canada,Québec,CA-QC,0.0,26.64,100.0,100.0,hydroquebec.com,false,""
2022-02-24T21:00:00.000000,Canada,Québec,CA-QC,0.0,26.6,100.0,100.0,hydroquebec.com,false,""
2022-02-24T22:00:00.000000,Canada,Québec,CA-QC,0.01,26.48,100.0,99.99,hydroquebec.com,false,""
2022-02-24T23:00:00.000000,Canada,Québec,CA-QC,0.53,26.92,99.86,99.54,hydroquebec.com,false,""
2022-02-25T00:00:00.000000,Canada,Québec,CA-QC,1.78,28.32,99.52,98.51,hydroquebec.com,false,""
2022-02-25T01:00:00.000000,Canada,Québec,CA-QC,2.33,29.09,99.37,98.32,hydroquebec.com,false,""
2022-02-25T02:00:00.000000,Canada,Québec,CA-QC,2.42,29.29,99.35,98.32,hydroquebec.com,false,""
2022-02-25T03:00:00.000000,Canada,Québec,CA-QC,1.33,28.09,99.64,99.04,hydroquebec.com,false,""
2022-02-25T04:00:00.000000,Canada,Québec,CA-QC,1.81,28.66,99.51,98.36,hydroquebec.com,false,""
2022-02-25T05:00:00.000000,Canada,Québec,CA-QC,2.38,29.34,99.36,97.63,hydroquebec.com,false,""
2022-02-25T06:00:00.000000,Canada,Québec,CA-QC,2.02,28.97,99.45,97.73,hydroquebec.com,false,""
2022-02-25T07:00:00.000000,Canada,Québec,CA-QC,1.97,28.91,99.47,97.53,hydroquebec.com,false,""
2022-02-25T08:00:00.000000,Canada,Québec,CA-QC,2.43,29.48,99.37,97.37,hydroquebec.com,false,""
2022-02-25T09:00:00.000000,Canada,Québec,CA-QC,3.98,31.35,99.03,96.87,hydroquebec.com,false,""
2022-02-25T10:00:00.000000,Canada,Québec,CA-QC,2.4,29.48,99.35,97.51,hydroquebec.com,false,""
2022-02-25T11:00:00.000000,Canada,Québec,CA-QC,2.56,29.6,99.31,97.66,hydroquebec.com,false,""
2022-02-25T12:00:00.000000,Canada,Québec,CA-QC,2.54,29.55,99.31,97.9,hydroquebec.com,false,""
2022-02-25T13:00:00.000000,Canada,Québec,CA-QC,2.96,30.03,99.2,97.79,hydroquebec.com,false,""
2022-02-25T14:00:00.000000,Canada,Québec,CA-QC,3.13,30.22,99.15,97.74,hydroquebec.com,false,""
2022-02-25T15:00:00.000000,Canada,Québec,CA-QC,3.21,30.41,99.13,97.81,hydroquebec.com,false,""
2022-02-25T16:00:00.000000,Canada,Québec,CA-QC,2.78,29.97,99.25,98.13,hydroquebec.com,false,""
2022-02-25T17:00:00.000000,Canada,Québec,CA-QC,3.48,30.85,99.06,97.69,hydroquebec.com,false,""
2022-02-25T18:00:00.000000,Canada,Québec,CA-QC,3.36,30.75,99.1,97.75,hydroquebec.com,false,""
2022-02-25T19:00:00.000000,Canada,Québec,CA-QC,3.65,31.14,99.01,97.47,hydroquebec.com,false,""
2022-02-25T20:00:00.000000,Canada,Québec,CA-QC,3.61,31.11,99.02,97.42,hydroquebec.com,false,""
2022-02-25T21:00:00.000000,Canada,Québec,CA-QC,3.49,31.0,99.06,97.58,hydroquebec.com,false,""
2022-02-25T22:00:00.000000,Canada,Québec,CA-QC,3.51,30.93,99.05,97.48,hydroquebec.com,false,""
2022-02-25T23:00:00.000000,Canada,Québec,CA-QC,3.42,30.73,99.08,97.66,hydroquebec.com,false,""
2022-02-26T00:00:00.000000,Canada,Québec,CA-QC,3.68,30.99,99.01,97.62,hydroquebec.com,false,""
2022-02-26T01:00:00.000000,Canada,Québec,CA-QC,3.74,31.04,99.0,97.62,hydroquebec.com,false,""
2022-02-26T02:00:00.000000,Canada,Québec,CA-QC,3.61,30.9,99.02,97.64,hydroquebec.com,false,""
2022-02-26T03:00:00.000000,Canada,Québec,CA-QC,3.85,31.21,98.96,97.44,hydroquebec.com,false,""
2022-02-26T04:00:00.000000,Canada,Québec,CA-QC,3.9,31.35,98.95,97.35,hydroquebec.com,false,""
2022-02-26T05:00:00.000000,Canada,Québec,CA-QC,3.56,30.91,99.04,97.39,hydroquebec.com,false,""
2022-02-26T06:00:00.000000,Canada,Québec,CA-QC,2.84,29.96,99.24,97.73,hydroquebec.com,false,""
2022-02-26T07:00:00.000000,Canada,Québec,CA-QC,2.58,29.53,99.31,97.65,hydroquebec.com,false,""
2022-02-26T08:00:00.000000,Canada,Québec,CA-QC,2.39,29.23,99.36,97.7,hydroquebec.com,false,""
2022-02-26T09:00:00.000000,Canada,Québec,CA-QC,2.52,29.29,99.32,97.49,hydroquebec.com,false,""
2022-02-26T10:00:00.000000,Canada,Québec,CA-QC,1.6,28.19,99.57,98.44,hydroquebec.com,false,""
2022-02-26T11:00:00.000000,Canada,Québec,CA-QC,1.83,28.37,99.51,98.22,hydroquebec.com,false,""
2022-02-26T12:00:00.000000,Canada,Québec,CA-QC,2.2,28.76,99.4,98.03,hydroquebec.com,false,""
2022-02-26T13:00:00.000000,Canada,Québec,CA-QC,2.2,28.78,99.41,98.12,hydroquebec.com,false,""
2022-02-26T14:00:00.000000,Canada,Québec,CA-QC,0.64,27.13,99.83,99.44,hydroquebec.com,false,""
2022-02-26T15:00:00.000000,Canada,Québec,CA-QC,1.23,27.89,99.67,98.81,hydroquebec.com,false,""
2022-02-26T16:00:00.000000,Canada,Québec,CA-QC,0.02,26.69,100.0,99.98,hydroquebec.com,false,""
2022-02-26T17:00:00.000000,Canada,Québec,CA-QC,0.3,27.01,99.92,99.59,hydroquebec.com,false,""
2022-02-26T18:00:00.000000,Canada,Québec,CA-QC,0.69,27.36,99.81,99.0,hydroquebec.com,false,""
2022-02-26T19:00:00.000000,Canada,Québec,CA-QC,0.94,27.55,99.75,98.46,hydroquebec.com,false,""
2022-02-26T20:00:00.000000,Canada,Québec,CA-QC,0.75,27.39,99.8,98.83,hydroquebec.com,false,""
2022-02-26T21:00:00.000000,Canada,Québec,CA-QC,0.9,27.48,99.76,98.82,hydroquebec.com,false,""
2022-02-26T22:00:00.000000,Canada,Québec,CA-QC,0.61,27.02,99.84,99.26,hydroquebec.com,false,""
2022-02-26T23:00:00.000000,Canada,Québec,CA-QC,0.09,26.27,99.98,99.89,hydroquebec.com,false,""
2022-02-27T00:00:00.000000,Canada,Québec,CA-QC,0.59,26.71,99.84,99.28,hydroquebec.com,false,""
2022-02-27T01:00:00.000000,Canada,Québec,CA-QC,1.12,27.29,99.7,98.64,hydroquebec.com,false,""
2022-02-27T02:00:00.000000,Canada,Québec,CA-QC,0.68,26.92,99.82,99.08,hydroquebec.com,false,""
2022-02-27T03:00:00.000000,Canada,Québec,CA-QC,0.89,27.08,99.76,98.48,hydroquebec.com,false,""
2022-02-27T04:00:00.000000,Canada,Québec,CA-QC,0.63,26.76,99.83,98.48,hydroquebec.com,false,""
2022-02-27T05:00:00.000000,Canada,Québec,CA-QC,0.47,26.59,99.87,98.42,hydroquebec.com,false,""
2022-02-27T06:00:00.000000,Canada,Québec,CA-QC,0.23,26.35,99.94,98.63,hydroquebec.com,false,""
2022-02-27T07:00:00.000000,Canada,Québec,CA-QC,0.15,26.14,99.96,98.18,hydroquebec.com,false,""
2022-02-27T08:00:00.000000,Canada,Québec,CA-QC,0.1,26.1,99.97,98.06,hydroquebec.com,false,""
2022-02-27T09:00:00.000000,Canada,Québec,CA-QC,0.11,26.11,99.97,97.95,hydroquebec.com,false,""
2022-02-27T10:00:00.000000,Canada,Québec,CA-QC,0.13,26.05,99.97,97.64,hydroquebec.com,false,""
2022-02-27T11:00:00.000000,Canada,Québec,CA-QC,0.08,26.21,99.98,98.48,hydroquebec.com,false,""
2022-02-27T12:00:00.000000,Canada,Québec,CA-QC,0.04,26.33,99.99,99.15,hydroquebec.com,false,""
2022-02-27T13:00:00.000000,Canada,Québec,CA-QC,0.0,26.5,100.0,99.99,hydroquebec.com,false,""
2022-02-27T14:00:00.000000,Canada,Québec,CA-QC,0.0,26.52,100.0,100.0,hydroquebec.com,false,""
2022-02-27T15:00:00.000000,Canada,Québec,CA-QC,0.0,26.59,100.0,100.0,hydroquebec.com,false,""
2022-02-27T16:00:00.000000,Canada,Québec,CA-QC,0.0,26.67,100.0,100.0,hydroquebec.com,false,""
2022-02-27T17:00:00.000000,Canada,Québec,CA-QC,0.0,26.72,100.0,100.0,hydroquebec.com,false,""
2022-02-27T18:00:00.000000,Canada,Québec,CA-QC,0.0,26.75,100.0,100.0,hydroquebec.com,false,""
2022-02-27T19:00:00.000000,Canada,Québec,CA-QC,0.0,26.74,100.0,100.0,hydroquebec.com,false,""
2022-02-27T20:00:00.000000,Canada,Québec,CA-QC,0.0,26.68,100.0,100.0,hydroquebec.com,false,""
2022-02-27T21:00:00.000000,Canada,Québec,CA-QC,0.0,26.5,100.0,100.0,hydroquebec.com,false,""
2022-02-27T22:00:00.000000,Canada,Québec,CA-QC,0.0,26.25,100.0,100.0,hydroquebec.com,false,""
2022-02-27T23:00:00.000000,Canada,Québec,CA-QC,0.0,26.06,100.0,100.0,hydroquebec.com,false,""
2022-02-28T00:00:00.000000,Canada,Québec,CA-QC,0.0,26.04,100.0,100.0,hydroquebec.com,false,""
2022-02-28T01:00:00.000000,Canada,Québec,CA-QC,0.0,26.18,100.0,100.0,hydroquebec.com,false,""
2022-02-28T02:00:00.000000,Canada,Québec,CA-QC,0.0,26.15,100.0,100.0,hydroquebec.com,false,""
2022-02-28T03:00:00.000000,Canada,Québec,CA-QC,0.0,26.12,100.0,100.0,hydroquebec.com,false,""
2022-02-28T04:00:00.000000,Canada,Québec,CA-QC,0.0,26.27,100.0,100.0,hydroquebec.com,false,""
2022-02-28T05:00:00.000000,Canada,Québec,CA-QC,0.37,26.7,99.9,99.6,hydroquebec.com,false,""
2022-02-28T06:00:00.000000,Canada,Québec,CA-QC,1.32,27.63,99.65,98.63,hydroquebec.com,false,""
2022-02-28T07:00:00.000000,Canada,Québec,CA-QC,0.91,27.16,99.76,99.12,hydroquebec.com,false,""
2022-02-28T08:00:00.000000,Canada,Québec,CA-QC,2.7,29.21,99.27,97.32,hydroquebec.com,false,""
2022-02-28T09:00:00.000000,Canada,Québec,CA-QC,0.92,27.26,99.75,99.17,hydroquebec.com,false,""
2022-02-28T10:00:00.000000,Canada,Québec,CA-QC,1.29,27.57,99.65,98.75,hydroquebec.com,false,""
2022-02-28T11:00:00.000000,Canada,Québec,CA-QC,3.38,29.86,99.09,97.09,hydroquebec.com,false,""
2022-02-28T12:00:00.000000,Canada,Québec,CA-QC,4.34,31.06,98.85,97.07,hydroquebec.com,false,""
2022-02-28T13:00:00.000000,Canada,Québec,CA-QC,4.0,30.79,98.94,97.38,hydroquebec.com,false,""
2022-02-28T14:00:00.000000,Canada,Québec,CA-QC,0.4,26.59,99.89,99.71,hydroquebec.com,false,""
2022-02-28T15:00:00.000000,Canada,Québec,CA-QC,0.0,26.06,100.0,100.0,hydroquebec.com,false,""
2022-02-28T16:00:00.000000,Canada,Québec,CA-QC,0.0,26.1,100.0,100.0,hydroquebec.com,false,""
2022-02-28T17:00:00.000000,Canada,Québec,CA-QC,0.13,26.39,99.97,99.9,hydroquebec.com,false,""
2022-02-28T18:00:00.000000,Canada,Québec,CA-QC,1.05,27.51,99.72,99.17,hydroquebec.com,false,""
2022-02-28T19:00:00.000000,Canada,Québec,CA-QC,0.93,27.4,99.75,99.31,hydroquebec.com,false,""
2022-02-28T20:00:00.000000,Canada,Québec,CA-QC,0.15,26.49,99.96,99.88,hydroquebec.com,false,""
2022-02-28T21:00:00.000000,Canada,Québec,CA-QC,0.05,26.32,99.99,99.96,hydroquebec.com,false,""
2022-02-28T22:00:00.000000,Canada,Québec,CA-QC,2.61,29.17,99.31,98.07,hydroquebec.com,false,""
2022-02-28T23:00:00.000000,Canada,Québec,CA-QC,3.42,29.94,99.08,97.44,hydroquebec.com,false,""
2022-03-01T00:00:00.000000,Canada,Québec,CA-QC,2.06,28.31,99.44,98.5,hydroquebec.com,false,""
2022-03-01T01:00:00.000000,Canada,Québec,CA-QC,1.91,28.17,99.48,98.51,hydroquebec.com,false,""
2022-03-01T02:00:00.000000,Canada,Québec,CA-QC,1.84,28.14,99.5,98.56,hydroquebec.com,false,""
2022-03-01T03:00:00.000000,Canada,Québec,CA-QC,0.77,26.91,99.79,99.4,hydroquebec.com,false,""
2022-03-01T04:00:00.000000,Canada,Québec,CA-QC,1.57,27.81,99.58,98.5,hydroquebec.com,false,""
2022-03-01T05:00:00.000000,Canada,Québec,CA-QC,2.19,28.57,99.41,97.58,hydroquebec.com,false,""
2022-03-01T06:00:00.000000,Canada,Québec,CA-QC,2.0,28.33,99.46,97.34,hydroquebec.com,false,""
2022-03-01T07:00:00.000000,Canada,Québec,CA-QC,1.98,28.47,99.47,97.29,hydroquebec.com,false,""
2022-03-01T08:00:00.000000,Canada,Québec,CA-QC,2.32,29.02,99.38,97.23,hydroquebec.com,false,""
2022-03-01T09:00:00.000000,Canada,Québec,CA-QC,3.11,30.01,99.19,97.02,hydroquebec.com,false,""
2022-03-01T10:00:00.000000,Canada,Québec,CA-QC,4.1,31.24,98.95,96.79,hydroquebec.com,false,""
2022-03-01T11:00:00.000000,Canada,Québec,CA-QC,4.44,31.6,98.89,96.89,hydroquebec.com,false,""
2022-03-01T12:00:00.000000,Canada,Québec,CA-QC,3.63,30.65,99.06,97.24,hydroquebec.com,false,""
2022-03-01T13:00:00.000000,Canada,Québec,CA-QC,6.01,33.58,98.54,96.64,hydroquebec.com,false,""
2022-03-01T14:00:00.000000,Canada,Québec,CA-QC,3.64,30.96,99.03,97.37,hydroquebec.com,false,""
2022-03-01T15:00:00.000000,Canada,Québec,CA-QC,3.94,31.42,98.95,97.2,hydroquebec.com,false,""
2022-03-01T16:00:00.000000,Canada,Québec,CA-QC,2.56,29.95,99.32,98.25,hydroquebec.com,false,""
2022-03-01T17:00:00.000000,Canada,Québec,CA-QC,2.36,29.73,99.36,98.25,hydroquebec.com,false,""
2022-03-01T18:00:00.000000,Canada,Québec,CA-QC,2.14,29.42,99.42,98.32,hydroquebec.com,false,""
2022-03-01T19:00:00.000000,Canada,Québec,CA-QC,1.31,28.38,99.64,98.91,hydroquebec.com,false,""
2022-03-01T20:00:00.000000,Canada,Québec,CA-QC,1.41,28.43,99.62,98.82,hydroquebec.com,false,""
2022-03-01T21:00:00.000000,Canada,Québec,CA-QC,2.69,29.8,99.27,97.69,hydroquebec.com,false,""
2022-03-01T22:00:00.000000,Canada,Québec,CA-QC,2.68,29.67,99.28,97.76,hydroquebec.com,false,""
2022-03-01T23:00:00.000000,Canada,Québec,CA-QC,1.86,28.62,99.5,98.48,hydroquebec.com,false,""
2022-03-02T00:00:00.000000,Canada,Québec,CA-QC,0.72,27.32,99.81,99.41,hydroquebec.com,false,""
2022-03-02T01:00:00.000000,Canada,Québec,CA-QC,1.51,28.21,99.59,98.68,hydroquebec.com,false,""
2022-03-02T02:00:00.000000,Canada,Québec,CA-QC,0.51,27.15,99.86,99.59,hydroquebec.com,false,""
2022-03-02T03:00:00.000000,Canada,Québec,CA-QC,0.35,27.11,99.9,99.7,hydroquebec.com,false,""
2022-03-02T04:00:00.000000,Canada,Québec,CA-QC,0.18,27.08,99.95,99.83,hydroquebec.com,false,""
2022-03-02T05:00:00.000000,Canada,Québec,CA-QC,0.03,26.99,99.99,99.97,hydroquebec.com,false,""
2022-03-02T06:00:00.000000,Canada,Québec,CA-QC,0.0,26.98,100.0,100.0,hydroquebec.com,false,""
2022-03-02T07:00:00.000000,Canada,Québec,CA-QC,0.22,27.21,99.94,99.72,hydroquebec.com,false,""
2022-03-02T08:00:00.000000,Canada,Québec,CA-QC,1.02,28.03,99.72,98.77,hydroquebec.com,false,""
2022-03-02T09:00:00.000000,Canada,Québec,CA-QC,0.02,26.96,99.99,99.98,hydroquebec.com,false,""
2022-03-02T10:00:00.000000,Canada,Québec,CA-QC,1.15,28.14,99.69,98.74,hydroquebec.com,false,""
2022-03-02T11:00:00.000000,Canada,Québec,CA-QC,1.22,28.15,99.67,98.79,hydroquebec.com,false,""
2022-03-02T12:00:00.000000,Canada,Québec,CA-QC,1.5,28.51,99.59,98.82,hydroquebec.com,false,""
2022-03-02T13:00:00.000000,Canada,Québec,CA-QC,1.59,28.68,99.57,98.82,hydroquebec.com,false,""
2022-03-02T14:00:00.000000,Canada,Québec,CA-QC,1.58,28.75,99.57,98.81,hydroquebec.com,false,""
2022-03-02T15:00:00.000000,Canada,Québec,CA-QC,0.01,26.94,100.0,99.99,hydroquebec.com,false,""
2022-03-02T16:00:00.000000,Canada,Québec,CA-QC,0.0,26.87,100.0,100.0,hydroquebec.com,false,""
2022-03-02T17:00:00.000000,Canada,Québec,CA-QC,0.0,26.85,100.0,100.0,hydroquebec.com,false,""
2022-03-02T18:00:00.000000,Canada,Québec,CA-QC,0.0,26.77,100.0,100.0,hydroquebec.com,false,""
2022-03-02T19:00:00.000000,Canada,Québec,CA-QC,0.0,26.7,100.0,100.0,hydroquebec.com,false,""
2022-03-02T20:00:00.000000,Canada,Québec,CA-QC,0.0,26.64,100.0,100.0,hydroquebec.com,false,""
2022-03-02T21:00:00.000000,Canada,Québec,CA-QC,0.0,26.46,100.0,100.0,hydroquebec.com,false,""
2022-03-02T22:00:00.000000,Canada,Québec,CA-QC,0.0,26.33,100.0,100.0,hydroquebec.com,false,""
2022-03-02T23:00:00.000000,Canada,Québec,CA-QC,0.0,26.3,100.0,100.0,hydroquebec.com,false,""
2022-03-03T00:00:00.000000,Canada,Québec,CA-QC,0.0,26.29,100.0,100.0,hydroquebec.com,false,""
2022-03-03T01:00:00.000000,Canada,Québec,CA-QC,0.15,26.51,99.96,99.88,hydroquebec.com,false,""
2022-03-03T02:00:00.000000,Canada,Québec,CA-QC,0.0,26.45,100.0,100.0,hydroquebec.com,false,""
2022-03-03T03:00:00.000000,Canada,Québec,CA-QC,0.0,26.56,100.0,100.0,hydroquebec.com,false,""
2022-03-03T04:00:00.000000,Canada,Québec,CA-QC,0.0,26.7,100.0,100.0,hydroquebec.com,false,""
2022-03-03T05:00:00.000000,Canada,Québec,CA-QC,0.0,26.88,100.0,100.0,hydroquebec.com,false,""
2022-03-03T06:00:00.000000,Canada,Québec,CA-QC,0.12,27.09,99.97,99.72,hydroquebec.com,false,""
2022-03-03T07:00:00.000000,Canada,Québec,CA-QC,0.18,27.19,99.95,99.59,hydroquebec.com,false,""
2022-03-03T08:00:00.000000,Canada,Québec,CA-QC,0.23,27.25,99.94,99.48,hydroquebec.com,false,""
2022-03-03T09:00:00.000000,Canada,Québec,CA-QC,0.11,27.08,99.97,99.79,hydroquebec.com,false,""
2022-03-03T10:00:00.000000,Canada,Québec,CA-QC,0.0,26.79,100.0,100.0,hydroquebec.com,false,""
2022-03-03T11:00:00.000000,Canada,Québec,CA-QC,0.0,26.6,100.0,100.0,hydroquebec.com,false,""
2022-03-03T12:00:00.000000,Canada,Québec,CA-QC,0.0,26.5,100.0,100.0,hydroquebec.com,false,""
2022-03-03T13:00:00.000000,Canada,Québec,CA-QC,0.0,26.51,100.0,100.0,hydroquebec.com,false,""
2022-03-03T14:00:00.000000,Canada,Québec,CA-QC,0.0,26.58,100.0,100.0,hydroquebec.com,false,""
2022-03-03T15:00:00.000000,Canada,Québec,CA-QC,0.0,26.62,100.0,100.0,hydroquebec.com,false,""
2022-03-03T16:00:00.000000,Canada,Québec,CA-QC,0.0,26.56,100.0,100.0,hydroquebec.com,false,""
2022-03-03T17:00:00.000000,Canada,Québec,CA-QC,0.0,26.51,100.0,100.0,hydroquebec.com,false,""
2022-03-03T18:00:00.000000,Canada,Québec,CA-QC,0.0,26.44,100.0,100.0,hydroquebec.com,false,""
2022-03-03T19:00:00.000000,Canada,Québec,CA-QC,0.0,26.37,100.0,100.0,hydroquebec.com,false,""
2022-03-03T20:00:00.000000,Canada,Québec,CA-QC,0.0,26.36,100.0,100.0,hydroquebec.com,false,""
2022-03-03T21:00:00.000000,Canada,Québec,CA-QC,0.0,26.27,100.0,100.0,hydroquebec.com,false,""
2022-03-03T22:00:00.000000,Canada,Québec,CA-QC,0.0,26.11,100.0,100.0,hydroquebec.com,false,""
2022-03-03T23:00:00.000000,Canada,Québec,CA-QC,0.1,26.09,99.97,99.91,hydroquebec.com,false,""
2022-03-04T00:00:00.000000,Canada,Québec,CA-QC,0.0,25.89,100.0,100.0,hydroquebec.com,false,""
2022-03-04T01:00:00.000000,Canada,Québec,CA-QC,0.0,25.93,100.0,100.0,hydroquebec.com,false,""
2022-03-04T02:00:00.000000,Canada,Québec,CA-QC,0.0,25.99,100.0,100.0,hydroquebec.com,false,""
2022-03-04T03:00:00.000000,Canada,Québec,CA-QC,0.0,26.04,100.0,100.0,hydroquebec.com,false,""
2022-03-04T04:00:00.000000,Canada,Québec,CA-QC,0.0,26.11,100.0,100.0,hydroquebec.com,false,""
2022-03-04T05:00:00.000000,Canada,Québec,CA-QC,0.0,26.16,100.0,100.0,hydroquebec.com,false,""
2022-03-04T06:00:00.000000,Canada,Québec,CA-QC,0.0,26.11,100.0,100.0,hydroquebec.com,false,""
2022-03-04T07:00:00.000000,Canada,Québec,CA-QC,0.0,26.13,100.0,100.0,hydroquebec.com,false,""
2022-03-04T08:00:00.000000,Canada,Québec,CA-QC,0.0,26.22,100.0,100.0,hydroquebec.com,false,""
2022-03-04T09:00:00.000000,Canada,Québec,CA-QC,0.0,26.09,100.0,100.0,hydroquebec.com,false,""
2022-03-04T10:00:00.000000,Canada,Québec,CA-QC,0.86,26.9,99.77,98.94,hydroquebec.com,false,""
2022-03-04T11:00:00.000000,Canada,Québec,CA-QC,1.72,27.82,99.54,98.14,hydroquebec.com,false,""
2022-03-04T12:00:00.000000,Canada,Québec,CA-QC,2.15,28.36,99.42,98.15,hydroquebec.com,false,""
2022-03-04T13:00:00.000000,Canada,Québec,CA-QC,2.25,28.55,99.4,98.17,hydroquebec.com,false,""
2022-03-04T14:00:00.000000,Canada,Québec,CA-QC,0.06,26.15,99.98,99.96,hydroquebec.com,false,""
2022-03-04T15:00:00.000000,Canada,Québec,CA-QC,0.0,26.07,100.0,100.0,hydroquebec.com,false,""
2022-03-04T16:00:00.000000,Canada,Québec,CA-QC,0.0,26.05,100.0,100.0,hydroquebec.com,false,""
2022-03-04T17:00:00.000000,Canada,Québec,CA-QC,0.0,26.07,100.0,100.0,hydroquebec.com,false,""
2022-03-04T18:00:00.000000,Canada,Québec,CA-QC,0.0,26.2,100.0,100.0,hydroquebec.com,false,""
2022-03-04T19:00:00.000000,Canada,Québec,CA-QC,0.22,26.65,99.94,99.7,hydroquebec.com,false,""
2022-03-04T20:00:00.000000,Canada,Québec,CA-QC,0.0,26.54,100.0,100.0,hydroquebec.com,false,""
2022-03-04T21:00:00.000000,Canada,Québec,CA-QC,0.0,26.33,100.0,100.0,hydroquebec.com,false,""
2022-03-04T22:00:00.000000,Canada,Québec,CA-QC,0.0,26.12,100.0,100.0,hydroquebec.com,false,""
2022-03-04T23:00:00.000000,Canada,Québec,CA-QC,0.0,26.03,100.0,100.0,hydroquebec.com,false,""
2022-03-05T00:00:00.000000,Canada,Québec,CA-QC,0.0,25.98,100.0,100.0,hydroquebec.com,false,""
2022-03-05T01:00:00.000000,Canada,Québec,CA-QC,0.0,26.0,100.0,100.0,hydroquebec.com,false,""
2022-03-05T02:00:00.000000,Canada,Québec,CA-QC,0.0,26.13,100.0,100.0,hydroquebec.com,false,""
2022-03-05T03:00:00.000000,Canada,Québec,CA-QC,0.0,26.2,100.0,100.0,hydroquebec.com,false,""
2022-03-05T04:00:00.000000,Canada,Québec,CA-QC,0.0,26.25,100.0,100.0,hydroquebec.com,false,""
2022-03-05T05:00:00.000000,Canada,Québec,CA-QC,0.0,26.4,100.0,100.0,hydroquebec.com,false,""
2022-03-05T06:00:00.000000,Canada,Québec,CA-QC,0.0,26.46,100.0,100.0,hydroquebec.com,false,""
2022-03-05T07:00:00.000000,Canada,Québec,CA-QC,0.0,26.48,100.0,100.0,hydroquebec.com,false,""
2022-03-05T08:00:00.000000,Canada,Québec,CA-QC,0.0,26.45,100.0,100.0,hydroquebec.com,false,""
2022-03-05T09:00:00.000000,Canada,Québec,CA-QC,0.0,26.41,100.0,100.0,hydroquebec.com,false,""
2022-03-05T10:00:00.000000,Canada,Québec,CA-QC,0.0,26.36,100.0,100.0,hydroquebec.com,false,""
2022-03-05T11:00:00.000000,Canada,Québec,CA-QC,0.0,26.27,100.0,100.0,hydroquebec.com,false,""
2022-03-05T12:00:00.000000,Canada,Québec,CA-QC,0.0,26.25,100.0,100.0,hydroquebec.com,false,""
2022-03-05T13:00:00.000000,Canada,Québec,CA-QC,0.0,26.33,100.0,100.0,hydroquebec.com,false,""
2022-03-05T14:00:00.000000,Canada,Québec,CA-QC,0.0,26.37,100.0,100.0,hydroquebec.com,false,""
2022-03-05T15:00:00.000000,Canada,Québec,CA-QC,0.0,26.4,100.0,100.0,hydroquebec.com,false,""
2022-03-05T16:00:00.000000,Canada,Québec,CA-QC,0.0,26.5,100.0,100.0,hydroquebec.com,false,""
2022-03-05T17:00:00.000000,Canada,Québec,CA-QC,0.0,26.52,100.0,100.0,hydroquebec.com,false,""
2022-03-05T18:00:00.000000,Canada,Québec,CA-QC,0.0,26.51,100.0,100.0,hydroquebec.com,false,""
2022-03-05T19:00:00.000000,Canada,Québec,CA-QC,0.0,26.68,100.0,100.0,hydroquebec.com,false,""
2022-03-05T20:00:00.000000,Canada,Québec,CA-QC,0.0,26.84,100.0,100.0,hydroquebec.com,false,""
2022-03-05T21:00:00.000000,Canada,Québec,CA-QC,0.0,26.67,100.0,100.0,hydroquebec.com,false,""
2022-03-05T22:00:00.000000,Canada,Québec,CA-QC,0.0,26.4,100.0,100.0,hydroquebec.com,false,""
2022-03-05T23:00:00.000000,Canada,Québec,CA-QC,0.0,26.39,100.0,100.0,hydroquebec.com,false,""
2022-03-06T00:00:00.000000,Canada,Québec,CA-QC,0.0,26.49,100.0,100.0,hydroquebec.com,false,""
2022-03-06T01:00:00.000000,Canada,Québec,CA-QC,0.0,26.57,100.0,100.0,hydroquebec.com,false,""
2022-03-06T02:00:00.000000,Canada,Québec,CA-QC,0.0,26.57,100.0,100.0,hydroquebec.com,false,""
2022-03-06T03:00:00.000000,Canada,Québec,CA-QC,0.0,26.66,100.0,100.0,hydroquebec.com,false,""
2022-03-06T04:00:00.000000,Canada,Québec,CA-QC,0.0,26.88,100.0,99.95,hydroquebec.com,false,""
2022-03-06T05:00:00.000000,Canada,Québec,CA-QC,0.06,26.87,99.99,98.98,hydroquebec.com,false,""
2022-03-06T06:00:00.000000,Canada,Québec,CA-QC,0.09,26.92,99.98,98.43,hydroquebec.com,false,""
2022-03-06T07:00:00.000000,Canada,Québec,CA-QC,0.1,26.99,99.97,98.19,hydroquebec.com,false,""
2022-03-06T08:00:00.000000,Canada,Québec,CA-QC,0.13,26.94,99.97,97.66,hydroquebec.com,false,""
2022-03-06T09:00:00.000000,Canada,Québec,CA-QC,0.13,26.9,99.97,97.61,hydroquebec.com,false,""
2022-03-06T10:00:00.000000,Canada,Québec,CA-QC,0.13,26.78,99.97,97.61,hydroquebec.com,false,""
2022-03-06T11:00:00.000000,Canada,Québec,CA-QC,0.12,26.64,99.97,97.72,hydroquebec.com,false,""
2022-03-06T12:00:00.000000,Canada,Québec,CA-QC,0.06,26.71,99.98,98.81,hydroquebec.com,false,""
2022-03-06T13:00:00.000000,Canada,Québec,CA-QC,0.06,26.57,99.98,98.93,hydroquebec.com,false,""
2022-03-06T14:00:00.000000,Canada,Québec,CA-QC,0.07,26.42,99.98,98.74,hydroquebec.com,false,""
2022-03-06T15:00:00.000000,Canada,Québec,CA-QC,0.05,26.41,99.99,99.01,hydroquebec.com,false,""
2022-03-06T16:00:00.000000,Canada,Québec,CA-QC,0.05,26.36,99.99,98.95,hydroquebec.com,false,""
2022-03-06T17:00:00.000000,Canada,Québec,CA-QC,0.1,26.18,99.97,98.15,hydroquebec.com,false,""
2022-03-06T18:00:00.000000,Canada,Québec,CA-QC,0.07,26.43,99.98,98.77,hydroquebec.com,false,""
2022-03-06T19:00:00.000000,Canada,Québec,CA-QC,0.08,26.61,99.98,98.74,hydroquebec.com,false,""
2022-03-06T20:00:00.000000,Canada,Québec,CA-QC,0.2,26.55,99.95,97.86,hydroquebec.com,false,""
2022-03-06T21:00:00.000000,Canada,Québec,CA-QC,0.23,26.66,99.94,98.45,hydroquebec.com,false,""
2022-03-06T22:00:00.000000,Canada,Québec,CA-QC,0.18,26.58,99.95,99.13,hydroquebec.com,false,""
2022-03-06T23:00:00.000000,Canada,Québec,CA-QC,0.0,26.31,100.0,100.0,hydroquebec.com,false,""
2022-03-07T00:00:00.000000,Canada,Québec,CA-QC,0.0,26.25,100.0,100.0,hydroquebec.com,false,""
2022-03-07T01:00:00.000000,Canada,Québec,CA-QC,0.0,26.4,100.0,100.0,hydroquebec.com,false,""
2022-03-07T02:00:00.000000,Canada,Québec,CA-QC,0.0,26.56,100.0,100.0,hydroquebec.com,false,""
2022-03-07T03:00:00.000000,Canada,Québec,CA-QC,0.0,26.74,100.0,100.0,hydroquebec.com,false,""
2022-03-07T04:00:00.000000,Canada,Québec,CA-QC,0.0,26.91,100.0,100.0,hydroquebec.com,false,""
2022-03-07T05:00:00.000000,Canada,Québec,CA-QC,0.0,27.04,100.0,100.0,hydroquebec.com,false,""
2022-03-07T06:00:00.000000,Canada,Québec,CA-QC,0.0,27.13,100.0,100.0,hydroquebec.com,false,""
2022-03-07T07:00:00.000000,Canada,Québec,CA-QC,0.0,27.22,100.0,100.0,hydroquebec.com,false,""
2022-03-07T08:00:00.000000,Canada,Québec,CA-QC,0.0,27.29,100.0,100.0,hydroquebec.com,false,""
2022-03-07T09:00:00.000000,Canada,Québec,CA-QC,0.0,27.24,100.0,100.0,hydroquebec.com,false,""
2022-03-07T10:00:00.000000,Canada,Québec,CA-QC,0.0,27.1,100.0,100.0,hydroquebec.com,false,""
2022-03-07T11:00:00.000000,Canada,Québec,CA-QC,0.0,26.99,100.0,100.0,hydroquebec.com,false,""
2022-03-07T12:00:00.000000,Canada,Québec,CA-QC,0.0,26.87,100.0,100.0,hydroquebec.com,false,""
2022-03-07T13:00:00.000000,Canada,Québec,CA-QC,0.0,26.84,100.0,100.0,hydroquebec.com,false,""
2022-03-07T14:00:00.000000,Canada,Québec,CA-QC,0.0,26.91,100.0,100.0,hydroquebec.com,false,""
2022-03-07T15:00:00.000000,Canada,Québec,CA-QC,0.0,27.02,100.0,100.0,hydroquebec.com,false,""
2022-03-07T16:00:00.000000,Canada,Québec,CA-QC,0.0,27.09,100.0,100.0,hydroquebec.com,false,""
2022-03-07T17:00:00.000000,Canada,Québec,CA-QC,0.0,27.12,100.0,100.0,hydroquebec.com,false,""
2022-03-07T18:00:00.000000,Canada,Québec,CA-QC,0.0,27.12,100.0,100.0,hydroquebec.com,false,""
2022-03-07T19:00:00.000000,Canada,Québec,CA-QC,0.0,27.1,100.0,100.0,hydroquebec.com,false,""
2022-03-07T20:00:00.000000,Canada,Québec,CA-QC,0.0,27.09,100.0,100.0,hydroquebec.com,false,""
2022-03-07T21:00:00.000000,Canada,Québec,CA-QC,0.25,27.32,99.93,99.7,hydroquebec.com,false,""
2022-03-07T22:00:00.000000,Canada,Québec,CA-QC,0.29,27.33,99.92,99.68,hydroquebec.com,false,""
2022-03-07T23:00:00.000000,Canada,Québec,CA-QC,0.3,27.29,99.92,99.68,hydroquebec.com,false,""
2022-03-08T00:00:00.000000,Canada,Québec,CA-QC,0.27,27.26,99.93,99.72,hydroquebec.com,false,""
2022-03-08T01:00:00.000000,Canada,Québec,CA-QC,0.0,26.97,100.0,100.0,hydroquebec.com,false,""
2022-03-08T02:00:00.000000,Canada,Québec,CA-QC,0.0,26.96,100.0,100.0,hydroquebec.com,false,""
2022-03-08T03:00:00.000000,Canada,Québec,CA-QC,0.0,27.01,100.0,100.0,hydroquebec.com,false,""
2022-03-08T04:00:00.000000,Canada,Québec,CA-QC,0.0,27.09,100.0,100.0,hydroquebec.com,false,""
2022-03-08T05:00:00.000000,Canada,Québec,CA-QC,0.0,27.16,100.0,100.0,hydroquebec.com,false,""
2022-03-08T06:00:00.000000,Canada,Québec,CA-QC,0.01,27.15,100.0,99.96,hydroquebec.com,false,""
2022-03-08T07:00:00.000000,Canada,Québec,CA-QC,0.03,27.11,99.99,99.84,hydroquebec.com,false,""
2022-03-08T08:00:00.000000,Canada,Québec,CA-QC,0.09,27.03,99.98,99.61,hydroquebec.com,false,""
2022-03-08T09:00:00.000000,Canada,Québec,CA-QC,0.0,26.83,100.0,100.0,hydroquebec.com,false,""
2022-03-08T10:00:00.000000,Canada,Québec,CA-QC,0.0,26.53,100.0,100.0,hydroquebec.com,false,""
2022-03-08T11:00:00.000000,Canada,Québec,CA-QC,0.0,26.22,100.0,100.0,hydroquebec.com,false,""
2022-03-08T12:00:00.000000,Canada,Québec,CA-QC,0.0,26.12,100.0,100.0,hydroquebec.com,false,""
2022-03-08T13:00:00.000000,Canada,Québec,CA-QC,0.0,26.12,100.0,100.0,hydroquebec.com,false,""
2022-03-08T14:00:00.000000,Canada,Québec,CA-QC,0.0,26.1,100.0,100.0,hydroquebec.com,false,""
2022-03-08T15:00:00.000000,Canada,Québec,CA-QC,0.0,26.14,100.0,100.0,hydroquebec.com,false,""
2022-03-08T16:00:00.000000,Canada,Québec,CA-QC,0.0,26.19,100.0,100.0,hydroquebec.com,false,""
2022-03-08T17:00:00.000000,Canada,Québec,CA-QC,0.0,26.21,100.0,100.0,hydroquebec.com,false,""
2022-03-08T18:00:00.000000,Canada,Québec,CA-QC,0.0,26.22,100.0,100.0,hydroquebec.com,false,""
2022-03-08T19:00:00.000000,Canada,Québec,CA-QC,0.0,26.28,100.0,100.0,hydroquebec.com,false,""
2022-03-08T20:00:00.000000,Canada,Québec,CA-QC,0.0,26.3,100.0,100.0,hydroquebec.com,false,""
2022-03-08T21:00:00.000000,Canada,Québec,CA-QC,0.0,26.24,100.0,100.0,hydroquebec.com,false,""
2022-03-08T22:00:00.000000,Canada,Québec,CA-QC,0.0,26.15,100.0,100.0,hydroquebec.com,false,""
2022-03-08T23:00:00.000000,Canada,Québec,CA-QC,0.0,26.05,100.0,100.0,hydroquebec.com,false,""
2022-03-09T00:00:00.000000,Canada,Québec,CA-QC,0.0,26.02,100.0,100.0,hydroquebec.com,false,""
2022-03-09T01:00:00.000000,Canada,Québec,CA-QC,0.0,26.08,100.0,100.0,hydroquebec.com,false,""
2022-03-09T02:00:00.000000,Canada,Québec,CA-QC,0.0,26.17,100.0,100.0,hydroquebec.com,false,""
2022-03-09T03:00:00.000000,Canada,Québec,CA-QC,0.0,26.26,100.0,100.0,hydroquebec.com,false,""
2022-03-09T04:00:00.000000,Canada,Québec,CA-QC,0.0,26.37,100.0,100.0,hydroquebec.com,false,""
2022-03-09T05:00:00.000000,Canada,Québec,CA-QC,0.0,26.47,100.0,100.0,hydroquebec.com,false,""
2022-03-09T06:00:00.000000,Canada,Québec,CA-QC,0.05,26.54,99.99,99.92,hydroquebec.com,false,""
2022-03-09T07:00:00.000000,Canada,Québec,CA-QC,0.06,26.59,99.98,99.9,hydroquebec.com,false,""
2022-03-09T08:00:00.000000,Canada,Québec,CA-QC,0.05,26.68,99.99,99.92,hydroquebec.com,false,""
2022-03-09T09:00:00.000000,Canada,Québec,CA-QC,0.0,26.69,100.0,100.0,hydroquebec.com,false,""
2022-03-09T10:00:00.000000,Canada,Québec,CA-QC,0.0,26.65,100.0,100.0,hydroquebec.com,false,""
2022-03-09T11:00:00.000000,Canada,Québec,CA-QC,0.0,26.58,100.0,100.0,hydroquebec.com,false,""
2022-03-09T12:00:00.000000,Canada,Québec,CA-QC,0.0,26.55,100.0,100.0,hydroquebec.com,false,""
2022-03-09T13:00:00.000000,Canada,Québec,CA-QC,0.0,26.6,100.0,100.0,hydroquebec.com,false,""
2022-03-09T14:00:00.000000,Canada,Québec,CA-QC,0.0,26.73,100.0,100.0,hydroquebec.com,false,""
2022-03-09T15:00:00.000000,Canada,Québec,CA-QC,0.0,26.87,100.0,100.0,hydroquebec.com,false,""
2022-03-09T16:00:00.000000,Canada,Québec,CA-QC,0.0,26.94,100.0,100.0,hydroquebec.com,false,""
2022-03-09T17:00:00.000000,Canada,Québec,CA-QC,0.0,26.92,100.0,100.0,hydroquebec.com,false,""
2022-03-09T18:00:00.000000,Canada,Québec,CA-QC,0.0,26.89,100.0,100.0,hydroquebec.com,false,""
2022-03-09T19:00:00.000000,Canada,Québec,CA-QC,0.0,26.93,100.0,100.0,hydroquebec.com,false,""
2022-03-09T20:00:00.000000,Canada,Québec,CA-QC,0.0,26.94,100.0,100.0,hydroquebec.com,false,""
2022-03-09T21:00:00.000000,Canada,Québec,CA-QC,0.0,26.82,100.0,100.0,hydroquebec.com,false,""
2022-03-09T22:00:00.000000,Canada,Québec,CA-QC,0.0,26.7,100.0,100.0,hydroquebec.com,false,""
2022-03-09T23:00:00.000000,Canada,Québec,CA-QC,0.0,26.62,100.0,100.0,hydroquebec.com,false,""
2022-03-10T00:00:00.000000,Canada,Québec,CA-QC,0.0,26.54,100.0,100.0,hydroquebec.com,false,""
2022-03-10T01:00:00.000000,Canada,Québec,CA-QC,0.0,26.48,100.0,100.0,hydroquebec.com,false,""
2022-03-10T02:00:00.000000,Canada,Québec,CA-QC,0.0,26.49,100.0,100.0,hydroquebec.com,false,""
2022-03-10T03:00:00.000000,Canada,Québec,CA-QC,0.0,26.54,100.0,100.0,hydroquebec.com,false,""
2022-03-10T04:00:00.000000,Canada,Québec,CA-QC,0.0,26.61,100.0,100.0,hydroquebec.com,false,""
2022-03-10T05:00:00.000000,Canada,Québec,CA-QC,0.0,26.66,100.0,100.0,hydroquebec.com,false,""
2022-03-10T06:00:00.000000,Canada,Québec,CA-QC,0.07,26.71,99.98,99.89,hydroquebec.com,false,""
2022-03-10T07:00:00.000000,Canada,Québec,CA-QC,0.08,26.69,99.98,99.88,hydroquebec.com,false,""
2022-03-10T08:00:00.000000,Canada,Québec,CA-QC,0.08,26.68,99.98,99.89,hydroquebec.com,false,""
2022-03-10T09:00:00.000000,Canada,Québec,CA-QC,0.0,26.59,100.0,100.0,hydroquebec.com,false,""
2022-03-10T10:00:00.000000,Canada,Québec,CA-QC,0.0,26.47,100.0,100.0,hydroquebec.com,false,""
2022-03-10T11:00:00.000000,Canada,Québec,CA-QC,0.0,26.22,100.0,100.0,hydroquebec.com,false,""
2022-03-10T12:00:00.000000,Canada,Québec,CA-QC,0.0,26.07,100.0,100.0,hydroquebec.com,false,""
2022-03-10T13:00:00.000000,Canada,Québec,CA-QC,0.0,26.1,100.0,100.0,hydroquebec.com,false,""
2022-03-10T14:00:00.000000,Canada,Québec,CA-QC,0.0,26.21,100.0,100.0,hydroquebec.com,false,""
2022-03-10T15:00:00.000000,Canada,Québec,CA-QC,0.0,26.19,100.0,100.0,hydroquebec.com,false,""
2022-03-10T16:00:00.000000,Canada,Québec,CA-QC,0.0,26.06,100.0,100.0,hydroquebec.com,false,""
2022-03-10T17:00:00.000000,Canada,Québec,CA-QC,0.0,26.22,100.0,100.0,hydroquebec.com,false,""
2022-03-10T18:00:00.000000,Canada,Québec,CA-QC,0.0,26.34,100.0,100.0,hydroquebec.com,false,""
2022-03-10T19:00:00.000000,Canada,Québec,CA-QC,0.0,26.28,100.0,100.0,hydroquebec.com,false,""
2022-03-10T20:00:00.000000,Canada,Québec,CA-QC,0.0,26.31,100.0,100.0,hydroquebec.com,false,""
2022-03-10T21:00:00.000000,Canada,Québec,CA-QC,0.0,26.38,100.0,100.0,hydroquebec.com,false,""
2022-03-10T22:00:00.000000,Canada,Québec,CA-QC,0.0,26.45,100.0,100.0,hydroquebec.com,false,""
2022-03-10T23:00:00.000000,Canada,Québec,CA-QC,0.0,26.42,100.0,100.0,hydroquebec.com,false,""
2022-03-11T00:00:00.000000,Canada,Québec,CA-QC,0.0,26.4,100.0,100.0,hydroquebec.com,false,""
2022-03-11T01:00:00.000000,Canada,Québec,CA-QC,0.0,26.42,100.0,100.0,hydroquebec.com,false,""
2022-03-11T02:00:00.000000,Canada,Québec,CA-QC,0.0,26.5,100.0,100.0,hydroquebec.com,false,""
2022-03-11T03:00:00.000000,Canada,Québec,CA-QC,0.0,26.59,100.0,100.0,hydroquebec.com,false,""
2022-03-11T04:00:00.000000,Canada,Québec,CA-QC,0.0,26.68,100.0,100.0,hydroquebec.com,false,""
2022-03-11T05:00:00.000000,Canada,Québec,CA-QC,0.0,26.78,100.0,100.0,hydroquebec.com,false,""
2022-03-11T06:00:00.000000,Canada,Québec,CA-QC,0.0,26.88,100.0,100.0,hydroquebec.com,false,""
2022-03-11T07:00:00.000000,Canada,Québec,CA-QC,0.0,26.97,100.0,100.0,hydroquebec.com,false,""
2022-03-11T08:00:00.000000,Canada,Québec,CA-QC,0.0,27.07,100.0,100.0,hydroquebec.com,false,""
2022-03-11T09:00:00.000000,Canada,Québec,CA-QC,0.0,27.12,100.0,100.0,hydroquebec.com,false,""
2022-03-11T10:00:00.000000,Canada,Québec,CA-QC,0.0,27.04,100.0,100.0,hydroquebec.com,false,""
2022-03-11T11:00:00.000000,Canada,Québec,CA-QC,0.0,26.9,100.0,100.0,hydroquebec.com,false,""
2022-03-11T12:00:00.000000,Canada,Québec,CA-QC,0.0,26.79,100.0,100.0,hydroquebec.com,false,""
2022-03-11T13:00:00.000000,Canada,Québec,CA-QC,0.0,26.77,100.0,100.0,hydroquebec.com,false,""
2022-03-11T14:00:00.000000,Canada,Québec,CA-QC,0.0,26.78,100.0,100.0,hydroquebec.com,false,""
2022-03-11T15:00:00.000000,Canada,Québec,CA-QC,0.0,26.87,100.0,100.0,hydroquebec.com,false,""
2022-03-11T16:00:00.000000,Canada,Québec,CA-QC,0.0,26.99,100.0,100.0,hydroquebec.com,false,""
2022-03-11T17:00:00.000000,Canada,Québec,CA-QC,0.0,27.12,100.0,100.0,hydroquebec.com,false,""
2022-03-11T18:00:00.000000,Canada,Québec,CA-QC,0.0,27.2,100.0,100.0,hydroquebec.com,false,""
2022-03-11T19:00:00.000000,Canada,Québec,CA-QC,0.0,27.22,100.0,100.0,hydroquebec.com,false,""
2022-03-11T20:00:00.000000,Canada,Québec,CA-QC,0.0,27.21,100.0,100.0,hydroquebec.com,false,""
2022-03-11T21:00:00.000000,Canada,Québec,CA-QC,0.0,27.12,100.0,100.0,hydroquebec.com,false,""
2022-03-11T22:00:00.000000,Canada,Québec,CA-QC,0.0,26.97,100.0,100.0,hydroquebec.com,false,""
2022-03-11T23:00:00.000000,Canada,Québec,CA-QC,0.0,26.85,100.0,100.0,hydroquebec.com,false,""
2022-03-12T00:00:00.000000,Canada,Québec,CA-QC,0.0,26.83,100.0,100.0,hydroquebec.com,false,""
2022-03-12T01:00:00.000000,Canada,Québec,CA-QC,0.0,26.82,100.0,100.0,hydroquebec.com,false,""
2022-03-12T02:00:00.000000,Canada,Québec,CA-QC,0.0,26.78,100.0,100.0,hydroquebec.com,false,""
2022-03-12T03:00:00.000000,Canada,Québec,CA-QC,0.0,26.71,100.0,100.0,hydroquebec.com,false,""
2022-03-12T04:00:00.000000,Canada,Québec,CA-QC,0.0,26.68,100.0,100.0,hydroquebec.com,false,""
2022-03-12T05:00:00.000000,Canada,Québec,CA-QC,0.0,26.59,100.0,100.0,hydroquebec.com,false,""
2022-03-12T06:00:00.000000,Canada,Québec,CA-QC,0.0,26.51,100.0,100.0,hydroquebec.com,false,""
2022-03-12T07:00:00.000000,Canada,Québec,CA-QC,0.0,26.6,100.0,100.0,hydroquebec.com,false,""
2022-03-12T08:00:00.000000,Canada,Québec,CA-QC,0.0,26.66,100.0,100.0,hydroquebec.com,false,""
2022-03-12T09:00:00.000000,Canada,Québec,CA-QC,0.01,26.61,100.0,99.89,hydroquebec.com,false,""
2022-03-12T10:00:00.000000,Canada,Québec,CA-QC,0.0,26.6,100.0,100.0,hydroquebec.com,false,""
2022-03-12T11:00:00.000000,Canada,Québec,CA-QC,0.0,26.55,100.0,100.0,hydroquebec.com,false,""
2022-03-12T12:00:00.000000,Canada,Québec,CA-QC,0.0,26.47,100.0,100.0,hydroquebec.com,false,""
2022-03-12T13:00:00.000000,Canada,Québec,CA-QC,0.0,26.44,100.0,100.0,hydroquebec.com,false,""
2022-03-12T14:00:00.000000,Canada,Québec,CA-QC,0.0,26.49,100.0,100.0,hydroquebec.com,false,""
2022-03-12T15:00:00.000000,Canada,Québec,CA-QC,0.0,26.55,100.0,100.0,hydroquebec.com,false,""
2022-03-12T16:00:00.000000,Canada,Québec,CA-QC,0.0,26.62,100.0,100.0,hydroquebec.com,false,""
2022-03-12T17:00:00.000000,Canada,Québec,CA-QC,0.0,26.71,100.0,100.0,hydroquebec.com,false,""
2022-03-12T18:00:00.000000,Canada,Québec,CA-QC,0.0,26.83,100.0,100.0,hydroquebec.com,false,""
2022-03-12T19:00:00.000000,Canada,Québec,CA-QC,0.0,26.94,100.0,100.0,hydroquebec.com,false,""
2022-03-12T20:00:00.000000,Canada,Québec,CA-QC,0.0,27.0,100.0,100.0,hydroquebec.com,false,""
2022-03-12T21:00:00.000000,Canada,Québec,CA-QC,0.0,26.85,100.0,100.0,hydroquebec.com,false,""
2022-03-12T22:00:00.000000,Canada,Québec,CA-QC,0.0,26.51,100.0,100.0,hydroquebec.com,false,""
2022-03-12T23:00:00.000000,Canada,Québec,CA-QC,0.0,26.33,100.0,100.0,hydroquebec.com,false,""
2022-03-13T00:00:00.000000,Canada,Québec,CA-QC,0.0,26.3,100.0,100.0,hydroquebec.com,false,""
2022-03-13T01:00:00.000000,Canada,Québec,CA-QC,0.0,26.24,100.0,100.0,hydroquebec.com,false,""
2022-03-13T02:00:00.000000,Canada,Québec,CA-QC,0.0,26.2,100.0,100.0,hydroquebec.com,false,""
2022-03-13T03:00:00.000000,Canada,Québec,CA-QC,0.0,26.23,100.0,100.0,hydroquebec.com,false,""
2022-03-13T04:00:00.000000,Canada,Québec,CA-QC,0.0,26.27,100.0,100.0,hydroquebec.com,false,""
2022-03-13T05:00:00.000000,Canada,Québec,CA-QC,0.0,26.28,100.0,100.0,Electricity Maps Estimation,true,ESTIMATED_TIME_SLICER_AVERAGE
2022-03-13T06:00:00.000000,Canada,Québec,CA-QC,0.0,26.27,100.0,100.0,Electricity Maps Estimation; hydroquebec.com,true,ESTIMATED_TIME_SLICER_AVERAGE
2022-03-13T07:00:00.000000,Canada,Québec,CA-QC,0.0,26.22,100.0,100.0,hydroquebec.com,false,""
2022-03-13T08:00:00.000000,Canada,Québec,CA-QC,0.0,26.17,100.0,100.0,hydroquebec.com,false,""
2022-03-13T09:00:00.000000,Canada,Québec,CA-QC,0.0,26.14,100.0,100.0,hydroquebec.com,false,""
2022-03-13T10:00:00.000000,Canada,Québec,CA-QC,0.0,26.09,100.0,100.0,hydroquebec.com,false,""
2022-03-13T11:00:00.000000,Canada,Québec,CA-QC,0.0,26.03,100.0,100.0,hydroquebec.com,false,""
2022-03-13T12:00:00.000000,Canada,Québec,CA-QC,0.0,26.0,100.0,100.0,hydroquebec.com,false,""
2022-03-13T13:00:00.000000,Canada,Québec,CA-QC,0.0,26.01,100.0,100.0,hydroquebec.com,false,""
2022-03-13T14:00:00.000000,Canada,Québec,CA-QC,0.0,26.04,100.0,100.0,hydroquebec.com,false,""
2022-03-13T15:00:00.000000,Canada,Québec,CA-QC,0.0,26.09,100.0,100.0,hydroquebec.com,false,""
2022-03-13T16:00:00.000000,Canada,Québec,CA-QC,0.0,26.13,100.0,100.0,hydroquebec.com,false,""
2022-03-13T17:00:00.000000,Canada,Québec,CA-QC,0.0,26.08,100.0,100.0,hydroquebec.com,false,""
2022-03-13T18:00:00.000000,Canada,Québec,CA-QC,0.0,26.13,100.0,100.0,hydroquebec.com,false,""
2022-03-13T19:00:00.000000,Canada,Québec,CA-QC,0.0,26.24,100.0,100.0,hydroquebec.com,false,""
2022-03-13T20:00:00.000000,Canada,Québec,CA-QC,0.0,26.21,100.0,100.0,hydroquebec.com,false,""
2022-03-13T21:00:00.000000,Canada,Québec,CA-QC,0.0,26.15,100.0,100.0,hydroquebec.com,false,""
2022-03-13T22:00:00.000000,Canada,Québec,CA-QC,0.0,26.09,100.0,100.0,hydroquebec.com,false,""
2022-03-13T23:00:00.000000,Canada,Québec,CA-QC,0.0,26.02,100.0,100.0,hydroquebec.com,false,""
2022-03-14T00:00:00.000000,Canada,Québec,CA-QC,0.0,26.01,100.0,100.0,hydroquebec.com,false,""
2022-03-14T01:00:00.000000,Canada,Québec,CA-QC,0.0,26.01,100.0,100.0,hydroquebec.com,false,""
2022-03-14T02:00:00.000000,Canada,Québec,CA-QC,0.0,26.05,100.0,100.0,hydroquebec.com,false,""
2022-03-14T03:00:00.000000,Canada,Québec,CA-QC,0.0,26.2,100.0,100.0,hydroquebec.com,false,""
2022-03-14T04:00:00.000000,Canada,Québec,CA-QC,0.0,26.38,100.0,100.0,hydroquebec.com,false,""
2022-03-14T05:00:00.000000,Canada,Québec,CA-QC,0.0,26.59,100.0,100.0,hydroquebec.com,false,""
2022-03-14T06:00:00.000000,Canada,Québec,CA-QC,0.0,26.72,100.0,100.0,hydroquebec.com,false,""
2022-03-14T07:00:00.000000,Canada,Québec,CA-QC,0.0,26.75,100.0,100.0,hydroquebec.com,false,""
2022-03-14T08:00:00.000000,Canada,Québec,CA-QC,0.0,26.79,100.0,100.0,hydroquebec.com,false,""
2022-03-14T09:00:00.000000,Canada,Québec,CA-QC,0.0,26.74,100.0,100.0,hydroquebec.com,false,""
2022-03-14T10:00:00.000000,Canada,Québec,CA-QC,0.0,26.58,100.0,100.0,hydroquebec.com,false,""
2022-03-14T11:00:00.000000,Canada,Québec,CA-QC,0.0,26.43,100.0,100.0,hydroquebec.com,false,""
2022-03-14T12:00:00.000000,Canada,Québec,CA-QC,0.0,26.36,100.0,100.0,hydroquebec.com,false,""
2022-03-14T13:00:00.000000,Canada,Québec,CA-QC,0.0,26.48,100.0,100.0,hydroquebec.com,false,""
2022-03-14T14:00:00.000000,Canada,Québec,CA-QC,0.0,26.55,100.0,100.0,hydroquebec.com,false,""
2022-03-14T15:00:00.000000,Canada,Québec,CA-QC,0.0,26.47,100.0,100.0,hydroquebec.com,false,""
2022-03-14T16:00:00.000000,Canada,Québec,CA-QC,0.0,26.4,100.0,100.0,hydroquebec.com,false,""
2022-03-14T17:00:00.000000,Canada,Québec,CA-QC,0.0,26.41,100.0,100.0,hydroquebec.com,false,""
2022-03-14T18:00:00.000000,Canada,Québec,CA-QC,0.0,26.45,100.0,100.0,hydroquebec.com,false,""
2022-03-14T19:00:00.000000,Canada,Québec,CA-QC,0.0,26.46,100.0,100.0,hydroquebec.com,false,""
2022-03-14T20:00:00.000000,Canada,Québec,CA-QC,0.0,26.4,100.0,100.0,hydroquebec.com,false,""
2022-03-14T21:00:00.000000,Canada,Québec,CA-QC,0.0,26.29,100.0,100.0,hydroquebec.com,false,""
2022-03-14T22:00:00.000000,Canada,Québec,CA-QC,0.0,26.21,100.0,100.0,hydroquebec.com,false,""
2022-03-14T23:00:00.000000,Canada,Québec,CA-QC,0.0,26.13,100.0,100.0,hydroquebec.com,false,""
2022-03-15T00:00:00.000000,Canada,Québec,CA-QC,0.0,26.12,100.0,100.0,hydroquebec.com,false,""
2022-03-15T01:00:00.000000,Canada,Québec,CA-QC,0.0,26.15,100.0,100.0,hydroquebec.com,false,""
2022-03-15T02:00:00.000000,Canada,Québec,CA-QC,0.0,26.24,100.0,100.0,hydroquebec.com,false,""
2022-03-15T03:00:00.000000,Canada,Québec,CA-QC,0.0,26.46,100.0,100.0,hydroquebec.com,false,""
2022-03-15T04:00:00.000000,Canada,Québec,CA-QC,0.0,26.6,100.0,100.0,hydroquebec.com,false,""
2022-03-15T05:00:00.000000,Canada,Québec,CA-QC,0.0,26.65,100.0,100.0,hydroquebec.com,false,""
2022-03-15T06:00:00.000000,Canada,Québec,CA-QC,0.0,26.75,100.0,100.0,hydroquebec.com,false,""
2022-03-15T07:00:00.000000,Canada,Québec,CA-QC,0.0,26.86,100.0,100.0,hydroquebec.com,false,""
2022-03-15T08:00:00.000000,Canada,Québec,CA-QC,0.0,26.89,100.0,100.0,hydroquebec.com,false,""
2022-03-15T09:00:00.000000,Canada,Québec,CA-QC,0.0,26.78,100.0,100.0,hydroquebec.com,false,""
2022-03-15T10:00:00.000000,Canada,Québec,CA-QC,0.0,26.54,100.0,100.0,hydroquebec.com,false,""
2022-03-15T11:00:00.000000,Canada,Québec,CA-QC,0.0,26.36,100.0,100.0,hydroquebec.com,false,""
2022-03-15T12:00:00.000000,Canada,Québec,CA-QC,0.0,26.33,100.0,100.0,hydroquebec.com,false,""
2022-03-15T13:00:00.000000,Canada,Québec,CA-QC,0.0,26.42,100.0,100.0,hydroquebec.com,false,""
2022-03-15T14:00:00.000000,Canada,Québec,CA-QC,0.0,26.51,100.0,100.0,hydroquebec.com,false,""
2022-03-15T15:00:00.000000,Canada,Québec,CA-QC,0.0,26.6,100.0,100.0,hydroquebec.com,false,""
2022-03-15T16:00:00.000000,Canada,Québec,CA-QC,0.0,26.68,100.0,100.0,hydroquebec.com,false,""
2022-03-15T17:00:00.000000,Canada,Québec,CA-QC,0.0,26.77,100.0,100.0,hydroquebec.com,false,""
2022-03-15T18:00:00.000000,Canada,Québec,CA-QC,0.0,26.89,100.0,100.0,hydroquebec.com,false,""
2022-03-15T19:00:00.000000,Canada,Québec,CA-QC,0.0,26.97,100.0,100.0,hydroquebec.com,false,""
2022-03-15T20:00:00.000000,Canada,Québec,CA-QC,0.0,26.96,100.0,100.0,hydroquebec.com,false,""
2022-03-15T21:00:00.000000,Canada,Québec,CA-QC,0.0,26.92,100.0,100.0,hydroquebec.com,false,""
2022-03-15T22:00:00.000000,Canada,Québec,CA-QC,0.0,26.97,100.0,100.0,hydroquebec.com,false,""
2022-03-15T23:00:00.000000,Canada,Québec,CA-QC,0.0,27.0,100.0,100.0,hydroquebec.com,false,""
2022-03-16T00:00:00.000000,Canada,Québec,CA-QC,0.0,26.98,100.0,100.0,hydroquebec.com,false,""
2022-03-16T01:00:00.000000,Canada,Québec,CA-QC,0.0,27.05,100.0,100.0,hydroquebec.com,false,""
2022-03-16T02:00:00.000000,Canada,Québec,CA-QC,0.0,27.2,100.0,100.0,hydroquebec.com,false,""
2022-03-16T03:00:00.000000,Canada,Québec,CA-QC,0.0,27.36,100.0,100.0,hydroquebec.com,false,""
2022-03-16T04:00:00.000000,Canada,Québec,CA-QC,0.0,27.48,100.0,100.0,hydroquebec.com,false,""
2022-03-16T05:00:00.000000,Canada,Québec,CA-QC,0.0,27.51,100.0,100.0,hydroquebec.com,false,""
2022-03-16T06:00:00.000000,Canada,Québec,CA-QC,0.0,27.5,100.0,100.0,hydroquebec.com,false,""
2022-03-16T07:00:00.000000,Canada,Québec,CA-QC,0.04,27.47,99.99,99.9,hydroquebec.com,false,""
2022-03-16T08:00:00.000000,Canada,Québec,CA-QC,0.0,27.27,100.0,100.0,hydroquebec.com,false,""
2022-03-16T09:00:00.000000,Canada,Québec,CA-QC,0.0,26.95,100.0,100.0,hydroquebec.com,false,""
2022-03-16T10:00:00.000000,Canada,Québec,CA-QC,0.0,26.58,100.0,100.0,hydroquebec.com,false,""
2022-03-16T11:00:00.000000,Canada,Québec,CA-QC,0.0,26.28,100.0,100.0,hydroquebec.com,false,""
2022-03-16T12:00:00.000000,Canada,Québec,CA-QC,0.0,26.16,100.0,100.0,hydroquebec.com,false,""
2022-03-16T13:00:00.000000,Canada,Québec,CA-QC,0.0,26.24,100.0,100.0,hydroquebec.com,false,""
2022-03-16T14:00:00.000000,Canada,Québec,CA-QC,0.0,26.4,100.0,100.0,hydroquebec.com,false,""
2022-03-16T15:00:00.000000,Canada,Québec,CA-QC,0.0,26.61,100.0,100.0,hydroquebec.com,false,""
2022-03-16T16:00:00.000000,Canada,Québec,CA-QC,0.0,26.8,100.0,100.0,hydroquebec.com,false,""
2022-03-16T17:00:00.000000,Canada,Québec,CA-QC,0.0,26.85,100.0,100.0,hydroquebec.com,false,""
2022-03-16T18:00:00.000000,Canada,Québec,CA-QC,0.0,26.87,100.0,100.0,hydroquebec.com,false,""
2022-03-16T19:00:00.000000,Canada,Québec,CA-QC,0.0,26.89,100.0,100.0,hydroquebec.com,false,""
2022-03-16T20:00:00.000000,Canada,Québec,CA-QC,0.0,26.86,100.0,100.0,hydroquebec.com,false,""
2022-03-16T21:00:00.000000,Canada,Québec,CA-QC,0.0,26.81,100.0,100.0,hydroquebec.com,false,""
2022-03-16T22:00:00.000000,Canada,Québec,CA-QC,0.0,26.76,100.0,100.0,hydroquebec.com,false,""
2022-03-16T23:00:00.000000,Canada,Québec,CA-QC,0.0,26.68,100.0,100.0,hydroquebec.com,false,""
2022-03-17T00:00:00.000000,Canada,Québec,CA-QC,0.0,26.6,100.0,100.0,hydroquebec.com,false,""
2022-03-17T01:00:00.000000,Canada,Québec,CA-QC,0.0,26.66,100.0,100.0,hydroquebec.com,false,""
2022-03-17T02:00:00.000000,Canada,Québec,CA-QC,0.0,26.83,100.0,100.0,hydroquebec.com,false,""
2022-03-17T03:00:00.000000,Canada,Québec,CA-QC,0.03,27.21,99.99,99.93,hydroquebec.com,false,""
2022-03-17T04:00:00.000000,Canada,Québec,CA-QC,0.06,27.57,99.98,99.86,hydroquebec.com,false,""
2022-03-17T05:00:00.000000,Canada,Québec,CA-QC,0.09,27.72,99.97,99.74,hydroquebec.com,false,""
2022-03-17T06:00:00.000000,Canada,Québec,CA-QC,0.31,27.86,99.92,98.84,hydroquebec.com,false,""
2022-03-17T07:00:00.000000,Canada,Québec,CA-QC,0.26,27.75,99.93,98.81,hydroquebec.com,false,""
2022-03-17T08:00:00.000000,Canada,Québec,CA-QC,0.1,27.58,99.97,99.6,hydroquebec.com,false,""
2022-03-17T09:00:00.000000,Canada,Québec,CA-QC,0.0,27.25,100.0,100.0,hydroquebec.com,false,""
2022-03-17T10:00:00.000000,Canada,Québec,CA-QC,0.0,26.88,100.0,100.0,hydroquebec.com,false,""
2022-03-17T11:00:00.000000,Canada,Québec,CA-QC,0.0,26.62,100.0,100.0,hydroquebec.com,false,""
2022-03-17T12:00:00.000000,Canada,Québec,CA-QC,0.0,26.49,100.0,100.0,hydroquebec.com,false,""
2022-03-17T13:00:00.000000,Canada,Québec,CA-QC,0.0,26.52,100.0,100.0,hydroquebec.com,false,""
2022-03-17T14:00:00.000000,Canada,Québec,CA-QC,0.0,26.65,100.0,100.0,hydroquebec.com,false,""
2022-03-17T15:00:00.000000,Canada,Québec,CA-QC,0.0,26.78,100.0,100.0,hydroquebec.com,false,""
2022-03-17T16:00:00.000000,Canada,Québec,CA-QC,0.0,26.89,100.0,100.0,hydroquebec.com,false,""
2022-03-17T17:00:00.000000,Canada,Québec,CA-QC,0.0,26.95,100.0,100.0,hydroquebec.com,false,""
2022-03-17T18:00:00.000000,Canada,Québec,CA-QC,0.0,27.01,100.0,100.0,hydroquebec.com,false,""
2022-03-17T19:00:00.000000,Canada,Québec,CA-QC,0.0,27.13,100.0,100.0,hydroquebec.com,false,""
2022-03-17T20:00:00.000000,Canada,Québec,CA-QC,0.0,27.19,100.0,100.0,hydroquebec.com,false,""
2022-03-17T21:00:00.000000,Canada,Québec,CA-QC,0.0,27.14,100.0,100.0,hydroquebec.com,false,""
2022-03-17T22:00:00.000000,Canada,Québec,CA-QC,0.0,27.05,100.0,100.0,hydroquebec.com,false,""
2022-03-17T23:00:00.000000,Canada,Québec,CA-QC,0.0,26.98,100.0,100.0,hydroquebec.com,false,""
2022-03-18T00:00:00.000000,Canada,Québec,CA-QC,0.0,26.99,100.0,100.0,hydroquebec.com,false,""
2022-03-18T01:00:00.000000,Canada,Québec,CA-QC,0.0,26.97,100.0,100.0,hydroquebec.com,false,""
2022-03-18T02:00:00.000000,Canada,Québec,CA-QC,0.0,27.1,100.0,100.0,hydroquebec.com,false,""
2022-03-18T03:00:00.000000,Canada,Québec,CA-QC,0.0,27.41,100.0,100.0,hydroquebec.com,false,""
2022-03-18T04:00:00.000000,Canada,Québec,CA-QC,0.0,27.64,100.0,100.0,hydroquebec.com,false,""
2022-03-18T05:00:00.000000,Canada,Québec,CA-QC,0.0,27.76,100.0,100.0,hydroquebec.com,false,""
2022-03-18T06:00:00.000000,Canada,Québec,CA-QC,0.0,27.91,100.0,100.0,hydroquebec.com,false,""
2022-03-18T07:00:00.000000,Canada,Québec,CA-QC,0.0,27.97,100.0,100.0,hydroquebec.com,false,""
2022-03-18T08:00:00.000000,Canada,Québec,CA-QC,0.0,27.9,100.0,99.99,hydroquebec.com,false,""
2022-03-18T09:00:00.000000,Canada,Québec,CA-QC,0.0,27.72,100.0,100.0,hydroquebec.com,false,""
2022-03-18T10:00:00.000000,Canada,Québec,CA-QC,0.0,27.41,100.0,100.0,hydroquebec.com,false,""
2022-03-18T11:00:00.000000,Canada,Québec,CA-QC,0.0,27.17,100.0,100.0,hydroquebec.com,false,""
2022-03-18T12:00:00.000000,Canada,Québec,CA-QC,0.0,27.15,100.0,100.0,hydroquebec.com,false,""
2022-03-18T13:00:00.000000,Canada,Québec,CA-QC,0.0,27.32,100.0,100.0,hydroquebec.com,false,""
2022-03-18T14:00:00.000000,Canada,Québec,CA-QC,0.0,27.46,100.0,100.0,hydroquebec.com,false,""
2022-03-18T15:00:00.000000,Canada,Québec,CA-QC,0.0,27.51,100.0,100.0,hydroquebec.com,false,""
2022-03-18T16:00:00.000000,Canada,Québec,CA-QC,0.0,27.58,100.0,100.0,hydroquebec.com,false,""
2022-03-18T17:00:00.000000,Canada,Québec,CA-QC,0.0,27.58,100.0,100.0,hydroquebec.com,false,""
2022-03-18T18:00:00.000000,Canada,Québec,CA-QC,0.0,27.52,100.0,100.0,hydroquebec.com,false,""
2022-03-18T19:00:00.000000,Canada,Québec,CA-QC,0.0,27.5,100.0,100.0,hydroquebec.com,false,""
2022-03-18T20:00:00.000000,Canada,Québec,CA-QC,0.0,27.49,100.0,100.0,hydroquebec.com,false,""
2022-03-18T21:00:00.000000,Canada,Québec,CA-QC,0.0,27.44,100.0,100.0,hydroquebec.com,false,""
2022-03-18T22:00:00.000000,Canada,Québec,CA-QC,0.0,27.39,100.0,100.0,hydroquebec.com,false,""
2022-03-18T23:00:00.000000,Canada,Québec,CA-QC,0.0,27.3,100.0,100.0,hydroquebec.com,false,""
2022-03-19T00:00:00.000000,Canada,Québec,CA-QC,0.0,27.2,100.0,100.0,hydroquebec.com,false,""
2022-03-19T01:00:00.000000,Canada,Québec,CA-QC,0.0,27.22,100.0,100.0,hydroquebec.com,false,""
2022-03-19T02:00:00.000000,Canada,Québec,CA-QC,0.0,27.37,100.0,100.0,hydroquebec.com,false,""
2022-03-19T03:00:00.000000,Canada,Québec,CA-QC,0.12,27.61,99.97,99.2,hydroquebec.com,false,""
2022-03-19T04:00:00.000000,Canada,Québec,CA-QC,0.21,27.76,99.94,98.62,Electricity Maps Estimation,true,ESTIMATED_TIME_SLICER_AVERAGE
2022-03-19T05:00:00.000000,Canada,Québec,CA-QC,0.3,27.92,99.92,98.0,Electricity Maps Estimation,true,ESTIMATED_TIME_SLICER_AVERAGE
2022-03-19T06:00:00.000000,Canada,Québec,CA-QC,0.48,27.64,99.87,96.77,Electricity Maps Estimation,true,ESTIMATED_TIME_SLICER_AVERAGE
2022-03-19T07:00:00.000000,Canada,Québec,CA-QC,0.44,27.68,99.88,96.99,Electricity Maps Estimation,true,ESTIMATED_TIME_SLICER_AVERAGE
2022-03-19T08:00:00.000000,Canada,Québec,CA-QC,0.48,27.63,99.87,96.77,Electricity Maps Estimation,true,ESTIMATED_TIME_SLICER_AVERAGE
2022-03-19T09:00:00.000000,Canada,Québec,CA-QC,0.33,27.64,99.91,97.73,Electricity Maps Estimation,true,ESTIMATED_TIME_SLICER_AVERAGE
2022-03-19T10:00:00.000000,Canada,Québec,CA-QC,0.15,27.6,99.96,98.96,Electricity Maps Estimation,true,ESTIMATED_TIME_SLICER_AVERAGE
2022-03-19T11:00:00.000000,Canada,Québec,CA-QC,0.15,27.48,99.96,99.04,Electricity Maps Estimation,true,ESTIMATED_TIME_SLICER_AVERAGE
2022-03-19T12:00:00.000000,Canada,Québec,CA-QC,0.0,27.5,100.0,100.0,Electricity Maps Estimation,true,ESTIMATED_TIME_SLICER_AVERAGE
2022-03-19T13:00:00.000000,Canada,Québec,CA-QC,0.0,27.49,100.0,100.0,Electricity Maps Estimation,true,ESTIMATED_TIME_SLICER_AVERAGE
2022-03-19T14:00:00.000000,Canada,Québec,CA-QC,0.0,27.52,100.0,100.0,Electricity Maps Estimation,true,ESTIMATED_TIME_SLICER_AVERAGE
2022-03-19T15:00:00.000000,Canada,Québec,CA-QC,0.0,27.57,100.0,100.0,Electricity Maps Estimation,true,ESTIMATED_TIME_SLICER_AVERAGE
2022-03-19T16:00:00.000000,Canada,Québec,CA-QC,0.0,27.61,100.0,100.0,Electricity Maps Estimation,true,ESTIMATED_TIME_SLICER_AVERAGE
2022-03-19T17:00:00.000000,Canada,Québec,CA-QC,0.0,27.68,100.0,100.0,Electricity Maps Estimation,true,ESTIMATED_TIME_SLICER_AVERAGE
2022-03-19T18:00:00.000000,Canada,Québec,CA-QC,0.0,27.89,100.0,100.0,Electricity Maps Estimation,true,ESTIMATED_TIME_SLICER_AVERAGE
2022-03-19T19:00:00.000000,Canada,Québec,CA-QC,0.0,27.99,100.0,100.0,Electricity Maps Estimation,true,ESTIMATED_TIME_SLICER_AVERAGE
2022-03-19T20:00:00.000000,Canada,Québec,CA-QC,0.0,27.96,100.0,100.0,Electricity Maps Estimation,true,ESTIMATED_TIME_SLICER_AVERAGE
2022-03-19T21:00:00.000000,Canada,Québec,CA-QC,0.0,27.66,100.0,100.0,Electricity Maps Estimation,true,ESTIMATED_TIME_SLICER_AVERAGE
2022-03-19T22:00:00.000000,Canada,Québec,CA-QC,0.0,27.41,100.0,100.0,Electricity Maps Estimation,true,ESTIMATED_TIME_SLICER_AVERAGE
2022-03-19T23:00:00.000000,Canada,Québec,CA-QC,0.0,27.3,100.0,100.0,Electricity Maps Estimation,true,ESTIMATED_TIME_SLICER_AVERAGE
2022-03-20T00:00:00.000000,Canada,Québec,CA-QC,0.0,27.58,100.0,100.0,Electricity Maps Estimation,true,ESTIMATED_TIME_SLICER_AVERAGE
2022-03-20T01:00:00.000000,Canada,Québec,CA-QC,0.0,27.64,100.0,100.0,Electricity Maps Estimation,true,ESTIMATED_TIME_SLICER_AVERAGE
2022-03-20T02:00:00.000000,Canada,Québec,CA-QC,0.0,27.8,100.0,100.0,Electricity Maps Estimation,true,ESTIMATED_TIME_SLICER_AVERAGE
2022-03-20T03:00:00.000000,Canada,Québec,CA-QC,0.0,27.94,100.0,99.99,Electricity Maps Estimation,true,ESTIMATED_TIME_SLICER_AVERAGE
2022-03-20T04:00:00.000000,Canada,Québec,CA-QC,0.15,27.89,99.96,98.98,Electricity Maps Estimation,true,ESTIMATED_TIME_SLICER_AVERAGE
2022-03-20T05:00:00.000000,Canada,Québec,CA-QC,0.33,27.98,99.91,97.74,Electricity Maps Estimation,true,ESTIMATED_TIME_SLICER_AVERAGE
2022-03-20T06:00:00.000000,Canada,Québec,CA-QC,0.34,27.85,99.91,97.75,Electricity Maps Estimation,true,ESTIMATED_TIME_SLICER_AVERAGE
2022-03-20T07:00:00.000000,Canada,Québec,CA-QC,0.44,27.8,99.88,97.06,Electricity Maps Estimation,true,ESTIMATED_TIME_SLICER_AVERAGE
2022-03-20T08:00:00.000000,Canada,Québec,CA-QC,0.47,27.75,99.87,96.9,Electricity Maps Estimation,true,ESTIMATED_TIME_SLICER_AVERAGE
2022-03-20T09:00:00.000000,Canada,Québec,CA-QC,0.36,27.72,99.9,97.57,Electricity Maps Estimation,true,ESTIMATED_TIME_SLICER_AVERAGE
2022-03-20T10:00:00.000000,Canada,Québec,CA-QC,0.32,27.58,99.91,97.82,Electricity Maps Estimation,true,ESTIMATED_TIME_SLICER_AVERAGE
2022-03-20T11:00:00.000000,Canada,Québec,CA-QC,0.24,27.5,99.94,98.43,Electricity Maps Estimation,true,ESTIMATED_TIME_SLICER_AVERAGE
2022-03-20T12:00:00.000000,Canada,Québec,CA-QC,0.26,27.46,99.93,98.38,Electricity Maps Estimation,true,ESTIMATED_TIME_SLICER_AVERAGE
2022-03-20T13:00:00.000000,Canada,Québec,CA-QC,0.03,27.57,99.99,99.79,Electricity Maps Estimation,true,ESTIMATED_TIME_SLICER_AVERAGE
2022-03-20T14:00:00.000000,Canada,Québec,CA-QC,0.0,27.62,100.0,100.0,Electricity Maps Estimation,true,ESTIMATED_TIME_SLICER_AVERAGE
2022-03-20T15:00:00.000000,Canada,Québec,CA-QC,0.0,27.67,100.0,100.0,Electricity Maps Estimation,true,ESTIMATED_TIME_SLICER_AVERAGE
2022-03-20T16:00:00.000000,Canada,Québec,CA-QC,0.0,27.71,100.0,100.0,Electricity Maps Estimation,true,ESTIMATED_TIME_SLICER_AVERAGE
2022-03-20T17:00:00.000000,Canada,Québec,CA-QC,0.0,27.78,100.0,100.0,Electricity Maps Estimation,true,ESTIMATED_TIME_SLICER_AVERAGE
2022-03-20T18:00:00.000000,Canada,Québec,CA-QC,0.08,28.0,99.98,99.63,Electricity Maps Estimation,true,ESTIMATED_TIME_SLICER_AVERAGE
2022-03-20T19:00:00.000000,Canada,Québec,CA-QC,0.09,28.11,99.97,99.61,Electricity Maps Estimation,true,ESTIMATED_TIME_SLICER_AVERAGE
2022-03-20T20:00:00.000000,Canada,Québec,CA-QC,0.11,28.11,99.97,99.65,Electricity Maps Estimation,true,ESTIMATED_TIME_SLICER_AVERAGE
2022-03-20T21:00:00.000000,Canada,Québec,CA-QC,0.0,27.76,100.0,100.0,Electricity Maps Estimation,true,ESTIMATED_TIME_SLICER_AVERAGE
2022-03-20T22:00:00.000000,Canada,Québec,CA-QC,0.0,27.51,100.0,100.0,Electricity Maps Estimation,true,ESTIMATED_TIME_SLICER_AVERAGE
2022-03-20T23:00:00.000000,Canada,Québec,CA-QC,0.0,27.4,100.0,100.0,Electricity Maps Estimation,true,ESTIMATED_TIME_SLICER_AVERAGE
2022-03-21T00:00:00.000000,Canada,Québec,CA-QC,0.0,27.28,100.0,100.0,Electricity Maps Estimation,true,ESTIMATED_TIME_SLICER_AVERAGE
2022-03-21T01:00:00.000000,Canada,Québec,CA-QC,0.0,27.35,100.0,100.0,Electricity Maps Estimation,true,ESTIMATED_TIME_SLICER_AVERAGE
2022-03-21T02:00:00.000000,Canada,Québec,CA-QC,0.0,27.35,100.0,100.0,Electricity Maps Estimation; hydroquebec.com,true,ESTIMATED_TIME_SLICER_AVERAGE
2022-03-21T03:00:00.000000,Canada,Québec,CA-QC,0.0,27.36,100.0,100.0,hydroquebec.com,false,""
2022-03-21T04:00:00.000000,Canada,Québec,CA-QC,0.0,27.46,100.0,100.0,hydroquebec.com,false,""
2022-03-21T05:00:00.000000,Canada,Québec,CA-QC,0.0,27.6,100.0,100.0,hydroquebec.com,false,""
2022-03-21T06:00:00.000000,Canada,Québec,CA-QC,0.0,27.69,100.0,100.0,hydroquebec.com,false,""
2022-03-21T07:00:00.000000,Canada,Québec,CA-QC,0.01,27.66,100.0,99.88,hydroquebec.com,false,""
2022-03-21T08:00:00.000000,Canada,Québec,CA-QC,0.02,27.6,99.99,99.93,hydroquebec.com,false,""
2022-03-21T09:00:00.000000,Canada,Québec,CA-QC,0.0,27.39,100.0,100.0,hydroquebec.com,false,""
2022-03-21T10:00:00.000000,Canada,Québec,CA-QC,0.0,27.08,100.0,100.0,hydroquebec.com,false,""
2022-03-21T11:00:00.000000,Canada,Québec,CA-QC,0.0,26.78,100.0,100.0,hydroquebec.com,false,""
2022-03-21T12:00:00.000000,Canada,Québec,CA-QC,0.0,26.71,100.0,100.0,hydroquebec.com,false,""
2022-03-21T13:00:00.000000,Canada,Québec,CA-QC,0.0,26.77,100.0,100.0,hydroquebec.com,false,""
2022-03-21T14:00:00.000000,Canada,Québec,CA-QC,0.0,26.84,100.0,100.0,hydroquebec.com,false,""
2022-03-21T15:00:00.000000,Canada,Québec,CA-QC,0.0,26.95,100.0,100.0,hydroquebec.com,false,""
2022-03-21T16:00:00.000000,Canada,Québec,CA-QC,0.0,26.98,100.0,100.0,hydroquebec.com,false,""
2022-03-21T17:00:00.000000,Canada,Québec,CA-QC,0.0,26.88,100.0,100.0,hydroquebec.com,false,""
2022-03-21T18:00:00.000000,Canada,Québec,CA-QC,0.0,26.76,100.0,100.0,hydroquebec.com,false,""
2022-03-21T19:00:00.000000,Canada,Québec,CA-QC,0.0,26.65,100.0,100.0,hydroquebec.com,false,""
2022-03-21T20:00:00.000000,Canada,Québec,CA-QC,0.0,26.54,100.0,100.0,hydroquebec.com,false,""
2022-03-21T21:00:00.000000,Canada,Québec,CA-QC,0.0,26.37,100.0,100.0,hydroquebec.com,false,""
2022-03-21T22:00:00.000000,Canada,Québec,CA-QC,0.0,26.24,100.0,100.0,hydroquebec.com,false,""
2022-03-21T23:00:00.000000,Canada,Québec,CA-QC,0.0,26.15,100.0,100.0,hydroquebec.com,false,""
2022-03-22T00:00:00.000000,Canada,Québec,CA-QC,0.0,26.11,100.0,100.0,hydroquebec.com,false,""
2022-03-22T01:00:00.000000,Canada,Québec,CA-QC,0.0,26.12,100.0,100.0,hydroquebec.com,false,""
2022-03-22T02:00:00.000000,Canada,Québec,CA-QC,0.0,26.15,100.0,100.0,hydroquebec.com,false,""
2022-03-22T03:00:00.000000,Canada,Québec,CA-QC,0.0,26.24,100.0,100.0,hydroquebec.com,false,""
2022-03-22T04:00:00.000000,Canada,Québec,CA-QC,0.0,26.38,100.0,100.0,hydroquebec.com,false,""
2022-03-22T05:00:00.000000,Canada,Québec,CA-QC,0.04,26.47,99.99,99.87,hydroquebec.com,false,""
2022-03-22T06:00:00.000000,Canada,Québec,CA-QC,0.07,26.46,99.98,99.78,hydroquebec.com,false,""
2022-03-22T07:00:00.000000,Canada,Québec,CA-QC,0.06,26.4,99.98,99.8,hydroquebec.com,false,""
2022-03-22T08:00:00.000000,Canada,Québec,CA-QC,0.06,26.34,99.98,99.84,hydroquebec.com,false,""
2022-03-22T09:00:00.000000,Canada,Québec,CA-QC,0.0,26.22,100.0,100.0,hydroquebec.com,false,""
2022-03-22T10:00:00.000000,Canada,Québec,CA-QC,0.0,26.07,100.0,100.0,hydroquebec.com,false,""
2022-03-22T11:00:00.000000,Canada,Québec,CA-QC,0.0,25.93,100.0,100.0,hydroquebec.com,false,""
2022-03-22T12:00:00.000000,Canada,Québec,CA-QC,0.0,25.9,100.0,100.0,hydroquebec.com,false,""
2022-03-22T13:00:00.000000,Canada,Québec,CA-QC,0.0,26.0,100.0,100.0,hydroquebec.com,false,""
2022-03-22T14:00:00.000000,Canada,Québec,CA-QC,0.0,26.13,100.0,100.0,hydroquebec.com,false,""
2022-03-22T15:00:00.000000,Canada,Québec,CA-QC,0.0,26.25,100.0,100.0,hydroquebec.com,false,""
2022-03-22T16:00:00.000000,Canada,Québec,CA-QC,0.0,26.39,100.0,100.0,hydroquebec.com,false,""
2022-03-22T17:00:00.000000,Canada,Québec,CA-QC,0.0,26.56,100.0,100.0,hydroquebec.com,false,""
2022-03-22T18:00:00.000000,Canada,Québec,CA-QC,0.0,26.71,100.0,100.0,hydroquebec.com,false,""
2022-03-22T19:00:00.000000,Canada,Québec,CA-QC,0.0,26.69,100.0,100.0,hydroquebec.com,false,""
2022-03-22T20:00:00.000000,Canada,Québec,CA-QC,0.0,26.54,100.0,100.0,hydroquebec.com,false,""
2022-03-22T21:00:00.000000,Canada,Québec,CA-QC,0.0,26.51,100.0,100.0,hydroquebec.com,false,""
2022-03-22T22:00:00.000000,Canada,Québec,CA-QC,0.0,26.56,100.0,100.0,hydroquebec.com,false,""
2022-03-22T23:00:00.000000,Canada,Québec,CA-QC,0.03,26.5,99.99,99.94,hydroquebec.com,false,""
2022-03-23T00:00:00.000000,Canada,Québec,CA-QC,0.0,26.49,100.0,100.0,hydroquebec.com,false,""
2022-03-23T01:00:00.000000,Canada,Québec,CA-QC,0.0,26.66,100.0,100.0,hydroquebec.com,false,""
2022-03-23T02:00:00.000000,Canada,Québec,CA-QC,0.22,26.96,99.94,99.6,hydroquebec.com,false,""
2022-03-23T03:00:00.000000,Canada,Québec,CA-QC,0.09,26.85,99.98,99.57,hydroquebec.com,false,""
2022-03-23T04:00:00.000000,Canada,Québec,CA-QC,0.07,26.78,99.98,98.91,hydroquebec.com,false,""
2022-03-23T05:00:00.000000,Canada,Québec,CA-QC,0.11,26.78,99.97,98.25,hydroquebec.com,false,""
2022-03-23T06:00:00.000000,Canada,Québec,CA-QC,0.13,26.75,99.97,97.75,hydroquebec.com,false,""
2022-03-23T07:00:00.000000,Canada,Québec,CA-QC,0.14,26.78,99.96,97.73,hydroquebec.com,false,""
2022-03-23T08:00:00.000000,Canada,Québec,CA-QC,0.16,26.71,99.96,97.58,hydroquebec.com,false,""
2022-03-23T09:00:00.000000,Canada,Québec,CA-QC,0.12,26.94,99.97,98.85,hydroquebec.com,false,""
2022-03-23T10:00:00.000000,Canada,Québec,CA-QC,0.09,26.87,99.98,99.43,hydroquebec.com,false,""
2022-03-23T11:00:00.000000,Canada,Québec,CA-QC,0.06,26.77,99.98,99.75,hydroquebec.com,false,""
2022-03-23T12:00:00.000000,Canada,Québec,CA-QC,0.0,26.84,100.0,100.0,hydroquebec.com,false,""
2022-03-23T13:00:00.000000,Canada,Québec,CA-QC,0.0,26.89,100.0,100.0,hydroquebec.com,false,""
2022-03-23T14:00:00.000000,Canada,Québec,CA-QC,0.0,26.86,100.0,100.0,hydroquebec.com,false,""
2022-03-23T15:00:00.000000,Canada,Québec,CA-QC,0.0,27.01,100.0,100.0,hydroquebec.com,false,""
2022-03-23T16:00:00.000000,Canada,Québec,CA-QC,0.0,27.17,100.0,100.0,hydroquebec.com,false,""
2022-03-23T17:00:00.000000,Canada,Québec,CA-QC,0.0,27.23,100.0,100.0,hydroquebec.com,false,""
2022-03-23T18:00:00.000000,Canada,Québec,CA-QC,0.0,27.31,100.0,100.0,hydroquebec.com,false,""
2022-03-23T19:00:00.000000,Canada,Québec,CA-QC,0.0,27.38,100.0,100.0,hydroquebec.com,false,""
2022-03-23T20:00:00.000000,Canada,Québec,CA-QC,0.0,27.41,100.0,100.0,hydroquebec.com,false,""
2022-03-23T21:00:00.000000,Canada,Québec,CA-QC,0.0,27.44,100.0,100.0,hydroquebec.com,false,""
2022-03-23T22:00:00.000000,Canada,Québec,CA-QC,0.0,27.44,100.0,100.0,hydroquebec.com,false,""
2022-03-23T23:00:00.000000,Canada,Québec,CA-QC,0.0,27.32,100.0,100.0,hydroquebec.com,false,""
2022-03-24T00:00:00.000000,Canada,Québec,CA-QC,0.0,27.19,100.0,100.0,hydroquebec.com,false,""
2022-03-24T01:00:00.000000,Canada,Québec,CA-QC,0.0,27.15,100.0,100.0,hydroquebec.com,false,""
2022-03-24T02:00:00.000000,Canada,Québec,CA-QC,0.0,27.17,100.0,100.0,hydroquebec.com,false,""
2022-03-24T03:00:00.000000,Canada,Québec,CA-QC,0.0,27.24,100.0,100.0,hydroquebec.com,false,""
2022-03-24T04:00:00.000000,Canada,Québec,CA-QC,0.0,27.33,100.0,100.0,hydroquebec.com,false,""
2022-03-24T05:00:00.000000,Canada,Québec,CA-QC,0.03,27.43,99.99,99.88,hydroquebec.com,false,""
2022-03-24T06:00:00.000000,Canada,Québec,CA-QC,0.05,27.42,99.99,99.52,hydroquebec.com,false,""
2022-03-24T07:00:00.000000,Canada,Québec,CA-QC,0.04,27.37,99.99,99.38,hydroquebec.com,false,""
2022-03-24T08:00:00.000000,Canada,Québec,CA-QC,0.09,27.19,99.97,98.55,hydroquebec.com,false,""
2022-03-24T09:00:00.000000,Canada,Québec,CA-QC,0.13,27.13,99.97,98.88,hydroquebec.com,false,""
2022-03-24T10:00:00.000000,Canada,Québec,CA-QC,0.0,26.98,100.0,100.0,hydroquebec.com,false,""
2022-03-24T11:00:00.000000,Canada,Québec,CA-QC,0.0,26.72,100.0,100.0,hydroquebec.com,false,""
2022-03-24T12:00:00.000000,Canada,Québec,CA-QC,0.0,26.59,100.0,100.0,hydroquebec.com,false,""
2022-03-24T13:00:00.000000,Canada,Québec,CA-QC,0.0,26.6,100.0,100.0,hydroquebec.com,false,""
2022-03-24T14:00:00.000000,Canada,Québec,CA-QC,0.0,26.68,100.0,100.0,hydroquebec.com,false,""
2022-03-24T15:00:00.000000,Canada,Québec,CA-QC,0.17,26.83,99.95,99.5,hydroquebec.com,false,""
2022-03-24T16:00:00.000000,Canada,Québec,CA-QC,0.03,26.8,99.99,99.91,hydroquebec.com,false,""
2022-03-24T17:00:00.000000,Canada,Québec,CA-QC,0.0,26.82,100.0,100.0,hydroquebec.com,false,""
2022-03-24T18:00:00.000000,Canada,Québec,CA-QC,0.0,26.86,100.0,100.0,hydroquebec.com,false,""
2022-03-24T19:00:00.000000,Canada,Québec,CA-QC,0.0,26.86,100.0,100.0,hydroquebec.com,false,""
2022-03-24T20:00:00.000000,Canada,Québec,CA-QC,0.0,26.76,100.0,100.0,hydroquebec.com,false,""
2022-03-24T21:00:00.000000,Canada,Québec,CA-QC,0.0,26.66,100.0,100.0,hydroquebec.com,false,""
2022-03-24T22:00:00.000000,Canada,Québec,CA-QC,0.0,26.55,100.0,100.0,hydroquebec.com,false,""
2022-03-24T23:00:00.000000,Canada,Québec,CA-QC,0.0,26.44,100.0,100.0,hydroquebec.com,false,""
2022-03-25T00:00:00.000000,Canada,Québec,CA-QC,0.0,26.44,100.0,100.0,hydroquebec.com,false,""
2022-03-25T01:00:00.000000,Canada,Québec,CA-QC,0.0,26.51,100.0,100.0,hydroquebec.com,false,""
2022-03-25T02:00:00.000000,Canada,Québec,CA-QC,0.0,26.59,100.0,100.0,hydroquebec.com,false,""
2022-03-25T03:00:00.000000,Canada,Québec,CA-QC,0.0,26.76,100.0,100.0,hydroquebec.com,false,""
2022-03-25T04:00:00.000000,Canada,Québec,CA-QC,0.0,26.99,100.0,100.0,hydroquebec.com,false,""
2022-03-25T05:00:00.000000,Canada,Québec,CA-QC,0.0,27.17,100.0,100.0,hydroquebec.com,false,""
2022-03-25T06:00:00.000000,Canada,Québec,CA-QC,0.03,27.21,99.99,99.6,hydroquebec.com,false,""
2022-03-25T07:00:00.000000,Canada,Québec,CA-QC,0.08,27.33,99.98,99.45,hydroquebec.com,false,""
2022-03-25T08:00:00.000000,Canada,Québec,CA-QC,0.4,27.49,99.89,98.08,hydroquebec.com,false,""
2022-03-25T09:00:00.000000,Canada,Québec,CA-QC,0.17,27.57,99.95,99.47,hydroquebec.com,false,""
2022-03-25T10:00:00.000000,Canada,Québec,CA-QC,0.0,27.27,100.0,100.0,hydroquebec.com,false,""
2022-03-25T11:00:00.000000,Canada,Québec,CA-QC,0.0,27.07,100.0,100.0,hydroquebec.com,false,""
2022-03-25T12:00:00.000000,Canada,Québec,CA-QC,0.0,26.99,100.0,100.0,hydroquebec.com,false,""
2022-03-25T13:00:00.000000,Canada,Québec,CA-QC,0.0,26.96,100.0,100.0,hydroquebec.com,false,""
2022-03-25T14:00:00.000000,Canada,Québec,CA-QC,0.0,26.98,100.0,100.0,hydroquebec.com,false,""
2022-03-25T15:00:00.000000,Canada,Québec,CA-QC,0.0,26.97,100.0,100.0,hydroquebec.com,false,""
2022-03-25T16:00:00.000000,Canada,Québec,CA-QC,0.0,27.01,100.0,100.0,hydroquebec.com,false,""
2022-03-25T17:00:00.000000,Canada,Québec,CA-QC,0.0,27.14,100.0,100.0,hydroquebec.com,false,""
2022-03-25T18:00:00.000000,Canada,Québec,CA-QC,0.0,27.23,100.0,100.0,hydroquebec.com,false,""
2022-03-25T19:00:00.000000,Canada,Québec,CA-QC,0.0,27.27,100.0,100.0,hydroquebec.com,false,""
2022-03-25T20:00:00.000000,Canada,Québec,CA-QC,0.0,27.22,100.0,100.0,hydroquebec.com,false,""
2022-03-25T21:00:00.000000,Canada,Québec,CA-QC,0.0,27.11,100.0,100.0,hydroquebec.com,false,""
2022-03-25T22:00:00.000000,Canada,Québec,CA-QC,0.0,27.13,100.0,100.0,hydroquebec.com,false,""
2022-03-25T23:00:00.000000,Canada,Québec,CA-QC,0.0,27.23,100.0,100.0,hydroquebec.com,false,""
2022-03-26T00:00:00.000000,Canada,Québec,CA-QC,0.0,27.29,100.0,100.0,hydroquebec.com,false,""
2022-03-26T01:00:00.000000,Canada,Québec,CA-QC,0.0,27.39,100.0,100.0,hydroquebec.com,false,""
2022-03-26T02:00:00.000000,Canada,Québec,CA-QC,0.0,27.6,100.0,100.0,hydroquebec.com,false,""
2022-03-26T03:00:00.000000,Canada,Québec,CA-QC,0.05,27.83,99.99,99.9,hydroquebec.com,false,""
2022-03-26T04:00:00.000000,Canada,Québec,CA-QC,0.14,27.98,99.96,99.49,hydroquebec.com,false,""
2022-03-26T05:00:00.000000,Canada,Québec,CA-QC,0.23,28.06,99.94,99.05,hydroquebec.com,false,""
2022-03-26T06:00:00.000000,Canada,Québec,CA-QC,0.21,28.01,99.94,99.08,hydroquebec.com,false,""
2022-03-26T07:00:00.000000,Canada,Québec,CA-QC,0.21,28.02,99.94,99.06,hydroquebec.com,false,""
2022-03-26T08:00:00.000000,Canada,Québec,CA-QC,0.2,28.02,99.95,99.1,hydroquebec.com,false,""
2022-03-26T09:00:00.000000,Canada,Québec,CA-QC,0.11,27.94,99.97,99.5,hydroquebec.com,false,""
2022-03-26T10:00:00.000000,Canada,Québec,CA-QC,0.23,27.82,99.94,99.14,hydroquebec.com,false,""
2022-03-26T11:00:00.000000,Canada,Québec,CA-QC,0.15,27.74,99.96,99.6,hydroquebec.com,false,""
2022-03-26T12:00:00.000000,Canada,Québec,CA-QC,0.18,27.8,99.95,99.61,hydroquebec.com,false,""
2022-03-26T13:00:00.000000,Canada,Québec,CA-QC,0.0,27.62,100.0,100.0,hydroquebec.com,false,""
2022-03-26T14:00:00.000000,Canada,Québec,CA-QC,0.14,27.65,99.96,99.64,hydroquebec.com,false,""
2022-03-26T15:00:00.000000,Canada,Québec,CA-QC,0.0,27.58,100.0,100.0,hydroquebec.com,false,""
2022-03-26T16:00:00.000000,Canada,Québec,CA-QC,0.0,27.56,100.0,100.0,hydroquebec.com,false,""
2022-03-26T17:00:00.000000,Canada,Québec,CA-QC,0.0,27.65,100.0,100.0,hydroquebec.com,false,""
2022-03-26T18:00:00.000000,Canada,Québec,CA-QC,0.0,27.81,100.0,100.0,hydroquebec.com,false,""
2022-03-26T19:00:00.000000,Canada,Québec,CA-QC,0.0,27.9,100.0,100.0,hydroquebec.com,false,""
2022-03-26T20:00:00.000000,Canada,Québec,CA-QC,0.01,27.91,100.0,99.95,hydroquebec.com,false,""
2022-03-26T21:00:00.000000,Canada,Québec,CA-QC,0.0,27.82,100.0,100.0,hydroquebec.com,false,""
2022-03-26T22:00:00.000000,Canada,Québec,CA-QC,0.0,27.71,100.0,100.0,hydroquebec.com,false,""
2022-03-26T23:00:00.000000,Canada,Québec,CA-QC,0.0,27.65,100.0,100.0,hydroquebec.com,false,""
2022-03-27T00:00:00.000000,Canada,Québec,CA-QC,0.0,27.62,100.0,100.0,hydroquebec.com,false,""
2022-03-27T01:00:00.000000,Canada,Québec,CA-QC,0.05,27.71,99.99,99.77,hydroquebec.com,false,""
2022-03-27T02:00:00.000000,Canada,Québec,CA-QC,0.18,27.85,99.95,99.22,hydroquebec.com,false,""
2022-03-27T03:00:00.000000,Canada,Québec,CA-QC,0.13,27.74,99.97,98.74,hydroquebec.com,false,""
2022-03-27T04:00:00.000000,Canada,Québec,CA-QC,0.12,27.72,99.97,98.27,hydroquebec.com,false,""
2022-03-27T05:00:00.000000,Canada,Québec,CA-QC,0.15,27.69,99.96,97.79,hydroquebec.com,false,""
2022-03-27T06:00:00.000000,Canada,Québec,CA-QC,0.18,27.61,99.95,97.35,hydroquebec.com,false,""
2022-03-27T07:00:00.000000,Canada,Québec,CA-QC,0.19,27.57,99.95,97.15,hydroquebec.com,false,""
2022-03-27T08:00:00.000000,Canada,Québec,CA-QC,0.17,27.56,99.96,97.5,hydroquebec.com,false,""
2022-03-27T09:00:00.000000,Canada,Québec,CA-QC,0.14,27.59,99.96,97.9,hydroquebec.com,false,""
2022-03-27T10:00:00.000000,Canada,Québec,CA-QC,0.08,27.66,99.98,98.77,hydroquebec.com,false,""
2022-03-27T11:00:00.000000,Canada,Québec,CA-QC,0.03,27.62,99.99,99.48,hydroquebec.com,false,""
2022-03-27T12:00:00.000000,Canada,Québec,CA-QC,0.0,27.6,100.0,100.0,hydroquebec.com,false,""
2022-03-27T13:00:00.000000,Canada,Québec,CA-QC,0.01,27.48,100.0,99.79,hydroquebec.com,false,""
2022-03-27T14:00:00.000000,Canada,Québec,CA-QC,0.02,27.46,99.99,99.64,hydroquebec.com,false,""
2022-03-27T15:00:00.000000,Canada,Québec,CA-QC,0.03,27.52,99.99,99.67,hydroquebec.com,false,""
2022-03-27T16:00:00.000000,Canada,Québec,CA-QC,0.02,27.53,99.99,99.7,hydroquebec.com,false,""
2022-03-27T17:00:00.000000,Canada,Québec,CA-QC,0.03,27.57,99.99,99.63,hydroquebec.com,false,""
2022-03-27T18:00:00.000000,Canada,Québec,CA-QC,0.03,27.64,99.99,99.55,hydroquebec.com,false,""
2022-03-27T19:00:00.000000,Canada,Québec,CA-QC,0.04,27.64,99.99,99.54,hydroquebec.com,false,""
2022-03-27T20:00:00.000000,Canada,Québec,CA-QC,0.05,27.56,99.99,99.59,hydroquebec.com,false,""
2022-03-27T21:00:00.000000,Canada,Québec,CA-QC,0.07,27.44,99.98,99.67,hydroquebec.com,false,""
2022-03-27T22:00:00.000000,Canada,Québec,CA-QC,0.0,27.27,100.0,100.0,hydroquebec.com,false,""
2022-03-27T23:00:00.000000,Canada,Québec,CA-QC,0.0,27.12,100.0,100.0,hydroquebec.com,false,""
2022-03-28T00:00:00.000000,Canada,Québec,CA-QC,0.0,27.02,100.0,100.0,hydroquebec.com,false,""
2022-03-28T01:00:00.000000,Canada,Québec,CA-QC,0.19,27.19,99.95,99.58,hydroquebec.com,false,""
2022-03-28T02:00:00.000000,Canada,Québec,CA-QC,0.18,27.31,99.95,99.7,hydroquebec.com,false,""
2022-03-28T03:00:00.000000,Canada,Québec,CA-QC,0.15,27.38,99.96,99.71,Electricity Maps Estimation,true,ESTIMATED_TIME_SLICER_AVERAGE
2022-03-28T04:00:00.000000,Canada,Québec,CA-QC,0.3,27.5,99.92,99.31,Electricity Maps Estimation; hydroquebec.com,true,ESTIMATED_TIME_SLICER_AVERAGE
2022-03-28T05:00:00.000000,Canada,Québec,CA-QC,0.49,27.66,99.87,98.87,hydroquebec.com,false,""
2022-03-28T06:00:00.000000,Canada,Québec,CA-QC,0.47,27.64,99.87,98.91,hydroquebec.com,false,""
2022-03-28T07:00:00.000000,Canada,Québec,CA-QC,0.55,27.75,99.85,98.95,hydroquebec.com,false,""
2022-03-28T08:00:00.000000,Canada,Québec,CA-QC,0.51,27.7,99.86,99.18,hydroquebec.com,false,""
2022-03-28T09:00:00.000000,Canada,Québec,CA-QC,0.38,27.48,99.9,99.44,hydroquebec.com,false,""
2022-03-28T10:00:00.000000,Canada,Québec,CA-QC,1.04,28.01,99.72,98.64,hydroquebec.com,false,""
2022-03-28T11:00:00.000000,Canada,Québec,CA-QC,1.31,28.24,99.65,98.55,hydroquebec.com,false,""
2022-03-28T12:00:00.000000,Canada,Québec,CA-QC,1.39,28.35,99.63,98.72,hydroquebec.com,false,""
2022-03-28T13:00:00.000000,Canada,Québec,CA-QC,1.33,28.34,99.64,98.73,hydroquebec.com,false,""
2022-03-28T14:00:00.000000,Canada,Québec,CA-QC,1.1,28.1,99.7,98.67,hydroquebec.com,false,""
2022-03-28T15:00:00.000000,Canada,Québec,CA-QC,0.56,27.61,99.85,99.31,hydroquebec.com,false,""
2022-03-28T16:00:00.000000,Canada,Québec,CA-QC,0.48,27.53,99.87,99.32,hydroquebec.com,false,""
2022-03-28T17:00:00.000000,Canada,Québec,CA-QC,0.38,27.41,99.9,99.44,hydroquebec.com,false,""
2022-03-28T18:00:00.000000,Canada,Québec,CA-QC,0.4,27.44,99.89,99.39,hydroquebec.com,false,""
2022-03-28T19:00:00.000000,Canada,Québec,CA-QC,0.38,27.43,99.9,99.41,hydroquebec.com,false,""
2022-03-28T20:00:00.000000,Canada,Québec,CA-QC,0.45,27.42,99.88,99.34,hydroquebec.com,false,""
2022-03-28T21:00:00.000000,Canada,Québec,CA-QC,0.99,27.81,99.73,98.7,hydroquebec.com,false,""
2022-03-28T22:00:00.000000,Canada,Québec,CA-QC,1.37,28.15,99.63,98.66,hydroquebec.com,false,""
2022-03-28T23:00:00.000000,Canada,Québec,CA-QC,1.41,28.08,99.62,98.7,hydroquebec.com,false,""
2022-03-29T00:00:00.000000,Canada,Québec,CA-QC,1.51,28.12,99.6,98.7,hydroquebec.com,false,""
2022-03-29T01:00:00.000000,Canada,Québec,CA-QC,0.08,26.48,99.98,99.93,hydroquebec.com,false,""
2022-03-29T02:00:00.000000,Canada,Québec,CA-QC,0.0,26.34,100.0,100.0,hydroquebec.com,false,""
2022-03-29T03:00:00.000000,Canada,Québec,CA-QC,0.0,26.31,100.0,100.0,hydroquebec.com,false,""
2022-03-29T04:00:00.000000,Canada,Québec,CA-QC,0.0,26.37,100.0,100.0,hydroquebec.com,false,""
2022-03-29T05:00:00.000000,Canada,Québec,CA-QC,0.0,26.47,100.0,100.0,hydroquebec.com,false,""
2022-03-29T06:00:00.000000,Canada,Québec,CA-QC,0.01,26.52,100.0,99.99,hydroquebec.com,false,""
2022-03-29T07:00:00.000000,Canada,Québec,CA-QC,0.06,26.54,99.98,99.93,hydroquebec.com,false,""
2022-03-29T08:00:00.000000,Canada,Québec,CA-QC,0.0,26.5,100.0,100.0,hydroquebec.com,false,""
2022-03-29T09:00:00.000000,Canada,Québec,CA-QC,0.0,26.48,100.0,100.0,hydroquebec.com,false,""
2022-03-29T10:00:00.000000,Canada,Québec,CA-QC,0.0,26.36,100.0,100.0,hydroquebec.com,false,""
2022-03-29T11:00:00.000000,Canada,Québec,CA-QC,0.48,26.79,99.87,99.59,hydroquebec.com,false,""
2022-03-29T12:00:00.000000,Canada,Québec,CA-QC,0.0,26.17,100.0,100.0,hydroquebec.com,false,""
2022-03-29T13:00:00.000000,Canada,Québec,CA-QC,0.0,26.13,100.0,100.0,hydroquebec.com,false,""
2022-03-29T14:00:00.000000,Canada,Québec,CA-QC,0.0,26.15,100.0,100.0,hydroquebec.com,false,""
2022-03-29T15:00:00.000000,Canada,Québec,CA-QC,0.0,26.23,100.0,100.0,hydroquebec.com,false,""
2022-03-29T16:00:00.000000,Canada,Québec,CA-QC,0.0,26.28,100.0,100.0,hydroquebec.com,false,""
2022-03-29T17:00:00.000000,Canada,Québec,CA-QC,0.0,26.36,100.0,100.0,hydroquebec.com,false,""
2022-03-29T18:00:00.000000,Canada,Québec,CA-QC,0.0,26.43,100.0,100.0,hydroquebec.com,false,""
2022-03-29T19:00:00.000000,Canada,Québec,CA-QC,0.0,26.46,100.0,100.0,hydroquebec.com,false,""
2022-03-29T20:00:00.000000,Canada,Québec,CA-QC,0.0,26.41,100.0,100.0,hydroquebec.com,false,""
2022-03-29T21:00:00.000000,Canada,Québec,CA-QC,0.0,26.32,100.0,100.0,hydroquebec.com,false,""
2022-03-29T22:00:00.000000,Canada,Québec,CA-QC,0.0,26.28,100.0,100.0,hydroquebec.com,false,""
2022-03-29T23:00:00.000000,Canada,Québec,CA-QC,0.0,26.22,100.0,100.0,hydroquebec.com,false,""
2022-03-30T00:00:00.000000,Canada,Québec,CA-QC,0.0,26.24,100.0,100.0,Electricity Maps Estimation,true,ESTIMATED_TIME_SLICER_AVERAGE
2022-03-30T01:00:00.000000,Canada,Québec,CA-QC,0.0,26.26,100.0,100.0,hydroquebec.com; Electricity Maps Estimation,true,ESTIMATED_TIME_SLICER_AVERAGE
2022-03-30T02:00:00.000000,Canada,Québec,CA-QC,0.0,26.34,100.0,100.0,hydroquebec.com,false,""
2022-03-30T03:00:00.000000,Canada,Québec,CA-QC,0.0,26.43,100.0,100.0,hydroquebec.com,false,""
2022-03-30T04:00:00.000000,Canada,Québec,CA-QC,0.0,26.51,100.0,100.0,hydroquebec.com,false,""
2022-03-30T05:00:00.000000,Canada,Québec,CA-QC,0.0,26.6,100.0,100.0,hydroquebec.com,false,""
2022-03-30T06:00:00.000000,Canada,Québec,CA-QC,0.0,26.65,100.0,100.0,hydroquebec.com,false,""
2022-03-30T07:00:00.000000,Canada,Québec,CA-QC,0.0,26.69,100.0,100.0,hydroquebec.com,false,""
2022-03-30T08:00:00.000000,Canada,Québec,CA-QC,0.06,26.7,99.98,99.79,hydroquebec.com,false,""
2022-03-30T09:00:00.000000,Canada,Québec,CA-QC,0.0,26.55,100.0,100.0,hydroquebec.com,false,""
2022-03-30T10:00:00.000000,Canada,Québec,CA-QC,0.0,26.43,100.0,100.0,hydroquebec.com,false,""
2022-03-30T11:00:00.000000,Canada,Québec,CA-QC,0.0,26.42,100.0,100.0,hydroquebec.com,false,""
2022-03-30T12:00:00.000000,Canada,Québec,CA-QC,0.0,26.48,100.0,100.0,hydroquebec.com,false,""
2022-03-30T13:00:00.000000,Canada,Québec,CA-QC,0.0,26.62,100.0,100.0,hydroquebec.com,false,""
2022-03-30T14:00:00.000000,Canada,Québec,CA-QC,0.0,26.77,100.0,100.0,hydroquebec.com,false,""
2022-03-30T15:00:00.000000,Canada,Québec,CA-QC,0.0,26.85,100.0,100.0,hydroquebec.com,false,""
2022-03-30T16:00:00.000000,Canada,Québec,CA-QC,0.0,26.91,100.0,100.0,hydroquebec.com,false,""
2022-03-30T17:00:00.000000,Canada,Québec,CA-QC,0.0,26.98,100.0,100.0,hydroquebec.com,false,""
2022-03-30T18:00:00.000000,Canada,Québec,CA-QC,0.0,27.1,100.0,100.0,hydroquebec.com,false,""
2022-03-30T19:00:00.000000,Canada,Québec,CA-QC,0.0,27.26,100.0,100.0,hydroquebec.com,false,""
2022-03-30T20:00:00.000000,Canada,Québec,CA-QC,0.0,27.3,100.0,100.0,hydroquebec.com,false,""
2022-03-30T21:00:00.000000,Canada,Québec,CA-QC,0.0,27.15,100.0,100.0,hydroquebec.com,false,""
2022-03-30T22:00:00.000000,Canada,Québec,CA-QC,0.0,27.01,100.0,100.0,hydroquebec.com,false,""
2022-03-30T23:00:00.000000,Canada,Québec,CA-QC,0.0,26.97,100.0,100.0,hydroquebec.com,false,""
2022-03-31T00:00:00.000000,Canada,Québec,CA-QC,0.0,26.97,100.0,100.0,hydroquebec.com,false,""
2022-03-31T01:00:00.000000,Canada,Québec,CA-QC,0.0,27.04,100.0,100.0,hydroquebec.com,false,""
2022-03-31T02:00:00.000000,Canada,Québec,CA-QC,0.0,27.3,100.0,100.0,hydroquebec.com,false,""
2022-03-31T03:00:00.000000,Canada,Québec,CA-QC,0.04,27.63,99.99,99.85,hydroquebec.com,false,""
2022-03-31T04:00:00.000000,Canada,Québec,CA-QC,0.21,27.93,99.94,99.46,hydroquebec.com,false,""
2022-03-31T05:00:00.000000,Canada,Québec,CA-QC,0.27,28.01,99.93,99.07,hydroquebec.com,false,""
2022-03-31T06:00:00.000000,Canada,Québec,CA-QC,0.23,27.79,99.94,98.25,hydroquebec.com,false,""
2022-03-31T07:00:00.000000,Canada,Québec,CA-QC,0.12,27.5,99.97,97.7,hydroquebec.com,false,""
2022-03-31T08:00:00.000000,Canada,Québec,CA-QC,0.11,27.58,99.97,97.92,hydroquebec.com,false,""
2022-03-31T09:00:00.000000,Canada,Québec,CA-QC,0.08,27.6,99.98,98.49,hydroquebec.com,false,""
2022-03-31T10:00:00.000000,Canada,Québec,CA-QC,0.03,27.57,99.99,99.62,hydroquebec.com,false,""
2022-03-31T11:00:00.000000,Canada,Québec,CA-QC,0.0,27.5,100.0,100.0,Electricity Maps Estimation,true,ESTIMATED_TIME_SLICER_AVERAGE
2022-03-31T12:00:00.000000,Canada,Québec,CA-QC,0.01,27.5,100.0,99.94,Electricity Maps Estimation,true,ESTIMATED_TIME_SLICER_AVERAGE
2022-03-31T13:00:00.000000,Canada,Québec,CA-QC,0.0,27.52,100.0,100.0,hydroquebec.com; Electricity Maps Estimation,true,ESTIMATED_TIME_SLICER_AVERAGE
2022-03-31T14:00:00.000000,Canada,Québec,CA-QC,0.0,27.54,100.0,100.0,hydroquebec.com,false,""
2022-03-31T15:00:00.000000,Canada,Québec,CA-QC,0.0,27.53,100.0,100.0,hydroquebec.com,false,""
2022-03-31T16:00:00.000000,Canada,Québec,CA-QC,0.0,27.46,100.0,100.0,hydroquebec.com,false,""
2022-03-31T17:00:00.000000,Canada,Québec,CA-QC,0.0,27.41,100.0,100.0,hydroquebec.com,false,""
2022-03-31T18:00:00.000000,Canada,Québec,CA-QC,0.01,27.41,100.0,99.91,hydroquebec.com,false,""
2022-03-31T19:00:00.000000,Canada,Québec,CA-QC,0.04,27.34,99.99,99.47,hydroquebec.com,false,""
2022-03-31T20:00:00.000000,Canada,Québec,CA-QC,0.05,27.33,99.99,99.51,hydroquebec.com,false,""
2022-03-31T21:00:00.000000,Canada,Québec,CA-QC,0.1,27.33,99.97,99.54,hydroquebec.com,false,""
2022-03-31T22:00:00.000000,Canada,Québec,CA-QC,0.0,27.3,100.0,100.0,hydroquebec.com,false,""
2022-03-31T23:00:00.000000,Canada,Québec,CA-QC,0.0,27.23,100.0,100.0,hydroquebec.com,false,""
2022-04-01T00:00:00.000000,Canada,Québec,CA-QC,0.0,27.18,100.0,100.0,hydroquebec.com,false,""
2022-04-01T01:00:00.000000,Canada,Québec,CA-QC,0.0,27.31,100.0,100.0,hydroquebec.com,false,""
2022-04-01T02:00:00.000000,Canada,Québec,CA-QC,0.0,27.27,100.0,100.0,hydroquebec.com,false,""
2022-04-01T03:00:00.000000,Canada,Québec,CA-QC,0.0,27.21,100.0,100.0,hydroquebec.com,false,""
2022-04-01T04:00:00.000000,Canada,Québec,CA-QC,1.44,29.11,99.67,99.47,hydroquebec.com,false,""
2022-04-01T05:00:00.000000,Canada,Québec,CA-QC,1.6,29.42,99.64,99.4,hydroquebec.com,false,""
2022-04-01T06:00:00.000000,Canada,Québec,CA-QC,1.57,29.38,99.65,99.4,hydroquebec.com,false,""
2022-04-01T07:00:00.000000,Canada,Québec,CA-QC,1.58,29.4,99.65,99.4,hydroquebec.com,false,""
2022-04-01T08:00:00.000000,Canada,Québec,CA-QC,1.6,29.5,99.64,99.33,hydroquebec.com,false,""
2022-04-01T09:00:00.000000,Canada,Québec,CA-QC,0.03,27.7,99.99,99.99,hydroquebec.com,false,""
2022-04-01T10:00:00.000000,Canada,Québec,CA-QC,0.0,27.42,100.0,100.0,hydroquebec.com,false,""
2022-04-01T11:00:00.000000,Canada,Québec,CA-QC,0.0,27.18,100.0,100.0,hydroquebec.com,false,""
2022-04-01T12:00:00.000000,Canada,Québec,CA-QC,0.0,27.21,100.0,100.0,hydroquebec.com,false,""
2022-04-01T13:00:00.000000,Canada,Québec,CA-QC,0.0,27.35,100.0,100.0,hydroquebec.com,false,""
2022-04-01T14:00:00.000000,Canada,Québec,CA-QC,0.0,27.38,100.0,100.0,hydroquebec.com,false,""
2022-04-01T15:00:00.000000,Canada,Québec,CA-QC,0.0,27.39,100.0,100.0,hydroquebec.com,false,""
2022-04-01T16:00:00.000000,Canada,Québec,CA-QC,0.0,27.45,100.0,100.0,hydroquebec.com,false,""
2022-04-01T17:00:00.000000,Canada,Québec,CA-QC,0.0,27.48,100.0,100.0,hydroquebec.com,false,""
2022-04-01T18:00:00.000000,Canada,Québec,CA-QC,0.0,27.53,100.0,100.0,hydroquebec.com,false,""
2022-04-01T19:00:00.000000,Canada,Québec,CA-QC,0.0,27.6,100.0,100.0,hydroquebec.com,false,""
2022-04-01T20:00:00.000000,Canada,Québec,CA-QC,0.0,27.55,100.0,100.0,hydroquebec.com,false,""
2022-04-01T21:00:00.000000,Canada,Québec,CA-QC,0.0,27.37,100.0,100.0,hydroquebec.com,false,""
2022-04-01T22:00:00.000000,Canada,Québec,CA-QC,0.0,27.17,100.0,100.0,hydroquebec.com,false,""
2022-04-01T23:00:00.000000,Canada,Québec,CA-QC,0.0,27.03,100.0,100.0,hydroquebec.com,false,""
2022-04-02T00:00:00.000000,Canada,Québec,CA-QC,0.0,26.93,100.0,100.0,hydroquebec.com,false,""
2022-04-02T01:00:00.000000,Canada,Québec,CA-QC,0.0,26.92,100.0,100.0,hydroquebec.com,false,""
2022-04-02T02:00:00.000000,Canada,Québec,CA-QC,0.0,26.97,100.0,100.0,hydroquebec.com,false,""
2022-04-02T03:00:00.000000,Canada,Québec,CA-QC,0.0,26.97,100.0,100.0,hydroquebec.com,false,""
2022-04-02T04:00:00.000000,Canada,Québec,CA-QC,0.0,26.94,100.0,100.0,hydroquebec.com,false,""
2022-04-02T05:00:00.000000,Canada,Québec,CA-QC,0.0,26.9,100.0,100.0,hydroquebec.com,false,""
2022-04-02T06:00:00.000000,Canada,Québec,CA-QC,0.0,26.81,100.0,100.0,hydroquebec.com,false,""
2022-04-02T07:00:00.000000,Canada,Québec,CA-QC,0.0,26.83,100.0,100.0,hydroquebec.com,false,""
2022-04-02T08:00:00.000000,Canada,Québec,CA-QC,0.0,26.84,100.0,100.0,hydroquebec.com,false,""
2022-04-02T09:00:00.000000,Canada,Québec,CA-QC,0.0,26.71,100.0,100.0,hydroquebec.com,false,""
2022-04-02T10:00:00.000000,Canada,Québec,CA-QC,0.0,26.58,100.0,100.0,hydroquebec.com,false,""
2022-04-02T11:00:00.000000,Canada,Québec,CA-QC,0.0,26.5,100.0,100.0,hydroquebec.com,false,""
2022-04-02T12:00:00.000000,Canada,Québec,CA-QC,0.0,26.48,100.0,100.0,hydroquebec.com,false,""
2022-04-02T13:00:00.000000,Canada,Québec,CA-QC,0.0,26.5,100.0,100.0,hydroquebec.com,false,""
2022-04-02T14:00:00.000000,Canada,Québec,CA-QC,0.0,26.58,100.0,100.0,hydroquebec.com,false,""
2022-04-02T15:00:00.000000,Canada,Québec,CA-QC,0.0,26.66,100.0,100.0,hydroquebec.com,false,""
2022-04-02T16:00:00.000000,Canada,Québec,CA-QC,0.0,26.73,100.0,100.0,hydroquebec.com,false,""
2022-04-02T17:00:00.000000,Canada,Québec,CA-QC,0.0,26.78,100.0,100.0,hydroquebec.com,false,""
2022-04-02T18:00:00.000000,Canada,Québec,CA-QC,0.0,26.82,100.0,100.0,hydroquebec.com,false,""
2022-04-02T19:00:00.000000,Canada,Québec,CA-QC,0.02,26.92,99.99,99.9,hydroquebec.com,false,""
2022-04-02T20:00:00.000000,Canada,Québec,CA-QC,0.0,26.89,100.0,100.0,hydroquebec.com,false,""
2022-04-02T21:00:00.000000,Canada,Québec,CA-QC,0.0,26.8,100.0,100.0,hydroquebec.com,false,""
2022-04-02T22:00:00.000000,Canada,Québec,CA-QC,0.0,26.73,100.0,100.0,hydroquebec.com,false,""
2022-04-02T23:00:00.000000,Canada,Québec,CA-QC,0.0,26.63,100.0,100.0,hydroquebec.com,false,""
2022-04-03T00:00:00.000000,Canada,Québec,CA-QC,0.0,26.57,100.0,100.0,hydroquebec.com,false,""
2022-04-03T01:00:00.000000,Canada,Québec,CA-QC,0.0,26.55,100.0,100.0,hydroquebec.com,false,""
2022-04-03T02:00:00.000000,Canada,Québec,CA-QC,0.0,26.61,100.0,100.0,hydroquebec.com,false,""
2022-04-03T03:00:00.000000,Canada,Québec,CA-QC,0.0,26.77,100.0,100.0,hydroquebec.com,false,""
2022-04-03T04:00:00.000000,Canada,Québec,CA-QC,0.0,26.97,100.0,100.0,hydroquebec.com,false,""
2022-04-03T05:00:00.000000,Canada,Québec,CA-QC,0.0,27.18,100.0,100.0,hydroquebec.com,false,""
2022-04-03T06:00:00.000000,Canada,Québec,CA-QC,0.0,27.18,100.0,100.0,hydroquebec.com,false,""
2022-04-03T07:00:00.000000,Canada,Québec,CA-QC,0.0,27.09,100.0,100.0,hydroquebec.com,false,""
2022-04-03T08:00:00.000000,Canada,Québec,CA-QC,0.0,27.08,100.0,100.0,hydroquebec.com,false,""
2022-04-03T09:00:00.000000,Canada,Québec,CA-QC,0.0,27.01,100.0,100.0,hydroquebec.com,false,""
2022-04-03T10:00:00.000000,Canada,Québec,CA-QC,0.0,26.9,100.0,100.0,hydroquebec.com,false,""
2022-04-03T11:00:00.000000,Canada,Québec,CA-QC,0.0,26.88,100.0,100.0,hydroquebec.com,false,""
2022-04-03T12:00:00.000000,Canada,Québec,CA-QC,0.0,26.99,100.0,100.0,hydroquebec.com,false,""
2022-04-03T13:00:00.000000,Canada,Québec,CA-QC,0.0,27.14,100.0,100.0,hydroquebec.com,false,""
2022-04-03T14:00:00.000000,Canada,Québec,CA-QC,0.0,27.18,100.0,100.0,hydroquebec.com,false,""
2022-04-03T15:00:00.000000,Canada,Québec,CA-QC,0.0,27.15,100.0,100.0,hydroquebec.com,false,""
2022-04-03T16:00:00.000000,Canada,Québec,CA-QC,0.0,27.17,100.0,100.0,hydroquebec.com,false,""
2022-04-03T17:00:00.000000,Canada,Québec,CA-QC,0.0,27.2,100.0,100.0,hydroquebec.com,false,""
2022-04-03T18:00:00.000000,Canada,Québec,CA-QC,0.0,27.25,100.0,100.0,hydroquebec.com,false,""
2022-04-03T19:00:00.000000,Canada,Québec,CA-QC,0.0,27.31,100.0,100.0,hydroquebec.com,false,""
2022-04-03T20:00:00.000000,Canada,Québec,CA-QC,0.0,27.33,100.0,100.0,hydroquebec.com,false,""
2022-04-03T21:00:00.000000,Canada,Québec,CA-QC,0.0,27.3,100.0,100.0,hydroquebec.com,false,""
2022-04-03T22:00:00.000000,Canada,Québec,CA-QC,0.0,27.24,100.0,100.0,hydroquebec.com,false,""
2022-04-03T23:00:00.000000,Canada,Québec,CA-QC,0.0,27.17,100.0,100.0,hydroquebec.com,false,""
2022-04-04T00:00:00.000000,Canada,Québec,CA-QC,0.0,27.14,100.0,100.0,hydroquebec.com,false,""
2022-04-04T01:00:00.000000,Canada,Québec,CA-QC,0.0,27.17,100.0,100.0,hydroquebec.com,false,""
2022-04-04T02:00:00.000000,Canada,Québec,CA-QC,0.0,27.26,100.0,100.0,hydroquebec.com,false,""
2022-04-04T03:00:00.000000,Canada,Québec,CA-QC,0.0,27.4,100.0,100.0,hydroquebec.com,false,""
2022-04-04T04:00:00.000000,Canada,Québec,CA-QC,0.0,27.49,100.0,100.0,hydroquebec.com,false,""
2022-04-04T05:00:00.000000,Canada,Québec,CA-QC,0.0,27.5,100.0,100.0,hydroquebec.com,false,""
2022-04-04T06:00:00.000000,Canada,Québec,CA-QC,0.0,27.47,100.0,100.0,hydroquebec.com,false,""
2022-04-04T07:00:00.000000,Canada,Québec,CA-QC,0.0,27.46,100.0,100.0,hydroquebec.com,false,""
2022-04-04T08:00:00.000000,Canada,Québec,CA-QC,0.0,27.4,100.0,100.0,hydroquebec.com,false,""
2022-04-04T09:00:00.000000,Canada,Québec,CA-QC,0.0,27.24,100.0,100.0,hydroquebec.com,false,""
2022-04-04T10:00:00.000000,Canada,Québec,CA-QC,0.09,27.15,99.98,99.84,hydroquebec.com,false,""
2022-04-04T11:00:00.000000,Canada,Québec,CA-QC,0.13,27.14,99.97,99.84,hydroquebec.com,false,""
2022-04-04T12:00:00.000000,Canada,Québec,CA-QC,0.13,27.31,99.97,99.84,hydroquebec.com,false,""
2022-04-04T13:00:00.000000,Canada,Québec,CA-QC,0.11,27.46,99.97,99.85,hydroquebec.com,false,""
2022-04-04T14:00:00.000000,Canada,Québec,CA-QC,0.07,27.31,99.98,99.9,hydroquebec.com,false,""
2022-04-04T15:00:00.000000,Canada,Québec,CA-QC,0.0,27.1,100.0,100.0,hydroquebec.com,false,""
2022-04-04T16:00:00.000000,Canada,Québec,CA-QC,0.0,27.05,100.0,100.0,hydroquebec.com,false,""
2022-04-04T17:00:00.000000,Canada,Québec,CA-QC,0.0,27.1,100.0,100.0,hydroquebec.com,false,""
2022-04-04T18:00:00.000000,Canada,Québec,CA-QC,0.0,27.19,100.0,100.0,hydroquebec.com,false,""
2022-04-04T19:00:00.000000,Canada,Québec,CA-QC,0.0,27.24,100.0,100.0,hydroquebec.com,false,""
2022-04-04T20:00:00.000000,Canada,Québec,CA-QC,0.0,27.18,100.0,100.0,hydroquebec.com,false,""
2022-04-04T21:00:00.000000,Canada,Québec,CA-QC,0.0,27.06,100.0,100.0,hydroquebec.com,false,""
2022-04-04T22:00:00.000000,Canada,Québec,CA-QC,0.0,27.01,100.0,100.0,hydroquebec.com,false,""
2022-04-04T23:00:00.000000,Canada,Québec,CA-QC,0.0,26.96,100.0,100.0,hydroquebec.com,false,""
2022-04-05T00:00:00.000000,Canada,Québec,CA-QC,0.0,26.85,100.0,100.0,hydroquebec.com,false,""
2022-04-05T01:00:00.000000,Canada,Québec,CA-QC,0.0,26.81,100.0,100.0,hydroquebec.com,false,""
2022-04-05T02:00:00.000000,Canada,Québec,CA-QC,0.0,26.89,100.0,100.0,hydroquebec.com,false,""
2022-04-05T03:00:00.000000,Canada,Québec,CA-QC,0.0,27.03,100.0,100.0,hydroquebec.com,false,""
2022-04-05T04:00:00.000000,Canada,Québec,CA-QC,0.0,27.19,100.0,100.0,hydroquebec.com,false,""
2022-04-05T05:00:00.000000,Canada,Québec,CA-QC,0.04,27.44,99.99,99.9,hydroquebec.com,false,""
2022-04-05T06:00:00.000000,Canada,Québec,CA-QC,0.04,27.58,99.99,99.9,hydroquebec.com,false,""
2022-04-05T07:00:00.000000,Canada,Québec,CA-QC,0.04,27.57,99.99,99.92,hydroquebec.com,false,""
2022-04-05T08:00:00.000000,Canada,Québec,CA-QC,0.0,27.41,100.0,100.0,hydroquebec.com,false,""
2022-04-05T09:00:00.000000,Canada,Québec,CA-QC,0.0,27.18,100.0,100.0,hydroquebec.com,false,""
2022-04-05T10:00:00.000000,Canada,Québec,CA-QC,0.0,26.99,100.0,100.0,hydroquebec.com,false,""
2022-04-05T11:00:00.000000,Canada,Québec,CA-QC,0.0,26.9,100.0,100.0,hydroquebec.com,false,""
2022-04-05T12:00:00.000000,Canada,Québec,CA-QC,0.0,27.0,100.0,100.0,hydroquebec.com,false,""
2022-04-05T13:00:00.000000,Canada,Québec,CA-QC,0.0,27.08,100.0,100.0,hydroquebec.com,false,""
2022-04-05T14:00:00.000000,Canada,Québec,CA-QC,0.0,27.04,100.0,100.0,hydroquebec.com,false,""
2022-04-05T15:00:00.000000,Canada,Québec,CA-QC,0.0,27.05,100.0,100.0,hydroquebec.com,false,""
2022-04-05T16:00:00.000000,Canada,Québec,CA-QC,0.0,27.11,100.0,100.0,hydroquebec.com,false,""
2022-04-05T17:00:00.000000,Canada,Québec,CA-QC,0.0,27.13,100.0,100.0,hydroquebec.com,false,""
2022-04-05T18:00:00.000000,Canada,Québec,CA-QC,0.0,27.16,100.0,100.0,hydroquebec.com,false,""
2022-04-05T19:00:00.000000,Canada,Québec,CA-QC,0.0,27.2,100.0,100.0,hydroquebec.com,false,""
2022-04-05T20:00:00.000000,Canada,Québec,CA-QC,0.0,27.19,100.0,100.0,hydroquebec.com,false,""
2022-04-05T21:00:00.000000,Canada,Québec,CA-QC,0.0,27.2,100.0,100.0,hydroquebec.com,false,""
2022-04-05T22:00:00.000000,Canada,Québec,CA-QC,0.0,27.24,100.0,100.0,hydroquebec.com,false,""
2022-04-05T23:00:00.000000,Canada,Québec,CA-QC,0.0,27.24,100.0,100.0,hydroquebec.com,false,""
2022-04-06T00:00:00.000000,Canada,Québec,CA-QC,0.0,27.14,100.0,100.0,hydroquebec.com,false,""
2022-04-06T01:00:00.000000,Canada,Québec,CA-QC,0.0,27.11,100.0,100.0,hydroquebec.com,false,""
2022-04-06T02:00:00.000000,Canada,Québec,CA-QC,0.0,27.25,100.0,100.0,hydroquebec.com,false,""
2022-04-06T03:00:00.000000,Canada,Québec,CA-QC,0.0,27.45,100.0,100.0,hydroquebec.com,false,""
2022-04-06T04:00:00.000000,Canada,Québec,CA-QC,0.0,27.68,100.0,99.99,hydroquebec.com,false,""
2022-04-06T05:00:00.000000,Canada,Québec,CA-QC,0.13,27.65,99.96,98.5,hydroquebec.com,false,""
2022-04-06T06:00:00.000000,Canada,Québec,CA-QC,0.08,27.68,99.98,98.57,hydroquebec.com,false,""
2022-04-06T07:00:00.000000,Canada,Québec,CA-QC,0.12,27.62,99.97,98.44,hydroquebec.com,false,""
2022-04-06T08:00:00.000000,Canada,Québec,CA-QC,0.15,27.55,99.96,98.33,hydroquebec.com,false,""
2022-04-06T09:00:00.000000,Canada,Québec,CA-QC,0.0,27.63,100.0,99.98,hydroquebec.com,false,""
2022-04-06T10:00:00.000000,Canada,Québec,CA-QC,0.0,27.23,100.0,100.0,hydroquebec.com,false,""
2022-04-06T11:00:00.000000,Canada,Québec,CA-QC,0.0,26.96,100.0,100.0,hydroquebec.com,false,""
2022-04-06T12:00:00.000000,Canada,Québec,CA-QC,0.0,27.03,100.0,100.0,hydroquebec.com,false,""
2022-04-06T13:00:00.000000,Canada,Québec,CA-QC,0.0,27.2,100.0,100.0,hydroquebec.com,false,""
2022-04-06T14:00:00.000000,Canada,Québec,CA-QC,0.07,27.38,99.98,99.82,hydroquebec.com,false,""
2022-04-06T15:00:00.000000,Canada,Québec,CA-QC,0.0,27.45,100.0,100.0,hydroquebec.com,false,""
2022-04-06T16:00:00.000000,Canada,Québec,CA-QC,0.0,27.56,100.0,100.0,hydroquebec.com,false,""
2022-04-06T17:00:00.000000,Canada,Québec,CA-QC,0.0,27.66,100.0,100.0,hydroquebec.com,false,""
2022-04-06T18:00:00.000000,Canada,Québec,CA-QC,0.0,27.72,100.0,100.0,hydroquebec.com,false,""
2022-04-06T19:00:00.000000,Canada,Québec,CA-QC,0.0,27.79,100.0,100.0,hydroquebec.com,false,""
2022-04-06T20:00:00.000000,Canada,Québec,CA-QC,0.0,27.83,100.0,100.0,hydroquebec.com,false,""
2022-04-06T21:00:00.000000,Canada,Québec,CA-QC,0.0,27.73,100.0,100.0,hydroquebec.com,false,""
2022-04-06T22:00:00.000000,Canada,Québec,CA-QC,0.0,27.61,100.0,100.0,hydroquebec.com,false,""
2022-04-06T23:00:00.000000,Canada,Québec,CA-QC,0.0,27.53,100.0,100.0,hydroquebec.com,false,""
2022-04-07T00:00:00.000000,Canada,Québec,CA-QC,0.0,27.39,100.0,100.0,hydroquebec.com,false,""
2022-04-07T01:00:00.000000,Canada,Québec,CA-QC,0.0,27.34,100.0,100.0,hydroquebec.com,false,""
2022-04-07T02:00:00.000000,Canada,Québec,CA-QC,0.0,27.38,100.0,100.0,hydroquebec.com,false,""
2022-04-07T03:00:00.000000,Canada,Québec,CA-QC,0.0,27.46,100.0,100.0,hydroquebec.com,false,""
2022-04-07T04:00:00.000000,Canada,Québec,CA-QC,0.0,27.6,100.0,100.0,hydroquebec.com,false,""
2022-04-07T05:00:00.000000,Canada,Québec,CA-QC,0.0,27.72,100.0,100.0,hydroquebec.com,false,""
2022-04-07T06:00:00.000000,Canada,Québec,CA-QC,0.1,27.63,99.97,98.96,hydroquebec.com,false,""
2022-04-07T07:00:00.000000,Canada,Québec,CA-QC,0.16,27.56,99.96,98.32,hydroquebec.com,false,""
2022-04-07T08:00:00.000000,Canada,Québec,CA-QC,0.36,27.87,99.9,98.48,hydroquebec.com,false,""
2022-04-07T09:00:00.000000,Canada,Québec,CA-QC,0.04,27.66,99.99,99.84,hydroquebec.com,false,""
2022-04-07T10:00:00.000000,Canada,Québec,CA-QC,0.0,27.29,100.0,100.0,hydroquebec.com,false,""
2022-04-07T11:00:00.000000,Canada,Québec,CA-QC,0.0,27.0,100.0,100.0,hydroquebec.com,false,""
2022-04-07T12:00:00.000000,Canada,Québec,CA-QC,0.0,26.87,100.0,100.0,hydroquebec.com,false,""
2022-04-07T13:00:00.000000,Canada,Québec,CA-QC,0.0,26.92,100.0,100.0,hydroquebec.com,false,""
2022-04-07T14:00:00.000000,Canada,Québec,CA-QC,0.0,27.02,100.0,100.0,hydroquebec.com,false,""
2022-04-07T15:00:00.000000,Canada,Québec,CA-QC,0.0,27.01,100.0,100.0,hydroquebec.com,false,""
2022-04-07T16:00:00.000000,Canada,Québec,CA-QC,0.0,26.96,100.0,100.0,hydroquebec.com,false,""
2022-04-07T17:00:00.000000,Canada,Québec,CA-QC,0.0,26.95,100.0,100.0,hydroquebec.com,false,""
2022-04-07T18:00:00.000000,Canada,Québec,CA-QC,0.0,26.89,100.0,100.0,hydroquebec.com,false,""
2022-04-07T19:00:00.000000,Canada,Québec,CA-QC,0.0,26.86,100.0,100.0,hydroquebec.com,false,""
2022-04-07T20:00:00.000000,Canada,Québec,CA-QC,0.0,26.77,100.0,100.0,hydroquebec.com,false,""
2022-04-07T21:00:00.000000,Canada,Québec,CA-QC,0.0,26.58,100.0,100.0,hydroquebec.com,false,""
2022-04-07T22:00:00.000000,Canada,Québec,CA-QC,0.0,26.46,100.0,100.0,hydroquebec.com,false,""
2022-04-07T23:00:00.000000,Canada,Québec,CA-QC,0.0,26.36,100.0,100.0,hydroquebec.com,false,""
2022-04-08T00:00:00.000000,Canada,Québec,CA-QC,0.0,26.32,100.0,100.0,hydroquebec.com,false,""
2022-04-08T01:00:00.000000,Canada,Québec,CA-QC,0.0,26.35,100.0,100.0,hydroquebec.com,false,""
2022-04-08T02:00:00.000000,Canada,Québec,CA-QC,0.0,26.38,100.0,100.0,hydroquebec.com,false,""
2022-04-08T03:00:00.000000,Canada,Québec,CA-QC,0.0,26.47,100.0,100.0,hydroquebec.com,false,""
2022-04-08T04:00:00.000000,Canada,Québec,CA-QC,0.0,26.55,100.0,100.0,hydroquebec.com,false,""
2022-04-08T05:00:00.000000,Canada,Québec,CA-QC,0.0,26.56,100.0,100.0,hydroquebec.com,false,""
2022-04-08T06:00:00.000000,Canada,Québec,CA-QC,0.0,26.52,100.0,100.0,hydroquebec.com,false,""
2022-04-08T07:00:00.000000,Canada,Québec,CA-QC,0.0,26.49,100.0,100.0,hydroquebec.com,false,""
2022-04-08T08:00:00.000000,Canada,Québec,CA-QC,0.0,26.44,100.0,100.0,hydroquebec.com,false,""
2022-04-08T09:00:00.000000,Canada,Québec,CA-QC,0.0,26.4,100.0,100.0,hydroquebec.com,false,""
2022-04-08T10:00:00.000000,Canada,Québec,CA-QC,0.0,26.38,100.0,100.0,hydroquebec.com,false,""
2022-04-08T11:00:00.000000,Canada,Québec,CA-QC,0.0,26.25,100.0,100.0,hydroquebec.com,false,""
2022-04-08T12:00:00.000000,Canada,Québec,CA-QC,0.0,26.17,100.0,100.0,hydroquebec.com,false,""
2022-04-08T13:00:00.000000,Canada,Québec,CA-QC,0.0,26.23,100.0,100.0,Electricity Maps Estimation,true,ESTIMATED_TIME_SLICER_AVERAGE
2022-04-08T14:00:00.000000,Canada,Québec,CA-QC,0.0,26.3,100.0,100.0,Electricity Maps Estimation,true,ESTIMATED_TIME_SLICER_AVERAGE
2022-04-08T15:00:00.000000,Canada,Québec,CA-QC,0.0,26.36,100.0,100.0,Electricity Maps Estimation,true,ESTIMATED_TIME_SLICER_AVERAGE
2022-04-08T16:00:00.000000,Canada,Québec,CA-QC,0.0,26.45,100.0,100.0,Electricity Maps Estimation,true,ESTIMATED_TIME_SLICER_AVERAGE
2022-04-08T17:00:00.000000,Canada,Québec,CA-QC,0.0,26.49,100.0,100.0,Electricity Maps Estimation,true,ESTIMATED_TIME_SLICER_AVERAGE
2022-04-08T18:00:00.000000,Canada,Québec,CA-QC,0.0,26.57,100.0,100.0,Electricity Maps Estimation,true,ESTIMATED_TIME_SLICER_AVERAGE
2022-04-08T19:00:00.000000,Canada,Québec,CA-QC,0.0,26.61,100.0,100.0,hydroquebec.com; Electricity Maps Estimation,true,ESTIMATED_TIME_SLICER_AVERAGE
2022-04-08T20:00:00.000000,Canada,Québec,CA-QC,0.0,26.56,100.0,100.0,hydroquebec.com,false,""
2022-04-08T21:00:00.000000,Canada,Québec,CA-QC,0.0,26.51,100.0,100.0,hydroquebec.com,false,""
2022-04-08T22:00:00.000000,Canada,Québec,CA-QC,0.0,26.57,100.0,100.0,hydroquebec.com,false,""
2022-04-08T23:00:00.000000,Canada,Québec,CA-QC,0.0,26.61,100.0,100.0,hydroquebec.com,false,""
2022-04-09T00:00:00.000000,Canada,Québec,CA-QC,0.0,26.66,100.0,100.0,hydroquebec.com,false,""
2022-04-09T01:00:00.000000,Canada,Québec,CA-QC,0.0,26.75,100.0,100.0,hydroquebec.com,false,""
2022-04-09T02:00:00.000000,Canada,Québec,CA-QC,0.0,26.93,100.0,100.0,hydroquebec.com,false,""
2022-04-09T03:00:00.000000,Canada,Québec,CA-QC,0.0,27.14,100.0,100.0,hydroquebec.com,false,""
2022-04-09T04:00:00.000000,Canada,Québec,CA-QC,0.0,27.26,100.0,100.0,Electricity Maps Estimation,true,ESTIMATED_TIME_SLICER_AVERAGE
2022-04-09T05:00:00.000000,Canada,Québec,CA-QC,0.0,27.4,100.0,100.0,Electricity Maps Estimation,true,ESTIMATED_TIME_SLICER_AVERAGE
2022-04-09T06:00:00.000000,Canada,Québec,CA-QC,0.0,27.45,100.0,100.0,Electricity Maps Estimation,true,ESTIMATED_TIME_SLICER_AVERAGE
2022-04-09T07:00:00.000000,Canada,Québec,CA-QC,0.0,27.57,100.0,100.0,Electricity Maps Estimation,true,ESTIMATED_TIME_SLICER_AVERAGE
2022-04-09T08:00:00.000000,Canada,Québec,CA-QC,0.0,27.52,100.0,100.0,Electricity Maps Estimation,true,ESTIMATED_TIME_SLICER_AVERAGE
2022-04-09T09:00:00.000000,Canada,Québec,CA-QC,0.0,27.47,100.0,100.0,Electricity Maps Estimation,true,ESTIMATED_TIME_SLICER_AVERAGE
2022-04-09T10:00:00.000000,Canada,Québec,CA-QC,0.0,27.49,100.0,100.0,Electricity Maps Estimation; hydroquebec.com,true,ESTIMATED_TIME_SLICER_AVERAGE
2022-04-09T11:00:00.000000,Canada,Québec,CA-QC,0.0,27.47,100.0,100.0,hydroquebec.com,false,""
2022-04-09T12:00:00.000000,Canada,Québec,CA-QC,0.0,27.42,100.0,100.0,hydroquebec.com,false,""
2022-04-09T13:00:00.000000,Canada,Québec,CA-QC,0.0,27.46,100.0,100.0,hydroquebec.com,false,""
2022-04-09T14:00:00.000000,Canada,Québec,CA-QC,0.0,27.48,100.0,100.0,hydroquebec.com,false,""
2022-04-09T15:00:00.000000,Canada,Québec,CA-QC,0.0,27.44,100.0,100.0,hydroquebec.com,false,""
2022-04-09T16:00:00.000000,Canada,Québec,CA-QC,0.0,27.59,100.0,100.0,hydroquebec.com,false,""
2022-04-09T17:00:00.000000,Canada,Québec,CA-QC,0.0,27.78,100.0,100.0,hydroquebec.com,false,""
2022-04-09T18:00:00.000000,Canada,Québec,CA-QC,0.0,27.85,100.0,100.0,hydroquebec.com,false,""
2022-04-09T19:00:00.000000,Canada,Québec,CA-QC,0.0,27.88,100.0,100.0,hydroquebec.com,false,""
2022-04-09T20:00:00.000000,Canada,Québec,CA-QC,0.0,27.82,100.0,100.0,hydroquebec.com,false,""
2022-04-09T21:00:00.000000,Canada,Québec,CA-QC,0.0,27.76,100.0,100.0,hydroquebec.com,false,""
2022-04-09T22:00:00.000000,Canada,Québec,CA-QC,0.0,27.72,100.0,100.0,hydroquebec.com,false,""
2022-04-09T23:00:00.000000,Canada,Québec,CA-QC,0.0,27.65,100.0,100.0,hydroquebec.com,false,""
2022-04-10T00:00:00.000000,Canada,Québec,CA-QC,0.0,27.6,100.0,100.0,hydroquebec.com,false,""
2022-04-10T01:00:00.000000,Canada,Québec,CA-QC,0.0,27.64,100.0,100.0,hydroquebec.com,false,""
2022-04-10T02:00:00.000000,Canada,Québec,CA-QC,0.0,27.69,100.0,100.0,hydroquebec.com,false,""
2022-04-10T03:00:00.000000,Canada,Québec,CA-QC,0.0,27.74,100.0,100.0,hydroquebec.com,false,""
2022-04-10T04:00:00.000000,Canada,Québec,CA-QC,0.0,27.79,100.0,100.0,hydroquebec.com,false,""
2022-04-10T05:00:00.000000,Canada,Québec,CA-QC,0.0,27.83,100.0,100.0,hydroquebec.com,false,""
2022-04-10T06:00:00.000000,Canada,Québec,CA-QC,0.0,27.91,100.0,100.0,hydroquebec.com,false,""
2022-04-10T07:00:00.000000,Canada,Québec,CA-QC,0.02,27.94,100.0,99.79,hydroquebec.com,false,""
2022-04-10T08:00:00.000000,Canada,Québec,CA-QC,0.02,27.89,100.0,99.72,hydroquebec.com,false,""
2022-04-10T09:00:00.000000,Canada,Québec,CA-QC,0.01,27.79,100.0,99.89,hydroquebec.com,false,""
2022-04-10T10:00:00.000000,Canada,Québec,CA-QC,0.0,27.65,100.0,100.0,hydroquebec.com,false,""
2022-04-10T11:00:00.000000,Canada,Québec,CA-QC,0.0,27.51,100.0,100.0,hydroquebec.com,false,""
2022-04-10T12:00:00.000000,Canada,Québec,CA-QC,0.0,27.4,100.0,100.0,hydroquebec.com,false,""
2022-04-10T13:00:00.000000,Canada,Québec,CA-QC,0.0,27.34,100.0,100.0,hydroquebec.com,false,""
2022-04-10T14:00:00.000000,Canada,Québec,CA-QC,0.0,27.38,100.0,100.0,hydroquebec.com,false,""
2022-04-10T15:00:00.000000,Canada,Québec,CA-QC,0.0,27.45,100.0,100.0,hydroquebec.com,false,""
2022-04-10T16:00:00.000000,Canada,Québec,CA-QC,0.0,27.48,100.0,100.0,hydroquebec.com,false,""
2022-04-10T17:00:00.000000,Canada,Québec,CA-QC,0.0,27.5,100.0,100.0,hydroquebec.com,false,""
2022-04-10T18:00:00.000000,Canada,Québec,CA-QC,0.0,27.55,100.0,100.0,hydroquebec.com,false,""
2022-04-10T19:00:00.000000,Canada,Québec,CA-QC,0.0,27.55,100.0,100.0,hydroquebec.com,false,""
2022-04-10T20:00:00.000000,Canada,Québec,CA-QC,0.0,27.46,100.0,100.0,hydroquebec.com,false,""
2022-04-10T21:00:00.000000,Canada,Québec,CA-QC,0.0,27.3,100.0,100.0,hydroquebec.com,false,""
2022-04-10T22:00:00.000000,Canada,Québec,CA-QC,0.0,27.16,100.0,100.0,hydroquebec.com,false,""
2022-04-10T23:00:00.000000,Canada,Québec,CA-QC,0.0,27.06,100.0,100.0,hydroquebec.com,false,""
2022-04-11T00:00:00.000000,Canada,Québec,CA-QC,0.0,26.97,100.0,100.0,hydroquebec.com,false,""
2022-04-11T01:00:00.000000,Canada,Québec,CA-QC,0.0,26.96,100.0,100.0,hydroquebec.com,false,""
2022-04-11T02:00:00.000000,Canada,Québec,CA-QC,0.0,27.0,100.0,100.0,hydroquebec.com,false,""
2022-04-11T03:00:00.000000,Canada,Québec,CA-QC,0.0,27.06,100.0,100.0,hydroquebec.com,false,""
2022-04-11T04:00:00.000000,Canada,Québec,CA-QC,0.0,27.17,100.0,100.0,hydroquebec.com,false,""
2022-04-11T05:00:00.000000,Canada,Québec,CA-QC,0.0,27.27,100.0,100.0,hydroquebec.com,false,""
2022-04-11T06:00:00.000000,Canada,Québec,CA-QC,0.04,27.24,99.99,99.22,hydroquebec.com,false,""
2022-04-11T07:00:00.000000,Canada,Québec,CA-QC,0.09,27.16,99.98,98.35,hydroquebec.com,false,""
2022-04-11T08:00:00.000000,Canada,Québec,CA-QC,0.09,27.15,99.98,98.44,hydroquebec.com,false,""
2022-04-11T09:00:00.000000,Canada,Québec,CA-QC,0.06,27.16,99.98,99.25,hydroquebec.com,false,""
2022-04-11T10:00:00.000000,Canada,Québec,CA-QC,0.0,27.0,100.0,100.0,hydroquebec.com,false,""
2022-04-11T11:00:00.000000,Canada,Québec,CA-QC,0.01,26.9,100.0,99.96,hydroquebec.com,false,""
2022-04-11T12:00:00.000000,Canada,Québec,CA-QC,0.0,26.97,100.0,100.0,hydroquebec.com,false,""
2022-04-11T13:00:00.000000,Canada,Québec,CA-QC,0.02,27.03,99.99,99.93,hydroquebec.com,false,""
2022-04-11T14:00:00.000000,Canada,Québec,CA-QC,0.29,27.17,99.92,98.92,hydroquebec.com,false,""
2022-04-11T15:00:00.000000,Canada,Québec,CA-QC,0.0,27.12,100.0,99.99,hydroquebec.com,false,""
2022-04-11T16:00:00.000000,Canada,Québec,CA-QC,0.0,27.1,100.0,100.0,hydroquebec.com,false,""
2022-04-11T17:00:00.000000,Canada,Québec,CA-QC,0.0,27.23,100.0,99.99,hydroquebec.com,false,""
2022-04-11T18:00:00.000000,Canada,Québec,CA-QC,0.17,27.37,99.95,99.07,hydroquebec.com,false,""
2022-04-11T19:00:00.000000,Canada,Québec,CA-QC,0.22,27.54,99.94,99.01,hydroquebec.com,false,""
2022-04-11T20:00:00.000000,Canada,Québec,CA-QC,0.0,27.63,100.0,99.99,hydroquebec.com,false,""
2022-04-11T21:00:00.000000,Canada,Québec,CA-QC,0.0,27.67,100.0,100.0,hydroquebec.com,false,""
2022-04-11T22:00:00.000000,Canada,Québec,CA-QC,0.0,27.75,100.0,100.0,hydroquebec.com,false,""
2022-04-11T23:00:00.000000,Canada,Québec,CA-QC,0.0,27.79,100.0,100.0,hydroquebec.com,false,""
2022-04-12T00:00:00.000000,Canada,Québec,CA-QC,0.0,27.7,100.0,100.0,hydroquebec.com,false,""
2022-04-12T01:00:00.000000,Canada,Québec,CA-QC,0.0,27.74,100.0,100.0,hydroquebec.com,false,""
2022-04-12T02:00:00.000000,Canada,Québec,CA-QC,0.0,27.86,100.0,100.0,hydroquebec.com,false,""
2022-04-12T03:00:00.000000,Canada,Québec,CA-QC,0.02,27.99,100.0,99.82,hydroquebec.com,false,""
2022-04-12T04:00:00.000000,Canada,Québec,CA-QC,0.03,28.08,99.99,99.35,hydroquebec.com,false,""
2022-04-12T05:00:00.000000,Canada,Québec,CA-QC,0.07,28.04,99.98,98.83,hydroquebec.com,false,""
2022-04-12T06:00:00.000000,Canada,Québec,CA-QC,0.01,28.27,100.0,99.83,hydroquebec.com,false,""
2022-04-12T07:00:00.000000,Canada,Québec,CA-QC,0.06,28.17,99.98,99.21,hydroquebec.com,false,""
2022-04-12T08:00:00.000000,Canada,Québec,CA-QC,0.19,28.14,99.95,98.53,hydroquebec.com,false,""
2022-04-12T09:00:00.000000,Canada,Québec,CA-QC,0.0,28.12,100.0,100.0,hydroquebec.com,false,""
2022-04-12T10:00:00.000000,Canada,Québec,CA-QC,0.0,27.8,100.0,100.0,hydroquebec.com,false,""
2022-04-12T11:00:00.000000,Canada,Québec,CA-QC,0.0,27.56,100.0,100.0,hydroquebec.com,false,""
2022-04-12T12:00:00.000000,Canada,Québec,CA-QC,0.0,27.55,100.0,100.0,hydroquebec.com,false,""
2022-04-12T13:00:00.000000,Canada,Québec,CA-QC,0.03,27.74,99.99,99.94,hydroquebec.com,false,""
2022-04-12T14:00:00.000000,Canada,Québec,CA-QC,0.0,27.86,100.0,100.0,hydroquebec.com,false,""
2022-04-12T15:00:00.000000,Canada,Québec,CA-QC,0.0,27.91,100.0,100.0,hydroquebec.com,false,""
2022-04-12T16:00:00.000000,Canada,Québec,CA-QC,0.0,27.88,100.0,100.0,hydroquebec.com,false,""
2022-04-12T17:00:00.000000,Canada,Québec,CA-QC,0.0,27.84,100.0,100.0,hydroquebec.com,false,""
2022-04-12T18:00:00.000000,Canada,Québec,CA-QC,0.0,27.89,100.0,100.0,hydroquebec.com,false,""
2022-04-12T19:00:00.000000,Canada,Québec,CA-QC,0.0,27.89,100.0,100.0,hydroquebec.com,false,""
2022-04-12T20:00:00.000000,Canada,Québec,CA-QC,0.0,27.76,100.0,100.0,hydroquebec.com,false,""
2022-04-12T21:00:00.000000,Canada,Québec,CA-QC,0.0,27.6,100.0,100.0,hydroquebec.com,false,""
2022-04-12T22:00:00.000000,Canada,Québec,CA-QC,0.0,27.55,100.0,100.0,hydroquebec.com,false,""
2022-04-12T23:00:00.000000,Canada,Québec,CA-QC,0.0,27.56,100.0,100.0,hydroquebec.com,false,""
2022-04-13T00:00:00.000000,Canada,Québec,CA-QC,0.0,27.45,100.0,100.0,hydroquebec.com,false,""
2022-04-13T01:00:00.000000,Canada,Québec,CA-QC,0.0,27.45,100.0,100.0,hydroquebec.com,false,""
2022-04-13T02:00:00.000000,Canada,Québec,CA-QC,0.0,27.63,100.0,100.0,hydroquebec.com,false,""
2022-04-13T03:00:00.000000,Canada,Québec,CA-QC,0.07,27.81,99.98,99.5,hydroquebec.com,false,""
2022-04-13T04:00:00.000000,Canada,Québec,CA-QC,0.15,28.01,99.96,98.84,hydroquebec.com,false,""
2022-04-13T05:00:00.000000,Canada,Québec,CA-QC,0.18,28.09,99.95,98.15,hydroquebec.com,false,""
2022-04-13T06:00:00.000000,Canada,Québec,CA-QC,0.12,28.03,99.97,98.11,hydroquebec.com,false,""
2022-04-13T07:00:00.000000,Canada,Québec,CA-QC,0.11,27.95,99.97,98.1,hydroquebec.com,false,""
2022-04-13T08:00:00.000000,Canada,Québec,CA-QC,0.11,27.84,99.97,98.22,hydroquebec.com,false,""
2022-04-13T09:00:00.000000,Canada,Québec,CA-QC,0.1,27.66,99.97,98.21,hydroquebec.com,false,""
2022-04-13T10:00:00.000000,Canada,Québec,CA-QC,0.09,27.53,99.98,98.38,hydroquebec.com,false,""
2022-04-13T11:00:00.000000,Canada,Québec,CA-QC,0.07,27.51,99.98,98.7,hydroquebec.com,false,""
2022-04-13T12:00:00.000000,Canada,Québec,CA-QC,0.01,27.82,100.0,99.89,hydroquebec.com,false,""
2022-04-13T13:00:00.000000,Canada,Québec,CA-QC,0.01,27.91,100.0,99.76,hydroquebec.com,false,""
2022-04-13T14:00:00.000000,Canada,Québec,CA-QC,0.01,28.0,100.0,99.74,hydroquebec.com,false,""
2022-04-13T15:00:00.000000,Canada,Québec,CA-QC,0.02,27.88,99.99,99.58,hydroquebec.com,false,""
2022-04-13T16:00:00.000000,Canada,Québec,CA-QC,0.03,27.86,99.99,99.37,hydroquebec.com,false,""
2022-04-13T17:00:00.000000,Canada,Québec,CA-QC,0.05,27.89,99.99,98.96,hydroquebec.com,false,""
2022-04-13T18:00:00.000000,Canada,Québec,CA-QC,0.06,27.91,99.98,98.91,hydroquebec.com,false,""
2022-04-13T19:00:00.000000,Canada,Québec,CA-QC,0.06,27.89,99.98,98.92,hydroquebec.com,false,""
2022-04-13T20:00:00.000000,Canada,Québec,CA-QC,0.05,27.86,99.99,99.0,hydroquebec.com,false,""
2022-04-13T21:00:00.000000,Canada,Québec,CA-QC,0.02,27.9,99.99,99.53,hydroquebec.com,false,""
2022-04-13T22:00:00.000000,Canada,Québec,CA-QC,0.02,27.82,99.99,99.54,hydroquebec.com,false,""
2022-04-13T23:00:00.000000,Canada,Québec,CA-QC,0.01,27.85,100.0,99.88,hydroquebec.com,false,""
2022-04-14T00:00:00.000000,Canada,Québec,CA-QC,0.0,27.87,100.0,100.0,hydroquebec.com,false,""
2022-04-14T01:00:00.000000,Canada,Québec,CA-QC,0.02,27.83,99.99,99.55,hydroquebec.com,false,""
2022-04-14T02:00:00.000000,Canada,Québec,CA-QC,0.07,27.79,99.98,98.72,hydroquebec.com,false,""
2022-04-14T03:00:00.000000,Canada,Québec,CA-QC,0.08,27.96,99.98,98.47,hydroquebec.com,false,""
2022-04-14T04:00:00.000000,Canada,Québec,CA-QC,0.09,28.12,99.98,98.28,hydroquebec.com,false,""
2022-04-14T05:00:00.000000,Canada,Québec,CA-QC,0.11,28.21,99.97,98.17,hydroquebec.com,false,""
2022-04-14T06:00:00.000000,Canada,Québec,CA-QC,0.12,28.28,99.97,98.19,hydroquebec.com,false,""
2022-04-14T07:00:00.000000,Canada,Québec,CA-QC,0.13,28.29,99.97,98.01,hydroquebec.com,false,""
2022-04-14T08:00:00.000000,Canada,Québec,CA-QC,0.13,28.17,99.97,98.0,hydroquebec.com,false,""
2022-04-14T09:00:00.000000,Canada,Québec,CA-QC,0.13,27.87,99.97,98.11,hydroquebec.com,false,""
2022-04-14T10:00:00.000000,Canada,Québec,CA-QC,0.11,27.48,99.97,98.28,hydroquebec.com,false,""
2022-04-14T11:00:00.000000,Canada,Québec,CA-QC,0.08,27.24,99.98,98.72,hydroquebec.com,false,""
2022-04-14T12:00:00.000000,Canada,Québec,CA-QC,0.07,27.18,99.98,98.96,hydroquebec.com,false,""
2022-04-14T13:00:00.000000,Canada,Québec,CA-QC,0.06,27.2,99.98,98.98,hydroquebec.com,false,""
2022-04-14T14:00:00.000000,Canada,Québec,CA-QC,0.07,27.18,99.98,98.98,hydroquebec.com,false,""
2022-04-14T15:00:00.000000,Canada,Québec,CA-QC,0.07,27.14,99.98,98.95,hydroquebec.com,false,""
2022-04-14T16:00:00.000000,Canada,Québec,CA-QC,0.07,27.18,99.98,98.94,hydroquebec.com,false,""
2022-04-14T17:00:00.000000,Canada,Québec,CA-QC,0.07,27.27,99.98,98.9,hydroquebec.com,false,""
2022-04-14T18:00:00.000000,Canada,Québec,CA-QC,0.07,27.35,99.98,98.84,hydroquebec.com,false,""
2022-04-14T19:00:00.000000,Canada,Québec,CA-QC,0.08,27.41,99.98,98.8,hydroquebec.com,false,""
2022-04-14T20:00:00.000000,Canada,Québec,CA-QC,0.33,27.71,99.92,98.73,hydroquebec.com,false,""
2022-04-14T21:00:00.000000,Canada,Québec,CA-QC,0.07,27.28,99.98,98.88,hydroquebec.com,false,""
2022-04-14T22:00:00.000000,Canada,Québec,CA-QC,0.06,27.14,99.98,98.92,hydroquebec.com,false,""
2022-04-14T23:00:00.000000,Canada,Québec,CA-QC,0.05,27.07,99.99,98.95,hydroquebec.com,false,""
2022-04-15T00:00:00.000000,Canada,Québec,CA-QC,0.06,27.03,99.98,98.75,hydroquebec.com,false,""
2022-04-15T01:00:00.000000,Canada,Québec,CA-QC,0.06,27.13,99.98,98.74,hydroquebec.com,false,""
2022-04-15T02:00:00.000000,Canada,Québec,CA-QC,0.07,27.27,99.98,98.69,hydroquebec.com,false,""
2022-04-15T03:00:00.000000,Canada,Québec,CA-QC,0.07,27.45,99.98,98.66,hydroquebec.com,false,""
2022-04-15T04:00:00.000000,Canada,Québec,CA-QC,0.08,27.57,99.98,98.42,hydroquebec.com,false,""
2022-04-15T05:00:00.000000,Canada,Québec,CA-QC,0.09,27.54,99.98,98.23,hydroquebec.com,false,""
2022-04-15T06:00:00.000000,Canada,Québec,CA-QC,0.7,28.27,99.83,97.86,hydroquebec.com,false,""
2022-04-15T07:00:00.000000,Canada,Québec,CA-QC,0.3,27.98,99.93,97.97,hydroquebec.com,false,""
2022-04-15T08:00:00.000000,Canada,Québec,CA-QC,0.1,27.94,99.97,98.1,hydroquebec.com,false,""
2022-04-15T09:00:00.000000,Canada,Québec,CA-QC,0.09,27.98,99.97,98.16,hydroquebec.com,false,""
2022-04-15T10:00:00.000000,Canada,Québec,CA-QC,0.09,27.84,99.98,98.28,hydroquebec.com,false,""
2022-04-15T11:00:00.000000,Canada,Québec,CA-QC,0.07,27.78,99.98,98.61,hydroquebec.com,false,""
2022-04-15T12:00:00.000000,Canada,Québec,CA-QC,0.07,27.84,99.98,98.64,hydroquebec.com,false,""
2022-04-15T13:00:00.000000,Canada,Québec,CA-QC,0.07,27.92,99.98,98.7,hydroquebec.com,false,""
2022-04-15T14:00:00.000000,Canada,Québec,CA-QC,0.07,27.9,99.98,98.65,hydroquebec.com,false,""
2022-04-15T15:00:00.000000,Canada,Québec,CA-QC,0.76,28.7,99.82,98.37,hydroquebec.com,false,""
2022-04-15T16:00:00.000000,Canada,Québec,CA-QC,1.46,29.51,99.65,98.03,hydroquebec.com,false,""
2022-04-15T17:00:00.000000,Canada,Québec,CA-QC,1.47,29.7,99.65,97.93,hydroquebec.com,false,""
2022-04-15T18:00:00.000000,Canada,Québec,CA-QC,1.49,29.94,99.65,97.84,hydroquebec.com,false,""
2022-04-15T19:00:00.000000,Canada,Québec,CA-QC,2.04,30.59,99.52,97.65,hydroquebec.com,false,""
2022-04-15T20:00:00.000000,Canada,Québec,CA-QC,2.51,31.15,99.41,97.59,hydroquebec.com,false,""
2022-04-15T21:00:00.000000,Canada,Québec,CA-QC,2.24,30.78,99.48,97.81,hydroquebec.com,false,""
2022-04-15T22:00:00.000000,Canada,Québec,CA-QC,2.65,31.4,99.38,97.9,hydroquebec.com,false,""
2022-04-15T23:00:00.000000,Canada,Québec,CA-QC,0.76,29.18,99.82,98.59,hydroquebec.com,false,""
2022-04-16T00:00:00.000000,Canada,Québec,CA-QC,0.05,28.23,99.99,98.98,hydroquebec.com,false,""
2022-04-16T01:00:00.000000,Canada,Québec,CA-QC,1.38,29.69,99.67,98.08,hydroquebec.com,false,""
2022-04-16T02:00:00.000000,Canada,Québec,CA-QC,0.51,28.63,99.88,98.27,hydroquebec.com,false,""
2022-04-16T03:00:00.000000,Canada,Québec,CA-QC,0.08,27.99,99.98,98.34,hydroquebec.com,false,""
2022-04-16T04:00:00.000000,Canada,Québec,CA-QC,0.13,28.03,99.97,98.17,hydroquebec.com,false,""
2022-04-16T05:00:00.000000,Canada,Québec,CA-QC,0.14,28.09,99.96,98.07,hydroquebec.com,false,""
2022-04-16T06:00:00.000000,Canada,Québec,CA-QC,0.1,28.0,99.97,98.04,hydroquebec.com,false,""
2022-04-16T07:00:00.000000,Canada,Québec,CA-QC,0.1,28.05,99.97,98.0,hydroquebec.com,false,""
2022-04-16T08:00:00.000000,Canada,Québec,CA-QC,0.1,27.95,99.97,98.05,hydroquebec.com,false,""
2022-04-16T09:00:00.000000,Canada,Québec,CA-QC,0.09,27.7,99.97,98.11,hydroquebec.com,false,""
2022-04-16T10:00:00.000000,Canada,Québec,CA-QC,0.08,27.54,99.98,98.4,hydroquebec.com,false,""
2022-04-16T11:00:00.000000,Canada,Québec,CA-QC,0.08,27.35,99.98,98.4,hydroquebec.com,false,""
2022-04-16T12:00:00.000000,Canada,Québec,CA-QC,0.05,27.31,99.99,98.98,hydroquebec.com,false,""
2022-04-16T13:00:00.000000,Canada,Québec,CA-QC,0.04,27.25,99.99,99.24,hydroquebec.com,false,""
2022-04-16T14:00:00.000000,Canada,Québec,CA-QC,0.07,27.29,99.98,98.62,hydroquebec.com,false,""
2022-04-16T15:00:00.000000,Canada,Québec,CA-QC,0.07,27.39,99.98,98.55,hydroquebec.com,false,""
2022-04-16T16:00:00.000000,Canada,Québec,CA-QC,0.08,27.39,99.98,98.46,hydroquebec.com,false,""
2022-04-16T17:00:00.000000,Canada,Québec,CA-QC,0.08,27.58,99.98,98.41,hydroquebec.com,false,""
2022-04-16T18:00:00.000000,Canada,Québec,CA-QC,0.08,27.77,99.98,98.38,hydroquebec.com,false,""
2022-04-16T19:00:00.000000,Canada,Québec,CA-QC,0.08,27.82,99.98,98.45,hydroquebec.com,false,""
2022-04-16T20:00:00.000000,Canada,Québec,CA-QC,0.08,27.82,99.98,98.42,hydroquebec.com,false,""
2022-04-16T21:00:00.000000,Canada,Québec,CA-QC,0.07,28.0,99.98,98.5,hydroquebec.com,false,""
2022-04-16T22:00:00.000000,Canada,Québec,CA-QC,0.07,28.14,99.98,98.58,hydroquebec.com,false,""
2022-04-16T23:00:00.000000,Canada,Québec,CA-QC,0.01,28.45,100.0,99.78,hydroquebec.com,false,""
2022-04-17T00:00:00.000000,Canada,Québec,CA-QC,0.0,28.48,100.0,100.0,hydroquebec.com,false,""
2022-04-17T01:00:00.000000,Canada,Québec,CA-QC,0.01,28.43,100.0,99.7,hydroquebec.com,false,""
2022-04-17T02:00:00.000000,Canada,Québec,CA-QC,0.06,28.3,99.98,98.7,hydroquebec.com,false,""
2022-04-17T03:00:00.000000,Canada,Québec,CA-QC,0.07,28.45,99.98,98.49,hydroquebec.com,false,""
2022-04-17T04:00:00.000000,Canada,Québec,CA-QC,0.08,28.6,99.98,98.41,hydroquebec.com,false,""
2022-04-17T05:00:00.000000,Canada,Québec,CA-QC,0.08,28.68,99.98,98.34,hydroquebec.com,false,""
2022-04-17T06:00:00.000000,Canada,Québec,CA-QC,0.09,28.71,99.98,98.26,hydroquebec.com,false,""
2022-04-17T07:00:00.000000,Canada,Québec,CA-QC,0.09,28.66,99.98,98.26,hydroquebec.com,false,""
2022-04-17T08:00:00.000000,Canada,Québec,CA-QC,0.09,28.53,99.98,98.27,hydroquebec.com,false,""
2022-04-17T09:00:00.000000,Canada,Québec,CA-QC,0.08,28.36,99.98,98.31,hydroquebec.com,false,""
2022-04-17T10:00:00.000000,Canada,Québec,CA-QC,0.08,28.24,99.98,98.4,hydroquebec.com,false,""
2022-04-17T11:00:00.000000,Canada,Québec,CA-QC,0.05,28.23,99.99,98.94,hydroquebec.com,false,""
2022-04-17T12:00:00.000000,Canada,Québec,CA-QC,0.07,28.05,99.98,98.51,hydroquebec.com,false,""
2022-04-17T13:00:00.000000,Canada,Québec,CA-QC,0.07,27.99,99.98,98.55,hydroquebec.com,false,""
2022-04-17T14:00:00.000000,Canada,Québec,CA-QC,0.07,27.94,99.98,98.67,hydroquebec.com,false,""
2022-04-17T15:00:00.000000,Canada,Québec,CA-QC,0.04,27.92,99.99,99.15,hydroquebec.com,false,""
2022-04-17T16:00:00.000000,Canada,Québec,CA-QC,0.05,28.0,99.99,99.28,hydroquebec.com,false,""
2022-04-17T17:00:00.000000,Canada,Québec,CA-QC,0.02,28.2,100.0,99.7,hydroquebec.com,false,""
2022-04-17T18:00:00.000000,Canada,Québec,CA-QC,0.03,28.2,99.99,99.57,hydroquebec.com,false,""
2022-04-17T19:00:00.000000,Canada,Québec,CA-QC,0.03,28.21,99.99,99.56,hydroquebec.com,false,""
2022-04-17T20:00:00.000000,Canada,Québec,CA-QC,0.08,28.07,99.98,98.91,hydroquebec.com,false,""
2022-04-17T21:00:00.000000,Canada,Québec,CA-QC,0.09,28.04,99.98,99.26,hydroquebec.com,false,""
2022-04-17T22:00:00.000000,Canada,Québec,CA-QC,0.0,27.9,100.0,100.0,hydroquebec.com,false,""
2022-04-17T23:00:00.000000,Canada,Québec,CA-QC,0.0,27.69,100.0,100.0,hydroquebec.com,false,""
2022-04-18T00:00:00.000000,Canada,Québec,CA-QC,0.0,27.51,100.0,100.0,hydroquebec.com,false,""
2022-04-18T01:00:00.000000,Canada,Québec,CA-QC,0.0,27.39,100.0,100.0,hydroquebec.com,false,""
2022-04-18T02:00:00.000000,Canada,Québec,CA-QC,0.0,27.54,100.0,100.0,hydroquebec.com,false,""
2022-04-18T03:00:00.000000,Canada,Québec,CA-QC,0.0,27.85,100.0,99.96,hydroquebec.com,false,""
2022-04-18T04:00:00.000000,Canada,Québec,CA-QC,0.04,27.92,99.99,99.28,hydroquebec.com,false,""
2022-04-18T05:00:00.000000,Canada,Québec,CA-QC,0.07,27.93,99.98,98.53,hydroquebec.com,false,""
2022-04-18T06:00:00.000000,Canada,Québec,CA-QC,0.08,27.99,99.98,98.4,hydroquebec.com,false,""
2022-04-18T07:00:00.000000,Canada,Québec,CA-QC,0.13,27.81,99.96,97.28,hydroquebec.com,false,""
2022-04-18T08:00:00.000000,Canada,Québec,CA-QC,0.11,27.72,99.97,97.81,hydroquebec.com,false,""
2022-04-18T09:00:00.000000,Canada,Québec,CA-QC,0.03,27.73,99.99,99.43,hydroquebec.com,false,""
2022-04-18T10:00:00.000000,Canada,Québec,CA-QC,0.01,27.7,100.0,99.9,hydroquebec.com,false,""
2022-04-18T11:00:00.000000,Canada,Québec,CA-QC,0.0,27.8,100.0,100.0,hydroquebec.com,false,""
2022-04-18T12:00:00.000000,Canada,Québec,CA-QC,0.0,27.86,100.0,100.0,hydroquebec.com,false,""
2022-04-18T13:00:00.000000,Canada,Québec,CA-QC,0.0,27.96,100.0,100.0,hydroquebec.com,false,""
2022-04-18T14:00:00.000000,Canada,Québec,CA-QC,0.01,28.1,100.0,99.72,hydroquebec.com,false,""
2022-04-18T15:00:00.000000,Canada,Québec,CA-QC,0.06,28.16,99.98,99.18,hydroquebec.com,false,""
2022-04-18T16:00:00.000000,Canada,Québec,CA-QC,0.1,28.34,99.97,98.74,hydroquebec.com,false,""
2022-04-18T17:00:00.000000,Canada,Québec,CA-QC,0.09,28.76,99.98,99.14,hydroquebec.com,false,""
2022-04-18T18:00:00.000000,Canada,Québec,CA-QC,0.0,29.1,100.0,100.0,hydroquebec.com,false,""
2022-04-18T19:00:00.000000,Canada,Québec,CA-QC,0.0,29.19,100.0,100.0,hydroquebec.com,false,""
2022-04-18T20:00:00.000000,Canada,Québec,CA-QC,0.0,29.2,100.0,100.0,hydroquebec.com,false,""
2022-04-18T21:00:00.000000,Canada,Québec,CA-QC,0.0,29.0,100.0,100.0,hydroquebec.com,false,""
2022-04-18T22:00:00.000000,Canada,Québec,CA-QC,0.0,28.78,100.0,100.0,hydroquebec.com,false,""
2022-04-18T23:00:00.000000,Canada,Québec,CA-QC,0.0,28.6,100.0,100.0,hydroquebec.com,false,""
2022-04-19T00:00:00.000000,Canada,Québec,CA-QC,0.0,28.32,100.0,100.0,hydroquebec.com,false,""
2022-04-19T01:00:00.000000,Canada,Québec,CA-QC,0.0,28.14,100.0,100.0,hydroquebec.com,false,""
2022-04-19T02:00:00.000000,Canada,Québec,CA-QC,0.0,28.13,100.0,100.0,hydroquebec.com,false,""
2022-04-19T03:00:00.000000,Canada,Québec,CA-QC,0.0,28.2,100.0,100.0,hydroquebec.com,false,""
2022-04-19T04:00:00.000000,Canada,Québec,CA-QC,0.0,28.46,100.0,100.0,hydroquebec.com,false,""
2022-04-19T05:00:00.000000,Canada,Québec,CA-QC,0.02,28.47,100.0,99.67,hydroquebec.com,false,""
2022-04-19T06:00:00.000000,Canada,Québec,CA-QC,0.05,28.16,99.99,99.01,hydroquebec.com,false,""
2022-04-19T07:00:00.000000,Canada,Québec,CA-QC,0.09,28.0,99.98,98.25,hydroquebec.com,false,""
2022-04-19T08:00:00.000000,Canada,Québec,CA-QC,0.04,28.0,99.99,99.23,hydroquebec.com,false,""
2022-04-19T09:00:00.000000,Canada,Québec,CA-QC,0.0,27.95,100.0,100.0,hydroquebec.com,false,""
2022-04-19T10:00:00.000000,Canada,Québec,CA-QC,0.0,27.5,100.0,100.0,hydroquebec.com,false,""
2022-04-19T11:00:00.000000,Canada,Québec,CA-QC,0.0,27.21,100.0,100.0,hydroquebec.com,false,""
2022-04-19T12:00:00.000000,Canada,Québec,CA-QC,0.0,27.16,100.0,100.0,hydroquebec.com,false,""
2022-04-19T13:00:00.000000,Canada,Québec,CA-QC,0.0,27.08,100.0,100.0,hydroquebec.com,false,""
2022-04-19T14:00:00.000000,Canada,Québec,CA-QC,0.0,27.08,100.0,100.0,hydroquebec.com,false,""
2022-04-19T15:00:00.000000,Canada,Québec,CA-QC,0.0,27.16,100.0,100.0,hydroquebec.com,false,""
2022-04-19T16:00:00.000000,Canada,Québec,CA-QC,0.0,27.29,100.0,100.0,hydroquebec.com,false,""
2022-04-19T17:00:00.000000,Canada,Québec,CA-QC,0.0,27.39,100.0,100.0,hydroquebec.com,false,""
2022-04-19T18:00:00.000000,Canada,Québec,CA-QC,0.0,27.46,100.0,99.96,hydroquebec.com,false,""
2022-04-19T19:00:00.000000,Canada,Québec,CA-QC,0.02,27.43,99.99,99.59,hydroquebec.com,false,""
2022-04-19T20:00:00.000000,Canada,Québec,CA-QC,0.03,27.38,99.99,99.47,hydroquebec.com,false,""
2022-04-19T21:00:00.000000,Canada,Québec,CA-QC,0.03,27.32,99.99,99.54,hydroquebec.com,false,""
2022-04-19T22:00:00.000000,Canada,Québec,CA-QC,0.06,27.3,99.98,99.45,hydroquebec.com,false,""
2022-04-19T23:00:00.000000,Canada,Québec,CA-QC,0.02,27.4,100.0,99.86,hydroquebec.com,false,""
2022-04-20T00:00:00.000000,Canada,Québec,CA-QC,0.0,27.47,100.0,100.0,hydroquebec.com,false,""
2022-04-20T01:00:00.000000,Canada,Québec,CA-QC,0.07,27.44,99.98,99.67,hydroquebec.com,false,""
2022-04-20T02:00:00.000000,Canada,Québec,CA-QC,0.21,27.29,99.94,98.37,hydroquebec.com,false,""
2022-04-20T03:00:00.000000,Canada,Québec,CA-QC,0.23,27.4,99.94,98.16,hydroquebec.com,false,""
2022-04-20T04:00:00.000000,Canada,Québec,CA-QC,0.22,27.38,99.94,97.77,hydroquebec.com,false,""
2022-04-20T05:00:00.000000,Canada,Québec,CA-QC,0.19,27.35,99.95,97.4,hydroquebec.com,false,""
2022-04-20T06:00:00.000000,Canada,Québec,CA-QC,0.13,27.34,99.96,97.41,hydroquebec.com,false,""
2022-04-20T07:00:00.000000,Canada,Québec,CA-QC,0.24,27.57,99.94,97.53,hydroquebec.com,false,""
2022-04-20T08:00:00.000000,Canada,Québec,CA-QC,0.15,27.74,99.96,98.77,hydroquebec.com,false,""
2022-04-20T09:00:00.000000,Canada,Québec,CA-QC,0.0,27.64,100.0,100.0,hydroquebec.com,false,""
2022-04-20T10:00:00.000000,Canada,Québec,CA-QC,0.0,27.34,100.0,100.0,hydroquebec.com,false,""
2022-04-20T11:00:00.000000,Canada,Québec,CA-QC,0.0,26.99,100.0,100.0,hydroquebec.com,false,""
2022-04-20T12:00:00.000000,Canada,Québec,CA-QC,0.0,26.81,100.0,100.0,hydroquebec.com,false,""
2022-04-20T13:00:00.000000,Canada,Québec,CA-QC,0.0,26.89,100.0,100.0,hydroquebec.com,false,""
2022-04-20T14:00:00.000000,Canada,Québec,CA-QC,0.0,27.09,100.0,100.0,hydroquebec.com,false,""
2022-04-20T15:00:00.000000,Canada,Québec,CA-QC,0.0,27.26,100.0,100.0,hydroquebec.com,false,""
2022-04-20T16:00:00.000000,Canada,Québec,CA-QC,0.0,27.41,100.0,100.0,Electricity Maps Estimation,true,ESTIMATED_TIME_SLICER_AVERAGE
2022-04-20T17:00:00.000000,Canada,Québec,CA-QC,0.0,27.48,100.0,100.0,Electricity Maps Estimation; hydroquebec.com,true,ESTIMATED_TIME_SLICER_AVERAGE
2022-04-20T18:00:00.000000,Canada,Québec,CA-QC,0.0,27.56,100.0,100.0,hydroquebec.com,false,""
2022-04-20T19:00:00.000000,Canada,Québec,CA-QC,0.0,27.59,100.0,100.0,hydroquebec.com,false,""
2022-04-20T20:00:00.000000,Canada,Québec,CA-QC,0.0,27.59,100.0,100.0,Electricity Maps Estimation,true,ESTIMATED_TIME_SLICER_AVERAGE
2022-04-20T21:00:00.000000,Canada,Québec,CA-QC,0.0,27.58,100.0,100.0,hydroquebec.com; Electricity Maps Estimation,true,ESTIMATED_TIME_SLICER_AVERAGE
2022-04-20T22:00:00.000000,Canada,Québec,CA-QC,0.0,27.51,100.0,100.0,Electricity Maps Estimation,true,ESTIMATED_TIME_SLICER_AVERAGE
2022-04-20T23:00:00.000000,Canada,Québec,CA-QC,0.0,27.49,100.0,100.0,hydroquebec.com; Electricity Maps Estimation,false,""
2022-04-21T00:00:00.000000,Canada,Québec,CA-QC,0.0,27.5,100.0,100.0,hydroquebec.com,false,""
2022-04-21T01:00:00.000000,Canada,Québec,CA-QC,0.0,27.66,100.0,100.0,hydroquebec.com,false,""
2022-04-21T02:00:00.000000,Canada,Québec,CA-QC,0.1,28.03,99.97,99.63,hydroquebec.com,false,""
2022-04-21T03:00:00.000000,Canada,Québec,CA-QC,0.53,28.54,99.86,98.11,hydroquebec.com,false,""
2022-04-21T04:00:00.000000,Canada,Québec,CA-QC,0.26,28.24,99.93,97.51,hydroquebec.com,false,""
2022-04-21T05:00:00.000000,Canada,Québec,CA-QC,0.24,28.15,99.94,96.9,hydroquebec.com,false,""
2022-04-21T06:00:00.000000,Canada,Québec,CA-QC,0.15,28.09,99.96,96.9,hydroquebec.com,false,""
2022-04-21T07:00:00.000000,Canada,Québec,CA-QC,0.17,28.19,99.96,97.13,hydroquebec.com,false,""
2022-04-21T08:00:00.000000,Canada,Québec,CA-QC,0.13,28.23,99.97,97.38,hydroquebec.com,false,""
2022-04-21T09:00:00.000000,Canada,Québec,CA-QC,0.12,28.16,99.97,97.65,hydroquebec.com,false,""
2022-04-21T10:00:00.000000,Canada,Québec,CA-QC,0.09,27.99,99.98,98.23,hydroquebec.com,false,""
2022-04-21T11:00:00.000000,Canada,Québec,CA-QC,0.07,27.86,99.98,98.57,hydroquebec.com,false,""
2022-04-21T12:00:00.000000,Canada,Québec,CA-QC,0.03,28.02,99.99,99.33,hydroquebec.com,false,""
2022-04-21T13:00:00.000000,Canada,Québec,CA-QC,0.01,28.2,100.0,99.85,hydroquebec.com,false,""
2022-04-21T14:00:00.000000,Canada,Québec,CA-QC,0.0,28.25,100.0,99.98,hydroquebec.com,false,""
2022-04-21T15:00:00.000000,Canada,Québec,CA-QC,0.01,28.22,100.0,99.75,hydroquebec.com,false,""
2022-04-21T16:00:00.000000,Canada,Québec,CA-QC,0.0,28.28,100.0,100.0,hydroquebec.com,false,""
2022-04-21T17:00:00.000000,Canada,Québec,CA-QC,0.0,28.19,100.0,100.0,hydroquebec.com,false,""
2022-04-21T18:00:00.000000,Canada,Québec,CA-QC,0.0,28.12,100.0,100.0,hydroquebec.com,false,""
2022-04-21T19:00:00.000000,Canada,Québec,CA-QC,0.01,28.01,100.0,99.81,hydroquebec.com,false,""
2022-04-21T20:00:00.000000,Canada,Québec,CA-QC,0.04,27.77,99.99,99.16,hydroquebec.com,false,""
2022-04-21T21:00:00.000000,Canada,Québec,CA-QC,0.03,27.6,99.99,99.5,hydroquebec.com,false,""
2022-04-21T22:00:00.000000,Canada,Québec,CA-QC,0.02,27.41,100.0,99.69,hydroquebec.com,false,""
2022-04-21T23:00:00.000000,Canada,Québec,CA-QC,0.0,27.44,100.0,99.99,hydroquebec.com,false,""
2022-04-22T00:00:00.000000,Canada,Québec,CA-QC,0.0,27.41,100.0,100.0,hydroquebec.com,false,""
2022-04-22T01:00:00.000000,Canada,Québec,CA-QC,0.0,27.59,100.0,99.97,hydroquebec.com,false,""
2022-04-22T02:00:00.000000,Canada,Québec,CA-QC,0.06,27.75,99.98,98.8,hydroquebec.com,false,""
2022-04-22T03:00:00.000000,Canada,Québec,CA-QC,0.08,27.95,99.98,98.35,hydroquebec.com,false,""
2022-04-22T04:00:00.000000,Canada,Québec,CA-QC,0.11,28.06,99.97,97.9,hydroquebec.com,false,""
2022-04-22T05:00:00.000000,Canada,Québec,CA-QC,0.13,28.13,99.97,97.49,hydroquebec.com,false,""
2022-04-22T06:00:00.000000,Canada,Québec,CA-QC,0.14,28.03,99.96,97.13,hydroquebec.com,false,""
2022-04-22T07:00:00.000000,Canada,Québec,CA-QC,0.15,27.97,99.96,97.19,hydroquebec.com,false,""
2022-04-22T08:00:00.000000,Canada,Québec,CA-QC,0.22,28.08,99.94,97.33,hydroquebec.com,false,""
2022-04-22T09:00:00.000000,Canada,Québec,CA-QC,0.12,28.22,99.97,98.96,hydroquebec.com,false,""
2022-04-22T10:00:00.000000,Canada,Québec,CA-QC,0.0,28.03,100.0,100.0,hydroquebec.com,false,""
2022-04-22T11:00:00.000000,Canada,Québec,CA-QC,0.0,27.75,100.0,100.0,hydroquebec.com,false,""
2022-04-22T12:00:00.000000,Canada,Québec,CA-QC,0.0,27.64,100.0,100.0,hydroquebec.com,false,""
2022-04-22T13:00:00.000000,Canada,Québec,CA-QC,0.0,27.61,100.0,100.0,hydroquebec.com,false,""
2022-04-22T14:00:00.000000,Canada,Québec,CA-QC,0.0,27.61,100.0,100.0,hydroquebec.com,false,""
2022-04-22T15:00:00.000000,Canada,Québec,CA-QC,0.0,27.72,100.0,100.0,hydroquebec.com,false,""
2022-04-22T16:00:00.000000,Canada,Québec,CA-QC,0.0,27.72,100.0,100.0,hydroquebec.com,false,""
2022-04-22T17:00:00.000000,Canada,Québec,CA-QC,0.0,27.48,100.0,100.0,hydroquebec.com,false,""
2022-04-22T18:00:00.000000,Canada,Québec,CA-QC,0.0,27.53,100.0,100.0,hydroquebec.com,false,""
2022-04-22T19:00:00.000000,Canada,Québec,CA-QC,0.0,27.78,100.0,100.0,hydroquebec.com,false,""
2022-04-22T20:00:00.000000,Canada,Québec,CA-QC,0.0,27.75,100.0,100.0,hydroquebec.com,false,""
2022-04-22T21:00:00.000000,Canada,Québec,CA-QC,0.0,27.6,100.0,100.0,hydroquebec.com,false,""
2022-04-22T22:00:00.000000,Canada,Québec,CA-QC,0.0,27.52,100.0,100.0,hydroquebec.com,false,""
2022-04-22T23:00:00.000000,Canada,Québec,CA-QC,0.0,27.47,100.0,100.0,hydroquebec.com,false,""
2022-04-23T00:00:00.000000,Canada,Québec,CA-QC,0.0,27.41,100.0,100.0,hydroquebec.com,false,""
2022-04-23T01:00:00.000000,Canada,Québec,CA-QC,0.0,27.44,100.0,100.0,hydroquebec.com,false,""
2022-04-23T02:00:00.000000,Canada,Québec,CA-QC,0.0,27.56,100.0,100.0,hydroquebec.com,false,""
2022-04-23T03:00:00.000000,Canada,Québec,CA-QC,0.0,27.73,100.0,100.0,hydroquebec.com,false,""
2022-04-23T04:00:00.000000,Canada,Québec,CA-QC,0.05,27.73,99.99,98.91,hydroquebec.com,false,""
2022-04-23T05:00:00.000000,Canada,Québec,CA-QC,0.13,27.58,99.96,97.34,hydroquebec.com,false,""
2022-04-23T06:00:00.000000,Canada,Québec,CA-QC,0.15,27.61,99.96,97.03,hydroquebec.com,false,""
2022-04-23T07:00:00.000000,Canada,Québec,CA-QC,0.17,27.54,99.95,96.57,hydroquebec.com,false,""
2022-04-23T08:00:00.000000,Canada,Québec,CA-QC,0.17,27.41,99.95,96.54,hydroquebec.com,false,""
2022-04-23T09:00:00.000000,Canada,Québec,CA-QC,0.16,27.25,99.96,96.64,hydroquebec.com,false,""
2022-04-23T10:00:00.000000,Canada,Québec,CA-QC,0.14,27.39,99.96,97.09,hydroquebec.com,false,""
2022-04-23T11:00:00.000000,Canada,Québec,CA-QC,0.1,27.72,99.97,98.0,hydroquebec.com,false,""
2022-04-23T12:00:00.000000,Canada,Québec,CA-QC,0.06,27.83,99.98,98.74,hydroquebec.com,false,""
2022-04-23T13:00:00.000000,Canada,Québec,CA-QC,0.06,27.76,99.98,98.82,hydroquebec.com,false,""
2022-04-23T14:00:00.000000,Canada,Québec,CA-QC,0.05,27.84,99.99,98.93,hydroquebec.com,false,""
2022-04-23T15:00:00.000000,Canada,Québec,CA-QC,0.05,27.87,99.99,98.98,hydroquebec.com,false,""
2022-04-23T16:00:00.000000,Canada,Québec,CA-QC,0.05,27.9,99.99,99.04,hydroquebec.com,false,""
2022-04-23T17:00:00.000000,Canada,Québec,CA-QC,0.05,27.96,99.99,98.96,hydroquebec.com,false,""
2022-04-23T18:00:00.000000,Canada,Québec,CA-QC,0.06,28.05,99.98,98.72,hydroquebec.com,false,""
2022-04-23T19:00:00.000000,Canada,Québec,CA-QC,0.09,28.21,99.98,98.11,hydroquebec.com,false,""
2022-04-23T20:00:00.000000,Canada,Québec,CA-QC,0.1,28.33,99.97,97.84,hydroquebec.com,false,""
2022-04-23T21:00:00.000000,Canada,Québec,CA-QC,0.09,28.34,99.97,98.0,hydroquebec.com,false,""
2022-04-23T22:00:00.000000,Canada,Québec,CA-QC,0.09,28.35,99.98,98.13,hydroquebec.com,false,""
2022-04-23T23:00:00.000000,Canada,Québec,CA-QC,0.09,28.2,99.98,98.1,hydroquebec.com,false,""
2022-04-24T00:00:00.000000,Canada,Québec,CA-QC,0.09,27.96,99.97,98.02,hydroquebec.com,false,""
2022-04-24T01:00:00.000000,Canada,Québec,CA-QC,0.09,27.86,99.98,98.05,hydroquebec.com,false,""
2022-04-24T02:00:00.000000,Canada,Québec,CA-QC,0.13,27.74,99.97,97.33,hydroquebec.com,false,""
2022-04-24T03:00:00.000000,Canada,Québec,CA-QC,0.15,27.8,99.96,96.82,hydroquebec.com,false,""
2022-04-24T04:00:00.000000,Canada,Québec,CA-QC,0.16,27.94,99.96,96.59,hydroquebec.com,false,""
2022-04-24T05:00:00.000000,Canada,Québec,CA-QC,0.17,28.05,99.95,96.46,hydroquebec.com,false,""
2022-04-24T06:00:00.000000,Canada,Québec,CA-QC,0.17,28.1,99.95,96.33,hydroquebec.com,false,""
2022-04-24T07:00:00.000000,Canada,Québec,CA-QC,0.17,28.11,99.95,96.37,hydroquebec.com,false,""
2022-04-24T08:00:00.000000,Canada,Québec,CA-QC,0.17,28.1,99.95,96.4,hydroquebec.com,false,""
2022-04-24T09:00:00.000000,Canada,Québec,CA-QC,0.09,28.36,99.98,98.06,hydroquebec.com,false,""
2022-04-24T10:00:00.000000,Canada,Québec,CA-QC,0.08,28.25,99.98,98.2,hydroquebec.com,false,""
2022-04-24T11:00:00.000000,Canada,Québec,CA-QC,0.07,28.2,99.98,98.43,hydroquebec.com,false,""
2022-04-24T12:00:00.000000,Canada,Québec,CA-QC,0.07,28.1,99.98,98.48,hydroquebec.com,false,""
2022-04-24T13:00:00.000000,Canada,Québec,CA-QC,0.07,28.06,99.98,98.53,hydroquebec.com,false,""
2022-04-24T14:00:00.000000,Canada,Québec,CA-QC,0.07,28.16,99.98,98.55,hydroquebec.com,false,""
2022-04-24T15:00:00.000000,Canada,Québec,CA-QC,0.07,28.27,99.98,98.5,hydroquebec.com,false,""
2022-04-24T16:00:00.000000,Canada,Québec,CA-QC,0.08,28.44,99.98,98.27,hydroquebec.com,false,""
2022-04-24T17:00:00.000000,Canada,Québec,CA-QC,0.08,28.7,99.98,98.22,hydroquebec.com,false,""
2022-04-24T18:00:00.000000,Canada,Québec,CA-QC,0.09,28.92,99.98,98.18,hydroquebec.com,false,""
2022-04-24T19:00:00.000000,Canada,Québec,CA-QC,0.09,29.07,99.98,98.15,hydroquebec.com,false,""
2022-04-24T20:00:00.000000,Canada,Québec,CA-QC,0.09,29.07,99.98,98.15,hydroquebec.com,false,""
2022-04-24T21:00:00.000000,Canada,Québec,CA-QC,0.08,29.01,99.98,98.41,hydroquebec.com,false,""
2022-04-24T22:00:00.000000,Canada,Québec,CA-QC,0.07,28.92,99.98,98.42,hydroquebec.com,false,""
2022-04-24T23:00:00.000000,Canada,Québec,CA-QC,0.07,28.82,99.98,98.46,hydroquebec.com,false,""
2022-04-25T00:00:00.000000,Canada,Québec,CA-QC,0.07,28.61,99.98,98.43,hydroquebec.com,false,""
2022-04-25T01:00:00.000000,Canada,Québec,CA-QC,0.07,28.47,99.98,98.43,hydroquebec.com,false,""
2022-04-25T02:00:00.000000,Canada,Québec,CA-QC,0.08,28.47,99.98,98.37,hydroquebec.com,false,""
2022-04-25T03:00:00.000000,Canada,Québec,CA-QC,0.08,28.61,99.98,98.27,hydroquebec.com,false,""
2022-04-25T04:00:00.000000,Canada,Québec,CA-QC,0.42,29.18,99.9,97.95,hydroquebec.com,false,""
2022-04-25T05:00:00.000000,Canada,Québec,CA-QC,0.47,29.4,99.89,97.75,hydroquebec.com,false,""
2022-04-25T06:00:00.000000,Canada,Québec,CA-QC,0.48,29.46,99.88,97.67,hydroquebec.com,false,""
2022-04-25T07:00:00.000000,Canada,Québec,CA-QC,0.47,29.38,99.89,97.7,hydroquebec.com,false,""
2022-04-25T08:00:00.000000,Canada,Québec,CA-QC,0.47,29.24,99.89,97.77,hydroquebec.com,false,""
2022-04-25T09:00:00.000000,Canada,Québec,CA-QC,0.47,29.06,99.89,97.88,hydroquebec.com,false,""
2022-04-25T10:00:00.000000,Canada,Québec,CA-QC,0.09,28.34,99.97,98.57,hydroquebec.com,false,""
2022-04-25T11:00:00.000000,Canada,Québec,CA-QC,0.08,28.0,99.98,98.78,hydroquebec.com,false,""
2022-04-25T12:00:00.000000,Canada,Québec,CA-QC,0.0,28.12,100.0,99.97,hydroquebec.com,false,""
2022-04-25T13:00:00.000000,Canada,Québec,CA-QC,0.0,28.24,100.0,100.0,hydroquebec.com,false,""
2022-04-25T14:00:00.000000,Canada,Québec,CA-QC,0.0,28.43,100.0,100.0,hydroquebec.com,false,""
2022-04-25T15:00:00.000000,Canada,Québec,CA-QC,0.0,28.56,100.0,100.0,hydroquebec.com,false,""
2022-04-25T16:00:00.000000,Canada,Québec,CA-QC,0.0,28.64,100.0,100.0,hydroquebec.com,false,""
2022-04-25T17:00:00.000000,Canada,Québec,CA-QC,0.0,28.53,100.0,100.0,hydroquebec.com,false,""
2022-04-25T18:00:00.000000,Canada,Québec,CA-QC,0.0,28.48,100.0,100.0,hydroquebec.com,false,""
2022-04-25T19:00:00.000000,Canada,Québec,CA-QC,0.0,28.56,100.0,100.0,hydroquebec.com,false,""
2022-04-25T20:00:00.000000,Canada,Québec,CA-QC,0.0,28.47,100.0,100.0,hydroquebec.com,false,""
2022-04-25T21:00:00.000000,Canada,Québec,CA-QC,0.0,28.23,100.0,100.0,hydroquebec.com,false,""
2022-04-25T22:00:00.000000,Canada,Québec,CA-QC,0.0,28.02,100.0,100.0,hydroquebec.com,false,""
2022-04-25T23:00:00.000000,Canada,Québec,CA-QC,0.0,27.87,100.0,100.0,hydroquebec.com,false,""
2022-04-26T00:00:00.000000,Canada,Québec,CA-QC,0.0,27.73,100.0,100.0,hydroquebec.com,false,""
2022-04-26T01:00:00.000000,Canada,Québec,CA-QC,0.0,27.91,100.0,100.0,hydroquebec.com,false,""
2022-04-26T02:00:00.000000,Canada,Québec,CA-QC,0.02,28.19,100.0,99.9,hydroquebec.com,false,""
2022-04-26T03:00:00.000000,Canada,Québec,CA-QC,0.58,28.62,99.85,98.03,hydroquebec.com,false,""
2022-04-26T04:00:00.000000,Canada,Québec,CA-QC,1.71,30.15,99.59,97.43,hydroquebec.com,false,""
2022-04-26T05:00:00.000000,Canada,Québec,CA-QC,1.57,30.02,99.62,97.34,hydroquebec.com,false,""
2022-04-26T06:00:00.000000,Canada,Québec,CA-QC,1.74,30.4,99.58,97.15,hydroquebec.com,false,""
2022-04-26T07:00:00.000000,Canada,Québec,CA-QC,1.56,30.42,99.62,97.15,hydroquebec.com,false,""
2022-04-26T08:00:00.000000,Canada,Québec,CA-QC,1.72,30.48,99.59,97.16,hydroquebec.com,false,""
2022-04-26T09:00:00.000000,Canada,Québec,CA-QC,0.25,28.45,99.93,98.11,hydroquebec.com,false,""
2022-04-26T10:00:00.000000,Canada,Québec,CA-QC,0.03,28.16,99.99,99.77,hydroquebec.com,false,""
2022-04-26T11:00:00.000000,Canada,Québec,CA-QC,0.0,27.81,100.0,100.0,hydroquebec.com,false,""
2022-04-26T12:00:00.000000,Canada,Québec,CA-QC,0.0,27.63,100.0,100.0,hydroquebec.com,false,""
2022-04-26T13:00:00.000000,Canada,Québec,CA-QC,0.0,27.7,100.0,100.0,hydroquebec.com,false,""
2022-04-26T14:00:00.000000,Canada,Québec,CA-QC,0.0,27.93,100.0,100.0,hydroquebec.com,false,""
2022-04-26T15:00:00.000000,Canada,Québec,CA-QC,0.0,28.14,100.0,99.98,hydroquebec.com,false,""
2022-04-26T16:00:00.000000,Canada,Québec,CA-QC,0.0,28.33,100.0,100.0,hydroquebec.com,false,""
2022-04-26T17:00:00.000000,Canada,Québec,CA-QC,0.0,28.58,100.0,100.0,hydroquebec.com,false,""
2022-04-26T18:00:00.000000,Canada,Québec,CA-QC,0.0,28.86,100.0,100.0,hydroquebec.com,false,""
2022-04-26T19:00:00.000000,Canada,Québec,CA-QC,0.0,28.9,100.0,100.0,hydroquebec.com,false,""
2022-04-26T20:00:00.000000,Canada,Québec,CA-QC,0.0,28.9,100.0,100.0,hydroquebec.com,false,""
2022-04-26T21:00:00.000000,Canada,Québec,CA-QC,0.0,28.91,100.0,100.0,hydroquebec.com,false,""
2022-04-26T22:00:00.000000,Canada,Québec,CA-QC,0.0,28.81,100.0,100.0,Electricity Maps Estimation,true,ESTIMATED_TIME_SLICER_AVERAGE
2022-04-26T23:00:00.000000,Canada,Québec,CA-QC,0.0,28.78,100.0,100.0,Electricity Maps Estimation; hydroquebec.com,true,ESTIMATED_TIME_SLICER_AVERAGE
2022-04-27T00:00:00.000000,Canada,Québec,CA-QC,0.0,28.81,100.0,100.0,hydroquebec.com,false,""
2022-04-27T01:00:00.000000,Canada,Québec,CA-QC,0.0,28.96,100.0,100.0,hydroquebec.com,false,""
2022-04-27T02:00:00.000000,Canada,Québec,CA-QC,0.0,29.22,100.0,100.0,hydroquebec.com,false,""
2022-04-27T03:00:00.000000,Canada,Québec,CA-QC,0.13,29.57,99.97,99.07,hydroquebec.com,false,""
2022-04-27T04:00:00.000000,Canada,Québec,CA-QC,0.2,29.93,99.95,98.53,hydroquebec.com,false,""
2022-04-27T05:00:00.000000,Canada,Québec,CA-QC,0.28,30.02,99.92,97.98,hydroquebec.com,false,""
2022-04-27T06:00:00.000000,Canada,Québec,CA-QC,0.29,30.08,99.92,97.9,hydroquebec.com,false,""
2022-04-27T07:00:00.000000,Canada,Québec,CA-QC,0.24,30.09,99.93,98.25,hydroquebec.com,false,""
2022-04-27T08:00:00.000000,Canada,Québec,CA-QC,0.25,30.05,99.93,98.26,hydroquebec.com,false,""
2022-04-27T09:00:00.000000,Canada,Québec,CA-QC,0.24,29.9,99.93,98.39,hydroquebec.com,false,""
2022-04-27T10:00:00.000000,Canada,Québec,CA-QC,0.0,29.53,100.0,100.0,hydroquebec.com,false,""
2022-04-27T11:00:00.000000,Canada,Québec,CA-QC,0.0,29.08,100.0,100.0,hydroquebec.com,false,""
2022-04-27T12:00:00.000000,Canada,Québec,CA-QC,0.07,28.97,99.98,99.72,hydroquebec.com,false,""
2022-04-27T13:00:00.000000,Canada,Québec,CA-QC,0.21,29.05,99.94,99.19,hydroquebec.com,false,""
2022-04-27T14:00:00.000000,Canada,Québec,CA-QC,0.16,29.12,99.96,99.38,hydroquebec.com,false,""
2022-04-27T15:00:00.000000,Canada,Québec,CA-QC,0.15,29.1,99.96,99.4,hydroquebec.com,false,""
2022-04-27T16:00:00.000000,Canada,Québec,CA-QC,0.34,28.97,99.91,98.65,hydroquebec.com,false,""
2022-04-27T17:00:00.000000,Canada,Québec,CA-QC,0.25,28.7,99.93,98.65,hydroquebec.com,false,""
2022-04-27T18:00:00.000000,Canada,Québec,CA-QC,0.17,28.63,99.95,98.91,hydroquebec.com,false,""
2022-04-27T19:00:00.000000,Canada,Québec,CA-QC,0.2,28.57,99.95,98.89,hydroquebec.com,false,""
2022-04-27T20:00:00.000000,Canada,Québec,CA-QC,0.26,28.49,99.93,98.88,hydroquebec.com,false,""
2022-04-27T21:00:00.000000,Canada,Québec,CA-QC,0.25,28.36,99.93,99.02,hydroquebec.com,false,""
2022-04-27T22:00:00.000000,Canada,Québec,CA-QC,0.18,28.22,99.95,99.35,hydroquebec.com,false,""
2022-04-27T23:00:00.000000,Canada,Québec,CA-QC,0.01,28.01,100.0,99.97,hydroquebec.com,false,""
2022-04-28T00:00:00.000000,Canada,Québec,CA-QC,0.0,27.84,100.0,100.0,hydroquebec.com,false,""
2022-04-28T01:00:00.000000,Canada,Québec,CA-QC,0.0,27.79,100.0,100.0,hydroquebec.com,false,""
2022-04-28T02:00:00.000000,Canada,Québec,CA-QC,0.0,27.85,100.0,100.0,hydroquebec.com,false,""
2022-04-28T03:00:00.000000,Canada,Québec,CA-QC,0.0,28.01,100.0,100.0,hydroquebec.com,false,""
2022-04-28T04:00:00.000000,Canada,Québec,CA-QC,0.11,28.2,99.97,99.32,hydroquebec.com,false,""
2022-04-28T05:00:00.000000,Canada,Québec,CA-QC,0.26,28.26,99.93,98.31,hydroquebec.com,false,""
2022-04-28T06:00:00.000000,Canada,Québec,CA-QC,0.24,28.29,99.93,98.24,hydroquebec.com,false,""
2022-04-28T07:00:00.000000,Canada,Québec,CA-QC,0.25,28.44,99.93,98.18,hydroquebec.com,false,""
2022-04-28T08:00:00.000000,Canada,Québec,CA-QC,0.24,28.35,99.94,98.27,hydroquebec.com,false,""
2022-04-28T09:00:00.000000,Canada,Québec,CA-QC,0.0,28.04,100.0,99.97,hydroquebec.com,false,""
2022-04-28T10:00:00.000000,Canada,Québec,CA-QC,0.0,27.79,100.0,100.0,hydroquebec.com,false,""
2022-04-28T11:00:00.000000,Canada,Québec,CA-QC,0.0,27.68,100.0,100.0,hydroquebec.com,false,""
2022-04-28T12:00:00.000000,Canada,Québec,CA-QC,0.0,27.64,100.0,100.0,hydroquebec.com,false,""
2022-04-28T13:00:00.000000,Canada,Québec,CA-QC,0.0,27.72,100.0,100.0,hydroquebec.com,false,""
2022-04-28T14:00:00.000000,Canada,Québec,CA-QC,0.06,27.81,99.98,99.68,hydroquebec.com,false,""
2022-04-28T15:00:00.000000,Canada,Québec,CA-QC,0.18,27.88,99.95,98.9,hydroquebec.com,false,""
2022-04-28T16:00:00.000000,Canada,Québec,CA-QC,0.21,28.12,99.95,98.77,hydroquebec.com,false,""
2022-04-28T17:00:00.000000,Canada,Québec,CA-QC,0.2,28.25,99.95,98.57,hydroquebec.com,false,""
2022-04-28T18:00:00.000000,Canada,Québec,CA-QC,0.16,28.32,99.96,98.88,hydroquebec.com,false,""
2022-04-28T19:00:00.000000,Canada,Québec,CA-QC,0.13,28.44,99.96,99.3,hydroquebec.com,false,""
2022-04-28T20:00:00.000000,Canada,Québec,CA-QC,1.53,30.03,99.63,98.57,hydroquebec.com,false,""
2022-04-28T21:00:00.000000,Canada,Québec,CA-QC,0.33,28.35,99.91,99.01,hydroquebec.com,false,""
2022-04-28T22:00:00.000000,Canada,Québec,CA-QC,0.0,28.01,100.0,100.0,hydroquebec.com,false,""
2022-04-28T23:00:00.000000,Canada,Québec,CA-QC,0.0,28.03,100.0,100.0,hydroquebec.com,false,""
2022-04-29T00:00:00.000000,Canada,Québec,CA-QC,0.0,27.94,100.0,100.0,hydroquebec.com,false,""
2022-04-29T01:00:00.000000,Canada,Québec,CA-QC,0.0,27.96,100.0,100.0,hydroquebec.com,false,""
2022-04-29T02:00:00.000000,Canada,Québec,CA-QC,0.0,28.09,100.0,100.0,hydroquebec.com,false,""
2022-04-29T03:00:00.000000,Canada,Québec,CA-QC,0.0,28.25,100.0,100.0,hydroquebec.com,false,""
2022-04-29T04:00:00.000000,Canada,Québec,CA-QC,0.1,28.41,99.97,99.32,hydroquebec.com,false,""
2022-04-29T05:00:00.000000,Canada,Québec,CA-QC,0.23,28.49,99.94,98.46,hydroquebec.com,false,""
2022-04-29T06:00:00.000000,Canada,Québec,CA-QC,0.21,28.46,99.94,98.42,hydroquebec.com,false,""
2022-04-29T07:00:00.000000,Canada,Québec,CA-QC,0.21,28.47,99.94,98.44,hydroquebec.com,false,""
2022-04-29T08:00:00.000000,Canada,Québec,CA-QC,0.2,28.45,99.95,98.49,hydroquebec.com,false,""
2022-04-29T09:00:00.000000,Canada,Québec,CA-QC,0.02,28.4,99.99,99.84,hydroquebec.com,false,""
2022-04-29T10:00:00.000000,Canada,Québec,CA-QC,0.0,28.13,100.0,100.0,hydroquebec.com,false,""
2022-04-29T11:00:00.000000,Canada,Québec,CA-QC,0.0,27.87,100.0,100.0,hydroquebec.com,false,""
2022-04-29T12:00:00.000000,Canada,Québec,CA-QC,0.0,27.8,100.0,100.0,hydroquebec.com,false,""
2022-04-29T13:00:00.000000,Canada,Québec,CA-QC,0.04,27.97,99.99,99.82,hydroquebec.com,false,""
2022-04-29T14:00:00.000000,Canada,Québec,CA-QC,0.23,28.31,99.94,98.89,hydroquebec.com,false,""
2022-04-29T15:00:00.000000,Canada,Québec,CA-QC,0.29,28.54,99.92,98.59,hydroquebec.com,false,""
2022-04-29T16:00:00.000000,Canada,Québec,CA-QC,0.31,28.57,99.92,98.49,hydroquebec.com,false,""
2022-04-29T17:00:00.000000,Canada,Québec,CA-QC,0.32,28.55,99.91,98.43,hydroquebec.com,false,""
2022-04-29T18:00:00.000000,Canada,Québec,CA-QC,0.25,28.47,99.93,98.46,hydroquebec.com,false,""
2022-04-29T19:00:00.000000,Canada,Québec,CA-QC,0.18,28.5,99.95,98.68,hydroquebec.com,false,""
2022-04-29T20:00:00.000000,Canada,Québec,CA-QC,0.23,28.45,99.94,98.64,hydroquebec.com,false,""
2022-04-29T21:00:00.000000,Canada,Québec,CA-QC,0.3,28.38,99.92,98.67,hydroquebec.com,false,""
2022-04-29T22:00:00.000000,Canada,Québec,CA-QC,0.24,28.49,99.93,99.11,hydroquebec.com,false,""
2022-04-29T23:00:00.000000,Canada,Québec,CA-QC,0.0,28.54,100.0,100.0,hydroquebec.com,false,""
2022-04-30T00:00:00.000000,Canada,Québec,CA-QC,0.0,28.5,100.0,100.0,hydroquebec.com,false,""
2022-04-30T01:00:00.000000,Canada,Québec,CA-QC,0.0,28.59,100.0,100.0,hydroquebec.com,false,""
2022-04-30T02:00:00.000000,Canada,Québec,CA-QC,0.2,28.84,99.95,98.98,hydroquebec.com,false,""
2022-04-30T03:00:00.000000,Canada,Québec,CA-QC,0.23,29.09,99.94,98.88,hydroquebec.com,false,""
2022-04-30T04:00:00.000000,Canada,Québec,CA-QC,0.11,28.95,99.97,98.53,Electricity Maps Estimation,true,ESTIMATED_TIME_SLICER_AVERAGE
2022-04-30T05:00:00.000000,Canada,Québec,CA-QC,0.12,28.96,99.97,98.24,Electricity Maps Estimation,true,ESTIMATED_TIME_SLICER_AVERAGE
2022-04-30T06:00:00.000000,Canada,Québec,CA-QC,0.11,28.92,99.97,98.28,Electricity Maps Estimation,true,ESTIMATED_TIME_SLICER_AVERAGE
2022-04-30T07:00:00.000000,Canada,Québec,CA-QC,0.11,28.97,99.97,98.35,Electricity Maps Estimation,true,ESTIMATED_TIME_SLICER_AVERAGE
2022-04-30T08:00:00.000000,Canada,Québec,CA-QC,0.07,28.78,99.98,98.48,Electricity Maps Estimation,true,ESTIMATED_TIME_SLICER_AVERAGE
2022-04-30T09:00:00.000000,Canada,Québec,CA-QC,0.06,28.55,99.98,98.46,Electricity Maps Estimation,true,ESTIMATED_TIME_SLICER_AVERAGE
2022-04-30T10:00:00.000000,Canada,Québec,CA-QC,0.06,28.42,99.98,98.67,Electricity Maps Estimation,true,ESTIMATED_TIME_SLICER_AVERAGE
2022-04-30T11:00:00.000000,Canada,Québec,CA-QC,0.07,28.41,99.98,98.89,Electricity Maps Estimation,true,ESTIMATED_TIME_SLICER_AVERAGE
2022-04-30T12:00:00.000000,Canada,Québec,CA-QC,0.13,28.34,99.97,98.67,Electricity Maps Estimation,true,ESTIMATED_TIME_SLICER_AVERAGE
2022-04-30T13:00:00.000000,Canada,Québec,CA-QC,0.19,28.47,99.95,98.69,Electricity Maps Estimation,true,ESTIMATED_TIME_SLICER_AVERAGE
2022-04-30T14:00:00.000000,Canada,Québec,CA-QC,0.18,28.58,99.95,98.76,Electricity Maps Estimation,true,ESTIMATED_TIME_SLICER_AVERAGE
2022-04-30T15:00:00.000000,Canada,Québec,CA-QC,0.19,28.56,99.95,98.7,Electricity Maps Estimation,true,ESTIMATED_TIME_SLICER_AVERAGE
2022-04-30T16:00:00.000000,Canada,Québec,CA-QC,0.2,28.75,99.95,98.62,Electricity Maps Estimation,true,ESTIMATED_TIME_SLICER_AVERAGE
2022-04-30T17:00:00.000000,Canada,Québec,CA-QC,0.21,28.85,99.94,98.55,Electricity Maps Estimation,true,ESTIMATED_TIME_SLICER_AVERAGE
2022-04-30T18:00:00.000000,Canada,Québec,CA-QC,0.24,29.0,99.94,98.36,Electricity Maps Estimation,true,ESTIMATED_TIME_SLICER_AVERAGE
2022-04-30T19:00:00.000000,Canada,Québec,CA-QC,0.25,29.05,99.93,98.3,Electricity Maps Estimation,true,ESTIMATED_TIME_SLICER_AVERAGE
2022-04-30T20:00:00.000000,Canada,Québec,CA-QC,0.22,29.0,99.94,98.47,Electricity Maps Estimation,true,ESTIMATED_TIME_SLICER_AVERAGE
2022-04-30T21:00:00.000000,Canada,Québec,CA-QC,0.2,28.91,99.95,98.73,Electricity Maps Estimation,true,ESTIMATED_TIME_SLICER_AVERAGE
2022-04-30T22:00:00.000000,Canada,Québec,CA-QC,0.12,28.82,99.97,99.14,Electricity Maps Estimation,true,ESTIMATED_TIME_SLICER_AVERAGE
2022-04-30T23:00:00.000000,Canada,Québec,CA-QC,0.09,28.63,99.98,99.28,Electricity Maps Estimation,true,ESTIMATED_TIME_SLICER_AVERAGE
2022-05-01T00:00:00.000000,Canada,Québec,CA-QC,0.11,30.19,99.97,99.15,Electricity Maps Estimation,true,ESTIMATED_TIME_SLICER_AVERAGE
2022-05-01T01:00:00.000000,Canada,Québec,CA-QC,0.15,30.22,99.96,98.89,Electricity Maps Estimation,true,ESTIMATED_TIME_SLICER_AVERAGE
2022-05-01T02:00:00.000000,Canada,Québec,CA-QC,0.22,30.4,99.94,98.39,Electricity Maps Estimation,true,ESTIMATED_TIME_SLICER_AVERAGE
2022-05-01T03:00:00.000000,Canada,Québec,CA-QC,0.28,30.73,99.93,98.09,Electricity Maps Estimation,true,ESTIMATED_TIME_SLICER_AVERAGE
2022-05-01T04:00:00.000000,Canada,Québec,CA-QC,0.31,31.14,99.92,97.89,Electricity Maps Estimation,true,ESTIMATED_TIME_SLICER_AVERAGE
2022-05-01T05:00:00.000000,Canada,Québec,CA-QC,0.33,31.6,99.91,97.72,Electricity Maps Estimation,true,ESTIMATED_TIME_SLICER_AVERAGE
2022-05-01T06:00:00.000000,Canada,Québec,CA-QC,0.37,31.79,99.9,97.59,Electricity Maps Estimation,true,ESTIMATED_TIME_SLICER_AVERAGE
2022-05-01T07:00:00.000000,Canada,Québec,CA-QC,0.69,32.27,99.83,97.4,Electricity Maps Estimation,true,ESTIMATED_TIME_SLICER_AVERAGE
2022-05-01T08:00:00.000000,Canada,Québec,CA-QC,0.37,31.84,99.9,97.47,Electricity Maps Estimation,true,ESTIMATED_TIME_SLICER_AVERAGE
2022-05-01T09:00:00.000000,Canada,Québec,CA-QC,0.36,31.75,99.9,97.5,Electricity Maps Estimation,true,ESTIMATED_TIME_SLICER_AVERAGE
2022-05-01T10:00:00.000000,Canada,Québec,CA-QC,0.35,31.69,99.9,97.56,Electricity Maps Estimation,true,ESTIMATED_TIME_SLICER_AVERAGE
2022-05-01T11:00:00.000000,Canada,Québec,CA-QC,0.31,31.36,99.92,97.89,Electricity Maps Estimation,true,ESTIMATED_TIME_SLICER_AVERAGE
2022-05-01T12:00:00.000000,Canada,Québec,CA-QC,0.28,31.02,99.92,98.11,Electricity Maps Estimation,true,ESTIMATED_TIME_SLICER_AVERAGE
2022-05-01T13:00:00.000000,Canada,Québec,CA-QC,0.24,30.64,99.93,98.32,Electricity Maps Estimation,true,ESTIMATED_TIME_SLICER_AVERAGE
2022-05-01T14:00:00.000000,Canada,Québec,CA-QC,1.32,31.74,99.68,97.9,Electricity Maps Estimation,true,ESTIMATED_TIME_SLICER_AVERAGE
2022-05-01T15:00:00.000000,Canada,Québec,CA-QC,1.59,32.03,99.62,97.83,Electricity Maps Estimation,true,ESTIMATED_TIME_SLICER_AVERAGE
2022-05-01T16:00:00.000000,Canada,Québec,CA-QC,0.27,30.47,99.93,98.41,Electricity Maps Estimation,true,ESTIMATED_TIME_SLICER_AVERAGE
2022-05-01T17:00:00.000000,Canada,Québec,CA-QC,0.86,31.29,99.79,98.22,Electricity Maps Estimation,true,ESTIMATED_TIME_SLICER_AVERAGE
2022-05-01T18:00:00.000000,Canada,Québec,CA-QC,1.53,32.06,99.63,97.93,Electricity Maps Estimation,true,ESTIMATED_TIME_SLICER_AVERAGE
2022-05-01T19:00:00.000000,Canada,Québec,CA-QC,0.28,30.65,99.92,98.33,Electricity Maps Estimation,true,ESTIMATED_TIME_SLICER_AVERAGE
2022-05-01T20:00:00.000000,Canada,Québec,CA-QC,0.23,30.61,99.94,98.43,Electricity Maps Estimation,true,ESTIMATED_TIME_SLICER_AVERAGE
2022-05-01T21:00:00.000000,Canada,Québec,CA-QC,0.21,30.5,99.94,98.53,Electricity Maps Estimation,true,ESTIMATED_TIME_SLICER_AVERAGE
2022-05-01T22:00:00.000000,Canada,Québec,CA-QC,0.19,30.53,99.95,98.71,Electricity Maps Estimation,true,ESTIMATED_TIME_SLICER_AVERAGE
2022-05-01T23:00:00.000000,Canada,Québec,CA-QC,0.19,30.36,99.95,98.71,Electricity Maps Estimation,true,ESTIMATED_TIME_SLICER_AVERAGE
2022-05-02T00:00:00.000000,Canada,Québec,CA-QC,0.17,29.78,99.95,98.81,Electricity Maps Estimation,true,ESTIMATED_TIME_SLICER_AVERAGE
2022-05-02T01:00:00.000000,Canada,Québec,CA-QC,0.16,29.8,99.96,98.9,Electricity Maps Estimation; hydroquebec.com,false,""
2022-05-02T02:00:00.000000,Canada,Québec,CA-QC,0.21,29.93,99.94,98.58,hydroquebec.com,false,""
2022-05-02T03:00:00.000000,Canada,Québec,CA-QC,0.27,30.19,99.93,98.23,hydroquebec.com,false,""
2022-05-02T04:00:00.000000,Canada,Québec,CA-QC,0.28,30.36,99.92,98.04,hydroquebec.com,false,""
2022-05-02T05:00:00.000000,Canada,Québec,CA-QC,0.3,30.39,99.92,97.87,hydroquebec.com,false,""
2022-05-02T06:00:00.000000,Canada,Québec,CA-QC,0.35,30.38,99.91,97.67,hydroquebec.com,false,""
2022-05-02T07:00:00.000000,Canada,Québec,CA-QC,0.32,30.3,99.91,97.72,hydroquebec.com,false,""
2022-05-02T08:00:00.000000,Canada,Québec,CA-QC,0.31,30.18,99.92,97.84,hydroquebec.com,false,""
2022-05-02T09:00:00.000000,Canada,Québec,CA-QC,0.19,29.99,99.95,98.59,hydroquebec.com,false,""
2022-05-02T10:00:00.000000,Canada,Québec,CA-QC,0.14,29.63,99.96,98.97,hydroquebec.com,false,""
2022-05-02T11:00:00.000000,Canada,Québec,CA-QC,0.0,29.38,100.0,100.0,hydroquebec.com,false,""
2022-05-02T12:00:00.000000,Canada,Québec,CA-QC,0.0,29.24,100.0,100.0,hydroquebec.com,false,""
2022-05-02T13:00:00.000000,Canada,Québec,CA-QC,0.0,29.23,100.0,100.0,hydroquebec.com,false,""
2022-05-02T14:00:00.000000,Canada,Québec,CA-QC,0.0,29.26,100.0,100.0,hydroquebec.com,false,""
2022-05-02T15:00:00.000000,Canada,Québec,CA-QC,0.0,29.31,100.0,100.0,hydroquebec.com,false,""
2022-05-02T16:00:00.000000,Canada,Québec,CA-QC,0.0,29.41,100.0,100.0,hydroquebec.com,false,""
2022-05-02T17:00:00.000000,Canada,Québec,CA-QC,0.0,29.65,100.0,100.0,hydroquebec.com,false,""
2022-05-02T18:00:00.000000,Canada,Québec,CA-QC,0.0,29.84,100.0,100.0,hydroquebec.com,false,""
2022-05-02T19:00:00.000000,Canada,Québec,CA-QC,0.11,29.94,99.97,99.53,hydroquebec.com,false,""
2022-05-02T20:00:00.000000,Canada,Québec,CA-QC,0.0,29.86,100.0,99.99,hydroquebec.com,false,""
2022-05-02T21:00:00.000000,Canada,Québec,CA-QC,0.0,29.59,100.0,100.0,hydroquebec.com,false,""
2022-05-02T22:00:00.000000,Canada,Québec,CA-QC,0.0,29.37,100.0,100.0,hydroquebec.com,false,""
2022-05-02T23:00:00.000000,Canada,Québec,CA-QC,0.0,29.31,100.0,100.0,hydroquebec.com,false,""
2022-05-03T00:00:00.000000,Canada,Québec,CA-QC,0.0,29.27,100.0,100.0,hydroquebec.com,false,""
2022-05-03T01:00:00.000000,Canada,Québec,CA-QC,0.04,29.4,99.99,99.88,hydroquebec.com,false,""
2022-05-03T02:00:00.000000,Canada,Québec,CA-QC,0.56,30.05,99.85,98.58,hydroquebec.com,false,""
2022-05-03T03:00:00.000000,Canada,Québec,CA-QC,0.72,30.54,99.8,98.16,hydroquebec.com,false,""
2022-05-03T04:00:00.000000,Canada,Québec,CA-QC,0.61,30.64,99.84,97.99,hydroquebec.com,false,""
2022-05-03T05:00:00.000000,Canada,Québec,CA-QC,0.58,30.69,99.84,97.86,hydroquebec.com,false,""
2022-05-03T06:00:00.000000,Canada,Québec,CA-QC,0.56,30.73,99.85,97.77,hydroquebec.com,false,""
2022-05-03T07:00:00.000000,Canada,Québec,CA-QC,0.56,30.75,99.85,97.77,hydroquebec.com,false,""
2022-05-03T08:00:00.000000,Canada,Québec,CA-QC,0.51,30.66,99.86,97.76,hydroquebec.com,false,""
2022-05-03T09:00:00.000000,Canada,Québec,CA-QC,0.16,30.36,99.96,98.78,hydroquebec.com,false,""
2022-05-03T10:00:00.000000,Canada,Québec,CA-QC,0.0,30.01,100.0,100.0,hydroquebec.com,false,""
2022-05-03T11:00:00.000000,Canada,Québec,CA-QC,0.0,29.53,100.0,100.0,hydroquebec.com,false,""
2022-05-03T12:00:00.000000,Canada,Québec,CA-QC,0.0,29.44,100.0,100.0,hydroquebec.com,false,""
2022-05-03T13:00:00.000000,Canada,Québec,CA-QC,0.0,29.58,100.0,100.0,hydroquebec.com,false,""
2022-05-03T14:00:00.000000,Canada,Québec,CA-QC,0.0,29.69,100.0,100.0,hydroquebec.com,false,""
2022-05-03T15:00:00.000000,Canada,Québec,CA-QC,0.0,29.75,100.0,100.0,hydroquebec.com,false,""
2022-05-03T16:00:00.000000,Canada,Québec,CA-QC,0.0,29.8,100.0,100.0,hydroquebec.com,false,""
2022-05-03T17:00:00.000000,Canada,Québec,CA-QC,0.0,29.89,100.0,100.0,hydroquebec.com,false,""
2022-05-03T18:00:00.000000,Canada,Québec,CA-QC,0.0,30.01,100.0,100.0,hydroquebec.com,false,""
2022-05-03T19:00:00.000000,Canada,Québec,CA-QC,0.0,30.1,100.0,100.0,hydroquebec.com,false,""
2022-05-03T20:00:00.000000,Canada,Québec,CA-QC,0.0,30.05,100.0,100.0,hydroquebec.com,false,""
2022-05-03T21:00:00.000000,Canada,Québec,CA-QC,0.0,29.83,100.0,100.0,hydroquebec.com,false,""
2022-05-03T22:00:00.000000,Canada,Québec,CA-QC,0.0,29.63,100.0,100.0,hydroquebec.com,false,""
2022-05-03T23:00:00.000000,Canada,Québec,CA-QC,0.0,29.48,100.0,100.0,hydroquebec.com,false,""
2022-05-04T00:00:00.000000,Canada,Québec,CA-QC,0.0,29.34,100.0,100.0,hydroquebec.com,false,""
2022-05-04T01:00:00.000000,Canada,Québec,CA-QC,0.0,29.34,100.0,100.0,hydroquebec.com,false,""
2022-05-04T02:00:00.000000,Canada,Québec,CA-QC,0.19,29.57,99.95,99.08,hydroquebec.com,false,""
2022-05-04T03:00:00.000000,Canada,Québec,CA-QC,0.29,29.79,99.92,98.14,hydroquebec.com,false,""
2022-05-04T04:00:00.000000,Canada,Québec,CA-QC,0.27,29.88,99.93,97.99,hydroquebec.com,false,""
2022-05-04T05:00:00.000000,Canada,Québec,CA-QC,0.28,29.82,99.92,97.87,hydroquebec.com,false,""
2022-05-04T06:00:00.000000,Canada,Québec,CA-QC,0.3,29.77,99.92,97.75,hydroquebec.com,false,""
2022-05-04T07:00:00.000000,Canada,Québec,CA-QC,0.31,29.72,99.92,97.7,hydroquebec.com,false,""
2022-05-04T08:00:00.000000,Canada,Québec,CA-QC,0.31,29.67,99.92,97.76,hydroquebec.com,false,""
2022-05-04T09:00:00.000000,Canada,Québec,CA-QC,0.31,29.63,99.92,97.73,hydroquebec.com,false,""
2022-05-04T10:00:00.000000,Canada,Québec,CA-QC,0.22,29.49,99.94,98.38,hydroquebec.com,false,""
2022-05-04T11:00:00.000000,Canada,Québec,CA-QC,0.22,29.15,99.94,98.38,hydroquebec.com,false,""
2022-05-04T12:00:00.000000,Canada,Québec,CA-QC,0.17,29.02,99.95,98.71,hydroquebec.com,false,""
2022-05-04T13:00:00.000000,Canada,Québec,CA-QC,0.14,29.18,99.96,98.96,hydroquebec.com,false,""
2022-05-04T14:00:00.000000,Canada,Québec,CA-QC,0.14,29.33,99.96,98.99,hydroquebec.com,false,""
2022-05-04T15:00:00.000000,Canada,Québec,CA-QC,0.13,29.44,99.97,99.06,hydroquebec.com,false,""
2022-05-04T16:00:00.000000,Canada,Québec,CA-QC,0.17,29.58,99.95,98.76,hydroquebec.com,false,""
2022-05-04T17:00:00.000000,Canada,Québec,CA-QC,0.22,29.64,99.94,98.53,hydroquebec.com,false,""
2022-05-04T18:00:00.000000,Canada,Québec,CA-QC,0.27,29.66,99.93,98.24,hydroquebec.com,false,""
2022-05-04T19:00:00.000000,Canada,Québec,CA-QC,0.29,29.71,99.92,98.21,hydroquebec.com,false,""
2022-05-04T20:00:00.000000,Canada,Québec,CA-QC,0.29,29.61,99.92,98.31,hydroquebec.com,false,""
2022-05-04T21:00:00.000000,Canada,Québec,CA-QC,0.22,29.51,99.94,98.98,hydroquebec.com,false,""
2022-05-04T22:00:00.000000,Canada,Québec,CA-QC,0.27,29.38,99.93,98.96,hydroquebec.com,false,""
2022-05-04T23:00:00.000000,Canada,Québec,CA-QC,0.11,29.22,99.97,99.48,hydroquebec.com,false,""
2022-05-05T00:00:00.000000,Canada,Québec,CA-QC,0.0,29.02,100.0,100.0,hydroquebec.com,false,""
2022-05-05T01:00:00.000000,Canada,Québec,CA-QC,0.0,28.87,100.0,99.99,hydroquebec.com,false,""
2022-05-05T02:00:00.000000,Canada,Québec,CA-QC,0.18,28.89,99.95,99.01,hydroquebec.com,false,""
2022-05-05T03:00:00.000000,Canada,Québec,CA-QC,0.1,28.79,99.97,98.6,hydroquebec.com,false,""
2022-05-05T04:00:00.000000,Canada,Québec,CA-QC,0.08,28.78,99.98,98.26,hydroquebec.com,false,""
2022-05-05T05:00:00.000000,Canada,Québec,CA-QC,0.1,28.72,99.97,97.98,hydroquebec.com,false,""
2022-05-05T06:00:00.000000,Canada,Québec,CA-QC,0.1,28.75,99.97,97.92,hydroquebec.com,false,""
2022-05-05T07:00:00.000000,Canada,Québec,CA-QC,0.11,28.8,99.97,97.93,hydroquebec.com,false,""
2022-05-05T08:00:00.000000,Canada,Québec,CA-QC,0.11,28.69,99.97,97.92,hydroquebec.com,false,""
2022-05-05T09:00:00.000000,Canada,Québec,CA-QC,0.12,28.58,99.97,98.29,hydroquebec.com,false,""
2022-05-05T10:00:00.000000,Canada,Québec,CA-QC,0.17,28.44,99.95,98.5,hydroquebec.com,false,""
2022-05-05T11:00:00.000000,Canada,Québec,CA-QC,0.0,28.41,100.0,99.98,hydroquebec.com,false,""
2022-05-05T12:00:00.000000,Canada,Québec,CA-QC,0.0,28.39,100.0,99.98,hydroquebec.com,false,""
2022-05-05T13:00:00.000000,Canada,Québec,CA-QC,0.1,28.42,99.97,99.15,hydroquebec.com,false,""
2022-05-05T14:00:00.000000,Canada,Québec,CA-QC,0.0,28.62,100.0,100.0,hydroquebec.com,false,""
2022-05-05T15:00:00.000000,Canada,Québec,CA-QC,0.04,28.48,99.99,99.35,hydroquebec.com,false,""
2022-05-05T16:00:00.000000,Canada,Québec,CA-QC,0.08,28.29,99.98,98.43,hydroquebec.com,false,""
2022-05-05T17:00:00.000000,Canada,Québec,CA-QC,0.07,28.25,99.98,98.57,hydroquebec.com,false,""
2022-05-05T18:00:00.000000,Canada,Québec,CA-QC,0.11,28.18,99.97,98.54,hydroquebec.com,false,""
2022-05-05T19:00:00.000000,Canada,Québec,CA-QC,0.2,28.25,99.95,98.4,hydroquebec.com,false,""
2022-05-05T20:00:00.000000,Canada,Québec,CA-QC,0.43,28.62,99.88,98.27,hydroquebec.com,false,""
2022-05-05T21:00:00.000000,Canada,Québec,CA-QC,0.55,28.85,99.85,98.36,hydroquebec.com,false,""
2022-05-05T22:00:00.000000,Canada,Québec,CA-QC,0.33,28.72,99.91,99.11,hydroquebec.com,false,""
2022-05-05T23:00:00.000000,Canada,Québec,CA-QC,0.2,28.7,99.95,99.46,hydroquebec.com,false,""
2022-05-06T00:00:00.000000,Canada,Québec,CA-QC,0.0,28.54,100.0,100.0,hydroquebec.com,false,""
2022-05-06T01:00:00.000000,Canada,Québec,CA-QC,0.0,28.51,100.0,100.0,hydroquebec.com,false,""
2022-05-06T02:00:00.000000,Canada,Québec,CA-QC,0.28,28.96,99.92,99.3,hydroquebec.com,false,""
2022-05-06T03:00:00.000000,Canada,Québec,CA-QC,0.43,29.36,99.88,98.53,hydroquebec.com,false,""
2022-05-06T04:00:00.000000,Canada,Québec,CA-QC,0.18,29.21,99.95,98.26,hydroquebec.com,false,""
2022-05-06T05:00:00.000000,Canada,Québec,CA-QC,0.16,29.26,99.96,97.96,hydroquebec.com,false,""
2022-05-06T06:00:00.000000,Canada,Québec,CA-QC,0.11,29.3,99.97,97.91,hydroquebec.com,false,""
2022-05-06T07:00:00.000000,Canada,Québec,CA-QC,0.1,29.38,99.97,98.13,hydroquebec.com,false,""
2022-05-06T08:00:00.000000,Canada,Québec,CA-QC,0.08,29.41,99.98,98.33,hydroquebec.com,false,""
2022-05-06T09:00:00.000000,Canada,Québec,CA-QC,0.07,29.38,99.98,98.63,hydroquebec.com,false,""
2022-05-06T10:00:00.000000,Canada,Québec,CA-QC,0.08,29.1,99.98,98.45,hydroquebec.com,false,""
2022-05-06T11:00:00.000000,Canada,Québec,CA-QC,0.07,28.84,99.98,98.61,hydroquebec.com,false,""
2022-05-06T12:00:00.000000,Canada,Québec,CA-QC,0.07,28.73,99.98,98.58,hydroquebec.com,false,""
2022-05-06T13:00:00.000000,Canada,Québec,CA-QC,0.07,28.81,99.98,98.61,hydroquebec.com,false,""
2022-05-06T14:00:00.000000,Canada,Québec,CA-QC,0.07,28.84,99.98,98.57,hydroquebec.com,false,""
2022-05-06T15:00:00.000000,Canada,Québec,CA-QC,0.07,28.83,99.98,98.71,hydroquebec.com,false,""
2022-05-06T16:00:00.000000,Canada,Québec,CA-QC,0.07,28.81,99.98,98.6,hydroquebec.com,false,""
2022-05-06T17:00:00.000000,Canada,Québec,CA-QC,0.08,28.93,99.98,98.49,hydroquebec.com,false,""
2022-05-06T18:00:00.000000,Canada,Québec,CA-QC,0.09,29.03,99.97,98.34,hydroquebec.com,false,""
2022-05-06T19:00:00.000000,Canada,Québec,CA-QC,0.1,29.12,99.97,98.27,hydroquebec.com,false,""
2022-05-06T20:00:00.000000,Canada,Québec,CA-QC,0.55,29.71,99.87,98.13,hydroquebec.com,false,""
2022-05-06T21:00:00.000000,Canada,Québec,CA-QC,1.09,30.43,99.74,98.21,hydroquebec.com,false,""
2022-05-06T22:00:00.000000,Canada,Québec,CA-QC,1.11,30.42,99.74,98.0,hydroquebec.com,false,""
2022-05-06T23:00:00.000000,Canada,Québec,CA-QC,0.14,29.41,99.96,98.38,hydroquebec.com,false,""
2022-05-07T00:00:00.000000,Canada,Québec,CA-QC,0.08,29.33,99.98,98.38,hydroquebec.com,false,""
2022-05-07T01:00:00.000000,Canada,Québec,CA-QC,0.08,29.27,99.98,98.46,hydroquebec.com,false,""
2022-05-07T02:00:00.000000,Canada,Québec,CA-QC,0.43,29.7,99.9,98.33,hydroquebec.com,false,""
2022-05-07T03:00:00.000000,Canada,Québec,CA-QC,0.08,29.4,99.98,98.49,hydroquebec.com,false,""
2022-05-07T04:00:00.000000,Canada,Québec,CA-QC,0.08,29.55,99.98,98.48,hydroquebec.com,false,""
2022-05-07T05:00:00.000000,Canada,Québec,CA-QC,0.07,29.69,99.98,98.55,hydroquebec.com,false,""
2022-05-07T06:00:00.000000,Canada,Québec,CA-QC,0.08,29.72,99.98,98.46,hydroquebec.com,false,""
2022-05-07T07:00:00.000000,Canada,Québec,CA-QC,0.07,29.75,99.98,98.61,hydroquebec.com,false,""
2022-05-07T08:00:00.000000,Canada,Québec,CA-QC,0.08,29.6,99.98,98.41,hydroquebec.com,false,""
2022-05-07T09:00:00.000000,Canada,Québec,CA-QC,0.06,29.46,99.98,98.73,hydroquebec.com,false,""
2022-05-07T10:00:00.000000,Canada,Québec,CA-QC,0.07,29.35,99.98,98.56,hydroquebec.com,false,""
2022-05-07T11:00:00.000000,Canada,Québec,CA-QC,0.07,29.28,99.98,98.59,hydroquebec.com,false,""
2022-05-07T12:00:00.000000,Canada,Québec,CA-QC,0.07,29.15,99.98,98.65,hydroquebec.com,false,""
2022-05-07T13:00:00.000000,Canada,Québec,CA-QC,0.05,29.12,99.99,98.98,hydroquebec.com,false,""
2022-05-07T14:00:00.000000,Canada,Québec,CA-QC,0.07,28.99,99.98,98.52,hydroquebec.com,false,""
2022-05-07T15:00:00.000000,Canada,Québec,CA-QC,0.08,29.04,99.98,98.49,hydroquebec.com,false,""
2022-05-07T16:00:00.000000,Canada,Québec,CA-QC,0.08,29.09,99.98,98.48,hydroquebec.com,false,""
2022-05-07T17:00:00.000000,Canada,Québec,CA-QC,0.08,29.41,99.98,98.46,hydroquebec.com,false,""
2022-05-07T18:00:00.000000,Canada,Québec,CA-QC,0.07,29.84,99.98,98.58,hydroquebec.com,false,""
2022-05-07T19:00:00.000000,Canada,Québec,CA-QC,0.09,29.89,99.98,98.29,hydroquebec.com,false,""
2022-05-07T20:00:00.000000,Canada,Québec,CA-QC,0.09,29.9,99.98,98.28,hydroquebec.com,false,""
2022-05-07T21:00:00.000000,Canada,Québec,CA-QC,0.08,29.83,99.98,98.36,hydroquebec.com,false,""
2022-05-07T22:00:00.000000,Canada,Québec,CA-QC,0.07,29.82,99.98,98.63,hydroquebec.com,false,""
2022-05-07T23:00:00.000000,Canada,Québec,CA-QC,0.06,30.03,99.98,98.97,hydroquebec.com,false,""
2022-05-08T00:00:00.000000,Canada,Québec,CA-QC,0.07,29.94,99.98,98.75,hydroquebec.com,false,""
2022-05-08T01:00:00.000000,Canada,Québec,CA-QC,0.07,29.79,99.98,98.78,hydroquebec.com,false,""
2022-05-08T02:00:00.000000,Canada,Québec,CA-QC,0.05,29.83,99.99,98.97,hydroquebec.com,false,""
2022-05-08T03:00:00.000000,Canada,Québec,CA-QC,0.08,29.91,99.98,98.5,hydroquebec.com,false,""
2022-05-08T04:00:00.000000,Canada,Québec,CA-QC,0.13,29.94,99.97,97.53,hydroquebec.com,false,""
2022-05-08T05:00:00.000000,Canada,Québec,CA-QC,0.18,29.92,99.95,96.5,hydroquebec.com,false,""
2022-05-08T06:00:00.000000,Canada,Québec,CA-QC,0.3,30.14,99.92,96.24,hydroquebec.com,false,""
2022-05-08T07:00:00.000000,Canada,Québec,CA-QC,0.74,30.67,99.82,96.12,hydroquebec.com,false,""
2022-05-08T08:00:00.000000,Canada,Québec,CA-QC,0.17,29.99,99.95,96.51,hydroquebec.com,false,""
2022-05-08T09:00:00.000000,Canada,Québec,CA-QC,0.81,30.71,99.8,96.32,hydroquebec.com,false,""
2022-05-08T10:00:00.000000,Canada,Québec,CA-QC,0.4,30.25,99.9,96.69,hydroquebec.com,false,""
2022-05-08T11:00:00.000000,Canada,Québec,CA-QC,0.16,29.9,99.96,96.89,hydroquebec.com,false,""
2022-05-08T12:00:00.000000,Canada,Québec,CA-QC,0.14,29.98,99.96,97.33,hydroquebec.com,false,""
2022-05-08T13:00:00.000000,Canada,Québec,CA-QC,0.17,29.99,99.95,97.29,hydroquebec.com,false,""
2022-05-08T14:00:00.000000,Canada,Québec,CA-QC,0.21,30.0,99.94,97.34,hydroquebec.com,false,""
2022-05-08T15:00:00.000000,Canada,Québec,CA-QC,0.25,30.01,99.93,97.22,hydroquebec.com,false,""
2022-05-08T16:00:00.000000,Canada,Québec,CA-QC,0.28,29.9,99.93,96.99,hydroquebec.com,false,""
2022-05-08T17:00:00.000000,Canada,Québec,CA-QC,0.33,29.82,99.91,96.4,hydroquebec.com,false,""
2022-05-08T18:00:00.000000,Canada,Québec,CA-QC,0.33,29.9,99.91,96.35,hydroquebec.com,false,""
2022-05-08T19:00:00.000000,Canada,Québec,CA-QC,0.34,29.96,99.91,96.52,hydroquebec.com,false,""
2022-05-08T20:00:00.000000,Canada,Québec,CA-QC,0.39,30.03,99.9,96.55,hydroquebec.com,false,""
2022-05-08T21:00:00.000000,Canada,Québec,CA-QC,0.35,30.03,99.9,97.05,hydroquebec.com,false,""
2022-05-08T22:00:00.000000,Canada,Québec,CA-QC,0.37,29.98,99.9,97.22,hydroquebec.com,false,""
2022-05-08T23:00:00.000000,Canada,Québec,CA-QC,0.36,30.12,99.9,98.05,hydroquebec.com,false,""
2022-05-09T00:00:00.000000,Canada,Québec,CA-QC,0.34,29.95,99.91,98.2,hydroquebec.com,false,""
2022-05-09T01:00:00.000000,Canada,Québec,CA-QC,0.34,29.86,99.91,98.2,hydroquebec.com,false,""
2022-05-09T02:00:00.000000,Canada,Québec,CA-QC,0.57,29.9,99.85,96.96,hydroquebec.com,false,""
2022-05-09T03:00:00.000000,Canada,Québec,CA-QC,0.76,30.25,99.8,96.46,hydroquebec.com,false,""
2022-05-09T04:00:00.000000,Canada,Québec,CA-QC,0.71,30.37,99.81,96.16,hydroquebec.com,false,""
2022-05-09T05:00:00.000000,Canada,Québec,CA-QC,0.48,30.21,99.87,96.07,hydroquebec.com,false,""
2022-05-09T06:00:00.000000,Canada,Québec,CA-QC,0.25,29.86,99.93,95.82,hydroquebec.com,false,""
2022-05-09T07:00:00.000000,Canada,Québec,CA-QC,0.2,29.83,99.94,96.0,hydroquebec.com,false,""
2022-05-09T08:00:00.000000,Canada,Québec,CA-QC,0.19,29.71,99.95,96.23,hydroquebec.com,false,""
2022-05-09T09:00:00.000000,Canada,Québec,CA-QC,0.16,29.53,99.96,96.88,hydroquebec.com,false,""
2022-05-09T10:00:00.000000,Canada,Québec,CA-QC,0.1,29.45,99.97,97.99,Electricity Maps Estimation,true,ESTIMATED_TIME_SLICER_AVERAGE
2022-05-09T11:00:00.000000,Canada,Québec,CA-QC,0.07,29.46,99.98,98.64,Electricity Maps Estimation,true,ESTIMATED_TIME_SLICER_AVERAGE
2022-05-09T12:00:00.000000,Canada,Québec,CA-QC,0.04,29.48,99.99,99.25,Electricity Maps Estimation,true,ESTIMATED_TIME_SLICER_AVERAGE
2022-05-09T13:00:00.000000,Canada,Québec,CA-QC,0.11,29.34,99.97,98.69,hydroquebec.com; Electricity Maps Estimation,false,""
2022-05-09T14:00:00.000000,Canada,Québec,CA-QC,0.0,29.59,100.0,99.99,Electricity Maps Estimation,true,ESTIMATED_TIME_SLICER_AVERAGE
2022-05-09T15:00:00.000000,Canada,Québec,CA-QC,0.1,29.6,99.97,99.54,Electricity Maps Estimation; hydroquebec.com,true,ESTIMATED_TIME_SLICER_AVERAGE
2022-05-09T16:00:00.000000,Canada,Québec,CA-QC,0.05,29.59,99.99,99.73,hydroquebec.com,false,""
2022-05-09T17:00:00.000000,Canada,Québec,CA-QC,0.15,29.51,99.96,99.02,hydroquebec.com,false,""
2022-05-09T18:00:00.000000,Canada,Québec,CA-QC,0.13,29.66,99.97,99.43,hydroquebec.com,false,""
2022-05-09T19:00:00.000000,Canada,Québec,CA-QC,0.36,29.81,99.9,98.79,hydroquebec.com,false,""
2022-05-09T20:00:00.000000,Canada,Québec,CA-QC,0.19,29.79,99.95,99.47,hydroquebec.com,false,""
2022-05-09T21:00:00.000000,Canada,Québec,CA-QC,0.71,30.26,99.83,99.47,hydroquebec.com,false,""
2022-05-09T22:00:00.000000,Canada,Québec,CA-QC,0.02,29.34,100.0,99.99,hydroquebec.com,false,""
2022-05-09T23:00:00.000000,Canada,Québec,CA-QC,0.0,29.13,100.0,100.0,hydroquebec.com,false,""
2022-05-10T00:00:00.000000,Canada,Québec,CA-QC,0.0,28.93,100.0,100.0,hydroquebec.com,false,""
2022-05-10T01:00:00.000000,Canada,Québec,CA-QC,0.0,28.93,100.0,100.0,hydroquebec.com,false,""
2022-05-10T02:00:00.000000,Canada,Québec,CA-QC,0.0,29.19,100.0,99.98,hydroquebec.com,false,""
2022-05-10T03:00:00.000000,Canada,Québec,CA-QC,0.22,29.34,99.94,98.86,hydroquebec.com,false,""
2022-05-10T04:00:00.000000,Canada,Québec,CA-QC,1.51,31.07,99.65,98.81,hydroquebec.com,false,""
2022-05-10T05:00:00.000000,Canada,Québec,CA-QC,1.49,31.27,99.66,99.3,hydroquebec.com,false,""
2022-05-10T06:00:00.000000,Canada,Québec,CA-QC,2.87,33.08,99.34,98.78,hydroquebec.com,false,""
2022-05-10T07:00:00.000000,Canada,Québec,CA-QC,2.95,33.31,99.32,98.7,hydroquebec.com,false,""
2022-05-10T08:00:00.000000,Canada,Québec,CA-QC,0.21,29.8,99.95,98.75,hydroquebec.com,false,""
2022-05-10T09:00:00.000000,Canada,Québec,CA-QC,0.36,29.82,99.91,98.29,hydroquebec.com,false,""
2022-05-10T10:00:00.000000,Canada,Québec,CA-QC,0.05,29.48,99.99,99.26,hydroquebec.com,false,""
2022-05-10T11:00:00.000000,Canada,Québec,CA-QC,0.02,29.35,100.0,99.77,hydroquebec.com,false,""
2022-05-10T12:00:00.000000,Canada,Québec,CA-QC,0.01,29.41,100.0,99.92,hydroquebec.com,false,""
2022-05-10T13:00:00.000000,Canada,Québec,CA-QC,0.06,29.38,99.98,99.23,hydroquebec.com,false,""
2022-05-10T14:00:00.000000,Canada,Québec,CA-QC,0.1,29.39,99.97,98.87,hydroquebec.com,false,""
2022-05-10T15:00:00.000000,Canada,Québec,CA-QC,0.29,29.7,99.93,99.02,hydroquebec.com,false,""
2022-05-10T16:00:00.000000,Canada,Québec,CA-QC,0.04,29.65,99.99,99.73,hydroquebec.com,false,""
2022-05-10T17:00:00.000000,Canada,Québec,CA-QC,0.32,29.85,99.92,99.25,hydroquebec.com,false,""
2022-05-10T18:00:00.000000,Canada,Québec,CA-QC,0.75,30.51,99.83,99.73,hydroquebec.com,false,""
2022-05-10T19:00:00.000000,Canada,Québec,CA-QC,0.03,29.61,99.99,99.99,hydroquebec.com,false,""
2022-05-10T20:00:00.000000,Canada,Québec,CA-QC,0.0,29.53,100.0,100.0,hydroquebec.com,false,""
2022-05-10T21:00:00.000000,Canada,Québec,CA-QC,0.0,29.35,100.0,100.0,hydroquebec.com,false,""
2022-05-10T22:00:00.000000,Canada,Québec,CA-QC,0.0,29.18,100.0,100.0,hydroquebec.com,false,""
2022-05-10T23:00:00.000000,Canada,Québec,CA-QC,0.0,29.06,100.0,100.0,hydroquebec.com,false,""
2022-05-11T00:00:00.000000,Canada,Québec,CA-QC,0.0,28.83,100.0,100.0,hydroquebec.com,false,""
2022-05-11T01:00:00.000000,Canada,Québec,CA-QC,0.0,28.59,100.0,100.0,hydroquebec.com,false,""
2022-05-11T02:00:00.000000,Canada,Québec,CA-QC,0.07,28.63,99.98,99.86,hydroquebec.com,false,""
2022-05-11T03:00:00.000000,Canada,Québec,CA-QC,0.27,28.82,99.93,98.91,hydroquebec.com,false,""
2022-05-11T04:00:00.000000,Canada,Québec,CA-QC,0.14,28.67,99.96,98.11,hydroquebec.com,false,""
2022-05-11T05:00:00.000000,Canada,Québec,CA-QC,0.2,28.59,99.95,97.27,hydroquebec.com,false,""
2022-05-11T06:00:00.000000,Canada,Québec,CA-QC,0.21,28.63,99.94,97.16,hydroquebec.com,false,""
2022-05-11T07:00:00.000000,Canada,Québec,CA-QC,0.16,28.97,99.96,98.16,hydroquebec.com,false,""
2022-05-11T08:00:00.000000,Canada,Québec,CA-QC,0.18,28.97,99.95,97.87,hydroquebec.com,false,""
2022-05-11T09:00:00.000000,Canada,Québec,CA-QC,0.08,29.29,99.98,99.47,hydroquebec.com,false,""
2022-05-11T10:00:00.000000,Canada,Québec,CA-QC,0.0,29.05,100.0,99.99,hydroquebec.com,false,""
2022-05-11T11:00:00.000000,Canada,Québec,CA-QC,0.0,28.84,100.0,100.0,hydroquebec.com,false,""
2022-05-11T12:00:00.000000,Canada,Québec,CA-QC,0.0,28.86,100.0,100.0,hydroquebec.com,false,""
2022-05-11T13:00:00.000000,Canada,Québec,CA-QC,0.03,29.11,99.99,99.95,hydroquebec.com,false,""
2022-05-11T14:00:00.000000,Canada,Québec,CA-QC,0.0,29.23,100.0,100.0,hydroquebec.com,false,""
2022-05-11T15:00:00.000000,Canada,Québec,CA-QC,0.0,29.2,100.0,100.0,hydroquebec.com,false,""
2022-05-11T16:00:00.000000,Canada,Québec,CA-QC,0.0,29.12,100.0,100.0,hydroquebec.com,false,""
2022-05-11T17:00:00.000000,Canada,Québec,CA-QC,0.0,29.04,100.0,100.0,hydroquebec.com,false,""
2022-05-11T18:00:00.000000,Canada,Québec,CA-QC,0.0,28.95,100.0,100.0,hydroquebec.com,false,""
2022-05-11T19:00:00.000000,Canada,Québec,CA-QC,0.0,28.87,100.0,100.0,hydroquebec.com,false,""
2022-05-11T20:00:00.000000,Canada,Québec,CA-QC,0.0,28.9,100.0,100.0,hydroquebec.com,false,""
2022-05-11T21:00:00.000000,Canada,Québec,CA-QC,0.0,28.91,100.0,100.0,hydroquebec.com,false,""
2022-05-11T22:00:00.000000,Canada,Québec,CA-QC,0.0,28.87,100.0,100.0,hydroquebec.com,false,""
2022-05-11T23:00:00.000000,Canada,Québec,CA-QC,0.0,28.87,100.0,100.0,hydroquebec.com,false,""
2022-05-12T00:00:00.000000,Canada,Québec,CA-QC,0.0,28.85,100.0,100.0,hydroquebec.com,false,""
2022-05-12T01:00:00.000000,Canada,Québec,CA-QC,0.0,28.86,100.0,100.0,hydroquebec.com,false,""
2022-05-12T02:00:00.000000,Canada,Québec,CA-QC,0.0,28.91,100.0,100.0,hydroquebec.com,false,""
2022-05-12T03:00:00.000000,Canada,Québec,CA-QC,0.0,29.11,100.0,100.0,hydroquebec.com,false,""
2022-05-12T04:00:00.000000,Canada,Québec,CA-QC,0.0,29.44,100.0,100.0,hydroquebec.com,false,""
2022-05-12T05:00:00.000000,Canada,Québec,CA-QC,0.0,29.59,100.0,100.0,hydroquebec.com,false,""
2022-05-12T06:00:00.000000,Canada,Québec,CA-QC,0.0,29.6,100.0,100.0,hydroquebec.com,false,""
2022-05-12T07:00:00.000000,Canada,Québec,CA-QC,0.0,29.72,100.0,100.0,hydroquebec.com,false,""
2022-05-12T08:00:00.000000,Canada,Québec,CA-QC,0.0,29.84,100.0,100.0,hydroquebec.com,false,""
2022-05-12T09:00:00.000000,Canada,Québec,CA-QC,0.0,29.72,100.0,100.0,hydroquebec.com,false,""
2022-05-12T10:00:00.000000,Canada,Québec,CA-QC,0.0,29.42,100.0,100.0,hydroquebec.com,false,""
2022-05-12T11:00:00.000000,Canada,Québec,CA-QC,0.0,29.15,100.0,100.0,hydroquebec.com,false,""
2022-05-12T12:00:00.000000,Canada,Québec,CA-QC,0.0,29.0,100.0,100.0,hydroquebec.com,false,""
2022-05-12T13:00:00.000000,Canada,Québec,CA-QC,0.0,28.98,100.0,100.0,hydroquebec.com,false,""
2022-05-12T14:00:00.000000,Canada,Québec,CA-QC,0.0,29.03,100.0,100.0,hydroquebec.com,false,""
2022-05-12T15:00:00.000000,Canada,Québec,CA-QC,0.0,29.0,100.0,100.0,hydroquebec.com,false,""
2022-05-12T16:00:00.000000,Canada,Québec,CA-QC,0.0,28.91,100.0,100.0,hydroquebec.com,false,""
2022-05-12T17:00:00.000000,Canada,Québec,CA-QC,0.0,28.78,100.0,100.0,hydroquebec.com,false,""
2022-05-12T18:00:00.000000,Canada,Québec,CA-QC,0.0,28.77,100.0,100.0,hydroquebec.com,false,""
2022-05-12T19:00:00.000000,Canada,Québec,CA-QC,0.0,28.85,100.0,100.0,hydroquebec.com,false,""
2022-05-12T20:00:00.000000,Canada,Québec,CA-QC,0.0,28.82,100.0,100.0,hydroquebec.com,false,""
2022-05-12T21:00:00.000000,Canada,Québec,CA-QC,0.0,28.81,100.0,100.0,hydroquebec.com,false,""
2022-05-12T22:00:00.000000,Canada,Québec,CA-QC,0.0,28.89,100.0,100.0,hydroquebec.com,false,""
2022-05-12T23:00:00.000000,Canada,Québec,CA-QC,0.0,28.96,100.0,100.0,hydroquebec.com,false,""
2022-05-13T00:00:00.000000,Canada,Québec,CA-QC,0.0,28.89,100.0,100.0,hydroquebec.com,false,""
2022-05-13T01:00:00.000000,Canada,Québec,CA-QC,0.0,28.73,100.0,100.0,hydroquebec.com,false,""
2022-05-13T02:00:00.000000,Canada,Québec,CA-QC,0.0,28.72,100.0,100.0,hydroquebec.com,false,""
2022-05-13T03:00:00.000000,Canada,Québec,CA-QC,0.0,29.0,100.0,100.0,hydroquebec.com,false,""
2022-05-13T04:00:00.000000,Canada,Québec,CA-QC,0.05,29.38,99.99,99.85,hydroquebec.com,false,""
2022-05-13T05:00:00.000000,Canada,Québec,CA-QC,0.22,29.61,99.94,98.96,hydroquebec.com,false,""
2022-05-13T06:00:00.000000,Canada,Québec,CA-QC,0.1,29.47,99.97,98.65,hydroquebec.com,false,""
2022-05-13T07:00:00.000000,Canada,Québec,CA-QC,0.12,29.42,99.97,98.36,hydroquebec.com,false,""
2022-05-13T08:00:00.000000,Canada,Québec,CA-QC,0.11,29.46,99.97,98.49,hydroquebec.com,false,""
2022-05-13T09:00:00.000000,Canada,Québec,CA-QC,0.08,29.33,99.98,99.0,hydroquebec.com,false,""
2022-05-13T10:00:00.000000,Canada,Québec,CA-QC,0.0,29.04,100.0,99.98,hydroquebec.com,false,""
2022-05-13T11:00:00.000000,Canada,Québec,CA-QC,0.0,28.5,100.0,100.0,hydroquebec.com,false,""
2022-05-13T12:00:00.000000,Canada,Québec,CA-QC,0.0,28.25,100.0,100.0,hydroquebec.com,false,""
2022-05-13T13:00:00.000000,Canada,Québec,CA-QC,0.0,28.25,100.0,100.0,hydroquebec.com,false,""
2022-05-13T14:00:00.000000,Canada,Québec,CA-QC,0.0,28.24,100.0,100.0,hydroquebec.com,false,""
2022-05-13T15:00:00.000000,Canada,Québec,CA-QC,0.0,28.22,100.0,100.0,hydroquebec.com,false,""
2022-05-13T16:00:00.000000,Canada,Québec,CA-QC,0.0,28.23,100.0,100.0,hydroquebec.com,false,""
2022-05-13T17:00:00.000000,Canada,Québec,CA-QC,0.0,28.24,100.0,100.0,hydroquebec.com,false,""
2022-05-13T18:00:00.000000,Canada,Québec,CA-QC,0.0,28.27,100.0,100.0,hydroquebec.com,false,""
2022-05-13T19:00:00.000000,Canada,Québec,CA-QC,0.0,28.2,100.0,100.0,hydroquebec.com,false,""
2022-05-13T20:00:00.000000,Canada,Québec,CA-QC,0.0,28.05,100.0,100.0,hydroquebec.com,false,""
2022-05-13T21:00:00.000000,Canada,Québec,CA-QC,0.0,27.96,100.0,100.0,hydroquebec.com,false,""
2022-05-13T22:00:00.000000,Canada,Québec,CA-QC,0.0,27.93,100.0,100.0,hydroquebec.com,false,""
2022-05-13T23:00:00.000000,Canada,Québec,CA-QC,0.0,28.01,100.0,100.0,hydroquebec.com,false,""
2022-05-14T00:00:00.000000,Canada,Québec,CA-QC,0.0,28.08,100.0,100.0,hydroquebec.com,false,""
2022-05-14T01:00:00.000000,Canada,Québec,CA-QC,0.0,28.04,100.0,100.0,hydroquebec.com,false,""
2022-05-14T02:00:00.000000,Canada,Québec,CA-QC,0.0,28.05,100.0,100.0,hydroquebec.com,false,""
2022-05-14T03:00:00.000000,Canada,Québec,CA-QC,0.0,28.23,100.0,100.0,hydroquebec.com,false,""
2022-05-14T04:00:00.000000,Canada,Québec,CA-QC,0.0,28.55,100.0,100.0,hydroquebec.com,false,""
2022-05-14T05:00:00.000000,Canada,Québec,CA-QC,0.0,28.69,100.0,100.0,Electricity Maps Estimation,true,ESTIMATED_TIME_SLICER_AVERAGE
2022-05-14T06:00:00.000000,Canada,Québec,CA-QC,0.0,28.76,100.0,99.99,Electricity Maps Estimation,true,ESTIMATED_TIME_SLICER_AVERAGE
2022-05-14T07:00:00.000000,Canada,Québec,CA-QC,0.05,28.71,99.99,99.43,Electricity Maps Estimation,true,ESTIMATED_TIME_SLICER_AVERAGE
2022-05-14T08:00:00.000000,Canada,Québec,CA-QC,0.01,28.8,100.0,99.87,Electricity Maps Estimation,true,ESTIMATED_TIME_SLICER_AVERAGE
2022-05-14T09:00:00.000000,Canada,Québec,CA-QC,0.04,28.7,99.99,99.61,Electricity Maps Estimation,true,ESTIMATED_TIME_SLICER_AVERAGE
2022-05-14T10:00:00.000000,Canada,Québec,CA-QC,0.0,28.77,100.0,100.0,Electricity Maps Estimation,true,ESTIMATED_TIME_SLICER_AVERAGE
2022-05-14T11:00:00.000000,Canada,Québec,CA-QC,0.0,28.62,100.0,100.0,Electricity Maps Estimation,true,ESTIMATED_TIME_SLICER_AVERAGE
2022-05-14T12:00:00.000000,Canada,Québec,CA-QC,0.0,28.44,100.0,100.0,Electricity Maps Estimation,true,ESTIMATED_TIME_SLICER_AVERAGE
2022-05-14T13:00:00.000000,Canada,Québec,CA-QC,0.0,28.21,100.0,100.0,Electricity Maps Estimation,true,ESTIMATED_TIME_SLICER_AVERAGE
2022-05-14T14:00:00.000000,Canada,Québec,CA-QC,0.0,28.13,100.0,100.0,Electricity Maps Estimation,true,ESTIMATED_TIME_SLICER_AVERAGE
2022-05-14T15:00:00.000000,Canada,Québec,CA-QC,0.0,28.11,100.0,100.0,Electricity Maps Estimation,true,ESTIMATED_TIME_SLICER_AVERAGE
2022-05-14T16:00:00.000000,Canada,Québec,CA-QC,0.0,28.09,100.0,100.0,Electricity Maps Estimation,true,ESTIMATED_TIME_SLICER_AVERAGE
2022-05-14T17:00:00.000000,Canada,Québec,CA-QC,0.0,28.16,100.0,100.0,Electricity Maps Estimation,true,ESTIMATED_TIME_SLICER_AVERAGE
2022-05-14T18:00:00.000000,Canada,Québec,CA-QC,0.0,28.14,100.0,100.0,Electricity Maps Estimation,true,ESTIMATED_TIME_SLICER_AVERAGE
2022-05-14T19:00:00.000000,Canada,Québec,CA-QC,0.0,28.17,100.0,100.0,Electricity Maps Estimation,true,ESTIMATED_TIME_SLICER_AVERAGE
2022-05-14T20:00:00.000000,Canada,Québec,CA-QC,0.0,28.18,100.0,100.0,Electricity Maps Estimation,true,ESTIMATED_TIME_SLICER_AVERAGE
2022-05-14T21:00:00.000000,Canada,Québec,CA-QC,0.0,28.14,100.0,100.0,Electricity Maps Estimation,true,ESTIMATED_TIME_SLICER_AVERAGE
2022-05-14T22:00:00.000000,Canada,Québec,CA-QC,0.0,28.17,100.0,100.0,Electricity Maps Estimation,true,ESTIMATED_TIME_SLICER_AVERAGE
2022-05-14T23:00:00.000000,Canada,Québec,CA-QC,0.0,28.07,100.0,100.0,Electricity Maps Estimation,true,ESTIMATED_TIME_SLICER_AVERAGE
2022-05-15T00:00:00.000000,Canada,Québec,CA-QC,0.0,27.91,100.0,100.0,Electricity Maps Estimation,true,ESTIMATED_TIME_SLICER_AVERAGE
2022-05-15T01:00:00.000000,Canada,Québec,CA-QC,0.0,27.95,100.0,100.0,Electricity Maps Estimation,true,ESTIMATED_TIME_SLICER_AVERAGE
2022-05-15T02:00:00.000000,Canada,Québec,CA-QC,0.0,28.07,100.0,100.0,Electricity Maps Estimation,true,ESTIMATED_TIME_SLICER_AVERAGE
2022-05-15T03:00:00.000000,Canada,Québec,CA-QC,0.0,28.25,100.0,100.0,Electricity Maps Estimation,true,ESTIMATED_TIME_SLICER_AVERAGE
2022-05-15T04:00:00.000000,Canada,Québec,CA-QC,0.0,28.47,100.0,100.0,Electricity Maps Estimation,true,ESTIMATED_TIME_SLICER_AVERAGE
2022-05-15T05:00:00.000000,Canada,Québec,CA-QC,0.0,28.75,100.0,100.0,Electricity Maps Estimation,true,ESTIMATED_TIME_SLICER_AVERAGE
2022-05-15T06:00:00.000000,Canada,Québec,CA-QC,0.0,28.82,100.0,100.0,Electricity Maps Estimation,true,ESTIMATED_TIME_SLICER_AVERAGE
2022-05-15T07:00:00.000000,Canada,Québec,CA-QC,0.0,28.89,100.0,100.0,Electricity Maps Estimation,true,ESTIMATED_TIME_SLICER_AVERAGE
2022-05-15T08:00:00.000000,Canada,Québec,CA-QC,0.0,28.88,100.0,100.0,Electricity Maps Estimation,true,ESTIMATED_TIME_SLICER_AVERAGE
2022-05-15T09:00:00.000000,Canada,Québec,CA-QC,0.02,28.81,100.0,99.84,Electricity Maps Estimation,true,ESTIMATED_TIME_SLICER_AVERAGE
2022-05-15T10:00:00.000000,Canada,Québec,CA-QC,0.0,28.83,100.0,100.0,Electricity Maps Estimation,true,ESTIMATED_TIME_SLICER_AVERAGE
2022-05-15T11:00:00.000000,Canada,Québec,CA-QC,0.0,28.68,100.0,100.0,Electricity Maps Estimation,true,ESTIMATED_TIME_SLICER_AVERAGE
2022-05-15T12:00:00.000000,Canada,Québec,CA-QC,0.0,28.5,100.0,100.0,Electricity Maps Estimation,true,ESTIMATED_TIME_SLICER_AVERAGE
2022-05-15T13:00:00.000000,Canada,Québec,CA-QC,0.0,28.28,100.0,100.0,Electricity Maps Estimation,true,ESTIMATED_TIME_SLICER_AVERAGE
2022-05-15T14:00:00.000000,Canada,Québec,CA-QC,0.0,28.19,100.0,100.0,Electricity Maps Estimation,true,ESTIMATED_TIME_SLICER_AVERAGE
2022-05-15T15:00:00.000000,Canada,Québec,CA-QC,0.0,28.17,100.0,100.0,Electricity Maps Estimation,true,ESTIMATED_TIME_SLICER_AVERAGE
2022-05-15T16:00:00.000000,Canada,Québec,CA-QC,0.0,28.15,100.0,100.0,Electricity Maps Estimation,true,ESTIMATED_TIME_SLICER_AVERAGE
2022-05-15T17:00:00.000000,Canada,Québec,CA-QC,0.0,28.22,100.0,100.0,Electricity Maps Estimation,true,ESTIMATED_TIME_SLICER_AVERAGE
2022-05-15T18:00:00.000000,Canada,Québec,CA-QC,0.0,28.2,100.0,100.0,Electricity Maps Estimation,true,ESTIMATED_TIME_SLICER_AVERAGE
2022-05-15T19:00:00.000000,Canada,Québec,CA-QC,0.0,28.24,100.0,100.0,Electricity Maps Estimation,true,ESTIMATED_TIME_SLICER_AVERAGE
2022-05-15T20:00:00.000000,Canada,Québec,CA-QC,0.0,28.25,100.0,100.0,Electricity Maps Estimation,true,ESTIMATED_TIME_SLICER_AVERAGE
2022-05-15T21:00:00.000000,Canada,Québec,CA-QC,0.0,28.2,100.0,100.0,Electricity Maps Estimation,true,ESTIMATED_TIME_SLICER_AVERAGE
2022-05-15T22:00:00.000000,Canada,Québec,CA-QC,0.0,28.23,100.0,100.0,Electricity Maps Estimation,true,ESTIMATED_TIME_SLICER_AVERAGE
2022-05-15T23:00:00.000000,Canada,Québec,CA-QC,0.0,28.23,100.0,100.0,hydroquebec.com; Electricity Maps Estimation,true,ESTIMATED_TIME_SLICER_AVERAGE
2022-05-16T00:00:00.000000,Canada,Québec,CA-QC,0.0,28.19,100.0,100.0,hydroquebec.com,false,""
2022-05-16T01:00:00.000000,Canada,Québec,CA-QC,0.0,28.23,100.0,100.0,hydroquebec.com,false,""
2022-05-16T02:00:00.000000,Canada,Québec,CA-QC,0.0,28.41,100.0,100.0,hydroquebec.com,false,""
2022-05-16T03:00:00.000000,Canada,Québec,CA-QC,0.0,28.68,100.0,100.0,hydroquebec.com,false,""
2022-05-16T04:00:00.000000,Canada,Québec,CA-QC,0.0,28.96,100.0,100.0,hydroquebec.com,false,""
2022-05-16T05:00:00.000000,Canada,Québec,CA-QC,0.0,29.24,100.0,100.0,hydroquebec.com,false,""
2022-05-16T06:00:00.000000,Canada,Québec,CA-QC,0.0,29.47,100.0,100.0,hydroquebec.com,false,""
2022-05-16T07:00:00.000000,Canada,Québec,CA-QC,0.0,29.52,100.0,100.0,hydroquebec.com,false,""
2022-05-16T08:00:00.000000,Canada,Québec,CA-QC,0.0,29.54,100.0,100.0,hydroquebec.com,false,""
2022-05-16T09:00:00.000000,Canada,Québec,CA-QC,0.0,29.39,100.0,100.0,hydroquebec.com,false,""
2022-05-16T10:00:00.000000,Canada,Québec,CA-QC,0.0,29.1,100.0,100.0,hydroquebec.com,false,""
2022-05-16T11:00:00.000000,Canada,Québec,CA-QC,0.0,28.88,100.0,100.0,hydroquebec.com,false,""
2022-05-16T12:00:00.000000,Canada,Québec,CA-QC,0.0,28.82,100.0,100.0,hydroquebec.com,false,""
2022-05-16T13:00:00.000000,Canada,Québec,CA-QC,0.0,28.87,100.0,100.0,hydroquebec.com,false,""
2022-05-16T14:00:00.000000,Canada,Québec,CA-QC,0.0,28.93,100.0,100.0,hydroquebec.com,false,""
2022-05-16T15:00:00.000000,Canada,Québec,CA-QC,0.0,29.01,100.0,100.0,hydroquebec.com,false,""
2022-05-16T16:00:00.000000,Canada,Québec,CA-QC,0.0,29.07,100.0,100.0,hydroquebec.com,false,""
2022-05-16T17:00:00.000000,Canada,Québec,CA-QC,0.0,29.12,100.0,100.0,hydroquebec.com,false,""
2022-05-16T18:00:00.000000,Canada,Québec,CA-QC,0.0,29.17,100.0,100.0,hydroquebec.com,false,""
2022-05-16T19:00:00.000000,Canada,Québec,CA-QC,0.0,29.18,100.0,100.0,hydroquebec.com,false,""
2022-05-16T20:00:00.000000,Canada,Québec,CA-QC,0.0,29.12,100.0,100.0,hydroquebec.com,false,""
2022-05-16T21:00:00.000000,Canada,Québec,CA-QC,0.0,28.98,100.0,100.0,hydroquebec.com,false,""
2022-05-16T22:00:00.000000,Canada,Québec,CA-QC,0.0,28.78,100.0,100.0,hydroquebec.com,false,""
2022-05-16T23:00:00.000000,Canada,Québec,CA-QC,0.0,28.7,100.0,100.0,hydroquebec.com,false,""
2022-05-17T00:00:00.000000,Canada,Québec,CA-QC,0.0,28.69,100.0,100.0,hydroquebec.com,false,""
2022-05-17T01:00:00.000000,Canada,Québec,CA-QC,0.0,28.68,100.0,100.0,hydroquebec.com,false,""
2022-05-17T02:00:00.000000,Canada,Québec,CA-QC,0.0,28.74,100.0,100.0,hydroquebec.com,false,""
2022-05-17T03:00:00.000000,Canada,Québec,CA-QC,0.0,28.95,100.0,100.0,hydroquebec.com,false,""
2022-05-17T04:00:00.000000,Canada,Québec,CA-QC,0.0,29.2,100.0,100.0,hydroquebec.com,false,""
2022-05-17T05:00:00.000000,Canada,Québec,CA-QC,0.01,29.43,100.0,99.98,hydroquebec.com,false,""
2022-05-17T06:00:00.000000,Canada,Québec,CA-QC,0.22,29.46,99.94,98.9,hydroquebec.com,false,""
2022-05-17T07:00:00.000000,Canada,Québec,CA-QC,0.38,29.46,99.9,98.19,hydroquebec.com,false,""
2022-05-17T08:00:00.000000,Canada,Québec,CA-QC,0.23,29.44,99.94,98.94,hydroquebec.com,false,""
2022-05-17T09:00:00.000000,Canada,Québec,CA-QC,0.17,29.19,99.95,99.14,hydroquebec.com,false,""
2022-05-17T10:00:00.000000,Canada,Québec,CA-QC,0.0,28.81,100.0,100.0,hydroquebec.com,false,""
2022-05-17T11:00:00.000000,Canada,Québec,CA-QC,0.0,28.31,100.0,100.0,hydroquebec.com,false,""
2022-05-17T12:00:00.000000,Canada,Québec,CA-QC,0.0,28.08,100.0,100.0,hydroquebec.com,false,""
2022-05-17T13:00:00.000000,Canada,Québec,CA-QC,0.0,28.08,100.0,100.0,hydroquebec.com,false,""
2022-05-17T14:00:00.000000,Canada,Québec,CA-QC,0.0,28.17,100.0,100.0,hydroquebec.com,false,""
2022-05-17T15:00:00.000000,Canada,Québec,CA-QC,0.0,28.28,100.0,100.0,hydroquebec.com,false,""
2022-05-17T16:00:00.000000,Canada,Québec,CA-QC,0.0,28.38,100.0,100.0,hydroquebec.com,false,""
2022-05-17T17:00:00.000000,Canada,Québec,CA-QC,0.0,28.47,100.0,100.0,hydroquebec.com,false,""
2022-05-17T18:00:00.000000,Canada,Québec,CA-QC,0.0,28.48,100.0,100.0,hydroquebec.com,false,""
2022-05-17T19:00:00.000000,Canada,Québec,CA-QC,0.0,28.41,100.0,100.0,hydroquebec.com,false,""
2022-05-17T20:00:00.000000,Canada,Québec,CA-QC,0.0,28.3,100.0,100.0,hydroquebec.com,false,""
2022-05-17T21:00:00.000000,Canada,Québec,CA-QC,0.0,28.14,100.0,100.0,hydroquebec.com,false,""
2022-05-17T22:00:00.000000,Canada,Québec,CA-QC,0.0,28.07,100.0,100.0,hydroquebec.com,false,""
2022-05-17T23:00:00.000000,Canada,Québec,CA-QC,0.0,27.94,100.0,100.0,hydroquebec.com,false,""
2022-05-18T00:00:00.000000,Canada,Québec,CA-QC,0.0,27.8,100.0,100.0,hydroquebec.com,false,""
2022-05-18T01:00:00.000000,Canada,Québec,CA-QC,0.0,27.85,100.0,100.0,hydroquebec.com,false,""
2022-05-18T02:00:00.000000,Canada,Québec,CA-QC,0.0,28.06,100.0,100.0,hydroquebec.com,false,""
2022-05-18T03:00:00.000000,Canada,Québec,CA-QC,0.0,28.34,100.0,100.0,hydroquebec.com,false,""
2022-05-18T04:00:00.000000,Canada,Québec,CA-QC,0.0,28.56,100.0,100.0,hydroquebec.com,false,""
2022-05-18T05:00:00.000000,Canada,Québec,CA-QC,0.0,28.79,100.0,100.0,hydroquebec.com,false,""
2022-05-18T06:00:00.000000,Canada,Québec,CA-QC,0.0,29.01,100.0,100.0,hydroquebec.com,false,""
2022-05-18T07:00:00.000000,Canada,Québec,CA-QC,0.0,29.07,100.0,100.0,hydroquebec.com,false,""
2022-05-18T08:00:00.000000,Canada,Québec,CA-QC,0.0,29.01,100.0,100.0,hydroquebec.com,false,""
2022-05-18T09:00:00.000000,Canada,Québec,CA-QC,0.0,28.73,100.0,100.0,hydroquebec.com,false,""
2022-05-18T10:00:00.000000,Canada,Québec,CA-QC,0.0,28.29,100.0,100.0,hydroquebec.com,false,""
2022-05-18T11:00:00.000000,Canada,Québec,CA-QC,0.0,28.07,100.0,100.0,hydroquebec.com,false,""
2022-05-18T12:00:00.000000,Canada,Québec,CA-QC,0.0,28.06,100.0,100.0,hydroquebec.com,false,""
2022-05-18T13:00:00.000000,Canada,Québec,CA-QC,0.0,28.12,100.0,100.0,hydroquebec.com,false,""
2022-05-18T14:00:00.000000,Canada,Québec,CA-QC,0.0,28.16,100.0,100.0,hydroquebec.com,false,""
2022-05-18T15:00:00.000000,Canada,Québec,CA-QC,0.0,28.09,100.0,100.0,hydroquebec.com,false,""
2022-05-18T16:00:00.000000,Canada,Québec,CA-QC,0.0,28.08,100.0,100.0,hydroquebec.com,false,""
2022-05-18T17:00:00.000000,Canada,Québec,CA-QC,0.0,28.13,100.0,100.0,hydroquebec.com,false,""
2022-05-18T18:00:00.000000,Canada,Québec,CA-QC,0.0,28.23,100.0,100.0,hydroquebec.com,false,""
2022-05-18T19:00:00.000000,Canada,Québec,CA-QC,0.0,28.39,100.0,100.0,hydroquebec.com,false,""
2022-05-18T20:00:00.000000,Canada,Québec,CA-QC,0.0,28.44,100.0,100.0,hydroquebec.com,false,""
2022-05-18T21:00:00.000000,Canada,Québec,CA-QC,0.0,28.4,100.0,100.0,hydroquebec.com,false,""
2022-05-18T22:00:00.000000,Canada,Québec,CA-QC,0.0,28.46,100.0,100.0,hydroquebec.com,false,""
2022-05-18T23:00:00.000000,Canada,Québec,CA-QC,0.0,28.59,100.0,100.0,hydroquebec.com,false,""
2022-05-19T00:00:00.000000,Canada,Québec,CA-QC,0.0,28.5,100.0,100.0,hydroquebec.com,false,""
2022-05-19T01:00:00.000000,Canada,Québec,CA-QC,0.0,28.56,100.0,100.0,hydroquebec.com,false,""
2022-05-19T02:00:00.000000,Canada,Québec,CA-QC,0.0,28.74,100.0,100.0,hydroquebec.com,false,""
2022-05-19T03:00:00.000000,Canada,Québec,CA-QC,0.0,28.9,100.0,100.0,hydroquebec.com,false,""
2022-05-19T04:00:00.000000,Canada,Québec,CA-QC,0.0,29.21,100.0,100.0,hydroquebec.com,false,""
2022-05-19T05:00:00.000000,Canada,Québec,CA-QC,0.0,29.39,100.0,100.0,hydroquebec.com,false,""
2022-05-19T06:00:00.000000,Canada,Québec,CA-QC,0.0,29.58,100.0,100.0,hydroquebec.com,false,""
2022-05-19T07:00:00.000000,Canada,Québec,CA-QC,0.0,29.64,100.0,100.0,hydroquebec.com,false,""
2022-05-19T08:00:00.000000,Canada,Québec,CA-QC,0.0,29.52,100.0,100.0,hydroquebec.com,false,""
2022-05-19T09:00:00.000000,Canada,Québec,CA-QC,0.0,29.3,100.0,100.0,hydroquebec.com,false,""
2022-05-19T10:00:00.000000,Canada,Québec,CA-QC,0.0,28.91,100.0,100.0,hydroquebec.com,false,""
2022-05-19T11:00:00.000000,Canada,Québec,CA-QC,0.0,28.64,100.0,100.0,hydroquebec.com,false,""
2022-05-19T12:00:00.000000,Canada,Québec,CA-QC,0.0,28.62,100.0,100.0,hydroquebec.com,false,""
2022-05-19T13:00:00.000000,Canada,Québec,CA-QC,0.0,28.7,100.0,100.0,hydroquebec.com,false,""
2022-05-19T14:00:00.000000,Canada,Québec,CA-QC,0.0,28.71,100.0,100.0,hydroquebec.com,false,""
2022-05-19T15:00:00.000000,Canada,Québec,CA-QC,0.0,28.66,100.0,100.0,hydroquebec.com,false,""
2022-05-19T16:00:00.000000,Canada,Québec,CA-QC,0.0,28.65,100.0,100.0,hydroquebec.com,false,""
2022-05-19T17:00:00.000000,Canada,Québec,CA-QC,0.0,28.65,100.0,100.0,hydroquebec.com,false,""
2022-05-19T18:00:00.000000,Canada,Québec,CA-QC,0.0,28.66,100.0,100.0,hydroquebec.com,false,""
2022-05-19T19:00:00.000000,Canada,Québec,CA-QC,0.0,28.72,100.0,100.0,hydroquebec.com,false,""
2022-05-19T20:00:00.000000,Canada,Québec,CA-QC,0.0,28.71,100.0,100.0,hydroquebec.com,false,""
2022-05-19T21:00:00.000000,Canada,Québec,CA-QC,0.0,28.62,100.0,100.0,hydroquebec.com,false,""
2022-05-19T22:00:00.000000,Canada,Québec,CA-QC,0.0,28.65,100.0,100.0,hydroquebec.com,false,""
2022-05-19T23:00:00.000000,Canada,Québec,CA-QC,0.0,28.76,100.0,100.0,hydroquebec.com,false,""
2022-05-20T00:00:00.000000,Canada,Québec,CA-QC,0.0,28.75,100.0,100.0,hydroquebec.com,false,""
2022-05-20T01:00:00.000000,Canada,Québec,CA-QC,0.0,28.7,100.0,100.0,hydroquebec.com,false,""
2022-05-20T02:00:00.000000,Canada,Québec,CA-QC,0.0,28.78,100.0,100.0,hydroquebec.com,false,""
2022-05-20T03:00:00.000000,Canada,Québec,CA-QC,0.0,29.08,100.0,100.0,hydroquebec.com,false,""
2022-05-20T04:00:00.000000,Canada,Québec,CA-QC,0.0,29.48,100.0,100.0,hydroquebec.com,false,""
2022-05-20T05:00:00.000000,Canada,Québec,CA-QC,0.0,29.76,100.0,100.0,hydroquebec.com,false,""
2022-05-20T06:00:00.000000,Canada,Québec,CA-QC,0.11,29.95,99.97,99.45,hydroquebec.com,false,""
2022-05-20T07:00:00.000000,Canada,Québec,CA-QC,0.31,30.14,99.92,98.5,hydroquebec.com,false,""
2022-05-20T08:00:00.000000,Canada,Québec,CA-QC,0.35,30.23,99.9,98.3,hydroquebec.com,false,""
2022-05-20T09:00:00.000000,Canada,Québec,CA-QC,0.29,30.33,99.92,98.87,hydroquebec.com,false,""
2022-05-20T10:00:00.000000,Canada,Québec,CA-QC,0.0,30.06,100.0,99.99,hydroquebec.com,false,""
2022-05-20T11:00:00.000000,Canada,Québec,CA-QC,0.0,29.55,100.0,100.0,hydroquebec.com,false,""
2022-05-20T12:00:00.000000,Canada,Québec,CA-QC,0.0,29.21,100.0,100.0,hydroquebec.com,false,""
2022-05-20T13:00:00.000000,Canada,Québec,CA-QC,0.0,29.1,100.0,100.0,hydroquebec.com,false,""
2022-05-20T14:00:00.000000,Canada,Québec,CA-QC,0.0,29.09,100.0,100.0,hydroquebec.com,false,""
2022-05-20T15:00:00.000000,Canada,Québec,CA-QC,0.0,29.03,100.0,100.0,hydroquebec.com,false,""
2022-05-20T16:00:00.000000,Canada,Québec,CA-QC,0.15,29.22,99.96,99.82,hydroquebec.com,false,""
2022-05-20T17:00:00.000000,Canada,Québec,CA-QC,0.61,29.79,99.84,99.36,hydroquebec.com,false,""
2022-05-20T18:00:00.000000,Canada,Québec,CA-QC,0.0,29.17,100.0,100.0,hydroquebec.com,false,""
2022-05-20T19:00:00.000000,Canada,Québec,CA-QC,0.0,29.09,100.0,100.0,hydroquebec.com,false,""
2022-05-20T20:00:00.000000,Canada,Québec,CA-QC,0.0,28.91,100.0,100.0,hydroquebec.com,false,""
2022-05-20T21:00:00.000000,Canada,Québec,CA-QC,0.0,28.58,100.0,100.0,hydroquebec.com,false,""
2022-05-20T22:00:00.000000,Canada,Québec,CA-QC,0.0,28.36,100.0,100.0,hydroquebec.com,false,""
2022-05-20T23:00:00.000000,Canada,Québec,CA-QC,0.0,28.24,100.0,100.0,hydroquebec.com,false,""
2022-05-21T00:00:00.000000,Canada,Québec,CA-QC,0.0,28.1,100.0,100.0,hydroquebec.com,false,""
2022-05-21T01:00:00.000000,Canada,Québec,CA-QC,0.0,28.18,100.0,100.0,hydroquebec.com,false,""
2022-05-21T02:00:00.000000,Canada,Québec,CA-QC,0.0,28.47,100.0,100.0,hydroquebec.com,false,""
2022-05-21T03:00:00.000000,Canada,Québec,CA-QC,0.0,28.72,100.0,100.0,hydroquebec.com,false,""
2022-05-21T04:00:00.000000,Canada,Québec,CA-QC,0.0,29.05,100.0,100.0,hydroquebec.com,false,""
2022-05-21T05:00:00.000000,Canada,Québec,CA-QC,0.01,29.37,100.0,99.95,hydroquebec.com,false,""
2022-05-21T06:00:00.000000,Canada,Québec,CA-QC,0.14,29.48,99.96,99.27,hydroquebec.com,false,""
2022-05-21T07:00:00.000000,Canada,Québec,CA-QC,0.4,29.58,99.89,98.0,hydroquebec.com,false,""
2022-05-21T08:00:00.000000,Canada,Québec,CA-QC,0.4,29.76,99.89,98.0,hydroquebec.com,false,""
2022-05-21T09:00:00.000000,Canada,Québec,CA-QC,0.34,29.65,99.91,98.33,hydroquebec.com,false,""
2022-05-21T10:00:00.000000,Canada,Québec,CA-QC,0.18,29.47,99.95,99.17,hydroquebec.com,false,""
2022-05-21T11:00:00.000000,Canada,Québec,CA-QC,0.0,29.31,100.0,100.0,hydroquebec.com,false,""
2022-05-21T12:00:00.000000,Canada,Québec,CA-QC,0.0,29.04,100.0,100.0,hydroquebec.com,false,""
2022-05-21T13:00:00.000000,Canada,Québec,CA-QC,0.0,28.52,100.0,100.0,hydroquebec.com,false,""
2022-05-21T14:00:00.000000,Canada,Québec,CA-QC,0.0,28.13,100.0,100.0,hydroquebec.com,false,""
2022-05-21T15:00:00.000000,Canada,Québec,CA-QC,0.0,28.0,100.0,100.0,hydroquebec.com,false,""
2022-05-21T16:00:00.000000,Canada,Québec,CA-QC,0.0,28.13,100.0,100.0,hydroquebec.com,false,""
2022-05-21T17:00:00.000000,Canada,Québec,CA-QC,0.0,28.36,100.0,100.0,hydroquebec.com,false,""
2022-05-21T18:00:00.000000,Canada,Québec,CA-QC,0.0,28.39,100.0,100.0,hydroquebec.com,false,""
2022-05-21T19:00:00.000000,Canada,Québec,CA-QC,0.0,28.39,100.0,100.0,hydroquebec.com,false,""
2022-05-21T20:00:00.000000,Canada,Québec,CA-QC,0.0,28.58,100.0,100.0,hydroquebec.com,false,""
2022-05-21T21:00:00.000000,Canada,Québec,CA-QC,0.0,28.88,100.0,100.0,hydroquebec.com,false,""
2022-05-21T22:00:00.000000,Canada,Québec,CA-QC,0.0,29.12,100.0,100.0,hydroquebec.com,false,""
2022-05-21T23:00:00.000000,Canada,Québec,CA-QC,0.0,29.41,100.0,100.0,hydroquebec.com,false,""
2022-05-22T00:00:00.000000,Canada,Québec,CA-QC,0.0,29.61,100.0,100.0,hydroquebec.com,false,""
2022-05-22T01:00:00.000000,Canada,Québec,CA-QC,0.0,29.71,100.0,100.0,hydroquebec.com,false,""
2022-05-22T02:00:00.000000,Canada,Québec,CA-QC,0.0,29.86,100.0,100.0,hydroquebec.com,false,""
2022-05-22T03:00:00.000000,Canada,Québec,CA-QC,0.0,30.11,100.0,100.0,hydroquebec.com,false,""
2022-05-22T04:00:00.000000,Canada,Québec,CA-QC,0.0,30.38,100.0,100.0,hydroquebec.com,false,""
2022-05-22T05:00:00.000000,Canada,Québec,CA-QC,0.0,30.52,100.0,100.0,hydroquebec.com,false,""
2022-05-22T06:00:00.000000,Canada,Québec,CA-QC,0.0,30.69,100.0,100.0,hydroquebec.com,false,""
2022-05-22T07:00:00.000000,Canada,Québec,CA-QC,0.0,30.96,100.0,100.0,hydroquebec.com,false,""
2022-05-22T08:00:00.000000,Canada,Québec,CA-QC,0.0,31.14,100.0,100.0,hydroquebec.com,false,""
2022-05-22T09:00:00.000000,Canada,Québec,CA-QC,0.0,31.32,100.0,100.0,hydroquebec.com,false,""
2022-05-22T10:00:00.000000,Canada,Québec,CA-QC,0.08,31.43,99.98,99.69,hydroquebec.com,false,""
2022-05-22T11:00:00.000000,Canada,Québec,CA-QC,0.28,31.33,99.92,99.15,hydroquebec.com,false,""
2022-05-22T12:00:00.000000,Canada,Québec,CA-QC,0.02,30.76,99.99,99.95,hydroquebec.com,false,""
2022-05-22T13:00:00.000000,Canada,Québec,CA-QC,0.31,30.57,99.92,99.38,hydroquebec.com,false,""
2022-05-22T14:00:00.000000,Canada,Québec,CA-QC,0.19,30.27,99.95,99.62,hydroquebec.com,false,""
2022-05-22T15:00:00.000000,Canada,Québec,CA-QC,0.14,30.06,99.96,99.76,hydroquebec.com,false,""
2022-05-22T16:00:00.000000,Canada,Québec,CA-QC,0.0,29.59,100.0,100.0,hydroquebec.com,false,""
2022-05-22T17:00:00.000000,Canada,Québec,CA-QC,0.0,29.14,100.0,100.0,hydroquebec.com,false,""
2022-05-22T18:00:00.000000,Canada,Québec,CA-QC,0.0,28.94,100.0,100.0,hydroquebec.com,false,""
2022-05-22T19:00:00.000000,Canada,Québec,CA-QC,0.0,28.89,100.0,100.0,hydroquebec.com,false,""
2022-05-22T20:00:00.000000,Canada,Québec,CA-QC,0.0,28.82,100.0,100.0,hydroquebec.com,false,""
2022-05-22T21:00:00.000000,Canada,Québec,CA-QC,0.0,28.67,100.0,100.0,hydroquebec.com,false,""
2022-05-22T22:00:00.000000,Canada,Québec,CA-QC,0.0,28.63,100.0,100.0,hydroquebec.com,false,""
2022-05-22T23:00:00.000000,Canada,Québec,CA-QC,0.0,28.82,100.0,100.0,hydroquebec.com,false,""
2022-05-23T00:00:00.000000,Canada,Québec,CA-QC,0.0,28.75,100.0,100.0,hydroquebec.com,false,""
2022-05-23T01:00:00.000000,Canada,Québec,CA-QC,0.0,28.64,100.0,100.0,hydroquebec.com,false,""
2022-05-23T02:00:00.000000,Canada,Québec,CA-QC,0.0,28.97,100.0,100.0,hydroquebec.com,false,""
2022-05-23T03:00:00.000000,Canada,Québec,CA-QC,0.0,29.4,100.0,100.0,hydroquebec.com,false,""
2022-05-23T04:00:00.000000,Canada,Québec,CA-QC,0.09,29.44,99.97,99.76,hydroquebec.com,false,""
2022-05-23T05:00:00.000000,Canada,Québec,CA-QC,0.37,29.41,99.9,98.91,hydroquebec.com,false,""
2022-05-23T06:00:00.000000,Canada,Québec,CA-QC,0.24,29.3,99.93,98.85,hydroquebec.com,false,""
2022-05-23T07:00:00.000000,Canada,Québec,CA-QC,0.02,29.28,100.0,99.92,hydroquebec.com,false,""
2022-05-23T08:00:00.000000,Canada,Québec,CA-QC,0.01,29.26,100.0,99.97,hydroquebec.com,false,""
2022-05-23T09:00:00.000000,Canada,Québec,CA-QC,0.14,29.33,99.96,99.33,hydroquebec.com,false,""
2022-05-23T10:00:00.000000,Canada,Québec,CA-QC,0.21,29.35,99.94,99.16,hydroquebec.com,false,""
2022-05-23T11:00:00.000000,Canada,Québec,CA-QC,0.0,29.16,100.0,100.0,hydroquebec.com,false,""
2022-05-23T12:00:00.000000,Canada,Québec,CA-QC,0.0,29.05,100.0,100.0,hydroquebec.com,false,""
2022-05-23T13:00:00.000000,Canada,Québec,CA-QC,0.15,29.07,99.96,99.59,hydroquebec.com,false,""
2022-05-23T14:00:00.000000,Canada,Québec,CA-QC,0.0,28.86,100.0,100.0,hydroquebec.com,false,""
2022-05-23T15:00:00.000000,Canada,Québec,CA-QC,0.0,28.83,100.0,100.0,hydroquebec.com,false,""
2022-05-23T16:00:00.000000,Canada,Québec,CA-QC,0.0,28.87,100.0,100.0,hydroquebec.com,false,""
2022-05-23T17:00:00.000000,Canada,Québec,CA-QC,0.0,28.89,100.0,100.0,hydroquebec.com,false,""
2022-05-23T18:00:00.000000,Canada,Québec,CA-QC,0.0,28.96,100.0,100.0,hydroquebec.com,false,""
2022-05-23T19:00:00.000000,Canada,Québec,CA-QC,0.0,29.01,100.0,100.0,hydroquebec.com,false,""
2022-05-23T20:00:00.000000,Canada,Québec,CA-QC,0.0,28.97,100.0,100.0,hydroquebec.com,false,""
2022-05-23T21:00:00.000000,Canada,Québec,CA-QC,0.0,28.81,100.0,100.0,hydroquebec.com,false,""
2022-05-23T22:00:00.000000,Canada,Québec,CA-QC,0.0,28.72,100.0,100.0,hydroquebec.com,false,""
2022-05-23T23:00:00.000000,Canada,Québec,CA-QC,0.0,28.79,100.0,100.0,hydroquebec.com,false,""
2022-05-24T00:00:00.000000,Canada,Québec,CA-QC,0.0,28.87,100.0,100.0,hydroquebec.com,false,""
2022-05-24T01:00:00.000000,Canada,Québec,CA-QC,0.0,28.95,100.0,100.0,hydroquebec.com,false,""
2022-05-24T02:00:00.000000,Canada,Québec,CA-QC,0.0,29.19,100.0,100.0,hydroquebec.com,false,""
2022-05-24T03:00:00.000000,Canada,Québec,CA-QC,0.0,29.59,100.0,100.0,hydroquebec.com,false,""
2022-05-24T04:00:00.000000,Canada,Québec,CA-QC,0.0,29.95,100.0,100.0,hydroquebec.com,false,""
2022-05-24T05:00:00.000000,Canada,Québec,CA-QC,0.02,30.26,100.0,99.92,hydroquebec.com,false,""
2022-05-24T06:00:00.000000,Canada,Québec,CA-QC,0.12,30.38,99.97,99.4,hydroquebec.com,false,""
2022-05-24T07:00:00.000000,Canada,Québec,CA-QC,0.33,30.41,99.91,98.3,hydroquebec.com,false,""
2022-05-24T08:00:00.000000,Canada,Québec,CA-QC,0.34,30.47,99.91,98.45,hydroquebec.com,false,""
2022-05-24T09:00:00.000000,Canada,Québec,CA-QC,0.01,30.27,100.0,99.97,hydroquebec.com,false,""
2022-05-24T10:00:00.000000,Canada,Québec,CA-QC,0.0,29.9,100.0,100.0,hydroquebec.com,false,""
2022-05-24T11:00:00.000000,Canada,Québec,CA-QC,0.0,29.5,100.0,100.0,hydroquebec.com,false,""
2022-05-24T12:00:00.000000,Canada,Québec,CA-QC,0.0,29.22,100.0,100.0,hydroquebec.com,false,""
2022-05-24T13:00:00.000000,Canada,Québec,CA-QC,0.0,29.13,100.0,100.0,hydroquebec.com,false,""
2022-05-24T14:00:00.000000,Canada,Québec,CA-QC,0.0,29.17,100.0,100.0,hydroquebec.com,false,""
2022-05-24T15:00:00.000000,Canada,Québec,CA-QC,0.0,29.21,100.0,100.0,hydroquebec.com,false,""
2022-05-24T16:00:00.000000,Canada,Québec,CA-QC,0.0,29.24,100.0,100.0,hydroquebec.com,false,""
2022-05-24T17:00:00.000000,Canada,Québec,CA-QC,0.0,29.31,100.0,100.0,hydroquebec.com,false,""
2022-05-24T18:00:00.000000,Canada,Québec,CA-QC,0.0,29.36,100.0,100.0,hydroquebec.com,false,""
2022-05-24T19:00:00.000000,Canada,Québec,CA-QC,0.0,29.4,100.0,100.0,hydroquebec.com,false,""
2022-05-24T20:00:00.000000,Canada,Québec,CA-QC,0.0,29.33,100.0,100.0,hydroquebec.com,false,""
2022-05-24T21:00:00.000000,Canada,Québec,CA-QC,0.0,29.16,100.0,100.0,hydroquebec.com,false,""
2022-05-24T22:00:00.000000,Canada,Québec,CA-QC,0.0,29.07,100.0,100.0,hydroquebec.com,false,""
2022-05-24T23:00:00.000000,Canada,Québec,CA-QC,0.0,29.07,100.0,100.0,hydroquebec.com,false,""
2022-05-25T00:00:00.000000,Canada,Québec,CA-QC,0.0,29.1,100.0,100.0,hydroquebec.com,false,""
2022-05-25T01:00:00.000000,Canada,Québec,CA-QC,0.0,29.12,100.0,100.0,hydroquebec.com,false,""
2022-05-25T02:00:00.000000,Canada,Québec,CA-QC,0.0,29.16,100.0,100.0,hydroquebec.com,false,""
2022-05-25T03:00:00.000000,Canada,Québec,CA-QC,0.0,29.38,100.0,100.0,hydroquebec.com,false,""
2022-05-25T04:00:00.000000,Canada,Québec,CA-QC,0.0,29.7,100.0,100.0,hydroquebec.com,false,""
2022-05-25T05:00:00.000000,Canada,Québec,CA-QC,0.01,29.94,100.0,99.95,hydroquebec.com,false,""
2022-05-25T06:00:00.000000,Canada,Québec,CA-QC,0.38,29.95,99.9,97.89,hydroquebec.com,false,""
2022-05-25T07:00:00.000000,Canada,Québec,CA-QC,0.41,30.0,99.89,97.73,hydroquebec.com,false,""
2022-05-25T08:00:00.000000,Canada,Québec,CA-QC,0.53,30.09,99.86,97.7,hydroquebec.com,false,""
2022-05-25T09:00:00.000000,Canada,Québec,CA-QC,0.41,30.06,99.89,98.4,hydroquebec.com,false,""
2022-05-25T10:00:00.000000,Canada,Québec,CA-QC,0.02,29.71,99.99,99.92,hydroquebec.com,false,""
2022-05-25T11:00:00.000000,Canada,Québec,CA-QC,0.0,29.38,100.0,100.0,hydroquebec.com,false,""
2022-05-25T12:00:00.000000,Canada,Québec,CA-QC,0.22,29.54,99.94,99.94,hydroquebec.com,false,""
2022-05-25T13:00:00.000000,Canada,Québec,CA-QC,0.22,29.48,99.94,99.94,hydroquebec.com,false,""
2022-05-25T14:00:00.000000,Canada,Québec,CA-QC,0.0,29.15,100.0,100.0,hydroquebec.com,false,""
2022-05-25T15:00:00.000000,Canada,Québec,CA-QC,0.0,29.06,100.0,100.0,hydroquebec.com,false,""
2022-05-25T16:00:00.000000,Canada,Québec,CA-QC,0.0,29.01,100.0,100.0,hydroquebec.com,false,""
2022-05-25T17:00:00.000000,Canada,Québec,CA-QC,0.0,29.01,100.0,100.0,hydroquebec.com,false,""
2022-05-25T18:00:00.000000,Canada,Québec,CA-QC,0.0,29.05,100.0,100.0,hydroquebec.com,false,""
2022-05-25T19:00:00.000000,Canada,Québec,CA-QC,0.0,29.08,100.0,100.0,hydroquebec.com,false,""
2022-05-25T20:00:00.000000,Canada,Québec,CA-QC,0.0,29.09,100.0,100.0,hydroquebec.com,false,""
2022-05-25T21:00:00.000000,Canada,Québec,CA-QC,0.0,29.07,100.0,100.0,hydroquebec.com,false,""
2022-05-25T22:00:00.000000,Canada,Québec,CA-QC,0.0,29.05,100.0,100.0,hydroquebec.com,false,""
2022-05-25T23:00:00.000000,Canada,Québec,CA-QC,0.0,29.19,100.0,100.0,hydroquebec.com,false,""
2022-05-26T00:00:00.000000,Canada,Québec,CA-QC,0.0,29.19,100.0,100.0,hydroquebec.com,false,""
2022-05-26T01:00:00.000000,Canada,Québec,CA-QC,0.0,29.19,100.0,100.0,hydroquebec.com,false,""
2022-05-26T02:00:00.000000,Canada,Québec,CA-QC,0.14,29.56,99.96,99.62,hydroquebec.com,false,""
2022-05-26T03:00:00.000000,Canada,Québec,CA-QC,0.57,30.07,99.85,98.09,hydroquebec.com,false,""
2022-05-26T04:00:00.000000,Canada,Québec,CA-QC,0.53,30.41,99.86,97.62,hydroquebec.com,false,""
2022-05-26T05:00:00.000000,Canada,Québec,CA-QC,0.57,30.83,99.84,97.14,hydroquebec.com,false,""
2022-05-26T06:00:00.000000,Canada,Québec,CA-QC,0.53,31.06,99.86,97.03,hydroquebec.com,false,""
2022-05-26T07:00:00.000000,Canada,Québec,CA-QC,0.54,31.16,99.85,97.0,hydroquebec.com,false,""
2022-05-26T08:00:00.000000,Canada,Québec,CA-QC,0.54,31.15,99.85,96.98,hydroquebec.com,false,""
2022-05-26T09:00:00.000000,Canada,Québec,CA-QC,0.47,31.06,99.87,97.37,hydroquebec.com,false,""
2022-05-26T10:00:00.000000,Canada,Québec,CA-QC,0.31,30.71,99.91,98.25,hydroquebec.com,false,""
2022-05-26T11:00:00.000000,Canada,Québec,CA-QC,0.2,30.19,99.95,98.89,hydroquebec.com,false,""
2022-05-26T12:00:00.000000,Canada,Québec,CA-QC,0.16,29.86,99.96,99.13,hydroquebec.com,false,""
2022-05-26T13:00:00.000000,Canada,Québec,CA-QC,0.13,29.74,99.97,99.28,hydroquebec.com,false,""
2022-05-26T14:00:00.000000,Canada,Québec,CA-QC,0.15,29.66,99.96,99.16,hydroquebec.com,false,""
2022-05-26T15:00:00.000000,Canada,Québec,CA-QC,0.16,29.6,99.96,99.16,hydroquebec.com,false,""
2022-05-26T16:00:00.000000,Canada,Québec,CA-QC,0.21,29.61,99.94,99.12,hydroquebec.com,false,""
2022-05-26T17:00:00.000000,Canada,Québec,CA-QC,0.22,29.53,99.94,99.13,hydroquebec.com,false,""
2022-05-26T18:00:00.000000,Canada,Québec,CA-QC,0.27,29.45,99.93,99.2,hydroquebec.com,false,""
2022-05-26T19:00:00.000000,Canada,Québec,CA-QC,0.0,29.21,100.0,99.99,hydroquebec.com,false,""
2022-05-26T20:00:00.000000,Canada,Québec,CA-QC,0.0,29.04,100.0,100.0,hydroquebec.com,false,""
2022-05-26T21:00:00.000000,Canada,Québec,CA-QC,0.0,28.89,100.0,100.0,hydroquebec.com,false,""
2022-05-26T22:00:00.000000,Canada,Québec,CA-QC,0.0,28.68,100.0,100.0,hydroquebec.com,false,""
2022-05-26T23:00:00.000000,Canada,Québec,CA-QC,0.0,28.49,100.0,100.0,hydroquebec.com,false,""
2022-05-27T00:00:00.000000,Canada,Québec,CA-QC,0.0,28.36,100.0,100.0,hydroquebec.com,false,""
2022-05-27T01:00:00.000000,Canada,Québec,CA-QC,0.0,28.42,100.0,100.0,hydroquebec.com,false,""
2022-05-27T02:00:00.000000,Canada,Québec,CA-QC,0.0,28.71,100.0,100.0,hydroquebec.com,false,""
2022-05-27T03:00:00.000000,Canada,Québec,CA-QC,0.35,29.3,99.91,99.13,hydroquebec.com,false,""
2022-05-27T04:00:00.000000,Canada,Québec,CA-QC,0.39,29.6,99.9,98.45,hydroquebec.com,false,""
2022-05-27T05:00:00.000000,Canada,Québec,CA-QC,0.48,29.67,99.87,97.7,hydroquebec.com,false,""
2022-05-27T06:00:00.000000,Canada,Québec,CA-QC,0.51,29.56,99.86,96.91,hydroquebec.com,false,""
2022-05-27T07:00:00.000000,Canada,Québec,CA-QC,0.37,29.92,99.9,97.73,hydroquebec.com,false,""
2022-05-27T08:00:00.000000,Canada,Québec,CA-QC,0.37,30.02,99.9,97.73,hydroquebec.com,false,""
2022-05-27T09:00:00.000000,Canada,Québec,CA-QC,0.03,30.16,99.99,99.81,hydroquebec.com,false,""
2022-05-27T10:00:00.000000,Canada,Québec,CA-QC,0.0,29.77,100.0,100.0,hydroquebec.com,false,""
2022-05-27T11:00:00.000000,Canada,Québec,CA-QC,0.0,29.31,100.0,100.0,hydroquebec.com,false,""
2022-05-27T12:00:00.000000,Canada,Québec,CA-QC,0.0,29.11,100.0,100.0,hydroquebec.com,false,""
2022-05-27T13:00:00.000000,Canada,Québec,CA-QC,0.0,29.02,100.0,100.0,hydroquebec.com,false,""
2022-05-27T14:00:00.000000,Canada,Québec,CA-QC,0.0,28.91,100.0,100.0,hydroquebec.com,false,""
2022-05-27T15:00:00.000000,Canada,Québec,CA-QC,0.0,28.9,100.0,100.0,hydroquebec.com,false,""
2022-05-27T16:00:00.000000,Canada,Québec,CA-QC,0.0,28.93,100.0,100.0,hydroquebec.com,false,""
2022-05-27T17:00:00.000000,Canada,Québec,CA-QC,0.0,28.86,100.0,100.0,hydroquebec.com,false,""
2022-05-27T18:00:00.000000,Canada,Québec,CA-QC,0.0,28.87,100.0,100.0,hydroquebec.com,false,""
2022-05-27T19:00:00.000000,Canada,Québec,CA-QC,0.0,28.91,100.0,100.0,hydroquebec.com,false,""
2022-05-27T20:00:00.000000,Canada,Québec,CA-QC,0.0,28.87,100.0,100.0,hydroquebec.com,false,""
2022-05-27T21:00:00.000000,Canada,Québec,CA-QC,0.0,28.73,100.0,100.0,hydroquebec.com,false,""
2022-05-27T22:00:00.000000,Canada,Québec,CA-QC,0.0,28.57,100.0,100.0,hydroquebec.com,false,""
2022-05-27T23:00:00.000000,Canada,Québec,CA-QC,0.0,28.5,100.0,100.0,hydroquebec.com,false,""
2022-05-28T00:00:00.000000,Canada,Québec,CA-QC,0.0,28.69,100.0,100.0,hydroquebec.com,false,""
2022-05-28T01:00:00.000000,Canada,Québec,CA-QC,0.0,28.94,100.0,100.0,hydroquebec.com,false,""
2022-05-28T02:00:00.000000,Canada,Québec,CA-QC,0.0,29.14,100.0,100.0,hydroquebec.com,false,""
2022-05-28T03:00:00.000000,Canada,Québec,CA-QC,0.0,29.52,100.0,100.0,hydroquebec.com,false,""
2022-05-28T04:00:00.000000,Canada,Québec,CA-QC,0.13,29.68,99.96,99.28,hydroquebec.com,false,""
2022-05-28T05:00:00.000000,Canada,Québec,CA-QC,0.33,29.7,99.91,98.04,hydroquebec.com,false,""
2022-05-28T06:00:00.000000,Canada,Québec,CA-QC,0.44,29.79,99.88,97.08,hydroquebec.com,false,""
2022-05-28T07:00:00.000000,Canada,Québec,CA-QC,0.54,29.85,99.85,96.37,hydroquebec.com,false,""
2022-05-28T08:00:00.000000,Canada,Québec,CA-QC,0.57,29.92,99.85,96.21,hydroquebec.com,false,""
2022-05-28T09:00:00.000000,Canada,Québec,CA-QC,0.57,30.01,99.85,96.17,hydroquebec.com,false,""
2022-05-28T10:00:00.000000,Canada,Québec,CA-QC,0.49,30.07,99.87,96.67,hydroquebec.com,false,""
2022-05-28T11:00:00.000000,Canada,Québec,CA-QC,0.28,30.01,99.93,98.14,hydroquebec.com,false,""
2022-05-28T12:00:00.000000,Canada,Québec,CA-QC,0.22,29.79,99.94,98.56,hydroquebec.com,false,""
2022-05-28T13:00:00.000000,Canada,Québec,CA-QC,0.0,29.76,100.0,99.98,hydroquebec.com,false,""
2022-05-28T14:00:00.000000,Canada,Québec,CA-QC,0.0,29.63,100.0,100.0,hydroquebec.com,false,""
2022-05-28T15:00:00.000000,Canada,Québec,CA-QC,0.0,29.54,100.0,100.0,hydroquebec.com,false,""
2022-05-28T16:00:00.000000,Canada,Québec,CA-QC,0.11,29.5,99.97,99.35,hydroquebec.com,false,""
2022-05-28T17:00:00.000000,Canada,Québec,CA-QC,0.0,29.51,100.0,100.0,hydroquebec.com,false,""
2022-05-28T18:00:00.000000,Canada,Québec,CA-QC,0.0,29.45,100.0,100.0,hydroquebec.com,false,""
2022-05-28T19:00:00.000000,Canada,Québec,CA-QC,0.12,29.5,99.97,99.56,hydroquebec.com,false,""
2022-05-28T20:00:00.000000,Canada,Québec,CA-QC,0.0,29.3,100.0,100.0,hydroquebec.com,false,""
2022-05-28T21:00:00.000000,Canada,Québec,CA-QC,0.0,29.15,100.0,100.0,hydroquebec.com,false,""
2022-05-28T22:00:00.000000,Canada,Québec,CA-QC,0.0,29.16,100.0,100.0,hydroquebec.com,false,""
2022-05-28T23:00:00.000000,Canada,Québec,CA-QC,0.0,29.06,100.0,100.0,hydroquebec.com,false,""
2022-05-29T00:00:00.000000,Canada,Québec,CA-QC,0.0,28.91,100.0,100.0,hydroquebec.com,false,""
2022-05-29T01:00:00.000000,Canada,Québec,CA-QC,0.0,28.86,100.0,100.0,hydroquebec.com,false,""
2022-05-29T02:00:00.000000,Canada,Québec,CA-QC,0.01,28.95,100.0,99.98,hydroquebec.com,false,""
2022-05-29T03:00:00.000000,Canada,Québec,CA-QC,0.16,29.05,99.96,99.18,hydroquebec.com,false,""
2022-05-29T04:00:00.000000,Canada,Québec,CA-QC,0.26,29.23,99.93,98.16,hydroquebec.com,false,""
2022-05-29T05:00:00.000000,Canada,Québec,CA-QC,0.42,29.55,99.89,96.98,hydroquebec.com,false,""
2022-05-29T06:00:00.000000,Canada,Québec,CA-QC,0.6,29.44,99.84,95.73,hydroquebec.com,false,""
2022-05-29T07:00:00.000000,Canada,Québec,CA-QC,0.55,29.39,99.85,96.05,hydroquebec.com,false,""
2022-05-29T08:00:00.000000,Canada,Québec,CA-QC,0.59,29.3,99.84,95.74,hydroquebec.com,false,""
2022-05-29T09:00:00.000000,Canada,Québec,CA-QC,0.6,29.21,99.84,95.69,hydroquebec.com,false,""
2022-05-29T10:00:00.000000,Canada,Québec,CA-QC,0.6,29.25,99.84,95.58,hydroquebec.com,false,""
2022-05-29T11:00:00.000000,Canada,Québec,CA-QC,0.57,29.26,99.84,95.78,hydroquebec.com,false,""
2022-05-29T12:00:00.000000,Canada,Québec,CA-QC,0.5,29.03,99.87,96.34,hydroquebec.com,false,""
2022-05-29T13:00:00.000000,Canada,Québec,CA-QC,0.49,28.62,99.87,96.4,hydroquebec.com,false,""
2022-05-29T14:00:00.000000,Canada,Québec,CA-QC,0.37,28.41,99.9,97.37,hydroquebec.com,false,""
2022-05-29T15:00:00.000000,Canada,Québec,CA-QC,0.43,28.33,99.88,96.84,hydroquebec.com,false,""
2022-05-29T16:00:00.000000,Canada,Québec,CA-QC,0.47,28.55,99.87,97.17,hydroquebec.com,false,""
2022-05-29T17:00:00.000000,Canada,Québec,CA-QC,0.57,28.75,99.85,96.99,hydroquebec.com,false,""
2022-05-29T18:00:00.000000,Canada,Québec,CA-QC,0.66,28.9,99.82,97.23,hydroquebec.com,false,""
2022-05-29T19:00:00.000000,Canada,Québec,CA-QC,0.76,29.05,99.8,97.05,hydroquebec.com,false,""
2022-05-29T20:00:00.000000,Canada,Québec,CA-QC,0.26,29.07,99.93,98.99,hydroquebec.com,false,""
2022-05-29T21:00:00.000000,Canada,Québec,CA-QC,0.01,28.94,100.0,99.98,hydroquebec.com,false,""
2022-05-29T22:00:00.000000,Canada,Québec,CA-QC,0.0,28.73,100.0,100.0,hydroquebec.com,false,""
2022-05-29T23:00:00.000000,Canada,Québec,CA-QC,0.0,28.56,100.0,100.0,hydroquebec.com,false,""
2022-05-30T00:00:00.000000,Canada,Québec,CA-QC,0.0,28.73,100.0,100.0,hydroquebec.com,false,""
2022-05-30T01:00:00.000000,Canada,Québec,CA-QC,0.0,28.92,100.0,100.0,hydroquebec.com,false,""
2022-05-30T02:00:00.000000,Canada,Québec,CA-QC,0.01,29.13,100.0,99.97,hydroquebec.com,false,""
2022-05-30T03:00:00.000000,Canada,Québec,CA-QC,0.42,29.54,99.89,98.15,hydroquebec.com,false,""
2022-05-30T04:00:00.000000,Canada,Québec,CA-QC,0.46,29.82,99.88,97.31,hydroquebec.com,false,""
2022-05-30T05:00:00.000000,Canada,Québec,CA-QC,0.55,30.0,99.85,96.43,hydroquebec.com,false,""
2022-05-30T06:00:00.000000,Canada,Québec,CA-QC,0.55,29.99,99.85,95.98,hydroquebec.com,false,""
2022-05-30T07:00:00.000000,Canada,Québec,CA-QC,0.56,30.07,99.85,95.92,hydroquebec.com,false,""
2022-05-30T08:00:00.000000,Canada,Québec,CA-QC,0.57,30.14,99.84,95.8,hydroquebec.com,false,""
2022-05-30T09:00:00.000000,Canada,Québec,CA-QC,0.56,30.05,99.85,95.95,hydroquebec.com,false,""
2022-05-30T10:00:00.000000,Canada,Québec,CA-QC,0.53,29.69,99.86,96.15,hydroquebec.com,false,""
2022-05-30T11:00:00.000000,Canada,Québec,CA-QC,0.46,29.52,99.88,97.4,hydroquebec.com,false,""
2022-05-30T12:00:00.000000,Canada,Québec,CA-QC,0.3,29.26,99.92,98.67,hydroquebec.com,false,""
2022-05-30T13:00:00.000000,Canada,Québec,CA-QC,0.0,29.0,100.0,99.99,hydroquebec.com,false,""
2022-05-30T14:00:00.000000,Canada,Québec,CA-QC,0.0,28.91,100.0,100.0,hydroquebec.com,false,""
2022-05-30T15:00:00.000000,Canada,Québec,CA-QC,0.0,28.79,100.0,100.0,hydroquebec.com,false,""
2022-05-30T16:00:00.000000,Canada,Québec,CA-QC,0.0,28.61,100.0,100.0,hydroquebec.com,false,""
2022-05-30T17:00:00.000000,Canada,Québec,CA-QC,0.0,28.54,100.0,100.0,hydroquebec.com,false,""
2022-05-30T18:00:00.000000,Canada,Québec,CA-QC,0.0,28.3,100.0,100.0,hydroquebec.com,false,""
2022-05-30T19:00:00.000000,Canada,Québec,CA-QC,0.0,28.25,100.0,100.0,hydroquebec.com,false,""
2022-05-30T20:00:00.000000,Canada,Québec,CA-QC,0.0,28.34,100.0,100.0,hydroquebec.com,false,""
2022-05-30T21:00:00.000000,Canada,Québec,CA-QC,0.0,28.34,100.0,100.0,hydroquebec.com,false,""
2022-05-30T22:00:00.000000,Canada,Québec,CA-QC,0.0,28.39,100.0,100.0,hydroquebec.com,false,""
2022-05-30T23:00:00.000000,Canada,Québec,CA-QC,0.0,28.45,100.0,100.0,hydroquebec.com,false,""
2022-05-31T00:00:00.000000,Canada,Québec,CA-QC,0.0,28.51,100.0,100.0,hydroquebec.com,false,""
2022-05-31T01:00:00.000000,Canada,Québec,CA-QC,0.0,28.51,100.0,100.0,hydroquebec.com,false,""
2022-05-31T02:00:00.000000,Canada,Québec,CA-QC,0.0,28.61,100.0,100.0,hydroquebec.com,false,""
2022-05-31T03:00:00.000000,Canada,Québec,CA-QC,0.0,28.92,100.0,100.0,hydroquebec.com,false,""
2022-05-31T04:00:00.000000,Canada,Québec,CA-QC,0.0,29.29,100.0,100.0,hydroquebec.com,false,""
2022-05-31T05:00:00.000000,Canada,Québec,CA-QC,0.32,29.52,99.91,98.3,hydroquebec.com,false,""
2022-05-31T06:00:00.000000,Canada,Québec,CA-QC,0.46,29.6,99.88,96.69,hydroquebec.com,false,""
2022-05-31T07:00:00.000000,Canada,Québec,CA-QC,0.48,29.79,99.87,96.51,hydroquebec.com,false,""
2022-05-31T08:00:00.000000,Canada,Québec,CA-QC,0.5,29.78,99.87,96.37,hydroquebec.com,false,""
2022-05-31T09:00:00.000000,Canada,Québec,CA-QC,0.47,29.79,99.87,96.69,hydroquebec.com,false,""
2022-05-31T10:00:00.000000,Canada,Québec,CA-QC,0.17,29.62,99.95,98.77,hydroquebec.com,false,""
2022-05-31T11:00:00.000000,Canada,Québec,CA-QC,0.02,29.18,100.0,99.92,hydroquebec.com,false,""
2022-05-31T12:00:00.000000,Canada,Québec,CA-QC,0.0,28.81,100.0,100.0,hydroquebec.com,false,""
2022-05-31T13:00:00.000000,Canada,Québec,CA-QC,0.0,28.7,100.0,100.0,hydroquebec.com,false,""
2022-05-31T14:00:00.000000,Canada,Québec,CA-QC,0.0,28.66,100.0,100.0,hydroquebec.com,false,""
2022-05-31T15:00:00.000000,Canada,Québec,CA-QC,0.0,28.56,100.0,100.0,hydroquebec.com,false,""
2022-05-31T16:00:00.000000,Canada,Québec,CA-QC,0.0,28.52,100.0,100.0,hydroquebec.com,false,""
2022-05-31T17:00:00.000000,Canada,Québec,CA-QC,0.0,28.54,100.0,100.0,hydroquebec.com,false,""
2022-05-31T18:00:00.000000,Canada,Québec,CA-QC,0.0,28.57,100.0,100.0,hydroquebec.com,false,""
2022-05-31T19:00:00.000000,Canada,Québec,CA-QC,0.0,28.62,100.0,100.0,hydroquebec.com,false,""
2022-05-31T20:00:00.000000,Canada,Québec,CA-QC,0.0,28.59,100.0,100.0,hydroquebec.com,false,""
2022-05-31T21:00:00.000000,Canada,Québec,CA-QC,0.0,28.6,100.0,100.0,hydroquebec.com,false,""
2022-05-31T22:00:00.000000,Canada,Québec,CA-QC,0.0,28.57,100.0,100.0,hydroquebec.com,false,""
2022-05-31T23:00:00.000000,Canada,Québec,CA-QC,0.0,28.56,100.0,100.0,hydroquebec.com,false,""
2022-06-01T00:00:00.000000,Canada,Québec,CA-QC,0.0,28.71,100.0,100.0,hydroquebec.com,false,""
2022-06-01T01:00:00.000000,Canada,Québec,CA-QC,0.0,28.76,100.0,100.0,hydroquebec.com,false,""
2022-06-01T02:00:00.000000,Canada,Québec,CA-QC,0.0,28.84,100.0,100.0,hydroquebec.com,false,""
2022-06-01T03:00:00.000000,Canada,Québec,CA-QC,0.0,29.02,100.0,100.0,hydroquebec.com,false,""
2022-06-01T04:00:00.000000,Canada,Québec,CA-QC,0.0,29.14,100.0,100.0,hydroquebec.com,false,""
2022-06-01T05:00:00.000000,Canada,Québec,CA-QC,0.0,29.35,100.0,100.0,hydroquebec.com,false,""
2022-06-01T06:00:00.000000,Canada,Québec,CA-QC,0.13,29.62,99.97,99.25,hydroquebec.com,false,""
2022-06-01T07:00:00.000000,Canada,Québec,CA-QC,0.35,29.62,99.9,97.41,hydroquebec.com,false,""
2022-06-01T08:00:00.000000,Canada,Québec,CA-QC,0.47,29.61,99.87,96.6,hydroquebec.com,false,""
2022-06-01T09:00:00.000000,Canada,Québec,CA-QC,0.5,29.77,99.86,97.18,hydroquebec.com,false,""
2022-06-01T10:00:00.000000,Canada,Québec,CA-QC,0.11,29.75,99.97,99.56,hydroquebec.com,false,""
2022-06-01T11:00:00.000000,Canada,Québec,CA-QC,0.0,29.33,100.0,100.0,hydroquebec.com,false,""
2022-06-01T12:00:00.000000,Canada,Québec,CA-QC,0.0,29.0,100.0,100.0,hydroquebec.com,false,""
2022-06-01T13:00:00.000000,Canada,Québec,CA-QC,0.0,28.87,100.0,100.0,hydroquebec.com,false,""
2022-06-01T14:00:00.000000,Canada,Québec,CA-QC,0.0,28.82,100.0,100.0,hydroquebec.com,false,""
2022-06-01T15:00:00.000000,Canada,Québec,CA-QC,0.0,28.82,100.0,100.0,hydroquebec.com,false,""
2022-06-01T16:00:00.000000,Canada,Québec,CA-QC,0.0,29.12,100.0,100.0,hydroquebec.com,false,""
2022-06-01T17:00:00.000000,Canada,Québec,CA-QC,0.0,29.27,100.0,100.0,hydroquebec.com,false,""
2022-06-01T18:00:00.000000,Canada,Québec,CA-QC,0.0,29.17,100.0,100.0,hydroquebec.com,false,""
2022-06-01T19:00:00.000000,Canada,Québec,CA-QC,0.0,29.17,100.0,100.0,hydroquebec.com,false,""
2022-06-01T20:00:00.000000,Canada,Québec,CA-QC,0.0,29.16,100.0,100.0,hydroquebec.com,false,""
2022-06-01T21:00:00.000000,Canada,Québec,CA-QC,0.0,29.09,100.0,100.0,hydroquebec.com,false,""
2022-06-01T22:00:00.000000,Canada,Québec,CA-QC,0.0,29.08,100.0,100.0,hydroquebec.com,false,""
2022-06-01T23:00:00.000000,Canada,Québec,CA-QC,0.0,29.15,100.0,100.0,hydroquebec.com,false,""
2022-06-02T00:00:00.000000,Canada,Québec,CA-QC,0.0,29.22,100.0,100.0,hydroquebec.com,false,""
2022-06-02T01:00:00.000000,Canada,Québec,CA-QC,0.0,29.36,100.0,100.0,hydroquebec.com,false,""
2022-06-02T02:00:00.000000,Canada,Québec,CA-QC,0.0,29.67,100.0,100.0,hydroquebec.com,false,""
2022-06-02T03:00:00.000000,Canada,Québec,CA-QC,0.02,30.14,99.99,99.93,hydroquebec.com,false,""
2022-06-02T04:00:00.000000,Canada,Québec,CA-QC,0.22,30.5,99.94,98.88,hydroquebec.com,false,""
2022-06-02T05:00:00.000000,Canada,Québec,CA-QC,0.39,30.57,99.9,97.69,hydroquebec.com,false,""
2022-06-02T06:00:00.000000,Canada,Québec,CA-QC,0.53,30.42,99.86,96.14,hydroquebec.com,false,""
2022-06-02T07:00:00.000000,Canada,Québec,CA-QC,0.57,30.59,99.84,96.04,hydroquebec.com,false,""
2022-06-02T08:00:00.000000,Canada,Québec,CA-QC,0.58,30.71,99.84,96.07,hydroquebec.com,false,""
2022-06-02T09:00:00.000000,Canada,Québec,CA-QC,0.5,30.76,99.87,96.7,hydroquebec.com,false,""
2022-06-02T10:00:00.000000,Canada,Québec,CA-QC,0.53,30.75,99.86,97.77,hydroquebec.com,false,""
2022-06-02T11:00:00.000000,Canada,Québec,CA-QC,0.14,30.24,99.96,99.5,hydroquebec.com,false,""
2022-06-02T12:00:00.000000,Canada,Québec,CA-QC,0.0,29.88,100.0,100.0,hydroquebec.com,false,""
2022-06-02T13:00:00.000000,Canada,Québec,CA-QC,0.0,29.79,100.0,100.0,hydroquebec.com,false,""
2022-06-02T14:00:00.000000,Canada,Québec,CA-QC,0.0,29.76,100.0,100.0,hydroquebec.com,false,""
2022-06-02T15:00:00.000000,Canada,Québec,CA-QC,0.0,29.7,100.0,100.0,hydroquebec.com,false,""
2022-06-02T16:00:00.000000,Canada,Québec,CA-QC,0.0,29.6,100.0,100.0,hydroquebec.com,false,""
2022-06-02T17:00:00.000000,Canada,Québec,CA-QC,0.0,29.53,100.0,100.0,hydroquebec.com,false,""
2022-06-02T18:00:00.000000,Canada,Québec,CA-QC,0.0,29.53,100.0,100.0,hydroquebec.com,false,""
2022-06-02T19:00:00.000000,Canada,Québec,CA-QC,0.0,29.56,100.0,100.0,hydroquebec.com,false,""
2022-06-02T20:00:00.000000,Canada,Québec,CA-QC,0.0,29.55,100.0,100.0,hydroquebec.com,false,""
2022-06-02T21:00:00.000000,Canada,Québec,CA-QC,0.0,29.49,100.0,100.0,hydroquebec.com,false,""
2022-06-02T22:00:00.000000,Canada,Québec,CA-QC,0.0,29.45,100.0,100.0,hydroquebec.com,false,""
2022-06-02T23:00:00.000000,Canada,Québec,CA-QC,0.0,29.46,100.0,100.0,hydroquebec.com,false,""
2022-06-03T00:00:00.000000,Canada,Québec,CA-QC,0.0,29.46,100.0,100.0,hydroquebec.com,false,""
2022-06-03T01:00:00.000000,Canada,Québec,CA-QC,0.0,29.45,100.0,100.0,hydroquebec.com,false,""
2022-06-03T02:00:00.000000,Canada,Québec,CA-QC,0.01,29.59,100.0,99.97,hydroquebec.com,false,""
2022-06-03T03:00:00.000000,Canada,Québec,CA-QC,0.37,29.86,99.9,98.19,hydroquebec.com,false,""
2022-06-03T04:00:00.000000,Canada,Québec,CA-QC,0.39,29.95,99.89,97.25,hydroquebec.com,false,""
2022-06-03T05:00:00.000000,Canada,Québec,CA-QC,0.53,30.03,99.86,96.2,hydroquebec.com,false,""
2022-06-03T06:00:00.000000,Canada,Québec,CA-QC,0.56,30.15,99.85,95.92,hydroquebec.com,false,""
2022-06-03T07:00:00.000000,Canada,Québec,CA-QC,0.57,30.23,99.85,95.86,hydroquebec.com,false,""
2022-06-03T08:00:00.000000,Canada,Québec,CA-QC,0.57,30.2,99.85,95.83,hydroquebec.com,false,""
2022-06-03T09:00:00.000000,Canada,Québec,CA-QC,0.54,30.11,99.85,96.07,hydroquebec.com,false,""
2022-06-03T10:00:00.000000,Canada,Québec,CA-QC,0.29,29.91,99.92,97.88,hydroquebec.com,false,""
2022-06-03T11:00:00.000000,Canada,Québec,CA-QC,0.06,29.47,99.98,99.58,hydroquebec.com,false,""
2022-06-03T12:00:00.000000,Canada,Québec,CA-QC,0.0,29.16,100.0,100.0,hydroquebec.com,false,""
2022-06-03T13:00:00.000000,Canada,Québec,CA-QC,0.0,29.13,100.0,100.0,hydroquebec.com,false,""
2022-06-03T14:00:00.000000,Canada,Québec,CA-QC,0.0,29.1,100.0,100.0,hydroquebec.com,false,""
2022-06-03T15:00:00.000000,Canada,Québec,CA-QC,0.0,29.04,100.0,100.0,hydroquebec.com,false,""
2022-06-03T16:00:00.000000,Canada,Québec,CA-QC,0.0,28.98,100.0,100.0,hydroquebec.com,false,""
2022-06-03T17:00:00.000000,Canada,Québec,CA-QC,0.0,29.03,100.0,99.98,hydroquebec.com,false,""
2022-06-03T18:00:00.000000,Canada,Québec,CA-QC,0.33,29.32,99.91,98.73,hydroquebec.com,false,""
2022-06-03T19:00:00.000000,Canada,Québec,CA-QC,0.34,29.37,99.91,98.69,hydroquebec.com,false,""
2022-06-03T20:00:00.000000,Canada,Québec,CA-QC,0.3,29.36,99.92,98.82,hydroquebec.com,false,""
2022-06-03T21:00:00.000000,Canada,Québec,CA-QC,0.21,29.35,99.94,99.2,hydroquebec.com,false,""
2022-06-03T22:00:00.000000,Canada,Québec,CA-QC,0.0,29.28,100.0,100.0,hydroquebec.com,false,""
2022-06-03T23:00:00.000000,Canada,Québec,CA-QC,0.0,29.32,100.0,100.0,hydroquebec.com,false,""
2022-06-04T00:00:00.000000,Canada,Québec,CA-QC,0.14,29.37,99.96,99.46,hydroquebec.com,false,""
2022-06-04T01:00:00.000000,Canada,Québec,CA-QC,0.41,29.48,99.89,98.4,hydroquebec.com,false,""
2022-06-04T02:00:00.000000,Canada,Québec,CA-QC,0.41,29.44,99.89,97.82,hydroquebec.com,false,""
2022-06-04T03:00:00.000000,Canada,Québec,CA-QC,0.41,29.57,99.89,96.97,hydroquebec.com,false,""
2022-06-04T04:00:00.000000,Canada,Québec,CA-QC,0.45,30.03,99.88,96.72,hydroquebec.com,false,""
2022-06-04T05:00:00.000000,Canada,Québec,CA-QC,0.38,30.19,99.9,96.5,hydroquebec.com,false,""
2022-06-04T06:00:00.000000,Canada,Québec,CA-QC,0.29,30.27,99.92,96.31,hydroquebec.com,false,""
2022-06-04T07:00:00.000000,Canada,Québec,CA-QC,0.15,30.45,99.96,96.95,hydroquebec.com,false,""
2022-06-04T08:00:00.000000,Canada,Québec,CA-QC,0.22,30.36,99.94,95.77,hydroquebec.com,false,""
2022-06-04T09:00:00.000000,Canada,Québec,CA-QC,0.19,30.51,99.95,96.34,hydroquebec.com,false,""
2022-06-04T10:00:00.000000,Canada,Québec,CA-QC,0.19,30.39,99.95,96.31,hydroquebec.com,false,""
2022-06-04T11:00:00.000000,Canada,Québec,CA-QC,0.17,30.28,99.95,96.69,hydroquebec.com,false,""
2022-06-04T12:00:00.000000,Canada,Québec,CA-QC,0.12,30.19,99.97,97.7,hydroquebec.com,false,""
2022-06-04T13:00:00.000000,Canada,Québec,CA-QC,0.13,29.85,99.96,97.31,hydroquebec.com,false,""
2022-06-04T14:00:00.000000,Canada,Québec,CA-QC,0.12,29.78,99.97,97.56,hydroquebec.com,false,""
2022-06-04T15:00:00.000000,Canada,Québec,CA-QC,0.15,29.51,99.96,96.93,hydroquebec.com,false,""
2022-06-04T16:00:00.000000,Canada,Québec,CA-QC,0.15,29.44,99.96,97.01,hydroquebec.com,false,""
2022-06-04T17:00:00.000000,Canada,Québec,CA-QC,0.15,29.52,99.96,97.12,hydroquebec.com,false,""
2022-06-04T18:00:00.000000,Canada,Québec,CA-QC,0.28,29.74,99.93,97.02,hydroquebec.com,false,""
2022-06-04T19:00:00.000000,Canada,Québec,CA-QC,0.41,29.93,99.89,96.92,hydroquebec.com,false,""
2022-06-04T20:00:00.000000,Canada,Québec,CA-QC,0.55,30.04,99.85,96.92,hydroquebec.com,false,""
2022-06-04T21:00:00.000000,Canada,Québec,CA-QC,0.48,29.9,99.87,97.27,hydroquebec.com,false,""
2022-06-04T22:00:00.000000,Canada,Québec,CA-QC,0.23,29.7,99.94,98.7,hydroquebec.com,false,""
2022-06-04T23:00:00.000000,Canada,Québec,CA-QC,0.17,29.6,99.96,99.07,hydroquebec.com,false,""
2022-06-05T00:00:00.000000,Canada,Québec,CA-QC,0.16,29.71,99.96,99.08,hydroquebec.com,false,""
2022-06-05T01:00:00.000000,Canada,Québec,CA-QC,0.14,29.72,99.96,99.2,hydroquebec.com,false,""
2022-06-05T02:00:00.000000,Canada,Québec,CA-QC,0.37,29.74,99.9,97.62,hydroquebec.com,false,""
2022-06-05T03:00:00.000000,Canada,Québec,CA-QC,0.49,29.9,99.87,96.48,hydroquebec.com,false,""
2022-06-05T04:00:00.000000,Canada,Québec,CA-QC,0.35,29.79,99.91,96.15,hydroquebec.com,false,""
2022-06-05T05:00:00.000000,Canada,Québec,CA-QC,0.31,29.79,99.92,95.74,hydroquebec.com,false,""
2022-06-05T06:00:00.000000,Canada,Québec,CA-QC,0.24,29.92,99.94,95.57,hydroquebec.com,false,""
2022-06-05T07:00:00.000000,Canada,Québec,CA-QC,0.22,30.12,99.94,95.91,hydroquebec.com,false,""
2022-06-05T08:00:00.000000,Canada,Québec,CA-QC,0.21,30.08,99.94,96.13,hydroquebec.com,false,""
2022-06-05T09:00:00.000000,Canada,Québec,CA-QC,0.23,29.92,99.94,96.01,hydroquebec.com,false,""
2022-06-05T10:00:00.000000,Canada,Québec,CA-QC,0.23,29.79,99.94,95.93,hydroquebec.com,false,""
2022-06-05T11:00:00.000000,Canada,Québec,CA-QC,0.21,29.75,99.94,96.23,hydroquebec.com,false,""
2022-06-05T12:00:00.000000,Canada,Québec,CA-QC,0.17,29.73,99.95,96.98,hydroquebec.com,false,""
2022-06-05T13:00:00.000000,Canada,Québec,CA-QC,0.2,29.44,99.95,96.52,hydroquebec.com,false,""
2022-06-05T14:00:00.000000,Canada,Québec,CA-QC,0.18,29.32,99.95,96.76,hydroquebec.com,false,""
2022-06-05T15:00:00.000000,Canada,Québec,CA-QC,0.16,29.31,99.96,96.94,hydroquebec.com,false,""
2022-06-05T16:00:00.000000,Canada,Québec,CA-QC,0.16,29.32,99.96,96.93,hydroquebec.com,false,""
2022-06-05T17:00:00.000000,Canada,Québec,CA-QC,0.24,29.55,99.93,97.23,hydroquebec.com,false,""
2022-06-05T18:00:00.000000,Canada,Québec,CA-QC,0.37,29.96,99.9,97.67,hydroquebec.com,false,""
2022-06-05T19:00:00.000000,Canada,Québec,CA-QC,0.39,30.2,99.9,98.44,hydroquebec.com,false,""
2022-06-05T20:00:00.000000,Canada,Québec,CA-QC,0.32,30.12,99.91,98.7,hydroquebec.com,false,""
2022-06-05T21:00:00.000000,Canada,Québec,CA-QC,0.03,29.87,99.99,99.81,hydroquebec.com,false,""
2022-06-05T22:00:00.000000,Canada,Québec,CA-QC,0.11,29.74,99.97,99.37,hydroquebec.com,false,""
2022-06-05T23:00:00.000000,Canada,Québec,CA-QC,0.16,29.81,99.96,99.09,hydroquebec.com,false,""
2022-06-06T00:00:00.000000,Canada,Québec,CA-QC,0.01,29.93,100.0,99.96,hydroquebec.com,false,""
2022-06-06T01:00:00.000000,Canada,Québec,CA-QC,0.28,29.95,99.92,98.42,hydroquebec.com,false,""
2022-06-06T02:00:00.000000,Canada,Québec,CA-QC,0.31,30.02,99.92,97.58,hydroquebec.com,false,""
2022-06-06T03:00:00.000000,Canada,Québec,CA-QC,0.17,30.03,99.96,96.9,hydroquebec.com,false,""
2022-06-06T04:00:00.000000,Canada,Québec,CA-QC,0.17,30.21,99.95,96.56,hydroquebec.com,false,""
2022-06-06T05:00:00.000000,Canada,Québec,CA-QC,0.19,30.38,99.95,96.16,hydroquebec.com,false,""
2022-06-06T06:00:00.000000,Canada,Québec,CA-QC,0.2,30.59,99.95,95.92,hydroquebec.com,false,""
2022-06-06T07:00:00.000000,Canada,Québec,CA-QC,0.19,30.76,99.95,96.15,hydroquebec.com,false,""
2022-06-06T08:00:00.000000,Canada,Québec,CA-QC,0.21,30.73,99.94,95.76,hydroquebec.com,false,""
2022-06-06T09:00:00.000000,Canada,Québec,CA-QC,0.22,30.58,99.94,95.65,hydroquebec.com,false,""
2022-06-06T10:00:00.000000,Canada,Québec,CA-QC,0.2,30.27,99.95,96.09,hydroquebec.com,false,""
2022-06-06T11:00:00.000000,Canada,Québec,CA-QC,0.21,30.1,99.94,97.62,hydroquebec.com,false,""
2022-06-06T12:00:00.000000,Canada,Québec,CA-QC,0.22,29.86,99.94,98.28,hydroquebec.com,false,""
2022-06-06T13:00:00.000000,Canada,Québec,CA-QC,0.21,29.86,99.94,98.81,hydroquebec.com,false,""
2022-06-06T14:00:00.000000,Canada,Québec,CA-QC,0.34,29.79,99.91,98.08,hydroquebec.com,false,""
2022-06-06T15:00:00.000000,Canada,Québec,CA-QC,0.22,29.82,99.94,98.72,hydroquebec.com,false,""
2022-06-06T16:00:00.000000,Canada,Québec,CA-QC,0.1,29.8,99.97,99.42,hydroquebec.com,false,""
2022-06-06T17:00:00.000000,Canada,Québec,CA-QC,0.04,29.79,99.99,99.77,hydroquebec.com,false,""
2022-06-06T18:00:00.000000,Canada,Québec,CA-QC,0.04,29.81,99.99,99.79,hydroquebec.com,false,""
2022-06-06T19:00:00.000000,Canada,Québec,CA-QC,0.0,29.89,100.0,100.0,hydroquebec.com,false,""
2022-06-06T20:00:00.000000,Canada,Québec,CA-QC,0.0,29.88,100.0,100.0,hydroquebec.com,false,""
2022-06-06T21:00:00.000000,Canada,Québec,CA-QC,0.0,29.77,100.0,100.0,hydroquebec.com,false,""
2022-06-06T22:00:00.000000,Canada,Québec,CA-QC,0.0,29.67,100.0,100.0,hydroquebec.com,false,""
2022-06-06T23:00:00.000000,Canada,Québec,CA-QC,0.0,29.61,100.0,100.0,hydroquebec.com,false,""
2022-06-07T00:00:00.000000,Canada,Québec,CA-QC,0.0,29.6,100.0,100.0,hydroquebec.com,false,""
2022-06-07T01:00:00.000000,Canada,Québec,CA-QC,0.0,29.7,100.0,100.0,hydroquebec.com,false,""
2022-06-07T02:00:00.000000,Canada,Québec,CA-QC,0.04,29.86,99.99,99.33,hydroquebec.com,false,""
2022-06-07T03:00:00.000000,Canada,Québec,CA-QC,0.12,29.91,99.97,97.73,hydroquebec.com,false,""
2022-06-07T04:00:00.000000,Canada,Québec,CA-QC,0.15,30.12,99.96,97.03,hydroquebec.com,false,""
2022-06-07T05:00:00.000000,Canada,Québec,CA-QC,0.19,30.2,99.95,96.32,hydroquebec.com,false,""
2022-06-07T06:00:00.000000,Canada,Québec,CA-QC,0.2,30.38,99.95,96.08,hydroquebec.com,false,""
2022-06-07T07:00:00.000000,Canada,Québec,CA-QC,0.22,30.47,99.94,95.96,hydroquebec.com,false,""
2022-06-07T08:00:00.000000,Canada,Québec,CA-QC,0.25,30.5,99.93,95.9,hydroquebec.com,false,""
2022-06-07T09:00:00.000000,Canada,Québec,CA-QC,0.24,30.37,99.94,96.16,hydroquebec.com,false,""
2022-06-07T10:00:00.000000,Canada,Québec,CA-QC,0.21,30.33,99.94,97.53,hydroquebec.com,false,""
2022-06-07T11:00:00.000000,Canada,Québec,CA-QC,0.1,30.03,99.97,99.12,hydroquebec.com,false,""
2022-06-07T12:00:00.000000,Canada,Québec,CA-QC,0.06,29.68,99.98,99.58,hydroquebec.com,false,""
2022-06-07T13:00:00.000000,Canada,Québec,CA-QC,0.0,29.52,100.0,100.0,hydroquebec.com,false,""
2022-06-07T14:00:00.000000,Canada,Québec,CA-QC,0.04,29.43,99.99,99.75,hydroquebec.com,false,""
2022-06-07T15:00:00.000000,Canada,Québec,CA-QC,0.03,29.4,99.99,99.86,hydroquebec.com,false,""
2022-06-07T16:00:00.000000,Canada,Québec,CA-QC,0.0,29.46,100.0,100.0,hydroquebec.com,false,""
2022-06-07T17:00:00.000000,Canada,Québec,CA-QC,0.0,29.5,100.0,100.0,hydroquebec.com,false,""
2022-06-07T18:00:00.000000,Canada,Québec,CA-QC,0.0,29.42,100.0,100.0,hydroquebec.com,false,""
2022-06-07T19:00:00.000000,Canada,Québec,CA-QC,0.0,29.36,100.0,100.0,hydroquebec.com,false,""
2022-06-07T20:00:00.000000,Canada,Québec,CA-QC,0.0,29.24,100.0,100.0,hydroquebec.com,false,""
2022-06-07T21:00:00.000000,Canada,Québec,CA-QC,0.0,29.06,100.0,100.0,hydroquebec.com,false,""
2022-06-07T22:00:00.000000,Canada,Québec,CA-QC,0.0,28.99,100.0,100.0,hydroquebec.com,false,""
2022-06-07T23:00:00.000000,Canada,Québec,CA-QC,0.0,29.02,100.0,100.0,hydroquebec.com,false,""
2022-06-08T00:00:00.000000,Canada,Québec,CA-QC,0.0,28.99,100.0,100.0,hydroquebec.com,false,""
2022-06-08T01:00:00.000000,Canada,Québec,CA-QC,0.0,28.98,100.0,100.0,hydroquebec.com,false,""
2022-06-08T02:00:00.000000,Canada,Québec,CA-QC,0.0,29.06,100.0,100.0,hydroquebec.com,false,""
2022-06-08T03:00:00.000000,Canada,Québec,CA-QC,0.0,29.28,100.0,100.0,hydroquebec.com,false,""
2022-06-08T04:00:00.000000,Canada,Québec,CA-QC,0.08,29.25,99.98,98.55,hydroquebec.com,false,""
2022-06-08T05:00:00.000000,Canada,Québec,CA-QC,0.2,29.03,99.95,96.44,hydroquebec.com,false,""
2022-06-08T06:00:00.000000,Canada,Québec,CA-QC,0.23,29.16,99.94,96.24,hydroquebec.com,false,""
2022-06-08T07:00:00.000000,Canada,Québec,CA-QC,0.24,29.23,99.94,96.14,hydroquebec.com,false,""
2022-06-08T08:00:00.000000,Canada,Québec,CA-QC,0.34,29.48,99.91,96.07,hydroquebec.com,false,""
2022-06-08T09:00:00.000000,Canada,Québec,CA-QC,0.43,29.74,99.89,96.39,hydroquebec.com,false,""
2022-06-08T10:00:00.000000,Canada,Québec,CA-QC,0.21,29.69,99.94,98.58,hydroquebec.com,false,""
2022-06-08T11:00:00.000000,Canada,Québec,CA-QC,0.04,29.36,99.99,99.74,hydroquebec.com,false,""
2022-06-08T12:00:00.000000,Canada,Québec,CA-QC,0.01,29.23,100.0,99.93,hydroquebec.com,false,""
2022-06-08T13:00:00.000000,Canada,Québec,CA-QC,0.09,29.2,99.98,99.5,hydroquebec.com,false,""
2022-06-08T14:00:00.000000,Canada,Québec,CA-QC,0.0,29.37,100.0,99.99,hydroquebec.com,false,""
2022-06-08T15:00:00.000000,Canada,Québec,CA-QC,0.0,29.45,100.0,100.0,hydroquebec.com,false,""
2022-06-08T16:00:00.000000,Canada,Québec,CA-QC,0.0,29.26,100.0,100.0,hydroquebec.com,false,""
2022-06-08T17:00:00.000000,Canada,Québec,CA-QC,0.0,29.11,100.0,100.0,hydroquebec.com,false,""
2022-06-08T18:00:00.000000,Canada,Québec,CA-QC,0.0,28.96,100.0,100.0,hydroquebec.com,false,""
2022-06-08T19:00:00.000000,Canada,Québec,CA-QC,0.0,28.97,100.0,100.0,hydroquebec.com,false,""
2022-06-08T20:00:00.000000,Canada,Québec,CA-QC,0.0,28.89,100.0,100.0,hydroquebec.com,false,""
2022-06-08T21:00:00.000000,Canada,Québec,CA-QC,0.0,28.7,100.0,100.0,hydroquebec.com,false,""
2022-06-08T22:00:00.000000,Canada,Québec,CA-QC,0.0,28.71,100.0,100.0,hydroquebec.com,false,""
2022-06-08T23:00:00.000000,Canada,Québec,CA-QC,0.0,28.71,100.0,100.0,hydroquebec.com,false,""
2022-06-09T00:00:00.000000,Canada,Québec,CA-QC,0.0,28.78,100.0,100.0,hydroquebec.com,false,""
2022-06-09T01:00:00.000000,Canada,Québec,CA-QC,0.0,28.92,100.0,100.0,hydroquebec.com,false,""
2022-06-09T02:00:00.000000,Canada,Québec,CA-QC,0.0,29.27,100.0,100.0,hydroquebec.com,false,""
2022-06-09T03:00:00.000000,Canada,Québec,CA-QC,0.0,29.79,100.0,100.0,hydroquebec.com,false,""
2022-06-09T04:00:00.000000,Canada,Québec,CA-QC,0.06,30.13,99.98,99.09,hydroquebec.com,false,""
2022-06-09T05:00:00.000000,Canada,Québec,CA-QC,0.14,30.26,99.96,97.57,hydroquebec.com,false,""
2022-06-09T06:00:00.000000,Canada,Québec,CA-QC,0.2,30.25,99.95,96.31,hydroquebec.com,false,""
2022-06-09T07:00:00.000000,Canada,Québec,CA-QC,0.2,30.39,99.95,96.2,hydroquebec.com,false,""
2022-06-09T08:00:00.000000,Canada,Québec,CA-QC,0.2,30.44,99.95,96.16,hydroquebec.com,false,""
2022-06-09T09:00:00.000000,Canada,Québec,CA-QC,0.16,30.54,99.96,97.11,hydroquebec.com,false,""
2022-06-09T10:00:00.000000,Canada,Québec,CA-QC,0.05,30.55,99.99,99.08,hydroquebec.com,false,""
2022-06-09T11:00:00.000000,Canada,Québec,CA-QC,0.0,30.16,100.0,100.0,hydroquebec.com,false,""
2022-06-09T12:00:00.000000,Canada,Québec,CA-QC,0.0,29.72,100.0,100.0,hydroquebec.com,false,""
2022-06-09T13:00:00.000000,Canada,Québec,CA-QC,0.0,29.57,100.0,100.0,hydroquebec.com,false,""
2022-06-09T14:00:00.000000,Canada,Québec,CA-QC,0.0,29.49,100.0,100.0,hydroquebec.com,false,""
2022-06-09T15:00:00.000000,Canada,Québec,CA-QC,0.0,29.4,100.0,100.0,hydroquebec.com,false,""
2022-06-09T16:00:00.000000,Canada,Québec,CA-QC,0.0,29.48,100.0,100.0,hydroquebec.com,false,""
2022-06-09T17:00:00.000000,Canada,Québec,CA-QC,0.0,29.65,100.0,100.0,hydroquebec.com,false,""
2022-06-09T18:00:00.000000,Canada,Québec,CA-QC,0.0,29.71,100.0,100.0,hydroquebec.com,false,""
2022-06-09T19:00:00.000000,Canada,Québec,CA-QC,0.0,29.74,100.0,100.0,hydroquebec.com,false,""
2022-06-09T20:00:00.000000,Canada,Québec,CA-QC,0.0,29.81,100.0,100.0,hydroquebec.com,false,""
2022-06-09T21:00:00.000000,Canada,Québec,CA-QC,0.0,29.68,100.0,100.0,hydroquebec.com,false,""
2022-06-09T22:00:00.000000,Canada,Québec,CA-QC,0.0,29.54,100.0,100.0,hydroquebec.com,false,""
2022-06-09T23:00:00.000000,Canada,Québec,CA-QC,0.0,29.62,100.0,100.0,hydroquebec.com,false,""
2022-06-10T00:00:00.000000,Canada,Québec,CA-QC,0.05,29.69,99.99,99.8,hydroquebec.com,false,""
2022-06-10T01:00:00.000000,Canada,Québec,CA-QC,0.02,29.72,99.99,99.91,hydroquebec.com,false,""
2022-06-10T02:00:00.000000,Canada,Québec,CA-QC,0.12,29.82,99.97,99.51,hydroquebec.com,false,""
2022-06-10T03:00:00.000000,Canada,Québec,CA-QC,0.0,29.94,100.0,100.0,hydroquebec.com,false,""
2022-06-10T04:00:00.000000,Canada,Québec,CA-QC,0.05,29.98,99.99,99.09,hydroquebec.com,false,""
2022-06-10T05:00:00.000000,Canada,Québec,CA-QC,0.11,30.02,99.97,97.9,hydroquebec.com,false,""
2022-06-10T06:00:00.000000,Canada,Québec,CA-QC,0.19,29.97,99.95,96.12,hydroquebec.com,false,""
2022-06-10T07:00:00.000000,Canada,Québec,CA-QC,0.21,30.09,99.94,95.88,hydroquebec.com,false,""
2022-06-10T08:00:00.000000,Canada,Québec,CA-QC,0.21,30.05,99.94,95.87,hydroquebec.com,false,""
2022-06-10T09:00:00.000000,Canada,Québec,CA-QC,0.19,30.03,99.95,96.14,hydroquebec.com,false,""
2022-06-10T10:00:00.000000,Canada,Québec,CA-QC,0.12,30.21,99.97,98.6,hydroquebec.com,false,""
2022-06-10T11:00:00.000000,Canada,Québec,CA-QC,0.23,29.64,99.94,98.27,hydroquebec.com,false,""
2022-06-10T12:00:00.000000,Canada,Québec,CA-QC,0.18,29.38,99.95,99.03,hydroquebec.com,false,""
2022-06-10T13:00:00.000000,Canada,Québec,CA-QC,0.17,29.23,99.95,99.1,hydroquebec.com,false,""
2022-06-10T14:00:00.000000,Canada,Québec,CA-QC,0.08,29.17,99.98,99.57,hydroquebec.com,false,""
2022-06-10T15:00:00.000000,Canada,Québec,CA-QC,0.0,28.99,100.0,100.0,hydroquebec.com,false,""
2022-06-10T16:00:00.000000,Canada,Québec,CA-QC,0.03,28.99,99.99,99.87,hydroquebec.com,false,""
2022-06-10T17:00:00.000000,Canada,Québec,CA-QC,0.0,28.97,100.0,100.0,hydroquebec.com,false,""
2022-06-10T18:00:00.000000,Canada,Québec,CA-QC,0.0,28.9,100.0,100.0,hydroquebec.com,false,""
2022-06-10T19:00:00.000000,Canada,Québec,CA-QC,0.0,29.05,100.0,100.0,hydroquebec.com,false,""
2022-06-10T20:00:00.000000,Canada,Québec,CA-QC,0.0,29.0,100.0,100.0,hydroquebec.com,false,""
2022-06-10T21:00:00.000000,Canada,Québec,CA-QC,0.0,28.77,100.0,100.0,hydroquebec.com,false,""
2022-06-10T22:00:00.000000,Canada,Québec,CA-QC,0.0,28.75,100.0,100.0,hydroquebec.com,false,""
2022-06-10T23:00:00.000000,Canada,Québec,CA-QC,0.0,28.81,100.0,100.0,hydroquebec.com,false,""
2022-06-11T00:00:00.000000,Canada,Québec,CA-QC,0.0,28.81,100.0,100.0,hydroquebec.com,false,""
2022-06-11T01:00:00.000000,Canada,Québec,CA-QC,0.0,28.96,100.0,100.0,hydroquebec.com,false,""
2022-06-11T02:00:00.000000,Canada,Québec,CA-QC,0.02,29.1,100.0,99.86,hydroquebec.com,false,""
2022-06-11T03:00:00.000000,Canada,Québec,CA-QC,0.12,29.35,99.97,99.13,hydroquebec.com,false,""
2022-06-11T04:00:00.000000,Canada,Québec,CA-QC,0.12,29.6,99.97,98.6,hydroquebec.com,false,""
2022-06-11T05:00:00.000000,Canada,Québec,CA-QC,0.13,29.57,99.96,98.03,hydroquebec.com,false,""
2022-06-11T06:00:00.000000,Canada,Québec,CA-QC,0.16,29.68,99.96,96.84,hydroquebec.com,false,""
2022-06-11T07:00:00.000000,Canada,Québec,CA-QC,0.16,30.05,99.96,96.75,hydroquebec.com,false,""
2022-06-11T08:00:00.000000,Canada,Québec,CA-QC,0.17,29.94,99.96,96.67,hydroquebec.com,false,""
2022-06-11T09:00:00.000000,Canada,Québec,CA-QC,0.22,29.57,99.94,95.61,hydroquebec.com,false,""
2022-06-11T10:00:00.000000,Canada,Québec,CA-QC,0.21,29.6,99.94,95.74,hydroquebec.com,false,""
2022-06-11T11:00:00.000000,Canada,Québec,CA-QC,0.18,29.51,99.95,96.42,hydroquebec.com,false,""
2022-06-11T12:00:00.000000,Canada,Québec,CA-QC,0.18,29.36,99.95,96.44,hydroquebec.com,false,""
2022-06-11T13:00:00.000000,Canada,Québec,CA-QC,0.16,29.25,99.96,96.73,hydroquebec.com,false,""
2022-06-11T14:00:00.000000,Canada,Québec,CA-QC,0.05,29.38,99.99,98.91,hydroquebec.com,false,""
2022-06-11T15:00:00.000000,Canada,Québec,CA-QC,0.05,29.21,99.99,99.01,hydroquebec.com,false,""
2022-06-11T16:00:00.000000,Canada,Québec,CA-QC,0.07,29.09,99.98,98.65,hydroquebec.com,false,""
2022-06-11T17:00:00.000000,Canada,Québec,CA-QC,0.07,29.12,99.98,98.66,hydroquebec.com,false,""
2022-06-11T18:00:00.000000,Canada,Québec,CA-QC,0.09,29.35,99.98,98.9,hydroquebec.com,false,""
2022-06-11T19:00:00.000000,Canada,Québec,CA-QC,0.1,29.54,99.97,99.09,hydroquebec.com,false,""
2022-06-11T20:00:00.000000,Canada,Québec,CA-QC,0.07,29.64,99.98,99.46,hydroquebec.com,false,""
2022-06-11T21:00:00.000000,Canada,Québec,CA-QC,0.01,29.62,100.0,99.91,hydroquebec.com,false,""
2022-06-11T22:00:00.000000,Canada,Québec,CA-QC,0.0,29.68,100.0,99.99,hydroquebec.com,false,""
2022-06-11T23:00:00.000000,Canada,Québec,CA-QC,0.08,29.91,99.98,99.38,hydroquebec.com,false,""
2022-06-12T00:00:00.000000,Canada,Québec,CA-QC,0.2,30.0,99.95,98.51,hydroquebec.com,false,""
2022-06-12T01:00:00.000000,Canada,Québec,CA-QC,0.28,29.95,99.92,97.9,hydroquebec.com,false,""
2022-06-12T02:00:00.000000,Canada,Québec,CA-QC,0.31,30.01,99.92,97.66,hydroquebec.com,false,""
2022-06-12T03:00:00.000000,Canada,Québec,CA-QC,0.26,29.98,99.93,96.88,hydroquebec.com,false,""
2022-06-12T04:00:00.000000,Canada,Québec,CA-QC,0.17,30.15,99.95,96.61,hydroquebec.com,false,""
2022-06-12T05:00:00.000000,Canada,Québec,CA-QC,0.18,30.46,99.95,96.36,hydroquebec.com,false,""
2022-06-12T06:00:00.000000,Canada,Québec,CA-QC,0.2,30.61,99.95,95.9,hydroquebec.com,false,""
2022-06-12T07:00:00.000000,Canada,Québec,CA-QC,0.21,30.69,99.94,95.71,hydroquebec.com,false,""
2022-06-12T08:00:00.000000,Canada,Québec,CA-QC,0.2,30.82,99.94,95.86,hydroquebec.com,false,""
2022-06-12T09:00:00.000000,Canada,Québec,CA-QC,0.16,31.12,99.96,96.74,hydroquebec.com,false,""
2022-06-12T10:00:00.000000,Canada,Québec,CA-QC,0.18,31.06,99.95,96.49,hydroquebec.com,false,""
2022-06-12T11:00:00.000000,Canada,Québec,CA-QC,0.13,31.05,99.97,97.51,hydroquebec.com,false,""
2022-06-12T12:00:00.000000,Canada,Québec,CA-QC,0.12,30.75,99.97,97.7,hydroquebec.com,false,""
2022-06-12T13:00:00.000000,Canada,Québec,CA-QC,0.11,30.46,99.97,97.87,hydroquebec.com,false,""
2022-06-12T14:00:00.000000,Canada,Québec,CA-QC,0.1,30.21,99.97,98.01,hydroquebec.com,false,""
2022-06-12T15:00:00.000000,Canada,Québec,CA-QC,0.07,30.15,99.98,98.57,hydroquebec.com,false,""
2022-06-12T16:00:00.000000,Canada,Québec,CA-QC,0.04,30.11,99.99,99.25,hydroquebec.com,false,""
2022-06-12T17:00:00.000000,Canada,Québec,CA-QC,0.02,30.12,100.0,99.67,hydroquebec.com,false,""
2022-06-12T18:00:00.000000,Canada,Québec,CA-QC,0.0,30.21,100.0,100.0,hydroquebec.com,false,""
2022-06-12T19:00:00.000000,Canada,Québec,CA-QC,0.0,30.16,100.0,100.0,hydroquebec.com,false,""
2022-06-12T20:00:00.000000,Canada,Québec,CA-QC,0.0,30.0,100.0,100.0,hydroquebec.com,false,""
2022-06-12T21:00:00.000000,Canada,Québec,CA-QC,0.0,29.76,100.0,100.0,hydroquebec.com,false,""
2022-06-12T22:00:00.000000,Canada,Québec,CA-QC,0.0,29.62,100.0,100.0,hydroquebec.com,false,""
2022-06-12T23:00:00.000000,Canada,Québec,CA-QC,0.0,29.53,100.0,100.0,hydroquebec.com,false,""
2022-06-13T00:00:00.000000,Canada,Québec,CA-QC,0.0,29.52,100.0,100.0,hydroquebec.com,false,""
2022-06-13T01:00:00.000000,Canada,Québec,CA-QC,0.0,29.62,100.0,100.0,hydroquebec.com,false,""
2022-06-13T02:00:00.000000,Canada,Québec,CA-QC,0.0,29.76,100.0,100.0,hydroquebec.com,false,""
2022-06-13T03:00:00.000000,Canada,Québec,CA-QC,0.12,29.81,99.97,98.55,hydroquebec.com,false,""
2022-06-13T04:00:00.000000,Canada,Québec,CA-QC,0.08,30.09,99.98,98.41,hydroquebec.com,false,""
2022-06-13T05:00:00.000000,Canada,Québec,CA-QC,0.08,30.19,99.98,98.27,hydroquebec.com,false,""
2022-06-13T06:00:00.000000,Canada,Québec,CA-QC,0.09,30.24,99.98,98.14,hydroquebec.com,false,""
2022-06-13T07:00:00.000000,Canada,Québec,CA-QC,0.09,30.46,99.98,98.3,hydroquebec.com,false,""
2022-06-13T08:00:00.000000,Canada,Québec,CA-QC,0.14,30.5,99.96,98.09,hydroquebec.com,false,""
2022-06-13T09:00:00.000000,Canada,Québec,CA-QC,0.17,30.42,99.95,98.14,hydroquebec.com,false,""
2022-06-13T10:00:00.000000,Canada,Québec,CA-QC,0.26,30.36,99.93,98.29,hydroquebec.com,false,""
2022-06-13T11:00:00.000000,Canada,Québec,CA-QC,0.1,30.13,99.97,99.63,hydroquebec.com,false,""
2022-06-13T12:00:00.000000,Canada,Québec,CA-QC,0.0,29.77,100.0,100.0,hydroquebec.com,false,""
2022-06-13T13:00:00.000000,Canada,Québec,CA-QC,0.0,29.68,100.0,100.0,hydroquebec.com,false,""
2022-06-13T14:00:00.000000,Canada,Québec,CA-QC,0.0,29.65,100.0,100.0,hydroquebec.com,false,""
2022-06-13T15:00:00.000000,Canada,Québec,CA-QC,0.0,29.54,100.0,100.0,hydroquebec.com,false,""
2022-06-13T16:00:00.000000,Canada,Québec,CA-QC,0.0,29.46,100.0,100.0,hydroquebec.com,false,""
2022-06-13T17:00:00.000000,Canada,Québec,CA-QC,0.0,29.35,100.0,100.0,hydroquebec.com,false,""
2022-06-13T18:00:00.000000,Canada,Québec,CA-QC,0.0,29.31,100.0,100.0,hydroquebec.com,false,""
2022-06-13T19:00:00.000000,Canada,Québec,CA-QC,0.0,29.29,100.0,100.0,hydroquebec.com,false,""
2022-06-13T20:00:00.000000,Canada,Québec,CA-QC,0.0,29.14,100.0,100.0,hydroquebec.com,false,""
2022-06-13T21:00:00.000000,Canada,Québec,CA-QC,0.0,29.12,100.0,100.0,hydroquebec.com,false,""
2022-06-13T22:00:00.000000,Canada,Québec,CA-QC,0.0,29.15,100.0,100.0,hydroquebec.com,false,""
2022-06-13T23:00:00.000000,Canada,Québec,CA-QC,0.0,29.16,100.0,100.0,hydroquebec.com,false,""
2022-06-14T00:00:00.000000,Canada,Québec,CA-QC,0.0,29.27,100.0,100.0,hydroquebec.com,false,""
2022-06-14T01:00:00.000000,Canada,Québec,CA-QC,0.0,29.36,100.0,100.0,hydroquebec.com,false,""
2022-06-14T02:00:00.000000,Canada,Québec,CA-QC,0.0,29.57,100.0,100.0,hydroquebec.com,false,""
2022-06-14T03:00:00.000000,Canada,Québec,CA-QC,0.0,29.95,100.0,100.0,hydroquebec.com,false,""
2022-06-14T04:00:00.000000,Canada,Québec,CA-QC,0.07,30.33,99.98,99.41,hydroquebec.com,false,""
2022-06-14T05:00:00.000000,Canada,Québec,CA-QC,0.23,30.37,99.94,97.32,hydroquebec.com,false,""
2022-06-14T06:00:00.000000,Canada,Québec,CA-QC,0.17,30.47,99.95,96.78,hydroquebec.com,false,""
2022-06-14T07:00:00.000000,Canada,Québec,CA-QC,0.18,30.54,99.95,96.42,hydroquebec.com,false,""
2022-06-14T08:00:00.000000,Canada,Québec,CA-QC,0.2,30.71,99.94,96.4,hydroquebec.com,false,""
2022-06-14T09:00:00.000000,Canada,Québec,CA-QC,0.16,31.12,99.96,97.27,hydroquebec.com,false,""
2022-06-14T10:00:00.000000,Canada,Québec,CA-QC,0.09,31.31,99.98,99.11,hydroquebec.com,false,""
2022-06-14T11:00:00.000000,Canada,Québec,CA-QC,0.0,30.81,100.0,100.0,hydroquebec.com,false,""
2022-06-14T12:00:00.000000,Canada,Québec,CA-QC,0.0,30.39,100.0,100.0,hydroquebec.com,false,""
2022-06-14T13:00:00.000000,Canada,Québec,CA-QC,0.0,30.24,100.0,100.0,hydroquebec.com,false,""
2022-06-14T14:00:00.000000,Canada,Québec,CA-QC,0.0,30.13,100.0,100.0,hydroquebec.com,false,""
2022-06-14T15:00:00.000000,Canada,Québec,CA-QC,0.0,30.01,100.0,100.0,hydroquebec.com,false,""
2022-06-14T16:00:00.000000,Canada,Québec,CA-QC,0.0,30.02,100.0,100.0,hydroquebec.com,false,""
2022-06-14T17:00:00.000000,Canada,Québec,CA-QC,0.0,30.06,100.0,100.0,hydroquebec.com,false,""
2022-06-14T18:00:00.000000,Canada,Québec,CA-QC,0.0,30.08,100.0,100.0,hydroquebec.com,false,""
2022-06-14T19:00:00.000000,Canada,Québec,CA-QC,0.0,30.07,100.0,100.0,hydroquebec.com,false,""
2022-06-14T20:00:00.000000,Canada,Québec,CA-QC,0.0,29.9,100.0,100.0,hydroquebec.com,false,""
2022-06-14T21:00:00.000000,Canada,Québec,CA-QC,0.0,29.78,100.0,100.0,hydroquebec.com,false,""
2022-06-14T22:00:00.000000,Canada,Québec,CA-QC,0.0,29.75,100.0,100.0,hydroquebec.com,false,""
2022-06-14T23:00:00.000000,Canada,Québec,CA-QC,0.0,29.76,100.0,100.0,hydroquebec.com,false,""
2022-06-15T00:00:00.000000,Canada,Québec,CA-QC,0.0,29.81,100.0,100.0,hydroquebec.com,false,""
2022-06-15T01:00:00.000000,Canada,Québec,CA-QC,0.0,29.85,100.0,100.0,hydroquebec.com,false,""
2022-06-15T02:00:00.000000,Canada,Québec,CA-QC,0.0,29.94,100.0,100.0,hydroquebec.com,false,""
2022-06-15T03:00:00.000000,Canada,Québec,CA-QC,0.0,30.27,100.0,100.0,hydroquebec.com,false,""
2022-06-15T04:00:00.000000,Canada,Québec,CA-QC,0.0,30.73,100.0,100.0,hydroquebec.com,false,""
2022-06-15T05:00:00.000000,Canada,Québec,CA-QC,0.07,31.06,99.98,99.43,hydroquebec.com,false,""
2022-06-15T06:00:00.000000,Canada,Québec,CA-QC,0.19,30.88,99.95,97.37,hydroquebec.com,false,""
2022-06-15T07:00:00.000000,Canada,Québec,CA-QC,0.2,30.84,99.95,96.49,hydroquebec.com,false,""
2022-06-15T08:00:00.000000,Canada,Québec,CA-QC,0.24,30.96,99.93,96.25,hydroquebec.com,false,""
2022-06-15T09:00:00.000000,Canada,Québec,CA-QC,0.23,31.19,99.94,97.14,hydroquebec.com,false,""
2022-06-15T10:00:00.000000,Canada,Québec,CA-QC,0.36,31.33,99.9,98.24,hydroquebec.com,false,""
2022-06-15T11:00:00.000000,Canada,Québec,CA-QC,0.18,30.93,99.95,99.41,hydroquebec.com,false,""
2022-06-15T12:00:00.000000,Canada,Québec,CA-QC,0.0,30.6,100.0,100.0,hydroquebec.com,false,""
2022-06-15T13:00:00.000000,Canada,Québec,CA-QC,0.0,30.49,100.0,100.0,hydroquebec.com,false,""
2022-06-15T14:00:00.000000,Canada,Québec,CA-QC,0.0,30.28,100.0,100.0,hydroquebec.com,false,""
2022-06-15T15:00:00.000000,Canada,Québec,CA-QC,0.0,30.15,100.0,100.0,hydroquebec.com,false,""
2022-06-15T16:00:00.000000,Canada,Québec,CA-QC,0.0,30.14,100.0,100.0,hydroquebec.com,false,""
2022-06-15T17:00:00.000000,Canada,Québec,CA-QC,0.0,30.21,100.0,100.0,hydroquebec.com,false,""
2022-06-15T18:00:00.000000,Canada,Québec,CA-QC,0.0,30.26,100.0,100.0,hydroquebec.com,false,""
2022-06-15T19:00:00.000000,Canada,Québec,CA-QC,0.0,30.05,100.0,100.0,hydroquebec.com,false,""
2022-06-15T20:00:00.000000,Canada,Québec,CA-QC,0.0,30.01,100.0,100.0,hydroquebec.com,false,""
2022-06-15T21:00:00.000000,Canada,Québec,CA-QC,0.0,29.93,100.0,100.0,hydroquebec.com,false,""
2022-06-15T22:00:00.000000,Canada,Québec,CA-QC,0.0,29.72,100.0,100.0,hydroquebec.com,false,""
2022-06-15T23:00:00.000000,Canada,Québec,CA-QC,0.0,29.7,100.0,100.0,hydroquebec.com,false,""
2022-06-16T00:00:00.000000,Canada,Québec,CA-QC,0.0,29.75,100.0,100.0,hydroquebec.com,false,""
2022-06-16T01:00:00.000000,Canada,Québec,CA-QC,0.0,29.73,100.0,100.0,hydroquebec.com,false,""
2022-06-16T02:00:00.000000,Canada,Québec,CA-QC,0.0,29.86,100.0,100.0,hydroquebec.com,false,""
2022-06-16T03:00:00.000000,Canada,Québec,CA-QC,0.0,30.26,100.0,100.0,hydroquebec.com,false,""
2022-06-16T04:00:00.000000,Canada,Québec,CA-QC,0.0,30.56,100.0,100.0,hydroquebec.com,false,""
2022-06-16T05:00:00.000000,Canada,Québec,CA-QC,0.35,30.82,99.9,98.76,hydroquebec.com,false,""
2022-06-16T06:00:00.000000,Canada,Québec,CA-QC,0.36,30.39,99.9,96.95,hydroquebec.com,false,""
2022-06-16T07:00:00.000000,Canada,Québec,CA-QC,0.22,30.01,99.94,96.39,hydroquebec.com,false,""
2022-06-16T08:00:00.000000,Canada,Québec,CA-QC,0.23,29.89,99.94,96.36,hydroquebec.com,false,""
2022-06-16T09:00:00.000000,Canada,Québec,CA-QC,0.25,29.91,99.93,96.85,hydroquebec.com,false,""
2022-06-16T10:00:00.000000,Canada,Québec,CA-QC,0.16,30.08,99.96,98.67,hydroquebec.com,false,""
2022-06-16T11:00:00.000000,Canada,Québec,CA-QC,0.01,29.86,100.0,99.97,hydroquebec.com,false,""
2022-06-16T12:00:00.000000,Canada,Québec,CA-QC,0.0,29.56,100.0,100.0,hydroquebec.com,false,""
2022-06-16T13:00:00.000000,Canada,Québec,CA-QC,0.0,29.4,100.0,100.0,hydroquebec.com,false,""
2022-06-16T14:00:00.000000,Canada,Québec,CA-QC,0.0,29.22,100.0,100.0,hydroquebec.com,false,""
2022-06-16T15:00:00.000000,Canada,Québec,CA-QC,0.0,29.04,100.0,100.0,hydroquebec.com,false,""
2022-06-16T16:00:00.000000,Canada,Québec,CA-QC,0.0,28.98,100.0,100.0,hydroquebec.com,false,""
2022-06-16T17:00:00.000000,Canada,Québec,CA-QC,0.0,28.72,100.0,100.0,hydroquebec.com,false,""
2022-06-16T18:00:00.000000,Canada,Québec,CA-QC,0.0,28.47,100.0,100.0,hydroquebec.com,false,""
2022-06-16T19:00:00.000000,Canada,Québec,CA-QC,0.0,28.53,100.0,100.0,hydroquebec.com,false,""
2022-06-16T20:00:00.000000,Canada,Québec,CA-QC,0.0,28.52,100.0,100.0,hydroquebec.com,false,""
2022-06-16T21:00:00.000000,Canada,Québec,CA-QC,0.0,28.46,100.0,100.0,hydroquebec.com,false,""
2022-06-16T22:00:00.000000,Canada,Québec,CA-QC,0.0,28.45,100.0,100.0,hydroquebec.com,false,""
2022-06-16T23:00:00.000000,Canada,Québec,CA-QC,0.0,28.28,100.0,100.0,hydroquebec.com,false,""
2022-06-17T00:00:00.000000,Canada,Québec,CA-QC,0.0,28.27,100.0,100.0,hydroquebec.com,false,""
2022-06-17T01:00:00.000000,Canada,Québec,CA-QC,0.0,28.4,100.0,100.0,hydroquebec.com,false,""
2022-06-17T02:00:00.000000,Canada,Québec,CA-QC,0.0,28.56,100.0,100.0,hydroquebec.com,false,""
2022-06-17T03:00:00.000000,Canada,Québec,CA-QC,0.0,28.85,100.0,100.0,hydroquebec.com,false,""
2022-06-17T04:00:00.000000,Canada,Québec,CA-QC,0.0,29.24,100.0,100.0,hydroquebec.com,false,""
2022-06-17T05:00:00.000000,Canada,Québec,CA-QC,0.11,29.6,99.97,99.44,hydroquebec.com,false,""
2022-06-17T06:00:00.000000,Canada,Québec,CA-QC,0.13,29.37,99.96,97.84,hydroquebec.com,false,""
2022-06-17T07:00:00.000000,Canada,Québec,CA-QC,0.2,29.32,99.95,96.72,hydroquebec.com,false,""
2022-06-17T08:00:00.000000,Canada,Québec,CA-QC,0.21,29.18,99.94,96.45,hydroquebec.com,false,""
2022-06-17T09:00:00.000000,Canada,Québec,CA-QC,0.21,28.99,99.94,96.62,hydroquebec.com,false,""
2022-06-17T10:00:00.000000,Canada,Québec,CA-QC,0.17,29.19,99.96,98.41,hydroquebec.com,false,""
2022-06-17T11:00:00.000000,Canada,Québec,CA-QC,0.04,28.97,99.99,99.75,hydroquebec.com,false,""
2022-06-17T12:00:00.000000,Canada,Québec,CA-QC,0.12,28.76,99.97,99.46,hydroquebec.com,false,""
2022-06-17T13:00:00.000000,Canada,Québec,CA-QC,0.0,28.7,100.0,100.0,hydroquebec.com,false,""
2022-06-17T14:00:00.000000,Canada,Québec,CA-QC,0.0,28.61,100.0,100.0,hydroquebec.com,false,""
2022-06-17T15:00:00.000000,Canada,Québec,CA-QC,0.0,28.67,100.0,100.0,hydroquebec.com,false,""
2022-06-17T16:00:00.000000,Canada,Québec,CA-QC,0.0,28.78,100.0,100.0,hydroquebec.com,false,""
2022-06-17T17:00:00.000000,Canada,Québec,CA-QC,0.0,28.88,100.0,100.0,hydroquebec.com,false,""
2022-06-17T18:00:00.000000,Canada,Québec,CA-QC,0.01,29.14,100.0,99.96,hydroquebec.com,false,""
2022-06-17T19:00:00.000000,Canada,Québec,CA-QC,0.12,29.25,99.97,99.47,hydroquebec.com,false,""
2022-06-17T20:00:00.000000,Canada,Québec,CA-QC,0.01,29.26,100.0,99.95,hydroquebec.com,false,""
2022-06-17T21:00:00.000000,Canada,Québec,CA-QC,0.04,29.31,99.99,99.87,hydroquebec.com,false,""
2022-06-17T22:00:00.000000,Canada,Québec,CA-QC,0.11,29.37,99.97,99.6,hydroquebec.com,false,""
2022-06-17T23:00:00.000000,Canada,Québec,CA-QC,0.09,29.46,99.97,99.67,hydroquebec.com,false,""
2022-06-18T00:00:00.000000,Canada,Québec,CA-QC,0.08,29.6,99.98,99.7,hydroquebec.com,false,""
2022-06-18T01:00:00.000000,Canada,Québec,CA-QC,0.23,29.74,99.94,98.94,hydroquebec.com,false,""
2022-06-18T02:00:00.000000,Canada,Québec,CA-QC,0.36,29.88,99.9,97.68,hydroquebec.com,false,""
2022-06-18T03:00:00.000000,Canada,Québec,CA-QC,0.29,30.05,99.92,97.02,hydroquebec.com,false,""
2022-06-18T04:00:00.000000,Canada,Québec,CA-QC,0.18,30.23,99.95,96.64,hydroquebec.com,false,""
2022-06-18T05:00:00.000000,Canada,Québec,CA-QC,0.19,30.45,99.95,96.34,hydroquebec.com,false,""
2022-06-18T06:00:00.000000,Canada,Québec,CA-QC,0.2,30.48,99.95,96.16,hydroquebec.com,false,""
2022-06-18T07:00:00.000000,Canada,Québec,CA-QC,0.22,30.49,99.94,95.79,hydroquebec.com,false,""
2022-06-18T08:00:00.000000,Canada,Québec,CA-QC,0.21,30.6,99.94,95.98,hydroquebec.com,false,""
2022-06-18T09:00:00.000000,Canada,Québec,CA-QC,0.22,30.48,99.94,95.72,hydroquebec.com,false,""
2022-06-18T10:00:00.000000,Canada,Québec,CA-QC,0.22,30.38,99.94,95.85,hydroquebec.com,false,""
2022-06-18T11:00:00.000000,Canada,Québec,CA-QC,0.21,30.1,99.94,96.04,hydroquebec.com,false,""
2022-06-18T12:00:00.000000,Canada,Québec,CA-QC,0.19,29.8,99.95,96.39,hydroquebec.com,false,""
2022-06-18T13:00:00.000000,Canada,Québec,CA-QC,0.16,29.6,99.96,96.8,hydroquebec.com,false,""
2022-06-18T14:00:00.000000,Canada,Québec,CA-QC,0.16,29.47,99.96,96.98,hydroquebec.com,false,""
2022-06-18T15:00:00.000000,Canada,Québec,CA-QC,0.15,29.32,99.96,97.01,hydroquebec.com,false,""
2022-06-18T16:00:00.000000,Canada,Québec,CA-QC,0.15,29.32,99.96,97.11,hydroquebec.com,false,""
2022-06-18T17:00:00.000000,Canada,Québec,CA-QC,0.15,29.38,99.96,97.08,hydroquebec.com,false,""
2022-06-18T18:00:00.000000,Canada,Québec,CA-QC,0.15,29.35,99.96,97.04,hydroquebec.com,false,""
2022-06-18T19:00:00.000000,Canada,Québec,CA-QC,0.16,29.29,99.96,96.95,hydroquebec.com,false,""
2022-06-18T20:00:00.000000,Canada,Québec,CA-QC,0.16,29.27,99.96,96.92,hydroquebec.com,false,""
2022-06-18T21:00:00.000000,Canada,Québec,CA-QC,0.15,29.14,99.96,97.04,hydroquebec.com,false,""
2022-06-18T22:00:00.000000,Canada,Québec,CA-QC,0.14,29.02,99.96,97.3,hydroquebec.com,false,""
2022-06-18T23:00:00.000000,Canada,Québec,CA-QC,0.14,29.18,99.96,97.34,hydroquebec.com,false,""
2022-06-19T00:00:00.000000,Canada,Québec,CA-QC,0.14,29.38,99.96,97.28,hydroquebec.com,false,""
2022-06-19T01:00:00.000000,Canada,Québec,CA-QC,0.14,29.46,99.96,97.26,hydroquebec.com,false,""
2022-06-19T02:00:00.000000,Canada,Québec,CA-QC,0.12,29.84,99.97,97.73,hydroquebec.com,false,""
2022-06-19T03:00:00.000000,Canada,Québec,CA-QC,0.15,30.15,99.96,97.17,hydroquebec.com,false,""
2022-06-19T04:00:00.000000,Canada,Québec,CA-QC,0.18,30.4,99.95,96.59,hydroquebec.com,false,""
2022-06-19T05:00:00.000000,Canada,Québec,CA-QC,0.21,30.53,99.94,96.05,hydroquebec.com,false,""
2022-06-19T06:00:00.000000,Canada,Québec,CA-QC,0.16,30.77,99.96,96.95,hydroquebec.com,false,""
2022-06-19T07:00:00.000000,Canada,Québec,CA-QC,0.16,30.65,99.96,96.83,hydroquebec.com,false,""
2022-06-19T08:00:00.000000,Canada,Québec,CA-QC,0.17,30.67,99.96,96.88,hydroquebec.com,false,""
2022-06-19T09:00:00.000000,Canada,Québec,CA-QC,0.16,30.78,99.96,97.02,hydroquebec.com,false,""
2022-06-19T10:00:00.000000,Canada,Québec,CA-QC,0.01,31.31,100.0,99.88,hydroquebec.com,false,""
2022-06-19T11:00:00.000000,Canada,Québec,CA-QC,0.15,30.5,99.96,97.28,hydroquebec.com,false,""
2022-06-19T12:00:00.000000,Canada,Québec,CA-QC,0.17,30.28,99.95,96.83,hydroquebec.com,false,""
2022-06-19T13:00:00.000000,Canada,Québec,CA-QC,0.14,30.11,99.96,97.22,hydroquebec.com,false,""
2022-06-19T14:00:00.000000,Canada,Québec,CA-QC,0.13,29.95,99.97,97.43,hydroquebec.com,false,""
2022-06-19T15:00:00.000000,Canada,Québec,CA-QC,0.14,29.86,99.96,97.24,hydroquebec.com,false,""
2022-06-19T16:00:00.000000,Canada,Québec,CA-QC,0.24,30.02,99.94,97.07,hydroquebec.com,false,""
2022-06-19T17:00:00.000000,Canada,Québec,CA-QC,0.3,30.02,99.92,96.65,hydroquebec.com,false,""
2022-06-19T18:00:00.000000,Canada,Québec,CA-QC,0.33,30.21,99.91,96.93,hydroquebec.com,false,""
2022-06-19T19:00:00.000000,Canada,Québec,CA-QC,0.46,30.43,99.88,96.49,hydroquebec.com,false,""
2022-06-19T20:00:00.000000,Canada,Québec,CA-QC,0.19,30.41,99.95,98.59,hydroquebec.com,false,""
2022-06-19T21:00:00.000000,Canada,Québec,CA-QC,0.0,30.2,100.0,99.98,hydroquebec.com,false,""
2022-06-19T22:00:00.000000,Canada,Québec,CA-QC,0.0,30.02,100.0,100.0,hydroquebec.com,false,""
2022-06-19T23:00:00.000000,Canada,Québec,CA-QC,0.0,29.93,100.0,100.0,hydroquebec.com,false,""
2022-06-20T00:00:00.000000,Canada,Québec,CA-QC,0.0,30.05,100.0,99.99,hydroquebec.com,false,""
2022-06-20T01:00:00.000000,Canada,Québec,CA-QC,0.0,30.16,100.0,100.0,hydroquebec.com,false,""
2022-06-20T02:00:00.000000,Canada,Québec,CA-QC,0.0,30.39,100.0,99.97,hydroquebec.com,false,""
2022-06-20T03:00:00.000000,Canada,Québec,CA-QC,0.06,30.72,99.98,99.3,hydroquebec.com,false,""
2022-06-20T04:00:00.000000,Canada,Québec,CA-QC,0.11,30.89,99.97,98.16,hydroquebec.com,false,""
2022-06-20T05:00:00.000000,Canada,Québec,CA-QC,0.19,31.03,99.95,96.94,hydroquebec.com,false,""
2022-06-20T06:00:00.000000,Canada,Québec,CA-QC,0.2,31.26,99.95,96.77,hydroquebec.com,false,""
2022-06-20T07:00:00.000000,Canada,Québec,CA-QC,0.22,31.3,99.94,96.37,hydroquebec.com,false,""
2022-06-20T08:00:00.000000,Canada,Québec,CA-QC,0.2,31.4,99.95,96.71,hydroquebec.com,false,""
2022-06-20T09:00:00.000000,Canada,Québec,CA-QC,0.12,31.5,99.97,98.08,hydroquebec.com,false,""
2022-06-20T10:00:00.000000,Canada,Québec,CA-QC,0.01,31.32,100.0,99.95,hydroquebec.com,false,""
2022-06-20T11:00:00.000000,Canada,Québec,CA-QC,0.0,30.7,100.0,99.99,hydroquebec.com,false,""
2022-06-20T12:00:00.000000,Canada,Québec,CA-QC,0.0,30.3,100.0,100.0,hydroquebec.com,false,""
2022-06-20T13:00:00.000000,Canada,Québec,CA-QC,0.0,30.02,100.0,100.0,hydroquebec.com,false,""
2022-06-20T14:00:00.000000,Canada,Québec,CA-QC,0.0,29.95,100.0,100.0,hydroquebec.com,false,""
2022-06-20T15:00:00.000000,Canada,Québec,CA-QC,0.0,29.96,100.0,100.0,hydroquebec.com,false,""
2022-06-20T16:00:00.000000,Canada,Québec,CA-QC,0.0,29.93,100.0,100.0,hydroquebec.com,false,""
2022-06-20T17:00:00.000000,Canada,Québec,CA-QC,0.0,29.88,100.0,100.0,hydroquebec.com,false,""
2022-06-20T18:00:00.000000,Canada,Québec,CA-QC,0.0,29.92,100.0,100.0,hydroquebec.com,false,""
2022-06-20T19:00:00.000000,Canada,Québec,CA-QC,0.0,30.02,100.0,100.0,hydroquebec.com,false,""
2022-06-20T20:00:00.000000,Canada,Québec,CA-QC,0.0,30.0,100.0,100.0,hydroquebec.com,false,""
2022-06-20T21:00:00.000000,Canada,Québec,CA-QC,0.0,29.89,100.0,100.0,hydroquebec.com,false,""
2022-06-20T22:00:00.000000,Canada,Québec,CA-QC,0.0,29.87,100.0,100.0,hydroquebec.com,false,""
2022-06-20T23:00:00.000000,Canada,Québec,CA-QC,0.0,29.98,100.0,100.0,hydroquebec.com,false,""
2022-06-21T00:00:00.000000,Canada,Québec,CA-QC,0.0,30.12,100.0,100.0,hydroquebec.com,false,""
2022-06-21T01:00:00.000000,Canada,Québec,CA-QC,0.0,30.18,100.0,100.0,hydroquebec.com,false,""
2022-06-21T02:00:00.000000,Canada,Québec,CA-QC,0.0,30.29,100.0,100.0,hydroquebec.com,false,""
2022-06-21T03:00:00.000000,Canada,Québec,CA-QC,0.0,30.66,100.0,100.0,hydroquebec.com,false,""
2022-06-21T04:00:00.000000,Canada,Québec,CA-QC,0.04,31.13,99.99,99.56,hydroquebec.com,false,""
2022-06-21T05:00:00.000000,Canada,Québec,CA-QC,0.18,31.23,99.95,97.67,hydroquebec.com,false,""
2022-06-21T06:00:00.000000,Canada,Québec,CA-QC,0.24,31.23,99.94,96.13,hydroquebec.com,false,""
2022-06-21T07:00:00.000000,Canada,Québec,CA-QC,0.25,31.43,99.93,96.09,hydroquebec.com,false,""
2022-06-21T08:00:00.000000,Canada,Québec,CA-QC,0.29,31.53,99.92,96.09,hydroquebec.com,false,""
2022-06-21T09:00:00.000000,Canada,Québec,CA-QC,0.15,31.75,99.96,97.9,hydroquebec.com,false,""
2022-06-21T10:00:00.000000,Canada,Québec,CA-QC,0.0,31.55,100.0,99.99,hydroquebec.com,false,""
2022-06-21T11:00:00.000000,Canada,Québec,CA-QC,0.0,30.85,100.0,100.0,hydroquebec.com,false,""
2022-06-21T12:00:00.000000,Canada,Québec,CA-QC,0.02,30.58,100.0,99.92,hydroquebec.com,false,""
2022-06-21T13:00:00.000000,Canada,Québec,CA-QC,0.0,30.53,100.0,100.0,hydroquebec.com,false,""
2022-06-21T14:00:00.000000,Canada,Québec,CA-QC,0.0,30.37,100.0,100.0,hydroquebec.com,false,""
2022-06-21T15:00:00.000000,Canada,Québec,CA-QC,0.0,30.23,100.0,100.0,hydroquebec.com,false,""
2022-06-21T16:00:00.000000,Canada,Québec,CA-QC,0.0,30.19,100.0,100.0,hydroquebec.com,false,""
2022-06-21T17:00:00.000000,Canada,Québec,CA-QC,0.0,30.01,100.0,100.0,hydroquebec.com,false,""
2022-06-21T18:00:00.000000,Canada,Québec,CA-QC,0.0,29.9,100.0,100.0,hydroquebec.com,false,""
2022-06-21T19:00:00.000000,Canada,Québec,CA-QC,0.0,30.02,100.0,100.0,hydroquebec.com,false,""
2022-06-21T20:00:00.000000,Canada,Québec,CA-QC,0.0,29.95,100.0,100.0,hydroquebec.com,false,""
2022-06-21T21:00:00.000000,Canada,Québec,CA-QC,0.0,29.77,100.0,100.0,hydroquebec.com,false,""
2022-06-21T22:00:00.000000,Canada,Québec,CA-QC,0.0,29.62,100.0,100.0,hydroquebec.com,false,""
2022-06-21T23:00:00.000000,Canada,Québec,CA-QC,0.0,29.53,100.0,100.0,hydroquebec.com,false,""
2022-06-22T00:00:00.000000,Canada,Québec,CA-QC,0.0,29.5,100.0,100.0,hydroquebec.com,false,""
2022-06-22T01:00:00.000000,Canada,Québec,CA-QC,0.0,29.42,100.0,100.0,hydroquebec.com,false,""
2022-06-22T02:00:00.000000,Canada,Québec,CA-QC,0.0,29.4,100.0,100.0,hydroquebec.com,false,""
2022-06-22T03:00:00.000000,Canada,Québec,CA-QC,0.0,29.55,100.0,100.0,hydroquebec.com,false,""
2022-06-22T04:00:00.000000,Canada,Québec,CA-QC,0.0,29.79,100.0,100.0,hydroquebec.com,false,""
2022-06-22T05:00:00.000000,Canada,Québec,CA-QC,0.0,30.04,100.0,100.0,hydroquebec.com,false,""
2022-06-22T06:00:00.000000,Canada,Québec,CA-QC,0.0,30.31,100.0,100.0,hydroquebec.com,false,""
2022-06-22T07:00:00.000000,Canada,Québec,CA-QC,0.07,30.29,99.98,98.93,hydroquebec.com,false,""
2022-06-22T08:00:00.000000,Canada,Québec,CA-QC,0.07,30.45,99.98,99.16,hydroquebec.com,false,""
2022-06-22T09:00:00.000000,Canada,Québec,CA-QC,0.0,30.39,100.0,100.0,hydroquebec.com,false,""
2022-06-22T10:00:00.000000,Canada,Québec,CA-QC,0.0,29.89,100.0,100.0,hydroquebec.com,false,""
2022-06-22T11:00:00.000000,Canada,Québec,CA-QC,0.0,29.42,100.0,100.0,hydroquebec.com,false,""
2022-06-22T12:00:00.000000,Canada,Québec,CA-QC,0.0,29.25,100.0,100.0,hydroquebec.com,false,""
2022-06-22T13:00:00.000000,Canada,Québec,CA-QC,0.19,29.4,99.95,99.95,hydroquebec.com,false,""
2022-06-22T14:00:00.000000,Canada,Québec,CA-QC,0.19,29.27,99.95,99.95,hydroquebec.com,false,""
2022-06-22T15:00:00.000000,Canada,Québec,CA-QC,0.0,28.93,100.0,100.0,hydroquebec.com,false,""
2022-06-22T16:00:00.000000,Canada,Québec,CA-QC,0.0,28.83,100.0,100.0,hydroquebec.com,false,""
2022-06-22T17:00:00.000000,Canada,Québec,CA-QC,0.0,28.78,100.0,100.0,hydroquebec.com,false,""
2022-06-22T18:00:00.000000,Canada,Québec,CA-QC,0.0,28.79,100.0,100.0,hydroquebec.com,false,""
2022-06-22T19:00:00.000000,Canada,Québec,CA-QC,0.0,28.75,100.0,100.0,hydroquebec.com,false,""
2022-06-22T20:00:00.000000,Canada,Québec,CA-QC,0.0,28.69,100.0,100.0,hydroquebec.com,false,""
2022-06-22T21:00:00.000000,Canada,Québec,CA-QC,0.0,28.63,100.0,100.0,hydroquebec.com,false,""
2022-06-22T22:00:00.000000,Canada,Québec,CA-QC,0.0,28.56,100.0,100.0,hydroquebec.com,false,""
2022-06-22T23:00:00.000000,Canada,Québec,CA-QC,0.0,28.55,100.0,100.0,hydroquebec.com,false,""
2022-06-23T00:00:00.000000,Canada,Québec,CA-QC,0.0,28.54,100.0,100.0,hydroquebec.com,false,""
2022-06-23T01:00:00.000000,Canada,Québec,CA-QC,0.0,28.66,100.0,100.0,hydroquebec.com,false,""
2022-06-23T02:00:00.000000,Canada,Québec,CA-QC,0.0,28.75,100.0,100.0,hydroquebec.com,false,""
2022-06-23T03:00:00.000000,Canada,Québec,CA-QC,0.0,28.88,100.0,100.0,hydroquebec.com,false,""
2022-06-23T04:00:00.000000,Canada,Québec,CA-QC,0.0,29.16,100.0,100.0,hydroquebec.com,false,""
2022-06-23T05:00:00.000000,Canada,Québec,CA-QC,0.0,29.4,100.0,100.0,hydroquebec.com,false,""
2022-06-23T06:00:00.000000,Canada,Québec,CA-QC,0.0,29.72,100.0,100.0,hydroquebec.com,false,""
2022-06-23T07:00:00.000000,Canada,Québec,CA-QC,0.0,29.98,100.0,99.98,hydroquebec.com,false,""
2022-06-23T08:00:00.000000,Canada,Québec,CA-QC,0.04,29.98,99.99,99.4,hydroquebec.com,false,""
2022-06-23T09:00:00.000000,Canada,Québec,CA-QC,0.0,30.01,100.0,100.0,hydroquebec.com,false,""
2022-06-23T10:00:00.000000,Canada,Québec,CA-QC,0.0,29.58,100.0,100.0,hydroquebec.com,false,""
2022-06-23T11:00:00.000000,Canada,Québec,CA-QC,0.0,29.16,100.0,100.0,hydroquebec.com,false,""
2022-06-23T12:00:00.000000,Canada,Québec,CA-QC,0.0,29.01,100.0,100.0,hydroquebec.com,false,""
2022-06-23T13:00:00.000000,Canada,Québec,CA-QC,0.0,29.17,100.0,100.0,hydroquebec.com,false,""
2022-06-23T14:00:00.000000,Canada,Québec,CA-QC,0.0,29.27,100.0,100.0,hydroquebec.com,false,""
2022-06-23T15:00:00.000000,Canada,Québec,CA-QC,0.0,29.13,100.0,100.0,hydroquebec.com,false,""
2022-06-23T16:00:00.000000,Canada,Québec,CA-QC,0.0,29.23,100.0,100.0,hydroquebec.com,false,""
2022-06-23T17:00:00.000000,Canada,Québec,CA-QC,0.0,29.46,100.0,100.0,hydroquebec.com,false,""
2022-06-23T18:00:00.000000,Canada,Québec,CA-QC,0.0,29.53,100.0,100.0,hydroquebec.com,false,""
2022-06-23T19:00:00.000000,Canada,Québec,CA-QC,0.0,29.65,100.0,100.0,hydroquebec.com,false,""
2022-06-23T20:00:00.000000,Canada,Québec,CA-QC,0.0,29.71,100.0,100.0,hydroquebec.com,false,""
2022-06-23T21:00:00.000000,Canada,Québec,CA-QC,0.0,29.68,100.0,100.0,hydroquebec.com,false,""
2022-06-23T22:00:00.000000,Canada,Québec,CA-QC,0.0,29.65,100.0,100.0,hydroquebec.com,false,""
2022-06-23T23:00:00.000000,Canada,Québec,CA-QC,0.0,29.67,100.0,100.0,hydroquebec.com,false,""
2022-06-24T00:00:00.000000,Canada,Québec,CA-QC,0.0,29.78,100.0,100.0,hydroquebec.com,false,""
2022-06-24T01:00:00.000000,Canada,Québec,CA-QC,0.0,29.82,100.0,100.0,hydroquebec.com,false,""
2022-06-24T02:00:00.000000,Canada,Québec,CA-QC,0.0,29.82,100.0,100.0,hydroquebec.com,false,""
2022-06-24T03:00:00.000000,Canada,Québec,CA-QC,0.0,29.96,100.0,100.0,hydroquebec.com,false,""
2022-06-24T04:00:00.000000,Canada,Québec,CA-QC,0.0,30.15,100.0,100.0,hydroquebec.com,false,""
2022-06-24T05:00:00.000000,Canada,Québec,CA-QC,0.0,30.44,100.0,100.0,hydroquebec.com,false,""
2022-06-24T06:00:00.000000,Canada,Québec,CA-QC,0.0,30.86,100.0,100.0,hydroquebec.com,false,""
2022-06-24T07:00:00.000000,Canada,Québec,CA-QC,0.0,31.29,100.0,100.0,hydroquebec.com,false,""
2022-06-24T08:00:00.000000,Canada,Québec,CA-QC,0.0,31.54,100.0,100.0,hydroquebec.com,false,""
2022-06-24T09:00:00.000000,Canada,Québec,CA-QC,0.0,31.46,100.0,100.0,hydroquebec.com,false,""
2022-06-24T10:00:00.000000,Canada,Québec,CA-QC,0.0,31.11,100.0,100.0,hydroquebec.com,false,""
2022-06-24T11:00:00.000000,Canada,Québec,CA-QC,0.0,30.71,100.0,100.0,hydroquebec.com,false,""
2022-06-24T12:00:00.000000,Canada,Québec,CA-QC,0.0,30.4,100.0,100.0,hydroquebec.com,false,""
2022-06-24T13:00:00.000000,Canada,Québec,CA-QC,0.0,30.2,100.0,100.0,hydroquebec.com,false,""
2022-06-24T14:00:00.000000,Canada,Québec,CA-QC,0.0,30.02,100.0,100.0,hydroquebec.com,false,""
2022-06-24T15:00:00.000000,Canada,Québec,CA-QC,0.0,29.87,100.0,100.0,hydroquebec.com,false,""
2022-06-24T16:00:00.000000,Canada,Québec,CA-QC,0.0,29.69,100.0,100.0,hydroquebec.com,false,""
2022-06-24T17:00:00.000000,Canada,Québec,CA-QC,0.0,29.56,100.0,100.0,hydroquebec.com,false,""
2022-06-24T18:00:00.000000,Canada,Québec,CA-QC,0.0,29.62,100.0,100.0,hydroquebec.com,false,""
2022-06-24T19:00:00.000000,Canada,Québec,CA-QC,0.0,29.63,100.0,100.0,hydroquebec.com,false,""
2022-06-24T20:00:00.000000,Canada,Québec,CA-QC,0.0,29.59,100.0,100.0,hydroquebec.com,false,""
2022-06-24T21:00:00.000000,Canada,Québec,CA-QC,0.0,29.53,100.0,100.0,hydroquebec.com,false,""
2022-06-24T22:00:00.000000,Canada,Québec,CA-QC,0.0,29.48,100.0,100.0,hydroquebec.com,false,""
2022-06-24T23:00:00.000000,Canada,Québec,CA-QC,0.0,29.49,100.0,100.0,hydroquebec.com,false,""
2022-06-25T00:00:00.000000,Canada,Québec,CA-QC,0.0,29.46,100.0,100.0,hydroquebec.com,false,""
2022-06-25T01:00:00.000000,Canada,Québec,CA-QC,0.0,29.4,100.0,100.0,hydroquebec.com,false,""
2022-06-25T02:00:00.000000,Canada,Québec,CA-QC,0.0,29.44,100.0,100.0,hydroquebec.com,false,""
2022-06-25T03:00:00.000000,Canada,Québec,CA-QC,0.0,29.54,100.0,100.0,hydroquebec.com,false,""
2022-06-25T04:00:00.000000,Canada,Québec,CA-QC,0.0,29.64,100.0,100.0,hydroquebec.com,false,""
2022-06-25T05:00:00.000000,Canada,Québec,CA-QC,0.0,29.79,100.0,100.0,hydroquebec.com,false,""
2022-06-25T06:00:00.000000,Canada,Québec,CA-QC,0.0,29.96,100.0,100.0,hydroquebec.com,false,""
2022-06-25T07:00:00.000000,Canada,Québec,CA-QC,0.0,30.33,100.0,100.0,hydroquebec.com,false,""
2022-06-25T08:00:00.000000,Canada,Québec,CA-QC,0.0,30.62,100.0,100.0,hydroquebec.com,false,""
2022-06-25T09:00:00.000000,Canada,Québec,CA-QC,0.0,30.7,100.0,100.0,hydroquebec.com,false,""
2022-06-25T10:00:00.000000,Canada,Québec,CA-QC,0.0,30.68,100.0,100.0,hydroquebec.com,false,""
2022-06-25T11:00:00.000000,Canada,Québec,CA-QC,0.0,30.47,100.0,100.0,hydroquebec.com,false,""
2022-06-25T12:00:00.000000,Canada,Québec,CA-QC,0.0,30.17,100.0,100.0,hydroquebec.com,false,""
2022-06-25T13:00:00.000000,Canada,Québec,CA-QC,0.0,29.74,100.0,100.0,hydroquebec.com,false,""
2022-06-25T14:00:00.000000,Canada,Québec,CA-QC,0.0,29.42,100.0,100.0,hydroquebec.com,false,""
2022-06-25T15:00:00.000000,Canada,Québec,CA-QC,0.0,29.28,100.0,100.0,hydroquebec.com,false,""
2022-06-25T16:00:00.000000,Canada,Québec,CA-QC,0.0,29.22,100.0,100.0,hydroquebec.com,false,""
2022-06-25T17:00:00.000000,Canada,Québec,CA-QC,0.0,29.22,100.0,100.0,hydroquebec.com,false,""
2022-06-25T18:00:00.000000,Canada,Québec,CA-QC,0.0,29.27,100.0,100.0,hydroquebec.com,false,""
2022-06-25T19:00:00.000000,Canada,Québec,CA-QC,0.0,29.32,100.0,100.0,hydroquebec.com,false,""
2022-06-25T20:00:00.000000,Canada,Québec,CA-QC,0.0,29.32,100.0,100.0,hydroquebec.com,false,""
2022-06-25T21:00:00.000000,Canada,Québec,CA-QC,0.0,29.27,100.0,100.0,hydroquebec.com,false,""
2022-06-25T22:00:00.000000,Canada,Québec,CA-QC,0.0,29.29,100.0,100.0,hydroquebec.com,false,""
2022-06-25T23:00:00.000000,Canada,Québec,CA-QC,0.0,29.38,100.0,100.0,hydroquebec.com,false,""
2022-06-26T00:00:00.000000,Canada,Québec,CA-QC,0.0,29.53,100.0,100.0,hydroquebec.com,false,""
2022-06-26T01:00:00.000000,Canada,Québec,CA-QC,0.0,29.64,100.0,100.0,hydroquebec.com,false,""
2022-06-26T02:00:00.000000,Canada,Québec,CA-QC,0.0,29.75,100.0,100.0,hydroquebec.com,false,""
2022-06-26T03:00:00.000000,Canada,Québec,CA-QC,0.0,29.93,100.0,100.0,hydroquebec.com,false,""
2022-06-26T04:00:00.000000,Canada,Québec,CA-QC,0.0,30.19,100.0,100.0,hydroquebec.com,false,""
2022-06-26T05:00:00.000000,Canada,Québec,CA-QC,0.0,30.49,100.0,100.0,hydroquebec.com,false,""
2022-06-26T06:00:00.000000,Canada,Québec,CA-QC,0.0,30.79,100.0,99.99,hydroquebec.com,false,""
2022-06-26T07:00:00.000000,Canada,Québec,CA-QC,0.16,31.1,99.96,99.32,hydroquebec.com,false,""
2022-06-26T08:00:00.000000,Canada,Québec,CA-QC,0.16,31.12,99.96,99.21,hydroquebec.com,false,""
2022-06-26T09:00:00.000000,Canada,Québec,CA-QC,0.22,31.05,99.94,98.91,hydroquebec.com,false,""
2022-06-26T10:00:00.000000,Canada,Québec,CA-QC,0.06,30.89,99.98,99.42,hydroquebec.com,false,""
2022-06-26T11:00:00.000000,Canada,Québec,CA-QC,0.0,30.6,100.0,100.0,hydroquebec.com,false,""
2022-06-26T12:00:00.000000,Canada,Québec,CA-QC,0.0,30.1,100.0,100.0,hydroquebec.com,false,""
2022-06-26T13:00:00.000000,Canada,Québec,CA-QC,0.0,29.79,100.0,100.0,hydroquebec.com,false,""
2022-06-26T14:00:00.000000,Canada,Québec,CA-QC,0.0,29.59,100.0,100.0,hydroquebec.com,false,""
2022-06-26T15:00:00.000000,Canada,Québec,CA-QC,0.0,29.46,100.0,100.0,hydroquebec.com,false,""
2022-06-26T16:00:00.000000,Canada,Québec,CA-QC,0.0,29.39,100.0,100.0,hydroquebec.com,false,""
2022-06-26T17:00:00.000000,Canada,Québec,CA-QC,0.0,29.33,100.0,100.0,hydroquebec.com,false,""
2022-06-26T18:00:00.000000,Canada,Québec,CA-QC,0.0,29.31,100.0,100.0,hydroquebec.com,false,""
2022-06-26T19:00:00.000000,Canada,Québec,CA-QC,0.0,29.29,100.0,100.0,hydroquebec.com,false,""
2022-06-26T20:00:00.000000,Canada,Québec,CA-QC,0.0,29.18,100.0,100.0,hydroquebec.com,false,""
2022-06-26T21:00:00.000000,Canada,Québec,CA-QC,0.0,29.02,100.0,100.0,hydroquebec.com,false,""
2022-06-26T22:00:00.000000,Canada,Québec,CA-QC,0.0,28.93,100.0,100.0,hydroquebec.com,false,""
2022-06-26T23:00:00.000000,Canada,Québec,CA-QC,0.0,28.91,100.0,100.0,hydroquebec.com,false,""
2022-06-27T00:00:00.000000,Canada,Québec,CA-QC,0.0,28.84,100.0,100.0,hydroquebec.com,false,""
2022-06-27T01:00:00.000000,Canada,Québec,CA-QC,0.0,28.73,100.0,100.0,hydroquebec.com,false,""
2022-06-27T02:00:00.000000,Canada,Québec,CA-QC,0.0,28.79,100.0,100.0,hydroquebec.com,false,""
2022-06-27T03:00:00.000000,Canada,Québec,CA-QC,0.0,28.92,100.0,100.0,hydroquebec.com,false,""
2022-06-27T04:00:00.000000,Canada,Québec,CA-QC,0.0,29.08,100.0,100.0,hydroquebec.com,false,""
2022-06-27T05:00:00.000000,Canada,Québec,CA-QC,0.0,29.26,100.0,100.0,hydroquebec.com,false,""
2022-06-27T06:00:00.000000,Canada,Québec,CA-QC,0.0,29.43,100.0,100.0,hydroquebec.com,false,""
2022-06-27T07:00:00.000000,Canada,Québec,CA-QC,0.03,29.68,99.99,99.7,hydroquebec.com,false,""
2022-06-27T08:00:00.000000,Canada,Québec,CA-QC,0.1,29.71,99.97,98.85,hydroquebec.com,false,""
2022-06-27T09:00:00.000000,Canada,Québec,CA-QC,0.0,29.96,100.0,100.0,hydroquebec.com,false,""
2022-06-27T10:00:00.000000,Canada,Québec,CA-QC,0.0,29.78,100.0,100.0,hydroquebec.com,false,""
2022-06-27T11:00:00.000000,Canada,Québec,CA-QC,0.0,29.53,100.0,100.0,hydroquebec.com,false,""
2022-06-27T12:00:00.000000,Canada,Québec,CA-QC,0.0,29.36,100.0,100.0,hydroquebec.com,false,""
2022-06-27T13:00:00.000000,Canada,Québec,CA-QC,0.0,29.23,100.0,100.0,hydroquebec.com,false,""
2022-06-27T14:00:00.000000,Canada,Québec,CA-QC,0.0,29.04,100.0,100.0,hydroquebec.com,false,""
2022-06-27T15:00:00.000000,Canada,Québec,CA-QC,0.0,28.91,100.0,100.0,hydroquebec.com,false,""
2022-06-27T16:00:00.000000,Canada,Québec,CA-QC,0.0,28.92,100.0,100.0,hydroquebec.com,false,""
2022-06-27T17:00:00.000000,Canada,Québec,CA-QC,0.0,28.92,100.0,100.0,hydroquebec.com,false,""
2022-06-27T18:00:00.000000,Canada,Québec,CA-QC,0.0,28.82,100.0,100.0,hydroquebec.com,false,""
2022-06-27T19:00:00.000000,Canada,Québec,CA-QC,0.0,28.61,100.0,100.0,hydroquebec.com,false,""
2022-06-27T20:00:00.000000,Canada,Québec,CA-QC,0.0,28.48,100.0,100.0,hydroquebec.com,false,""
2022-06-27T21:00:00.000000,Canada,Québec,CA-QC,0.0,28.48,100.0,100.0,hydroquebec.com,false,""
2022-06-27T22:00:00.000000,Canada,Québec,CA-QC,0.0,28.51,100.0,100.0,hydroquebec.com,false,""
2022-06-27T23:00:00.000000,Canada,Québec,CA-QC,0.0,28.63,100.0,100.0,hydroquebec.com,false,""
2022-06-28T00:00:00.000000,Canada,Québec,CA-QC,0.0,28.76,100.0,100.0,hydroquebec.com,false,""
2022-06-28T01:00:00.000000,Canada,Québec,CA-QC,0.0,28.86,100.0,100.0,hydroquebec.com,false,""
2022-06-28T02:00:00.000000,Canada,Québec,CA-QC,0.0,28.96,100.0,100.0,hydroquebec.com,false,""
2022-06-28T03:00:00.000000,Canada,Québec,CA-QC,0.0,29.18,100.0,100.0,hydroquebec.com,false,""
2022-06-28T04:00:00.000000,Canada,Québec,CA-QC,0.0,29.49,100.0,100.0,hydroquebec.com,false,""
2022-06-28T05:00:00.000000,Canada,Québec,CA-QC,0.0,29.79,100.0,100.0,hydroquebec.com,false,""
2022-06-28T06:00:00.000000,Canada,Québec,CA-QC,0.0,30.04,100.0,100.0,hydroquebec.com,false,""
2022-06-28T07:00:00.000000,Canada,Québec,CA-QC,0.0,30.19,100.0,100.0,hydroquebec.com,false,""
2022-06-28T08:00:00.000000,Canada,Québec,CA-QC,0.01,30.3,100.0,99.8,hydroquebec.com,false,""
2022-06-28T09:00:00.000000,Canada,Québec,CA-QC,0.0,30.26,100.0,100.0,hydroquebec.com,false,""
2022-06-28T10:00:00.000000,Canada,Québec,CA-QC,0.0,29.93,100.0,100.0,hydroquebec.com,false,""
2022-06-28T11:00:00.000000,Canada,Québec,CA-QC,0.0,29.67,100.0,100.0,hydroquebec.com,false,""
2022-06-28T12:00:00.000000,Canada,Québec,CA-QC,0.0,29.48,100.0,100.0,hydroquebec.com,false,""
2022-06-28T13:00:00.000000,Canada,Québec,CA-QC,0.0,29.33,100.0,100.0,hydroquebec.com,false,""
2022-06-28T14:00:00.000000,Canada,Québec,CA-QC,0.0,29.23,100.0,100.0,hydroquebec.com,false,""
2022-06-28T15:00:00.000000,Canada,Québec,CA-QC,0.0,29.18,100.0,100.0,hydroquebec.com,false,""
2022-06-28T16:00:00.000000,Canada,Québec,CA-QC,0.0,29.17,100.0,100.0,hydroquebec.com,false,""
2022-06-28T17:00:00.000000,Canada,Québec,CA-QC,0.0,29.2,100.0,100.0,hydroquebec.com,false,""
2022-06-28T18:00:00.000000,Canada,Québec,CA-QC,0.0,29.23,100.0,100.0,hydroquebec.com,false,""
2022-06-28T19:00:00.000000,Canada,Québec,CA-QC,0.0,29.21,100.0,100.0,hydroquebec.com,false,""
2022-06-28T20:00:00.000000,Canada,Québec,CA-QC,0.0,29.14,100.0,100.0,hydroquebec.com,false,""
2022-06-28T21:00:00.000000,Canada,Québec,CA-QC,0.0,29.07,100.0,100.0,hydroquebec.com,false,""
2022-06-28T22:00:00.000000,Canada,Québec,CA-QC,0.0,29.08,100.0,100.0,hydroquebec.com,false,""
2022-06-28T23:00:00.000000,Canada,Québec,CA-QC,0.0,29.17,100.0,100.0,hydroquebec.com,false,""
2022-06-29T00:00:00.000000,Canada,Québec,CA-QC,0.0,29.21,100.0,100.0,hydroquebec.com,false,""
2022-06-29T01:00:00.000000,Canada,Québec,CA-QC,0.0,29.17,100.0,100.0,hydroquebec.com,false,""
2022-06-29T02:00:00.000000,Canada,Québec,CA-QC,0.0,29.2,100.0,100.0,hydroquebec.com,false,""
2022-06-29T03:00:00.000000,Canada,Québec,CA-QC,0.0,29.45,100.0,100.0,hydroquebec.com,false,""
2022-06-29T04:00:00.000000,Canada,Québec,CA-QC,0.0,29.86,100.0,100.0,hydroquebec.com,false,""
2022-06-29T05:00:00.000000,Canada,Québec,CA-QC,0.14,30.09,99.96,98.95,hydroquebec.com,false,""
2022-06-29T06:00:00.000000,Canada,Québec,CA-QC,0.05,30.37,99.99,99.3,hydroquebec.com,false,""
2022-06-29T07:00:00.000000,Canada,Québec,CA-QC,0.06,30.46,99.98,99.11,hydroquebec.com,false,""
2022-06-29T08:00:00.000000,Canada,Québec,CA-QC,0.08,30.52,99.98,98.88,hydroquebec.com,false,""
2022-06-29T09:00:00.000000,Canada,Québec,CA-QC,0.04,30.63,99.99,99.44,hydroquebec.com,false,""
2022-06-29T10:00:00.000000,Canada,Québec,CA-QC,0.0,30.37,100.0,100.0,hydroquebec.com,false,""
2022-06-29T11:00:00.000000,Canada,Québec,CA-QC,0.0,29.9,100.0,100.0,hydroquebec.com,false,""
2022-06-29T12:00:00.000000,Canada,Québec,CA-QC,0.0,29.65,100.0,100.0,hydroquebec.com,false,""
2022-06-29T13:00:00.000000,Canada,Québec,CA-QC,0.0,29.46,100.0,100.0,hydroquebec.com,false,""
2022-06-29T14:00:00.000000,Canada,Québec,CA-QC,0.0,29.25,100.0,100.0,hydroquebec.com,false,""
2022-06-29T15:00:00.000000,Canada,Québec,CA-QC,0.0,29.17,100.0,100.0,hydroquebec.com,false,""
2022-06-29T16:00:00.000000,Canada,Québec,CA-QC,0.0,29.18,100.0,100.0,hydroquebec.com,false,""
2022-06-29T17:00:00.000000,Canada,Québec,CA-QC,0.0,29.19,100.0,100.0,hydroquebec.com,false,""
2022-06-29T18:00:00.000000,Canada,Québec,CA-QC,0.0,29.16,100.0,100.0,hydroquebec.com,false,""
2022-06-29T19:00:00.000000,Canada,Québec,CA-QC,0.0,29.07,100.0,100.0,hydroquebec.com,false,""
2022-06-29T20:00:00.000000,Canada,Québec,CA-QC,0.0,29.04,100.0,100.0,hydroquebec.com,false,""
2022-06-29T21:00:00.000000,Canada,Québec,CA-QC,0.0,29.04,100.0,100.0,hydroquebec.com,false,""
2022-06-29T22:00:00.000000,Canada,Québec,CA-QC,0.0,28.98,100.0,100.0,hydroquebec.com,false,""
2022-06-29T23:00:00.000000,Canada,Québec,CA-QC,0.0,29.0,100.0,100.0,hydroquebec.com,false,""
2022-06-30T00:00:00.000000,Canada,Québec,CA-QC,0.0,29.11,100.0,100.0,hydroquebec.com,false,""
2022-06-30T01:00:00.000000,Canada,Québec,CA-QC,0.0,29.23,100.0,100.0,hydroquebec.com,false,""
2022-06-30T02:00:00.000000,Canada,Québec,CA-QC,0.0,29.47,100.0,100.0,hydroquebec.com,false,""
2022-06-30T03:00:00.000000,Canada,Québec,CA-QC,0.0,29.85,100.0,100.0,hydroquebec.com,false,""
2022-06-30T04:00:00.000000,Canada,Québec,CA-QC,0.0,30.25,100.0,100.0,hydroquebec.com,false,""
2022-06-30T05:00:00.000000,Canada,Québec,CA-QC,0.0,30.62,100.0,100.0,hydroquebec.com,false,""
2022-06-30T06:00:00.000000,Canada,Québec,CA-QC,0.38,31.03,99.9,98.59,hydroquebec.com,false,""
2022-06-30T07:00:00.000000,Canada,Québec,CA-QC,0.38,31.02,99.9,98.27,hydroquebec.com,false,""
2022-06-30T08:00:00.000000,Canada,Québec,CA-QC,0.55,30.95,99.85,97.27,hydroquebec.com,false,""
2022-06-30T09:00:00.000000,Canada,Québec,CA-QC,0.22,30.95,99.94,98.91,hydroquebec.com,false,""
2022-06-30T10:00:00.000000,Canada,Québec,CA-QC,0.0,30.5,100.0,100.0,hydroquebec.com,false,""
2022-06-30T11:00:00.000000,Canada,Québec,CA-QC,0.0,29.97,100.0,100.0,hydroquebec.com,false,""
2022-06-30T12:00:00.000000,Canada,Québec,CA-QC,0.0,29.88,100.0,99.99,hydroquebec.com,false,""
2022-06-30T13:00:00.000000,Canada,Québec,CA-QC,0.0,29.81,100.0,100.0,hydroquebec.com,false,""
2022-06-30T14:00:00.000000,Canada,Québec,CA-QC,0.0,29.54,100.0,100.0,hydroquebec.com,false,""
2022-06-30T15:00:00.000000,Canada,Québec,CA-QC,0.0,29.45,100.0,100.0,hydroquebec.com,false,""
2022-06-30T16:00:00.000000,Canada,Québec,CA-QC,0.0,29.44,100.0,100.0,hydroquebec.com,false,""
2022-06-30T17:00:00.000000,Canada,Québec,CA-QC,0.0,29.45,100.0,100.0,hydroquebec.com,false,""
2022-06-30T18:00:00.000000,Canada,Québec,CA-QC,0.0,29.45,100.0,100.0,hydroquebec.com,false,""
2022-06-30T19:00:00.000000,Canada,Québec,CA-QC,0.0,29.48,100.0,100.0,hydroquebec.com,false,""
2022-06-30T20:00:00.000000,Canada,Québec,CA-QC,0.0,29.53,100.0,100.0,hydroquebec.com,false,""
2022-06-30T21:00:00.000000,Canada,Québec,CA-QC,0.0,29.48,100.0,100.0,hydroquebec.com,false,""
2022-06-30T22:00:00.000000,Canada,Québec,CA-QC,0.0,29.48,100.0,100.0,hydroquebec.com,false,""
2022-06-30T23:00:00.000000,Canada,Québec,CA-QC,0.0,29.52,100.0,100.0,hydroquebec.com,false,""
2022-07-01T00:00:00.000000,Canada,Québec,CA-QC,0.0,29.53,100.0,100.0,hydroquebec.com,false,""
2022-07-01T01:00:00.000000,Canada,Québec,CA-QC,0.0,29.57,100.0,100.0,hydroquebec.com,false,""
2022-07-01T02:00:00.000000,Canada,Québec,CA-QC,0.0,29.69,100.0,100.0,hydroquebec.com,false,""
2022-07-01T03:00:00.000000,Canada,Québec,CA-QC,0.0,29.93,100.0,100.0,hydroquebec.com,false,""
2022-07-01T04:00:00.000000,Canada,Québec,CA-QC,0.05,30.21,99.99,99.85,hydroquebec.com,false,""
2022-07-01T05:00:00.000000,Canada,Québec,CA-QC,0.42,30.4,99.89,98.32,hydroquebec.com,false,""
2022-07-01T06:00:00.000000,Canada,Québec,CA-QC,0.33,30.13,99.91,97.76,hydroquebec.com,false,""
2022-07-01T07:00:00.000000,Canada,Québec,CA-QC,0.32,30.08,99.91,97.68,hydroquebec.com,false,""
2022-07-01T08:00:00.000000,Canada,Québec,CA-QC,0.32,30.07,99.91,97.63,hydroquebec.com,false,""
2022-07-01T09:00:00.000000,Canada,Québec,CA-QC,0.34,30.0,99.91,97.54,hydroquebec.com,false,""
2022-07-01T10:00:00.000000,Canada,Québec,CA-QC,0.49,29.85,99.87,96.63,hydroquebec.com,false,""
2022-07-01T11:00:00.000000,Canada,Québec,CA-QC,0.37,29.98,99.9,98.18,hydroquebec.com,false,""
2022-07-01T12:00:00.000000,Canada,Québec,CA-QC,0.27,29.92,99.93,99.1,hydroquebec.com,false,""
2022-07-01T13:00:00.000000,Canada,Québec,CA-QC,0.0,29.52,100.0,100.0,hydroquebec.com,false,""
2022-07-01T14:00:00.000000,Canada,Québec,CA-QC,0.0,29.13,100.0,100.0,hydroquebec.com,false,""
2022-07-01T15:00:00.000000,Canada,Québec,CA-QC,0.0,28.93,100.0,100.0,hydroquebec.com,false,""
2022-07-01T16:00:00.000000,Canada,Québec,CA-QC,0.0,28.81,100.0,100.0,hydroquebec.com,false,""
2022-07-01T17:00:00.000000,Canada,Québec,CA-QC,0.0,28.69,100.0,100.0,hydroquebec.com,false,""
2022-07-01T18:00:00.000000,Canada,Québec,CA-QC,0.0,28.71,100.0,100.0,hydroquebec.com,false,""
2022-07-01T19:00:00.000000,Canada,Québec,CA-QC,0.0,28.86,100.0,100.0,hydroquebec.com,false,""
2022-07-01T20:00:00.000000,Canada,Québec,CA-QC,0.0,28.93,100.0,100.0,hydroquebec.com,false,""
2022-07-01T21:00:00.000000,Canada,Québec,CA-QC,0.0,28.8,100.0,100.0,hydroquebec.com,false,""
2022-07-01T22:00:00.000000,Canada,Québec,CA-QC,0.0,28.65,100.0,100.0,hydroquebec.com,false,""
2022-07-01T23:00:00.000000,Canada,Québec,CA-QC,0.0,28.62,100.0,100.0,hydroquebec.com,false,""
2022-07-02T00:00:00.000000,Canada,Québec,CA-QC,0.0,28.75,100.0,100.0,hydroquebec.com,false,""
2022-07-02T01:00:00.000000,Canada,Québec,CA-QC,0.0,28.89,100.0,100.0,hydroquebec.com,false,""
2022-07-02T02:00:00.000000,Canada,Québec,CA-QC,0.0,29.04,100.0,100.0,hydroquebec.com,false,""
2022-07-02T03:00:00.000000,Canada,Québec,CA-QC,0.0,29.2,100.0,100.0,hydroquebec.com,false,""
2022-07-02T04:00:00.000000,Canada,Québec,CA-QC,0.0,29.45,100.0,100.0,hydroquebec.com,false,""
2022-07-02T05:00:00.000000,Canada,Québec,CA-QC,0.0,29.73,100.0,99.98,hydroquebec.com,false,""
2022-07-02T06:00:00.000000,Canada,Québec,CA-QC,0.18,29.87,99.95,99.22,hydroquebec.com,false,""
2022-07-02T07:00:00.000000,Canada,Québec,CA-QC,0.33,29.96,99.91,98.44,hydroquebec.com,false,""
2022-07-02T08:00:00.000000,Canada,Québec,CA-QC,0.41,29.98,99.89,98.0,hydroquebec.com,false,""
2022-07-02T09:00:00.000000,Canada,Québec,CA-QC,0.29,29.84,99.92,98.15,hydroquebec.com,false,""
2022-07-02T10:00:00.000000,Canada,Québec,CA-QC,0.02,29.88,99.99,99.85,hydroquebec.com,false,""
2022-07-02T11:00:00.000000,Canada,Québec,CA-QC,0.0,29.7,100.0,100.0,hydroquebec.com,false,""
2022-07-02T12:00:00.000000,Canada,Québec,CA-QC,0.0,29.43,100.0,100.0,hydroquebec.com,false,""
2022-07-02T13:00:00.000000,Canada,Québec,CA-QC,0.0,29.1,100.0,100.0,hydroquebec.com,false,""
2022-07-02T14:00:00.000000,Canada,Québec,CA-QC,0.0,28.84,100.0,100.0,hydroquebec.com,false,""
2022-07-02T15:00:00.000000,Canada,Québec,CA-QC,0.0,28.79,100.0,100.0,hydroquebec.com,false,""
2022-07-02T16:00:00.000000,Canada,Québec,CA-QC,0.0,28.63,100.0,100.0,hydroquebec.com,false,""
2022-07-02T17:00:00.000000,Canada,Québec,CA-QC,0.0,28.49,100.0,100.0,hydroquebec.com,false,""
2022-07-02T18:00:00.000000,Canada,Québec,CA-QC,0.0,28.61,100.0,100.0,hydroquebec.com,false,""
2022-07-02T19:00:00.000000,Canada,Québec,CA-QC,0.0,28.61,100.0,100.0,hydroquebec.com,false,""
2022-07-02T20:00:00.000000,Canada,Québec,CA-QC,0.0,28.44,100.0,100.0,hydroquebec.com,false,""
2022-07-02T21:00:00.000000,Canada,Québec,CA-QC,0.0,28.29,100.0,100.0,hydroquebec.com,false,""
2022-07-02T22:00:00.000000,Canada,Québec,CA-QC,0.0,28.3,100.0,100.0,hydroquebec.com,false,""
2022-07-02T23:00:00.000000,Canada,Québec,CA-QC,0.0,28.42,100.0,100.0,hydroquebec.com,false,""
2022-07-03T00:00:00.000000,Canada,Québec,CA-QC,0.0,28.47,100.0,100.0,hydroquebec.com,false,""
2022-07-03T01:00:00.000000,Canada,Québec,CA-QC,0.0,28.51,100.0,100.0,hydroquebec.com,false,""
2022-07-03T02:00:00.000000,Canada,Québec,CA-QC,0.0,28.61,100.0,100.0,hydroquebec.com,false,""
2022-07-03T03:00:00.000000,Canada,Québec,CA-QC,0.0,28.84,100.0,100.0,hydroquebec.com,false,""
2022-07-03T04:00:00.000000,Canada,Québec,CA-QC,0.0,29.22,100.0,100.0,hydroquebec.com,false,""
2022-07-03T05:00:00.000000,Canada,Québec,CA-QC,0.38,29.77,99.9,98.68,hydroquebec.com,false,""
2022-07-03T06:00:00.000000,Canada,Québec,CA-QC,0.34,29.87,99.91,98.37,hydroquebec.com,false,""
2022-07-03T07:00:00.000000,Canada,Québec,CA-QC,0.19,29.79,99.95,97.88,hydroquebec.com,false,""
2022-07-03T08:00:00.000000,Canada,Québec,CA-QC,0.14,29.9,99.96,97.6,hydroquebec.com,false,""
2022-07-03T09:00:00.000000,Canada,Québec,CA-QC,0.14,29.99,99.96,97.6,hydroquebec.com,false,""
2022-07-03T10:00:00.000000,Canada,Québec,CA-QC,0.14,30.05,99.96,97.75,hydroquebec.com,false,""
2022-07-03T11:00:00.000000,Canada,Québec,CA-QC,0.09,30.09,99.98,98.59,hydroquebec.com,false,""
2022-07-03T12:00:00.000000,Canada,Québec,CA-QC,0.0,30.01,100.0,99.97,hydroquebec.com,false,""
2022-07-03T13:00:00.000000,Canada,Québec,CA-QC,0.0,29.45,100.0,100.0,hydroquebec.com,false,""
2022-07-03T14:00:00.000000,Canada,Québec,CA-QC,0.0,29.0,100.0,100.0,hydroquebec.com,false,""
2022-07-03T15:00:00.000000,Canada,Québec,CA-QC,0.0,28.88,100.0,100.0,hydroquebec.com,false,""
2022-07-03T16:00:00.000000,Canada,Québec,CA-QC,0.0,28.83,100.0,100.0,hydroquebec.com,false,""
2022-07-03T17:00:00.000000,Canada,Québec,CA-QC,0.0,28.69,100.0,100.0,hydroquebec.com,false,""
2022-07-03T18:00:00.000000,Canada,Québec,CA-QC,0.0,28.52,100.0,100.0,hydroquebec.com,false,""
2022-07-03T19:00:00.000000,Canada,Québec,CA-QC,0.0,28.4,100.0,100.0,hydroquebec.com,false,""
2022-07-03T20:00:00.000000,Canada,Québec,CA-QC,0.0,28.2,100.0,100.0,hydroquebec.com,false,""
2022-07-03T21:00:00.000000,Canada,Québec,CA-QC,0.0,28.03,100.0,100.0,hydroquebec.com,false,""
2022-07-03T22:00:00.000000,Canada,Québec,CA-QC,0.0,28.16,100.0,100.0,hydroquebec.com,false,""
2022-07-03T23:00:00.000000,Canada,Québec,CA-QC,0.0,28.19,100.0,100.0,hydroquebec.com,false,""
2022-07-04T00:00:00.000000,Canada,Québec,CA-QC,0.0,28.15,100.0,100.0,hydroquebec.com,false,""
2022-07-04T01:00:00.000000,Canada,Québec,CA-QC,0.0,28.23,100.0,100.0,hydroquebec.com,false,""
2022-07-04T02:00:00.000000,Canada,Québec,CA-QC,0.0,28.34,100.0,100.0,hydroquebec.com,false,""
2022-07-04T03:00:00.000000,Canada,Québec,CA-QC,0.0,28.54,100.0,100.0,hydroquebec.com,false,""
2022-07-04T04:00:00.000000,Canada,Québec,CA-QC,0.0,28.75,100.0,100.0,hydroquebec.com,false,""
2022-07-04T05:00:00.000000,Canada,Québec,CA-QC,0.0,28.98,100.0,100.0,hydroquebec.com,false,""
2022-07-04T06:00:00.000000,Canada,Québec,CA-QC,0.02,29.24,100.0,99.92,hydroquebec.com,false,""
2022-07-04T07:00:00.000000,Canada,Québec,CA-QC,0.39,29.42,99.89,98.08,hydroquebec.com,false,""
2022-07-04T08:00:00.000000,Canada,Québec,CA-QC,0.38,29.42,99.9,98.16,hydroquebec.com,false,""
2022-07-04T09:00:00.000000,Canada,Québec,CA-QC,0.0,29.19,100.0,100.0,hydroquebec.com,false,""
2022-07-04T10:00:00.000000,Canada,Québec,CA-QC,0.0,28.81,100.0,100.0,hydroquebec.com,false,""
2022-07-04T11:00:00.000000,Canada,Québec,CA-QC,0.0,28.4,100.0,100.0,hydroquebec.com,false,""
2022-07-04T12:00:00.000000,Canada,Québec,CA-QC,0.0,28.05,100.0,100.0,hydroquebec.com,false,""
2022-07-04T13:00:00.000000,Canada,Québec,CA-QC,0.0,27.97,100.0,100.0,hydroquebec.com,false,""
2022-07-04T14:00:00.000000,Canada,Québec,CA-QC,0.0,27.95,100.0,100.0,hydroquebec.com,false,""
2022-07-04T15:00:00.000000,Canada,Québec,CA-QC,0.0,27.79,100.0,100.0,hydroquebec.com,false,""
2022-07-04T16:00:00.000000,Canada,Québec,CA-QC,0.0,27.73,100.0,100.0,hydroquebec.com,false,""
2022-07-04T17:00:00.000000,Canada,Québec,CA-QC,0.0,27.9,100.0,100.0,hydroquebec.com,false,""
2022-07-04T18:00:00.000000,Canada,Québec,CA-QC,0.0,28.09,100.0,100.0,hydroquebec.com,false,""
2022-07-04T19:00:00.000000,Canada,Québec,CA-QC,0.0,28.11,100.0,100.0,hydroquebec.com,false,""
2022-07-04T20:00:00.000000,Canada,Québec,CA-QC,0.0,27.91,100.0,100.0,hydroquebec.com,false,""
2022-07-04T21:00:00.000000,Canada,Québec,CA-QC,0.0,27.77,100.0,100.0,hydroquebec.com,false,""
2022-07-04T22:00:00.000000,Canada,Québec,CA-QC,0.0,27.84,100.0,100.0,hydroquebec.com,false,""
2022-07-04T23:00:00.000000,Canada,Québec,CA-QC,0.0,28.0,100.0,100.0,hydroquebec.com,false,""
2022-07-05T00:00:00.000000,Canada,Québec,CA-QC,0.0,28.11,100.0,100.0,hydroquebec.com,false,""
2022-07-05T01:00:00.000000,Canada,Québec,CA-QC,0.0,28.14,100.0,100.0,hydroquebec.com,false,""
2022-07-05T02:00:00.000000,Canada,Québec,CA-QC,0.0,28.29,100.0,100.0,hydroquebec.com,false,""
2022-07-05T03:00:00.000000,Canada,Québec,CA-QC,0.0,28.72,100.0,100.0,hydroquebec.com,false,""
2022-07-05T04:00:00.000000,Canada,Québec,CA-QC,0.0,29.18,100.0,100.0,hydroquebec.com,false,""
2022-07-05T05:00:00.000000,Canada,Québec,CA-QC,0.0,29.48,100.0,100.0,hydroquebec.com,false,""
2022-07-05T06:00:00.000000,Canada,Québec,CA-QC,0.26,29.69,99.93,98.87,hydroquebec.com,false,""
2022-07-05T07:00:00.000000,Canada,Québec,CA-QC,0.32,29.57,99.91,97.94,hydroquebec.com,false,""
2022-07-05T08:00:00.000000,Canada,Québec,CA-QC,0.38,29.51,99.9,97.31,hydroquebec.com,false,""
2022-07-05T09:00:00.000000,Canada,Québec,CA-QC,0.26,29.6,99.93,98.16,hydroquebec.com,false,""
2022-07-05T10:00:00.000000,Canada,Québec,CA-QC,0.0,29.58,100.0,100.0,hydroquebec.com,false,""
2022-07-05T11:00:00.000000,Canada,Québec,CA-QC,0.0,29.33,100.0,100.0,hydroquebec.com,false,""
2022-07-05T12:00:00.000000,Canada,Québec,CA-QC,0.0,29.22,100.0,100.0,hydroquebec.com,false,""
2022-07-05T13:00:00.000000,Canada,Québec,CA-QC,0.0,28.95,100.0,100.0,hydroquebec.com,false,""
2022-07-05T14:00:00.000000,Canada,Québec,CA-QC,0.0,28.61,100.0,100.0,hydroquebec.com,false,""
2022-07-05T15:00:00.000000,Canada,Québec,CA-QC,0.0,28.42,100.0,100.0,hydroquebec.com,false,""
2022-07-05T16:00:00.000000,Canada,Québec,CA-QC,0.0,28.45,100.0,100.0,hydroquebec.com,false,""
2022-07-05T17:00:00.000000,Canada,Québec,CA-QC,0.0,28.51,100.0,100.0,hydroquebec.com,false,""
2022-07-05T18:00:00.000000,Canada,Québec,CA-QC,0.0,28.51,100.0,100.0,hydroquebec.com,false,""
2022-07-05T19:00:00.000000,Canada,Québec,CA-QC,0.0,28.49,100.0,100.0,hydroquebec.com,false,""
2022-07-05T20:00:00.000000,Canada,Québec,CA-QC,0.0,28.45,100.0,100.0,hydroquebec.com,false,""
2022-07-05T21:00:00.000000,Canada,Québec,CA-QC,0.0,28.48,100.0,100.0,hydroquebec.com,false,""
2022-07-05T22:00:00.000000,Canada,Québec,CA-QC,0.0,28.63,100.0,100.0,hydroquebec.com,false,""
2022-07-05T23:00:00.000000,Canada,Québec,CA-QC,0.0,28.82,100.0,100.0,hydroquebec.com,false,""
2022-07-06T00:00:00.000000,Canada,Québec,CA-QC,0.0,28.96,100.0,100.0,hydroquebec.com,false,""
2022-07-06T01:00:00.000000,Canada,Québec,CA-QC,0.0,29.04,100.0,100.0,hydroquebec.com,false,""
2022-07-06T02:00:00.000000,Canada,Québec,CA-QC,0.0,29.23,100.0,100.0,hydroquebec.com,false,""
2022-07-06T03:00:00.000000,Canada,Québec,CA-QC,0.0,29.51,100.0,100.0,hydroquebec.com,false,""
2022-07-06T04:00:00.000000,Canada,Québec,CA-QC,0.0,29.89,100.0,100.0,hydroquebec.com,false,""
2022-07-06T05:00:00.000000,Canada,Québec,CA-QC,0.17,30.45,99.95,99.68,hydroquebec.com,false,""
2022-07-06T06:00:00.000000,Canada,Québec,CA-QC,0.0,30.33,100.0,100.0,hydroquebec.com,false,""
2022-07-06T07:00:00.000000,Canada,Québec,CA-QC,0.0,30.32,100.0,100.0,hydroquebec.com,false,""
2022-07-06T08:00:00.000000,Canada,Québec,CA-QC,0.07,30.43,99.98,99.73,hydroquebec.com,false,""
2022-07-06T09:00:00.000000,Canada,Québec,CA-QC,0.0,30.22,100.0,100.0,hydroquebec.com,false,""
2022-07-06T10:00:00.000000,Canada,Québec,CA-QC,0.0,29.71,100.0,100.0,hydroquebec.com,false,""
2022-07-06T11:00:00.000000,Canada,Québec,CA-QC,0.0,29.19,100.0,100.0,hydroquebec.com,false,""
2022-07-06T12:00:00.000000,Canada,Québec,CA-QC,0.0,29.01,100.0,100.0,hydroquebec.com,false,""
2022-07-06T13:00:00.000000,Canada,Québec,CA-QC,0.0,28.96,100.0,100.0,hydroquebec.com,false,""
2022-07-06T14:00:00.000000,Canada,Québec,CA-QC,0.0,28.89,100.0,100.0,hydroquebec.com,false,""
2022-07-06T15:00:00.000000,Canada,Québec,CA-QC,0.0,28.86,100.0,100.0,hydroquebec.com,false,""
2022-07-06T16:00:00.000000,Canada,Québec,CA-QC,0.0,28.78,100.0,100.0,hydroquebec.com,false,""
2022-07-06T17:00:00.000000,Canada,Québec,CA-QC,0.0,28.73,100.0,100.0,hydroquebec.com,false,""
2022-07-06T18:00:00.000000,Canada,Québec,CA-QC,0.0,28.71,100.0,100.0,hydroquebec.com,false,""
2022-07-06T19:00:00.000000,Canada,Québec,CA-QC,0.0,28.66,100.0,100.0,hydroquebec.com,false,""
2022-07-06T20:00:00.000000,Canada,Québec,CA-QC,0.0,28.73,100.0,100.0,hydroquebec.com,false,""
2022-07-06T21:00:00.000000,Canada,Québec,CA-QC,0.0,28.82,100.0,100.0,hydroquebec.com,false,""
2022-07-06T22:00:00.000000,Canada,Québec,CA-QC,0.0,28.81,100.0,100.0,hydroquebec.com,false,""
2022-07-06T23:00:00.000000,Canada,Québec,CA-QC,0.0,28.96,100.0,100.0,hydroquebec.com,false,""
2022-07-07T00:00:00.000000,Canada,Québec,CA-QC,0.0,29.1,100.0,100.0,hydroquebec.com,false,""
2022-07-07T01:00:00.000000,Canada,Québec,CA-QC,0.0,29.12,100.0,100.0,hydroquebec.com,false,""
2022-07-07T02:00:00.000000,Canada,Québec,CA-QC,0.0,29.2,100.0,100.0,hydroquebec.com,false,""
2022-07-07T03:00:00.000000,Canada,Québec,CA-QC,0.0,29.46,100.0,100.0,hydroquebec.com,false,""
2022-07-07T04:00:00.000000,Canada,Québec,CA-QC,0.0,29.76,100.0,100.0,hydroquebec.com,false,""
2022-07-07T05:00:00.000000,Canada,Québec,CA-QC,0.0,29.87,100.0,100.0,hydroquebec.com,false,""
2022-07-07T06:00:00.000000,Canada,Québec,CA-QC,0.0,29.99,100.0,100.0,hydroquebec.com,false,""
2022-07-07T07:00:00.000000,Canada,Québec,CA-QC,0.25,30.37,99.93,99.09,hydroquebec.com,false,""
2022-07-07T08:00:00.000000,Canada,Québec,CA-QC,0.47,30.79,99.87,98.87,hydroquebec.com,false,""
2022-07-07T09:00:00.000000,Canada,Québec,CA-QC,0.25,30.57,99.93,99.41,hydroquebec.com,false,""
2022-07-07T10:00:00.000000,Canada,Québec,CA-QC,0.0,30.09,100.0,100.0,hydroquebec.com,false,""
2022-07-07T11:00:00.000000,Canada,Québec,CA-QC,0.0,29.65,100.0,100.0,hydroquebec.com,false,""
2022-07-07T12:00:00.000000,Canada,Québec,CA-QC,0.0,29.3,100.0,100.0,hydroquebec.com,false,""
2022-07-07T13:00:00.000000,Canada,Québec,CA-QC,0.0,29.16,100.0,100.0,hydroquebec.com,false,""
2022-07-07T14:00:00.000000,Canada,Québec,CA-QC,0.0,29.07,100.0,100.0,hydroquebec.com,false,""
2022-07-07T15:00:00.000000,Canada,Québec,CA-QC,0.0,28.94,100.0,100.0,hydroquebec.com,false,""
2022-07-07T16:00:00.000000,Canada,Québec,CA-QC,0.0,28.92,100.0,100.0,hydroquebec.com,false,""
2022-07-07T17:00:00.000000,Canada,Québec,CA-QC,0.0,29.0,100.0,100.0,hydroquebec.com,false,""
2022-07-07T18:00:00.000000,Canada,Québec,CA-QC,0.0,29.03,100.0,100.0,hydroquebec.com,false,""
2022-07-07T19:00:00.000000,Canada,Québec,CA-QC,0.0,29.01,100.0,100.0,hydroquebec.com,false,""
2022-07-07T20:00:00.000000,Canada,Québec,CA-QC,0.0,29.02,100.0,100.0,hydroquebec.com,false,""
2022-07-07T21:00:00.000000,Canada,Québec,CA-QC,0.0,28.97,100.0,100.0,hydroquebec.com,false,""
2022-07-07T22:00:00.000000,Canada,Québec,CA-QC,0.0,28.93,100.0,100.0,hydroquebec.com,false,""
2022-07-07T23:00:00.000000,Canada,Québec,CA-QC,0.0,28.99,100.0,100.0,hydroquebec.com,false,""
2022-07-08T00:00:00.000000,Canada,Québec,CA-QC,0.0,29.06,100.0,100.0,hydroquebec.com,false,""
2022-07-08T01:00:00.000000,Canada,Québec,CA-QC,0.0,29.11,100.0,100.0,hydroquebec.com,false,""
2022-07-08T02:00:00.000000,Canada,Québec,CA-QC,0.0,29.24,100.0,100.0,hydroquebec.com,false,""
2022-07-08T03:00:00.000000,Canada,Québec,CA-QC,0.0,29.47,100.0,100.0,hydroquebec.com,false,""
2022-07-08T04:00:00.000000,Canada,Québec,CA-QC,0.0,29.74,100.0,100.0,hydroquebec.com,false,""
2022-07-08T05:00:00.000000,Canada,Québec,CA-QC,0.0,29.91,100.0,100.0,hydroquebec.com,false,""
2022-07-08T06:00:00.000000,Canada,Québec,CA-QC,0.0,30.08,100.0,100.0,hydroquebec.com,false,""
2022-07-08T07:00:00.000000,Canada,Québec,CA-QC,0.0,30.26,100.0,100.0,hydroquebec.com,false,""
2022-07-08T08:00:00.000000,Canada,Québec,CA-QC,0.0,30.23,100.0,100.0,hydroquebec.com,false,""
2022-07-08T09:00:00.000000,Canada,Québec,CA-QC,0.0,30.11,100.0,100.0,hydroquebec.com,false,""
2022-07-08T10:00:00.000000,Canada,Québec,CA-QC,0.0,29.81,100.0,100.0,hydroquebec.com,false,""
2022-07-08T11:00:00.000000,Canada,Québec,CA-QC,0.0,29.38,100.0,100.0,hydroquebec.com,false,""
2022-07-08T12:00:00.000000,Canada,Québec,CA-QC,0.0,29.11,100.0,100.0,hydroquebec.com,false,""
2022-07-08T13:00:00.000000,Canada,Québec,CA-QC,0.0,29.0,100.0,100.0,hydroquebec.com,false,""
2022-07-08T14:00:00.000000,Canada,Québec,CA-QC,0.0,28.97,100.0,100.0,hydroquebec.com,false,""
2022-07-08T15:00:00.000000,Canada,Québec,CA-QC,0.0,28.96,100.0,100.0,hydroquebec.com,false,""
2022-07-08T16:00:00.000000,Canada,Québec,CA-QC,0.0,28.94,100.0,100.0,hydroquebec.com,false,""
2022-07-08T17:00:00.000000,Canada,Québec,CA-QC,0.0,28.86,100.0,100.0,hydroquebec.com,false,""
2022-07-08T18:00:00.000000,Canada,Québec,CA-QC,0.0,28.78,100.0,100.0,hydroquebec.com,false,""
2022-07-08T19:00:00.000000,Canada,Québec,CA-QC,0.0,28.69,100.0,100.0,hydroquebec.com,false,""
2022-07-08T20:00:00.000000,Canada,Québec,CA-QC,0.0,28.61,100.0,100.0,hydroquebec.com,false,""
2022-07-08T21:00:00.000000,Canada,Québec,CA-QC,0.0,28.66,100.0,100.0,hydroquebec.com,false,""
2022-07-08T22:00:00.000000,Canada,Québec,CA-QC,0.0,28.71,100.0,100.0,hydroquebec.com,false,""
2022-07-08T23:00:00.000000,Canada,Québec,CA-QC,0.0,28.68,100.0,100.0,hydroquebec.com,false,""
2022-07-09T00:00:00.000000,Canada,Québec,CA-QC,0.0,28.6,100.0,100.0,hydroquebec.com,false,""
2022-07-09T01:00:00.000000,Canada,Québec,CA-QC,0.0,28.56,100.0,100.0,hydroquebec.com,false,""
2022-07-09T02:00:00.000000,Canada,Québec,CA-QC,0.0,28.63,100.0,100.0,hydroquebec.com,false,""
2022-07-09T03:00:00.000000,Canada,Québec,CA-QC,0.0,28.73,100.0,100.0,hydroquebec.com,false,""
2022-07-09T04:00:00.000000,Canada,Québec,CA-QC,0.0,28.95,100.0,100.0,hydroquebec.com,false,""
2022-07-09T05:00:00.000000,Canada,Québec,CA-QC,0.0,29.24,100.0,100.0,hydroquebec.com,false,""
2022-07-09T06:00:00.000000,Canada,Québec,CA-QC,0.04,29.39,99.99,99.2,hydroquebec.com,false,""
2022-07-09T07:00:00.000000,Canada,Québec,CA-QC,0.11,29.34,99.97,97.86,hydroquebec.com,false,""
2022-07-09T08:00:00.000000,Canada,Québec,CA-QC,0.15,29.26,99.96,97.17,hydroquebec.com,false,""
2022-07-09T09:00:00.000000,Canada,Québec,CA-QC,0.17,29.19,99.95,96.86,hydroquebec.com,false,""
2022-07-09T10:00:00.000000,Canada,Québec,CA-QC,0.14,29.25,99.96,97.34,hydroquebec.com,false,""
2022-07-09T11:00:00.000000,Canada,Québec,CA-QC,0.08,29.35,99.98,98.78,hydroquebec.com,false,""
2022-07-09T12:00:00.000000,Canada,Québec,CA-QC,0.01,29.17,100.0,99.81,hydroquebec.com,false,""
2022-07-09T13:00:00.000000,Canada,Québec,CA-QC,0.0,28.91,100.0,100.0,hydroquebec.com,false,""
2022-07-09T14:00:00.000000,Canada,Québec,CA-QC,0.0,28.78,100.0,100.0,hydroquebec.com,false,""
2022-07-09T15:00:00.000000,Canada,Québec,CA-QC,0.0,28.76,100.0,100.0,hydroquebec.com,false,""
2022-07-09T16:00:00.000000,Canada,Québec,CA-QC,0.0,28.67,100.0,100.0,hydroquebec.com,false,""
2022-07-09T17:00:00.000000,Canada,Québec,CA-QC,0.0,28.6,100.0,100.0,hydroquebec.com,false,""
2022-07-09T18:00:00.000000,Canada,Québec,CA-QC,0.0,28.62,100.0,100.0,hydroquebec.com,false,""
2022-07-09T19:00:00.000000,Canada,Québec,CA-QC,0.0,28.52,100.0,100.0,hydroquebec.com,false,""
2022-07-09T20:00:00.000000,Canada,Québec,CA-QC,0.0,28.32,100.0,100.0,hydroquebec.com,false,""
2022-07-09T21:00:00.000000,Canada,Québec,CA-QC,0.0,28.37,100.0,100.0,hydroquebec.com,false,""
2022-07-09T22:00:00.000000,Canada,Québec,CA-QC,0.0,28.38,100.0,100.0,hydroquebec.com,false,""
2022-07-09T23:00:00.000000,Canada,Québec,CA-QC,0.0,28.34,100.0,100.0,hydroquebec.com,false,""
2022-07-10T00:00:00.000000,Canada,Québec,CA-QC,0.0,28.47,100.0,100.0,hydroquebec.com,false,""
2022-07-10T01:00:00.000000,Canada,Québec,CA-QC,0.0,28.55,100.0,100.0,hydroquebec.com,false,""
2022-07-10T02:00:00.000000,Canada,Québec,CA-QC,0.0,28.72,100.0,100.0,hydroquebec.com,false,""
2022-07-10T03:00:00.000000,Canada,Québec,CA-QC,0.0,28.98,100.0,100.0,hydroquebec.com,false,""
2022-07-10T04:00:00.000000,Canada,Québec,CA-QC,0.0,29.18,100.0,100.0,hydroquebec.com,false,""
2022-07-10T05:00:00.000000,Canada,Québec,CA-QC,0.0,29.43,100.0,100.0,hydroquebec.com,false,""
2022-07-10T06:00:00.000000,Canada,Québec,CA-QC,0.0,29.73,100.0,100.0,hydroquebec.com,false,""
2022-07-10T07:00:00.000000,Canada,Québec,CA-QC,0.08,29.71,99.98,98.48,hydroquebec.com,false,""
2022-07-10T08:00:00.000000,Canada,Québec,CA-QC,0.05,29.95,99.99,98.99,hydroquebec.com,false,""
2022-07-10T09:00:00.000000,Canada,Québec,CA-QC,0.09,29.81,99.98,98.25,hydroquebec.com,false,""
2022-07-10T10:00:00.000000,Canada,Québec,CA-QC,0.09,29.93,99.98,98.46,hydroquebec.com,false,""
2022-07-10T11:00:00.000000,Canada,Québec,CA-QC,0.1,29.86,99.97,98.38,hydroquebec.com,false,""
2022-07-10T12:00:00.000000,Canada,Québec,CA-QC,0.0,29.91,100.0,100.0,hydroquebec.com,false,""
2022-07-10T13:00:00.000000,Canada,Québec,CA-QC,0.0,29.53,100.0,100.0,hydroquebec.com,false,""
2022-07-10T14:00:00.000000,Canada,Québec,CA-QC,0.0,29.13,100.0,100.0,hydroquebec.com,false,""
2022-07-10T15:00:00.000000,Canada,Québec,CA-QC,0.0,28.88,100.0,100.0,hydroquebec.com,false,""
2022-07-10T16:00:00.000000,Canada,Québec,CA-QC,0.0,28.72,100.0,100.0,hydroquebec.com,false,""
2022-07-10T17:00:00.000000,Canada,Québec,CA-QC,0.0,28.6,100.0,100.0,hydroquebec.com,false,""
2022-07-10T18:00:00.000000,Canada,Québec,CA-QC,0.0,28.65,100.0,100.0,hydroquebec.com,false,""
2022-07-10T19:00:00.000000,Canada,Québec,CA-QC,0.0,28.62,100.0,100.0,hydroquebec.com,false,""
2022-07-10T20:00:00.000000,Canada,Québec,CA-QC,0.0,28.45,100.0,100.0,hydroquebec.com,false,""
2022-07-10T21:00:00.000000,Canada,Québec,CA-QC,0.0,28.35,100.0,100.0,hydroquebec.com,false,""
2022-07-10T22:00:00.000000,Canada,Québec,CA-QC,0.0,28.33,100.0,100.0,hydroquebec.com,false,""
2022-07-10T23:00:00.000000,Canada,Québec,CA-QC,0.0,28.36,100.0,100.0,hydroquebec.com,false,""
2022-07-11T00:00:00.000000,Canada,Québec,CA-QC,0.0,28.33,100.0,100.0,hydroquebec.com,false,""
2022-07-11T01:00:00.000000,Canada,Québec,CA-QC,0.0,28.21,100.0,100.0,hydroquebec.com,false,""
2022-07-11T02:00:00.000000,Canada,Québec,CA-QC,0.0,28.19,100.0,100.0,hydroquebec.com,false,""
2022-07-11T03:00:00.000000,Canada,Québec,CA-QC,0.0,28.27,100.0,100.0,hydroquebec.com,false,""
2022-07-11T04:00:00.000000,Canada,Québec,CA-QC,0.0,28.49,100.0,100.0,hydroquebec.com,false,""
2022-07-11T05:00:00.000000,Canada,Québec,CA-QC,0.0,28.76,100.0,100.0,hydroquebec.com,false,""
2022-07-11T06:00:00.000000,Canada,Québec,CA-QC,0.0,28.93,100.0,100.0,hydroquebec.com,false,""
2022-07-11T07:00:00.000000,Canada,Québec,CA-QC,0.0,29.12,100.0,100.0,hydroquebec.com,false,""
2022-07-11T08:00:00.000000,Canada,Québec,CA-QC,0.0,29.29,100.0,100.0,hydroquebec.com,false,""
2022-07-11T09:00:00.000000,Canada,Québec,CA-QC,0.0,29.17,100.0,100.0,hydroquebec.com,false,""
2022-07-11T10:00:00.000000,Canada,Québec,CA-QC,0.0,28.77,100.0,100.0,hydroquebec.com,false,""
2022-07-11T11:00:00.000000,Canada,Québec,CA-QC,0.0,28.46,100.0,100.0,hydroquebec.com,false,""
2022-07-11T12:00:00.000000,Canada,Québec,CA-QC,0.0,28.31,100.0,100.0,hydroquebec.com,false,""
2022-07-11T13:00:00.000000,Canada,Québec,CA-QC,0.0,28.24,100.0,100.0,hydroquebec.com,false,""
2022-07-11T14:00:00.000000,Canada,Québec,CA-QC,0.0,28.19,100.0,100.0,hydroquebec.com,false,""
2022-07-11T15:00:00.000000,Canada,Québec,CA-QC,0.0,28.07,100.0,100.0,hydroquebec.com,false,""
2022-07-11T16:00:00.000000,Canada,Québec,CA-QC,0.0,28.0,100.0,100.0,hydroquebec.com,false,""
2022-07-11T17:00:00.000000,Canada,Québec,CA-QC,0.0,27.98,100.0,100.0,hydroquebec.com,false,""
2022-07-11T18:00:00.000000,Canada,Québec,CA-QC,0.0,27.99,100.0,100.0,hydroquebec.com,false,""
2022-07-11T19:00:00.000000,Canada,Québec,CA-QC,0.0,28.04,100.0,100.0,hydroquebec.com,false,""
2022-07-11T20:00:00.000000,Canada,Québec,CA-QC,0.0,27.99,100.0,100.0,hydroquebec.com,false,""
2022-07-11T21:00:00.000000,Canada,Québec,CA-QC,0.0,27.88,100.0,100.0,hydroquebec.com,false,""
2022-07-11T22:00:00.000000,Canada,Québec,CA-QC,0.0,27.86,100.0,100.0,hydroquebec.com,false,""
2022-07-11T23:00:00.000000,Canada,Québec,CA-QC,0.0,27.91,100.0,100.0,hydroquebec.com,false,""
2022-07-12T00:00:00.000000,Canada,Québec,CA-QC,0.0,27.87,100.0,100.0,hydroquebec.com,false,""
2022-07-12T01:00:00.000000,Canada,Québec,CA-QC,0.0,27.8,100.0,100.0,hydroquebec.com,false,""
2022-07-12T02:00:00.000000,Canada,Québec,CA-QC,0.0,27.84,100.0,100.0,hydroquebec.com,false,""
2022-07-12T03:00:00.000000,Canada,Québec,CA-QC,0.0,28.01,100.0,100.0,hydroquebec.com,false,""
2022-07-12T04:00:00.000000,Canada,Québec,CA-QC,0.0,28.22,100.0,100.0,hydroquebec.com,false,""
2022-07-12T05:00:00.000000,Canada,Québec,CA-QC,0.0,28.3,100.0,100.0,hydroquebec.com,false,""
2022-07-12T06:00:00.000000,Canada,Québec,CA-QC,0.0,28.26,100.0,100.0,hydroquebec.com,false,""
2022-07-12T07:00:00.000000,Canada,Québec,CA-QC,0.0,28.27,100.0,100.0,hydroquebec.com,false,""
2022-07-12T08:00:00.000000,Canada,Québec,CA-QC,0.0,28.41,100.0,100.0,hydroquebec.com,false,""
2022-07-12T09:00:00.000000,Canada,Québec,CA-QC,0.0,28.25,100.0,100.0,hydroquebec.com,false,""
2022-07-12T10:00:00.000000,Canada,Québec,CA-QC,0.0,27.88,100.0,100.0,hydroquebec.com,false,""
2022-07-12T11:00:00.000000,Canada,Québec,CA-QC,0.0,27.62,100.0,100.0,hydroquebec.com,false,""
2022-07-12T12:00:00.000000,Canada,Québec,CA-QC,0.0,27.4,100.0,100.0,hydroquebec.com,false,""
2022-07-12T13:00:00.000000,Canada,Québec,CA-QC,0.0,27.34,100.0,100.0,hydroquebec.com,false,""
2022-07-12T14:00:00.000000,Canada,Québec,CA-QC,0.0,27.36,100.0,100.0,hydroquebec.com,false,""
2022-07-12T15:00:00.000000,Canada,Québec,CA-QC,0.0,27.42,100.0,100.0,hydroquebec.com,false,""
2022-07-12T16:00:00.000000,Canada,Québec,CA-QC,0.0,27.44,100.0,100.0,hydroquebec.com,false,""
2022-07-12T17:00:00.000000,Canada,Québec,CA-QC,0.0,27.46,100.0,100.0,hydroquebec.com,false,""
2022-07-12T18:00:00.000000,Canada,Québec,CA-QC,0.0,27.28,100.0,100.0,hydroquebec.com,false,""
2022-07-12T19:00:00.000000,Canada,Québec,CA-QC,0.0,26.97,100.0,100.0,hydroquebec.com,false,""
2022-07-12T20:00:00.000000,Canada,Québec,CA-QC,0.0,26.89,100.0,100.0,hydroquebec.com,false,""
2022-07-12T21:00:00.000000,Canada,Québec,CA-QC,0.0,26.87,100.0,100.0,hydroquebec.com,false,""
2022-07-12T22:00:00.000000,Canada,Québec,CA-QC,0.0,26.91,100.0,100.0,hydroquebec.com,false,""
2022-07-12T23:00:00.000000,Canada,Québec,CA-QC,0.0,27.04,100.0,100.0,hydroquebec.com,false,""
2022-07-13T00:00:00.000000,Canada,Québec,CA-QC,0.0,27.2,100.0,100.0,hydroquebec.com,false,""
2022-07-13T01:00:00.000000,Canada,Québec,CA-QC,0.0,27.26,100.0,100.0,hydroquebec.com,false,""
2022-07-13T02:00:00.000000,Canada,Québec,CA-QC,0.0,27.31,100.0,100.0,hydroquebec.com,false,""
2022-07-13T03:00:00.000000,Canada,Québec,CA-QC,0.0,27.52,100.0,100.0,hydroquebec.com,false,""
2022-07-13T04:00:00.000000,Canada,Québec,CA-QC,0.0,27.89,100.0,100.0,hydroquebec.com,false,""
2022-07-13T05:00:00.000000,Canada,Québec,CA-QC,0.0,28.07,100.0,100.0,hydroquebec.com,false,""
2022-07-13T06:00:00.000000,Canada,Québec,CA-QC,0.0,28.05,100.0,100.0,hydroquebec.com,false,""
2022-07-13T07:00:00.000000,Canada,Québec,CA-QC,0.0,28.16,100.0,100.0,hydroquebec.com,false,""
2022-07-13T08:00:00.000000,Canada,Québec,CA-QC,0.0,28.28,100.0,100.0,hydroquebec.com,false,""
2022-07-13T09:00:00.000000,Canada,Québec,CA-QC,0.0,28.31,100.0,100.0,hydroquebec.com,false,""
2022-07-13T10:00:00.000000,Canada,Québec,CA-QC,0.0,28.11,100.0,100.0,hydroquebec.com,false,""
2022-07-13T11:00:00.000000,Canada,Québec,CA-QC,0.0,27.85,100.0,100.0,hydroquebec.com,false,""
2022-07-13T12:00:00.000000,Canada,Québec,CA-QC,0.0,27.76,100.0,100.0,hydroquebec.com,false,""
2022-07-13T13:00:00.000000,Canada,Québec,CA-QC,0.0,27.72,100.0,100.0,hydroquebec.com,false,""
2022-07-13T14:00:00.000000,Canada,Québec,CA-QC,0.0,27.66,100.0,100.0,hydroquebec.com,false,""
2022-07-13T15:00:00.000000,Canada,Québec,CA-QC,0.0,27.57,100.0,100.0,hydroquebec.com,false,""
2022-07-13T16:00:00.000000,Canada,Québec,CA-QC,0.0,27.45,100.0,100.0,hydroquebec.com,false,""
2022-07-13T17:00:00.000000,Canada,Québec,CA-QC,0.0,27.39,100.0,100.0,hydroquebec.com,false,""
2022-07-13T18:00:00.000000,Canada,Québec,CA-QC,0.0,27.42,100.0,100.0,hydroquebec.com,false,""
2022-07-13T19:00:00.000000,Canada,Québec,CA-QC,0.0,27.48,100.0,100.0,hydroquebec.com,false,""
2022-07-13T20:00:00.000000,Canada,Québec,CA-QC,0.0,27.57,100.0,100.0,hydroquebec.com,false,""
2022-07-13T21:00:00.000000,Canada,Québec,CA-QC,0.0,27.64,100.0,100.0,hydroquebec.com,false,""
2022-07-13T22:00:00.000000,Canada,Québec,CA-QC,0.0,27.76,100.0,100.0,hydroquebec.com,false,""
2022-07-13T23:00:00.000000,Canada,Québec,CA-QC,0.0,27.95,100.0,100.0,hydroquebec.com,false,""
2022-07-14T00:00:00.000000,Canada,Québec,CA-QC,0.0,28.07,100.0,100.0,hydroquebec.com,false,""
2022-07-14T01:00:00.000000,Canada,Québec,CA-QC,0.0,28.14,100.0,100.0,hydroquebec.com,false,""
2022-07-14T02:00:00.000000,Canada,Québec,CA-QC,0.0,28.28,100.0,100.0,hydroquebec.com,false,""
2022-07-14T03:00:00.000000,Canada,Québec,CA-QC,0.0,28.54,100.0,100.0,hydroquebec.com,false,""
2022-07-14T04:00:00.000000,Canada,Québec,CA-QC,0.0,28.81,100.0,100.0,hydroquebec.com,false,""
2022-07-14T05:00:00.000000,Canada,Québec,CA-QC,0.0,28.99,100.0,100.0,hydroquebec.com,false,""
2022-07-14T06:00:00.000000,Canada,Québec,CA-QC,0.0,29.11,100.0,100.0,hydroquebec.com,false,""
2022-07-14T07:00:00.000000,Canada,Québec,CA-QC,0.0,29.31,100.0,100.0,hydroquebec.com,false,""
2022-07-14T08:00:00.000000,Canada,Québec,CA-QC,0.0,29.44,100.0,100.0,hydroquebec.com,false,""
2022-07-14T09:00:00.000000,Canada,Québec,CA-QC,0.0,29.26,100.0,100.0,hydroquebec.com,false,""
2022-07-14T10:00:00.000000,Canada,Québec,CA-QC,0.0,28.94,100.0,100.0,hydroquebec.com,false,""
2022-07-14T11:00:00.000000,Canada,Québec,CA-QC,0.0,28.6,100.0,100.0,hydroquebec.com,false,""
2022-07-14T12:00:00.000000,Canada,Québec,CA-QC,0.0,28.38,100.0,100.0,hydroquebec.com,false,""
2022-07-14T13:00:00.000000,Canada,Québec,CA-QC,0.0,28.29,100.0,100.0,hydroquebec.com,false,""
2022-07-14T14:00:00.000000,Canada,Québec,CA-QC,0.0,28.24,100.0,100.0,hydroquebec.com,false,""
2022-07-14T15:00:00.000000,Canada,Québec,CA-QC,0.0,28.2,100.0,100.0,hydroquebec.com,false,""
2022-07-14T16:00:00.000000,Canada,Québec,CA-QC,0.0,28.19,100.0,100.0,hydroquebec.com,false,""
2022-07-14T17:00:00.000000,Canada,Québec,CA-QC,0.0,28.29,100.0,100.0,hydroquebec.com,false,""
2022-07-14T18:00:00.000000,Canada,Québec,CA-QC,0.0,28.42,100.0,100.0,hydroquebec.com,false,""
2022-07-14T19:00:00.000000,Canada,Québec,CA-QC,0.0,28.47,100.0,100.0,hydroquebec.com,false,""
2022-07-14T20:00:00.000000,Canada,Québec,CA-QC,0.0,28.46,100.0,100.0,hydroquebec.com,false,""
2022-07-14T21:00:00.000000,Canada,Québec,CA-QC,0.0,28.39,100.0,100.0,hydroquebec.com,false,""
2022-07-14T22:00:00.000000,Canada,Québec,CA-QC,0.0,28.34,100.0,100.0,hydroquebec.com,false,""
2022-07-14T23:00:00.000000,Canada,Québec,CA-QC,0.0,28.35,100.0,100.0,hydroquebec.com,false,""
2022-07-15T00:00:00.000000,Canada,Québec,CA-QC,0.0,28.39,100.0,100.0,hydroquebec.com,false,""
2022-07-15T01:00:00.000000,Canada,Québec,CA-QC,0.0,28.4,100.0,100.0,hydroquebec.com,false,""
2022-07-15T02:00:00.000000,Canada,Québec,CA-QC,0.0,28.45,100.0,100.0,hydroquebec.com,false,""
2022-07-15T03:00:00.000000,Canada,Québec,CA-QC,0.0,28.61,100.0,100.0,hydroquebec.com,false,""
2022-07-15T04:00:00.000000,Canada,Québec,CA-QC,0.0,28.73,100.0,100.0,hydroquebec.com,false,""
2022-07-15T05:00:00.000000,Canada,Québec,CA-QC,0.0,28.82,100.0,100.0,hydroquebec.com,false,""
2022-07-15T06:00:00.000000,Canada,Québec,CA-QC,0.0,28.97,100.0,100.0,hydroquebec.com,false,""
2022-07-15T07:00:00.000000,Canada,Québec,CA-QC,0.09,29.21,99.98,99.59,hydroquebec.com,false,""
2022-07-15T08:00:00.000000,Canada,Québec,CA-QC,0.12,29.35,99.97,99.4,hydroquebec.com,false,""
2022-07-15T09:00:00.000000,Canada,Québec,CA-QC,0.0,29.2,100.0,100.0,hydroquebec.com,false,""
2022-07-15T10:00:00.000000,Canada,Québec,CA-QC,0.0,28.81,100.0,100.0,hydroquebec.com,false,""
2022-07-15T11:00:00.000000,Canada,Québec,CA-QC,0.0,28.47,100.0,100.0,hydroquebec.com,false,""
2022-07-15T12:00:00.000000,Canada,Québec,CA-QC,0.0,28.34,100.0,100.0,hydroquebec.com,false,""
2022-07-15T13:00:00.000000,Canada,Québec,CA-QC,0.0,28.34,100.0,100.0,hydroquebec.com,false,""
2022-07-15T14:00:00.000000,Canada,Québec,CA-QC,0.0,28.31,100.0,100.0,hydroquebec.com,false,""
2022-07-15T15:00:00.000000,Canada,Québec,CA-QC,0.0,28.16,100.0,100.0,hydroquebec.com,false,""
2022-07-15T16:00:00.000000,Canada,Québec,CA-QC,0.0,28.02,100.0,100.0,hydroquebec.com,false,""
2022-07-15T17:00:00.000000,Canada,Québec,CA-QC,0.0,27.94,100.0,100.0,hydroquebec.com,false,""
2022-07-15T18:00:00.000000,Canada,Québec,CA-QC,0.0,27.84,100.0,100.0,hydroquebec.com,false,""
2022-07-15T19:00:00.000000,Canada,Québec,CA-QC,0.0,27.73,100.0,100.0,hydroquebec.com,false,""
2022-07-15T20:00:00.000000,Canada,Québec,CA-QC,0.0,27.68,100.0,100.0,hydroquebec.com,false,""
2022-07-15T21:00:00.000000,Canada,Québec,CA-QC,0.0,27.62,100.0,100.0,hydroquebec.com,false,""
2022-07-15T22:00:00.000000,Canada,Québec,CA-QC,0.0,27.68,100.0,100.0,hydroquebec.com,false,""
2022-07-15T23:00:00.000000,Canada,Québec,CA-QC,0.0,27.8,100.0,100.0,hydroquebec.com,false,""
2022-07-16T00:00:00.000000,Canada,Québec,CA-QC,0.0,27.84,100.0,100.0,hydroquebec.com,false,""
2022-07-16T01:00:00.000000,Canada,Québec,CA-QC,0.0,27.88,100.0,100.0,hydroquebec.com,false,""
2022-07-16T02:00:00.000000,Canada,Québec,CA-QC,0.0,28.0,100.0,100.0,hydroquebec.com,false,""
2022-07-16T03:00:00.000000,Canada,Québec,CA-QC,0.0,28.21,100.0,100.0,hydroquebec.com,false,""
2022-07-16T04:00:00.000000,Canada,Québec,CA-QC,0.0,28.37,100.0,100.0,hydroquebec.com,false,""
2022-07-16T05:00:00.000000,Canada,Québec,CA-QC,0.0,28.61,100.0,100.0,hydroquebec.com,false,""
2022-07-16T06:00:00.000000,Canada,Québec,CA-QC,0.0,28.88,100.0,100.0,hydroquebec.com,false,""
2022-07-16T07:00:00.000000,Canada,Québec,CA-QC,0.0,28.98,100.0,100.0,hydroquebec.com,false,""
2022-07-16T08:00:00.000000,Canada,Québec,CA-QC,0.0,29.01,100.0,100.0,hydroquebec.com,false,""
2022-07-16T09:00:00.000000,Canada,Québec,CA-QC,0.0,29.03,100.0,100.0,hydroquebec.com,false,""
2022-07-16T10:00:00.000000,Canada,Québec,CA-QC,0.0,29.01,100.0,100.0,hydroquebec.com,false,""
2022-07-16T11:00:00.000000,Canada,Québec,CA-QC,0.0,28.85,100.0,100.0,hydroquebec.com,false,""
2022-07-16T12:00:00.000000,Canada,Québec,CA-QC,0.0,28.69,100.0,100.0,hydroquebec.com,false,""
2022-07-16T13:00:00.000000,Canada,Québec,CA-QC,0.0,28.54,100.0,100.0,hydroquebec.com,false,""
2022-07-16T14:00:00.000000,Canada,Québec,CA-QC,0.0,28.33,100.0,100.0,hydroquebec.com,false,""
2022-07-16T15:00:00.000000,Canada,Québec,CA-QC,0.0,28.13,100.0,100.0,hydroquebec.com,false,""
2022-07-16T16:00:00.000000,Canada,Québec,CA-QC,0.0,28.15,100.0,100.0,hydroquebec.com,false,""
2022-07-16T17:00:00.000000,Canada,Québec,CA-QC,0.0,28.25,100.0,100.0,hydroquebec.com,false,""
2022-07-16T18:00:00.000000,Canada,Québec,CA-QC,0.0,28.31,100.0,100.0,hydroquebec.com,false,""
2022-07-16T19:00:00.000000,Canada,Québec,CA-QC,0.0,28.3,100.0,100.0,hydroquebec.com,false,""
2022-07-16T20:00:00.000000,Canada,Québec,CA-QC,0.0,28.23,100.0,100.0,hydroquebec.com,false,""
2022-07-16T21:00:00.000000,Canada,Québec,CA-QC,0.0,28.21,100.0,100.0,hydroquebec.com,false,""
2022-07-16T22:00:00.000000,Canada,Québec,CA-QC,0.0,28.27,100.0,100.0,hydroquebec.com,false,""
2022-07-16T23:00:00.000000,Canada,Québec,CA-QC,0.0,28.42,100.0,100.0,hydroquebec.com,false,""
2022-07-17T00:00:00.000000,Canada,Québec,CA-QC,0.0,28.53,100.0,100.0,hydroquebec.com,false,""
2022-07-17T01:00:00.000000,Canada,Québec,CA-QC,0.0,28.54,100.0,100.0,hydroquebec.com,false,""
2022-07-17T02:00:00.000000,Canada,Québec,CA-QC,0.0,28.57,100.0,100.0,hydroquebec.com,false,""
2022-07-17T03:00:00.000000,Canada,Québec,CA-QC,0.0,28.71,100.0,100.0,hydroquebec.com,false,""
2022-07-17T04:00:00.000000,Canada,Québec,CA-QC,0.0,28.77,100.0,100.0,hydroquebec.com,false,""
2022-07-17T05:00:00.000000,Canada,Québec,CA-QC,0.0,28.89,100.0,100.0,hydroquebec.com,false,""
2022-07-17T06:00:00.000000,Canada,Québec,CA-QC,0.0,29.06,100.0,100.0,hydroquebec.com,false,""
2022-07-17T07:00:00.000000,Canada,Québec,CA-QC,0.0,29.16,100.0,100.0,hydroquebec.com,false,""
2022-07-17T08:00:00.000000,Canada,Québec,CA-QC,0.0,29.29,100.0,100.0,hydroquebec.com,false,""
2022-07-17T09:00:00.000000,Canada,Québec,CA-QC,0.0,29.44,100.0,100.0,hydroquebec.com,false,""
2022-07-17T10:00:00.000000,Canada,Québec,CA-QC,0.0,29.48,100.0,100.0,hydroquebec.com,false,""
2022-07-17T11:00:00.000000,Canada,Québec,CA-QC,0.0,29.46,100.0,100.0,hydroquebec.com,false,""
2022-07-17T12:00:00.000000,Canada,Québec,CA-QC,0.0,29.29,100.0,100.0,hydroquebec.com,false,""
2022-07-17T13:00:00.000000,Canada,Québec,CA-QC,0.0,28.99,100.0,100.0,hydroquebec.com,false,""
2022-07-17T14:00:00.000000,Canada,Québec,CA-QC,0.0,28.68,100.0,100.0,hydroquebec.com,false,""
2022-07-17T15:00:00.000000,Canada,Québec,CA-QC,0.0,28.44,100.0,100.0,hydroquebec.com,false,""
2022-07-17T16:00:00.000000,Canada,Québec,CA-QC,0.0,28.27,100.0,100.0,hydroquebec.com,false,""
2022-07-17T17:00:00.000000,Canada,Québec,CA-QC,0.0,28.26,100.0,100.0,hydroquebec.com,false,""
2022-07-17T18:00:00.000000,Canada,Québec,CA-QC,0.0,28.32,100.0,100.0,hydroquebec.com,false,""
2022-07-17T19:00:00.000000,Canada,Québec,CA-QC,0.0,28.33,100.0,100.0,hydroquebec.com,false,""
2022-07-17T20:00:00.000000,Canada,Québec,CA-QC,0.0,28.33,100.0,100.0,hydroquebec.com,false,""
2022-07-17T21:00:00.000000,Canada,Québec,CA-QC,0.0,28.28,100.0,100.0,hydroquebec.com,false,""
2022-07-17T22:00:00.000000,Canada,Québec,CA-QC,0.0,28.31,100.0,100.0,hydroquebec.com,false,""
2022-07-17T23:00:00.000000,Canada,Québec,CA-QC,0.0,28.39,100.0,100.0,hydroquebec.com,false,""
2022-07-18T00:00:00.000000,Canada,Québec,CA-QC,0.0,28.46,100.0,100.0,hydroquebec.com,false,""
2022-07-18T01:00:00.000000,Canada,Québec,CA-QC,0.0,28.49,100.0,100.0,hydroquebec.com,false,""
2022-07-18T02:00:00.000000,Canada,Québec,CA-QC,0.0,28.55,100.0,100.0,hydroquebec.com,false,""
2022-07-18T03:00:00.000000,Canada,Québec,CA-QC,0.0,28.7,100.0,100.0,hydroquebec.com,false,""
2022-07-18T04:00:00.000000,Canada,Québec,CA-QC,0.0,28.89,100.0,100.0,hydroquebec.com,false,""
2022-07-18T05:00:00.000000,Canada,Québec,CA-QC,0.0,29.02,100.0,100.0,hydroquebec.com,false,""
2022-07-18T06:00:00.000000,Canada,Québec,CA-QC,0.0,29.08,100.0,100.0,hydroquebec.com,false,""
2022-07-18T07:00:00.000000,Canada,Québec,CA-QC,0.0,29.2,100.0,100.0,hydroquebec.com,false,""
2022-07-18T08:00:00.000000,Canada,Québec,CA-QC,0.0,29.31,100.0,100.0,hydroquebec.com,false,""
2022-07-18T09:00:00.000000,Canada,Québec,CA-QC,0.0,29.23,100.0,100.0,hydroquebec.com,false,""
2022-07-18T10:00:00.000000,Canada,Québec,CA-QC,0.0,29.04,100.0,100.0,hydroquebec.com,false,""
2022-07-18T11:00:00.000000,Canada,Québec,CA-QC,0.0,28.83,100.0,100.0,hydroquebec.com,false,""
2022-07-18T12:00:00.000000,Canada,Québec,CA-QC,0.0,28.72,100.0,100.0,hydroquebec.com,false,""
2022-07-18T13:00:00.000000,Canada,Québec,CA-QC,0.0,28.73,100.0,100.0,hydroquebec.com,false,""
2022-07-18T14:00:00.000000,Canada,Québec,CA-QC,0.0,28.62,100.0,100.0,hydroquebec.com,false,""
2022-07-18T15:00:00.000000,Canada,Québec,CA-QC,0.0,28.46,100.0,100.0,hydroquebec.com,false,""
2022-07-18T16:00:00.000000,Canada,Québec,CA-QC,0.0,28.3,100.0,100.0,hydroquebec.com,false,""
2022-07-18T17:00:00.000000,Canada,Québec,CA-QC,0.0,28.19,100.0,100.0,hydroquebec.com,false,""
2022-07-18T18:00:00.000000,Canada,Québec,CA-QC,0.0,28.2,100.0,100.0,hydroquebec.com,false,""
2022-07-18T19:00:00.000000,Canada,Québec,CA-QC,0.0,28.19,100.0,100.0,hydroquebec.com,false,""
2022-07-18T20:00:00.000000,Canada,Québec,CA-QC,0.0,28.17,100.0,100.0,hydroquebec.com,false,""
2022-07-18T21:00:00.000000,Canada,Québec,CA-QC,0.0,28.19,100.0,100.0,hydroquebec.com,false,""
2022-07-18T22:00:00.000000,Canada,Québec,CA-QC,0.0,28.25,100.0,100.0,hydroquebec.com,false,""
2022-07-18T23:00:00.000000,Canada,Québec,CA-QC,0.0,28.35,100.0,100.0,hydroquebec.com,false,""
2022-07-19T00:00:00.000000,Canada,Québec,CA-QC,0.0,28.35,100.0,100.0,hydroquebec.com,false,""
2022-07-19T01:00:00.000000,Canada,Québec,CA-QC,0.0,28.36,100.0,100.0,hydroquebec.com,false,""
2022-07-19T02:00:00.000000,Canada,Québec,CA-QC,0.0,28.51,100.0,100.0,hydroquebec.com,false,""
2022-07-19T03:00:00.000000,Canada,Québec,CA-QC,0.0,28.73,100.0,100.0,hydroquebec.com,false,""
2022-07-19T04:00:00.000000,Canada,Québec,CA-QC,0.0,29.01,100.0,100.0,hydroquebec.com,false,""
2022-07-19T05:00:00.000000,Canada,Québec,CA-QC,0.0,29.24,100.0,100.0,hydroquebec.com,false,""
2022-07-19T06:00:00.000000,Canada,Québec,CA-QC,0.0,29.44,100.0,100.0,hydroquebec.com,false,""
2022-07-19T07:00:00.000000,Canada,Québec,CA-QC,0.0,29.66,100.0,100.0,hydroquebec.com,false,""
2022-07-19T08:00:00.000000,Canada,Québec,CA-QC,0.0,29.74,100.0,100.0,hydroquebec.com,false,""
2022-07-19T09:00:00.000000,Canada,Québec,CA-QC,0.0,29.51,100.0,100.0,hydroquebec.com,false,""
2022-07-19T10:00:00.000000,Canada,Québec,CA-QC,0.0,29.13,100.0,100.0,hydroquebec.com,false,""
2022-07-19T11:00:00.000000,Canada,Québec,CA-QC,0.0,28.77,100.0,100.0,hydroquebec.com,false,""
2022-07-19T12:00:00.000000,Canada,Québec,CA-QC,0.0,28.51,100.0,100.0,hydroquebec.com,false,""
2022-07-19T13:00:00.000000,Canada,Québec,CA-QC,0.0,28.43,100.0,100.0,hydroquebec.com,false,""
2022-07-19T14:00:00.000000,Canada,Québec,CA-QC,0.0,28.4,100.0,100.0,hydroquebec.com,false,""
2022-07-19T15:00:00.000000,Canada,Québec,CA-QC,0.0,28.31,100.0,100.0,hydroquebec.com,false,""
2022-07-19T16:00:00.000000,Canada,Québec,CA-QC,0.0,28.21,100.0,100.0,hydroquebec.com,false,""
2022-07-19T17:00:00.000000,Canada,Québec,CA-QC,0.0,28.02,100.0,100.0,hydroquebec.com,false,""
2022-07-19T18:00:00.000000,Canada,Québec,CA-QC,0.0,27.86,100.0,100.0,hydroquebec.com,false,""
2022-07-19T19:00:00.000000,Canada,Québec,CA-QC,0.0,27.89,100.0,100.0,hydroquebec.com,false,""
2022-07-19T20:00:00.000000,Canada,Québec,CA-QC,0.0,27.75,100.0,100.0,hydroquebec.com,false,""
2022-07-19T21:00:00.000000,Canada,Québec,CA-QC,0.0,27.6,100.0,100.0,hydroquebec.com,false,""
2022-07-19T22:00:00.000000,Canada,Québec,CA-QC,0.0,27.59,100.0,100.0,hydroquebec.com,false,""
2022-07-19T23:00:00.000000,Canada,Québec,CA-QC,0.0,27.63,100.0,100.0,hydroquebec.com,false,""
2022-07-20T00:00:00.000000,Canada,Québec,CA-QC,0.0,27.73,100.0,100.0,hydroquebec.com,false,""
2022-07-20T01:00:00.000000,Canada,Québec,CA-QC,0.0,27.67,100.0,100.0,hydroquebec.com,false,""
2022-07-20T02:00:00.000000,Canada,Québec,CA-QC,0.0,27.71,100.0,100.0,hydroquebec.com,false,""
2022-07-20T03:00:00.000000,Canada,Québec,CA-QC,0.0,27.96,100.0,100.0,hydroquebec.com,false,""
2022-07-20T04:00:00.000000,Canada,Québec,CA-QC,0.0,28.12,100.0,100.0,hydroquebec.com,false,""
2022-07-20T05:00:00.000000,Canada,Québec,CA-QC,0.0,28.18,100.0,100.0,hydroquebec.com,false,""
2022-07-20T06:00:00.000000,Canada,Québec,CA-QC,0.0,28.24,100.0,100.0,hydroquebec.com,false,""
2022-07-20T07:00:00.000000,Canada,Québec,CA-QC,0.0,28.41,100.0,100.0,hydroquebec.com,false,""
2022-07-20T08:00:00.000000,Canada,Québec,CA-QC,0.0,28.52,100.0,100.0,hydroquebec.com,false,""
2022-07-20T09:00:00.000000,Canada,Québec,CA-QC,0.0,28.45,100.0,100.0,hydroquebec.com,false,""
2022-07-20T10:00:00.000000,Canada,Québec,CA-QC,0.0,28.32,100.0,100.0,hydroquebec.com,false,""
2022-07-20T11:00:00.000000,Canada,Québec,CA-QC,0.0,28.14,100.0,100.0,hydroquebec.com,false,""
2022-07-20T12:00:00.000000,Canada,Québec,CA-QC,0.0,28.01,100.0,100.0,hydroquebec.com,false,""
2022-07-20T13:00:00.000000,Canada,Québec,CA-QC,0.0,27.81,100.0,100.0,hydroquebec.com,false,""
2022-07-20T14:00:00.000000,Canada,Québec,CA-QC,0.0,27.7,100.0,100.0,hydroquebec.com,false,""
2022-07-20T15:00:00.000000,Canada,Québec,CA-QC,0.0,27.66,100.0,100.0,hydroquebec.com,false,""
2022-07-20T16:00:00.000000,Canada,Québec,CA-QC,0.0,27.61,100.0,100.0,hydroquebec.com,false,""
2022-07-20T17:00:00.000000,Canada,Québec,CA-QC,0.0,27.68,100.0,100.0,hydroquebec.com,false,""
2022-07-20T18:00:00.000000,Canada,Québec,CA-QC,0.0,27.75,100.0,100.0,hydroquebec.com,false,""
2022-07-20T19:00:00.000000,Canada,Québec,CA-QC,0.0,27.74,100.0,100.0,hydroquebec.com,false,""
2022-07-20T20:00:00.000000,Canada,Québec,CA-QC,0.0,27.69,100.0,100.0,hydroquebec.com,false,""
2022-07-20T21:00:00.000000,Canada,Québec,CA-QC,0.0,27.72,100.0,100.0,hydroquebec.com,false,""
2022-07-20T22:00:00.000000,Canada,Québec,CA-QC,0.0,27.85,100.0,100.0,hydroquebec.com,false,""
2022-07-20T23:00:00.000000,Canada,Québec,CA-QC,0.0,28.02,100.0,100.0,hydroquebec.com,false,""
2022-07-21T00:00:00.000000,Canada,Québec,CA-QC,0.0,28.1,100.0,100.0,hydroquebec.com,false,""
2022-07-21T01:00:00.000000,Canada,Québec,CA-QC,0.0,28.05,100.0,100.0,hydroquebec.com,false,""
2022-07-21T02:00:00.000000,Canada,Québec,CA-QC,0.0,28.16,100.0,100.0,hydroquebec.com,false,""
2022-07-21T03:00:00.000000,Canada,Québec,CA-QC,0.0,28.46,100.0,100.0,hydroquebec.com,false,""
2022-07-21T04:00:00.000000,Canada,Québec,CA-QC,0.0,28.7,100.0,100.0,hydroquebec.com,false,""
2022-07-21T05:00:00.000000,Canada,Québec,CA-QC,0.0,28.94,100.0,100.0,hydroquebec.com,false,""
2022-07-21T06:00:00.000000,Canada,Québec,CA-QC,0.0,29.22,100.0,100.0,hydroquebec.com,false,""
2022-07-21T07:00:00.000000,Canada,Québec,CA-QC,0.14,29.47,99.96,99.67,hydroquebec.com,false,""
2022-07-21T08:00:00.000000,Canada,Québec,CA-QC,0.13,29.4,99.96,99.68,hydroquebec.com,false,""
2022-07-21T09:00:00.000000,Canada,Québec,CA-QC,0.0,29.11,100.0,100.0,hydroquebec.com,false,""
2022-07-21T10:00:00.000000,Canada,Québec,CA-QC,0.0,28.68,100.0,100.0,hydroquebec.com,false,""
2022-07-21T11:00:00.000000,Canada,Québec,CA-QC,0.0,28.21,100.0,100.0,hydroquebec.com,false,""
2022-07-21T12:00:00.000000,Canada,Québec,CA-QC,0.0,28.0,100.0,100.0,hydroquebec.com,false,""
2022-07-21T13:00:00.000000,Canada,Québec,CA-QC,0.0,27.95,100.0,100.0,hydroquebec.com,false,""
2022-07-21T14:00:00.000000,Canada,Québec,CA-QC,0.0,27.82,100.0,100.0,hydroquebec.com,false,""
2022-07-21T15:00:00.000000,Canada,Québec,CA-QC,0.0,27.67,100.0,100.0,hydroquebec.com,false,""
2022-07-21T16:00:00.000000,Canada,Québec,CA-QC,0.0,27.81,100.0,100.0,hydroquebec.com,false,""
2022-07-21T17:00:00.000000,Canada,Québec,CA-QC,0.0,27.93,100.0,100.0,hydroquebec.com,false,""
2022-07-21T18:00:00.000000,Canada,Québec,CA-QC,0.0,27.94,100.0,100.0,hydroquebec.com,false,""
2022-07-21T19:00:00.000000,Canada,Québec,CA-QC,0.0,28.0,100.0,100.0,hydroquebec.com,false,""
2022-07-21T20:00:00.000000,Canada,Québec,CA-QC,0.0,27.99,100.0,100.0,hydroquebec.com,false,""
2022-07-21T21:00:00.000000,Canada,Québec,CA-QC,0.0,27.91,100.0,100.0,hydroquebec.com,false,""
2022-07-21T22:00:00.000000,Canada,Québec,CA-QC,0.0,27.86,100.0,100.0,hydroquebec.com,false,""
2022-07-21T23:00:00.000000,Canada,Québec,CA-QC,0.0,27.83,100.0,100.0,hydroquebec.com,false,""
2022-07-22T00:00:00.000000,Canada,Québec,CA-QC,0.0,27.85,100.0,100.0,hydroquebec.com,false,""
2022-07-22T01:00:00.000000,Canada,Québec,CA-QC,0.0,28.01,100.0,100.0,hydroquebec.com,false,""
2022-07-22T02:00:00.000000,Canada,Québec,CA-QC,0.0,28.11,100.0,100.0,hydroquebec.com,false,""
2022-07-22T03:00:00.000000,Canada,Québec,CA-QC,0.0,28.2,100.0,100.0,hydroquebec.com,false,""
2022-07-22T04:00:00.000000,Canada,Québec,CA-QC,0.0,28.35,100.0,100.0,hydroquebec.com,false,""
2022-07-22T05:00:00.000000,Canada,Québec,CA-QC,0.0,28.58,100.0,100.0,hydroquebec.com,false,""
2022-07-22T06:00:00.000000,Canada,Québec,CA-QC,0.0,28.85,100.0,100.0,hydroquebec.com,false,""
2022-07-22T07:00:00.000000,Canada,Québec,CA-QC,0.0,28.95,100.0,100.0,hydroquebec.com,false,""
2022-07-22T08:00:00.000000,Canada,Québec,CA-QC,0.0,29.03,100.0,100.0,hydroquebec.com,false,""
2022-07-22T09:00:00.000000,Canada,Québec,CA-QC,0.0,29.13,100.0,100.0,hydroquebec.com,false,""
2022-07-22T10:00:00.000000,Canada,Québec,CA-QC,0.0,28.93,100.0,100.0,hydroquebec.com,false,""
2022-07-22T11:00:00.000000,Canada,Québec,CA-QC,0.0,28.63,100.0,100.0,hydroquebec.com,false,""
2022-07-22T12:00:00.000000,Canada,Québec,CA-QC,0.0,28.38,100.0,100.0,hydroquebec.com,false,""
2022-07-22T13:00:00.000000,Canada,Québec,CA-QC,0.0,28.2,100.0,100.0,hydroquebec.com,false,""
2022-07-22T14:00:00.000000,Canada,Québec,CA-QC,0.0,28.13,100.0,100.0,hydroquebec.com,false,""
2022-07-22T15:00:00.000000,Canada,Québec,CA-QC,0.0,28.1,100.0,100.0,hydroquebec.com,false,""
2022-07-22T16:00:00.000000,Canada,Québec,CA-QC,0.0,28.02,100.0,100.0,hydroquebec.com,false,""
2022-07-22T17:00:00.000000,Canada,Québec,CA-QC,0.0,27.94,100.0,100.0,hydroquebec.com,false,""
2022-07-22T18:00:00.000000,Canada,Québec,CA-QC,0.0,27.91,100.0,100.0,hydroquebec.com,false,""
2022-07-22T19:00:00.000000,Canada,Québec,CA-QC,0.0,27.85,100.0,100.0,hydroquebec.com,false,""
2022-07-22T20:00:00.000000,Canada,Québec,CA-QC,0.0,27.89,100.0,100.0,hydroquebec.com,false,""
2022-07-22T21:00:00.000000,Canada,Québec,CA-QC,0.0,27.97,100.0,100.0,hydroquebec.com,false,""
2022-07-22T22:00:00.000000,Canada,Québec,CA-QC,0.0,28.05,100.0,100.0,hydroquebec.com,false,""
2022-07-22T23:00:00.000000,Canada,Québec,CA-QC,0.0,28.24,100.0,100.0,hydroquebec.com,false,""
2022-07-23T00:00:00.000000,Canada,Québec,CA-QC,0.0,28.37,100.0,100.0,hydroquebec.com,false,""
2022-07-23T01:00:00.000000,Canada,Québec,CA-QC,0.0,28.37,100.0,100.0,hydroquebec.com,false,""
2022-07-23T02:00:00.000000,Canada,Québec,CA-QC,0.0,28.43,100.0,100.0,hydroquebec.com,false,""
2022-07-23T03:00:00.000000,Canada,Québec,CA-QC,0.0,28.63,100.0,100.0,hydroquebec.com,false,""
2022-07-23T04:00:00.000000,Canada,Québec,CA-QC,0.0,28.83,100.0,100.0,hydroquebec.com,false,""
2022-07-23T05:00:00.000000,Canada,Québec,CA-QC,0.0,29.07,100.0,100.0,hydroquebec.com,false,""
2022-07-23T06:00:00.000000,Canada,Québec,CA-QC,0.0,29.36,100.0,100.0,hydroquebec.com,false,""
2022-07-23T07:00:00.000000,Canada,Québec,CA-QC,0.07,29.64,99.98,99.71,hydroquebec.com,false,""
2022-07-23T08:00:00.000000,Canada,Québec,CA-QC,0.07,29.78,99.98,99.7,hydroquebec.com,false,""
2022-07-23T09:00:00.000000,Canada,Québec,CA-QC,0.02,29.8,100.0,99.93,hydroquebec.com,false,""
2022-07-23T10:00:00.000000,Canada,Québec,CA-QC,0.0,29.69,100.0,100.0,hydroquebec.com,false,""
2022-07-23T11:00:00.000000,Canada,Québec,CA-QC,0.0,29.51,100.0,100.0,hydroquebec.com,false,""
2022-07-23T12:00:00.000000,Canada,Québec,CA-QC,0.0,29.23,100.0,100.0,hydroquebec.com,false,""
2022-07-23T13:00:00.000000,Canada,Québec,CA-QC,0.0,28.82,100.0,100.0,hydroquebec.com,false,""
2022-07-23T14:00:00.000000,Canada,Québec,CA-QC,0.0,28.41,100.0,100.0,hydroquebec.com,false,""
2022-07-23T15:00:00.000000,Canada,Québec,CA-QC,0.0,28.11,100.0,100.0,hydroquebec.com,false,""
2022-07-23T16:00:00.000000,Canada,Québec,CA-QC,0.0,28.04,100.0,100.0,hydroquebec.com,false,""
2022-07-23T17:00:00.000000,Canada,Québec,CA-QC,0.0,28.0,100.0,100.0,hydroquebec.com,false,""
2022-07-23T18:00:00.000000,Canada,Québec,CA-QC,0.0,28.03,100.0,100.0,hydroquebec.com,false,""
2022-07-23T19:00:00.000000,Canada,Québec,CA-QC,0.0,28.18,100.0,100.0,hydroquebec.com,false,""
2022-07-23T20:00:00.000000,Canada,Québec,CA-QC,0.0,28.16,100.0,100.0,hydroquebec.com,false,""
2022-07-23T21:00:00.000000,Canada,Québec,CA-QC,0.0,28.17,100.0,100.0,hydroquebec.com,false,""
2022-07-23T22:00:00.000000,Canada,Québec,CA-QC,0.0,28.37,100.0,100.0,hydroquebec.com,false,""
2022-07-23T23:00:00.000000,Canada,Québec,CA-QC,0.0,28.49,100.0,100.0,hydroquebec.com,false,""
2022-07-24T00:00:00.000000,Canada,Québec,CA-QC,0.0,28.44,100.0,100.0,hydroquebec.com,false,""
2022-07-24T01:00:00.000000,Canada,Québec,CA-QC,0.0,28.44,100.0,100.0,hydroquebec.com,false,""
2022-07-24T02:00:00.000000,Canada,Québec,CA-QC,0.0,28.6,100.0,100.0,hydroquebec.com,false,""
2022-07-24T03:00:00.000000,Canada,Québec,CA-QC,0.0,28.72,100.0,100.0,hydroquebec.com,false,""
2022-07-24T04:00:00.000000,Canada,Québec,CA-QC,0.0,28.88,100.0,100.0,hydroquebec.com,false,""
2022-07-24T05:00:00.000000,Canada,Québec,CA-QC,0.0,29.06,100.0,100.0,hydroquebec.com,false,""
2022-07-24T06:00:00.000000,Canada,Québec,CA-QC,0.0,29.29,100.0,100.0,hydroquebec.com,false,""
2022-07-24T07:00:00.000000,Canada,Québec,CA-QC,0.04,29.67,99.99,99.76,hydroquebec.com,false,""
2022-07-24T08:00:00.000000,Canada,Québec,CA-QC,0.2,29.89,99.95,98.84,hydroquebec.com,false,""
2022-07-24T09:00:00.000000,Canada,Québec,CA-QC,0.23,30.01,99.94,98.59,hydroquebec.com,false,""
2022-07-24T10:00:00.000000,Canada,Québec,CA-QC,0.23,30.1,99.94,98.58,hydroquebec.com,false,""
2022-07-24T11:00:00.000000,Canada,Québec,CA-QC,0.01,30.05,100.0,99.95,hydroquebec.com,false,""
2022-07-24T12:00:00.000000,Canada,Québec,CA-QC,0.0,29.68,100.0,100.0,hydroquebec.com,false,""
2022-07-24T13:00:00.000000,Canada,Québec,CA-QC,0.0,29.27,100.0,100.0,hydroquebec.com,false,""
2022-07-24T14:00:00.000000,Canada,Québec,CA-QC,0.0,28.98,100.0,100.0,hydroquebec.com,false,""
2022-07-24T15:00:00.000000,Canada,Québec,CA-QC,0.0,28.85,100.0,100.0,hydroquebec.com,false,""
2022-07-24T16:00:00.000000,Canada,Québec,CA-QC,0.0,28.86,100.0,100.0,hydroquebec.com,false,""
2022-07-24T17:00:00.000000,Canada,Québec,CA-QC,0.0,28.92,100.0,100.0,hydroquebec.com,false,""
2022-07-24T18:00:00.000000,Canada,Québec,CA-QC,0.0,28.93,100.0,100.0,hydroquebec.com,false,""
2022-07-24T19:00:00.000000,Canada,Québec,CA-QC,0.0,28.98,100.0,100.0,hydroquebec.com,false,""
2022-07-24T20:00:00.000000,Canada,Québec,CA-QC,0.0,28.99,100.0,100.0,hydroquebec.com,false,""
2022-07-24T21:00:00.000000,Canada,Québec,CA-QC,0.0,28.89,100.0,100.0,hydroquebec.com,false,""
2022-07-24T22:00:00.000000,Canada,Québec,CA-QC,0.0,28.77,100.0,100.0,hydroquebec.com,false,""
2022-07-24T23:00:00.000000,Canada,Québec,CA-QC,0.0,28.79,100.0,100.0,hydroquebec.com,false,""
2022-07-25T00:00:00.000000,Canada,Québec,CA-QC,0.0,28.88,100.0,100.0,hydroquebec.com,false,""
2022-07-25T01:00:00.000000,Canada,Québec,CA-QC,0.0,28.95,100.0,100.0,hydroquebec.com,false,""
2022-07-25T02:00:00.000000,Canada,Québec,CA-QC,0.0,29.06,100.0,100.0,hydroquebec.com,false,""
2022-07-25T03:00:00.000000,Canada,Québec,CA-QC,0.0,29.15,100.0,100.0,hydroquebec.com,false,""
2022-07-25T04:00:00.000000,Canada,Québec,CA-QC,0.0,29.29,100.0,100.0,hydroquebec.com,false,""
2022-07-25T05:00:00.000000,Canada,Québec,CA-QC,0.0,29.72,100.0,100.0,hydroquebec.com,false,""
2022-07-25T06:00:00.000000,Canada,Québec,CA-QC,0.0,30.09,100.0,100.0,hydroquebec.com,false,""
2022-07-25T07:00:00.000000,Canada,Québec,CA-QC,0.0,30.06,100.0,100.0,hydroquebec.com,false,""
2022-07-25T08:00:00.000000,Canada,Québec,CA-QC,0.0,29.99,100.0,100.0,hydroquebec.com,false,""
2022-07-25T09:00:00.000000,Canada,Québec,CA-QC,0.0,29.92,100.0,100.0,hydroquebec.com,false,""
2022-07-25T10:00:00.000000,Canada,Québec,CA-QC,0.0,29.61,100.0,100.0,hydroquebec.com,false,""
2022-07-25T11:00:00.000000,Canada,Québec,CA-QC,0.0,29.29,100.0,100.0,hydroquebec.com,false,""
2022-07-25T12:00:00.000000,Canada,Québec,CA-QC,0.0,29.05,100.0,100.0,hydroquebec.com,false,""
2022-07-25T13:00:00.000000,Canada,Québec,CA-QC,0.0,28.93,100.0,100.0,hydroquebec.com,false,""
2022-07-25T14:00:00.000000,Canada,Québec,CA-QC,0.0,28.75,100.0,100.0,hydroquebec.com,false,""
2022-07-25T15:00:00.000000,Canada,Québec,CA-QC,0.0,28.55,100.0,100.0,hydroquebec.com,false,""
2022-07-25T16:00:00.000000,Canada,Québec,CA-QC,0.0,28.44,100.0,100.0,hydroquebec.com,false,""
2022-07-25T17:00:00.000000,Canada,Québec,CA-QC,0.0,28.38,100.0,100.0,hydroquebec.com,false,""
2022-07-25T18:00:00.000000,Canada,Québec,CA-QC,0.0,28.37,100.0,100.0,hydroquebec.com,false,""
2022-07-25T19:00:00.000000,Canada,Québec,CA-QC,0.0,28.33,100.0,100.0,hydroquebec.com,false,""
2022-07-25T20:00:00.000000,Canada,Québec,CA-QC,0.0,28.34,100.0,100.0,hydroquebec.com,false,""
2022-07-25T21:00:00.000000,Canada,Québec,CA-QC,0.0,28.14,100.0,100.0,hydroquebec.com,false,""
2022-07-25T22:00:00.000000,Canada,Québec,CA-QC,0.0,28.02,100.0,100.0,hydroquebec.com,false,""
2022-07-25T23:00:00.000000,Canada,Québec,CA-QC,0.0,28.19,100.0,100.0,hydroquebec.com,false,""
2022-07-26T00:00:00.000000,Canada,Québec,CA-QC,0.0,28.29,100.0,100.0,hydroquebec.com,false,""
2022-07-26T01:00:00.000000,Canada,Québec,CA-QC,0.0,28.36,100.0,100.0,hydroquebec.com,false,""
2022-07-26T02:00:00.000000,Canada,Québec,CA-QC,0.0,28.54,100.0,100.0,hydroquebec.com,false,""
2022-07-26T03:00:00.000000,Canada,Québec,CA-QC,0.0,28.72,100.0,100.0,hydroquebec.com,false,""
2022-07-26T04:00:00.000000,Canada,Québec,CA-QC,0.0,28.91,100.0,100.0,hydroquebec.com,false,""
2022-07-26T05:00:00.000000,Canada,Québec,CA-QC,0.0,29.13,100.0,100.0,hydroquebec.com,false,""
2022-07-26T06:00:00.000000,Canada,Québec,CA-QC,0.13,29.26,99.97,99.32,hydroquebec.com,false,""
2022-07-26T07:00:00.000000,Canada,Québec,CA-QC,0.28,29.33,99.93,98.3,hydroquebec.com,false,""
2022-07-26T08:00:00.000000,Canada,Québec,CA-QC,0.26,29.49,99.93,98.49,hydroquebec.com,false,""
2022-07-26T09:00:00.000000,Canada,Québec,CA-QC,0.0,29.59,100.0,99.99,hydroquebec.com,false,""
2022-07-26T10:00:00.000000,Canada,Québec,CA-QC,0.0,29.37,100.0,100.0,hydroquebec.com,false,""
2022-07-26T11:00:00.000000,Canada,Québec,CA-QC,0.0,29.06,100.0,100.0,hydroquebec.com,false,""
2022-07-26T12:00:00.000000,Canada,Québec,CA-QC,0.0,28.91,100.0,100.0,hydroquebec.com,false,""
2022-07-26T13:00:00.000000,Canada,Québec,CA-QC,0.0,28.8,100.0,100.0,hydroquebec.com,false,""
2022-07-26T14:00:00.000000,Canada,Québec,CA-QC,0.0,28.67,100.0,100.0,hydroquebec.com,false,""
2022-07-26T15:00:00.000000,Canada,Québec,CA-QC,0.0,28.61,100.0,100.0,hydroquebec.com,false,""
2022-07-26T16:00:00.000000,Canada,Québec,CA-QC,0.0,28.56,100.0,100.0,hydroquebec.com,false,""
2022-07-26T17:00:00.000000,Canada,Québec,CA-QC,0.0,28.41,100.0,100.0,hydroquebec.com,false,""
2022-07-26T18:00:00.000000,Canada,Québec,CA-QC,0.0,28.32,100.0,100.0,hydroquebec.com,false,""
2022-07-26T19:00:00.000000,Canada,Québec,CA-QC,0.0,28.42,100.0,100.0,hydroquebec.com,false,""
2022-07-26T20:00:00.000000,Canada,Québec,CA-QC,0.0,28.49,100.0,100.0,hydroquebec.com,false,""
2022-07-26T21:00:00.000000,Canada,Québec,CA-QC,0.0,28.5,100.0,100.0,hydroquebec.com,false,""
2022-07-26T22:00:00.000000,Canada,Québec,CA-QC,0.0,28.58,100.0,100.0,hydroquebec.com,false,""
2022-07-26T23:00:00.000000,Canada,Québec,CA-QC,0.0,28.59,100.0,100.0,hydroquebec.com,false,""
2022-07-27T00:00:00.000000,Canada,Québec,CA-QC,0.0,28.47,100.0,100.0,hydroquebec.com,false,""
2022-07-27T01:00:00.000000,Canada,Québec,CA-QC,0.0,28.43,100.0,100.0,hydroquebec.com,false,""
2022-07-27T02:00:00.000000,Canada,Québec,CA-QC,0.0,28.58,100.0,100.0,hydroquebec.com,false,""
2022-07-27T03:00:00.000000,Canada,Québec,CA-QC,0.0,28.92,100.0,100.0,hydroquebec.com,false,""
2022-07-27T04:00:00.000000,Canada,Québec,CA-QC,0.0,29.17,100.0,100.0,hydroquebec.com,false,""
2022-07-27T05:00:00.000000,Canada,Québec,CA-QC,0.0,29.38,100.0,100.0,hydroquebec.com,false,""
2022-07-27T06:00:00.000000,Canada,Québec,CA-QC,0.0,29.61,100.0,100.0,hydroquebec.com,false,""
2022-07-27T07:00:00.000000,Canada,Québec,CA-QC,0.02,29.69,100.0,99.92,hydroquebec.com,false,""
2022-07-27T08:00:00.000000,Canada,Québec,CA-QC,0.07,29.71,99.98,99.56,hydroquebec.com,false,""
2022-07-27T09:00:00.000000,Canada,Québec,CA-QC,0.0,29.7,100.0,100.0,hydroquebec.com,false,""
2022-07-27T10:00:00.000000,Canada,Québec,CA-QC,0.0,29.5,100.0,100.0,hydroquebec.com,false,""
2022-07-27T11:00:00.000000,Canada,Québec,CA-QC,0.0,29.18,100.0,100.0,hydroquebec.com,false,""
2022-07-27T12:00:00.000000,Canada,Québec,CA-QC,0.0,28.92,100.0,100.0,hydroquebec.com,false,""
2022-07-27T13:00:00.000000,Canada,Québec,CA-QC,0.0,28.77,100.0,100.0,hydroquebec.com,false,""
2022-07-27T14:00:00.000000,Canada,Québec,CA-QC,0.0,28.71,100.0,100.0,hydroquebec.com,false,""
2022-07-27T15:00:00.000000,Canada,Québec,CA-QC,0.0,28.76,100.0,100.0,hydroquebec.com,false,""
2022-07-27T16:00:00.000000,Canada,Québec,CA-QC,0.0,28.84,100.0,100.0,hydroquebec.com,false,""
2022-07-27T17:00:00.000000,Canada,Québec,CA-QC,0.0,28.82,100.0,100.0,hydroquebec.com,false,""
2022-07-27T18:00:00.000000,Canada,Québec,CA-QC,0.0,28.77,100.0,100.0,hydroquebec.com,false,""
2022-07-27T19:00:00.000000,Canada,Québec,CA-QC,0.0,28.78,100.0,100.0,hydroquebec.com,false,""
2022-07-27T20:00:00.000000,Canada,Québec,CA-QC,0.0,28.78,100.0,100.0,hydroquebec.com,false,""
2022-07-27T21:00:00.000000,Canada,Québec,CA-QC,0.0,28.75,100.0,100.0,hydroquebec.com,false,""
2022-07-27T22:00:00.000000,Canada,Québec,CA-QC,0.0,28.82,100.0,100.0,hydroquebec.com,false,""
2022-07-27T23:00:00.000000,Canada,Québec,CA-QC,0.0,28.95,100.0,100.0,hydroquebec.com,false,""
2022-07-28T00:00:00.000000,Canada,Québec,CA-QC,0.0,29.0,100.0,100.0,hydroquebec.com,false,""
2022-07-28T01:00:00.000000,Canada,Québec,CA-QC,0.0,29.03,100.0,100.0,hydroquebec.com,false,""
2022-07-28T02:00:00.000000,Canada,Québec,CA-QC,0.0,29.13,100.0,100.0,hydroquebec.com,false,""
2022-07-28T03:00:00.000000,Canada,Québec,CA-QC,0.0,29.4,100.0,100.0,hydroquebec.com,false,""
2022-07-28T04:00:00.000000,Canada,Québec,CA-QC,0.0,29.7,100.0,100.0,hydroquebec.com,false,""
2022-07-28T05:00:00.000000,Canada,Québec,CA-QC,0.0,30.02,100.0,100.0,hydroquebec.com,false,""
2022-07-28T06:00:00.000000,Canada,Québec,CA-QC,0.0,30.31,100.0,100.0,hydroquebec.com,false,""
2022-07-28T07:00:00.000000,Canada,Québec,CA-QC,0.0,30.48,100.0,100.0,hydroquebec.com,false,""
2022-07-28T08:00:00.000000,Canada,Québec,CA-QC,0.0,30.62,100.0,100.0,hydroquebec.com,false,""
2022-07-28T09:00:00.000000,Canada,Québec,CA-QC,0.0,30.53,100.0,100.0,hydroquebec.com,false,""
2022-07-28T10:00:00.000000,Canada,Québec,CA-QC,0.0,30.15,100.0,100.0,hydroquebec.com,false,""
2022-07-28T11:00:00.000000,Canada,Québec,CA-QC,0.0,29.66,100.0,100.0,hydroquebec.com,false,""
2022-07-28T12:00:00.000000,Canada,Québec,CA-QC,0.0,29.33,100.0,100.0,hydroquebec.com,false,""
2022-07-28T13:00:00.000000,Canada,Québec,CA-QC,0.0,29.17,100.0,100.0,hydroquebec.com,false,""
2022-07-28T14:00:00.000000,Canada,Québec,CA-QC,0.0,29.06,100.0,100.0,hydroquebec.com,false,""
2022-07-28T15:00:00.000000,Canada,Québec,CA-QC,0.0,29.0,100.0,100.0,hydroquebec.com,false,""
2022-07-28T16:00:00.000000,Canada,Québec,CA-QC,0.0,29.0,100.0,100.0,hydroquebec.com,false,""
2022-07-28T17:00:00.000000,Canada,Québec,CA-QC,0.0,28.99,100.0,100.0,hydroquebec.com,false,""
2022-07-28T18:00:00.000000,Canada,Québec,CA-QC,0.0,28.98,100.0,100.0,hydroquebec.com,false,""
2022-07-28T19:00:00.000000,Canada,Québec,CA-QC,0.0,29.03,100.0,100.0,hydroquebec.com,false,""
2022-07-28T20:00:00.000000,Canada,Québec,CA-QC,0.0,29.16,100.0,100.0,hydroquebec.com,false,""
2022-07-28T21:00:00.000000,Canada,Québec,CA-QC,0.0,29.16,100.0,100.0,hydroquebec.com,false,""
2022-07-28T22:00:00.000000,Canada,Québec,CA-QC,0.0,29.02,100.0,100.0,hydroquebec.com,false,""
2022-07-28T23:00:00.000000,Canada,Québec,CA-QC,0.0,28.93,100.0,100.0,hydroquebec.com,false,""
2022-07-29T00:00:00.000000,Canada,Québec,CA-QC,0.0,28.83,100.0,100.0,hydroquebec.com,false,""
2022-07-29T01:00:00.000000,Canada,Québec,CA-QC,0.0,28.71,100.0,100.0,hydroquebec.com,false,""
2022-07-29T02:00:00.000000,Canada,Québec,CA-QC,0.0,28.66,100.0,100.0,hydroquebec.com,false,""
2022-07-29T03:00:00.000000,Canada,Québec,CA-QC,0.0,28.77,100.0,100.0,hydroquebec.com,false,""
2022-07-29T04:00:00.000000,Canada,Québec,CA-QC,0.0,28.94,100.0,100.0,hydroquebec.com,false,""
2022-07-29T05:00:00.000000,Canada,Québec,CA-QC,0.0,29.25,100.0,100.0,hydroquebec.com,false,""
2022-07-29T06:00:00.000000,Canada,Québec,CA-QC,0.0,29.52,100.0,100.0,hydroquebec.com,false,""
2022-07-29T07:00:00.000000,Canada,Québec,CA-QC,0.23,29.6,99.94,98.67,hydroquebec.com,false,""
2022-07-29T08:00:00.000000,Canada,Québec,CA-QC,0.21,29.8,99.94,98.78,hydroquebec.com,false,""
2022-07-29T09:00:00.000000,Canada,Québec,CA-QC,0.06,29.87,99.98,99.72,hydroquebec.com,false,""
2022-07-29T10:00:00.000000,Canada,Québec,CA-QC,0.0,29.68,100.0,100.0,hydroquebec.com,false,""
2022-07-29T11:00:00.000000,Canada,Québec,CA-QC,0.0,29.41,100.0,100.0,hydroquebec.com,false,""
2022-07-29T12:00:00.000000,Canada,Québec,CA-QC,0.0,29.12,100.0,100.0,hydroquebec.com,false,""
2022-07-29T13:00:00.000000,Canada,Québec,CA-QC,0.0,28.88,100.0,100.0,hydroquebec.com,false,""
2022-07-29T14:00:00.000000,Canada,Québec,CA-QC,0.0,28.67,100.0,100.0,hydroquebec.com,false,""
2022-07-29T15:00:00.000000,Canada,Québec,CA-QC,0.0,28.54,100.0,100.0,hydroquebec.com,false,""
2022-07-29T16:00:00.000000,Canada,Québec,CA-QC,0.0,28.38,100.0,100.0,hydroquebec.com,false,""
2022-07-29T17:00:00.000000,Canada,Québec,CA-QC,0.0,28.27,100.0,100.0,hydroquebec.com,false,""
2022-07-29T18:00:00.000000,Canada,Québec,CA-QC,0.0,28.28,100.0,100.0,hydroquebec.com,false,""
2022-07-29T19:00:00.000000,Canada,Québec,CA-QC,0.0,28.24,100.0,100.0,hydroquebec.com,false,""
2022-07-29T20:00:00.000000,Canada,Québec,CA-QC,0.0,28.21,100.0,100.0,hydroquebec.com,false,""
2022-07-29T21:00:00.000000,Canada,Québec,CA-QC,0.0,28.33,100.0,100.0,hydroquebec.com,false,""
2022-07-29T22:00:00.000000,Canada,Québec,CA-QC,0.0,28.43,100.0,100.0,hydroquebec.com,false,""
2022-07-29T23:00:00.000000,Canada,Québec,CA-QC,0.0,28.47,100.0,100.0,hydroquebec.com,false,""
2022-07-30T00:00:00.000000,Canada,Québec,CA-QC,0.0,28.59,100.0,100.0,hydroquebec.com,false,""
2022-07-30T01:00:00.000000,Canada,Québec,CA-QC,0.0,28.61,100.0,100.0,hydroquebec.com,false,""
2022-07-30T02:00:00.000000,Canada,Québec,CA-QC,0.0,28.61,100.0,100.0,hydroquebec.com,false,""
2022-07-30T03:00:00.000000,Canada,Québec,CA-QC,0.0,28.75,100.0,100.0,hydroquebec.com,false,""
2022-07-30T04:00:00.000000,Canada,Québec,CA-QC,0.0,29.01,100.0,100.0,hydroquebec.com,false,""
2022-07-30T05:00:00.000000,Canada,Québec,CA-QC,0.0,29.33,100.0,100.0,hydroquebec.com,false,""
2022-07-30T06:00:00.000000,Canada,Québec,CA-QC,0.0,29.71,100.0,99.97,hydroquebec.com,false,""
2022-07-30T07:00:00.000000,Canada,Québec,CA-QC,0.08,29.74,99.98,98.4,hydroquebec.com,false,""
2022-07-30T08:00:00.000000,Canada,Québec,CA-QC,0.1,30.01,99.97,98.36,hydroquebec.com,false,""
2022-07-30T09:00:00.000000,Canada,Québec,CA-QC,0.09,30.21,99.97,98.55,hydroquebec.com,false,""
2022-07-30T10:00:00.000000,Canada,Québec,CA-QC,0.05,30.29,99.99,99.1,hydroquebec.com,false,""
2022-07-30T11:00:00.000000,Canada,Québec,CA-QC,0.0,30.25,100.0,100.0,hydroquebec.com,false,""
2022-07-30T12:00:00.000000,Canada,Québec,CA-QC,0.0,29.87,100.0,100.0,hydroquebec.com,false,""
2022-07-30T13:00:00.000000,Canada,Québec,CA-QC,0.0,29.47,100.0,100.0,hydroquebec.com,false,""
2022-07-30T14:00:00.000000,Canada,Québec,CA-QC,0.0,29.3,100.0,100.0,hydroquebec.com,false,""
2022-07-30T15:00:00.000000,Canada,Québec,CA-QC,0.0,29.15,100.0,100.0,hydroquebec.com,false,""
2022-07-30T16:00:00.000000,Canada,Québec,CA-QC,0.0,28.75,100.0,100.0,hydroquebec.com,false,""
2022-07-30T17:00:00.000000,Canada,Québec,CA-QC,0.0,28.51,100.0,100.0,hydroquebec.com,false,""
2022-07-30T18:00:00.000000,Canada,Québec,CA-QC,0.0,28.47,100.0,100.0,hydroquebec.com,false,""
2022-07-30T19:00:00.000000,Canada,Québec,CA-QC,0.0,28.39,100.0,100.0,hydroquebec.com,false,""
2022-07-30T20:00:00.000000,Canada,Québec,CA-QC,0.0,28.38,100.0,100.0,hydroquebec.com,false,""
2022-07-30T21:00:00.000000,Canada,Québec,CA-QC,0.0,28.36,100.0,100.0,hydroquebec.com,false,""
2022-07-30T22:00:00.000000,Canada,Québec,CA-QC,0.0,28.3,100.0,100.0,hydroquebec.com,false,""
2022-07-30T23:00:00.000000,Canada,Québec,CA-QC,0.0,28.28,100.0,100.0,hydroquebec.com,false,""
2022-07-31T00:00:00.000000,Canada,Québec,CA-QC,0.0,28.22,100.0,100.0,hydroquebec.com,false,""
2022-07-31T01:00:00.000000,Canada,Québec,CA-QC,0.0,28.15,100.0,100.0,hydroquebec.com,false,""
2022-07-31T02:00:00.000000,Canada,Québec,CA-QC,0.0,28.13,100.0,100.0,hydroquebec.com,false,""
2022-07-31T03:00:00.000000,Canada,Québec,CA-QC,0.0,28.23,100.0,100.0,hydroquebec.com,false,""
2022-07-31T04:00:00.000000,Canada,Québec,CA-QC,0.0,28.38,100.0,100.0,hydroquebec.com,false,""
2022-07-31T05:00:00.000000,Canada,Québec,CA-QC,0.0,28.57,100.0,100.0,hydroquebec.com,false,""
2022-07-31T06:00:00.000000,Canada,Québec,CA-QC,0.0,28.85,100.0,99.99,hydroquebec.com,false,""
2022-07-31T07:00:00.000000,Canada,Québec,CA-QC,0.1,28.83,99.97,98.3,hydroquebec.com,false,""
2022-07-31T08:00:00.000000,Canada,Québec,CA-QC,0.17,28.86,99.95,97.23,hydroquebec.com,false,""
2022-07-31T09:00:00.000000,Canada,Québec,CA-QC,0.18,28.94,99.95,97.03,hydroquebec.com,false,""
2022-07-31T10:00:00.000000,Canada,Québec,CA-QC,0.14,29.18,99.96,97.92,hydroquebec.com,false,""
2022-07-31T11:00:00.000000,Canada,Québec,CA-QC,0.04,29.42,99.99,99.48,hydroquebec.com,false,""
2022-07-31T12:00:00.000000,Canada,Québec,CA-QC,0.0,29.13,100.0,100.0,hydroquebec.com,false,""
2022-07-31T13:00:00.000000,Canada,Québec,CA-QC,0.0,28.68,100.0,100.0,hydroquebec.com,false,""
2022-07-31T14:00:00.000000,Canada,Québec,CA-QC,0.0,28.41,100.0,100.0,hydroquebec.com,false,""
2022-07-31T15:00:00.000000,Canada,Québec,CA-QC,0.0,28.35,100.0,100.0,hydroquebec.com,false,""
2022-07-31T16:00:00.000000,Canada,Québec,CA-QC,0.0,28.38,100.0,100.0,hydroquebec.com,false,""
2022-07-31T17:00:00.000000,Canada,Québec,CA-QC,0.0,28.43,100.0,100.0,hydroquebec.com,false,""
2022-07-31T18:00:00.000000,Canada,Québec,CA-QC,0.0,28.49,100.0,100.0,hydroquebec.com,false,""
2022-07-31T19:00:00.000000,Canada,Québec,CA-QC,0.0,28.58,100.0,100.0,hydroquebec.com,false,""
2022-07-31T20:00:00.000000,Canada,Québec,CA-QC,0.0,28.58,100.0,100.0,hydroquebec.com,false,""
2022-07-31T21:00:00.000000,Canada,Québec,CA-QC,0.0,28.5,100.0,100.0,hydroquebec.com,false,""
2022-07-31T22:00:00.000000,Canada,Québec,CA-QC,0.0,28.51,100.0,100.0,hydroquebec.com,false,""
2022-07-31T23:00:00.000000,Canada,Québec,CA-QC,0.0,28.57,100.0,100.0,hydroquebec.com,false,""
2022-08-01T00:00:00.000000,Canada,Québec,CA-QC,0.0,28.57,100.0,100.0,hydroquebec.com,false,""
2022-08-01T01:00:00.000000,Canada,Québec,CA-QC,0.0,28.47,100.0,100.0,hydroquebec.com,false,""
2022-08-01T02:00:00.000000,Canada,Québec,CA-QC,0.0,28.48,100.0,100.0,hydroquebec.com,false,""
2022-08-01T03:00:00.000000,Canada,Québec,CA-QC,0.0,28.66,100.0,100.0,hydroquebec.com,false,""
2022-08-01T04:00:00.000000,Canada,Québec,CA-QC,0.0,28.94,100.0,100.0,hydroquebec.com,false,""
2022-08-01T05:00:00.000000,Canada,Québec,CA-QC,0.0,29.2,100.0,100.0,hydroquebec.com,false,""
2022-08-01T06:00:00.000000,Canada,Québec,CA-QC,0.0,29.43,100.0,99.98,hydroquebec.com,false,""
2022-08-01T07:00:00.000000,Canada,Québec,CA-QC,0.11,29.31,99.97,98.11,hydroquebec.com,false,""
2022-08-01T08:00:00.000000,Canada,Québec,CA-QC,0.22,29.24,99.94,96.36,hydroquebec.com,false,""
2022-08-01T09:00:00.000000,Canada,Québec,CA-QC,0.23,29.3,99.94,96.17,hydroquebec.com,false,""
2022-08-01T10:00:00.000000,Canada,Québec,CA-QC,0.15,29.52,99.96,97.67,hydroquebec.com,false,""
2022-08-01T11:00:00.000000,Canada,Québec,CA-QC,0.06,29.6,99.98,99.4,hydroquebec.com,false,""
2022-08-01T12:00:00.000000,Canada,Québec,CA-QC,0.0,29.3,100.0,100.0,hydroquebec.com,false,""
2022-08-01T13:00:00.000000,Canada,Québec,CA-QC,0.0,29.06,100.0,100.0,hydroquebec.com,false,""
2022-08-01T14:00:00.000000,Canada,Québec,CA-QC,0.0,28.91,100.0,100.0,hydroquebec.com,false,""
2022-08-01T15:00:00.000000,Canada,Québec,CA-QC,0.0,28.7,100.0,100.0,hydroquebec.com,false,""
2022-08-01T16:00:00.000000,Canada,Québec,CA-QC,0.0,28.72,100.0,100.0,hydroquebec.com,false,""
2022-08-01T17:00:00.000000,Canada,Québec,CA-QC,0.0,28.77,100.0,100.0,hydroquebec.com,false,""
2022-08-01T18:00:00.000000,Canada,Québec,CA-QC,0.0,28.76,100.0,100.0,hydroquebec.com,false,""
2022-08-01T19:00:00.000000,Canada,Québec,CA-QC,0.0,28.79,100.0,100.0,hydroquebec.com,false,""
2022-08-01T20:00:00.000000,Canada,Québec,CA-QC,0.0,28.68,100.0,100.0,hydroquebec.com,false,""
2022-08-01T21:00:00.000000,Canada,Québec,CA-QC,0.0,28.53,100.0,100.0,hydroquebec.com,false,""
2022-08-01T22:00:00.000000,Canada,Québec,CA-QC,0.0,28.53,100.0,100.0,hydroquebec.com,false,""
2022-08-01T23:00:00.000000,Canada,Québec,CA-QC,0.0,28.58,100.0,100.0,hydroquebec.com,false,""
2022-08-02T00:00:00.000000,Canada,Québec,CA-QC,0.0,28.54,100.0,100.0,hydroquebec.com,false,""
2022-08-02T01:00:00.000000,Canada,Québec,CA-QC,0.0,28.49,100.0,100.0,hydroquebec.com,false,""
2022-08-02T02:00:00.000000,Canada,Québec,CA-QC,0.0,28.56,100.0,100.0,hydroquebec.com,false,""
2022-08-02T03:00:00.000000,Canada,Québec,CA-QC,0.0,28.7,100.0,100.0,hydroquebec.com,false,""
2022-08-02T04:00:00.000000,Canada,Québec,CA-QC,0.0,28.88,100.0,100.0,hydroquebec.com,false,""
2022-08-02T05:00:00.000000,Canada,Québec,CA-QC,0.0,29.06,100.0,100.0,hydroquebec.com,false,""
2022-08-02T06:00:00.000000,Canada,Québec,CA-QC,0.0,29.21,100.0,100.0,hydroquebec.com,false,""
2022-08-02T07:00:00.000000,Canada,Québec,CA-QC,0.05,29.18,99.99,99.22,hydroquebec.com,false,""
2022-08-02T08:00:00.000000,Canada,Québec,CA-QC,0.17,29.08,99.96,98.08,hydroquebec.com,false,""
2022-08-02T09:00:00.000000,Canada,Québec,CA-QC,0.0,29.22,100.0,100.0,hydroquebec.com,false,""
2022-08-02T10:00:00.000000,Canada,Québec,CA-QC,0.0,28.9,100.0,100.0,hydroquebec.com,false,""
2022-08-02T11:00:00.000000,Canada,Québec,CA-QC,0.0,28.65,100.0,100.0,hydroquebec.com,false,""
2022-08-02T12:00:00.000000,Canada,Québec,CA-QC,0.0,28.43,100.0,100.0,hydroquebec.com,false,""
2022-08-02T13:00:00.000000,Canada,Québec,CA-QC,0.0,28.34,100.0,100.0,hydroquebec.com,false,""
2022-08-02T14:00:00.000000,Canada,Québec,CA-QC,0.0,28.29,100.0,100.0,hydroquebec.com,false,""
2022-08-02T15:00:00.000000,Canada,Québec,CA-QC,0.0,28.25,100.0,100.0,hydroquebec.com,false,""
2022-08-02T16:00:00.000000,Canada,Québec,CA-QC,0.0,28.2,100.0,100.0,hydroquebec.com,false,""
2022-08-02T17:00:00.000000,Canada,Québec,CA-QC,0.0,28.2,100.0,100.0,hydroquebec.com,false,""
2022-08-02T18:00:00.000000,Canada,Québec,CA-QC,0.0,28.23,100.0,100.0,hydroquebec.com,false,""
2022-08-02T19:00:00.000000,Canada,Québec,CA-QC,0.0,28.24,100.0,100.0,hydroquebec.com,false,""
2022-08-02T20:00:00.000000,Canada,Québec,CA-QC,0.0,28.23,100.0,100.0,hydroquebec.com,false,""
2022-08-02T21:00:00.000000,Canada,Québec,CA-QC,0.0,28.16,100.0,100.0,hydroquebec.com,false,""
2022-08-02T22:00:00.000000,Canada,Québec,CA-QC,0.0,28.18,100.0,100.0,hydroquebec.com,false,""
2022-08-02T23:00:00.000000,Canada,Québec,CA-QC,0.0,28.25,100.0,100.0,hydroquebec.com,false,""
2022-08-03T00:00:00.000000,Canada,Québec,CA-QC,0.0,28.29,100.0,100.0,hydroquebec.com,false,""
2022-08-03T01:00:00.000000,Canada,Québec,CA-QC,0.0,28.38,100.0,100.0,hydroquebec.com,false,""
2022-08-03T02:00:00.000000,Canada,Québec,CA-QC,0.0,28.56,100.0,100.0,hydroquebec.com,false,""
2022-08-03T03:00:00.000000,Canada,Québec,CA-QC,0.0,28.74,100.0,100.0,hydroquebec.com,false,""
2022-08-03T04:00:00.000000,Canada,Québec,CA-QC,0.0,28.98,100.0,100.0,hydroquebec.com,false,""
2022-08-03T05:00:00.000000,Canada,Québec,CA-QC,0.0,29.28,100.0,100.0,hydroquebec.com,false,""
2022-08-03T06:00:00.000000,Canada,Québec,CA-QC,0.0,29.49,100.0,100.0,hydroquebec.com,false,""
2022-08-03T07:00:00.000000,Canada,Québec,CA-QC,0.05,29.63,99.99,99.31,hydroquebec.com,false,""
2022-08-03T08:00:00.000000,Canada,Québec,CA-QC,0.11,29.58,99.97,98.22,hydroquebec.com,false,""
2022-08-03T09:00:00.000000,Canada,Québec,CA-QC,0.05,29.78,99.99,99.14,hydroquebec.com,false,""
2022-08-03T10:00:00.000000,Canada,Québec,CA-QC,0.0,29.82,100.0,100.0,hydroquebec.com,false,""
2022-08-03T11:00:00.000000,Canada,Québec,CA-QC,0.0,29.59,100.0,100.0,hydroquebec.com,false,""
2022-08-03T12:00:00.000000,Canada,Québec,CA-QC,0.05,29.35,99.99,99.99,hydroquebec.com,false,""
2022-08-03T13:00:00.000000,Canada,Québec,CA-QC,0.05,29.06,99.99,99.99,hydroquebec.com,false,""
2022-08-03T14:00:00.000000,Canada,Québec,CA-QC,0.0,28.89,100.0,100.0,hydroquebec.com,false,""
2022-08-03T15:00:00.000000,Canada,Québec,CA-QC,0.0,28.91,100.0,100.0,hydroquebec.com,false,""
2022-08-03T16:00:00.000000,Canada,Québec,CA-QC,0.0,28.98,100.0,100.0,hydroquebec.com,false,""
2022-08-03T17:00:00.000000,Canada,Québec,CA-QC,0.0,28.99,100.0,100.0,hydroquebec.com,false,""
2022-08-03T18:00:00.000000,Canada,Québec,CA-QC,0.0,28.96,100.0,100.0,hydroquebec.com,false,""
2022-08-03T19:00:00.000000,Canada,Québec,CA-QC,0.0,28.9,100.0,100.0,hydroquebec.com,false,""
2022-08-03T20:00:00.000000,Canada,Québec,CA-QC,0.0,28.83,100.0,100.0,hydroquebec.com,false,""
2022-08-03T21:00:00.000000,Canada,Québec,CA-QC,0.0,28.67,100.0,100.0,hydroquebec.com,false,""
2022-08-03T22:00:00.000000,Canada,Québec,CA-QC,0.0,28.54,100.0,100.0,hydroquebec.com,false,""
2022-08-03T23:00:00.000000,Canada,Québec,CA-QC,0.0,28.51,100.0,100.0,hydroquebec.com,false,""
2022-08-04T00:00:00.000000,Canada,Québec,CA-QC,0.0,28.37,100.0,100.0,hydroquebec.com,false,""
2022-08-04T01:00:00.000000,Canada,Québec,CA-QC,0.0,28.21,100.0,100.0,hydroquebec.com,false,""
2022-08-04T02:00:00.000000,Canada,Québec,CA-QC,0.0,28.2,100.0,100.0,hydroquebec.com,false,""
2022-08-04T03:00:00.000000,Canada,Québec,CA-QC,0.0,28.21,100.0,100.0,hydroquebec.com,false,""
2022-08-04T04:00:00.000000,Canada,Québec,CA-QC,0.0,28.22,100.0,100.0,hydroquebec.com,false,""
2022-08-04T05:00:00.000000,Canada,Québec,CA-QC,0.0,28.4,100.0,100.0,hydroquebec.com,false,""
2022-08-04T06:00:00.000000,Canada,Québec,CA-QC,0.0,28.69,100.0,100.0,hydroquebec.com,false,""
2022-08-04T07:00:00.000000,Canada,Québec,CA-QC,0.0,28.96,100.0,100.0,hydroquebec.com,false,""
2022-08-04T08:00:00.000000,Canada,Québec,CA-QC,0.0,29.07,100.0,100.0,hydroquebec.com,false,""
2022-08-04T09:00:00.000000,Canada,Québec,CA-QC,0.0,28.97,100.0,100.0,hydroquebec.com,false,""
2022-08-04T10:00:00.000000,Canada,Québec,CA-QC,0.0,28.75,100.0,100.0,hydroquebec.com,false,""
2022-08-04T11:00:00.000000,Canada,Québec,CA-QC,0.0,28.42,100.0,100.0,hydroquebec.com,false,""
2022-08-04T12:00:00.000000,Canada,Québec,CA-QC,0.0,28.19,100.0,100.0,hydroquebec.com,false,""
2022-08-04T13:00:00.000000,Canada,Québec,CA-QC,0.0,28.1,100.0,100.0,hydroquebec.com,false,""
2022-08-04T14:00:00.000000,Canada,Québec,CA-QC,0.0,28.05,100.0,100.0,hydroquebec.com,false,""
2022-08-04T15:00:00.000000,Canada,Québec,CA-QC,0.0,28.09,100.0,100.0,hydroquebec.com,false,""
2022-08-04T16:00:00.000000,Canada,Québec,CA-QC,0.0,28.06,100.0,100.0,hydroquebec.com,false,""
2022-08-04T17:00:00.000000,Canada,Québec,CA-QC,0.0,28.0,100.0,100.0,hydroquebec.com,false,""
2022-08-04T18:00:00.000000,Canada,Québec,CA-QC,0.0,28.04,100.0,100.0,hydroquebec.com,false,""
2022-08-04T19:00:00.000000,Canada,Québec,CA-QC,0.0,28.11,100.0,100.0,hydroquebec.com,false,""
2022-08-04T20:00:00.000000,Canada,Québec,CA-QC,0.0,28.15,100.0,100.0,hydroquebec.com,false,""
2022-08-04T21:00:00.000000,Canada,Québec,CA-QC,0.0,28.16,100.0,100.0,hydroquebec.com,false,""
2022-08-04T22:00:00.000000,Canada,Québec,CA-QC,0.0,28.22,100.0,100.0,hydroquebec.com,false,""
2022-08-04T23:00:00.000000,Canada,Québec,CA-QC,0.0,28.24,100.0,100.0,hydroquebec.com,false,""
2022-08-05T00:00:00.000000,Canada,Québec,CA-QC,0.0,28.23,100.0,100.0,hydroquebec.com,false,""
2022-08-05T01:00:00.000000,Canada,Québec,CA-QC,0.0,28.29,100.0,100.0,hydroquebec.com,false,""
2022-08-05T02:00:00.000000,Canada,Québec,CA-QC,0.0,28.36,100.0,100.0,hydroquebec.com,false,""
2022-08-05T03:00:00.000000,Canada,Québec,CA-QC,0.0,28.48,100.0,100.0,hydroquebec.com,false,""
2022-08-05T04:00:00.000000,Canada,Québec,CA-QC,0.0,28.65,100.0,100.0,hydroquebec.com,false,""
2022-08-05T05:00:00.000000,Canada,Québec,CA-QC,0.0,28.75,100.0,100.0,hydroquebec.com,false,""
2022-08-05T06:00:00.000000,Canada,Québec,CA-QC,0.0,28.88,100.0,100.0,hydroquebec.com,false,""
2022-08-05T07:00:00.000000,Canada,Québec,CA-QC,0.0,29.13,100.0,100.0,hydroquebec.com,false,""
2022-08-05T08:00:00.000000,Canada,Québec,CA-QC,0.0,29.41,100.0,100.0,hydroquebec.com,false,""
2022-08-05T09:00:00.000000,Canada,Québec,CA-QC,0.0,29.41,100.0,100.0,hydroquebec.com,false,""
2022-08-05T10:00:00.000000,Canada,Québec,CA-QC,0.0,29.2,100.0,100.0,hydroquebec.com,false,""
2022-08-05T11:00:00.000000,Canada,Québec,CA-QC,0.0,28.92,100.0,100.0,hydroquebec.com,false,""
2022-08-05T12:00:00.000000,Canada,Québec,CA-QC,0.0,28.58,100.0,100.0,hydroquebec.com,false,""
2022-08-05T13:00:00.000000,Canada,Québec,CA-QC,0.0,28.41,100.0,100.0,hydroquebec.com,false,""
2022-08-05T14:00:00.000000,Canada,Québec,CA-QC,0.0,28.32,100.0,100.0,hydroquebec.com,false,""
2022-08-05T15:00:00.000000,Canada,Québec,CA-QC,0.0,28.26,100.0,100.0,hydroquebec.com,false,""
2022-08-05T16:00:00.000000,Canada,Québec,CA-QC,0.0,28.27,100.0,100.0,hydroquebec.com,false,""
2022-08-05T17:00:00.000000,Canada,Québec,CA-QC,0.0,28.34,100.0,100.0,hydroquebec.com,false,""
2022-08-05T18:00:00.000000,Canada,Québec,CA-QC,0.0,28.41,100.0,100.0,hydroquebec.com,false,""
2022-08-05T19:00:00.000000,Canada,Québec,CA-QC,0.0,28.4,100.0,100.0,hydroquebec.com,false,""
2022-08-05T20:00:00.000000,Canada,Québec,CA-QC,0.0,28.37,100.0,100.0,hydroquebec.com,false,""
2022-08-05T21:00:00.000000,Canada,Québec,CA-QC,0.0,28.39,100.0,100.0,hydroquebec.com,false,""
2022-08-05T22:00:00.000000,Canada,Québec,CA-QC,0.0,28.47,100.0,100.0,hydroquebec.com,false,""
2022-08-05T23:00:00.000000,Canada,Québec,CA-QC,0.0,28.6,100.0,100.0,hydroquebec.com,false,""
2022-08-06T00:00:00.000000,Canada,Québec,CA-QC,0.0,28.73,100.0,100.0,hydroquebec.com,false,""
2022-08-06T01:00:00.000000,Canada,Québec,CA-QC,0.0,28.8,100.0,100.0,hydroquebec.com,false,""
2022-08-06T02:00:00.000000,Canada,Québec,CA-QC,0.0,28.95,100.0,100.0,hydroquebec.com,false,""
2022-08-06T03:00:00.000000,Canada,Québec,CA-QC,0.0,29.17,100.0,100.0,hydroquebec.com,false,""
2022-08-06T04:00:00.000000,Canada,Québec,CA-QC,0.0,29.32,100.0,100.0,hydroquebec.com,false,""
2022-08-06T05:00:00.000000,Canada,Québec,CA-QC,0.0,29.47,100.0,100.0,hydroquebec.com,false,""
2022-08-06T06:00:00.000000,Canada,Québec,CA-QC,0.0,29.56,100.0,100.0,hydroquebec.com,false,""
2022-08-06T07:00:00.000000,Canada,Québec,CA-QC,0.0,29.63,100.0,100.0,hydroquebec.com,false,""
2022-08-06T08:00:00.000000,Canada,Québec,CA-QC,0.0,29.74,100.0,100.0,hydroquebec.com,false,""
2022-08-06T09:00:00.000000,Canada,Québec,CA-QC,0.0,29.83,100.0,100.0,hydroquebec.com,false,""
2022-08-06T10:00:00.000000,Canada,Québec,CA-QC,0.0,29.67,100.0,100.0,hydroquebec.com,false,""
2022-08-06T11:00:00.000000,Canada,Québec,CA-QC,0.0,29.42,100.0,100.0,hydroquebec.com,false,""
2022-08-06T12:00:00.000000,Canada,Québec,CA-QC,0.0,29.1,100.0,100.0,hydroquebec.com,false,""
2022-08-06T13:00:00.000000,Canada,Québec,CA-QC,0.0,28.76,100.0,100.0,hydroquebec.com,false,""
2022-08-06T14:00:00.000000,Canada,Québec,CA-QC,0.0,28.53,100.0,100.0,hydroquebec.com,false,""
2022-08-06T15:00:00.000000,Canada,Québec,CA-QC,0.0,28.47,100.0,100.0,hydroquebec.com,false,""
2022-08-06T16:00:00.000000,Canada,Québec,CA-QC,0.0,28.47,100.0,100.0,hydroquebec.com,false,""
2022-08-06T17:00:00.000000,Canada,Québec,CA-QC,0.0,28.35,100.0,100.0,hydroquebec.com,false,""
2022-08-06T18:00:00.000000,Canada,Québec,CA-QC,0.0,28.26,100.0,100.0,hydroquebec.com,false,""
2022-08-06T19:00:00.000000,Canada,Québec,CA-QC,0.0,28.19,100.0,100.0,hydroquebec.com,false,""
2022-08-06T20:00:00.000000,Canada,Québec,CA-QC,0.0,28.05,100.0,100.0,hydroquebec.com,false,""
2022-08-06T21:00:00.000000,Canada,Québec,CA-QC,0.0,27.93,100.0,100.0,hydroquebec.com,false,""
2022-08-06T22:00:00.000000,Canada,Québec,CA-QC,0.0,27.89,100.0,100.0,hydroquebec.com,false,""
2022-08-06T23:00:00.000000,Canada,Québec,CA-QC,0.0,27.9,100.0,100.0,hydroquebec.com,false,""
2022-08-07T00:00:00.000000,Canada,Québec,CA-QC,0.0,27.83,100.0,100.0,hydroquebec.com,false,""
2022-08-07T01:00:00.000000,Canada,Québec,CA-QC,0.0,27.78,100.0,100.0,hydroquebec.com,false,""
2022-08-07T02:00:00.000000,Canada,Québec,CA-QC,0.0,27.76,100.0,100.0,hydroquebec.com,false,""
2022-08-07T03:00:00.000000,Canada,Québec,CA-QC,0.0,27.76,100.0,100.0,hydroquebec.com,false,""
2022-08-07T04:00:00.000000,Canada,Québec,CA-QC,0.0,27.8,100.0,100.0,hydroquebec.com,false,""
2022-08-07T05:00:00.000000,Canada,Québec,CA-QC,0.0,28.01,100.0,100.0,hydroquebec.com,false,""
2022-08-07T06:00:00.000000,Canada,Québec,CA-QC,0.0,28.23,100.0,100.0,hydroquebec.com,false,""
2022-08-07T07:00:00.000000,Canada,Québec,CA-QC,0.0,28.16,100.0,100.0,hydroquebec.com,false,""
2022-08-07T08:00:00.000000,Canada,Québec,CA-QC,0.0,28.05,100.0,100.0,hydroquebec.com,false,""
2022-08-07T09:00:00.000000,Canada,Québec,CA-QC,0.0,28.07,100.0,100.0,hydroquebec.com,false,""
2022-08-07T10:00:00.000000,Canada,Québec,CA-QC,0.0,28.04,100.0,100.0,hydroquebec.com,false,""
2022-08-07T11:00:00.000000,Canada,Québec,CA-QC,0.0,27.95,100.0,100.0,hydroquebec.com,false,""
2022-08-07T12:00:00.000000,Canada,Québec,CA-QC,0.0,27.82,100.0,100.0,hydroquebec.com,false,""
2022-08-07T13:00:00.000000,Canada,Québec,CA-QC,0.0,27.74,100.0,100.0,hydroquebec.com,false,""
2022-08-07T14:00:00.000000,Canada,Québec,CA-QC,0.0,27.64,100.0,100.0,hydroquebec.com,false,""
2022-08-07T15:00:00.000000,Canada,Québec,CA-QC,0.0,27.58,100.0,100.0,hydroquebec.com,false,""
2022-08-07T16:00:00.000000,Canada,Québec,CA-QC,0.0,27.66,100.0,100.0,hydroquebec.com,false,""
2022-08-07T17:00:00.000000,Canada,Québec,CA-QC,0.0,27.56,100.0,100.0,hydroquebec.com,false,""
2022-08-07T18:00:00.000000,Canada,Québec,CA-QC,0.0,27.44,100.0,100.0,hydroquebec.com,false,""
2022-08-07T19:00:00.000000,Canada,Québec,CA-QC,0.0,27.65,100.0,100.0,hydroquebec.com,false,""
2022-08-07T20:00:00.000000,Canada,Québec,CA-QC,0.0,27.79,100.0,100.0,hydroquebec.com,false,""
2022-08-07T21:00:00.000000,Canada,Québec,CA-QC,0.0,27.86,100.0,100.0,hydroquebec.com,false,""
2022-08-07T22:00:00.000000,Canada,Québec,CA-QC,0.0,27.95,100.0,100.0,hydroquebec.com,false,""
2022-08-07T23:00:00.000000,Canada,Québec,CA-QC,0.0,27.98,100.0,100.0,hydroquebec.com,false,""
2022-08-08T00:00:00.000000,Canada,Québec,CA-QC,0.0,27.99,100.0,100.0,hydroquebec.com,false,""
2022-08-08T01:00:00.000000,Canada,Québec,CA-QC,0.0,28.08,100.0,100.0,hydroquebec.com,false,""
2022-08-08T02:00:00.000000,Canada,Québec,CA-QC,0.0,28.28,100.0,100.0,hydroquebec.com,false,""
2022-08-08T03:00:00.000000,Canada,Québec,CA-QC,0.0,28.48,100.0,100.0,hydroquebec.com,false,""
2022-08-08T04:00:00.000000,Canada,Québec,CA-QC,0.0,28.65,100.0,100.0,hydroquebec.com,false,""
2022-08-08T05:00:00.000000,Canada,Québec,CA-QC,0.0,28.76,100.0,100.0,hydroquebec.com,false,""
2022-08-08T06:00:00.000000,Canada,Québec,CA-QC,0.0,28.8,100.0,100.0,hydroquebec.com,false,""
2022-08-08T07:00:00.000000,Canada,Québec,CA-QC,0.0,28.88,100.0,100.0,hydroquebec.com,false,""
2022-08-08T08:00:00.000000,Canada,Québec,CA-QC,0.0,28.97,100.0,100.0,hydroquebec.com,false,""
2022-08-08T09:00:00.000000,Canada,Québec,CA-QC,0.0,28.94,100.0,100.0,hydroquebec.com,false,""
2022-08-08T10:00:00.000000,Canada,Québec,CA-QC,0.0,28.79,100.0,100.0,hydroquebec.com,false,""
2022-08-08T11:00:00.000000,Canada,Québec,CA-QC,0.0,28.58,100.0,100.0,hydroquebec.com,false,""
2022-08-08T12:00:00.000000,Canada,Québec,CA-QC,0.0,28.49,100.0,100.0,hydroquebec.com,false,""
2022-08-08T13:00:00.000000,Canada,Québec,CA-QC,0.0,28.48,100.0,100.0,hydroquebec.com,false,""
2022-08-08T14:00:00.000000,Canada,Québec,CA-QC,0.0,28.5,100.0,100.0,hydroquebec.com,false,""
2022-08-08T15:00:00.000000,Canada,Québec,CA-QC,0.0,28.55,100.0,100.0,hydroquebec.com,false,""
2022-08-08T16:00:00.000000,Canada,Québec,CA-QC,0.0,28.57,100.0,100.0,hydroquebec.com,false,""
2022-08-08T17:00:00.000000,Canada,Québec,CA-QC,0.0,28.65,100.0,100.0,hydroquebec.com,false,""
2022-08-08T18:00:00.000000,Canada,Québec,CA-QC,0.0,28.72,100.0,100.0,hydroquebec.com,false,""
2022-08-08T19:00:00.000000,Canada,Québec,CA-QC,0.0,28.76,100.0,100.0,hydroquebec.com,false,""
2022-08-08T20:00:00.000000,Canada,Québec,CA-QC,0.0,28.78,100.0,100.0,hydroquebec.com,false,""
2022-08-08T21:00:00.000000,Canada,Québec,CA-QC,0.0,28.72,100.0,100.0,hydroquebec.com,false,""
2022-08-08T22:00:00.000000,Canada,Québec,CA-QC,0.0,28.62,100.0,100.0,hydroquebec.com,false,""
2022-08-08T23:00:00.000000,Canada,Québec,CA-QC,0.0,28.56,100.0,100.0,hydroquebec.com,false,""
2022-08-09T00:00:00.000000,Canada,Québec,CA-QC,0.0,28.45,100.0,100.0,hydroquebec.com,false,""
2022-08-09T01:00:00.000000,Canada,Québec,CA-QC,0.0,28.38,100.0,100.0,hydroquebec.com,false,""
2022-08-09T02:00:00.000000,Canada,Québec,CA-QC,0.0,28.48,100.0,100.0,hydroquebec.com,false,""
2022-08-09T03:00:00.000000,Canada,Québec,CA-QC,0.0,28.67,100.0,100.0,hydroquebec.com,false,""
2022-08-09T04:00:00.000000,Canada,Québec,CA-QC,0.0,28.79,100.0,100.0,hydroquebec.com,false,""
2022-08-09T05:00:00.000000,Canada,Québec,CA-QC,0.0,28.89,100.0,100.0,hydroquebec.com,false,""
2022-08-09T06:00:00.000000,Canada,Québec,CA-QC,0.0,29.15,100.0,100.0,hydroquebec.com,false,""
2022-08-09T07:00:00.000000,Canada,Québec,CA-QC,0.0,29.45,100.0,100.0,hydroquebec.com,false,""
2022-08-09T08:00:00.000000,Canada,Québec,CA-QC,0.0,29.54,100.0,100.0,hydroquebec.com,false,""
2022-08-09T09:00:00.000000,Canada,Québec,CA-QC,0.0,29.47,100.0,100.0,hydroquebec.com,false,""
2022-08-09T10:00:00.000000,Canada,Québec,CA-QC,0.0,29.25,100.0,100.0,hydroquebec.com,false,""
2022-08-09T11:00:00.000000,Canada,Québec,CA-QC,0.0,28.92,100.0,100.0,hydroquebec.com,false,""
2022-08-09T12:00:00.000000,Canada,Québec,CA-QC,0.0,28.73,100.0,100.0,hydroquebec.com,false,""
2022-08-09T13:00:00.000000,Canada,Québec,CA-QC,0.0,28.65,100.0,100.0,hydroquebec.com,false,""
2022-08-09T14:00:00.000000,Canada,Québec,CA-QC,0.0,28.62,100.0,100.0,hydroquebec.com,false,""
2022-08-09T15:00:00.000000,Canada,Québec,CA-QC,0.0,28.63,100.0,100.0,hydroquebec.com,false,""
2022-08-09T16:00:00.000000,Canada,Québec,CA-QC,0.0,28.65,100.0,100.0,hydroquebec.com,false,""
2022-08-09T17:00:00.000000,Canada,Québec,CA-QC,0.0,28.72,100.0,100.0,hydroquebec.com,false,""
2022-08-09T18:00:00.000000,Canada,Québec,CA-QC,0.0,28.84,100.0,100.0,hydroquebec.com,false,""
2022-08-09T19:00:00.000000,Canada,Québec,CA-QC,0.0,28.93,100.0,100.0,hydroquebec.com,false,""
2022-08-09T20:00:00.000000,Canada,Québec,CA-QC,0.0,28.99,100.0,100.0,hydroquebec.com,false,""
2022-08-09T21:00:00.000000,Canada,Québec,CA-QC,0.0,28.96,100.0,100.0,hydroquebec.com,false,""
2022-08-09T22:00:00.000000,Canada,Québec,CA-QC,0.0,28.97,100.0,100.0,hydroquebec.com,false,""
2022-08-09T23:00:00.000000,Canada,Québec,CA-QC,0.0,29.12,100.0,100.0,hydroquebec.com,false,""
2022-08-10T00:00:00.000000,Canada,Québec,CA-QC,0.0,29.15,100.0,100.0,hydroquebec.com,false,""
2022-08-10T01:00:00.000000,Canada,Québec,CA-QC,0.0,29.14,100.0,100.0,hydroquebec.com,false,""
2022-08-10T02:00:00.000000,Canada,Québec,CA-QC,0.0,29.23,100.0,100.0,hydroquebec.com,false,""
2022-08-10T03:00:00.000000,Canada,Québec,CA-QC,0.0,29.42,100.0,100.0,hydroquebec.com,false,""
2022-08-10T04:00:00.000000,Canada,Québec,CA-QC,0.0,29.66,100.0,100.0,hydroquebec.com,false,""
2022-08-10T05:00:00.000000,Canada,Québec,CA-QC,0.0,29.86,100.0,100.0,hydroquebec.com,false,""
2022-08-10T06:00:00.000000,Canada,Québec,CA-QC,0.0,30.11,100.0,100.0,hydroquebec.com,false,""
2022-08-10T07:00:00.000000,Canada,Québec,CA-QC,0.0,30.32,100.0,100.0,hydroquebec.com,false,""
2022-08-10T08:00:00.000000,Canada,Québec,CA-QC,0.0,30.41,100.0,100.0,hydroquebec.com,false,""
2022-08-10T09:00:00.000000,Canada,Québec,CA-QC,0.0,30.22,100.0,100.0,hydroquebec.com,false,""
2022-08-10T10:00:00.000000,Canada,Québec,CA-QC,0.0,29.93,100.0,100.0,hydroquebec.com,false,""
2022-08-10T11:00:00.000000,Canada,Québec,CA-QC,0.0,29.56,100.0,100.0,hydroquebec.com,false,""
2022-08-10T12:00:00.000000,Canada,Québec,CA-QC,0.0,29.22,100.0,100.0,hydroquebec.com,false,""
2022-08-10T13:00:00.000000,Canada,Québec,CA-QC,0.0,29.08,100.0,100.0,hydroquebec.com,false,""
2022-08-10T14:00:00.000000,Canada,Québec,CA-QC,0.0,29.02,100.0,100.0,hydroquebec.com,false,""
2022-08-10T15:00:00.000000,Canada,Québec,CA-QC,0.0,28.97,100.0,100.0,hydroquebec.com,false,""
2022-08-10T16:00:00.000000,Canada,Québec,CA-QC,0.0,28.95,100.0,100.0,hydroquebec.com,false,""
2022-08-10T17:00:00.000000,Canada,Québec,CA-QC,0.0,28.95,100.0,100.0,hydroquebec.com,false,""
2022-08-10T18:00:00.000000,Canada,Québec,CA-QC,0.0,28.96,100.0,100.0,hydroquebec.com,false,""
2022-08-10T19:00:00.000000,Canada,Québec,CA-QC,0.0,28.91,100.0,100.0,hydroquebec.com,false,""
2022-08-10T20:00:00.000000,Canada,Québec,CA-QC,0.0,28.87,100.0,100.0,hydroquebec.com,false,""
2022-08-10T21:00:00.000000,Canada,Québec,CA-QC,0.0,28.84,100.0,100.0,hydroquebec.com,false,""
2022-08-10T22:00:00.000000,Canada,Québec,CA-QC,0.0,28.76,100.0,100.0,hydroquebec.com,false,""
2022-08-10T23:00:00.000000,Canada,Québec,CA-QC,0.0,28.68,100.0,100.0,hydroquebec.com,false,""
2022-08-11T00:00:00.000000,Canada,Québec,CA-QC,0.0,28.57,100.0,100.0,hydroquebec.com,false,""
2022-08-11T01:00:00.000000,Canada,Québec,CA-QC,0.0,28.45,100.0,100.0,hydroquebec.com,false,""
2022-08-11T02:00:00.000000,Canada,Québec,CA-QC,0.0,28.43,100.0,100.0,hydroquebec.com,false,""
2022-08-11T03:00:00.000000,Canada,Québec,CA-QC,0.0,28.53,100.0,100.0,hydroquebec.com,false,""
2022-08-11T04:00:00.000000,Canada,Québec,CA-QC,0.0,28.74,100.0,100.0,hydroquebec.com,false,""
2022-08-11T05:00:00.000000,Canada,Québec,CA-QC,0.0,29.02,100.0,100.0,hydroquebec.com,false,""
2022-08-11T06:00:00.000000,Canada,Québec,CA-QC,0.0,29.2,100.0,100.0,hydroquebec.com,false,""
2022-08-11T07:00:00.000000,Canada,Québec,CA-QC,0.0,29.37,100.0,100.0,hydroquebec.com,false,""
2022-08-11T08:00:00.000000,Canada,Québec,CA-QC,0.15,29.46,99.96,98.99,hydroquebec.com,false,""
2022-08-11T09:00:00.000000,Canada,Québec,CA-QC,0.15,29.54,99.96,99.21,hydroquebec.com,false,""
2022-08-11T10:00:00.000000,Canada,Québec,CA-QC,0.0,29.34,100.0,100.0,hydroquebec.com,false,""
2022-08-11T11:00:00.000000,Canada,Québec,CA-QC,0.0,29.06,100.0,100.0,hydroquebec.com,false,""
2022-08-11T12:00:00.000000,Canada,Québec,CA-QC,0.0,28.93,100.0,100.0,hydroquebec.com,false,""
2022-08-11T13:00:00.000000,Canada,Québec,CA-QC,0.0,28.82,100.0,100.0,hydroquebec.com,false,""
2022-08-11T14:00:00.000000,Canada,Québec,CA-QC,0.0,28.74,100.0,100.0,hydroquebec.com,false,""
2022-08-11T15:00:00.000000,Canada,Québec,CA-QC,0.0,28.74,100.0,100.0,hydroquebec.com,false,""
2022-08-11T16:00:00.000000,Canada,Québec,CA-QC,0.0,28.73,100.0,100.0,hydroquebec.com,false,""
2022-08-11T17:00:00.000000,Canada,Québec,CA-QC,0.0,28.72,100.0,100.0,hydroquebec.com,false,""
2022-08-11T18:00:00.000000,Canada,Québec,CA-QC,0.0,28.71,100.0,100.0,hydroquebec.com,false,""
2022-08-11T19:00:00.000000,Canada,Québec,CA-QC,0.0,28.73,100.0,100.0,hydroquebec.com,false,""
2022-08-11T20:00:00.000000,Canada,Québec,CA-QC,0.0,28.7,100.0,100.0,hydroquebec.com,false,""
2022-08-11T21:00:00.000000,Canada,Québec,CA-QC,0.0,28.7,100.0,100.0,hydroquebec.com,false,""
2022-08-11T22:00:00.000000,Canada,Québec,CA-QC,0.0,28.7,100.0,100.0,hydroquebec.com,false,""
2022-08-11T23:00:00.000000,Canada,Québec,CA-QC,0.0,28.72,100.0,100.0,hydroquebec.com,false,""
2022-08-12T00:00:00.000000,Canada,Québec,CA-QC,0.0,28.76,100.0,100.0,hydroquebec.com,false,""
2022-08-12T01:00:00.000000,Canada,Québec,CA-QC,0.0,28.79,100.0,100.0,hydroquebec.com,false,""
2022-08-12T02:00:00.000000,Canada,Québec,CA-QC,0.0,29.01,100.0,100.0,hydroquebec.com,false,""
2022-08-12T03:00:00.000000,Canada,Québec,CA-QC,0.0,29.38,100.0,100.0,hydroquebec.com,false,""
2022-08-12T04:00:00.000000,Canada,Québec,CA-QC,0.0,29.76,100.0,100.0,hydroquebec.com,false,""
2022-08-12T05:00:00.000000,Canada,Québec,CA-QC,0.14,29.8,99.96,98.25,hydroquebec.com,false,""
2022-08-12T06:00:00.000000,Canada,Québec,CA-QC,0.19,29.6,99.95,96.32,hydroquebec.com,false,""
2022-08-12T07:00:00.000000,Canada,Québec,CA-QC,0.18,29.85,99.95,96.39,hydroquebec.com,false,""
2022-08-12T08:00:00.000000,Canada,Québec,CA-QC,0.2,29.81,99.95,96.13,hydroquebec.com,false,""
2022-08-12T09:00:00.000000,Canada,Québec,CA-QC,0.05,30.18,99.99,98.97,hydroquebec.com,false,""
2022-08-12T10:00:00.000000,Canada,Québec,CA-QC,0.0,29.89,100.0,100.0,hydroquebec.com,false,""
2022-08-12T11:00:00.000000,Canada,Québec,CA-QC,0.0,29.43,100.0,100.0,hydroquebec.com,false,""
2022-08-12T12:00:00.000000,Canada,Québec,CA-QC,0.0,29.16,100.0,100.0,hydroquebec.com,false,""
2022-08-12T13:00:00.000000,Canada,Québec,CA-QC,0.0,29.05,100.0,100.0,hydroquebec.com,false,""
2022-08-12T14:00:00.000000,Canada,Québec,CA-QC,0.0,28.95,100.0,100.0,hydroquebec.com,false,""
2022-08-12T15:00:00.000000,Canada,Québec,CA-QC,0.0,28.94,100.0,100.0,hydroquebec.com,false,""
2022-08-12T16:00:00.000000,Canada,Québec,CA-QC,0.0,28.94,100.0,100.0,hydroquebec.com,false,""
2022-08-12T17:00:00.000000,Canada,Québec,CA-QC,0.0,28.94,100.0,100.0,hydroquebec.com,false,""
2022-08-12T18:00:00.000000,Canada,Québec,CA-QC,0.0,29.02,100.0,100.0,hydroquebec.com,false,""
2022-08-12T19:00:00.000000,Canada,Québec,CA-QC,0.0,29.06,100.0,100.0,hydroquebec.com,false,""
2022-08-12T20:00:00.000000,Canada,Québec,CA-QC,0.0,29.07,100.0,100.0,hydroquebec.com,false,""
2022-08-12T21:00:00.000000,Canada,Québec,CA-QC,0.0,29.04,100.0,100.0,hydroquebec.com,false,""
2022-08-12T22:00:00.000000,Canada,Québec,CA-QC,0.0,29.04,100.0,100.0,hydroquebec.com,false,""
2022-08-12T23:00:00.000000,Canada,Québec,CA-QC,0.0,29.06,100.0,100.0,hydroquebec.com,false,""
2022-08-13T00:00:00.000000,Canada,Québec,CA-QC,0.0,29.0,100.0,100.0,hydroquebec.com,false,""
2022-08-13T01:00:00.000000,Canada,Québec,CA-QC,0.0,28.95,100.0,100.0,hydroquebec.com,false,""
2022-08-13T02:00:00.000000,Canada,Québec,CA-QC,0.0,29.09,100.0,100.0,hydroquebec.com,false,""
2022-08-13T03:00:00.000000,Canada,Québec,CA-QC,0.0,29.36,100.0,100.0,hydroquebec.com,false,""
2022-08-13T04:00:00.000000,Canada,Québec,CA-QC,0.0,29.66,100.0,100.0,hydroquebec.com,false,""
2022-08-13T05:00:00.000000,Canada,Québec,CA-QC,0.0,30.08,100.0,99.98,hydroquebec.com,false,""
2022-08-13T06:00:00.000000,Canada,Québec,CA-QC,0.13,30.1,99.96,98.04,hydroquebec.com,false,""
2022-08-13T07:00:00.000000,Canada,Québec,CA-QC,0.18,30.22,99.95,97.56,hydroquebec.com,false,""
2022-08-13T08:00:00.000000,Canada,Québec,CA-QC,0.16,30.33,99.96,97.58,hydroquebec.com,false,""
2022-08-13T09:00:00.000000,Canada,Québec,CA-QC,0.12,30.42,99.97,97.78,hydroquebec.com,false,""
2022-08-13T10:00:00.000000,Canada,Québec,CA-QC,0.08,30.44,99.98,98.46,hydroquebec.com,false,""
2022-08-13T11:00:00.000000,Canada,Québec,CA-QC,0.0,30.45,100.0,100.0,hydroquebec.com,false,""
2022-08-13T12:00:00.000000,Canada,Québec,CA-QC,0.0,30.02,100.0,100.0,hydroquebec.com,false,""
2022-08-13T13:00:00.000000,Canada,Québec,CA-QC,0.0,29.57,100.0,100.0,hydroquebec.com,false,""
2022-08-13T14:00:00.000000,Canada,Québec,CA-QC,0.0,29.31,100.0,100.0,hydroquebec.com,false,""
2022-08-13T15:00:00.000000,Canada,Québec,CA-QC,0.0,29.25,100.0,100.0,hydroquebec.com,false,""
2022-08-13T16:00:00.000000,Canada,Québec,CA-QC,0.0,29.23,100.0,100.0,hydroquebec.com,false,""
2022-08-13T17:00:00.000000,Canada,Québec,CA-QC,0.0,29.27,100.0,100.0,hydroquebec.com,false,""
2022-08-13T18:00:00.000000,Canada,Québec,CA-QC,0.0,29.26,100.0,100.0,hydroquebec.com,false,""
2022-08-13T19:00:00.000000,Canada,Québec,CA-QC,0.0,29.26,100.0,100.0,hydroquebec.com,false,""
2022-08-13T20:00:00.000000,Canada,Québec,CA-QC,0.0,29.22,100.0,100.0,hydroquebec.com,false,""
2022-08-13T21:00:00.000000,Canada,Québec,CA-QC,0.0,29.12,100.0,100.0,hydroquebec.com,false,""
2022-08-13T22:00:00.000000,Canada,Québec,CA-QC,0.0,29.1,100.0,100.0,hydroquebec.com,false,""
2022-08-13T23:00:00.000000,Canada,Québec,CA-QC,0.0,29.15,100.0,100.0,hydroquebec.com,false,""
2022-08-14T00:00:00.000000,Canada,Québec,CA-QC,0.0,29.18,100.0,100.0,hydroquebec.com,false,""
2022-08-14T01:00:00.000000,Canada,Québec,CA-QC,0.0,29.26,100.0,100.0,hydroquebec.com,false,""
2022-08-14T02:00:00.000000,Canada,Québec,CA-QC,0.0,29.47,100.0,100.0,hydroquebec.com,false,""
2022-08-14T03:00:00.000000,Canada,Québec,CA-QC,0.0,29.63,100.0,100.0,hydroquebec.com,false,""
2022-08-14T04:00:00.000000,Canada,Québec,CA-QC,0.0,29.88,100.0,100.0,hydroquebec.com,false,""
2022-08-14T05:00:00.000000,Canada,Québec,CA-QC,0.0,30.3,100.0,100.0,hydroquebec.com,false,""
2022-08-14T06:00:00.000000,Canada,Québec,CA-QC,0.08,30.26,99.98,98.44,hydroquebec.com,false,""
2022-08-14T07:00:00.000000,Canada,Québec,CA-QC,0.12,30.27,99.97,97.6,hydroquebec.com,false,""
2022-08-14T08:00:00.000000,Canada,Québec,CA-QC,0.21,30.32,99.94,97.0,hydroquebec.com,false,""
2022-08-14T09:00:00.000000,Canada,Québec,CA-QC,0.22,30.42,99.94,97.37,hydroquebec.com,false,""
2022-08-14T10:00:00.000000,Canada,Québec,CA-QC,0.03,30.67,99.99,99.48,hydroquebec.com,false,""
2022-08-14T11:00:00.000000,Canada,Québec,CA-QC,0.02,30.46,100.0,99.66,hydroquebec.com,false,""
2022-08-14T12:00:00.000000,Canada,Québec,CA-QC,0.0,30.09,100.0,100.0,hydroquebec.com,false,""
2022-08-14T13:00:00.000000,Canada,Québec,CA-QC,0.0,29.65,100.0,100.0,hydroquebec.com,false,""
2022-08-14T14:00:00.000000,Canada,Québec,CA-QC,0.0,29.46,100.0,100.0,hydroquebec.com,false,""
2022-08-14T15:00:00.000000,Canada,Québec,CA-QC,0.0,29.4,100.0,100.0,hydroquebec.com,false,""
2022-08-14T16:00:00.000000,Canada,Québec,CA-QC,0.0,29.3,100.0,100.0,hydroquebec.com,false,""
2022-08-14T17:00:00.000000,Canada,Québec,CA-QC,0.0,29.27,100.0,100.0,hydroquebec.com,false,""
2022-08-14T18:00:00.000000,Canada,Québec,CA-QC,0.0,29.29,100.0,100.0,hydroquebec.com,false,""
2022-08-14T19:00:00.000000,Canada,Québec,CA-QC,0.0,29.23,100.0,100.0,hydroquebec.com,false,""
2022-08-14T20:00:00.000000,Canada,Québec,CA-QC,0.0,29.1,100.0,100.0,hydroquebec.com,false,""
2022-08-14T21:00:00.000000,Canada,Québec,CA-QC,0.0,29.0,100.0,100.0,hydroquebec.com,false,""
2022-08-14T22:00:00.000000,Canada,Québec,CA-QC,0.0,28.96,100.0,100.0,hydroquebec.com,false,""
2022-08-14T23:00:00.000000,Canada,Québec,CA-QC,0.0,29.0,100.0,100.0,hydroquebec.com,false,""
2022-08-15T00:00:00.000000,Canada,Québec,CA-QC,0.0,29.01,100.0,100.0,hydroquebec.com,false,""
2022-08-15T01:00:00.000000,Canada,Québec,CA-QC,0.0,29.01,100.0,100.0,hydroquebec.com,false,""
2022-08-15T02:00:00.000000,Canada,Québec,CA-QC,0.0,29.14,100.0,100.0,hydroquebec.com,false,""
2022-08-15T03:00:00.000000,Canada,Québec,CA-QC,0.0,29.35,100.0,100.0,hydroquebec.com,false,""
2022-08-15T04:00:00.000000,Canada,Québec,CA-QC,0.0,29.53,100.0,100.0,hydroquebec.com,false,""
2022-08-15T05:00:00.000000,Canada,Québec,CA-QC,0.0,29.71,100.0,100.0,hydroquebec.com,false,""
2022-08-15T06:00:00.000000,Canada,Québec,CA-QC,0.0,29.91,100.0,100.0,hydroquebec.com,false,""
2022-08-15T07:00:00.000000,Canada,Québec,CA-QC,0.05,29.93,99.99,99.15,hydroquebec.com,false,""
2022-08-15T08:00:00.000000,Canada,Québec,CA-QC,0.05,30.08,99.99,99.3,hydroquebec.com,false,""
2022-08-15T09:00:00.000000,Canada,Québec,CA-QC,0.0,30.07,100.0,100.0,hydroquebec.com,false,""
2022-08-15T10:00:00.000000,Canada,Québec,CA-QC,0.0,29.71,100.0,100.0,hydroquebec.com,false,""
2022-08-15T11:00:00.000000,Canada,Québec,CA-QC,0.0,29.25,100.0,100.0,hydroquebec.com,false,""
2022-08-15T12:00:00.000000,Canada,Québec,CA-QC,0.0,28.98,100.0,100.0,hydroquebec.com,false,""
2022-08-15T13:00:00.000000,Canada,Québec,CA-QC,0.0,28.87,100.0,100.0,hydroquebec.com,false,""
2022-08-15T14:00:00.000000,Canada,Québec,CA-QC,0.0,28.7,100.0,100.0,hydroquebec.com,false,""
2022-08-15T15:00:00.000000,Canada,Québec,CA-QC,0.0,28.59,100.0,100.0,hydroquebec.com,false,""
2022-08-15T16:00:00.000000,Canada,Québec,CA-QC,0.0,28.39,100.0,100.0,hydroquebec.com,false,""
2022-08-15T17:00:00.000000,Canada,Québec,CA-QC,0.0,28.23,100.0,100.0,hydroquebec.com,false,""
2022-08-15T18:00:00.000000,Canada,Québec,CA-QC,0.0,28.28,100.0,100.0,hydroquebec.com,false,""
2022-08-15T19:00:00.000000,Canada,Québec,CA-QC,0.0,28.32,100.0,100.0,hydroquebec.com,false,""
2022-08-15T20:00:00.000000,Canada,Québec,CA-QC,0.0,28.32,100.0,100.0,hydroquebec.com,false,""
2022-08-15T21:00:00.000000,Canada,Québec,CA-QC,0.0,28.26,100.0,100.0,hydroquebec.com,false,""
2022-08-15T22:00:00.000000,Canada,Québec,CA-QC,0.0,28.2,100.0,100.0,hydroquebec.com,false,""
2022-08-15T23:00:00.000000,Canada,Québec,CA-QC,0.0,28.25,100.0,100.0,hydroquebec.com,false,""
2022-08-16T00:00:00.000000,Canada,Québec,CA-QC,0.0,28.25,100.0,100.0,hydroquebec.com,false,""
2022-08-16T01:00:00.000000,Canada,Québec,CA-QC,0.0,28.32,100.0,100.0,hydroquebec.com,false,""
2022-08-16T02:00:00.000000,Canada,Québec,CA-QC,0.0,28.55,100.0,100.0,hydroquebec.com,false,""
2022-08-16T03:00:00.000000,Canada,Québec,CA-QC,0.0,28.8,100.0,100.0,hydroquebec.com,false,""
2022-08-16T04:00:00.000000,Canada,Québec,CA-QC,0.0,29.01,100.0,100.0,hydroquebec.com,false,""
2022-08-16T05:00:00.000000,Canada,Québec,CA-QC,0.0,29.16,100.0,100.0,hydroquebec.com,false,""
2022-08-16T06:00:00.000000,Canada,Québec,CA-QC,0.0,29.33,100.0,100.0,hydroquebec.com,false,""
2022-08-16T07:00:00.000000,Canada,Québec,CA-QC,0.0,29.5,100.0,100.0,hydroquebec.com,false,""
2022-08-16T08:00:00.000000,Canada,Québec,CA-QC,0.0,29.58,100.0,100.0,hydroquebec.com,false,""
2022-08-16T09:00:00.000000,Canada,Québec,CA-QC,0.0,29.38,100.0,100.0,hydroquebec.com,false,""
2022-08-16T10:00:00.000000,Canada,Québec,CA-QC,0.0,29.06,100.0,100.0,hydroquebec.com,false,""
2022-08-16T11:00:00.000000,Canada,Québec,CA-QC,0.0,28.68,100.0,100.0,hydroquebec.com,false,""
2022-08-16T12:00:00.000000,Canada,Québec,CA-QC,0.0,28.46,100.0,100.0,hydroquebec.com,false,""
2022-08-16T13:00:00.000000,Canada,Québec,CA-QC,0.0,28.39,100.0,100.0,hydroquebec.com,false,""
2022-08-16T14:00:00.000000,Canada,Québec,CA-QC,0.0,28.29,100.0,100.0,hydroquebec.com,false,""
2022-08-16T15:00:00.000000,Canada,Québec,CA-QC,0.0,28.2,100.0,100.0,hydroquebec.com,false,""
2022-08-16T16:00:00.000000,Canada,Québec,CA-QC,0.0,28.14,100.0,100.0,hydroquebec.com,false,""
2022-08-16T17:00:00.000000,Canada,Québec,CA-QC,0.0,28.06,100.0,100.0,hydroquebec.com,false,""
2022-08-16T18:00:00.000000,Canada,Québec,CA-QC,0.0,28.0,100.0,100.0,hydroquebec.com,false,""
2022-08-16T19:00:00.000000,Canada,Québec,CA-QC,0.0,28.01,100.0,100.0,hydroquebec.com,false,""
2022-08-16T20:00:00.000000,Canada,Québec,CA-QC,0.0,28.03,100.0,100.0,hydroquebec.com,false,""
2022-08-16T21:00:00.000000,Canada,Québec,CA-QC,0.0,28.03,100.0,100.0,hydroquebec.com,false,""
2022-08-16T22:00:00.000000,Canada,Québec,CA-QC,0.0,28.09,100.0,100.0,hydroquebec.com,false,""
2022-08-16T23:00:00.000000,Canada,Québec,CA-QC,0.0,28.19,100.0,100.0,hydroquebec.com,false,""
2022-08-17T00:00:00.000000,Canada,Québec,CA-QC,0.0,28.14,100.0,100.0,hydroquebec.com,false,""
2022-08-17T01:00:00.000000,Canada,Québec,CA-QC,0.0,28.09,100.0,100.0,hydroquebec.com,false,""
2022-08-17T02:00:00.000000,Canada,Québec,CA-QC,0.0,28.33,100.0,100.0,hydroquebec.com,false,""
2022-08-17T03:00:00.000000,Canada,Québec,CA-QC,0.0,28.66,100.0,100.0,hydroquebec.com,false,""
2022-08-17T04:00:00.000000,Canada,Québec,CA-QC,0.0,28.87,100.0,100.0,hydroquebec.com,false,""
2022-08-17T05:00:00.000000,Canada,Québec,CA-QC,0.0,29.05,100.0,100.0,hydroquebec.com,false,""
2022-08-17T06:00:00.000000,Canada,Québec,CA-QC,0.0,29.14,100.0,100.0,hydroquebec.com,false,""
2022-08-17T07:00:00.000000,Canada,Québec,CA-QC,0.0,29.27,100.0,100.0,hydroquebec.com,false,""
2022-08-17T08:00:00.000000,Canada,Québec,CA-QC,0.0,29.4,100.0,100.0,hydroquebec.com,false,""
2022-08-17T09:00:00.000000,Canada,Québec,CA-QC,0.0,29.34,100.0,100.0,hydroquebec.com,false,""
2022-08-17T10:00:00.000000,Canada,Québec,CA-QC,0.0,29.06,100.0,100.0,hydroquebec.com,false,""
2022-08-17T11:00:00.000000,Canada,Québec,CA-QC,0.0,28.67,100.0,100.0,hydroquebec.com,false,""
2022-08-17T12:00:00.000000,Canada,Québec,CA-QC,0.2,28.72,99.95,99.95,hydroquebec.com,false,""
2022-08-17T13:00:00.000000,Canada,Québec,CA-QC,0.39,28.85,99.9,99.9,hydroquebec.com,false,""
2022-08-17T14:00:00.000000,Canada,Québec,CA-QC,0.19,28.45,99.95,99.95,hydroquebec.com,false,""
2022-08-17T15:00:00.000000,Canada,Québec,CA-QC,0.0,28.06,100.0,100.0,hydroquebec.com,false,""
2022-08-17T16:00:00.000000,Canada,Québec,CA-QC,0.0,28.2,100.0,100.0,hydroquebec.com,false,""
2022-08-17T17:00:00.000000,Canada,Québec,CA-QC,0.0,28.36,100.0,100.0,hydroquebec.com,false,""
2022-08-17T18:00:00.000000,Canada,Québec,CA-QC,0.0,28.29,100.0,100.0,hydroquebec.com,false,""
2022-08-17T19:00:00.000000,Canada,Québec,CA-QC,0.0,28.25,100.0,100.0,hydroquebec.com,false,""
2022-08-17T20:00:00.000000,Canada,Québec,CA-QC,0.0,28.23,100.0,100.0,hydroquebec.com,false,""
2022-08-17T21:00:00.000000,Canada,Québec,CA-QC,0.0,28.16,100.0,100.0,hydroquebec.com,false,""
2022-08-17T22:00:00.000000,Canada,Québec,CA-QC,0.0,28.13,100.0,100.0,hydroquebec.com,false,""
2022-08-17T23:00:00.000000,Canada,Québec,CA-QC,0.0,28.12,100.0,100.0,hydroquebec.com,false,""
2022-08-18T00:00:00.000000,Canada,Québec,CA-QC,0.0,28.11,100.0,100.0,hydroquebec.com,false,""
2022-08-18T01:00:00.000000,Canada,Québec,CA-QC,0.0,28.12,100.0,100.0,hydroquebec.com,false,""
2022-08-18T02:00:00.000000,Canada,Québec,CA-QC,0.0,28.22,100.0,100.0,hydroquebec.com,false,""
2022-08-18T03:00:00.000000,Canada,Québec,CA-QC,0.0,28.39,100.0,100.0,hydroquebec.com,false,""
2022-08-18T04:00:00.000000,Canada,Québec,CA-QC,0.0,28.51,100.0,100.0,hydroquebec.com,false,""
2022-08-18T05:00:00.000000,Canada,Québec,CA-QC,0.0,28.6,100.0,100.0,hydroquebec.com,false,""
2022-08-18T06:00:00.000000,Canada,Québec,CA-QC,0.0,28.68,100.0,100.0,hydroquebec.com,false,""
2022-08-18T07:00:00.000000,Canada,Québec,CA-QC,0.0,28.75,100.0,100.0,hydroquebec.com,false,""
2022-08-18T08:00:00.000000,Canada,Québec,CA-QC,0.0,28.84,100.0,100.0,hydroquebec.com,false,""
2022-08-18T09:00:00.000000,Canada,Québec,CA-QC,0.0,28.72,100.0,100.0,hydroquebec.com,false,""
2022-08-18T10:00:00.000000,Canada,Québec,CA-QC,0.0,28.5,100.0,100.0,hydroquebec.com,false,""
2022-08-18T11:00:00.000000,Canada,Québec,CA-QC,0.0,28.31,100.0,100.0,hydroquebec.com,false,""
2022-08-18T12:00:00.000000,Canada,Québec,CA-QC,0.0,28.16,100.0,100.0,hydroquebec.com,false,""
2022-08-18T13:00:00.000000,Canada,Québec,CA-QC,0.0,28.12,100.0,100.0,hydroquebec.com,false,""
2022-08-18T14:00:00.000000,Canada,Québec,CA-QC,0.0,28.13,100.0,100.0,hydroquebec.com,false,""
2022-08-18T15:00:00.000000,Canada,Québec,CA-QC,0.0,28.18,100.0,100.0,hydroquebec.com,false,""
2022-08-18T16:00:00.000000,Canada,Québec,CA-QC,0.0,28.05,100.0,100.0,hydroquebec.com,false,""
2022-08-18T17:00:00.000000,Canada,Québec,CA-QC,0.0,27.88,100.0,100.0,hydroquebec.com,false,""
2022-08-18T18:00:00.000000,Canada,Québec,CA-QC,0.0,27.87,100.0,100.0,hydroquebec.com,false,""
2022-08-18T19:00:00.000000,Canada,Québec,CA-QC,0.0,27.9,100.0,100.0,hydroquebec.com,false,""
2022-08-18T20:00:00.000000,Canada,Québec,CA-QC,0.0,27.98,100.0,100.0,hydroquebec.com,false,""
2022-08-18T21:00:00.000000,Canada,Québec,CA-QC,0.0,28.04,100.0,100.0,hydroquebec.com,false,""
2022-08-18T22:00:00.000000,Canada,Québec,CA-QC,0.0,28.07,100.0,100.0,hydroquebec.com,false,""
2022-08-18T23:00:00.000000,Canada,Québec,CA-QC,0.0,28.15,100.0,100.0,hydroquebec.com,false,""
2022-08-19T00:00:00.000000,Canada,Québec,CA-QC,0.0,28.25,100.0,100.0,hydroquebec.com,false,""
2022-08-19T01:00:00.000000,Canada,Québec,CA-QC,0.0,28.4,100.0,100.0,hydroquebec.com,false,""
2022-08-19T02:00:00.000000,Canada,Québec,CA-QC,0.0,28.6,100.0,100.0,hydroquebec.com,false,""
2022-08-19T03:00:00.000000,Canada,Québec,CA-QC,0.0,28.81,100.0,100.0,hydroquebec.com,false,""
2022-08-19T04:00:00.000000,Canada,Québec,CA-QC,0.0,28.99,100.0,100.0,hydroquebec.com,false,""
2022-08-19T05:00:00.000000,Canada,Québec,CA-QC,0.0,29.11,100.0,100.0,hydroquebec.com,false,""
2022-08-19T06:00:00.000000,Canada,Québec,CA-QC,0.0,29.28,100.0,100.0,hydroquebec.com,false,""
2022-08-19T07:00:00.000000,Canada,Québec,CA-QC,0.0,29.44,100.0,100.0,hydroquebec.com,false,""
2022-08-19T08:00:00.000000,Canada,Québec,CA-QC,0.0,29.48,100.0,100.0,hydroquebec.com,false,""
2022-08-19T09:00:00.000000,Canada,Québec,CA-QC,0.0,29.31,100.0,100.0,hydroquebec.com,false,""
2022-08-19T10:00:00.000000,Canada,Québec,CA-QC,0.0,28.91,100.0,100.0,hydroquebec.com,false,""
2022-08-19T11:00:00.000000,Canada,Québec,CA-QC,0.0,28.56,100.0,100.0,hydroquebec.com,false,""
2022-08-19T12:00:00.000000,Canada,Québec,CA-QC,0.0,28.32,100.0,100.0,hydroquebec.com,false,""
2022-08-19T13:00:00.000000,Canada,Québec,CA-QC,0.0,28.15,100.0,100.0,hydroquebec.com,false,""
2022-08-19T14:00:00.000000,Canada,Québec,CA-QC,0.0,28.06,100.0,100.0,hydroquebec.com,false,""
2022-08-19T15:00:00.000000,Canada,Québec,CA-QC,0.0,27.95,100.0,100.0,hydroquebec.com,false,""
2022-08-19T16:00:00.000000,Canada,Québec,CA-QC,0.0,27.78,100.0,100.0,hydroquebec.com,false,""
2022-08-19T17:00:00.000000,Canada,Québec,CA-QC,0.0,27.66,100.0,100.0,hydroquebec.com,false,""
2022-08-19T18:00:00.000000,Canada,Québec,CA-QC,0.0,27.63,100.0,100.0,hydroquebec.com,false,""
2022-08-19T19:00:00.000000,Canada,Québec,CA-QC,0.0,27.59,100.0,100.0,hydroquebec.com,false,""
2022-08-19T20:00:00.000000,Canada,Québec,CA-QC,0.0,27.57,100.0,100.0,hydroquebec.com,false,""
2022-08-19T21:00:00.000000,Canada,Québec,CA-QC,0.0,27.56,100.0,100.0,hydroquebec.com,false,""
2022-08-19T22:00:00.000000,Canada,Québec,CA-QC,0.0,27.55,100.0,100.0,hydroquebec.com,false,""
2022-08-19T23:00:00.000000,Canada,Québec,CA-QC,0.0,27.55,100.0,100.0,hydroquebec.com,false,""
2022-08-20T00:00:00.000000,Canada,Québec,CA-QC,0.0,27.55,100.0,100.0,hydroquebec.com,false,""
2022-08-20T01:00:00.000000,Canada,Québec,CA-QC,0.0,27.63,100.0,100.0,hydroquebec.com,false,""
2022-08-20T02:00:00.000000,Canada,Québec,CA-QC,0.0,27.78,100.0,100.0,hydroquebec.com,false,""
2022-08-20T03:00:00.000000,Canada,Québec,CA-QC,0.0,27.93,100.0,100.0,hydroquebec.com,false,""
2022-08-20T04:00:00.000000,Canada,Québec,CA-QC,0.0,28.08,100.0,100.0,hydroquebec.com,false,""
2022-08-20T05:00:00.000000,Canada,Québec,CA-QC,0.0,28.15,100.0,100.0,hydroquebec.com,false,""
2022-08-20T06:00:00.000000,Canada,Québec,CA-QC,0.0,28.24,100.0,100.0,hydroquebec.com,false,""
2022-08-20T07:00:00.000000,Canada,Québec,CA-QC,0.0,28.34,100.0,100.0,hydroquebec.com,false,""
2022-08-20T08:00:00.000000,Canada,Québec,CA-QC,0.0,28.44,100.0,100.0,hydroquebec.com,false,""
2022-08-20T09:00:00.000000,Canada,Québec,CA-QC,0.0,28.56,100.0,100.0,hydroquebec.com,false,""
2022-08-20T10:00:00.000000,Canada,Québec,CA-QC,0.0,28.61,100.0,100.0,hydroquebec.com,false,""
2022-08-20T11:00:00.000000,Canada,Québec,CA-QC,0.0,28.52,100.0,100.0,hydroquebec.com,false,""
2022-08-20T12:00:00.000000,Canada,Québec,CA-QC,0.0,28.38,100.0,100.0,hydroquebec.com,false,""
2022-08-20T13:00:00.000000,Canada,Québec,CA-QC,0.0,28.25,100.0,100.0,hydroquebec.com,false,""
2022-08-20T14:00:00.000000,Canada,Québec,CA-QC,0.0,28.15,100.0,100.0,hydroquebec.com,false,""
2022-08-20T15:00:00.000000,Canada,Québec,CA-QC,0.0,28.11,100.0,100.0,hydroquebec.com,false,""
2022-08-20T16:00:00.000000,Canada,Québec,CA-QC,0.0,28.14,100.0,100.0,hydroquebec.com,false,""
2022-08-20T17:00:00.000000,Canada,Québec,CA-QC,0.0,28.19,100.0,100.0,hydroquebec.com,false,""
2022-08-20T18:00:00.000000,Canada,Québec,CA-QC,0.0,28.19,100.0,100.0,hydroquebec.com,false,""
2022-08-20T19:00:00.000000,Canada,Québec,CA-QC,0.0,28.19,100.0,100.0,hydroquebec.com,false,""
2022-08-20T20:00:00.000000,Canada,Québec,CA-QC,0.0,28.21,100.0,100.0,hydroquebec.com,false,""
2022-08-20T21:00:00.000000,Canada,Québec,CA-QC,0.0,28.25,100.0,100.0,hydroquebec.com,false,""
2022-08-20T22:00:00.000000,Canada,Québec,CA-QC,0.0,28.25,100.0,100.0,hydroquebec.com,false,""
2022-08-20T23:00:00.000000,Canada,Québec,CA-QC,0.0,28.26,100.0,100.0,hydroquebec.com,false,""
2022-08-21T00:00:00.000000,Canada,Québec,CA-QC,0.0,28.3,100.0,100.0,hydroquebec.com,false,""
2022-08-21T01:00:00.000000,Canada,Québec,CA-QC,0.0,28.35,100.0,100.0,hydroquebec.com,false,""
2022-08-21T02:00:00.000000,Canada,Québec,CA-QC,0.0,28.45,100.0,100.0,hydroquebec.com,false,""
2022-08-21T03:00:00.000000,Canada,Québec,CA-QC,0.0,28.53,100.0,100.0,hydroquebec.com,false,""
2022-08-21T04:00:00.000000,Canada,Québec,CA-QC,0.0,28.63,100.0,100.0,hydroquebec.com,false,""
2022-08-21T05:00:00.000000,Canada,Québec,CA-QC,0.0,28.86,100.0,100.0,hydroquebec.com,false,""
2022-08-21T06:00:00.000000,Canada,Québec,CA-QC,0.0,29.05,100.0,100.0,hydroquebec.com,false,""
2022-08-21T07:00:00.000000,Canada,Québec,CA-QC,0.0,29.15,100.0,100.0,hydroquebec.com,false,""
2022-08-21T08:00:00.000000,Canada,Québec,CA-QC,0.0,29.26,100.0,100.0,hydroquebec.com,false,""
2022-08-21T09:00:00.000000,Canada,Québec,CA-QC,0.0,29.3,100.0,100.0,hydroquebec.com,false,""
2022-08-21T10:00:00.000000,Canada,Québec,CA-QC,0.0,29.24,100.0,100.0,hydroquebec.com,false,""
2022-08-21T11:00:00.000000,Canada,Québec,CA-QC,0.0,29.11,100.0,100.0,hydroquebec.com,false,""
2022-08-21T12:00:00.000000,Canada,Québec,CA-QC,0.0,28.85,100.0,100.0,hydroquebec.com,false,""
2022-08-21T13:00:00.000000,Canada,Québec,CA-QC,0.0,28.59,100.0,100.0,hydroquebec.com,false,""
2022-08-21T14:00:00.000000,Canada,Québec,CA-QC,0.0,28.42,100.0,100.0,hydroquebec.com,false,""
2022-08-21T15:00:00.000000,Canada,Québec,CA-QC,0.0,28.23,100.0,100.0,hydroquebec.com,false,""
2022-08-21T16:00:00.000000,Canada,Québec,CA-QC,0.0,28.24,100.0,100.0,hydroquebec.com,false,""
2022-08-21T17:00:00.000000,Canada,Québec,CA-QC,0.0,28.33,100.0,100.0,hydroquebec.com,false,""
2022-08-21T18:00:00.000000,Canada,Québec,CA-QC,0.0,28.29,100.0,100.0,hydroquebec.com,false,""
2022-08-21T19:00:00.000000,Canada,Québec,CA-QC,0.0,28.3,100.0,100.0,hydroquebec.com,false,""
2022-08-21T20:00:00.000000,Canada,Québec,CA-QC,0.0,28.34,100.0,100.0,hydroquebec.com,false,""
2022-08-21T21:00:00.000000,Canada,Québec,CA-QC,0.0,28.35,100.0,100.0,hydroquebec.com,false,""
2022-08-21T22:00:00.000000,Canada,Québec,CA-QC,0.0,28.38,100.0,100.0,hydroquebec.com,false,""
2022-08-21T23:00:00.000000,Canada,Québec,CA-QC,0.0,28.33,100.0,100.0,hydroquebec.com,false,""
2022-08-22T00:00:00.000000,Canada,Québec,CA-QC,0.0,28.2,100.0,100.0,hydroquebec.com,false,""
2022-08-22T01:00:00.000000,Canada,Québec,CA-QC,0.0,28.23,100.0,100.0,hydroquebec.com,false,""
2022-08-22T02:00:00.000000,Canada,Québec,CA-QC,0.0,28.35,100.0,100.0,hydroquebec.com,false,""
2022-08-22T03:00:00.000000,Canada,Québec,CA-QC,0.0,28.41,100.0,100.0,hydroquebec.com,false,""
2022-08-22T04:00:00.000000,Canada,Québec,CA-QC,0.0,28.48,100.0,100.0,hydroquebec.com,false,""
2022-08-22T05:00:00.000000,Canada,Québec,CA-QC,0.0,28.69,100.0,100.0,hydroquebec.com,false,""
2022-08-22T06:00:00.000000,Canada,Québec,CA-QC,0.0,28.94,100.0,100.0,hydroquebec.com,false,""
2022-08-22T07:00:00.000000,Canada,Québec,CA-QC,0.0,29.03,100.0,100.0,hydroquebec.com,false,""
2022-08-22T08:00:00.000000,Canada,Québec,CA-QC,0.0,29.07,100.0,100.0,hydroquebec.com,false,""
2022-08-22T09:00:00.000000,Canada,Québec,CA-QC,0.0,28.97,100.0,100.0,hydroquebec.com,false,""
2022-08-22T10:00:00.000000,Canada,Québec,CA-QC,0.0,28.64,100.0,100.0,hydroquebec.com,false,""
2022-08-22T11:00:00.000000,Canada,Québec,CA-QC,0.0,28.3,100.0,100.0,hydroquebec.com,false,""
2022-08-22T12:00:00.000000,Canada,Québec,CA-QC,0.0,28.18,100.0,100.0,hydroquebec.com,false,""
2022-08-22T13:00:00.000000,Canada,Québec,CA-QC,0.0,28.25,100.0,100.0,hydroquebec.com,false,""
2022-08-22T14:00:00.000000,Canada,Québec,CA-QC,0.0,28.33,100.0,100.0,hydroquebec.com,false,""
2022-08-22T15:00:00.000000,Canada,Québec,CA-QC,0.0,28.32,100.0,100.0,hydroquebec.com,false,""
2022-08-22T16:00:00.000000,Canada,Québec,CA-QC,0.0,28.16,100.0,100.0,hydroquebec.com,false,""
2022-08-22T17:00:00.000000,Canada,Québec,CA-QC,0.0,28.0,100.0,100.0,hydroquebec.com,false,""
2022-08-22T18:00:00.000000,Canada,Québec,CA-QC,0.0,28.01,100.0,100.0,hydroquebec.com,false,""
2022-08-22T19:00:00.000000,Canada,Québec,CA-QC,0.0,28.04,100.0,100.0,hydroquebec.com,false,""
2022-08-22T20:00:00.000000,Canada,Québec,CA-QC,0.0,28.06,100.0,100.0,hydroquebec.com,false,""
2022-08-22T21:00:00.000000,Canada,Québec,CA-QC,0.0,28.02,100.0,100.0,hydroquebec.com,false,""
2022-08-22T22:00:00.000000,Canada,Québec,CA-QC,0.0,27.98,100.0,100.0,hydroquebec.com,false,""
2022-08-22T23:00:00.000000,Canada,Québec,CA-QC,0.0,27.97,100.0,100.0,hydroquebec.com,false,""
2022-08-23T00:00:00.000000,Canada,Québec,CA-QC,0.0,27.98,100.0,100.0,hydroquebec.com,false,""
2022-08-23T01:00:00.000000,Canada,Québec,CA-QC,0.0,28.02,100.0,100.0,hydroquebec.com,false,""
2022-08-23T02:00:00.000000,Canada,Québec,CA-QC,0.0,28.16,100.0,100.0,hydroquebec.com,false,""
2022-08-23T03:00:00.000000,Canada,Québec,CA-QC,0.0,28.4,100.0,100.0,hydroquebec.com,false,""
2022-08-23T04:00:00.000000,Canada,Québec,CA-QC,0.0,28.65,100.0,100.0,hydroquebec.com,false,""
2022-08-23T05:00:00.000000,Canada,Québec,CA-QC,0.0,28.81,100.0,100.0,hydroquebec.com,false,""
2022-08-23T06:00:00.000000,Canada,Québec,CA-QC,0.0,28.93,100.0,100.0,hydroquebec.com,false,""
2022-08-23T07:00:00.000000,Canada,Québec,CA-QC,0.0,29.06,100.0,100.0,hydroquebec.com,false,""
2022-08-23T08:00:00.000000,Canada,Québec,CA-QC,0.0,29.17,100.0,100.0,hydroquebec.com,false,""
2022-08-23T09:00:00.000000,Canada,Québec,CA-QC,0.0,29.19,100.0,100.0,hydroquebec.com,false,""
2022-08-23T10:00:00.000000,Canada,Québec,CA-QC,0.0,28.99,100.0,100.0,hydroquebec.com,false,""
2022-08-23T11:00:00.000000,Canada,Québec,CA-QC,0.0,28.67,100.0,100.0,hydroquebec.com,false,""
2022-08-23T12:00:00.000000,Canada,Québec,CA-QC,0.0,28.24,100.0,100.0,hydroquebec.com,false,""
2022-08-23T13:00:00.000000,Canada,Québec,CA-QC,0.0,27.95,100.0,100.0,hydroquebec.com,false,""
2022-08-23T14:00:00.000000,Canada,Québec,CA-QC,0.0,27.89,100.0,100.0,hydroquebec.com,false,""
2022-08-23T15:00:00.000000,Canada,Québec,CA-QC,0.0,27.85,100.0,100.0,hydroquebec.com,false,""
2022-08-23T16:00:00.000000,Canada,Québec,CA-QC,0.0,27.8,100.0,100.0,hydroquebec.com,false,""
2022-08-23T17:00:00.000000,Canada,Québec,CA-QC,0.0,27.76,100.0,100.0,hydroquebec.com,false,""
2022-08-23T18:00:00.000000,Canada,Québec,CA-QC,0.0,27.74,100.0,100.0,hydroquebec.com,false,""
2022-08-23T19:00:00.000000,Canada,Québec,CA-QC,0.0,27.77,100.0,100.0,hydroquebec.com,false,""
2022-08-23T20:00:00.000000,Canada,Québec,CA-QC,0.0,27.74,100.0,100.0,hydroquebec.com,false,""
2022-08-23T21:00:00.000000,Canada,Québec,CA-QC,0.0,27.61,100.0,100.0,hydroquebec.com,false,""
2022-08-23T22:00:00.000000,Canada,Québec,CA-QC,0.0,27.55,100.0,100.0,hydroquebec.com,false,""
2022-08-23T23:00:00.000000,Canada,Québec,CA-QC,0.0,27.59,100.0,100.0,hydroquebec.com,false,""
2022-08-24T00:00:00.000000,Canada,Québec,CA-QC,0.0,27.6,100.0,100.0,hydroquebec.com,false,""
2022-08-24T01:00:00.000000,Canada,Québec,CA-QC,0.0,27.66,100.0,100.0,hydroquebec.com,false,""
2022-08-24T02:00:00.000000,Canada,Québec,CA-QC,0.0,27.84,100.0,100.0,hydroquebec.com,false,""
2022-08-24T03:00:00.000000,Canada,Québec,CA-QC,0.0,28.05,100.0,100.0,hydroquebec.com,false,""
2022-08-24T04:00:00.000000,Canada,Québec,CA-QC,0.0,28.35,100.0,100.0,hydroquebec.com,false,""
2022-08-24T05:00:00.000000,Canada,Québec,CA-QC,0.0,28.58,100.0,100.0,hydroquebec.com,false,""
2022-08-24T06:00:00.000000,Canada,Québec,CA-QC,0.0,28.61,100.0,100.0,hydroquebec.com,false,""
2022-08-24T07:00:00.000000,Canada,Québec,CA-QC,0.0,28.7,100.0,100.0,hydroquebec.com,false,""
2022-08-24T08:00:00.000000,Canada,Québec,CA-QC,0.0,28.84,100.0,100.0,hydroquebec.com,false,""
2022-08-24T09:00:00.000000,Canada,Québec,CA-QC,0.0,28.78,100.0,100.0,hydroquebec.com,false,""
2022-08-24T10:00:00.000000,Canada,Québec,CA-QC,0.0,28.53,100.0,100.0,hydroquebec.com,false,""
2022-08-24T11:00:00.000000,Canada,Québec,CA-QC,0.0,28.25,100.0,100.0,hydroquebec.com,false,""
2022-08-24T12:00:00.000000,Canada,Québec,CA-QC,0.0,28.02,100.0,100.0,hydroquebec.com,false,""
2022-08-24T13:00:00.000000,Canada,Québec,CA-QC,0.0,27.9,100.0,100.0,hydroquebec.com,false,""
2022-08-24T14:00:00.000000,Canada,Québec,CA-QC,0.0,27.84,100.0,100.0,hydroquebec.com,false,""
2022-08-24T15:00:00.000000,Canada,Québec,CA-QC,0.0,27.8,100.0,100.0,hydroquebec.com,false,""
2022-08-24T16:00:00.000000,Canada,Québec,CA-QC,0.0,27.96,100.0,100.0,hydroquebec.com,false,""
2022-08-24T17:00:00.000000,Canada,Québec,CA-QC,0.0,28.13,100.0,100.0,hydroquebec.com,false,""
2022-08-24T18:00:00.000000,Canada,Québec,CA-QC,0.0,28.15,100.0,100.0,hydroquebec.com,false,""
2022-08-24T19:00:00.000000,Canada,Québec,CA-QC,0.0,28.15,100.0,100.0,hydroquebec.com,false,""
2022-08-24T20:00:00.000000,Canada,Québec,CA-QC,0.0,28.09,100.0,100.0,hydroquebec.com,false,""
2022-08-24T21:00:00.000000,Canada,Québec,CA-QC,0.0,28.01,100.0,100.0,hydroquebec.com,false,""
2022-08-24T22:00:00.000000,Canada,Québec,CA-QC,0.0,27.97,100.0,100.0,hydroquebec.com,false,""
2022-08-24T23:00:00.000000,Canada,Québec,CA-QC,0.0,27.98,100.0,100.0,hydroquebec.com,false,""
2022-08-25T00:00:00.000000,Canada,Québec,CA-QC,0.0,27.95,100.0,100.0,hydroquebec.com,false,""
2022-08-25T01:00:00.000000,Canada,Québec,CA-QC,0.0,27.97,100.0,100.0,hydroquebec.com,false,""
2022-08-25T02:00:00.000000,Canada,Québec,CA-QC,0.0,28.16,100.0,100.0,hydroquebec.com,false,""
2022-08-25T03:00:00.000000,Canada,Québec,CA-QC,0.0,28.33,100.0,100.0,hydroquebec.com,false,""
2022-08-25T04:00:00.000000,Canada,Québec,CA-QC,0.0,28.41,100.0,100.0,hydroquebec.com,false,""
2022-08-25T05:00:00.000000,Canada,Québec,CA-QC,0.0,28.47,100.0,100.0,hydroquebec.com,false,""
2022-08-25T06:00:00.000000,Canada,Québec,CA-QC,0.0,28.6,100.0,100.0,hydroquebec.com,false,""
2022-08-25T07:00:00.000000,Canada,Québec,CA-QC,0.0,28.71,100.0,100.0,hydroquebec.com,false,""
2022-08-25T08:00:00.000000,Canada,Québec,CA-QC,0.0,28.74,100.0,100.0,hydroquebec.com,false,""
2022-08-25T09:00:00.000000,Canada,Québec,CA-QC,0.0,28.63,100.0,100.0,hydroquebec.com,false,""
2022-08-25T10:00:00.000000,Canada,Québec,CA-QC,0.0,28.38,100.0,100.0,hydroquebec.com,false,""
2022-08-25T11:00:00.000000,Canada,Québec,CA-QC,0.0,28.12,100.0,100.0,hydroquebec.com,false,""
2022-08-25T12:00:00.000000,Canada,Québec,CA-QC,0.0,27.93,100.0,100.0,hydroquebec.com,false,""
2022-08-25T13:00:00.000000,Canada,Québec,CA-QC,0.0,27.86,100.0,100.0,hydroquebec.com,false,""
2022-08-25T14:00:00.000000,Canada,Québec,CA-QC,0.0,27.81,100.0,100.0,hydroquebec.com,false,""
2022-08-25T15:00:00.000000,Canada,Québec,CA-QC,0.0,27.8,100.0,100.0,hydroquebec.com,false,""
2022-08-25T16:00:00.000000,Canada,Québec,CA-QC,0.0,27.83,100.0,100.0,hydroquebec.com,false,""
2022-08-25T17:00:00.000000,Canada,Québec,CA-QC,0.0,27.79,100.0,100.0,hydroquebec.com,false,""
2022-08-25T18:00:00.000000,Canada,Québec,CA-QC,0.0,27.77,100.0,100.0,hydroquebec.com,false,""
2022-08-25T19:00:00.000000,Canada,Québec,CA-QC,0.0,27.79,100.0,100.0,hydroquebec.com,false,""
2022-08-25T20:00:00.000000,Canada,Québec,CA-QC,0.0,27.83,100.0,100.0,hydroquebec.com,false,""
2022-08-25T21:00:00.000000,Canada,Québec,CA-QC,0.0,27.88,100.0,100.0,hydroquebec.com,false,""
2022-08-25T22:00:00.000000,Canada,Québec,CA-QC,0.0,27.91,100.0,100.0,hydroquebec.com,false,""
2022-08-25T23:00:00.000000,Canada,Québec,CA-QC,0.0,27.91,100.0,100.0,hydroquebec.com,false,""
2022-08-26T00:00:00.000000,Canada,Québec,CA-QC,0.0,27.89,100.0,100.0,hydroquebec.com,false,""
2022-08-26T01:00:00.000000,Canada,Québec,CA-QC,0.0,27.96,100.0,100.0,hydroquebec.com,false,""
2022-08-26T02:00:00.000000,Canada,Québec,CA-QC,0.0,28.16,100.0,100.0,hydroquebec.com,false,""
2022-08-26T03:00:00.000000,Canada,Québec,CA-QC,0.0,28.4,100.0,100.0,hydroquebec.com,false,""
2022-08-26T04:00:00.000000,Canada,Québec,CA-QC,0.0,28.63,100.0,100.0,hydroquebec.com,false,""
2022-08-26T05:00:00.000000,Canada,Québec,CA-QC,0.0,28.8,100.0,100.0,hydroquebec.com,false,""
2022-08-26T06:00:00.000000,Canada,Québec,CA-QC,0.0,28.97,100.0,100.0,hydroquebec.com,false,""
2022-08-26T07:00:00.000000,Canada,Québec,CA-QC,0.0,29.1,100.0,100.0,hydroquebec.com,false,""
2022-08-26T08:00:00.000000,Canada,Québec,CA-QC,0.0,29.17,100.0,100.0,hydroquebec.com,false,""
2022-08-26T09:00:00.000000,Canada,Québec,CA-QC,0.0,29.09,100.0,100.0,hydroquebec.com,false,""
2022-08-26T10:00:00.000000,Canada,Québec,CA-QC,0.0,28.82,100.0,100.0,hydroquebec.com,false,""
2022-08-26T11:00:00.000000,Canada,Québec,CA-QC,0.0,28.52,100.0,100.0,hydroquebec.com,false,""
2022-08-26T12:00:00.000000,Canada,Québec,CA-QC,0.0,28.51,100.0,100.0,hydroquebec.com,false,""
2022-08-26T13:00:00.000000,Canada,Québec,CA-QC,0.0,28.55,100.0,100.0,hydroquebec.com,false,""
2022-08-26T14:00:00.000000,Canada,Québec,CA-QC,0.0,28.46,100.0,100.0,hydroquebec.com,false,""
2022-08-26T15:00:00.000000,Canada,Québec,CA-QC,0.0,28.42,100.0,100.0,hydroquebec.com,false,""
2022-08-26T16:00:00.000000,Canada,Québec,CA-QC,0.0,28.47,100.0,100.0,hydroquebec.com,false,""
2022-08-26T17:00:00.000000,Canada,Québec,CA-QC,0.0,28.56,100.0,100.0,hydroquebec.com,false,""
2022-08-26T18:00:00.000000,Canada,Québec,CA-QC,0.0,28.68,100.0,100.0,hydroquebec.com,false,""
2022-08-26T19:00:00.000000,Canada,Québec,CA-QC,0.0,28.84,100.0,100.0,hydroquebec.com,false,""
2022-08-26T20:00:00.000000,Canada,Québec,CA-QC,0.0,28.89,100.0,100.0,hydroquebec.com,false,""
2022-08-26T21:00:00.000000,Canada,Québec,CA-QC,0.0,28.84,100.0,100.0,hydroquebec.com,false,""
2022-08-26T22:00:00.000000,Canada,Québec,CA-QC,0.0,28.78,100.0,100.0,hydroquebec.com,false,""
2022-08-26T23:00:00.000000,Canada,Québec,CA-QC,0.0,28.75,100.0,100.0,hydroquebec.com,false,""
2022-08-27T00:00:00.000000,Canada,Québec,CA-QC,0.0,28.78,100.0,100.0,hydroquebec.com,false,""
2022-08-27T01:00:00.000000,Canada,Québec,CA-QC,0.0,28.91,100.0,100.0,hydroquebec.com,false,""
2022-08-27T02:00:00.000000,Canada,Québec,CA-QC,0.0,29.14,100.0,100.0,hydroquebec.com,false,""
2022-08-27T03:00:00.000000,Canada,Québec,CA-QC,0.0,29.33,100.0,100.0,hydroquebec.com,false,""
2022-08-27T04:00:00.000000,Canada,Québec,CA-QC,0.0,29.46,100.0,100.0,hydroquebec.com,false,""
2022-08-27T05:00:00.000000,Canada,Québec,CA-QC,0.0,29.6,100.0,100.0,hydroquebec.com,false,""
2022-08-27T06:00:00.000000,Canada,Québec,CA-QC,0.0,29.72,100.0,100.0,hydroquebec.com,false,""
2022-08-27T07:00:00.000000,Canada,Québec,CA-QC,0.0,29.75,100.0,100.0,hydroquebec.com,false,""
2022-08-27T08:00:00.000000,Canada,Québec,CA-QC,0.0,29.76,100.0,100.0,hydroquebec.com,false,""
2022-08-27T09:00:00.000000,Canada,Québec,CA-QC,0.0,29.74,100.0,100.0,hydroquebec.com,false,""
2022-08-27T10:00:00.000000,Canada,Québec,CA-QC,0.0,29.58,100.0,100.0,hydroquebec.com,false,""
2022-08-27T11:00:00.000000,Canada,Québec,CA-QC,0.0,29.37,100.0,100.0,hydroquebec.com,false,""
2022-08-27T12:00:00.000000,Canada,Québec,CA-QC,0.0,29.11,100.0,100.0,hydroquebec.com,false,""
2022-08-27T13:00:00.000000,Canada,Québec,CA-QC,0.0,28.94,100.0,100.0,hydroquebec.com,false,""
2022-08-27T14:00:00.000000,Canada,Québec,CA-QC,0.0,28.84,100.0,100.0,hydroquebec.com,false,""
2022-08-27T15:00:00.000000,Canada,Québec,CA-QC,0.0,28.76,100.0,100.0,hydroquebec.com,false,""
2022-08-27T16:00:00.000000,Canada,Québec,CA-QC,0.0,28.72,100.0,100.0,hydroquebec.com,false,""
2022-08-27T17:00:00.000000,Canada,Québec,CA-QC,0.0,28.74,100.0,100.0,hydroquebec.com,false,""
2022-08-27T18:00:00.000000,Canada,Québec,CA-QC,0.0,28.83,100.0,100.0,hydroquebec.com,false,""
2022-08-27T19:00:00.000000,Canada,Québec,CA-QC,0.0,28.85,100.0,100.0,hydroquebec.com,false,""
2022-08-27T20:00:00.000000,Canada,Québec,CA-QC,0.0,28.77,100.0,100.0,hydroquebec.com,false,""
2022-08-27T21:00:00.000000,Canada,Québec,CA-QC,0.0,28.69,100.0,100.0,hydroquebec.com,false,""
2022-08-27T22:00:00.000000,Canada,Québec,CA-QC,0.0,28.7,100.0,100.0,hydroquebec.com,false,""
2022-08-27T23:00:00.000000,Canada,Québec,CA-QC,0.0,28.71,100.0,100.0,hydroquebec.com,false,""
2022-08-28T00:00:00.000000,Canada,Québec,CA-QC,0.0,28.67,100.0,100.0,hydroquebec.com,false,""
2022-08-28T01:00:00.000000,Canada,Québec,CA-QC,0.0,28.75,100.0,100.0,hydroquebec.com,false,""
2022-08-28T02:00:00.000000,Canada,Québec,CA-QC,0.0,28.94,100.0,100.0,hydroquebec.com,false,""
2022-08-28T03:00:00.000000,Canada,Québec,CA-QC,0.0,29.04,100.0,100.0,hydroquebec.com,false,""
2022-08-28T04:00:00.000000,Canada,Québec,CA-QC,0.0,29.14,100.0,100.0,hydroquebec.com,false,""
2022-08-28T05:00:00.000000,Canada,Québec,CA-QC,0.0,29.31,100.0,100.0,hydroquebec.com,false,""
2022-08-28T06:00:00.000000,Canada,Québec,CA-QC,0.12,29.35,99.97,98.67,hydroquebec.com,false,""
2022-08-28T07:00:00.000000,Canada,Québec,CA-QC,0.11,29.39,99.97,98.32,hydroquebec.com,false,""
2022-08-28T08:00:00.000000,Canada,Québec,CA-QC,0.14,29.31,99.96,97.72,hydroquebec.com,false,""
2022-08-28T09:00:00.000000,Canada,Québec,CA-QC,0.16,29.33,99.96,97.69,hydroquebec.com,false,""
2022-08-28T10:00:00.000000,Canada,Québec,CA-QC,0.18,29.14,99.95,97.35,hydroquebec.com,false,""
2022-08-28T11:00:00.000000,Canada,Québec,CA-QC,0.0,29.34,100.0,99.99,hydroquebec.com,false,""
2022-08-28T12:00:00.000000,Canada,Québec,CA-QC,0.0,29.1,100.0,100.0,hydroquebec.com,false,""
2022-08-28T13:00:00.000000,Canada,Québec,CA-QC,0.0,28.93,100.0,100.0,hydroquebec.com,false,""
2022-08-28T14:00:00.000000,Canada,Québec,CA-QC,0.0,28.66,100.0,100.0,hydroquebec.com,false,""
2022-08-28T15:00:00.000000,Canada,Québec,CA-QC,0.0,28.51,100.0,100.0,hydroquebec.com,false,""
2022-08-28T16:00:00.000000,Canada,Québec,CA-QC,0.0,28.44,100.0,100.0,hydroquebec.com,false,""
2022-08-28T17:00:00.000000,Canada,Québec,CA-QC,0.0,28.4,100.0,100.0,hydroquebec.com,false,""
2022-08-28T18:00:00.000000,Canada,Québec,CA-QC,0.0,28.4,100.0,100.0,hydroquebec.com,false,""
2022-08-28T19:00:00.000000,Canada,Québec,CA-QC,0.0,28.37,100.0,100.0,hydroquebec.com,false,""
2022-08-28T20:00:00.000000,Canada,Québec,CA-QC,0.0,28.31,100.0,100.0,hydroquebec.com,false,""
2022-08-28T21:00:00.000000,Canada,Québec,CA-QC,0.0,28.21,100.0,100.0,hydroquebec.com,false,""
2022-08-28T22:00:00.000000,Canada,Québec,CA-QC,0.0,28.13,100.0,100.0,hydroquebec.com,false,""
2022-08-28T23:00:00.000000,Canada,Québec,CA-QC,0.0,28.03,100.0,100.0,hydroquebec.com,false,""
2022-08-29T00:00:00.000000,Canada,Québec,CA-QC,0.0,27.86,100.0,100.0,hydroquebec.com,false,""
2022-08-29T01:00:00.000000,Canada,Québec,CA-QC,0.0,27.79,100.0,100.0,hydroquebec.com,false,""
2022-08-29T02:00:00.000000,Canada,Québec,CA-QC,0.0,27.88,100.0,100.0,hydroquebec.com,false,""
2022-08-29T03:00:00.000000,Canada,Québec,CA-QC,0.0,27.97,100.0,100.0,hydroquebec.com,false,""
2022-08-29T04:00:00.000000,Canada,Québec,CA-QC,0.0,28.07,100.0,100.0,hydroquebec.com,false,""
2022-08-29T05:00:00.000000,Canada,Québec,CA-QC,0.0,28.23,100.0,100.0,hydroquebec.com,false,""
2022-08-29T06:00:00.000000,Canada,Québec,CA-QC,0.0,28.53,100.0,100.0,hydroquebec.com,false,""
2022-08-29T07:00:00.000000,Canada,Québec,CA-QC,0.1,28.55,99.97,98.52,hydroquebec.com,false,""
2022-08-29T08:00:00.000000,Canada,Québec,CA-QC,0.16,28.73,99.96,98.26,hydroquebec.com,false,""
2022-08-29T09:00:00.000000,Canada,Québec,CA-QC,0.01,28.95,100.0,99.87,hydroquebec.com,false,""
2022-08-29T10:00:00.000000,Canada,Québec,CA-QC,0.0,28.68,100.0,100.0,hydroquebec.com,false,""
2022-08-29T11:00:00.000000,Canada,Québec,CA-QC,0.0,28.38,100.0,100.0,hydroquebec.com,false,""
2022-08-29T12:00:00.000000,Canada,Québec,CA-QC,0.0,28.21,100.0,100.0,hydroquebec.com,false,""
2022-08-29T13:00:00.000000,Canada,Québec,CA-QC,0.0,28.14,100.0,100.0,hydroquebec.com,false,""
2022-08-29T14:00:00.000000,Canada,Québec,CA-QC,0.0,28.11,100.0,100.0,hydroquebec.com,false,""
2022-08-29T15:00:00.000000,Canada,Québec,CA-QC,0.0,28.06,100.0,100.0,hydroquebec.com,false,""
2022-08-29T16:00:00.000000,Canada,Québec,CA-QC,0.0,27.94,100.0,100.0,hydroquebec.com,false,""
2022-08-29T17:00:00.000000,Canada,Québec,CA-QC,0.0,27.78,100.0,100.0,hydroquebec.com,false,""
2022-08-29T18:00:00.000000,Canada,Québec,CA-QC,0.0,27.67,100.0,100.0,hydroquebec.com,false,""
2022-08-29T19:00:00.000000,Canada,Québec,CA-QC,0.0,27.6,100.0,100.0,hydroquebec.com,false,""
2022-08-29T20:00:00.000000,Canada,Québec,CA-QC,0.0,27.54,100.0,100.0,hydroquebec.com,false,""
2022-08-29T21:00:00.000000,Canada,Québec,CA-QC,1.02,28.78,99.72,99.72,hydroquebec.com,false,""
2022-08-29T22:00:00.000000,Canada,Québec,CA-QC,1.0,28.71,99.73,99.73,hydroquebec.com,false,""
2022-08-29T23:00:00.000000,Canada,Québec,CA-QC,0.0,27.39,100.0,100.0,hydroquebec.com,false,""
2022-08-30T00:00:00.000000,Canada,Québec,CA-QC,0.0,27.31,100.0,100.0,hydroquebec.com,false,""
2022-08-30T01:00:00.000000,Canada,Québec,CA-QC,0.0,27.34,100.0,100.0,hydroquebec.com,false,""
2022-08-30T02:00:00.000000,Canada,Québec,CA-QC,0.0,27.42,100.0,100.0,hydroquebec.com,false,""
2022-08-30T03:00:00.000000,Canada,Québec,CA-QC,0.0,27.48,100.0,100.0,hydroquebec.com,false,""
2022-08-30T04:00:00.000000,Canada,Québec,CA-QC,0.0,27.61,100.0,100.0,hydroquebec.com,false,""
2022-08-30T05:00:00.000000,Canada,Québec,CA-QC,0.0,27.76,100.0,100.0,hydroquebec.com,false,""
2022-08-30T06:00:00.000000,Canada,Québec,CA-QC,0.0,27.98,100.0,100.0,hydroquebec.com,false,""
2022-08-30T07:00:00.000000,Canada,Québec,CA-QC,0.0,28.16,100.0,100.0,hydroquebec.com,false,""
2022-08-30T08:00:00.000000,Canada,Québec,CA-QC,0.11,28.37,99.97,99.72,hydroquebec.com,false,""
2022-08-30T09:00:00.000000,Canada,Québec,CA-QC,0.0,28.34,100.0,100.0,hydroquebec.com,false,""
2022-08-30T10:00:00.000000,Canada,Québec,CA-QC,0.0,28.14,100.0,100.0,hydroquebec.com,false,""
2022-08-30T11:00:00.000000,Canada,Québec,CA-QC,0.0,27.88,100.0,100.0,hydroquebec.com,false,""
2022-08-30T12:00:00.000000,Canada,Québec,CA-QC,0.0,27.8,100.0,100.0,hydroquebec.com,false,""
2022-08-30T13:00:00.000000,Canada,Québec,CA-QC,0.0,27.83,100.0,100.0,hydroquebec.com,false,""
2022-08-30T14:00:00.000000,Canada,Québec,CA-QC,0.0,27.78,100.0,100.0,hydroquebec.com,false,""
2022-08-30T15:00:00.000000,Canada,Québec,CA-QC,0.0,27.78,100.0,100.0,hydroquebec.com,false,""
2022-08-30T16:00:00.000000,Canada,Québec,CA-QC,0.0,27.81,100.0,100.0,hydroquebec.com,false,""
2022-08-30T17:00:00.000000,Canada,Québec,CA-QC,0.0,27.78,100.0,100.0,hydroquebec.com,false,""
2022-08-30T18:00:00.000000,Canada,Québec,CA-QC,0.0,27.7,100.0,100.0,hydroquebec.com,false,""
2022-08-30T19:00:00.000000,Canada,Québec,CA-QC,0.0,27.73,100.0,100.0,hydroquebec.com,false,""
2022-08-30T20:00:00.000000,Canada,Québec,CA-QC,0.0,27.78,100.0,100.0,hydroquebec.com,false,""
2022-08-30T21:00:00.000000,Canada,Québec,CA-QC,0.0,27.79,100.0,100.0,hydroquebec.com,false,""
2022-08-30T22:00:00.000000,Canada,Québec,CA-QC,0.0,27.82,100.0,100.0,hydroquebec.com,false,""
2022-08-30T23:00:00.000000,Canada,Québec,CA-QC,0.0,27.96,100.0,100.0,hydroquebec.com,false,""
2022-08-31T00:00:00.000000,Canada,Québec,CA-QC,0.0,28.08,100.0,100.0,hydroquebec.com,false,""
2022-08-31T01:00:00.000000,Canada,Québec,CA-QC,0.0,28.0,100.0,100.0,hydroquebec.com,false,""
2022-08-31T02:00:00.000000,Canada,Québec,CA-QC,0.0,28.0,100.0,100.0,hydroquebec.com,false,""
2022-08-31T03:00:00.000000,Canada,Québec,CA-QC,0.0,28.04,100.0,100.0,hydroquebec.com,false,""
2022-08-31T04:00:00.000000,Canada,Québec,CA-QC,0.0,28.0,100.0,100.0,hydroquebec.com,false,""
2022-08-31T05:00:00.000000,Canada,Québec,CA-QC,0.0,28.04,100.0,100.0,hydroquebec.com,false,""
2022-08-31T06:00:00.000000,Canada,Québec,CA-QC,0.0,28.2,100.0,100.0,hydroquebec.com,false,""
2022-08-31T07:00:00.000000,Canada,Québec,CA-QC,0.02,28.31,99.99,99.61,hydroquebec.com,false,""
2022-08-31T08:00:00.000000,Canada,Québec,CA-QC,0.03,28.53,99.99,99.42,hydroquebec.com,false,""
2022-08-31T09:00:00.000000,Canada,Québec,CA-QC,0.0,28.52,100.0,100.0,hydroquebec.com,false,""
2022-08-31T10:00:00.000000,Canada,Québec,CA-QC,0.0,28.07,100.0,100.0,hydroquebec.com,false,""
2022-08-31T11:00:00.000000,Canada,Québec,CA-QC,0.0,27.78,100.0,100.0,hydroquebec.com,false,""
2022-08-31T12:00:00.000000,Canada,Québec,CA-QC,0.0,27.69,100.0,100.0,hydroquebec.com,false,""
2022-08-31T13:00:00.000000,Canada,Québec,CA-QC,0.0,27.8,100.0,100.0,hydroquebec.com,false,""
2022-08-31T14:00:00.000000,Canada,Québec,CA-QC,0.0,27.84,100.0,100.0,hydroquebec.com,false,""
2022-08-31T15:00:00.000000,Canada,Québec,CA-QC,0.0,27.88,100.0,100.0,hydroquebec.com,false,""
2022-08-31T16:00:00.000000,Canada,Québec,CA-QC,0.0,27.91,100.0,100.0,hydroquebec.com,false,""
2022-08-31T17:00:00.000000,Canada,Québec,CA-QC,0.0,27.86,100.0,100.0,hydroquebec.com,false,""
2022-08-31T18:00:00.000000,Canada,Québec,CA-QC,0.0,27.85,100.0,100.0,hydroquebec.com,false,""
2022-08-31T19:00:00.000000,Canada,Québec,CA-QC,0.0,27.84,100.0,100.0,hydroquebec.com,false,""
2022-08-31T20:00:00.000000,Canada,Québec,CA-QC,0.0,27.77,100.0,100.0,hydroquebec.com,false,""
2022-08-31T21:00:00.000000,Canada,Québec,CA-QC,0.0,27.63,100.0,100.0,hydroquebec.com,false,""
2022-08-31T22:00:00.000000,Canada,Québec,CA-QC,0.0,27.58,100.0,100.0,hydroquebec.com,false,""
2022-08-31T23:00:00.000000,Canada,Québec,CA-QC,0.0,27.56,100.0,100.0,hydroquebec.com,false,""
2022-09-01T00:00:00.000000,Canada,Québec,CA-QC,0.0,27.62,100.0,100.0,hydroquebec.com,false,""
2022-09-01T01:00:00.000000,Canada,Québec,CA-QC,0.0,27.83,100.0,100.0,hydroquebec.com,false,""
2022-09-01T02:00:00.000000,Canada,Québec,CA-QC,0.0,28.05,100.0,100.0,hydroquebec.com,false,""
2022-09-01T03:00:00.000000,Canada,Québec,CA-QC,0.0,28.35,100.0,100.0,hydroquebec.com,false,""
2022-09-01T04:00:00.000000,Canada,Québec,CA-QC,0.0,28.72,100.0,100.0,hydroquebec.com,false,""
2022-09-01T05:00:00.000000,Canada,Québec,CA-QC,0.0,29.08,100.0,100.0,hydroquebec.com,false,""
2022-09-01T06:00:00.000000,Canada,Québec,CA-QC,0.0,29.32,100.0,100.0,hydroquebec.com,false,""
2022-09-01T07:00:00.000000,Canada,Québec,CA-QC,0.02,29.2,99.99,99.61,hydroquebec.com,false,""
2022-09-01T08:00:00.000000,Canada,Québec,CA-QC,0.0,29.19,100.0,100.0,hydroquebec.com,false,""
2022-09-01T09:00:00.000000,Canada,Québec,CA-QC,0.0,28.97,100.0,100.0,hydroquebec.com,false,""
2022-09-01T10:00:00.000000,Canada,Québec,CA-QC,0.0,28.56,100.0,100.0,hydroquebec.com,false,""
2022-09-01T11:00:00.000000,Canada,Québec,CA-QC,0.0,28.22,100.0,100.0,hydroquebec.com,false,""
2022-09-01T12:00:00.000000,Canada,Québec,CA-QC,0.0,28.12,100.0,100.0,hydroquebec.com,false,""
2022-09-01T13:00:00.000000,Canada,Québec,CA-QC,0.0,28.09,100.0,100.0,hydroquebec.com,false,""
2022-09-01T14:00:00.000000,Canada,Québec,CA-QC,0.0,28.08,100.0,100.0,hydroquebec.com,false,""
2022-09-01T15:00:00.000000,Canada,Québec,CA-QC,0.0,28.12,100.0,100.0,hydroquebec.com,false,""
2022-09-01T16:00:00.000000,Canada,Québec,CA-QC,0.0,28.2,100.0,100.0,hydroquebec.com,false,""
2022-09-01T17:00:00.000000,Canada,Québec,CA-QC,0.0,28.17,100.0,100.0,hydroquebec.com,false,""
2022-09-01T18:00:00.000000,Canada,Québec,CA-QC,0.0,28.07,100.0,100.0,hydroquebec.com,false,""
2022-09-01T19:00:00.000000,Canada,Québec,CA-QC,0.0,28.05,100.0,100.0,hydroquebec.com,false,""
2022-09-01T20:00:00.000000,Canada,Québec,CA-QC,0.0,27.92,100.0,100.0,hydroquebec.com,false,""
2022-09-01T21:00:00.000000,Canada,Québec,CA-QC,0.0,27.78,100.0,100.0,hydroquebec.com,false,""
2022-09-01T22:00:00.000000,Canada,Québec,CA-QC,0.0,27.72,100.0,100.0,hydroquebec.com,false,""
2022-09-01T23:00:00.000000,Canada,Québec,CA-QC,0.0,27.7,100.0,100.0,hydroquebec.com,false,""
2022-09-02T00:00:00.000000,Canada,Québec,CA-QC,0.0,27.65,100.0,100.0,hydroquebec.com,false,""
2022-09-02T01:00:00.000000,Canada,Québec,CA-QC,0.0,27.66,100.0,100.0,hydroquebec.com,false,""
2022-09-02T02:00:00.000000,Canada,Québec,CA-QC,0.0,27.81,100.0,100.0,hydroquebec.com,false,""
2022-09-02T03:00:00.000000,Canada,Québec,CA-QC,0.0,28.01,100.0,100.0,hydroquebec.com,false,""
2022-09-02T04:00:00.000000,Canada,Québec,CA-QC,0.0,28.31,100.0,100.0,hydroquebec.com,false,""
2022-09-02T05:00:00.000000,Canada,Québec,CA-QC,0.0,28.58,100.0,100.0,hydroquebec.com,false,""
2022-09-02T06:00:00.000000,Canada,Québec,CA-QC,0.0,28.68,100.0,100.0,hydroquebec.com,false,""
2022-09-02T07:00:00.000000,Canada,Québec,CA-QC,0.0,28.9,100.0,99.97,hydroquebec.com,false,""
2022-09-02T08:00:00.000000,Canada,Québec,CA-QC,0.05,28.91,99.99,99.32,hydroquebec.com,false,""
2022-09-02T09:00:00.000000,Canada,Québec,CA-QC,0.0,28.86,100.0,100.0,hydroquebec.com,false,""
2022-09-02T10:00:00.000000,Canada,Québec,CA-QC,0.0,28.48,100.0,100.0,hydroquebec.com,false,""
2022-09-02T11:00:00.000000,Canada,Québec,CA-QC,0.0,28.19,100.0,100.0,hydroquebec.com,false,""
2022-09-02T12:00:00.000000,Canada,Québec,CA-QC,0.0,28.08,100.0,100.0,hydroquebec.com,false,""
2022-09-02T13:00:00.000000,Canada,Québec,CA-QC,0.0,28.0,100.0,100.0,hydroquebec.com,false,""
2022-09-02T14:00:00.000000,Canada,Québec,CA-QC,0.0,27.96,100.0,100.0,hydroquebec.com,false,""
2022-09-02T15:00:00.000000,Canada,Québec,CA-QC,0.0,27.96,100.0,100.0,hydroquebec.com,false,""
2022-09-02T16:00:00.000000,Canada,Québec,CA-QC,0.0,28.03,100.0,100.0,hydroquebec.com,false,""
2022-09-02T17:00:00.000000,Canada,Québec,CA-QC,0.0,28.16,100.0,100.0,hydroquebec.com,false,""
2022-09-02T18:00:00.000000,Canada,Québec,CA-QC,0.0,28.25,100.0,100.0,hydroquebec.com,false,""
2022-09-02T19:00:00.000000,Canada,Québec,CA-QC,0.0,28.33,100.0,100.0,hydroquebec.com,false,""
2022-09-02T20:00:00.000000,Canada,Québec,CA-QC,0.0,28.37,100.0,100.0,hydroquebec.com,false,""
2022-09-02T21:00:00.000000,Canada,Québec,CA-QC,0.0,28.36,100.0,100.0,hydroquebec.com,false,""
2022-09-02T22:00:00.000000,Canada,Québec,CA-QC,0.0,28.37,100.0,100.0,hydroquebec.com,false,""
2022-09-02T23:00:00.000000,Canada,Québec,CA-QC,0.0,28.3,100.0,100.0,hydroquebec.com,false,""
2022-09-03T00:00:00.000000,Canada,Québec,CA-QC,0.0,28.16,100.0,100.0,hydroquebec.com,false,""
2022-09-03T01:00:00.000000,Canada,Québec,CA-QC,0.0,28.08,100.0,100.0,hydroquebec.com,false,""
2022-09-03T02:00:00.000000,Canada,Québec,CA-QC,0.0,28.12,100.0,100.0,hydroquebec.com,false,""
2022-09-03T03:00:00.000000,Canada,Québec,CA-QC,0.0,28.24,100.0,100.0,hydroquebec.com,false,""
2022-09-03T04:00:00.000000,Canada,Québec,CA-QC,0.0,28.42,100.0,100.0,hydroquebec.com,false,""
2022-09-03T05:00:00.000000,Canada,Québec,CA-QC,0.0,28.77,100.0,100.0,hydroquebec.com,false,""
2022-09-03T06:00:00.000000,Canada,Québec,CA-QC,0.0,29.01,100.0,100.0,hydroquebec.com,false,""
2022-09-03T07:00:00.000000,Canada,Québec,CA-QC,0.0,29.12,100.0,100.0,hydroquebec.com,false,""
2022-09-03T08:00:00.000000,Canada,Québec,CA-QC,0.0,29.23,100.0,100.0,hydroquebec.com,false,""
2022-09-03T09:00:00.000000,Canada,Québec,CA-QC,0.0,29.18,100.0,100.0,hydroquebec.com,false,""
2022-09-03T10:00:00.000000,Canada,Québec,CA-QC,0.0,29.1,100.0,100.0,hydroquebec.com,false,""
2022-09-03T11:00:00.000000,Canada,Québec,CA-QC,0.0,28.94,100.0,100.0,hydroquebec.com,false,""
2022-09-03T12:00:00.000000,Canada,Québec,CA-QC,0.0,28.73,100.0,100.0,hydroquebec.com,false,""
2022-09-03T13:00:00.000000,Canada,Québec,CA-QC,0.0,28.55,100.0,100.0,hydroquebec.com,false,""
2022-09-03T14:00:00.000000,Canada,Québec,CA-QC,0.0,28.47,100.0,100.0,hydroquebec.com,false,""
2022-09-03T15:00:00.000000,Canada,Québec,CA-QC,0.0,28.44,100.0,100.0,hydroquebec.com,false,""
2022-09-03T16:00:00.000000,Canada,Québec,CA-QC,0.0,28.57,100.0,100.0,hydroquebec.com,false,""
2022-09-03T17:00:00.000000,Canada,Québec,CA-QC,0.0,28.76,100.0,100.0,hydroquebec.com,false,""
2022-09-03T18:00:00.000000,Canada,Québec,CA-QC,0.0,28.79,100.0,100.0,hydroquebec.com,false,""
2022-09-03T19:00:00.000000,Canada,Québec,CA-QC,0.0,28.76,100.0,100.0,hydroquebec.com,false,""
2022-09-03T20:00:00.000000,Canada,Québec,CA-QC,0.0,28.71,100.0,100.0,hydroquebec.com,false,""
2022-09-03T21:00:00.000000,Canada,Québec,CA-QC,0.0,28.65,100.0,100.0,hydroquebec.com,false,""
2022-09-03T22:00:00.000000,Canada,Québec,CA-QC,0.0,28.65,100.0,100.0,hydroquebec.com,false,""
2022-09-03T23:00:00.000000,Canada,Québec,CA-QC,0.0,28.59,100.0,100.0,hydroquebec.com,false,""
2022-09-04T00:00:00.000000,Canada,Québec,CA-QC,0.0,28.5,100.0,100.0,hydroquebec.com,false,""
2022-09-04T01:00:00.000000,Canada,Québec,CA-QC,0.0,28.5,100.0,100.0,hydroquebec.com,false,""
2022-09-04T02:00:00.000000,Canada,Québec,CA-QC,0.0,28.56,100.0,100.0,hydroquebec.com,false,""
2022-09-04T03:00:00.000000,Canada,Québec,CA-QC,0.0,28.72,100.0,100.0,hydroquebec.com,false,""
2022-09-04T04:00:00.000000,Canada,Québec,CA-QC,0.0,28.92,100.0,100.0,hydroquebec.com,false,""
2022-09-04T05:00:00.000000,Canada,Québec,CA-QC,0.0,29.16,100.0,100.0,hydroquebec.com,false,""
2022-09-04T06:00:00.000000,Canada,Québec,CA-QC,0.0,29.46,100.0,100.0,hydroquebec.com,false,""
2022-09-04T07:00:00.000000,Canada,Québec,CA-QC,0.0,29.71,100.0,100.0,hydroquebec.com,false,""
2022-09-04T08:00:00.000000,Canada,Québec,CA-QC,0.0,29.81,100.0,100.0,hydroquebec.com,false,""
2022-09-04T09:00:00.000000,Canada,Québec,CA-QC,0.0,29.85,100.0,100.0,hydroquebec.com,false,""
2022-09-04T10:00:00.000000,Canada,Québec,CA-QC,0.0,29.85,100.0,100.0,hydroquebec.com,false,""
2022-09-04T11:00:00.000000,Canada,Québec,CA-QC,0.0,29.75,100.0,100.0,hydroquebec.com,false,""
2022-09-04T12:00:00.000000,Canada,Québec,CA-QC,0.0,29.56,100.0,100.0,hydroquebec.com,false,""
2022-09-04T13:00:00.000000,Canada,Québec,CA-QC,0.0,29.24,100.0,100.0,hydroquebec.com,false,""
2022-09-04T14:00:00.000000,Canada,Québec,CA-QC,0.0,29.09,100.0,100.0,hydroquebec.com,false,""
2022-09-04T15:00:00.000000,Canada,Québec,CA-QC,0.0,29.05,100.0,100.0,hydroquebec.com,false,""
2022-09-04T16:00:00.000000,Canada,Québec,CA-QC,0.0,29.03,100.0,100.0,hydroquebec.com,false,""
2022-09-04T17:00:00.000000,Canada,Québec,CA-QC,0.0,28.97,100.0,100.0,hydroquebec.com,false,""
2022-09-04T18:00:00.000000,Canada,Québec,CA-QC,0.0,28.88,100.0,100.0,hydroquebec.com,false,""
2022-09-04T19:00:00.000000,Canada,Québec,CA-QC,0.0,28.86,100.0,100.0,hydroquebec.com,false,""
2022-09-04T20:00:00.000000,Canada,Québec,CA-QC,0.0,28.85,100.0,100.0,hydroquebec.com,false,""
2022-09-04T21:00:00.000000,Canada,Québec,CA-QC,0.0,28.88,100.0,100.0,hydroquebec.com,false,""
2022-09-04T22:00:00.000000,Canada,Québec,CA-QC,0.0,28.93,100.0,100.0,hydroquebec.com,false,""
2022-09-04T23:00:00.000000,Canada,Québec,CA-QC,0.0,28.94,100.0,100.0,hydroquebec.com,false,""
2022-09-05T00:00:00.000000,Canada,Québec,CA-QC,0.0,28.91,100.0,100.0,hydroquebec.com,false,""
2022-09-05T01:00:00.000000,Canada,Québec,CA-QC,0.0,29.03,100.0,100.0,hydroquebec.com,false,""
2022-09-05T02:00:00.000000,Canada,Québec,CA-QC,0.0,29.24,100.0,100.0,hydroquebec.com,false,""
2022-09-05T03:00:00.000000,Canada,Québec,CA-QC,0.0,29.43,100.0,100.0,hydroquebec.com,false,""
2022-09-05T04:00:00.000000,Canada,Québec,CA-QC,0.0,29.68,100.0,100.0,hydroquebec.com,false,""
2022-09-05T05:00:00.000000,Canada,Québec,CA-QC,0.0,29.89,100.0,100.0,hydroquebec.com,false,""
2022-09-05T06:00:00.000000,Canada,Québec,CA-QC,0.0,29.99,100.0,100.0,hydroquebec.com,false,""
2022-09-05T07:00:00.000000,Canada,Québec,CA-QC,0.06,30.01,99.98,99.3,hydroquebec.com,false,""
2022-09-05T08:00:00.000000,Canada,Québec,CA-QC,0.05,30.12,99.99,99.48,hydroquebec.com,false,""
2022-09-05T09:00:00.000000,Canada,Québec,CA-QC,0.05,30.01,99.99,99.42,hydroquebec.com,false,""
2022-09-05T10:00:00.000000,Canada,Québec,CA-QC,0.0,29.95,100.0,100.0,hydroquebec.com,false,""
2022-09-05T11:00:00.000000,Canada,Québec,CA-QC,0.0,29.67,100.0,100.0,hydroquebec.com,false,""
2022-09-05T12:00:00.000000,Canada,Québec,CA-QC,0.0,29.37,100.0,100.0,hydroquebec.com,false,""
2022-09-05T13:00:00.000000,Canada,Québec,CA-QC,0.0,29.2,100.0,100.0,hydroquebec.com,false,""
2022-09-05T14:00:00.000000,Canada,Québec,CA-QC,0.0,29.18,100.0,100.0,hydroquebec.com,false,""
2022-09-05T15:00:00.000000,Canada,Québec,CA-QC,0.0,29.11,100.0,100.0,hydroquebec.com,false,""
2022-09-05T16:00:00.000000,Canada,Québec,CA-QC,0.0,29.06,100.0,100.0,hydroquebec.com,false,""
2022-09-05T17:00:00.000000,Canada,Québec,CA-QC,0.0,29.01,100.0,100.0,hydroquebec.com,false,""
2022-09-05T18:00:00.000000,Canada,Québec,CA-QC,0.0,28.98,100.0,100.0,hydroquebec.com,false,""
2022-09-05T19:00:00.000000,Canada,Québec,CA-QC,0.0,29.11,100.0,100.0,hydroquebec.com,false,""
2022-09-05T20:00:00.000000,Canada,Québec,CA-QC,0.0,29.05,100.0,100.0,hydroquebec.com,false,""
2022-09-05T21:00:00.000000,Canada,Québec,CA-QC,0.0,28.87,100.0,100.0,hydroquebec.com,false,""
2022-09-05T22:00:00.000000,Canada,Québec,CA-QC,0.0,28.83,100.0,100.0,hydroquebec.com,false,""
2022-09-05T23:00:00.000000,Canada,Québec,CA-QC,0.0,28.84,100.0,100.0,hydroquebec.com,false,""
2022-09-06T00:00:00.000000,Canada,Québec,CA-QC,0.0,28.83,100.0,100.0,hydroquebec.com,false,""
2022-09-06T01:00:00.000000,Canada,Québec,CA-QC,0.0,28.94,100.0,100.0,hydroquebec.com,false,""
2022-09-06T02:00:00.000000,Canada,Québec,CA-QC,0.0,29.16,100.0,100.0,hydroquebec.com,false,""
2022-09-06T03:00:00.000000,Canada,Québec,CA-QC,0.0,29.41,100.0,100.0,hydroquebec.com,false,""
2022-09-06T04:00:00.000000,Canada,Québec,CA-QC,0.0,29.75,100.0,100.0,hydroquebec.com,false,""
2022-09-06T05:00:00.000000,Canada,Québec,CA-QC,0.0,30.05,100.0,100.0,hydroquebec.com,false,""
2022-09-06T06:00:00.000000,Canada,Québec,CA-QC,0.02,30.23,100.0,99.7,hydroquebec.com,false,""
2022-09-06T07:00:00.000000,Canada,Québec,CA-QC,0.01,30.37,100.0,99.79,hydroquebec.com,false,""
2022-09-06T08:00:00.000000,Canada,Québec,CA-QC,0.0,30.28,100.0,100.0,hydroquebec.com,false,""
2022-09-06T09:00:00.000000,Canada,Québec,CA-QC,0.0,29.91,100.0,100.0,hydroquebec.com,false,""
2022-09-06T10:00:00.000000,Canada,Québec,CA-QC,0.0,29.42,100.0,100.0,hydroquebec.com,false,""
2022-09-06T11:00:00.000000,Canada,Québec,CA-QC,0.0,29.04,100.0,100.0,hydroquebec.com,false,""
2022-09-06T12:00:00.000000,Canada,Québec,CA-QC,0.0,28.77,100.0,100.0,hydroquebec.com,false,""
2022-09-06T13:00:00.000000,Canada,Québec,CA-QC,0.0,28.61,100.0,100.0,hydroquebec.com,false,""
2022-09-06T14:00:00.000000,Canada,Québec,CA-QC,0.0,28.58,100.0,100.0,hydroquebec.com,false,""
2022-09-06T15:00:00.000000,Canada,Québec,CA-QC,0.0,28.61,100.0,100.0,hydroquebec.com,false,""
2022-09-06T16:00:00.000000,Canada,Québec,CA-QC,0.0,28.64,100.0,100.0,hydroquebec.com,false,""
2022-09-06T17:00:00.000000,Canada,Québec,CA-QC,0.0,28.49,100.0,100.0,hydroquebec.com,false,""
2022-09-06T18:00:00.000000,Canada,Québec,CA-QC,0.0,28.36,100.0,100.0,hydroquebec.com,false,""
2022-09-06T19:00:00.000000,Canada,Québec,CA-QC,0.0,28.39,100.0,100.0,hydroquebec.com,false,""
2022-09-06T20:00:00.000000,Canada,Québec,CA-QC,0.0,28.37,100.0,100.0,hydroquebec.com,false,""
2022-09-06T21:00:00.000000,Canada,Québec,CA-QC,0.0,28.27,100.0,100.0,hydroquebec.com,false,""
2022-09-06T22:00:00.000000,Canada,Québec,CA-QC,0.0,28.18,100.0,100.0,hydroquebec.com,false,""
2022-09-06T23:00:00.000000,Canada,Québec,CA-QC,0.0,28.19,100.0,100.0,hydroquebec.com,false,""
2022-09-07T00:00:00.000000,Canada,Québec,CA-QC,0.0,28.25,100.0,100.0,hydroquebec.com,false,""
2022-09-07T01:00:00.000000,Canada,Québec,CA-QC,0.0,28.35,100.0,100.0,hydroquebec.com,false,""
2022-09-07T02:00:00.000000,Canada,Québec,CA-QC,0.0,28.57,100.0,100.0,hydroquebec.com,false,""
2022-09-07T03:00:00.000000,Canada,Québec,CA-QC,0.0,28.81,100.0,100.0,hydroquebec.com,false,""
2022-09-07T04:00:00.000000,Canada,Québec,CA-QC,0.0,28.97,100.0,100.0,hydroquebec.com,false,""
2022-09-07T05:00:00.000000,Canada,Québec,CA-QC,0.0,29.03,100.0,100.0,hydroquebec.com,false,""
2022-09-07T06:00:00.000000,Canada,Québec,CA-QC,0.0,29.11,100.0,100.0,hydroquebec.com,false,""
2022-09-07T07:00:00.000000,Canada,Québec,CA-QC,0.0,29.24,100.0,100.0,hydroquebec.com,false,""
2022-09-07T08:00:00.000000,Canada,Québec,CA-QC,0.0,29.28,100.0,100.0,hydroquebec.com,false,""
2022-09-07T09:00:00.000000,Canada,Québec,CA-QC,0.0,29.18,100.0,100.0,hydroquebec.com,false,""
2022-09-07T10:00:00.000000,Canada,Québec,CA-QC,0.0,28.95,100.0,100.0,hydroquebec.com,false,""
2022-09-07T11:00:00.000000,Canada,Québec,CA-QC,0.0,28.67,100.0,100.0,hydroquebec.com,false,""
2022-09-07T12:00:00.000000,Canada,Québec,CA-QC,0.0,28.59,100.0,100.0,hydroquebec.com,false,""
2022-09-07T13:00:00.000000,Canada,Québec,CA-QC,0.0,28.63,100.0,100.0,hydroquebec.com,false,""
2022-09-07T14:00:00.000000,Canada,Québec,CA-QC,0.0,28.59,100.0,100.0,hydroquebec.com,false,""
2022-09-07T15:00:00.000000,Canada,Québec,CA-QC,0.0,28.6,100.0,100.0,hydroquebec.com,false,""
2022-09-07T16:00:00.000000,Canada,Québec,CA-QC,0.0,28.73,100.0,100.0,hydroquebec.com,false,""
2022-09-07T17:00:00.000000,Canada,Québec,CA-QC,0.0,28.75,100.0,100.0,hydroquebec.com,false,""
2022-09-07T18:00:00.000000,Canada,Québec,CA-QC,0.0,28.73,100.0,100.0,hydroquebec.com,false,""
2022-09-07T19:00:00.000000,Canada,Québec,CA-QC,0.0,28.8,100.0,100.0,hydroquebec.com,false,""
2022-09-07T20:00:00.000000,Canada,Québec,CA-QC,0.0,28.75,100.0,100.0,hydroquebec.com,false,""
2022-09-07T21:00:00.000000,Canada,Québec,CA-QC,1.22,30.11,99.67,99.67,hydroquebec.com,false,""
2022-09-07T22:00:00.000000,Canada,Québec,CA-QC,2.99,32.35,99.19,99.19,hydroquebec.com,false,""
2022-09-07T23:00:00.000000,Canada,Québec,CA-QC,1.82,31.0,99.51,99.51,hydroquebec.com,false,""
2022-09-08T00:00:00.000000,Canada,Québec,CA-QC,0.0,28.78,100.0,100.0,hydroquebec.com,false,""
2022-09-08T01:00:00.000000,Canada,Québec,CA-QC,0.0,28.9,100.0,100.0,hydroquebec.com,false,""
2022-09-08T02:00:00.000000,Canada,Québec,CA-QC,0.0,29.03,100.0,100.0,hydroquebec.com,false,""
2022-09-08T03:00:00.000000,Canada,Québec,CA-QC,0.0,29.27,100.0,100.0,hydroquebec.com,false,""
2022-09-08T04:00:00.000000,Canada,Québec,CA-QC,0.0,29.47,100.0,100.0,hydroquebec.com,false,""
2022-09-08T05:00:00.000000,Canada,Québec,CA-QC,0.0,29.51,100.0,100.0,hydroquebec.com,false,""
2022-09-08T06:00:00.000000,Canada,Québec,CA-QC,0.0,29.53,100.0,100.0,hydroquebec.com,false,""
2022-09-08T07:00:00.000000,Canada,Québec,CA-QC,0.0,29.68,100.0,100.0,hydroquebec.com,false,""
2022-09-08T08:00:00.000000,Canada,Québec,CA-QC,0.01,29.81,100.0,99.97,hydroquebec.com,false,""
2022-09-08T09:00:00.000000,Canada,Québec,CA-QC,0.0,29.59,100.0,100.0,hydroquebec.com,false,""
2022-09-08T10:00:00.000000,Canada,Québec,CA-QC,0.0,29.23,100.0,100.0,hydroquebec.com,false,""
2022-09-08T11:00:00.000000,Canada,Québec,CA-QC,0.0,29.01,100.0,100.0,hydroquebec.com,false,""
2022-09-08T12:00:00.000000,Canada,Québec,CA-QC,0.0,28.93,100.0,100.0,hydroquebec.com,false,""
2022-09-08T13:00:00.000000,Canada,Québec,CA-QC,0.07,28.99,99.98,99.92,hydroquebec.com,false,""
2022-09-08T14:00:00.000000,Canada,Québec,CA-QC,0.09,29.01,99.98,99.91,hydroquebec.com,false,""
2022-09-08T15:00:00.000000,Canada,Québec,CA-QC,0.0,28.93,100.0,100.0,hydroquebec.com,false,""
2022-09-08T16:00:00.000000,Canada,Québec,CA-QC,0.0,28.85,100.0,100.0,hydroquebec.com,false,""
2022-09-08T17:00:00.000000,Canada,Québec,CA-QC,0.0,28.76,100.0,100.0,hydroquebec.com,false,""
2022-09-08T18:00:00.000000,Canada,Québec,CA-QC,0.0,28.74,100.0,100.0,hydroquebec.com,false,""
2022-09-08T19:00:00.000000,Canada,Québec,CA-QC,0.0,28.73,100.0,100.0,hydroquebec.com,false,""
2022-09-08T20:00:00.000000,Canada,Québec,CA-QC,0.0,28.7,100.0,100.0,hydroquebec.com,false,""
2022-09-08T21:00:00.000000,Canada,Québec,CA-QC,0.0,28.62,100.0,100.0,hydroquebec.com,false,""
2022-09-08T22:00:00.000000,Canada,Québec,CA-QC,0.0,28.53,100.0,100.0,hydroquebec.com,false,""
2022-09-08T23:00:00.000000,Canada,Québec,CA-QC,0.0,28.48,100.0,100.0,hydroquebec.com,false,""
2022-09-09T00:00:00.000000,Canada,Québec,CA-QC,0.0,28.44,100.0,100.0,hydroquebec.com,false,""
2022-09-09T01:00:00.000000,Canada,Québec,CA-QC,0.0,28.53,100.0,100.0,hydroquebec.com,false,""
2022-09-09T02:00:00.000000,Canada,Québec,CA-QC,0.0,28.74,100.0,100.0,hydroquebec.com,false,""
2022-09-09T03:00:00.000000,Canada,Québec,CA-QC,0.0,29.0,100.0,100.0,hydroquebec.com,false,""
2022-09-09T04:00:00.000000,Canada,Québec,CA-QC,0.0,29.25,100.0,100.0,hydroquebec.com,false,""
2022-09-09T05:00:00.000000,Canada,Québec,CA-QC,0.0,29.35,100.0,100.0,hydroquebec.com,false,""
2022-09-09T06:00:00.000000,Canada,Québec,CA-QC,0.0,29.57,100.0,100.0,hydroquebec.com,false,""
2022-09-09T07:00:00.000000,Canada,Québec,CA-QC,0.01,29.81,100.0,99.98,hydroquebec.com,false,""
2022-09-09T08:00:00.000000,Canada,Québec,CA-QC,0.5,30.24,99.87,98.87,hydroquebec.com,false,""
2022-09-09T09:00:00.000000,Canada,Québec,CA-QC,0.0,29.63,100.0,100.0,hydroquebec.com,false,""
2022-09-09T10:00:00.000000,Canada,Québec,CA-QC,0.0,29.11,100.0,100.0,hydroquebec.com,false,""
2022-09-09T11:00:00.000000,Canada,Québec,CA-QC,0.0,28.78,100.0,100.0,hydroquebec.com,false,""
2022-09-09T12:00:00.000000,Canada,Québec,CA-QC,0.0,28.67,100.0,100.0,hydroquebec.com,false,""
2022-09-09T13:00:00.000000,Canada,Québec,CA-QC,0.0,28.72,100.0,100.0,hydroquebec.com,false,""
2022-09-09T14:00:00.000000,Canada,Québec,CA-QC,0.0,28.73,100.0,100.0,hydroquebec.com,false,""
2022-09-09T15:00:00.000000,Canada,Québec,CA-QC,0.0,28.65,100.0,100.0,hydroquebec.com,false,""
2022-09-09T16:00:00.000000,Canada,Québec,CA-QC,0.0,28.59,100.0,100.0,hydroquebec.com,false,""
2022-09-09T17:00:00.000000,Canada,Québec,CA-QC,0.0,28.53,100.0,100.0,hydroquebec.com,false,""
2022-09-09T18:00:00.000000,Canada,Québec,CA-QC,0.0,28.56,100.0,100.0,hydroquebec.com,false,""
2022-09-09T19:00:00.000000,Canada,Québec,CA-QC,0.0,28.64,100.0,100.0,hydroquebec.com,false,""
2022-09-09T20:00:00.000000,Canada,Québec,CA-QC,0.0,28.63,100.0,100.0,hydroquebec.com,false,""
2022-09-09T21:00:00.000000,Canada,Québec,CA-QC,0.0,28.58,100.0,100.0,hydroquebec.com,false,""
2022-09-09T22:00:00.000000,Canada,Québec,CA-QC,0.0,28.54,100.0,100.0,hydroquebec.com,false,""
2022-09-09T23:00:00.000000,Canada,Québec,CA-QC,0.0,28.51,100.0,100.0,hydroquebec.com,false,""
2022-09-10T00:00:00.000000,Canada,Québec,CA-QC,0.0,28.54,100.0,100.0,hydroquebec.com,false,""
2022-09-10T01:00:00.000000,Canada,Québec,CA-QC,0.0,28.6,100.0,100.0,hydroquebec.com,false,""
2022-09-10T02:00:00.000000,Canada,Québec,CA-QC,0.0,28.67,100.0,100.0,hydroquebec.com,false,""
2022-09-10T03:00:00.000000,Canada,Québec,CA-QC,0.0,28.88,100.0,100.0,hydroquebec.com,false,""
2022-09-10T04:00:00.000000,Canada,Québec,CA-QC,0.0,29.03,100.0,100.0,hydroquebec.com,false,""
2022-09-10T05:00:00.000000,Canada,Québec,CA-QC,0.0,29.11,100.0,100.0,hydroquebec.com,false,""
2022-09-10T06:00:00.000000,Canada,Québec,CA-QC,0.0,29.34,100.0,100.0,hydroquebec.com,false,""
2022-09-10T07:00:00.000000,Canada,Québec,CA-QC,0.0,29.63,100.0,100.0,hydroquebec.com,false,""
2022-09-10T08:00:00.000000,Canada,Québec,CA-QC,0.0,29.86,100.0,100.0,hydroquebec.com,false,""
2022-09-10T09:00:00.000000,Canada,Québec,CA-QC,0.0,29.93,100.0,100.0,hydroquebec.com,false,""
2022-09-10T10:00:00.000000,Canada,Québec,CA-QC,0.0,29.84,100.0,100.0,hydroquebec.com,false,""
2022-09-10T11:00:00.000000,Canada,Québec,CA-QC,0.0,29.57,100.0,100.0,hydroquebec.com,false,""
2022-09-10T12:00:00.000000,Canada,Québec,CA-QC,0.0,29.21,100.0,100.0,hydroquebec.com,false,""
2022-09-10T13:00:00.000000,Canada,Québec,CA-QC,0.0,28.95,100.0,100.0,hydroquebec.com,false,""
2022-09-10T14:00:00.000000,Canada,Québec,CA-QC,0.0,28.81,100.0,100.0,hydroquebec.com,false,""
2022-09-10T15:00:00.000000,Canada,Québec,CA-QC,0.0,28.7,100.0,100.0,hydroquebec.com,false,""
2022-09-10T16:00:00.000000,Canada,Québec,CA-QC,0.0,28.65,100.0,100.0,hydroquebec.com,false,""
2022-09-10T17:00:00.000000,Canada,Québec,CA-QC,0.0,28.61,100.0,100.0,hydroquebec.com,false,""
2022-09-10T18:00:00.000000,Canada,Québec,CA-QC,0.0,28.59,100.0,100.0,hydroquebec.com,false,""
2022-09-10T19:00:00.000000,Canada,Québec,CA-QC,0.0,28.58,100.0,100.0,hydroquebec.com,false,""
2022-09-10T20:00:00.000000,Canada,Québec,CA-QC,0.0,28.56,100.0,100.0,hydroquebec.com,false,""
2022-09-10T21:00:00.000000,Canada,Québec,CA-QC,0.0,28.45,100.0,100.0,hydroquebec.com,false,""
2022-09-10T22:00:00.000000,Canada,Québec,CA-QC,0.0,28.38,100.0,100.0,hydroquebec.com,false,""
2022-09-10T23:00:00.000000,Canada,Québec,CA-QC,0.0,28.35,100.0,100.0,hydroquebec.com,false,""
2022-09-11T00:00:00.000000,Canada,Québec,CA-QC,0.0,28.31,100.0,100.0,hydroquebec.com,false,""
2022-09-11T01:00:00.000000,Canada,Québec,CA-QC,0.0,28.36,100.0,100.0,hydroquebec.com,false,""
2022-09-11T02:00:00.000000,Canada,Québec,CA-QC,0.0,28.51,100.0,100.0,hydroquebec.com,false,""
2022-09-11T03:00:00.000000,Canada,Québec,CA-QC,0.0,28.73,100.0,100.0,hydroquebec.com,false,""
2022-09-11T04:00:00.000000,Canada,Québec,CA-QC,0.0,28.94,100.0,100.0,hydroquebec.com,false,""
2022-09-11T05:00:00.000000,Canada,Québec,CA-QC,0.0,29.14,100.0,100.0,hydroquebec.com,false,""
2022-09-11T06:00:00.000000,Canada,Québec,CA-QC,0.0,29.43,100.0,100.0,hydroquebec.com,false,""
2022-09-11T07:00:00.000000,Canada,Québec,CA-QC,0.0,29.7,100.0,100.0,hydroquebec.com,false,""
2022-09-11T08:00:00.000000,Canada,Québec,CA-QC,0.0,29.85,100.0,100.0,hydroquebec.com,false,""
2022-09-11T09:00:00.000000,Canada,Québec,CA-QC,0.0,29.98,100.0,100.0,hydroquebec.com,false,""
2022-09-11T10:00:00.000000,Canada,Québec,CA-QC,0.0,29.91,100.0,100.0,hydroquebec.com,false,""
2022-09-11T11:00:00.000000,Canada,Québec,CA-QC,0.0,29.64,100.0,100.0,hydroquebec.com,false,""
2022-09-11T12:00:00.000000,Canada,Québec,CA-QC,0.0,29.27,100.0,100.0,hydroquebec.com,false,""
2022-09-11T13:00:00.000000,Canada,Québec,CA-QC,0.0,28.99,100.0,100.0,hydroquebec.com,false,""
2022-09-11T14:00:00.000000,Canada,Québec,CA-QC,0.0,28.87,100.0,100.0,hydroquebec.com,false,""
2022-09-11T15:00:00.000000,Canada,Québec,CA-QC,0.0,28.77,100.0,100.0,hydroquebec.com,false,""
2022-09-11T16:00:00.000000,Canada,Québec,CA-QC,0.0,28.51,100.0,100.0,hydroquebec.com,false,""
2022-09-11T17:00:00.000000,Canada,Québec,CA-QC,0.0,28.25,100.0,100.0,hydroquebec.com,false,""
2022-09-11T18:00:00.000000,Canada,Québec,CA-QC,0.0,28.18,100.0,100.0,hydroquebec.com,false,""
2022-09-11T19:00:00.000000,Canada,Québec,CA-QC,0.0,28.18,100.0,100.0,hydroquebec.com,false,""
2022-09-11T20:00:00.000000,Canada,Québec,CA-QC,0.0,28.12,100.0,100.0,hydroquebec.com,false,""
2022-09-11T21:00:00.000000,Canada,Québec,CA-QC,0.0,28.02,100.0,100.0,hydroquebec.com,false,""
2022-09-11T22:00:00.000000,Canada,Québec,CA-QC,0.0,27.98,100.0,100.0,hydroquebec.com,false,""
2022-09-11T23:00:00.000000,Canada,Québec,CA-QC,0.0,28.01,100.0,100.0,hydroquebec.com,false,""
2022-09-12T00:00:00.000000,Canada,Québec,CA-QC,0.0,28.11,100.0,100.0,hydroquebec.com,false,""
2022-09-12T01:00:00.000000,Canada,Québec,CA-QC,0.0,28.23,100.0,100.0,hydroquebec.com,false,""
2022-09-12T02:00:00.000000,Canada,Québec,CA-QC,0.0,28.39,100.0,100.0,hydroquebec.com,false,""
2022-09-12T03:00:00.000000,Canada,Québec,CA-QC,0.0,28.6,100.0,100.0,hydroquebec.com,false,""
2022-09-12T04:00:00.000000,Canada,Québec,CA-QC,0.0,28.77,100.0,100.0,hydroquebec.com,false,""
2022-09-12T05:00:00.000000,Canada,Québec,CA-QC,0.0,28.98,100.0,100.0,hydroquebec.com,false,""
2022-09-12T06:00:00.000000,Canada,Québec,CA-QC,0.0,29.28,100.0,100.0,hydroquebec.com,false,""
2022-09-12T07:00:00.000000,Canada,Québec,CA-QC,0.0,29.51,100.0,100.0,hydroquebec.com,false,""
2022-09-12T08:00:00.000000,Canada,Québec,CA-QC,0.0,29.52,100.0,100.0,hydroquebec.com,false,""
2022-09-12T09:00:00.000000,Canada,Québec,CA-QC,0.0,29.25,100.0,100.0,hydroquebec.com,false,""
2022-09-12T10:00:00.000000,Canada,Québec,CA-QC,0.0,28.73,100.0,100.0,hydroquebec.com,false,""
2022-09-12T11:00:00.000000,Canada,Québec,CA-QC,0.0,28.31,100.0,100.0,hydroquebec.com,false,""
2022-09-12T12:00:00.000000,Canada,Québec,CA-QC,0.0,28.15,100.0,100.0,hydroquebec.com,false,""
2022-09-12T13:00:00.000000,Canada,Québec,CA-QC,0.0,28.22,100.0,100.0,hydroquebec.com,false,""
2022-09-12T14:00:00.000000,Canada,Québec,CA-QC,0.0,28.27,100.0,100.0,hydroquebec.com,false,""
2022-09-12T15:00:00.000000,Canada,Québec,CA-QC,0.0,28.25,100.0,100.0,hydroquebec.com,false,""
2022-09-12T16:00:00.000000,Canada,Québec,CA-QC,0.0,28.37,100.0,100.0,hydroquebec.com,false,""
2022-09-12T17:00:00.000000,Canada,Québec,CA-QC,0.0,28.4,100.0,100.0,hydroquebec.com,false,""
2022-09-12T18:00:00.000000,Canada,Québec,CA-QC,0.0,28.36,100.0,100.0,hydroquebec.com,false,""
2022-09-12T19:00:00.000000,Canada,Québec,CA-QC,0.0,28.4,100.0,100.0,hydroquebec.com,false,""
2022-09-12T20:00:00.000000,Canada,Québec,CA-QC,0.0,28.39,100.0,100.0,hydroquebec.com,false,""
2022-09-12T21:00:00.000000,Canada,Québec,CA-QC,0.0,28.29,100.0,100.0,hydroquebec.com,false,""
2022-09-12T22:00:00.000000,Canada,Québec,CA-QC,0.0,28.26,100.0,100.0,hydroquebec.com,false,""
2022-09-12T23:00:00.000000,Canada,Québec,CA-QC,0.0,28.23,100.0,100.0,hydroquebec.com,false,""
2022-09-13T00:00:00.000000,Canada,Québec,CA-QC,0.0,28.25,100.0,100.0,hydroquebec.com,false,""
2022-09-13T01:00:00.000000,Canada,Québec,CA-QC,0.0,28.37,100.0,100.0,hydroquebec.com,false,""
2022-09-13T02:00:00.000000,Canada,Québec,CA-QC,0.0,28.51,100.0,100.0,hydroquebec.com,false,""
2022-09-13T03:00:00.000000,Canada,Québec,CA-QC,0.0,28.73,100.0,100.0,hydroquebec.com,false,""
2022-09-13T04:00:00.000000,Canada,Québec,CA-QC,0.0,29.0,100.0,100.0,hydroquebec.com,false,""
2022-09-13T05:00:00.000000,Canada,Québec,CA-QC,0.0,29.14,100.0,100.0,hydroquebec.com,false,""
2022-09-13T06:00:00.000000,Canada,Québec,CA-QC,0.0,29.17,100.0,100.0,hydroquebec.com,false,""
2022-09-13T07:00:00.000000,Canada,Québec,CA-QC,0.0,29.27,100.0,100.0,hydroquebec.com,false,""
2022-09-13T08:00:00.000000,Canada,Québec,CA-QC,0.0,29.41,100.0,100.0,hydroquebec.com,false,""
2022-09-13T09:00:00.000000,Canada,Québec,CA-QC,0.0,29.22,100.0,100.0,hydroquebec.com,false,""
2022-09-13T10:00:00.000000,Canada,Québec,CA-QC,0.0,28.77,100.0,100.0,hydroquebec.com,false,""
2022-09-13T11:00:00.000000,Canada,Québec,CA-QC,0.0,28.44,100.0,100.0,hydroquebec.com,false,""
2022-09-13T12:00:00.000000,Canada,Québec,CA-QC,0.0,28.37,100.0,100.0,hydroquebec.com,false,""
2022-09-13T13:00:00.000000,Canada,Québec,CA-QC,0.0,28.4,100.0,100.0,hydroquebec.com,false,""
2022-09-13T14:00:00.000000,Canada,Québec,CA-QC,0.0,28.43,100.0,100.0,hydroquebec.com,false,""
2022-09-13T15:00:00.000000,Canada,Québec,CA-QC,0.0,28.38,100.0,100.0,hydroquebec.com,false,""
2022-09-13T16:00:00.000000,Canada,Québec,CA-QC,0.0,28.28,100.0,100.0,hydroquebec.com,false,""
2022-09-13T17:00:00.000000,Canada,Québec,CA-QC,0.0,28.28,100.0,100.0,hydroquebec.com,false,""
2022-09-13T18:00:00.000000,Canada,Québec,CA-QC,0.0,28.28,100.0,100.0,hydroquebec.com,false,""
2022-09-13T19:00:00.000000,Canada,Québec,CA-QC,0.0,28.31,100.0,100.0,hydroquebec.com,false,""
2022-09-13T20:00:00.000000,Canada,Québec,CA-QC,0.0,28.27,100.0,100.0,hydroquebec.com,false,""
2022-09-13T21:00:00.000000,Canada,Québec,CA-QC,0.0,28.08,100.0,100.0,hydroquebec.com,false,""
2022-09-13T22:00:00.000000,Canada,Québec,CA-QC,0.0,27.86,100.0,100.0,hydroquebec.com,false,""
2022-09-13T23:00:00.000000,Canada,Québec,CA-QC,0.0,27.75,100.0,100.0,hydroquebec.com,false,""
2022-09-14T00:00:00.000000,Canada,Québec,CA-QC,0.0,27.72,100.0,100.0,hydroquebec.com,false,""
2022-09-14T01:00:00.000000,Canada,Québec,CA-QC,0.0,27.82,100.0,100.0,hydroquebec.com,false,""
2022-09-14T02:00:00.000000,Canada,Québec,CA-QC,0.0,27.96,100.0,100.0,hydroquebec.com,false,""
2022-09-14T03:00:00.000000,Canada,Québec,CA-QC,0.0,28.06,100.0,100.0,hydroquebec.com,false,""
2022-09-14T04:00:00.000000,Canada,Québec,CA-QC,0.0,28.21,100.0,100.0,hydroquebec.com,false,""
2022-09-14T05:00:00.000000,Canada,Québec,CA-QC,0.0,28.49,100.0,100.0,hydroquebec.com,false,""
2022-09-14T06:00:00.000000,Canada,Québec,CA-QC,0.0,28.82,100.0,100.0,hydroquebec.com,false,""
2022-09-14T07:00:00.000000,Canada,Québec,CA-QC,0.0,28.9,100.0,100.0,hydroquebec.com,false,""
2022-09-14T08:00:00.000000,Canada,Québec,CA-QC,0.0,28.81,100.0,100.0,hydroquebec.com,false,""
2022-09-14T09:00:00.000000,Canada,Québec,CA-QC,0.0,28.57,100.0,100.0,hydroquebec.com,false,""
2022-09-14T10:00:00.000000,Canada,Québec,CA-QC,0.0,28.12,100.0,100.0,hydroquebec.com,false,""
2022-09-14T11:00:00.000000,Canada,Québec,CA-QC,0.0,27.8,100.0,100.0,hydroquebec.com,false,""
2022-09-14T12:00:00.000000,Canada,Québec,CA-QC,0.0,27.62,100.0,100.0,hydroquebec.com,false,""
2022-09-14T13:00:00.000000,Canada,Québec,CA-QC,0.0,27.52,100.0,100.0,hydroquebec.com,false,""
2022-09-14T14:00:00.000000,Canada,Québec,CA-QC,0.0,27.48,100.0,100.0,hydroquebec.com,false,""
2022-09-14T15:00:00.000000,Canada,Québec,CA-QC,0.0,27.35,100.0,100.0,hydroquebec.com,false,""
2022-09-14T16:00:00.000000,Canada,Québec,CA-QC,0.0,27.39,100.0,100.0,hydroquebec.com,false,""
2022-09-14T17:00:00.000000,Canada,Québec,CA-QC,0.0,27.27,100.0,100.0,hydroquebec.com,false,""
2022-09-14T18:00:00.000000,Canada,Québec,CA-QC,0.0,27.07,100.0,100.0,hydroquebec.com,false,""
2022-09-14T19:00:00.000000,Canada,Québec,CA-QC,0.0,27.1,100.0,100.0,hydroquebec.com,false,""
2022-09-14T20:00:00.000000,Canada,Québec,CA-QC,0.0,27.01,100.0,100.0,hydroquebec.com,false,""
2022-09-14T21:00:00.000000,Canada,Québec,CA-QC,0.0,26.88,100.0,100.0,hydroquebec.com,false,""
2022-09-14T22:00:00.000000,Canada,Québec,CA-QC,0.0,26.82,100.0,100.0,hydroquebec.com,false,""
2022-09-14T23:00:00.000000,Canada,Québec,CA-QC,0.0,26.79,100.0,100.0,hydroquebec.com,false,""
2022-09-15T00:00:00.000000,Canada,Québec,CA-QC,0.0,26.78,100.0,100.0,hydroquebec.com,false,""
2022-09-15T01:00:00.000000,Canada,Québec,CA-QC,0.0,26.95,100.0,100.0,hydroquebec.com,false,""
2022-09-15T02:00:00.000000,Canada,Québec,CA-QC,0.0,27.17,100.0,100.0,hydroquebec.com,false,""
2022-09-15T03:00:00.000000,Canada,Québec,CA-QC,0.0,27.41,100.0,100.0,hydroquebec.com,false,""
2022-09-15T04:00:00.000000,Canada,Québec,CA-QC,0.0,27.62,100.0,100.0,hydroquebec.com,false,""
2022-09-15T05:00:00.000000,Canada,Québec,CA-QC,0.0,27.85,100.0,100.0,hydroquebec.com,false,""
2022-09-15T06:00:00.000000,Canada,Québec,CA-QC,0.0,28.03,100.0,100.0,hydroquebec.com,false,""
2022-09-15T07:00:00.000000,Canada,Québec,CA-QC,0.4,28.23,99.89,98.72,hydroquebec.com,false,""
2022-09-15T08:00:00.000000,Canada,Québec,CA-QC,0.0,28.09,100.0,100.0,hydroquebec.com,false,""
2022-09-15T09:00:00.000000,Canada,Québec,CA-QC,0.0,27.88,100.0,100.0,hydroquebec.com,false,""
2022-09-15T10:00:00.000000,Canada,Québec,CA-QC,0.0,27.5,100.0,100.0,hydroquebec.com,false,""
2022-09-15T11:00:00.000000,Canada,Québec,CA-QC,0.0,27.21,100.0,100.0,hydroquebec.com,false,""
2022-09-15T12:00:00.000000,Canada,Québec,CA-QC,0.0,27.1,100.0,100.0,hydroquebec.com,false,""
2022-09-15T13:00:00.000000,Canada,Québec,CA-QC,0.0,27.11,100.0,100.0,hydroquebec.com,false,""
2022-09-15T14:00:00.000000,Canada,Québec,CA-QC,0.0,27.17,100.0,100.0,hydroquebec.com,false,""
2022-09-15T15:00:00.000000,Canada,Québec,CA-QC,0.0,27.16,100.0,100.0,hydroquebec.com,false,""
2022-09-15T16:00:00.000000,Canada,Québec,CA-QC,0.0,27.09,100.0,100.0,hydroquebec.com,false,""
2022-09-15T17:00:00.000000,Canada,Québec,CA-QC,0.0,27.05,100.0,100.0,hydroquebec.com,false,""
2022-09-15T18:00:00.000000,Canada,Québec,CA-QC,0.0,27.06,100.0,100.0,hydroquebec.com,false,""
2022-09-15T19:00:00.000000,Canada,Québec,CA-QC,0.0,27.08,100.0,100.0,hydroquebec.com,false,""
2022-09-15T20:00:00.000000,Canada,Québec,CA-QC,0.0,27.05,100.0,100.0,hydroquebec.com,false,""
2022-09-15T21:00:00.000000,Canada,Québec,CA-QC,0.0,26.96,100.0,100.0,hydroquebec.com,false,""
2022-09-15T22:00:00.000000,Canada,Québec,CA-QC,0.0,26.95,100.0,100.0,hydroquebec.com,false,""
2022-09-15T23:00:00.000000,Canada,Québec,CA-QC,0.0,26.98,100.0,100.0,hydroquebec.com,false,""
2022-09-16T00:00:00.000000,Canada,Québec,CA-QC,0.0,27.01,100.0,100.0,hydroquebec.com,false,""
2022-09-16T01:00:00.000000,Canada,Québec,CA-QC,0.0,27.13,100.0,100.0,hydroquebec.com,false,""
2022-09-16T02:00:00.000000,Canada,Québec,CA-QC,0.0,27.27,100.0,100.0,hydroquebec.com,false,""
2022-09-16T03:00:00.000000,Canada,Québec,CA-QC,0.0,27.47,100.0,100.0,hydroquebec.com,false,""
2022-09-16T04:00:00.000000,Canada,Québec,CA-QC,0.0,27.72,100.0,100.0,hydroquebec.com,false,""
2022-09-16T05:00:00.000000,Canada,Québec,CA-QC,0.0,27.9,100.0,100.0,hydroquebec.com,false,""
2022-09-16T06:00:00.000000,Canada,Québec,CA-QC,0.0,28.07,100.0,100.0,hydroquebec.com,false,""
2022-09-16T07:00:00.000000,Canada,Québec,CA-QC,0.0,28.21,100.0,100.0,hydroquebec.com,false,""
2022-09-16T08:00:00.000000,Canada,Québec,CA-QC,0.0,28.3,100.0,100.0,hydroquebec.com,false,""
2022-09-16T09:00:00.000000,Canada,Québec,CA-QC,0.0,28.19,100.0,100.0,hydroquebec.com,false,""
2022-09-16T10:00:00.000000,Canada,Québec,CA-QC,0.0,27.78,100.0,100.0,hydroquebec.com,false,""
2022-09-16T11:00:00.000000,Canada,Québec,CA-QC,0.0,27.42,100.0,100.0,hydroquebec.com,false,""
2022-09-16T12:00:00.000000,Canada,Québec,CA-QC,0.0,27.25,100.0,100.0,hydroquebec.com,false,""
2022-09-16T13:00:00.000000,Canada,Québec,CA-QC,0.0,27.24,100.0,100.0,hydroquebec.com,false,""
2022-09-16T14:00:00.000000,Canada,Québec,CA-QC,0.0,27.21,100.0,100.0,hydroquebec.com,false,""
2022-09-16T15:00:00.000000,Canada,Québec,CA-QC,0.0,27.14,100.0,100.0,hydroquebec.com,false,""
2022-09-16T16:00:00.000000,Canada,Québec,CA-QC,0.0,27.13,100.0,100.0,hydroquebec.com,false,""
2022-09-16T17:00:00.000000,Canada,Québec,CA-QC,0.0,27.3,100.0,100.0,hydroquebec.com,false,""
2022-09-16T18:00:00.000000,Canada,Québec,CA-QC,0.0,27.58,100.0,100.0,hydroquebec.com,false,""
2022-09-16T19:00:00.000000,Canada,Québec,CA-QC,0.0,27.71,100.0,100.0,hydroquebec.com,false,""
2022-09-16T20:00:00.000000,Canada,Québec,CA-QC,0.0,27.58,100.0,100.0,hydroquebec.com,false,""
2022-09-16T21:00:00.000000,Canada,Québec,CA-QC,0.0,27.42,100.0,100.0,hydroquebec.com,false,""
2022-09-16T22:00:00.000000,Canada,Québec,CA-QC,0.0,27.43,100.0,100.0,hydroquebec.com,false,""
2022-09-16T23:00:00.000000,Canada,Québec,CA-QC,0.0,27.48,100.0,100.0,hydroquebec.com,false,""
2022-09-17T00:00:00.000000,Canada,Québec,CA-QC,0.0,27.47,100.0,100.0,hydroquebec.com,false,""
2022-09-17T01:00:00.000000,Canada,Québec,CA-QC,0.0,27.53,100.0,100.0,hydroquebec.com,false,""
2022-09-17T02:00:00.000000,Canada,Québec,CA-QC,0.0,27.75,100.0,100.0,hydroquebec.com,false,""
2022-09-17T03:00:00.000000,Canada,Québec,CA-QC,0.0,28.01,100.0,100.0,hydroquebec.com,false,""
2022-09-17T04:00:00.000000,Canada,Québec,CA-QC,0.0,28.21,100.0,100.0,hydroquebec.com,false,""
2022-09-17T05:00:00.000000,Canada,Québec,CA-QC,0.0,28.42,100.0,100.0,hydroquebec.com,false,""
2022-09-17T06:00:00.000000,Canada,Québec,CA-QC,0.0,28.61,100.0,100.0,hydroquebec.com,false,""
2022-09-17T07:00:00.000000,Canada,Québec,CA-QC,0.0,28.79,100.0,100.0,hydroquebec.com,false,""
2022-09-17T08:00:00.000000,Canada,Québec,CA-QC,0.0,28.94,100.0,100.0,hydroquebec.com,false,""
2022-09-17T09:00:00.000000,Canada,Québec,CA-QC,0.0,28.95,100.0,100.0,hydroquebec.com,false,""
2022-09-17T10:00:00.000000,Canada,Québec,CA-QC,0.0,28.81,100.0,100.0,hydroquebec.com,false,""
2022-09-17T11:00:00.000000,Canada,Québec,CA-QC,0.0,28.63,100.0,100.0,hydroquebec.com,false,""
2022-09-17T12:00:00.000000,Canada,Québec,CA-QC,0.0,28.5,100.0,100.0,hydroquebec.com,false,""
2022-09-17T13:00:00.000000,Canada,Québec,CA-QC,0.0,28.32,100.0,100.0,hydroquebec.com,false,""
2022-09-17T14:00:00.000000,Canada,Québec,CA-QC,0.0,28.15,100.0,100.0,hydroquebec.com,false,""
2022-09-17T15:00:00.000000,Canada,Québec,CA-QC,0.0,28.01,100.0,100.0,hydroquebec.com,false,""
2022-09-17T16:00:00.000000,Canada,Québec,CA-QC,0.0,27.87,100.0,100.0,hydroquebec.com,false,""
2022-09-17T17:00:00.000000,Canada,Québec,CA-QC,0.0,27.91,100.0,100.0,hydroquebec.com,false,""
2022-09-17T18:00:00.000000,Canada,Québec,CA-QC,0.0,28.12,100.0,100.0,hydroquebec.com,false,""
2022-09-17T19:00:00.000000,Canada,Québec,CA-QC,0.0,28.19,100.0,100.0,hydroquebec.com,false,""
2022-09-17T20:00:00.000000,Canada,Québec,CA-QC,0.0,28.01,100.0,100.0,hydroquebec.com,false,""
2022-09-17T21:00:00.000000,Canada,Québec,CA-QC,0.0,27.87,100.0,100.0,hydroquebec.com,false,""
2022-09-17T22:00:00.000000,Canada,Québec,CA-QC,0.0,27.87,100.0,100.0,hydroquebec.com,false,""
2022-09-17T23:00:00.000000,Canada,Québec,CA-QC,0.0,27.82,100.0,100.0,hydroquebec.com,false,""
2022-09-18T00:00:00.000000,Canada,Québec,CA-QC,0.0,27.82,100.0,100.0,hydroquebec.com,false,""
2022-09-18T01:00:00.000000,Canada,Québec,CA-QC,0.0,27.92,100.0,100.0,hydroquebec.com,false,""
2022-09-18T02:00:00.000000,Canada,Québec,CA-QC,0.0,28.11,100.0,100.0,hydroquebec.com,false,""
2022-09-18T03:00:00.000000,Canada,Québec,CA-QC,0.0,28.36,100.0,100.0,hydroquebec.com,false,""
2022-09-18T04:00:00.000000,Canada,Québec,CA-QC,0.0,28.75,100.0,100.0,hydroquebec.com,false,""
2022-09-18T05:00:00.000000,Canada,Québec,CA-QC,0.0,29.3,100.0,100.0,hydroquebec.com,false,""
2022-09-18T06:00:00.000000,Canada,Québec,CA-QC,0.0,29.79,100.0,99.94,hydroquebec.com,false,""
2022-09-18T07:00:00.000000,Canada,Québec,CA-QC,0.0,30.05,100.0,99.94,hydroquebec.com,false,""
2022-09-18T08:00:00.000000,Canada,Québec,CA-QC,0.01,30.03,100.0,99.84,hydroquebec.com,false,""
2022-09-18T09:00:00.000000,Canada,Québec,CA-QC,0.24,29.43,99.94,96.59,hydroquebec.com,false,""
2022-09-18T10:00:00.000000,Canada,Québec,CA-QC,0.06,29.87,99.98,99.2,hydroquebec.com,false,""
2022-09-18T11:00:00.000000,Canada,Québec,CA-QC,0.0,29.66,100.0,100.0,hydroquebec.com,false,""
2022-09-18T12:00:00.000000,Canada,Québec,CA-QC,0.0,29.4,100.0,100.0,hydroquebec.com,false,""
2022-09-18T13:00:00.000000,Canada,Québec,CA-QC,0.0,29.18,100.0,100.0,hydroquebec.com,false,""
2022-09-18T14:00:00.000000,Canada,Québec,CA-QC,0.0,28.98,100.0,100.0,hydroquebec.com,false,""
2022-09-18T15:00:00.000000,Canada,Québec,CA-QC,0.0,28.79,100.0,100.0,hydroquebec.com,false,""
2022-09-18T16:00:00.000000,Canada,Québec,CA-QC,0.0,28.65,100.0,100.0,hydroquebec.com,false,""
2022-09-18T17:00:00.000000,Canada,Québec,CA-QC,0.0,28.62,100.0,100.0,hydroquebec.com,false,""
2022-09-18T18:00:00.000000,Canada,Québec,CA-QC,0.0,28.63,100.0,100.0,hydroquebec.com,false,""
2022-09-18T19:00:00.000000,Canada,Québec,CA-QC,0.0,28.62,100.0,100.0,hydroquebec.com,false,""
2022-09-18T20:00:00.000000,Canada,Québec,CA-QC,0.0,28.57,100.0,100.0,hydroquebec.com,false,""
2022-09-18T21:00:00.000000,Canada,Québec,CA-QC,0.0,28.44,100.0,100.0,hydroquebec.com,false,""
2022-09-18T22:00:00.000000,Canada,Québec,CA-QC,0.0,28.35,100.0,100.0,hydroquebec.com,false,""
2022-09-18T23:00:00.000000,Canada,Québec,CA-QC,0.0,28.36,100.0,100.0,hydroquebec.com,false,""
2022-09-19T00:00:00.000000,Canada,Québec,CA-QC,0.0,28.43,100.0,100.0,hydroquebec.com,false,""
2022-09-19T01:00:00.000000,Canada,Québec,CA-QC,0.0,28.57,100.0,100.0,hydroquebec.com,false,""
2022-09-19T02:00:00.000000,Canada,Québec,CA-QC,0.0,28.83,100.0,100.0,hydroquebec.com,false,""
2022-09-19T03:00:00.000000,Canada,Québec,CA-QC,0.0,29.14,100.0,100.0,hydroquebec.com,false,""
2022-09-19T04:00:00.000000,Canada,Québec,CA-QC,0.0,29.47,100.0,100.0,hydroquebec.com,false,""
2022-09-19T05:00:00.000000,Canada,Québec,CA-QC,0.0,29.67,100.0,100.0,hydroquebec.com,false,""
2022-09-19T06:00:00.000000,Canada,Québec,CA-QC,0.0,29.73,100.0,100.0,hydroquebec.com,false,""
2022-09-19T07:00:00.000000,Canada,Québec,CA-QC,0.0,29.9,100.0,100.0,hydroquebec.com,false,""
2022-09-19T08:00:00.000000,Canada,Québec,CA-QC,0.13,30.01,99.97,99.34,hydroquebec.com,false,""
2022-09-19T09:00:00.000000,Canada,Québec,CA-QC,0.0,29.87,100.0,100.0,hydroquebec.com,false,""
2022-09-19T10:00:00.000000,Canada,Québec,CA-QC,0.0,29.41,100.0,100.0,hydroquebec.com,false,""
2022-09-19T11:00:00.000000,Canada,Québec,CA-QC,0.0,29.0,100.0,100.0,hydroquebec.com,false,""
2022-09-19T12:00:00.000000,Canada,Québec,CA-QC,0.0,28.78,100.0,100.0,hydroquebec.com,false,""
2022-09-19T13:00:00.000000,Canada,Québec,CA-QC,0.0,28.7,100.0,100.0,hydroquebec.com,false,""
2022-09-19T14:00:00.000000,Canada,Québec,CA-QC,0.0,28.66,100.0,100.0,hydroquebec.com,false,""
2022-09-19T15:00:00.000000,Canada,Québec,CA-QC,0.0,28.65,100.0,100.0,hydroquebec.com,false,""
2022-09-19T16:00:00.000000,Canada,Québec,CA-QC,0.0,28.82,100.0,100.0,hydroquebec.com,false,""
2022-09-19T17:00:00.000000,Canada,Québec,CA-QC,0.0,29.0,100.0,100.0,hydroquebec.com,false,""
2022-09-19T18:00:00.000000,Canada,Québec,CA-QC,0.0,28.91,100.0,100.0,hydroquebec.com,false,""
2022-09-19T19:00:00.000000,Canada,Québec,CA-QC,0.0,28.81,100.0,100.0,hydroquebec.com,false,""
2022-09-19T20:00:00.000000,Canada,Québec,CA-QC,0.0,28.73,100.0,100.0,hydroquebec.com,false,""
2022-09-19T21:00:00.000000,Canada,Québec,CA-QC,0.0,28.55,100.0,100.0,hydroquebec.com,false,""
2022-09-19T22:00:00.000000,Canada,Québec,CA-QC,0.0,28.41,100.0,100.0,hydroquebec.com,false,""
2022-09-19T23:00:00.000000,Canada,Québec,CA-QC,0.0,28.35,100.0,100.0,hydroquebec.com,false,""
2022-09-20T00:00:00.000000,Canada,Québec,CA-QC,0.0,28.38,100.0,100.0,hydroquebec.com,false,""
2022-09-20T01:00:00.000000,Canada,Québec,CA-QC,0.0,28.52,100.0,100.0,hydroquebec.com,false,""
2022-09-20T02:00:00.000000,Canada,Québec,CA-QC,0.0,28.67,100.0,100.0,hydroquebec.com,false,""
2022-09-20T03:00:00.000000,Canada,Québec,CA-QC,0.0,28.84,100.0,100.0,hydroquebec.com,false,""
2022-09-20T04:00:00.000000,Canada,Québec,CA-QC,0.0,29.09,100.0,100.0,hydroquebec.com,false,""
2022-09-20T05:00:00.000000,Canada,Québec,CA-QC,0.0,29.36,100.0,100.0,hydroquebec.com,false,""
2022-09-20T06:00:00.000000,Canada,Québec,CA-QC,0.0,29.64,100.0,100.0,hydroquebec.com,false,""
2022-09-20T07:00:00.000000,Canada,Québec,CA-QC,0.16,29.83,99.96,99.12,hydroquebec.com,false,""
2022-09-20T08:00:00.000000,Canada,Québec,CA-QC,0.78,30.21,99.79,97.09,hydroquebec.com,false,""
2022-09-20T09:00:00.000000,Canada,Québec,CA-QC,0.21,30.03,99.94,99.49,hydroquebec.com,false,""
2022-09-20T10:00:00.000000,Canada,Québec,CA-QC,0.0,29.3,100.0,100.0,hydroquebec.com,false,""
2022-09-20T11:00:00.000000,Canada,Québec,CA-QC,0.0,28.7,100.0,100.0,hydroquebec.com,false,""
2022-09-20T12:00:00.000000,Canada,Québec,CA-QC,0.0,28.43,100.0,100.0,hydroquebec.com,false,""
2022-09-20T13:00:00.000000,Canada,Québec,CA-QC,0.0,28.38,100.0,100.0,hydroquebec.com,false,""
2022-09-20T14:00:00.000000,Canada,Québec,CA-QC,0.0,28.39,100.0,100.0,hydroquebec.com,false,""
2022-09-20T15:00:00.000000,Canada,Québec,CA-QC,0.0,28.48,100.0,100.0,hydroquebec.com,false,""
2022-09-20T16:00:00.000000,Canada,Québec,CA-QC,0.0,28.6,100.0,100.0,hydroquebec.com,false,""
2022-09-20T17:00:00.000000,Canada,Québec,CA-QC,0.0,28.59,100.0,100.0,hydroquebec.com,false,""
2022-09-20T18:00:00.000000,Canada,Québec,CA-QC,0.0,28.63,100.0,100.0,hydroquebec.com,false,""
2022-09-20T19:00:00.000000,Canada,Québec,CA-QC,0.0,28.7,100.0,100.0,hydroquebec.com,false,""
2022-09-20T20:00:00.000000,Canada,Québec,CA-QC,0.0,28.6,100.0,100.0,hydroquebec.com,false,""
2022-09-20T21:00:00.000000,Canada,Québec,CA-QC,0.0,28.46,100.0,100.0,hydroquebec.com,false,""
2022-09-20T22:00:00.000000,Canada,Québec,CA-QC,0.0,28.39,100.0,100.0,hydroquebec.com,false,""
2022-09-20T23:00:00.000000,Canada,Québec,CA-QC,0.0,28.38,100.0,100.0,hydroquebec.com,false,""
2022-09-21T00:00:00.000000,Canada,Québec,CA-QC,0.0,28.42,100.0,100.0,hydroquebec.com,false,""
2022-09-21T01:00:00.000000,Canada,Québec,CA-QC,0.0,28.56,100.0,100.0,hydroquebec.com,false,""
2022-09-21T02:00:00.000000,Canada,Québec,CA-QC,0.0,28.81,100.0,100.0,hydroquebec.com,false,""
2022-09-21T03:00:00.000000,Canada,Québec,CA-QC,0.0,29.24,100.0,100.0,hydroquebec.com,false,""
2022-09-21T04:00:00.000000,Canada,Québec,CA-QC,0.0,29.72,100.0,100.0,hydroquebec.com,false,""
2022-09-21T05:00:00.000000,Canada,Québec,CA-QC,0.0,30.03,100.0,100.0,hydroquebec.com,false,""
2022-09-21T06:00:00.000000,Canada,Québec,CA-QC,0.06,30.28,99.98,99.38,hydroquebec.com,false,""
2022-09-21T07:00:00.000000,Canada,Québec,CA-QC,0.07,30.49,99.98,98.98,hydroquebec.com,false,""
2022-09-21T08:00:00.000000,Canada,Québec,CA-QC,0.09,30.39,99.98,98.67,hydroquebec.com,false,""
2022-09-21T09:00:00.000000,Canada,Québec,CA-QC,0.0,30.31,100.0,100.0,hydroquebec.com,false,""
2022-09-21T10:00:00.000000,Canada,Québec,CA-QC,0.0,29.68,100.0,100.0,hydroquebec.com,false,""
2022-09-21T11:00:00.000000,Canada,Québec,CA-QC,0.0,29.2,100.0,100.0,hydroquebec.com,false,""
2022-09-21T12:00:00.000000,Canada,Québec,CA-QC,0.0,29.06,100.0,100.0,hydroquebec.com,false,""
2022-09-21T13:00:00.000000,Canada,Québec,CA-QC,0.0,29.1,100.0,100.0,hydroquebec.com,false,""
2022-09-21T14:00:00.000000,Canada,Québec,CA-QC,0.0,29.18,100.0,100.0,hydroquebec.com,false,""
2022-09-21T15:00:00.000000,Canada,Québec,CA-QC,0.0,29.18,100.0,100.0,hydroquebec.com,false,""
2022-09-21T16:00:00.000000,Canada,Québec,CA-QC,0.0,29.23,100.0,100.0,hydroquebec.com,false,""
2022-09-21T17:00:00.000000,Canada,Québec,CA-QC,0.0,29.26,100.0,100.0,hydroquebec.com,false,""
2022-09-21T18:00:00.000000,Canada,Québec,CA-QC,0.0,29.18,100.0,100.0,hydroquebec.com,false,""
2022-09-21T19:00:00.000000,Canada,Québec,CA-QC,0.0,29.18,100.0,100.0,hydroquebec.com,false,""
2022-09-21T20:00:00.000000,Canada,Québec,CA-QC,0.0,29.18,100.0,100.0,hydroquebec.com,false,""
2022-09-21T21:00:00.000000,Canada,Québec,CA-QC,0.0,28.94,100.0,100.0,hydroquebec.com,false,""
2022-09-21T22:00:00.000000,Canada,Québec,CA-QC,0.0,28.65,100.0,100.0,hydroquebec.com,false,""
2022-09-21T23:00:00.000000,Canada,Québec,CA-QC,0.0,28.48,100.0,100.0,hydroquebec.com,false,""
2022-09-22T00:00:00.000000,Canada,Québec,CA-QC,0.0,28.4,100.0,100.0,hydroquebec.com,false,""
2022-09-22T01:00:00.000000,Canada,Québec,CA-QC,0.0,28.45,100.0,100.0,hydroquebec.com,false,""
2022-09-22T02:00:00.000000,Canada,Québec,CA-QC,0.0,28.61,100.0,100.0,hydroquebec.com,false,""
2022-09-22T03:00:00.000000,Canada,Québec,CA-QC,0.0,28.95,100.0,100.0,hydroquebec.com,false,""
2022-09-22T04:00:00.000000,Canada,Québec,CA-QC,0.02,29.23,99.99,99.81,hydroquebec.com,false,""
2022-09-22T05:00:00.000000,Canada,Québec,CA-QC,0.17,28.98,99.95,97.91,hydroquebec.com,false,""
2022-09-22T06:00:00.000000,Canada,Québec,CA-QC,0.13,28.96,99.97,97.74,hydroquebec.com,false,""
2022-09-22T07:00:00.000000,Canada,Québec,CA-QC,0.14,28.98,99.96,97.6,hydroquebec.com,false,""
2022-09-22T08:00:00.000000,Canada,Québec,CA-QC,0.14,29.01,99.96,97.61,hydroquebec.com,false,""
2022-09-22T09:00:00.000000,Canada,Québec,CA-QC,0.04,29.2,99.99,99.27,hydroquebec.com,false,""
2022-09-22T10:00:00.000000,Canada,Québec,CA-QC,0.01,28.95,100.0,99.8,hydroquebec.com,false,""
2022-09-22T11:00:00.000000,Canada,Québec,CA-QC,0.0,28.67,100.0,100.0,hydroquebec.com,false,""
2022-09-22T12:00:00.000000,Canada,Québec,CA-QC,0.0,28.61,100.0,100.0,hydroquebec.com,false,""
2022-09-22T13:00:00.000000,Canada,Québec,CA-QC,0.05,28.69,99.99,99.75,hydroquebec.com,false,""
2022-09-22T14:00:00.000000,Canada,Québec,CA-QC,0.1,28.73,99.97,99.51,hydroquebec.com,false,""
2022-09-22T15:00:00.000000,Canada,Québec,CA-QC,0.2,28.84,99.95,99.22,hydroquebec.com,false,""
2022-09-22T16:00:00.000000,Canada,Québec,CA-QC,0.43,29.11,99.88,98.69,hydroquebec.com,false,""
2022-09-22T17:00:00.000000,Canada,Québec,CA-QC,0.51,29.4,99.86,98.77,hydroquebec.com,false,""
2022-09-22T18:00:00.000000,Canada,Québec,CA-QC,1.33,30.56,99.64,98.8,hydroquebec.com,false,""
2022-09-22T19:00:00.000000,Canada,Québec,CA-QC,1.59,30.66,99.57,98.02,hydroquebec.com,false,""
2022-09-22T20:00:00.000000,Canada,Québec,CA-QC,0.79,29.66,99.79,98.38,hydroquebec.com,false,""
2022-09-22T21:00:00.000000,Canada,Québec,CA-QC,0.6,29.36,99.84,98.92,hydroquebec.com,false,""
2022-09-22T22:00:00.000000,Canada,Québec,CA-QC,0.37,28.95,99.9,99.34,hydroquebec.com,false,""
2022-09-22T23:00:00.000000,Canada,Québec,CA-QC,0.0,28.44,100.0,100.0,hydroquebec.com,false,""
2022-09-23T00:00:00.000000,Canada,Québec,CA-QC,0.03,28.39,99.99,99.92,hydroquebec.com,false,""
2022-09-23T01:00:00.000000,Canada,Québec,CA-QC,0.03,28.55,99.99,99.9,hydroquebec.com,false,""
2022-09-23T02:00:00.000000,Canada,Québec,CA-QC,0.33,28.78,99.91,98.66,hydroquebec.com,false,""
2022-09-23T03:00:00.000000,Canada,Québec,CA-QC,0.37,28.84,99.9,97.78,hydroquebec.com,false,""
2022-09-23T04:00:00.000000,Canada,Québec,CA-QC,0.12,28.76,99.97,97.85,hydroquebec.com,false,""
2022-09-23T05:00:00.000000,Canada,Québec,CA-QC,0.12,28.89,99.97,97.96,hydroquebec.com,false,""
2022-09-23T06:00:00.000000,Canada,Québec,CA-QC,0.12,29.14,99.97,97.98,hydroquebec.com,false,""
2022-09-23T07:00:00.000000,Canada,Québec,CA-QC,0.12,29.3,99.97,97.91,hydroquebec.com,false,""
2022-09-23T08:00:00.000000,Canada,Québec,CA-QC,0.14,28.97,99.96,97.72,hydroquebec.com,false,""
2022-09-23T09:00:00.000000,Canada,Québec,CA-QC,0.05,29.12,99.99,99.54,hydroquebec.com,false,""
2022-09-23T10:00:00.000000,Canada,Québec,CA-QC,0.0,28.89,100.0,100.0,hydroquebec.com,false,""
2022-09-23T11:00:00.000000,Canada,Québec,CA-QC,0.0,28.23,100.0,100.0,hydroquebec.com,false,""
2022-09-23T12:00:00.000000,Canada,Québec,CA-QC,0.0,27.89,100.0,100.0,hydroquebec.com,false,""
2022-09-23T13:00:00.000000,Canada,Québec,CA-QC,0.0,28.15,100.0,100.0,hydroquebec.com,false,""
2022-09-23T14:00:00.000000,Canada,Québec,CA-QC,0.0,28.44,100.0,100.0,hydroquebec.com,false,""
2022-09-23T15:00:00.000000,Canada,Québec,CA-QC,0.0,28.42,100.0,100.0,hydroquebec.com,false,""
2022-09-23T16:00:00.000000,Canada,Québec,CA-QC,0.0,28.6,100.0,100.0,hydroquebec.com,false,""
2022-09-23T17:00:00.000000,Canada,Québec,CA-QC,0.0,28.89,100.0,100.0,hydroquebec.com,false,""
2022-09-23T18:00:00.000000,Canada,Québec,CA-QC,0.0,28.98,100.0,100.0,hydroquebec.com,false,""
2022-09-23T19:00:00.000000,Canada,Québec,CA-QC,0.0,28.99,100.0,100.0,hydroquebec.com,false,""
2022-09-23T20:00:00.000000,Canada,Québec,CA-QC,0.0,28.86,100.0,100.0,hydroquebec.com,false,""
2022-09-23T21:00:00.000000,Canada,Québec,CA-QC,0.0,28.55,100.0,100.0,hydroquebec.com,false,""
2022-09-23T22:00:00.000000,Canada,Québec,CA-QC,0.0,28.27,100.0,100.0,hydroquebec.com,false,""
2022-09-23T23:00:00.000000,Canada,Québec,CA-QC,0.0,28.23,100.0,100.0,hydroquebec.com,false,""
2022-09-24T00:00:00.000000,Canada,Québec,CA-QC,0.0,28.26,100.0,100.0,hydroquebec.com,false,""
2022-09-24T01:00:00.000000,Canada,Québec,CA-QC,0.0,28.39,100.0,100.0,hydroquebec.com,false,""
2022-09-24T02:00:00.000000,Canada,Québec,CA-QC,0.0,28.75,100.0,100.0,hydroquebec.com,false,""
2022-09-24T03:00:00.000000,Canada,Québec,CA-QC,0.0,29.11,100.0,100.0,hydroquebec.com,false,""
2022-09-24T04:00:00.000000,Canada,Québec,CA-QC,0.06,29.37,99.98,99.77,hydroquebec.com,false,""
2022-09-24T05:00:00.000000,Canada,Québec,CA-QC,0.13,29.46,99.96,99.17,hydroquebec.com,false,""
2022-09-24T06:00:00.000000,Canada,Québec,CA-QC,0.1,29.24,99.97,98.29,hydroquebec.com,false,""
2022-09-24T07:00:00.000000,Canada,Québec,CA-QC,0.12,29.18,99.97,97.84,hydroquebec.com,false,""
2022-09-24T08:00:00.000000,Canada,Québec,CA-QC,0.14,29.1,99.96,97.52,hydroquebec.com,false,""
2022-09-24T09:00:00.000000,Canada,Québec,CA-QC,0.23,29.11,99.94,97.55,hydroquebec.com,false,""
2022-09-24T10:00:00.000000,Canada,Québec,CA-QC,0.31,29.17,99.92,97.87,hydroquebec.com,false,""
2022-09-24T11:00:00.000000,Canada,Québec,CA-QC,0.01,29.1,100.0,99.95,hydroquebec.com,false,""
2022-09-24T12:00:00.000000,Canada,Québec,CA-QC,0.0,28.9,100.0,100.0,hydroquebec.com,false,""
2022-09-24T13:00:00.000000,Canada,Québec,CA-QC,0.0,28.95,100.0,100.0,hydroquebec.com,false,""
2022-09-24T14:00:00.000000,Canada,Québec,CA-QC,0.07,29.03,99.98,99.71,hydroquebec.com,false,""
2022-09-24T15:00:00.000000,Canada,Québec,CA-QC,0.11,29.09,99.97,99.66,hydroquebec.com,false,""
2022-09-24T16:00:00.000000,Canada,Québec,CA-QC,0.0,29.17,100.0,100.0,hydroquebec.com,false,""
2022-09-24T17:00:00.000000,Canada,Québec,CA-QC,0.0,29.39,100.0,100.0,hydroquebec.com,false,""
2022-09-24T18:00:00.000000,Canada,Québec,CA-QC,0.06,29.48,99.98,99.71,hydroquebec.com,false,""
2022-09-24T19:00:00.000000,Canada,Québec,CA-QC,0.0,29.44,100.0,100.0,hydroquebec.com,false,""
2022-09-24T20:00:00.000000,Canada,Québec,CA-QC,0.0,29.37,100.0,100.0,hydroquebec.com,false,""
2022-09-24T21:00:00.000000,Canada,Québec,CA-QC,0.0,29.19,100.0,100.0,hydroquebec.com,false,""
2022-09-24T22:00:00.000000,Canada,Québec,CA-QC,0.0,29.04,100.0,100.0,hydroquebec.com,false,""
2022-09-24T23:00:00.000000,Canada,Québec,CA-QC,0.01,28.95,100.0,99.99,hydroquebec.com,false,""
2022-09-25T00:00:00.000000,Canada,Québec,CA-QC,0.18,29.17,99.95,99.6,hydroquebec.com,false,""
2022-09-25T01:00:00.000000,Canada,Québec,CA-QC,0.11,29.46,99.97,99.75,hydroquebec.com,false,""
2022-09-25T02:00:00.000000,Canada,Québec,CA-QC,0.12,29.77,99.97,99.72,hydroquebec.com,false,""
2022-09-25T03:00:00.000000,Canada,Québec,CA-QC,0.26,30.09,99.93,99.07,hydroquebec.com,false,""
2022-09-25T04:00:00.000000,Canada,Québec,CA-QC,0.22,30.18,99.94,98.28,hydroquebec.com,false,""
2022-09-25T05:00:00.000000,Canada,Québec,CA-QC,0.24,30.29,99.93,97.41,hydroquebec.com,false,""
2022-09-25T06:00:00.000000,Canada,Québec,CA-QC,0.15,30.12,99.96,97.38,hydroquebec.com,false,""
2022-09-25T07:00:00.000000,Canada,Québec,CA-QC,0.16,30.17,99.96,97.31,hydroquebec.com,false,""
2022-09-25T08:00:00.000000,Canada,Québec,CA-QC,0.16,30.51,99.96,97.26,hydroquebec.com,false,""
2022-09-25T09:00:00.000000,Canada,Québec,CA-QC,0.26,30.42,99.93,97.26,hydroquebec.com,false,""
2022-09-25T10:00:00.000000,Canada,Québec,CA-QC,0.37,30.17,99.9,97.35,hydroquebec.com,false,""
2022-09-25T11:00:00.000000,Canada,Québec,CA-QC,0.51,30.15,99.86,97.23,hydroquebec.com,false,""
2022-09-25T12:00:00.000000,Canada,Québec,CA-QC,0.13,30.09,99.96,99.27,hydroquebec.com,false,""
2022-09-25T13:00:00.000000,Canada,Québec,CA-QC,0.0,30.01,100.0,100.0,hydroquebec.com,false,""
2022-09-25T14:00:00.000000,Canada,Québec,CA-QC,0.0,30.02,100.0,100.0,hydroquebec.com,false,""
2022-09-25T15:00:00.000000,Canada,Québec,CA-QC,0.0,30.03,100.0,100.0,hydroquebec.com,false,""
2022-09-25T16:00:00.000000,Canada,Québec,CA-QC,0.0,30.06,100.0,100.0,hydroquebec.com,false,""
2022-09-25T17:00:00.000000,Canada,Québec,CA-QC,0.0,30.2,100.0,100.0,hydroquebec.com,false,""
2022-09-25T18:00:00.000000,Canada,Québec,CA-QC,0.0,30.43,100.0,100.0,hydroquebec.com,false,""
2022-09-25T19:00:00.000000,Canada,Québec,CA-QC,0.0,30.64,100.0,100.0,hydroquebec.com,false,""
2022-09-25T20:00:00.000000,Canada,Québec,CA-QC,0.0,30.6,100.0,99.99,hydroquebec.com,false,""
2022-09-25T21:00:00.000000,Canada,Québec,CA-QC,0.0,30.29,100.0,100.0,hydroquebec.com,false,""
2022-09-25T22:00:00.000000,Canada,Québec,CA-QC,0.0,30.05,100.0,100.0,hydroquebec.com,false,""
2022-09-25T23:00:00.000000,Canada,Québec,CA-QC,0.0,29.99,100.0,100.0,hydroquebec.com,false,""
2022-09-26T00:00:00.000000,Canada,Québec,CA-QC,0.0,30.18,100.0,100.0,hydroquebec.com,false,""
2022-09-26T01:00:00.000000,Canada,Québec,CA-QC,0.05,30.69,99.99,99.89,hydroquebec.com,false,""
2022-09-26T02:00:00.000000,Canada,Québec,CA-QC,0.15,31.17,99.96,99.57,hydroquebec.com,false,""
2022-09-26T03:00:00.000000,Canada,Québec,CA-QC,0.41,31.48,99.89,98.4,hydroquebec.com,false,""
2022-09-26T04:00:00.000000,Canada,Québec,CA-QC,0.33,31.36,99.91,97.35,hydroquebec.com,false,""
2022-09-26T05:00:00.000000,Canada,Québec,CA-QC,0.36,31.23,99.9,96.31,hydroquebec.com,false,""
2022-09-26T06:00:00.000000,Canada,Québec,CA-QC,0.26,31.16,99.93,96.02,hydroquebec.com,false,""
2022-09-26T07:00:00.000000,Canada,Québec,CA-QC,0.24,31.28,99.93,96.33,hydroquebec.com,false,""
2022-09-26T08:00:00.000000,Canada,Québec,CA-QC,0.25,31.22,99.93,96.22,hydroquebec.com,false,""
2022-09-26T09:00:00.000000,Canada,Québec,CA-QC,0.2,30.98,99.95,97.0,hydroquebec.com,false,""
2022-09-26T10:00:00.000000,Canada,Québec,CA-QC,0.16,30.73,99.96,98.75,hydroquebec.com,false,""
2022-09-26T11:00:00.000000,Canada,Québec,CA-QC,0.11,30.2,99.97,99.56,hydroquebec.com,false,""
2022-09-26T12:00:00.000000,Canada,Québec,CA-QC,0.0,29.75,100.0,100.0,hydroquebec.com,false,""
2022-09-26T13:00:00.000000,Canada,Québec,CA-QC,0.04,29.62,99.99,99.9,hydroquebec.com,false,""
2022-09-26T14:00:00.000000,Canada,Québec,CA-QC,0.1,29.64,99.97,99.76,hydroquebec.com,false,""
2022-09-26T15:00:00.000000,Canada,Québec,CA-QC,0.06,29.64,99.98,99.85,hydroquebec.com,false,""
2022-09-26T16:00:00.000000,Canada,Québec,CA-QC,0.5,29.81,99.87,98.83,hydroquebec.com,false,""
2022-09-26T17:00:00.000000,Canada,Québec,CA-QC,0.26,29.53,99.93,99.4,hydroquebec.com,false,""
2022-09-26T18:00:00.000000,Canada,Québec,CA-QC,0.76,29.8,99.79,97.87,hydroquebec.com,false,""
2022-09-26T19:00:00.000000,Canada,Québec,CA-QC,0.66,29.94,99.82,98.23,hydroquebec.com,false,""
2022-09-26T20:00:00.000000,Canada,Québec,CA-QC,0.02,29.53,99.99,99.94,hydroquebec.com,false,""
2022-09-26T21:00:00.000000,Canada,Québec,CA-QC,0.0,29.25,100.0,100.0,hydroquebec.com,false,""
2022-09-26T22:00:00.000000,Canada,Québec,CA-QC,0.0,29.2,100.0,100.0,hydroquebec.com,false,""
2022-09-26T23:00:00.000000,Canada,Québec,CA-QC,0.0,29.27,100.0,100.0,hydroquebec.com,false,""
2022-09-27T00:00:00.000000,Canada,Québec,CA-QC,0.0,29.46,100.0,100.0,hydroquebec.com,false,""
2022-09-27T01:00:00.000000,Canada,Québec,CA-QC,0.18,29.86,99.95,99.37,hydroquebec.com,false,""
2022-09-27T02:00:00.000000,Canada,Québec,CA-QC,0.36,30.21,99.9,98.45,hydroquebec.com,false,""
2022-09-27T03:00:00.000000,Canada,Québec,CA-QC,0.26,30.39,99.93,98.09,hydroquebec.com,false,""
2022-09-27T04:00:00.000000,Canada,Québec,CA-QC,0.14,30.49,99.96,97.89,hydroquebec.com,false,""
2022-09-27T05:00:00.000000,Canada,Québec,CA-QC,0.13,30.68,99.96,97.75,hydroquebec.com,false,""
2022-09-27T06:00:00.000000,Canada,Québec,CA-QC,0.13,30.76,99.97,97.62,hydroquebec.com,false,""
2022-09-27T07:00:00.000000,Canada,Québec,CA-QC,0.13,30.77,99.96,97.52,hydroquebec.com,false,""
2022-09-27T08:00:00.000000,Canada,Québec,CA-QC,0.14,30.81,99.96,97.51,hydroquebec.com,false,""
2022-09-27T09:00:00.000000,Canada,Québec,CA-QC,0.17,30.92,99.95,98.48,hydroquebec.com,false,""
2022-09-27T10:00:00.000000,Canada,Québec,CA-QC,0.0,30.45,100.0,100.0,hydroquebec.com,false,""
2022-09-27T11:00:00.000000,Canada,Québec,CA-QC,0.0,29.71,100.0,100.0,hydroquebec.com,false,""
2022-09-27T12:00:00.000000,Canada,Québec,CA-QC,0.0,29.41,100.0,100.0,hydroquebec.com,false,""
2022-09-27T13:00:00.000000,Canada,Québec,CA-QC,0.0,29.43,100.0,100.0,hydroquebec.com,false,""
2022-09-27T14:00:00.000000,Canada,Québec,CA-QC,0.12,29.62,99.97,99.76,hydroquebec.com,false,""
2022-09-27T15:00:00.000000,Canada,Québec,CA-QC,0.0,29.63,100.0,100.0,hydroquebec.com,false,""
2022-09-27T16:00:00.000000,Canada,Québec,CA-QC,0.0,29.65,100.0,100.0,hydroquebec.com,false,""
2022-09-27T17:00:00.000000,Canada,Québec,CA-QC,0.0,29.73,100.0,100.0,hydroquebec.com,false,""
2022-09-27T18:00:00.000000,Canada,Québec,CA-QC,0.0,29.86,100.0,100.0,hydroquebec.com,false,""
2022-09-27T19:00:00.000000,Canada,Québec,CA-QC,0.0,29.92,100.0,100.0,hydroquebec.com,false,""
2022-09-27T20:00:00.000000,Canada,Québec,CA-QC,0.0,29.89,100.0,100.0,hydroquebec.com,false,""
2022-09-27T21:00:00.000000,Canada,Québec,CA-QC,0.0,29.69,100.0,100.0,hydroquebec.com,false,""
2022-09-27T22:00:00.000000,Canada,Québec,CA-QC,0.0,29.48,100.0,100.0,hydroquebec.com,false,""
2022-09-27T23:00:00.000000,Canada,Québec,CA-QC,0.0,29.35,100.0,100.0,hydroquebec.com,false,""
2022-09-28T00:00:00.000000,Canada,Québec,CA-QC,0.0,29.39,100.0,100.0,hydroquebec.com,false,""
2022-09-28T01:00:00.000000,Canada,Québec,CA-QC,0.01,29.64,100.0,99.97,hydroquebec.com,false,""
2022-09-28T02:00:00.000000,Canada,Québec,CA-QC,0.06,30.07,99.98,99.86,hydroquebec.com,false,""
2022-09-28T03:00:00.000000,Canada,Québec,CA-QC,0.12,30.61,99.97,99.59,hydroquebec.com,false,""
2022-09-28T04:00:00.000000,Canada,Québec,CA-QC,0.19,31.04,99.95,98.93,hydroquebec.com,false,""
2022-09-28T05:00:00.000000,Canada,Québec,CA-QC,0.22,31.14,99.94,98.23,hydroquebec.com,false,""
2022-09-28T06:00:00.000000,Canada,Québec,CA-QC,0.2,30.94,99.95,97.02,hydroquebec.com,false,""
2022-09-28T07:00:00.000000,Canada,Québec,CA-QC,0.21,31.18,99.94,96.87,hydroquebec.com,false,""
2022-09-28T08:00:00.000000,Canada,Québec,CA-QC,0.16,31.41,99.96,97.7,hydroquebec.com,false,""
2022-09-28T09:00:00.000000,Canada,Québec,CA-QC,0.06,31.53,99.98,99.65,hydroquebec.com,false,""
2022-09-28T10:00:00.000000,Canada,Québec,CA-QC,0.11,30.87,99.97,99.66,hydroquebec.com,false,""
2022-09-28T11:00:00.000000,Canada,Québec,CA-QC,0.0,30.13,100.0,100.0,hydroquebec.com,false,""
2022-09-28T12:00:00.000000,Canada,Québec,CA-QC,0.0,29.85,100.0,100.0,hydroquebec.com,false,""
2022-09-28T13:00:00.000000,Canada,Québec,CA-QC,0.0,29.92,100.0,100.0,hydroquebec.com,false,""
2022-09-28T14:00:00.000000,Canada,Québec,CA-QC,0.0,30.11,100.0,100.0,hydroquebec.com,false,""
2022-09-28T15:00:00.000000,Canada,Québec,CA-QC,0.0,30.19,100.0,100.0,hydroquebec.com,false,""
2022-09-28T16:00:00.000000,Canada,Québec,CA-QC,0.0,30.14,100.0,100.0,hydroquebec.com,false,""
2022-09-28T17:00:00.000000,Canada,Québec,CA-QC,0.0,30.01,100.0,100.0,hydroquebec.com,false,""
2022-09-28T18:00:00.000000,Canada,Québec,CA-QC,0.0,29.84,100.0,100.0,hydroquebec.com,false,""
2022-09-28T19:00:00.000000,Canada,Québec,CA-QC,0.0,29.75,100.0,100.0,hydroquebec.com,false,""
2022-09-28T20:00:00.000000,Canada,Québec,CA-QC,0.0,29.54,100.0,100.0,hydroquebec.com,false,""
2022-09-28T21:00:00.000000,Canada,Québec,CA-QC,0.0,29.28,100.0,100.0,hydroquebec.com,false,""
2022-09-28T22:00:00.000000,Canada,Québec,CA-QC,0.0,29.07,100.0,100.0,hydroquebec.com,false,""
2022-09-28T23:00:00.000000,Canada,Québec,CA-QC,0.0,28.85,100.0,100.0,hydroquebec.com,false,""
2022-09-29T00:00:00.000000,Canada,Québec,CA-QC,0.0,28.79,100.0,100.0,hydroquebec.com,false,""
2022-09-29T01:00:00.000000,Canada,Québec,CA-QC,0.0,29.02,100.0,100.0,hydroquebec.com,false,""
2022-09-29T02:00:00.000000,Canada,Québec,CA-QC,0.18,29.67,99.95,99.72,hydroquebec.com,false,""
2022-09-29T03:00:00.000000,Canada,Québec,CA-QC,0.17,30.14,99.95,99.69,hydroquebec.com,false,""
2022-09-29T04:00:00.000000,Canada,Québec,CA-QC,0.14,30.33,99.96,99.56,hydroquebec.com,false,""
2022-09-29T05:00:00.000000,Canada,Québec,CA-QC,0.06,30.31,99.98,99.44,hydroquebec.com,false,""
2022-09-29T06:00:00.000000,Canada,Québec,CA-QC,0.12,30.18,99.97,98.34,hydroquebec.com,false,""
2022-09-29T07:00:00.000000,Canada,Québec,CA-QC,0.25,30.21,99.93,97.7,hydroquebec.com,false,""
2022-09-29T08:00:00.000000,Canada,Québec,CA-QC,0.32,30.39,99.91,98.08,hydroquebec.com,false,""
2022-09-29T09:00:00.000000,Canada,Québec,CA-QC,0.39,30.43,99.9,98.56,hydroquebec.com,false,""
2022-09-29T10:00:00.000000,Canada,Québec,CA-QC,0.26,29.87,99.93,99.37,hydroquebec.com,false,""
2022-09-29T11:00:00.000000,Canada,Québec,CA-QC,0.0,29.07,100.0,100.0,hydroquebec.com,false,""
2022-09-29T12:00:00.000000,Canada,Québec,CA-QC,0.0,28.83,100.0,100.0,hydroquebec.com,false,""
2022-09-29T13:00:00.000000,Canada,Québec,CA-QC,0.0,28.97,100.0,100.0,hydroquebec.com,false,""
2022-09-29T14:00:00.000000,Canada,Québec,CA-QC,0.0,29.18,100.0,100.0,hydroquebec.com,false,""
2022-09-29T15:00:00.000000,Canada,Québec,CA-QC,0.0,29.2,100.0,100.0,hydroquebec.com,false,""
2022-09-29T16:00:00.000000,Canada,Québec,CA-QC,0.0,29.35,100.0,100.0,hydroquebec.com,false,""
2022-09-29T17:00:00.000000,Canada,Québec,CA-QC,0.0,29.53,100.0,100.0,hydroquebec.com,false,""
2022-09-29T18:00:00.000000,Canada,Québec,CA-QC,0.0,29.56,100.0,100.0,hydroquebec.com,false,""
2022-09-29T19:00:00.000000,Canada,Québec,CA-QC,0.0,29.54,100.0,100.0,hydroquebec.com,false,""
2022-09-29T20:00:00.000000,Canada,Québec,CA-QC,0.0,29.45,100.0,100.0,hydroquebec.com,false,""
2022-09-29T21:00:00.000000,Canada,Québec,CA-QC,0.0,29.2,100.0,100.0,hydroquebec.com,false,""
2022-09-29T22:00:00.000000,Canada,Québec,CA-QC,0.0,28.83,100.0,100.0,hydroquebec.com,false,""
2022-09-29T23:00:00.000000,Canada,Québec,CA-QC,0.0,28.5,100.0,100.0,hydroquebec.com,false,""
2022-09-30T00:00:00.000000,Canada,Québec,CA-QC,0.0,28.4,100.0,100.0,hydroquebec.com,false,""
2022-09-30T01:00:00.000000,Canada,Québec,CA-QC,0.0,28.65,100.0,100.0,hydroquebec.com,false,""
2022-09-30T02:00:00.000000,Canada,Québec,CA-QC,0.0,29.05,100.0,100.0,hydroquebec.com,false,""
2022-09-30T03:00:00.000000,Canada,Québec,CA-QC,0.0,29.43,100.0,100.0,hydroquebec.com,false,""
2022-09-30T04:00:00.000000,Canada,Québec,CA-QC,0.0,29.75,100.0,100.0,hydroquebec.com,false,""
2022-09-30T05:00:00.000000,Canada,Québec,CA-QC,0.07,29.92,99.98,99.7,hydroquebec.com,false,""
2022-09-30T06:00:00.000000,Canada,Québec,CA-QC,0.02,29.97,99.99,99.64,hydroquebec.com,false,""
2022-09-30T07:00:00.000000,Canada,Québec,CA-QC,0.05,29.96,99.99,98.99,hydroquebec.com,false,""
2022-09-30T08:00:00.000000,Canada,Québec,CA-QC,0.02,30.06,99.99,99.67,hydroquebec.com,false,""
2022-09-30T09:00:00.000000,Canada,Québec,CA-QC,0.0,29.79,100.0,99.98,hydroquebec.com,false,""
2022-09-30T10:00:00.000000,Canada,Québec,CA-QC,0.0,29.27,100.0,100.0,hydroquebec.com,false,""
2022-09-30T11:00:00.000000,Canada,Québec,CA-QC,0.0,28.85,100.0,100.0,hydroquebec.com,false,""
2022-09-30T12:00:00.000000,Canada,Québec,CA-QC,0.0,28.71,100.0,100.0,hydroquebec.com,false,""
2022-09-30T13:00:00.000000,Canada,Québec,CA-QC,0.0,28.9,100.0,100.0,hydroquebec.com,false,""
2022-09-30T14:00:00.000000,Canada,Québec,CA-QC,0.0,29.19,100.0,100.0,hydroquebec.com,false,""
2022-09-30T15:00:00.000000,Canada,Québec,CA-QC,0.0,29.27,100.0,100.0,hydroquebec.com,false,""
2022-09-30T16:00:00.000000,Canada,Québec,CA-QC,0.0,29.31,100.0,100.0,hydroquebec.com,false,""
2022-09-30T17:00:00.000000,Canada,Québec,CA-QC,0.08,29.54,99.98,99.85,hydroquebec.com,false,""
2022-09-30T18:00:00.000000,Canada,Québec,CA-QC,0.0,29.7,100.0,100.0,hydroquebec.com,false,""
2022-09-30T19:00:00.000000,Canada,Québec,CA-QC,0.0,29.87,100.0,100.0,hydroquebec.com,false,""
2022-09-30T20:00:00.000000,Canada,Québec,CA-QC,0.0,29.83,100.0,100.0,hydroquebec.com,false,""
2022-09-30T21:00:00.000000,Canada,Québec,CA-QC,0.0,29.44,100.0,100.0,hydroquebec.com,false,""
2022-09-30T22:00:00.000000,Canada,Québec,CA-QC,0.0,29.0,100.0,100.0,hydroquebec.com,false,""
2022-09-30T23:00:00.000000,Canada,Québec,CA-QC,0.0,28.7,100.0,100.0,hydroquebec.com,false,""
2022-10-01T00:00:00.000000,Canada,Québec,CA-QC,0.0,28.6,100.0,100.0,hydroquebec.com,false,""
2022-10-01T01:00:00.000000,Canada,Québec,CA-QC,0.0,28.85,100.0,100.0,hydroquebec.com,false,""
2022-10-01T02:00:00.000000,Canada,Québec,CA-QC,0.0,29.14,100.0,100.0,hydroquebec.com,false,""
2022-10-01T03:00:00.000000,Canada,Québec,CA-QC,0.15,29.55,99.96,99.75,hydroquebec.com,false,""
2022-10-01T04:00:00.000000,Canada,Québec,CA-QC,0.17,29.78,99.96,99.68,hydroquebec.com,false,""
2022-10-01T05:00:00.000000,Canada,Québec,CA-QC,0.13,29.91,99.97,99.63,hydroquebec.com,false,""
2022-10-01T06:00:00.000000,Canada,Québec,CA-QC,0.14,29.85,99.96,99.05,hydroquebec.com,false,""
2022-10-01T07:00:00.000000,Canada,Québec,CA-QC,0.1,29.66,99.97,98.66,hydroquebec.com,false,""
2022-10-01T08:00:00.000000,Canada,Québec,CA-QC,0.06,29.83,99.98,98.9,hydroquebec.com,false,""
2022-10-01T09:00:00.000000,Canada,Québec,CA-QC,0.07,29.76,99.98,98.71,hydroquebec.com,false,""
2022-10-01T10:00:00.000000,Canada,Québec,CA-QC,0.05,29.71,99.99,99.09,hydroquebec.com,false,""
2022-10-01T11:00:00.000000,Canada,Québec,CA-QC,0.07,29.69,99.98,99.37,hydroquebec.com,false,""
2022-10-01T12:00:00.000000,Canada,Québec,CA-QC,0.09,29.65,99.98,99.48,hydroquebec.com,false,""
2022-10-01T13:00:00.000000,Canada,Québec,CA-QC,0.02,29.65,99.99,99.91,hydroquebec.com,false,""
2022-10-01T14:00:00.000000,Canada,Québec,CA-QC,0.02,29.72,99.99,99.92,hydroquebec.com,false,""
2022-10-01T15:00:00.000000,Canada,Québec,CA-QC,0.0,29.6,100.0,100.0,hydroquebec.com,false,""
2022-10-01T16:00:00.000000,Canada,Québec,CA-QC,0.0,29.48,100.0,100.0,hydroquebec.com,false,""
2022-10-01T17:00:00.000000,Canada,Québec,CA-QC,0.03,29.51,99.99,99.89,hydroquebec.com,false,""
2022-10-01T18:00:00.000000,Canada,Québec,CA-QC,0.03,29.44,99.99,99.89,hydroquebec.com,false,""
2022-10-01T19:00:00.000000,Canada,Québec,CA-QC,0.03,29.42,99.99,99.88,hydroquebec.com,false,""
2022-10-01T20:00:00.000000,Canada,Québec,CA-QC,0.04,29.39,99.99,99.88,hydroquebec.com,false,""
2022-10-01T21:00:00.000000,Canada,Québec,CA-QC,0.05,29.29,99.99,99.88,hydroquebec.com,false,""
2022-10-01T22:00:00.000000,Canada,Québec,CA-QC,0.05,29.16,99.99,99.88,hydroquebec.com,false,""
2022-10-01T23:00:00.000000,Canada,Québec,CA-QC,0.21,29.14,99.94,99.49,hydroquebec.com,false,""
2022-10-02T00:00:00.000000,Canada,Québec,CA-QC,0.26,29.1,99.93,99.37,hydroquebec.com,false,""
2022-10-02T01:00:00.000000,Canada,Québec,CA-QC,0.51,29.4,99.86,98.77,hydroquebec.com,false,""
2022-10-02T02:00:00.000000,Canada,Québec,CA-QC,0.85,29.63,99.77,97.14,hydroquebec.com,false,""
2022-10-02T03:00:00.000000,Canada,Québec,CA-QC,0.4,29.09,99.89,96.59,hydroquebec.com,false,""
2022-10-02T04:00:00.000000,Canada,Québec,CA-QC,0.25,28.93,99.93,96.19,hydroquebec.com,false,""
2022-10-02T05:00:00.000000,Canada,Québec,CA-QC,0.27,28.91,99.93,95.78,hydroquebec.com,false,""
2022-10-02T06:00:00.000000,Canada,Québec,CA-QC,0.29,28.93,99.92,95.55,hydroquebec.com,false,""
2022-10-02T07:00:00.000000,Canada,Québec,CA-QC,0.29,29.0,99.92,95.53,hydroquebec.com,false,""
2022-10-02T08:00:00.000000,Canada,Québec,CA-QC,0.29,29.01,99.92,95.57,hydroquebec.com,false,""
2022-10-02T09:00:00.000000,Canada,Québec,CA-QC,0.28,28.92,99.92,95.67,hydroquebec.com,false,""
2022-10-02T10:00:00.000000,Canada,Québec,CA-QC,0.25,28.94,99.93,96.17,hydroquebec.com,false,""
2022-10-02T11:00:00.000000,Canada,Québec,CA-QC,0.13,29.19,99.97,97.99,hydroquebec.com,false,""
2022-10-02T12:00:00.000000,Canada,Québec,CA-QC,0.09,29.18,99.98,98.61,hydroquebec.com,false,""
2022-10-02T13:00:00.000000,Canada,Québec,CA-QC,0.02,29.37,100.0,99.75,hydroquebec.com,false,""
2022-10-02T14:00:00.000000,Canada,Québec,CA-QC,0.1,29.32,99.97,99.07,hydroquebec.com,false,""
2022-10-02T15:00:00.000000,Canada,Québec,CA-QC,0.28,29.43,99.92,98.18,hydroquebec.com,false,""
2022-10-02T16:00:00.000000,Canada,Québec,CA-QC,0.44,29.67,99.88,98.23,hydroquebec.com,false,""
2022-10-02T17:00:00.000000,Canada,Québec,CA-QC,0.96,30.01,99.74,97.1,hydroquebec.com,false,""
2022-10-02T18:00:00.000000,Canada,Québec,CA-QC,1.38,30.59,99.63,96.66,hydroquebec.com,false,""
2022-10-02T19:00:00.000000,Canada,Québec,CA-QC,1.6,31.15,99.57,97.03,hydroquebec.com,false,""
2022-10-02T20:00:00.000000,Canada,Québec,CA-QC,0.21,29.94,99.94,99.63,hydroquebec.com,false,""
2022-10-02T21:00:00.000000,Canada,Québec,CA-QC,0.0,29.4,100.0,100.0,hydroquebec.com,false,""
2022-10-02T22:00:00.000000,Canada,Québec,CA-QC,0.0,29.09,100.0,100.0,hydroquebec.com,false,""
2022-10-02T23:00:00.000000,Canada,Québec,CA-QC,0.0,28.92,100.0,100.0,hydroquebec.com,false,""
2022-10-03T00:00:00.000000,Canada,Québec,CA-QC,0.0,28.95,100.0,100.0,hydroquebec.com,false,""
2022-10-03T01:00:00.000000,Canada,Québec,CA-QC,0.0,29.17,100.0,100.0,hydroquebec.com,false,""
2022-10-03T02:00:00.000000,Canada,Québec,CA-QC,0.19,29.63,99.95,99.65,hydroquebec.com,false,""
2022-10-03T03:00:00.000000,Canada,Québec,CA-QC,0.28,30.01,99.92,99.44,hydroquebec.com,false,""
2022-10-03T04:00:00.000000,Canada,Québec,CA-QC,0.18,29.95,99.95,99.11,hydroquebec.com,false,""
2022-10-03T05:00:00.000000,Canada,Québec,CA-QC,0.21,29.99,99.94,98.76,hydroquebec.com,false,""
2022-10-03T06:00:00.000000,Canada,Québec,CA-QC,0.37,29.9,99.9,97.5,hydroquebec.com,false,""
2022-10-03T07:00:00.000000,Canada,Québec,CA-QC,0.58,30.09,99.84,97.13,hydroquebec.com,false,""
2022-10-03T08:00:00.000000,Canada,Québec,CA-QC,0.54,30.1,99.85,97.79,hydroquebec.com,false,""
2022-10-03T09:00:00.000000,Canada,Québec,CA-QC,0.34,29.79,99.91,99.11,hydroquebec.com,false,""
2022-10-03T10:00:00.000000,Canada,Québec,CA-QC,0.69,29.61,99.81,98.65,hydroquebec.com,false,""
2022-10-03T11:00:00.000000,Canada,Québec,CA-QC,0.71,29.36,99.81,98.95,hydroquebec.com,false,""
2022-10-03T12:00:00.000000,Canada,Québec,CA-QC,0.79,29.37,99.79,99.04,hydroquebec.com,false,""
2022-10-03T13:00:00.000000,Canada,Québec,CA-QC,0.0,28.65,100.0,100.0,hydroquebec.com,false,""
2022-10-03T14:00:00.000000,Canada,Québec,CA-QC,0.02,28.78,100.0,99.98,hydroquebec.com,false,""
2022-10-03T15:00:00.000000,Canada,Québec,CA-QC,0.0,28.91,100.0,100.0,hydroquebec.com,false,""
2022-10-03T16:00:00.000000,Canada,Québec,CA-QC,0.0,29.03,100.0,100.0,hydroquebec.com,false,""
2022-10-03T17:00:00.000000,Canada,Québec,CA-QC,0.0,29.04,100.0,100.0,hydroquebec.com,false,""
2022-10-03T18:00:00.000000,Canada,Québec,CA-QC,0.0,29.01,100.0,100.0,hydroquebec.com,false,""
2022-10-03T19:00:00.000000,Canada,Québec,CA-QC,0.04,29.11,99.99,99.94,hydroquebec.com,false,""
2022-10-03T20:00:00.000000,Canada,Québec,CA-QC,0.04,29.13,99.99,99.95,hydroquebec.com,false,""
2022-10-03T21:00:00.000000,Canada,Québec,CA-QC,0.03,28.95,99.99,99.96,hydroquebec.com,false,""
2022-10-03T22:00:00.000000,Canada,Québec,CA-QC,0.05,28.67,99.99,99.95,hydroquebec.com,false,""
2022-10-03T23:00:00.000000,Canada,Québec,CA-QC,0.06,28.41,99.98,99.94,hydroquebec.com,false,""
2022-10-04T00:00:00.000000,Canada,Québec,CA-QC,0.0,28.15,100.0,99.99,hydroquebec.com,false,""
2022-10-04T01:00:00.000000,Canada,Québec,CA-QC,0.0,28.14,100.0,100.0,hydroquebec.com,false,""
2022-10-04T02:00:00.000000,Canada,Québec,CA-QC,0.0,28.34,100.0,100.0,hydroquebec.com,false,""
2022-10-04T03:00:00.000000,Canada,Québec,CA-QC,0.07,28.78,99.98,99.91,hydroquebec.com,false,""
2022-10-04T04:00:00.000000,Canada,Québec,CA-QC,0.03,29.01,99.99,99.96,hydroquebec.com,false,""
2022-10-04T05:00:00.000000,Canada,Québec,CA-QC,0.08,29.1,99.98,99.87,hydroquebec.com,false,""
2022-10-04T06:00:00.000000,Canada,Québec,CA-QC,0.09,29.12,99.98,99.85,hydroquebec.com,false,""
2022-10-04T07:00:00.000000,Canada,Québec,CA-QC,0.08,29.07,99.98,99.85,hydroquebec.com,false,""
2022-10-04T08:00:00.000000,Canada,Québec,CA-QC,0.09,28.94,99.98,99.85,hydroquebec.com,false,""
2022-10-04T09:00:00.000000,Canada,Québec,CA-QC,0.09,28.81,99.98,99.86,hydroquebec.com,false,""
2022-10-04T10:00:00.000000,Canada,Québec,CA-QC,0.11,28.6,99.97,99.86,hydroquebec.com,false,""
2022-10-04T11:00:00.000000,Canada,Québec,CA-QC,0.11,28.39,99.97,99.88,hydroquebec.com,false,""
2022-10-04T12:00:00.000000,Canada,Québec,CA-QC,0.1,28.48,99.97,99.89,hydroquebec.com,false,""
2022-10-04T13:00:00.000000,Canada,Québec,CA-QC,0.01,28.55,100.0,99.99,hydroquebec.com,false,""
2022-10-04T14:00:00.000000,Canada,Québec,CA-QC,0.0,28.62,100.0,100.0,hydroquebec.com,false,""
2022-10-04T15:00:00.000000,Canada,Québec,CA-QC,0.08,28.82,99.98,99.91,hydroquebec.com,false,""
2022-10-04T16:00:00.000000,Canada,Québec,CA-QC,0.0,28.73,100.0,100.0,hydroquebec.com,false,""
2022-10-04T17:00:00.000000,Canada,Québec,CA-QC,0.0,28.71,100.0,100.0,hydroquebec.com,false,""
2022-10-04T18:00:00.000000,Canada,Québec,CA-QC,0.0,28.74,100.0,100.0,hydroquebec.com,false,""
2022-10-04T19:00:00.000000,Canada,Québec,CA-QC,0.0,28.76,100.0,100.0,hydroquebec.com,false,""
2022-10-04T20:00:00.000000,Canada,Québec,CA-QC,0.0,28.76,100.0,100.0,hydroquebec.com,false,""
2022-10-04T21:00:00.000000,Canada,Québec,CA-QC,0.0,28.73,100.0,100.0,hydroquebec.com,false,""
2022-10-04T22:00:00.000000,Canada,Québec,CA-QC,0.01,28.66,100.0,99.99,hydroquebec.com,false,""
2022-10-04T23:00:00.000000,Canada,Québec,CA-QC,0.22,28.8,99.94,99.76,hydroquebec.com,false,""
2022-10-05T00:00:00.000000,Canada,Québec,CA-QC,0.0,28.57,100.0,100.0,hydroquebec.com,false,""
2022-10-05T01:00:00.000000,Canada,Québec,CA-QC,0.0,28.6,100.0,100.0,hydroquebec.com,false,""
2022-10-05T02:00:00.000000,Canada,Québec,CA-QC,0.0,28.78,100.0,100.0,hydroquebec.com,false,""
2022-10-05T03:00:00.000000,Canada,Québec,CA-QC,0.0,29.11,100.0,100.0,hydroquebec.com,false,""
2022-10-05T04:00:00.000000,Canada,Québec,CA-QC,0.0,29.33,100.0,100.0,hydroquebec.com,false,""
2022-10-05T05:00:00.000000,Canada,Québec,CA-QC,0.0,29.28,100.0,100.0,hydroquebec.com,false,""
2022-10-05T06:00:00.000000,Canada,Québec,CA-QC,0.0,29.27,100.0,100.0,hydroquebec.com,false,""
2022-10-05T07:00:00.000000,Canada,Québec,CA-QC,0.0,29.48,100.0,100.0,hydroquebec.com,false,""
2022-10-05T08:00:00.000000,Canada,Québec,CA-QC,0.0,29.54,100.0,100.0,hydroquebec.com,false,""
2022-10-05T09:00:00.000000,Canada,Québec,CA-QC,0.0,29.25,100.0,100.0,hydroquebec.com,false,""
2022-10-05T10:00:00.000000,Canada,Québec,CA-QC,0.0,28.91,100.0,100.0,hydroquebec.com,false,""
2022-10-05T11:00:00.000000,Canada,Québec,CA-QC,0.07,28.77,99.98,99.9,hydroquebec.com,false,""
2022-10-05T12:00:00.000000,Canada,Québec,CA-QC,0.32,29.06,99.91,99.82,hydroquebec.com,false,""
2022-10-05T13:00:00.000000,Canada,Québec,CA-QC,0.33,29.23,99.91,99.81,hydroquebec.com,false,""
2022-10-05T14:00:00.000000,Canada,Québec,CA-QC,0.21,29.1,99.94,99.77,hydroquebec.com,false,""
2022-10-05T15:00:00.000000,Canada,Québec,CA-QC,0.0,28.88,100.0,100.0,hydroquebec.com,false,""
2022-10-05T16:00:00.000000,Canada,Québec,CA-QC,0.0,28.74,100.0,100.0,hydroquebec.com,false,""
2022-10-05T17:00:00.000000,Canada,Québec,CA-QC,0.0,28.65,100.0,100.0,hydroquebec.com,false,""
2022-10-05T18:00:00.000000,Canada,Québec,CA-QC,0.0,28.73,100.0,100.0,hydroquebec.com,false,""
2022-10-05T19:00:00.000000,Canada,Québec,CA-QC,0.0,28.79,100.0,100.0,hydroquebec.com,false,""
2022-10-05T20:00:00.000000,Canada,Québec,CA-QC,0.0,28.73,100.0,100.0,hydroquebec.com,false,""
2022-10-05T21:00:00.000000,Canada,Québec,CA-QC,0.0,28.6,100.0,100.0,hydroquebec.com,false,""
2022-10-05T22:00:00.000000,Canada,Québec,CA-QC,0.0,28.54,100.0,100.0,hydroquebec.com,false,""
2022-10-05T23:00:00.000000,Canada,Québec,CA-QC,0.0,28.48,100.0,100.0,hydroquebec.com,false,""
2022-10-06T00:00:00.000000,Canada,Québec,CA-QC,0.0,28.35,100.0,100.0,hydroquebec.com,false,""
2022-10-06T01:00:00.000000,Canada,Québec,CA-QC,0.0,28.33,100.0,100.0,hydroquebec.com,false,""
2022-10-06T02:00:00.000000,Canada,Québec,CA-QC,0.0,28.46,100.0,100.0,hydroquebec.com,false,""
2022-10-06T03:00:00.000000,Canada,Québec,CA-QC,0.0,28.52,100.0,100.0,hydroquebec.com,false,""
2022-10-06T04:00:00.000000,Canada,Québec,CA-QC,0.0,28.5,100.0,100.0,hydroquebec.com,false,""
2022-10-06T05:00:00.000000,Canada,Québec,CA-QC,0.0,28.47,100.0,100.0,hydroquebec.com,false,""
2022-10-06T06:00:00.000000,Canada,Québec,CA-QC,0.0,28.55,100.0,100.0,hydroquebec.com,false,""
2022-10-06T07:00:00.000000,Canada,Québec,CA-QC,0.0,28.67,100.0,100.0,hydroquebec.com,false,""
2022-10-06T08:00:00.000000,Canada,Québec,CA-QC,0.0,28.66,100.0,100.0,hydroquebec.com,false,""
2022-10-06T09:00:00.000000,Canada,Québec,CA-QC,0.0,28.48,100.0,100.0,hydroquebec.com,false,""
2022-10-06T10:00:00.000000,Canada,Québec,CA-QC,0.0,28.17,100.0,100.0,hydroquebec.com,false,""
2022-10-06T11:00:00.000000,Canada,Québec,CA-QC,0.0,27.99,100.0,100.0,hydroquebec.com,false,""
2022-10-06T12:00:00.000000,Canada,Québec,CA-QC,0.0,28.04,100.0,100.0,hydroquebec.com,false,""
2022-10-06T13:00:00.000000,Canada,Québec,CA-QC,0.0,28.23,100.0,100.0,hydroquebec.com,false,""
2022-10-06T14:00:00.000000,Canada,Québec,CA-QC,0.0,28.37,100.0,100.0,hydroquebec.com,false,""
2022-10-06T15:00:00.000000,Canada,Québec,CA-QC,0.0,28.45,100.0,100.0,hydroquebec.com,false,""
2022-10-06T16:00:00.000000,Canada,Québec,CA-QC,0.0,28.58,100.0,100.0,hydroquebec.com,false,""
2022-10-06T17:00:00.000000,Canada,Québec,CA-QC,0.0,28.61,100.0,100.0,hydroquebec.com,false,""
2022-10-06T18:00:00.000000,Canada,Québec,CA-QC,0.0,28.59,100.0,100.0,hydroquebec.com,false,""
2022-10-06T19:00:00.000000,Canada,Québec,CA-QC,0.22,28.81,99.94,99.94,hydroquebec.com,false,""
2022-10-06T20:00:00.000000,Canada,Québec,CA-QC,0.77,29.47,99.79,99.79,hydroquebec.com,false,""
2022-10-06T21:00:00.000000,Canada,Québec,CA-QC,0.55,29.21,99.85,99.85,hydroquebec.com,false,""
2022-10-06T22:00:00.000000,Canada,Québec,CA-QC,0.0,28.41,100.0,100.0,hydroquebec.com,false,""
2022-10-06T23:00:00.000000,Canada,Québec,CA-QC,0.0,28.23,100.0,100.0,hydroquebec.com,false,""
2022-10-07T00:00:00.000000,Canada,Québec,CA-QC,0.0,28.11,100.0,100.0,hydroquebec.com,false,""
2022-10-07T01:00:00.000000,Canada,Québec,CA-QC,0.0,28.11,100.0,100.0,hydroquebec.com,false,""
2022-10-07T02:00:00.000000,Canada,Québec,CA-QC,0.0,28.24,100.0,100.0,hydroquebec.com,false,""
2022-10-07T03:00:00.000000,Canada,Québec,CA-QC,0.0,28.44,100.0,100.0,hydroquebec.com,false,""
2022-10-07T04:00:00.000000,Canada,Québec,CA-QC,0.0,28.67,100.0,100.0,hydroquebec.com,false,""
2022-10-07T05:00:00.000000,Canada,Québec,CA-QC,0.0,28.86,100.0,100.0,hydroquebec.com,false,""
2022-10-07T06:00:00.000000,Canada,Québec,CA-QC,0.0,28.9,100.0,100.0,hydroquebec.com,false,""
2022-10-07T07:00:00.000000,Canada,Québec,CA-QC,0.0,29.06,100.0,99.99,hydroquebec.com,false,""
2022-10-07T08:00:00.000000,Canada,Québec,CA-QC,0.0,29.24,100.0,100.0,hydroquebec.com,false,""
2022-10-07T09:00:00.000000,Canada,Québec,CA-QC,0.0,29.09,100.0,100.0,hydroquebec.com,false,""
2022-10-07T10:00:00.000000,Canada,Québec,CA-QC,0.0,28.68,100.0,100.0,hydroquebec.com,false,""
2022-10-07T11:00:00.000000,Canada,Québec,CA-QC,0.0,28.28,100.0,100.0,hydroquebec.com,false,""
2022-10-07T12:00:00.000000,Canada,Québec,CA-QC,0.0,28.1,100.0,100.0,hydroquebec.com,false,""
2022-10-07T13:00:00.000000,Canada,Québec,CA-QC,0.0,28.06,100.0,100.0,hydroquebec.com,false,""
2022-10-07T14:00:00.000000,Canada,Québec,CA-QC,0.0,28.06,100.0,100.0,hydroquebec.com,false,""
2022-10-07T15:00:00.000000,Canada,Québec,CA-QC,0.0,28.05,100.0,100.0,hydroquebec.com,false,""
2022-10-07T16:00:00.000000,Canada,Québec,CA-QC,0.0,28.02,100.0,100.0,hydroquebec.com,false,""
2022-10-07T17:00:00.000000,Canada,Québec,CA-QC,0.0,27.88,100.0,100.0,hydroquebec.com,false,""
2022-10-07T18:00:00.000000,Canada,Québec,CA-QC,0.0,27.8,100.0,100.0,hydroquebec.com,false,""
2022-10-07T19:00:00.000000,Canada,Québec,CA-QC,0.0,27.76,100.0,100.0,hydroquebec.com,false,""
2022-10-07T20:00:00.000000,Canada,Québec,CA-QC,0.0,27.59,100.0,100.0,hydroquebec.com,false,""
2022-10-07T21:00:00.000000,Canada,Québec,CA-QC,0.0,27.41,100.0,100.0,hydroquebec.com,false,""
2022-10-07T22:00:00.000000,Canada,Québec,CA-QC,0.0,27.3,100.0,100.0,hydroquebec.com,false,""
2022-10-07T23:00:00.000000,Canada,Québec,CA-QC,0.0,27.2,100.0,100.0,hydroquebec.com,false,""
2022-10-08T00:00:00.000000,Canada,Québec,CA-QC,0.0,27.18,100.0,100.0,hydroquebec.com,false,""
2022-10-08T01:00:00.000000,Canada,Québec,CA-QC,0.0,27.24,100.0,100.0,hydroquebec.com,false,""
2022-10-08T02:00:00.000000,Canada,Québec,CA-QC,0.0,27.26,100.0,100.0,hydroquebec.com,false,""
2022-10-08T03:00:00.000000,Canada,Québec,CA-QC,0.0,27.32,100.0,100.0,hydroquebec.com,false,""
2022-10-08T04:00:00.000000,Canada,Québec,CA-QC,0.0,27.39,100.0,100.0,hydroquebec.com,false,""
2022-10-08T05:00:00.000000,Canada,Québec,CA-QC,0.0,27.48,100.0,100.0,hydroquebec.com,false,""
2022-10-08T06:00:00.000000,Canada,Québec,CA-QC,0.0,27.6,100.0,100.0,hydroquebec.com,false,""
2022-10-08T07:00:00.000000,Canada,Québec,CA-QC,0.0,27.71,100.0,100.0,hydroquebec.com,false,""
2022-10-08T08:00:00.000000,Canada,Québec,CA-QC,0.0,27.71,100.0,100.0,hydroquebec.com,false,""
2022-10-08T09:00:00.000000,Canada,Québec,CA-QC,0.0,27.6,100.0,100.0,hydroquebec.com,false,""
2022-10-08T10:00:00.000000,Canada,Québec,CA-QC,0.0,27.45,100.0,100.0,hydroquebec.com,false,""
2022-10-08T11:00:00.000000,Canada,Québec,CA-QC,0.0,27.34,100.0,100.0,hydroquebec.com,false,""
2022-10-08T12:00:00.000000,Canada,Québec,CA-QC,0.0,27.21,100.0,100.0,hydroquebec.com,false,""
2022-10-08T13:00:00.000000,Canada,Québec,CA-QC,0.0,27.07,100.0,100.0,hydroquebec.com,false,""
2022-10-08T14:00:00.000000,Canada,Québec,CA-QC,0.0,26.98,100.0,100.0,hydroquebec.com,false,""
2022-10-08T15:00:00.000000,Canada,Québec,CA-QC,0.0,26.98,100.0,100.0,hydroquebec.com,false,""
2022-10-08T16:00:00.000000,Canada,Québec,CA-QC,0.0,27.01,100.0,100.0,hydroquebec.com,false,""
2022-10-08T17:00:00.000000,Canada,Québec,CA-QC,0.0,27.11,100.0,100.0,hydroquebec.com,false,""
2022-10-08T18:00:00.000000,Canada,Québec,CA-QC,0.0,27.2,100.0,100.0,hydroquebec.com,false,""
2022-10-08T19:00:00.000000,Canada,Québec,CA-QC,0.0,27.31,100.0,100.0,hydroquebec.com,false,""
2022-10-08T20:00:00.000000,Canada,Québec,CA-QC,0.0,27.37,100.0,100.0,hydroquebec.com,false,""
2022-10-08T21:00:00.000000,Canada,Québec,CA-QC,0.0,27.36,100.0,100.0,hydroquebec.com,false,""
2022-10-08T22:00:00.000000,Canada,Québec,CA-QC,0.0,27.35,100.0,100.0,hydroquebec.com,false,""
2022-10-08T23:00:00.000000,Canada,Québec,CA-QC,0.0,27.32,100.0,100.0,hydroquebec.com,false,""
2022-10-09T00:00:00.000000,Canada,Québec,CA-QC,0.0,27.32,100.0,100.0,hydroquebec.com,false,""
2022-10-09T01:00:00.000000,Canada,Québec,CA-QC,0.0,27.33,100.0,100.0,hydroquebec.com,false,""
2022-10-09T02:00:00.000000,Canada,Québec,CA-QC,0.0,27.43,100.0,100.0,hydroquebec.com,false,""
2022-10-09T03:00:00.000000,Canada,Québec,CA-QC,0.0,27.56,100.0,100.0,hydroquebec.com,false,""
2022-10-09T04:00:00.000000,Canada,Québec,CA-QC,0.0,27.69,100.0,100.0,hydroquebec.com,false,""
2022-10-09T05:00:00.000000,Canada,Québec,CA-QC,0.0,27.76,100.0,100.0,hydroquebec.com,false,""
2022-10-09T06:00:00.000000,Canada,Québec,CA-QC,0.0,27.82,100.0,100.0,hydroquebec.com,false,""
2022-10-09T07:00:00.000000,Canada,Québec,CA-QC,0.0,27.88,100.0,100.0,hydroquebec.com,false,""
2022-10-09T08:00:00.000000,Canada,Québec,CA-QC,0.0,27.9,100.0,100.0,hydroquebec.com,false,""
2022-10-09T09:00:00.000000,Canada,Québec,CA-QC,0.0,27.9,100.0,100.0,hydroquebec.com,false,""
2022-10-09T10:00:00.000000,Canada,Québec,CA-QC,0.0,27.72,100.0,100.0,hydroquebec.com,false,""
2022-10-09T11:00:00.000000,Canada,Québec,CA-QC,0.0,27.58,100.0,100.0,hydroquebec.com,false,""
2022-10-09T12:00:00.000000,Canada,Québec,CA-QC,0.0,27.57,100.0,100.0,hydroquebec.com,false,""
2022-10-09T13:00:00.000000,Canada,Québec,CA-QC,0.0,27.48,100.0,100.0,hydroquebec.com,false,""
2022-10-09T14:00:00.000000,Canada,Québec,CA-QC,0.0,27.35,100.0,100.0,hydroquebec.com,false,""
2022-10-09T15:00:00.000000,Canada,Québec,CA-QC,0.0,27.32,100.0,100.0,hydroquebec.com,false,""
2022-10-09T16:00:00.000000,Canada,Québec,CA-QC,0.0,27.34,100.0,100.0,hydroquebec.com,false,""
2022-10-09T17:00:00.000000,Canada,Québec,CA-QC,0.0,27.36,100.0,100.0,hydroquebec.com,false,""
2022-10-09T18:00:00.000000,Canada,Québec,CA-QC,0.0,27.35,100.0,100.0,hydroquebec.com,false,""
2022-10-09T19:00:00.000000,Canada,Québec,CA-QC,0.0,27.27,100.0,100.0,hydroquebec.com,false,""
2022-10-09T20:00:00.000000,Canada,Québec,CA-QC,0.0,27.19,100.0,100.0,hydroquebec.com,false,""
2022-10-09T21:00:00.000000,Canada,Québec,CA-QC,0.0,27.24,100.0,100.0,hydroquebec.com,false,""
2022-10-09T22:00:00.000000,Canada,Québec,CA-QC,0.0,27.11,100.0,100.0,hydroquebec.com,false,""
2022-10-09T23:00:00.000000,Canada,Québec,CA-QC,0.0,26.83,100.0,100.0,hydroquebec.com,false,""
2022-10-10T00:00:00.000000,Canada,Québec,CA-QC,0.0,26.91,100.0,100.0,hydroquebec.com,false,""
2022-10-10T01:00:00.000000,Canada,Québec,CA-QC,0.0,26.98,100.0,100.0,hydroquebec.com,false,""
2022-10-10T02:00:00.000000,Canada,Québec,CA-QC,0.0,26.96,100.0,100.0,hydroquebec.com,false,""
2022-10-10T03:00:00.000000,Canada,Québec,CA-QC,0.0,27.09,100.0,100.0,hydroquebec.com,false,""
2022-10-10T04:00:00.000000,Canada,Québec,CA-QC,0.0,27.28,100.0,100.0,hydroquebec.com,false,""
2022-10-10T05:00:00.000000,Canada,Québec,CA-QC,0.0,27.43,100.0,100.0,hydroquebec.com,false,""
2022-10-10T06:00:00.000000,Canada,Québec,CA-QC,0.0,27.5,100.0,100.0,hydroquebec.com,false,""
2022-10-10T07:00:00.000000,Canada,Québec,CA-QC,0.0,27.6,100.0,100.0,hydroquebec.com,false,""
2022-10-10T08:00:00.000000,Canada,Québec,CA-QC,0.0,27.63,100.0,100.0,hydroquebec.com,false,""
2022-10-10T09:00:00.000000,Canada,Québec,CA-QC,0.0,27.63,100.0,100.0,hydroquebec.com,false,""
2022-10-10T10:00:00.000000,Canada,Québec,CA-QC,0.0,27.58,100.0,100.0,hydroquebec.com,false,""
2022-10-10T11:00:00.000000,Canada,Québec,CA-QC,0.0,27.53,100.0,100.0,hydroquebec.com,false,""
2022-10-10T12:00:00.000000,Canada,Québec,CA-QC,0.0,27.53,100.0,100.0,hydroquebec.com,false,""
2022-10-10T13:00:00.000000,Canada,Québec,CA-QC,0.0,27.51,100.0,100.0,hydroquebec.com,false,""
2022-10-10T14:00:00.000000,Canada,Québec,CA-QC,0.0,27.47,100.0,100.0,hydroquebec.com,false,""
2022-10-10T15:00:00.000000,Canada,Québec,CA-QC,0.0,27.51,100.0,100.0,hydroquebec.com,false,""
2022-10-10T16:00:00.000000,Canada,Québec,CA-QC,0.0,27.58,100.0,100.0,hydroquebec.com,false,""
2022-10-10T17:00:00.000000,Canada,Québec,CA-QC,0.0,27.78,100.0,100.0,hydroquebec.com,false,""
2022-10-10T18:00:00.000000,Canada,Québec,CA-QC,0.0,28.0,100.0,100.0,hydroquebec.com,false,""
2022-10-10T19:00:00.000000,Canada,Québec,CA-QC,0.0,28.03,100.0,100.0,hydroquebec.com,false,""
2022-10-10T20:00:00.000000,Canada,Québec,CA-QC,0.0,28.02,100.0,100.0,hydroquebec.com,false,""
2022-10-10T21:00:00.000000,Canada,Québec,CA-QC,0.0,27.87,100.0,100.0,hydroquebec.com,false,""
2022-10-10T22:00:00.000000,Canada,Québec,CA-QC,0.0,27.66,100.0,100.0,hydroquebec.com,false,""
2022-10-10T23:00:00.000000,Canada,Québec,CA-QC,0.0,27.43,100.0,100.0,hydroquebec.com,false,""
2022-10-11T00:00:00.000000,Canada,Québec,CA-QC,0.0,27.27,100.0,100.0,hydroquebec.com,false,""
2022-10-11T01:00:00.000000,Canada,Québec,CA-QC,0.0,27.28,100.0,100.0,hydroquebec.com,false,""
2022-10-11T02:00:00.000000,Canada,Québec,CA-QC,0.0,27.35,100.0,100.0,hydroquebec.com,false,""
2022-10-11T03:00:00.000000,Canada,Québec,CA-QC,0.0,27.48,100.0,100.0,hydroquebec.com,false,""
2022-10-11T04:00:00.000000,Canada,Québec,CA-QC,0.0,27.63,100.0,100.0,hydroquebec.com,false,""
2022-10-11T05:00:00.000000,Canada,Québec,CA-QC,0.0,27.8,100.0,100.0,hydroquebec.com,false,""
2022-10-11T06:00:00.000000,Canada,Québec,CA-QC,0.05,27.97,99.99,99.87,hydroquebec.com,false,""
2022-10-11T07:00:00.000000,Canada,Québec,CA-QC,0.24,28.07,99.93,99.16,hydroquebec.com,false,""
2022-10-11T08:00:00.000000,Canada,Québec,CA-QC,0.32,28.12,99.91,98.97,hydroquebec.com,false,""
2022-10-11T09:00:00.000000,Canada,Québec,CA-QC,0.0,27.81,100.0,99.99,hydroquebec.com,false,""
2022-10-11T10:00:00.000000,Canada,Québec,CA-QC,0.0,27.37,100.0,100.0,hydroquebec.com,false,""
2022-10-11T11:00:00.000000,Canada,Québec,CA-QC,0.0,27.08,100.0,100.0,hydroquebec.com,false,""
2022-10-11T12:00:00.000000,Canada,Québec,CA-QC,0.0,27.17,100.0,100.0,hydroquebec.com,false,""
2022-10-11T13:00:00.000000,Canada,Québec,CA-QC,0.0,27.39,100.0,100.0,hydroquebec.com,false,""
2022-10-11T14:00:00.000000,Canada,Québec,CA-QC,0.0,27.46,100.0,100.0,hydroquebec.com,false,""
2022-10-11T15:00:00.000000,Canada,Québec,CA-QC,0.0,27.46,100.0,100.0,hydroquebec.com,false,""
2022-10-11T16:00:00.000000,Canada,Québec,CA-QC,0.0,27.5,100.0,100.0,hydroquebec.com,false,""
2022-10-11T17:00:00.000000,Canada,Québec,CA-QC,0.0,27.66,100.0,100.0,hydroquebec.com,false,""
2022-10-11T18:00:00.000000,Canada,Québec,CA-QC,0.0,27.8,100.0,100.0,hydroquebec.com,false,""
2022-10-11T19:00:00.000000,Canada,Québec,CA-QC,0.0,27.84,100.0,100.0,hydroquebec.com,false,""
2022-10-11T20:00:00.000000,Canada,Québec,CA-QC,0.0,27.73,100.0,100.0,hydroquebec.com,false,""
2022-10-11T21:00:00.000000,Canada,Québec,CA-QC,0.0,27.5,100.0,100.0,hydroquebec.com,false,""
2022-10-11T22:00:00.000000,Canada,Québec,CA-QC,0.0,27.34,100.0,100.0,hydroquebec.com,false,""
2022-10-11T23:00:00.000000,Canada,Québec,CA-QC,0.0,27.23,100.0,100.0,hydroquebec.com,false,""
2022-10-12T00:00:00.000000,Canada,Québec,CA-QC,0.0,27.27,100.0,100.0,hydroquebec.com,false,""
2022-10-12T01:00:00.000000,Canada,Québec,CA-QC,0.0,27.46,100.0,100.0,hydroquebec.com,false,""
2022-10-12T02:00:00.000000,Canada,Québec,CA-QC,0.0,27.59,100.0,100.0,hydroquebec.com,false,""
2022-10-12T03:00:00.000000,Canada,Québec,CA-QC,0.0,27.82,100.0,100.0,hydroquebec.com,false,""
2022-10-12T04:00:00.000000,Canada,Québec,CA-QC,0.05,28.14,99.99,99.57,hydroquebec.com,false,""
2022-10-12T05:00:00.000000,Canada,Québec,CA-QC,0.18,28.08,99.95,98.17,hydroquebec.com,false,""
2022-10-12T06:00:00.000000,Canada,Québec,CA-QC,0.18,28.04,99.95,97.82,hydroquebec.com,false,""
2022-10-12T07:00:00.000000,Canada,Québec,CA-QC,0.18,28.06,99.95,97.72,hydroquebec.com,false,""
2022-10-12T08:00:00.000000,Canada,Québec,CA-QC,0.22,28.17,99.94,97.64,hydroquebec.com,false,""
2022-10-12T09:00:00.000000,Canada,Québec,CA-QC,0.17,28.5,99.95,99.15,hydroquebec.com,false,""
2022-10-12T10:00:00.000000,Canada,Québec,CA-QC,0.0,28.24,100.0,100.0,hydroquebec.com,false,""
2022-10-12T11:00:00.000000,Canada,Québec,CA-QC,0.0,28.04,100.0,100.0,hydroquebec.com,false,""
2022-10-12T12:00:00.000000,Canada,Québec,CA-QC,0.0,28.04,100.0,100.0,hydroquebec.com,false,""
2022-10-12T13:00:00.000000,Canada,Québec,CA-QC,0.0,28.17,100.0,100.0,hydroquebec.com,false,""
2022-10-12T14:00:00.000000,Canada,Québec,CA-QC,0.0,28.29,100.0,100.0,hydroquebec.com,false,""
2022-10-12T15:00:00.000000,Canada,Québec,CA-QC,0.0,28.31,100.0,100.0,hydroquebec.com,false,""
2022-10-12T16:00:00.000000,Canada,Québec,CA-QC,0.0,28.08,100.0,100.0,hydroquebec.com,false,""
2022-10-12T17:00:00.000000,Canada,Québec,CA-QC,0.0,27.85,100.0,100.0,hydroquebec.com,false,""
2022-10-12T18:00:00.000000,Canada,Québec,CA-QC,0.0,27.89,100.0,100.0,hydroquebec.com,false,""
2022-10-12T19:00:00.000000,Canada,Québec,CA-QC,0.0,27.94,100.0,100.0,hydroquebec.com,false,""
2022-10-12T20:00:00.000000,Canada,Québec,CA-QC,0.0,27.92,100.0,100.0,hydroquebec.com,false,""
2022-10-12T21:00:00.000000,Canada,Québec,CA-QC,0.0,27.78,100.0,100.0,hydroquebec.com,false,""
2022-10-12T22:00:00.000000,Canada,Québec,CA-QC,0.0,27.61,100.0,100.0,hydroquebec.com,false,""
2022-10-12T23:00:00.000000,Canada,Québec,CA-QC,0.0,27.51,100.0,100.0,hydroquebec.com,false,""
2022-10-13T00:00:00.000000,Canada,Québec,CA-QC,0.0,27.52,100.0,100.0,hydroquebec.com,false,""
2022-10-13T01:00:00.000000,Canada,Québec,CA-QC,0.0,27.72,100.0,100.0,hydroquebec.com,false,""
2022-10-13T02:00:00.000000,Canada,Québec,CA-QC,0.0,27.92,100.0,100.0,hydroquebec.com,false,""
2022-10-13T03:00:00.000000,Canada,Québec,CA-QC,0.0,28.09,100.0,100.0,hydroquebec.com,false,""
2022-10-13T04:00:00.000000,Canada,Québec,CA-QC,0.0,28.29,100.0,100.0,hydroquebec.com,false,""
2022-10-13T05:00:00.000000,Canada,Québec,CA-QC,0.0,28.33,100.0,100.0,hydroquebec.com,false,""
2022-10-13T06:00:00.000000,Canada,Québec,CA-QC,0.0,28.33,100.0,100.0,hydroquebec.com,false,""
2022-10-13T07:00:00.000000,Canada,Québec,CA-QC,0.0,28.36,100.0,100.0,hydroquebec.com,false,""
2022-10-13T08:00:00.000000,Canada,Québec,CA-QC,0.0,28.36,100.0,100.0,hydroquebec.com,false,""
2022-10-13T09:00:00.000000,Canada,Québec,CA-QC,0.0,28.15,100.0,100.0,hydroquebec.com,false,""
2022-10-13T10:00:00.000000,Canada,Québec,CA-QC,0.0,27.72,100.0,100.0,hydroquebec.com,false,""
2022-10-13T11:00:00.000000,Canada,Québec,CA-QC,0.0,27.42,100.0,100.0,hydroquebec.com,false,""
2022-10-13T12:00:00.000000,Canada,Québec,CA-QC,0.0,27.28,100.0,100.0,hydroquebec.com,false,""
2022-10-13T13:00:00.000000,Canada,Québec,CA-QC,0.0,27.2,100.0,100.0,hydroquebec.com,false,""
2022-10-13T14:00:00.000000,Canada,Québec,CA-QC,0.0,27.11,100.0,100.0,hydroquebec.com,false,""
2022-10-13T15:00:00.000000,Canada,Québec,CA-QC,0.0,26.99,100.0,100.0,hydroquebec.com,false,""
2022-10-13T16:00:00.000000,Canada,Québec,CA-QC,0.0,26.96,100.0,100.0,hydroquebec.com,false,""
2022-10-13T17:00:00.000000,Canada,Québec,CA-QC,0.0,26.94,100.0,100.0,hydroquebec.com,false,""
2022-10-13T18:00:00.000000,Canada,Québec,CA-QC,0.0,26.95,100.0,100.0,hydroquebec.com,false,""
2022-10-13T19:00:00.000000,Canada,Québec,CA-QC,0.0,26.99,100.0,100.0,hydroquebec.com,false,""
2022-10-13T20:00:00.000000,Canada,Québec,CA-QC,0.0,26.89,100.0,100.0,hydroquebec.com,false,""
2022-10-13T21:00:00.000000,Canada,Québec,CA-QC,0.0,26.75,100.0,100.0,hydroquebec.com,false,""
2022-10-13T22:00:00.000000,Canada,Québec,CA-QC,0.0,26.7,100.0,100.0,hydroquebec.com,false,""
2022-10-13T23:00:00.000000,Canada,Québec,CA-QC,0.0,26.72,100.0,100.0,hydroquebec.com,false,""
2022-10-14T00:00:00.000000,Canada,Québec,CA-QC,0.0,26.91,100.0,100.0,hydroquebec.com,false,""
2022-10-14T01:00:00.000000,Canada,Québec,CA-QC,0.0,27.01,100.0,100.0,hydroquebec.com,false,""
2022-10-14T02:00:00.000000,Canada,Québec,CA-QC,0.0,27.02,100.0,100.0,hydroquebec.com,false,""
2022-10-14T03:00:00.000000,Canada,Québec,CA-QC,0.0,27.11,100.0,100.0,hydroquebec.com,false,""
2022-10-14T04:00:00.000000,Canada,Québec,CA-QC,0.0,27.18,100.0,100.0,hydroquebec.com,false,""
2022-10-14T05:00:00.000000,Canada,Québec,CA-QC,0.0,27.27,100.0,100.0,hydroquebec.com,false,""
2022-10-14T06:00:00.000000,Canada,Québec,CA-QC,0.0,27.4,100.0,100.0,hydroquebec.com,false,""
2022-10-14T07:00:00.000000,Canada,Québec,CA-QC,0.0,27.6,100.0,100.0,hydroquebec.com,false,""
2022-10-14T08:00:00.000000,Canada,Québec,CA-QC,0.0,27.69,100.0,100.0,hydroquebec.com,false,""
2022-10-14T09:00:00.000000,Canada,Québec,CA-QC,0.0,27.53,100.0,100.0,hydroquebec.com,false,""
2022-10-14T10:00:00.000000,Canada,Québec,CA-QC,0.0,27.35,100.0,100.0,hydroquebec.com,false,""
2022-10-14T11:00:00.000000,Canada,Québec,CA-QC,0.0,27.18,100.0,100.0,hydroquebec.com,false,""
2022-10-14T12:00:00.000000,Canada,Québec,CA-QC,0.0,27.13,100.0,100.0,hydroquebec.com,false,""
2022-10-14T13:00:00.000000,Canada,Québec,CA-QC,0.0,27.28,100.0,100.0,hydroquebec.com,false,""
2022-10-14T14:00:00.000000,Canada,Québec,CA-QC,0.0,27.43,100.0,100.0,hydroquebec.com,false,""
2022-10-14T15:00:00.000000,Canada,Québec,CA-QC,0.0,27.5,100.0,100.0,hydroquebec.com,false,""
2022-10-14T16:00:00.000000,Canada,Québec,CA-QC,0.0,27.42,100.0,100.0,hydroquebec.com,false,""
2022-10-14T17:00:00.000000,Canada,Québec,CA-QC,0.0,27.37,100.0,100.0,hydroquebec.com,false,""
2022-10-14T18:00:00.000000,Canada,Québec,CA-QC,0.0,27.43,100.0,100.0,hydroquebec.com,false,""
2022-10-14T19:00:00.000000,Canada,Québec,CA-QC,0.0,27.42,100.0,100.0,hydroquebec.com,false,""
2022-10-14T20:00:00.000000,Canada,Québec,CA-QC,0.0,27.46,100.0,100.0,hydroquebec.com,false,""
2022-10-14T21:00:00.000000,Canada,Québec,CA-QC,0.0,27.45,100.0,100.0,hydroquebec.com,false,""
2022-10-14T22:00:00.000000,Canada,Québec,CA-QC,0.0,27.38,100.0,100.0,hydroquebec.com,false,""
2022-10-14T23:00:00.000000,Canada,Québec,CA-QC,0.0,27.42,100.0,100.0,hydroquebec.com,false,""
2022-10-15T00:00:00.000000,Canada,Québec,CA-QC,0.0,27.51,100.0,100.0,hydroquebec.com,false,""
2022-10-15T01:00:00.000000,Canada,Québec,CA-QC,0.0,27.61,100.0,100.0,hydroquebec.com,false,""
2022-10-15T02:00:00.000000,Canada,Québec,CA-QC,0.0,27.72,100.0,100.0,hydroquebec.com,false,""
2022-10-15T03:00:00.000000,Canada,Québec,CA-QC,0.0,27.86,100.0,100.0,hydroquebec.com,false,""
2022-10-15T04:00:00.000000,Canada,Québec,CA-QC,0.0,28.07,100.0,100.0,hydroquebec.com,false,""
2022-10-15T05:00:00.000000,Canada,Québec,CA-QC,0.0,28.3,100.0,99.97,hydroquebec.com,false,""
2022-10-15T06:00:00.000000,Canada,Québec,CA-QC,0.09,28.21,99.98,98.95,hydroquebec.com,false,""
2022-10-15T07:00:00.000000,Canada,Québec,CA-QC,0.1,28.21,99.97,98.86,hydroquebec.com,false,""
2022-10-15T08:00:00.000000,Canada,Québec,CA-QC,0.1,28.14,99.97,98.9,hydroquebec.com,false,""
2022-10-15T09:00:00.000000,Canada,Québec,CA-QC,0.1,27.97,99.97,98.8,hydroquebec.com,false,""
2022-10-15T10:00:00.000000,Canada,Québec,CA-QC,0.07,27.88,99.98,99.2,hydroquebec.com,false,""
2022-10-15T11:00:00.000000,Canada,Québec,CA-QC,0.01,27.97,100.0,99.88,hydroquebec.com,false,""
2022-10-15T12:00:00.000000,Canada,Québec,CA-QC,0.0,27.89,100.0,99.97,hydroquebec.com,false,""
2022-10-15T13:00:00.000000,Canada,Québec,CA-QC,0.0,27.68,100.0,100.0,hydroquebec.com,false,""
2022-10-15T14:00:00.000000,Canada,Québec,CA-QC,0.0,27.63,100.0,100.0,hydroquebec.com,false,""
2022-10-15T15:00:00.000000,Canada,Québec,CA-QC,0.0,27.75,100.0,100.0,hydroquebec.com,false,""
2022-10-15T16:00:00.000000,Canada,Québec,CA-QC,0.0,28.07,100.0,100.0,hydroquebec.com,false,""
2022-10-15T17:00:00.000000,Canada,Québec,CA-QC,0.0,28.3,100.0,100.0,hydroquebec.com,false,""
2022-10-15T18:00:00.000000,Canada,Québec,CA-QC,0.0,28.36,100.0,100.0,hydroquebec.com,false,""
2022-10-15T19:00:00.000000,Canada,Québec,CA-QC,0.0,28.47,100.0,100.0,hydroquebec.com,false,""
2022-10-15T20:00:00.000000,Canada,Québec,CA-QC,0.0,28.38,100.0,100.0,hydroquebec.com,false,""
2022-10-15T21:00:00.000000,Canada,Québec,CA-QC,0.0,28.22,100.0,100.0,hydroquebec.com,false,""
2022-10-15T22:00:00.000000,Canada,Québec,CA-QC,0.0,27.98,100.0,100.0,hydroquebec.com,false,""
2022-10-15T23:00:00.000000,Canada,Québec,CA-QC,0.0,27.9,100.0,100.0,hydroquebec.com,false,""
2022-10-16T00:00:00.000000,Canada,Québec,CA-QC,0.0,28.04,100.0,100.0,hydroquebec.com,false,""
2022-10-16T01:00:00.000000,Canada,Québec,CA-QC,0.0,28.16,100.0,100.0,hydroquebec.com,false,""
2022-10-16T02:00:00.000000,Canada,Québec,CA-QC,0.0,28.3,100.0,100.0,hydroquebec.com,false,""
2022-10-16T03:00:00.000000,Canada,Québec,CA-QC,0.0,28.5,100.0,100.0,hydroquebec.com,false,""
2022-10-16T04:00:00.000000,Canada,Québec,CA-QC,0.0,28.72,100.0,100.0,hydroquebec.com,false,""
2022-10-16T05:00:00.000000,Canada,Québec,CA-QC,0.0,28.97,100.0,100.0,hydroquebec.com,false,""
2022-10-16T06:00:00.000000,Canada,Québec,CA-QC,0.0,29.16,100.0,100.0,hydroquebec.com,false,""
2022-10-16T07:00:00.000000,Canada,Québec,CA-QC,0.0,29.19,100.0,100.0,hydroquebec.com,false,""
2022-10-16T08:00:00.000000,Canada,Québec,CA-QC,0.0,29.26,100.0,100.0,hydroquebec.com,false,""
2022-10-16T09:00:00.000000,Canada,Québec,CA-QC,0.0,29.19,100.0,100.0,hydroquebec.com,false,""
2022-10-16T10:00:00.000000,Canada,Québec,CA-QC,0.0,29.0,100.0,100.0,hydroquebec.com,false,""
2022-10-16T11:00:00.000000,Canada,Québec,CA-QC,0.0,28.86,100.0,100.0,hydroquebec.com,false,""
2022-10-16T12:00:00.000000,Canada,Québec,CA-QC,0.0,28.75,100.0,100.0,hydroquebec.com,false,""
2022-10-16T13:00:00.000000,Canada,Québec,CA-QC,0.0,28.73,100.0,100.0,hydroquebec.com,false,""
2022-10-16T14:00:00.000000,Canada,Québec,CA-QC,0.0,28.83,100.0,100.0,hydroquebec.com,false,""
2022-10-16T15:00:00.000000,Canada,Québec,CA-QC,0.0,28.92,100.0,100.0,hydroquebec.com,false,""
2022-10-16T16:00:00.000000,Canada,Québec,CA-QC,0.0,29.18,100.0,100.0,hydroquebec.com,false,""
2022-10-16T17:00:00.000000,Canada,Québec,CA-QC,0.0,29.48,100.0,100.0,hydroquebec.com,false,""
2022-10-16T18:00:00.000000,Canada,Québec,CA-QC,0.0,29.58,100.0,100.0,hydroquebec.com,false,""
2022-10-16T19:00:00.000000,Canada,Québec,CA-QC,0.0,29.54,100.0,100.0,hydroquebec.com,false,""
2022-10-16T20:00:00.000000,Canada,Québec,CA-QC,0.0,29.4,100.0,100.0,hydroquebec.com,false,""
2022-10-16T21:00:00.000000,Canada,Québec,CA-QC,0.0,29.19,100.0,100.0,hydroquebec.com,false,""
2022-10-16T22:00:00.000000,Canada,Québec,CA-QC,0.0,28.93,100.0,100.0,hydroquebec.com,false,""
2022-10-16T23:00:00.000000,Canada,Québec,CA-QC,0.0,28.84,100.0,100.0,hydroquebec.com,false,""
2022-10-17T00:00:00.000000,Canada,Québec,CA-QC,0.0,28.91,100.0,100.0,hydroquebec.com,false,""
2022-10-17T01:00:00.000000,Canada,Québec,CA-QC,0.0,29.11,100.0,100.0,hydroquebec.com,false,""
2022-10-17T02:00:00.000000,Canada,Québec,CA-QC,0.0,29.32,100.0,100.0,hydroquebec.com,false,""
2022-10-17T03:00:00.000000,Canada,Québec,CA-QC,0.0,29.47,100.0,100.0,hydroquebec.com,false,""
2022-10-17T04:00:00.000000,Canada,Québec,CA-QC,0.0,29.77,100.0,100.0,hydroquebec.com,false,""
2022-10-17T05:00:00.000000,Canada,Québec,CA-QC,0.0,30.02,100.0,100.0,hydroquebec.com,false,""
2022-10-17T06:00:00.000000,Canada,Québec,CA-QC,0.0,30.11,100.0,100.0,hydroquebec.com,false,""
2022-10-17T07:00:00.000000,Canada,Québec,CA-QC,0.0,30.24,100.0,100.0,hydroquebec.com,false,""
2022-10-17T08:00:00.000000,Canada,Québec,CA-QC,0.0,30.31,100.0,100.0,hydroquebec.com,false,""
2022-10-17T09:00:00.000000,Canada,Québec,CA-QC,0.0,29.98,100.0,100.0,hydroquebec.com,false,""
2022-10-17T10:00:00.000000,Canada,Québec,CA-QC,0.0,29.47,100.0,100.0,hydroquebec.com,false,""
2022-10-17T11:00:00.000000,Canada,Québec,CA-QC,0.0,28.95,100.0,100.0,hydroquebec.com,false,""
2022-10-17T12:00:00.000000,Canada,Québec,CA-QC,0.0,28.63,100.0,100.0,hydroquebec.com,false,""
2022-10-17T13:00:00.000000,Canada,Québec,CA-QC,0.0,28.69,100.0,100.0,hydroquebec.com,false,""
2022-10-17T14:00:00.000000,Canada,Québec,CA-QC,0.0,28.84,100.0,100.0,hydroquebec.com,false,""
2022-10-17T15:00:00.000000,Canada,Québec,CA-QC,0.0,28.94,100.0,100.0,hydroquebec.com,false,""
2022-10-17T16:00:00.000000,Canada,Québec,CA-QC,0.0,29.01,100.0,100.0,hydroquebec.com,false,""
2022-10-17T17:00:00.000000,Canada,Québec,CA-QC,0.0,29.32,100.0,100.0,hydroquebec.com,false,""
2022-10-17T18:00:00.000000,Canada,Québec,CA-QC,0.0,29.62,100.0,100.0,hydroquebec.com,false,""
2022-10-17T19:00:00.000000,Canada,Québec,CA-QC,0.0,29.6,100.0,100.0,hydroquebec.com,false,""
2022-10-17T20:00:00.000000,Canada,Québec,CA-QC,0.0,29.45,100.0,100.0,hydroquebec.com,false,""
2022-10-17T21:00:00.000000,Canada,Québec,CA-QC,0.0,29.22,100.0,100.0,hydroquebec.com,false,""
2022-10-17T22:00:00.000000,Canada,Québec,CA-QC,0.0,29.03,100.0,100.0,hydroquebec.com,false,""
2022-10-17T23:00:00.000000,Canada,Québec,CA-QC,0.0,28.97,100.0,100.0,hydroquebec.com,false,""
2022-10-18T00:00:00.000000,Canada,Québec,CA-QC,0.0,29.03,100.0,100.0,hydroquebec.com,false,""
2022-10-18T01:00:00.000000,Canada,Québec,CA-QC,0.0,29.23,100.0,100.0,hydroquebec.com,false,""
2022-10-18T02:00:00.000000,Canada,Québec,CA-QC,0.0,29.44,100.0,100.0,hydroquebec.com,false,""
2022-10-18T03:00:00.000000,Canada,Québec,CA-QC,0.0,29.61,100.0,100.0,hydroquebec.com,false,""
2022-10-18T04:00:00.000000,Canada,Québec,CA-QC,0.0,29.78,100.0,100.0,hydroquebec.com,false,""
2022-10-18T05:00:00.000000,Canada,Québec,CA-QC,0.0,30.0,100.0,100.0,hydroquebec.com,false,""
2022-10-18T06:00:00.000000,Canada,Québec,CA-QC,0.0,30.21,100.0,100.0,hydroquebec.com,false,""
2022-10-18T07:00:00.000000,Canada,Québec,CA-QC,0.0,30.32,100.0,100.0,hydroquebec.com,false,""
2022-10-18T08:00:00.000000,Canada,Québec,CA-QC,0.0,30.22,100.0,100.0,hydroquebec.com,false,""
2022-10-18T09:00:00.000000,Canada,Québec,CA-QC,0.0,29.7,100.0,100.0,hydroquebec.com,false,""
2022-10-18T10:00:00.000000,Canada,Québec,CA-QC,0.0,29.01,100.0,100.0,hydroquebec.com,false,""
2022-10-18T11:00:00.000000,Canada,Québec,CA-QC,0.0,28.53,100.0,100.0,hydroquebec.com,false,""
2022-10-18T12:00:00.000000,Canada,Québec,CA-QC,0.0,28.31,100.0,100.0,hydroquebec.com,false,""
2022-10-18T13:00:00.000000,Canada,Québec,CA-QC,0.0,28.27,100.0,100.0,hydroquebec.com,false,""
2022-10-18T14:00:00.000000,Canada,Québec,CA-QC,0.0,28.36,100.0,100.0,hydroquebec.com,false,""
2022-10-18T15:00:00.000000,Canada,Québec,CA-QC,0.0,28.45,100.0,100.0,hydroquebec.com,false,""
2022-10-18T16:00:00.000000,Canada,Québec,CA-QC,0.0,28.64,100.0,100.0,hydroquebec.com,false,""
2022-10-18T17:00:00.000000,Canada,Québec,CA-QC,0.0,28.8,100.0,100.0,hydroquebec.com,false,""
2022-10-18T18:00:00.000000,Canada,Québec,CA-QC,0.0,28.8,100.0,100.0,hydroquebec.com,false,""
2022-10-18T19:00:00.000000,Canada,Québec,CA-QC,0.0,28.76,100.0,100.0,hydroquebec.com,false,""
2022-10-18T20:00:00.000000,Canada,Québec,CA-QC,0.0,28.68,100.0,100.0,hydroquebec.com,false,""
2022-10-18T21:00:00.000000,Canada,Québec,CA-QC,0.0,28.58,100.0,100.0,hydroquebec.com,false,""
2022-10-18T22:00:00.000000,Canada,Québec,CA-QC,0.0,28.51,100.0,100.0,hydroquebec.com,false,""
2022-10-18T23:00:00.000000,Canada,Québec,CA-QC,0.0,28.53,100.0,100.0,hydroquebec.com,false,""
2022-10-19T00:00:00.000000,Canada,Québec,CA-QC,0.0,28.5,100.0,100.0,hydroquebec.com,false,""
2022-10-19T01:00:00.000000,Canada,Québec,CA-QC,0.0,28.67,100.0,100.0,hydroquebec.com,false,""
2022-10-19T02:00:00.000000,Canada,Québec,CA-QC,0.0,29.01,100.0,100.0,hydroquebec.com,false,""
2022-10-19T03:00:00.000000,Canada,Québec,CA-QC,0.0,29.31,100.0,100.0,hydroquebec.com,false,""
2022-10-19T04:00:00.000000,Canada,Québec,CA-QC,0.0,29.66,100.0,100.0,hydroquebec.com,false,""
2022-10-19T05:00:00.000000,Canada,Québec,CA-QC,0.0,29.92,100.0,100.0,hydroquebec.com,false,""
2022-10-19T06:00:00.000000,Canada,Québec,CA-QC,0.0,30.07,100.0,100.0,hydroquebec.com,false,""
2022-10-19T07:00:00.000000,Canada,Québec,CA-QC,0.0,30.11,100.0,100.0,hydroquebec.com,false,""
2022-10-19T08:00:00.000000,Canada,Québec,CA-QC,0.0,29.98,100.0,100.0,hydroquebec.com,false,""
2022-10-19T09:00:00.000000,Canada,Québec,CA-QC,0.0,29.63,100.0,100.0,hydroquebec.com,false,""
2022-10-19T10:00:00.000000,Canada,Québec,CA-QC,0.0,29.16,100.0,100.0,hydroquebec.com,false,""
2022-10-19T11:00:00.000000,Canada,Québec,CA-QC,0.0,28.82,100.0,100.0,hydroquebec.com,false,""
2022-10-19T12:00:00.000000,Canada,Québec,CA-QC,0.0,28.74,100.0,100.0,hydroquebec.com,false,""
2022-10-19T13:00:00.000000,Canada,Québec,CA-QC,0.0,28.82,100.0,100.0,hydroquebec.com,false,""
2022-10-19T14:00:00.000000,Canada,Québec,CA-QC,0.0,28.96,100.0,100.0,hydroquebec.com,false,""
2022-10-19T15:00:00.000000,Canada,Québec,CA-QC,0.0,29.02,100.0,100.0,hydroquebec.com,false,""
2022-10-19T16:00:00.000000,Canada,Québec,CA-QC,0.0,29.0,100.0,100.0,hydroquebec.com,false,""
2022-10-19T17:00:00.000000,Canada,Québec,CA-QC,0.0,28.86,100.0,100.0,hydroquebec.com,false,""
2022-10-19T18:00:00.000000,Canada,Québec,CA-QC,0.0,28.78,100.0,100.0,hydroquebec.com,false,""
2022-10-19T19:00:00.000000,Canada,Québec,CA-QC,0.0,28.86,100.0,100.0,hydroquebec.com,false,""
2022-10-19T20:00:00.000000,Canada,Québec,CA-QC,0.0,28.77,100.0,100.0,hydroquebec.com,false,""
2022-10-19T21:00:00.000000,Canada,Québec,CA-QC,0.0,28.65,100.0,100.0,hydroquebec.com,false,""
2022-10-19T22:00:00.000000,Canada,Québec,CA-QC,0.0,28.54,100.0,100.0,hydroquebec.com,false,""
2022-10-19T23:00:00.000000,Canada,Québec,CA-QC,0.0,28.47,100.0,100.0,hydroquebec.com,false,""
2022-10-20T00:00:00.000000,Canada,Québec,CA-QC,0.0,28.52,100.0,100.0,hydroquebec.com,false,""
2022-10-20T01:00:00.000000,Canada,Québec,CA-QC,0.0,28.63,100.0,100.0,hydroquebec.com,false,""
2022-10-20T02:00:00.000000,Canada,Québec,CA-QC,0.0,28.85,100.0,100.0,hydroquebec.com,false,""
2022-10-20T03:00:00.000000,Canada,Québec,CA-QC,0.0,29.22,100.0,100.0,hydroquebec.com,false,""
2022-10-20T04:00:00.000000,Canada,Québec,CA-QC,0.0,29.63,100.0,100.0,hydroquebec.com,false,""
2022-10-20T05:00:00.000000,Canada,Québec,CA-QC,0.0,29.79,100.0,100.0,hydroquebec.com,false,""
2022-10-20T06:00:00.000000,Canada,Québec,CA-QC,0.0,29.8,100.0,100.0,hydroquebec.com,false,""
2022-10-20T07:00:00.000000,Canada,Québec,CA-QC,0.05,29.85,99.99,99.79,hydroquebec.com,false,""
2022-10-20T08:00:00.000000,Canada,Québec,CA-QC,0.03,29.87,99.99,99.92,hydroquebec.com,false,""
2022-10-20T09:00:00.000000,Canada,Québec,CA-QC,0.0,29.58,100.0,100.0,hydroquebec.com,false,""
2022-10-20T10:00:00.000000,Canada,Québec,CA-QC,0.0,28.98,100.0,100.0,hydroquebec.com,false,""
2022-10-20T11:00:00.000000,Canada,Québec,CA-QC,0.0,28.5,100.0,100.0,hydroquebec.com,false,""
2022-10-20T12:00:00.000000,Canada,Québec,CA-QC,0.0,28.41,100.0,100.0,hydroquebec.com,false,""
2022-10-20T13:00:00.000000,Canada,Québec,CA-QC,0.0,28.51,100.0,100.0,hydroquebec.com,false,""
2022-10-20T14:00:00.000000,Canada,Québec,CA-QC,0.0,28.51,100.0,100.0,hydroquebec.com,false,""
2022-10-20T15:00:00.000000,Canada,Québec,CA-QC,0.0,28.37,100.0,100.0,hydroquebec.com,false,""
2022-10-20T16:00:00.000000,Canada,Québec,CA-QC,0.0,28.48,100.0,100.0,hydroquebec.com,false,""
2022-10-20T17:00:00.000000,Canada,Québec,CA-QC,0.0,28.72,100.0,100.0,hydroquebec.com,false,""
2022-10-20T18:00:00.000000,Canada,Québec,CA-QC,0.0,28.78,100.0,100.0,hydroquebec.com,false,""
2022-10-20T19:00:00.000000,Canada,Québec,CA-QC,0.0,28.65,100.0,100.0,hydroquebec.com,false,""
2022-10-20T20:00:00.000000,Canada,Québec,CA-QC,0.0,28.47,100.0,100.0,hydroquebec.com,false,""
2022-10-20T21:00:00.000000,Canada,Québec,CA-QC,0.0,28.28,100.0,100.0,hydroquebec.com,false,""
2022-10-20T22:00:00.000000,Canada,Québec,CA-QC,0.0,28.15,100.0,100.0,hydroquebec.com,false,""
2022-10-20T23:00:00.000000,Canada,Québec,CA-QC,0.0,28.12,100.0,100.0,hydroquebec.com,false,""
2022-10-21T00:00:00.000000,Canada,Québec,CA-QC,0.0,28.12,100.0,100.0,hydroquebec.com,false,""
2022-10-21T01:00:00.000000,Canada,Québec,CA-QC,0.0,28.27,100.0,100.0,hydroquebec.com,false,""
2022-10-21T02:00:00.000000,Canada,Québec,CA-QC,0.0,28.48,100.0,100.0,hydroquebec.com,false,""
2022-10-21T03:00:00.000000,Canada,Québec,CA-QC,0.0,28.78,100.0,100.0,hydroquebec.com,false,""
2022-10-21T04:00:00.000000,Canada,Québec,CA-QC,0.0,29.04,100.0,100.0,hydroquebec.com,false,""
2022-10-21T05:00:00.000000,Canada,Québec,CA-QC,0.0,29.17,100.0,100.0,hydroquebec.com,false,""
2022-10-21T06:00:00.000000,Canada,Québec,CA-QC,0.01,29.46,100.0,99.98,hydroquebec.com,false,""
2022-10-21T07:00:00.000000,Canada,Québec,CA-QC,0.37,29.87,99.9,99.05,hydroquebec.com,false,""
2022-10-21T08:00:00.000000,Canada,Québec,CA-QC,0.61,30.01,99.83,98.75,hydroquebec.com,false,""
2022-10-21T09:00:00.000000,Canada,Québec,CA-QC,0.01,29.19,100.0,99.99,hydroquebec.com,false,""
2022-10-21T10:00:00.000000,Canada,Québec,CA-QC,0.0,28.63,100.0,100.0,hydroquebec.com,false,""
2022-10-21T11:00:00.000000,Canada,Québec,CA-QC,0.0,28.24,100.0,100.0,hydroquebec.com,false,""
2022-10-21T12:00:00.000000,Canada,Québec,CA-QC,0.0,28.27,100.0,100.0,hydroquebec.com,false,""
2022-10-21T13:00:00.000000,Canada,Québec,CA-QC,0.0,28.53,100.0,100.0,hydroquebec.com,false,""
2022-10-21T14:00:00.000000,Canada,Québec,CA-QC,0.0,28.69,100.0,100.0,hydroquebec.com,false,""
2022-10-21T15:00:00.000000,Canada,Québec,CA-QC,0.0,28.88,100.0,100.0,hydroquebec.com,false,""
2022-10-21T16:00:00.000000,Canada,Québec,CA-QC,0.0,29.09,100.0,100.0,hydroquebec.com,false,""
2022-10-21T17:00:00.000000,Canada,Québec,CA-QC,0.0,29.16,100.0,100.0,hydroquebec.com,false,""
2022-10-21T18:00:00.000000,Canada,Québec,CA-QC,0.0,29.22,100.0,100.0,hydroquebec.com,false,""
2022-10-21T19:00:00.000000,Canada,Québec,CA-QC,0.0,29.35,100.0,100.0,hydroquebec.com,false,""
2022-10-21T20:00:00.000000,Canada,Québec,CA-QC,0.0,29.34,100.0,100.0,hydroquebec.com,false,""
2022-10-21T21:00:00.000000,Canada,Québec,CA-QC,0.0,29.16,100.0,100.0,hydroquebec.com,false,""
2022-10-21T22:00:00.000000,Canada,Québec,CA-QC,0.0,28.79,100.0,100.0,hydroquebec.com,false,""
2022-10-21T23:00:00.000000,Canada,Québec,CA-QC,0.0,28.53,100.0,100.0,hydroquebec.com,false,""
2022-10-22T00:00:00.000000,Canada,Québec,CA-QC,0.0,28.57,100.0,100.0,hydroquebec.com,false,""
2022-10-22T01:00:00.000000,Canada,Québec,CA-QC,0.01,28.65,100.0,99.98,hydroquebec.com,false,""
2022-10-22T02:00:00.000000,Canada,Québec,CA-QC,0.38,28.96,99.9,98.96,hydroquebec.com,false,""
2022-10-22T03:00:00.000000,Canada,Québec,CA-QC,0.42,29.03,99.89,98.33,hydroquebec.com,false,""
2022-10-22T04:00:00.000000,Canada,Québec,CA-QC,0.36,29.1,99.9,98.18,hydroquebec.com,false,""
2022-10-22T05:00:00.000000,Canada,Québec,CA-QC,0.27,29.3,99.93,98.01,hydroquebec.com,false,""
2022-10-22T06:00:00.000000,Canada,Québec,CA-QC,0.16,29.32,99.96,97.87,hydroquebec.com,false,""
2022-10-22T07:00:00.000000,Canada,Québec,CA-QC,0.16,29.21,99.96,97.86,hydroquebec.com,false,""
2022-10-22T08:00:00.000000,Canada,Québec,CA-QC,0.17,29.12,99.95,97.84,hydroquebec.com,false,""
2022-10-22T09:00:00.000000,Canada,Québec,CA-QC,0.16,28.93,99.96,97.9,hydroquebec.com,false,""
2022-10-22T10:00:00.000000,Canada,Québec,CA-QC,0.15,28.64,99.96,98.11,hydroquebec.com,false,""
2022-10-22T11:00:00.000000,Canada,Québec,CA-QC,0.14,28.55,99.96,98.22,hydroquebec.com,false,""
2022-10-22T12:00:00.000000,Canada,Québec,CA-QC,0.13,28.5,99.96,98.3,hydroquebec.com,false,""
2022-10-22T13:00:00.000000,Canada,Québec,CA-QC,0.08,28.66,99.98,98.98,hydroquebec.com,false,""
2022-10-22T14:00:00.000000,Canada,Québec,CA-QC,0.1,28.86,99.97,98.72,hydroquebec.com,false,""
2022-10-22T15:00:00.000000,Canada,Québec,CA-QC,0.09,29.19,99.98,98.98,hydroquebec.com,false,""
2022-10-22T16:00:00.000000,Canada,Québec,CA-QC,0.26,29.38,99.93,98.18,hydroquebec.com,false,""
2022-10-22T17:00:00.000000,Canada,Québec,CA-QC,0.33,29.64,99.91,98.0,hydroquebec.com,false,""
2022-10-22T18:00:00.000000,Canada,Québec,CA-QC,0.49,29.96,99.87,97.87,hydroquebec.com,false,""
2022-10-22T19:00:00.000000,Canada,Québec,CA-QC,0.69,30.23,99.81,97.9,hydroquebec.com,false,""
2022-10-22T20:00:00.000000,Canada,Québec,CA-QC,0.01,29.71,100.0,99.97,hydroquebec.com,false,""
2022-10-22T21:00:00.000000,Canada,Québec,CA-QC,0.07,29.37,99.98,99.84,hydroquebec.com,false,""
2022-10-22T22:00:00.000000,Canada,Québec,CA-QC,0.0,29.06,100.0,100.0,hydroquebec.com,false,""
2022-10-22T23:00:00.000000,Canada,Québec,CA-QC,0.0,29.06,100.0,100.0,hydroquebec.com,false,""
2022-10-23T00:00:00.000000,Canada,Québec,CA-QC,0.13,29.32,99.97,99.71,hydroquebec.com,false,""
2022-10-23T01:00:00.000000,Canada,Québec,CA-QC,0.51,29.41,99.86,98.16,hydroquebec.com,false,""
2022-10-23T02:00:00.000000,Canada,Québec,CA-QC,0.47,29.62,99.87,98.04,hydroquebec.com,false,""
2022-10-23T03:00:00.000000,Canada,Québec,CA-QC,0.5,30.01,99.86,97.88,hydroquebec.com,false,""
2022-10-23T04:00:00.000000,Canada,Québec,CA-QC,0.26,29.83,99.93,97.85,hydroquebec.com,false,""
2022-10-23T05:00:00.000000,Canada,Québec,CA-QC,0.23,29.9,99.94,97.79,hydroquebec.com,false,""
2022-10-23T06:00:00.000000,Canada,Québec,CA-QC,0.19,30.13,99.95,97.71,hydroquebec.com,false,""
2022-10-23T07:00:00.000000,Canada,Québec,CA-QC,0.19,30.26,99.95,97.7,hydroquebec.com,false,""
2022-10-23T08:00:00.000000,Canada,Québec,CA-QC,0.2,30.34,99.95,97.65,hydroquebec.com,false,""
2022-10-23T09:00:00.000000,Canada,Québec,CA-QC,0.19,30.39,99.95,97.75,hydroquebec.com,false,""
2022-10-23T10:00:00.000000,Canada,Québec,CA-QC,0.14,30.47,99.96,98.62,hydroquebec.com,false,""
2022-10-23T11:00:00.000000,Canada,Québec,CA-QC,0.06,30.43,99.98,99.61,hydroquebec.com,false,""
2022-10-23T12:00:00.000000,Canada,Québec,CA-QC,0.0,30.21,100.0,100.0,hydroquebec.com,false,""
2022-10-23T13:00:00.000000,Canada,Québec,CA-QC,0.0,30.18,100.0,100.0,hydroquebec.com,false,""
2022-10-23T14:00:00.000000,Canada,Québec,CA-QC,0.0,30.32,100.0,100.0,hydroquebec.com,false,""
2022-10-23T15:00:00.000000,Canada,Québec,CA-QC,0.0,30.39,100.0,100.0,hydroquebec.com,false,""
2022-10-23T16:00:00.000000,Canada,Québec,CA-QC,0.0,30.33,100.0,100.0,hydroquebec.com,false,""
2022-10-23T17:00:00.000000,Canada,Québec,CA-QC,0.0,30.37,100.0,100.0,hydroquebec.com,false,""
2022-10-23T18:00:00.000000,Canada,Québec,CA-QC,0.0,30.52,100.0,100.0,hydroquebec.com,false,""
2022-10-23T19:00:00.000000,Canada,Québec,CA-QC,0.0,30.51,100.0,100.0,hydroquebec.com,false,""
2022-10-23T20:00:00.000000,Canada,Québec,CA-QC,0.0,30.33,100.0,100.0,hydroquebec.com,false,""
2022-10-23T21:00:00.000000,Canada,Québec,CA-QC,0.0,29.97,100.0,100.0,hydroquebec.com,false,""
2022-10-23T22:00:00.000000,Canada,Québec,CA-QC,0.0,29.58,100.0,100.0,hydroquebec.com,false,""
2022-10-23T23:00:00.000000,Canada,Québec,CA-QC,0.0,29.52,100.0,100.0,hydroquebec.com,false,""
2022-10-24T00:00:00.000000,Canada,Québec,CA-QC,0.0,29.76,100.0,100.0,hydroquebec.com,false,""
2022-10-24T01:00:00.000000,Canada,Québec,CA-QC,0.0,30.15,100.0,100.0,hydroquebec.com,false,""
2022-10-24T02:00:00.000000,Canada,Québec,CA-QC,0.0,30.59,100.0,100.0,hydroquebec.com,false,""
2022-10-24T03:00:00.000000,Canada,Québec,CA-QC,0.1,31.13,99.97,99.69,hydroquebec.com,false,""
2022-10-24T04:00:00.000000,Canada,Québec,CA-QC,0.07,31.34,99.98,99.4,hydroquebec.com,false,""
2022-10-24T05:00:00.000000,Canada,Québec,CA-QC,0.1,31.52,99.97,99.09,hydroquebec.com,false,""
2022-10-24T06:00:00.000000,Canada,Québec,CA-QC,0.13,31.6,99.97,98.59,hydroquebec.com,false,""
2022-10-24T07:00:00.000000,Canada,Québec,CA-QC,0.22,31.49,99.94,97.78,hydroquebec.com,false,""
2022-10-24T08:00:00.000000,Canada,Québec,CA-QC,0.43,31.75,99.88,97.86,hydroquebec.com,false,""
2022-10-24T09:00:00.000000,Canada,Québec,CA-QC,0.29,31.71,99.92,99.35,hydroquebec.com,false,""
2022-10-24T10:00:00.000000,Canada,Québec,CA-QC,0.0,30.77,100.0,100.0,hydroquebec.com,false,""
2022-10-24T11:00:00.000000,Canada,Québec,CA-QC,0.0,30.01,100.0,100.0,hydroquebec.com,false,""
2022-10-24T12:00:00.000000,Canada,Québec,CA-QC,0.0,29.61,100.0,100.0,hydroquebec.com,false,""
2022-10-24T13:00:00.000000,Canada,Québec,CA-QC,0.0,29.56,100.0,100.0,hydroquebec.com,false,""
2022-10-24T14:00:00.000000,Canada,Québec,CA-QC,0.0,29.71,100.0,100.0,hydroquebec.com,false,""
2022-10-24T15:00:00.000000,Canada,Québec,CA-QC,0.0,29.89,100.0,100.0,hydroquebec.com,false,""
2022-10-24T16:00:00.000000,Canada,Québec,CA-QC,0.0,29.94,100.0,100.0,hydroquebec.com,false,""
2022-10-24T17:00:00.000000,Canada,Québec,CA-QC,0.0,30.0,100.0,100.0,hydroquebec.com,false,""
2022-10-24T18:00:00.000000,Canada,Québec,CA-QC,0.0,30.16,100.0,100.0,hydroquebec.com,false,""
2022-10-24T19:00:00.000000,Canada,Québec,CA-QC,0.0,30.21,100.0,100.0,hydroquebec.com,false,""
2022-10-24T20:00:00.000000,Canada,Québec,CA-QC,0.0,30.02,100.0,100.0,hydroquebec.com,false,""
2022-10-24T21:00:00.000000,Canada,Québec,CA-QC,0.0,29.68,100.0,100.0,hydroquebec.com,false,""
2022-10-24T22:00:00.000000,Canada,Québec,CA-QC,0.0,29.35,100.0,100.0,hydroquebec.com,false,""
2022-10-24T23:00:00.000000,Canada,Québec,CA-QC,0.0,29.26,100.0,100.0,hydroquebec.com,false,""
2022-10-25T00:00:00.000000,Canada,Québec,CA-QC,0.0,29.45,100.0,100.0,hydroquebec.com,false,""
2022-10-25T01:00:00.000000,Canada,Québec,CA-QC,0.0,29.85,100.0,100.0,hydroquebec.com,false,""
2022-10-25T02:00:00.000000,Canada,Québec,CA-QC,0.0,30.38,100.0,100.0,hydroquebec.com,false,""
2022-10-25T03:00:00.000000,Canada,Québec,CA-QC,0.0,30.84,100.0,100.0,hydroquebec.com,false,""
2022-10-25T04:00:00.000000,Canada,Québec,CA-QC,0.17,31.16,99.95,99.57,hydroquebec.com,false,""
2022-10-25T05:00:00.000000,Canada,Québec,CA-QC,0.35,31.31,99.91,98.61,hydroquebec.com,false,""
2022-10-25T06:00:00.000000,Canada,Québec,CA-QC,0.17,31.29,99.95,98.34,hydroquebec.com,false,""
2022-10-25T07:00:00.000000,Canada,Québec,CA-QC,0.43,31.52,99.89,97.6,hydroquebec.com,false,""
2022-10-25T08:00:00.000000,Canada,Québec,CA-QC,0.61,31.75,99.84,97.54,hydroquebec.com,false,""
2022-10-25T09:00:00.000000,Canada,Québec,CA-QC,0.61,31.55,99.84,98.02,hydroquebec.com,false,""
2022-10-25T10:00:00.000000,Canada,Québec,CA-QC,0.03,30.78,99.99,99.94,hydroquebec.com,false,""
2022-10-25T11:00:00.000000,Canada,Québec,CA-QC,0.0,30.11,100.0,100.0,hydroquebec.com,false,""
2022-10-25T12:00:00.000000,Canada,Québec,CA-QC,0.0,29.78,100.0,100.0,hydroquebec.com,false,""
2022-10-25T13:00:00.000000,Canada,Québec,CA-QC,0.0,29.69,100.0,100.0,hydroquebec.com,false,""
2022-10-25T14:00:00.000000,Canada,Québec,CA-QC,0.0,29.68,100.0,100.0,hydroquebec.com,false,""
2022-10-25T15:00:00.000000,Canada,Québec,CA-QC,0.0,29.66,100.0,100.0,hydroquebec.com,false,""
2022-10-25T16:00:00.000000,Canada,Québec,CA-QC,0.0,29.67,100.0,100.0,hydroquebec.com,false,""
2022-10-25T17:00:00.000000,Canada,Québec,CA-QC,0.0,29.43,100.0,100.0,hydroquebec.com,false,""
2022-10-25T18:00:00.000000,Canada,Québec,CA-QC,0.0,29.17,100.0,100.0,hydroquebec.com,false,""
2022-10-25T19:00:00.000000,Canada,Québec,CA-QC,0.0,29.13,100.0,100.0,hydroquebec.com,false,""
2022-10-25T20:00:00.000000,Canada,Québec,CA-QC,0.0,28.97,100.0,100.0,hydroquebec.com,false,""
2022-10-25T21:00:00.000000,Canada,Québec,CA-QC,0.0,28.87,100.0,100.0,hydroquebec.com,false,""
2022-10-25T22:00:00.000000,Canada,Québec,CA-QC,0.0,28.78,100.0,100.0,hydroquebec.com,false,""
2022-10-25T23:00:00.000000,Canada,Québec,CA-QC,0.0,28.74,100.0,100.0,hydroquebec.com,false,""
2022-10-26T00:00:00.000000,Canada,Québec,CA-QC,0.0,28.83,100.0,100.0,hydroquebec.com,false,""
2022-10-26T01:00:00.000000,Canada,Québec,CA-QC,0.0,28.96,100.0,100.0,hydroquebec.com,false,""
2022-10-26T02:00:00.000000,Canada,Québec,CA-QC,0.02,29.2,99.99,99.96,hydroquebec.com,false,""
2022-10-26T03:00:00.000000,Canada,Québec,CA-QC,0.03,29.47,99.99,99.91,hydroquebec.com,false,""
2022-10-26T04:00:00.000000,Canada,Québec,CA-QC,0.14,29.65,99.96,98.87,hydroquebec.com,false,""
2022-10-26T05:00:00.000000,Canada,Québec,CA-QC,0.23,29.71,99.94,97.7,hydroquebec.com,false,""
2022-10-26T06:00:00.000000,Canada,Québec,CA-QC,0.19,29.83,99.95,97.57,hydroquebec.com,false,""
2022-10-26T07:00:00.000000,Canada,Québec,CA-QC,0.19,29.99,99.95,97.53,hydroquebec.com,false,""
2022-10-26T08:00:00.000000,Canada,Québec,CA-QC,0.22,30.24,99.94,98.21,hydroquebec.com,false,""
2022-10-26T09:00:00.000000,Canada,Québec,CA-QC,0.01,30.18,100.0,99.96,hydroquebec.com,false,""
2022-10-26T10:00:00.000000,Canada,Québec,CA-QC,0.0,29.46,100.0,100.0,hydroquebec.com,false,""
2022-10-26T11:00:00.000000,Canada,Québec,CA-QC,0.0,28.9,100.0,100.0,hydroquebec.com,false,""
2022-10-26T12:00:00.000000,Canada,Québec,CA-QC,0.0,28.66,100.0,100.0,hydroquebec.com,false,""
2022-10-26T13:00:00.000000,Canada,Québec,CA-QC,0.03,28.67,99.99,99.99,hydroquebec.com,false,""
2022-10-26T14:00:00.000000,Canada,Québec,CA-QC,0.03,28.71,99.99,99.99,hydroquebec.com,false,""
2022-10-26T15:00:00.000000,Canada,Québec,CA-QC,0.0,28.66,100.0,100.0,hydroquebec.com,false,""
2022-10-26T16:00:00.000000,Canada,Québec,CA-QC,0.0,28.64,100.0,100.0,hydroquebec.com,false,""
2022-10-26T17:00:00.000000,Canada,Québec,CA-QC,0.0,28.74,100.0,100.0,hydroquebec.com,false,""
2022-10-26T18:00:00.000000,Canada,Québec,CA-QC,0.0,28.84,100.0,100.0,hydroquebec.com,false,""
2022-10-26T19:00:00.000000,Canada,Québec,CA-QC,0.0,28.92,100.0,100.0,hydroquebec.com,false,""
2022-10-26T20:00:00.000000,Canada,Québec,CA-QC,0.0,28.96,100.0,100.0,hydroquebec.com,false,""
2022-10-26T21:00:00.000000,Canada,Québec,CA-QC,0.0,28.76,100.0,100.0,hydroquebec.com,false,""
2022-10-26T22:00:00.000000,Canada,Québec,CA-QC,0.0,28.51,100.0,100.0,hydroquebec.com,false,""
2022-10-26T23:00:00.000000,Canada,Québec,CA-QC,0.0,28.45,100.0,100.0,hydroquebec.com,false,""
2022-10-27T00:00:00.000000,Canada,Québec,CA-QC,0.0,28.57,100.0,100.0,hydroquebec.com,false,""
2022-10-27T01:00:00.000000,Canada,Québec,CA-QC,0.0,28.86,100.0,100.0,hydroquebec.com,false,""
2022-10-27T02:00:00.000000,Canada,Québec,CA-QC,0.0,29.24,100.0,99.99,hydroquebec.com,false,""
2022-10-27T03:00:00.000000,Canada,Québec,CA-QC,0.18,29.57,99.95,99.21,hydroquebec.com,false,""
2022-10-27T04:00:00.000000,Canada,Québec,CA-QC,0.13,29.72,99.96,98.63,hydroquebec.com,false,""
2022-10-27T05:00:00.000000,Canada,Québec,CA-QC,0.18,29.78,99.95,97.97,hydroquebec.com,false,""
2022-10-27T06:00:00.000000,Canada,Québec,CA-QC,0.18,29.83,99.95,97.73,hydroquebec.com,false,""
2022-10-27T07:00:00.000000,Canada,Québec,CA-QC,0.2,30.09,99.95,97.83,hydroquebec.com,false,""
2022-10-27T08:00:00.000000,Canada,Québec,CA-QC,0.03,30.39,99.99,99.83,hydroquebec.com,false,""
2022-10-27T09:00:00.000000,Canada,Québec,CA-QC,0.0,29.73,100.0,100.0,hydroquebec.com,false,""
2022-10-27T10:00:00.000000,Canada,Québec,CA-QC,0.0,28.92,100.0,100.0,hydroquebec.com,false,""
2022-10-27T11:00:00.000000,Canada,Québec,CA-QC,0.0,28.25,100.0,100.0,hydroquebec.com,false,""
2022-10-27T12:00:00.000000,Canada,Québec,CA-QC,0.0,27.98,100.0,100.0,hydroquebec.com,false,""
2022-10-27T13:00:00.000000,Canada,Québec,CA-QC,0.0,27.95,100.0,100.0,hydroquebec.com,false,""
2022-10-27T14:00:00.000000,Canada,Québec,CA-QC,0.0,28.14,100.0,100.0,hydroquebec.com,false,""
2022-10-27T15:00:00.000000,Canada,Québec,CA-QC,0.0,28.34,100.0,100.0,hydroquebec.com,false,""
2022-10-27T16:00:00.000000,Canada,Québec,CA-QC,0.0,28.23,100.0,100.0,hydroquebec.com,false,""
2022-10-27T17:00:00.000000,Canada,Québec,CA-QC,0.0,28.13,100.0,100.0,hydroquebec.com,false,""
2022-10-27T18:00:00.000000,Canada,Québec,CA-QC,0.0,28.19,100.0,100.0,hydroquebec.com,false,""
2022-10-27T19:00:00.000000,Canada,Québec,CA-QC,0.0,28.15,100.0,100.0,hydroquebec.com,false,""
2022-10-27T20:00:00.000000,Canada,Québec,CA-QC,0.0,27.96,100.0,100.0,hydroquebec.com,false,""
2022-10-27T21:00:00.000000,Canada,Québec,CA-QC,0.0,27.68,100.0,100.0,hydroquebec.com,false,""
2022-10-27T22:00:00.000000,Canada,Québec,CA-QC,0.0,27.48,100.0,100.0,hydroquebec.com,false,""
2022-10-27T23:00:00.000000,Canada,Québec,CA-QC,0.0,27.41,100.0,100.0,hydroquebec.com,false,""
2022-10-28T00:00:00.000000,Canada,Québec,CA-QC,0.0,27.47,100.0,100.0,hydroquebec.com,false,""
2022-10-28T01:00:00.000000,Canada,Québec,CA-QC,0.0,27.6,100.0,100.0,hydroquebec.com,false,""
2022-10-28T02:00:00.000000,Canada,Québec,CA-QC,0.0,27.78,100.0,100.0,hydroquebec.com,false,""
2022-10-28T03:00:00.000000,Canada,Québec,CA-QC,0.0,27.99,100.0,100.0,hydroquebec.com,false,""
2022-10-28T04:00:00.000000,Canada,Québec,CA-QC,0.0,28.04,100.0,100.0,hydroquebec.com,false,""
2022-10-28T05:00:00.000000,Canada,Québec,CA-QC,0.0,28.16,100.0,100.0,hydroquebec.com,false,""
2022-10-28T06:00:00.000000,Canada,Québec,CA-QC,0.01,28.54,100.0,99.97,hydroquebec.com,false,""
2022-10-28T07:00:00.000000,Canada,Québec,CA-QC,0.47,28.91,99.87,99.1,hydroquebec.com,false,""
2022-10-28T08:00:00.000000,Canada,Québec,CA-QC,0.0,28.34,100.0,100.0,hydroquebec.com,false,""
2022-10-28T09:00:00.000000,Canada,Québec,CA-QC,0.0,28.15,100.0,100.0,hydroquebec.com,false,""
2022-10-28T10:00:00.000000,Canada,Québec,CA-QC,0.0,27.77,100.0,100.0,hydroquebec.com,false,""
2022-10-28T11:00:00.000000,Canada,Québec,CA-QC,0.0,27.49,100.0,100.0,hydroquebec.com,false,""
2022-10-28T12:00:00.000000,Canada,Québec,CA-QC,0.0,27.49,100.0,100.0,hydroquebec.com,false,""
2022-10-28T13:00:00.000000,Canada,Québec,CA-QC,0.0,27.64,100.0,100.0,hydroquebec.com,false,""
2022-10-28T14:00:00.000000,Canada,Québec,CA-QC,0.0,27.91,100.0,100.0,hydroquebec.com,false,""
2022-10-28T15:00:00.000000,Canada,Québec,CA-QC,0.0,28.23,100.0,100.0,hydroquebec.com,false,""
2022-10-28T16:00:00.000000,Canada,Québec,CA-QC,0.0,28.52,100.0,100.0,hydroquebec.com,false,""
2022-10-28T17:00:00.000000,Canada,Québec,CA-QC,0.0,28.75,100.0,100.0,hydroquebec.com,false,""
2022-10-28T18:00:00.000000,Canada,Québec,CA-QC,0.0,28.86,100.0,100.0,hydroquebec.com,false,""
2022-10-28T19:00:00.000000,Canada,Québec,CA-QC,0.0,28.89,100.0,100.0,hydroquebec.com,false,""
2022-10-28T20:00:00.000000,Canada,Québec,CA-QC,0.0,28.76,100.0,100.0,hydroquebec.com,false,""
2022-10-28T21:00:00.000000,Canada,Québec,CA-QC,0.0,28.45,100.0,100.0,hydroquebec.com,false,""
2022-10-28T22:00:00.000000,Canada,Québec,CA-QC,0.0,28.12,100.0,100.0,hydroquebec.com,false,""
2022-10-28T23:00:00.000000,Canada,Québec,CA-QC,0.0,27.96,100.0,100.0,hydroquebec.com,false,""
2022-10-29T00:00:00.000000,Canada,Québec,CA-QC,0.0,27.95,100.0,100.0,hydroquebec.com,false,""
2022-10-29T01:00:00.000000,Canada,Québec,CA-QC,0.0,27.99,100.0,100.0,hydroquebec.com,false,""
2022-10-29T02:00:00.000000,Canada,Québec,CA-QC,0.0,28.11,100.0,100.0,hydroquebec.com,false,""
2022-10-29T03:00:00.000000,Canada,Québec,CA-QC,0.0,28.31,100.0,100.0,hydroquebec.com,false,""
2022-10-29T04:00:00.000000,Canada,Québec,CA-QC,0.0,28.52,100.0,100.0,hydroquebec.com,false,""
2022-10-29T05:00:00.000000,Canada,Québec,CA-QC,0.05,28.68,99.99,99.91,hydroquebec.com,false,""
2022-10-29T06:00:00.000000,Canada,Québec,CA-QC,0.05,28.63,99.99,99.9,hydroquebec.com,false,""
2022-10-29T07:00:00.000000,Canada,Québec,CA-QC,0.06,28.53,99.99,99.9,hydroquebec.com,false,""
2022-10-29T08:00:00.000000,Canada,Québec,CA-QC,0.12,28.47,99.97,99.81,hydroquebec.com,false,""
2022-10-29T09:00:00.000000,Canada,Québec,CA-QC,0.0,28.21,100.0,100.0,hydroquebec.com,false,""
2022-10-29T10:00:00.000000,Canada,Québec,CA-QC,0.0,27.98,100.0,100.0,hydroquebec.com,false,""
2022-10-29T11:00:00.000000,Canada,Québec,CA-QC,0.0,27.75,100.0,100.0,hydroquebec.com,false,""
2022-10-29T12:00:00.000000,Canada,Québec,CA-QC,0.0,27.64,100.0,100.0,hydroquebec.com,false,""
2022-10-29T13:00:00.000000,Canada,Québec,CA-QC,0.0,27.71,100.0,100.0,hydroquebec.com,false,""
2022-10-29T14:00:00.000000,Canada,Québec,CA-QC,0.0,27.98,100.0,100.0,hydroquebec.com,false,""
2022-10-29T15:00:00.000000,Canada,Québec,CA-QC,0.0,28.21,100.0,100.0,hydroquebec.com,false,""
2022-10-29T16:00:00.000000,Canada,Québec,CA-QC,0.05,28.52,99.99,99.94,hydroquebec.com,false,""
2022-10-29T17:00:00.000000,Canada,Québec,CA-QC,0.07,28.84,99.98,99.92,hydroquebec.com,false,""
2022-10-29T18:00:00.000000,Canada,Québec,CA-QC,0.06,28.93,99.98,99.93,hydroquebec.com,false,""
2022-10-29T19:00:00.000000,Canada,Québec,CA-QC,0.0,28.84,100.0,100.0,hydroquebec.com,false,""
2022-10-29T20:00:00.000000,Canada,Québec,CA-QC,0.0,28.57,100.0,100.0,hydroquebec.com,false,""
2022-10-29T21:00:00.000000,Canada,Québec,CA-QC,0.0,28.12,100.0,100.0,hydroquebec.com,false,""
2022-10-29T22:00:00.000000,Canada,Québec,CA-QC,0.0,27.78,100.0,100.0,hydroquebec.com,false,""
2022-10-29T23:00:00.000000,Canada,Québec,CA-QC,0.0,27.83,100.0,100.0,hydroquebec.com,false,""
2022-10-30T00:00:00.000000,Canada,Québec,CA-QC,0.0,27.94,100.0,100.0,hydroquebec.com,false,""
2022-10-30T01:00:00.000000,Canada,Québec,CA-QC,0.0,28.15,100.0,100.0,hydroquebec.com,false,""
2022-10-30T02:00:00.000000,Canada,Québec,CA-QC,0.0,28.54,100.0,100.0,hydroquebec.com,false,""
2022-10-30T03:00:00.000000,Canada,Québec,CA-QC,0.0,28.72,100.0,100.0,hydroquebec.com,false,""
2022-10-30T04:00:00.000000,Canada,Québec,CA-QC,0.0,28.91,100.0,100.0,hydroquebec.com,false,""
2022-10-30T05:00:00.000000,Canada,Québec,CA-QC,0.06,29.16,99.99,99.9,hydroquebec.com,false,""
2022-10-30T06:00:00.000000,Canada,Québec,CA-QC,0.1,29.21,99.97,99.79,hydroquebec.com,false,""
2022-10-30T07:00:00.000000,Canada,Québec,CA-QC,0.06,29.13,99.98,99.89,hydroquebec.com,false,""
2022-10-30T08:00:00.000000,Canada,Québec,CA-QC,0.38,29.66,99.9,99.26,hydroquebec.com,false,""
2022-10-30T09:00:00.000000,Canada,Québec,CA-QC,0.09,29.41,99.98,99.84,hydroquebec.com,false,""
2022-10-30T10:00:00.000000,Canada,Québec,CA-QC,0.08,29.09,99.98,99.88,hydroquebec.com,false,""
2022-10-30T11:00:00.000000,Canada,Québec,CA-QC,0.15,29.07,99.96,99.81,hydroquebec.com,false,""
2022-10-30T12:00:00.000000,Canada,Québec,CA-QC,0.16,29.06,99.96,99.81,hydroquebec.com,false,""
2022-10-30T13:00:00.000000,Canada,Québec,CA-QC,0.0,29.05,100.0,100.0,hydroquebec.com,false,""
2022-10-30T14:00:00.000000,Canada,Québec,CA-QC,0.14,29.46,99.96,99.83,hydroquebec.com,false,""
2022-10-30T15:00:00.000000,Canada,Québec,CA-QC,0.0,29.62,100.0,100.0,hydroquebec.com,false,""
2022-10-30T16:00:00.000000,Canada,Québec,CA-QC,0.0,29.81,100.0,100.0,hydroquebec.com,false,""
2022-10-30T17:00:00.000000,Canada,Québec,CA-QC,0.0,29.82,100.0,100.0,hydroquebec.com,false,""
2022-10-30T18:00:00.000000,Canada,Québec,CA-QC,0.0,29.72,100.0,100.0,hydroquebec.com,false,""
2022-10-30T19:00:00.000000,Canada,Québec,CA-QC,0.0,29.54,100.0,100.0,hydroquebec.com,false,""
2022-10-30T20:00:00.000000,Canada,Québec,CA-QC,0.0,29.34,100.0,100.0,hydroquebec.com,false,""
2022-10-30T21:00:00.000000,Canada,Québec,CA-QC,0.0,28.92,100.0,100.0,hydroquebec.com,false,""
2022-10-30T22:00:00.000000,Canada,Québec,CA-QC,0.0,28.43,100.0,100.0,hydroquebec.com,false,""
2022-10-30T23:00:00.000000,Canada,Québec,CA-QC,0.0,28.22,100.0,100.0,hydroquebec.com,false,""
2022-10-31T00:00:00.000000,Canada,Québec,CA-QC,0.0,28.17,100.0,100.0,hydroquebec.com,false,""
2022-10-31T01:00:00.000000,Canada,Québec,CA-QC,0.0,28.24,100.0,100.0,hydroquebec.com,false,""
2022-10-31T02:00:00.000000,Canada,Québec,CA-QC,0.0,28.43,100.0,100.0,hydroquebec.com,false,""
2022-10-31T03:00:00.000000,Canada,Québec,CA-QC,0.0,28.67,100.0,100.0,hydroquebec.com,false,""
2022-10-31T04:00:00.000000,Canada,Québec,CA-QC,0.05,28.97,99.99,99.94,hydroquebec.com,false,""
2022-10-31T05:00:00.000000,Canada,Québec,CA-QC,0.21,29.43,99.94,99.76,hydroquebec.com,false,""
2022-10-31T06:00:00.000000,Canada,Québec,CA-QC,0.23,29.6,99.94,99.76,hydroquebec.com,false,""
2022-10-31T07:00:00.000000,Canada,Québec,CA-QC,0.23,29.61,99.94,99.78,hydroquebec.com,false,""
2022-10-31T08:00:00.000000,Canada,Québec,CA-QC,0.19,29.54,99.95,99.81,hydroquebec.com,false,""
2022-10-31T09:00:00.000000,Canada,Québec,CA-QC,0.0,29.02,100.0,100.0,hydroquebec.com,false,""
2022-10-31T10:00:00.000000,Canada,Québec,CA-QC,0.0,28.41,100.0,100.0,hydroquebec.com,false,""
2022-10-31T11:00:00.000000,Canada,Québec,CA-QC,0.0,27.97,100.0,100.0,hydroquebec.com,false,""
2022-10-31T12:00:00.000000,Canada,Québec,CA-QC,0.0,27.94,100.0,100.0,hydroquebec.com,false,""
2022-10-31T13:00:00.000000,Canada,Québec,CA-QC,0.0,28.13,100.0,100.0,hydroquebec.com,false,""
2022-10-31T14:00:00.000000,Canada,Québec,CA-QC,0.0,28.37,100.0,100.0,hydroquebec.com,false,""
2022-10-31T15:00:00.000000,Canada,Québec,CA-QC,0.0,28.59,100.0,100.0,hydroquebec.com,false,""
2022-10-31T16:00:00.000000,Canada,Québec,CA-QC,0.0,28.79,100.0,100.0,hydroquebec.com,false,""
2022-10-31T17:00:00.000000,Canada,Québec,CA-QC,0.0,28.96,100.0,100.0,hydroquebec.com,false,""
2022-10-31T18:00:00.000000,Canada,Québec,CA-QC,0.0,29.06,100.0,100.0,hydroquebec.com,false,""
2022-10-31T19:00:00.000000,Canada,Québec,CA-QC,0.0,29.04,100.0,100.0,hydroquebec.com,false,""
2022-10-31T20:00:00.000000,Canada,Québec,CA-QC,0.0,28.95,100.0,100.0,hydroquebec.com,false,""
2022-10-31T21:00:00.000000,Canada,Québec,CA-QC,0.0,28.86,100.0,100.0,hydroquebec.com,false,""
2022-10-31T22:00:00.000000,Canada,Québec,CA-QC,0.0,28.81,100.0,100.0,hydroquebec.com,false,""
2022-10-31T23:00:00.000000,Canada,Québec,CA-QC,0.0,28.88,100.0,100.0,hydroquebec.com,false,""
2022-11-01T00:00:00.000000,Canada,Québec,CA-QC,0.0,28.96,100.0,100.0,hydroquebec.com,false,""
2022-11-01T01:00:00.000000,Canada,Québec,CA-QC,0.0,29.09,100.0,100.0,hydroquebec.com,false,""
2022-11-01T02:00:00.000000,Canada,Québec,CA-QC,0.0,29.31,100.0,100.0,hydroquebec.com,false,""
2022-11-01T03:00:00.000000,Canada,Québec,CA-QC,0.0,29.65,100.0,100.0,hydroquebec.com,false,""
2022-11-01T04:00:00.000000,Canada,Québec,CA-QC,0.0,29.96,100.0,100.0,hydroquebec.com,false,""
2022-11-01T05:00:00.000000,Canada,Québec,CA-QC,0.0,29.97,100.0,100.0,hydroquebec.com,false,""
2022-11-01T06:00:00.000000,Canada,Québec,CA-QC,0.0,29.98,100.0,100.0,hydroquebec.com,false,""
2022-11-01T07:00:00.000000,Canada,Québec,CA-QC,0.0,30.11,100.0,100.0,hydroquebec.com,false,""
2022-11-01T08:00:00.000000,Canada,Québec,CA-QC,0.0,30.02,100.0,100.0,hydroquebec.com,false,""
2022-11-01T09:00:00.000000,Canada,Québec,CA-QC,0.0,29.56,100.0,100.0,hydroquebec.com,false,""
2022-11-01T10:00:00.000000,Canada,Québec,CA-QC,0.0,29.05,100.0,100.0,hydroquebec.com,false,""
2022-11-01T11:00:00.000000,Canada,Québec,CA-QC,0.0,28.69,100.0,100.0,hydroquebec.com,false,""
2022-11-01T12:00:00.000000,Canada,Québec,CA-QC,0.0,28.54,100.0,100.0,hydroquebec.com,false,""
2022-11-01T13:00:00.000000,Canada,Québec,CA-QC,0.0,28.63,100.0,100.0,hydroquebec.com,false,""
2022-11-01T14:00:00.000000,Canada,Québec,CA-QC,0.0,28.76,100.0,100.0,hydroquebec.com,false,""
2022-11-01T15:00:00.000000,Canada,Québec,CA-QC,0.0,28.83,100.0,100.0,hydroquebec.com,false,""
2022-11-01T16:00:00.000000,Canada,Québec,CA-QC,0.0,28.86,100.0,100.0,hydroquebec.com,false,""
2022-11-01T17:00:00.000000,Canada,Québec,CA-QC,0.0,28.88,100.0,100.0,hydroquebec.com,false,""
2022-11-01T18:00:00.000000,Canada,Québec,CA-QC,0.0,28.95,100.0,100.0,hydroquebec.com,false,""
2022-11-01T19:00:00.000000,Canada,Québec,CA-QC,0.0,29.03,100.0,100.0,hydroquebec.com,false,""
2022-11-01T20:00:00.000000,Canada,Québec,CA-QC,0.0,28.91,100.0,100.0,hydroquebec.com,false,""
2022-11-01T21:00:00.000000,Canada,Québec,CA-QC,0.0,28.63,100.0,100.0,hydroquebec.com,false,""
2022-11-01T22:00:00.000000,Canada,Québec,CA-QC,0.0,28.43,100.0,100.0,hydroquebec.com,false,""
2022-11-01T23:00:00.000000,Canada,Québec,CA-QC,0.0,28.37,100.0,100.0,hydroquebec.com,false,""
2022-11-02T00:00:00.000000,Canada,Québec,CA-QC,0.0,28.42,100.0,100.0,hydroquebec.com,false,""
2022-11-02T01:00:00.000000,Canada,Québec,CA-QC,0.0,28.48,100.0,100.0,hydroquebec.com,false,""
2022-11-02T02:00:00.000000,Canada,Québec,CA-QC,0.0,28.53,100.0,100.0,hydroquebec.com,false,""
2022-11-02T03:00:00.000000,Canada,Québec,CA-QC,0.0,28.64,100.0,100.0,hydroquebec.com,false,""
2022-11-02T04:00:00.000000,Canada,Québec,CA-QC,0.0,28.75,100.0,100.0,hydroquebec.com,false,""
2022-11-02T05:00:00.000000,Canada,Québec,CA-QC,0.0,28.81,100.0,100.0,hydroquebec.com,false,""
2022-11-02T06:00:00.000000,Canada,Québec,CA-QC,0.0,28.86,100.0,100.0,hydroquebec.com,false,""
2022-11-02T07:00:00.000000,Canada,Québec,CA-QC,0.0,28.82,100.0,100.0,hydroquebec.com,false,""
2022-11-02T08:00:00.000000,Canada,Québec,CA-QC,0.0,28.89,100.0,100.0,hydroquebec.com,false,""
2022-11-02T09:00:00.000000,Canada,Québec,CA-QC,0.0,28.77,100.0,100.0,hydroquebec.com,false,""
2022-11-02T10:00:00.000000,Canada,Québec,CA-QC,0.0,28.34,100.0,100.0,hydroquebec.com,false,""
2022-11-02T11:00:00.000000,Canada,Québec,CA-QC,0.0,27.91,100.0,100.0,hydroquebec.com,false,""
2022-11-02T12:00:00.000000,Canada,Québec,CA-QC,0.0,27.72,100.0,100.0,hydroquebec.com,false,""
2022-11-02T13:00:00.000000,Canada,Québec,CA-QC,0.0,27.76,100.0,100.0,hydroquebec.com,false,""
2022-11-02T14:00:00.000000,Canada,Québec,CA-QC,0.0,28.07,100.0,100.0,hydroquebec.com,false,""
2022-11-02T15:00:00.000000,Canada,Québec,CA-QC,0.0,28.52,100.0,100.0,hydroquebec.com,false,""
2022-11-02T16:00:00.000000,Canada,Québec,CA-QC,0.0,28.75,100.0,100.0,hydroquebec.com,false,""
2022-11-02T17:00:00.000000,Canada,Québec,CA-QC,0.0,28.82,100.0,100.0,hydroquebec.com,false,""
2022-11-02T18:00:00.000000,Canada,Québec,CA-QC,0.0,28.89,100.0,100.0,hydroquebec.com,false,""
2022-11-02T19:00:00.000000,Canada,Québec,CA-QC,0.0,28.9,100.0,100.0,hydroquebec.com,false,""
2022-11-02T20:00:00.000000,Canada,Québec,CA-QC,0.0,28.72,100.0,100.0,hydroquebec.com,false,""
2022-11-02T21:00:00.000000,Canada,Québec,CA-QC,0.0,28.42,100.0,100.0,hydroquebec.com,false,""
2022-11-02T22:00:00.000000,Canada,Québec,CA-QC,0.0,27.99,100.0,100.0,hydroquebec.com,false,""
2022-11-02T23:00:00.000000,Canada,Québec,CA-QC,0.0,27.95,100.0,100.0,hydroquebec.com,false,""
2022-11-03T00:00:00.000000,Canada,Québec,CA-QC,0.0,28.23,100.0,100.0,hydroquebec.com,false,""
2022-11-03T01:00:00.000000,Canada,Québec,CA-QC,0.0,28.29,100.0,100.0,hydroquebec.com,false,""
2022-11-03T02:00:00.000000,Canada,Québec,CA-QC,0.0,28.44,100.0,100.0,hydroquebec.com,false,""
2022-11-03T03:00:00.000000,Canada,Québec,CA-QC,0.0,28.87,100.0,100.0,hydroquebec.com,false,""
2022-11-03T04:00:00.000000,Canada,Québec,CA-QC,0.0,29.29,100.0,100.0,hydroquebec.com,false,""
2022-11-03T05:00:00.000000,Canada,Québec,CA-QC,0.81,30.38,99.78,99.35,hydroquebec.com,false,""
2022-11-03T06:00:00.000000,Canada,Québec,CA-QC,0.87,30.58,99.77,99.31,hydroquebec.com,false,""
2022-11-03T07:00:00.000000,Canada,Québec,CA-QC,0.83,30.57,99.77,99.32,hydroquebec.com,false,""
2022-11-03T08:00:00.000000,Canada,Québec,CA-QC,0.73,30.26,99.8,99.35,hydroquebec.com,false,""
2022-11-03T09:00:00.000000,Canada,Québec,CA-QC,0.0,29.11,100.0,100.0,hydroquebec.com,false,""
2022-11-03T10:00:00.000000,Canada,Québec,CA-QC,0.0,28.54,100.0,100.0,hydroquebec.com,false,""
2022-11-03T11:00:00.000000,Canada,Québec,CA-QC,0.0,28.06,100.0,100.0,hydroquebec.com,false,""
2022-11-03T12:00:00.000000,Canada,Québec,CA-QC,0.0,27.88,100.0,100.0,hydroquebec.com,false,""
2022-11-03T13:00:00.000000,Canada,Québec,CA-QC,0.0,27.98,100.0,100.0,hydroquebec.com,false,""
2022-11-03T14:00:00.000000,Canada,Québec,CA-QC,0.0,28.2,100.0,100.0,hydroquebec.com,false,""
2022-11-03T15:00:00.000000,Canada,Québec,CA-QC,0.0,28.46,100.0,100.0,hydroquebec.com,false,""
2022-11-03T16:00:00.000000,Canada,Québec,CA-QC,0.0,28.7,100.0,100.0,hydroquebec.com,false,""
2022-11-03T17:00:00.000000,Canada,Québec,CA-QC,0.0,28.84,100.0,100.0,hydroquebec.com,false,""
2022-11-03T18:00:00.000000,Canada,Québec,CA-QC,0.0,28.9,100.0,100.0,hydroquebec.com,false,""
2022-11-03T19:00:00.000000,Canada,Québec,CA-QC,0.0,28.82,100.0,100.0,hydroquebec.com,false,""
2022-11-03T20:00:00.000000,Canada,Québec,CA-QC,0.0,28.5,100.0,100.0,hydroquebec.com,false,""
2022-11-03T21:00:00.000000,Canada,Québec,CA-QC,0.0,28.1,100.0,100.0,hydroquebec.com,false,""
2022-11-03T22:00:00.000000,Canada,Québec,CA-QC,0.0,27.85,100.0,100.0,hydroquebec.com,false,""
2022-11-03T23:00:00.000000,Canada,Québec,CA-QC,0.0,27.86,100.0,100.0,hydroquebec.com,false,""
2022-11-04T00:00:00.000000,Canada,Québec,CA-QC,0.0,28.03,100.0,100.0,hydroquebec.com,false,""
2022-11-04T01:00:00.000000,Canada,Québec,CA-QC,0.0,28.24,100.0,100.0,hydroquebec.com,false,""
2022-11-04T02:00:00.000000,Canada,Québec,CA-QC,0.0,28.43,100.0,100.0,hydroquebec.com,false,""
2022-11-04T03:00:00.000000,Canada,Québec,CA-QC,0.46,29.22,99.88,99.48,hydroquebec.com,false,""
2022-11-04T04:00:00.000000,Canada,Québec,CA-QC,0.56,29.75,99.85,99.09,hydroquebec.com,false,""
2022-11-04T05:00:00.000000,Canada,Québec,CA-QC,0.56,30.0,99.85,98.69,hydroquebec.com,false,""
2022-11-04T06:00:00.000000,Canada,Québec,CA-QC,0.43,29.8,99.88,98.11,hydroquebec.com,false,""
2022-11-04T07:00:00.000000,Canada,Québec,CA-QC,0.35,29.82,99.9,98.15,hydroquebec.com,false,""
2022-11-04T08:00:00.000000,Canada,Québec,CA-QC,0.49,29.81,99.87,98.2,hydroquebec.com,false,""
2022-11-04T09:00:00.000000,Canada,Québec,CA-QC,0.26,29.46,99.93,99.21,hydroquebec.com,false,""
2022-11-04T10:00:00.000000,Canada,Québec,CA-QC,0.28,29.05,99.93,99.3,hydroquebec.com,false,""
2022-11-04T11:00:00.000000,Canada,Québec,CA-QC,0.0,28.33,100.0,100.0,hydroquebec.com,false,""
2022-11-04T12:00:00.000000,Canada,Québec,CA-QC,0.0,28.04,100.0,100.0,hydroquebec.com,false,""
2022-11-04T13:00:00.000000,Canada,Québec,CA-QC,0.0,28.21,100.0,100.0,hydroquebec.com,false,""
2022-11-04T14:00:00.000000,Canada,Québec,CA-QC,0.0,28.59,100.0,100.0,hydroquebec.com,false,""
2022-11-04T15:00:00.000000,Canada,Québec,CA-QC,0.21,29.08,99.94,99.68,hydroquebec.com,false,""
2022-11-04T16:00:00.000000,Canada,Québec,CA-QC,0.23,29.1,99.94,99.65,hydroquebec.com,false,""
2022-11-04T17:00:00.000000,Canada,Québec,CA-QC,0.24,29.04,99.94,99.63,hydroquebec.com,false,""
2022-11-04T18:00:00.000000,Canada,Québec,CA-QC,0.26,29.03,99.93,99.62,hydroquebec.com,false,""
2022-11-04T19:00:00.000000,Canada,Québec,CA-QC,0.2,28.83,99.95,99.66,hydroquebec.com,false,""
2022-11-04T20:00:00.000000,Canada,Québec,CA-QC,0.06,28.51,99.99,99.9,hydroquebec.com,false,""
2022-11-04T21:00:00.000000,Canada,Québec,CA-QC,0.0,28.11,100.0,100.0,hydroquebec.com,false,""
2022-11-04T22:00:00.000000,Canada,Québec,CA-QC,0.0,27.71,100.0,100.0,hydroquebec.com,false,""
2022-11-04T23:00:00.000000,Canada,Québec,CA-QC,0.05,27.79,99.99,99.92,hydroquebec.com,false,""
2022-11-05T00:00:00.000000,Canada,Québec,CA-QC,0.05,28.14,99.99,99.93,hydroquebec.com,false,""
2022-11-05T01:00:00.000000,Canada,Québec,CA-QC,0.14,28.44,99.96,99.75,hydroquebec.com,false,""
2022-11-05T02:00:00.000000,Canada,Québec,CA-QC,0.26,28.7,99.93,99.44,hydroquebec.com,false,""
2022-11-05T03:00:00.000000,Canada,Québec,CA-QC,0.28,28.98,99.92,99.15,hydroquebec.com,false,""
2022-11-05T04:00:00.000000,Canada,Québec,CA-QC,4.33,34.03,98.99,97.49,hydroquebec.com,false,""
2022-11-05T05:00:00.000000,Canada,Québec,CA-QC,4.65,34.71,98.91,97.21,hydroquebec.com,false,""
2022-11-05T06:00:00.000000,Canada,Québec,CA-QC,4.65,34.74,98.92,97.26,hydroquebec.com,false,""
2022-11-05T07:00:00.000000,Canada,Québec,CA-QC,4.55,34.72,98.94,97.77,hydroquebec.com,false,""
2022-11-05T08:00:00.000000,Canada,Québec,CA-QC,4.53,34.81,98.95,97.76,hydroquebec.com,false,""
2022-11-05T09:00:00.000000,Canada,Québec,CA-QC,4.5,34.66,98.95,97.69,hydroquebec.com,false,""
2022-11-05T10:00:00.000000,Canada,Québec,CA-QC,2.61,32.24,99.39,98.45,hydroquebec.com,false,""
2022-11-05T11:00:00.000000,Canada,Québec,CA-QC,2.52,31.52,99.4,97.25,hydroquebec.com,false,""
2022-11-05T12:00:00.000000,Canada,Québec,CA-QC,0.14,28.55,99.96,98.29,hydroquebec.com,false,""
2022-11-05T13:00:00.000000,Canada,Québec,CA-QC,0.07,28.63,99.98,99.15,hydroquebec.com,false,""
2022-11-05T14:00:00.000000,Canada,Québec,CA-QC,0.03,28.6,99.99,99.66,hydroquebec.com,false,""
2022-11-05T15:00:00.000000,Canada,Québec,CA-QC,0.11,28.29,99.97,98.57,hydroquebec.com,false,""
2022-11-05T16:00:00.000000,Canada,Québec,CA-QC,0.14,28.26,99.96,98.56,hydroquebec.com,false,""
2022-11-05T17:00:00.000000,Canada,Québec,CA-QC,0.14,28.1,99.96,98.31,hydroquebec.com,false,""
2022-11-05T18:00:00.000000,Canada,Québec,CA-QC,0.23,28.43,99.94,98.3,hydroquebec.com,false,""
2022-11-05T19:00:00.000000,Canada,Québec,CA-QC,0.34,28.64,99.91,98.16,hydroquebec.com,false,""
2022-11-05T20:00:00.000000,Canada,Québec,CA-QC,0.51,28.82,99.86,98.33,hydroquebec.com,false,""
2022-11-05T21:00:00.000000,Canada,Québec,CA-QC,0.44,28.62,99.88,98.73,hydroquebec.com,false,""
2022-11-05T22:00:00.000000,Canada,Québec,CA-QC,0.13,28.2,99.96,99.65,hydroquebec.com,false,""
2022-11-05T23:00:00.000000,Canada,Québec,CA-QC,0.6,28.37,99.84,98.42,hydroquebec.com,false,""
2022-11-06T00:00:00.000000,Canada,Québec,CA-QC,0.65,28.67,99.82,98.28,hydroquebec.com,false,""
2022-11-06T01:00:00.000000,Canada,Québec,CA-QC,1.75,30.19,99.57,97.82,hydroquebec.com,false,""
2022-11-06T02:00:00.000000,Canada,Québec,CA-QC,3.13,32.08,99.25,97.39,hydroquebec.com,false,""
2022-11-06T03:00:00.000000,Canada,Québec,CA-QC,3.3,32.48,99.22,97.28,hydroquebec.com,false,""
2022-11-06T04:00:00.000000,Canada,Québec,CA-QC,0.19,29.1,99.95,98.95,hydroquebec.com,false,""
2022-11-06T05:00:00.000000,Canada,Québec,CA-QC,0.03,29.23,99.99,99.69,Electricity Maps Estimation,true,ESTIMATED_TIME_SLICER_AVERAGE
2022-11-06T06:00:00.000000,Canada,Québec,CA-QC,0.02,29.33,99.99,99.7,Electricity Maps Estimation,true,ESTIMATED_TIME_SLICER_AVERAGE
2022-11-06T07:00:00.000000,Canada,Québec,CA-QC,0.12,29.09,99.97,98.37,hydroquebec.com; Electricity Maps Estimation,false,""
2022-11-06T08:00:00.000000,Canada,Québec,CA-QC,0.15,28.99,99.96,97.95,hydroquebec.com,false,""
2022-11-06T09:00:00.000000,Canada,Québec,CA-QC,0.04,29.16,99.99,99.45,hydroquebec.com,false,""
2022-11-06T10:00:00.000000,Canada,Québec,CA-QC,0.02,29.02,99.99,99.68,hydroquebec.com,false,""
2022-11-06T11:00:00.000000,Canada,Québec,CA-QC,0.02,28.8,100.0,99.77,hydroquebec.com,false,""
2022-11-06T12:00:00.000000,Canada,Québec,CA-QC,0.1,28.32,99.97,98.52,hydroquebec.com,false,""
2022-11-06T13:00:00.000000,Canada,Québec,CA-QC,0.2,28.18,99.95,98.15,hydroquebec.com,false,""
2022-11-06T14:00:00.000000,Canada,Québec,CA-QC,0.2,28.04,99.95,98.28,hydroquebec.com,false,""
2022-11-06T15:00:00.000000,Canada,Québec,CA-QC,0.21,27.86,99.94,98.08,hydroquebec.com,false,""
2022-11-06T16:00:00.000000,Canada,Québec,CA-QC,0.14,27.67,99.96,98.18,hydroquebec.com,false,""
2022-11-06T17:00:00.000000,Canada,Québec,CA-QC,0.13,27.64,99.97,98.19,hydroquebec.com,false,""
2022-11-06T18:00:00.000000,Canada,Québec,CA-QC,0.13,27.7,99.97,98.25,hydroquebec.com,false,""
2022-11-06T19:00:00.000000,Canada,Québec,CA-QC,0.26,27.84,99.93,98.18,hydroquebec.com,false,""
2022-11-06T20:00:00.000000,Canada,Québec,CA-QC,0.34,28.13,99.91,98.4,hydroquebec.com,false,""
2022-11-06T21:00:00.000000,Canada,Québec,CA-QC,0.27,28.28,99.93,99.22,hydroquebec.com,false,""
2022-11-06T22:00:00.000000,Canada,Québec,CA-QC,0.01,27.9,100.0,99.97,hydroquebec.com,false,""
2022-11-06T23:00:00.000000,Canada,Québec,CA-QC,0.14,27.94,99.96,99.62,hydroquebec.com,false,""
2022-11-07T00:00:00.000000,Canada,Québec,CA-QC,0.58,28.46,99.85,98.5,hydroquebec.com,false,""
2022-11-07T01:00:00.000000,Canada,Québec,CA-QC,0.75,28.91,99.8,98.02,hydroquebec.com,false,""
2022-11-07T02:00:00.000000,Canada,Québec,CA-QC,0.8,29.34,99.78,97.81,hydroquebec.com,false,""
2022-11-07T03:00:00.000000,Canada,Québec,CA-QC,0.53,29.37,99.86,97.74,hydroquebec.com,false,""
2022-11-07T04:00:00.000000,Canada,Québec,CA-QC,1.19,30.54,99.72,97.26,hydroquebec.com,false,""
2022-11-07T05:00:00.000000,Canada,Québec,CA-QC,0.21,29.78,99.94,97.45,hydroquebec.com,false,""
2022-11-07T06:00:00.000000,Canada,Québec,CA-QC,0.19,29.84,99.95,97.31,hydroquebec.com,false,""
2022-11-07T07:00:00.000000,Canada,Québec,CA-QC,0.18,29.79,99.95,97.24,hydroquebec.com,false,""
2022-11-07T08:00:00.000000,Canada,Québec,CA-QC,0.18,29.56,99.95,97.24,hydroquebec.com,false,""
2022-11-07T09:00:00.000000,Canada,Québec,CA-QC,0.18,29.31,99.95,97.24,hydroquebec.com,false,""
2022-11-07T10:00:00.000000,Canada,Québec,CA-QC,0.17,28.97,99.95,97.39,hydroquebec.com,false,""
2022-11-07T11:00:00.000000,Canada,Québec,CA-QC,0.12,28.37,99.97,98.1,hydroquebec.com,false,""
2022-11-07T12:00:00.000000,Canada,Québec,CA-QC,0.09,27.94,99.98,98.68,hydroquebec.com,false,""
2022-11-07T13:00:00.000000,Canada,Québec,CA-QC,0.05,27.9,99.99,99.28,hydroquebec.com,false,""
2022-11-07T14:00:00.000000,Canada,Québec,CA-QC,0.08,27.73,99.98,98.71,hydroquebec.com,false,""
2022-11-07T15:00:00.000000,Canada,Québec,CA-QC,0.1,27.64,99.97,98.41,hydroquebec.com,false,""
2022-11-07T16:00:00.000000,Canada,Québec,CA-QC,0.12,27.75,99.97,98.35,hydroquebec.com,false,""
2022-11-07T17:00:00.000000,Canada,Québec,CA-QC,0.11,27.8,99.97,98.44,hydroquebec.com,false,""
2022-11-07T18:00:00.000000,Canada,Québec,CA-QC,0.13,27.78,99.97,98.63,hydroquebec.com,false,""
2022-11-07T19:00:00.000000,Canada,Québec,CA-QC,0.17,27.78,99.95,99.05,hydroquebec.com,false,""
2022-11-07T20:00:00.000000,Canada,Québec,CA-QC,0.16,27.62,99.96,99.5,hydroquebec.com,false,""
2022-11-07T21:00:00.000000,Canada,Québec,CA-QC,0.0,27.46,100.0,100.0,hydroquebec.com,false,""
2022-11-07T22:00:00.000000,Canada,Québec,CA-QC,0.0,27.32,100.0,100.0,hydroquebec.com,false,""
2022-11-07T23:00:00.000000,Canada,Québec,CA-QC,0.0,27.22,100.0,100.0,hydroquebec.com,false,""
2022-11-08T00:00:00.000000,Canada,Québec,CA-QC,0.0,27.31,100.0,100.0,hydroquebec.com,false,""
2022-11-08T01:00:00.000000,Canada,Québec,CA-QC,0.0,27.47,100.0,100.0,hydroquebec.com,false,""
2022-11-08T02:00:00.000000,Canada,Québec,CA-QC,0.14,27.81,99.96,99.77,hydroquebec.com,false,""
2022-11-08T03:00:00.000000,Canada,Québec,CA-QC,0.11,28.05,99.97,99.82,hydroquebec.com,false,""
2022-11-08T04:00:00.000000,Canada,Québec,CA-QC,0.48,28.65,99.87,99.02,hydroquebec.com,false,""
2022-11-08T05:00:00.000000,Canada,Québec,CA-QC,0.61,28.78,99.84,98.2,hydroquebec.com,false,""
2022-11-08T06:00:00.000000,Canada,Québec,CA-QC,0.34,28.36,99.91,97.93,hydroquebec.com,false,""
2022-11-08T07:00:00.000000,Canada,Québec,CA-QC,0.21,28.23,99.94,97.94,hydroquebec.com,false,""
2022-11-08T08:00:00.000000,Canada,Québec,CA-QC,0.4,28.48,99.89,97.89,hydroquebec.com,false,""
2022-11-08T09:00:00.000000,Canada,Québec,CA-QC,0.76,28.81,99.8,97.77,hydroquebec.com,false,""
2022-11-08T10:00:00.000000,Canada,Québec,CA-QC,0.11,28.07,99.97,99.67,hydroquebec.com,false,""
2022-11-08T11:00:00.000000,Canada,Québec,CA-QC,0.0,27.52,100.0,100.0,hydroquebec.com,false,""
2022-11-08T12:00:00.000000,Canada,Québec,CA-QC,0.0,27.2,100.0,100.0,hydroquebec.com,false,""
2022-11-08T13:00:00.000000,Canada,Québec,CA-QC,0.0,27.12,100.0,100.0,hydroquebec.com,false,""
2022-11-08T14:00:00.000000,Canada,Québec,CA-QC,0.0,27.25,100.0,100.0,hydroquebec.com,false,""
2022-11-08T15:00:00.000000,Canada,Québec,CA-QC,0.0,27.41,100.0,100.0,hydroquebec.com,false,""
2022-11-08T16:00:00.000000,Canada,Québec,CA-QC,0.0,27.57,100.0,99.99,hydroquebec.com,false,""
2022-11-08T17:00:00.000000,Canada,Québec,CA-QC,0.18,27.84,99.95,99.65,hydroquebec.com,false,""
2022-11-08T18:00:00.000000,Canada,Québec,CA-QC,0.0,27.63,100.0,100.0,hydroquebec.com,false,""
2022-11-08T19:00:00.000000,Canada,Québec,CA-QC,0.0,27.53,100.0,100.0,hydroquebec.com,false,""
2022-11-08T20:00:00.000000,Canada,Québec,CA-QC,0.0,27.37,100.0,100.0,hydroquebec.com,false,""
2022-11-08T21:00:00.000000,Canada,Québec,CA-QC,0.0,27.12,100.0,100.0,hydroquebec.com,false,""
2022-11-08T22:00:00.000000,Canada,Québec,CA-QC,0.0,26.87,100.0,100.0,hydroquebec.com,false,""
2022-11-08T23:00:00.000000,Canada,Québec,CA-QC,0.0,26.83,100.0,100.0,hydroquebec.com,false,""
2022-11-09T00:00:00.000000,Canada,Québec,CA-QC,0.0,26.93,100.0,100.0,hydroquebec.com,false,""
2022-11-09T01:00:00.000000,Canada,Québec,CA-QC,0.0,27.06,100.0,100.0,hydroquebec.com,false,""
2022-11-09T02:00:00.000000,Canada,Québec,CA-QC,0.0,27.3,100.0,99.99,hydroquebec.com,false,""
2022-11-09T03:00:00.000000,Canada,Québec,CA-QC,0.36,27.83,99.9,99.29,hydroquebec.com,false,""
2022-11-09T04:00:00.000000,Canada,Québec,CA-QC,0.38,27.92,99.9,98.84,hydroquebec.com,false,""
2022-11-09T05:00:00.000000,Canada,Québec,CA-QC,0.37,27.98,99.9,98.36,hydroquebec.com,false,""
2022-11-09T06:00:00.000000,Canada,Québec,CA-QC,0.19,27.94,99.95,98.35,hydroquebec.com,false,""
2022-11-09T07:00:00.000000,Canada,Québec,CA-QC,0.19,28.13,99.95,98.35,hydroquebec.com,false,""
2022-11-09T08:00:00.000000,Canada,Québec,CA-QC,0.19,28.24,99.95,98.33,hydroquebec.com,false,""
2022-11-09T09:00:00.000000,Canada,Québec,CA-QC,0.18,27.99,99.95,98.45,hydroquebec.com,false,""
2022-11-09T10:00:00.000000,Canada,Québec,CA-QC,0.01,27.76,100.0,99.95,hydroquebec.com,false,""
2022-11-09T11:00:00.000000,Canada,Québec,CA-QC,0.0,27.44,100.0,100.0,hydroquebec.com,false,""
2022-11-09T12:00:00.000000,Canada,Québec,CA-QC,0.0,27.31,100.0,100.0,hydroquebec.com,false,""
2022-11-09T13:00:00.000000,Canada,Québec,CA-QC,0.0,27.46,100.0,100.0,hydroquebec.com,false,""
2022-11-09T14:00:00.000000,Canada,Québec,CA-QC,0.0,27.75,100.0,100.0,hydroquebec.com,false,""
2022-11-09T15:00:00.000000,Canada,Québec,CA-QC,0.0,27.97,100.0,100.0,hydroquebec.com,false,""
2022-11-09T16:00:00.000000,Canada,Québec,CA-QC,0.05,28.18,99.99,99.91,hydroquebec.com,false,""
2022-11-09T17:00:00.000000,Canada,Québec,CA-QC,0.04,28.27,99.99,99.9,hydroquebec.com,false,""
2022-11-09T18:00:00.000000,Canada,Québec,CA-QC,0.04,28.29,99.99,99.9,hydroquebec.com,false,""
2022-11-09T19:00:00.000000,Canada,Québec,CA-QC,0.79,29.25,99.79,99.7,hydroquebec.com,false,""
2022-11-09T20:00:00.000000,Canada,Québec,CA-QC,0.71,28.96,99.81,99.81,hydroquebec.com,false,""
2022-11-09T21:00:00.000000,Canada,Québec,CA-QC,0.0,27.66,100.0,100.0,hydroquebec.com,false,""
2022-11-09T22:00:00.000000,Canada,Québec,CA-QC,0.0,27.28,100.0,100.0,hydroquebec.com,false,""
2022-11-09T23:00:00.000000,Canada,Québec,CA-QC,0.0,27.06,100.0,100.0,hydroquebec.com,false,""
2022-11-10T00:00:00.000000,Canada,Québec,CA-QC,0.05,27.07,99.99,99.98,hydroquebec.com,false,""
2022-11-10T01:00:00.000000,Canada,Québec,CA-QC,2.08,29.57,99.52,99.29,hydroquebec.com,false,""
2022-11-10T02:00:00.000000,Canada,Québec,CA-QC,2.73,30.35,99.36,98.3,hydroquebec.com,false,""
2022-11-10T03:00:00.000000,Canada,Québec,CA-QC,2.95,30.65,99.3,97.65,hydroquebec.com,false,""
2022-11-10T04:00:00.000000,Canada,Québec,CA-QC,3.03,30.86,99.29,97.36,hydroquebec.com,false,""
2022-11-10T05:00:00.000000,Canada,Québec,CA-QC,1.64,29.3,99.62,97.67,hydroquebec.com,false,""
2022-11-10T06:00:00.000000,Canada,Québec,CA-QC,2.74,30.72,99.37,97.16,hydroquebec.com,false,""
2022-11-10T07:00:00.000000,Canada,Québec,CA-QC,4.69,33.12,98.92,96.31,hydroquebec.com,false,""
2022-11-10T08:00:00.000000,Canada,Québec,CA-QC,4.3,32.68,99.01,96.41,hydroquebec.com,false,""
2022-11-10T09:00:00.000000,Canada,Québec,CA-QC,4.48,32.87,98.96,96.32,hydroquebec.com,false,""
2022-11-10T10:00:00.000000,Canada,Québec,CA-QC,1.7,29.55,99.6,97.57,hydroquebec.com,false,""
2022-11-10T11:00:00.000000,Canada,Québec,CA-QC,2.4,30.52,99.44,99.08,hydroquebec.com,false,""
2022-11-10T12:00:00.000000,Canada,Québec,CA-QC,0.6,28.02,99.86,99.79,hydroquebec.com,false,""
2022-11-10T13:00:00.000000,Canada,Québec,CA-QC,0.54,27.8,99.87,99.32,hydroquebec.com,false,""
2022-11-10T14:00:00.000000,Canada,Québec,CA-QC,0.55,28.0,99.87,99.35,hydroquebec.com,false,""
2022-11-10T15:00:00.000000,Canada,Québec,CA-QC,0.04,27.53,99.99,99.5,hydroquebec.com,false,""
2022-11-10T16:00:00.000000,Canada,Québec,CA-QC,1.65,29.32,99.61,98.22,hydroquebec.com,false,""
2022-11-10T17:00:00.000000,Canada,Québec,CA-QC,1.91,29.78,99.55,97.96,hydroquebec.com,false,""
2022-11-10T18:00:00.000000,Canada,Québec,CA-QC,2.05,30.07,99.51,97.86,hydroquebec.com,false,""
2022-11-10T19:00:00.000000,Canada,Québec,CA-QC,0.76,28.57,99.8,98.46,hydroquebec.com,false,""
2022-11-10T20:00:00.000000,Canada,Québec,CA-QC,1.12,29.0,99.72,98.72,hydroquebec.com,false,""
2022-11-10T21:00:00.000000,Canada,Québec,CA-QC,0.27,27.96,99.93,99.56,hydroquebec.com,false,""
2022-11-10T22:00:00.000000,Canada,Québec,CA-QC,0.0,27.5,100.0,100.0,hydroquebec.com,false,""
2022-11-10T23:00:00.000000,Canada,Québec,CA-QC,0.7,28.23,99.83,99.47,hydroquebec.com,false,""
2022-11-11T00:00:00.000000,Canada,Québec,CA-QC,0.78,28.46,99.81,99.39,hydroquebec.com,false,""
2022-11-11T01:00:00.000000,Canada,Québec,CA-QC,1.75,29.54,99.58,98.44,hydroquebec.com,false,""
2022-11-11T02:00:00.000000,Canada,Québec,CA-QC,2.82,30.9,99.33,97.44,hydroquebec.com,false,""
2022-11-11T03:00:00.000000,Canada,Québec,CA-QC,3.8,32.17,99.12,96.07,hydroquebec.com,false,""
2022-11-11T04:00:00.000000,Canada,Québec,CA-QC,4.31,33.02,99.01,95.32,hydroquebec.com,false,""
2022-11-11T05:00:00.000000,Canada,Québec,CA-QC,0.32,28.37,99.92,96.28,hydroquebec.com,false,""
2022-11-11T06:00:00.000000,Canada,Québec,CA-QC,0.23,28.26,99.94,96.12,hydroquebec.com,false,""
2022-11-11T07:00:00.000000,Canada,Québec,CA-QC,0.24,28.5,99.93,96.02,hydroquebec.com,false,""
2022-11-11T08:00:00.000000,Canada,Québec,CA-QC,0.25,28.73,99.93,95.92,hydroquebec.com,false,""
2022-11-11T09:00:00.000000,Canada,Québec,CA-QC,0.24,28.74,99.94,96.01,hydroquebec.com,false,""
2022-11-11T10:00:00.000000,Canada,Québec,CA-QC,0.32,28.78,99.91,96.45,hydroquebec.com,false,""
2022-11-11T11:00:00.000000,Canada,Québec,CA-QC,0.16,28.75,99.96,98.76,hydroquebec.com,false,""
2022-11-11T12:00:00.000000,Canada,Québec,CA-QC,0.04,28.38,99.99,99.8,hydroquebec.com,false,""
2022-11-11T13:00:00.000000,Canada,Québec,CA-QC,0.0,28.21,100.0,100.0,hydroquebec.com,false,""
2022-11-11T14:00:00.000000,Canada,Québec,CA-QC,0.0,28.27,100.0,100.0,hydroquebec.com,false,""
2022-11-11T15:00:00.000000,Canada,Québec,CA-QC,0.0,28.3,100.0,100.0,hydroquebec.com,false,""
2022-11-11T16:00:00.000000,Canada,Québec,CA-QC,0.0,28.27,100.0,100.0,hydroquebec.com,false,""
2022-11-11T17:00:00.000000,Canada,Québec,CA-QC,0.0,28.29,100.0,100.0,hydroquebec.com,false,""
2022-11-11T18:00:00.000000,Canada,Québec,CA-QC,0.0,28.31,100.0,100.0,hydroquebec.com,false,""
2022-11-11T19:00:00.000000,Canada,Québec,CA-QC,0.0,28.26,100.0,100.0,hydroquebec.com,false,""
2022-11-11T20:00:00.000000,Canada,Québec,CA-QC,0.0,28.18,100.0,100.0,hydroquebec.com,false,""
2022-11-11T21:00:00.000000,Canada,Québec,CA-QC,0.0,28.01,100.0,100.0,hydroquebec.com,false,""
2022-11-11T22:00:00.000000,Canada,Québec,CA-QC,0.0,27.83,100.0,100.0,hydroquebec.com,false,""
2022-11-11T23:00:00.000000,Canada,Québec,CA-QC,0.0,27.78,100.0,100.0,hydroquebec.com,false,""
2022-11-12T00:00:00.000000,Canada,Québec,CA-QC,0.0,27.85,100.0,100.0,hydroquebec.com,false,""
2022-11-12T01:00:00.000000,Canada,Québec,CA-QC,0.0,27.99,100.0,100.0,hydroquebec.com,false,""
2022-11-12T02:00:00.000000,Canada,Québec,CA-QC,0.0,28.32,100.0,100.0,hydroquebec.com,false,""
2022-11-12T03:00:00.000000,Canada,Québec,CA-QC,0.01,28.76,100.0,99.98,hydroquebec.com,false,""
2022-11-12T04:00:00.000000,Canada,Québec,CA-QC,0.11,28.86,99.97,98.8,hydroquebec.com,false,""
2022-11-12T05:00:00.000000,Canada,Québec,CA-QC,0.2,28.82,99.95,97.34,hydroquebec.com,false,""
2022-11-12T06:00:00.000000,Canada,Québec,CA-QC,0.23,28.72,99.94,96.24,hydroquebec.com,false,""
2022-11-12T07:00:00.000000,Canada,Québec,CA-QC,0.25,28.76,99.93,95.87,hydroquebec.com,false,""
2022-11-12T08:00:00.000000,Canada,Québec,CA-QC,0.26,28.75,99.93,95.81,hydroquebec.com,false,""
2022-11-12T09:00:00.000000,Canada,Québec,CA-QC,0.22,28.72,99.94,96.36,hydroquebec.com,false,""
2022-11-12T10:00:00.000000,Canada,Québec,CA-QC,0.14,28.84,99.96,97.7,hydroquebec.com,false,""
2022-11-12T11:00:00.000000,Canada,Québec,CA-QC,0.13,28.72,99.96,97.79,hydroquebec.com,false,""
2022-11-12T12:00:00.000000,Canada,Québec,CA-QC,0.07,28.76,99.98,98.88,hydroquebec.com,false,""
2022-11-12T13:00:00.000000,Canada,Québec,CA-QC,0.0,28.61,100.0,100.0,hydroquebec.com,false,""
2022-11-12T14:00:00.000000,Canada,Québec,CA-QC,0.0,28.14,100.0,100.0,hydroquebec.com,false,""
2022-11-12T15:00:00.000000,Canada,Québec,CA-QC,0.0,27.89,100.0,100.0,hydroquebec.com,false,""
2022-11-12T16:00:00.000000,Canada,Québec,CA-QC,0.0,27.91,100.0,100.0,hydroquebec.com,false,""
2022-11-12T17:00:00.000000,Canada,Québec,CA-QC,0.0,28.07,100.0,100.0,hydroquebec.com,false,""
2022-11-12T18:00:00.000000,Canada,Québec,CA-QC,0.0,28.3,100.0,100.0,hydroquebec.com,false,""
2022-11-12T19:00:00.000000,Canada,Québec,CA-QC,0.0,28.5,100.0,100.0,hydroquebec.com,false,""
2022-11-12T20:00:00.000000,Canada,Québec,CA-QC,0.0,28.59,100.0,100.0,hydroquebec.com,false,""
2022-11-12T21:00:00.000000,Canada,Québec,CA-QC,0.0,28.43,100.0,100.0,hydroquebec.com,false,""
2022-11-12T22:00:00.000000,Canada,Québec,CA-QC,0.0,28.26,100.0,100.0,hydroquebec.com,false,""
2022-11-12T23:00:00.000000,Canada,Québec,CA-QC,0.0,28.26,100.0,100.0,hydroquebec.com,false,""
2022-11-13T00:00:00.000000,Canada,Québec,CA-QC,0.0,28.44,100.0,100.0,hydroquebec.com,false,""
2022-11-13T01:00:00.000000,Canada,Québec,CA-QC,0.0,28.69,100.0,100.0,hydroquebec.com,false,""
2022-11-13T02:00:00.000000,Canada,Québec,CA-QC,0.0,28.82,100.0,100.0,hydroquebec.com,false,""
2022-11-13T03:00:00.000000,Canada,Québec,CA-QC,0.0,29.07,100.0,100.0,hydroquebec.com,false,""
2022-11-13T04:00:00.000000,Canada,Québec,CA-QC,0.0,29.45,100.0,100.0,hydroquebec.com,false,""
2022-11-13T05:00:00.000000,Canada,Québec,CA-QC,0.0,29.75,100.0,99.97,hydroquebec.com,false,""
2022-11-13T06:00:00.000000,Canada,Québec,CA-QC,0.08,29.7,99.98,98.63,hydroquebec.com,false,""
2022-11-13T07:00:00.000000,Canada,Québec,CA-QC,0.14,29.6,99.96,97.63,hydroquebec.com,false,""
2022-11-13T08:00:00.000000,Canada,Québec,CA-QC,0.14,29.62,99.96,97.7,hydroquebec.com,false,""
2022-11-13T09:00:00.000000,Canada,Québec,CA-QC,0.14,29.55,99.96,97.59,hydroquebec.com,false,""
2022-11-13T10:00:00.000000,Canada,Québec,CA-QC,0.15,29.39,99.96,97.45,hydroquebec.com,false,""
2022-11-13T11:00:00.000000,Canada,Québec,CA-QC,0.1,29.43,99.97,98.4,hydroquebec.com,false,""
2022-11-13T12:00:00.000000,Canada,Québec,CA-QC,0.04,29.32,99.99,99.37,hydroquebec.com,false,""
2022-11-13T13:00:00.000000,Canada,Québec,CA-QC,0.0,29.13,100.0,100.0,hydroquebec.com,false,""
2022-11-13T14:00:00.000000,Canada,Québec,CA-QC,0.0,28.91,100.0,100.0,hydroquebec.com,false,""
2022-11-13T15:00:00.000000,Canada,Québec,CA-QC,0.0,28.77,100.0,100.0,hydroquebec.com,false,""
2022-11-13T16:00:00.000000,Canada,Québec,CA-QC,0.0,28.71,100.0,100.0,hydroquebec.com,false,""
2022-11-13T17:00:00.000000,Canada,Québec,CA-QC,0.0,28.88,100.0,100.0,hydroquebec.com,false,""
2022-11-13T18:00:00.000000,Canada,Québec,CA-QC,0.0,29.04,100.0,100.0,hydroquebec.com,false,""
2022-11-13T19:00:00.000000,Canada,Québec,CA-QC,0.0,29.07,100.0,100.0,hydroquebec.com,false,""
2022-11-13T20:00:00.000000,Canada,Québec,CA-QC,0.0,28.98,100.0,100.0,hydroquebec.com,false,""
2022-11-13T21:00:00.000000,Canada,Québec,CA-QC,0.0,28.63,100.0,100.0,hydroquebec.com,false,""
2022-11-13T22:00:00.000000,Canada,Québec,CA-QC,0.0,28.33,100.0,100.0,hydroquebec.com,false,""
2022-11-13T23:00:00.000000,Canada,Québec,CA-QC,0.0,28.25,100.0,100.0,hydroquebec.com,false,""
2022-11-14T00:00:00.000000,Canada,Québec,CA-QC,0.0,28.3,100.0,100.0,hydroquebec.com,false,""
2022-11-14T01:00:00.000000,Canada,Québec,CA-QC,0.0,28.37,100.0,100.0,hydroquebec.com,false,""
2022-11-14T02:00:00.000000,Canada,Québec,CA-QC,0.0,28.43,100.0,100.0,hydroquebec.com,false,""
2022-11-14T03:00:00.000000,Canada,Québec,CA-QC,0.0,28.64,100.0,100.0,hydroquebec.com,false,""
2022-11-14T04:00:00.000000,Canada,Québec,CA-QC,0.0,28.96,100.0,100.0,hydroquebec.com,false,""
2022-11-14T05:00:00.000000,Canada,Québec,CA-QC,0.0,29.07,100.0,100.0,hydroquebec.com,false,""
2022-11-14T06:00:00.000000,Canada,Québec,CA-QC,0.0,29.03,100.0,100.0,hydroquebec.com,false,""
2022-11-14T07:00:00.000000,Canada,Québec,CA-QC,0.0,29.05,100.0,100.0,hydroquebec.com,false,""
2022-11-14T08:00:00.000000,Canada,Québec,CA-QC,0.0,28.89,100.0,100.0,hydroquebec.com,false,""
2022-11-14T09:00:00.000000,Canada,Québec,CA-QC,0.0,28.7,100.0,100.0,hydroquebec.com,false,""
2022-11-14T10:00:00.000000,Canada,Québec,CA-QC,0.0,28.44,100.0,100.0,hydroquebec.com,false,""
2022-11-14T11:00:00.000000,Canada,Québec,CA-QC,0.0,28.03,100.0,100.0,hydroquebec.com,false,""
2022-11-14T12:00:00.000000,Canada,Québec,CA-QC,0.0,27.73,100.0,100.0,hydroquebec.com,false,""
2022-11-14T13:00:00.000000,Canada,Québec,CA-QC,0.0,27.64,100.0,100.0,hydroquebec.com,false,""
2022-11-14T14:00:00.000000,Canada,Québec,CA-QC,0.0,27.69,100.0,100.0,hydroquebec.com,false,""
2022-11-14T15:00:00.000000,Canada,Québec,CA-QC,0.0,27.73,100.0,100.0,hydroquebec.com,false,""
2022-11-14T16:00:00.000000,Canada,Québec,CA-QC,0.0,27.76,100.0,100.0,hydroquebec.com,false,""
2022-11-14T17:00:00.000000,Canada,Québec,CA-QC,0.0,27.78,100.0,100.0,hydroquebec.com,false,""
2022-11-14T18:00:00.000000,Canada,Québec,CA-QC,0.0,27.72,100.0,100.0,hydroquebec.com,false,""
2022-11-14T19:00:00.000000,Canada,Québec,CA-QC,0.0,27.65,100.0,100.0,hydroquebec.com,false,""
2022-11-14T20:00:00.000000,Canada,Québec,CA-QC,0.0,27.56,100.0,100.0,hydroquebec.com,false,""
2022-11-14T21:00:00.000000,Canada,Québec,CA-QC,0.0,27.45,100.0,100.0,hydroquebec.com,false,""
2022-11-14T22:00:00.000000,Canada,Québec,CA-QC,0.0,27.35,100.0,100.0,hydroquebec.com,false,""
2022-11-14T23:00:00.000000,Canada,Québec,CA-QC,0.0,27.32,100.0,100.0,hydroquebec.com,false,""
2022-11-15T00:00:00.000000,Canada,Québec,CA-QC,0.0,27.41,100.0,100.0,hydroquebec.com,false,""
2022-11-15T01:00:00.000000,Canada,Québec,CA-QC,0.0,27.55,100.0,100.0,hydroquebec.com,false,""
2022-11-15T02:00:00.000000,Canada,Québec,CA-QC,0.0,27.69,100.0,100.0,hydroquebec.com,false,""
2022-11-15T03:00:00.000000,Canada,Québec,CA-QC,0.0,27.85,100.0,100.0,hydroquebec.com,false,""
2022-11-15T04:00:00.000000,Canada,Québec,CA-QC,0.0,28.1,100.0,100.0,hydroquebec.com,false,""
2022-11-15T05:00:00.000000,Canada,Québec,CA-QC,0.0,28.3,100.0,100.0,hydroquebec.com,false,""
2022-11-15T06:00:00.000000,Canada,Québec,CA-QC,0.0,28.41,100.0,100.0,hydroquebec.com,false,""
2022-11-15T07:00:00.000000,Canada,Québec,CA-QC,0.0,28.57,100.0,100.0,hydroquebec.com,false,""
2022-11-15T08:00:00.000000,Canada,Québec,CA-QC,0.0,28.61,100.0,100.0,hydroquebec.com,false,""
2022-11-15T09:00:00.000000,Canada,Québec,CA-QC,0.0,28.3,100.0,100.0,hydroquebec.com,false,""
2022-11-15T10:00:00.000000,Canada,Québec,CA-QC,0.0,27.93,100.0,100.0,hydroquebec.com,false,""
2022-11-15T11:00:00.000000,Canada,Québec,CA-QC,0.0,27.64,100.0,100.0,hydroquebec.com,false,""
2022-11-15T12:00:00.000000,Canada,Québec,CA-QC,0.0,27.46,100.0,100.0,hydroquebec.com,false,""
2022-11-15T13:00:00.000000,Canada,Québec,CA-QC,0.0,27.57,100.0,100.0,hydroquebec.com,false,""
2022-11-15T14:00:00.000000,Canada,Québec,CA-QC,0.59,28.5,99.84,99.84,hydroquebec.com,false,""
2022-11-15T15:00:00.000000,Canada,Québec,CA-QC,0.6,28.62,99.84,99.84,hydroquebec.com,false,""
2022-11-15T16:00:00.000000,Canada,Québec,CA-QC,0.0,27.99,100.0,100.0,hydroquebec.com,false,""
2022-11-15T17:00:00.000000,Canada,Québec,CA-QC,0.0,28.06,100.0,100.0,hydroquebec.com,false,""
2022-11-15T18:00:00.000000,Canada,Québec,CA-QC,0.0,28.05,100.0,100.0,hydroquebec.com,false,""
2022-11-15T19:00:00.000000,Canada,Québec,CA-QC,0.0,28.01,100.0,100.0,hydroquebec.com,false,""
2022-11-15T20:00:00.000000,Canada,Québec,CA-QC,0.0,27.98,100.0,100.0,hydroquebec.com,false,""
2022-11-15T21:00:00.000000,Canada,Québec,CA-QC,0.0,27.98,100.0,100.0,hydroquebec.com,false,""
2022-11-15T22:00:00.000000,Canada,Québec,CA-QC,0.0,27.89,100.0,100.0,hydroquebec.com,false,""
2022-11-15T23:00:00.000000,Canada,Québec,CA-QC,0.0,27.79,100.0,100.0,hydroquebec.com,false,""
2022-11-16T00:00:00.000000,Canada,Québec,CA-QC,0.0,27.78,100.0,100.0,hydroquebec.com,false,""
2022-11-16T01:00:00.000000,Canada,Québec,CA-QC,0.0,27.8,100.0,100.0,hydroquebec.com,false,""
2022-11-16T02:00:00.000000,Canada,Québec,CA-QC,0.0,27.95,100.0,100.0,hydroquebec.com,false,""
2022-11-16T03:00:00.000000,Canada,Québec,CA-QC,0.0,28.12,100.0,100.0,hydroquebec.com,false,""
2022-11-16T04:00:00.000000,Canada,Québec,CA-QC,0.0,28.25,100.0,100.0,hydroquebec.com,false,""
2022-11-16T05:00:00.000000,Canada,Québec,CA-QC,0.0,28.33,100.0,100.0,hydroquebec.com,false,""
2022-11-16T06:00:00.000000,Canada,Québec,CA-QC,0.0,28.4,100.0,100.0,hydroquebec.com,false,""
2022-11-16T07:00:00.000000,Canada,Québec,CA-QC,0.0,28.44,100.0,100.0,hydroquebec.com,false,""
2022-11-16T08:00:00.000000,Canada,Québec,CA-QC,0.0,28.41,100.0,100.0,hydroquebec.com,false,""
2022-11-16T09:00:00.000000,Canada,Québec,CA-QC,0.0,28.33,100.0,100.0,hydroquebec.com,false,""
2022-11-16T10:00:00.000000,Canada,Québec,CA-QC,0.0,28.24,100.0,100.0,hydroquebec.com,false,""
2022-11-16T11:00:00.000000,Canada,Québec,CA-QC,0.0,27.97,100.0,100.0,hydroquebec.com,false,""
2022-11-16T12:00:00.000000,Canada,Québec,CA-QC,0.0,27.66,100.0,100.0,hydroquebec.com,false,""
2022-11-16T13:00:00.000000,Canada,Québec,CA-QC,0.0,27.59,100.0,100.0,hydroquebec.com,false,""
2022-11-16T14:00:00.000000,Canada,Québec,CA-QC,0.0,27.61,100.0,100.0,hydroquebec.com,false,""
2022-11-16T15:00:00.000000,Canada,Québec,CA-QC,0.0,27.61,100.0,100.0,hydroquebec.com,false,""
2022-11-16T16:00:00.000000,Canada,Québec,CA-QC,0.0,27.63,100.0,100.0,hydroquebec.com,false,""
2022-11-16T17:00:00.000000,Canada,Québec,CA-QC,0.0,27.58,100.0,100.0,hydroquebec.com,false,""
2022-11-16T18:00:00.000000,Canada,Québec,CA-QC,0.0,27.53,100.0,100.0,hydroquebec.com,false,""
2022-11-16T19:00:00.000000,Canada,Québec,CA-QC,0.0,27.57,100.0,100.0,hydroquebec.com,false,""
2022-11-16T20:00:00.000000,Canada,Québec,CA-QC,0.0,27.56,100.0,100.0,hydroquebec.com,false,""
2022-11-16T21:00:00.000000,Canada,Québec,CA-QC,0.0,27.49,100.0,100.0,hydroquebec.com,false,""
2022-11-16T22:00:00.000000,Canada,Québec,CA-QC,0.0,27.46,100.0,100.0,hydroquebec.com,false,""
2022-11-16T23:00:00.000000,Canada,Québec,CA-QC,0.0,27.51,100.0,100.0,hydroquebec.com,false,""
2022-11-17T00:00:00.000000,Canada,Québec,CA-QC,0.0,27.61,100.0,100.0,hydroquebec.com,false,""
2022-11-17T01:00:00.000000,Canada,Québec,CA-QC,0.0,27.67,100.0,100.0,hydroquebec.com,false,""
2022-11-17T02:00:00.000000,Canada,Québec,CA-QC,0.0,27.95,100.0,100.0,hydroquebec.com,false,""
2022-11-17T03:00:00.000000,Canada,Québec,CA-QC,0.0,28.28,100.0,100.0,hydroquebec.com,false,""
2022-11-17T04:00:00.000000,Canada,Québec,CA-QC,0.0,28.37,100.0,100.0,hydroquebec.com,false,""
2022-11-17T05:00:00.000000,Canada,Québec,CA-QC,0.0,28.43,100.0,100.0,hydroquebec.com,false,""
2022-11-17T06:00:00.000000,Canada,Québec,CA-QC,0.0,28.47,100.0,100.0,hydroquebec.com,false,""
2022-11-17T07:00:00.000000,Canada,Québec,CA-QC,0.0,28.53,100.0,100.0,hydroquebec.com,false,""
2022-11-17T08:00:00.000000,Canada,Québec,CA-QC,0.0,28.63,100.0,100.0,hydroquebec.com,false,""
2022-11-17T09:00:00.000000,Canada,Québec,CA-QC,0.0,28.64,100.0,100.0,hydroquebec.com,false,""
2022-11-17T10:00:00.000000,Canada,Québec,CA-QC,0.0,28.44,100.0,100.0,hydroquebec.com,false,""
2022-11-17T11:00:00.000000,Canada,Québec,CA-QC,0.0,28.22,100.0,100.0,hydroquebec.com,false,""
2022-11-17T12:00:00.000000,Canada,Québec,CA-QC,0.0,28.06,100.0,100.0,hydroquebec.com,false,""
2022-11-17T13:00:00.000000,Canada,Québec,CA-QC,0.0,27.96,100.0,100.0,hydroquebec.com,false,""
2022-11-17T14:00:00.000000,Canada,Québec,CA-QC,0.0,28.0,100.0,100.0,hydroquebec.com,false,""
2022-11-17T15:00:00.000000,Canada,Québec,CA-QC,0.0,28.09,100.0,100.0,hydroquebec.com,false,""
2022-11-17T16:00:00.000000,Canada,Québec,CA-QC,0.0,28.14,100.0,100.0,hydroquebec.com,false,""
2022-11-17T17:00:00.000000,Canada,Québec,CA-QC,0.0,28.17,100.0,100.0,hydroquebec.com,false,""
2022-11-17T18:00:00.000000,Canada,Québec,CA-QC,0.0,28.1,100.0,100.0,hydroquebec.com,false,""
2022-11-17T19:00:00.000000,Canada,Québec,CA-QC,0.0,27.93,100.0,100.0,hydroquebec.com,false,""
2022-11-17T20:00:00.000000,Canada,Québec,CA-QC,0.0,27.79,100.0,100.0,hydroquebec.com,false,""
2022-11-17T21:00:00.000000,Canada,Québec,CA-QC,0.0,27.62,100.0,100.0,hydroquebec.com,false,""
2022-11-17T22:00:00.000000,Canada,Québec,CA-QC,0.0,27.37,100.0,100.0,hydroquebec.com,false,""
2022-11-17T23:00:00.000000,Canada,Québec,CA-QC,0.0,27.23,100.0,100.0,hydroquebec.com,false,""
2022-11-18T00:00:00.000000,Canada,Québec,CA-QC,0.0,27.25,100.0,100.0,hydroquebec.com,false,""
2022-11-18T01:00:00.000000,Canada,Québec,CA-QC,0.0,27.32,100.0,100.0,hydroquebec.com,false,""
2022-11-18T02:00:00.000000,Canada,Québec,CA-QC,0.0,27.39,100.0,100.0,hydroquebec.com,false,""
2022-11-18T03:00:00.000000,Canada,Québec,CA-QC,0.0,27.51,100.0,100.0,hydroquebec.com,false,""
2022-11-18T04:00:00.000000,Canada,Québec,CA-QC,0.0,27.71,100.0,100.0,hydroquebec.com,false,""
2022-11-18T05:00:00.000000,Canada,Québec,CA-QC,0.0,27.87,100.0,99.98,hydroquebec.com,false,""
2022-11-18T06:00:00.000000,Canada,Québec,CA-QC,0.04,27.76,99.99,99.34,hydroquebec.com,false,""
2022-11-18T07:00:00.000000,Canada,Québec,CA-QC,0.06,27.71,99.98,99.03,hydroquebec.com,false,""
2022-11-18T08:00:00.000000,Canada,Québec,CA-QC,0.04,27.75,99.99,99.39,hydroquebec.com,false,""
2022-11-18T09:00:00.000000,Canada,Québec,CA-QC,0.07,27.71,99.98,99.37,hydroquebec.com,false,""
2022-11-18T10:00:00.000000,Canada,Québec,CA-QC,0.06,27.71,99.98,99.71,hydroquebec.com,false,""
2022-11-18T11:00:00.000000,Canada,Québec,CA-QC,0.0,27.49,100.0,100.0,hydroquebec.com,false,""
2022-11-18T12:00:00.000000,Canada,Québec,CA-QC,0.0,27.3,100.0,100.0,hydroquebec.com,false,""
2022-11-18T13:00:00.000000,Canada,Québec,CA-QC,0.0,27.29,100.0,100.0,hydroquebec.com,false,""
2022-11-18T14:00:00.000000,Canada,Québec,CA-QC,0.0,27.37,100.0,100.0,hydroquebec.com,false,""
2022-11-18T15:00:00.000000,Canada,Québec,CA-QC,0.0,27.48,100.0,100.0,hydroquebec.com,false,""
2022-11-18T16:00:00.000000,Canada,Québec,CA-QC,0.0,27.54,100.0,100.0,hydroquebec.com,false,""
2022-11-18T17:00:00.000000,Canada,Québec,CA-QC,0.0,27.56,100.0,100.0,hydroquebec.com,false,""
2022-11-18T18:00:00.000000,Canada,Québec,CA-QC,0.0,27.67,100.0,100.0,hydroquebec.com,false,""
2022-11-18T19:00:00.000000,Canada,Québec,CA-QC,0.0,27.74,100.0,100.0,hydroquebec.com,false,""
2022-11-18T20:00:00.000000,Canada,Québec,CA-QC,0.0,27.74,100.0,100.0,hydroquebec.com,false,""
2022-11-18T21:00:00.000000,Canada,Québec,CA-QC,0.0,27.68,100.0,100.0,hydroquebec.com,false,""
2022-11-18T22:00:00.000000,Canada,Québec,CA-QC,0.0,27.55,100.0,100.0,hydroquebec.com,false,""
2022-11-18T23:00:00.000000,Canada,Québec,CA-QC,0.0,27.55,100.0,100.0,hydroquebec.com,false,""
2022-11-19T00:00:00.000000,Canada,Québec,CA-QC,0.0,27.65,100.0,100.0,hydroquebec.com,false,""
2022-11-19T01:00:00.000000,Canada,Québec,CA-QC,0.0,27.74,100.0,100.0,hydroquebec.com,false,""
2022-11-19T02:00:00.000000,Canada,Québec,CA-QC,0.0,27.8,100.0,100.0,hydroquebec.com,false,""
2022-11-19T03:00:00.000000,Canada,Québec,CA-QC,0.0,27.93,100.0,100.0,hydroquebec.com,false,""
2022-11-19T04:00:00.000000,Canada,Québec,CA-QC,0.0,28.11,100.0,100.0,hydroquebec.com,false,""
2022-11-19T05:00:00.000000,Canada,Québec,CA-QC,0.02,28.21,99.99,99.84,hydroquebec.com,false,""
2022-11-19T06:00:00.000000,Canada,Québec,CA-QC,0.06,28.07,99.98,99.07,hydroquebec.com,false,""
2022-11-19T07:00:00.000000,Canada,Québec,CA-QC,0.09,28.01,99.98,98.61,hydroquebec.com,false,""
2022-11-19T08:00:00.000000,Canada,Québec,CA-QC,0.11,27.94,99.97,98.31,hydroquebec.com,false,""
2022-11-19T09:00:00.000000,Canada,Québec,CA-QC,0.11,27.93,99.97,98.29,hydroquebec.com,false,""
2022-11-19T10:00:00.000000,Canada,Québec,CA-QC,0.11,27.88,99.97,98.3,hydroquebec.com,false,""
2022-11-19T11:00:00.000000,Canada,Québec,CA-QC,0.06,28.02,99.98,99.33,hydroquebec.com,false,""
2022-11-19T12:00:00.000000,Canada,Québec,CA-QC,0.07,27.93,99.98,99.54,hydroquebec.com,false,""
2022-11-19T13:00:00.000000,Canada,Québec,CA-QC,0.15,27.84,99.96,99.25,hydroquebec.com,false,""
2022-11-19T14:00:00.000000,Canada,Québec,CA-QC,0.12,27.88,99.97,99.41,hydroquebec.com,false,""
2022-11-19T15:00:00.000000,Canada,Québec,CA-QC,0.0,27.98,100.0,100.0,hydroquebec.com,false,""
2022-11-19T16:00:00.000000,Canada,Québec,CA-QC,0.0,28.0,100.0,100.0,hydroquebec.com,false,""
2022-11-19T17:00:00.000000,Canada,Québec,CA-QC,0.0,28.1,100.0,100.0,hydroquebec.com,false,""
2022-11-19T18:00:00.000000,Canada,Québec,CA-QC,0.12,28.4,99.97,99.71,hydroquebec.com,false,""
2022-11-19T19:00:00.000000,Canada,Québec,CA-QC,0.73,29.06,99.8,98.65,hydroquebec.com,false,""
2022-11-19T20:00:00.000000,Canada,Québec,CA-QC,1.28,29.63,99.65,98.28,hydroquebec.com,false,""
2022-11-19T21:00:00.000000,Canada,Québec,CA-QC,0.49,28.72,99.87,99.39,hydroquebec.com,false,""
2022-11-19T22:00:00.000000,Canada,Québec,CA-QC,0.0,28.02,100.0,100.0,hydroquebec.com,false,""
2022-11-19T23:00:00.000000,Canada,Québec,CA-QC,0.31,28.28,99.92,99.64,hydroquebec.com,false,""
2022-11-20T00:00:00.000000,Canada,Québec,CA-QC,0.93,29.03,99.75,98.95,hydroquebec.com,false,""
2022-11-20T01:00:00.000000,Canada,Québec,CA-QC,1.52,29.77,99.59,98.32,hydroquebec.com,false,""
2022-11-20T02:00:00.000000,Canada,Québec,CA-QC,1.13,29.48,99.69,98.62,hydroquebec.com,false,""
2022-11-20T03:00:00.000000,Canada,Québec,CA-QC,1.42,29.87,99.62,98.22,hydroquebec.com,false,""
2022-11-20T04:00:00.000000,Canada,Québec,CA-QC,1.55,30.1,99.58,98.01,hydroquebec.com,false,""
2022-11-20T05:00:00.000000,Canada,Québec,CA-QC,1.13,29.6,99.69,97.96,hydroquebec.com,false,""
2022-11-20T06:00:00.000000,Canada,Québec,CA-QC,0.61,28.93,99.84,97.9,hydroquebec.com,false,""
2022-11-20T07:00:00.000000,Canada,Québec,CA-QC,0.43,28.65,99.88,97.89,hydroquebec.com,false,""
2022-11-20T08:00:00.000000,Canada,Québec,CA-QC,0.41,28.56,99.89,97.87,hydroquebec.com,false,""
2022-11-20T09:00:00.000000,Canada,Québec,CA-QC,0.44,28.56,99.88,97.87,hydroquebec.com,false,""
2022-11-20T10:00:00.000000,Canada,Québec,CA-QC,0.19,28.54,99.95,99.08,hydroquebec.com,false,""
2022-11-20T11:00:00.000000,Canada,Québec,CA-QC,0.18,28.37,99.95,99.15,hydroquebec.com,false,""
2022-11-20T12:00:00.000000,Canada,Québec,CA-QC,0.15,28.19,99.96,99.27,hydroquebec.com,false,""
2022-11-20T13:00:00.000000,Canada,Québec,CA-QC,0.14,28.12,99.96,99.34,hydroquebec.com,false,""
2022-11-20T14:00:00.000000,Canada,Québec,CA-QC,0.16,28.16,99.96,99.36,hydroquebec.com,false,""
2022-11-20T15:00:00.000000,Canada,Québec,CA-QC,0.2,28.24,99.95,99.35,hydroquebec.com,false,""
2022-11-20T16:00:00.000000,Canada,Québec,CA-QC,0.22,28.29,99.94,99.34,hydroquebec.com,false,""
2022-11-20T17:00:00.000000,Canada,Québec,CA-QC,0.29,28.35,99.92,99.23,hydroquebec.com,false,""
2022-11-20T18:00:00.000000,Canada,Québec,CA-QC,0.48,28.46,99.87,99.15,hydroquebec.com,false,""
2022-11-20T19:00:00.000000,Canada,Québec,CA-QC,0.64,28.5,99.83,99.07,hydroquebec.com,false,""
2022-11-20T20:00:00.000000,Canada,Québec,CA-QC,0.47,28.2,99.87,99.36,hydroquebec.com,false,""
2022-11-20T21:00:00.000000,Canada,Québec,CA-QC,0.0,27.43,100.0,100.0,hydroquebec.com,false,""
2022-11-20T22:00:00.000000,Canada,Québec,CA-QC,0.0,27.13,100.0,100.0,hydroquebec.com,false,""
2022-11-20T23:00:00.000000,Canada,Québec,CA-QC,0.0,27.01,100.0,100.0,hydroquebec.com,false,""
2022-11-21T00:00:00.000000,Canada,Québec,CA-QC,0.0,27.03,100.0,100.0,hydroquebec.com,false,""
2022-11-21T01:00:00.000000,Canada,Québec,CA-QC,0.0,27.01,100.0,100.0,hydroquebec.com,false,""
2022-11-21T02:00:00.000000,Canada,Québec,CA-QC,0.0,27.04,100.0,100.0,hydroquebec.com,false,""
2022-11-21T03:00:00.000000,Canada,Québec,CA-QC,0.0,27.12,100.0,100.0,hydroquebec.com,false,""
2022-11-21T04:00:00.000000,Canada,Québec,CA-QC,0.0,27.18,100.0,100.0,hydroquebec.com,false,""
2022-11-21T05:00:00.000000,Canada,Québec,CA-QC,0.0,27.24,100.0,100.0,hydroquebec.com,false,""
2022-11-21T06:00:00.000000,Canada,Québec,CA-QC,0.26,27.58,99.94,99.85,hydroquebec.com,false,""
2022-11-21T07:00:00.000000,Canada,Québec,CA-QC,0.28,27.5,99.92,99.43,hydroquebec.com,false,""
2022-11-21T08:00:00.000000,Canada,Québec,CA-QC,0.57,27.72,99.84,98.84,hydroquebec.com,false,""
2022-11-21T09:00:00.000000,Canada,Québec,CA-QC,0.46,27.63,99.87,99.13,hydroquebec.com,false,""
2022-11-21T10:00:00.000000,Canada,Québec,CA-QC,0.45,27.57,99.88,99.2,hydroquebec.com,false,""
2022-11-21T11:00:00.000000,Canada,Québec,CA-QC,0.0,27.08,100.0,100.0,hydroquebec.com,false,""
2022-11-21T12:00:00.000000,Canada,Québec,CA-QC,0.0,26.96,100.0,100.0,hydroquebec.com,false,""
2022-11-21T13:00:00.000000,Canada,Québec,CA-QC,0.0,27.03,100.0,100.0,hydroquebec.com,false,""
2022-11-21T14:00:00.000000,Canada,Québec,CA-QC,0.11,27.29,99.97,99.83,hydroquebec.com,false,""
2022-11-21T15:00:00.000000,Canada,Québec,CA-QC,0.15,27.41,99.96,99.75,hydroquebec.com,false,""
2022-11-21T16:00:00.000000,Canada,Québec,CA-QC,0.32,27.62,99.91,99.48,hydroquebec.com,false,""
2022-11-21T17:00:00.000000,Canada,Québec,CA-QC,0.33,27.66,99.91,99.46,hydroquebec.com,false,""
2022-11-21T18:00:00.000000,Canada,Québec,CA-QC,0.42,27.75,99.89,99.33,hydroquebec.com,false,""
2022-11-21T19:00:00.000000,Canada,Québec,CA-QC,0.43,27.76,99.88,99.32,hydroquebec.com,false,""
2022-11-21T20:00:00.000000,Canada,Québec,CA-QC,0.23,27.54,99.94,99.67,hydroquebec.com,false,""
2022-11-21T21:00:00.000000,Canada,Québec,CA-QC,0.23,27.42,99.94,99.72,hydroquebec.com,false,""
2022-11-21T22:00:00.000000,Canada,Québec,CA-QC,0.0,27.03,100.0,100.0,hydroquebec.com,false,""
2022-11-21T23:00:00.000000,Canada,Québec,CA-QC,0.0,26.96,100.0,100.0,hydroquebec.com,false,""
2022-11-22T00:00:00.000000,Canada,Québec,CA-QC,0.0,26.94,100.0,100.0,hydroquebec.com,false,""
2022-11-22T01:00:00.000000,Canada,Québec,CA-QC,0.0,26.99,100.0,100.0,hydroquebec.com,false,""
2022-11-22T02:00:00.000000,Canada,Québec,CA-QC,0.0,27.08,100.0,100.0,hydroquebec.com,false,""
2022-11-22T03:00:00.000000,Canada,Québec,CA-QC,0.0,27.17,100.0,100.0,hydroquebec.com,false,""
2022-11-22T04:00:00.000000,Canada,Québec,CA-QC,0.0,27.33,100.0,100.0,hydroquebec.com,false,""
2022-11-22T05:00:00.000000,Canada,Québec,CA-QC,0.0,27.49,100.0,100.0,hydroquebec.com,false,""
2022-11-22T06:00:00.000000,Canada,Québec,CA-QC,0.0,27.57,100.0,100.0,hydroquebec.com,false,""
2022-11-22T07:00:00.000000,Canada,Québec,CA-QC,0.0,27.6,100.0,100.0,hydroquebec.com,false,""
2022-11-22T08:00:00.000000,Canada,Québec,CA-QC,0.0,27.54,100.0,100.0,hydroquebec.com,false,""
2022-11-22T09:00:00.000000,Canada,Québec,CA-QC,0.0,27.35,100.0,100.0,hydroquebec.com,false,""
2022-11-22T10:00:00.000000,Canada,Québec,CA-QC,0.0,27.18,100.0,100.0,hydroquebec.com,false,""
2022-11-22T11:00:00.000000,Canada,Québec,CA-QC,0.0,27.02,100.0,100.0,hydroquebec.com,false,""
2022-11-22T12:00:00.000000,Canada,Québec,CA-QC,0.0,26.9,100.0,100.0,hydroquebec.com,false,""
2022-11-22T13:00:00.000000,Canada,Québec,CA-QC,0.0,26.91,100.0,100.0,hydroquebec.com,false,""
2022-11-22T14:00:00.000000,Canada,Québec,CA-QC,0.0,27.04,100.0,100.0,hydroquebec.com,false,""
2022-11-22T15:00:00.000000,Canada,Québec,CA-QC,0.0,27.18,100.0,100.0,hydroquebec.com,false,""
2022-11-22T16:00:00.000000,Canada,Québec,CA-QC,0.0,27.29,100.0,100.0,hydroquebec.com,false,""
2022-11-22T17:00:00.000000,Canada,Québec,CA-QC,0.0,27.2,100.0,100.0,hydroquebec.com,false,""
2022-11-22T18:00:00.000000,Canada,Québec,CA-QC,0.0,27.09,100.0,100.0,hydroquebec.com,false,""
2022-11-22T19:00:00.000000,Canada,Québec,CA-QC,0.0,27.15,100.0,100.0,hydroquebec.com,false,""
2022-11-22T20:00:00.000000,Canada,Québec,CA-QC,0.0,27.11,100.0,100.0,hydroquebec.com,false,""
2022-11-22T21:00:00.000000,Canada,Québec,CA-QC,0.0,26.95,100.0,100.0,hydroquebec.com,false,""
2022-11-22T22:00:00.000000,Canada,Québec,CA-QC,0.0,26.76,100.0,100.0,hydroquebec.com,false,""
2022-11-22T23:00:00.000000,Canada,Québec,CA-QC,0.0,26.7,100.0,100.0,hydroquebec.com,false,""
2022-11-23T00:00:00.000000,Canada,Québec,CA-QC,0.0,26.76,100.0,100.0,hydroquebec.com,false,""
2022-11-23T01:00:00.000000,Canada,Québec,CA-QC,0.0,26.83,100.0,100.0,hydroquebec.com,false,""
2022-11-23T02:00:00.000000,Canada,Québec,CA-QC,0.0,26.94,100.0,100.0,hydroquebec.com,false,""
2022-11-23T03:00:00.000000,Canada,Québec,CA-QC,0.0,27.12,100.0,100.0,hydroquebec.com,false,""
2022-11-23T04:00:00.000000,Canada,Québec,CA-QC,0.0,27.29,100.0,100.0,hydroquebec.com,false,""
2022-11-23T05:00:00.000000,Canada,Québec,CA-QC,0.0,27.5,100.0,100.0,hydroquebec.com,false,""
2022-11-23T06:00:00.000000,Canada,Québec,CA-QC,0.0,27.7,100.0,100.0,hydroquebec.com,false,""
2022-11-23T07:00:00.000000,Canada,Québec,CA-QC,0.0,27.73,100.0,100.0,hydroquebec.com,false,""
2022-11-23T08:00:00.000000,Canada,Québec,CA-QC,0.0,27.67,100.0,100.0,hydroquebec.com,false,""
2022-11-23T09:00:00.000000,Canada,Québec,CA-QC,0.0,27.58,100.0,100.0,hydroquebec.com,false,""
2022-11-23T10:00:00.000000,Canada,Québec,CA-QC,0.0,27.41,100.0,100.0,hydroquebec.com,false,""
2022-11-23T11:00:00.000000,Canada,Québec,CA-QC,0.0,27.17,100.0,100.0,hydroquebec.com,false,""
2022-11-23T12:00:00.000000,Canada,Québec,CA-QC,0.0,27.0,100.0,100.0,hydroquebec.com,false,""
2022-11-23T13:00:00.000000,Canada,Québec,CA-QC,0.0,26.93,100.0,100.0,hydroquebec.com,false,""
2022-11-23T14:00:00.000000,Canada,Québec,CA-QC,0.0,26.94,100.0,100.0,hydroquebec.com,false,""
2022-11-23T15:00:00.000000,Canada,Québec,CA-QC,0.0,26.95,100.0,100.0,hydroquebec.com,false,""
2022-11-23T16:00:00.000000,Canada,Québec,CA-QC,0.0,26.98,100.0,100.0,hydroquebec.com,false,""
2022-11-23T17:00:00.000000,Canada,Québec,CA-QC,0.0,27.16,100.0,100.0,hydroquebec.com,false,""
2022-11-23T18:00:00.000000,Canada,Québec,CA-QC,0.0,27.35,100.0,100.0,hydroquebec.com,false,""
2022-11-23T19:00:00.000000,Canada,Québec,CA-QC,0.0,27.39,100.0,100.0,hydroquebec.com,false,""
2022-11-23T20:00:00.000000,Canada,Québec,CA-QC,0.0,27.39,100.0,100.0,hydroquebec.com,false,""
2022-11-23T21:00:00.000000,Canada,Québec,CA-QC,0.0,27.24,100.0,100.0,hydroquebec.com,false,""
2022-11-23T22:00:00.000000,Canada,Québec,CA-QC,0.0,27.03,100.0,100.0,hydroquebec.com,false,""
2022-11-23T23:00:00.000000,Canada,Québec,CA-QC,0.0,26.99,100.0,100.0,hydroquebec.com,false,""
2022-11-24T00:00:00.000000,Canada,Québec,CA-QC,0.0,27.06,100.0,100.0,hydroquebec.com,false,""
2022-11-24T01:00:00.000000,Canada,Québec,CA-QC,0.0,27.15,100.0,100.0,hydroquebec.com,false,""
2022-11-24T02:00:00.000000,Canada,Québec,CA-QC,0.0,27.28,100.0,100.0,hydroquebec.com,false,""
2022-11-24T03:00:00.000000,Canada,Québec,CA-QC,0.0,27.39,100.0,100.0,hydroquebec.com,false,""
2022-11-24T04:00:00.000000,Canada,Québec,CA-QC,0.0,27.49,100.0,100.0,hydroquebec.com,false,""
2022-11-24T05:00:00.000000,Canada,Québec,CA-QC,0.0,27.55,100.0,100.0,hydroquebec.com,false,""
2022-11-24T06:00:00.000000,Canada,Québec,CA-QC,0.09,27.71,99.98,99.75,hydroquebec.com,false,""
2022-11-24T07:00:00.000000,Canada,Québec,CA-QC,0.32,27.83,99.91,98.97,hydroquebec.com,false,""
2022-11-24T08:00:00.000000,Canada,Québec,CA-QC,0.31,27.79,99.92,99.0,hydroquebec.com,false,""
2022-11-24T09:00:00.000000,Canada,Québec,CA-QC,0.0,27.62,100.0,99.99,hydroquebec.com,false,""
2022-11-24T10:00:00.000000,Canada,Québec,CA-QC,0.0,27.42,100.0,100.0,hydroquebec.com,false,""
2022-11-24T11:00:00.000000,Canada,Québec,CA-QC,0.0,27.15,100.0,100.0,hydroquebec.com,false,""
2022-11-24T12:00:00.000000,Canada,Québec,CA-QC,0.0,26.98,100.0,100.0,hydroquebec.com,false,""
2022-11-24T13:00:00.000000,Canada,Québec,CA-QC,0.0,26.95,100.0,100.0,hydroquebec.com,false,""
2022-11-24T14:00:00.000000,Canada,Québec,CA-QC,0.0,27.02,100.0,100.0,hydroquebec.com,false,""
2022-11-24T15:00:00.000000,Canada,Québec,CA-QC,0.0,27.11,100.0,100.0,hydroquebec.com,false,""
2022-11-24T16:00:00.000000,Canada,Québec,CA-QC,0.0,27.19,100.0,100.0,hydroquebec.com,false,""
2022-11-24T17:00:00.000000,Canada,Québec,CA-QC,0.0,27.18,100.0,100.0,hydroquebec.com,false,""
2022-11-24T18:00:00.000000,Canada,Québec,CA-QC,0.0,27.18,100.0,100.0,hydroquebec.com,false,""
2022-11-24T19:00:00.000000,Canada,Québec,CA-QC,0.0,27.27,100.0,100.0,hydroquebec.com,false,""
2022-11-24T20:00:00.000000,Canada,Québec,CA-QC,0.0,27.28,100.0,100.0,hydroquebec.com,false,""
2022-11-24T21:00:00.000000,Canada,Québec,CA-QC,0.0,27.14,100.0,100.0,hydroquebec.com,false,""
2022-11-24T22:00:00.000000,Canada,Québec,CA-QC,0.0,26.99,100.0,100.0,hydroquebec.com,false,""
2022-11-24T23:00:00.000000,Canada,Québec,CA-QC,0.0,26.98,100.0,100.0,hydroquebec.com,false,""
2022-11-25T00:00:00.000000,Canada,Québec,CA-QC,0.0,27.06,100.0,100.0,hydroquebec.com,false,""
2022-11-25T01:00:00.000000,Canada,Québec,CA-QC,0.0,27.12,100.0,100.0,hydroquebec.com,false,""
2022-11-25T02:00:00.000000,Canada,Québec,CA-QC,0.0,27.22,100.0,100.0,hydroquebec.com,false,""
2022-11-25T03:00:00.000000,Canada,Québec,CA-QC,0.19,27.45,99.95,99.41,hydroquebec.com,false,""
2022-11-25T04:00:00.000000,Canada,Québec,CA-QC,0.11,27.43,99.97,99.15,hydroquebec.com,false,""
2022-11-25T05:00:00.000000,Canada,Québec,CA-QC,0.11,27.48,99.97,98.82,hydroquebec.com,false,""
2022-11-25T06:00:00.000000,Canada,Québec,CA-QC,0.08,27.5,99.98,98.79,hydroquebec.com,false,""
2022-11-25T07:00:00.000000,Canada,Québec,CA-QC,0.08,27.44,99.98,98.71,hydroquebec.com,false,""
2022-11-25T08:00:00.000000,Canada,Québec,CA-QC,0.08,27.37,99.98,98.71,hydroquebec.com,false,""
2022-11-25T09:00:00.000000,Canada,Québec,CA-QC,0.08,27.29,99.98,98.67,hydroquebec.com,false,""
2022-11-25T10:00:00.000000,Canada,Québec,CA-QC,0.08,27.15,99.98,98.69,hydroquebec.com,false,""
2022-11-25T11:00:00.000000,Canada,Québec,CA-QC,0.14,26.99,99.96,98.77,hydroquebec.com,false,""
2022-11-25T12:00:00.000000,Canada,Québec,CA-QC,0.11,26.83,99.97,99.37,hydroquebec.com,false,""
2022-11-25T13:00:00.000000,Canada,Québec,CA-QC,0.01,26.69,100.0,99.94,hydroquebec.com,false,""
2022-11-25T14:00:00.000000,Canada,Québec,CA-QC,0.04,26.68,99.99,99.73,hydroquebec.com,false,""
2022-11-25T15:00:00.000000,Canada,Québec,CA-QC,0.07,26.77,99.98,99.67,hydroquebec.com,false,""
2022-11-25T16:00:00.000000,Canada,Québec,CA-QC,0.0,26.79,100.0,100.0,hydroquebec.com,false,""
2022-11-25T17:00:00.000000,Canada,Québec,CA-QC,0.0,26.81,100.0,100.0,hydroquebec.com,false,""
2022-11-25T18:00:00.000000,Canada,Québec,CA-QC,0.0,26.88,100.0,100.0,hydroquebec.com,false,""
2022-11-25T19:00:00.000000,Canada,Québec,CA-QC,0.0,26.94,100.0,100.0,hydroquebec.com,false,""
2022-11-25T20:00:00.000000,Canada,Québec,CA-QC,0.0,26.99,100.0,100.0,hydroquebec.com,false,""
2022-11-25T21:00:00.000000,Canada,Québec,CA-QC,0.0,26.95,100.0,100.0,hydroquebec.com,false,""
2022-11-25T22:00:00.000000,Canada,Québec,CA-QC,0.0,26.87,100.0,100.0,hydroquebec.com,false,""
2022-11-25T23:00:00.000000,Canada,Québec,CA-QC,0.0,26.86,100.0,100.0,hydroquebec.com,false,""
2022-11-26T00:00:00.000000,Canada,Québec,CA-QC,0.0,26.96,100.0,100.0,hydroquebec.com,false,""
2022-11-26T01:00:00.000000,Canada,Québec,CA-QC,0.0,27.09,100.0,100.0,hydroquebec.com,false,""
2022-11-26T02:00:00.000000,Canada,Québec,CA-QC,0.0,27.16,100.0,100.0,hydroquebec.com,false,""
2022-11-26T03:00:00.000000,Canada,Québec,CA-QC,0.0,27.25,100.0,100.0,hydroquebec.com,false,""
2022-11-26T04:00:00.000000,Canada,Québec,CA-QC,0.0,27.4,100.0,100.0,hydroquebec.com,false,""
2022-11-26T05:00:00.000000,Canada,Québec,CA-QC,0.03,27.47,99.99,99.77,hydroquebec.com,false,""
2022-11-26T06:00:00.000000,Canada,Québec,CA-QC,0.11,27.28,99.97,98.56,hydroquebec.com,false,""
2022-11-26T07:00:00.000000,Canada,Québec,CA-QC,0.1,27.27,99.97,98.44,hydroquebec.com,false,""
2022-11-26T08:00:00.000000,Canada,Québec,CA-QC,0.1,27.34,99.98,98.59,hydroquebec.com,false,""
2022-11-26T09:00:00.000000,Canada,Québec,CA-QC,0.1,27.35,99.97,98.54,hydroquebec.com,false,""
2022-11-26T10:00:00.000000,Canada,Québec,CA-QC,0.11,27.34,99.97,98.54,hydroquebec.com,false,""
2022-11-26T11:00:00.000000,Canada,Québec,CA-QC,0.07,27.36,99.98,98.95,hydroquebec.com,false,""
2022-11-26T12:00:00.000000,Canada,Québec,CA-QC,0.06,27.36,99.98,99.28,hydroquebec.com,false,""
2022-11-26T13:00:00.000000,Canada,Québec,CA-QC,0.05,27.27,99.99,99.31,hydroquebec.com,false,""
2022-11-26T14:00:00.000000,Canada,Québec,CA-QC,0.06,27.28,99.98,99.16,hydroquebec.com,false,""
2022-11-26T15:00:00.000000,Canada,Québec,CA-QC,0.08,27.32,99.98,98.77,hydroquebec.com,false,""
2022-11-26T16:00:00.000000,Canada,Québec,CA-QC,0.08,27.34,99.98,98.72,hydroquebec.com,false,""
2022-11-26T17:00:00.000000,Canada,Québec,CA-QC,0.12,27.47,99.97,98.71,hydroquebec.com,false,""
2022-11-26T18:00:00.000000,Canada,Québec,CA-QC,0.14,27.66,99.96,98.68,hydroquebec.com,false,""
2022-11-26T19:00:00.000000,Canada,Québec,CA-QC,0.15,27.76,99.96,98.58,hydroquebec.com,false,""
2022-11-26T20:00:00.000000,Canada,Québec,CA-QC,0.14,27.72,99.96,98.72,hydroquebec.com,false,""
2022-11-26T21:00:00.000000,Canada,Québec,CA-QC,0.02,27.65,99.99,99.83,hydroquebec.com,false,""
2022-11-26T22:00:00.000000,Canada,Québec,CA-QC,0.03,27.38,99.99,99.83,hydroquebec.com,false,""
2022-11-26T23:00:00.000000,Canada,Québec,CA-QC,0.16,27.25,99.96,99.12,hydroquebec.com,false,""
2022-11-27T00:00:00.000000,Canada,Québec,CA-QC,0.18,27.34,99.95,98.99,hydroquebec.com,false,""
2022-11-27T01:00:00.000000,Canada,Québec,CA-QC,0.12,27.31,99.97,98.97,hydroquebec.com,false,""
2022-11-27T02:00:00.000000,Canada,Québec,CA-QC,0.08,27.26,99.98,98.8,hydroquebec.com,false,""
2022-11-27T03:00:00.000000,Canada,Québec,CA-QC,0.07,27.37,99.98,98.81,hydroquebec.com,false,""
2022-11-27T04:00:00.000000,Canada,Québec,CA-QC,0.08,27.46,99.98,98.72,hydroquebec.com,false,""
2022-11-27T05:00:00.000000,Canada,Québec,CA-QC,0.08,27.5,99.98,98.66,hydroquebec.com,false,""
2022-11-27T06:00:00.000000,Canada,Québec,CA-QC,0.09,27.54,99.98,98.52,hydroquebec.com,false,""
2022-11-27T07:00:00.000000,Canada,Québec,CA-QC,0.09,27.55,99.98,98.51,hydroquebec.com,false,""
2022-11-27T08:00:00.000000,Canada,Québec,CA-QC,0.09,27.52,99.98,98.54,hydroquebec.com,false,""
2022-11-27T09:00:00.000000,Canada,Québec,CA-QC,0.08,27.48,99.98,98.65,hydroquebec.com,false,""
2022-11-27T10:00:00.000000,Canada,Québec,CA-QC,0.08,27.41,99.98,98.58,hydroquebec.com,false,""
2022-11-27T11:00:00.000000,Canada,Québec,CA-QC,0.1,27.43,99.97,98.99,hydroquebec.com,false,""
2022-11-27T12:00:00.000000,Canada,Québec,CA-QC,0.0,27.41,100.0,100.0,hydroquebec.com,false,""
2022-11-27T13:00:00.000000,Canada,Québec,CA-QC,0.0,27.3,100.0,100.0,hydroquebec.com,false,""
2022-11-27T14:00:00.000000,Canada,Québec,CA-QC,0.0,27.26,100.0,100.0,hydroquebec.com,false,""
2022-11-27T15:00:00.000000,Canada,Québec,CA-QC,0.0,27.33,100.0,100.0,hydroquebec.com,false,""
2022-11-27T16:00:00.000000,Canada,Québec,CA-QC,0.0,27.46,100.0,100.0,hydroquebec.com,false,""
2022-11-27T17:00:00.000000,Canada,Québec,CA-QC,0.0,27.69,100.0,100.0,hydroquebec.com,false,""
2022-11-27T18:00:00.000000,Canada,Québec,CA-QC,0.0,27.9,100.0,100.0,hydroquebec.com,false,""
2022-11-27T19:00:00.000000,Canada,Québec,CA-QC,0.0,28.0,100.0,100.0,hydroquebec.com,false,""
2022-11-27T20:00:00.000000,Canada,Québec,CA-QC,0.0,27.99,100.0,100.0,hydroquebec.com,false,""
2022-11-27T21:00:00.000000,Canada,Québec,CA-QC,0.0,27.88,100.0,100.0,hydroquebec.com,false,""
2022-11-27T22:00:00.000000,Canada,Québec,CA-QC,0.0,27.83,100.0,100.0,hydroquebec.com,false,""
2022-11-27T23:00:00.000000,Canada,Québec,CA-QC,0.0,27.88,100.0,100.0,hydroquebec.com,false,""
2022-11-28T00:00:00.000000,Canada,Québec,CA-QC,0.0,28.02,100.0,100.0,hydroquebec.com,false,""
2022-11-28T01:00:00.000000,Canada,Québec,CA-QC,0.0,28.17,100.0,100.0,hydroquebec.com,false,""
2022-11-28T02:00:00.000000,Canada,Québec,CA-QC,0.0,28.29,100.0,100.0,hydroquebec.com,false,""
2022-11-28T03:00:00.000000,Canada,Québec,CA-QC,0.0,28.46,100.0,100.0,hydroquebec.com,false,""
2022-11-28T04:00:00.000000,Canada,Québec,CA-QC,0.02,28.6,100.0,99.75,hydroquebec.com,false,""
2022-11-28T05:00:00.000000,Canada,Québec,CA-QC,0.08,28.54,99.98,98.92,hydroquebec.com,false,""
2022-11-28T06:00:00.000000,Canada,Québec,CA-QC,0.1,28.57,99.97,98.77,hydroquebec.com,false,""
2022-11-28T07:00:00.000000,Canada,Québec,CA-QC,0.11,28.61,99.97,98.89,hydroquebec.com,false,""
2022-11-28T08:00:00.000000,Canada,Québec,CA-QC,0.19,28.59,99.95,98.73,hydroquebec.com,false,""
2022-11-28T09:00:00.000000,Canada,Québec,CA-QC,0.21,28.51,99.94,98.77,hydroquebec.com,false,""
2022-11-28T10:00:00.000000,Canada,Québec,CA-QC,0.02,28.4,99.99,99.92,hydroquebec.com,false,""
2022-11-28T11:00:00.000000,Canada,Québec,CA-QC,0.0,28.0,100.0,100.0,hydroquebec.com,false,""
2022-11-28T12:00:00.000000,Canada,Québec,CA-QC,0.0,27.65,100.0,100.0,hydroquebec.com,false,""
2022-11-28T13:00:00.000000,Canada,Québec,CA-QC,0.0,27.52,100.0,100.0,hydroquebec.com,false,""
2022-11-28T14:00:00.000000,Canada,Québec,CA-QC,0.0,27.54,100.0,100.0,hydroquebec.com,false,""
2022-11-28T15:00:00.000000,Canada,Québec,CA-QC,0.0,27.62,100.0,100.0,hydroquebec.com,false,""
2022-11-28T16:00:00.000000,Canada,Québec,CA-QC,0.0,27.69,100.0,100.0,hydroquebec.com,false,""
2022-11-28T17:00:00.000000,Canada,Québec,CA-QC,0.0,27.7,100.0,100.0,hydroquebec.com,false,""
2022-11-28T18:00:00.000000,Canada,Québec,CA-QC,0.0,27.67,100.0,100.0,hydroquebec.com,false,""
2022-11-28T19:00:00.000000,Canada,Québec,CA-QC,0.0,27.62,100.0,100.0,hydroquebec.com,false,""
2022-11-28T20:00:00.000000,Canada,Québec,CA-QC,0.0,27.59,100.0,100.0,hydroquebec.com,false,""
2022-11-28T21:00:00.000000,Canada,Québec,CA-QC,0.0,27.33,100.0,100.0,hydroquebec.com,false,""
2022-11-28T22:00:00.000000,Canada,Québec,CA-QC,0.0,26.99,100.0,100.0,hydroquebec.com,false,""
2022-11-28T23:00:00.000000,Canada,Québec,CA-QC,0.0,27.0,100.0,100.0,hydroquebec.com,false,""
2022-11-29T00:00:00.000000,Canada,Québec,CA-QC,0.0,27.08,100.0,100.0,hydroquebec.com,false,""
2022-11-29T01:00:00.000000,Canada,Québec,CA-QC,0.0,27.09,100.0,100.0,hydroquebec.com,false,""
2022-11-29T02:00:00.000000,Canada,Québec,CA-QC,0.0,27.2,100.0,100.0,hydroquebec.com,false,""
2022-11-29T03:00:00.000000,Canada,Québec,CA-QC,0.0,27.35,100.0,100.0,hydroquebec.com,false,""
2022-11-29T04:00:00.000000,Canada,Québec,CA-QC,0.0,27.55,100.0,100.0,hydroquebec.com,false,""
2022-11-29T05:00:00.000000,Canada,Québec,CA-QC,0.0,27.75,100.0,100.0,hydroquebec.com,false,""
2022-11-29T06:00:00.000000,Canada,Québec,CA-QC,0.0,27.9,100.0,100.0,hydroquebec.com,false,""
2022-11-29T07:00:00.000000,Canada,Québec,CA-QC,0.0,27.98,100.0,100.0,hydroquebec.com,false,""
2022-11-29T08:00:00.000000,Canada,Québec,CA-QC,0.0,28.0,100.0,100.0,hydroquebec.com,false,""
2022-11-29T09:00:00.000000,Canada,Québec,CA-QC,0.0,27.95,100.0,100.0,hydroquebec.com,false,""
2022-11-29T10:00:00.000000,Canada,Québec,CA-QC,0.0,27.79,100.0,100.0,hydroquebec.com,false,""
2022-11-29T11:00:00.000000,Canada,Québec,CA-QC,0.0,27.57,100.0,100.0,hydroquebec.com,false,""
2022-11-29T12:00:00.000000,Canada,Québec,CA-QC,0.0,27.41,100.0,100.0,hydroquebec.com,false,""
2022-11-29T13:00:00.000000,Canada,Québec,CA-QC,0.0,27.34,100.0,100.0,hydroquebec.com,false,""
2022-11-29T14:00:00.000000,Canada,Québec,CA-QC,0.0,27.36,100.0,100.0,hydroquebec.com,false,""
2022-11-29T15:00:00.000000,Canada,Québec,CA-QC,0.0,27.41,100.0,100.0,hydroquebec.com,false,""
2022-11-29T16:00:00.000000,Canada,Québec,CA-QC,0.0,27.44,100.0,100.0,hydroquebec.com,false,""
2022-11-29T17:00:00.000000,Canada,Québec,CA-QC,0.0,27.6,100.0,100.0,hydroquebec.com,false,""
2022-11-29T18:00:00.000000,Canada,Québec,CA-QC,0.0,27.77,100.0,100.0,hydroquebec.com,false,""
2022-11-29T19:00:00.000000,Canada,Québec,CA-QC,0.0,27.84,100.0,100.0,hydroquebec.com,false,""
2022-11-29T20:00:00.000000,Canada,Québec,CA-QC,0.0,27.85,100.0,100.0,hydroquebec.com,false,""
2022-11-29T21:00:00.000000,Canada,Québec,CA-QC,0.0,27.76,100.0,100.0,hydroquebec.com,false,""
2022-11-29T22:00:00.000000,Canada,Québec,CA-QC,0.0,27.68,100.0,100.0,hydroquebec.com,false,""
2022-11-29T23:00:00.000000,Canada,Québec,CA-QC,0.0,27.69,100.0,100.0,hydroquebec.com,false,""
2022-11-30T00:00:00.000000,Canada,Québec,CA-QC,0.0,27.72,100.0,100.0,hydroquebec.com,false,""
2022-11-30T01:00:00.000000,Canada,Québec,CA-QC,0.0,27.84,100.0,100.0,hydroquebec.com,false,""
2022-11-30T02:00:00.000000,Canada,Québec,CA-QC,0.0,27.97,100.0,100.0,hydroquebec.com,false,""
2022-11-30T03:00:00.000000,Canada,Québec,CA-QC,0.0,28.15,100.0,99.99,hydroquebec.com,false,""
2022-11-30T04:00:00.000000,Canada,Québec,CA-QC,0.02,28.31,99.99,99.61,hydroquebec.com,false,""
2022-11-30T05:00:00.000000,Canada,Québec,CA-QC,0.06,28.34,99.98,99.0,hydroquebec.com,false,""
2022-11-30T06:00:00.000000,Canada,Québec,CA-QC,0.06,28.43,99.98,98.99,hydroquebec.com,false,""
2022-11-30T07:00:00.000000,Canada,Québec,CA-QC,0.56,28.99,99.87,98.76,hydroquebec.com,false,""
2022-11-30T08:00:00.000000,Canada,Québec,CA-QC,0.54,28.89,99.87,98.74,hydroquebec.com,false,""
2022-11-30T09:00:00.000000,Canada,Québec,CA-QC,0.75,28.97,99.82,98.66,hydroquebec.com,false,""
2022-11-30T10:00:00.000000,Canada,Québec,CA-QC,0.15,28.03,99.96,98.93,hydroquebec.com,false,""
2022-11-30T11:00:00.000000,Canada,Québec,CA-QC,0.0,27.76,100.0,99.99,hydroquebec.com,false,""
2022-11-30T12:00:00.000000,Canada,Québec,CA-QC,0.0,27.35,100.0,100.0,hydroquebec.com,false,""
2022-11-30T13:00:00.000000,Canada,Québec,CA-QC,0.0,27.17,100.0,100.0,hydroquebec.com,false,""
2022-11-30T14:00:00.000000,Canada,Québec,CA-QC,0.0,27.15,100.0,100.0,hydroquebec.com,false,""
2022-11-30T15:00:00.000000,Canada,Québec,CA-QC,0.0,27.19,100.0,100.0,hydroquebec.com,false,""
2022-11-30T16:00:00.000000,Canada,Québec,CA-QC,0.0,27.12,100.0,100.0,hydroquebec.com,false,""
2022-11-30T17:00:00.000000,Canada,Québec,CA-QC,0.0,27.0,100.0,100.0,hydroquebec.com,false,""
2022-11-30T18:00:00.000000,Canada,Québec,CA-QC,0.0,27.04,100.0,100.0,hydroquebec.com,false,""
2022-11-30T19:00:00.000000,Canada,Québec,CA-QC,0.0,27.14,100.0,100.0,hydroquebec.com,false,""
2022-11-30T20:00:00.000000,Canada,Québec,CA-QC,0.0,27.1,100.0,100.0,hydroquebec.com,false,""
2022-11-30T21:00:00.000000,Canada,Québec,CA-QC,0.0,26.9,100.0,100.0,hydroquebec.com,false,""
2022-11-30T22:00:00.000000,Canada,Québec,CA-QC,0.0,26.71,100.0,100.0,hydroquebec.com,false,""
2022-11-30T23:00:00.000000,Canada,Québec,CA-QC,0.0,26.82,100.0,100.0,hydroquebec.com,false,""
2022-12-01T00:00:00.000000,Canada,Québec,CA-QC,0.0,27.0,100.0,100.0,hydroquebec.com,false,""
2022-12-01T01:00:00.000000,Canada,Québec,CA-QC,0.0,27.14,100.0,100.0,hydroquebec.com,false,""
2022-12-01T02:00:00.000000,Canada,Québec,CA-QC,0.0,27.26,100.0,100.0,hydroquebec.com,false,""
2022-12-01T03:00:00.000000,Canada,Québec,CA-QC,0.0,27.39,100.0,100.0,hydroquebec.com,false,""
2022-12-01T04:00:00.000000,Canada,Québec,CA-QC,0.02,27.62,99.99,99.85,hydroquebec.com,false,""
2022-12-01T05:00:00.000000,Canada,Québec,CA-QC,0.69,28.24,99.83,98.76,hydroquebec.com,false,""
2022-12-01T06:00:00.000000,Canada,Québec,CA-QC,0.98,28.58,99.77,98.6,hydroquebec.com,false,""
2022-12-01T07:00:00.000000,Canada,Québec,CA-QC,0.98,28.6,99.77,98.59,hydroquebec.com,false,""
2022-12-01T08:00:00.000000,Canada,Québec,CA-QC,0.9,28.37,99.78,98.46,hydroquebec.com,false,""
2022-12-01T09:00:00.000000,Canada,Québec,CA-QC,0.54,27.81,99.87,98.8,hydroquebec.com,false,""
2022-12-01T10:00:00.000000,Canada,Québec,CA-QC,0.09,27.22,99.97,99.55,hydroquebec.com,false,""
2022-12-01T11:00:00.000000,Canada,Québec,CA-QC,0.0,27.03,100.0,100.0,hydroquebec.com,false,""
2022-12-01T12:00:00.000000,Canada,Québec,CA-QC,0.0,26.85,100.0,100.0,hydroquebec.com,false,""
2022-12-01T13:00:00.000000,Canada,Québec,CA-QC,0.0,26.75,100.0,100.0,hydroquebec.com,false,""
2022-12-01T14:00:00.000000,Canada,Québec,CA-QC,0.0,26.75,100.0,100.0,hydroquebec.com,false,""
2022-12-01T15:00:00.000000,Canada,Québec,CA-QC,0.0,26.73,100.0,100.0,hydroquebec.com,false,""
2022-12-01T16:00:00.000000,Canada,Québec,CA-QC,0.0,26.73,100.0,100.0,hydroquebec.com,false,""
2022-12-01T17:00:00.000000,Canada,Québec,CA-QC,0.0,26.73,100.0,100.0,hydroquebec.com,false,""
2022-12-01T18:00:00.000000,Canada,Québec,CA-QC,0.0,26.69,100.0,100.0,hydroquebec.com,false,""
2022-12-01T19:00:00.000000,Canada,Québec,CA-QC,0.0,26.67,100.0,100.0,hydroquebec.com,false,""
2022-12-01T20:00:00.000000,Canada,Québec,CA-QC,0.0,26.71,100.0,100.0,hydroquebec.com,false,""
2022-12-01T21:00:00.000000,Canada,Québec,CA-QC,0.0,26.65,100.0,100.0,hydroquebec.com,false,""
2022-12-01T22:00:00.000000,Canada,Québec,CA-QC,0.0,26.51,100.0,100.0,hydroquebec.com,false,""
2022-12-01T23:00:00.000000,Canada,Québec,CA-QC,0.0,26.47,100.0,100.0,hydroquebec.com,false,""
2022-12-02T00:00:00.000000,Canada,Québec,CA-QC,0.0,26.52,100.0,100.0,hydroquebec.com,false,""
2022-12-02T01:00:00.000000,Canada,Québec,CA-QC,0.0,26.61,100.0,100.0,hydroquebec.com,false,""
2022-12-02T02:00:00.000000,Canada,Québec,CA-QC,0.0,26.69,100.0,100.0,hydroquebec.com,false,""
2022-12-02T03:00:00.000000,Canada,Québec,CA-QC,0.0,26.78,100.0,100.0,hydroquebec.com,false,""
2022-12-02T04:00:00.000000,Canada,Québec,CA-QC,0.0,26.93,100.0,100.0,hydroquebec.com,false,""
2022-12-02T05:00:00.000000,Canada,Québec,CA-QC,0.0,27.07,100.0,100.0,hydroquebec.com,false,""
2022-12-02T06:00:00.000000,Canada,Québec,CA-QC,0.0,27.16,100.0,100.0,hydroquebec.com,false,""
2022-12-02T07:00:00.000000,Canada,Québec,CA-QC,0.0,27.25,100.0,100.0,hydroquebec.com,false,""
2022-12-02T08:00:00.000000,Canada,Québec,CA-QC,0.0,27.26,100.0,99.99,hydroquebec.com,false,""
2022-12-02T09:00:00.000000,Canada,Québec,CA-QC,0.02,27.21,99.99,99.62,hydroquebec.com,false,""
2022-12-02T10:00:00.000000,Canada,Québec,CA-QC,0.0,27.25,100.0,100.0,hydroquebec.com,false,""
2022-12-02T11:00:00.000000,Canada,Québec,CA-QC,0.0,27.0,100.0,100.0,hydroquebec.com,false,""
2022-12-02T12:00:00.000000,Canada,Québec,CA-QC,0.0,26.74,100.0,100.0,hydroquebec.com,false,""
2022-12-02T13:00:00.000000,Canada,Québec,CA-QC,0.0,26.71,100.0,100.0,hydroquebec.com,false,""
2022-12-02T14:00:00.000000,Canada,Québec,CA-QC,0.0,26.86,100.0,100.0,hydroquebec.com,false,""
2022-12-02T15:00:00.000000,Canada,Québec,CA-QC,0.0,27.06,100.0,100.0,hydroquebec.com,false,""
2022-12-02T16:00:00.000000,Canada,Québec,CA-QC,0.1,27.36,99.97,99.75,hydroquebec.com,false,""
2022-12-02T17:00:00.000000,Canada,Québec,CA-QC,0.0,27.45,100.0,100.0,hydroquebec.com,false,""
2022-12-02T18:00:00.000000,Canada,Québec,CA-QC,0.05,27.59,99.99,99.82,hydroquebec.com,false,""
2022-12-02T19:00:00.000000,Canada,Québec,CA-QC,0.0,27.68,100.0,100.0,hydroquebec.com,false,""
2022-12-02T20:00:00.000000,Canada,Québec,CA-QC,0.0,27.69,100.0,100.0,hydroquebec.com,false,""
2022-12-02T21:00:00.000000,Canada,Québec,CA-QC,0.0,27.47,100.0,100.0,hydroquebec.com,false,""
2022-12-02T22:00:00.000000,Canada,Québec,CA-QC,0.0,27.2,100.0,100.0,hydroquebec.com,false,""
2022-12-02T23:00:00.000000,Canada,Québec,CA-QC,0.0,27.12,100.0,100.0,hydroquebec.com,false,""
2022-12-03T00:00:00.000000,Canada,Québec,CA-QC,0.0,27.17,100.0,100.0,hydroquebec.com,false,""
2022-12-03T01:00:00.000000,Canada,Québec,CA-QC,0.1,27.23,99.97,99.56,hydroquebec.com,false,""
2022-12-03T02:00:00.000000,Canada,Québec,CA-QC,0.17,27.4,99.95,99.3,hydroquebec.com,false,""
2022-12-03T03:00:00.000000,Canada,Québec,CA-QC,0.12,27.36,99.97,98.85,hydroquebec.com,false,""
2022-12-03T04:00:00.000000,Canada,Québec,CA-QC,0.09,27.39,99.98,98.74,hydroquebec.com,false,""
2022-12-03T05:00:00.000000,Canada,Québec,CA-QC,0.09,27.37,99.98,98.65,hydroquebec.com,false,""
2022-12-03T06:00:00.000000,Canada,Québec,CA-QC,0.08,27.26,99.98,98.57,hydroquebec.com,false,""
2022-12-03T07:00:00.000000,Canada,Québec,CA-QC,0.09,27.3,99.98,98.5,hydroquebec.com,false,""
2022-12-03T08:00:00.000000,Canada,Québec,CA-QC,0.09,27.33,99.97,98.44,hydroquebec.com,false,""
2022-12-03T09:00:00.000000,Canada,Québec,CA-QC,0.09,27.28,99.97,98.43,hydroquebec.com,false,""
2022-12-03T10:00:00.000000,Canada,Québec,CA-QC,0.09,27.16,99.98,98.47,hydroquebec.com,false,""
2022-12-03T11:00:00.000000,Canada,Québec,CA-QC,0.09,27.04,99.98,98.5,hydroquebec.com,false,""
2022-12-03T12:00:00.000000,Canada,Québec,CA-QC,0.06,27.05,99.98,98.93,hydroquebec.com,false,""
2022-12-03T13:00:00.000000,Canada,Québec,CA-QC,0.04,27.05,99.99,99.26,hydroquebec.com,false,""
2022-12-03T14:00:00.000000,Canada,Québec,CA-QC,0.02,27.05,99.99,99.59,hydroquebec.com,false,""
2022-12-03T15:00:00.000000,Canada,Québec,CA-QC,0.0,27.05,100.0,100.0,hydroquebec.com,false,""
2022-12-03T16:00:00.000000,Canada,Québec,CA-QC,0.0,27.02,100.0,100.0,hydroquebec.com,false,""
2022-12-03T17:00:00.000000,Canada,Québec,CA-QC,0.0,27.11,100.0,100.0,hydroquebec.com,false,""
2022-12-03T18:00:00.000000,Canada,Québec,CA-QC,0.0,27.24,100.0,100.0,hydroquebec.com,false,""
2022-12-03T19:00:00.000000,Canada,Québec,CA-QC,0.0,27.32,100.0,100.0,hydroquebec.com,false,""
2022-12-03T20:00:00.000000,Canada,Québec,CA-QC,0.0,27.25,100.0,100.0,hydroquebec.com,false,""
2022-12-03T21:00:00.000000,Canada,Québec,CA-QC,0.0,27.08,100.0,100.0,hydroquebec.com,false,""
2022-12-03T22:00:00.000000,Canada,Québec,CA-QC,0.0,26.96,100.0,100.0,hydroquebec.com,false,""
2022-12-03T23:00:00.000000,Canada,Québec,CA-QC,0.0,26.94,100.0,100.0,hydroquebec.com,false,""
2022-12-04T00:00:00.000000,Canada,Québec,CA-QC,0.0,27.02,100.0,100.0,hydroquebec.com,false,""
2022-12-04T01:00:00.000000,Canada,Québec,CA-QC,0.0,27.08,100.0,100.0,hydroquebec.com,false,""
2022-12-04T02:00:00.000000,Canada,Québec,CA-QC,0.0,27.1,100.0,100.0,hydroquebec.com,false,""
2022-12-04T03:00:00.000000,Canada,Québec,CA-QC,0.0,27.24,100.0,100.0,hydroquebec.com,false,""
2022-12-04T04:00:00.000000,Canada,Québec,CA-QC,0.0,27.45,100.0,100.0,hydroquebec.com,false,""
2022-12-04T05:00:00.000000,Canada,Québec,CA-QC,0.05,27.47,99.99,99.66,hydroquebec.com,false,""
2022-12-04T06:00:00.000000,Canada,Québec,CA-QC,0.04,27.45,99.99,99.46,hydroquebec.com,false,""
2022-12-04T07:00:00.000000,Canada,Québec,CA-QC,0.04,27.62,99.99,99.47,hydroquebec.com,false,""
2022-12-04T08:00:00.000000,Canada,Québec,CA-QC,0.0,27.73,100.0,100.0,hydroquebec.com,false,""
2022-12-04T09:00:00.000000,Canada,Québec,CA-QC,0.0,27.61,100.0,100.0,hydroquebec.com,false,""
2022-12-04T10:00:00.000000,Canada,Québec,CA-QC,0.0,27.58,100.0,99.93,hydroquebec.com,false,""
2022-12-04T11:00:00.000000,Canada,Québec,CA-QC,0.0,27.48,100.0,100.0,hydroquebec.com,false,""
2022-12-04T12:00:00.000000,Canada,Québec,CA-QC,0.0,27.26,100.0,100.0,hydroquebec.com,false,""
2022-12-04T13:00:00.000000,Canada,Québec,CA-QC,0.0,27.15,100.0,100.0,hydroquebec.com,false,""
2022-12-04T14:00:00.000000,Canada,Québec,CA-QC,0.0,27.07,100.0,100.0,hydroquebec.com,false,""
2022-12-04T15:00:00.000000,Canada,Québec,CA-QC,0.0,27.2,100.0,100.0,hydroquebec.com,false,""
2022-12-04T16:00:00.000000,Canada,Québec,CA-QC,0.0,27.37,100.0,100.0,hydroquebec.com,false,""
2022-12-04T17:00:00.000000,Canada,Québec,CA-QC,0.0,27.29,100.0,100.0,hydroquebec.com,false,""
2022-12-04T18:00:00.000000,Canada,Québec,CA-QC,0.25,27.59,99.93,99.47,hydroquebec.com,false,""
2022-12-04T19:00:00.000000,Canada,Québec,CA-QC,0.22,27.74,99.94,99.48,hydroquebec.com,false,""
2022-12-04T20:00:00.000000,Canada,Québec,CA-QC,0.14,27.75,99.96,99.65,hydroquebec.com,false,""
2022-12-04T21:00:00.000000,Canada,Québec,CA-QC,0.0,27.44,100.0,100.0,hydroquebec.com,false,""
2022-12-04T22:00:00.000000,Canada,Québec,CA-QC,0.0,27.16,100.0,100.0,hydroquebec.com,false,""
2022-12-04T23:00:00.000000,Canada,Québec,CA-QC,0.0,27.13,100.0,100.0,hydroquebec.com,false,""
2022-12-05T00:00:00.000000,Canada,Québec,CA-QC,0.0,27.2,100.0,100.0,hydroquebec.com,false,""
2022-12-05T01:00:00.000000,Canada,Québec,CA-QC,0.0,27.33,100.0,100.0,hydroquebec.com,false,""
2022-12-05T02:00:00.000000,Canada,Québec,CA-QC,0.0,27.45,100.0,100.0,hydroquebec.com,false,""
2022-12-05T03:00:00.000000,Canada,Québec,CA-QC,0.0,27.59,100.0,99.98,hydroquebec.com,false,""
2022-12-05T04:00:00.000000,Canada,Québec,CA-QC,0.07,27.64,99.98,99.22,hydroquebec.com,false,""
2022-12-05T05:00:00.000000,Canada,Québec,CA-QC,0.13,27.55,99.96,98.26,hydroquebec.com,false,""
2022-12-05T06:00:00.000000,Canada,Québec,CA-QC,0.13,27.46,99.96,97.77,hydroquebec.com,false,""
2022-12-05T07:00:00.000000,Canada,Québec,CA-QC,0.14,27.46,99.96,97.67,hydroquebec.com,false,""
2022-12-05T08:00:00.000000,Canada,Québec,CA-QC,0.14,27.37,99.96,97.66,hydroquebec.com,false,""
2022-12-05T09:00:00.000000,Canada,Québec,CA-QC,0.2,27.37,99.95,97.84,hydroquebec.com,false,""
2022-12-05T10:00:00.000000,Canada,Québec,CA-QC,0.19,27.49,99.95,99.0,hydroquebec.com,false,""
2022-12-05T11:00:00.000000,Canada,Québec,CA-QC,0.0,27.19,100.0,99.99,hydroquebec.com,false,""
2022-12-05T12:00:00.000000,Canada,Québec,CA-QC,0.03,26.92,99.99,99.92,hydroquebec.com,false,""
2022-12-05T13:00:00.000000,Canada,Québec,CA-QC,0.0,26.77,100.0,100.0,hydroquebec.com,false,""
2022-12-05T14:00:00.000000,Canada,Québec,CA-QC,0.0,26.88,100.0,100.0,hydroquebec.com,false,""
2022-12-05T15:00:00.000000,Canada,Québec,CA-QC,0.0,26.99,100.0,100.0,hydroquebec.com,false,""
2022-12-05T16:00:00.000000,Canada,Québec,CA-QC,0.0,27.0,100.0,100.0,hydroquebec.com,false,""
2022-12-05T17:00:00.000000,Canada,Québec,CA-QC,0.0,27.2,100.0,100.0,hydroquebec.com,false,""
2022-12-05T18:00:00.000000,Canada,Québec,CA-QC,0.0,27.29,100.0,100.0,hydroquebec.com,false,""
2022-12-05T19:00:00.000000,Canada,Québec,CA-QC,0.0,27.33,100.0,100.0,hydroquebec.com,false,""
2022-12-05T20:00:00.000000,Canada,Québec,CA-QC,0.0,27.34,100.0,100.0,hydroquebec.com,false,""
2022-12-05T21:00:00.000000,Canada,Québec,CA-QC,0.0,27.14,100.0,100.0,hydroquebec.com,false,""
2022-12-05T22:00:00.000000,Canada,Québec,CA-QC,0.0,26.99,100.0,100.0,hydroquebec.com,false,""
2022-12-05T23:00:00.000000,Canada,Québec,CA-QC,0.0,26.97,100.0,100.0,hydroquebec.com,false,""
2022-12-06T00:00:00.000000,Canada,Québec,CA-QC,0.0,26.99,100.0,100.0,hydroquebec.com,false,""
2022-12-06T01:00:00.000000,Canada,Québec,CA-QC,0.0,27.11,100.0,100.0,hydroquebec.com,false,""
2022-12-06T02:00:00.000000,Canada,Québec,CA-QC,0.0,27.25,100.0,100.0,hydroquebec.com,false,""
2022-12-06T03:00:00.000000,Canada,Québec,CA-QC,0.0,27.26,100.0,100.0,hydroquebec.com,false,""
2022-12-06T04:00:00.000000,Canada,Québec,CA-QC,0.0,27.49,100.0,100.0,hydroquebec.com,false,""
2022-12-06T05:00:00.000000,Canada,Québec,CA-QC,0.0,27.76,100.0,100.0,hydroquebec.com,false,""
2022-12-06T06:00:00.000000,Canada,Québec,CA-QC,0.0,27.84,100.0,100.0,hydroquebec.com,false,""
2022-12-06T07:00:00.000000,Canada,Québec,CA-QC,0.0,27.94,100.0,100.0,hydroquebec.com,false,""
2022-12-06T08:00:00.000000,Canada,Québec,CA-QC,0.0,27.98,100.0,100.0,hydroquebec.com,false,""
2022-12-06T09:00:00.000000,Canada,Québec,CA-QC,0.0,27.77,100.0,100.0,hydroquebec.com,false,""
2022-12-06T10:00:00.000000,Canada,Québec,CA-QC,0.0,27.48,100.0,100.0,hydroquebec.com,false,""
2022-12-06T11:00:00.000000,Canada,Québec,CA-QC,0.0,27.26,100.0,100.0,hydroquebec.com,false,""
2022-12-06T12:00:00.000000,Canada,Québec,CA-QC,0.0,26.99,100.0,100.0,hydroquebec.com,false,""
2022-12-06T13:00:00.000000,Canada,Québec,CA-QC,0.0,26.88,100.0,100.0,hydroquebec.com,false,""
2022-12-06T14:00:00.000000,Canada,Québec,CA-QC,0.0,26.91,100.0,100.0,hydroquebec.com,false,""
2022-12-06T15:00:00.000000,Canada,Québec,CA-QC,0.0,27.04,100.0,100.0,hydroquebec.com,false,""
2022-12-06T16:00:00.000000,Canada,Québec,CA-QC,0.0,27.16,100.0,100.0,hydroquebec.com,false,""
2022-12-06T17:00:00.000000,Canada,Québec,CA-QC,0.0,27.09,100.0,100.0,hydroquebec.com,false,""
2022-12-06T18:00:00.000000,Canada,Québec,CA-QC,0.0,27.05,100.0,100.0,hydroquebec.com,false,""
2022-12-06T19:00:00.000000,Canada,Québec,CA-QC,0.0,27.11,100.0,100.0,hydroquebec.com,false,""
2022-12-06T20:00:00.000000,Canada,Québec,CA-QC,0.0,27.08,100.0,100.0,hydroquebec.com,false,""
2022-12-06T21:00:00.000000,Canada,Québec,CA-QC,0.0,26.97,100.0,100.0,hydroquebec.com,false,""
2022-12-06T22:00:00.000000,Canada,Québec,CA-QC,0.0,26.89,100.0,100.0,hydroquebec.com,false,""
2022-12-06T23:00:00.000000,Canada,Québec,CA-QC,0.0,26.89,100.0,100.0,hydroquebec.com,false,""
2022-12-07T00:00:00.000000,Canada,Québec,CA-QC,0.0,26.81,100.0,100.0,hydroquebec.com,false,""
2022-12-07T01:00:00.000000,Canada,Québec,CA-QC,0.0,26.78,100.0,100.0,hydroquebec.com,false,""
2022-12-07T02:00:00.000000,Canada,Québec,CA-QC,0.0,26.87,100.0,100.0,hydroquebec.com,false,""
2022-12-07T03:00:00.000000,Canada,Québec,CA-QC,0.0,26.97,100.0,100.0,hydroquebec.com,false,""
2022-12-07T04:00:00.000000,Canada,Québec,CA-QC,0.0,27.16,100.0,100.0,hydroquebec.com,false,""
2022-12-07T05:00:00.000000,Canada,Québec,CA-QC,0.0,27.46,100.0,100.0,hydroquebec.com,false,""
2022-12-07T06:00:00.000000,Canada,Québec,CA-QC,0.0,27.7,100.0,100.0,hydroquebec.com,false,""
2022-12-07T07:00:00.000000,Canada,Québec,CA-QC,0.0,27.88,100.0,100.0,hydroquebec.com,false,""
2022-12-07T08:00:00.000000,Canada,Québec,CA-QC,0.14,28.17,99.96,99.8,hydroquebec.com,false,""
2022-12-07T09:00:00.000000,Canada,Québec,CA-QC,0.01,28.05,100.0,99.99,hydroquebec.com,false,""
2022-12-07T10:00:00.000000,Canada,Québec,CA-QC,0.0,27.73,100.0,100.0,hydroquebec.com,false,""
2022-12-07T11:00:00.000000,Canada,Québec,CA-QC,0.0,27.34,100.0,100.0,hydroquebec.com,false,""
2022-12-07T12:00:00.000000,Canada,Québec,CA-QC,0.0,27.06,100.0,100.0,hydroquebec.com,false,""
2022-12-07T13:00:00.000000,Canada,Québec,CA-QC,0.0,26.95,100.0,100.0,hydroquebec.com,false,""
2022-12-07T14:00:00.000000,Canada,Québec,CA-QC,0.0,27.04,100.0,100.0,hydroquebec.com,false,""
2022-12-07T15:00:00.000000,Canada,Québec,CA-QC,0.0,27.12,100.0,100.0,hydroquebec.com,false,""
2022-12-07T16:00:00.000000,Canada,Québec,CA-QC,0.0,27.13,100.0,100.0,hydroquebec.com,false,""
2022-12-07T17:00:00.000000,Canada,Québec,CA-QC,0.0,27.29,100.0,100.0,hydroquebec.com,false,""
2022-12-07T18:00:00.000000,Canada,Québec,CA-QC,0.0,27.53,100.0,100.0,hydroquebec.com,false,""
2022-12-07T19:00:00.000000,Canada,Québec,CA-QC,0.0,27.58,100.0,100.0,hydroquebec.com,false,""
2022-12-07T20:00:00.000000,Canada,Québec,CA-QC,0.0,27.64,100.0,100.0,hydroquebec.com,false,""
2022-12-07T21:00:00.000000,Canada,Québec,CA-QC,0.0,27.76,100.0,100.0,hydroquebec.com,false,""
2022-12-07T22:00:00.000000,Canada,Québec,CA-QC,0.0,27.75,100.0,100.0,hydroquebec.com,false,""
2022-12-07T23:00:00.000000,Canada,Québec,CA-QC,0.0,27.73,100.0,100.0,hydroquebec.com,false,""
2022-12-08T00:00:00.000000,Canada,Québec,CA-QC,0.0,27.78,100.0,100.0,hydroquebec.com,false,""
2022-12-08T01:00:00.000000,Canada,Québec,CA-QC,0.0,27.92,100.0,100.0,hydroquebec.com,false,""
2022-12-08T02:00:00.000000,Canada,Québec,CA-QC,0.0,28.12,100.0,100.0,hydroquebec.com,false,""
2022-12-08T03:00:00.000000,Canada,Québec,CA-QC,0.0,28.33,100.0,100.0,hydroquebec.com,false,""
2022-12-08T04:00:00.000000,Canada,Québec,CA-QC,0.0,28.62,100.0,100.0,hydroquebec.com,false,""
2022-12-08T05:00:00.000000,Canada,Québec,CA-QC,0.0,28.82,100.0,100.0,hydroquebec.com,false,""
2022-12-08T06:00:00.000000,Canada,Québec,CA-QC,0.0,29.03,100.0,99.99,hydroquebec.com,false,""
2022-12-08T07:00:00.000000,Canada,Québec,CA-QC,0.1,29.28,99.97,99.82,Electricity Maps Estimation,true,ESTIMATED_TIME_SLICER_AVERAGE
2022-12-08T08:00:00.000000,Canada,Québec,CA-QC,0.11,29.28,99.97,99.81,Electricity Maps Estimation; hydroquebec.com,true,ESTIMATED_TIME_SLICER_AVERAGE
2022-12-08T09:00:00.000000,Canada,Québec,CA-QC,0.08,29.24,99.98,99.87,hydroquebec.com,false,""
2022-12-08T10:00:00.000000,Canada,Québec,CA-QC,0.07,29.14,99.98,99.89,hydroquebec.com,false,""
2022-12-08T11:00:00.000000,Canada,Québec,CA-QC,0.0,28.57,100.0,100.0,hydroquebec.com,false,""
2022-12-08T12:00:00.000000,Canada,Québec,CA-QC,0.0,28.02,100.0,100.0,hydroquebec.com,false,""
2022-12-08T13:00:00.000000,Canada,Québec,CA-QC,0.0,27.86,100.0,100.0,hydroquebec.com,false,""
2022-12-08T14:00:00.000000,Canada,Québec,CA-QC,0.0,27.95,100.0,100.0,hydroquebec.com,false,""
2022-12-08T15:00:00.000000,Canada,Québec,CA-QC,0.0,28.04,100.0,100.0,hydroquebec.com,false,""
2022-12-08T16:00:00.000000,Canada,Québec,CA-QC,0.0,28.1,100.0,100.0,hydroquebec.com,false,""
2022-12-08T17:00:00.000000,Canada,Québec,CA-QC,0.0,28.12,100.0,100.0,hydroquebec.com,false,""
2022-12-08T18:00:00.000000,Canada,Québec,CA-QC,0.0,28.06,100.0,100.0,hydroquebec.com,false,""
2022-12-08T19:00:00.000000,Canada,Québec,CA-QC,0.0,28.03,100.0,100.0,hydroquebec.com,false,""
2022-12-08T20:00:00.000000,Canada,Québec,CA-QC,0.0,27.89,100.0,100.0,hydroquebec.com,false,""
2022-12-08T21:00:00.000000,Canada,Québec,CA-QC,0.0,27.59,100.0,100.0,hydroquebec.com,false,""
2022-12-08T22:00:00.000000,Canada,Québec,CA-QC,0.0,27.4,100.0,100.0,hydroquebec.com,false,""
2022-12-08T23:00:00.000000,Canada,Québec,CA-QC,0.0,27.34,100.0,100.0,hydroquebec.com,false,""
2022-12-09T00:00:00.000000,Canada,Québec,CA-QC,0.0,27.33,100.0,100.0,hydroquebec.com,false,""
2022-12-09T01:00:00.000000,Canada,Québec,CA-QC,0.0,27.37,100.0,100.0,hydroquebec.com,false,""
2022-12-09T02:00:00.000000,Canada,Québec,CA-QC,0.0,27.45,100.0,100.0,hydroquebec.com,false,""
2022-12-09T03:00:00.000000,Canada,Québec,CA-QC,0.0,27.56,100.0,100.0,hydroquebec.com,false,""
2022-12-09T04:00:00.000000,Canada,Québec,CA-QC,0.0,27.73,100.0,100.0,hydroquebec.com,false,""
2022-12-09T05:00:00.000000,Canada,Québec,CA-QC,0.0,27.92,100.0,100.0,hydroquebec.com,false,""
2022-12-09T06:00:00.000000,Canada,Québec,CA-QC,0.0,28.05,100.0,100.0,hydroquebec.com,false,""
2022-12-09T07:00:00.000000,Canada,Québec,CA-QC,0.0,28.1,100.0,100.0,hydroquebec.com,false,""
2022-12-09T08:00:00.000000,Canada,Québec,CA-QC,0.0,28.03,100.0,100.0,hydroquebec.com,false,""
2022-12-09T09:00:00.000000,Canada,Québec,CA-QC,0.0,27.87,100.0,100.0,hydroquebec.com,false,""
2022-12-09T10:00:00.000000,Canada,Québec,CA-QC,0.0,27.59,100.0,100.0,hydroquebec.com,false,""
2022-12-09T11:00:00.000000,Canada,Québec,CA-QC,0.0,27.26,100.0,100.0,hydroquebec.com,false,""
2022-12-09T12:00:00.000000,Canada,Québec,CA-QC,0.0,27.06,100.0,100.0,hydroquebec.com,false,""
2022-12-09T13:00:00.000000,Canada,Québec,CA-QC,0.0,27.02,100.0,100.0,hydroquebec.com,false,""
2022-12-09T14:00:00.000000,Canada,Québec,CA-QC,0.0,27.15,100.0,100.0,hydroquebec.com,false,""
2022-12-09T15:00:00.000000,Canada,Québec,CA-QC,0.0,27.32,100.0,100.0,hydroquebec.com,false,""
2022-12-09T16:00:00.000000,Canada,Québec,CA-QC,0.0,27.41,100.0,100.0,hydroquebec.com,false,""
2022-12-09T17:00:00.000000,Canada,Québec,CA-QC,0.0,27.52,100.0,100.0,hydroquebec.com,false,""
2022-12-09T18:00:00.000000,Canada,Québec,CA-QC,0.0,27.62,100.0,100.0,hydroquebec.com,false,""
2022-12-09T19:00:00.000000,Canada,Québec,CA-QC,0.0,27.58,100.0,100.0,hydroquebec.com,false,""
2022-12-09T20:00:00.000000,Canada,Québec,CA-QC,0.0,27.52,100.0,100.0,hydroquebec.com,false,""
2022-12-09T21:00:00.000000,Canada,Québec,CA-QC,0.0,27.35,100.0,100.0,hydroquebec.com,false,""
2022-12-09T22:00:00.000000,Canada,Québec,CA-QC,0.0,27.16,100.0,100.0,hydroquebec.com,false,""
2022-12-09T23:00:00.000000,Canada,Québec,CA-QC,0.0,27.1,100.0,100.0,hydroquebec.com,false,""
2022-12-10T00:00:00.000000,Canada,Québec,CA-QC,0.0,27.06,100.0,100.0,hydroquebec.com,false,""
2022-12-10T01:00:00.000000,Canada,Québec,CA-QC,0.0,27.07,100.0,100.0,hydroquebec.com,false,""
2022-12-10T02:00:00.000000,Canada,Québec,CA-QC,0.0,27.11,100.0,100.0,hydroquebec.com,false,""
2022-12-10T03:00:00.000000,Canada,Québec,CA-QC,0.0,27.17,100.0,100.0,hydroquebec.com,false,""
2022-12-10T04:00:00.000000,Canada,Québec,CA-QC,0.0,27.28,100.0,100.0,hydroquebec.com,false,""
2022-12-10T05:00:00.000000,Canada,Québec,CA-QC,0.0,27.37,100.0,100.0,hydroquebec.com,false,""
2022-12-10T06:00:00.000000,Canada,Québec,CA-QC,0.0,27.39,100.0,100.0,hydroquebec.com,false,""
2022-12-10T07:00:00.000000,Canada,Québec,CA-QC,0.0,27.34,100.0,100.0,hydroquebec.com,false,""
2022-12-10T08:00:00.000000,Canada,Québec,CA-QC,0.0,27.24,100.0,100.0,hydroquebec.com,false,""
2022-12-10T09:00:00.000000,Canada,Québec,CA-QC,0.0,27.16,100.0,100.0,hydroquebec.com,false,""
2022-12-10T10:00:00.000000,Canada,Québec,CA-QC,0.0,26.99,100.0,100.0,hydroquebec.com,false,""
2022-12-10T11:00:00.000000,Canada,Québec,CA-QC,0.0,26.83,100.0,100.0,hydroquebec.com,false,""
2022-12-10T12:00:00.000000,Canada,Québec,CA-QC,0.0,26.78,100.0,100.0,hydroquebec.com,false,""
2022-12-10T13:00:00.000000,Canada,Québec,CA-QC,0.0,26.78,100.0,100.0,hydroquebec.com,false,""
2022-12-10T14:00:00.000000,Canada,Québec,CA-QC,0.0,26.9,100.0,100.0,hydroquebec.com,false,""
2022-12-10T15:00:00.000000,Canada,Québec,CA-QC,0.0,27.06,100.0,100.0,hydroquebec.com,false,""
2022-12-10T16:00:00.000000,Canada,Québec,CA-QC,0.0,27.25,100.0,100.0,hydroquebec.com,false,""
2022-12-10T17:00:00.000000,Canada,Québec,CA-QC,0.0,27.37,100.0,100.0,hydroquebec.com,false,""
2022-12-10T18:00:00.000000,Canada,Québec,CA-QC,0.0,27.44,100.0,100.0,hydroquebec.com,false,""
2022-12-10T19:00:00.000000,Canada,Québec,CA-QC,0.0,27.48,100.0,100.0,hydroquebec.com,false,""
2022-12-10T20:00:00.000000,Canada,Québec,CA-QC,0.0,27.39,100.0,100.0,hydroquebec.com,false,""
2022-12-10T21:00:00.000000,Canada,Québec,CA-QC,0.0,27.16,100.0,100.0,hydroquebec.com,false,""
2022-12-10T22:00:00.000000,Canada,Québec,CA-QC,0.0,27.02,100.0,100.0,hydroquebec.com,false,""
2022-12-10T23:00:00.000000,Canada,Québec,CA-QC,0.0,27.03,100.0,100.0,hydroquebec.com,false,""
2022-12-11T00:00:00.000000,Canada,Québec,CA-QC,0.0,27.03,100.0,100.0,hydroquebec.com,false,""
2022-12-11T01:00:00.000000,Canada,Québec,CA-QC,0.0,27.03,100.0,100.0,hydroquebec.com,false,""
2022-12-11T02:00:00.000000,Canada,Québec,CA-QC,0.0,27.05,100.0,100.0,hydroquebec.com,false,""
2022-12-11T03:00:00.000000,Canada,Québec,CA-QC,0.0,27.06,100.0,100.0,hydroquebec.com,false,""
2022-12-11T04:00:00.000000,Canada,Québec,CA-QC,0.0,27.13,100.0,100.0,hydroquebec.com,false,""
2022-12-11T05:00:00.000000,Canada,Québec,CA-QC,0.0,27.25,100.0,100.0,hydroquebec.com,false,""
2022-12-11T06:00:00.000000,Canada,Québec,CA-QC,0.0,27.29,100.0,100.0,hydroquebec.com,false,""
2022-12-11T07:00:00.000000,Canada,Québec,CA-QC,0.0,27.32,100.0,100.0,hydroquebec.com,false,""
2022-12-11T08:00:00.000000,Canada,Québec,CA-QC,0.0,27.37,100.0,100.0,hydroquebec.com,false,""
2022-12-11T09:00:00.000000,Canada,Québec,CA-QC,0.0,27.4,100.0,100.0,hydroquebec.com,false,""
2022-12-11T10:00:00.000000,Canada,Québec,CA-QC,0.0,27.4,100.0,100.0,hydroquebec.com,false,""
2022-12-11T11:00:00.000000,Canada,Québec,CA-QC,0.0,27.36,100.0,100.0,hydroquebec.com,false,""
2022-12-11T12:00:00.000000,Canada,Québec,CA-QC,0.0,27.35,100.0,100.0,hydroquebec.com,false,""
2022-12-11T13:00:00.000000,Canada,Québec,CA-QC,0.0,27.33,100.0,100.0,hydroquebec.com,false,""
2022-12-11T14:00:00.000000,Canada,Québec,CA-QC,0.0,27.36,100.0,100.0,hydroquebec.com,false,""
2022-12-11T15:00:00.000000,Canada,Québec,CA-QC,0.0,27.46,100.0,100.0,hydroquebec.com,false,""
2022-12-11T16:00:00.000000,Canada,Québec,CA-QC,0.0,27.49,100.0,100.0,hydroquebec.com,false,""
2022-12-11T17:00:00.000000,Canada,Québec,CA-QC,0.0,27.5,100.0,100.0,hydroquebec.com,false,""
2022-12-11T18:00:00.000000,Canada,Québec,CA-QC,0.0,27.51,100.0,100.0,hydroquebec.com,false,""
2022-12-11T19:00:00.000000,Canada,Québec,CA-QC,0.0,27.51,100.0,100.0,hydroquebec.com,false,""
2022-12-11T20:00:00.000000,Canada,Québec,CA-QC,0.0,27.51,100.0,100.0,hydroquebec.com,false,""
2022-12-11T21:00:00.000000,Canada,Québec,CA-QC,0.43,27.98,99.88,99.69,hydroquebec.com,false,""
2022-12-11T22:00:00.000000,Canada,Québec,CA-QC,0.0,27.46,100.0,100.0,hydroquebec.com,false,""
2022-12-11T23:00:00.000000,Canada,Québec,CA-QC,0.0,27.42,100.0,100.0,hydroquebec.com,false,""
2022-12-12T00:00:00.000000,Canada,Québec,CA-QC,0.0,27.35,100.0,100.0,hydroquebec.com,false,""
2022-12-12T01:00:00.000000,Canada,Québec,CA-QC,0.0,27.33,100.0,100.0,hydroquebec.com,false,""
2022-12-12T02:00:00.000000,Canada,Québec,CA-QC,0.0,27.36,100.0,100.0,hydroquebec.com,false,""
2022-12-12T03:00:00.000000,Canada,Québec,CA-QC,0.0,27.38,100.0,100.0,hydroquebec.com,false,""
2022-12-12T04:00:00.000000,Canada,Québec,CA-QC,0.0,27.44,100.0,100.0,hydroquebec.com,false,""
2022-12-12T05:00:00.000000,Canada,Québec,CA-QC,0.0,27.53,100.0,100.0,hydroquebec.com,false,""
2022-12-12T06:00:00.000000,Canada,Québec,CA-QC,0.0,27.6,100.0,100.0,hydroquebec.com,false,""
2022-12-12T07:00:00.000000,Canada,Québec,CA-QC,0.0,27.62,100.0,100.0,hydroquebec.com,false,""
2022-12-12T08:00:00.000000,Canada,Québec,CA-QC,0.0,27.59,100.0,100.0,hydroquebec.com,false,""
2022-12-12T09:00:00.000000,Canada,Québec,CA-QC,0.0,27.55,100.0,100.0,hydroquebec.com,false,""
2022-12-12T10:00:00.000000,Canada,Québec,CA-QC,0.0,27.47,100.0,100.0,hydroquebec.com,false,""
2022-12-12T11:00:00.000000,Canada,Québec,CA-QC,0.0,27.3,100.0,100.0,hydroquebec.com,false,""
2022-12-12T12:00:00.000000,Canada,Québec,CA-QC,0.0,27.16,100.0,100.0,hydroquebec.com,false,""
2022-12-12T13:00:00.000000,Canada,Québec,CA-QC,0.35,27.56,99.91,99.76,hydroquebec.com,false,""
2022-12-12T14:00:00.000000,Canada,Québec,CA-QC,0.0,27.25,100.0,100.0,hydroquebec.com,false,""
2022-12-12T15:00:00.000000,Canada,Québec,CA-QC,0.0,27.34,100.0,100.0,hydroquebec.com,false,""
2022-12-12T16:00:00.000000,Canada,Québec,CA-QC,0.0,27.34,100.0,100.0,hydroquebec.com,false,""
2022-12-12T17:00:00.000000,Canada,Québec,CA-QC,0.0,27.39,100.0,100.0,hydroquebec.com,false,""
2022-12-12T18:00:00.000000,Canada,Québec,CA-QC,0.0,27.49,100.0,100.0,hydroquebec.com,false,""
2022-12-12T19:00:00.000000,Canada,Québec,CA-QC,0.0,27.52,100.0,100.0,hydroquebec.com,false,""
2022-12-12T20:00:00.000000,Canada,Québec,CA-QC,0.0,27.38,100.0,100.0,hydroquebec.com,false,""
2022-12-12T21:00:00.000000,Canada,Québec,CA-QC,0.0,27.08,100.0,100.0,hydroquebec.com,false,""
2022-12-12T22:00:00.000000,Canada,Québec,CA-QC,0.0,26.9,100.0,100.0,hydroquebec.com,false,""
2022-12-12T23:00:00.000000,Canada,Québec,CA-QC,0.0,26.9,100.0,100.0,hydroquebec.com,false,""
2022-12-13T00:00:00.000000,Canada,Québec,CA-QC,0.0,27.0,100.0,100.0,hydroquebec.com,false,""
2022-12-13T01:00:00.000000,Canada,Québec,CA-QC,0.0,27.09,100.0,100.0,hydroquebec.com,false,""
2022-12-13T02:00:00.000000,Canada,Québec,CA-QC,0.0,27.16,100.0,100.0,hydroquebec.com,false,""
2022-12-13T03:00:00.000000,Canada,Québec,CA-QC,0.0,27.28,100.0,100.0,hydroquebec.com,false,""
2022-12-13T04:00:00.000000,Canada,Québec,CA-QC,0.0,27.44,100.0,100.0,hydroquebec.com,false,""
2022-12-13T05:00:00.000000,Canada,Québec,CA-QC,0.0,27.5,100.0,100.0,hydroquebec.com,false,""
2022-12-13T06:00:00.000000,Canada,Québec,CA-QC,0.0,27.47,100.0,100.0,hydroquebec.com,false,""
2022-12-13T07:00:00.000000,Canada,Québec,CA-QC,0.0,27.47,100.0,100.0,hydroquebec.com,false,""
2022-12-13T08:00:00.000000,Canada,Québec,CA-QC,0.0,27.45,100.0,100.0,hydroquebec.com,false,""
2022-12-13T09:00:00.000000,Canada,Québec,CA-QC,0.0,27.39,100.0,100.0,hydroquebec.com,false,""
2022-12-13T10:00:00.000000,Canada,Québec,CA-QC,0.0,27.33,100.0,100.0,hydroquebec.com,false,""
2022-12-13T11:00:00.000000,Canada,Québec,CA-QC,0.0,27.26,100.0,100.0,hydroquebec.com,false,""
2022-12-13T12:00:00.000000,Canada,Québec,CA-QC,0.0,27.15,100.0,100.0,hydroquebec.com,false,""
2022-12-13T13:00:00.000000,Canada,Québec,CA-QC,0.0,27.16,100.0,100.0,hydroquebec.com,false,""
2022-12-13T14:00:00.000000,Canada,Québec,CA-QC,0.0,27.2,100.0,100.0,hydroquebec.com,false,""
2022-12-13T15:00:00.000000,Canada,Québec,CA-QC,0.0,27.24,100.0,100.0,hydroquebec.com,false,""
2022-12-13T16:00:00.000000,Canada,Québec,CA-QC,0.0,27.31,100.0,100.0,hydroquebec.com,false,""
2022-12-13T17:00:00.000000,Canada,Québec,CA-QC,0.0,27.43,100.0,100.0,hydroquebec.com,false,""
2022-12-13T18:00:00.000000,Canada,Québec,CA-QC,0.0,27.52,100.0,100.0,hydroquebec.com,false,""
2022-12-13T19:00:00.000000,Canada,Québec,CA-QC,0.0,27.45,100.0,100.0,hydroquebec.com,false,""
2022-12-13T20:00:00.000000,Canada,Québec,CA-QC,0.0,27.29,100.0,100.0,hydroquebec.com,false,""
2022-12-13T21:00:00.000000,Canada,Québec,CA-QC,0.0,27.06,100.0,100.0,hydroquebec.com,false,""
2022-12-13T22:00:00.000000,Canada,Québec,CA-QC,0.0,26.91,100.0,100.0,hydroquebec.com,false,""
2022-12-13T23:00:00.000000,Canada,Québec,CA-QC,0.0,26.86,100.0,100.0,hydroquebec.com,false,""
2022-12-14T00:00:00.000000,Canada,Québec,CA-QC,0.0,26.9,100.0,100.0,hydroquebec.com,false,""
2022-12-14T01:00:00.000000,Canada,Québec,CA-QC,0.0,27.02,100.0,100.0,hydroquebec.com,false,""
2022-12-14T02:00:00.000000,Canada,Québec,CA-QC,0.0,27.15,100.0,100.0,hydroquebec.com,false,""
2022-12-14T03:00:00.000000,Canada,Québec,CA-QC,0.0,27.22,100.0,100.0,hydroquebec.com,false,""
2022-12-14T04:00:00.000000,Canada,Québec,CA-QC,0.0,27.27,100.0,100.0,hydroquebec.com,false,""
2022-12-14T05:00:00.000000,Canada,Québec,CA-QC,0.0,27.27,100.0,100.0,hydroquebec.com,false,""
2022-12-14T06:00:00.000000,Canada,Québec,CA-QC,0.0,27.22,100.0,100.0,hydroquebec.com,false,""
2022-12-14T07:00:00.000000,Canada,Québec,CA-QC,0.0,27.19,100.0,100.0,hydroquebec.com,false,""
2022-12-14T08:00:00.000000,Canada,Québec,CA-QC,0.0,27.21,100.0,100.0,hydroquebec.com,false,""
2022-12-14T09:00:00.000000,Canada,Québec,CA-QC,0.0,27.21,100.0,100.0,hydroquebec.com,false,""
2022-12-14T10:00:00.000000,Canada,Québec,CA-QC,0.0,27.17,100.0,100.0,hydroquebec.com,false,""
2022-12-14T11:00:00.000000,Canada,Québec,CA-QC,0.0,27.05,100.0,100.0,hydroquebec.com,false,""
2022-12-14T12:00:00.000000,Canada,Québec,CA-QC,0.0,26.91,100.0,100.0,hydroquebec.com,false,""
2022-12-14T13:00:00.000000,Canada,Québec,CA-QC,0.0,26.87,100.0,100.0,hydroquebec.com,false,""
2022-12-14T14:00:00.000000,Canada,Québec,CA-QC,0.0,26.92,100.0,100.0,hydroquebec.com,false,""
2022-12-14T15:00:00.000000,Canada,Québec,CA-QC,0.0,27.0,100.0,100.0,hydroquebec.com,false,""
2022-12-14T16:00:00.000000,Canada,Québec,CA-QC,0.0,27.01,100.0,100.0,hydroquebec.com,false,""
2022-12-14T17:00:00.000000,Canada,Québec,CA-QC,0.0,27.02,100.0,100.0,hydroquebec.com,false,""
2022-12-14T18:00:00.000000,Canada,Québec,CA-QC,0.0,26.97,100.0,100.0,hydroquebec.com,false,""
2022-12-14T19:00:00.000000,Canada,Québec,CA-QC,0.0,26.89,100.0,100.0,hydroquebec.com,false,""
2022-12-14T20:00:00.000000,Canada,Québec,CA-QC,0.0,26.87,100.0,100.0,hydroquebec.com,false,""
2022-12-14T21:00:00.000000,Canada,Québec,CA-QC,0.0,26.79,100.0,100.0,hydroquebec.com,false,""
2022-12-14T22:00:00.000000,Canada,Québec,CA-QC,0.0,26.74,100.0,100.0,hydroquebec.com,false,""
2022-12-14T23:00:00.000000,Canada,Québec,CA-QC,0.0,26.79,100.0,100.0,hydroquebec.com,false,""
2022-12-15T00:00:00.000000,Canada,Québec,CA-QC,0.0,26.88,100.0,100.0,hydroquebec.com,false,""
2022-12-15T01:00:00.000000,Canada,Québec,CA-QC,0.0,26.96,100.0,100.0,hydroquebec.com,false,""
2022-12-15T02:00:00.000000,Canada,Québec,CA-QC,0.0,27.02,100.0,100.0,hydroquebec.com,false,""
2022-12-15T03:00:00.000000,Canada,Québec,CA-QC,0.0,27.13,100.0,100.0,hydroquebec.com,false,""
2022-12-15T04:00:00.000000,Canada,Québec,CA-QC,0.0,27.29,100.0,100.0,hydroquebec.com,false,""
2022-12-15T05:00:00.000000,Canada,Québec,CA-QC,0.0,27.47,100.0,100.0,hydroquebec.com,false,""
2022-12-15T06:00:00.000000,Canada,Québec,CA-QC,0.0,27.63,100.0,100.0,hydroquebec.com,false,""
2022-12-15T07:00:00.000000,Canada,Québec,CA-QC,0.0,27.74,100.0,100.0,hydroquebec.com,false,""
2022-12-15T08:00:00.000000,Canada,Québec,CA-QC,0.0,27.8,100.0,100.0,hydroquebec.com,false,""
2022-12-15T09:00:00.000000,Canada,Québec,CA-QC,0.0,27.77,100.0,100.0,hydroquebec.com,false,""
2022-12-15T10:00:00.000000,Canada,Québec,CA-QC,0.0,27.69,100.0,100.0,hydroquebec.com,false,""
2022-12-15T11:00:00.000000,Canada,Québec,CA-QC,0.0,27.45,100.0,100.0,hydroquebec.com,false,""
2022-12-15T12:00:00.000000,Canada,Québec,CA-QC,0.0,27.23,100.0,100.0,hydroquebec.com,false,""
2022-12-15T13:00:00.000000,Canada,Québec,CA-QC,0.0,27.23,100.0,100.0,hydroquebec.com,false,""
2022-12-15T14:00:00.000000,Canada,Québec,CA-QC,0.0,27.36,100.0,100.0,hydroquebec.com,false,""
2022-12-15T15:00:00.000000,Canada,Québec,CA-QC,0.0,27.52,100.0,100.0,hydroquebec.com,false,""
2022-12-15T16:00:00.000000,Canada,Québec,CA-QC,0.0,27.62,100.0,100.0,hydroquebec.com,false,""
2022-12-15T17:00:00.000000,Canada,Québec,CA-QC,0.0,27.67,100.0,100.0,hydroquebec.com,false,""
2022-12-15T18:00:00.000000,Canada,Québec,CA-QC,0.0,27.73,100.0,100.0,hydroquebec.com,false,""
2022-12-15T19:00:00.000000,Canada,Québec,CA-QC,0.0,27.73,100.0,100.0,hydroquebec.com,false,""
2022-12-15T20:00:00.000000,Canada,Québec,CA-QC,0.0,27.69,100.0,100.0,hydroquebec.com,false,""
2022-12-15T21:00:00.000000,Canada,Québec,CA-QC,0.0,27.63,100.0,100.0,hydroquebec.com,false,""
2022-12-15T22:00:00.000000,Canada,Québec,CA-QC,0.0,27.53,100.0,100.0,hydroquebec.com,false,""
2022-12-15T23:00:00.000000,Canada,Québec,CA-QC,0.0,27.49,100.0,100.0,hydroquebec.com,false,""
2022-12-16T00:00:00.000000,Canada,Québec,CA-QC,0.0,27.55,100.0,100.0,hydroquebec.com,false,""
2022-12-16T01:00:00.000000,Canada,Québec,CA-QC,0.0,27.62,100.0,100.0,hydroquebec.com,false,""
2022-12-16T02:00:00.000000,Canada,Québec,CA-QC,0.0,27.66,100.0,100.0,hydroquebec.com,false,""
2022-12-16T03:00:00.000000,Canada,Québec,CA-QC,0.0,27.73,100.0,100.0,hydroquebec.com,false,""
2022-12-16T04:00:00.000000,Canada,Québec,CA-QC,0.0,27.89,100.0,100.0,hydroquebec.com,false,""
2022-12-16T05:00:00.000000,Canada,Québec,CA-QC,0.0,27.98,100.0,100.0,hydroquebec.com,false,""
2022-12-16T06:00:00.000000,Canada,Québec,CA-QC,0.0,27.98,100.0,100.0,hydroquebec.com,false,""
2022-12-16T07:00:00.000000,Canada,Québec,CA-QC,0.0,28.02,100.0,100.0,hydroquebec.com,false,""
2022-12-16T08:00:00.000000,Canada,Québec,CA-QC,0.0,28.06,100.0,100.0,hydroquebec.com,false,""
2022-12-16T09:00:00.000000,Canada,Québec,CA-QC,0.0,28.04,100.0,100.0,hydroquebec.com,false,""
2022-12-16T10:00:00.000000,Canada,Québec,CA-QC,0.0,27.97,100.0,100.0,hydroquebec.com,false,""
2022-12-16T11:00:00.000000,Canada,Québec,CA-QC,0.0,27.8,100.0,100.0,hydroquebec.com,false,""
2022-12-16T12:00:00.000000,Canada,Québec,CA-QC,0.0,27.62,100.0,100.0,hydroquebec.com,false,""
2022-12-16T13:00:00.000000,Canada,Québec,CA-QC,0.0,27.56,100.0,100.0,hydroquebec.com,false,""
2022-12-16T14:00:00.000000,Canada,Québec,CA-QC,0.0,27.52,100.0,100.0,hydroquebec.com,false,""
2022-12-16T15:00:00.000000,Canada,Québec,CA-QC,0.0,27.51,100.0,100.0,hydroquebec.com,false,""
2022-12-16T16:00:00.000000,Canada,Québec,CA-QC,0.0,27.53,100.0,100.0,hydroquebec.com,false,""
2022-12-16T17:00:00.000000,Canada,Québec,CA-QC,0.0,27.48,100.0,100.0,hydroquebec.com,false,""
2022-12-16T18:00:00.000000,Canada,Québec,CA-QC,0.0,27.44,100.0,100.0,hydroquebec.com,false,""
2022-12-16T19:00:00.000000,Canada,Québec,CA-QC,0.0,27.42,100.0,100.0,hydroquebec.com,false,""
2022-12-16T20:00:00.000000,Canada,Québec,CA-QC,0.0,27.36,100.0,100.0,hydroquebec.com,false,""
2022-12-16T21:00:00.000000,Canada,Québec,CA-QC,0.0,27.29,100.0,100.0,hydroquebec.com,false,""
2022-12-16T22:00:00.000000,Canada,Québec,CA-QC,0.0,27.26,100.0,100.0,hydroquebec.com,false,""
2022-12-16T23:00:00.000000,Canada,Québec,CA-QC,0.0,27.3,100.0,100.0,hydroquebec.com,false,""
2022-12-17T00:00:00.000000,Canada,Québec,CA-QC,0.0,27.34,100.0,100.0,hydroquebec.com,false,""
2022-12-17T01:00:00.000000,Canada,Québec,CA-QC,0.0,27.39,100.0,100.0,hydroquebec.com,false,""
2022-12-17T02:00:00.000000,Canada,Québec,CA-QC,0.0,27.48,100.0,100.0,hydroquebec.com,false,""
2022-12-17T03:00:00.000000,Canada,Québec,CA-QC,0.0,27.56,100.0,100.0,hydroquebec.com,false,""
2022-12-17T04:00:00.000000,Canada,Québec,CA-QC,0.0,27.65,100.0,100.0,hydroquebec.com,false,""
2022-12-17T05:00:00.000000,Canada,Québec,CA-QC,0.0,27.77,100.0,100.0,hydroquebec.com,false,""
2022-12-17T06:00:00.000000,Canada,Québec,CA-QC,0.0,27.84,100.0,100.0,hydroquebec.com,false,""
2022-12-17T07:00:00.000000,Canada,Québec,CA-QC,0.0,27.84,100.0,100.0,hydroquebec.com,false,""
2022-12-17T08:00:00.000000,Canada,Québec,CA-QC,0.0,27.84,100.0,100.0,hydroquebec.com,false,""
2022-12-17T09:00:00.000000,Canada,Québec,CA-QC,0.0,27.84,100.0,100.0,hydroquebec.com,false,""
2022-12-17T10:00:00.000000,Canada,Québec,CA-QC,0.0,27.81,100.0,100.0,hydroquebec.com,false,""
2022-12-17T11:00:00.000000,Canada,Québec,CA-QC,0.0,27.73,100.0,100.0,hydroquebec.com,false,""
2022-12-17T12:00:00.000000,Canada,Québec,CA-QC,0.0,27.6,100.0,100.0,hydroquebec.com,false,""
2022-12-17T13:00:00.000000,Canada,Québec,CA-QC,0.0,27.52,100.0,100.0,hydroquebec.com,false,""
2022-12-17T14:00:00.000000,Canada,Québec,CA-QC,0.0,27.51,100.0,100.0,hydroquebec.com,false,""
2022-12-17T15:00:00.000000,Canada,Québec,CA-QC,0.0,27.51,100.0,100.0,hydroquebec.com,false,""
2022-12-17T16:00:00.000000,Canada,Québec,CA-QC,0.0,27.49,100.0,100.0,hydroquebec.com,false,""
2022-12-17T17:00:00.000000,Canada,Québec,CA-QC,0.0,27.58,100.0,100.0,hydroquebec.com,false,""
2022-12-17T18:00:00.000000,Canada,Québec,CA-QC,0.0,27.71,100.0,100.0,hydroquebec.com,false,""
2022-12-17T19:00:00.000000,Canada,Québec,CA-QC,0.0,27.74,100.0,100.0,hydroquebec.com,false,""
2022-12-17T20:00:00.000000,Canada,Québec,CA-QC,0.0,27.75,100.0,100.0,hydroquebec.com,false,""
2022-12-17T21:00:00.000000,Canada,Québec,CA-QC,0.0,27.68,100.0,100.0,hydroquebec.com,false,""
2022-12-17T22:00:00.000000,Canada,Québec,CA-QC,0.0,27.61,100.0,100.0,hydroquebec.com,false,""
2022-12-17T23:00:00.000000,Canada,Québec,CA-QC,0.0,27.64,100.0,100.0,hydroquebec.com,false,""
2022-12-18T00:00:00.000000,Canada,Québec,CA-QC,0.0,27.72,100.0,100.0,hydroquebec.com,false,""
2022-12-18T01:00:00.000000,Canada,Québec,CA-QC,0.0,27.8,100.0,100.0,hydroquebec.com,false,""
2022-12-18T02:00:00.000000,Canada,Québec,CA-QC,0.0,27.88,100.0,100.0,hydroquebec.com,false,""
2022-12-18T03:00:00.000000,Canada,Québec,CA-QC,0.0,27.96,100.0,100.0,hydroquebec.com,false,""
2022-12-18T04:00:00.000000,Canada,Québec,CA-QC,0.0,28.05,100.0,100.0,hydroquebec.com,false,""
2022-12-18T05:00:00.000000,Canada,Québec,CA-QC,0.0,28.17,100.0,100.0,hydroquebec.com,false,""
2022-12-18T06:00:00.000000,Canada,Québec,CA-QC,0.0,28.24,100.0,100.0,hydroquebec.com,false,""
2022-12-18T07:00:00.000000,Canada,Québec,CA-QC,0.0,28.3,100.0,100.0,hydroquebec.com,false,""
2022-12-18T08:00:00.000000,Canada,Québec,CA-QC,0.0,28.34,100.0,100.0,hydroquebec.com,false,""
2022-12-18T09:00:00.000000,Canada,Québec,CA-QC,0.0,28.34,100.0,100.0,hydroquebec.com,false,""
2022-12-18T10:00:00.000000,Canada,Québec,CA-QC,0.0,28.28,100.0,100.0,hydroquebec.com,false,""
2022-12-18T11:00:00.000000,Canada,Québec,CA-QC,0.0,28.2,100.0,100.0,hydroquebec.com,false,""
2022-12-18T12:00:00.000000,Canada,Québec,CA-QC,0.0,28.05,100.0,100.0,hydroquebec.com,false,""
2022-12-18T13:00:00.000000,Canada,Québec,CA-QC,0.0,27.93,100.0,100.0,hydroquebec.com,false,""
2022-12-18T14:00:00.000000,Canada,Québec,CA-QC,0.0,27.88,100.0,100.0,hydroquebec.com,false,""
2022-12-18T15:00:00.000000,Canada,Québec,CA-QC,0.0,27.87,100.0,100.0,hydroquebec.com,false,""
2022-12-18T16:00:00.000000,Canada,Québec,CA-QC,0.0,27.92,100.0,100.0,hydroquebec.com,false,""
2022-12-18T17:00:00.000000,Canada,Québec,CA-QC,0.0,27.98,100.0,100.0,hydroquebec.com,false,""
2022-12-18T18:00:00.000000,Canada,Québec,CA-QC,0.0,28.01,100.0,100.0,hydroquebec.com,false,""
2022-12-18T19:00:00.000000,Canada,Québec,CA-QC,0.0,28.02,100.0,100.0,hydroquebec.com,false,""
2022-12-18T20:00:00.000000,Canada,Québec,CA-QC,0.0,27.94,100.0,100.0,hydroquebec.com,false,""
2022-12-18T21:00:00.000000,Canada,Québec,CA-QC,0.0,27.79,100.0,100.0,hydroquebec.com,false,""
2022-12-18T22:00:00.000000,Canada,Québec,CA-QC,0.0,27.66,100.0,100.0,hydroquebec.com,false,""
2022-12-18T23:00:00.000000,Canada,Québec,CA-QC,0.0,27.62,100.0,100.0,hydroquebec.com,false,""
2022-12-19T00:00:00.000000,Canada,Québec,CA-QC,0.0,27.64,100.0,100.0,hydroquebec.com,false,""
2022-12-19T01:00:00.000000,Canada,Québec,CA-QC,0.0,27.73,100.0,100.0,hydroquebec.com,false,""
2022-12-19T02:00:00.000000,Canada,Québec,CA-QC,0.0,27.85,100.0,100.0,hydroquebec.com,false,""
2022-12-19T03:00:00.000000,Canada,Québec,CA-QC,0.0,27.98,100.0,100.0,hydroquebec.com,false,""
2022-12-19T04:00:00.000000,Canada,Québec,CA-QC,0.0,28.1,100.0,100.0,hydroquebec.com,false,""
2022-12-19T05:00:00.000000,Canada,Québec,CA-QC,0.0,28.21,100.0,100.0,hydroquebec.com,false,""
2022-12-19T06:00:00.000000,Canada,Québec,CA-QC,0.0,28.27,100.0,100.0,hydroquebec.com,false,""
2022-12-19T07:00:00.000000,Canada,Québec,CA-QC,0.0,28.28,100.0,100.0,hydroquebec.com,false,""
2022-12-19T08:00:00.000000,Canada,Québec,CA-QC,0.0,28.25,100.0,100.0,hydroquebec.com,false,""
2022-12-19T09:00:00.000000,Canada,Québec,CA-QC,0.0,28.17,100.0,100.0,hydroquebec.com,false,""
2022-12-19T10:00:00.000000,Canada,Québec,CA-QC,0.0,28.09,100.0,100.0,hydroquebec.com,false,""
2022-12-19T11:00:00.000000,Canada,Québec,CA-QC,0.19,28.26,99.95,99.63,hydroquebec.com,false,""
2022-12-19T12:00:00.000000,Canada,Québec,CA-QC,0.31,28.39,99.91,99.58,hydroquebec.com,false,""
2022-12-19T13:00:00.000000,Canada,Québec,CA-QC,1.69,30.01,99.54,99.14,hydroquebec.com,false,""
2022-12-19T14:00:00.000000,Canada,Québec,CA-QC,1.81,30.18,99.51,99.12,hydroquebec.com,false,""
2022-12-19T15:00:00.000000,Canada,Québec,CA-QC,0.61,28.69,99.84,99.5,hydroquebec.com,false,""
2022-12-19T16:00:00.000000,Canada,Québec,CA-QC,0.52,28.59,99.86,99.56,hydroquebec.com,false,""
2022-12-19T17:00:00.000000,Canada,Québec,CA-QC,0.5,28.64,99.86,99.55,hydroquebec.com,false,""
2022-12-19T18:00:00.000000,Canada,Québec,CA-QC,1.12,29.43,99.7,99.16,hydroquebec.com,false,""
2022-12-19T19:00:00.000000,Canada,Québec,CA-QC,1.68,30.03,99.55,98.78,hydroquebec.com,false,""
2022-12-19T20:00:00.000000,Canada,Québec,CA-QC,1.79,30.02,99.52,98.76,hydroquebec.com,false,""
2022-12-19T21:00:00.000000,Canada,Québec,CA-QC,0.44,28.3,99.88,99.7,hydroquebec.com,false,""
2022-12-19T22:00:00.000000,Canada,Québec,CA-QC,0.02,27.69,99.99,99.99,hydroquebec.com,false,""
2022-12-19T23:00:00.000000,Canada,Québec,CA-QC,0.98,28.79,99.74,99.39,hydroquebec.com,false,""
2022-12-20T00:00:00.000000,Canada,Québec,CA-QC,1.49,29.46,99.6,99.1,hydroquebec.com,false,""
2022-12-20T01:00:00.000000,Canada,Québec,CA-QC,1.31,29.32,99.65,99.23,hydroquebec.com,false,""
2022-12-20T02:00:00.000000,Canada,Québec,CA-QC,1.34,29.44,99.64,99.2,hydroquebec.com,false,""
2022-12-20T03:00:00.000000,Canada,Québec,CA-QC,0.05,28.05,99.99,99.97,hydroquebec.com,false,""
2022-12-20T04:00:00.000000,Canada,Québec,CA-QC,0.0,28.16,100.0,100.0,hydroquebec.com,false,""
2022-12-20T05:00:00.000000,Canada,Québec,CA-QC,0.0,28.17,100.0,100.0,hydroquebec.com,false,""
2022-12-20T06:00:00.000000,Canada,Québec,CA-QC,0.0,28.05,100.0,100.0,hydroquebec.com,false,""
2022-12-20T07:00:00.000000,Canada,Québec,CA-QC,0.0,28.05,100.0,100.0,hydroquebec.com,false,""
2022-12-20T08:00:00.000000,Canada,Québec,CA-QC,0.0,28.09,100.0,100.0,hydroquebec.com,false,""
2022-12-20T09:00:00.000000,Canada,Québec,CA-QC,0.17,28.31,99.95,99.87,hydroquebec.com,false,""
2022-12-20T10:00:00.000000,Canada,Québec,CA-QC,1.21,29.45,99.67,99.09,hydroquebec.com,false,""
2022-12-20T11:00:00.000000,Canada,Québec,CA-QC,1.3,29.46,99.65,99.08,hydroquebec.com,false,""
2022-12-20T12:00:00.000000,Canada,Québec,CA-QC,1.39,29.51,99.63,99.07,hydroquebec.com,false,""
2022-12-20T13:00:00.000000,Canada,Québec,CA-QC,1.63,29.8,99.56,98.97,hydroquebec.com,false,""
2022-12-20T14:00:00.000000,Canada,Québec,CA-QC,1.2,29.35,99.68,99.25,hydroquebec.com,false,""
2022-12-20T15:00:00.000000,Canada,Québec,CA-QC,1.38,29.58,99.63,99.13,hydroquebec.com,false,""
2022-12-20T16:00:00.000000,Canada,Québec,CA-QC,0.78,28.9,99.79,99.52,hydroquebec.com,false,""
2022-12-20T17:00:00.000000,Canada,Québec,CA-QC,0.76,28.77,99.79,99.51,hydroquebec.com,false,""
2022-12-20T18:00:00.000000,Canada,Québec,CA-QC,0.8,28.69,99.79,99.49,hydroquebec.com,false,""
2022-12-20T19:00:00.000000,Canada,Québec,CA-QC,0.99,28.95,99.73,99.35,hydroquebec.com,false,""
2022-12-20T20:00:00.000000,Canada,Québec,CA-QC,0.81,28.81,99.78,99.46,hydroquebec.com,false,""
2022-12-20T21:00:00.000000,Canada,Québec,CA-QC,1.06,29.11,99.71,99.28,hydroquebec.com,false,""
2022-12-20T22:00:00.000000,Canada,Québec,CA-QC,0.83,28.74,99.78,99.47,hydroquebec.com,false,""
2022-12-20T23:00:00.000000,Canada,Québec,CA-QC,1.08,28.99,99.71,99.33,hydroquebec.com,false,""
2022-12-21T00:00:00.000000,Canada,Québec,CA-QC,1.09,29.03,99.71,99.3,hydroquebec.com,false,""
2022-12-21T01:00:00.000000,Canada,Québec,CA-QC,1.12,29.15,99.7,99.29,hydroquebec.com,false,""
2022-12-21T02:00:00.000000,Canada,Québec,CA-QC,1.22,29.36,99.67,99.24,hydroquebec.com,false,""
2022-12-21T03:00:00.000000,Canada,Québec,CA-QC,1.19,29.38,99.68,99.22,hydroquebec.com,false,""
2022-12-21T04:00:00.000000,Canada,Québec,CA-QC,1.07,29.27,99.71,99.21,hydroquebec.com,false,""
2022-12-21T05:00:00.000000,Canada,Québec,CA-QC,1.0,29.15,99.73,99.21,hydroquebec.com,false,""
2022-12-21T06:00:00.000000,Canada,Québec,CA-QC,0.91,29.03,99.75,99.22,hydroquebec.com,false,""
2022-12-21T07:00:00.000000,Canada,Québec,CA-QC,0.62,28.76,99.83,99.5,hydroquebec.com,false,""
2022-12-21T08:00:00.000000,Canada,Québec,CA-QC,0.26,28.41,99.93,99.78,hydroquebec.com,false,""
2022-12-21T09:00:00.000000,Canada,Québec,CA-QC,0.24,28.43,99.94,99.79,hydroquebec.com,false,""
2022-12-21T10:00:00.000000,Canada,Québec,CA-QC,1.67,29.97,99.55,98.52,hydroquebec.com,false,""
2022-12-21T11:00:00.000000,Canada,Québec,CA-QC,2.53,30.84,99.32,97.98,hydroquebec.com,false,""
2022-12-21T12:00:00.000000,Canada,Québec,CA-QC,2.53,30.73,99.32,98.25,hydroquebec.com,false,""
2022-12-21T13:00:00.000000,Canada,Québec,CA-QC,2.34,30.48,99.37,98.44,hydroquebec.com,false,""
2022-12-21T14:00:00.000000,Canada,Québec,CA-QC,2.5,30.71,99.32,98.42,hydroquebec.com,false,""
2022-12-21T15:00:00.000000,Canada,Québec,CA-QC,2.03,30.14,99.45,98.68,hydroquebec.com,false,""
2022-12-21T16:00:00.000000,Canada,Québec,CA-QC,1.7,29.73,99.54,98.9,hydroquebec.com,false,""
2022-12-21T17:00:00.000000,Canada,Québec,CA-QC,2.04,30.07,99.45,98.65,hydroquebec.com,false,""
2022-12-21T18:00:00.000000,Canada,Québec,CA-QC,1.37,29.2,99.63,99.09,hydroquebec.com,false,""
2022-12-21T19:00:00.000000,Canada,Québec,CA-QC,1.44,29.23,99.61,99.05,hydroquebec.com,false,""
2022-12-21T20:00:00.000000,Canada,Québec,CA-QC,1.63,29.48,99.56,98.96,hydroquebec.com,false,""
2022-12-21T21:00:00.000000,Canada,Québec,CA-QC,3.46,31.69,99.14,98.28,hydroquebec.com,false,""
2022-12-21T22:00:00.000000,Canada,Québec,CA-QC,2.08,30.03,99.44,98.74,hydroquebec.com,false,""
2022-12-21T23:00:00.000000,Canada,Québec,CA-QC,2.71,30.68,99.28,98.44,hydroquebec.com,false,""
2022-12-22T00:00:00.000000,Canada,Québec,CA-QC,1.98,29.76,99.47,98.83,hydroquebec.com,false,""
2022-12-22T01:00:00.000000,Canada,Québec,CA-QC,2.62,30.57,99.31,98.48,hydroquebec.com,false,""
2022-12-22T02:00:00.000000,Canada,Québec,CA-QC,2.1,30.09,99.43,98.71,hydroquebec.com,false,""
2022-12-22T03:00:00.000000,Canada,Québec,CA-QC,1.32,29.19,99.64,99.18,hydroquebec.com,false,""
2022-12-22T04:00:00.000000,Canada,Québec,CA-QC,1.88,29.94,99.49,98.72,hydroquebec.com,false,""
2022-12-22T05:00:00.000000,Canada,Québec,CA-QC,2.27,30.46,99.39,98.3,hydroquebec.com,false,""
2022-12-22T06:00:00.000000,Canada,Québec,CA-QC,2.72,30.8,99.27,97.67,hydroquebec.com,false,""
2022-12-22T07:00:00.000000,Canada,Québec,CA-QC,2.41,30.38,99.35,97.6,hydroquebec.com,false,""
2022-12-22T08:00:00.000000,Canada,Québec,CA-QC,1.85,29.65,99.5,97.78,hydroquebec.com,false,""
2022-12-22T09:00:00.000000,Canada,Québec,CA-QC,1.69,29.38,99.54,98.01,hydroquebec.com,false,""
2022-12-22T10:00:00.000000,Canada,Québec,CA-QC,1.81,29.54,99.51,97.96,hydroquebec.com,false,""
2022-12-22T11:00:00.000000,Canada,Québec,CA-QC,1.93,29.65,99.48,97.91,hydroquebec.com,false,""
2022-12-22T12:00:00.000000,Canada,Québec,CA-QC,1.93,29.54,99.49,98.15,hydroquebec.com,false,""
2022-12-22T13:00:00.000000,Canada,Québec,CA-QC,3.76,31.67,99.08,97.69,hydroquebec.com,false,""
2022-12-22T14:00:00.000000,Canada,Québec,CA-QC,2.25,29.96,99.4,98.24,hydroquebec.com,false,""
2022-12-22T15:00:00.000000,Canada,Québec,CA-QC,2.35,30.12,99.36,98.22,hydroquebec.com,false,""
2022-12-22T16:00:00.000000,Canada,Québec,CA-QC,2.23,30.03,99.4,98.29,hydroquebec.com,false,""
2022-12-22T17:00:00.000000,Canada,Québec,CA-QC,2.06,29.92,99.44,98.27,hydroquebec.com,false,""
2022-12-22T18:00:00.000000,Canada,Québec,CA-QC,1.96,29.83,99.47,98.27,hydroquebec.com,false,""
2022-12-22T19:00:00.000000,Canada,Québec,CA-QC,2.43,30.36,99.34,98.0,hydroquebec.com,false,""
2022-12-22T20:00:00.000000,Canada,Québec,CA-QC,2.56,30.48,99.31,97.97,hydroquebec.com,false,""
2022-12-22T21:00:00.000000,Canada,Québec,CA-QC,2.39,30.19,99.35,98.09,hydroquebec.com,false,""
2022-12-22T22:00:00.000000,Canada,Québec,CA-QC,1.96,29.58,99.47,98.31,hydroquebec.com,false,""
2022-12-22T23:00:00.000000,Canada,Québec,CA-QC,1.95,29.51,99.47,98.28,hydroquebec.com,false,""
2022-12-23T00:00:00.000000,Canada,Québec,CA-QC,1.69,29.17,99.54,98.37,hydroquebec.com,false,""
2022-12-23T01:00:00.000000,Canada,Québec,CA-QC,1.74,29.22,99.53,98.29,hydroquebec.com,false,""
2022-12-23T02:00:00.000000,Canada,Québec,CA-QC,1.88,29.4,99.49,98.16,hydroquebec.com,false,""
2022-12-23T03:00:00.000000,Canada,Québec,CA-QC,1.7,29.16,99.54,98.25,hydroquebec.com,false,""
2022-12-23T04:00:00.000000,Canada,Québec,CA-QC,0.94,28.37,99.75,98.95,hydroquebec.com,false,""
2022-12-23T05:00:00.000000,Canada,Québec,CA-QC,0.18,27.57,99.95,99.74,hydroquebec.com,false,""
2022-12-23T06:00:00.000000,Canada,Québec,CA-QC,0.15,27.43,99.96,99.71,hydroquebec.com,false,""
2022-12-23T07:00:00.000000,Canada,Québec,CA-QC,0.15,27.44,99.96,99.71,hydroquebec.com,false,""
2022-12-23T08:00:00.000000,Canada,Québec,CA-QC,0.15,27.48,99.96,99.71,hydroquebec.com,false,""
2022-12-23T09:00:00.000000,Canada,Québec,CA-QC,0.18,27.49,99.95,99.69,hydroquebec.com,false,""
2022-12-23T10:00:00.000000,Canada,Québec,CA-QC,0.25,27.5,99.93,99.65,hydroquebec.com,false,""
2022-12-23T11:00:00.000000,Canada,Québec,CA-QC,0.48,27.64,99.87,99.41,hydroquebec.com,false,""
2022-12-23T12:00:00.000000,Canada,Québec,CA-QC,0.55,27.64,99.85,99.39,hydroquebec.com,false,""
2022-12-23T13:00:00.000000,Canada,Québec,CA-QC,0.5,27.54,99.86,99.47,hydroquebec.com,false,""
2022-12-23T14:00:00.000000,Canada,Québec,CA-QC,0.62,27.64,99.83,99.37,hydroquebec.com,false,""
2022-12-23T15:00:00.000000,Canada,Québec,CA-QC,0.58,27.66,99.84,99.44,hydroquebec.com,false,""
2022-12-23T16:00:00.000000,Canada,Québec,CA-QC,0.62,27.71,99.83,99.43,hydroquebec.com,false,""
2022-12-23T17:00:00.000000,Canada,Québec,CA-QC,0.56,27.72,99.85,99.51,hydroquebec.com,false,""
2022-12-23T18:00:00.000000,Canada,Québec,CA-QC,0.3,27.58,99.92,99.73,hydroquebec.com,false,""
2022-12-23T19:00:00.000000,Canada,Québec,CA-QC,0.44,27.68,99.88,99.61,hydroquebec.com,false,""
2022-12-23T20:00:00.000000,Canada,Québec,CA-QC,0.76,27.96,99.79,99.28,hydroquebec.com,false,""
2022-12-23T21:00:00.000000,Canada,Québec,CA-QC,0.84,28.02,99.77,99.21,hydroquebec.com,false,""
2022-12-23T22:00:00.000000,Canada,Québec,CA-QC,1.64,28.91,99.56,98.6,hydroquebec.com,false,""
2022-12-23T23:00:00.000000,Canada,Québec,CA-QC,1.43,28.79,99.61,98.94,hydroquebec.com,false,""
2022-12-24T00:00:00.000000,Canada,Québec,CA-QC,1.61,28.95,99.56,98.69,hydroquebec.com,false,""
2022-12-24T01:00:00.000000,Canada,Québec,CA-QC,1.88,29.28,99.49,98.44,hydroquebec.com,false,""
2022-12-24T02:00:00.000000,Canada,Québec,CA-QC,1.25,28.7,99.66,99.01,hydroquebec.com,false,""
2022-12-24T03:00:00.000000,Canada,Québec,CA-QC,1.52,29.08,99.59,98.76,hydroquebec.com,false,""
2022-12-24T04:00:00.000000,Canada,Québec,CA-QC,0.49,28.02,99.87,99.57,hydroquebec.com,false,""
2022-12-24T05:00:00.000000,Canada,Québec,CA-QC,0.0,27.45,100.0,100.0,hydroquebec.com,false,""
2022-12-24T06:00:00.000000,Canada,Québec,CA-QC,0.0,27.43,100.0,100.0,hydroquebec.com,false,""
2022-12-24T07:00:00.000000,Canada,Québec,CA-QC,0.0,27.43,100.0,100.0,hydroquebec.com,false,""
2022-12-24T08:00:00.000000,Canada,Québec,CA-QC,0.0,27.3,100.0,100.0,hydroquebec.com,false,""
2022-12-24T09:00:00.000000,Canada,Québec,CA-QC,0.0,27.19,100.0,100.0,hydroquebec.com,false,""
2022-12-24T10:00:00.000000,Canada,Québec,CA-QC,0.0,27.3,100.0,100.0,hydroquebec.com,false,""
2022-12-24T11:00:00.000000,Canada,Québec,CA-QC,0.0,27.3,100.0,100.0,hydroquebec.com,false,""
2022-12-24T12:00:00.000000,Canada,Québec,CA-QC,0.28,27.38,99.92,99.36,hydroquebec.com,false,""
2022-12-24T13:00:00.000000,Canada,Québec,CA-QC,0.37,27.41,99.9,99.23,hydroquebec.com,false,""
2022-12-24T14:00:00.000000,Canada,Québec,CA-QC,0.99,27.98,99.73,98.66,hydroquebec.com,false,""
2022-12-24T15:00:00.000000,Canada,Québec,CA-QC,1.25,28.16,99.66,98.49,hydroquebec.com,false,""
2022-12-24T16:00:00.000000,Canada,Québec,CA-QC,1.47,28.41,99.6,98.42,hydroquebec.com,false,""
2022-12-24T17:00:00.000000,Canada,Québec,CA-QC,1.05,28.01,99.72,98.84,hydroquebec.com,false,""
2022-12-24T18:00:00.000000,Canada,Québec,CA-QC,1.38,28.31,99.63,98.42,hydroquebec.com,false,""
2022-12-24T19:00:00.000000,Canada,Québec,CA-QC,1.34,28.27,99.64,98.52,hydroquebec.com,false,""
2022-12-24T20:00:00.000000,Canada,Québec,CA-QC,1.56,28.56,99.58,98.35,hydroquebec.com,false,""
2022-12-24T21:00:00.000000,Canada,Québec,CA-QC,2.12,29.24,99.43,97.89,hydroquebec.com,false,""
2022-12-24T22:00:00.000000,Canada,Québec,CA-QC,2.26,29.44,99.39,97.92,hydroquebec.com,false,""
2022-12-24T23:00:00.000000,Canada,Québec,CA-QC,2.41,29.63,99.35,97.91,hydroquebec.com,false,""
2022-12-25T00:00:00.000000,Canada,Québec,CA-QC,2.51,29.72,99.32,97.79,hydroquebec.com,false,""
2022-12-25T01:00:00.000000,Canada,Québec,CA-QC,2.2,29.33,99.41,97.85,hydroquebec.com,false,""
2022-12-25T02:00:00.000000,Canada,Québec,CA-QC,2.41,29.6,99.35,97.75,hydroquebec.com,false,""
2022-12-25T03:00:00.000000,Canada,Québec,CA-QC,1.79,28.88,99.52,98.13,hydroquebec.com,false,""
2022-12-25T04:00:00.000000,Canada,Québec,CA-QC,1.48,28.55,99.6,98.34,hydroquebec.com,false,""
2022-12-25T05:00:00.000000,Canada,Québec,CA-QC,1.08,28.13,99.71,98.58,hydroquebec.com,false,""
2022-12-25T06:00:00.000000,Canada,Québec,CA-QC,0.93,27.95,99.75,98.49,hydroquebec.com,false,""
2022-12-25T07:00:00.000000,Canada,Québec,CA-QC,0.63,27.63,99.83,98.79,hydroquebec.com,false,""
2022-12-25T08:00:00.000000,Canada,Québec,CA-QC,0.3,27.2,99.92,98.97,hydroquebec.com,false,""
2022-12-25T09:00:00.000000,Canada,Québec,CA-QC,0.24,27.12,99.93,98.87,hydroquebec.com,false,""
2022-12-25T10:00:00.000000,Canada,Québec,CA-QC,0.27,27.16,99.93,98.97,hydroquebec.com,false,""
2022-12-25T11:00:00.000000,Canada,Québec,CA-QC,0.36,27.23,99.9,99.0,hydroquebec.com,false,""
2022-12-25T12:00:00.000000,Canada,Québec,CA-QC,0.71,27.54,99.81,98.64,hydroquebec.com,false,""
2022-12-25T13:00:00.000000,Canada,Québec,CA-QC,0.92,27.74,99.75,98.64,hydroquebec.com,false,""
2022-12-25T14:00:00.000000,Canada,Québec,CA-QC,0.98,27.74,99.74,98.57,hydroquebec.com,false,""
2022-12-25T15:00:00.000000,Canada,Québec,CA-QC,0.98,27.74,99.73,98.6,hydroquebec.com,false,""
2022-12-25T16:00:00.000000,Canada,Québec,CA-QC,0.96,27.7,99.74,98.62,hydroquebec.com,false,""
2022-12-25T17:00:00.000000,Canada,Québec,CA-QC,0.97,27.68,99.74,98.78,hydroquebec.com,false,""
2022-12-25T18:00:00.000000,Canada,Québec,CA-QC,0.7,27.35,99.81,99.03,hydroquebec.com,false,""
2022-12-25T19:00:00.000000,Canada,Québec,CA-QC,0.67,27.33,99.82,99.01,hydroquebec.com,false,""
2022-12-25T20:00:00.000000,Canada,Québec,CA-QC,1.04,27.68,99.72,98.46,hydroquebec.com,false,""
2022-12-25T21:00:00.000000,Canada,Québec,CA-QC,1.45,28.12,99.61,98.08,hydroquebec.com,false,""
2022-12-25T22:00:00.000000,Canada,Québec,CA-QC,1.8,28.52,99.51,97.97,hydroquebec.com,false,""
2022-12-25T23:00:00.000000,Canada,Québec,CA-QC,2.16,28.91,99.42,97.79,hydroquebec.com,false,""
2022-12-26T00:00:00.000000,Canada,Québec,CA-QC,1.84,28.5,99.5,97.81,hydroquebec.com,false,""
2022-12-26T01:00:00.000000,Canada,Québec,CA-QC,1.59,28.35,99.57,98.09,hydroquebec.com,false,""
2022-12-26T02:00:00.000000,Canada,Québec,CA-QC,1.4,28.22,99.62,98.09,hydroquebec.com,false,""
2022-12-26T03:00:00.000000,Canada,Québec,CA-QC,1.19,28.06,99.68,98.33,hydroquebec.com,false,""
2022-12-26T04:00:00.000000,Canada,Québec,CA-QC,1.21,28.05,99.67,98.14,hydroquebec.com,false,""
2022-12-26T05:00:00.000000,Canada,Québec,CA-QC,1.28,28.14,99.65,97.94,hydroquebec.com,false,""
2022-12-26T06:00:00.000000,Canada,Québec,CA-QC,1.45,28.39,99.61,97.56,hydroquebec.com,false,""
2022-12-26T07:00:00.000000,Canada,Québec,CA-QC,1.74,28.86,99.53,97.47,hydroquebec.com,false,""
2022-12-26T08:00:00.000000,Canada,Québec,CA-QC,1.83,28.96,99.51,97.39,hydroquebec.com,false,""
2022-12-26T09:00:00.000000,Canada,Québec,CA-QC,2.27,29.53,99.39,97.38,hydroquebec.com,false,""
2022-12-26T10:00:00.000000,Canada,Québec,CA-QC,2.63,29.86,99.29,97.21,hydroquebec.com,false,""
2022-12-26T11:00:00.000000,Canada,Québec,CA-QC,3.06,30.32,99.17,97.1,hydroquebec.com,false,""
2022-12-26T12:00:00.000000,Canada,Québec,CA-QC,3.36,30.66,99.09,97.12,hydroquebec.com,false,""
2022-12-26T13:00:00.000000,Canada,Québec,CA-QC,3.26,30.5,99.12,97.34,hydroquebec.com,false,""
2022-12-26T14:00:00.000000,Canada,Québec,CA-QC,2.51,29.63,99.32,98.05,hydroquebec.com,false,""
2022-12-26T15:00:00.000000,Canada,Québec,CA-QC,2.48,29.56,99.33,98.12,hydroquebec.com,false,""
2022-12-26T16:00:00.000000,Canada,Québec,CA-QC,2.01,28.99,99.46,98.5,hydroquebec.com,false,""
2022-12-26T17:00:00.000000,Canada,Québec,CA-QC,1.93,28.9,99.48,98.47,hydroquebec.com,false,""
2022-12-26T18:00:00.000000,Canada,Québec,CA-QC,2.01,29.03,99.46,98.41,hydroquebec.com,false,""
2022-12-26T19:00:00.000000,Canada,Québec,CA-QC,2.42,29.56,99.35,98.09,hydroquebec.com,false,""
2022-12-26T20:00:00.000000,Canada,Québec,CA-QC,2.84,30.1,99.23,97.72,hydroquebec.com,false,""
2022-12-26T21:00:00.000000,Canada,Québec,CA-QC,3.95,31.39,98.96,97.16,hydroquebec.com,false,""
2022-12-26T22:00:00.000000,Canada,Québec,CA-QC,3.82,31.26,98.98,97.16,hydroquebec.com,false,""
2022-12-26T23:00:00.000000,Canada,Québec,CA-QC,4.26,31.84,98.89,97.14,hydroquebec.com,false,""
2022-12-27T00:00:00.000000,Canada,Québec,CA-QC,4.55,32.24,98.81,97.01,hydroquebec.com,false,""
2022-12-27T01:00:00.000000,Canada,Québec,CA-QC,4.7,32.52,98.77,96.9,hydroquebec.com,false,""
2022-12-27T02:00:00.000000,Canada,Québec,CA-QC,5.02,33.0,98.7,96.84,hydroquebec.com,false,""
2022-12-27T03:00:00.000000,Canada,Québec,CA-QC,4.21,32.04,98.86,96.94,hydroquebec.com,false,""
2022-12-27T04:00:00.000000,Canada,Québec,CA-QC,4.0,31.86,98.92,96.93,hydroquebec.com,false,""
2022-12-27T05:00:00.000000,Canada,Québec,CA-QC,3.65,31.5,99.01,96.98,hydroquebec.com,false,""
2022-12-27T06:00:00.000000,Canada,Québec,CA-QC,3.32,31.13,99.1,96.99,hydroquebec.com,false,""
2022-12-27T07:00:00.000000,Canada,Québec,CA-QC,2.94,30.7,99.2,97.03,hydroquebec.com,false,""
2022-12-27T08:00:00.000000,Canada,Québec,CA-QC,2.57,30.35,99.31,97.37,hydroquebec.com,false,""
2022-12-27T09:00:00.000000,Canada,Québec,CA-QC,2.96,30.79,99.2,96.95,hydroquebec.com,false,""
2022-12-27T10:00:00.000000,Canada,Québec,CA-QC,3.11,30.94,99.16,96.89,hydroquebec.com,false,""
2022-12-27T11:00:00.000000,Canada,Québec,CA-QC,3.26,31.07,99.12,96.95,hydroquebec.com,false,""
2022-12-27T12:00:00.000000,Canada,Québec,CA-QC,3.38,31.18,99.09,97.06,hydroquebec.com,false,""
2022-12-27T13:00:00.000000,Canada,Québec,CA-QC,3.52,31.28,99.07,97.15,hydroquebec.com,false,""
2022-12-27T14:00:00.000000,Canada,Québec,CA-QC,2.3,29.86,99.38,98.05,hydroquebec.com,false,""
2022-12-27T15:00:00.000000,Canada,Québec,CA-QC,1.92,29.43,99.48,98.48,hydroquebec.com,false,""
2022-12-27T16:00:00.000000,Canada,Québec,CA-QC,1.15,28.57,99.69,99.13,hydroquebec.com,false,""
2022-12-27T17:00:00.000000,Canada,Québec,CA-QC,0.03,27.37,99.99,99.98,hydroquebec.com,false,""
2022-12-27T18:00:00.000000,Canada,Québec,CA-QC,0.0,27.43,100.0,100.0,hydroquebec.com,false,""
2022-12-27T19:00:00.000000,Canada,Québec,CA-QC,0.9,28.41,99.76,99.15,hydroquebec.com,false,""
2022-12-27T20:00:00.000000,Canada,Québec,CA-QC,1.62,29.2,99.56,98.44,hydroquebec.com,false,""
2022-12-27T21:00:00.000000,Canada,Québec,CA-QC,1.55,29.02,99.58,98.49,hydroquebec.com,false,""
2022-12-27T22:00:00.000000,Canada,Québec,CA-QC,1.34,28.55,99.64,98.68,hydroquebec.com,false,""
2022-12-27T23:00:00.000000,Canada,Québec,CA-QC,2.4,29.63,99.35,97.78,hydroquebec.com,false,""
2022-12-28T00:00:00.000000,Canada,Québec,CA-QC,1.16,28.33,99.69,98.97,hydroquebec.com,false,""
2022-12-28T01:00:00.000000,Canada,Québec,CA-QC,1.99,29.21,99.46,98.1,hydroquebec.com,false,""
2022-12-28T02:00:00.000000,Canada,Québec,CA-QC,2.47,29.81,99.33,97.7,hydroquebec.com,false,""
2022-12-28T03:00:00.000000,Canada,Québec,CA-QC,1.75,29.06,99.53,98.41,hydroquebec.com,false,""
2022-12-28T04:00:00.000000,Canada,Québec,CA-QC,0.69,27.93,99.81,99.18,hydroquebec.com,false,""
2022-12-28T05:00:00.000000,Canada,Québec,CA-QC,0.02,27.39,99.99,99.96,hydroquebec.com,false,""
2022-12-28T06:00:00.000000,Canada,Québec,CA-QC,0.09,27.52,99.98,99.63,hydroquebec.com,false,""
2022-12-28T07:00:00.000000,Canada,Québec,CA-QC,0.04,27.54,99.99,99.55,hydroquebec.com,false,""
2022-12-28T08:00:00.000000,Canada,Québec,CA-QC,0.06,27.43,99.98,98.89,hydroquebec.com,false,""
2022-12-28T09:00:00.000000,Canada,Québec,CA-QC,0.1,27.5,99.97,98.8,hydroquebec.com,false,""
2022-12-28T10:00:00.000000,Canada,Québec,CA-QC,0.06,27.64,99.98,99.66,hydroquebec.com,false,""
2022-12-28T11:00:00.000000,Canada,Québec,CA-QC,0.11,27.56,99.97,99.63,hydroquebec.com,false,""
2022-12-28T12:00:00.000000,Canada,Québec,CA-QC,0.4,27.72,99.89,99.11,hydroquebec.com,false,""
2022-12-28T13:00:00.000000,Canada,Québec,CA-QC,0.36,27.71,99.9,99.35,hydroquebec.com,false,""
2022-12-28T14:00:00.000000,Canada,Québec,CA-QC,0.07,27.47,99.98,99.88,hydroquebec.com,false,""
2022-12-28T15:00:00.000000,Canada,Québec,CA-QC,0.68,28.06,99.82,98.85,hydroquebec.com,false,""
2022-12-28T16:00:00.000000,Canada,Québec,CA-QC,0.64,28.16,99.83,98.96,hydroquebec.com,false,""
2022-12-28T17:00:00.000000,Canada,Québec,CA-QC,0.67,28.22,99.82,99.0,hydroquebec.com,false,""
2022-12-28T18:00:00.000000,Canada,Québec,CA-QC,0.02,27.67,99.99,99.97,hydroquebec.com,false,""
2022-12-28T19:00:00.000000,Canada,Québec,CA-QC,0.37,28.01,99.9,99.33,hydroquebec.com,false,""
2022-12-28T20:00:00.000000,Canada,Québec,CA-QC,0.18,27.92,99.95,99.72,hydroquebec.com,false,""
2022-12-28T21:00:00.000000,Canada,Québec,CA-QC,0.23,27.94,99.94,99.67,hydroquebec.com,false,""
2022-12-28T22:00:00.000000,Canada,Québec,CA-QC,0.37,28.01,99.9,99.42,hydroquebec.com,false,""
2022-12-28T23:00:00.000000,Canada,Québec,CA-QC,0.39,28.04,99.89,99.33,hydroquebec.com,false,""
2022-12-29T00:00:00.000000,Canada,Québec,CA-QC,0.52,28.22,99.86,99.08,hydroquebec.com,false,""
2022-12-29T01:00:00.000000,Canada,Québec,CA-QC,0.57,28.37,99.85,98.99,hydroquebec.com,false,""
2022-12-29T02:00:00.000000,Canada,Québec,CA-QC,0.4,28.32,99.89,99.15,hydroquebec.com,false,""
2022-12-29T03:00:00.000000,Canada,Québec,CA-QC,0.36,28.34,99.9,99.0,hydroquebec.com,false,""
2022-12-29T04:00:00.000000,Canada,Québec,CA-QC,0.22,28.1,99.94,98.5,hydroquebec.com,false,""
2022-12-29T05:00:00.000000,Canada,Québec,CA-QC,0.2,28.01,99.95,97.94,hydroquebec.com,false,""
2022-12-29T06:00:00.000000,Canada,Québec,CA-QC,0.11,27.9,99.97,97.66,hydroquebec.com,false,""
2022-12-29T07:00:00.000000,Canada,Québec,CA-QC,0.12,27.88,99.97,97.47,hydroquebec.com,false,""
2022-12-29T08:00:00.000000,Canada,Québec,CA-QC,0.12,27.88,99.97,97.45,hydroquebec.com,false,""
2022-12-29T09:00:00.000000,Canada,Québec,CA-QC,0.12,27.86,99.97,97.39,hydroquebec.com,false,""
2022-12-29T10:00:00.000000,Canada,Québec,CA-QC,0.21,27.92,99.94,97.44,hydroquebec.com,false,""
2022-12-29T11:00:00.000000,Canada,Québec,CA-QC,0.27,28.02,99.93,98.06,hydroquebec.com,false,""
2022-12-29T12:00:00.000000,Canada,Québec,CA-QC,0.29,27.95,99.92,98.45,hydroquebec.com,false,""
2022-12-29T13:00:00.000000,Canada,Québec,CA-QC,0.24,27.81,99.94,98.74,hydroquebec.com,false,""
2022-12-29T14:00:00.000000,Canada,Québec,CA-QC,0.17,27.77,99.95,99.11,hydroquebec.com,false,""
2022-12-29T15:00:00.000000,Canada,Québec,CA-QC,0.29,27.76,99.92,98.56,hydroquebec.com,false,""
2022-12-29T16:00:00.000000,Canada,Québec,CA-QC,0.2,27.74,99.95,99.03,hydroquebec.com,false,""
2022-12-29T17:00:00.000000,Canada,Québec,CA-QC,0.28,27.81,99.92,98.72,hydroquebec.com,false,""
2022-12-29T18:00:00.000000,Canada,Québec,CA-QC,0.19,27.84,99.95,98.61,hydroquebec.com,false,""
2022-12-29T19:00:00.000000,Canada,Québec,CA-QC,0.24,28.15,99.94,99.12,hydroquebec.com,false,""
2022-12-29T20:00:00.000000,Canada,Québec,CA-QC,0.32,28.16,99.91,99.06,hydroquebec.com,false,""
2022-12-29T21:00:00.000000,Canada,Québec,CA-QC,0.38,28.04,99.9,99.03,hydroquebec.com,false,""
2022-12-29T22:00:00.000000,Canada,Québec,CA-QC,0.38,27.85,99.9,99.05,hydroquebec.com,false,""
2022-12-29T23:00:00.000000,Canada,Québec,CA-QC,0.38,27.81,99.9,99.06,hydroquebec.com,false,""
2022-12-30T00:00:00.000000,Canada,Québec,CA-QC,0.39,27.84,99.89,99.01,hydroquebec.com,false,""
2022-12-30T01:00:00.000000,Canada,Québec,CA-QC,0.26,27.71,99.93,99.01,hydroquebec.com,false,""
2022-12-30T02:00:00.000000,Canada,Québec,CA-QC,0.21,27.71,99.94,98.99,hydroquebec.com,false,""
2022-12-30T03:00:00.000000,Canada,Québec,CA-QC,0.12,27.64,99.97,98.82,hydroquebec.com,false,""
2022-12-30T04:00:00.000000,Canada,Québec,CA-QC,0.09,27.6,99.98,98.08,hydroquebec.com,false,""
2022-12-30T05:00:00.000000,Canada,Québec,CA-QC,0.13,27.62,99.97,97.28,hydroquebec.com,false,""
2022-12-30T06:00:00.000000,Canada,Québec,CA-QC,0.13,27.69,99.96,97.2,hydroquebec.com,false,""
2022-12-30T07:00:00.000000,Canada,Québec,CA-QC,0.13,27.78,99.96,97.14,hydroquebec.com,false,""
2022-12-30T08:00:00.000000,Canada,Québec,CA-QC,0.14,27.81,99.96,97.03,hydroquebec.com,false,""
2022-12-30T09:00:00.000000,Canada,Québec,CA-QC,0.14,27.79,99.96,97.1,hydroquebec.com,false,""
2022-12-30T10:00:00.000000,Canada,Québec,CA-QC,0.13,27.72,99.96,97.16,hydroquebec.com,false,""
2022-12-30T11:00:00.000000,Canada,Québec,CA-QC,0.12,27.65,99.97,97.37,hydroquebec.com,false,""
2022-12-30T12:00:00.000000,Canada,Québec,CA-QC,0.09,27.67,99.98,98.07,hydroquebec.com,false,""
2022-12-30T13:00:00.000000,Canada,Québec,CA-QC,0.05,27.77,99.99,99.0,hydroquebec.com,false,""
2022-12-30T14:00:00.000000,Canada,Québec,CA-QC,0.05,27.7,99.99,99.05,hydroquebec.com,false,""
2022-12-30T15:00:00.000000,Canada,Québec,CA-QC,0.06,27.57,99.98,98.82,hydroquebec.com,false,""
2022-12-30T16:00:00.000000,Canada,Québec,CA-QC,0.11,27.4,99.97,98.29,hydroquebec.com,false,""
2022-12-30T17:00:00.000000,Canada,Québec,CA-QC,0.13,27.48,99.96,98.5,hydroquebec.com,false,""
2022-12-30T18:00:00.000000,Canada,Québec,CA-QC,0.19,27.44,99.95,98.48,hydroquebec.com,false,""
2022-12-30T19:00:00.000000,Canada,Québec,CA-QC,0.39,27.47,99.89,98.05,hydroquebec.com,false,""
2022-12-30T20:00:00.000000,Canada,Québec,CA-QC,0.64,27.68,99.83,97.99,hydroquebec.com,false,""
2022-12-30T21:00:00.000000,Canada,Québec,CA-QC,0.42,27.57,99.89,98.95,hydroquebec.com,false,""
2022-12-30T22:00:00.000000,Canada,Québec,CA-QC,0.48,27.54,99.87,98.93,hydroquebec.com,false,""
2022-12-30T23:00:00.000000,Canada,Québec,CA-QC,0.48,27.46,99.87,98.94,hydroquebec.com,false,""
2022-12-31T00:00:00.000000,Canada,Québec,CA-QC,0.48,27.39,99.87,98.9,hydroquebec.com,false,""
2022-12-31T01:00:00.000000,Canada,Québec,CA-QC,0.5,27.48,99.87,98.87,hydroquebec.com,false,""
2022-12-31T02:00:00.000000,Canada,Québec,CA-QC,0.5,27.69,99.87,98.8,hydroquebec.com,false,""
2022-12-31T03:00:00.000000,Canada,Québec,CA-QC,0.41,27.71,99.89,98.75,hydroquebec.com,false,""
2022-12-31T04:00:00.000000,Canada,Québec,CA-QC,0.36,27.79,99.9,98.7,hydroquebec.com,false,""
2022-12-31T05:00:00.000000,Canada,Québec,CA-QC,0.23,27.84,99.94,98.59,hydroquebec.com,false,""
2022-12-31T06:00:00.000000,Canada,Québec,CA-QC,0.07,27.74,99.98,98.53,hydroquebec.com,false,""
2022-12-31T07:00:00.000000,Canada,Québec,CA-QC,0.02,27.49,99.99,99.56,hydroquebec.com,false,""
2022-12-31T08:00:00.000000,Canada,Québec,CA-QC,0.03,27.2,99.99,99.51,hydroquebec.com,false,""
2022-12-31T09:00:00.000000,Canada,Québec,CA-QC,0.06,27.14,99.98,99.05,hydroquebec.com,false,""
2022-12-31T10:00:00.000000,Canada,Québec,CA-QC,0.05,26.99,99.99,99.04,hydroquebec.com,false,""
2022-12-31T11:00:00.000000,Canada,Québec,CA-QC,0.04,27.02,99.99,99.14,hydroquebec.com,false,""
2022-12-31T12:00:00.000000,Canada,Québec,CA-QC,0.07,27.13,99.98,99.23,hydroquebec.com,false,""
2022-12-31T13:00:00.000000,Canada,Québec,CA-QC,0.11,27.23,99.97,99.25,hydroquebec.com,false,""
2022-12-31T14:00:00.000000,Canada,Québec,CA-QC,0.11,27.34,99.97,99.64,hydroquebec.com,false,""
2022-12-31T15:00:00.000000,Canada,Québec,CA-QC,0.1,27.36,99.97,99.74,hydroquebec.com,false,""
2022-12-31T16:00:00.000000,Canada,Québec,CA-QC,0.1,27.44,99.97,99.74,hydroquebec.com,false,""
2022-12-31T17:00:00.000000,Canada,Québec,CA-QC,0.08,27.52,99.98,99.81,hydroquebec.com,false,""
2022-12-31T18:00:00.000000,Canada,Québec,CA-QC,0.12,27.63,99.97,99.76,hydroquebec.com,false,""
2022-12-31T19:00:00.000000,Canada,Québec,CA-QC,0.12,27.72,99.97,99.7,hydroquebec.com,false,""
2022-12-31T20:00:00.000000,Canada,Québec,CA-QC,0.3,27.92,99.92,99.37,hydroquebec.com,false,""
2022-12-31T21:00:00.000000,Canada,Québec,CA-QC,0.13,27.71,99.97,99.73,hydroquebec.com,false,""
2022-12-31T22:00:00.000000,Canada,Québec,CA-QC,0.12,27.63,99.97,99.77,hydroquebec.com,false,""
2022-12-31T23:00:00.000000,Canada,Québec,CA-QC,0.4,27.93,99.89,99.22,hydroquebec.com,false,""
